frame_index,timestamp_s,tracker_x,tracker_y,tracker_w,tracker_h,final_x,final_y,final_w,final_h,control_x,control_y,control_w,control_h,control_source,det_x,det_y,det_w,det_h,tracker_score,det_conf,det_count,best_detector_iou,best_center_distance_ratio,best_area_ratio,state,track_time_s,detect_time_s,init_time_s,fps,is_low_score,is_very_low_score,is_out_of_frame,center_delta_px,center_delta_ratio,area_ratio,is_large_jump,is_large_area_change,consecutive_suspicious,ambiguous_detection,soft_reinitializations,hard_reinitializations,background_lock_events,identity_state,identity_score,identity_face_found,identity_candidate_index,identity_target_ready,recognition_time_s,identity_reinit_blocks
0,1.454342994999024,nan,nan,nan,nan,144.0,189.0,388.0,291.0,144.0,189.0,388.0,291.0,detector,144.0,189.0,388.0,291.0,,0.792596,1,nan,nan,nan,DETECTED_INITIALIZING,0.0,0.6248568730006809,0.0,0.6875949685999337,0,0,0,0.0,0.0,1.0,0,0,0,0,0,0,0,DISABLED,nan,0,-1,0,0.0,0
1,1.6439706169985584,nan,nan,nan,nan,nan,nan,nan,nan,144.0,189.0,388.0,291.0,held,nan,nan,nan,nan,,nan,0,nan,nan,nan,INITIALIZING,0.0,0.0,0.0,5.2734933310636345,0,0,0,0.0,0.0,1.0,0,0,0,0,0,0,0,DISABLED,nan,0,-1,0,0.0,0
2,1.711290535000444,nan,nan,nan,nan,nan,nan,nan,nan,144.0,189.0,388.0,291.0,held,nan,nan,nan,nan,,nan,0,nan,nan,nan,INITIALIZING,0.0,0.0,0.0,14.854444712365686,0,0,0,0.0,0.0,1.0,0,0,0,0,0,0,0,DISABLED,nan,0,-1,0,0.0,0
3,1.744689446000848,nan,nan,nan,nan,nan,nan,nan,nan,144.0,189.0,388.0,291.0,held,nan,nan,nan,nan,,nan,0,nan,nan,nan,INITIALIZING,0.0,0.0,0.0,29.9410959832763,0,0,0,0.0,0.0,1.0,0,0,0,0,0,0,0,DISABLED,nan,0,-1,0,0.0,0
4,4.411590101000911,nan,nan,nan,nan,nan,nan,nan,nan,144.0,189.0,388.0,291.0,held,nan,nan,nan,nan,,nan,0,nan,nan,nan,INITIALIZING,0.0,0.0,0.0,0.37496709827759833,0,0,0,0.0,0.0,1.0,0,0,0,0,0,0,0,DISABLED,nan,0,-1,0,0.0,0
5,4.432192441003281,nan,nan,nan,nan,nan,nan,nan,nan,144.0,189.0,388.0,291.0,held,nan,nan,nan,nan,,nan,0,nan,nan,nan,INITIALIZING,0.0,0.0,0.0,48.53817575503481,0,0,0,0.0,0.0,1.0,0,0,0,0,0,0,0,DISABLED,nan,0,-1,0,0.0,0
6,4.441752628001268,nan,nan,nan,nan,nan,nan,nan,nan,144.0,189.0,388.0,291.0,held,nan,nan,nan,nan,,nan,0,nan,nan,nan,INITIALIZING,0.0,0.0,0.0,104.600464427163,0,0,0,0.0,0.0,1.0,0,0,0,0,0,0,0,DISABLED,nan,0,-1,0,0.0,0
7,4.515850424999371,nan,nan,nan,nan,nan,nan,nan,nan,144.0,189.0,388.0,291.0,held,nan,nan,nan,nan,,nan,0,nan,nan,nan,INITIALIZING,0.0,0.0,0.0,13.495677881295165,0,0,0,0.0,0.0,1.0,0,0,0,0,0,0,0,DISABLED,nan,0,-1,0,0.0,0
8,4.548477076998097,nan,nan,nan,nan,nan,nan,nan,nan,144.0,189.0,388.0,291.0,held,nan,nan,nan,nan,,nan,0,nan,nan,nan,INITIALIZING,0.0,0.0,0.0,30.649789014179465,0,0,0,0.0,0.0,1.0,0,0,0,0,0,0,0,DISABLED,nan,0,-1,0,0.0,0
9,4.608460144001583,nan,nan,nan,nan,nan,nan,nan,nan,144.0,189.0,388.0,291.0,held,nan,nan,nan,nan,,nan,0,nan,nan,nan,INITIALIZING,0.0,0.0,0.0,16.67137160462102,0,0,0,0.0,0.0,1.0,0,0,0,0,0,0,0,DISABLED,nan,0,-1,0,0.0,0
10,4.66482364100375,nan,nan,nan,nan,nan,nan,nan,nan,144.0,189.0,388.0,291.0,held,nan,nan,nan,nan,,nan,0,nan,nan,nan,INITIALIZING,0.0,0.0,0.0,17.741979351663694,0,0,0,0.0,0.0,1.0,0,0,0,0,0,0,0,DISABLED,nan,0,-1,0,0.0,0
11,4.726830874002189,nan,nan,nan,nan,nan,nan,nan,nan,144.0,189.0,388.0,291.0,held,nan,nan,nan,nan,,nan,0,nan,nan,nan,INITIALIZING,0.0,0.0,0.0,16.12715084424369,0,0,0,0.0,0.0,1.0,0,0,0,0,0,0,0,DISABLED,nan,0,-1,0,0.0,0
12,4.784339504003583,nan,nan,nan,nan,nan,nan,nan,nan,144.0,189.0,388.0,291.0,held,nan,nan,nan,nan,,nan,0,nan,nan,nan,INITIALIZING,0.0,0.0,0.0,17.388694531164575,0,0,0,0.0,0.0,1.0,0,0,0,0,0,0,0,DISABLED,nan,0,-1,0,0.0,0
13,4.841575418999128,nan,nan,nan,nan,nan,nan,nan,nan,144.0,189.0,388.0,291.0,held,nan,nan,nan,nan,,nan,0,nan,nan,nan,INITIALIZING,0.0,0.0,0.0,17.47154736807899,0,0,0,0.0,0.0,1.0,0,0,0,0,0,0,0,DISABLED,nan,0,-1,0,0.0,0
14,4.901468016003491,nan,nan,nan,nan,nan,nan,nan,nan,144.0,189.0,388.0,291.0,held,nan,nan,nan,nan,,nan,0,nan,nan,nan,INITIALIZING,0.0,0.0,0.0,16.696554332535285,0,0,0,0.0,0.0,1.0,0,0,0,0,0,0,0,DISABLED,nan,0,-1,0,0.0,0
15,4.957298166002147,nan,nan,nan,nan,nan,nan,nan,nan,144.0,189.0,388.0,291.0,held,nan,nan,nan,nan,,nan,0,nan,nan,nan,INITIALIZING,0.0,0.0,0.0,17.911468982692707,0,0,0,0.0,0.0,1.0,0,0,0,0,0,0,0,DISABLED,nan,0,-1,0,0.0,0
16,5.01614240300114,nan,nan,nan,nan,nan,nan,nan,nan,144.0,189.0,388.0,291.0,held,nan,nan,nan,nan,,nan,0,nan,nan,nan,INITIALIZING,0.0,0.0,0.0,16.994017613264415,0,0,0,0.0,0.0,1.0,0,0,0,0,0,0,0,DISABLED,nan,0,-1,0,0.0,0
17,5.072948464003275,nan,nan,nan,nan,nan,nan,nan,nan,144.0,189.0,388.0,291.0,held,nan,nan,nan,nan,,nan,0,nan,nan,nan,INITIALIZING,0.0,0.0,0.0,17.60375534509283,0,0,0,0.0,0.0,1.0,0,0,0,0,0,0,0,DISABLED,nan,0,-1,0,0.0,0
18,5.132937833004689,nan,nan,nan,nan,nan,nan,nan,nan,144.0,189.0,388.0,291.0,held,nan,nan,nan,nan,,nan,0,nan,nan,nan,INITIALIZING,0.0,0.0,0.0,16.669620245154213,0,0,0,0.0,0.0,1.0,0,0,0,0,0,0,0,DISABLED,nan,0,-1,0,0.0,0
19,5.192196351003076,nan,nan,nan,nan,nan,nan,nan,nan,144.0,189.0,388.0,291.0,held,nan,nan,nan,nan,,nan,0,nan,nan,nan,INITIALIZING,0.0,0.0,0.0,16.875211088256002,0,0,0,0.0,0.0,1.0,0,0,0,0,0,0,0,DISABLED,nan,0,-1,0,0.0,0
20,5.24820374599949,nan,nan,nan,nan,nan,nan,nan,nan,144.0,189.0,388.0,291.0,held,nan,nan,nan,nan,,nan,0,nan,nan,nan,INITIALIZING,0.0,0.0,0.0,17.854785070150758,0,0,0,0.0,0.0,1.0,0,0,0,0,0,0,0,DISABLED,nan,0,-1,0,0.0,0
21,5.309475856003701,nan,nan,nan,nan,nan,nan,nan,nan,144.0,189.0,388.0,291.0,held,nan,nan,nan,nan,,nan,0,nan,nan,nan,INITIALIZING,0.0,0.0,0.0,16.32063919344831,0,0,0,0.0,0.0,1.0,0,0,0,0,0,0,0,DISABLED,nan,0,-1,0,0.0,0
22,5.365596222000022,nan,nan,nan,nan,nan,nan,nan,nan,144.0,189.0,388.0,291.0,held,nan,nan,nan,nan,,nan,0,nan,nan,nan,INITIALIZING,0.0,0.0,0.0,17.818843164093977,0,0,0,0.0,0.0,1.0,0,0,0,0,0,0,0,DISABLED,nan,0,-1,0,0.0,0
23,5.425008910999168,nan,nan,nan,nan,nan,nan,nan,nan,144.0,189.0,388.0,291.0,held,nan,nan,nan,nan,,nan,0,nan,nan,nan,INITIALIZING,0.0,0.0,0.0,16.83142131497159,0,0,0,0.0,0.0,1.0,0,0,0,0,0,0,0,DISABLED,nan,0,-1,0,0.0,0
24,5.487152136003715,nan,nan,nan,nan,nan,nan,nan,nan,144.0,189.0,388.0,291.0,held,nan,nan,nan,nan,,nan,0,nan,nan,nan,INITIALIZING,0.0,0.0,0.0,16.091858765405657,0,0,0,0.0,0.0,1.0,0,0,0,0,0,0,0,DISABLED,nan,0,-1,0,0.0,0
25,5.633427264998318,nan,nan,nan,nan,nan,nan,nan,nan,144.0,189.0,388.0,291.0,held,nan,nan,nan,nan,,nan,0,nan,nan,nan,INITIALIZING,0.0,0.0,0.0,6.83643218688871,0,0,0,0.0,0.0,1.0,0,0,0,0,0,0,0,DISABLED,nan,0,-1,0,0.0,0
26,5.644678119999298,nan,nan,nan,nan,nan,nan,nan,nan,144.0,189.0,388.0,291.0,held,nan,nan,nan,nan,,nan,0,nan,nan,nan,INITIALIZING,0.0,0.0,0.0,88.88213383896925,0,0,0,0.0,0.0,1.0,0,0,0,0,0,0,0,DISABLED,nan,0,-1,0,0.0,0
27,5.656419456005096,nan,nan,nan,nan,nan,nan,nan,nan,144.0,189.0,388.0,291.0,held,nan,nan,nan,nan,,nan,0,nan,nan,nan,INITIALIZING,0.0,0.0,0.0,85.16918343075973,0,0,0,0.0,0.0,1.0,0,0,0,0,0,0,0,DISABLED,nan,0,-1,0,0.0,0
28,5.716862690998823,nan,nan,nan,nan,nan,nan,nan,nan,144.0,189.0,388.0,291.0,held,nan,nan,nan,nan,,nan,0,nan,nan,nan,INITIALIZING,0.0,0.0,0.0,16.544448689812587,0,0,0,0.0,0.0,1.0,0,0,0,0,0,0,0,DISABLED,nan,0,-1,0,0.0,0
29,6.435861875004775,nan,nan,nan,nan,nan,nan,nan,nan,144.0,189.0,388.0,291.0,held,nan,nan,nan,nan,,nan,0,nan,nan,nan,INITIALIZING,0.0,0.0,0.0,1.3908221625905515,0,0,0,0.0,0.0,1.0,0,0,0,0,0,0,0,DISABLED,nan,0,-1,0,0.0,0
30,6.933985102004954,nan,nan,nan,nan,nan,nan,nan,nan,144.0,189.0,388.0,291.0,held,nan,nan,nan,nan,,nan,0,nan,nan,nan,INITIALIZING,0.0,0.0,0.0,2.007535376381158,0,0,0,0.0,0.0,1.0,0,0,0,0,0,0,0,DISABLED,nan,0,-1,0,0.0,0
31,6.945459973001562,nan,nan,nan,nan,nan,nan,nan,nan,144.0,189.0,388.0,291.0,held,nan,nan,nan,nan,,nan,0,nan,nan,nan,INITIALIZING,0.0,0.0,0.0,87.14694921586555,0,0,0,0.0,0.0,1.0,0,0,0,0,0,0,0,DISABLED,nan,0,-1,0,0.0,0
32,7.0010727740009315,nan,nan,nan,nan,nan,nan,nan,nan,144.0,189.0,388.0,291.0,held,nan,nan,nan,nan,,nan,0,nan,nan,nan,INITIALIZING,0.0,0.0,0.0,17.981471568233534,0,0,0,0.0,0.0,1.0,0,0,0,0,0,0,0,DISABLED,nan,0,-1,0,0.0,0
33,7.06091823400493,nan,nan,nan,nan,nan,nan,nan,nan,144.0,189.0,388.0,291.0,held,nan,nan,nan,nan,,nan,0,nan,nan,nan,INITIALIZING,0.0,0.0,0.0,16.709705296495084,0,0,0,0.0,0.0,1.0,0,0,0,0,0,0,0,DISABLED,nan,0,-1,0,0.0,0
34,7.11699859899818,nan,nan,nan,nan,nan,nan,nan,nan,144.0,189.0,388.0,291.0,held,nan,nan,nan,nan,,nan,0,nan,nan,nan,INITIALIZING,0.0,0.0,0.0,17.831552988650685,0,0,0,0.0,0.0,1.0,0,0,0,0,0,0,0,DISABLED,nan,0,-1,0,0.0,0
35,7.17815294599859,nan,nan,nan,nan,nan,nan,nan,nan,144.0,189.0,388.0,291.0,held,nan,nan,nan,nan,,nan,0,nan,nan,nan,INITIALIZING,0.0,0.0,0.0,16.35206733534875,0,0,0,0.0,0.0,1.0,0,0,0,0,0,0,0,DISABLED,nan,0,-1,0,0.0,0
36,7.503783043001022,nan,nan,nan,nan,nan,nan,nan,nan,144.0,189.0,388.0,291.0,held,nan,nan,nan,nan,,nan,0,nan,nan,nan,INITIALIZING,0.0,0.0,0.0,3.070969204644906,0,0,0,0.0,0.0,1.0,0,0,0,0,0,0,0,DISABLED,nan,0,-1,0,0.0,0
37,7.51512879600341,nan,nan,nan,nan,nan,nan,nan,nan,144.0,189.0,388.0,291.0,held,nan,nan,nan,nan,,nan,0,nan,nan,nan,INITIALIZING,0.0,0.0,0.0,88.1387070377374,0,0,0,0.0,0.0,1.0,0,0,0,0,0,0,0,DISABLED,nan,0,-1,0,0.0,0
38,7.528359700998408,nan,nan,nan,nan,nan,nan,nan,nan,144.0,189.0,388.0,291.0,held,nan,nan,nan,nan,,nan,0,nan,nan,nan,INITIALIZING,0.0,0.0,0.0,75.58061979721302,0,0,0,0.0,0.0,1.0,0,0,0,0,0,0,0,DISABLED,nan,0,-1,0,0.0,0
39,7.585236545004591,nan,nan,nan,nan,nan,nan,nan,nan,144.0,189.0,388.0,291.0,held,nan,nan,nan,nan,,nan,0,nan,nan,nan,INITIALIZING,0.0,0.0,0.0,17.581847542231596,0,0,0,0.0,0.0,1.0,0,0,0,0,0,0,0,DISABLED,nan,0,-1,0,0.0,0
40,7.644830488003208,nan,nan,nan,nan,nan,nan,nan,nan,144.0,189.0,388.0,291.0,held,nan,nan,nan,nan,,nan,0,nan,nan,nan,INITIALIZING,0.0,0.0,0.0,16.780228823308434,0,0,0,0.0,0.0,1.0,0,0,0,0,0,0,0,DISABLED,nan,0,-1,0,0.0,0
41,7.701288935000775,nan,nan,nan,nan,nan,nan,nan,nan,144.0,189.0,388.0,291.0,held,nan,nan,nan,nan,,nan,0,nan,nan,nan,INITIALIZING,0.0,0.0,0.0,17.71214146296111,0,0,0,0.0,0.0,1.0,0,0,0,0,0,0,0,DISABLED,nan,0,-1,0,0.0,0
42,7.761028143002477,nan,nan,nan,nan,nan,nan,nan,nan,144.0,189.0,388.0,291.0,held,nan,nan,nan,nan,,nan,0,nan,nan,nan,INITIALIZING,0.0,0.0,0.0,16.739425135524325,0,0,0,0.0,0.0,1.0,0,0,0,0,0,0,0,DISABLED,nan,0,-1,0,0.0,0
43,7.820945010003925,nan,nan,nan,nan,nan,nan,nan,nan,144.0,189.0,388.0,291.0,held,nan,nan,nan,nan,,nan,0,nan,nan,nan,INITIALIZING,0.0,0.0,0.0,16.68979120647006,0,0,0,0.0,0.0,1.0,0,0,0,0,0,0,0,DISABLED,nan,0,-1,0,0.0,0
44,7.877221006005129,nan,nan,nan,nan,nan,nan,nan,nan,144.0,189.0,388.0,291.0,held,nan,nan,nan,nan,,nan,0,nan,nan,nan,INITIALIZING,0.0,0.0,0.0,17.76956555293303,0,0,0,0.0,0.0,1.0,0,0,0,0,0,0,0,DISABLED,nan,0,-1,0,0.0,0
45,7.936539524998807,nan,nan,nan,nan,nan,nan,nan,nan,144.0,189.0,388.0,291.0,held,nan,nan,nan,nan,,nan,0,nan,nan,nan,INITIALIZING,0.0,0.0,0.0,16.858141723103106,0,0,0,0.0,0.0,1.0,0,0,0,0,0,0,0,DISABLED,nan,0,-1,0,0.0,0
46,7.993455380004889,nan,nan,nan,nan,nan,nan,nan,nan,144.0,189.0,388.0,291.0,held,nan,nan,nan,nan,,nan,0,nan,nan,nan,INITIALIZING,0.0,0.0,0.0,17.56979667428594,0,0,0,0.0,0.0,1.0,0,0,0,0,0,0,0,DISABLED,nan,0,-1,0,0.0,0
47,8.063171817004331,nan,nan,nan,nan,nan,nan,nan,nan,144.0,189.0,388.0,291.0,held,nan,nan,nan,nan,,nan,0,nan,nan,nan,INITIALIZING,0.0,0.0,0.0,14.3438196649091,0,0,0,0.0,0.0,1.0,0,0,0,0,0,0,0,DISABLED,nan,0,-1,0,0.0,0
48,8.112337580998428,nan,nan,nan,nan,nan,nan,nan,nan,144.0,189.0,388.0,291.0,held,nan,nan,nan,nan,,nan,0,nan,nan,nan,INITIALIZING,0.0,0.0,0.0,20.33935647008491,0,0,0,0.0,0.0,1.0,0,0,0,0,0,0,0,DISABLED,nan,0,-1,0,0.0,0
49,8.168653109001752,nan,nan,nan,nan,nan,nan,nan,nan,144.0,189.0,388.0,291.0,held,nan,nan,nan,nan,,nan,0,nan,nan,nan,INITIALIZING,0.0,0.0,0.0,17.757091790757432,0,0,0,0.0,0.0,1.0,0,0,0,0,0,0,0,DISABLED,nan,0,-1,0,0.0,0
50,8.292769921004947,nan,nan,nan,nan,nan,nan,nan,nan,144.0,189.0,388.0,291.0,held,nan,nan,nan,nan,,nan,0,nan,nan,nan,INITIALIZING,0.0,0.0,0.0,8.056926244401632,0,0,0,0.0,0.0,1.0,0,0,0,0,0,0,0,DISABLED,nan,0,-1,0,0.0,0
51,8.304480110004079,nan,nan,nan,nan,nan,nan,nan,nan,144.0,189.0,388.0,291.0,held,nan,nan,nan,nan,,nan,0,nan,nan,nan,INITIALIZING,0.0,0.0,0.0,85.39571821378303,0,0,0,0.0,0.0,1.0,0,0,0,0,0,0,0,DISABLED,nan,0,-1,0,0.0,0
52,8.34668554399832,nan,nan,nan,nan,nan,nan,nan,nan,144.0,189.0,388.0,291.0,held,nan,nan,nan,nan,,nan,0,nan,nan,nan,INITIALIZING,0.0,0.0,0.0,23.693631491538774,0,0,0,0.0,0.0,1.0,0,0,0,0,0,0,0,DISABLED,nan,0,-1,0,0.0,0
53,8.405132844003674,nan,nan,nan,nan,nan,nan,nan,nan,144.0,189.0,388.0,291.0,held,nan,nan,nan,nan,,nan,0,nan,nan,nan,INITIALIZING,0.0,0.0,0.0,17.109430203078336,0,0,0,0.0,0.0,1.0,0,0,0,0,0,0,0,DISABLED,nan,0,-1,0,0.0,0
54,8.464283859000716,nan,nan,nan,nan,nan,nan,nan,nan,144.0,189.0,388.0,291.0,held,nan,nan,nan,nan,,nan,0,nan,nan,nan,INITIALIZING,0.0,0.0,0.0,16.905880652259498,0,0,0,0.0,0.0,1.0,0,0,0,0,0,0,0,DISABLED,nan,0,-1,0,0.0,0
55,8.521096586999192,nan,nan,nan,nan,nan,nan,nan,nan,144.0,189.0,388.0,291.0,held,nan,nan,nan,nan,,nan,0,nan,nan,nan,INITIALIZING,0.0,0.0,0.0,17.60168953736593,0,0,0,0.0,0.0,1.0,0,0,0,0,0,0,0,DISABLED,nan,0,-1,0,0.0,0
56,8.580476462004299,nan,nan,nan,nan,nan,nan,nan,nan,144.0,189.0,388.0,291.0,held,nan,nan,nan,nan,,nan,0,nan,nan,nan,INITIALIZING,0.0,0.0,0.0,16.840722549752822,0,0,0,0.0,0.0,1.0,0,0,0,0,0,0,0,DISABLED,nan,0,-1,0,0.0,0
57,8.6375658629986,nan,nan,nan,nan,nan,nan,nan,nan,144.0,189.0,388.0,291.0,held,nan,nan,nan,nan,,nan,0,nan,nan,nan,INITIALIZING,0.0,0.0,0.0,17.516386274570245,0,0,0,0.0,0.0,1.0,0,0,0,0,0,0,0,DISABLED,nan,0,-1,0,0.0,0
58,8.698185665001802,nan,nan,nan,nan,nan,nan,nan,nan,144.0,189.0,388.0,291.0,held,nan,nan,nan,nan,,nan,0,nan,nan,nan,INITIALIZING,0.0,0.0,0.0,16.496259752665818,0,0,0,0.0,0.0,1.0,0,0,0,0,0,0,0,DISABLED,nan,0,-1,0,0.0,0
59,8.753598722003517,nan,nan,nan,nan,nan,nan,nan,nan,144.0,189.0,388.0,291.0,held,nan,nan,nan,nan,,nan,0,nan,nan,nan,INITIALIZING,0.0,0.0,0.0,18.046288259625335,0,0,0,0.0,0.0,1.0,0,0,0,0,0,0,0,DISABLED,nan,0,-1,0,0.0,0
60,8.841976408002665,nan,nan,nan,nan,nan,nan,nan,nan,144.0,189.0,388.0,291.0,held,nan,nan,nan,nan,,nan,0,nan,nan,nan,INITIALIZING,0.0,0.0,0.0,11.315073354711217,0,0,0,0.0,0.0,1.0,0,0,0,0,0,0,0,DISABLED,nan,0,-1,0,0.0,0
61,8.869045940999058,nan,nan,nan,nan,nan,nan,nan,nan,144.0,189.0,388.0,291.0,held,nan,nan,nan,nan,,nan,0,nan,nan,nan,INITIALIZING,0.0,0.0,0.0,36.94190070191667,0,0,0,0.0,0.0,1.0,0,0,0,0,0,0,0,DISABLED,nan,0,-1,0,0.0,0
62,8.929043488002208,nan,nan,nan,nan,nan,nan,nan,nan,144.0,189.0,388.0,291.0,held,nan,nan,nan,nan,,nan,0,nan,nan,nan,INITIALIZING,0.0,0.0,0.0,16.667348082539206,0,0,0,0.0,0.0,1.0,0,0,0,0,0,0,0,DISABLED,nan,0,-1,0,0.0,0
63,8.991753499001788,nan,nan,nan,nan,nan,nan,nan,nan,144.0,189.0,388.0,291.0,held,nan,nan,nan,nan,,nan,0,nan,nan,nan,INITIALIZING,0.0,0.0,0.0,15.946417231639204,0,0,0,0.0,0.0,1.0,0,0,0,0,0,0,0,DISABLED,nan,0,-1,0,0.0,0
64,9.045998558001884,nan,nan,nan,nan,nan,nan,nan,nan,144.0,189.0,388.0,291.0,held,nan,nan,nan,nan,,nan,0,nan,nan,nan,INITIALIZING,0.0,0.0,0.0,18.43485873982075,0,0,0,0.0,0.0,1.0,0,0,0,0,0,0,0,DISABLED,nan,0,-1,0,0.0,0
65,9.148747751001792,nan,nan,nan,nan,nan,nan,nan,nan,144.0,189.0,388.0,291.0,held,nan,nan,nan,nan,,nan,0,nan,nan,nan,INITIALIZING,0.0,0.0,0.0,9.732436536030882,0,0,0,0.0,0.0,1.0,0,0,0,0,0,0,0,DISABLED,nan,0,-1,0,0.0,0
66,9.162355540000135,nan,nan,nan,nan,nan,nan,nan,nan,144.0,189.0,388.0,291.0,held,nan,nan,nan,nan,,nan,0,nan,nan,nan,INITIALIZING,0.0,0.0,0.0,73.48732407019237,0,0,0,0.0,0.0,1.0,0,0,0,0,0,0,0,DISABLED,nan,0,-1,0,0.0,0
67,9.257317244999285,nan,nan,nan,nan,nan,nan,nan,nan,144.0,189.0,388.0,291.0,held,nan,nan,nan,nan,,nan,0,nan,nan,nan,INITIALIZING,0.0,0.0,0.0,10.530560714015701,0,0,0,0.0,0.0,1.0,0,0,0,0,0,0,0,DISABLED,nan,0,-1,0,0.0,0
68,9.281794161004655,nan,nan,nan,nan,nan,nan,nan,nan,144.0,189.0,388.0,291.0,held,nan,nan,nan,nan,,nan,0,nan,nan,nan,INITIALIZING,0.0,0.0,0.0,40.854820099911244,0,0,0,0.0,0.0,1.0,0,0,0,0,0,0,0,DISABLED,nan,0,-1,0,0.0,0
69,9.340195262004272,nan,nan,nan,nan,nan,nan,nan,nan,144.0,189.0,388.0,291.0,held,nan,nan,nan,nan,,nan,0,nan,nan,nan,INITIALIZING,0.0,0.0,0.0,17.122964856545252,0,0,0,0.0,0.0,1.0,0,0,0,0,0,0,0,DISABLED,nan,0,-1,0,0.0,0
70,9.398138538999774,nan,nan,nan,nan,nan,nan,nan,nan,144.0,189.0,388.0,291.0,held,nan,nan,nan,nan,,nan,0,nan,nan,nan,INITIALIZING,0.0,0.0,0.0,17.258257590050153,0,0,0,0.0,0.0,1.0,0,0,0,0,0,0,0,DISABLED,nan,0,-1,0,0.0,0
71,9.453027572002611,nan,nan,nan,nan,nan,nan,nan,nan,144.0,189.0,388.0,291.0,held,nan,nan,nan,nan,,nan,0,nan,nan,nan,INITIALIZING,0.0,0.0,0.0,18.218575647858692,0,0,0,0.0,0.0,1.0,0,0,0,0,0,0,0,DISABLED,nan,0,-1,0,0.0,0
72,9.513233145000413,nan,nan,nan,nan,nan,nan,nan,nan,144.0,189.0,388.0,291.0,held,nan,nan,nan,nan,,nan,0,nan,nan,nan,INITIALIZING,0.0,0.0,0.0,16.609758037457915,0,0,0,0.0,0.0,1.0,0,0,0,0,0,0,0,DISABLED,nan,0,-1,0,0.0,0
73,9.57761106199905,nan,nan,nan,nan,nan,nan,nan,nan,144.0,189.0,388.0,291.0,held,nan,nan,nan,nan,,nan,0,nan,nan,nan,INITIALIZING,0.0,0.0,0.0,15.53327672936616,0,0,0,0.0,0.0,1.0,0,0,0,0,0,0,0,DISABLED,nan,0,-1,0,0.0,0
74,9.629185013000097,nan,nan,nan,nan,nan,nan,nan,nan,144.0,189.0,388.0,291.0,held,nan,nan,nan,nan,,nan,0,nan,nan,nan,INITIALIZING,0.0,0.0,0.0,19.389633343772985,0,0,0,0.0,0.0,1.0,0,0,0,0,0,0,0,DISABLED,nan,0,-1,0,0.0,0
75,9.696091014004196,nan,nan,nan,nan,nan,nan,nan,nan,144.0,189.0,388.0,291.0,held,nan,nan,nan,nan,,nan,0,nan,nan,nan,INITIALIZING,0.0,0.0,0.0,14.94634240564952,0,0,0,0.0,0.0,1.0,0,0,0,0,0,0,0,DISABLED,nan,0,-1,0,0.0,0
76,9.747288548998768,nan,nan,nan,nan,nan,nan,nan,nan,144.0,189.0,388.0,291.0,held,nan,nan,nan,nan,,nan,0,nan,nan,nan,INITIALIZING,0.0,0.0,0.0,19.53219037022058,0,0,0,0.0,0.0,1.0,0,0,0,0,0,0,0,DISABLED,nan,0,-1,0,0.0,0
77,9.804356230000849,nan,nan,nan,nan,nan,nan,nan,nan,144.0,189.0,388.0,291.0,held,nan,nan,nan,nan,,nan,0,nan,nan,nan,INITIALIZING,0.0,0.0,0.0,17.523053021263085,0,0,0,0.0,0.0,1.0,0,0,0,0,0,0,0,DISABLED,nan,0,-1,0,0.0,0
78,9.865144579001935,nan,nan,nan,nan,nan,nan,nan,nan,144.0,189.0,388.0,291.0,held,nan,nan,nan,nan,,nan,0,nan,nan,nan,INITIALIZING,0.0,0.0,0.0,16.4505208059217,0,0,0,0.0,0.0,1.0,0,0,0,0,0,0,0,DISABLED,nan,0,-1,0,0.0,0
79,9.92103764800413,nan,nan,nan,nan,nan,nan,nan,nan,144.0,189.0,388.0,291.0,held,nan,nan,nan,nan,,nan,0,nan,nan,nan,INITIALIZING,0.0,0.0,0.0,17.89130598573365,0,0,0,0.0,0.0,1.0,0,0,0,0,0,0,0,DISABLED,nan,0,-1,0,0.0,0
80,17.420928375002404,nan,nan,nan,nan,nan,nan,nan,nan,144.0,189.0,388.0,291.0,held,nan,nan,nan,nan,,nan,0,nan,nan,nan,INITIALIZING,0.0,0.0,0.0,0.13333527599277917,0,0,0,0.0,0.0,1.0,0,0,0,0,0,0,0,DISABLED,nan,0,-1,0,0.0,0
81,17.648734039001283,nan,nan,nan,nan,nan,nan,nan,nan,144.0,189.0,388.0,291.0,held,nan,nan,nan,nan,,nan,0,nan,nan,nan,INITIALIZING,0.0,0.0,0.0,4.3897064824732395,0,0,0,0.0,0.0,1.0,0,0,0,0,0,0,0,DISABLED,nan,0,-1,0,0.0,0
82,17.711184667998168,nan,nan,nan,nan,nan,nan,nan,nan,144.0,189.0,388.0,291.0,held,nan,nan,nan,nan,,nan,0,nan,nan,nan,INITIALIZING,0.0,0.0,0.0,16.012648968673812,0,0,0,0.0,0.0,1.0,0,0,0,0,0,0,0,DISABLED,nan,0,-1,0,0.0,0
83,17.748463885000092,nan,nan,nan,nan,nan,nan,nan,nan,144.0,189.0,388.0,291.0,held,nan,nan,nan,nan,,nan,0,nan,nan,nan,INITIALIZING,0.0,0.0,0.0,26.824597736277404,0,0,0,0.0,0.0,1.0,0,0,0,0,0,0,0,DISABLED,nan,0,-1,0,0.0,0
84,17.80532718700124,nan,nan,nan,nan,nan,nan,nan,nan,144.0,189.0,388.0,291.0,held,nan,nan,nan,nan,,nan,0,nan,nan,nan,INITIALIZING,0.0,0.0,0.0,17.586034662211834,0,0,0,0.0,0.0,1.0,0,0,0,0,0,0,0,DISABLED,nan,0,-1,0,0.0,0
85,17.864488776001963,nan,nan,nan,nan,nan,nan,nan,nan,144.0,189.0,388.0,291.0,held,nan,nan,nan,nan,,nan,0,nan,nan,nan,INITIALIZING,0.0,0.0,0.0,16.90285904909981,0,0,0,0.0,0.0,1.0,0,0,0,0,0,0,0,DISABLED,nan,0,-1,0,0.0,0
86,17.92483773799904,nan,nan,nan,nan,nan,nan,nan,nan,144.0,189.0,388.0,291.0,held,nan,nan,nan,nan,,nan,0,nan,nan,nan,INITIALIZING,0.0,0.0,0.0,16.570293289359412,0,0,0,0.0,0.0,1.0,0,0,0,0,0,0,0,DISABLED,nan,0,-1,0,0.0,0
87,17.983428583000205,nan,nan,nan,nan,nan,nan,nan,nan,144.0,189.0,388.0,291.0,held,nan,nan,nan,nan,,nan,0,nan,nan,nan,INITIALIZING,0.0,0.0,0.0,17.067512850858375,0,0,0,0.0,0.0,1.0,0,0,0,0,0,0,0,DISABLED,nan,0,-1,0,0.0,0
88,18.044540219998453,nan,nan,nan,nan,nan,nan,nan,nan,144.0,189.0,388.0,291.0,held,nan,nan,nan,nan,,nan,0,nan,nan,nan,INITIALIZING,0.0,0.0,0.0,16.363495548788265,0,0,0,0.0,0.0,1.0,0,0,0,0,0,0,0,DISABLED,nan,0,-1,0,0.0,0
89,18.10065928500262,nan,nan,nan,nan,nan,nan,nan,nan,144.0,189.0,388.0,291.0,held,nan,nan,nan,nan,,nan,0,nan,nan,nan,INITIALIZING,0.0,0.0,0.0,17.819256253213197,0,0,0,0.0,0.0,1.0,0,0,0,0,0,0,0,DISABLED,nan,0,-1,0,0.0,0
90,18.156681940003182,nan,nan,nan,nan,nan,nan,nan,nan,144.0,189.0,388.0,291.0,held,nan,nan,nan,nan,,nan,0,nan,nan,nan,INITIALIZING,0.0,0.0,0.0,17.84992160742806,0,0,0,0.0,0.0,1.0,0,0,0,0,0,0,0,DISABLED,nan,0,-1,0,0.0,0
91,18.216957099000865,nan,nan,nan,nan,nan,nan,nan,nan,144.0,189.0,388.0,291.0,held,nan,nan,nan,nan,,nan,0,nan,nan,nan,INITIALIZING,0.0,0.0,0.0,16.590582532323722,0,0,0,0.0,0.0,1.0,0,0,0,0,0,0,0,DISABLED,nan,0,-1,0,0.0,0
92,18.27261031800299,nan,nan,nan,nan,nan,nan,nan,nan,144.0,189.0,388.0,291.0,held,nan,nan,nan,nan,,nan,0,nan,nan,nan,INITIALIZING,0.0,0.0,0.0,17.968412572178945,0,0,0,0.0,0.0,1.0,0,0,0,0,0,0,0,DISABLED,nan,0,-1,0,0.0,0
93,18.33252145699953,nan,nan,nan,nan,nan,nan,nan,nan,144.0,189.0,388.0,291.0,held,nan,nan,nan,nan,,nan,0,nan,nan,nan,INITIALIZING,0.0,0.0,0.0,16.691386889802754,0,0,0,0.0,0.0,1.0,0,0,0,0,0,0,0,DISABLED,nan,0,-1,0,0.0,0
94,18.389346893003676,nan,nan,nan,nan,nan,nan,nan,nan,144.0,189.0,388.0,291.0,held,nan,nan,nan,nan,,nan,0,nan,nan,nan,INITIALIZING,0.0,0.0,0.0,17.59775323020894,0,0,0,0.0,0.0,1.0,0,0,0,0,0,0,0,DISABLED,nan,0,-1,0,0.0,0
95,18.4503252459981,nan,nan,nan,nan,nan,nan,nan,nan,144.0,189.0,388.0,291.0,held,nan,nan,nan,nan,,nan,0,nan,nan,nan,INITIALIZING,0.0,0.0,0.0,16.399262211811823,0,0,0,0.0,0.0,1.0,0,0,0,0,0,0,0,DISABLED,nan,0,-1,0,0.0,0
96,18.508503267999913,nan,nan,nan,nan,nan,nan,nan,nan,144.0,189.0,388.0,291.0,held,nan,nan,nan,nan,,nan,0,nan,nan,nan,INITIALIZING,0.0,0.0,0.0,17.1886215033034,0,0,0,0.0,0.0,1.0,0,0,0,0,0,0,0,DISABLED,nan,0,-1,0,0.0,0
97,18.568810666998615,nan,nan,nan,nan,nan,nan,nan,nan,144.0,189.0,388.0,291.0,held,nan,nan,nan,nan,,nan,0,nan,nan,nan,INITIALIZING,0.0,0.0,0.0,16.58171329891903,0,0,0,0.0,0.0,1.0,0,0,0,0,0,0,0,DISABLED,nan,0,-1,0,0.0,0
98,18.62948073100415,nan,nan,nan,nan,nan,nan,nan,nan,144.0,189.0,388.0,291.0,held,nan,nan,nan,nan,,nan,0,nan,nan,nan,INITIALIZING,0.0,0.0,0.0,16.482593456779068,0,0,0,0.0,0.0,1.0,0,0,0,0,0,0,0,DISABLED,nan,0,-1,0,0.0,0
99,18.685494427998492,nan,nan,nan,nan,nan,nan,nan,nan,144.0,189.0,388.0,291.0,held,nan,nan,nan,nan,,nan,0,nan,nan,nan,INITIALIZING,0.0,0.0,0.0,17.85277626115307,0,0,0,0.0,0.0,1.0,0,0,0,0,0,0,0,DISABLED,nan,0,-1,0,0.0,0
100,18.74516998800391,nan,nan,nan,nan,nan,nan,nan,nan,144.0,189.0,388.0,291.0,held,nan,nan,nan,nan,,nan,0,nan,nan,nan,INITIALIZING,0.0,0.0,0.0,16.757278857697056,0,0,0,0.0,0.0,1.0,0,0,0,0,0,0,0,DISABLED,nan,0,-1,0,0.0,0
101,18.801480879999872,nan,nan,nan,nan,nan,nan,nan,nan,144.0,189.0,388.0,291.0,held,nan,nan,nan,nan,,nan,0,nan,nan,nan,INITIALIZING,0.0,0.0,0.0,17.75855371056257,0,0,0,0.0,0.0,1.0,0,0,0,0,0,0,0,DISABLED,nan,0,-1,0,0.0,0
102,18.86063132300478,nan,nan,nan,nan,nan,nan,nan,nan,144.0,189.0,388.0,291.0,held,nan,nan,nan,nan,,nan,0,nan,nan,nan,INITIALIZING,0.0,0.0,0.0,16.906044134225553,0,0,0,0.0,0.0,1.0,0,0,0,0,0,0,0,DISABLED,nan,0,-1,0,0.0,0
103,18.917587855998136,nan,nan,nan,nan,nan,nan,nan,nan,144.0,189.0,388.0,291.0,held,nan,nan,nan,nan,,nan,0,nan,nan,nan,INITIALIZING,0.0,0.0,0.0,17.557248439203406,0,0,0,0.0,0.0,1.0,0,0,0,0,0,0,0,DISABLED,nan,0,-1,0,0.0,0
104,18.973111956998764,nan,nan,nan,nan,nan,nan,nan,nan,144.0,189.0,388.0,291.0,held,nan,nan,nan,nan,,nan,0,nan,nan,nan,INITIALIZING,0.0,0.0,0.0,18.010197049181972,0,0,0,0.0,0.0,1.0,0,0,0,0,0,0,0,DISABLED,nan,0,-1,0,0.0,0
105,19.034481831004086,nan,nan,nan,nan,nan,nan,nan,nan,144.0,189.0,388.0,291.0,held,nan,nan,nan,nan,,nan,0,nan,nan,nan,INITIALIZING,0.0,0.0,0.0,16.294639938698168,0,0,0,0.0,0.0,1.0,0,0,0,0,0,0,0,DISABLED,nan,0,-1,0,0.0,0
106,19.093431173998397,nan,nan,nan,nan,nan,nan,nan,nan,144.0,189.0,388.0,291.0,held,nan,nan,nan,nan,,nan,0,nan,nan,nan,INITIALIZING,0.0,0.0,0.0,16.9637174768261,0,0,0,0.0,0.0,1.0,0,0,0,0,0,0,0,DISABLED,nan,0,-1,0,0.0,0
107,19.149391589002335,nan,nan,nan,nan,nan,nan,nan,nan,144.0,189.0,388.0,291.0,held,nan,nan,nan,nan,,nan,0,nan,nan,nan,INITIALIZING,0.0,0.0,0.0,17.869774552773325,0,0,0,0.0,0.0,1.0,0,0,0,0,0,0,0,DISABLED,nan,0,-1,0,0.0,0
108,19.20897053200315,nan,nan,nan,nan,nan,nan,nan,nan,144.0,189.0,388.0,291.0,held,nan,nan,nan,nan,,nan,0,nan,nan,nan,INITIALIZING,0.0,0.0,0.0,16.78445352725232,0,0,0,0.0,0.0,1.0,0,0,0,0,0,0,0,DISABLED,nan,0,-1,0,0.0,0
109,19.266689167998265,nan,nan,nan,nan,nan,nan,nan,nan,144.0,189.0,388.0,291.0,held,nan,nan,nan,nan,,nan,0,nan,nan,nan,INITIALIZING,0.0,0.0,0.0,17.32542674925,0,0,0,0.0,0.0,1.0,0,0,0,0,0,0,0,DISABLED,nan,0,-1,0,0.0,0
110,19.330129977999604,nan,nan,nan,nan,nan,nan,nan,nan,144.0,189.0,388.0,291.0,held,nan,nan,nan,nan,,nan,0,nan,nan,nan,INITIALIZING,0.0,0.0,0.0,15.762724340671191,0,0,0,0.0,0.0,1.0,0,0,0,0,0,0,0,DISABLED,nan,0,-1,0,0.0,0
111,19.388555402998463,nan,nan,nan,nan,nan,nan,nan,nan,144.0,189.0,388.0,291.0,held,nan,nan,nan,nan,,nan,0,nan,nan,nan,INITIALIZING,0.0,0.0,0.0,17.115836128184437,0,0,0,0.0,0.0,1.0,0,0,0,0,0,0,0,DISABLED,nan,0,-1,0,0.0,0
112,19.443566054003895,nan,nan,nan,nan,nan,nan,nan,nan,144.0,189.0,388.0,291.0,held,nan,nan,nan,nan,,nan,0,nan,nan,nan,INITIALIZING,0.0,0.0,0.0,18.17829787001167,0,0,0,0.0,0.0,1.0,0,0,0,0,0,0,0,DISABLED,nan,0,-1,0,0.0,0
113,19.505083639000077,nan,nan,nan,nan,nan,nan,nan,nan,144.0,189.0,388.0,291.0,held,nan,nan,nan,nan,,nan,0,nan,nan,nan,INITIALIZING,0.0,0.0,0.0,16.25551458273388,0,0,0,0.0,0.0,1.0,0,0,0,0,0,0,0,DISABLED,nan,0,-1,0,0.0,0
114,19.557001503999345,nan,nan,nan,nan,nan,nan,nan,nan,144.0,189.0,388.0,291.0,held,nan,nan,nan,nan,,nan,0,nan,nan,nan,INITIALIZING,0.0,0.0,0.0,19.261192655246806,0,0,0,0.0,0.0,1.0,0,0,0,0,0,0,0,DISABLED,nan,0,-1,0,0.0,0
115,19.617165462004778,nan,nan,nan,nan,nan,nan,nan,nan,144.0,189.0,388.0,291.0,held,nan,nan,nan,nan,,nan,0,nan,nan,nan,INITIALIZING,0.0,0.0,0.0,16.621246891863482,0,0,0,0.0,0.0,1.0,0,0,0,0,0,0,0,DISABLED,nan,0,-1,0,0.0,0
116,19.67751640300412,nan,nan,nan,nan,nan,nan,nan,nan,144.0,189.0,388.0,291.0,held,nan,nan,nan,nan,,nan,0,nan,nan,nan,INITIALIZING,0.0,0.0,0.0,16.569749923383974,0,0,0,0.0,0.0,1.0,0,0,0,0,0,0,0,DISABLED,nan,0,-1,0,0.0,0
117,19.733746042998973,nan,nan,nan,nan,nan,nan,nan,nan,144.0,189.0,388.0,291.0,held,nan,nan,nan,nan,,nan,0,nan,nan,nan,INITIALIZING,0.0,0.0,0.0,17.78421487477999,0,0,0,0.0,0.0,1.0,0,0,0,0,0,0,0,DISABLED,nan,0,-1,0,0.0,0
118,19.793832134004333,nan,nan,nan,nan,nan,nan,nan,nan,144.0,189.0,388.0,291.0,held,nan,nan,nan,nan,,nan,0,nan,nan,nan,INITIALIZING,0.0,0.0,0.0,16.642786762593666,0,0,0,0.0,0.0,1.0,0,0,0,0,0,0,0,DISABLED,nan,0,-1,0,0.0,0
119,19.87224108100054,nan,nan,nan,nan,nan,nan,nan,nan,144.0,189.0,388.0,291.0,held,nan,nan,nan,nan,,nan,0,nan,nan,nan,INITIALIZING,0.0,0.0,0.0,12.753646596585385,0,0,0,0.0,0.0,1.0,0,0,0,0,0,0,0,DISABLED,nan,0,-1,0,0.0,0
120,19.913275965001958,nan,nan,nan,nan,nan,nan,nan,nan,144.0,189.0,388.0,291.0,held,nan,nan,nan,nan,,nan,0,nan,nan,nan,INITIALIZING,0.0,0.0,0.0,24.369509609565597,0,0,0,0.0,0.0,1.0,0,0,0,0,0,0,0,DISABLED,nan,0,-1,0,0.0,0
121,19.992759781998757,nan,nan,nan,nan,nan,nan,nan,nan,144.0,189.0,388.0,291.0,held,nan,nan,nan,nan,,nan,0,nan,nan,nan,INITIALIZING,0.0,0.0,0.0,12.581177374009028,0,0,0,0.0,0.0,1.0,0,0,0,0,0,0,0,DISABLED,nan,0,-1,0,0.0,0
122,20.02955627800111,nan,nan,nan,nan,nan,nan,nan,nan,144.0,189.0,388.0,291.0,held,nan,nan,nan,nan,,nan,0,nan,nan,nan,INITIALIZING,0.0,0.0,0.0,27.176500717243815,0,0,0,0.0,0.0,1.0,0,0,0,0,0,0,0,DISABLED,nan,0,-1,0,0.0,0
123,20.08916428500379,nan,nan,nan,nan,nan,nan,nan,nan,144.0,189.0,388.0,291.0,held,nan,nan,nan,nan,,nan,0,nan,nan,nan,INITIALIZING,0.0,0.0,0.0,16.776269670533324,0,0,0,0.0,0.0,1.0,0,0,0,0,0,0,0,DISABLED,nan,0,-1,0,0.0,0
124,20.145387101998494,nan,nan,nan,nan,nan,nan,nan,nan,144.0,189.0,388.0,291.0,held,nan,nan,nan,nan,,nan,0,nan,nan,nan,INITIALIZING,0.0,0.0,0.0,17.78637310354234,0,0,0,0.0,0.0,1.0,0,0,0,0,0,0,0,DISABLED,nan,0,-1,0,0.0,0
125,20.201002768000762,nan,nan,nan,nan,nan,nan,nan,nan,144.0,189.0,388.0,291.0,held,nan,nan,nan,nan,,nan,0,nan,nan,nan,INITIALIZING,0.0,0.0,0.0,17.980545265055724,0,0,0,0.0,0.0,1.0,0,0,0,0,0,0,0,DISABLED,nan,0,-1,0,0.0,0
126,20.26068608800415,nan,nan,nan,nan,nan,nan,nan,nan,144.0,189.0,388.0,291.0,held,nan,nan,nan,nan,,nan,0,nan,nan,nan,INITIALIZING,0.0,0.0,0.0,16.75510008396399,0,0,0,0.0,0.0,1.0,0,0,0,0,0,0,0,DISABLED,nan,0,-1,0,0.0,0
127,20.317038961002254,nan,nan,nan,nan,nan,nan,nan,nan,144.0,189.0,388.0,291.0,held,nan,nan,nan,nan,,nan,0,nan,nan,nan,INITIALIZING,0.0,0.0,0.0,17.74532418309245,0,0,0,0.0,0.0,1.0,0,0,0,0,0,0,0,DISABLED,nan,0,-1,0,0.0,0
128,20.377351932002057,nan,nan,nan,nan,nan,nan,nan,nan,144.0,189.0,388.0,291.0,held,nan,nan,nan,nan,,nan,0,nan,nan,nan,INITIALIZING,0.0,0.0,0.0,16.580181400834448,0,0,0,0.0,0.0,1.0,0,0,0,0,0,0,0,DISABLED,nan,0,-1,0,0.0,0
129,20.434084189000714,nan,nan,nan,nan,nan,nan,nan,nan,144.0,189.0,388.0,291.0,held,nan,nan,nan,nan,,nan,0,nan,nan,nan,INITIALIZING,0.0,0.0,0.0,17.626656383927546,0,0,0,0.0,0.0,1.0,0,0,0,0,0,0,0,DISABLED,nan,0,-1,0,0.0,0
130,20.494231167002,nan,nan,nan,nan,nan,nan,nan,nan,144.0,189.0,388.0,291.0,held,nan,nan,nan,nan,,nan,0,nan,nan,nan,INITIALIZING,0.0,0.0,0.0,16.62593921142036,0,0,0,0.0,0.0,1.0,0,0,0,0,0,0,0,DISABLED,nan,0,-1,0,0.0,0
131,20.5529935270024,nan,nan,nan,nan,nan,nan,nan,nan,144.0,189.0,388.0,291.0,held,nan,nan,nan,nan,,nan,0,nan,nan,nan,INITIALIZING,0.0,0.0,0.0,17.017696361976938,0,0,0,0.0,0.0,1.0,0,0,0,0,0,0,0,DISABLED,nan,0,-1,0,0.0,0
132,20.61017485800403,nan,nan,nan,nan,nan,nan,nan,nan,144.0,189.0,388.0,291.0,held,nan,nan,nan,nan,,nan,0,nan,nan,nan,INITIALIZING,0.0,0.0,0.0,17.488225308562708,0,0,0,0.0,0.0,1.0,0,0,0,0,0,0,0,DISABLED,nan,0,-1,0,0.0,0
133,20.671221702003095,nan,nan,nan,nan,nan,nan,nan,nan,144.0,189.0,388.0,291.0,held,nan,nan,nan,nan,,nan,0,nan,nan,nan,INITIALIZING,0.0,0.0,0.0,16.380863194423426,0,0,0,0.0,0.0,1.0,0,0,0,0,0,0,0,DISABLED,nan,0,-1,0,0.0,0
134,20.72521206700185,nan,nan,nan,nan,nan,nan,nan,nan,144.0,189.0,388.0,291.0,held,nan,nan,nan,nan,,nan,0,nan,nan,nan,INITIALIZING,0.0,0.0,0.0,18.521823292416798,0,0,0,0.0,0.0,1.0,0,0,0,0,0,0,0,DISABLED,nan,0,-1,0,0.0,0
135,20.7852296150013,nan,nan,nan,nan,nan,nan,nan,nan,144.0,189.0,388.0,291.0,held,nan,nan,nan,nan,,nan,0,nan,nan,nan,INITIALIZING,0.0,0.0,0.0,16.661793647570477,0,0,0,0.0,0.0,1.0,0,0,0,0,0,0,0,DISABLED,nan,0,-1,0,0.0,0
136,20.847759725998912,nan,nan,nan,nan,nan,nan,nan,nan,144.0,189.0,388.0,291.0,held,nan,nan,nan,nan,,nan,0,nan,nan,nan,INITIALIZING,0.0,0.0,0.0,15.992295296551854,0,0,0,0.0,0.0,1.0,0,0,0,0,0,0,0,DISABLED,nan,0,-1,0,0.0,0
137,20.903454092003813,nan,nan,nan,nan,nan,nan,nan,nan,144.0,189.0,388.0,291.0,held,nan,nan,nan,nan,,nan,0,nan,nan,nan,INITIALIZING,0.0,0.0,0.0,17.955137507302236,0,0,0,0.0,0.0,1.0,0,0,0,0,0,0,0,DISABLED,nan,0,-1,0,0.0,0
138,20.962923188002605,nan,nan,nan,nan,nan,nan,nan,nan,144.0,189.0,388.0,291.0,held,nan,nan,nan,nan,,nan,0,nan,nan,nan,INITIALIZING,0.0,0.0,0.0,16.815456552766463,0,0,0,0.0,0.0,1.0,0,0,0,0,0,0,0,DISABLED,nan,0,-1,0,0.0,0
139,21.01689240700216,nan,nan,nan,nan,nan,nan,nan,nan,144.0,189.0,388.0,291.0,held,nan,nan,nan,nan,,nan,0,nan,nan,nan,INITIALIZING,0.0,0.0,0.0,18.52908043765184,0,0,0,0.0,0.0,1.0,0,0,0,0,0,0,0,DISABLED,nan,0,-1,0,0.0,0
140,21.076559373002965,nan,nan,nan,nan,nan,nan,nan,nan,144.0,189.0,388.0,291.0,held,nan,nan,nan,nan,,nan,0,nan,nan,nan,INITIALIZING,0.0,0.0,0.0,16.75969245673584,0,0,0,0.0,0.0,1.0,0,0,0,0,0,0,0,DISABLED,nan,0,-1,0,0.0,0
141,21.1373443880002,nan,nan,nan,nan,nan,nan,nan,nan,144.0,189.0,388.0,291.0,held,nan,nan,nan,nan,,nan,0,nan,nan,nan,INITIALIZING,0.0,0.0,0.0,16.45142310231337,0,0,0,0.0,0.0,1.0,0,0,0,0,0,0,0,DISABLED,nan,0,-1,0,0.0,0
142,21.193279906001408,nan,nan,nan,nan,nan,nan,nan,nan,144.0,189.0,388.0,291.0,held,nan,nan,nan,nan,,nan,0,nan,nan,nan,INITIALIZING,0.0,0.0,0.0,17.87772842254604,0,0,0,0.0,0.0,1.0,0,0,0,0,0,0,0,DISABLED,nan,0,-1,0,0.0,0
143,21.253021456999704,nan,nan,nan,nan,nan,nan,nan,nan,144.0,189.0,388.0,291.0,held,nan,nan,nan,nan,,nan,0,nan,nan,nan,INITIALIZING,0.0,0.0,0.0,16.738768634053592,0,0,0,0.0,0.0,1.0,0,0,0,0,0,0,0,DISABLED,nan,0,-1,0,0.0,0
144,21.31008538899914,nan,nan,nan,nan,nan,nan,nan,nan,144.0,189.0,388.0,291.0,held,nan,nan,nan,nan,,nan,0,nan,nan,nan,INITIALIZING,0.0,0.0,0.0,17.52420425584878,0,0,0,0.0,0.0,1.0,0,0,0,0,0,0,0,DISABLED,nan,0,-1,0,0.0,0
145,21.368542689000606,nan,nan,nan,nan,nan,nan,nan,nan,144.0,189.0,388.0,291.0,held,nan,nan,nan,nan,,nan,0,nan,nan,nan,INITIALIZING,0.0,0.0,0.0,17.106503378961236,0,0,0,0.0,0.0,1.0,0,0,0,0,0,0,0,DISABLED,nan,0,-1,0,0.0,0
146,21.428454036002222,nan,nan,nan,nan,nan,nan,nan,nan,144.0,189.0,388.0,291.0,held,nan,nan,nan,nan,,nan,0,nan,nan,nan,INITIALIZING,0.0,0.0,0.0,16.691328939291257,0,0,0,0.0,0.0,1.0,0,0,0,0,0,0,0,DISABLED,nan,0,-1,0,0.0,0
147,21.484631279003224,nan,nan,nan,nan,nan,nan,nan,nan,144.0,189.0,388.0,291.0,held,nan,nan,nan,nan,,nan,0,nan,nan,nan,INITIALIZING,0.0,0.0,0.0,17.800802363728625,0,0,0,0.0,0.0,1.0,0,0,0,0,0,0,0,DISABLED,nan,0,-1,0,0.0,0
148,21.54878820200247,nan,nan,nan,nan,nan,nan,nan,nan,144.0,189.0,388.0,291.0,held,nan,nan,nan,nan,,nan,0,nan,nan,nan,INITIALIZING,0.0,0.0,0.0,15.586782427389153,0,0,0,0.0,0.0,1.0,0,0,0,0,0,0,0,DISABLED,nan,0,-1,0,0.0,0
149,21.60367332900205,nan,nan,nan,nan,nan,nan,nan,nan,144.0,189.0,388.0,291.0,held,nan,nan,nan,nan,,nan,0,nan,nan,nan,INITIALIZING,0.0,0.0,0.0,18.219872207049168,0,0,0,0.0,0.0,1.0,0,0,0,0,0,0,0,DISABLED,nan,0,-1,0,0.0,0
150,21.667179454001598,nan,nan,nan,nan,nan,nan,nan,nan,144.0,189.0,388.0,291.0,held,nan,nan,nan,nan,,nan,0,nan,nan,nan,INITIALIZING,0.0,0.0,0.0,15.746512639640747,0,0,0,0.0,0.0,1.0,0,0,0,0,0,0,0,DISABLED,nan,0,-1,0,0.0,0
151,21.722210938998614,nan,nan,nan,nan,nan,nan,nan,nan,144.0,189.0,388.0,291.0,held,nan,nan,nan,nan,,nan,0,nan,nan,nan,INITIALIZING,0.0,0.0,0.0,18.171415873189986,0,0,0,0.0,0.0,1.0,0,0,0,0,0,0,0,DISABLED,nan,0,-1,0,0.0,0
152,21.776557666998997,nan,nan,nan,nan,nan,nan,nan,nan,144.0,189.0,388.0,291.0,held,nan,nan,nan,nan,,nan,0,nan,nan,nan,INITIALIZING,0.0,0.0,0.0,18.400371775702176,0,0,0,0.0,0.0,1.0,0,0,0,0,0,0,0,DISABLED,nan,0,-1,0,0.0,0
153,21.836533599001996,nan,nan,nan,nan,nan,nan,nan,nan,144.0,189.0,388.0,291.0,held,nan,nan,nan,nan,,nan,0,nan,nan,nan,INITIALIZING,0.0,0.0,0.0,16.673354904263906,0,0,0,0.0,0.0,1.0,0,0,0,0,0,0,0,DISABLED,nan,0,-1,0,0.0,0
154,21.892727509002725,nan,nan,nan,nan,nan,nan,nan,nan,144.0,189.0,388.0,291.0,held,nan,nan,nan,nan,,nan,0,nan,nan,nan,INITIALIZING,0.0,0.0,0.0,17.795522681853253,0,0,0,0.0,0.0,1.0,0,0,0,0,0,0,0,DISABLED,nan,0,-1,0,0.0,0
155,21.957318870001473,nan,nan,nan,nan,nan,nan,nan,nan,144.0,189.0,388.0,291.0,held,nan,nan,nan,nan,,nan,0,nan,nan,nan,INITIALIZING,0.0,0.0,0.0,15.481946572071653,0,0,0,0.0,0.0,1.0,0,0,0,0,0,0,0,DISABLED,nan,0,-1,0,0.0,0
156,22.01312188400334,nan,nan,nan,nan,nan,nan,nan,nan,144.0,189.0,388.0,291.0,held,nan,nan,nan,nan,,nan,0,nan,nan,nan,INITIALIZING,0.0,0.0,0.0,17.92017900621888,0,0,0,0.0,0.0,1.0,0,0,0,0,0,0,0,DISABLED,nan,0,-1,0,0.0,0
157,22.068607182998676,nan,nan,nan,nan,nan,nan,nan,nan,144.0,189.0,388.0,291.0,held,nan,nan,nan,nan,,nan,0,nan,nan,nan,INITIALIZING,0.0,0.0,0.0,18.022791948621514,0,0,0,0.0,0.0,1.0,0,0,0,0,0,0,0,DISABLED,nan,0,-1,0,0.0,0
158,22.128471706004348,nan,nan,nan,nan,nan,nan,nan,nan,144.0,189.0,388.0,291.0,held,nan,nan,nan,nan,,nan,0,nan,nan,nan,INITIALIZING,0.0,0.0,0.0,16.704384329684814,0,0,0,0.0,0.0,1.0,0,0,0,0,0,0,0,DISABLED,nan,0,-1,0,0.0,0
159,22.185700330002874,nan,nan,nan,nan,nan,nan,nan,nan,144.0,189.0,388.0,291.0,held,nan,nan,nan,nan,,nan,0,nan,nan,nan,INITIALIZING,0.0,0.0,0.0,17.473773264682304,0,0,0,0.0,0.0,1.0,0,0,0,0,0,0,0,DISABLED,nan,0,-1,0,0.0,0
160,22.24455362900335,nan,nan,nan,nan,nan,nan,nan,nan,144.0,189.0,388.0,291.0,held,nan,nan,nan,nan,,nan,0,nan,nan,nan,INITIALIZING,0.0,0.0,0.0,16.991400940700498,0,0,0,0.0,0.0,1.0,0,0,0,0,0,0,0,DISABLED,nan,0,-1,0,0.0,0
161,22.305295621998084,nan,nan,nan,nan,nan,nan,nan,nan,144.0,189.0,388.0,291.0,held,nan,nan,nan,nan,,nan,0,nan,nan,nan,INITIALIZING,0.0,0.0,0.0,16.463075225185154,0,0,0,0.0,0.0,1.0,0,0,0,0,0,0,0,DISABLED,nan,0,-1,0,0.0,0
162,22.3606515950014,nan,nan,nan,nan,nan,nan,nan,nan,144.0,189.0,388.0,291.0,held,nan,nan,nan,nan,,nan,0,nan,nan,nan,INITIALIZING,0.0,0.0,0.0,18.06489789168915,0,0,0,0.0,0.0,1.0,0,0,0,0,0,0,0,DISABLED,nan,0,-1,0,0.0,0
163,22.420695289001742,nan,nan,nan,nan,nan,nan,nan,nan,144.0,189.0,388.0,291.0,held,nan,nan,nan,nan,,nan,0,nan,nan,nan,INITIALIZING,0.0,0.0,0.0,16.654538276647425,0,0,0,0.0,0.0,1.0,0,0,0,0,0,0,0,DISABLED,nan,0,-1,0,0.0,0
164,22.476777686002606,nan,nan,nan,nan,nan,nan,nan,nan,144.0,189.0,388.0,291.0,held,nan,nan,nan,nan,,nan,0,nan,nan,nan,INITIALIZING,0.0,0.0,0.0,17.830906906218566,0,0,0,0.0,0.0,1.0,0,0,0,0,0,0,0,DISABLED,nan,0,-1,0,0.0,0
165,22.5366770010005,nan,nan,nan,nan,nan,nan,nan,nan,144.0,189.0,388.0,291.0,held,nan,nan,nan,nan,,nan,0,nan,nan,nan,INITIALIZING,0.0,0.0,0.0,16.694681734426954,0,0,0,0.0,0.0,1.0,0,0,0,0,0,0,0,DISABLED,nan,0,-1,0,0.0,0
166,22.597563998002443,nan,nan,nan,nan,nan,nan,nan,nan,144.0,189.0,388.0,291.0,held,nan,nan,nan,nan,,nan,0,nan,nan,nan,INITIALIZING,0.0,0.0,0.0,16.423867972468248,0,0,0,0.0,0.0,1.0,0,0,0,0,0,0,0,DISABLED,nan,0,-1,0,0.0,0
167,22.656077133004146,nan,nan,nan,nan,nan,nan,nan,nan,144.0,189.0,388.0,291.0,held,nan,nan,nan,nan,,nan,0,nan,nan,nan,INITIALIZING,0.0,0.0,0.0,17.090179836901314,0,0,0,0.0,0.0,1.0,0,0,0,0,0,0,0,DISABLED,nan,0,-1,0,0.0,0
168,22.712605373999395,nan,nan,nan,nan,nan,nan,nan,nan,144.0,189.0,388.0,291.0,held,nan,nan,nan,nan,,nan,0,nan,nan,nan,INITIALIZING,0.0,0.0,0.0,17.69027272729131,0,0,0,0.0,0.0,1.0,0,0,0,0,0,0,0,DISABLED,nan,0,-1,0,0.0,0
169,22.769381174002774,nan,nan,nan,nan,nan,nan,nan,nan,144.0,189.0,388.0,291.0,held,nan,nan,nan,nan,,nan,0,nan,nan,nan,INITIALIZING,0.0,0.0,0.0,17.61313799084263,0,0,0,0.0,0.0,1.0,0,0,0,0,0,0,0,DISABLED,nan,0,-1,0,0.0,0
170,22.82904834800138,nan,nan,nan,nan,nan,nan,nan,nan,144.0,189.0,388.0,291.0,held,nan,nan,nan,nan,,nan,0,nan,nan,nan,INITIALIZING,0.0,0.0,0.0,16.75963403300079,0,0,0,0.0,0.0,1.0,0,0,0,0,0,0,0,DISABLED,nan,0,-1,0,0.0,0
171,22.88865807300317,nan,nan,nan,nan,nan,nan,nan,nan,144.0,189.0,388.0,291.0,held,nan,nan,nan,nan,,nan,0,nan,nan,nan,INITIALIZING,0.0,0.0,0.0,16.775786165259753,0,0,0,0.0,0.0,1.0,0,0,0,0,0,0,0,DISABLED,nan,0,-1,0,0.0,0
172,22.9505586890009,nan,nan,nan,nan,nan,nan,nan,nan,144.0,189.0,388.0,291.0,held,nan,nan,nan,nan,,nan,0,nan,nan,nan,INITIALIZING,0.0,0.0,0.0,16.154928087253438,0,0,0,0.0,0.0,1.0,0,0,0,0,0,0,0,DISABLED,nan,0,-1,0,0.0,0
173,23.00480265400256,nan,nan,nan,nan,nan,nan,nan,nan,144.0,189.0,388.0,291.0,held,nan,nan,nan,nan,,nan,0,nan,nan,nan,INITIALIZING,0.0,0.0,0.0,18.43523053614149,0,0,0,0.0,0.0,1.0,0,0,0,0,0,0,0,DISABLED,nan,0,-1,0,0.0,0
174,23.064483891001146,nan,nan,nan,nan,nan,nan,nan,nan,144.0,189.0,388.0,291.0,held,nan,nan,nan,nan,,nan,0,nan,nan,nan,INITIALIZING,0.0,0.0,0.0,16.755684873349736,0,0,0,0.0,0.0,1.0,0,0,0,0,0,0,0,DISABLED,nan,0,-1,0,0.0,0
175,23.1217869960019,nan,nan,nan,nan,nan,nan,nan,nan,144.0,189.0,388.0,291.0,held,nan,nan,nan,nan,,nan,0,nan,nan,nan,INITIALIZING,0.0,0.0,0.0,17.451061334055307,0,0,0,0.0,0.0,1.0,0,0,0,0,0,0,0,DISABLED,nan,0,-1,0,0.0,0
176,23.181394012004603,nan,nan,nan,nan,nan,nan,nan,nan,144.0,189.0,388.0,291.0,held,nan,nan,nan,nan,,nan,0,nan,nan,nan,INITIALIZING,0.0,0.0,0.0,16.776548585399482,0,0,0,0.0,0.0,1.0,0,0,0,0,0,0,0,DISABLED,nan,0,-1,0,0.0,0
177,23.23743432500487,nan,nan,nan,nan,nan,nan,nan,nan,144.0,189.0,388.0,291.0,held,nan,nan,nan,nan,,nan,0,nan,nan,nan,INITIALIZING,0.0,0.0,0.0,17.844297193615553,0,0,0,0.0,0.0,1.0,0,0,0,0,0,0,0,DISABLED,nan,0,-1,0,0.0,0
178,23.29729692100227,nan,nan,nan,nan,nan,nan,nan,nan,144.0,189.0,388.0,291.0,held,nan,nan,nan,nan,,nan,0,nan,nan,nan,INITIALIZING,0.0,0.0,0.0,16.70492205255194,0,0,0,0.0,0.0,1.0,0,0,0,0,0,0,0,DISABLED,nan,0,-1,0,0.0,0
179,23.35374375399988,nan,nan,nan,nan,nan,nan,nan,nan,144.0,189.0,388.0,291.0,held,nan,nan,nan,nan,,nan,0,nan,nan,nan,INITIALIZING,0.0,0.0,0.0,17.71578575617123,0,0,0,0.0,0.0,1.0,0,0,0,0,0,0,0,DISABLED,nan,0,-1,0,0.0,0
180,23.414129905002483,nan,nan,nan,nan,nan,nan,nan,nan,144.0,189.0,388.0,291.0,held,nan,nan,nan,nan,,nan,0,nan,nan,nan,INITIALIZING,0.0,0.0,0.0,16.560088420884526,0,0,0,0.0,0.0,1.0,0,0,0,0,0,0,0,DISABLED,nan,0,-1,0,0.0,0
181,23.47327633700479,nan,nan,nan,nan,nan,nan,nan,nan,144.0,189.0,388.0,291.0,held,nan,nan,nan,nan,,nan,0,nan,nan,nan,INITIALIZING,0.0,0.0,0.0,16.90719061398295,0,0,0,0.0,0.0,1.0,0,0,0,0,0,0,0,DISABLED,nan,0,-1,0,0.0,0
182,23.53016083699913,nan,nan,nan,nan,nan,nan,nan,nan,144.0,189.0,388.0,291.0,held,nan,nan,nan,nan,,nan,0,nan,nan,nan,INITIALIZING,0.0,0.0,0.0,17.579481231258253,0,0,0,0.0,0.0,1.0,0,0,0,0,0,0,0,DISABLED,nan,0,-1,0,0.0,0
183,23.59376654800144,nan,nan,nan,nan,nan,nan,nan,nan,144.0,189.0,388.0,291.0,held,nan,nan,nan,nan,,nan,0,nan,nan,nan,INITIALIZING,0.0,0.0,0.0,15.721858685986204,0,0,0,0.0,0.0,1.0,0,0,0,0,0,0,0,DISABLED,nan,0,-1,0,0.0,0
184,23.648958193,nan,nan,nan,nan,nan,nan,nan,nan,144.0,189.0,388.0,291.0,held,nan,nan,nan,nan,,nan,0,nan,nan,nan,INITIALIZING,0.0,0.0,0.0,18.118684449903988,0,0,0,0.0,0.0,1.0,0,0,0,0,0,0,0,DISABLED,nan,0,-1,0,0.0,0
185,23.705334243000834,nan,nan,nan,nan,nan,nan,nan,nan,144.0,189.0,388.0,291.0,held,nan,nan,nan,nan,,nan,0,nan,nan,nan,INITIALIZING,0.0,0.0,0.0,17.73802882580771,0,0,0,0.0,0.0,1.0,0,0,0,0,0,0,0,DISABLED,nan,0,-1,0,0.0,0
186,23.767142251999758,nan,nan,nan,nan,nan,nan,nan,nan,144.0,189.0,388.0,291.0,held,nan,nan,nan,nan,,nan,0,nan,nan,nan,INITIALIZING,0.0,0.0,0.0,16.17913303140726,0,0,0,0.0,0.0,1.0,0,0,0,0,0,0,0,DISABLED,nan,0,-1,0,0.0,0
187,23.82062083400524,nan,nan,nan,nan,nan,nan,nan,nan,144.0,189.0,388.0,291.0,held,nan,nan,nan,nan,,nan,0,nan,nan,nan,INITIALIZING,0.0,0.0,0.0,18.699074704289814,0,0,0,0.0,0.0,1.0,0,0,0,0,0,0,0,DISABLED,nan,0,-1,0,0.0,0
188,23.881619188003242,nan,nan,nan,nan,nan,nan,nan,nan,144.0,189.0,388.0,291.0,held,nan,nan,nan,nan,,nan,0,nan,nan,nan,INITIALIZING,0.0,0.0,0.0,16.39388498963026,0,0,0,0.0,0.0,1.0,0,0,0,0,0,0,0,DISABLED,nan,0,-1,0,0.0,0
189,23.93744616099866,nan,nan,nan,nan,nan,nan,nan,nan,144.0,189.0,388.0,291.0,held,nan,nan,nan,nan,,nan,0,nan,nan,nan,INITIALIZING,0.0,0.0,0.0,17.912488289165456,0,0,0,0.0,0.0,1.0,0,0,0,0,0,0,0,DISABLED,nan,0,-1,0,0.0,0
190,23.998095392002142,nan,nan,nan,nan,nan,nan,nan,nan,144.0,189.0,388.0,291.0,held,nan,nan,nan,nan,,nan,0,nan,nan,nan,INITIALIZING,0.0,0.0,0.0,16.488255225241108,0,0,0,0.0,0.0,1.0,0,0,0,0,0,0,0,DISABLED,nan,0,-1,0,0.0,0
191,24.056640871000127,nan,nan,nan,nan,nan,nan,nan,nan,144.0,189.0,388.0,291.0,held,nan,nan,nan,nan,,nan,0,nan,nan,nan,INITIALIZING,0.0,0.0,0.0,17.080738207546638,0,0,0,0.0,0.0,1.0,0,0,0,0,0,0,0,DISABLED,nan,0,-1,0,0.0,0
192,24.112685662999866,nan,nan,nan,nan,nan,nan,nan,nan,144.0,189.0,388.0,291.0,held,nan,nan,nan,nan,,nan,0,nan,nan,nan,INITIALIZING,0.0,0.0,0.0,17.842871109320257,0,0,0,0.0,0.0,1.0,0,0,0,0,0,0,0,DISABLED,nan,0,-1,0,0.0,0
193,24.172622636004235,nan,nan,nan,nan,nan,nan,nan,nan,144.0,189.0,388.0,291.0,held,nan,nan,nan,nan,,nan,0,nan,nan,nan,INITIALIZING,0.0,0.0,0.0,16.684192575542742,0,0,0,0.0,0.0,1.0,0,0,0,0,0,0,0,DISABLED,nan,0,-1,0,0.0,0
194,24.228637270003674,nan,nan,nan,nan,nan,nan,nan,nan,144.0,189.0,388.0,291.0,held,nan,nan,nan,nan,,nan,0,nan,nan,nan,INITIALIZING,0.0,0.0,0.0,17.8524776223659,0,0,0,0.0,0.0,1.0,0,0,0,0,0,0,0,DISABLED,nan,0,-1,0,0.0,0
195,24.28913618400111,nan,nan,nan,nan,nan,nan,nan,nan,144.0,189.0,388.0,291.0,held,nan,nan,nan,nan,,nan,0,nan,nan,nan,INITIALIZING,0.0,0.0,0.0,16.529222326906517,0,0,0,0.0,0.0,1.0,0,0,0,0,0,0,0,DISABLED,nan,0,-1,0,0.0,0
196,24.349795727001037,nan,nan,nan,nan,nan,nan,nan,nan,144.0,189.0,388.0,291.0,held,nan,nan,nan,nan,,nan,0,nan,nan,nan,INITIALIZING,0.0,0.0,0.0,16.485452256064203,0,0,0,0.0,0.0,1.0,0,0,0,0,0,0,0,DISABLED,nan,0,-1,0,0.0,0
197,24.404910965000454,nan,nan,nan,nan,nan,nan,nan,nan,144.0,189.0,388.0,291.0,held,nan,nan,nan,nan,,nan,0,nan,nan,nan,INITIALIZING,0.0,0.0,0.0,18.143802626972025,0,0,0,0.0,0.0,1.0,0,0,0,0,0,0,0,DISABLED,nan,0,-1,0,0.0,0
198,24.46542201400007,nan,nan,nan,nan,nan,nan,nan,nan,144.0,189.0,388.0,291.0,held,nan,nan,nan,nan,,nan,0,nan,nan,nan,INITIALIZING,0.0,0.0,0.0,16.525907524861488,0,0,0,0.0,0.0,1.0,0,0,0,0,0,0,0,DISABLED,nan,0,-1,0,0.0,0
199,24.52150300500216,nan,nan,nan,nan,nan,nan,nan,nan,144.0,189.0,388.0,291.0,held,nan,nan,nan,nan,,nan,0,nan,nan,nan,INITIALIZING,0.0,0.0,0.0,17.83135394242087,0,0,0,0.0,0.0,1.0,0,0,0,0,0,0,0,DISABLED,nan,0,-1,0,0.0,0
200,24.581453780003358,nan,nan,nan,nan,nan,nan,nan,nan,144.0,189.0,388.0,291.0,held,nan,nan,nan,nan,,nan,0,nan,nan,nan,INITIALIZING,0.0,0.0,0.0,16.680351504713926,0,0,0,0.0,0.0,1.0,0,0,0,0,0,0,0,DISABLED,nan,0,-1,0,0.0,0
201,24.64130226099951,nan,nan,nan,nan,nan,nan,nan,nan,144.0,189.0,388.0,291.0,held,nan,nan,nan,nan,,nan,0,nan,nan,nan,INITIALIZING,0.0,0.0,0.0,16.70886183501127,0,0,0,0.0,0.0,1.0,0,0,0,0,0,0,0,DISABLED,nan,0,-1,0,0.0,0
202,24.70066432400199,nan,nan,nan,nan,nan,nan,nan,nan,144.0,189.0,388.0,291.0,held,nan,nan,nan,nan,,nan,0,nan,nan,nan,INITIALIZING,0.0,0.0,0.0,16.845775726463476,0,0,0,0.0,0.0,1.0,0,0,0,0,0,0,0,DISABLED,nan,0,-1,0,0.0,0
203,24.75713428200106,nan,nan,nan,nan,nan,nan,nan,nan,144.0,189.0,388.0,291.0,held,nan,nan,nan,nan,,nan,0,nan,nan,nan,INITIALIZING,0.0,0.0,0.0,17.708530968209075,0,0,0,0.0,0.0,1.0,0,0,0,0,0,0,0,DISABLED,nan,0,-1,0,0.0,0
204,24.81405638800061,nan,nan,nan,nan,nan,nan,nan,nan,144.0,189.0,388.0,291.0,held,nan,nan,nan,nan,,nan,0,nan,nan,nan,INITIALIZING,0.0,0.0,0.0,17.56786721854524,0,0,0,0.0,0.0,1.0,0,0,0,0,0,0,0,DISABLED,nan,0,-1,0,0.0,0
205,24.87352152600215,nan,nan,nan,nan,nan,nan,nan,nan,144.0,189.0,388.0,291.0,held,nan,nan,nan,nan,,nan,0,nan,nan,nan,INITIALIZING,0.0,0.0,0.0,16.816575788894454,0,0,0,0.0,0.0,1.0,0,0,0,0,0,0,0,DISABLED,nan,0,-1,0,0.0,0
206,24.934088879002957,nan,nan,nan,nan,nan,nan,nan,nan,144.0,189.0,388.0,291.0,held,nan,nan,nan,nan,,nan,0,nan,nan,nan,INITIALIZING,0.0,0.0,0.0,16.510544880287068,0,0,0,0.0,0.0,1.0,0,0,0,0,0,0,0,DISABLED,nan,0,-1,0,0.0,0
207,24.99518801600061,nan,nan,nan,nan,nan,nan,nan,nan,144.0,189.0,388.0,291.0,held,nan,nan,nan,nan,,nan,0,nan,nan,nan,INITIALIZING,0.0,0.0,0.0,16.366843283537495,0,0,0,0.0,0.0,1.0,0,0,0,0,0,0,0,DISABLED,nan,0,-1,0,0.0,0
208,25.050468831002945,nan,nan,nan,nan,nan,nan,nan,nan,144.0,189.0,388.0,291.0,held,nan,nan,nan,nan,,nan,0,nan,nan,nan,INITIALIZING,0.0,0.0,0.0,18.089458340253888,0,0,0,0.0,0.0,1.0,0,0,0,0,0,0,0,DISABLED,nan,0,-1,0,0.0,0
209,25.105447971000103,nan,nan,nan,nan,nan,nan,nan,nan,144.0,189.0,388.0,291.0,held,nan,nan,nan,nan,,nan,0,nan,nan,nan,INITIALIZING,0.0,0.0,0.0,18.188716666933836,0,0,0,0.0,0.0,1.0,0,0,0,0,0,0,0,DISABLED,nan,0,-1,0,0.0,0
210,25.16915212100139,nan,nan,nan,nan,nan,nan,nan,nan,144.0,189.0,388.0,291.0,held,nan,nan,nan,nan,,nan,0,nan,nan,nan,INITIALIZING,0.0,0.0,0.0,15.697564444071842,0,0,0,0.0,0.0,1.0,0,0,0,0,0,0,0,DISABLED,nan,0,-1,0,0.0,0
211,25.225171288002457,nan,nan,nan,nan,nan,nan,nan,nan,144.0,189.0,388.0,291.0,held,nan,nan,nan,nan,,nan,0,nan,nan,nan,INITIALIZING,0.0,0.0,0.0,17.85103302198215,0,0,0,0.0,0.0,1.0,0,0,0,0,0,0,0,DISABLED,nan,0,-1,0,0.0,0
212,25.280812475000857,nan,nan,nan,nan,nan,nan,nan,nan,144.0,189.0,388.0,291.0,held,nan,nan,nan,nan,,nan,0,nan,nan,nan,INITIALIZING,0.0,0.0,0.0,17.972298111266912,0,0,0,0.0,0.0,1.0,0,0,0,0,0,0,0,DISABLED,nan,0,-1,0,0.0,0
213,25.3431591960034,nan,nan,nan,nan,nan,nan,nan,nan,144.0,189.0,388.0,291.0,held,nan,nan,nan,nan,,nan,0,nan,nan,nan,INITIALIZING,0.0,0.0,0.0,16.039335893209905,0,0,0,0.0,0.0,1.0,0,0,0,0,0,0,0,DISABLED,nan,0,-1,0,0.0,0
214,25.39786062100029,nan,nan,nan,nan,nan,nan,nan,nan,144.0,189.0,388.0,291.0,held,nan,nan,nan,nan,,nan,0,nan,nan,nan,INITIALIZING,0.0,0.0,0.0,18.28105940671215,0,0,0,0.0,0.0,1.0,0,0,0,0,0,0,0,DISABLED,nan,0,-1,0,0.0,0
215,25.458731784005067,nan,nan,nan,nan,nan,nan,nan,nan,144.0,189.0,388.0,291.0,held,nan,nan,nan,nan,,nan,0,nan,nan,nan,INITIALIZING,0.0,0.0,0.0,16.428140200336433,0,0,0,0.0,0.0,1.0,0,0,0,0,0,0,0,DISABLED,nan,0,-1,0,0.0,0
216,25.51754320799955,nan,nan,nan,nan,nan,nan,nan,nan,144.0,189.0,388.0,291.0,held,nan,nan,nan,nan,,nan,0,nan,nan,nan,INITIALIZING,0.0,0.0,0.0,17.00349918569877,0,0,0,0.0,0.0,1.0,0,0,0,0,0,0,0,DISABLED,nan,0,-1,0,0.0,0
217,25.577069753002434,nan,nan,nan,nan,nan,nan,nan,nan,144.0,189.0,388.0,291.0,held,nan,nan,nan,nan,,nan,0,nan,nan,nan,INITIALIZING,0.0,0.0,0.0,16.799227973865882,0,0,0,0.0,0.0,1.0,0,0,0,0,0,0,0,DISABLED,nan,0,-1,0,0.0,0
218,25.63908302799973,nan,nan,nan,nan,nan,nan,nan,nan,144.0,189.0,388.0,291.0,held,nan,nan,nan,nan,,nan,0,nan,nan,nan,INITIALIZING,0.0,0.0,0.0,16.125579564110573,0,0,0,0.0,0.0,1.0,0,0,0,0,0,0,0,DISABLED,nan,0,-1,0,0.0,0
219,25.691576637000253,nan,nan,nan,nan,nan,nan,nan,nan,144.0,189.0,388.0,291.0,held,nan,nan,nan,nan,,nan,0,nan,nan,nan,INITIALIZING,0.0,0.0,0.0,19.049938059889733,0,0,0,0.0,0.0,1.0,0,0,0,0,0,0,0,DISABLED,nan,0,-1,0,0.0,0
220,25.755937471003563,nan,nan,nan,nan,nan,nan,nan,nan,144.0,189.0,388.0,291.0,held,nan,nan,nan,nan,,nan,0,nan,nan,nan,INITIALIZING,0.0,0.0,0.0,15.53739965440124,0,0,0,0.0,0.0,1.0,0,0,0,0,0,0,0,DISABLED,nan,0,-1,0,0.0,0
221,25.812546599998313,nan,nan,nan,nan,nan,nan,nan,nan,144.0,189.0,388.0,291.0,held,nan,nan,nan,nan,,nan,0,nan,nan,nan,INITIALIZING,0.0,0.0,0.0,17.66499534187723,0,0,0,0.0,0.0,1.0,0,0,0,0,0,0,0,DISABLED,nan,0,-1,0,0.0,0
222,25.866320553999685,nan,nan,nan,nan,nan,nan,nan,nan,144.0,189.0,388.0,291.0,held,nan,nan,nan,nan,,nan,0,nan,nan,nan,INITIALIZING,0.0,0.0,0.0,18.59636358476616,0,0,0,0.0,0.0,1.0,0,0,0,0,0,0,0,DISABLED,nan,0,-1,0,0.0,0
223,25.926375132999965,nan,nan,nan,nan,nan,nan,nan,nan,144.0,189.0,388.0,291.0,held,nan,nan,nan,nan,,nan,0,nan,nan,nan,INITIALIZING,0.0,0.0,0.0,16.651519611774173,0,0,0,0.0,0.0,1.0,0,0,0,0,0,0,0,DISABLED,nan,0,-1,0,0.0,0
224,25.981511830003,nan,nan,nan,nan,nan,nan,nan,nan,144.0,189.0,388.0,291.0,held,nan,nan,nan,nan,,nan,0,nan,nan,nan,INITIALIZING,0.0,0.0,0.0,18.136741124426447,0,0,0,0.0,0.0,1.0,0,0,0,0,0,0,0,DISABLED,nan,0,-1,0,0.0,0
225,26.04101597900444,nan,nan,nan,nan,nan,nan,nan,nan,144.0,189.0,388.0,291.0,held,nan,nan,nan,nan,,nan,0,nan,nan,nan,INITIALIZING,0.0,0.0,0.0,16.805550819251003,0,0,0,0.0,0.0,1.0,0,0,0,0,0,0,0,DISABLED,nan,0,-1,0,0.0,0
226,26.101906986004906,nan,nan,nan,nan,nan,nan,nan,nan,144.0,189.0,388.0,291.0,held,nan,nan,nan,nan,,nan,0,nan,nan,nan,INITIALIZING,0.0,0.0,0.0,16.4227863729102,0,0,0,0.0,0.0,1.0,0,0,0,0,0,0,0,DISABLED,nan,0,-1,0,0.0,0
227,26.158781955004088,nan,nan,nan,nan,nan,nan,nan,nan,144.0,189.0,388.0,291.0,held,nan,nan,nan,nan,,nan,0,nan,nan,nan,INITIALIZING,0.0,0.0,0.0,17.58242716605937,0,0,0,0.0,0.0,1.0,0,0,0,0,0,0,0,DISABLED,nan,0,-1,0,0.0,0
228,26.21840902400436,nan,nan,nan,nan,nan,nan,nan,nan,144.0,189.0,388.0,291.0,held,nan,nan,nan,nan,,nan,0,nan,nan,nan,INITIALIZING,0.0,0.0,0.0,16.770906515553406,0,0,0,0.0,0.0,1.0,0,0,0,0,0,0,0,DISABLED,nan,0,-1,0,0.0,0
229,26.275551396000083,nan,nan,nan,nan,nan,nan,nan,nan,144.0,189.0,388.0,291.0,held,nan,nan,nan,nan,,nan,0,nan,nan,nan,INITIALIZING,0.0,0.0,0.0,17.500148577571018,0,0,0,0.0,0.0,1.0,0,0,0,0,0,0,0,DISABLED,nan,0,-1,0,0.0,0
230,26.333817910002836,nan,nan,nan,nan,nan,nan,nan,nan,144.0,189.0,388.0,291.0,held,nan,nan,nan,nan,,nan,0,nan,nan,nan,INITIALIZING,0.0,0.0,0.0,17.162516363219403,0,0,0,0.0,0.0,1.0,0,0,0,0,0,0,0,DISABLED,nan,0,-1,0,0.0,0
231,26.392730170002324,nan,nan,nan,nan,nan,nan,nan,nan,144.0,189.0,388.0,291.0,held,nan,nan,nan,nan,,nan,0,nan,nan,nan,INITIALIZING,0.0,0.0,0.0,16.97439548251401,0,0,0,0.0,0.0,1.0,0,0,0,0,0,0,0,DISABLED,nan,0,-1,0,0.0,0
232,26.449786653000046,nan,nan,nan,nan,nan,nan,nan,nan,144.0,189.0,388.0,291.0,held,nan,nan,nan,nan,,nan,0,nan,nan,nan,INITIALIZING,0.0,0.0,0.0,17.52649212605532,0,0,0,0.0,0.0,1.0,0,0,0,0,0,0,0,DISABLED,nan,0,-1,0,0.0,0
233,26.509080588999495,nan,nan,nan,nan,nan,nan,nan,nan,144.0,189.0,388.0,291.0,held,nan,nan,nan,nan,,nan,0,nan,nan,nan,INITIALIZING,0.0,0.0,0.0,16.865131031431186,0,0,0,0.0,0.0,1.0,0,0,0,0,0,0,0,DISABLED,nan,0,-1,0,0.0,0
234,26.565216738003073,nan,nan,nan,nan,nan,nan,nan,nan,144.0,189.0,388.0,291.0,held,nan,nan,nan,nan,,nan,0,nan,nan,nan,INITIALIZING,0.0,0.0,0.0,17.81383329191791,0,0,0,0.0,0.0,1.0,0,0,0,0,0,0,0,DISABLED,nan,0,-1,0,0.0,0
235,26.629096153003047,nan,nan,nan,nan,nan,nan,nan,nan,144.0,189.0,388.0,291.0,held,nan,nan,nan,nan,,nan,0,nan,nan,nan,INITIALIZING,0.0,0.0,0.0,15.654495270509406,0,0,0,0.0,0.0,1.0,0,0,0,0,0,0,0,DISABLED,nan,0,-1,0,0.0,0
236,26.685690958998748,nan,nan,nan,nan,nan,nan,nan,nan,144.0,189.0,388.0,291.0,held,nan,nan,nan,nan,,nan,0,nan,nan,nan,INITIALIZING,0.0,0.0,0.0,17.669465994387597,0,0,0,0.0,0.0,1.0,0,0,0,0,0,0,0,DISABLED,nan,0,-1,0,0.0,0
237,26.743332821999502,nan,nan,nan,nan,nan,nan,nan,nan,144.0,189.0,388.0,291.0,held,nan,nan,nan,nan,,nan,0,nan,nan,nan,INITIALIZING,0.0,0.0,0.0,17.348502424130924,0,0,0,0.0,0.0,1.0,0,0,0,0,0,0,0,DISABLED,nan,0,-1,0,0.0,0
238,26.80296551599895,nan,nan,nan,nan,nan,nan,nan,nan,144.0,189.0,388.0,291.0,held,nan,nan,nan,nan,,nan,0,nan,nan,nan,INITIALIZING,0.0,0.0,0.0,16.76932455892861,0,0,0,0.0,0.0,1.0,0,0,0,0,0,0,0,DISABLED,nan,0,-1,0,0.0,0
239,26.860902022002847,nan,nan,nan,nan,nan,nan,nan,nan,144.0,189.0,388.0,291.0,held,nan,nan,nan,nan,,nan,0,nan,nan,nan,INITIALIZING,0.0,0.0,0.0,17.260274548360194,0,0,0,0.0,0.0,1.0,0,0,0,0,0,0,0,DISABLED,nan,0,-1,0,0.0,0
240,26.927392545003386,nan,nan,nan,nan,nan,nan,nan,nan,144.0,189.0,388.0,291.0,held,nan,nan,nan,nan,,nan,0,nan,nan,nan,INITIALIZING,0.0,0.0,0.0,15.03973731702932,0,0,0,0.0,0.0,1.0,0,0,0,0,0,0,0,DISABLED,nan,0,-1,0,0.0,0
241,26.97766401500121,nan,nan,nan,nan,nan,nan,nan,nan,144.0,189.0,388.0,291.0,held,nan,nan,nan,nan,,nan,0,nan,nan,nan,INITIALIZING,0.0,0.0,0.0,19.89199838483501,0,0,0,0.0,0.0,1.0,0,0,0,0,0,0,0,DISABLED,nan,0,-1,0,0.0,0
242,27.03350166600285,nan,nan,nan,nan,nan,nan,nan,nan,144.0,189.0,388.0,291.0,held,nan,nan,nan,nan,,nan,0,nan,nan,nan,INITIALIZING,0.0,0.0,0.0,17.90906282878289,0,0,0,0.0,0.0,1.0,0,0,0,0,0,0,0,DISABLED,nan,0,-1,0,0.0,0
243,27.093231393999304,nan,nan,nan,nan,nan,nan,nan,nan,144.0,189.0,388.0,291.0,held,nan,nan,nan,nan,,nan,0,nan,nan,nan,INITIALIZING,0.0,0.0,0.0,16.742081933796015,0,0,0,0.0,0.0,1.0,0,0,0,0,0,0,0,DISABLED,nan,0,-1,0,0.0,0
244,27.151469522003026,nan,nan,nan,nan,nan,nan,nan,nan,144.0,189.0,388.0,291.0,held,nan,nan,nan,nan,,nan,0,nan,nan,nan,INITIALIZING,0.0,0.0,0.0,17.170881590426138,0,0,0,0.0,0.0,1.0,0,0,0,0,0,0,0,DISABLED,nan,0,-1,0,0.0,0
245,27.21377764800127,nan,nan,nan,nan,nan,nan,nan,nan,144.0,189.0,388.0,291.0,held,nan,nan,nan,nan,,nan,0,nan,nan,nan,INITIALIZING,0.0,0.0,0.0,16.04927100565025,0,0,0,0.0,0.0,1.0,0,0,0,0,0,0,0,DISABLED,nan,0,-1,0,0.0,0
246,27.27272678400186,nan,nan,nan,nan,nan,nan,nan,nan,144.0,189.0,388.0,291.0,held,nan,nan,nan,nan,,nan,0,nan,nan,nan,INITIALIZING,0.0,0.0,0.0,16.96377704314365,0,0,0,0.0,0.0,1.0,0,0,0,0,0,0,0,DISABLED,nan,0,-1,0,0.0,0
247,27.328069110000797,nan,nan,nan,nan,nan,nan,nan,nan,144.0,189.0,388.0,291.0,held,nan,nan,nan,nan,,nan,0,nan,nan,nan,INITIALIZING,0.0,0.0,0.0,18.069352560628342,0,0,0,0.0,0.0,1.0,0,0,0,0,0,0,0,DISABLED,nan,0,-1,0,0.0,0
248,27.38608051399933,nan,nan,nan,nan,nan,nan,nan,nan,144.0,189.0,388.0,291.0,held,nan,nan,nan,nan,,nan,0,nan,nan,nan,INITIALIZING,0.0,0.0,0.0,17.23798996530509,0,0,0,0.0,0.0,1.0,0,0,0,0,0,0,0,DISABLED,nan,0,-1,0,0.0,0
249,27.444758705001732,nan,nan,nan,nan,nan,nan,nan,nan,144.0,189.0,388.0,291.0,held,nan,nan,nan,nan,,nan,0,nan,nan,nan,INITIALIZING,0.0,0.0,0.0,17.042106835895755,0,0,0,0.0,0.0,1.0,0,0,0,0,0,0,0,DISABLED,nan,0,-1,0,0.0,0
250,27.50172450899845,nan,nan,nan,nan,nan,nan,nan,nan,144.0,189.0,388.0,291.0,held,nan,nan,nan,nan,,nan,0,nan,nan,nan,INITIALIZING,0.0,0.0,0.0,17.5543910528782,0,0,0,0.0,0.0,1.0,0,0,0,0,0,0,0,DISABLED,nan,0,-1,0,0.0,0
251,27.561707108005066,nan,nan,nan,nan,nan,nan,nan,nan,144.0,189.0,388.0,291.0,held,nan,nan,nan,nan,,nan,0,nan,nan,nan,INITIALIZING,0.0,0.0,0.0,16.671501678173247,0,0,0,0.0,0.0,1.0,0,0,0,0,0,0,0,DISABLED,nan,0,-1,0,0.0,0
252,27.617725754003914,nan,nan,nan,nan,nan,nan,nan,nan,144.0,189.0,388.0,291.0,held,nan,nan,nan,nan,,nan,0,nan,nan,nan,INITIALIZING,0.0,0.0,0.0,17.851199045770915,0,0,0,0.0,0.0,1.0,0,0,0,0,0,0,0,DISABLED,nan,0,-1,0,0.0,0
253,27.678526290001173,nan,nan,nan,nan,nan,nan,nan,nan,144.0,189.0,388.0,291.0,held,nan,nan,nan,nan,,nan,0,nan,nan,nan,INITIALIZING,0.0,0.0,0.0,16.447223426534837,0,0,0,0.0,0.0,1.0,0,0,0,0,0,0,0,DISABLED,nan,0,-1,0,0.0,0
254,27.734107633004896,nan,nan,nan,nan,nan,nan,nan,nan,144.0,189.0,388.0,291.0,held,nan,nan,nan,nan,,nan,0,nan,nan,nan,INITIALIZING,0.0,0.0,0.0,17.991648743230467,0,0,0,0.0,0.0,1.0,0,0,0,0,0,0,0,DISABLED,nan,0,-1,0,0.0,0
255,27.795299793004233,nan,nan,nan,nan,nan,nan,nan,nan,144.0,189.0,388.0,291.0,held,nan,nan,nan,nan,,nan,0,nan,nan,nan,INITIALIZING,0.0,0.0,0.0,16.34196276141979,0,0,0,0.0,0.0,1.0,0,0,0,0,0,0,0,DISABLED,nan,0,-1,0,0.0,0
256,27.85513363800419,nan,nan,nan,nan,nan,nan,nan,nan,144.0,189.0,388.0,291.0,held,nan,nan,nan,nan,,nan,0,nan,nan,nan,INITIALIZING,0.0,0.0,0.0,16.71294900069873,0,0,0,0.0,0.0,1.0,0,0,0,0,0,0,0,DISABLED,nan,0,-1,0,0.0,0
257,27.911831675999565,nan,nan,nan,nan,nan,nan,nan,nan,144.0,189.0,388.0,291.0,held,nan,nan,nan,nan,,nan,0,nan,nan,nan,INITIALIZING,0.0,0.0,0.0,17.63729461117467,0,0,0,0.0,0.0,1.0,0,0,0,0,0,0,0,DISABLED,nan,0,-1,0,0.0,0
258,27.97105212000315,nan,nan,nan,nan,nan,nan,nan,nan,144.0,189.0,388.0,291.0,held,nan,nan,nan,nan,,nan,0,nan,nan,nan,INITIALIZING,0.0,0.0,0.0,16.88606049524808,0,0,0,0.0,0.0,1.0,0,0,0,0,0,0,0,DISABLED,nan,0,-1,0,0.0,0
259,28.026481480002985,nan,nan,nan,nan,nan,nan,nan,nan,144.0,189.0,388.0,291.0,held,nan,nan,nan,nan,,nan,0,nan,nan,nan,INITIALIZING,0.0,0.0,0.0,18.040980447960877,0,0,0,0.0,0.0,1.0,0,0,0,0,0,0,0,DISABLED,nan,0,-1,0,0.0,0
260,28.08712649100198,nan,nan,nan,nan,nan,nan,nan,nan,144.0,189.0,388.0,291.0,held,nan,nan,nan,nan,,nan,0,nan,nan,nan,INITIALIZING,0.0,0.0,0.0,16.48940256629763,0,0,0,0.0,0.0,1.0,0,0,0,0,0,0,0,DISABLED,nan,0,-1,0,0.0,0
261,28.146123128004547,nan,nan,nan,nan,nan,nan,nan,nan,144.0,189.0,388.0,291.0,held,nan,nan,nan,nan,,nan,0,nan,nan,nan,INITIALIZING,0.0,0.0,0.0,16.950118698401802,0,0,0,0.0,0.0,1.0,0,0,0,0,0,0,0,DISABLED,nan,0,-1,0,0.0,0
262,28.2015006119982,nan,nan,nan,nan,nan,nan,nan,nan,144.0,189.0,388.0,291.0,held,nan,nan,nan,nan,,nan,0,nan,nan,nan,INITIALIZING,0.0,0.0,0.0,18.057880710409783,0,0,0,0.0,0.0,1.0,0,0,0,0,0,0,0,DISABLED,nan,0,-1,0,0.0,0
263,28.263084449004964,nan,nan,nan,nan,nan,nan,nan,nan,144.0,189.0,388.0,291.0,held,nan,nan,nan,nan,,nan,0,nan,nan,nan,INITIALIZING,0.0,0.0,0.0,16.238026868805697,0,0,0,0.0,0.0,1.0,0,0,0,0,0,0,0,DISABLED,nan,0,-1,0,0.0,0
264,28.31827734399849,nan,nan,nan,nan,nan,nan,nan,nan,144.0,189.0,388.0,291.0,held,nan,nan,nan,nan,,nan,0,nan,nan,nan,INITIALIZING,0.0,0.0,0.0,18.11827410244243,0,0,0,0.0,0.0,1.0,0,0,0,0,0,0,0,DISABLED,nan,0,-1,0,0.0,0
265,28.376893503002066,nan,nan,nan,nan,nan,nan,nan,nan,144.0,189.0,388.0,291.0,held,nan,nan,nan,nan,,nan,0,nan,nan,nan,INITIALIZING,0.0,0.0,0.0,17.060142066609526,0,0,0,0.0,0.0,1.0,0,0,0,0,0,0,0,DISABLED,nan,0,-1,0,0.0,0
266,28.438937299004465,nan,nan,nan,nan,nan,nan,nan,nan,144.0,189.0,388.0,291.0,held,nan,nan,nan,nan,,nan,0,nan,nan,nan,INITIALIZING,0.0,0.0,0.0,16.1176469595982,0,0,0,0.0,0.0,1.0,0,0,0,0,0,0,0,DISABLED,nan,0,-1,0,0.0,0
267,28.496729791004327,nan,nan,nan,nan,nan,nan,nan,nan,144.0,189.0,388.0,291.0,held,nan,nan,nan,nan,,nan,0,nan,nan,nan,INITIALIZING,0.0,0.0,0.0,17.303285693276273,0,0,0,0.0,0.0,1.0,0,0,0,0,0,0,0,DISABLED,nan,0,-1,0,0.0,0
268,28.552991828000813,nan,nan,nan,nan,nan,nan,nan,nan,144.0,189.0,388.0,291.0,held,nan,nan,nan,nan,,nan,0,nan,nan,nan,INITIALIZING,0.0,0.0,0.0,17.773974306377415,0,0,0,0.0,0.0,1.0,0,0,0,0,0,0,0,DISABLED,nan,0,-1,0,0.0,0
269,28.612904113004333,nan,nan,nan,nan,nan,nan,nan,nan,144.0,189.0,388.0,291.0,held,nan,nan,nan,nan,,nan,0,nan,nan,nan,INITIALIZING,0.0,0.0,0.0,16.69106761561917,0,0,0,0.0,0.0,1.0,0,0,0,0,0,0,0,DISABLED,nan,0,-1,0,0.0,0
270,28.688627107003413,nan,nan,nan,nan,nan,nan,nan,nan,144.0,189.0,388.0,291.0,held,nan,nan,nan,nan,,nan,0,nan,nan,nan,INITIALIZING,0.0,0.0,0.0,13.206028277383727,0,0,0,0.0,0.0,1.0,0,0,0,0,0,0,0,DISABLED,nan,0,-1,0,0.0,0
271,28.729298231999564,nan,nan,nan,nan,nan,nan,nan,nan,144.0,189.0,388.0,291.0,held,nan,nan,nan,nan,,nan,0,nan,nan,nan,INITIALIZING,0.0,0.0,0.0,24.5874683843788,0,0,0,0.0,0.0,1.0,0,0,0,0,0,0,0,DISABLED,nan,0,-1,0,0.0,0
272,28.78928754899971,nan,nan,nan,nan,nan,nan,nan,nan,144.0,189.0,388.0,291.0,held,nan,nan,nan,nan,,nan,0,nan,nan,nan,INITIALIZING,0.0,0.0,0.0,16.669634695083815,0,0,0,0.0,0.0,1.0,0,0,0,0,0,0,0,DISABLED,nan,0,-1,0,0.0,0
273,28.858221622998826,nan,nan,nan,nan,nan,nan,nan,nan,144.0,189.0,388.0,291.0,held,nan,nan,nan,nan,,nan,0,nan,nan,nan,INITIALIZING,0.0,0.0,0.0,14.506613957167456,0,0,0,0.0,0.0,1.0,0,0,0,0,0,0,0,DISABLED,nan,0,-1,0,0.0,0
274,28.91198734700447,nan,nan,nan,nan,nan,nan,nan,nan,144.0,189.0,388.0,291.0,held,nan,nan,nan,nan,,nan,0,nan,nan,nan,INITIALIZING,0.0,0.0,0.0,18.599210156549542,0,0,0,0.0,0.0,1.0,0,0,0,0,0,0,0,DISABLED,nan,0,-1,0,0.0,0
275,28.963274155001272,nan,nan,nan,nan,nan,nan,nan,nan,144.0,189.0,388.0,291.0,held,nan,nan,nan,nan,,nan,0,nan,nan,nan,INITIALIZING,0.0,0.0,0.0,19.49819142697156,0,0,0,0.0,0.0,1.0,0,0,0,0,0,0,0,DISABLED,nan,0,-1,0,0.0,0
276,29.025057423998078,nan,nan,nan,nan,nan,nan,nan,nan,144.0,189.0,388.0,291.0,held,nan,nan,nan,nan,,nan,0,nan,nan,nan,INITIALIZING,0.0,0.0,0.0,16.185611675091298,0,0,0,0.0,0.0,1.0,0,0,0,0,0,0,0,DISABLED,nan,0,-1,0,0.0,0
277,29.078642259002663,nan,nan,nan,nan,nan,nan,nan,nan,144.0,189.0,388.0,291.0,held,nan,nan,nan,nan,,nan,0,nan,nan,nan,INITIALIZING,0.0,0.0,0.0,18.661996438254008,0,0,0,0.0,0.0,1.0,0,0,0,0,0,0,0,DISABLED,nan,0,-1,0,0.0,0
278,29.14087329999893,nan,nan,nan,nan,nan,nan,nan,nan,144.0,189.0,388.0,291.0,held,nan,nan,nan,nan,,nan,0,nan,nan,nan,INITIALIZING,0.0,0.0,0.0,16.069151085870374,0,0,0,0.0,0.0,1.0,0,0,0,0,0,0,0,DISABLED,nan,0,-1,0,0.0,0
279,29.19297981500131,nan,nan,nan,nan,nan,nan,nan,nan,144.0,189.0,388.0,291.0,held,nan,nan,nan,nan,,nan,0,nan,nan,nan,INITIALIZING,0.0,0.0,0.0,19.191458111415603,0,0,0,0.0,0.0,1.0,0,0,0,0,0,0,0,DISABLED,nan,0,-1,0,0.0,0
280,29.253269505999924,nan,nan,nan,nan,nan,nan,nan,nan,144.0,189.0,388.0,291.0,held,nan,nan,nan,nan,,nan,0,nan,nan,nan,INITIALIZING,0.0,0.0,0.0,16.58658360055222,0,0,0,0.0,0.0,1.0,0,0,0,0,0,0,0,DISABLED,nan,0,-1,0,0.0,0
281,29.31381987900386,nan,nan,nan,nan,nan,nan,nan,nan,144.0,189.0,388.0,291.0,held,nan,nan,nan,nan,,nan,0,nan,nan,nan,INITIALIZING,0.0,0.0,0.0,16.515174893060045,0,0,0,0.0,0.0,1.0,0,0,0,0,0,0,0,DISABLED,nan,0,-1,0,0.0,0
282,29.369595028998447,nan,nan,nan,nan,nan,nan,nan,nan,144.0,189.0,388.0,291.0,held,nan,nan,nan,nan,,nan,0,nan,nan,nan,INITIALIZING,0.0,0.0,0.0,17.929131523573357,0,0,0,0.0,0.0,1.0,0,0,0,0,0,0,0,DISABLED,nan,0,-1,0,0.0,0
283,29.430127849998826,nan,nan,nan,nan,nan,nan,nan,nan,144.0,189.0,388.0,291.0,held,nan,nan,nan,nan,,nan,0,nan,nan,nan,INITIALIZING,0.0,0.0,0.0,16.519963607738323,0,0,0,0.0,0.0,1.0,0,0,0,0,0,0,0,DISABLED,nan,0,-1,0,0.0,0
284,29.486076181005046,nan,nan,nan,nan,nan,nan,nan,nan,144.0,189.0,388.0,291.0,held,nan,nan,nan,nan,,nan,0,nan,nan,nan,INITIALIZING,0.0,0.0,0.0,17.873634155213967,0,0,0,0.0,0.0,1.0,0,0,0,0,0,0,0,DISABLED,nan,0,-1,0,0.0,0
285,29.54520370699902,nan,nan,nan,nan,nan,nan,nan,nan,144.0,189.0,388.0,291.0,held,nan,nan,nan,nan,,nan,0,nan,nan,nan,INITIALIZING,0.0,0.0,0.0,16.912596683005944,0,0,0,0.0,0.0,1.0,0,0,0,0,0,0,0,DISABLED,nan,0,-1,0,0.0,0
286,29.609289377003734,nan,nan,nan,nan,nan,nan,nan,nan,144.0,189.0,388.0,291.0,held,nan,nan,nan,nan,,nan,0,nan,nan,nan,INITIALIZING,0.0,0.0,0.0,15.604112431475293,0,0,0,0.0,0.0,1.0,0,0,0,0,0,0,0,DISABLED,nan,0,-1,0,0.0,0
287,29.666236588003812,nan,nan,nan,nan,nan,nan,nan,nan,144.0,189.0,388.0,291.0,held,nan,nan,nan,nan,,nan,0,nan,nan,nan,INITIALIZING,0.0,0.0,0.0,17.560122479020364,0,0,0,0.0,0.0,1.0,0,0,0,0,0,0,0,DISABLED,nan,0,-1,0,0.0,0
288,29.724815453999327,nan,nan,nan,nan,nan,nan,nan,nan,144.0,189.0,388.0,291.0,held,nan,nan,nan,nan,,nan,0,nan,nan,nan,INITIALIZING,0.0,0.0,0.0,17.071003048720286,0,0,0,0.0,0.0,1.0,0,0,0,0,0,0,0,DISABLED,nan,0,-1,0,0.0,0
289,29.787886463003815,nan,nan,nan,nan,nan,nan,nan,nan,144.0,189.0,388.0,291.0,held,nan,nan,nan,nan,,nan,0,nan,nan,nan,INITIALIZING,0.0,0.0,0.0,15.85514510999551,0,0,0,0.0,0.0,1.0,0,0,0,0,0,0,0,DISABLED,nan,0,-1,0,0.0,0
290,29.840974514001573,nan,nan,nan,nan,nan,nan,nan,nan,144.0,189.0,388.0,291.0,held,nan,nan,nan,nan,,nan,0,nan,nan,nan,INITIALIZING,0.0,0.0,0.0,18.836630488511155,0,0,0,0.0,0.0,1.0,0,0,0,0,0,0,0,DISABLED,nan,0,-1,0,0.0,0
291,29.901354050001828,nan,nan,nan,nan,nan,nan,nan,nan,144.0,189.0,388.0,291.0,held,nan,nan,nan,nan,,nan,0,nan,nan,nan,INITIALIZING,0.0,0.0,0.0,16.561902694909353,0,0,0,0.0,0.0,1.0,0,0,0,0,0,0,0,DISABLED,nan,0,-1,0,0.0,0
292,29.95820058100071,nan,nan,nan,nan,nan,nan,nan,nan,144.0,189.0,388.0,291.0,held,nan,nan,nan,nan,,nan,0,nan,nan,nan,INITIALIZING,0.0,0.0,0.0,17.59122293706296,0,0,0,0.0,0.0,1.0,0,0,0,0,0,0,0,DISABLED,nan,0,-1,0,0.0,0
293,30.018705798000155,nan,nan,nan,nan,nan,nan,nan,nan,144.0,189.0,388.0,291.0,held,nan,nan,nan,nan,,nan,0,nan,nan,nan,INITIALIZING,0.0,0.0,0.0,16.527500430403727,0,0,0,0.0,0.0,1.0,0,0,0,0,0,0,0,DISABLED,nan,0,-1,0,0.0,0
294,30.073599987998023,nan,nan,nan,nan,nan,nan,nan,nan,144.0,189.0,388.0,291.0,held,nan,nan,nan,nan,,nan,0,nan,nan,nan,INITIALIZING,0.0,0.0,0.0,18.216864116928452,0,0,0,0.0,0.0,1.0,0,0,0,0,0,0,0,DISABLED,nan,0,-1,0,0.0,0
295,30.129318730003433,nan,nan,nan,nan,nan,nan,nan,nan,144.0,189.0,388.0,291.0,held,nan,nan,nan,nan,,nan,0,nan,nan,nan,INITIALIZING,0.0,0.0,0.0,17.947282440491826,0,0,0,0.0,0.0,1.0,0,0,0,0,0,0,0,DISABLED,nan,0,-1,0,0.0,0
296,30.188870641002723,nan,nan,nan,nan,nan,nan,nan,nan,144.0,189.0,388.0,291.0,held,nan,nan,nan,nan,,nan,0,nan,nan,nan,INITIALIZING,0.0,0.0,0.0,16.792072382226912,0,0,0,0.0,0.0,1.0,0,0,0,0,0,0,0,DISABLED,nan,0,-1,0,0.0,0
297,30.24532112000452,nan,nan,nan,nan,nan,nan,nan,nan,144.0,189.0,388.0,291.0,held,nan,nan,nan,nan,,nan,0,nan,nan,nan,INITIALIZING,0.0,0.0,0.0,17.71464153507322,0,0,0,0.0,0.0,1.0,0,0,0,0,0,0,0,DISABLED,nan,0,-1,0,0.0,0
298,30.306938811998407,nan,nan,nan,nan,nan,nan,nan,nan,144.0,189.0,388.0,291.0,held,nan,nan,nan,nan,,nan,0,nan,nan,nan,INITIALIZING,0.0,0.0,0.0,16.229105109928366,0,0,0,0.0,0.0,1.0,0,0,0,0,0,0,0,DISABLED,nan,0,-1,0,0.0,0
299,30.364903496003535,nan,nan,nan,nan,nan,nan,nan,nan,144.0,189.0,388.0,291.0,held,nan,nan,nan,nan,,nan,0,nan,nan,nan,INITIALIZING,0.0,0.0,0.0,17.251883921449974,0,0,0,0.0,0.0,1.0,0,0,0,0,0,0,0,DISABLED,nan,0,-1,0,0.0,0
300,30.426453790001688,nan,nan,nan,nan,nan,nan,nan,nan,144.0,189.0,388.0,291.0,held,nan,nan,nan,nan,,nan,0,nan,nan,nan,INITIALIZING,0.0,0.0,0.0,16.24687609177003,0,0,0,0.0,0.0,1.0,0,0,0,0,0,0,0,DISABLED,nan,0,-1,0,0.0,0
301,30.484748950999347,nan,nan,nan,nan,nan,nan,nan,nan,144.0,189.0,388.0,291.0,held,nan,nan,nan,nan,,nan,0,nan,nan,nan,INITIALIZING,0.0,0.0,0.0,17.154082481051184,0,0,0,0.0,0.0,1.0,0,0,0,0,0,0,0,DISABLED,nan,0,-1,0,0.0,0
302,30.53762480900332,nan,nan,nan,nan,nan,nan,nan,nan,144.0,189.0,388.0,291.0,held,nan,nan,nan,nan,,nan,0,nan,nan,nan,INITIALIZING,0.0,0.0,0.0,18.912222661708466,0,0,0,0.0,0.0,1.0,0,0,0,0,0,0,0,DISABLED,nan,0,-1,0,0.0,0
303,30.597138698998606,nan,nan,nan,nan,nan,nan,nan,nan,144.0,189.0,388.0,291.0,held,nan,nan,nan,nan,,nan,0,nan,nan,nan,INITIALIZING,0.0,0.0,0.0,16.802800154370495,0,0,0,0.0,0.0,1.0,0,0,0,0,0,0,0,DISABLED,nan,0,-1,0,0.0,0
304,30.655377921000763,nan,nan,nan,nan,nan,nan,nan,nan,144.0,189.0,388.0,291.0,held,nan,nan,nan,nan,,nan,0,nan,nan,nan,INITIALIZING,0.0,0.0,0.0,17.1705590428896,0,0,0,0.0,0.0,1.0,0,0,0,0,0,0,0,DISABLED,nan,0,-1,0,0.0,0
305,30.713726677000523,nan,nan,nan,nan,nan,nan,nan,nan,144.0,189.0,388.0,291.0,held,nan,nan,nan,nan,,nan,0,nan,nan,nan,INITIALIZING,0.0,0.0,0.0,17.138325965409187,0,0,0,0.0,0.0,1.0,0,0,0,0,0,0,0,DISABLED,nan,0,-1,0,0.0,0
306,30.772842899998068,nan,nan,nan,nan,nan,nan,nan,nan,144.0,189.0,388.0,291.0,held,nan,nan,nan,nan,,nan,0,nan,nan,nan,INITIALIZING,0.0,0.0,0.0,16.91583036422208,0,0,0,0.0,0.0,1.0,0,0,0,0,0,0,0,DISABLED,nan,0,-1,0,0.0,0
307,30.829595209004765,nan,nan,nan,nan,nan,nan,nan,nan,144.0,189.0,388.0,291.0,held,nan,nan,nan,nan,,nan,0,nan,nan,nan,INITIALIZING,0.0,0.0,0.0,17.620428446039003,0,0,0,0.0,0.0,1.0,0,0,0,0,0,0,0,DISABLED,nan,0,-1,0,0.0,0
308,30.891939847002504,nan,nan,nan,nan,nan,nan,nan,nan,144.0,189.0,388.0,291.0,held,nan,nan,nan,nan,,nan,0,nan,nan,nan,INITIALIZING,0.0,0.0,0.0,16.03987178554567,0,0,0,0.0,0.0,1.0,0,0,0,0,0,0,0,DISABLED,nan,0,-1,0,0.0,0
309,30.948720022002817,nan,nan,nan,nan,nan,nan,nan,nan,144.0,189.0,388.0,291.0,held,nan,nan,nan,nan,,nan,0,nan,nan,nan,INITIALIZING,0.0,0.0,0.0,17.611780872364204,0,0,0,0.0,0.0,1.0,0,0,0,0,0,0,0,DISABLED,nan,0,-1,0,0.0,0
310,31.006334279998555,nan,nan,nan,nan,nan,nan,nan,nan,144.0,189.0,388.0,291.0,held,nan,nan,nan,nan,,nan,0,nan,nan,nan,INITIALIZING,0.0,0.0,0.0,17.356814698090528,0,0,0,0.0,0.0,1.0,0,0,0,0,0,0,0,DISABLED,nan,0,-1,0,0.0,0
311,31.06904871900042,nan,nan,nan,nan,nan,nan,nan,nan,144.0,189.0,388.0,291.0,held,nan,nan,nan,nan,,nan,0,nan,nan,nan,INITIALIZING,0.0,0.0,0.0,15.94529132231018,0,0,0,0.0,0.0,1.0,0,0,0,0,0,0,0,DISABLED,nan,0,-1,0,0.0,0
312,31.122505789004208,nan,nan,nan,nan,nan,nan,nan,nan,144.0,189.0,388.0,291.0,held,nan,nan,nan,nan,,nan,0,nan,nan,nan,INITIALIZING,0.0,0.0,0.0,18.70659951862585,0,0,0,0.0,0.0,1.0,0,0,0,0,0,0,0,DISABLED,nan,0,-1,0,0.0,0
313,31.182144890000927,nan,nan,nan,nan,nan,nan,nan,nan,144.0,189.0,388.0,291.0,held,nan,nan,nan,nan,,nan,0,nan,nan,nan,INITIALIZING,0.0,0.0,0.0,16.767523039205617,0,0,0,0.0,0.0,1.0,0,0,0,0,0,0,0,DISABLED,nan,0,-1,0,0.0,0
314,31.23702720500296,nan,nan,nan,nan,nan,nan,nan,nan,144.0,189.0,388.0,291.0,held,nan,nan,nan,nan,,nan,0,nan,nan,nan,INITIALIZING,0.0,0.0,0.0,18.22080573610944,0,0,0,0.0,0.0,1.0,0,0,0,0,0,0,0,DISABLED,nan,0,-1,0,0.0,0
315,31.297484347000136,nan,nan,nan,nan,nan,nan,nan,nan,144.0,189.0,388.0,291.0,held,nan,nan,nan,nan,,nan,0,nan,nan,nan,INITIALIZING,0.0,0.0,0.0,16.54064295739794,0,0,0,0.0,0.0,1.0,0,0,0,0,0,0,0,DISABLED,nan,0,-1,0,0.0,0
316,31.35725636799907,nan,nan,nan,nan,nan,nan,nan,nan,144.0,189.0,388.0,291.0,held,nan,nan,nan,nan,,nan,0,nan,nan,nan,INITIALIZING,0.0,0.0,0.0,16.730235707068058,0,0,0,0.0,0.0,1.0,0,0,0,0,0,0,0,DISABLED,nan,0,-1,0,0.0,0
317,31.41500495299988,nan,nan,nan,nan,nan,nan,nan,nan,144.0,189.0,388.0,291.0,held,nan,nan,nan,nan,,nan,0,nan,nan,nan,INITIALIZING,0.0,0.0,0.0,17.316441606075614,0,0,0,0.0,0.0,1.0,0,0,0,0,0,0,0,DISABLED,nan,0,-1,0,0.0,0
318,31.47274015199946,nan,nan,nan,nan,nan,nan,nan,nan,144.0,189.0,388.0,291.0,held,nan,nan,nan,nan,,nan,0,nan,nan,nan,INITIALIZING,0.0,0.0,0.0,17.320456451657275,0,0,0,0.0,0.0,1.0,0,0,0,0,0,0,0,DISABLED,nan,0,-1,0,0.0,0
319,31.529789708001772,nan,nan,nan,nan,nan,nan,nan,nan,144.0,189.0,388.0,291.0,held,nan,nan,nan,nan,,nan,0,nan,nan,nan,INITIALIZING,0.0,0.0,0.0,17.528620204502136,0,0,0,0.0,0.0,1.0,0,0,0,0,0,0,0,DISABLED,nan,0,-1,0,0.0,0
320,31.589520738998544,nan,nan,nan,nan,nan,nan,nan,nan,144.0,189.0,388.0,291.0,held,nan,nan,nan,nan,,nan,0,nan,nan,nan,INITIALIZING,0.0,0.0,0.0,16.741716714282642,0,0,0,0.0,0.0,1.0,0,0,0,0,0,0,0,DISABLED,nan,0,-1,0,0.0,0
321,31.65036695299932,nan,nan,nan,nan,nan,nan,nan,nan,144.0,189.0,388.0,291.0,held,nan,nan,nan,nan,,nan,0,nan,nan,nan,INITIALIZING,0.0,0.0,0.0,16.434876292997416,0,0,0,0.0,0.0,1.0,0,0,0,0,0,0,0,DISABLED,nan,0,-1,0,0.0,0
322,31.70926348300418,nan,nan,nan,nan,nan,nan,nan,nan,144.0,189.0,388.0,291.0,held,nan,nan,nan,nan,,nan,0,nan,nan,nan,INITIALIZING,0.0,0.0,0.0,16.978928977946712,0,0,0,0.0,0.0,1.0,0,0,0,0,0,0,0,DISABLED,nan,0,-1,0,0.0,0
323,31.766051106002124,nan,nan,nan,nan,nan,nan,nan,nan,144.0,189.0,388.0,291.0,held,nan,nan,nan,nan,,nan,0,nan,nan,nan,INITIALIZING,0.0,0.0,0.0,17.609470993990936,0,0,0,0.0,0.0,1.0,0,0,0,0,0,0,0,DISABLED,nan,0,-1,0,0.0,0
324,31.82543613800226,nan,nan,nan,nan,nan,nan,nan,nan,144.0,189.0,388.0,291.0,held,nan,nan,nan,nan,,nan,0,nan,nan,nan,INITIALIZING,0.0,0.0,0.0,16.839260101732375,0,0,0,0.0,0.0,1.0,0,0,0,0,0,0,0,DISABLED,nan,0,-1,0,0.0,0
325,31.88484341000003,nan,nan,nan,nan,nan,nan,nan,nan,144.0,189.0,388.0,291.0,held,nan,nan,nan,nan,,nan,0,nan,nan,nan,INITIALIZING,0.0,0.0,0.0,16.832956073753607,0,0,0,0.0,0.0,1.0,0,0,0,0,0,0,0,DISABLED,nan,0,-1,0,0.0,0
326,31.94473652799934,nan,nan,nan,nan,nan,nan,nan,nan,144.0,189.0,388.0,291.0,held,nan,nan,nan,nan,,nan,0,nan,nan,nan,INITIALIZING,0.0,0.0,0.0,16.696409093471164,0,0,0,0.0,0.0,1.0,0,0,0,0,0,0,0,DISABLED,nan,0,-1,0,0.0,0
327,31.998973097004637,nan,nan,nan,nan,nan,nan,nan,nan,144.0,189.0,388.0,291.0,held,nan,nan,nan,nan,,nan,0,nan,nan,nan,INITIALIZING,0.0,0.0,0.0,18.437744465405363,0,0,0,0.0,0.0,1.0,0,0,0,0,0,0,0,DISABLED,nan,0,-1,0,0.0,0
328,32.301423707998765,nan,nan,nan,nan,nan,nan,nan,nan,144.0,189.0,388.0,291.0,held,nan,nan,nan,nan,,nan,0,nan,nan,nan,INITIALIZING,0.0,0.0,0.0,3.306324945792267,0,0,0,0.0,0.0,1.0,0,0,0,0,0,0,0,DISABLED,nan,0,-1,0,0.0,0
329,32.35199424800521,nan,nan,nan,nan,nan,nan,nan,nan,144.0,189.0,388.0,291.0,held,nan,nan,nan,nan,,nan,0,nan,nan,nan,INITIALIZING,0.0,0.0,0.0,19.77435874468638,0,0,0,0.0,0.0,1.0,0,0,0,0,0,0,0,DISABLED,nan,0,-1,0,0.0,0
330,32.44560534800257,nan,nan,nan,nan,nan,nan,nan,nan,144.0,189.0,388.0,291.0,held,nan,nan,nan,nan,,nan,0,nan,nan,nan,INITIALIZING,0.0,0.0,0.0,10.682493849855348,0,0,0,0.0,0.0,1.0,0,0,0,0,0,0,0,DISABLED,nan,0,-1,0,0.0,0
331,32.47428195300017,nan,nan,nan,nan,nan,nan,nan,nan,144.0,189.0,388.0,291.0,held,nan,nan,nan,nan,,nan,0,nan,nan,nan,INITIALIZING,0.0,0.0,0.0,34.87163142511847,0,0,0,0.0,0.0,1.0,0,0,0,0,0,0,0,DISABLED,nan,0,-1,0,0.0,0
332,32.52942344100302,nan,nan,nan,nan,nan,nan,nan,nan,144.0,189.0,388.0,291.0,held,nan,nan,nan,nan,,nan,0,nan,nan,nan,INITIALIZING,0.0,0.0,0.0,18.135165303271958,0,0,0,0.0,0.0,1.0,0,0,0,0,0,0,0,DISABLED,nan,0,-1,0,0.0,0
333,32.58626445000118,nan,nan,nan,nan,nan,nan,nan,nan,144.0,189.0,388.0,291.0,held,nan,nan,nan,nan,,nan,0,nan,nan,nan,INITIALIZING,0.0,0.0,0.0,17.592931892400532,0,0,0,0.0,0.0,1.0,0,0,0,0,0,0,0,DISABLED,nan,0,-1,0,0.0,0
334,32.643129055002646,nan,nan,nan,nan,nan,nan,nan,nan,144.0,189.0,388.0,291.0,held,nan,nan,nan,nan,,nan,0,nan,nan,nan,INITIALIZING,0.0,0.0,0.0,17.585631694341988,0,0,0,0.0,0.0,1.0,0,0,0,0,0,0,0,DISABLED,nan,0,-1,0,0.0,0
335,32.70588344200223,nan,nan,nan,nan,nan,nan,nan,nan,144.0,189.0,388.0,291.0,held,nan,nan,nan,nan,,nan,0,nan,nan,nan,INITIALIZING,0.0,0.0,0.0,15.935140917026168,0,0,0,0.0,0.0,1.0,0,0,0,0,0,0,0,DISABLED,nan,0,-1,0,0.0,0
336,32.757233584998176,nan,nan,nan,nan,nan,nan,nan,nan,144.0,189.0,388.0,291.0,held,nan,nan,nan,nan,,nan,0,nan,nan,nan,INITIALIZING,0.0,0.0,0.0,19.474142459135905,0,0,0,0.0,0.0,1.0,0,0,0,0,0,0,0,DISABLED,nan,0,-1,0,0.0,0
337,32.817181860002165,nan,nan,nan,nan,nan,nan,nan,nan,144.0,189.0,388.0,291.0,held,nan,nan,nan,nan,,nan,0,nan,nan,nan,INITIALIZING,0.0,0.0,0.0,16.68104711826066,0,0,0,0.0,0.0,1.0,0,0,0,0,0,0,0,DISABLED,nan,0,-1,0,0.0,0
338,32.87760655400052,nan,nan,nan,nan,nan,nan,nan,nan,144.0,189.0,388.0,291.0,held,nan,nan,nan,nan,,nan,0,nan,nan,nan,INITIALIZING,0.0,0.0,0.0,16.549525265733145,0,0,0,0.0,0.0,1.0,0,0,0,0,0,0,0,DISABLED,nan,0,-1,0,0.0,0
339,32.936688036003034,nan,nan,nan,nan,nan,nan,nan,nan,144.0,189.0,388.0,291.0,held,nan,nan,nan,nan,,nan,0,nan,nan,nan,INITIALIZING,0.0,0.0,0.0,16.925777182730265,0,0,0,0.0,0.0,1.0,0,0,0,0,0,0,0,DISABLED,nan,0,-1,0,0.0,0
340,32.9950035619986,nan,nan,nan,nan,nan,nan,nan,nan,144.0,189.0,388.0,291.0,held,nan,nan,nan,nan,,nan,0,nan,nan,nan,INITIALIZING,0.0,0.0,0.0,17.148091917682606,0,0,0,0.0,0.0,1.0,0,0,0,0,0,0,0,DISABLED,nan,0,-1,0,0.0,0
341,33.04935992600076,nan,nan,nan,nan,nan,nan,nan,nan,144.0,189.0,388.0,291.0,held,nan,nan,nan,nan,,nan,0,nan,nan,nan,INITIALIZING,0.0,0.0,0.0,18.397109857463192,0,0,0,0.0,0.0,1.0,0,0,0,0,0,0,0,DISABLED,nan,0,-1,0,0.0,0
342,33.109590657004446,nan,nan,nan,nan,nan,nan,nan,nan,144.0,189.0,388.0,291.0,held,nan,nan,nan,nan,,nan,0,nan,nan,nan,INITIALIZING,0.0,0.0,0.0,16.60282024368623,0,0,0,0.0,0.0,1.0,0,0,0,0,0,0,0,DISABLED,nan,0,-1,0,0.0,0
343,33.16561925000133,nan,nan,nan,nan,nan,nan,nan,nan,144.0,189.0,388.0,291.0,held,nan,nan,nan,nan,,nan,0,nan,nan,nan,INITIALIZING,0.0,0.0,0.0,17.848029845326685,0,0,0,0.0,0.0,1.0,0,0,0,0,0,0,0,DISABLED,nan,0,-1,0,0.0,0
344,33.22527012199862,nan,nan,nan,nan,nan,nan,nan,nan,144.0,189.0,388.0,291.0,held,nan,nan,nan,nan,,nan,0,nan,nan,nan,INITIALIZING,0.0,0.0,0.0,16.76421427746107,0,0,0,0.0,0.0,1.0,0,0,0,0,0,0,0,DISABLED,nan,0,-1,0,0.0,0
345,33.28686802199809,nan,nan,nan,nan,nan,nan,nan,nan,144.0,189.0,388.0,291.0,held,nan,nan,nan,nan,,nan,0,nan,nan,nan,INITIALIZING,0.0,0.0,0.0,16.234319676622288,0,0,0,0.0,0.0,1.0,0,0,0,0,0,0,0,DISABLED,nan,0,-1,0,0.0,0
346,33.7272953770007,nan,nan,nan,nan,nan,nan,nan,nan,144.0,189.0,388.0,291.0,held,nan,nan,nan,nan,,nan,0,nan,nan,nan,INITIALIZING,0.0,0.0,0.0,2.27052200241756,0,0,0,0.0,0.0,1.0,0,0,0,0,0,0,0,DISABLED,nan,0,-1,0,0.0,0
347,33.74928061700484,nan,nan,nan,nan,nan,nan,nan,nan,144.0,189.0,388.0,291.0,held,nan,nan,nan,nan,,nan,0,nan,nan,nan,INITIALIZING,0.0,0.0,0.0,45.485061787435995,0,0,0,0.0,0.0,1.0,0,0,0,0,0,0,0,DISABLED,nan,0,-1,0,0.0,0
348,33.813878123000904,nan,nan,nan,nan,nan,nan,nan,nan,144.0,189.0,388.0,291.0,held,nan,nan,nan,nan,,nan,0,nan,nan,nan,INITIALIZING,0.0,0.0,0.0,15.480473813663377,0,0,0,0.0,0.0,1.0,0,0,0,0,0,0,0,DISABLED,nan,0,-1,0,0.0,0
349,33.869394152003224,nan,nan,nan,nan,nan,nan,nan,nan,144.0,189.0,388.0,291.0,held,nan,nan,nan,nan,,nan,0,nan,nan,nan,INITIALIZING,0.0,0.0,0.0,18.012815721351725,0,0,0,0.0,0.0,1.0,0,0,0,0,0,0,0,DISABLED,nan,0,-1,0,0.0,0
350,33.92851443800464,nan,nan,nan,nan,nan,nan,nan,nan,144.0,189.0,388.0,291.0,held,nan,nan,nan,nan,,nan,0,nan,nan,nan,INITIALIZING,0.0,0.0,0.0,16.914667834591366,0,0,0,0.0,0.0,1.0,0,0,0,0,0,0,0,DISABLED,nan,0,-1,0,0.0,0
351,33.9860746320046,nan,nan,nan,nan,nan,nan,nan,nan,144.0,189.0,388.0,291.0,held,nan,nan,nan,nan,,nan,0,nan,nan,nan,INITIALIZING,0.0,0.0,0.0,17.373117262264078,0,0,0,0.0,0.0,1.0,0,0,0,0,0,0,0,DISABLED,nan,0,-1,0,0.0,0
352,34.04203999500169,nan,nan,nan,nan,nan,nan,nan,nan,144.0,189.0,388.0,291.0,held,nan,nan,nan,nan,,nan,0,nan,nan,nan,INITIALIZING,0.0,0.0,0.0,17.868194655542215,0,0,0,0.0,0.0,1.0,0,0,0,0,0,0,0,DISABLED,nan,0,-1,0,0.0,0
353,34.10737137400429,nan,nan,nan,nan,nan,nan,nan,nan,144.0,189.0,388.0,291.0,held,nan,nan,nan,nan,,nan,0,nan,nan,nan,INITIALIZING,0.0,0.0,0.0,15.306580318168336,0,0,0,0.0,0.0,1.0,0,0,0,0,0,0,0,DISABLED,nan,0,-1,0,0.0,0
354,34.16296563400101,nan,nan,nan,nan,nan,nan,nan,nan,144.0,189.0,388.0,291.0,held,nan,nan,nan,nan,,nan,0,nan,nan,nan,INITIALIZING,0.0,0.0,0.0,17.987468491512068,0,0,0,0.0,0.0,1.0,0,0,0,0,0,0,0,DISABLED,nan,0,-1,0,0.0,0
355,34.2206085910002,nan,nan,nan,nan,nan,nan,nan,nan,144.0,189.0,388.0,291.0,held,nan,nan,nan,nan,,nan,0,nan,nan,nan,INITIALIZING,0.0,0.0,0.0,17.348173169084188,0,0,0,0.0,0.0,1.0,0,0,0,0,0,0,0,DISABLED,nan,0,-1,0,0.0,0
356,34.28012435600249,nan,nan,nan,nan,nan,nan,nan,nan,144.0,189.0,388.0,291.0,held,nan,nan,nan,nan,,nan,0,nan,nan,nan,INITIALIZING,0.0,0.0,0.0,16.80227079264712,0,0,0,0.0,0.0,1.0,0,0,0,0,0,0,0,DISABLED,nan,0,-1,0,0.0,0
357,34.3384105580044,nan,nan,nan,nan,nan,nan,nan,nan,144.0,189.0,388.0,291.0,held,nan,nan,nan,nan,,nan,0,nan,nan,nan,INITIALIZING,0.0,0.0,0.0,17.156719183165226,0,0,0,0.0,0.0,1.0,0,0,0,0,0,0,0,DISABLED,nan,0,-1,0,0.0,0
358,34.39623591500276,nan,nan,nan,nan,nan,nan,nan,nan,144.0,189.0,388.0,291.0,held,nan,nan,nan,nan,,nan,0,nan,nan,nan,INITIALIZING,0.0,0.0,0.0,17.293451383763777,0,0,0,0.0,0.0,1.0,0,0,0,0,0,0,0,DISABLED,nan,0,-1,0,0.0,0
359,34.45364423099818,nan,nan,nan,nan,nan,nan,nan,nan,144.0,189.0,388.0,291.0,held,nan,nan,nan,nan,,nan,0,nan,nan,nan,INITIALIZING,0.0,0.0,0.0,17.4190791466489,0,0,0,0.0,0.0,1.0,0,0,0,0,0,0,0,DISABLED,nan,0,-1,0,0.0,0
360,34.50999418699939,nan,nan,nan,nan,nan,nan,nan,nan,144.0,189.0,388.0,291.0,held,nan,nan,nan,nan,,nan,0,nan,nan,nan,INITIALIZING,0.0,0.0,0.0,17.746242782842078,0,0,0,0.0,0.0,1.0,0,0,0,0,0,0,0,DISABLED,nan,0,-1,0,0.0,0
361,34.56903780400171,nan,nan,nan,nan,nan,nan,nan,nan,144.0,189.0,388.0,291.0,held,nan,nan,nan,nan,,nan,0,nan,nan,nan,INITIALIZING,0.0,0.0,0.0,16.936631777839118,0,0,0,0.0,0.0,1.0,0,0,0,0,0,0,0,DISABLED,nan,0,-1,0,0.0,0
362,34.6263589299997,nan,nan,nan,nan,nan,nan,nan,nan,144.0,189.0,388.0,291.0,held,nan,nan,nan,nan,,nan,0,nan,nan,nan,INITIALIZING,0.0,0.0,0.0,17.445574953205142,0,0,0,0.0,0.0,1.0,0,0,0,0,0,0,0,DISABLED,nan,0,-1,0,0.0,0
363,34.68506785199861,nan,nan,nan,nan,nan,nan,nan,nan,144.0,189.0,388.0,291.0,held,nan,nan,nan,nan,,nan,0,nan,nan,nan,INITIALIZING,0.0,0.0,0.0,17.033186199850515,0,0,0,0.0,0.0,1.0,0,0,0,0,0,0,0,DISABLED,nan,0,-1,0,0.0,0
364,34.74560786100483,nan,nan,nan,nan,nan,nan,nan,nan,144.0,189.0,388.0,291.0,held,nan,nan,nan,nan,,nan,0,nan,nan,nan,INITIALIZING,0.0,0.0,0.0,16.518002167744935,0,0,0,0.0,0.0,1.0,0,0,0,0,0,0,0,DISABLED,nan,0,-1,0,0.0,0
365,34.80237782699987,nan,nan,nan,nan,nan,nan,nan,nan,144.0,189.0,388.0,291.0,held,nan,nan,nan,nan,,nan,0,nan,nan,nan,INITIALIZING,0.0,0.0,0.0,17.614948018240554,0,0,0,0.0,0.0,1.0,0,0,0,0,0,0,0,DISABLED,nan,0,-1,0,0.0,0
366,34.861065445998975,nan,nan,nan,nan,nan,nan,nan,nan,144.0,189.0,388.0,291.0,held,nan,nan,nan,nan,,nan,0,nan,nan,nan,INITIALIZING,0.0,0.0,0.0,17.03936907059233,0,0,0,0.0,0.0,1.0,0,0,0,0,0,0,0,DISABLED,nan,0,-1,0,0.0,0
367,34.91910711100354,nan,nan,nan,nan,nan,nan,nan,nan,144.0,189.0,388.0,291.0,held,nan,nan,nan,nan,,nan,0,nan,nan,nan,INITIALIZING,0.0,0.0,0.0,17.229002647000684,0,0,0,0.0,0.0,1.0,0,0,0,0,0,0,0,DISABLED,nan,0,-1,0,0.0,0
368,34.97706413800188,nan,nan,nan,nan,nan,nan,nan,nan,144.0,189.0,388.0,291.0,held,nan,nan,nan,nan,,nan,0,nan,nan,nan,INITIALIZING,0.0,0.0,0.0,17.25416315831175,0,0,0,0.0,0.0,1.0,0,0,0,0,0,0,0,DISABLED,nan,0,-1,0,0.0,0
369,35.03703699700418,nan,nan,nan,nan,nan,nan,nan,nan,144.0,189.0,388.0,291.0,held,nan,nan,nan,nan,,nan,0,nan,nan,nan,INITIALIZING,0.0,0.0,0.0,16.674209244579124,0,0,0,0.0,0.0,1.0,0,0,0,0,0,0,0,DISABLED,nan,0,-1,0,0.0,0
370,35.09390592500131,nan,nan,nan,nan,nan,nan,nan,nan,144.0,189.0,388.0,291.0,held,nan,nan,nan,nan,,nan,0,nan,nan,nan,INITIALIZING,0.0,0.0,0.0,17.584294890356922,0,0,0,0.0,0.0,1.0,0,0,0,0,0,0,0,DISABLED,nan,0,-1,0,0.0,0
371,35.15366445499967,nan,nan,nan,nan,nan,nan,nan,nan,144.0,189.0,388.0,291.0,held,nan,nan,nan,nan,,nan,0,nan,nan,nan,INITIALIZING,0.0,0.0,0.0,16.734012701239624,0,0,0,0.0,0.0,1.0,0,0,0,0,0,0,0,DISABLED,nan,0,-1,0,0.0,0
372,35.21042358800332,nan,nan,nan,nan,nan,nan,nan,nan,144.0,189.0,388.0,291.0,held,nan,nan,nan,nan,,nan,0,nan,nan,nan,INITIALIZING,0.0,0.0,0.0,17.618309989612708,0,0,0,0.0,0.0,1.0,0,0,0,0,0,0,0,DISABLED,nan,0,-1,0,0.0,0
373,35.26983221500268,nan,nan,nan,nan,nan,nan,nan,nan,144.0,189.0,388.0,291.0,held,nan,nan,nan,nan,,nan,0,nan,nan,nan,INITIALIZING,0.0,0.0,0.0,16.83257214496519,0,0,0,0.0,0.0,1.0,0,0,0,0,0,0,0,DISABLED,nan,0,-1,0,0.0,0
374,35.331513242002984,nan,nan,nan,nan,nan,nan,nan,nan,144.0,189.0,388.0,291.0,held,nan,nan,nan,nan,,nan,0,nan,nan,nan,INITIALIZING,0.0,0.0,0.0,16.212440820660564,0,0,0,0.0,0.0,1.0,0,0,0,0,0,0,0,DISABLED,nan,0,-1,0,0.0,0
375,35.385139482998056,nan,nan,nan,nan,nan,nan,nan,nan,144.0,189.0,388.0,291.0,held,nan,nan,nan,nan,,nan,0,nan,nan,nan,INITIALIZING,0.0,0.0,0.0,18.647587103707117,0,0,0,0.0,0.0,1.0,0,0,0,0,0,0,0,DISABLED,nan,0,-1,0,0.0,0
376,35.44552167600341,nan,nan,nan,nan,nan,nan,nan,nan,144.0,189.0,388.0,291.0,held,nan,nan,nan,nan,,nan,0,nan,nan,nan,INITIALIZING,0.0,0.0,0.0,16.561173919459208,0,0,0,0.0,0.0,1.0,0,0,0,0,0,0,0,DISABLED,nan,0,-1,0,0.0,0
377,35.531056896004884,nan,nan,nan,nan,nan,nan,nan,nan,144.0,189.0,388.0,291.0,held,nan,nan,nan,nan,,nan,0,nan,nan,nan,INITIALIZING,0.0,0.0,0.0,11.691090523678506,0,0,0,0.0,0.0,1.0,0,0,0,0,0,0,0,DISABLED,nan,0,-1,0,0.0,0
378,35.561304164999456,nan,nan,nan,nan,nan,nan,nan,nan,144.0,189.0,388.0,291.0,held,nan,nan,nan,nan,,nan,0,nan,nan,nan,INITIALIZING,0.0,0.0,0.0,33.060836010664836,0,0,0,0.0,0.0,1.0,0,0,0,0,0,0,0,DISABLED,nan,0,-1,0,0.0,0
379,35.621703285003605,nan,nan,nan,nan,nan,nan,nan,nan,144.0,189.0,388.0,291.0,held,nan,nan,nan,nan,,nan,0,nan,nan,nan,INITIALIZING,0.0,0.0,0.0,16.556532610596054,0,0,0,0.0,0.0,1.0,0,0,0,0,0,0,0,DISABLED,nan,0,-1,0,0.0,0
380,35.67749984200054,nan,nan,nan,nan,nan,nan,nan,nan,144.0,189.0,388.0,291.0,held,nan,nan,nan,nan,,nan,0,nan,nan,nan,INITIALIZING,0.0,0.0,0.0,17.922252802352524,0,0,0,0.0,0.0,1.0,0,0,0,0,0,0,0,DISABLED,nan,0,-1,0,0.0,0
381,35.737406501000805,nan,nan,nan,nan,nan,nan,nan,nan,144.0,189.0,388.0,291.0,held,nan,nan,nan,nan,,nan,0,nan,nan,nan,INITIALIZING,0.0,0.0,0.0,16.692635120840638,0,0,0,0.0,0.0,1.0,0,0,0,0,0,0,0,DISABLED,nan,0,-1,0,0.0,0
382,35.79309425300016,nan,nan,nan,nan,nan,nan,nan,nan,144.0,189.0,388.0,291.0,held,nan,nan,nan,nan,,nan,0,nan,nan,nan,INITIALIZING,0.0,0.0,0.0,17.95727002971019,0,0,0,0.0,0.0,1.0,0,0,0,0,0,0,0,DISABLED,nan,0,-1,0,0.0,0
383,35.85300247499981,nan,nan,nan,nan,nan,nan,nan,nan,144.0,189.0,388.0,291.0,held,nan,nan,nan,nan,,nan,0,nan,nan,nan,INITIALIZING,0.0,0.0,0.0,16.692199611697035,0,0,0,0.0,0.0,1.0,0,0,0,0,0,0,0,DISABLED,nan,0,-1,0,0.0,0
384,35.913405136998335,nan,nan,nan,nan,nan,nan,nan,nan,144.0,189.0,388.0,291.0,held,nan,nan,nan,nan,,nan,0,nan,nan,nan,INITIALIZING,0.0,0.0,0.0,16.555561740382334,0,0,0,0.0,0.0,1.0,0,0,0,0,0,0,0,DISABLED,nan,0,-1,0,0.0,0
385,35.96915612000157,nan,nan,nan,nan,nan,nan,nan,nan,144.0,189.0,388.0,291.0,held,nan,nan,nan,nan,,nan,0,nan,nan,nan,INITIALIZING,0.0,0.0,0.0,17.936903461270955,0,0,0,0.0,0.0,1.0,0,0,0,0,0,0,0,DISABLED,nan,0,-1,0,0.0,0
386,36.02908314399974,nan,nan,nan,nan,nan,nan,nan,nan,144.0,189.0,388.0,291.0,held,nan,nan,nan,nan,,nan,0,nan,nan,nan,INITIALIZING,0.0,0.0,0.0,16.68696246338758,0,0,0,0.0,0.0,1.0,0,0,0,0,0,0,0,DISABLED,nan,0,-1,0,0.0,0
387,36.08508538300521,nan,nan,nan,nan,nan,nan,nan,nan,144.0,189.0,388.0,291.0,held,nan,nan,nan,nan,,nan,0,nan,nan,nan,INITIALIZING,0.0,0.0,0.0,17.85642891710821,0,0,0,0.0,0.0,1.0,0,0,0,0,0,0,0,DISABLED,nan,0,-1,0,0.0,0
388,36.145398459004355,nan,nan,nan,nan,nan,nan,nan,nan,144.0,189.0,388.0,291.0,held,nan,nan,nan,nan,,nan,0,nan,nan,nan,INITIALIZING,0.0,0.0,0.0,16.58015253631134,0,0,0,0.0,0.0,1.0,0,0,0,0,0,0,0,DISABLED,nan,0,-1,0,0.0,0
389,36.20500761199946,nan,nan,nan,nan,nan,nan,nan,nan,144.0,189.0,388.0,291.0,held,nan,nan,nan,nan,,nan,0,nan,nan,nan,INITIALIZING,0.0,0.0,0.0,16.77594714493033,0,0,0,0.0,0.0,1.0,0,0,0,0,0,0,0,DISABLED,nan,0,-1,0,0.0,0
390,36.262427020999894,nan,nan,nan,nan,nan,nan,nan,nan,144.0,189.0,388.0,291.0,held,nan,nan,nan,nan,,nan,0,nan,nan,nan,INITIALIZING,0.0,0.0,0.0,17.415713909428963,0,0,0,0.0,0.0,1.0,0,0,0,0,0,0,0,DISABLED,nan,0,-1,0,0.0,0
391,36.32187122200412,nan,nan,nan,nan,nan,nan,nan,nan,144.0,189.0,388.0,291.0,held,nan,nan,nan,nan,,nan,0,nan,nan,nan,INITIALIZING,0.0,0.0,0.0,16.822498798981453,0,0,0,0.0,0.0,1.0,0,0,0,0,0,0,0,DISABLED,nan,0,-1,0,0.0,0
392,36.37864051100041,nan,nan,nan,nan,nan,nan,nan,nan,144.0,189.0,388.0,291.0,held,nan,nan,nan,nan,,nan,0,nan,nan,nan,INITIALIZING,0.0,0.0,0.0,17.615158084246993,0,0,0,0.0,0.0,1.0,0,0,0,0,0,0,0,DISABLED,nan,0,-1,0,0.0,0
393,36.43736333899869,nan,nan,nan,nan,nan,nan,nan,nan,144.0,189.0,388.0,291.0,held,nan,nan,nan,nan,,nan,0,nan,nan,nan,INITIALIZING,0.0,0.0,0.0,17.029152615559884,0,0,0,0.0,0.0,1.0,0,0,0,0,0,0,0,DISABLED,nan,0,-1,0,0.0,0
394,36.49707587900048,nan,nan,nan,nan,nan,nan,nan,nan,144.0,189.0,388.0,291.0,held,nan,nan,nan,nan,,nan,0,nan,nan,nan,INITIALIZING,0.0,0.0,0.0,16.746901069191487,0,0,0,0.0,0.0,1.0,0,0,0,0,0,0,0,DISABLED,nan,0,-1,0,0.0,0
395,36.561364731998765,nan,nan,nan,nan,nan,nan,nan,nan,144.0,189.0,388.0,291.0,held,nan,nan,nan,nan,,nan,0,nan,nan,nan,INITIALIZING,0.0,0.0,0.0,15.5547961016916,0,0,0,0.0,0.0,1.0,0,0,0,0,0,0,0,DISABLED,nan,0,-1,0,0.0,0
396,36.618221158998495,nan,nan,nan,nan,nan,nan,nan,nan,144.0,189.0,388.0,291.0,held,nan,nan,nan,nan,,nan,0,nan,nan,nan,INITIALIZING,0.0,0.0,0.0,17.588161141479326,0,0,0,0.0,0.0,1.0,0,0,0,0,0,0,0,DISABLED,nan,0,-1,0,0.0,0
397,36.670517211001425,nan,nan,nan,nan,nan,nan,nan,nan,144.0,189.0,388.0,291.0,held,nan,nan,nan,nan,,nan,0,nan,nan,nan,INITIALIZING,0.0,0.0,0.0,19.121902355917253,0,0,0,0.0,0.0,1.0,0,0,0,0,0,0,0,DISABLED,nan,0,-1,0,0.0,0
398,36.73003849700035,nan,nan,nan,nan,nan,nan,nan,nan,144.0,189.0,388.0,291.0,held,nan,nan,nan,nan,,nan,0,nan,nan,nan,INITIALIZING,0.0,0.0,0.0,16.800712269859954,0,0,0,0.0,0.0,1.0,0,0,0,0,0,0,0,DISABLED,nan,0,-1,0,0.0,0
399,36.79450558299868,nan,nan,nan,nan,nan,nan,nan,nan,144.0,189.0,388.0,291.0,held,nan,nan,nan,nan,,nan,0,nan,nan,nan,INITIALIZING,0.0,0.0,0.0,15.511791552450399,0,0,0,0.0,0.0,1.0,0,0,0,0,0,0,0,DISABLED,nan,0,-1,0,0.0,0
400,36.85162133999984,nan,nan,nan,nan,nan,nan,nan,nan,144.0,189.0,388.0,291.0,held,nan,nan,nan,nan,,nan,0,nan,nan,nan,INITIALIZING,0.0,0.0,0.0,17.508303356283143,0,0,0,0.0,0.0,1.0,0,0,0,0,0,0,0,DISABLED,nan,0,-1,0,0.0,0
401,36.91046641000139,nan,nan,nan,nan,nan,nan,nan,nan,144.0,189.0,388.0,291.0,held,nan,nan,nan,nan,,nan,0,nan,nan,nan,INITIALIZING,0.0,0.0,0.0,16.99377704833407,0,0,0,0.0,0.0,1.0,0,0,0,0,0,0,0,DISABLED,nan,0,-1,0,0.0,0
402,36.96552373000304,nan,nan,nan,nan,nan,nan,nan,nan,144.0,189.0,388.0,291.0,held,nan,nan,nan,nan,,nan,0,nan,nan,nan,INITIALIZING,0.0,0.0,0.0,18.162889148436637,0,0,0,0.0,0.0,1.0,0,0,0,0,0,0,0,DISABLED,nan,0,-1,0,0.0,0
403,37.02448541799822,nan,nan,nan,nan,nan,nan,nan,nan,144.0,189.0,388.0,291.0,held,nan,nan,nan,nan,,nan,0,nan,nan,nan,INITIALIZING,0.0,0.0,0.0,16.960165727985324,0,0,0,0.0,0.0,1.0,0,0,0,0,0,0,0,DISABLED,nan,0,-1,0,0.0,0
404,37.084318742003234,nan,nan,nan,nan,nan,nan,nan,nan,144.0,189.0,388.0,291.0,held,nan,nan,nan,nan,,nan,0,nan,nan,nan,INITIALIZING,0.0,0.0,0.0,16.713094527661998,0,0,0,0.0,0.0,1.0,0,0,0,0,0,0,0,DISABLED,nan,0,-1,0,0.0,0
405,37.13790644099936,nan,nan,nan,nan,nan,nan,nan,nan,144.0,189.0,388.0,291.0,held,nan,nan,nan,nan,,nan,0,nan,nan,nan,INITIALIZING,0.0,0.0,0.0,18.660999048910583,0,0,0,0.0,0.0,1.0,0,0,0,0,0,0,0,DISABLED,nan,0,-1,0,0.0,0
406,37.19717334500456,nan,nan,nan,nan,nan,nan,nan,nan,144.0,189.0,388.0,291.0,held,nan,nan,nan,nan,,nan,0,nan,nan,nan,INITIALIZING,0.0,0.0,0.0,16.87282331994738,0,0,0,0.0,0.0,1.0,0,0,0,0,0,0,0,DISABLED,nan,0,-1,0,0.0,0
407,37.25710583900218,nan,nan,nan,nan,nan,nan,nan,nan,144.0,189.0,388.0,291.0,held,nan,nan,nan,nan,,nan,0,nan,nan,nan,INITIALIZING,0.0,0.0,0.0,16.68543945525926,0,0,0,0.0,0.0,1.0,0,0,0,0,0,0,0,DISABLED,nan,0,-1,0,0.0,0
408,37.315339175998815,nan,nan,nan,nan,nan,nan,nan,nan,144.0,189.0,388.0,291.0,held,nan,nan,nan,nan,,nan,0,nan,nan,nan,INITIALIZING,0.0,0.0,0.0,17.172294283217216,0,0,0,0.0,0.0,1.0,0,0,0,0,0,0,0,DISABLED,nan,0,-1,0,0.0,0
409,37.37408762900304,nan,nan,nan,nan,nan,nan,nan,nan,144.0,189.0,388.0,291.0,held,nan,nan,nan,nan,,nan,0,nan,nan,nan,INITIALIZING,0.0,0.0,0.0,17.021724809128862,0,0,0,0.0,0.0,1.0,0,0,0,0,0,0,0,DISABLED,nan,0,-1,0,0.0,0
410,37.42919771000015,nan,nan,nan,nan,nan,nan,nan,nan,144.0,189.0,388.0,291.0,held,nan,nan,nan,nan,,nan,0,nan,nan,nan,INITIALIZING,0.0,0.0,0.0,18.145500458481166,0,0,0,0.0,0.0,1.0,0,0,0,0,0,0,0,DISABLED,nan,0,-1,0,0.0,0
411,37.489880639004696,nan,nan,nan,nan,nan,nan,nan,nan,144.0,189.0,388.0,291.0,held,nan,nan,nan,nan,,nan,0,nan,nan,nan,INITIALIZING,0.0,0.0,0.0,16.479099087737563,0,0,0,0.0,0.0,1.0,0,0,0,0,0,0,0,DISABLED,nan,0,-1,0,0.0,0
412,37.54573209299997,nan,nan,nan,nan,nan,nan,nan,nan,144.0,189.0,388.0,291.0,held,nan,nan,nan,nan,,nan,0,nan,nan,nan,INITIALIZING,0.0,0.0,0.0,17.90463682618932,0,0,0,0.0,0.0,1.0,0,0,0,0,0,0,0,DISABLED,nan,0,-1,0,0.0,0
413,37.605059831999824,nan,nan,nan,nan,nan,nan,nan,nan,144.0,189.0,388.0,291.0,held,nan,nan,nan,nan,,nan,0,nan,nan,nan,INITIALIZING,0.0,0.0,0.0,16.855521832754285,0,0,0,0.0,0.0,1.0,0,0,0,0,0,0,0,DISABLED,nan,0,-1,0,0.0,0
414,37.66563604000112,nan,nan,nan,nan,nan,nan,nan,nan,144.0,189.0,388.0,291.0,held,nan,nan,nan,nan,,nan,0,nan,nan,nan,INITIALIZING,0.0,0.0,0.0,16.508131376903673,0,0,0,0.0,0.0,1.0,0,0,0,0,0,0,0,DISABLED,nan,0,-1,0,0.0,0
415,37.720925917004934,nan,nan,nan,nan,nan,nan,nan,nan,144.0,189.0,388.0,291.0,held,nan,nan,nan,nan,,nan,0,nan,nan,nan,INITIALIZING,0.0,0.0,0.0,18.08649348109404,0,0,0,0.0,0.0,1.0,0,0,0,0,0,0,0,DISABLED,nan,0,-1,0,0.0,0
416,37.78165291000187,nan,nan,nan,nan,nan,nan,nan,nan,144.0,189.0,388.0,291.0,held,nan,nan,nan,nan,,nan,0,nan,nan,nan,INITIALIZING,0.0,0.0,0.0,16.467141721482868,0,0,0,0.0,0.0,1.0,0,0,0,0,0,0,0,DISABLED,nan,0,-1,0,0.0,0
417,37.837016331002815,nan,nan,nan,nan,nan,nan,nan,nan,144.0,189.0,388.0,291.0,held,nan,nan,nan,nan,,nan,0,nan,nan,nan,INITIALIZING,0.0,0.0,0.0,18.062467635135516,0,0,0,0.0,0.0,1.0,0,0,0,0,0,0,0,DISABLED,nan,0,-1,0,0.0,0
418,37.89816494900151,nan,nan,nan,nan,nan,nan,nan,nan,144.0,189.0,388.0,291.0,held,nan,nan,nan,nan,,nan,0,nan,nan,nan,INITIALIZING,0.0,0.0,0.0,16.353599357246488,0,0,0,0.0,0.0,1.0,0,0,0,0,0,0,0,DISABLED,nan,0,-1,0,0.0,0
419,37.957150596004794,nan,nan,nan,nan,nan,nan,nan,nan,144.0,189.0,388.0,291.0,held,nan,nan,nan,nan,,nan,0,nan,nan,nan,INITIALIZING,0.0,0.0,0.0,16.95327678518718,0,0,0,0.0,0.0,1.0,0,0,0,0,0,0,0,DISABLED,nan,0,-1,0,0.0,0
420,38.0203096289988,nan,nan,nan,nan,nan,nan,nan,nan,144.0,189.0,388.0,291.0,held,nan,nan,nan,nan,,nan,0,nan,nan,nan,INITIALIZING,0.0,0.0,0.0,15.833047983728141,0,0,0,0.0,0.0,1.0,0,0,0,0,0,0,0,DISABLED,nan,0,-1,0,0.0,0
421,38.078498485003365,nan,nan,nan,nan,nan,nan,nan,nan,144.0,189.0,388.0,291.0,held,nan,nan,nan,nan,,nan,0,nan,nan,nan,INITIALIZING,0.0,0.0,0.0,17.185421207139527,0,0,0,0.0,0.0,1.0,0,0,0,0,0,0,0,DISABLED,nan,0,-1,0,0.0,0
422,38.13335767399985,nan,nan,nan,nan,nan,nan,nan,nan,144.0,189.0,388.0,291.0,held,nan,nan,nan,nan,,nan,0,nan,nan,nan,INITIALIZING,0.0,0.0,0.0,18.228486754771644,0,0,0,0.0,0.0,1.0,0,0,0,0,0,0,0,DISABLED,nan,0,-1,0,0.0,0
423,38.18975304799824,nan,nan,nan,nan,nan,nan,nan,nan,144.0,189.0,388.0,291.0,held,nan,nan,nan,nan,,nan,0,nan,nan,nan,INITIALIZING,0.0,0.0,0.0,17.731950851654016,0,0,0,0.0,0.0,1.0,0,0,0,0,0,0,0,DISABLED,nan,0,-1,0,0.0,0
424,38.249090110002726,nan,nan,nan,nan,nan,nan,nan,nan,144.0,189.0,388.0,291.0,held,nan,nan,nan,nan,,nan,0,nan,nan,nan,INITIALIZING,0.0,0.0,0.0,16.852873502978035,0,0,0,0.0,0.0,1.0,0,0,0,0,0,0,0,DISABLED,nan,0,-1,0,0.0,0
425,38.30569429100433,nan,nan,nan,nan,nan,nan,nan,nan,144.0,189.0,388.0,291.0,held,nan,nan,nan,nan,,nan,0,nan,nan,nan,INITIALIZING,0.0,0.0,0.0,17.666539508303778,0,0,0,0.0,0.0,1.0,0,0,0,0,0,0,0,DISABLED,nan,0,-1,0,0.0,0
426,38.365105313998356,nan,nan,nan,nan,nan,nan,nan,nan,144.0,189.0,388.0,291.0,held,nan,nan,nan,nan,,nan,0,nan,nan,nan,INITIALIZING,0.0,0.0,0.0,16.831893302031457,0,0,0,0.0,0.0,1.0,0,0,0,0,0,0,0,DISABLED,nan,0,-1,0,0.0,0
427,38.421064426001976,nan,nan,nan,nan,nan,nan,nan,nan,144.0,189.0,388.0,291.0,held,nan,nan,nan,nan,,nan,0,nan,nan,nan,INITIALIZING,0.0,0.0,0.0,17.87019064804505,0,0,0,0.0,0.0,1.0,0,0,0,0,0,0,0,DISABLED,nan,0,-1,0,0.0,0
428,38.481740064002224,nan,nan,nan,nan,nan,nan,nan,nan,144.0,189.0,388.0,291.0,held,nan,nan,nan,nan,,nan,0,nan,nan,nan,INITIALIZING,0.0,0.0,0.0,16.481079275934647,0,0,0,0.0,0.0,1.0,0,0,0,0,0,0,0,DISABLED,nan,0,-1,0,0.0,0
429,38.54142249900178,nan,nan,nan,nan,nan,nan,nan,nan,144.0,189.0,388.0,291.0,held,nan,nan,nan,nan,,nan,0,nan,nan,nan,INITIALIZING,0.0,0.0,0.0,16.755348537763172,0,0,0,0.0,0.0,1.0,0,0,0,0,0,0,0,DISABLED,nan,0,-1,0,0.0,0
430,38.59907821700472,nan,nan,nan,nan,nan,nan,nan,nan,144.0,189.0,388.0,291.0,held,nan,nan,nan,nan,,nan,0,nan,nan,nan,INITIALIZING,0.0,0.0,0.0,17.344333478755942,0,0,0,0.0,0.0,1.0,0,0,0,0,0,0,0,DISABLED,nan,0,-1,0,0.0,0
431,38.65778995100118,nan,nan,nan,nan,nan,nan,nan,nan,144.0,189.0,388.0,291.0,held,nan,nan,nan,nan,,nan,0,nan,nan,nan,INITIALIZING,0.0,0.0,0.0,17.032370395673937,0,0,0,0.0,0.0,1.0,0,0,0,0,0,0,0,DISABLED,nan,0,-1,0,0.0,0
432,38.71389370300312,nan,nan,nan,nan,nan,nan,nan,nan,144.0,189.0,388.0,291.0,held,nan,nan,nan,nan,,nan,0,nan,nan,nan,INITIALIZING,0.0,0.0,0.0,17.82411985503795,0,0,0,0.0,0.0,1.0,0,0,0,0,0,0,0,DISABLED,nan,0,-1,0,0.0,0
433,38.77515258399944,nan,nan,nan,nan,nan,nan,nan,nan,144.0,189.0,388.0,291.0,held,nan,nan,nan,nan,,nan,0,nan,nan,nan,INITIALIZING,0.0,0.0,0.0,16.324163676121902,0,0,0,0.0,0.0,1.0,0,0,0,0,0,0,0,DISABLED,nan,0,-1,0,0.0,0
434,38.837312009003654,nan,nan,nan,nan,nan,nan,nan,nan,144.0,189.0,388.0,291.0,held,nan,nan,nan,nan,,nan,0,nan,nan,nan,INITIALIZING,0.0,0.0,0.0,16.08766490250285,0,0,0,0.0,0.0,1.0,0,0,0,0,0,0,0,DISABLED,nan,0,-1,0,0.0,0
435,38.88893221000035,nan,nan,nan,nan,nan,nan,nan,nan,144.0,189.0,388.0,291.0,held,nan,nan,nan,nan,,nan,0,nan,nan,nan,INITIALIZING,0.0,0.0,0.0,19.372260872522226,0,0,0,0.0,0.0,1.0,0,0,0,0,0,0,0,DISABLED,nan,0,-1,0,0.0,0
436,38.949417322000954,nan,nan,nan,nan,nan,nan,nan,nan,144.0,189.0,388.0,291.0,held,nan,nan,nan,nan,,nan,0,nan,nan,nan,INITIALIZING,0.0,0.0,0.0,16.532994102581487,0,0,0,0.0,0.0,1.0,0,0,0,0,0,0,0,DISABLED,nan,0,-1,0,0.0,0
437,39.00665552999999,nan,nan,nan,nan,nan,nan,nan,nan,144.0,189.0,388.0,291.0,held,nan,nan,nan,nan,,nan,0,nan,nan,nan,INITIALIZING,0.0,0.0,0.0,17.47084744541379,0,0,0,0.0,0.0,1.0,0,0,0,0,0,0,0,DISABLED,nan,0,-1,0,0.0,0
438,39.06667036900035,nan,nan,nan,nan,nan,nan,nan,nan,144.0,189.0,388.0,291.0,held,nan,nan,nan,nan,,nan,0,nan,nan,nan,INITIALIZING,0.0,0.0,0.0,16.662545741295872,0,0,0,0.0,0.0,1.0,0,0,0,0,0,0,0,DISABLED,nan,0,-1,0,0.0,0
439,39.13524656899972,nan,nan,nan,nan,nan,nan,nan,nan,144.0,189.0,388.0,291.0,held,nan,nan,nan,nan,,nan,0,nan,nan,nan,INITIALIZING,0.0,0.0,0.0,14.582318647128082,0,0,0,0.0,0.0,1.0,0,0,0,0,0,0,0,DISABLED,nan,0,-1,0,0.0,0
440,39.18127605799964,nan,nan,nan,nan,nan,nan,nan,nan,144.0,189.0,388.0,291.0,held,nan,nan,nan,nan,,nan,0,nan,nan,nan,INITIALIZING,0.0,0.0,0.0,21.725203162731802,0,0,0,0.0,0.0,1.0,0,0,0,0,0,0,0,DISABLED,nan,0,-1,0,0.0,0
441,39.24108245500247,nan,nan,nan,nan,nan,nan,nan,nan,144.0,189.0,388.0,291.0,held,nan,nan,nan,nan,,nan,0,nan,nan,nan,INITIALIZING,0.0,0.0,0.0,16.720619367066536,0,0,0,0.0,0.0,1.0,0,0,0,0,0,0,0,DISABLED,nan,0,-1,0,0.0,0
442,39.29731152200111,nan,nan,nan,nan,nan,nan,nan,nan,144.0,189.0,388.0,291.0,held,nan,nan,nan,nan,,nan,0,nan,nan,nan,INITIALIZING,0.0,0.0,0.0,17.7843961028945,0,0,0,0.0,0.0,1.0,0,0,0,0,0,0,0,DISABLED,nan,0,-1,0,0.0,0
443,39.358865515001526,nan,nan,nan,nan,nan,nan,nan,nan,144.0,189.0,388.0,291.0,held,nan,nan,nan,nan,,nan,0,nan,nan,nan,INITIALIZING,0.0,0.0,0.0,16.245899758172314,0,0,0,0.0,0.0,1.0,0,0,0,0,0,0,0,DISABLED,nan,0,-1,0,0.0,0
444,39.41750063300424,nan,nan,nan,nan,nan,nan,nan,nan,144.0,189.0,388.0,291.0,held,nan,nan,nan,nan,,nan,0,nan,nan,nan,INITIALIZING,0.0,0.0,0.0,17.05462586352676,0,0,0,0.0,0.0,1.0,0,0,0,0,0,0,0,DISABLED,nan,0,-1,0,0.0,0
445,39.47320552000019,nan,nan,nan,nan,nan,nan,nan,nan,144.0,189.0,388.0,291.0,held,nan,nan,nan,nan,,nan,0,nan,nan,nan,INITIALIZING,0.0,0.0,0.0,17.951746317565007,0,0,0,0.0,0.0,1.0,0,0,0,0,0,0,0,DISABLED,nan,0,-1,0,0.0,0
446,39.53656033900188,nan,nan,nan,nan,nan,nan,nan,nan,144.0,189.0,388.0,291.0,held,nan,nan,nan,nan,,nan,0,nan,nan,nan,INITIALIZING,0.0,0.0,0.0,15.784118962968767,0,0,0,0.0,0.0,1.0,0,0,0,0,0,0,0,DISABLED,nan,0,-1,0,0.0,0
447,39.589599170998554,nan,nan,nan,nan,nan,nan,nan,nan,144.0,189.0,388.0,291.0,held,nan,nan,nan,nan,,nan,0,nan,nan,nan,INITIALIZING,0.0,0.0,0.0,18.85411051402344,0,0,0,0.0,0.0,1.0,0,0,0,0,0,0,0,DISABLED,nan,0,-1,0,0.0,0
448,39.65045179200388,nan,nan,nan,nan,nan,nan,nan,nan,144.0,189.0,388.0,291.0,held,nan,nan,nan,nan,,nan,0,nan,nan,nan,INITIALIZING,0.0,0.0,0.0,16.43314591022311,0,0,0,0.0,0.0,1.0,0,0,0,0,0,0,0,DISABLED,nan,0,-1,0,0.0,0
449,39.710146311001154,nan,nan,nan,nan,nan,nan,nan,nan,144.0,189.0,388.0,291.0,held,nan,nan,nan,nan,,nan,0,nan,nan,nan,INITIALIZING,0.0,0.0,0.0,16.751956742387634,0,0,0,0.0,0.0,1.0,0,0,0,0,0,0,0,DISABLED,nan,0,-1,0,0.0,0
450,39.772712516001775,nan,nan,nan,nan,nan,nan,nan,nan,144.0,189.0,388.0,291.0,held,nan,nan,nan,nan,,nan,0,nan,nan,nan,INITIALIZING,0.0,0.0,0.0,15.98306945402986,0,0,0,0.0,0.0,1.0,0,0,0,0,0,0,0,DISABLED,nan,0,-1,0,0.0,0
451,39.82620161899831,nan,nan,nan,nan,nan,nan,nan,nan,144.0,189.0,388.0,291.0,held,nan,nan,nan,nan,,nan,0,nan,nan,nan,INITIALIZING,0.0,0.0,0.0,18.695396706591826,0,0,0,0.0,0.0,1.0,0,0,0,0,0,0,0,DISABLED,nan,0,-1,0,0.0,0
452,39.88113898799929,nan,nan,nan,nan,nan,nan,nan,nan,144.0,189.0,388.0,291.0,held,nan,nan,nan,nan,,nan,0,nan,nan,nan,INITIALIZING,0.0,0.0,0.0,18.202546248294727,0,0,0,0.0,0.0,1.0,0,0,0,0,0,0,0,DISABLED,nan,0,-1,0,0.0,0
453,39.9408818410011,nan,nan,nan,nan,nan,nan,nan,nan,144.0,189.0,388.0,291.0,held,nan,nan,nan,nan,,nan,0,nan,nan,nan,INITIALIZING,0.0,0.0,0.0,16.73840383835938,0,0,0,0.0,0.0,1.0,0,0,0,0,0,0,0,DISABLED,nan,0,-1,0,0.0,0
454,40.002862147004635,nan,nan,nan,nan,nan,nan,nan,nan,144.0,189.0,388.0,291.0,held,nan,nan,nan,nan,,nan,0,nan,nan,nan,INITIALIZING,0.0,0.0,0.0,16.134157194109136,0,0,0,0.0,0.0,1.0,0,0,0,0,0,0,0,DISABLED,nan,0,-1,0,0.0,0
455,40.058342028998595,nan,nan,nan,nan,nan,nan,nan,nan,144.0,189.0,388.0,291.0,held,nan,nan,nan,nan,,nan,0,nan,nan,nan,INITIALIZING,0.0,0.0,0.0,18.024551676387084,0,0,0,0.0,0.0,1.0,0,0,0,0,0,0,0,DISABLED,nan,0,-1,0,0.0,0
456,40.117775291000726,nan,nan,nan,nan,nan,nan,nan,nan,144.0,189.0,388.0,291.0,held,nan,nan,nan,nan,,nan,0,nan,nan,nan,INITIALIZING,0.0,0.0,0.0,16.825595067693794,0,0,0,0.0,0.0,1.0,0,0,0,0,0,0,0,DISABLED,nan,0,-1,0,0.0,0
457,40.17410858000221,nan,nan,nan,nan,nan,nan,nan,nan,144.0,189.0,388.0,291.0,held,nan,nan,nan,nan,,nan,0,nan,nan,nan,INITIALIZING,0.0,0.0,0.0,17.751493259582563,0,0,0,0.0,0.0,1.0,0,0,0,0,0,0,0,DISABLED,nan,0,-1,0,0.0,0
458,40.234113263002655,nan,nan,nan,nan,nan,nan,nan,nan,144.0,189.0,388.0,291.0,held,nan,nan,nan,nan,,nan,0,nan,nan,nan,INITIALIZING,0.0,0.0,0.0,16.665365934732403,0,0,0,0.0,0.0,1.0,0,0,0,0,0,0,0,DISABLED,nan,0,-1,0,0.0,0
459,40.2939926830004,nan,nan,nan,nan,nan,nan,nan,nan,144.0,189.0,388.0,291.0,held,nan,nan,nan,nan,,nan,0,nan,nan,nan,INITIALIZING,0.0,0.0,0.0,16.700228559957832,0,0,0,0.0,0.0,1.0,0,0,0,0,0,0,0,DISABLED,nan,0,-1,0,0.0,0
460,40.34926818500389,nan,nan,nan,nan,nan,nan,nan,nan,144.0,189.0,388.0,291.0,held,nan,nan,nan,nan,,nan,0,nan,nan,nan,INITIALIZING,0.0,0.0,0.0,18.09119707201834,0,0,0,0.0,0.0,1.0,0,0,0,0,0,0,0,DISABLED,nan,0,-1,0,0.0,0
461,40.409037028002786,nan,nan,nan,nan,nan,nan,nan,nan,144.0,189.0,388.0,291.0,held,nan,nan,nan,nan,,nan,0,nan,nan,nan,INITIALIZING,0.0,0.0,0.0,16.73112527907788,0,0,0,0.0,0.0,1.0,0,0,0,0,0,0,0,DISABLED,nan,0,-1,0,0.0,0
462,40.46634695600369,nan,nan,nan,nan,nan,nan,nan,nan,144.0,189.0,388.0,291.0,held,nan,nan,nan,nan,,nan,0,nan,nan,nan,INITIALIZING,0.0,0.0,0.0,17.448983708097057,0,0,0,0.0,0.0,1.0,0,0,0,0,0,0,0,DISABLED,nan,0,-1,0,0.0,0
463,40.52725051600282,nan,nan,nan,nan,nan,nan,nan,nan,144.0,189.0,388.0,291.0,held,nan,nan,nan,nan,,nan,0,nan,nan,nan,INITIALIZING,0.0,0.0,0.0,16.419401427670824,0,0,0,0.0,0.0,1.0,0,0,0,0,0,0,0,DISABLED,nan,0,-1,0,0.0,0
464,40.58609647200501,nan,nan,nan,nan,nan,nan,nan,nan,144.0,189.0,388.0,291.0,held,nan,nan,nan,nan,,nan,0,nan,nan,nan,INITIALIZING,0.0,0.0,0.0,16.99352118542908,0,0,0,0.0,0.0,1.0,0,0,0,0,0,0,0,DISABLED,nan,0,-1,0,0.0,0
465,40.641045820004365,nan,nan,nan,nan,nan,nan,nan,nan,144.0,189.0,388.0,291.0,held,nan,nan,nan,nan,,nan,0,nan,nan,nan,INITIALIZING,0.0,0.0,0.0,18.19857807979359,0,0,0,0.0,0.0,1.0,0,0,0,0,0,0,0,DISABLED,nan,0,-1,0,0.0,0
466,40.70160010000109,nan,nan,nan,nan,nan,nan,nan,nan,144.0,189.0,388.0,291.0,held,nan,nan,nan,nan,,nan,0,nan,nan,nan,INITIALIZING,0.0,0.0,0.0,16.514109325618694,0,0,0,0.0,0.0,1.0,0,0,0,0,0,0,0,DISABLED,nan,0,-1,0,0.0,0
467,40.75815115500154,nan,nan,nan,nan,nan,nan,nan,nan,144.0,189.0,388.0,291.0,held,nan,nan,nan,nan,,nan,0,nan,nan,nan,INITIALIZING,0.0,0.0,0.0,17.683136061598855,0,0,0,0.0,0.0,1.0,0,0,0,0,0,0,0,DISABLED,nan,0,-1,0,0.0,0
468,40.81755446900206,nan,nan,nan,nan,nan,nan,nan,nan,144.0,189.0,388.0,291.0,held,nan,nan,nan,nan,,nan,0,nan,nan,nan,INITIALIZING,0.0,0.0,0.0,16.834077640706298,0,0,0,0.0,0.0,1.0,0,0,0,0,0,0,0,DISABLED,nan,0,-1,0,0.0,0
469,40.877526443000534,nan,nan,nan,nan,nan,nan,nan,nan,144.0,189.0,388.0,291.0,held,nan,nan,nan,nan,,nan,0,nan,nan,nan,INITIALIZING,0.0,0.0,0.0,16.674455305164326,0,0,0,0.0,0.0,1.0,0,0,0,0,0,0,0,DISABLED,nan,0,-1,0,0.0,0
470,40.933263936,nan,nan,nan,nan,nan,nan,nan,nan,144.0,189.0,388.0,291.0,held,nan,nan,nan,nan,,nan,0,nan,nan,nan,INITIALIZING,0.0,0.0,0.0,17.94124468442669,0,0,0,0.0,0.0,1.0,0,0,0,0,0,0,0,DISABLED,nan,0,-1,0,0.0,0
471,40.99349648899806,nan,nan,nan,nan,nan,nan,nan,nan,144.0,189.0,388.0,291.0,held,nan,nan,nan,nan,,nan,0,nan,nan,nan,INITIALIZING,0.0,0.0,0.0,16.602318019497293,0,0,0,0.0,0.0,1.0,0,0,0,0,0,0,0,DISABLED,nan,0,-1,0,0.0,0
472,41.05040291700425,nan,nan,nan,nan,nan,nan,nan,nan,144.0,189.0,388.0,291.0,held,nan,nan,nan,nan,,nan,0,nan,nan,nan,INITIALIZING,0.0,0.0,0.0,17.572707250071723,0,0,0,0.0,0.0,1.0,0,0,0,0,0,0,0,DISABLED,nan,0,-1,0,0.0,0
473,41.10933033400215,nan,nan,nan,nan,nan,nan,nan,nan,144.0,189.0,388.0,291.0,held,nan,nan,nan,nan,,nan,0,nan,nan,nan,INITIALIZING,0.0,0.0,0.0,16.970029418319452,0,0,0,0.0,0.0,1.0,0,0,0,0,0,0,0,DISABLED,nan,0,-1,0,0.0,0
474,41.17060327799845,nan,nan,nan,nan,nan,nan,nan,nan,144.0,189.0,388.0,291.0,held,nan,nan,nan,nan,,nan,0,nan,nan,nan,INITIALIZING,0.0,0.0,0.0,16.320417051617074,0,0,0,0.0,0.0,1.0,0,0,0,0,0,0,0,DISABLED,nan,0,-1,0,0.0,0
475,41.22663515300519,nan,nan,nan,nan,nan,nan,nan,nan,144.0,189.0,388.0,291.0,held,nan,nan,nan,nan,,nan,0,nan,nan,nan,INITIALIZING,0.0,0.0,0.0,17.84698441520554,0,0,0,0.0,0.0,1.0,0,0,0,0,0,0,0,DISABLED,nan,0,-1,0,0.0,0
476,41.28587070199865,nan,nan,nan,nan,nan,nan,nan,nan,144.0,189.0,388.0,291.0,held,nan,nan,nan,nan,,nan,0,nan,nan,nan,INITIALIZING,0.0,0.0,0.0,16.881754571236797,0,0,0,0.0,0.0,1.0,0,0,0,0,0,0,0,DISABLED,nan,0,-1,0,0.0,0
477,41.344007526000496,nan,nan,nan,nan,nan,nan,nan,nan,144.0,189.0,388.0,291.0,held,nan,nan,nan,nan,,nan,0,nan,nan,nan,INITIALIZING,0.0,0.0,0.0,17.200802024689082,0,0,0,0.0,0.0,1.0,0,0,0,0,0,0,0,DISABLED,nan,0,-1,0,0.0,0
478,41.40178793400264,nan,nan,nan,nan,nan,nan,nan,nan,144.0,189.0,388.0,291.0,held,nan,nan,nan,nan,,nan,0,nan,nan,nan,INITIALIZING,0.0,0.0,0.0,17.30690444350747,0,0,0,0.0,0.0,1.0,0,0,0,0,0,0,0,DISABLED,nan,0,-1,0,0.0,0
479,41.464935144002084,nan,nan,nan,nan,nan,nan,nan,nan,144.0,189.0,388.0,291.0,held,nan,nan,nan,nan,,nan,0,nan,nan,nan,INITIALIZING,0.0,0.0,0.0,15.836012390869328,0,0,0,0.0,0.0,1.0,0,0,0,0,0,0,0,DISABLED,nan,0,-1,0,0.0,0
480,41.51904082499823,nan,nan,nan,nan,nan,nan,nan,nan,144.0,189.0,388.0,291.0,held,nan,nan,nan,nan,,nan,0,nan,nan,nan,INITIALIZING,0.0,0.0,0.0,18.482347538907344,0,0,0,0.0,0.0,1.0,0,0,0,0,0,0,0,DISABLED,nan,0,-1,0,0.0,0
481,41.57718723200378,nan,nan,nan,nan,nan,nan,nan,nan,144.0,189.0,388.0,291.0,held,nan,nan,nan,nan,,nan,0,nan,nan,nan,INITIALIZING,0.0,0.0,0.0,17.197967191756515,0,0,0,0.0,0.0,1.0,0,0,0,0,0,0,0,DISABLED,nan,0,-1,0,0.0,0
482,41.643693693004025,nan,nan,nan,nan,nan,nan,nan,nan,144.0,189.0,388.0,291.0,held,nan,nan,nan,nan,,nan,0,nan,nan,nan,INITIALIZING,0.0,0.0,0.0,15.03613310586955,0,0,0,0.0,0.0,1.0,0,0,0,0,0,0,0,DISABLED,nan,0,-1,0,0.0,0
483,41.69450080200477,nan,nan,nan,nan,nan,nan,nan,nan,144.0,189.0,388.0,291.0,held,nan,nan,nan,nan,,nan,0,nan,nan,nan,INITIALIZING,0.0,0.0,0.0,19.68228501222868,0,0,0,0.0,0.0,1.0,0,0,0,0,0,0,0,DISABLED,nan,0,-1,0,0.0,0
484,41.75363093199849,nan,nan,nan,nan,nan,nan,nan,nan,144.0,189.0,388.0,291.0,held,nan,nan,nan,nan,,nan,0,nan,nan,nan,INITIALIZING,0.0,0.0,0.0,16.91185187832718,0,0,0,0.0,0.0,1.0,0,0,0,0,0,0,0,DISABLED,nan,0,-1,0,0.0,0
485,41.809073365002405,nan,nan,nan,nan,nan,nan,nan,nan,144.0,189.0,388.0,291.0,held,nan,nan,nan,nan,,nan,0,nan,nan,nan,INITIALIZING,0.0,0.0,0.0,18.03672648942602,0,0,0,0.0,0.0,1.0,0,0,0,0,0,0,0,DISABLED,nan,0,-1,0,0.0,0
486,41.86900830700324,nan,nan,nan,nan,nan,nan,nan,nan,144.0,189.0,388.0,291.0,held,nan,nan,nan,nan,,nan,0,nan,nan,nan,INITIALIZING,0.0,0.0,0.0,16.684757949478644,0,0,0,0.0,0.0,1.0,0,0,0,0,0,0,0,DISABLED,nan,0,-1,0,0.0,0
487,41.92521654000302,nan,nan,nan,nan,nan,nan,nan,nan,144.0,189.0,388.0,291.0,held,nan,nan,nan,nan,,nan,0,nan,nan,nan,INITIALIZING,0.0,0.0,0.0,17.790988021344255,0,0,0,0.0,0.0,1.0,0,0,0,0,0,0,0,DISABLED,nan,0,-1,0,0.0,0
488,41.98527523500525,nan,nan,nan,nan,nan,nan,nan,nan,144.0,189.0,388.0,291.0,held,nan,nan,nan,nan,,nan,0,nan,nan,nan,INITIALIZING,0.0,0.0,0.0,16.65037843334647,0,0,0,0.0,0.0,1.0,0,0,0,0,0,0,0,DISABLED,nan,0,-1,0,0.0,0
489,42.04636244499852,nan,nan,nan,nan,nan,nan,nan,nan,144.0,189.0,388.0,291.0,held,nan,nan,nan,nan,,nan,0,nan,nan,nan,INITIALIZING,0.0,0.0,0.0,16.37003883644531,0,0,0,0.0,0.0,1.0,0,0,0,0,0,0,0,DISABLED,nan,0,-1,0,0.0,0
490,42.10323574799986,nan,nan,nan,nan,nan,nan,nan,nan,144.0,189.0,388.0,291.0,held,nan,nan,nan,nan,,nan,0,nan,nan,nan,INITIALIZING,0.0,0.0,0.0,17.582942210626573,0,0,0,0.0,0.0,1.0,0,0,0,0,0,0,0,DISABLED,nan,0,-1,0,0.0,0
491,42.16186300099798,nan,nan,nan,nan,nan,nan,nan,nan,144.0,189.0,388.0,291.0,held,nan,nan,nan,nan,,nan,0,nan,nan,nan,INITIALIZING,0.0,0.0,0.0,17.05691378772327,0,0,0,0.0,0.0,1.0,0,0,0,0,0,0,0,DISABLED,nan,0,-1,0,0.0,0
492,42.21825092600193,nan,nan,nan,nan,nan,nan,nan,nan,144.0,189.0,388.0,291.0,held,nan,nan,nan,nan,,nan,0,nan,nan,nan,INITIALIZING,0.0,0.0,0.0,17.734293289388024,0,0,0,0.0,0.0,1.0,0,0,0,0,0,0,0,DISABLED,nan,0,-1,0,0.0,0
493,42.28111870200519,nan,nan,nan,nan,nan,nan,nan,nan,144.0,189.0,388.0,291.0,held,nan,nan,nan,nan,,nan,0,nan,nan,nan,INITIALIZING,0.0,0.0,0.0,15.906400123779864,0,0,0,0.0,0.0,1.0,0,0,0,0,0,0,0,DISABLED,nan,0,-1,0,0.0,0
494,42.34079535600176,nan,nan,nan,nan,nan,nan,nan,nan,144.0,189.0,388.0,291.0,held,nan,nan,nan,nan,,nan,0,nan,nan,nan,INITIALIZING,0.0,0.0,0.0,16.756971663615428,0,0,0,0.0,0.0,1.0,0,0,0,0,0,0,0,DISABLED,nan,0,-1,0,0.0,0
495,42.395502614999714,nan,nan,nan,nan,nan,nan,nan,nan,144.0,189.0,388.0,291.0,held,nan,nan,nan,nan,,nan,0,nan,nan,nan,INITIALIZING,0.0,0.0,0.0,18.27910990820175,0,0,0,0.0,0.0,1.0,0,0,0,0,0,0,0,DISABLED,nan,0,-1,0,0.0,0
496,42.45331672199973,nan,nan,nan,nan,nan,nan,nan,nan,144.0,189.0,388.0,291.0,held,nan,nan,nan,nan,,nan,0,nan,nan,nan,INITIALIZING,0.0,0.0,0.0,17.296816501892472,0,0,0,0.0,0.0,1.0,0,0,0,0,0,0,0,DISABLED,nan,0,-1,0,0.0,0
497,42.50998949899804,nan,nan,nan,nan,nan,nan,nan,nan,144.0,189.0,388.0,291.0,held,nan,nan,nan,nan,,nan,0,nan,nan,nan,INITIALIZING,0.0,0.0,0.0,17.645156157246177,0,0,0,0.0,0.0,1.0,0,0,0,0,0,0,0,DISABLED,nan,0,-1,0,0.0,0
498,42.56972365399997,nan,nan,nan,nan,nan,nan,nan,nan,144.0,189.0,388.0,291.0,held,nan,nan,nan,nan,,nan,0,nan,nan,nan,INITIALIZING,0.0,0.0,0.0,16.740841148043835,0,0,0,0.0,0.0,1.0,0,0,0,0,0,0,0,DISABLED,nan,0,-1,0,0.0,0
499,42.62918999000249,nan,nan,nan,nan,nan,nan,nan,nan,144.0,189.0,388.0,291.0,held,nan,nan,nan,nan,,nan,0,nan,nan,nan,INITIALIZING,0.0,0.0,0.0,16.816237004373438,0,0,0,0.0,0.0,1.0,0,0,0,0,0,0,0,DISABLED,nan,0,-1,0,0.0,0
500,42.68572870099888,nan,nan,nan,nan,nan,nan,nan,nan,144.0,189.0,388.0,291.0,held,nan,nan,nan,nan,,nan,0,nan,nan,nan,INITIALIZING,0.0,0.0,0.0,17.686996791699258,0,0,0,0.0,0.0,1.0,0,0,0,0,0,0,0,DISABLED,nan,0,-1,0,0.0,0
501,42.74589203399955,nan,nan,nan,nan,nan,nan,nan,nan,144.0,189.0,388.0,291.0,held,nan,nan,nan,nan,,nan,0,nan,nan,nan,INITIALIZING,0.0,0.0,0.0,16.621419561127148,0,0,0,0.0,0.0,1.0,0,0,0,0,0,0,0,DISABLED,nan,0,-1,0,0.0,0
502,42.80189448100282,nan,nan,nan,nan,nan,nan,nan,nan,144.0,189.0,388.0,291.0,held,nan,nan,nan,nan,,nan,0,nan,nan,nan,INITIALIZING,0.0,0.0,0.0,17.856362596828742,0,0,0,0.0,0.0,1.0,0,0,0,0,0,0,0,DISABLED,nan,0,-1,0,0.0,0
503,42.86110159200325,nan,nan,nan,nan,nan,nan,nan,nan,144.0,189.0,388.0,291.0,held,nan,nan,nan,nan,,nan,0,nan,nan,nan,INITIALIZING,0.0,0.0,0.0,16.88986311108294,0,0,0,0.0,0.0,1.0,0,0,0,0,0,0,0,DISABLED,nan,0,-1,0,0.0,0
504,42.921718739002245,nan,nan,nan,nan,nan,nan,nan,nan,144.0,189.0,388.0,291.0,held,nan,nan,nan,nan,,nan,0,nan,nan,nan,INITIALIZING,0.0,0.0,0.0,16.49698228154173,0,0,0,0.0,0.0,1.0,0,0,0,0,0,0,0,DISABLED,nan,0,-1,0,0.0,0
505,42.97706528400158,nan,nan,nan,nan,nan,nan,nan,nan,144.0,189.0,388.0,291.0,held,nan,nan,nan,nan,,nan,0,nan,nan,nan,INITIALIZING,0.0,0.0,0.0,18.067975155666122,0,0,0,0.0,0.0,1.0,0,0,0,0,0,0,0,DISABLED,nan,0,-1,0,0.0,0
506,43.03713080200396,nan,nan,nan,nan,nan,nan,nan,nan,144.0,189.0,388.0,291.0,held,nan,nan,nan,nan,,nan,0,nan,nan,nan,INITIALIZING,0.0,0.0,0.0,16.64848707307343,0,0,0,0.0,0.0,1.0,0,0,0,0,0,0,0,DISABLED,nan,0,-1,0,0.0,0
507,43.094251038004586,nan,nan,nan,nan,nan,nan,nan,nan,144.0,189.0,388.0,291.0,held,nan,nan,nan,nan,,nan,0,nan,nan,nan,INITIALIZING,0.0,0.0,0.0,17.506930468372047,0,0,0,0.0,0.0,1.0,0,0,0,0,0,0,0,DISABLED,nan,0,-1,0,0.0,0
508,43.15379930299969,nan,nan,nan,nan,nan,nan,nan,nan,144.0,189.0,388.0,291.0,held,nan,nan,nan,nan,,nan,0,nan,nan,nan,INITIALIZING,0.0,0.0,0.0,16.793100522446302,0,0,0,0.0,0.0,1.0,0,0,0,0,0,0,0,DISABLED,nan,0,-1,0,0.0,0
509,43.214289467003255,nan,nan,nan,nan,nan,nan,nan,nan,144.0,189.0,388.0,291.0,held,nan,nan,nan,nan,,nan,0,nan,nan,nan,INITIALIZING,0.0,0.0,0.0,16.53161330395829,0,0,0,0.0,0.0,1.0,0,0,0,0,0,0,0,DISABLED,nan,0,-1,0,0.0,0
510,43.27287270800298,nan,nan,nan,nan,nan,nan,nan,nan,144.0,189.0,388.0,291.0,held,nan,nan,nan,nan,,nan,0,nan,nan,nan,INITIALIZING,0.0,0.0,0.0,17.069728183947948,0,0,0,0.0,0.0,1.0,0,0,0,0,0,0,0,DISABLED,nan,0,-1,0,0.0,0
511,43.33003679900139,nan,nan,nan,nan,nan,nan,nan,nan,144.0,189.0,388.0,291.0,held,nan,nan,nan,nan,,nan,0,nan,nan,nan,INITIALIZING,0.0,0.0,0.0,17.493499547255453,0,0,0,0.0,0.0,1.0,0,0,0,0,0,0,0,DISABLED,nan,0,-1,0,0.0,0
512,43.38605711200216,nan,nan,nan,nan,nan,nan,nan,nan,144.0,189.0,388.0,291.0,held,nan,nan,nan,nan,,nan,0,nan,nan,nan,INITIALIZING,0.0,0.0,0.0,17.85066784589755,0,0,0,0.0,0.0,1.0,0,0,0,0,0,0,0,DISABLED,nan,0,-1,0,0.0,0
513,43.44628044599813,nan,nan,nan,nan,nan,nan,nan,nan,144.0,189.0,388.0,291.0,held,nan,nan,nan,nan,,nan,0,nan,nan,nan,INITIALIZING,0.0,0.0,0.0,16.604859506234224,0,0,0,0.0,0.0,1.0,0,0,0,0,0,0,0,DISABLED,nan,0,-1,0,0.0,0
514,43.505744178000896,nan,nan,nan,nan,nan,nan,nan,nan,144.0,189.0,388.0,291.0,held,nan,nan,nan,nan,,nan,0,nan,nan,nan,INITIALIZING,0.0,0.0,0.0,16.81697341084208,0,0,0,0.0,0.0,1.0,0,0,0,0,0,0,0,DISABLED,nan,0,-1,0,0.0,0
515,43.561657457001274,nan,nan,nan,nan,nan,nan,nan,nan,144.0,189.0,388.0,291.0,held,nan,nan,nan,nan,,nan,0,nan,nan,nan,INITIALIZING,0.0,0.0,0.0,17.884839127271132,0,0,0,0.0,0.0,1.0,0,0,0,0,0,0,0,DISABLED,nan,0,-1,0,0.0,0
516,43.62110155299888,nan,nan,nan,nan,nan,nan,nan,nan,144.0,189.0,388.0,291.0,held,nan,nan,nan,nan,,nan,0,nan,nan,nan,INITIALIZING,0.0,0.0,0.0,16.82252851553638,0,0,0,0.0,0.0,1.0,0,0,0,0,0,0,0,DISABLED,nan,0,-1,0,0.0,0
517,43.67844835700089,nan,nan,nan,nan,nan,nan,nan,nan,144.0,189.0,388.0,291.0,held,nan,nan,nan,nan,,nan,0,nan,nan,nan,INITIALIZING,0.0,0.0,0.0,17.437763401164776,0,0,0,0.0,0.0,1.0,0,0,0,0,0,0,0,DISABLED,nan,0,-1,0,0.0,0
518,43.73841147599887,nan,nan,nan,nan,nan,nan,nan,nan,144.0,189.0,388.0,291.0,held,nan,nan,nan,nan,,nan,0,nan,nan,nan,INITIALIZING,0.0,0.0,0.0,16.676917690582627,0,0,0,0.0,0.0,1.0,0,0,0,0,0,0,0,DISABLED,nan,0,-1,0,0.0,0
519,43.79707274000248,nan,nan,nan,nan,nan,nan,nan,nan,144.0,189.0,388.0,291.0,held,nan,nan,nan,nan,,nan,0,nan,nan,nan,INITIALIZING,0.0,0.0,0.0,17.047024420383565,0,0,0,0.0,0.0,1.0,0,0,0,0,0,0,0,DISABLED,nan,0,-1,0,0.0,0
520,43.85339431000466,nan,nan,nan,nan,nan,nan,nan,nan,144.0,189.0,388.0,291.0,held,nan,nan,nan,nan,,nan,0,nan,nan,nan,INITIALIZING,0.0,0.0,0.0,17.755186866439324,0,0,0,0.0,0.0,1.0,0,0,0,0,0,0,0,DISABLED,nan,0,-1,0,0.0,0
521,43.9144546450043,nan,nan,nan,nan,nan,nan,nan,nan,144.0,189.0,388.0,291.0,held,nan,nan,nan,nan,,nan,0,nan,nan,nan,INITIALIZING,0.0,0.0,0.0,16.37724391793668,0,0,0,0.0,0.0,1.0,0,0,0,0,0,0,0,DISABLED,nan,0,-1,0,0.0,0
522,43.97029255700181,nan,nan,nan,nan,nan,nan,nan,nan,144.0,189.0,388.0,291.0,held,nan,nan,nan,nan,,nan,0,nan,nan,nan,INITIALIZING,0.0,0.0,0.0,17.908979118784316,0,0,0,0.0,0.0,1.0,0,0,0,0,0,0,0,DISABLED,nan,0,-1,0,0.0,0
523,44.03211806699983,nan,nan,nan,nan,nan,nan,nan,nan,144.0,189.0,388.0,291.0,held,nan,nan,nan,nan,,nan,0,nan,nan,nan,INITIALIZING,0.0,0.0,0.0,16.17455319061807,0,0,0,0.0,0.0,1.0,0,0,0,0,0,0,0,DISABLED,nan,0,-1,0,0.0,0
524,44.08990633999929,nan,nan,nan,nan,nan,nan,nan,nan,144.0,189.0,388.0,291.0,held,nan,nan,nan,nan,,nan,0,nan,nan,nan,INITIALIZING,0.0,0.0,0.0,17.304548969811687,0,0,0,0.0,0.0,1.0,0,0,0,0,0,0,0,DISABLED,nan,0,-1,0,0.0,0
525,44.14561846799916,nan,nan,nan,nan,nan,nan,nan,nan,144.0,189.0,388.0,291.0,held,nan,nan,nan,nan,,nan,0,nan,nan,nan,INITIALIZING,0.0,0.0,0.0,17.94941309731276,0,0,0,0.0,0.0,1.0,0,0,0,0,0,0,0,DISABLED,nan,0,-1,0,0.0,0
526,44.20621004100394,nan,nan,nan,nan,nan,nan,nan,nan,144.0,189.0,388.0,291.0,held,nan,nan,nan,nan,,nan,0,nan,nan,nan,INITIALIZING,0.0,0.0,0.0,16.503945192527368,0,0,0,0.0,0.0,1.0,0,0,0,0,0,0,0,DISABLED,nan,0,-1,0,0.0,0
527,44.26241145100357,nan,nan,nan,nan,nan,nan,nan,nan,144.0,189.0,388.0,291.0,held,nan,nan,nan,nan,,nan,0,nan,nan,nan,INITIALIZING,0.0,0.0,0.0,17.7931478944492,0,0,0,0.0,0.0,1.0,0,0,0,0,0,0,0,DISABLED,nan,0,-1,0,0.0,0
528,44.32441368400032,nan,nan,nan,nan,nan,nan,nan,nan,144.0,189.0,388.0,291.0,held,nan,nan,nan,nan,,nan,0,nan,nan,nan,INITIALIZING,0.0,0.0,0.0,16.12845137452497,0,0,0,0.0,0.0,1.0,0,0,0,0,0,0,0,DISABLED,nan,0,-1,0,0.0,0
529,44.381412458998966,nan,nan,nan,nan,nan,nan,nan,nan,144.0,189.0,388.0,291.0,held,nan,nan,nan,nan,,nan,0,nan,nan,nan,INITIALIZING,0.0,0.0,0.0,17.544236696731513,0,0,0,0.0,0.0,1.0,0,0,0,0,0,0,0,DISABLED,nan,0,-1,0,0.0,0
530,44.43785595900408,nan,nan,nan,nan,nan,nan,nan,nan,144.0,189.0,388.0,291.0,held,nan,nan,nan,nan,,nan,0,nan,nan,nan,INITIALIZING,0.0,0.0,0.0,17.716831874518,0,0,0,0.0,0.0,1.0,0,0,0,0,0,0,0,DISABLED,nan,0,-1,0,0.0,0
531,44.50211220700294,nan,nan,nan,nan,nan,nan,nan,nan,144.0,189.0,388.0,291.0,held,nan,nan,nan,nan,,nan,0,nan,nan,nan,INITIALIZING,0.0,0.0,0.0,15.562688939102246,0,0,0,0.0,0.0,1.0,0,0,0,0,0,0,0,DISABLED,nan,0,-1,0,0.0,0
532,44.5604190869999,nan,nan,nan,nan,nan,nan,nan,nan,144.0,189.0,388.0,291.0,held,nan,nan,nan,nan,,nan,0,nan,nan,nan,INITIALIZING,0.0,0.0,0.0,17.15063471158287,0,0,0,0.0,0.0,1.0,0,0,0,0,0,0,0,DISABLED,nan,0,-1,0,0.0,0
533,44.614198562005186,nan,nan,nan,nan,nan,nan,nan,nan,144.0,189.0,388.0,291.0,held,nan,nan,nan,nan,,nan,0,nan,nan,nan,INITIALIZING,0.0,0.0,0.0,18.59445448103987,0,0,0,0.0,0.0,1.0,0,0,0,0,0,0,0,DISABLED,nan,0,-1,0,0.0,0
534,44.67309353000019,nan,nan,nan,nan,nan,nan,nan,nan,144.0,189.0,388.0,291.0,held,nan,nan,nan,nan,,nan,0,nan,nan,nan,INITIALIZING,0.0,0.0,0.0,16.979379292384778,0,0,0,0.0,0.0,1.0,0,0,0,0,0,0,0,DISABLED,nan,0,-1,0,0.0,0
535,44.72933624400321,nan,nan,nan,nan,nan,nan,nan,nan,144.0,189.0,388.0,291.0,held,nan,nan,nan,nan,,nan,0,nan,nan,nan,INITIALIZING,0.0,0.0,0.0,17.78008081093514,0,0,0,0.0,0.0,1.0,0,0,0,0,0,0,0,DISABLED,nan,0,-1,0,0.0,0
536,44.78933155100094,nan,nan,nan,nan,nan,nan,nan,nan,144.0,189.0,388.0,291.0,held,nan,nan,nan,nan,,nan,0,nan,nan,nan,INITIALIZING,0.0,0.0,0.0,16.66797038037925,0,0,0,0.0,0.0,1.0,0,0,0,0,0,0,0,DISABLED,nan,0,-1,0,0.0,0
537,44.8460351620015,nan,nan,nan,nan,nan,nan,nan,nan,144.0,189.0,388.0,291.0,held,nan,nan,nan,nan,,nan,0,nan,nan,nan,INITIALIZING,0.0,0.0,0.0,17.6355611636474,0,0,0,0.0,0.0,1.0,0,0,0,0,0,0,0,DISABLED,nan,0,-1,0,0.0,0
538,44.91112304600392,nan,nan,nan,nan,nan,nan,nan,nan,144.0,189.0,388.0,291.0,held,nan,nan,nan,nan,,nan,0,nan,nan,nan,INITIALIZING,0.0,0.0,0.0,15.363842523483596,0,0,0,0.0,0.0,1.0,0,0,0,0,0,0,0,DISABLED,nan,0,-1,0,0.0,0
539,44.97056844400504,nan,nan,nan,nan,nan,nan,nan,nan,144.0,189.0,388.0,291.0,held,nan,nan,nan,nan,,nan,0,nan,nan,nan,INITIALIZING,0.0,0.0,0.0,16.822160059912708,0,0,0,0.0,0.0,1.0,0,0,0,0,0,0,0,DISABLED,nan,0,-1,0,0.0,0
540,45.021761656003946,nan,nan,nan,nan,nan,nan,nan,nan,144.0,189.0,388.0,291.0,held,nan,nan,nan,nan,,nan,0,nan,nan,nan,INITIALIZING,0.0,0.0,0.0,19.5338397602665,0,0,0,0.0,0.0,1.0,0,0,0,0,0,0,0,DISABLED,nan,0,-1,0,0.0,0
541,45.0811166880012,nan,nan,nan,nan,nan,nan,nan,nan,144.0,189.0,388.0,291.0,held,nan,nan,nan,nan,,nan,0,nan,nan,nan,INITIALIZING,0.0,0.0,0.0,16.84777122260203,0,0,0,0.0,0.0,1.0,0,0,0,0,0,0,0,DISABLED,nan,0,-1,0,0.0,0
542,45.13804733500001,nan,nan,nan,nan,nan,nan,nan,nan,144.0,189.0,388.0,291.0,held,nan,nan,nan,nan,,nan,0,nan,nan,nan,INITIALIZING,0.0,0.0,0.0,17.56523160576309,0,0,0,0.0,0.0,1.0,0,0,0,0,0,0,0,DISABLED,nan,0,-1,0,0.0,0
543,45.198360307003895,nan,nan,nan,nan,nan,nan,nan,nan,144.0,189.0,388.0,291.0,held,nan,nan,nan,nan,,nan,0,nan,nan,nan,INITIALIZING,0.0,0.0,0.0,16.580181124809844,0,0,0,0.0,0.0,1.0,0,0,0,0,0,0,0,DISABLED,nan,0,-1,0,0.0,0
544,45.25821931000246,nan,nan,nan,nan,nan,nan,nan,nan,144.0,189.0,388.0,291.0,held,nan,nan,nan,nan,,nan,0,nan,nan,nan,INITIALIZING,0.0,0.0,0.0,16.705924754944267,0,0,0,0.0,0.0,1.0,0,0,0,0,0,0,0,DISABLED,nan,0,-1,0,0.0,0
545,45.314012636998086,nan,nan,nan,nan,nan,nan,nan,nan,144.0,189.0,388.0,291.0,held,nan,nan,nan,nan,,nan,0,nan,nan,nan,INITIALIZING,0.0,0.0,0.0,17.923290361917054,0,0,0,0.0,0.0,1.0,0,0,0,0,0,0,0,DISABLED,nan,0,-1,0,0.0,0
546,45.3743274840017,nan,nan,nan,nan,nan,nan,nan,nan,144.0,189.0,388.0,291.0,held,nan,nan,nan,nan,,nan,0,nan,nan,nan,INITIALIZING,0.0,0.0,0.0,16.57966569889735,0,0,0,0.0,0.0,1.0,0,0,0,0,0,0,0,DISABLED,nan,0,-1,0,0.0,0
547,45.4304634250002,nan,nan,nan,nan,nan,nan,nan,nan,144.0,189.0,388.0,291.0,held,nan,nan,nan,nan,,nan,0,nan,nan,nan,INITIALIZING,0.0,0.0,0.0,17.813899298965918,0,0,0,0.0,0.0,1.0,0,0,0,0,0,0,0,DISABLED,nan,0,-1,0,0.0,0
548,45.619015657001,nan,nan,nan,nan,nan,nan,nan,nan,144.0,189.0,388.0,291.0,held,nan,nan,nan,nan,,nan,0,nan,nan,nan,INITIALIZING,0.0,0.0,0.0,5.303570206454759,0,0,0,0.0,0.0,1.0,0,0,0,0,0,0,0,DISABLED,nan,0,-1,0,0.0,0
549,45.632722772003035,nan,nan,nan,nan,nan,nan,nan,nan,144.0,189.0,388.0,291.0,held,nan,nan,nan,nan,,nan,0,nan,nan,nan,INITIALIZING,0.0,0.0,0.0,72.95481214329631,0,0,0,0.0,0.0,1.0,0,0,0,0,0,0,0,DISABLED,nan,0,-1,0,0.0,0
550,45.99656700900232,nan,nan,nan,nan,nan,nan,nan,nan,144.0,189.0,388.0,291.0,held,nan,nan,nan,nan,,nan,0,nan,nan,nan,INITIALIZING,0.0,0.0,0.0,2.7484288558402166,0,0,0,0.0,0.0,1.0,0,0,0,0,0,0,0,DISABLED,nan,0,-1,0,0.0,0
551,46.009254149998014,nan,nan,nan,nan,nan,nan,nan,nan,144.0,189.0,388.0,291.0,held,nan,nan,nan,nan,,nan,0,nan,nan,nan,INITIALIZING,0.0,0.0,0.0,78.8199642724343,0,0,0,0.0,0.0,1.0,0,0,0,0,0,0,0,DISABLED,nan,0,-1,0,0.0,0
552,46.074401149999176,nan,nan,nan,nan,nan,nan,nan,nan,144.0,189.0,388.0,291.0,held,nan,nan,nan,nan,,nan,0,nan,nan,nan,INITIALIZING,0.0,0.0,0.0,15.349900992864955,0,0,0,0.0,0.0,1.0,0,0,0,0,0,0,0,DISABLED,nan,0,-1,0,0.0,0
553,46.13432812300016,nan,nan,nan,nan,nan,nan,nan,nan,144.0,189.0,388.0,291.0,held,nan,nan,nan,nan,,nan,0,nan,nan,nan,INITIALIZING,0.0,0.0,0.0,16.686976663806877,0,0,0,0.0,0.0,1.0,0,0,0,0,0,0,0,DISABLED,nan,0,-1,0,0.0,0
554,46.19039067599806,nan,nan,nan,nan,nan,nan,nan,nan,144.0,189.0,388.0,291.0,held,nan,nan,nan,nan,,nan,0,nan,nan,nan,INITIALIZING,0.0,0.0,0.0,17.837218366374554,0,0,0,0.0,0.0,1.0,0,0,0,0,0,0,0,DISABLED,nan,0,-1,0,0.0,0
555,46.25034212799801,nan,nan,nan,nan,nan,nan,nan,nan,144.0,189.0,388.0,291.0,held,nan,nan,nan,nan,,nan,0,nan,nan,nan,INITIALIZING,0.0,0.0,0.0,16.680163142684687,0,0,0,0.0,0.0,1.0,0,0,0,0,0,0,0,DISABLED,nan,0,-1,0,0.0,0
556,46.30598086900136,nan,nan,nan,nan,nan,nan,nan,nan,144.0,189.0,388.0,291.0,held,nan,nan,nan,nan,,nan,0,nan,nan,nan,INITIALIZING,0.0,0.0,0.0,17.973088210960785,0,0,0,0.0,0.0,1.0,0,0,0,0,0,0,0,DISABLED,nan,0,-1,0,0.0,0
557,46.36555804100499,nan,nan,nan,nan,nan,nan,nan,nan,144.0,189.0,388.0,291.0,held,nan,nan,nan,nan,,nan,0,nan,nan,nan,INITIALIZING,0.0,0.0,0.0,16.784952463656726,0,0,0,0.0,0.0,1.0,0,0,0,0,0,0,0,DISABLED,nan,0,-1,0,0.0,0
558,46.42628097099805,nan,nan,nan,nan,nan,nan,nan,nan,144.0,189.0,388.0,291.0,held,nan,nan,nan,nan,,nan,0,nan,nan,nan,INITIALIZING,0.0,0.0,0.0,16.468243546782936,0,0,0,0.0,0.0,1.0,0,0,0,0,0,0,0,DISABLED,nan,0,-1,0,0.0,0
559,46.48296718599886,nan,nan,nan,nan,nan,nan,nan,nan,144.0,189.0,388.0,291.0,held,nan,nan,nan,nan,,nan,0,nan,nan,nan,INITIALIZING,0.0,0.0,0.0,17.640973206373463,0,0,0,0.0,0.0,1.0,0,0,0,0,0,0,0,DISABLED,nan,0,-1,0,0.0,0
560,46.54560808100359,nan,nan,nan,nan,nan,nan,nan,nan,144.0,189.0,388.0,291.0,held,nan,nan,nan,nan,,nan,0,nan,nan,nan,INITIALIZING,0.0,0.0,0.0,15.964012007242792,0,0,0,0.0,0.0,1.0,0,0,0,0,0,0,0,DISABLED,nan,0,-1,0,0.0,0
561,46.59786725699814,nan,nan,nan,nan,nan,nan,nan,nan,144.0,189.0,388.0,291.0,held,nan,nan,nan,nan,,nan,0,nan,nan,nan,INITIALIZING,0.0,0.0,0.0,19.13539547780643,0,0,0,0.0,0.0,1.0,0,0,0,0,0,0,0,DISABLED,nan,0,-1,0,0.0,0
562,48.60612454000511,nan,nan,nan,nan,nan,nan,nan,nan,144.0,189.0,388.0,291.0,held,nan,nan,nan,nan,,nan,0,nan,nan,nan,INITIALIZING,0.0,0.0,0.0,0.49794416704551775,0,0,0,0.0,0.0,1.0,0,0,0,0,0,0,0,DISABLED,nan,0,-1,0,0.0,0
563,48.642647018998105,nan,nan,nan,nan,nan,nan,nan,nan,144.0,189.0,388.0,291.0,held,nan,nan,nan,nan,,nan,0,nan,nan,nan,INITIALIZING,0.0,0.0,0.0,27.38039770498237,0,0,0,0.0,0.0,1.0,0,0,0,0,0,0,0,DISABLED,nan,0,-1,0,0.0,0
564,48.756261642003665,nan,nan,nan,nan,nan,nan,nan,nan,144.0,189.0,388.0,291.0,held,nan,nan,nan,nan,,nan,0,nan,nan,nan,INITIALIZING,0.0,0.0,0.0,8.801683916612225,0,0,0,0.0,0.0,1.0,0,0,0,0,0,0,0,DISABLED,nan,0,-1,0,0.0,0
565,48.766298300004564,nan,nan,nan,nan,nan,nan,nan,nan,144.0,189.0,388.0,291.0,held,nan,nan,nan,nan,,nan,0,nan,nan,nan,INITIALIZING,0.0,0.0,0.0,99.63475889189216,0,0,0,0.0,0.0,1.0,0,0,0,0,0,0,0,DISABLED,nan,0,-1,0,0.0,0
566,48.817344373004744,nan,nan,nan,nan,nan,nan,nan,nan,144.0,189.0,388.0,291.0,held,nan,nan,nan,nan,,nan,0,nan,nan,nan,INITIALIZING,0.0,0.0,0.0,19.590145553341223,0,0,0,0.0,0.0,1.0,0,0,0,0,0,0,0,DISABLED,nan,0,-1,0,0.0,0
567,48.87749406000512,nan,nan,nan,nan,nan,nan,nan,nan,144.0,189.0,388.0,291.0,held,nan,nan,nan,nan,,nan,0,nan,nan,nan,INITIALIZING,0.0,0.0,0.0,16.625190418592766,0,0,0,0.0,0.0,1.0,0,0,0,0,0,0,0,DISABLED,nan,0,-1,0,0.0,0
568,48.933416348998435,nan,nan,nan,nan,nan,nan,nan,nan,144.0,189.0,388.0,291.0,held,nan,nan,nan,nan,,nan,0,nan,nan,nan,INITIALIZING,0.0,0.0,0.0,17.881957587958095,0,0,0,0.0,0.0,1.0,0,0,0,0,0,0,0,DISABLED,nan,0,-1,0,0.0,0
569,48.99355426400143,nan,nan,nan,nan,nan,nan,nan,nan,144.0,189.0,388.0,291.0,held,nan,nan,nan,nan,,nan,0,nan,nan,nan,INITIALIZING,0.0,0.0,0.0,16.628444799760086,0,0,0,0.0,0.0,1.0,0,0,0,0,0,0,0,DISABLED,nan,0,-1,0,0.0,0
570,49.05329461800284,nan,nan,nan,nan,nan,nan,nan,nan,144.0,189.0,388.0,291.0,held,nan,nan,nan,nan,,nan,0,nan,nan,nan,INITIALIZING,0.0,0.0,0.0,16.73910402299375,0,0,0,0.0,0.0,1.0,0,0,0,0,0,0,0,DISABLED,nan,0,-1,0,0.0,0
571,49.10950988300465,nan,nan,nan,nan,nan,nan,nan,nan,144.0,189.0,388.0,291.0,held,nan,nan,nan,nan,,nan,0,nan,nan,nan,INITIALIZING,0.0,0.0,0.0,17.788762535723905,0,0,0,0.0,0.0,1.0,0,0,0,0,0,0,0,DISABLED,nan,0,-1,0,0.0,0
572,49.17036677500437,nan,nan,nan,nan,nan,nan,nan,nan,144.0,189.0,388.0,291.0,held,nan,nan,nan,nan,,nan,0,nan,nan,nan,INITIALIZING,0.0,0.0,0.0,16.431992616458402,0,0,0,0.0,0.0,1.0,0,0,0,0,0,0,0,DISABLED,nan,0,-1,0,0.0,0
573,49.22662219800259,nan,nan,nan,nan,nan,nan,nan,nan,144.0,189.0,388.0,291.0,held,nan,nan,nan,nan,,nan,0,nan,nan,nan,INITIALIZING,0.0,0.0,0.0,17.77606400776057,0,0,0,0.0,0.0,1.0,0,0,0,0,0,0,0,DISABLED,nan,0,-1,0,0.0,0
574,49.28558029200212,nan,nan,nan,nan,nan,nan,nan,nan,144.0,189.0,388.0,291.0,held,nan,nan,nan,nan,,nan,0,nan,nan,nan,INITIALIZING,0.0,0.0,0.0,16.961199593865327,0,0,0,0.0,0.0,1.0,0,0,0,0,0,0,0,DISABLED,nan,0,-1,0,0.0,0
575,49.346373692998895,nan,nan,nan,nan,nan,nan,nan,nan,144.0,189.0,388.0,291.0,held,nan,nan,nan,nan,,nan,0,nan,nan,nan,INITIALIZING,0.0,0.0,0.0,16.449153750307474,0,0,0,0.0,0.0,1.0,0,0,0,0,0,0,0,DISABLED,nan,0,-1,0,0.0,0
576,49.40252900899941,nan,nan,nan,nan,nan,nan,nan,nan,144.0,189.0,388.0,291.0,held,nan,nan,nan,nan,,nan,0,nan,nan,nan,INITIALIZING,0.0,0.0,0.0,17.807753053884692,0,0,0,0.0,0.0,1.0,0,0,0,0,0,0,0,DISABLED,nan,0,-1,0,0.0,0
577,49.462337333003234,nan,nan,nan,nan,nan,nan,nan,nan,144.0,189.0,388.0,291.0,held,nan,nan,nan,nan,,nan,0,nan,nan,nan,INITIALIZING,0.0,0.0,0.0,16.720080635197974,0,0,0,0.0,0.0,1.0,0,0,0,0,0,0,0,DISABLED,nan,0,-1,0,0.0,0
578,49.51850442000432,nan,nan,nan,nan,nan,nan,nan,nan,144.0,189.0,388.0,291.0,held,nan,nan,nan,nan,,nan,0,nan,nan,nan,INITIALIZING,0.0,0.0,0.0,17.804021062738563,0,0,0,0.0,0.0,1.0,0,0,0,0,0,0,0,DISABLED,nan,0,-1,0,0.0,0
579,49.57878905800317,nan,nan,nan,nan,nan,nan,nan,nan,144.0,189.0,388.0,291.0,held,nan,nan,nan,nan,,nan,0,nan,nan,nan,INITIALIZING,0.0,0.0,0.0,16.587973871869536,0,0,0,0.0,0.0,1.0,0,0,0,0,0,0,0,DISABLED,nan,0,-1,0,0.0,0
580,49.638326074004,nan,nan,nan,nan,nan,nan,nan,nan,144.0,189.0,388.0,291.0,held,nan,nan,nan,nan,,nan,0,nan,nan,nan,INITIALIZING,0.0,0.0,0.0,16.79627343073482,0,0,0,0.0,0.0,1.0,0,0,0,0,0,0,0,DISABLED,nan,0,-1,0,0.0,0
581,49.69445961800375,nan,nan,nan,nan,nan,nan,nan,nan,144.0,189.0,388.0,291.0,held,nan,nan,nan,nan,,nan,0,nan,nan,nan,INITIALIZING,0.0,0.0,0.0,17.81465998306587,0,0,0,0.0,0.0,1.0,0,0,0,0,0,0,0,DISABLED,nan,0,-1,0,0.0,0
582,49.75442086299881,nan,nan,nan,nan,nan,nan,nan,nan,144.0,189.0,388.0,291.0,held,nan,nan,nan,nan,,nan,0,nan,nan,nan,INITIALIZING,0.0,0.0,0.0,16.677438903783518,0,0,0,0.0,0.0,1.0,0,0,0,0,0,0,0,DISABLED,nan,0,-1,0,0.0,0
583,49.810735662002116,nan,nan,nan,nan,nan,nan,nan,nan,144.0,189.0,388.0,291.0,held,nan,nan,nan,nan,,nan,0,nan,nan,nan,INITIALIZING,0.0,0.0,0.0,17.757321657870904,0,0,0,0.0,0.0,1.0,0,0,0,0,0,0,0,DISABLED,nan,0,-1,0,0.0,0
584,49.87011970399908,nan,nan,nan,nan,nan,nan,nan,nan,144.0,189.0,388.0,291.0,held,nan,nan,nan,nan,,nan,0,nan,nan,nan,INITIALIZING,0.0,0.0,0.0,16.839540832386053,0,0,0,0.0,0.0,1.0,0,0,0,0,0,0,0,DISABLED,nan,0,-1,0,0.0,0
585,49.93029444399872,nan,nan,nan,nan,nan,nan,nan,nan,144.0,189.0,388.0,291.0,held,nan,nan,nan,nan,,nan,0,nan,nan,nan,INITIALIZING,0.0,0.0,0.0,16.618268728805628,0,0,0,0.0,0.0,1.0,0,0,0,0,0,0,0,DISABLED,nan,0,-1,0,0.0,0
586,49.986840290002874,nan,nan,nan,nan,nan,nan,nan,nan,144.0,189.0,388.0,291.0,held,nan,nan,nan,nan,,nan,0,nan,nan,nan,INITIALIZING,0.0,0.0,0.0,17.68476502989294,0,0,0,0.0,0.0,1.0,0,0,0,0,0,0,0,DISABLED,nan,0,-1,0,0.0,0
587,50.04675283600227,nan,nan,nan,nan,nan,nan,nan,nan,144.0,189.0,388.0,291.0,held,nan,nan,nan,nan,,nan,0,nan,nan,nan,INITIALIZING,0.0,0.0,0.0,16.690994904641293,0,0,0,0.0,0.0,1.0,0,0,0,0,0,0,0,DISABLED,nan,0,-1,0,0.0,0
588,50.10216198700073,nan,nan,nan,nan,nan,nan,nan,nan,144.0,189.0,388.0,291.0,held,nan,nan,nan,nan,,nan,0,nan,nan,nan,INITIALIZING,0.0,0.0,0.0,18.04756041159774,0,0,0,0.0,0.0,1.0,0,0,0,0,0,0,0,DISABLED,nan,0,-1,0,0.0,0
589,50.162413707999804,nan,nan,nan,nan,nan,nan,nan,nan,144.0,189.0,388.0,291.0,held,nan,nan,nan,nan,,nan,0,nan,nan,nan,INITIALIZING,0.0,0.0,0.0,16.597036290719853,0,0,0,0.0,0.0,1.0,0,0,0,0,0,0,0,DISABLED,nan,0,-1,0,0.0,0
590,50.22149987800367,nan,nan,nan,nan,nan,nan,nan,nan,144.0,189.0,388.0,291.0,held,nan,nan,nan,nan,,nan,0,nan,nan,nan,INITIALIZING,0.0,0.0,0.0,16.924434261597472,0,0,0,0.0,0.0,1.0,0,0,0,0,0,0,0,DISABLED,nan,0,-1,0,0.0,0
591,50.278732044003846,nan,nan,nan,nan,nan,nan,nan,nan,144.0,189.0,388.0,291.0,held,nan,nan,nan,nan,,nan,0,nan,nan,nan,INITIALIZING,0.0,0.0,0.0,17.472691842502012,0,0,0,0.0,0.0,1.0,0,0,0,0,0,0,0,DISABLED,nan,0,-1,0,0.0,0
592,50.33867229900352,nan,nan,nan,nan,nan,nan,nan,nan,144.0,189.0,388.0,291.0,held,nan,nan,nan,nan,,nan,0,nan,nan,nan,INITIALIZING,0.0,0.0,0.0,16.68327904186327,0,0,0,0.0,0.0,1.0,0,0,0,0,0,0,0,DISABLED,nan,0,-1,0,0.0,0
593,50.39532741899893,nan,nan,nan,nan,nan,nan,nan,nan,144.0,189.0,388.0,291.0,held,nan,nan,nan,nan,,nan,0,nan,nan,nan,INITIALIZING,0.0,0.0,0.0,17.650655405565853,0,0,0,0.0,0.0,1.0,0,0,0,0,0,0,0,DISABLED,nan,0,-1,0,0.0,0
594,50.45437530700292,nan,nan,nan,nan,nan,nan,nan,nan,144.0,189.0,388.0,291.0,held,nan,nan,nan,nan,,nan,0,nan,nan,nan,INITIALIZING,0.0,0.0,0.0,16.935406731777746,0,0,0,0.0,0.0,1.0,0,0,0,0,0,0,0,DISABLED,nan,0,-1,0,0.0,0
595,50.5146852580001,nan,nan,nan,nan,nan,nan,nan,nan,144.0,189.0,388.0,291.0,held,nan,nan,nan,nan,,nan,0,nan,nan,nan,INITIALIZING,0.0,0.0,0.0,16.581011648422017,0,0,0,0.0,0.0,1.0,0,0,0,0,0,0,0,DISABLED,nan,0,-1,0,0.0,0
596,50.57080421900173,nan,nan,nan,nan,nan,nan,nan,nan,144.0,189.0,388.0,291.0,held,nan,nan,nan,nan,,nan,0,nan,nan,nan,INITIALIZING,0.0,0.0,0.0,17.81928927677324,0,0,0,0.0,0.0,1.0,0,0,0,0,0,0,0,DISABLED,nan,0,-1,0,0.0,0
597,50.63094255100441,nan,nan,nan,nan,nan,nan,nan,nan,144.0,189.0,388.0,291.0,held,nan,nan,nan,nan,,nan,0,nan,nan,nan,INITIALIZING,0.0,0.0,0.0,16.628329497988723,0,0,0,0.0,0.0,1.0,0,0,0,0,0,0,0,DISABLED,nan,0,-1,0,0.0,0
598,50.686903278998216,nan,nan,nan,nan,nan,nan,nan,nan,144.0,189.0,388.0,291.0,held,nan,nan,nan,nan,,nan,0,nan,nan,nan,INITIALIZING,0.0,0.0,0.0,17.869674606639826,0,0,0,0.0,0.0,1.0,0,0,0,0,0,0,0,DISABLED,nan,0,-1,0,0.0,0
599,50.74663722600235,nan,nan,nan,nan,nan,nan,nan,nan,144.0,189.0,388.0,291.0,held,nan,nan,nan,nan,,nan,0,nan,nan,nan,INITIALIZING,0.0,0.0,0.0,16.74089944082891,0,0,0,0.0,0.0,1.0,0,0,0,0,0,0,0,DISABLED,nan,0,-1,0,0.0,0
600,50.8053653149982,nan,nan,nan,nan,nan,nan,nan,nan,144.0,189.0,388.0,291.0,held,nan,nan,nan,nan,,nan,0,nan,nan,nan,INITIALIZING,0.0,0.0,0.0,17.027627104819935,0,0,0,0.0,0.0,1.0,0,0,0,0,0,0,0,DISABLED,nan,0,-1,0,0.0,0
601,50.86261352300062,nan,nan,nan,nan,nan,nan,nan,nan,144.0,189.0,388.0,291.0,held,nan,nan,nan,nan,,nan,0,nan,nan,nan,INITIALIZING,0.0,0.0,0.0,17.467795672446645,0,0,0,0.0,0.0,1.0,0,0,0,0,0,0,0,DISABLED,nan,0,-1,0,0.0,0
602,50.92251903699798,nan,nan,nan,nan,nan,nan,nan,nan,144.0,189.0,388.0,291.0,held,nan,nan,nan,nan,,nan,0,nan,nan,nan,INITIALIZING,0.0,0.0,0.0,16.69295417520326,0,0,0,0.0,0.0,1.0,0,0,0,0,0,0,0,DISABLED,nan,0,-1,0,0.0,0
603,50.979065612998966,nan,nan,nan,nan,nan,nan,nan,nan,144.0,189.0,388.0,291.0,held,nan,nan,nan,nan,,nan,0,nan,nan,nan,INITIALIZING,0.0,0.0,0.0,17.684536725665193,0,0,0,0.0,0.0,1.0,0,0,0,0,0,0,0,DISABLED,nan,0,-1,0,0.0,0
604,51.0384325720006,nan,nan,nan,nan,nan,nan,nan,nan,144.0,189.0,388.0,291.0,held,nan,nan,nan,nan,,nan,0,nan,nan,nan,INITIALIZING,0.0,0.0,0.0,16.844386453623812,0,0,0,0.0,0.0,1.0,0,0,0,0,0,0,0,DISABLED,nan,0,-1,0,0.0,0
605,51.09754228399834,nan,nan,nan,nan,nan,nan,nan,nan,144.0,189.0,388.0,291.0,held,nan,nan,nan,nan,,nan,0,nan,nan,nan,INITIALIZING,0.0,0.0,0.0,16.917693661547887,0,0,0,0.0,0.0,1.0,0,0,0,0,0,0,0,DISABLED,nan,0,-1,0,0.0,0
606,51.15453704800166,nan,nan,nan,nan,nan,nan,nan,nan,144.0,189.0,388.0,291.0,held,nan,nan,nan,nan,,nan,0,nan,nan,nan,INITIALIZING,0.0,0.0,0.0,17.545471368944323,0,0,0,0.0,0.0,1.0,0,0,0,0,0,0,0,DISABLED,nan,0,-1,0,0.0,0
607,51.21433427900047,nan,nan,nan,nan,nan,nan,nan,nan,144.0,189.0,388.0,291.0,held,nan,nan,nan,nan,,nan,0,nan,nan,nan,INITIALIZING,0.0,0.0,0.0,16.72318238314223,0,0,0,0.0,0.0,1.0,0,0,0,0,0,0,0,DISABLED,nan,0,-1,0,0.0,0
608,51.27083408200269,nan,nan,nan,nan,nan,nan,nan,nan,144.0,189.0,388.0,291.0,held,nan,nan,nan,nan,,nan,0,nan,nan,nan,INITIALIZING,0.0,0.0,0.0,17.699176755724533,0,0,0,0.0,0.0,1.0,0,0,0,0,0,0,0,DISABLED,nan,0,-1,0,0.0,0
609,51.330805222998606,nan,nan,nan,nan,nan,nan,nan,nan,144.0,189.0,388.0,291.0,held,nan,nan,nan,nan,,nan,0,nan,nan,nan,INITIALIZING,0.0,0.0,0.0,16.674686914296895,0,0,0,0.0,0.0,1.0,0,0,0,0,0,0,0,DISABLED,nan,0,-1,0,0.0,0
610,51.390289789000235,nan,nan,nan,nan,nan,nan,nan,nan,144.0,189.0,388.0,291.0,held,nan,nan,nan,nan,,nan,0,nan,nan,nan,INITIALIZING,0.0,0.0,0.0,16.811083398887284,0,0,0,0.0,0.0,1.0,0,0,0,0,0,0,0,DISABLED,nan,0,-1,0,0.0,0
611,51.446483699000964,nan,nan,nan,nan,nan,nan,nan,nan,144.0,189.0,388.0,291.0,held,nan,nan,nan,nan,,nan,0,nan,nan,nan,INITIALIZING,0.0,0.0,0.0,17.795522681853253,0,0,0,0.0,0.0,1.0,0,0,0,0,0,0,0,DISABLED,nan,0,-1,0,0.0,0
612,51.50632494100137,nan,nan,nan,nan,nan,nan,nan,nan,144.0,189.0,388.0,291.0,held,nan,nan,nan,nan,,nan,0,nan,nan,nan,INITIALIZING,0.0,0.0,0.0,16.71088310622422,0,0,0,0.0,0.0,1.0,0,0,0,0,0,0,0,DISABLED,nan,0,-1,0,0.0,0
613,51.56184852200386,nan,nan,nan,nan,nan,nan,nan,nan,144.0,189.0,388.0,291.0,held,nan,nan,nan,nan,,nan,0,nan,nan,nan,INITIALIZING,0.0,0.0,0.0,18.010365721100737,0,0,0,0.0,0.0,1.0,0,0,0,0,0,0,0,DISABLED,nan,0,-1,0,0.0,0
614,51.62182841300091,nan,nan,nan,nan,nan,nan,nan,nan,144.0,189.0,388.0,291.0,held,nan,nan,nan,nan,,nan,0,nan,nan,nan,INITIALIZING,0.0,0.0,0.0,16.67225437353803,0,0,0,0.0,0.0,1.0,0,0,0,0,0,0,0,DISABLED,nan,0,-1,0,0.0,0
615,51.68262931500067,nan,nan,nan,nan,nan,nan,nan,nan,144.0,189.0,388.0,291.0,held,nan,nan,nan,nan,,nan,0,nan,nan,nan,INITIALIZING,0.0,0.0,0.0,16.447124419371683,0,0,0,0.0,0.0,1.0,0,0,0,0,0,0,0,DISABLED,nan,0,-1,0,0.0,0
616,51.738571604000754,nan,nan,nan,nan,nan,nan,nan,nan,144.0,189.0,388.0,291.0,held,nan,nan,nan,nan,,nan,0,nan,nan,nan,INITIALIZING,0.0,0.0,0.0,17.87556458403878,0,0,0,0.0,0.0,1.0,0,0,0,0,0,0,0,DISABLED,nan,0,-1,0,0.0,0
617,51.798085233000165,nan,nan,nan,nan,nan,nan,nan,nan,144.0,189.0,388.0,291.0,held,nan,nan,nan,nan,,nan,0,nan,nan,nan,INITIALIZING,0.0,0.0,0.0,16.802873842727468,0,0,0,0.0,0.0,1.0,0,0,0,0,0,0,0,DISABLED,nan,0,-1,0,0.0,0
618,51.85490634699818,nan,nan,nan,nan,nan,nan,nan,nan,144.0,189.0,388.0,291.0,held,nan,nan,nan,nan,,nan,0,nan,nan,nan,INITIALIZING,0.0,0.0,0.0,17.599091774845956,0,0,0,0.0,0.0,1.0,0,0,0,0,0,0,0,DISABLED,nan,0,-1,0,0.0,0
619,51.91475430800347,nan,nan,nan,nan,nan,nan,nan,nan,144.0,189.0,388.0,291.0,held,nan,nan,nan,nan,,nan,0,nan,nan,nan,INITIALIZING,0.0,0.0,0.0,16.70900701047483,0,0,0,0.0,0.0,1.0,0,0,0,0,0,0,0,DISABLED,nan,0,-1,0,0.0,0
620,51.974837743000535,nan,nan,nan,nan,nan,nan,nan,nan,144.0,189.0,388.0,291.0,held,nan,nan,nan,nan,,nan,0,nan,nan,nan,INITIALIZING,0.0,0.0,0.0,16.64352246253555,0,0,0,0.0,0.0,1.0,0,0,0,0,0,0,0,DISABLED,nan,0,-1,0,0.0,0
621,52.030360595003,nan,nan,nan,nan,nan,nan,nan,nan,144.0,189.0,388.0,291.0,held,nan,nan,nan,nan,,nan,0,nan,nan,nan,INITIALIZING,0.0,0.0,0.0,18.010602192328705,0,0,0,0.0,0.0,1.0,0,0,0,0,0,0,0,DISABLED,nan,0,-1,0,0.0,0
622,52.09072445399943,nan,nan,nan,nan,nan,nan,nan,nan,144.0,189.0,388.0,291.0,held,nan,nan,nan,nan,,nan,0,nan,nan,nan,INITIALIZING,0.0,0.0,0.0,16.566203960870478,0,0,0,0.0,0.0,1.0,0,0,0,0,0,0,0,DISABLED,nan,0,-1,0,0.0,0
623,52.146836748004716,nan,nan,nan,nan,nan,nan,nan,nan,144.0,189.0,388.0,291.0,held,nan,nan,nan,nan,,nan,0,nan,nan,nan,INITIALIZING,0.0,0.0,0.0,17.821406480115666,0,0,0,0.0,0.0,1.0,0,0,0,0,0,0,0,DISABLED,nan,0,-1,0,0.0,0
624,52.20652152700495,nan,nan,nan,nan,nan,nan,nan,nan,144.0,189.0,388.0,291.0,held,nan,nan,nan,nan,,nan,0,nan,nan,nan,INITIALIZING,0.0,0.0,0.0,16.75469050486139,0,0,0,0.0,0.0,1.0,0,0,0,0,0,0,0,DISABLED,nan,0,-1,0,0.0,0
625,52.26540066199959,nan,nan,nan,nan,nan,nan,nan,nan,144.0,189.0,388.0,291.0,held,nan,nan,nan,nan,,nan,0,nan,nan,nan,INITIALIZING,0.0,0.0,0.0,16.983945163104483,0,0,0,0.0,0.0,1.0,0,0,0,0,0,0,0,DISABLED,nan,0,-1,0,0.0,0
626,52.32144472499931,nan,nan,nan,nan,nan,nan,nan,nan,144.0,189.0,388.0,291.0,held,nan,nan,nan,nan,,nan,0,nan,nan,nan,INITIALIZING,0.0,0.0,0.0,17.84310320265399,0,0,0,0.0,0.0,1.0,0,0,0,0,0,0,0,DISABLED,nan,0,-1,0,0.0,0
627,52.386411928004236,nan,nan,nan,nan,nan,nan,nan,nan,144.0,189.0,388.0,291.0,held,nan,nan,nan,nan,,nan,0,nan,nan,nan,INITIALIZING,0.0,0.0,0.0,15.392381905746774,0,0,0,0.0,0.0,1.0,0,0,0,0,0,0,0,DISABLED,nan,0,-1,0,0.0,0
628,52.446710577001795,nan,nan,nan,nan,nan,nan,nan,nan,144.0,189.0,388.0,291.0,held,nan,nan,nan,nan,,nan,0,nan,nan,nan,INITIALIZING,0.0,0.0,0.0,16.584119488986865,0,0,0,0.0,0.0,1.0,0,0,0,0,0,0,0,DISABLED,nan,0,-1,0,0.0,0
629,52.5026722420007,nan,nan,nan,nan,nan,nan,nan,nan,144.0,189.0,388.0,291.0,held,nan,nan,nan,nan,,nan,0,nan,nan,nan,INITIALIZING,0.0,0.0,0.0,17.86937540224343,0,0,0,0.0,0.0,1.0,0,0,0,0,0,0,0,DISABLED,nan,0,-1,0,0.0,0
630,52.71626093699888,nan,nan,nan,nan,nan,nan,nan,nan,144.0,189.0,388.0,291.0,held,nan,nan,nan,nan,,nan,0,nan,nan,nan,INITIALIZING,0.0,0.0,0.0,4.681895734268722,0,0,0,0.0,0.0,1.0,0,0,0,0,0,0,0,DISABLED,nan,0,-1,0,0.0,0
631,52.73330787500163,nan,nan,nan,nan,nan,nan,nan,nan,144.0,189.0,388.0,291.0,held,nan,nan,nan,nan,,nan,0,nan,nan,nan,INITIALIZING,0.0,0.0,0.0,58.661561380624,0,0,0,0.0,0.0,1.0,0,0,0,0,0,0,0,DISABLED,nan,0,-1,0,0.0,0
632,52.79078056800063,nan,nan,nan,nan,nan,nan,nan,nan,144.0,189.0,388.0,291.0,held,nan,nan,nan,nan,,nan,0,nan,nan,nan,INITIALIZING,0.0,0.0,0.0,17.399567478374685,0,0,0,0.0,0.0,1.0,0,0,0,0,0,0,0,DISABLED,nan,0,-1,0,0.0,0
633,52.850465608004015,nan,nan,nan,nan,nan,nan,nan,nan,144.0,189.0,388.0,291.0,held,nan,nan,nan,nan,,nan,0,nan,nan,nan,INITIALIZING,0.0,0.0,0.0,16.754617236467425,0,0,0,0.0,0.0,1.0,0,0,0,0,0,0,0,DISABLED,nan,0,-1,0,0.0,0
634,52.906654831000196,nan,nan,nan,nan,nan,nan,nan,nan,144.0,189.0,388.0,291.0,held,nan,nan,nan,nan,,nan,0,nan,nan,nan,INITIALIZING,0.0,0.0,0.0,17.797007089205714,0,0,0,0.0,0.0,1.0,0,0,0,0,0,0,0,DISABLED,nan,0,-1,0,0.0,0
635,52.96646232200146,nan,nan,nan,nan,nan,nan,nan,nan,144.0,189.0,388.0,291.0,held,nan,nan,nan,nan,,nan,0,nan,nan,nan,INITIALIZING,0.0,0.0,0.0,16.720313513550316,0,0,0,0.0,0.0,1.0,0,0,0,0,0,0,0,DISABLED,nan,0,-1,0,0.0,0
636,53.02640195099957,nan,nan,nan,nan,nan,nan,nan,nan,144.0,189.0,388.0,291.0,held,nan,nan,nan,nan,,nan,0,nan,nan,nan,INITIALIZING,0.0,0.0,0.0,16.68345327982517,0,0,0,0.0,0.0,1.0,0,0,0,0,0,0,0,DISABLED,nan,0,-1,0,0.0,0
637,53.082515235000756,nan,nan,nan,nan,nan,nan,nan,nan,144.0,189.0,388.0,291.0,held,nan,nan,nan,nan,,nan,0,nan,nan,nan,INITIALIZING,0.0,0.0,0.0,17.82109206046255,0,0,0,0.0,0.0,1.0,0,0,0,0,0,0,0,DISABLED,nan,0,-1,0,0.0,0
638,53.14249726100388,nan,nan,nan,nan,nan,nan,nan,nan,144.0,189.0,388.0,291.0,held,nan,nan,nan,nan,,nan,0,nan,nan,nan,INITIALIZING,0.0,0.0,0.0,16.671660939693428,0,0,0,0.0,0.0,1.0,0,0,0,0,0,0,0,DISABLED,nan,0,-1,0,0.0,0
639,53.19889883300493,nan,nan,nan,nan,nan,nan,nan,nan,144.0,189.0,388.0,291.0,held,nan,nan,nan,nan,,nan,0,nan,nan,nan,INITIALIZING,0.0,0.0,0.0,17.73000227691135,0,0,0,0.0,0.0,1.0,0,0,0,0,0,0,0,DISABLED,nan,0,-1,0,0.0,0
640,53.25853673700476,nan,nan,nan,nan,nan,nan,nan,nan,144.0,189.0,388.0,291.0,held,nan,nan,nan,nan,,nan,0,nan,nan,nan,INITIALIZING,0.0,0.0,0.0,16.767859581431292,0,0,0,0.0,0.0,1.0,0,0,0,0,0,0,0,DISABLED,nan,0,-1,0,0.0,0
641,53.318259954001405,nan,nan,nan,nan,nan,nan,nan,nan,144.0,189.0,388.0,291.0,held,nan,nan,nan,nan,,nan,0,nan,nan,nan,INITIALIZING,0.0,0.0,0.0,16.743907148474303,0,0,0,0.0,0.0,1.0,0,0,0,0,0,0,0,DISABLED,nan,0,-1,0,0.0,0
642,53.37451131400303,nan,nan,nan,nan,nan,nan,nan,nan,144.0,189.0,388.0,291.0,held,nan,nan,nan,nan,,nan,0,nan,nan,nan,INITIALIZING,0.0,0.0,0.0,17.77734796049588,0,0,0,0.0,0.0,1.0,0,0,0,0,0,0,0,DISABLED,nan,0,-1,0,0.0,0
643,53.43366759100172,nan,nan,nan,nan,nan,nan,nan,nan,144.0,189.0,388.0,291.0,held,nan,nan,nan,nan,,nan,0,nan,nan,nan,INITIALIZING,0.0,0.0,0.0,16.90437685965443,0,0,0,0.0,0.0,1.0,0,0,0,0,0,0,0,DISABLED,nan,0,-1,0,0.0,0
644,53.48937596900214,nan,nan,nan,nan,nan,nan,nan,nan,144.0,189.0,388.0,291.0,held,nan,nan,nan,nan,,nan,0,nan,nan,nan,INITIALIZING,0.0,0.0,0.0,17.950621358828677,0,0,0,0.0,0.0,1.0,0,0,0,0,0,0,0,DISABLED,nan,0,-1,0,0.0,0
645,53.549420080002164,nan,nan,nan,nan,nan,nan,nan,nan,144.0,189.0,388.0,291.0,held,nan,nan,nan,nan,,nan,0,nan,nan,nan,INITIALIZING,0.0,0.0,0.0,16.654422612728638,0,0,0,0.0,0.0,1.0,0,0,0,0,0,0,0,DISABLED,nan,0,-1,0,0.0,0
646,53.60954247400514,nan,nan,nan,nan,nan,nan,nan,nan,144.0,189.0,388.0,291.0,held,nan,nan,nan,nan,,nan,0,nan,nan,nan,INITIALIZING,0.0,0.0,0.0,16.632737544525153,0,0,0,0.0,0.0,1.0,0,0,0,0,0,0,0,DISABLED,nan,0,-1,0,0.0,0
647,53.66650661300082,nan,nan,nan,nan,nan,nan,nan,nan,144.0,189.0,388.0,291.0,held,nan,nan,nan,nan,,nan,0,nan,nan,nan,INITIALIZING,0.0,0.0,0.0,17.554904149008767,0,0,0,0.0,0.0,1.0,0,0,0,0,0,0,0,DISABLED,nan,0,-1,0,0.0,0
648,53.72640926200256,nan,nan,nan,nan,nan,nan,nan,nan,144.0,189.0,388.0,291.0,held,nan,nan,nan,nan,,nan,0,nan,nan,nan,INITIALIZING,0.0,0.0,0.0,16.693752557936385,0,0,0,0.0,0.0,1.0,0,0,0,0,0,0,0,DISABLED,nan,0,-1,0,0.0,0
649,53.782606246000796,nan,nan,nan,nan,nan,nan,nan,nan,144.0,189.0,388.0,291.0,held,nan,nan,nan,nan,,nan,0,nan,nan,nan,INITIALIZING,0.0,0.0,0.0,17.794549259644015,0,0,0,0.0,0.0,1.0,0,0,0,0,0,0,0,DISABLED,nan,0,-1,0,0.0,0
650,53.84196216300188,nan,nan,nan,nan,nan,nan,nan,nan,144.0,189.0,388.0,291.0,held,nan,nan,nan,nan,,nan,0,nan,nan,nan,INITIALIZING,0.0,0.0,0.0,16.847520020316125,0,0,0,0.0,0.0,1.0,0,0,0,0,0,0,0,DISABLED,nan,0,-1,0,0.0,0
651,53.90250227600336,nan,nan,nan,nan,nan,nan,nan,nan,144.0,189.0,388.0,291.0,held,nan,nan,nan,nan,,nan,0,nan,nan,nan,INITIALIZING,0.0,0.0,0.0,16.51797379326922,0,0,0,0.0,0.0,1.0,0,0,0,0,0,0,0,DISABLED,nan,0,-1,0,0.0,0
652,53.958911765002995,nan,nan,nan,nan,nan,nan,nan,nan,144.0,189.0,388.0,291.0,held,nan,nan,nan,nan,,nan,0,nan,nan,nan,INITIALIZING,0.0,0.0,0.0,17.727513894098337,0,0,0,0.0,0.0,1.0,0,0,0,0,0,0,0,DISABLED,nan,0,-1,0,0.0,0
653,54.018476853998436,nan,nan,nan,nan,nan,nan,nan,nan,144.0,189.0,388.0,291.0,held,nan,nan,nan,nan,,nan,0,nan,nan,nan,INITIALIZING,0.0,0.0,0.0,16.78835735604345,0,0,0,0.0,0.0,1.0,0,0,0,0,0,0,0,DISABLED,nan,0,-1,0,0.0,0
654,54.074067364002985,nan,nan,nan,nan,nan,nan,nan,nan,144.0,189.0,388.0,291.0,held,nan,nan,nan,nan,,nan,0,nan,nan,nan,INITIALIZING,0.0,0.0,0.0,17.98868187966191,0,0,0,0.0,0.0,1.0,0,0,0,0,0,0,0,DISABLED,nan,0,-1,0,0.0,0
655,54.13475680400006,nan,nan,nan,nan,nan,nan,nan,nan,144.0,189.0,388.0,291.0,held,nan,nan,nan,nan,,nan,0,nan,nan,nan,INITIALIZING,0.0,0.0,0.0,16.477331147694944,0,0,0,0.0,0.0,1.0,0,0,0,0,0,0,0,DISABLED,nan,0,-1,0,0.0,0
656,54.194173191004666,nan,nan,nan,nan,nan,nan,nan,nan,144.0,189.0,388.0,291.0,held,nan,nan,nan,nan,,nan,0,nan,nan,nan,INITIALIZING,0.0,0.0,0.0,16.830373747271558,0,0,0,0.0,0.0,1.0,0,0,0,0,0,0,0,DISABLED,nan,0,-1,0,0.0,0
657,54.24979844200425,nan,nan,nan,nan,nan,nan,nan,nan,144.0,189.0,388.0,291.0,held,nan,nan,nan,nan,,nan,0,nan,nan,nan,INITIALIZING,0.0,0.0,0.0,17.977446969317906,0,0,0,0.0,0.0,1.0,0,0,0,0,0,0,0,DISABLED,nan,0,-1,0,0.0,0
658,54.31012578999798,nan,nan,nan,nan,nan,nan,nan,nan,144.0,189.0,388.0,291.0,held,nan,nan,nan,nan,,nan,0,nan,nan,nan,INITIALIZING,0.0,0.0,0.0,16.576230072368865,0,0,0,0.0,0.0,1.0,0,0,0,0,0,0,0,DISABLED,nan,0,-1,0,0.0,0
659,54.36696763300279,nan,nan,nan,nan,nan,nan,nan,nan,144.0,189.0,388.0,291.0,held,nan,nan,nan,nan,,nan,0,nan,nan,nan,INITIALIZING,0.0,0.0,0.0,17.592673761747715,0,0,0,0.0,0.0,1.0,0,0,0,0,0,0,0,DISABLED,nan,0,-1,0,0.0,0
660,54.42684627199924,nan,nan,nan,nan,nan,nan,nan,nan,144.0,189.0,388.0,291.0,held,nan,nan,nan,nan,,nan,0,nan,nan,nan,INITIALIZING,0.0,0.0,0.0,16.70044638221085,0,0,0,0.0,0.0,1.0,0,0,0,0,0,0,0,DISABLED,nan,0,-1,0,0.0,0
661,54.487730769003974,nan,nan,nan,nan,nan,nan,nan,nan,144.0,189.0,388.0,291.0,held,nan,nan,nan,nan,,nan,0,nan,nan,nan,INITIALIZING,0.0,0.0,0.0,16.42454235800318,0,0,0,0.0,0.0,1.0,0,0,0,0,0,0,0,DISABLED,nan,0,-1,0,0.0,0
662,54.54209343500406,nan,nan,nan,nan,nan,nan,nan,nan,144.0,189.0,388.0,291.0,held,nan,nan,nan,nan,,nan,0,nan,nan,nan,INITIALIZING,0.0,0.0,0.0,18.394977170515833,0,0,0,0.0,0.0,1.0,0,0,0,0,0,0,0,DISABLED,nan,0,-1,0,0.0,0
663,54.60168165000505,nan,nan,nan,nan,nan,nan,nan,nan,144.0,189.0,388.0,291.0,held,nan,nan,nan,nan,,nan,0,nan,nan,nan,INITIALIZING,0.0,0.0,0.0,16.781841845463216,0,0,0,0.0,0.0,1.0,0,0,0,0,0,0,0,DISABLED,nan,0,-1,0,0.0,0
664,55.42316091700195,nan,nan,nan,nan,nan,nan,nan,nan,144.0,189.0,388.0,291.0,held,nan,nan,nan,nan,,nan,0,nan,nan,nan,INITIALIZING,0.0,0.0,0.0,1.2173161760438809,0,0,0,0.0,0.0,1.0,0,0,0,0,0,0,0,DISABLED,nan,0,-1,0,0.0,0
665,55.47889528400265,nan,nan,nan,nan,nan,nan,nan,nan,144.0,189.0,388.0,291.0,held,nan,nan,nan,nan,,nan,0,nan,nan,nan,INITIALIZING,0.0,0.0,0.0,17.94225096317172,0,0,0,0.0,0.0,1.0,0,0,0,0,0,0,0,DISABLED,nan,0,-1,0,0.0,0
666,55.53554712299956,nan,nan,nan,nan,nan,nan,nan,nan,144.0,189.0,388.0,291.0,held,nan,nan,nan,nan,,nan,0,nan,nan,nan,INITIALIZING,0.0,0.0,0.0,17.651677645530373,0,0,0,0.0,0.0,1.0,0,0,0,0,0,0,0,DISABLED,nan,0,-1,0,0.0,0
667,55.59398041300301,nan,nan,nan,nan,nan,nan,nan,nan,144.0,189.0,388.0,291.0,held,nan,nan,nan,nan,,nan,0,nan,nan,nan,INITIALIZING,0.0,0.0,0.0,17.11353237069082,0,0,0,0.0,0.0,1.0,0,0,0,0,0,0,0,DISABLED,nan,0,-1,0,0.0,0
668,55.654883816998336,nan,nan,nan,nan,nan,nan,nan,nan,144.0,189.0,388.0,291.0,held,nan,nan,nan,nan,,nan,0,nan,nan,nan,INITIALIZING,0.0,0.0,0.0,16.419443485896913,0,0,0,0.0,0.0,1.0,0,0,0,0,0,0,0,DISABLED,nan,0,-1,0,0.0,0
669,55.71102131999942,nan,nan,nan,nan,nan,nan,nan,nan,144.0,189.0,388.0,291.0,held,nan,nan,nan,nan,,nan,0,nan,nan,nan,INITIALIZING,0.0,0.0,0.0,17.813403634656176,0,0,0,0.0,0.0,1.0,0,0,0,0,0,0,0,DISABLED,nan,0,-1,0,0.0,0
670,55.77074802700372,nan,nan,nan,nan,nan,nan,nan,nan,144.0,189.0,388.0,291.0,held,nan,nan,nan,nan,,nan,0,nan,nan,nan,INITIALIZING,0.0,0.0,0.0,16.74292875259265,0,0,0,0.0,0.0,1.0,0,0,0,0,0,0,0,DISABLED,nan,0,-1,0,0.0,0
671,55.82700053300505,nan,nan,nan,nan,nan,nan,nan,nan,144.0,189.0,388.0,291.0,held,nan,nan,nan,nan,,nan,0,nan,nan,nan,INITIALIZING,0.0,0.0,0.0,17.77698579288862,0,0,0,0.0,0.0,1.0,0,0,0,0,0,0,0,DISABLED,nan,0,-1,0,0.0,0
672,55.88630040700082,nan,nan,nan,nan,nan,nan,nan,nan,144.0,189.0,388.0,291.0,held,nan,nan,nan,nan,,nan,0,nan,nan,nan,INITIALIZING,0.0,0.0,0.0,16.863442240557614,0,0,0,0.0,0.0,1.0,0,0,0,0,0,0,0,DISABLED,nan,0,-1,0,0.0,0
673,55.94693047100009,nan,nan,nan,nan,nan,nan,nan,nan,144.0,189.0,388.0,291.0,held,nan,nan,nan,nan,,nan,0,nan,nan,nan,INITIALIZING,0.0,0.0,0.0,16.493467663369884,0,0,0,0.0,0.0,1.0,0,0,0,0,0,0,0,DISABLED,nan,0,-1,0,0.0,0
674,56.00285447900387,nan,nan,nan,nan,nan,nan,nan,nan,144.0,189.0,388.0,291.0,held,nan,nan,nan,nan,,nan,0,nan,nan,nan,INITIALIZING,0.0,0.0,0.0,17.881407926490425,0,0,0,0.0,0.0,1.0,0,0,0,0,0,0,0,DISABLED,nan,0,-1,0,0.0,0
675,56.06160418299987,nan,nan,nan,nan,nan,nan,nan,nan,144.0,189.0,388.0,291.0,held,nan,nan,nan,nan,,nan,0,nan,nan,nan,INITIALIZING,0.0,0.0,0.0,17.021362355597358,0,0,0,0.0,0.0,1.0,0,0,0,0,0,0,0,DISABLED,nan,0,-1,0,0.0,0
676,56.118869474004896,nan,nan,nan,nan,nan,nan,nan,nan,144.0,189.0,388.0,291.0,held,nan,nan,nan,nan,,nan,0,nan,nan,nan,INITIALIZING,0.0,0.0,0.0,17.462584795251843,0,0,0,0.0,0.0,1.0,0,0,0,0,0,0,0,DISABLED,nan,0,-1,0,0.0,0
677,56.17982043100346,nan,nan,nan,nan,nan,nan,nan,nan,144.0,189.0,388.0,291.0,held,nan,nan,nan,nan,,nan,0,nan,nan,nan,INITIALIZING,0.0,0.0,0.0,16.406633287538067,0,0,0,0.0,0.0,1.0,0,0,0,0,0,0,0,DISABLED,nan,0,-1,0,0.0,0
678,56.23890571700031,nan,nan,nan,nan,nan,nan,nan,nan,144.0,189.0,388.0,291.0,held,nan,nan,nan,nan,,nan,0,nan,nan,nan,INITIALIZING,0.0,0.0,0.0,16.924687477241307,0,0,0,0.0,0.0,1.0,0,0,0,0,0,0,0,DISABLED,nan,0,-1,0,0.0,0
679,56.85628064100456,nan,nan,nan,nan,nan,nan,nan,nan,144.0,189.0,388.0,291.0,held,nan,nan,nan,nan,,nan,0,nan,nan,nan,INITIALIZING,0.0,0.0,0.0,1.6197612846243685,0,0,0,0.0,0.0,1.0,0,0,0,0,0,0,0,DISABLED,nan,0,-1,0,0.0,0
680,56.8892012590004,nan,nan,nan,nan,nan,nan,nan,nan,144.0,189.0,388.0,291.0,held,nan,nan,nan,nan,,nan,0,nan,nan,nan,INITIALIZING,0.0,0.0,0.0,30.376100476798676,0,0,0,0.0,0.0,1.0,0,0,0,0,0,0,0,DISABLED,nan,0,-1,0,0.0,0
681,56.93825108400051,nan,nan,nan,nan,nan,nan,nan,nan,144.0,189.0,388.0,291.0,held,nan,nan,nan,nan,,nan,0,nan,nan,nan,INITIALIZING,0.0,0.0,0.0,20.38743257489169,0,0,0,0.0,0.0,1.0,0,0,0,0,0,0,0,DISABLED,nan,0,-1,0,0.0,0
682,56.99414379000518,nan,nan,nan,nan,nan,nan,nan,nan,144.0,189.0,388.0,291.0,held,nan,nan,nan,nan,,nan,0,nan,nan,nan,INITIALIZING,0.0,0.0,0.0,17.891422181571404,0,0,0,0.0,0.0,1.0,0,0,0,0,0,0,0,DISABLED,nan,0,-1,0,0.0,0
683,57.05422071400244,nan,nan,nan,nan,nan,nan,nan,nan,144.0,189.0,388.0,291.0,held,nan,nan,nan,nan,,nan,0,nan,nan,nan,INITIALIZING,0.0,0.0,0.0,16.645326249487145,0,0,0,0.0,0.0,1.0,0,0,0,0,0,0,0,DISABLED,nan,0,-1,0,0.0,0
684,57.114052372002334,nan,nan,nan,nan,nan,nan,nan,nan,144.0,189.0,388.0,291.0,held,nan,nan,nan,nan,,nan,0,nan,nan,nan,INITIALIZING,0.0,0.0,0.0,16.713559901712525,0,0,0,0.0,0.0,1.0,0,0,0,0,0,0,0,DISABLED,nan,0,-1,0,0.0,0
685,57.17018774000462,nan,nan,nan,nan,nan,nan,nan,nan,144.0,189.0,388.0,291.0,held,nan,nan,nan,nan,,nan,0,nan,nan,nan,INITIALIZING,0.0,0.0,0.0,17.814081132580245,0,0,0,0.0,0.0,1.0,0,0,0,0,0,0,0,DISABLED,nan,0,-1,0,0.0,0
686,57.230407116003335,nan,nan,nan,nan,nan,nan,nan,nan,144.0,189.0,388.0,291.0,held,nan,nan,nan,nan,,nan,0,nan,nan,nan,INITIALIZING,0.0,0.0,0.0,16.60595088234343,0,0,0,0.0,0.0,1.0,0,0,0,0,0,0,0,DISABLED,nan,0,-1,0,0.0,0
687,57.35210110900516,nan,nan,nan,nan,nan,nan,nan,nan,144.0,189.0,388.0,291.0,held,nan,nan,nan,nan,,nan,0,nan,nan,nan,INITIALIZING,0.0,0.0,0.0,8.217332469195801,0,0,0,0.0,0.0,1.0,0,0,0,0,0,0,0,DISABLED,nan,0,-1,0,0.0,0
688,57.40439195200452,nan,nan,nan,nan,nan,nan,nan,nan,144.0,189.0,388.0,291.0,held,nan,nan,nan,nan,,nan,0,nan,nan,nan,INITIALIZING,0.0,0.0,0.0,19.123807202961636,0,0,0,0.0,0.0,1.0,0,0,0,0,0,0,0,DISABLED,nan,0,-1,0,0.0,0
689,57.473452436002844,nan,nan,nan,nan,nan,nan,nan,nan,144.0,189.0,388.0,291.0,held,nan,nan,nan,nan,,nan,0,nan,nan,nan,INITIALIZING,0.0,0.0,0.0,14.480060696131392,0,0,0,0.0,0.0,1.0,0,0,0,0,0,0,0,DISABLED,nan,0,-1,0,0.0,0
690,57.54890464300115,nan,nan,nan,nan,nan,nan,nan,nan,144.0,189.0,388.0,291.0,held,nan,nan,nan,nan,,nan,0,nan,nan,nan,INITIALIZING,0.0,0.0,0.0,13.253422792820901,0,0,0,0.0,0.0,1.0,0,0,0,0,0,0,0,DISABLED,nan,0,-1,0,0.0,0
691,57.661056729004486,nan,nan,nan,nan,nan,nan,nan,nan,144.0,189.0,388.0,291.0,held,nan,nan,nan,nan,,nan,0,nan,nan,nan,INITIALIZING,0.0,0.0,0.0,8.916463666759352,0,0,0,0.0,0.0,1.0,0,0,0,0,0,0,0,DISABLED,nan,0,-1,0,0.0,0
692,57.745016753004165,nan,nan,nan,nan,nan,nan,nan,nan,144.0,189.0,388.0,291.0,held,nan,nan,nan,nan,,nan,0,nan,nan,nan,INITIALIZING,0.0,0.0,0.0,11.910430135224988,0,0,0,0.0,0.0,1.0,0,0,0,0,0,0,0,DISABLED,nan,0,-1,0,0.0,0
693,57.996499785003834,nan,nan,nan,nan,nan,nan,nan,nan,144.0,189.0,388.0,291.0,held,nan,nan,nan,nan,,nan,0,nan,nan,nan,INITIALIZING,0.0,0.0,0.0,3.976411418490119,0,0,0,0.0,0.0,1.0,0,0,0,0,0,0,0,DISABLED,nan,0,-1,0,0.0,0
694,58.13580364600057,nan,nan,nan,nan,nan,nan,nan,nan,144.0,189.0,388.0,291.0,held,nan,nan,nan,nan,,nan,0,nan,nan,nan,INITIALIZING,0.0,0.0,0.0,7.178551928459824,0,0,0,0.0,0.0,1.0,0,0,0,0,0,0,0,DISABLED,nan,0,-1,0,0.0,0
695,58.18019981300313,nan,nan,nan,nan,nan,nan,nan,nan,144.0,189.0,388.0,291.0,held,nan,nan,nan,nan,,nan,0,nan,nan,nan,INITIALIZING,0.0,0.0,0.0,22.524467032082633,0,0,0,0.0,0.0,1.0,0,0,0,0,0,0,0,DISABLED,nan,0,-1,0,0.0,0
696,58.42357040099887,nan,nan,nan,nan,nan,nan,nan,nan,144.0,189.0,388.0,291.0,held,nan,nan,nan,nan,,nan,0,nan,nan,nan,INITIALIZING,0.0,0.0,0.0,4.1089599537701655,0,0,0,0.0,0.0,1.0,0,0,0,0,0,0,0,DISABLED,nan,0,-1,0,0.0,0
697,58.45556709000084,nan,nan,nan,nan,nan,nan,nan,nan,144.0,189.0,388.0,291.0,held,nan,nan,nan,nan,,nan,0,nan,nan,nan,INITIALIZING,0.0,0.0,0.0,31.25323373110223,0,0,0,0.0,0.0,1.0,0,0,0,0,0,0,0,DISABLED,nan,0,-1,0,0.0,0
698,58.51368344500224,nan,nan,nan,nan,nan,nan,nan,nan,144.0,189.0,388.0,291.0,held,nan,nan,nan,nan,,nan,0,nan,nan,nan,INITIALIZING,0.0,0.0,0.0,17.206860271534,0,0,0,0.0,0.0,1.0,0,0,0,0,0,0,0,DISABLED,nan,0,-1,0,0.0,0
699,58.573567655999796,nan,nan,nan,nan,nan,nan,nan,nan,144.0,189.0,388.0,291.0,held,nan,nan,nan,nan,,nan,0,nan,nan,nan,INITIALIZING,0.0,0.0,0.0,16.698892468348234,0,0,0,0.0,0.0,1.0,0,0,0,0,0,0,0,DISABLED,nan,0,-1,0,0.0,0
700,58.62955682200118,nan,nan,nan,nan,nan,nan,nan,nan,144.0,189.0,388.0,291.0,held,nan,nan,nan,nan,,nan,0,nan,nan,nan,INITIALIZING,0.0,0.0,0.0,17.860598244583958,0,0,0,0.0,0.0,1.0,0,0,0,0,0,0,0,DISABLED,nan,0,-1,0,0.0,0
701,58.68951067099988,nan,nan,nan,nan,nan,nan,nan,nan,144.0,189.0,388.0,291.0,held,nan,nan,nan,nan,,nan,0,nan,nan,nan,INITIALIZING,0.0,0.0,0.0,16.67949625755704,0,0,0,0.0,0.0,1.0,0,0,0,0,0,0,0,DISABLED,nan,0,-1,0,0.0,0
702,58.74579005299893,nan,nan,nan,nan,nan,nan,nan,nan,144.0,189.0,388.0,291.0,held,nan,nan,nan,nan,,nan,0,nan,nan,nan,INITIALIZING,0.0,0.0,0.0,17.768496463179446,0,0,0,0.0,0.0,1.0,0,0,0,0,0,0,0,DISABLED,nan,0,-1,0,0.0,0
703,58.80567176399927,nan,nan,nan,nan,nan,nan,nan,nan,144.0,189.0,388.0,291.0,held,nan,nan,nan,nan,,nan,0,nan,nan,nan,INITIALIZING,0.0,0.0,0.0,16.699589629198453,0,0,0,0.0,0.0,1.0,0,0,0,0,0,0,0,DISABLED,nan,0,-1,0,0.0,0
704,58.865475297003286,nan,nan,nan,nan,nan,nan,nan,nan,144.0,189.0,388.0,291.0,held,nan,nan,nan,nan,,nan,0,nan,nan,nan,INITIALIZING,0.0,0.0,0.0,16.72142011965861,0,0,0,0.0,0.0,1.0,0,0,0,0,0,0,0,DISABLED,nan,0,-1,0,0.0,0
705,58.921596965999925,nan,nan,nan,nan,nan,nan,nan,nan,144.0,189.0,388.0,291.0,held,nan,nan,nan,nan,,nan,0,nan,nan,nan,INITIALIZING,0.0,0.0,0.0,17.818429456541903,0,0,0,0.0,0.0,1.0,0,0,0,0,0,0,0,DISABLED,nan,0,-1,0,0.0,0
706,58.9814363330006,nan,nan,nan,nan,nan,nan,nan,nan,144.0,189.0,388.0,291.0,held,nan,nan,nan,nan,,nan,0,nan,nan,nan,INITIALIZING,0.0,0.0,0.0,16.71140672308054,0,0,0,0.0,0.0,1.0,0,0,0,0,0,0,0,DISABLED,nan,0,-1,0,0.0,0
707,59.03759716900095,nan,nan,nan,nan,nan,nan,nan,nan,144.0,189.0,388.0,291.0,held,nan,nan,nan,nan,,nan,0,nan,nan,nan,INITIALIZING,0.0,0.0,0.0,17.806002745291433,0,0,0,0.0,0.0,1.0,0,0,0,0,0,0,0,DISABLED,nan,0,-1,0,0.0,0
708,59.09752752799977,nan,nan,nan,nan,nan,nan,nan,nan,144.0,189.0,388.0,291.0,held,nan,nan,nan,nan,,nan,0,nan,nan,nan,INITIALIZING,0.0,0.0,0.0,16.686033868403452,0,0,0,0.0,0.0,1.0,0,0,0,0,0,0,0,DISABLED,nan,0,-1,0,0.0,0
709,59.15772336200462,nan,nan,nan,nan,nan,nan,nan,nan,144.0,189.0,388.0,291.0,held,nan,nan,nan,nan,,nan,0,nan,nan,nan,INITIALIZING,0.0,0.0,0.0,16.612445305094173,0,0,0,0.0,0.0,1.0,0,0,0,0,0,0,0,DISABLED,nan,0,-1,0,0.0,0
710,59.213547889004985,nan,nan,nan,nan,nan,nan,nan,nan,144.0,189.0,388.0,291.0,held,nan,nan,nan,nan,,nan,0,nan,nan,nan,INITIALIZING,0.0,0.0,0.0,17.913273138765796,0,0,0,0.0,0.0,1.0,0,0,0,0,0,0,0,DISABLED,nan,0,-1,0,0.0,0
711,59.273653408003156,nan,nan,nan,nan,nan,nan,nan,nan,144.0,189.0,388.0,291.0,held,nan,nan,nan,nan,,nan,0,nan,nan,nan,INITIALIZING,0.0,0.0,0.0,16.637407290841864,0,0,0,0.0,0.0,1.0,0,0,0,0,0,0,0,DISABLED,nan,0,-1,0,0.0,0
712,59.329525227003614,nan,nan,nan,nan,nan,nan,nan,nan,144.0,189.0,388.0,291.0,held,nan,nan,nan,nan,,nan,0,nan,nan,nan,INITIALIZING,0.0,0.0,0.0,17.89811067350065,0,0,0,0.0,0.0,1.0,0,0,0,0,0,0,0,DISABLED,nan,0,-1,0,0.0,0
713,59.389429283000936,nan,nan,nan,nan,nan,nan,nan,nan,144.0,189.0,388.0,291.0,held,nan,nan,nan,nan,,nan,0,nan,nan,nan,INITIALIZING,0.0,0.0,0.0,16.693360463683916,0,0,0,0.0,0.0,1.0,0,0,0,0,0,0,0,DISABLED,nan,0,-1,0,0.0,0
714,59.44941151799867,nan,nan,nan,nan,nan,nan,nan,nan,144.0,189.0,388.0,291.0,held,nan,nan,nan,nan,,nan,0,nan,nan,nan,INITIALIZING,0.0,0.0,0.0,16.671602851040713,0,0,0,0.0,0.0,1.0,0,0,0,0,0,0,0,DISABLED,nan,0,-1,0,0.0,0
715,59.505478967003,nan,nan,nan,nan,nan,nan,nan,nan,144.0,189.0,388.0,291.0,held,nan,nan,nan,nan,,nan,0,nan,nan,nan,INITIALIZING,0.0,0.0,0.0,17.835660757862396,0,0,0,0.0,0.0,1.0,0,0,0,0,0,0,0,DISABLED,nan,0,-1,0,0.0,0
716,59.56554167300055,nan,nan,nan,nan,nan,nan,nan,nan,144.0,189.0,388.0,291.0,held,nan,nan,nan,nan,,nan,0,nan,nan,nan,INITIALIZING,0.0,0.0,0.0,16.649266518906977,0,0,0,0.0,0.0,1.0,0,0,0,0,0,0,0,DISABLED,nan,0,-1,0,0.0,0
717,59.621542348999355,nan,nan,nan,nan,nan,nan,nan,nan,144.0,189.0,388.0,291.0,held,nan,nan,nan,nan,,nan,0,nan,nan,nan,INITIALIZING,0.0,0.0,0.0,17.85692729890223,0,0,0,0.0,0.0,1.0,0,0,0,0,0,0,0,DISABLED,nan,0,-1,0,0.0,0
718,59.681463332999556,nan,nan,nan,nan,nan,nan,nan,nan,144.0,189.0,388.0,291.0,held,nan,nan,nan,nan,,nan,0,nan,nan,nan,INITIALIZING,0.0,0.0,0.0,16.688644498839597,0,0,0,0.0,0.0,1.0,0,0,0,0,0,0,0,DISABLED,nan,0,-1,0,0.0,0
719,59.741436504999,nan,nan,nan,nan,nan,nan,nan,nan,144.0,189.0,388.0,291.0,held,nan,nan,nan,nan,,nan,0,nan,nan,nan,INITIALIZING,0.0,0.0,0.0,16.674122222670682,0,0,0,0.0,0.0,1.0,0,0,0,0,0,0,0,DISABLED,nan,0,-1,0,0.0,0
720,63.813811706000706,nan,nan,nan,nan,nan,nan,nan,nan,144.0,189.0,388.0,291.0,held,nan,nan,nan,nan,,nan,0,nan,nan,nan,INITIALIZING,0.0,0.0,0.0,0.24555694174594334,0,0,0,0.0,0.0,1.0,0,0,0,0,0,0,0,DISABLED,nan,0,-1,0,0.0,0
721,65.0711437400023,nan,nan,nan,nan,nan,nan,nan,nan,144.0,189.0,388.0,291.0,held,nan,nan,nan,nan,,nan,0,nan,nan,nan,INITIALIZING,0.0,0.0,0.0,0.7953348621981688,0,0,0,0.0,0.0,1.0,0,0,0,0,0,0,0,DISABLED,nan,0,-1,0,0.0,0
722,65.1148650460018,nan,nan,nan,nan,nan,nan,nan,nan,144.0,189.0,388.0,291.0,held,nan,nan,nan,nan,,nan,0,nan,nan,nan,INITIALIZING,0.0,0.0,0.0,22.87214384701809,0,0,0,0.0,0.0,1.0,0,0,0,0,0,0,0,DISABLED,nan,0,-1,0,0.0,0
723,65.16975079900294,nan,nan,nan,nan,nan,nan,nan,nan,144.0,189.0,388.0,291.0,held,nan,nan,nan,nan,,nan,0,nan,nan,nan,INITIALIZING,0.0,0.0,0.0,18.219664399596475,0,0,0,0.0,0.0,1.0,0,0,0,0,0,0,0,DISABLED,nan,0,-1,0,0.0,0
724,65.2315376100014,nan,nan,nan,nan,nan,nan,nan,nan,144.0,189.0,388.0,291.0,held,nan,nan,nan,nan,,nan,0,nan,nan,nan,INITIALIZING,0.0,0.0,0.0,16.18468381585506,0,0,0,0.0,0.0,1.0,0,0,0,0,0,0,0,DISABLED,nan,0,-1,0,0.0,0
725,65.28945000200474,nan,nan,nan,nan,nan,nan,nan,nan,144.0,189.0,388.0,291.0,held,nan,nan,nan,nan,,nan,0,nan,nan,nan,INITIALIZING,0.0,0.0,0.0,17.26746151224828,0,0,0,0.0,0.0,1.0,0,0,0,0,0,0,0,DISABLED,nan,0,-1,0,0.0,0
726,65.34617955100111,nan,nan,nan,nan,nan,nan,nan,nan,144.0,189.0,388.0,291.0,held,nan,nan,nan,nan,,nan,0,nan,nan,nan,INITIALIZING,0.0,0.0,0.0,17.627497797733977,0,0,0,0.0,0.0,1.0,0,0,0,0,0,0,0,DISABLED,nan,0,-1,0,0.0,0
727,65.40657830700366,nan,nan,nan,nan,nan,nan,nan,nan,144.0,189.0,388.0,291.0,held,nan,nan,nan,nan,,nan,0,nan,nan,nan,INITIALIZING,0.0,0.0,0.0,16.556632390871084,0,0,0,0.0,0.0,1.0,0,0,0,0,0,0,0,DISABLED,nan,0,-1,0,0.0,0
728,65.46222939099971,nan,nan,nan,nan,nan,nan,nan,nan,144.0,189.0,388.0,291.0,held,nan,nan,nan,nan,,nan,0,nan,nan,nan,INITIALIZING,0.0,0.0,0.0,17.969101914904478,0,0,0,0.0,0.0,1.0,0,0,0,0,0,0,0,DISABLED,nan,0,-1,0,0.0,0
729,65.52222923099907,nan,nan,nan,nan,nan,nan,nan,nan,144.0,189.0,388.0,291.0,held,nan,nan,nan,nan,,nan,0,nan,nan,nan,INITIALIZING,0.0,0.0,0.0,16.666711111406364,0,0,0,0.0,0.0,1.0,0,0,0,0,0,0,0,DISABLED,nan,0,-1,0,0.0,0
730,65.58292788999825,nan,nan,nan,nan,nan,nan,nan,nan,144.0,189.0,388.0,291.0,held,nan,nan,nan,nan,,nan,0,nan,nan,nan,INITIALIZING,0.0,0.0,0.0,16.474828546272175,0,0,0,0.0,0.0,1.0,0,0,0,0,0,0,0,DISABLED,nan,0,-1,0,0.0,0
731,65.6393955579988,nan,nan,nan,nan,nan,nan,nan,nan,144.0,189.0,388.0,291.0,held,nan,nan,nan,nan,,nan,0,nan,nan,nan,INITIALIZING,0.0,0.0,0.0,17.709249122705963,0,0,0,0.0,0.0,1.0,0,0,0,0,0,0,0,DISABLED,nan,0,-1,0,0.0,0
732,65.6985239170026,nan,nan,nan,nan,nan,nan,nan,nan,144.0,189.0,388.0,291.0,held,nan,nan,nan,nan,,nan,0,nan,nan,nan,INITIALIZING,0.0,0.0,0.0,16.912358415622656,0,0,0,0.0,0.0,1.0,0,0,0,0,0,0,0,DISABLED,nan,0,-1,0,0.0,0
733,65.75573853099922,nan,nan,nan,nan,nan,nan,nan,nan,144.0,189.0,388.0,291.0,held,nan,nan,nan,nan,,nan,0,nan,nan,nan,INITIALIZING,0.0,0.0,0.0,17.47805202459397,0,0,0,0.0,0.0,1.0,0,0,0,0,0,0,0,DISABLED,nan,0,-1,0,0.0,0
734,65.81501033100358,nan,nan,nan,nan,nan,nan,nan,nan,144.0,189.0,388.0,291.0,held,nan,nan,nan,nan,,nan,0,nan,nan,nan,INITIALIZING,0.0,0.0,0.0,16.871429582475205,0,0,0,0.0,0.0,1.0,0,0,0,0,0,0,0,DISABLED,nan,0,-1,0,0.0,0
735,65.87596279900026,nan,nan,nan,nan,nan,nan,nan,nan,144.0,189.0,388.0,291.0,held,nan,nan,nan,nan,,nan,0,nan,nan,nan,INITIALIZING,0.0,0.0,0.0,16.40622657074988,0,0,0,0.0,0.0,1.0,0,0,0,0,0,0,0,DISABLED,nan,0,-1,0,0.0,0
736,65.93205733200011,nan,nan,nan,nan,nan,nan,nan,nan,144.0,189.0,388.0,291.0,held,nan,nan,nan,nan,,nan,0,nan,nan,nan,INITIALIZING,0.0,0.0,0.0,17.827049206429223,0,0,0,0.0,0.0,1.0,0,0,0,0,0,0,0,DISABLED,nan,0,-1,0,0.0,0
737,65.99127095400036,nan,nan,nan,nan,nan,nan,nan,nan,144.0,189.0,388.0,291.0,held,nan,nan,nan,nan,,nan,0,nan,nan,nan,INITIALIZING,0.0,0.0,0.0,16.8880059388344,0,0,0,0.0,0.0,1.0,0,0,0,0,0,0,0,DISABLED,nan,0,-1,0,0.0,0
738,66.04742538500432,nan,nan,nan,nan,nan,nan,nan,nan,144.0,189.0,388.0,291.0,held,nan,nan,nan,nan,,nan,0,nan,nan,nan,INITIALIZING,0.0,0.0,0.0,17.808033704935347,0,0,0,0.0,0.0,1.0,0,0,0,0,0,0,0,DISABLED,nan,0,-1,0,0.0,0
739,66.10727199100074,nan,nan,nan,nan,nan,nan,nan,nan,144.0,189.0,388.0,291.0,held,nan,nan,nan,nan,,nan,0,nan,nan,nan,INITIALIZING,0.0,0.0,0.0,16.709385325204714,0,0,0,0.0,0.0,1.0,0,0,0,0,0,0,0,DISABLED,nan,0,-1,0,0.0,0
740,66.16705057500076,nan,nan,nan,nan,nan,nan,nan,nan,144.0,189.0,388.0,291.0,held,nan,nan,nan,nan,,nan,0,nan,nan,nan,INITIALIZING,0.0,0.0,0.0,16.728398919582336,0,0,0,0.0,0.0,1.0,0,0,0,0,0,0,0,DISABLED,nan,0,-1,0,0.0,0
741,66.22302479299833,nan,nan,nan,nan,nan,nan,nan,nan,144.0,189.0,388.0,291.0,held,nan,nan,nan,nan,,nan,0,nan,nan,nan,INITIALIZING,0.0,0.0,0.0,17.86536794570961,0,0,0,0.0,0.0,1.0,0,0,0,0,0,0,0,DISABLED,nan,0,-1,0,0.0,0
742,66.28324177399918,nan,nan,nan,nan,nan,nan,nan,nan,144.0,189.0,388.0,291.0,held,nan,nan,nan,nan,,nan,0,nan,nan,nan,INITIALIZING,0.0,0.0,0.0,16.60661134748519,0,0,0,0.0,0.0,1.0,0,0,0,0,0,0,0,DISABLED,nan,0,-1,0,0.0,0
743,66.33915312500176,nan,nan,nan,nan,nan,nan,nan,nan,144.0,189.0,388.0,291.0,held,nan,nan,nan,nan,,nan,0,nan,nan,nan,INITIALIZING,0.0,0.0,0.0,17.885455852316795,0,0,0,0.0,0.0,1.0,0,0,0,0,0,0,0,DISABLED,nan,0,-1,0,0.0,0
744,66.93312496400176,nan,nan,nan,nan,nan,nan,nan,nan,144.0,189.0,388.0,291.0,held,nan,nan,nan,nan,,nan,0,nan,nan,nan,INITIALIZING,0.0,0.0,0.0,1.683581500570082,0,0,0,0.0,0.0,1.0,0,0,0,0,0,0,0,DISABLED,nan,0,-1,0,0.0,0
745,66.9825749560041,nan,nan,nan,nan,nan,nan,nan,nan,144.0,189.0,388.0,291.0,held,nan,nan,nan,nan,,nan,0,nan,nan,nan,INITIALIZING,0.0,0.0,0.0,20.222450186700442,0,0,0,0.0,0.0,1.0,0,0,0,0,0,0,0,DISABLED,nan,0,-1,0,0.0,0
746,67.04278079000505,nan,nan,nan,nan,nan,nan,nan,nan,144.0,189.0,388.0,291.0,held,nan,nan,nan,nan,,nan,0,nan,nan,nan,INITIALIZING,0.0,0.0,0.0,16.60968603116042,0,0,0,0.0,0.0,1.0,0,0,0,0,0,0,0,DISABLED,nan,0,-1,0,0.0,0
747,67.09919173700473,nan,nan,nan,nan,nan,nan,nan,nan,144.0,189.0,388.0,291.0,held,nan,nan,nan,nan,,nan,0,nan,nan,nan,INITIALIZING,0.0,0.0,0.0,17.727055707923753,0,0,0,0.0,0.0,1.0,0,0,0,0,0,0,0,DISABLED,nan,0,-1,0,0.0,0
748,67.15916798300168,nan,nan,nan,nan,nan,nan,nan,nan,144.0,189.0,388.0,291.0,held,nan,nan,nan,nan,,nan,0,nan,nan,nan,INITIALIZING,0.0,0.0,0.0,16.673267614162746,0,0,0,0.0,0.0,1.0,0,0,0,0,0,0,0,DISABLED,nan,0,-1,0,0.0,0
749,67.21448655900167,nan,nan,nan,nan,nan,nan,nan,nan,144.0,189.0,388.0,291.0,held,nan,nan,nan,nan,,nan,0,nan,nan,nan,INITIALIZING,0.0,0.0,0.0,18.07711030016699,0,0,0,0.0,0.0,1.0,0,0,0,0,0,0,0,DISABLED,nan,0,-1,0,0.0,0
750,72.70671225999831,nan,nan,nan,nan,nan,nan,nan,nan,144.0,189.0,388.0,291.0,held,nan,nan,nan,nan,,nan,0,nan,nan,nan,INITIALIZING,0.0,0.0,0.0,0.18207554722642516,0,0,0,0.0,0.0,1.0,0,0,0,0,0,0,0,DISABLED,nan,0,-1,0,0.0,0
751,72.73641925599804,nan,nan,nan,nan,nan,nan,nan,nan,144.0,189.0,388.0,291.0,held,nan,nan,nan,nan,,nan,0,nan,nan,nan,INITIALIZING,0.0,0.0,0.0,33.66210437464075,0,0,0,0.0,0.0,1.0,0,0,0,0,0,0,0,DISABLED,nan,0,-1,0,0.0,0
752,72.7730702800036,nan,nan,nan,nan,nan,nan,nan,nan,144.0,189.0,388.0,291.0,held,nan,nan,nan,nan,,nan,0,nan,nan,nan,INITIALIZING,0.0,0.0,0.0,27.28436727575634,0,0,0,0.0,0.0,1.0,0,0,0,0,0,0,0,DISABLED,nan,0,-1,0,0.0,0
753,72.82426625300286,nan,nan,nan,nan,nan,nan,nan,nan,144.0,189.0,388.0,291.0,held,nan,nan,nan,nan,,nan,0,nan,nan,nan,INITIALIZING,0.0,0.0,0.0,19.53278629970215,0,0,0,0.0,0.0,1.0,0,0,0,0,0,0,0,DISABLED,nan,0,-1,0,0.0,0
754,72.88222416600183,nan,nan,nan,nan,nan,nan,nan,nan,144.0,189.0,388.0,291.0,held,nan,nan,nan,nan,,nan,0,nan,nan,nan,INITIALIZING,0.0,0.0,0.0,17.25389939450941,0,0,0,0.0,0.0,1.0,0,0,0,0,0,0,0,DISABLED,nan,0,-1,0,0.0,0
755,72.9383140639984,nan,nan,nan,nan,nan,nan,nan,nan,144.0,189.0,388.0,291.0,held,nan,nan,nan,nan,,nan,0,nan,nan,nan,INITIALIZING,0.0,0.0,0.0,17.82852234926737,0,0,0,0.0,0.0,1.0,0,0,0,0,0,0,0,DISABLED,nan,0,-1,0,0.0,0
756,72.99852562800515,nan,nan,nan,nan,nan,nan,nan,nan,144.0,189.0,388.0,291.0,held,nan,nan,nan,nan,,nan,0,nan,nan,nan,INITIALIZING,0.0,0.0,0.0,16.60810537802843,0,0,0,0.0,0.0,1.0,0,0,0,0,0,0,0,DISABLED,nan,0,-1,0,0.0,0
757,73.06953017100022,nan,nan,nan,nan,nan,nan,nan,nan,144.0,189.0,388.0,291.0,held,nan,nan,nan,nan,,nan,0,nan,nan,nan,INITIALIZING,0.0,0.0,0.0,14.083605890815145,0,0,0,0.0,0.0,1.0,0,0,0,0,0,0,0,DISABLED,nan,0,-1,0,0.0,0
758,73.11543278200406,nan,nan,nan,nan,nan,nan,nan,nan,144.0,189.0,388.0,291.0,held,nan,nan,nan,nan,,nan,0,nan,nan,nan,INITIALIZING,0.0,0.0,0.0,21.78525312898557,0,0,0,0.0,0.0,1.0,0,0,0,0,0,0,0,DISABLED,nan,0,-1,0,0.0,0
759,73.1778785159986,nan,nan,nan,nan,nan,nan,nan,nan,144.0,189.0,388.0,291.0,held,nan,nan,nan,nan,,nan,0,nan,nan,nan,INITIALIZING,0.0,0.0,0.0,16.01390416977869,0,0,0,0.0,0.0,1.0,0,0,0,0,0,0,0,DISABLED,nan,0,-1,0,0.0,0
760,73.23012243200355,nan,nan,nan,nan,nan,nan,nan,nan,144.0,189.0,388.0,291.0,held,nan,nan,nan,nan,,nan,0,nan,nan,nan,INITIALIZING,0.0,0.0,0.0,19.140984758974966,0,0,0,0.0,0.0,1.0,0,0,0,0,0,0,0,DISABLED,nan,0,-1,0,0.0,0
761,73.31069304900302,nan,nan,nan,nan,nan,nan,nan,nan,144.0,189.0,388.0,291.0,held,nan,nan,nan,nan,,nan,0,nan,nan,nan,INITIALIZING,0.0,0.0,0.0,12.411472534790471,0,0,0,0.0,0.0,1.0,0,0,0,0,0,0,0,DISABLED,nan,0,-1,0,0.0,0
762,73.35923937200278,nan,nan,nan,nan,nan,nan,nan,nan,144.0,189.0,388.0,291.0,held,nan,nan,nan,nan,,nan,0,nan,nan,nan,INITIALIZING,0.0,0.0,0.0,20.598882432456282,0,0,0,0.0,0.0,1.0,0,0,0,0,0,0,0,DISABLED,nan,0,-1,0,0.0,0
763,73.4106198810041,nan,nan,nan,nan,nan,nan,nan,nan,144.0,189.0,388.0,291.0,held,nan,nan,nan,nan,,nan,0,nan,nan,nan,INITIALIZING,0.0,0.0,0.0,19.462633193733502,0,0,0,0.0,0.0,1.0,0,0,0,0,0,0,0,DISABLED,nan,0,-1,0,0.0,0
764,73.47973354300484,nan,nan,nan,nan,nan,nan,nan,nan,144.0,189.0,388.0,291.0,held,nan,nan,nan,nan,,nan,0,nan,nan,nan,INITIALIZING,0.0,0.0,0.0,14.46891932870252,0,0,0,0.0,0.0,1.0,0,0,0,0,0,0,0,DISABLED,nan,0,-1,0,0.0,0
765,73.53183073599939,nan,nan,nan,nan,nan,nan,nan,nan,144.0,189.0,388.0,291.0,held,nan,nan,nan,nan,,nan,0,nan,nan,nan,INITIALIZING,0.0,0.0,0.0,19.194892133719737,0,0,0,0.0,0.0,1.0,0,0,0,0,0,0,0,DISABLED,nan,0,-1,0,0.0,0
766,73.5893475970006,nan,nan,nan,nan,nan,nan,nan,nan,144.0,189.0,388.0,291.0,held,nan,nan,nan,nan,,nan,0,nan,nan,nan,INITIALIZING,0.0,0.0,0.0,17.38620610709376,0,0,0,0.0,0.0,1.0,0,0,0,0,0,0,0,DISABLED,nan,0,-1,0,0.0,0
767,73.63952817999962,nan,nan,nan,nan,nan,nan,nan,nan,144.0,189.0,388.0,291.0,held,nan,nan,nan,nan,,nan,0,nan,nan,nan,INITIALIZING,0.0,0.0,0.0,19.928026743323215,0,0,0,0.0,0.0,1.0,0,0,0,0,0,0,0,DISABLED,nan,0,-1,0,0.0,0
768,73.70747191700502,nan,nan,nan,nan,nan,nan,nan,nan,144.0,189.0,388.0,291.0,held,nan,nan,nan,nan,,nan,0,nan,nan,nan,INITIALIZING,0.0,0.0,0.0,14.718060031352305,0,0,0,0.0,0.0,1.0,0,0,0,0,0,0,0,DISABLED,nan,0,-1,0,0.0,0
769,73.77298278100352,nan,nan,nan,nan,nan,nan,nan,nan,144.0,189.0,388.0,291.0,held,nan,nan,nan,nan,,nan,0,nan,nan,nan,INITIALIZING,0.0,0.0,0.0,15.264643739440485,0,0,0,0.0,0.0,1.0,0,0,0,0,0,0,0,DISABLED,nan,0,-1,0,0.0,0
770,73.81978879999951,nan,nan,nan,nan,nan,nan,nan,nan,144.0,189.0,388.0,291.0,held,nan,nan,nan,nan,,nan,0,nan,nan,nan,INITIALIZING,0.0,0.0,0.0,21.364773622075877,0,0,0,0.0,0.0,1.0,0,0,0,0,0,0,0,DISABLED,nan,0,-1,0,0.0,0
771,73.87851746199885,nan,nan,nan,nan,nan,nan,nan,nan,144.0,189.0,388.0,291.0,held,nan,nan,nan,nan,,nan,0,nan,nan,nan,INITIALIZING,0.0,0.0,0.0,17.027460969760405,0,0,0,0.0,0.0,1.0,0,0,0,0,0,0,0,DISABLED,nan,0,-1,0,0.0,0
772,73.93694340799993,nan,nan,nan,nan,nan,nan,nan,nan,144.0,189.0,388.0,291.0,held,nan,nan,nan,nan,,nan,0,nan,nan,nan,INITIALIZING,0.0,0.0,0.0,17.115683500982893,0,0,0,0.0,0.0,1.0,0,0,0,0,0,0,0,DISABLED,nan,0,-1,0,0.0,0
773,74.02119755400054,nan,nan,nan,nan,nan,nan,nan,nan,144.0,189.0,388.0,291.0,held,nan,nan,nan,nan,,nan,0,nan,nan,nan,INITIALIZING,0.0,0.0,0.0,11.868852127381844,0,0,0,0.0,0.0,1.0,0,0,0,0,0,0,0,DISABLED,nan,0,-1,0,0.0,0
774,74.05312731400045,nan,nan,nan,nan,nan,nan,nan,nan,144.0,189.0,388.0,291.0,held,nan,nan,nan,nan,,nan,0,nan,nan,nan,INITIALIZING,0.0,0.0,0.0,31.318744644581212,0,0,0,0.0,0.0,1.0,0,0,0,0,0,0,0,DISABLED,nan,0,-1,0,0.0,0
775,74.11009379700408,nan,nan,nan,nan,nan,nan,nan,nan,144.0,189.0,388.0,291.0,held,nan,nan,nan,nan,,nan,0,nan,nan,nan,INITIALIZING,0.0,0.0,0.0,17.55418181487875,0,0,0,0.0,0.0,1.0,0,0,0,0,0,0,0,DISABLED,nan,0,-1,0,0.0,0
776,74.17493594500411,nan,nan,nan,nan,nan,nan,nan,nan,144.0,189.0,388.0,291.0,held,nan,nan,nan,nan,,nan,0,nan,nan,nan,INITIALIZING,0.0,0.0,0.0,15.422067757527273,0,0,0,0.0,0.0,1.0,0,0,0,0,0,0,0,DISABLED,nan,0,-1,0,0.0,0
777,74.22763877900434,nan,nan,nan,nan,nan,nan,nan,nan,144.0,189.0,388.0,291.0,held,nan,nan,nan,nan,,nan,0,nan,nan,nan,INITIALIZING,0.0,0.0,0.0,18.97431170391438,0,0,0,0.0,0.0,1.0,0,0,0,0,0,0,0,DISABLED,nan,0,-1,0,0.0,0
778,74.28556424400449,nan,nan,nan,nan,nan,nan,nan,nan,144.0,189.0,388.0,291.0,held,nan,nan,nan,nan,,nan,0,nan,nan,nan,INITIALIZING,0.0,0.0,0.0,17.263564478892967,0,0,0,0.0,0.0,1.0,0,0,0,0,0,0,0,DISABLED,nan,0,-1,0,0.0,0
779,74.34396602299967,nan,nan,nan,nan,nan,nan,nan,nan,144.0,189.0,388.0,291.0,held,nan,nan,nan,nan,,nan,0,nan,nan,nan,INITIALIZING,0.0,0.0,0.0,17.12276607331778,0,0,0,0.0,0.0,1.0,0,0,0,0,0,0,0,DISABLED,nan,0,-1,0,0.0,0
780,74.401495488004,nan,nan,nan,nan,nan,nan,nan,nan,144.0,189.0,388.0,291.0,held,nan,nan,nan,nan,,nan,0,nan,nan,nan,INITIALIZING,0.0,0.0,0.0,17.3823970016865,0,0,0,0.0,0.0,1.0,0,0,0,0,0,0,0,DISABLED,nan,0,-1,0,0.0,0
781,74.46074885100097,nan,nan,nan,nan,nan,nan,nan,nan,144.0,189.0,388.0,291.0,held,nan,nan,nan,nan,,nan,0,nan,nan,nan,INITIALIZING,0.0,0.0,0.0,16.87667921989756,0,0,0,0.0,0.0,1.0,0,0,0,0,0,0,0,DISABLED,nan,0,-1,0,0.0,0
782,74.52164694200474,nan,nan,nan,nan,nan,nan,nan,nan,144.0,189.0,388.0,291.0,held,nan,nan,nan,nan,,nan,0,nan,nan,nan,INITIALIZING,0.0,0.0,0.0,16.420875983422615,0,0,0,0.0,0.0,1.0,0,0,0,0,0,0,0,DISABLED,nan,0,-1,0,0.0,0
783,74.57840769000177,nan,nan,nan,nan,nan,nan,nan,nan,144.0,189.0,388.0,291.0,held,nan,nan,nan,nan,,nan,0,nan,nan,nan,INITIALIZING,0.0,0.0,0.0,17.617808702103247,0,0,0,0.0,0.0,1.0,0,0,0,0,0,0,0,DISABLED,nan,0,-1,0,0.0,0
784,74.63560100099858,nan,nan,nan,nan,nan,nan,nan,nan,144.0,189.0,388.0,291.0,held,nan,nan,nan,nan,,nan,0,nan,nan,nan,INITIALIZING,0.0,0.0,0.0,17.484562137971004,0,0,0,0.0,0.0,1.0,0,0,0,0,0,0,0,DISABLED,nan,0,-1,0,0.0,0
785,74.70149041600234,nan,nan,nan,nan,nan,nan,nan,nan,144.0,189.0,388.0,291.0,held,nan,nan,nan,nan,,nan,0,nan,nan,nan,INITIALIZING,0.0,0.0,0.0,15.176944581202184,0,0,0,0.0,0.0,1.0,0,0,0,0,0,0,0,DISABLED,nan,0,-1,0,0.0,0
786,74.7516080800051,nan,nan,nan,nan,nan,nan,nan,nan,144.0,189.0,388.0,291.0,held,nan,nan,nan,nan,,nan,0,nan,nan,nan,INITIALIZING,0.0,0.0,0.0,19.953044897404347,0,0,0,0.0,0.0,1.0,0,0,0,0,0,0,0,DISABLED,nan,0,-1,0,0.0,0
787,74.81366088800132,nan,nan,nan,nan,nan,nan,nan,nan,144.0,189.0,388.0,291.0,held,nan,nan,nan,nan,,nan,0,nan,nan,nan,INITIALIZING,0.0,0.0,0.0,16.115306176971863,0,0,0,0.0,0.0,1.0,0,0,0,0,0,0,0,DISABLED,nan,0,-1,0,0.0,0
788,74.88171363899892,nan,nan,nan,nan,nan,nan,nan,nan,144.0,189.0,388.0,291.0,held,nan,nan,nan,nan,,nan,0,nan,nan,nan,INITIALIZING,0.0,0.0,0.0,14.694483108189804,0,0,0,0.0,0.0,1.0,0,0,0,0,0,0,0,DISABLED,nan,0,-1,0,0.0,0
789,74.927270512002,nan,nan,nan,nan,nan,nan,nan,nan,144.0,189.0,388.0,291.0,held,nan,nan,nan,nan,,nan,0,nan,nan,nan,INITIALIZING,0.0,0.0,0.0,21.95058471050926,0,0,0,0.0,0.0,1.0,0,0,0,0,0,0,0,DISABLED,nan,0,-1,0,0.0,0
790,74.98617058400123,nan,nan,nan,nan,nan,nan,nan,nan,144.0,189.0,388.0,291.0,held,nan,nan,nan,nan,,nan,0,nan,nan,nan,INITIALIZING,0.0,0.0,0.0,16.977907938941506,0,0,0,0.0,0.0,1.0,0,0,0,0,0,0,0,DISABLED,nan,0,-1,0,0.0,0
791,75.0463410529992,nan,nan,nan,nan,nan,nan,nan,nan,144.0,189.0,388.0,291.0,held,nan,nan,nan,nan,,nan,0,nan,nan,nan,INITIALIZING,0.0,0.0,0.0,16.6194483216308,0,0,0,0.0,0.0,1.0,0,0,0,0,0,0,0,DISABLED,nan,0,-1,0,0.0,0
792,75.10436422900239,nan,nan,nan,nan,nan,nan,nan,nan,144.0,189.0,388.0,291.0,held,nan,nan,nan,nan,,nan,0,nan,nan,nan,INITIALIZING,0.0,0.0,0.0,17.234492643853798,0,0,0,0.0,0.0,1.0,0,0,0,0,0,0,0,DISABLED,nan,0,-1,0,0.0,0
793,75.16397655900073,nan,nan,nan,nan,nan,nan,nan,nan,144.0,189.0,388.0,291.0,held,nan,nan,nan,nan,,nan,0,nan,nan,nan,INITIALIZING,0.0,0.0,0.0,16.77505308092753,0,0,0,0.0,0.0,1.0,0,0,0,0,0,0,0,DISABLED,nan,0,-1,0,0.0,0
794,75.21903070199915,nan,nan,nan,nan,nan,nan,nan,nan,144.0,189.0,388.0,291.0,held,nan,nan,nan,nan,,nan,0,nan,nan,nan,INITIALIZING,0.0,0.0,0.0,18.163937272237423,0,0,0,0.0,0.0,1.0,0,0,0,0,0,0,0,DISABLED,nan,0,-1,0,0.0,0
795,75.27711502400052,nan,nan,nan,nan,nan,nan,nan,nan,144.0,189.0,388.0,291.0,held,nan,nan,nan,nan,,nan,0,nan,nan,nan,INITIALIZING,0.0,0.0,0.0,17.216349705799836,0,0,0,0.0,0.0,1.0,0,0,0,0,0,0,0,DISABLED,nan,0,-1,0,0.0,0
796,75.33762294999906,nan,nan,nan,nan,nan,nan,nan,nan,144.0,189.0,388.0,291.0,held,nan,nan,nan,nan,,nan,0,nan,nan,nan,INITIALIZING,0.0,0.0,0.0,16.526760478027228,0,0,0,0.0,0.0,1.0,0,0,0,0,0,0,0,DISABLED,nan,0,-1,0,0.0,0
797,75.40085870400071,nan,nan,nan,nan,nan,nan,nan,nan,144.0,189.0,388.0,291.0,held,nan,nan,nan,nan,,nan,0,nan,nan,nan,INITIALIZING,0.0,0.0,0.0,15.813838480898996,0,0,0,0.0,0.0,1.0,0,0,0,0,0,0,0,DISABLED,nan,0,-1,0,0.0,0
798,75.46248967900465,nan,nan,nan,nan,nan,nan,nan,nan,144.0,189.0,388.0,291.0,held,nan,nan,nan,nan,,nan,0,nan,nan,nan,INITIALIZING,0.0,0.0,0.0,16.22560733358722,0,0,0,0.0,0.0,1.0,0,0,0,0,0,0,0,DISABLED,nan,0,-1,0,0.0,0
799,75.52630180200504,nan,nan,nan,nan,nan,nan,nan,nan,144.0,189.0,388.0,291.0,held,nan,nan,nan,nan,,nan,0,nan,nan,nan,INITIALIZING,0.0,0.0,0.0,15.671003454843596,0,0,0,0.0,0.0,1.0,0,0,0,0,0,0,0,DISABLED,nan,0,-1,0,0.0,0
800,75.58389876900037,nan,nan,nan,nan,nan,nan,nan,nan,144.0,189.0,388.0,291.0,held,nan,nan,nan,nan,,nan,0,nan,nan,nan,INITIALIZING,0.0,0.0,0.0,17.36202533166399,0,0,0,0.0,0.0,1.0,0,0,0,0,0,0,0,DISABLED,nan,0,-1,0,0.0,0
801,75.62776132800354,nan,nan,nan,nan,nan,nan,nan,nan,144.0,189.0,388.0,291.0,held,nan,nan,nan,nan,,nan,0,nan,nan,nan,INITIALIZING,0.0,0.0,0.0,22.798487428142344,0,0,0,0.0,0.0,1.0,0,0,0,0,0,0,0,DISABLED,nan,0,-1,0,0.0,0
802,75.68704568099929,nan,nan,nan,nan,nan,nan,nan,nan,144.0,189.0,388.0,291.0,held,nan,nan,nan,nan,,nan,0,nan,nan,nan,INITIALIZING,0.0,0.0,0.0,16.8678571911167,0,0,0,0.0,0.0,1.0,0,0,0,0,0,0,0,DISABLED,nan,0,-1,0,0.0,0
803,75.742477177002,nan,nan,nan,nan,nan,nan,nan,nan,144.0,189.0,388.0,291.0,held,nan,nan,nan,nan,,nan,0,nan,nan,nan,INITIALIZING,0.0,0.0,0.0,18.040285254994497,0,0,0,0.0,0.0,1.0,0,0,0,0,0,0,0,DISABLED,nan,0,-1,0,0.0,0
804,75.80219081199903,nan,nan,nan,nan,nan,nan,nan,nan,144.0,189.0,388.0,291.0,held,nan,nan,nan,nan,,nan,0,nan,nan,nan,INITIALIZING,0.0,0.0,0.0,16.746593973886107,0,0,0,0.0,0.0,1.0,0,0,0,0,0,0,0,DISABLED,nan,0,-1,0,0.0,0
805,75.86278082300123,nan,nan,nan,nan,nan,nan,nan,nan,144.0,189.0,388.0,291.0,held,nan,nan,nan,nan,,nan,0,nan,nan,nan,INITIALIZING,0.0,0.0,0.0,16.504370662081747,0,0,0,0.0,0.0,1.0,0,0,0,0,0,0,0,DISABLED,nan,0,-1,0,0.0,0
806,75.91963615699933,nan,nan,nan,nan,nan,nan,nan,nan,144.0,189.0,388.0,291.0,held,nan,nan,nan,nan,,nan,0,nan,nan,nan,INITIALIZING,0.0,0.0,0.0,17.588499260832826,0,0,0,0.0,0.0,1.0,0,0,0,0,0,0,0,DISABLED,nan,0,-1,0,0.0,0
807,75.98008007000317,nan,nan,nan,nan,nan,nan,nan,nan,144.0,189.0,388.0,291.0,held,nan,nan,nan,nan,,nan,0,nan,nan,nan,INITIALIZING,0.0,0.0,0.0,16.544263107792442,0,0,0,0.0,0.0,1.0,0,0,0,0,0,0,0,DISABLED,nan,0,-1,0,0.0,0
808,76.0424224169983,nan,nan,nan,nan,nan,nan,nan,nan,144.0,189.0,388.0,291.0,held,nan,nan,nan,nan,,nan,0,nan,nan,nan,INITIALIZING,0.0,0.0,0.0,16.040461230598115,0,0,0,0.0,0.0,1.0,0,0,0,0,0,0,0,DISABLED,nan,0,-1,0,0.0,0
809,76.09892878300161,nan,nan,nan,nan,nan,nan,nan,nan,144.0,189.0,388.0,291.0,held,nan,nan,nan,nan,,nan,0,nan,nan,nan,INITIALIZING,0.0,0.0,0.0,17.697121063165095,0,0,0,0.0,0.0,1.0,0,0,0,0,0,0,0,DISABLED,nan,0,-1,0,0.0,0
810,76.15024778000225,nan,nan,nan,nan,nan,nan,nan,nan,144.0,189.0,388.0,291.0,held,nan,nan,nan,nan,,nan,0,nan,nan,nan,INITIALIZING,0.0,0.0,0.0,19.485961504423475,0,0,0,0.0,0.0,1.0,0,0,0,0,0,0,0,DISABLED,nan,0,-1,0,0.0,0
811,76.21211074000166,nan,nan,nan,nan,nan,nan,nan,nan,144.0,189.0,388.0,291.0,held,nan,nan,nan,nan,,nan,0,nan,nan,nan,INITIALIZING,0.0,0.0,0.0,16.164761595782554,0,0,0,0.0,0.0,1.0,0,0,0,0,0,0,0,DISABLED,nan,0,-1,0,0.0,0
812,76.27227136500005,nan,nan,nan,nan,nan,nan,nan,nan,144.0,189.0,388.0,291.0,held,nan,nan,nan,nan,,nan,0,nan,nan,nan,INITIALIZING,0.0,0.0,0.0,16.622167738895357,0,0,0,0.0,0.0,1.0,0,0,0,0,0,0,0,DISABLED,nan,0,-1,0,0.0,0
813,76.32930649500486,nan,nan,nan,nan,nan,nan,nan,nan,144.0,189.0,388.0,291.0,held,nan,nan,nan,nan,,nan,0,nan,nan,nan,INITIALIZING,0.0,0.0,0.0,17.53305374978082,0,0,0,0.0,0.0,1.0,0,0,0,0,0,0,0,DISABLED,nan,0,-1,0,0.0,0
814,76.39652047400159,nan,nan,nan,nan,nan,nan,nan,nan,144.0,189.0,388.0,291.0,held,nan,nan,nan,nan,,nan,0,nan,nan,nan,INITIALIZING,0.0,0.0,0.0,14.877857477364984,0,0,0,0.0,0.0,1.0,0,0,0,0,0,0,0,DISABLED,nan,0,-1,0,0.0,0
815,76.45881099600228,nan,nan,nan,nan,nan,nan,nan,nan,144.0,189.0,388.0,291.0,held,nan,nan,nan,nan,,nan,0,nan,nan,nan,INITIALIZING,0.0,0.0,0.0,16.0538067089702,0,0,0,0.0,0.0,1.0,0,0,0,0,0,0,0,DISABLED,nan,0,-1,0,0.0,0
816,76.52655056100048,nan,nan,nan,nan,nan,nan,nan,nan,144.0,189.0,388.0,291.0,held,nan,nan,nan,nan,,nan,0,nan,nan,nan,INITIALIZING,0.0,0.0,0.0,14.7624213415999,0,0,0,0.0,0.0,1.0,0,0,0,0,0,0,0,DISABLED,nan,0,-1,0,0.0,0
817,76.59500827000011,nan,nan,nan,nan,nan,nan,nan,nan,144.0,189.0,388.0,291.0,held,nan,nan,nan,nan,,nan,0,nan,nan,nan,INITIALIZING,0.0,0.0,0.0,14.607558660857176,0,0,0,0.0,0.0,1.0,0,0,0,0,0,0,0,DISABLED,nan,0,-1,0,0.0,0
818,76.67335060099867,nan,nan,nan,nan,nan,nan,nan,nan,144.0,189.0,388.0,291.0,held,nan,nan,nan,nan,,nan,0,nan,nan,nan,INITIALIZING,0.0,0.0,0.0,12.7644912686897,0,0,0,0.0,0.0,1.0,0,0,0,0,0,0,0,DISABLED,nan,0,-1,0,0.0,0
819,76.72877808700287,nan,nan,nan,nan,nan,nan,nan,nan,144.0,189.0,388.0,291.0,held,nan,nan,nan,nan,,nan,0,nan,nan,nan,INITIALIZING,0.0,0.0,0.0,18.041590411017008,0,0,0,0.0,0.0,1.0,0,0,0,0,0,0,0,DISABLED,nan,0,-1,0,0.0,0
820,76.79577997800516,nan,nan,nan,nan,nan,nan,nan,nan,144.0,189.0,388.0,291.0,held,nan,nan,nan,nan,,nan,0,nan,nan,nan,INITIALIZING,0.0,0.0,0.0,14.924951893757667,0,0,0,0.0,0.0,1.0,0,0,0,0,0,0,0,DISABLED,nan,0,-1,0,0.0,0
821,76.86272311700304,nan,nan,nan,nan,nan,nan,nan,nan,144.0,189.0,388.0,291.0,held,nan,nan,nan,nan,,nan,0,nan,nan,nan,INITIALIZING,0.0,0.0,0.0,14.938050634757179,0,0,0,0.0,0.0,1.0,0,0,0,0,0,0,0,DISABLED,nan,0,-1,0,0.0,0
822,76.93088014000386,nan,nan,nan,nan,nan,nan,nan,nan,144.0,189.0,388.0,291.0,held,nan,nan,nan,nan,,nan,0,nan,nan,nan,INITIALIZING,0.0,0.0,0.0,14.672002325981,0,0,0,0.0,0.0,1.0,0,0,0,0,0,0,0,DISABLED,nan,0,-1,0,0.0,0
823,76.99833454200416,nan,nan,nan,nan,nan,nan,nan,nan,144.0,189.0,388.0,291.0,held,nan,nan,nan,nan,,nan,0,nan,nan,nan,INITIALIZING,0.0,0.0,0.0,14.824829371337996,0,0,0,0.0,0.0,1.0,0,0,0,0,0,0,0,DISABLED,nan,0,-1,0,0.0,0
824,77.06494730900158,nan,nan,nan,nan,nan,nan,nan,nan,144.0,189.0,388.0,291.0,held,nan,nan,nan,nan,,nan,0,nan,nan,nan,INITIALIZING,0.0,0.0,0.0,15.012137238476912,0,0,0,0.0,0.0,1.0,0,0,0,0,0,0,0,DISABLED,nan,0,-1,0,0.0,0
825,77.12952632600354,nan,nan,nan,nan,nan,nan,nan,nan,144.0,189.0,388.0,291.0,held,nan,nan,nan,nan,,nan,0,nan,nan,nan,INITIALIZING,0.0,0.0,0.0,15.484905878478079,0,0,0,0.0,0.0,1.0,0,0,0,0,0,0,0,DISABLED,nan,0,-1,0,0.0,0
826,77.195997214003,nan,nan,nan,nan,nan,nan,nan,nan,144.0,189.0,388.0,291.0,held,nan,nan,nan,nan,,nan,0,nan,nan,nan,INITIALIZING,0.0,0.0,0.0,15.04417994247583,0,0,0,0.0,0.0,1.0,0,0,0,0,0,0,0,DISABLED,nan,0,-1,0,0.0,0
827,77.26272503500513,nan,nan,nan,nan,nan,nan,nan,nan,144.0,189.0,388.0,291.0,held,nan,nan,nan,nan,,nan,0,nan,nan,nan,INITIALIZING,0.0,0.0,0.0,14.986252884955519,0,0,0,0.0,0.0,1.0,0,0,0,0,0,0,0,DISABLED,nan,0,-1,0,0.0,0
828,77.33699992100446,nan,nan,nan,nan,nan,nan,nan,nan,144.0,189.0,388.0,291.0,held,nan,nan,nan,nan,,nan,0,nan,nan,nan,INITIALIZING,0.0,0.0,0.0,13.463500974057672,0,0,0,0.0,0.0,1.0,0,0,0,0,0,0,0,DISABLED,nan,0,-1,0,0.0,0
829,77.39479819500411,nan,nan,nan,nan,nan,nan,nan,nan,144.0,189.0,388.0,291.0,held,nan,nan,nan,nan,,nan,0,nan,nan,nan,INITIALIZING,0.0,0.0,0.0,17.301554714350655,0,0,0,0.0,0.0,1.0,0,0,0,0,0,0,0,DISABLED,nan,0,-1,0,0.0,0
830,77.4635839840048,nan,nan,nan,nan,nan,nan,nan,nan,144.0,189.0,388.0,291.0,held,nan,nan,nan,nan,,nan,0,nan,nan,nan,INITIALIZING,0.0,0.0,0.0,14.537886597332434,0,0,0,0.0,0.0,1.0,0,0,0,0,0,0,0,DISABLED,nan,0,-1,0,0.0,0
831,77.5265406690014,nan,nan,nan,nan,nan,nan,nan,nan,144.0,189.0,388.0,291.0,held,nan,nan,nan,nan,,nan,0,nan,nan,nan,INITIALIZING,0.0,0.0,0.0,15.883936710674929,0,0,0,0.0,0.0,1.0,0,0,0,0,0,0,0,DISABLED,nan,0,-1,0,0.0,0
832,77.59432898600062,nan,nan,nan,nan,nan,nan,nan,nan,144.0,189.0,388.0,291.0,held,nan,nan,nan,nan,,nan,0,nan,nan,nan,INITIALIZING,0.0,0.0,0.0,14.751804503593327,0,0,0,0.0,0.0,1.0,0,0,0,0,0,0,0,DISABLED,nan,0,-1,0,0.0,0
833,77.67009703400254,nan,nan,nan,nan,nan,nan,nan,nan,144.0,189.0,388.0,291.0,held,nan,nan,nan,nan,,nan,0,nan,nan,nan,INITIALIZING,0.0,0.0,0.0,13.198175568343446,0,0,0,0.0,0.0,1.0,0,0,0,0,0,0,0,DISABLED,nan,0,-1,0,0.0,0
834,77.72982040900388,nan,nan,nan,nan,nan,nan,nan,nan,144.0,189.0,388.0,291.0,held,nan,nan,nan,nan,,nan,0,nan,nan,nan,INITIALIZING,0.0,0.0,0.0,16.743862850643662,0,0,0,0.0,0.0,1.0,0,0,0,0,0,0,0,DISABLED,nan,0,-1,0,0.0,0
835,77.79495792899979,nan,nan,nan,nan,nan,nan,nan,nan,144.0,189.0,388.0,291.0,held,nan,nan,nan,nan,,nan,0,nan,nan,nan,INITIALIZING,0.0,0.0,0.0,15.352134991671727,0,0,0,0.0,0.0,1.0,0,0,0,0,0,0,0,DISABLED,nan,0,-1,0,0.0,0
836,77.91493911900034,nan,nan,nan,nan,nan,nan,nan,nan,144.0,189.0,388.0,291.0,held,nan,nan,nan,nan,,nan,0,nan,nan,nan,INITIALIZING,0.0,0.0,0.0,8.33463978808231,0,0,0,0.0,0.0,1.0,0,0,0,0,0,0,0,DISABLED,nan,0,-1,0,0.0,0
837,77.94324592400517,nan,nan,nan,nan,nan,nan,nan,nan,144.0,189.0,388.0,291.0,held,nan,nan,nan,nan,,nan,0,nan,nan,nan,INITIALIZING,0.0,0.0,0.0,35.32719428523707,0,0,0,0.0,0.0,1.0,0,0,0,0,0,0,0,DISABLED,nan,0,-1,0,0.0,0
838,77.99757260000479,nan,nan,nan,nan,nan,nan,nan,nan,144.0,189.0,388.0,291.0,held,nan,nan,nan,nan,,nan,0,nan,nan,nan,INITIALIZING,0.0,0.0,0.0,18.40716336127431,0,0,0,0.0,0.0,1.0,0,0,0,0,0,0,0,DISABLED,nan,0,-1,0,0.0,0
839,78.06423515899951,nan,nan,nan,nan,nan,nan,nan,nan,144.0,189.0,388.0,291.0,held,nan,nan,nan,nan,,nan,0,nan,nan,nan,INITIALIZING,0.0,0.0,0.0,15.000924283137413,0,0,0,0.0,0.0,1.0,0,0,0,0,0,0,0,DISABLED,nan,0,-1,0,0.0,0
840,78.13293631099805,nan,nan,nan,nan,nan,nan,nan,nan,144.0,189.0,388.0,291.0,held,nan,nan,nan,nan,,nan,0,nan,nan,nan,INITIALIZING,0.0,0.0,0.0,14.555796677488992,0,0,0,0.0,0.0,1.0,0,0,0,0,0,0,0,DISABLED,nan,0,-1,0,0.0,0
841,78.19479718700313,nan,nan,nan,nan,nan,nan,nan,nan,144.0,189.0,388.0,291.0,held,nan,nan,nan,nan,,nan,0,nan,nan,nan,INITIALIZING,0.0,0.0,0.0,16.16530616084072,0,0,0,0.0,0.0,1.0,0,0,0,0,0,0,0,DISABLED,nan,0,-1,0,0.0,0
842,78.26378657600435,nan,nan,nan,nan,nan,nan,nan,nan,144.0,189.0,388.0,291.0,held,nan,nan,nan,nan,,nan,0,nan,nan,nan,INITIALIZING,0.0,0.0,0.0,14.494982699185185,0,0,0,0.0,0.0,1.0,0,0,0,0,0,0,0,DISABLED,nan,0,-1,0,0.0,0
843,78.33605979700224,nan,nan,nan,nan,nan,nan,nan,nan,144.0,189.0,388.0,291.0,held,nan,nan,nan,nan,,nan,0,nan,nan,nan,INITIALIZING,0.0,0.0,0.0,13.836383465312178,0,0,0,0.0,0.0,1.0,0,0,0,0,0,0,0,DISABLED,nan,0,-1,0,0.0,0
844,78.39557030099968,nan,nan,nan,nan,nan,nan,nan,nan,144.0,189.0,388.0,291.0,held,nan,nan,nan,nan,,nan,0,nan,nan,nan,INITIALIZING,0.0,0.0,0.0,16.803756191393497,0,0,0,0.0,0.0,1.0,0,0,0,0,0,0,0,DISABLED,nan,0,-1,0,0.0,0
845,78.46210978500312,nan,nan,nan,nan,nan,nan,nan,nan,144.0,189.0,388.0,291.0,held,nan,nan,nan,nan,,nan,0,nan,nan,nan,INITIALIZING,0.0,0.0,0.0,15.028670795647683,0,0,0,0.0,0.0,1.0,0,0,0,0,0,0,0,DISABLED,nan,0,-1,0,0.0,0
846,78.53429706599854,nan,nan,nan,nan,nan,nan,nan,nan,144.0,189.0,388.0,291.0,held,nan,nan,nan,nan,,nan,0,nan,nan,nan,INITIALIZING,0.0,0.0,0.0,13.852855880018778,0,0,0,0.0,0.0,1.0,0,0,0,0,0,0,0,DISABLED,nan,0,-1,0,0.0,0
847,78.59667399700265,nan,nan,nan,nan,nan,nan,nan,nan,144.0,189.0,388.0,291.0,held,nan,nan,nan,nan,,nan,0,nan,nan,nan,INITIALIZING,0.0,0.0,0.0,16.031567823272894,0,0,0,0.0,0.0,1.0,0,0,0,0,0,0,0,DISABLED,nan,0,-1,0,0.0,0
848,78.66210662900266,nan,nan,nan,nan,nan,nan,nan,nan,144.0,189.0,388.0,291.0,held,nan,nan,nan,nan,,nan,0,nan,nan,nan,INITIALIZING,0.0,0.0,0.0,15.282894320983955,0,0,0,0.0,0.0,1.0,0,0,0,0,0,0,0,DISABLED,nan,0,-1,0,0.0,0
849,78.73068256999977,nan,nan,nan,nan,nan,nan,nan,nan,144.0,189.0,388.0,291.0,held,nan,nan,nan,nan,,nan,0,nan,nan,nan,INITIALIZING,0.0,0.0,0.0,14.582373722617783,0,0,0,0.0,0.0,1.0,0,0,0,0,0,0,0,DISABLED,nan,0,-1,0,0.0,0
850,78.78719112399995,nan,nan,nan,nan,nan,nan,nan,nan,144.0,189.0,388.0,291.0,held,nan,nan,nan,nan,,nan,0,nan,nan,nan,INITIALIZING,0.0,0.0,0.0,17.696435835128778,0,0,0,0.0,0.0,1.0,0,0,0,0,0,0,0,DISABLED,nan,0,-1,0,0.0,0
851,78.84643703899928,nan,nan,nan,nan,nan,nan,nan,nan,144.0,189.0,388.0,291.0,held,nan,nan,nan,nan,,nan,0,nan,nan,nan,INITIALIZING,0.0,0.0,0.0,16.878800842407173,0,0,0,0.0,0.0,1.0,0,0,0,0,0,0,0,DISABLED,nan,0,-1,0,0.0,0
852,78.90694225599873,nan,nan,nan,nan,nan,nan,nan,nan,144.0,189.0,388.0,291.0,held,nan,nan,nan,nan,,nan,0,nan,nan,nan,INITIALIZING,0.0,0.0,0.0,16.527500430403727,0,0,0,0.0,0.0,1.0,0,0,0,0,0,0,0,DISABLED,nan,0,-1,0,0.0,0
853,78.96426806999807,nan,nan,nan,nan,nan,nan,nan,nan,144.0,189.0,388.0,291.0,held,nan,nan,nan,nan,,nan,0,nan,nan,nan,INITIALIZING,0.0,0.0,0.0,17.44414828564824,0,0,0,0.0,0.0,1.0,0,0,0,0,0,0,0,DISABLED,nan,0,-1,0,0.0,0
854,79.0236346649981,nan,nan,nan,nan,nan,nan,nan,nan,144.0,189.0,388.0,291.0,held,nan,nan,nan,nan,,nan,0,nan,nan,nan,INITIALIZING,0.0,0.0,0.0,16.84448973365439,0,0,0,0.0,0.0,1.0,0,0,0,0,0,0,0,DISABLED,nan,0,-1,0,0.0,0
855,79.08007259199803,nan,nan,nan,nan,nan,nan,nan,nan,144.0,189.0,388.0,291.0,held,nan,nan,nan,nan,,nan,0,nan,nan,nan,INITIALIZING,0.0,0.0,0.0,17.718581336291415,0,0,0,0.0,0.0,1.0,0,0,0,0,0,0,0,DISABLED,nan,0,-1,0,0.0,0
856,79.139498094999,nan,nan,nan,nan,nan,nan,nan,nan,144.0,189.0,388.0,291.0,held,nan,nan,nan,nan,,nan,0,nan,nan,nan,INITIALIZING,0.0,0.0,0.0,16.827791932762263,0,0,0,0.0,0.0,1.0,0,0,0,0,0,0,0,DISABLED,nan,0,-1,0,0.0,0
857,79.19894115000352,nan,nan,nan,nan,nan,nan,nan,nan,144.0,189.0,388.0,291.0,held,nan,nan,nan,nan,,nan,0,nan,nan,nan,INITIALIZING,0.0,0.0,0.0,16.82282311909998,0,0,0,0.0,0.0,1.0,0,0,0,0,0,0,0,DISABLED,nan,0,-1,0,0.0,0
858,79.25432071700197,nan,nan,nan,nan,nan,nan,nan,nan,144.0,189.0,388.0,291.0,held,nan,nan,nan,nan,,nan,0,nan,nan,nan,INITIALIZING,0.0,0.0,0.0,18.057201495055384,0,0,0,0.0,0.0,1.0,0,0,0,0,0,0,0,DISABLED,nan,0,-1,0,0.0,0
859,79.31496338600118,nan,nan,nan,nan,nan,nan,nan,nan,144.0,189.0,388.0,291.0,held,nan,nan,nan,nan,,nan,0,nan,nan,nan,INITIALIZING,0.0,0.0,0.0,16.4900393815626,0,0,0,0.0,0.0,1.0,0,0,0,0,0,0,0,DISABLED,nan,0,-1,0,0.0,0
860,79.37839758300106,nan,nan,nan,nan,nan,nan,nan,nan,144.0,189.0,388.0,291.0,held,nan,nan,nan,nan,,nan,0,nan,nan,nan,INITIALIZING,0.0,0.0,0.0,15.76436760130996,0,0,0,0.0,0.0,1.0,0,0,0,0,0,0,0,DISABLED,nan,0,-1,0,0.0,0
861,79.43910717999825,nan,nan,nan,nan,nan,nan,nan,nan,144.0,189.0,388.0,291.0,held,nan,nan,nan,nan,,nan,0,nan,nan,nan,INITIALIZING,0.0,0.0,0.0,16.47186029000268,0,0,0,0.0,0.0,1.0,0,0,0,0,0,0,0,DISABLED,nan,0,-1,0,0.0,0
862,79.49402699700295,nan,nan,nan,nan,nan,nan,nan,nan,144.0,189.0,388.0,291.0,held,nan,nan,nan,nan,,nan,0,nan,nan,nan,INITIALIZING,0.0,0.0,0.0,18.208363657045386,0,0,0,0.0,0.0,1.0,0,0,0,0,0,0,0,DISABLED,nan,0,-1,0,0.0,0
863,79.54780767000193,nan,nan,nan,nan,nan,nan,nan,nan,144.0,189.0,388.0,291.0,held,nan,nan,nan,nan,,nan,0,nan,nan,nan,INITIALIZING,0.0,0.0,0.0,18.59404027946842,0,0,0,0.0,0.0,1.0,0,0,0,0,0,0,0,DISABLED,nan,0,-1,0,0.0,0
864,79.60617189600453,nan,nan,nan,nan,nan,nan,nan,nan,144.0,189.0,388.0,291.0,held,nan,nan,nan,nan,,nan,0,nan,nan,nan,INITIALIZING,0.0,0.0,0.0,17.133783286281073,0,0,0,0.0,0.0,1.0,0,0,0,0,0,0,0,DISABLED,nan,0,-1,0,0.0,0
865,79.66520103400399,nan,nan,nan,nan,nan,nan,nan,nan,144.0,189.0,388.0,291.0,held,nan,nan,nan,nan,,nan,0,nan,nan,nan,INITIALIZING,0.0,0.0,0.0,16.940786091254697,0,0,0,0.0,0.0,1.0,0,0,0,0,0,0,0,DISABLED,nan,0,-1,0,0.0,0
866,79.72798318300192,nan,nan,nan,nan,nan,nan,nan,nan,144.0,189.0,388.0,291.0,held,nan,nan,nan,nan,,nan,0,nan,nan,nan,INITIALIZING,0.0,0.0,0.0,15.92809446571855,0,0,0,0.0,0.0,1.0,0,0,0,0,0,0,0,DISABLED,nan,0,-1,0,0.0,0
867,79.78256101199804,nan,nan,nan,nan,nan,nan,nan,nan,144.0,189.0,388.0,291.0,held,nan,nan,nan,nan,,nan,0,nan,nan,nan,INITIALIZING,0.0,0.0,0.0,18.322458375380943,0,0,0,0.0,0.0,1.0,0,0,0,0,0,0,0,DISABLED,nan,0,-1,0,0.0,0
868,79.84014975000173,nan,nan,nan,nan,nan,nan,nan,nan,144.0,189.0,388.0,291.0,held,nan,nan,nan,nan,,nan,0,nan,nan,nan,INITIALIZING,0.0,0.0,0.0,17.364506232728505,0,0,0,0.0,0.0,1.0,0,0,0,0,0,0,0,DISABLED,nan,0,-1,0,0.0,0
869,79.90673220300232,nan,nan,nan,nan,nan,nan,nan,nan,144.0,189.0,388.0,291.0,held,nan,nan,nan,nan,,nan,0,nan,nan,nan,INITIALIZING,0.0,0.0,0.0,15.018972040442964,0,0,0,0.0,0.0,1.0,0,0,0,0,0,0,0,DISABLED,nan,0,-1,0,0.0,0
870,79.9558347380007,nan,nan,nan,nan,nan,nan,nan,nan,144.0,189.0,388.0,291.0,held,nan,nan,nan,nan,,nan,0,nan,nan,nan,INITIALIZING,0.0,0.0,0.0,20.365547319154356,0,0,0,0.0,0.0,1.0,0,0,0,0,0,0,0,DISABLED,nan,0,-1,0,0.0,0
871,80.02147248000256,nan,nan,nan,nan,nan,nan,nan,nan,144.0,189.0,388.0,291.0,held,nan,nan,nan,nan,,nan,0,nan,nan,nan,INITIALIZING,0.0,0.0,0.0,15.235137125401858,0,0,0,0.0,0.0,1.0,0,0,0,0,0,0,0,DISABLED,nan,0,-1,0,0.0,0
872,80.09787236700504,nan,nan,nan,nan,nan,nan,nan,nan,144.0,189.0,388.0,291.0,held,nan,nan,nan,nan,,nan,0,nan,nan,nan,INITIALIZING,0.0,0.0,0.0,13.08902459459829,0,0,0,0.0,0.0,1.0,0,0,0,0,0,0,0,DISABLED,nan,0,-1,0,0.0,0
873,80.1347820430019,nan,nan,nan,nan,nan,nan,nan,nan,144.0,189.0,388.0,291.0,held,nan,nan,nan,nan,,nan,0,nan,nan,nan,INITIALIZING,0.0,0.0,0.0,27.093166574664124,0,0,0,0.0,0.0,1.0,0,0,0,0,0,0,0,DISABLED,nan,0,-1,0,0.0,0
874,80.1904866190016,nan,nan,nan,nan,nan,nan,nan,nan,144.0,189.0,388.0,291.0,held,nan,nan,nan,nan,,nan,0,nan,nan,nan,INITIALIZING,0.0,0.0,0.0,17.951846541393998,0,0,0,0.0,0.0,1.0,0,0,0,0,0,0,0,DISABLED,nan,0,-1,0,0.0,0
875,80.25141106600495,nan,nan,nan,nan,nan,nan,nan,nan,144.0,189.0,388.0,291.0,held,nan,nan,nan,nan,,nan,0,nan,nan,nan,INITIALIZING,0.0,0.0,0.0,16.41377228988395,0,0,0,0.0,0.0,1.0,0,0,0,0,0,0,0,DISABLED,nan,0,-1,0,0.0,0
876,80.30776628300373,nan,nan,nan,nan,nan,nan,nan,nan,144.0,189.0,388.0,291.0,held,nan,nan,nan,nan,,nan,0,nan,nan,nan,INITIALIZING,0.0,0.0,0.0,17.744586096112823,0,0,0,0.0,0.0,1.0,0,0,0,0,0,0,0,DISABLED,nan,0,-1,0,0.0,0
877,80.36800904499978,nan,nan,nan,nan,nan,nan,nan,nan,144.0,189.0,388.0,291.0,held,nan,nan,nan,nan,,nan,0,nan,nan,nan,INITIALIZING,0.0,0.0,0.0,16.599504519157907,0,0,0,0.0,0.0,1.0,0,0,0,0,0,0,0,DISABLED,nan,0,-1,0,0.0,0
878,80.42235785799858,nan,nan,nan,nan,nan,nan,nan,nan,144.0,189.0,388.0,291.0,held,nan,nan,nan,nan,,nan,0,nan,nan,nan,INITIALIZING,0.0,0.0,0.0,18.399665877194906,0,0,0,0.0,0.0,1.0,0,0,0,0,0,0,0,DISABLED,nan,0,-1,0,0.0,0
879,80.48324131400295,nan,nan,nan,nan,nan,nan,nan,nan,144.0,189.0,388.0,291.0,held,nan,nan,nan,nan,,nan,0,nan,nan,nan,INITIALIZING,0.0,0.0,0.0,16.424823188882772,0,0,0,0.0,0.0,1.0,0,0,0,0,0,0,0,DISABLED,nan,0,-1,0,0.0,0
880,80.53894833700178,nan,nan,nan,nan,nan,nan,nan,nan,144.0,189.0,388.0,291.0,held,nan,nan,nan,nan,,nan,0,nan,nan,nan,INITIALIZING,0.0,0.0,0.0,17.951057984573698,0,0,0,0.0,0.0,1.0,0,0,0,0,0,0,0,DISABLED,nan,0,-1,0,0.0,0
881,80.59942407500057,nan,nan,nan,nan,nan,nan,nan,nan,144.0,189.0,388.0,291.0,held,nan,nan,nan,nan,,nan,0,nan,nan,nan,INITIALIZING,0.0,0.0,0.0,16.535556788411174,0,0,0,0.0,0.0,1.0,0,0,0,0,0,0,0,DISABLED,nan,0,-1,0,0.0,0
882,80.66649815499841,nan,nan,nan,nan,nan,nan,nan,nan,144.0,189.0,388.0,291.0,held,nan,nan,nan,nan,,nan,0,nan,nan,nan,INITIALIZING,0.0,0.0,0.0,14.9088887992536,0,0,0,0.0,0.0,1.0,0,0,0,0,0,0,0,DISABLED,nan,0,-1,0,0.0,0
883,80.71774340000411,nan,nan,nan,nan,nan,nan,nan,nan,144.0,189.0,388.0,291.0,held,nan,nan,nan,nan,,nan,0,nan,nan,nan,INITIALIZING,0.0,0.0,0.0,19.51400563874208,0,0,0,0.0,0.0,1.0,0,0,0,0,0,0,0,DISABLED,nan,0,-1,0,0.0,0
884,80.77510082899971,nan,nan,nan,nan,nan,nan,nan,nan,144.0,189.0,388.0,291.0,held,nan,nan,nan,nan,,nan,0,nan,nan,nan,INITIALIZING,0.0,0.0,0.0,17.434533198422965,0,0,0,0.0,0.0,1.0,0,0,0,0,0,0,0,DISABLED,nan,0,-1,0,0.0,0
885,80.83050018900394,nan,nan,nan,nan,nan,nan,nan,nan,144.0,189.0,388.0,291.0,held,nan,nan,nan,nan,,nan,0,nan,nan,nan,INITIALIZING,0.0,0.0,0.0,18.05075004338747,0,0,0,0.0,0.0,1.0,0,0,0,0,0,0,0,DISABLED,nan,0,-1,0,0.0,0
886,80.89591532100167,nan,nan,nan,nan,nan,nan,nan,nan,144.0,189.0,388.0,291.0,held,nan,nan,nan,nan,,nan,0,nan,nan,nan,INITIALIZING,0.0,0.0,0.0,15.286982835023325,0,0,0,0.0,0.0,1.0,0,0,0,0,0,0,0,DISABLED,nan,0,-1,0,0.0,0
887,80.96087283800443,nan,nan,nan,nan,nan,nan,nan,nan,144.0,189.0,388.0,291.0,held,nan,nan,nan,nan,,nan,0,nan,nan,nan,INITIALIZING,0.0,0.0,0.0,15.394677108076598,0,0,0,0.0,0.0,1.0,0,0,0,0,0,0,0,DISABLED,nan,0,-1,0,0.0,0
888,81.01651808900351,nan,nan,nan,nan,nan,nan,nan,nan,144.0,189.0,388.0,291.0,held,nan,nan,nan,nan,,nan,0,nan,nan,nan,INITIALIZING,0.0,0.0,0.0,17.970985520697443,0,0,0,0.0,0.0,1.0,0,0,0,0,0,0,0,DISABLED,nan,0,-1,0,0.0,0
889,81.06661971200083,nan,nan,nan,nan,nan,nan,nan,nan,144.0,189.0,388.0,291.0,held,nan,nan,nan,nan,,nan,0,nan,nan,nan,INITIALIZING,0.0,0.0,0.0,19.959433251364768,0,0,0,0.0,0.0,1.0,0,0,0,0,0,0,0,DISABLED,nan,0,-1,0,0.0,0
890,81.12775978800346,nan,nan,nan,nan,nan,nan,nan,nan,144.0,189.0,388.0,291.0,held,nan,nan,nan,nan,,nan,0,nan,nan,nan,INITIALIZING,0.0,0.0,0.0,16.355884149653086,0,0,0,0.0,0.0,1.0,0,0,0,0,0,0,0,DISABLED,nan,0,-1,0,0.0,0
891,81.1871298210026,nan,nan,nan,nan,nan,nan,nan,nan,144.0,189.0,388.0,291.0,held,nan,nan,nan,nan,,nan,0,nan,nan,nan,INITIALIZING,0.0,0.0,0.0,16.843514303158194,0,0,0,0.0,0.0,1.0,0,0,0,0,0,0,0,DISABLED,nan,0,-1,0,0.0,0
892,81.247812282003,nan,nan,nan,nan,nan,nan,nan,nan,144.0,189.0,388.0,291.0,held,nan,nan,nan,nan,,nan,0,nan,nan,nan,INITIALIZING,0.0,0.0,0.0,16.47922618025429,0,0,0,0.0,0.0,1.0,0,0,0,0,0,0,0,DISABLED,nan,0,-1,0,0.0,0
893,81.31287485299981,nan,nan,nan,nan,nan,nan,nan,nan,144.0,189.0,388.0,291.0,held,nan,nan,nan,nan,,nan,0,nan,nan,nan,INITIALIZING,0.0,0.0,0.0,15.369819923792248,0,0,0,0.0,0.0,1.0,0,0,0,0,0,0,0,DISABLED,nan,0,-1,0,0.0,0
894,81.37338564300444,nan,nan,nan,nan,nan,nan,nan,nan,144.0,189.0,388.0,291.0,held,nan,nan,nan,nan,,nan,0,nan,nan,nan,INITIALIZING,0.0,0.0,0.0,16.525978258150676,0,0,0,0.0,0.0,1.0,0,0,0,0,0,0,0,DISABLED,nan,0,-1,0,0.0,0
895,81.42891443300323,nan,nan,nan,nan,nan,nan,nan,nan,144.0,189.0,388.0,291.0,held,nan,nan,nan,nan,,nan,0,nan,nan,nan,INITIALIZING,0.0,0.0,0.0,18.008676220422075,0,0,0,0.0,0.0,1.0,0,0,0,0,0,0,0,DISABLED,nan,0,-1,0,0.0,0
896,81.48467197900027,nan,nan,nan,nan,nan,nan,nan,nan,144.0,189.0,388.0,291.0,held,nan,nan,nan,nan,,nan,0,nan,nan,nan,INITIALIZING,0.0,0.0,0.0,17.934792181368554,0,0,0,0.0,0.0,1.0,0,0,0,0,0,0,0,DISABLED,nan,0,-1,0,0.0,0
897,81.53756460900331,nan,nan,nan,nan,nan,nan,nan,nan,144.0,189.0,388.0,291.0,held,nan,nan,nan,nan,,nan,0,nan,nan,nan,INITIALIZING,0.0,0.0,0.0,18.906225686687538,0,0,0,0.0,0.0,1.0,0,0,0,0,0,0,0,DISABLED,nan,0,-1,0,0.0,0
898,81.59129788599967,nan,nan,nan,nan,nan,nan,nan,nan,144.0,189.0,388.0,291.0,held,nan,nan,nan,nan,,nan,0,nan,nan,nan,INITIALIZING,0.0,0.0,0.0,18.61044134843761,0,0,0,0.0,0.0,1.0,0,0,0,0,0,0,0,DISABLED,nan,0,-1,0,0.0,0
899,81.65474604100018,nan,nan,nan,nan,nan,nan,nan,nan,144.0,189.0,388.0,291.0,held,nan,nan,nan,nan,,nan,0,nan,nan,nan,INITIALIZING,0.0,0.0,0.0,15.760899587890082,0,0,0,0.0,0.0,1.0,0,0,0,0,0,0,0,DISABLED,nan,0,-1,0,0.0,0
900,81.70906792599999,nan,nan,nan,nan,nan,nan,nan,nan,144.0,189.0,388.0,291.0,held,nan,nan,nan,nan,,nan,0,nan,nan,nan,INITIALIZING,0.0,0.0,0.0,18.408786808549213,0,0,0,0.0,0.0,1.0,0,0,0,0,0,0,0,DISABLED,nan,0,-1,0,0.0,0
901,81.77207096599886,nan,nan,nan,nan,nan,nan,nan,nan,144.0,189.0,388.0,291.0,held,nan,nan,nan,nan,,nan,0,nan,nan,nan,INITIALIZING,0.0,0.0,0.0,15.872249974252812,0,0,0,0.0,0.0,1.0,0,0,0,0,0,0,0,DISABLED,nan,0,-1,0,0.0,0
902,81.82889760200487,nan,nan,nan,nan,nan,nan,nan,nan,144.0,189.0,388.0,291.0,held,nan,nan,nan,nan,,nan,0,nan,nan,nan,INITIALIZING,0.0,0.0,0.0,17.597381620377398,0,0,0,0.0,0.0,1.0,0,0,0,0,0,0,0,DISABLED,nan,0,-1,0,0.0,0
903,81.894056009005,nan,nan,nan,nan,nan,nan,nan,nan,144.0,189.0,388.0,291.0,held,nan,nan,nan,nan,,nan,0,nan,nan,nan,INITIALIZING,0.0,0.0,0.0,15.34721375244888,0,0,0,0.0,0.0,1.0,0,0,0,0,0,0,0,DISABLED,nan,0,-1,0,0.0,0
904,81.94388252000499,nan,nan,nan,nan,nan,nan,nan,nan,144.0,189.0,388.0,291.0,held,nan,nan,nan,nan,,nan,0,nan,nan,nan,INITIALIZING,0.0,0.0,0.0,20.069637225856734,0,0,0,0.0,0.0,1.0,0,0,0,0,0,0,0,DISABLED,nan,0,-1,0,0.0,0
905,81.99893593400338,nan,nan,nan,nan,nan,nan,nan,nan,144.0,189.0,388.0,291.0,held,nan,nan,nan,nan,,nan,0,nan,nan,nan,INITIALIZING,0.0,0.0,0.0,18.164177793391254,0,0,0,0.0,0.0,1.0,0,0,0,0,0,0,0,DISABLED,nan,0,-1,0,0.0,0
906,82.07165572800295,nan,nan,nan,nan,nan,nan,nan,nan,144.0,189.0,388.0,291.0,held,nan,nan,nan,nan,,nan,0,nan,nan,nan,INITIALIZING,0.0,0.0,0.0,13.751414092371407,0,0,0,0.0,0.0,1.0,0,0,0,0,0,0,0,DISABLED,nan,0,-1,0,0.0,0
907,82.12215142299829,nan,nan,nan,nan,nan,nan,nan,nan,144.0,189.0,388.0,291.0,held,nan,nan,nan,nan,,nan,0,nan,nan,nan,INITIALIZING,0.0,0.0,0.0,19.803668413562896,0,0,0,0.0,0.0,1.0,0,0,0,0,0,0,0,DISABLED,nan,0,-1,0,0.0,0
908,82.17635538900504,nan,nan,nan,nan,nan,nan,nan,nan,144.0,189.0,388.0,291.0,held,nan,nan,nan,nan,,nan,0,nan,nan,nan,INITIALIZING,0.0,0.0,0.0,18.448834535011965,0,0,0,0.0,0.0,1.0,0,0,0,0,0,0,0,DISABLED,nan,0,-1,0,0.0,0
909,82.23480649200064,nan,nan,nan,nan,nan,nan,nan,nan,144.0,189.0,388.0,291.0,held,nan,nan,nan,nan,,nan,0,nan,nan,nan,INITIALIZING,0.0,0.0,0.0,17.108317016279326,0,0,0,0.0,0.0,1.0,0,0,0,0,0,0,0,DISABLED,nan,0,-1,0,0.0,0
910,82.30311268600053,nan,nan,nan,nan,nan,nan,nan,nan,144.0,189.0,388.0,291.0,held,nan,nan,nan,nan,,nan,0,nan,nan,nan,INITIALIZING,0.0,0.0,0.0,14.639960762586787,0,0,0,0.0,0.0,1.0,0,0,0,0,0,0,0,DISABLED,nan,0,-1,0,0.0,0
911,82.35618219600292,nan,nan,nan,nan,nan,nan,nan,nan,144.0,189.0,388.0,291.0,held,nan,nan,nan,nan,,nan,0,nan,nan,nan,INITIALIZING,0.0,0.0,0.0,18.843211477833663,0,0,0,0.0,0.0,1.0,0,0,0,0,0,0,0,DISABLED,nan,0,-1,0,0.0,0
912,82.41431584300153,nan,nan,nan,nan,nan,nan,nan,nan,144.0,189.0,388.0,291.0,held,nan,nan,nan,nan,,nan,0,nan,nan,nan,INITIALIZING,0.0,0.0,0.0,17.201742048350493,0,0,0,0.0,0.0,1.0,0,0,0,0,0,0,0,DISABLED,nan,0,-1,0,0.0,0
913,82.46746597900346,nan,nan,nan,nan,nan,nan,nan,nan,144.0,189.0,388.0,291.0,held,nan,nan,nan,nan,,nan,0,nan,nan,nan,INITIALIZING,0.0,0.0,0.0,18.814627303374177,0,0,0,0.0,0.0,1.0,0,0,0,0,0,0,0,DISABLED,nan,0,-1,0,0.0,0
914,82.53254542600189,nan,nan,nan,nan,nan,nan,nan,nan,144.0,189.0,388.0,291.0,held,nan,nan,nan,nan,,nan,0,nan,nan,nan,INITIALIZING,0.0,0.0,0.0,15.36583431669608,0,0,0,0.0,0.0,1.0,0,0,0,0,0,0,0,DISABLED,nan,0,-1,0,0.0,0
915,82.5944544810045,nan,nan,nan,nan,nan,nan,nan,nan,144.0,189.0,388.0,291.0,held,nan,nan,nan,nan,,nan,0,nan,nan,nan,INITIALIZING,0.0,0.0,0.0,16.15272596161818,0,0,0,0.0,0.0,1.0,0,0,0,0,0,0,0,DISABLED,nan,0,-1,0,0.0,0
916,82.6527136520017,nan,nan,nan,nan,nan,nan,nan,nan,144.0,189.0,388.0,291.0,held,nan,nan,nan,nan,,nan,0,nan,nan,nan,INITIALIZING,0.0,0.0,0.0,17.164679532570826,0,0,0,0.0,0.0,1.0,0,0,0,0,0,0,0,DISABLED,nan,0,-1,0,0.0,0
917,82.70898105399829,nan,nan,nan,nan,nan,nan,nan,nan,144.0,189.0,388.0,291.0,held,nan,nan,nan,nan,,nan,0,nan,nan,nan,INITIALIZING,0.0,0.0,0.0,17.772279588465068,0,0,0,0.0,0.0,1.0,0,0,0,0,0,0,0,DISABLED,nan,0,-1,0,0.0,0
918,82.76549117100512,nan,nan,nan,nan,nan,nan,nan,nan,144.0,189.0,388.0,291.0,held,nan,nan,nan,nan,,nan,0,nan,nan,nan,INITIALIZING,0.0,0.0,0.0,17.695946371496735,0,0,0,0.0,0.0,1.0,0,0,0,0,0,0,0,DISABLED,nan,0,-1,0,0.0,0
919,82.82082214399998,nan,nan,nan,nan,nan,nan,nan,nan,144.0,189.0,388.0,291.0,held,nan,nan,nan,nan,,nan,0,nan,nan,nan,INITIALIZING,0.0,0.0,0.0,18.073060094082095,0,0,0,0.0,0.0,1.0,0,0,0,0,0,0,0,DISABLED,nan,0,-1,0,0.0,0
920,82.87659458599956,nan,nan,nan,nan,nan,nan,nan,nan,144.0,189.0,388.0,291.0,held,nan,nan,nan,nan,,nan,0,nan,nan,nan,INITIALIZING,0.0,0.0,0.0,17.93000206100968,0,0,0,0.0,0.0,1.0,0,0,0,0,0,0,0,DISABLED,nan,0,-1,0,0.0,0
921,82.93924563800101,nan,nan,nan,nan,nan,nan,nan,nan,144.0,189.0,388.0,291.0,held,nan,nan,nan,nan,,nan,0,nan,nan,nan,INITIALIZING,0.0,0.0,0.0,15.9614239195338,0,0,0,0.0,0.0,1.0,0,0,0,0,0,0,0,DISABLED,nan,0,-1,0,0.0,0
922,83.00458884100226,nan,nan,nan,nan,nan,nan,nan,nan,144.0,189.0,388.0,291.0,held,nan,nan,nan,nan,,nan,0,nan,nan,nan,INITIALIZING,0.0,0.0,0.0,15.30381055824426,0,0,0,0.0,0.0,1.0,0,0,0,0,0,0,0,DISABLED,nan,0,-1,0,0.0,0
923,83.05196362500283,nan,nan,nan,nan,nan,nan,nan,nan,144.0,189.0,388.0,291.0,held,nan,nan,nan,nan,,nan,0,nan,nan,nan,INITIALIZING,0.0,0.0,0.0,21.108275659642654,0,0,0,0.0,0.0,1.0,0,0,0,0,0,0,0,DISABLED,nan,0,-1,0,0.0,0
924,83.11211159300001,nan,nan,nan,nan,nan,nan,nan,nan,144.0,189.0,388.0,291.0,held,nan,nan,nan,nan,,nan,0,nan,nan,nan,INITIALIZING,0.0,0.0,0.0,16.62566555942266,0,0,0,0.0,0.0,1.0,0,0,0,0,0,0,0,DISABLED,nan,0,-1,0,0.0,0
925,83.16718115300318,nan,nan,nan,nan,nan,nan,nan,nan,144.0,189.0,388.0,291.0,held,nan,nan,nan,nan,,nan,0,nan,nan,nan,INITIALIZING,0.0,0.0,0.0,18.15885218516963,0,0,0,0.0,0.0,1.0,0,0,0,0,0,0,0,DISABLED,nan,0,-1,0,0.0,0
926,83.2264413390003,nan,nan,nan,nan,nan,nan,nan,nan,144.0,189.0,388.0,291.0,held,nan,nan,nan,nan,,nan,0,nan,nan,nan,INITIALIZING,0.0,0.0,0.0,16.874736101041414,0,0,0,0.0,0.0,1.0,0,0,0,0,0,0,0,DISABLED,nan,0,-1,0,0.0,0
927,83.29193673400005,nan,nan,nan,nan,nan,nan,nan,nan,144.0,189.0,388.0,291.0,held,nan,nan,nan,nan,,nan,0,nan,nan,nan,INITIALIZING,0.0,0.0,0.0,15.268249012070502,0,0,0,0.0,0.0,1.0,0,0,0,0,0,0,0,DISABLED,nan,0,-1,0,0.0,0
928,83.34493884599942,nan,nan,nan,nan,nan,nan,nan,nan,144.0,189.0,388.0,291.0,held,nan,nan,nan,nan,,nan,0,nan,nan,nan,INITIALIZING,0.0,0.0,0.0,18.86717268949149,0,0,0,0.0,0.0,1.0,0,0,0,0,0,0,0,DISABLED,nan,0,-1,0,0.0,0
929,83.40998136399867,nan,nan,nan,nan,nan,nan,nan,nan,144.0,189.0,388.0,291.0,held,nan,nan,nan,nan,,nan,0,nan,nan,nan,INITIALIZING,0.0,0.0,0.0,15.374558531261089,0,0,0,0.0,0.0,1.0,0,0,0,0,0,0,0,DISABLED,nan,0,-1,0,0.0,0
930,83.4717994790044,nan,nan,nan,nan,nan,nan,nan,nan,144.0,189.0,388.0,291.0,held,nan,nan,nan,nan,,nan,0,nan,nan,nan,INITIALIZING,0.0,0.0,0.0,16.176488071614976,0,0,0,0.0,0.0,1.0,0,0,0,0,0,0,0,DISABLED,nan,0,-1,0,0.0,0
931,83.51973578699835,nan,nan,nan,nan,nan,nan,nan,nan,144.0,189.0,388.0,291.0,held,nan,nan,nan,nan,,nan,0,nan,nan,nan,INITIALIZING,0.0,0.0,0.0,20.861014163339455,0,0,0,0.0,0.0,1.0,0,0,0,0,0,0,0,DISABLED,nan,0,-1,0,0.0,0
932,83.59019437900133,nan,nan,nan,nan,nan,nan,nan,nan,144.0,189.0,388.0,291.0,held,nan,nan,nan,nan,,nan,0,nan,nan,nan,INITIALIZING,0.0,0.0,0.0,14.192733229152894,0,0,0,0.0,0.0,1.0,0,0,0,0,0,0,0,DISABLED,nan,0,-1,0,0.0,0
933,83.63468476699927,nan,nan,nan,nan,nan,nan,nan,nan,144.0,189.0,388.0,291.0,held,nan,nan,nan,nan,,nan,0,nan,nan,nan,INITIALIZING,0.0,0.0,0.0,22.476765094660873,0,0,0,0.0,0.0,1.0,0,0,0,0,0,0,0,DISABLED,nan,0,-1,0,0.0,0
934,83.69872069800476,nan,nan,nan,nan,nan,nan,nan,nan,144.0,189.0,388.0,291.0,held,nan,nan,nan,nan,,nan,0,nan,nan,nan,INITIALIZING,0.0,0.0,0.0,15.616232704014838,0,0,0,0.0,0.0,1.0,0,0,0,0,0,0,0,DISABLED,nan,0,-1,0,0.0,0
935,83.75490346299921,nan,nan,nan,nan,nan,nan,nan,nan,144.0,189.0,388.0,291.0,held,nan,nan,nan,nan,,nan,0,nan,nan,nan,INITIALIZING,0.0,0.0,0.0,17.799052789567273,0,0,0,0.0,0.0,1.0,0,0,0,0,0,0,0,DISABLED,nan,0,-1,0,0.0,0
936,83.813568425001,nan,nan,nan,nan,nan,nan,nan,nan,144.0,189.0,388.0,291.0,held,nan,nan,nan,nan,,nan,0,nan,nan,nan,INITIALIZING,0.0,0.0,0.0,17.045949846001264,0,0,0,0.0,0.0,1.0,0,0,0,0,0,0,0,DISABLED,nan,0,-1,0,0.0,0
937,83.87191103600344,nan,nan,nan,nan,nan,nan,nan,nan,144.0,189.0,388.0,291.0,held,nan,nan,nan,nan,,nan,0,nan,nan,nan,INITIALIZING,0.0,0.0,0.0,17.14013107774859,0,0,0,0.0,0.0,1.0,0,0,0,0,0,0,0,DISABLED,nan,0,-1,0,0.0,0
938,83.92657209600293,nan,nan,nan,nan,nan,nan,nan,nan,144.0,189.0,388.0,291.0,held,nan,nan,nan,nan,,nan,0,nan,nan,nan,INITIALIZING,0.0,0.0,0.0,18.29455923484368,0,0,0,0.0,0.0,1.0,0,0,0,0,0,0,0,DISABLED,nan,0,-1,0,0.0,0
939,83.98711788700166,nan,nan,nan,nan,nan,nan,nan,nan,144.0,189.0,388.0,291.0,held,nan,nan,nan,nan,,nan,0,nan,nan,nan,INITIALIZING,0.0,0.0,0.0,16.516424734148117,0,0,0,0.0,0.0,1.0,0,0,0,0,0,0,0,DISABLED,nan,0,-1,0,0.0,0
940,84.04935955400288,nan,nan,nan,nan,nan,nan,nan,nan,144.0,189.0,388.0,291.0,held,nan,nan,nan,nan,,nan,0,nan,nan,nan,INITIALIZING,0.0,0.0,0.0,16.066407732627805,0,0,0,0.0,0.0,1.0,0,0,0,0,0,0,0,DISABLED,nan,0,-1,0,0.0,0
941,84.10616134500015,nan,nan,nan,nan,nan,nan,nan,nan,144.0,189.0,388.0,291.0,held,nan,nan,nan,nan,,nan,0,nan,nan,nan,INITIALIZING,0.0,0.0,0.0,17.605078685777173,0,0,0,0.0,0.0,1.0,0,0,0,0,0,0,0,DISABLED,nan,0,-1,0,0.0,0
942,84.16640525399998,nan,nan,nan,nan,nan,nan,nan,nan,144.0,189.0,388.0,291.0,held,nan,nan,nan,nan,,nan,0,nan,nan,nan,INITIALIZING,0.0,0.0,0.0,16.59918847567985,0,0,0,0.0,0.0,1.0,0,0,0,0,0,0,0,DISABLED,nan,0,-1,0,0.0,0
943,84.22295610100264,nan,nan,nan,nan,nan,nan,nan,nan,144.0,189.0,388.0,291.0,held,nan,nan,nan,nan,,nan,0,nan,nan,nan,INITIALIZING,0.0,0.0,0.0,17.68320110135685,0,0,0,0.0,0.0,1.0,0,0,0,0,0,0,0,DISABLED,nan,0,-1,0,0.0,0
944,84.28288604300178,nan,nan,nan,nan,nan,nan,nan,nan,144.0,189.0,388.0,291.0,held,nan,nan,nan,nan,,nan,0,nan,nan,nan,INITIALIZING,0.0,0.0,0.0,16.686149971816835,0,0,0,0.0,0.0,1.0,0,0,0,0,0,0,0,DISABLED,nan,0,-1,0,0.0,0
945,84.33564549300354,nan,nan,nan,nan,nan,nan,nan,nan,144.0,189.0,388.0,291.0,held,nan,nan,nan,nan,,nan,0,nan,nan,nan,INITIALIZING,0.0,0.0,0.0,18.95395042910169,0,0,0,0.0,0.0,1.0,0,0,0,0,0,0,0,DISABLED,nan,0,-1,0,0.0,0
946,84.39744418000191,nan,nan,nan,nan,nan,nan,nan,nan,144.0,189.0,388.0,291.0,held,nan,nan,nan,nan,,nan,0,nan,nan,nan,INITIALIZING,0.0,0.0,0.0,16.181573566867797,0,0,0,0.0,0.0,1.0,0,0,0,0,0,0,0,DISABLED,nan,0,-1,0,0.0,0
947,84.46549724299985,nan,nan,nan,nan,nan,nan,nan,nan,144.0,189.0,388.0,291.0,held,nan,nan,nan,nan,,nan,0,nan,nan,nan,INITIALIZING,0.0,0.0,0.0,14.694415738941437,0,0,0,0.0,0.0,1.0,0,0,0,0,0,0,0,DISABLED,nan,0,-1,0,0.0,0
948,84.51098458300112,nan,nan,nan,nan,nan,nan,nan,nan,144.0,189.0,388.0,291.0,held,nan,nan,nan,nan,,nan,0,nan,nan,nan,INITIALIZING,0.0,0.0,0.0,21.984138882863117,0,0,0,0.0,0.0,1.0,0,0,0,0,0,0,0,DISABLED,nan,0,-1,0,0.0,0
949,84.57710598300037,nan,nan,nan,nan,nan,nan,nan,nan,144.0,189.0,388.0,291.0,held,nan,nan,nan,nan,,nan,0,nan,nan,nan,INITIALIZING,0.0,0.0,0.0,15.123696715607794,0,0,0,0.0,0.0,1.0,0,0,0,0,0,0,0,DISABLED,nan,0,-1,0,0.0,0
950,84.62741078800173,nan,nan,nan,nan,nan,nan,nan,nan,144.0,189.0,388.0,291.0,held,nan,nan,nan,nan,,nan,0,nan,nan,nan,INITIALIZING,0.0,0.0,0.0,19.878816744701776,0,0,0,0.0,0.0,1.0,0,0,0,0,0,0,0,DISABLED,nan,0,-1,0,0.0,0
951,84.68692743800057,nan,nan,nan,nan,nan,nan,nan,nan,144.0,189.0,388.0,291.0,held,nan,nan,nan,nan,,nan,0,nan,nan,nan,INITIALIZING,0.0,0.0,0.0,16.802020947406746,0,0,0,0.0,0.0,1.0,0,0,0,0,0,0,0,DISABLED,nan,0,-1,0,0.0,0
952,84.75037564599916,nan,nan,nan,nan,nan,nan,nan,nan,144.0,189.0,388.0,291.0,held,nan,nan,nan,nan,,nan,0,nan,nan,nan,INITIALIZING,0.0,0.0,0.0,15.760886422863537,0,0,0,0.0,0.0,1.0,0,0,0,0,0,0,0,DISABLED,nan,0,-1,0,0.0,0
953,84.80364240000199,nan,nan,nan,nan,nan,nan,nan,nan,144.0,189.0,388.0,291.0,held,nan,nan,nan,nan,,nan,0,nan,nan,nan,INITIALIZING,0.0,0.0,0.0,18.773436052566527,0,0,0,0.0,0.0,1.0,0,0,0,0,0,0,0,DISABLED,nan,0,-1,0,0.0,0
954,84.86266346600314,nan,nan,nan,nan,nan,nan,nan,nan,144.0,189.0,388.0,291.0,held,nan,nan,nan,nan,,nan,0,nan,nan,nan,INITIALIZING,0.0,0.0,0.0,16.94310299276029,0,0,0,0.0,0.0,1.0,0,0,0,0,0,0,0,DISABLED,nan,0,-1,0,0.0,0
955,84.92343707499822,nan,nan,nan,nan,nan,nan,nan,nan,144.0,189.0,388.0,291.0,held,nan,nan,nan,nan,,nan,0,nan,nan,nan,INITIALIZING,0.0,0.0,0.0,16.454510708439162,0,0,0,0.0,0.0,1.0,0,0,0,0,0,0,0,DISABLED,nan,0,-1,0,0.0,0
956,84.98634985300305,nan,nan,nan,nan,nan,nan,nan,nan,144.0,189.0,388.0,291.0,held,nan,nan,nan,nan,,nan,0,nan,nan,nan,INITIALIZING,0.0,0.0,0.0,15.895022151513292,0,0,0,0.0,0.0,1.0,0,0,0,0,0,0,0,DISABLED,nan,0,-1,0,0.0,0
957,85.0398454669994,nan,nan,nan,nan,nan,nan,nan,nan,144.0,189.0,388.0,291.0,held,nan,nan,nan,nan,,nan,0,nan,nan,nan,INITIALIZING,0.0,0.0,0.0,18.69312127286336,0,0,0,0.0,0.0,1.0,0,0,0,0,0,0,0,DISABLED,nan,0,-1,0,0.0,0
958,85.10898761999852,nan,nan,nan,nan,nan,nan,nan,nan,144.0,189.0,388.0,291.0,held,nan,nan,nan,nan,,nan,0,nan,nan,nan,INITIALIZING,0.0,0.0,0.0,14.462957206622175,0,0,0,0.0,0.0,1.0,0,0,0,0,0,0,0,DISABLED,nan,0,-1,0,0.0,0
959,85.15653579300124,nan,nan,nan,nan,nan,nan,nan,nan,144.0,189.0,388.0,291.0,held,nan,nan,nan,nan,,nan,0,nan,nan,nan,INITIALIZING,0.0,0.0,0.0,21.031302295099945,0,0,0,0.0,0.0,1.0,0,0,0,0,0,0,0,DISABLED,nan,0,-1,0,0.0,0
960,85.21603036000306,nan,nan,nan,nan,nan,nan,nan,nan,144.0,189.0,388.0,291.0,held,nan,nan,nan,nan,,nan,0,nan,nan,nan,INITIALIZING,0.0,0.0,0.0,16.808257466087614,0,0,0,0.0,0.0,1.0,0,0,0,0,0,0,0,DISABLED,nan,0,-1,0,0.0,0
961,85.27344753099896,nan,nan,nan,nan,nan,nan,nan,nan,144.0,189.0,388.0,291.0,held,nan,nan,nan,nan,,nan,0,nan,nan,nan,INITIALIZING,0.0,0.0,0.0,17.416392738529858,0,0,0,0.0,0.0,1.0,0,0,0,0,0,0,0,DISABLED,nan,0,-1,0,0.0,0
962,85.33227364299819,nan,nan,nan,nan,nan,nan,nan,nan,144.0,189.0,388.0,291.0,held,nan,nan,nan,nan,,nan,0,nan,nan,nan,INITIALIZING,0.0,0.0,0.0,16.999253664991365,0,0,0,0.0,0.0,1.0,0,0,0,0,0,0,0,DISABLED,nan,0,-1,0,0.0,0
963,85.38857552599802,nan,nan,nan,nan,nan,nan,nan,nan,144.0,189.0,388.0,291.0,held,nan,nan,nan,nan,,nan,0,nan,nan,nan,INITIALIZING,0.0,0.0,0.0,17.761395298323695,0,0,0,0.0,0.0,1.0,0,0,0,0,0,0,0,DISABLED,nan,0,-1,0,0.0,0
964,85.44846900900302,nan,nan,nan,nan,nan,nan,nan,nan,144.0,189.0,388.0,291.0,held,nan,nan,nan,nan,,nan,0,nan,nan,nan,INITIALIZING,0.0,0.0,0.0,16.696307341427197,0,0,0,0.0,0.0,1.0,0,0,0,0,0,0,0,DISABLED,nan,0,-1,0,0.0,0
965,85.50600732800376,nan,nan,nan,nan,nan,nan,nan,nan,144.0,189.0,388.0,291.0,held,nan,nan,nan,nan,,nan,0,nan,nan,nan,INITIALIZING,0.0,0.0,0.0,17.379722198472873,0,0,0,0.0,0.0,1.0,0,0,0,0,0,0,0,DISABLED,nan,0,-1,0,0.0,0
966,85.56540074700024,nan,nan,nan,nan,nan,nan,nan,nan,144.0,189.0,388.0,291.0,held,nan,nan,nan,nan,,nan,0,nan,nan,nan,INITIALIZING,0.0,0.0,0.0,16.83688221517088,0,0,0,0.0,0.0,1.0,0,0,0,0,0,0,0,DISABLED,nan,0,-1,0,0.0,0
967,85.62923000600131,nan,nan,nan,nan,nan,nan,nan,nan,144.0,189.0,388.0,291.0,held,nan,nan,nan,nan,,nan,0,nan,nan,nan,INITIALIZING,0.0,0.0,0.0,15.666796319588645,0,0,0,0.0,0.0,1.0,0,0,0,0,0,0,0,DISABLED,nan,0,-1,0,0.0,0
968,85.69001564700011,nan,nan,nan,nan,nan,nan,nan,nan,144.0,189.0,388.0,291.0,held,nan,nan,nan,nan,,nan,0,nan,nan,nan,INITIALIZING,0.0,0.0,0.0,16.45125367715895,0,0,0,0.0,0.0,1.0,0,0,0,0,0,0,0,DISABLED,nan,0,-1,0,0.0,0
969,85.74250425700302,nan,nan,nan,nan,nan,nan,nan,nan,144.0,189.0,388.0,291.0,held,nan,nan,nan,nan,,nan,0,nan,nan,nan,INITIALIZING,0.0,0.0,0.0,19.051752369600674,0,0,0,0.0,0.0,1.0,0,0,0,0,0,0,0,DISABLED,nan,0,-1,0,0.0,0
970,85.79556892200344,nan,nan,nan,nan,nan,nan,nan,nan,144.0,189.0,388.0,291.0,held,nan,nan,nan,nan,,nan,0,nan,nan,nan,INITIALIZING,0.0,0.0,0.0,18.84493193337005,0,0,0,0.0,0.0,1.0,0,0,0,0,0,0,0,DISABLED,nan,0,-1,0,0.0,0
971,85.85774897300143,nan,nan,nan,nan,nan,nan,nan,nan,144.0,189.0,388.0,291.0,held,nan,nan,nan,nan,,nan,0,nan,nan,nan,INITIALIZING,0.0,0.0,0.0,16.082328398737523,0,0,0,0.0,0.0,1.0,0,0,0,0,0,0,0,DISABLED,nan,0,-1,0,0.0,0
972,85.91428586200345,nan,nan,nan,nan,nan,nan,nan,nan,144.0,189.0,388.0,291.0,held,nan,nan,nan,nan,,nan,0,nan,nan,nan,INITIALIZING,0.0,0.0,0.0,17.687566784304384,0,0,0,0.0,0.0,1.0,0,0,0,0,0,0,0,DISABLED,nan,0,-1,0,0.0,0
973,85.97564281900122,nan,nan,nan,nan,nan,nan,nan,nan,144.0,189.0,388.0,291.0,held,nan,nan,nan,nan,,nan,0,nan,nan,nan,INITIALIZING,0.0,0.0,0.0,16.298070323734382,0,0,0,0.0,0.0,1.0,0,0,0,0,0,0,0,DISABLED,nan,0,-1,0,0.0,0
974,86.03067597200425,nan,nan,nan,nan,nan,nan,nan,nan,144.0,189.0,388.0,291.0,held,nan,nan,nan,nan,,nan,0,nan,nan,nan,INITIALIZING,0.0,0.0,0.0,18.17086511370811,0,0,0,0.0,0.0,1.0,0,0,0,0,0,0,0,DISABLED,nan,0,-1,0,0.0,0
975,86.10091747499973,nan,nan,nan,nan,nan,nan,nan,nan,144.0,189.0,388.0,291.0,held,nan,nan,nan,nan,,nan,0,nan,nan,nan,INITIALIZING,0.0,0.0,0.0,14.236597415409216,0,0,0,0.0,0.0,1.0,0,0,0,0,0,0,0,DISABLED,nan,0,-1,0,0.0,0
976,86.14802699100255,nan,nan,nan,nan,nan,nan,nan,nan,144.0,189.0,388.0,291.0,held,nan,nan,nan,nan,,nan,0,nan,nan,nan,INITIALIZING,0.0,0.0,0.0,21.227133811778966,0,0,0,0.0,0.0,1.0,0,0,0,0,0,0,0,DISABLED,nan,0,-1,0,0.0,0
977,86.21558134400402,nan,nan,nan,nan,nan,nan,nan,nan,144.0,189.0,388.0,291.0,held,nan,nan,nan,nan,,nan,0,nan,nan,nan,INITIALIZING,0.0,0.0,0.0,14.802895084766046,0,0,0,0.0,0.0,1.0,0,0,0,0,0,0,0,DISABLED,nan,0,-1,0,0.0,0
978,86.26451189599902,nan,nan,nan,nan,nan,nan,nan,nan,144.0,189.0,388.0,291.0,held,nan,nan,nan,nan,,nan,0,nan,nan,nan,INITIALIZING,0.0,0.0,0.0,20.43712893535715,0,0,0,0.0,0.0,1.0,0,0,0,0,0,0,0,DISABLED,nan,0,-1,0,0.0,0
979,86.32246605899854,nan,nan,nan,nan,nan,nan,nan,nan,144.0,189.0,388.0,291.0,held,nan,nan,nan,nan,,nan,0,nan,nan,nan,INITIALIZING,0.0,0.0,0.0,17.255015830497783,0,0,0,0.0,0.0,1.0,0,0,0,0,0,0,0,DISABLED,nan,0,-1,0,0.0,0
980,86.38101065400406,nan,nan,nan,nan,nan,nan,nan,nan,144.0,189.0,388.0,291.0,held,nan,nan,nan,nan,,nan,0,nan,nan,nan,INITIALIZING,0.0,0.0,0.0,17.080996117674154,0,0,0,0.0,0.0,1.0,0,0,0,0,0,0,0,DISABLED,nan,0,-1,0,0.0,0
981,86.44358774599823,nan,nan,nan,nan,nan,nan,nan,nan,144.0,189.0,388.0,291.0,held,nan,nan,nan,nan,,nan,0,nan,nan,nan,INITIALIZING,0.0,0.0,0.0,15.980288762749492,0,0,0,0.0,0.0,1.0,0,0,0,0,0,0,0,DISABLED,nan,0,-1,0,0.0,0
982,86.50756195700524,nan,nan,nan,nan,nan,nan,nan,nan,144.0,189.0,388.0,291.0,held,nan,nan,nan,nan,,nan,0,nan,nan,nan,INITIALIZING,0.0,0.0,0.0,15.631298678939007,0,0,0,0.0,0.0,1.0,0,0,0,0,0,0,0,DISABLED,nan,0,-1,0,0.0,0
983,86.56717631799984,nan,nan,nan,nan,nan,nan,nan,nan,144.0,189.0,388.0,291.0,held,nan,nan,nan,nan,,nan,0,nan,nan,nan,INITIALIZING,0.0,0.0,0.0,16.77448157316595,0,0,0,0.0,0.0,1.0,0,0,0,0,0,0,0,DISABLED,nan,0,-1,0,0.0,0
984,86.62438931799988,nan,nan,nan,nan,nan,nan,nan,nan,144.0,189.0,388.0,291.0,held,nan,nan,nan,nan,,nan,0,nan,nan,nan,INITIALIZING,0.0,0.0,0.0,17.47854508589268,0,0,0,0.0,0.0,1.0,0,0,0,0,0,0,0,DISABLED,nan,0,-1,0,0.0,0
985,86.67060896800103,nan,nan,nan,nan,nan,nan,nan,nan,144.0,189.0,388.0,291.0,held,nan,nan,nan,nan,,nan,0,nan,nan,nan,INITIALIZING,0.0,0.0,0.0,21.63581939662345,0,0,0,0.0,0.0,1.0,0,0,0,0,0,0,0,DISABLED,nan,0,-1,0,0.0,0
986,86.73028432000137,nan,nan,nan,nan,nan,nan,nan,nan,144.0,189.0,388.0,291.0,held,nan,nan,nan,nan,,nan,0,nan,nan,nan,INITIALIZING,0.0,0.0,0.0,16.757337267056197,0,0,0,0.0,0.0,1.0,0,0,0,0,0,0,0,DISABLED,nan,0,-1,0,0.0,0
987,86.80470358500315,nan,nan,nan,nan,nan,nan,nan,nan,144.0,189.0,388.0,291.0,held,nan,nan,nan,nan,,nan,0,nan,nan,nan,INITIALIZING,0.0,0.0,0.0,13.437380763920327,0,0,0,0.0,0.0,1.0,0,0,0,0,0,0,0,DISABLED,nan,0,-1,0,0.0,0
988,86.85771106200264,nan,nan,nan,nan,nan,nan,nan,nan,144.0,189.0,388.0,291.0,held,nan,nan,nan,nan,,nan,0,nan,nan,nan,INITIALIZING,0.0,0.0,0.0,18.865263102595144,0,0,0,0.0,0.0,1.0,0,0,0,0,0,0,0,DISABLED,nan,0,-1,0,0.0,0
989,86.92142083900399,nan,nan,nan,nan,nan,nan,nan,nan,144.0,189.0,388.0,291.0,held,nan,nan,nan,nan,,nan,0,nan,nan,nan,INITIALIZING,0.0,0.0,0.0,15.696177997590771,0,0,0,0.0,0.0,1.0,0,0,0,0,0,0,0,DISABLED,nan,0,-1,0,0.0,0
990,87.03798840100353,nan,nan,nan,nan,nan,nan,nan,nan,144.0,189.0,388.0,291.0,held,nan,nan,nan,nan,,nan,0,nan,nan,nan,INITIALIZING,0.0,0.0,0.0,8.578715921020118,0,0,0,0.0,0.0,1.0,0,0,0,0,0,0,0,DISABLED,nan,0,-1,0,0.0,0
991,87.08410883000033,nan,nan,nan,nan,nan,nan,nan,nan,144.0,189.0,388.0,291.0,held,nan,nan,nan,nan,,nan,0,nan,nan,nan,INITIALIZING,0.0,0.0,0.0,21.682365531972042,0,0,0,0.0,0.0,1.0,0,0,0,0,0,0,0,DISABLED,nan,0,-1,0,0.0,0
992,87.14128437999898,nan,nan,nan,nan,nan,nan,nan,nan,144.0,189.0,388.0,291.0,held,nan,nan,nan,nan,,nan,0,nan,nan,nan,INITIALIZING,0.0,0.0,0.0,17.48999353786139,0,0,0,0.0,0.0,1.0,0,0,0,0,0,0,0,DISABLED,nan,0,-1,0,0.0,0
993,87.20412429200223,nan,nan,nan,nan,nan,nan,nan,nan,144.0,189.0,388.0,291.0,held,nan,nan,nan,nan,,nan,0,nan,nan,nan,INITIALIZING,0.0,0.0,0.0,15.913453219797548,0,0,0,0.0,0.0,1.0,0,0,0,0,0,0,0,DISABLED,nan,0,-1,0,0.0,0
994,87.2555310509997,nan,nan,nan,nan,nan,nan,nan,nan,144.0,189.0,388.0,291.0,held,nan,nan,nan,nan,,nan,0,nan,nan,nan,INITIALIZING,0.0,0.0,0.0,19.45269492770704,0,0,0,0.0,0.0,1.0,0,0,0,0,0,0,0,DISABLED,nan,0,-1,0,0.0,0
995,87.31475670500367,nan,nan,nan,nan,nan,nan,nan,nan,144.0,189.0,388.0,291.0,held,nan,nan,nan,nan,,nan,0,nan,nan,nan,INITIALIZING,0.0,0.0,0.0,16.88457505142987,0,0,0,0.0,0.0,1.0,0,0,0,0,0,0,0,DISABLED,nan,0,-1,0,0.0,0
996,87.37494790400524,nan,nan,nan,nan,nan,nan,nan,nan,144.0,189.0,388.0,291.0,held,nan,nan,nan,nan,,nan,0,nan,nan,nan,INITIALIZING,0.0,0.0,0.0,16.613724540924956,0,0,0,0.0,0.0,1.0,0,0,0,0,0,0,0,DISABLED,nan,0,-1,0,0.0,0
997,87.43052560200158,nan,nan,nan,nan,nan,nan,nan,nan,144.0,189.0,388.0,291.0,held,nan,nan,nan,nan,,nan,0,nan,nan,nan,INITIALIZING,0.0,0.0,0.0,17.992828707404055,0,0,0,0.0,0.0,1.0,0,0,0,0,0,0,0,DISABLED,nan,0,-1,0,0.0,0
998,87.4953287390017,nan,nan,nan,nan,nan,nan,nan,nan,144.0,189.0,388.0,291.0,held,nan,nan,nan,nan,,nan,0,nan,nan,nan,INITIALIZING,0.0,0.0,0.0,15.431351726044543,0,0,0,0.0,0.0,1.0,0,0,0,0,0,0,0,DISABLED,nan,0,-1,0,0.0,0
999,87.54726285600191,nan,nan,nan,nan,nan,nan,nan,nan,144.0,189.0,388.0,291.0,held,nan,nan,nan,nan,,nan,0,nan,nan,nan,INITIALIZING,0.0,0.0,0.0,19.25516515465419,0,0,0,0.0,0.0,1.0,0,0,0,0,0,0,0,DISABLED,nan,0,-1,0,0.0,0
1000,87.60978109300049,nan,nan,nan,nan,nan,nan,nan,nan,144.0,189.0,388.0,291.0,held,nan,nan,nan,nan,,nan,0,nan,nan,nan,INITIALIZING,0.0,0.0,0.0,15.99533269024577,0,0,0,0.0,0.0,1.0,0,0,0,0,0,0,0,DISABLED,nan,0,-1,0,0.0,0
1001,87.6705303780036,nan,nan,nan,nan,nan,nan,nan,nan,144.0,189.0,388.0,291.0,held,nan,nan,nan,nan,,nan,0,nan,nan,nan,INITIALIZING,0.0,0.0,0.0,16.4610990886357,0,0,0,0.0,0.0,1.0,0,0,0,0,0,0,0,DISABLED,nan,0,-1,0,0.0,0
1002,87.7229300800027,nan,nan,nan,nan,nan,nan,nan,nan,144.0,189.0,388.0,291.0,held,nan,nan,nan,nan,,nan,0,nan,nan,nan,INITIALIZING,0.0,0.0,0.0,19.084077997567817,0,0,0,0.0,0.0,1.0,0,0,0,0,0,0,0,DISABLED,nan,0,-1,0,0.0,0
1003,87.78250318999926,nan,nan,nan,nan,nan,nan,nan,nan,144.0,189.0,388.0,291.0,held,nan,nan,nan,nan,,nan,0,nan,nan,nan,INITIALIZING,0.0,0.0,0.0,16.786096949742745,0,0,0,0.0,0.0,1.0,0,0,0,0,0,0,0,DISABLED,nan,0,-1,0,0.0,0
1004,87.83887252199929,nan,nan,nan,nan,nan,nan,nan,nan,144.0,189.0,388.0,291.0,held,nan,nan,nan,nan,,nan,0,nan,nan,nan,INITIALIZING,0.0,0.0,0.0,17.7401428138167,0,0,0,0.0,0.0,1.0,0,0,0,0,0,0,0,DISABLED,nan,0,-1,0,0.0,0
1005,87.89925346599921,nan,nan,nan,nan,nan,nan,nan,nan,144.0,189.0,388.0,291.0,held,nan,nan,nan,nan,,nan,0,nan,nan,nan,INITIALIZING,0.0,0.0,0.0,16.561516494365808,0,0,0,0.0,0.0,1.0,0,0,0,0,0,0,0,DISABLED,nan,0,-1,0,0.0,0
1006,87.96045604399842,nan,nan,nan,nan,nan,nan,nan,nan,144.0,189.0,388.0,291.0,held,nan,nan,nan,nan,,nan,0,nan,nan,nan,INITIALIZING,0.0,0.0,0.0,16.33918100660552,0,0,0,0.0,0.0,1.0,0,0,0,0,0,0,0,DISABLED,nan,0,-1,0,0.0,0
1007,88.01591316600388,nan,nan,nan,nan,nan,nan,nan,nan,144.0,189.0,388.0,291.0,held,nan,nan,nan,nan,,nan,0,nan,nan,nan,INITIALIZING,0.0,0.0,0.0,18.031949077730225,0,0,0,0.0,0.0,1.0,0,0,0,0,0,0,0,DISABLED,nan,0,-1,0,0.0,0
1008,88.07593550599995,nan,nan,nan,nan,nan,nan,nan,nan,144.0,189.0,388.0,291.0,held,nan,nan,nan,nan,,nan,0,nan,nan,nan,INITIALIZING,0.0,0.0,0.0,16.66046342187805,0,0,0,0.0,0.0,1.0,0,0,0,0,0,0,0,DISABLED,nan,0,-1,0,0.0,0
1009,88.13148856800399,nan,nan,nan,nan,nan,nan,nan,nan,144.0,189.0,388.0,291.0,held,nan,nan,nan,nan,,nan,0,nan,nan,nan,INITIALIZING,0.0,0.0,0.0,18.000807946955778,0,0,0,0.0,0.0,1.0,0,0,0,0,0,0,0,DISABLED,nan,0,-1,0,0.0,0
1010,88.19228290700266,nan,nan,nan,nan,nan,nan,nan,nan,144.0,189.0,388.0,291.0,held,nan,nan,nan,nan,,nan,0,nan,nan,nan,INITIALIZING,0.0,0.0,0.0,16.44889995467804,0,0,0,0.0,0.0,1.0,0,0,0,0,0,0,0,DISABLED,nan,0,-1,0,0.0,0
1011,88.25047093100147,nan,nan,nan,nan,nan,nan,nan,nan,144.0,189.0,388.0,291.0,held,nan,nan,nan,nan,,nan,0,nan,nan,nan,INITIALIZING,0.0,0.0,0.0,17.18566693415228,0,0,0,0.0,0.0,1.0,0,0,0,0,0,0,0,DISABLED,nan,0,-1,0,0.0,0
1012,88.3080569080048,nan,nan,nan,nan,nan,nan,nan,nan,144.0,189.0,388.0,291.0,held,nan,nan,nan,nan,,nan,0,nan,nan,nan,INITIALIZING,0.0,0.0,0.0,17.365338786250263,0,0,0,0.0,0.0,1.0,0,0,0,0,0,0,0,DISABLED,nan,0,-1,0,0.0,0
1013,88.36914682700444,nan,nan,nan,nan,nan,nan,nan,nan,144.0,189.0,388.0,291.0,held,nan,nan,nan,nan,,nan,0,nan,nan,nan,INITIALIZING,0.0,0.0,0.0,16.369312914064686,0,0,0,0.0,0.0,1.0,0,0,0,0,0,0,0,DISABLED,nan,0,-1,0,0.0,0
1014,88.4258006980017,nan,nan,nan,nan,nan,nan,nan,nan,144.0,189.0,388.0,291.0,held,nan,nan,nan,nan,,nan,0,nan,nan,nan,INITIALIZING,0.0,0.0,0.0,17.65104453407087,0,0,0,0.0,0.0,1.0,0,0,0,0,0,0,0,DISABLED,nan,0,-1,0,0.0,0
1015,88.49364261000301,nan,nan,nan,nan,nan,nan,nan,nan,144.0,189.0,388.0,291.0,held,nan,nan,nan,nan,,nan,0,nan,nan,nan,INITIALIZING,0.0,0.0,0.0,14.7401506016022,0,0,0,0.0,0.0,1.0,0,0,0,0,0,0,0,DISABLED,nan,0,-1,0,0.0,0
1016,88.546897541004,nan,nan,nan,nan,nan,nan,nan,nan,144.0,189.0,388.0,291.0,held,nan,nan,nan,nan,,nan,0,nan,nan,nan,INITIALIZING,0.0,0.0,0.0,18.77760389890206,0,0,0,0.0,0.0,1.0,0,0,0,0,0,0,0,DISABLED,nan,0,-1,0,0.0,0
1017,88.59925599100097,nan,nan,nan,nan,nan,nan,nan,nan,144.0,189.0,388.0,291.0,held,nan,nan,nan,nan,,nan,0,nan,nan,nan,INITIALIZING,0.0,0.0,0.0,19.09911389771497,0,0,0,0.0,0.0,1.0,0,0,0,0,0,0,0,DISABLED,nan,0,-1,0,0.0,0
1018,88.6596282879982,nan,nan,nan,nan,nan,nan,nan,nan,144.0,189.0,388.0,291.0,held,nan,nan,nan,nan,,nan,0,nan,nan,nan,INITIALIZING,0.0,0.0,0.0,16.563888567067263,0,0,0,0.0,0.0,1.0,0,0,0,0,0,0,0,DISABLED,nan,0,-1,0,0.0,0
1019,88.71451492699998,nan,nan,nan,nan,nan,nan,nan,nan,144.0,189.0,388.0,291.0,held,nan,nan,nan,nan,,nan,0,nan,nan,nan,INITIALIZING,0.0,0.0,0.0,18.219370290966133,0,0,0,0.0,0.0,1.0,0,0,0,0,0,0,0,DISABLED,nan,0,-1,0,0.0,0
1020,88.77726796099887,nan,nan,nan,nan,nan,nan,nan,nan,144.0,189.0,388.0,291.0,held,nan,nan,nan,nan,,nan,0,nan,nan,nan,INITIALIZING,0.0,0.0,0.0,15.935484490163782,0,0,0,0.0,0.0,1.0,0,0,0,0,0,0,0,DISABLED,nan,0,-1,0,0.0,0
1021,88.8347033099999,nan,nan,nan,nan,nan,nan,nan,nan,144.0,189.0,388.0,291.0,held,nan,nan,nan,nan,,nan,0,nan,nan,nan,INITIALIZING,0.0,0.0,0.0,17.41088053599445,0,0,0,0.0,0.0,1.0,0,0,0,0,0,0,0,DISABLED,nan,0,-1,0,0.0,0
1022,88.90006515900313,nan,nan,nan,nan,nan,nan,nan,nan,144.0,189.0,388.0,291.0,held,nan,nan,nan,nan,,nan,0,nan,nan,nan,INITIALIZING,0.0,0.0,0.0,15.299444786980416,0,0,0,0.0,0.0,1.0,0,0,0,0,0,0,0,DISABLED,nan,0,-1,0,0.0,0
1023,88.95488044200465,nan,nan,nan,nan,nan,nan,nan,nan,144.0,189.0,388.0,291.0,held,nan,nan,nan,nan,,nan,0,nan,nan,nan,INITIALIZING,0.0,0.0,0.0,18.24308742458424,0,0,0,0.0,0.0,1.0,0,0,0,0,0,0,0,DISABLED,nan,0,-1,0,0.0,0
1024,89.01201573100116,nan,nan,nan,nan,nan,nan,nan,nan,144.0,189.0,388.0,291.0,held,nan,nan,nan,nan,,nan,0,nan,nan,nan,INITIALIZING,0.0,0.0,0.0,17.502318051828897,0,0,0,0.0,0.0,1.0,0,0,0,0,0,0,0,DISABLED,nan,0,-1,0,0.0,0
1025,89.06715560500015,nan,nan,nan,nan,nan,nan,nan,nan,144.0,189.0,388.0,291.0,held,nan,nan,nan,nan,,nan,0,nan,nan,nan,INITIALIZING,0.0,0.0,0.0,18.135696139207756,0,0,0,0.0,0.0,1.0,0,0,0,0,0,0,0,DISABLED,nan,0,-1,0,0.0,0
1026,89.12781546200131,nan,nan,nan,nan,nan,nan,nan,nan,144.0,189.0,388.0,291.0,held,nan,nan,nan,nan,,nan,0,nan,nan,nan,INITIALIZING,0.0,0.0,0.0,16.4853669203498,0,0,0,0.0,0.0,1.0,0,0,0,0,0,0,0,DISABLED,nan,0,-1,0,0.0,0
1027,89.18717533800373,nan,nan,nan,nan,nan,nan,nan,nan,144.0,189.0,388.0,291.0,held,nan,nan,nan,nan,,nan,0,nan,nan,nan,INITIALIZING,0.0,0.0,0.0,16.84639637655691,0,0,0,0.0,0.0,1.0,0,0,0,0,0,0,0,DISABLED,nan,0,-1,0,0.0,0
1028,89.24917345699942,nan,nan,nan,nan,nan,nan,nan,nan,144.0,189.0,388.0,291.0,held,nan,nan,nan,nan,,nan,0,nan,nan,nan,INITIALIZING,0.0,0.0,0.0,16.129521608059378,0,0,0,0.0,0.0,1.0,0,0,0,0,0,0,0,DISABLED,nan,0,-1,0,0.0,0
1029,89.30656885699864,nan,nan,nan,nan,nan,nan,nan,nan,144.0,189.0,388.0,291.0,held,nan,nan,nan,nan,,nan,0,nan,nan,nan,INITIALIZING,0.0,0.0,0.0,17.422999055909404,0,0,0,0.0,0.0,1.0,0,0,0,0,0,0,0,DISABLED,nan,0,-1,0,0.0,0
1030,89.35942023600364,nan,nan,nan,nan,nan,nan,nan,nan,144.0,189.0,388.0,291.0,held,nan,nan,nan,nan,,nan,0,nan,nan,nan,INITIALIZING,0.0,0.0,0.0,18.920982173526436,0,0,0,0.0,0.0,1.0,0,0,0,0,0,0,0,DISABLED,nan,0,-1,0,0.0,0
1031,89.41880943599972,nan,nan,nan,nan,nan,nan,nan,nan,144.0,189.0,388.0,291.0,held,nan,nan,nan,nan,,nan,0,nan,nan,nan,INITIALIZING,0.0,0.0,0.0,16.838078304911864,0,0,0,0.0,0.0,1.0,0,0,0,0,0,0,0,DISABLED,nan,0,-1,0,0.0,0
1032,89.47904808400199,nan,nan,nan,nan,nan,nan,nan,nan,144.0,189.0,388.0,291.0,held,nan,nan,nan,nan,,nan,0,nan,nan,nan,INITIALIZING,0.0,0.0,0.0,16.600638181028522,0,0,0,0.0,0.0,1.0,0,0,0,0,0,0,0,DISABLED,nan,0,-1,0,0.0,0
1033,89.53968835600244,nan,nan,nan,nan,nan,nan,nan,nan,144.0,189.0,388.0,291.0,held,nan,nan,nan,nan,,nan,0,nan,nan,nan,INITIALIZING,0.0,0.0,0.0,16.490691202580553,0,0,0,0.0,0.0,1.0,0,0,0,0,0,0,0,DISABLED,nan,0,-1,0,0.0,0
1034,89.60196502400504,nan,nan,nan,nan,nan,nan,nan,nan,144.0,189.0,388.0,291.0,held,nan,nan,nan,nan,,nan,0,nan,nan,nan,INITIALIZING,0.0,0.0,0.0,16.05737802090364,0,0,0,0.0,0.0,1.0,0,0,0,0,0,0,0,DISABLED,nan,0,-1,0,0.0,0
1035,89.66143500700127,nan,nan,nan,nan,nan,nan,nan,nan,144.0,189.0,388.0,291.0,held,nan,nan,nan,nan,,nan,0,nan,nan,nan,INITIALIZING,0.0,0.0,0.0,16.815205749484246,0,0,0,0.0,0.0,1.0,0,0,0,0,0,0,0,DISABLED,nan,0,-1,0,0.0,0
1036,89.71885447000386,nan,nan,nan,nan,nan,nan,nan,nan,144.0,189.0,388.0,291.0,held,nan,nan,nan,nan,,nan,0,nan,nan,nan,INITIALIZING,0.0,0.0,0.0,17.415697530207098,0,0,0,0.0,0.0,1.0,0,0,0,0,0,0,0,DISABLED,nan,0,-1,0,0.0,0
1037,89.76710734800145,nan,nan,nan,nan,nan,nan,nan,nan,144.0,189.0,388.0,291.0,held,nan,nan,nan,nan,,nan,0,nan,nan,nan,INITIALIZING,0.0,0.0,0.0,20.724152454700747,0,0,0,0.0,0.0,1.0,0,0,0,0,0,0,0,DISABLED,nan,0,-1,0,0.0,0
1038,89.82676462800009,nan,nan,nan,nan,nan,nan,nan,nan,144.0,189.0,388.0,291.0,held,nan,nan,nan,nan,,nan,0,nan,nan,nan,INITIALIZING,0.0,0.0,0.0,16.76241357337603,0,0,0,0.0,0.0,1.0,0,0,0,0,0,0,0,DISABLED,nan,0,-1,0,0.0,0
1039,89.89040658999875,nan,nan,nan,nan,nan,nan,nan,nan,144.0,189.0,388.0,291.0,held,nan,nan,nan,nan,,nan,0,nan,nan,nan,INITIALIZING,0.0,0.0,0.0,15.712903383166072,0,0,0,0.0,0.0,1.0,0,0,0,0,0,0,0,DISABLED,nan,0,-1,0,0.0,0
1040,89.9551804570001,nan,nan,nan,nan,nan,nan,nan,nan,144.0,189.0,388.0,291.0,held,nan,nan,nan,nan,,nan,0,nan,nan,nan,INITIALIZING,0.0,0.0,0.0,15.438324841392669,0,0,0,0.0,0.0,1.0,0,0,0,0,0,0,0,DISABLED,nan,0,-1,0,0.0,0
1041,90.00260612700367,nan,nan,nan,nan,nan,nan,nan,nan,144.0,189.0,388.0,291.0,held,nan,nan,nan,nan,,nan,0,nan,nan,nan,INITIALIZING,0.0,0.0,0.0,21.085627254703702,0,0,0,0.0,0.0,1.0,0,0,0,0,0,0,0,DISABLED,nan,0,-1,0,0.0,0
1042,90.06331317200238,nan,nan,nan,nan,nan,nan,nan,nan,144.0,189.0,388.0,291.0,held,nan,nan,nan,nan,,nan,0,nan,nan,nan,INITIALIZING,0.0,0.0,0.0,16.472552732904184,0,0,0,0.0,0.0,1.0,0,0,0,0,0,0,0,DISABLED,nan,0,-1,0,0.0,0
1043,90.12527816500369,nan,nan,nan,nan,nan,nan,nan,nan,144.0,189.0,388.0,291.0,held,nan,nan,nan,nan,,nan,0,nan,nan,nan,INITIALIZING,0.0,0.0,0.0,16.138144322534522,0,0,0,0.0,0.0,1.0,0,0,0,0,0,0,0,DISABLED,nan,0,-1,0,0.0,0
1044,90.17478498099808,nan,nan,nan,nan,nan,nan,nan,nan,144.0,189.0,388.0,291.0,held,nan,nan,nan,nan,,nan,0,nan,nan,nan,INITIALIZING,0.0,0.0,0.0,20.19923883033183,0,0,0,0.0,0.0,1.0,0,0,0,0,0,0,0,DISABLED,nan,0,-1,0,0.0,0
1045,90.2395293160007,nan,nan,nan,nan,nan,nan,nan,nan,144.0,189.0,388.0,291.0,held,nan,nan,nan,nan,,nan,0,nan,nan,nan,INITIALIZING,0.0,0.0,0.0,15.445366763896928,0,0,0,0.0,0.0,1.0,0,0,0,0,0,0,0,DISABLED,nan,0,-1,0,0.0,0
1046,90.30646604899812,nan,nan,nan,nan,nan,nan,nan,nan,144.0,189.0,388.0,291.0,held,nan,nan,nan,nan,,nan,0,nan,nan,nan,INITIALIZING,0.0,0.0,0.0,14.939480240820151,0,0,0,0.0,0.0,1.0,0,0,0,0,0,0,0,DISABLED,nan,0,-1,0,0.0,0
1047,90.35695783700066,nan,nan,nan,nan,nan,nan,nan,nan,144.0,189.0,388.0,291.0,held,nan,nan,nan,nan,,nan,0,nan,nan,nan,INITIALIZING,0.0,0.0,0.0,19.805200797198488,0,0,0,0.0,0.0,1.0,0,0,0,0,0,0,0,DISABLED,nan,0,-1,0,0.0,0
1048,90.41241126100067,nan,nan,nan,nan,nan,nan,nan,nan,144.0,189.0,388.0,291.0,held,nan,nan,nan,nan,,nan,0,nan,nan,nan,INITIALIZING,0.0,0.0,0.0,18.033151568781044,0,0,0,0.0,0.0,1.0,0,0,0,0,0,0,0,DISABLED,nan,0,-1,0,0.0,0
1049,90.4716255079984,nan,nan,nan,nan,nan,nan,nan,nan,144.0,189.0,388.0,291.0,held,nan,nan,nan,nan,,nan,0,nan,nan,nan,INITIALIZING,0.0,0.0,0.0,16.887827688468292,0,0,0,0.0,0.0,1.0,0,0,0,0,0,0,0,DISABLED,nan,0,-1,0,0.0,0
1050,90.53061698999954,nan,nan,nan,nan,nan,nan,nan,nan,144.0,189.0,388.0,291.0,held,nan,nan,nan,nan,,nan,0,nan,nan,nan,INITIALIZING,0.0,0.0,0.0,16.95159989336346,0,0,0,0.0,0.0,1.0,0,0,0,0,0,0,0,DISABLED,nan,0,-1,0,0.0,0
1051,90.58943351900234,nan,nan,nan,nan,nan,nan,nan,nan,144.0,189.0,388.0,291.0,held,nan,nan,nan,nan,,nan,0,nan,nan,nan,INITIALIZING,0.0,0.0,0.0,17.002023358985358,0,0,0,0.0,0.0,1.0,0,0,0,0,0,0,0,DISABLED,nan,0,-1,0,0.0,0
1052,90.64357274299982,nan,nan,nan,nan,nan,nan,nan,nan,144.0,189.0,388.0,291.0,held,nan,nan,nan,nan,,nan,0,nan,nan,nan,INITIALIZING,0.0,0.0,0.0,18.47089644370457,0,0,0,0.0,0.0,1.0,0,0,0,0,0,0,0,DISABLED,nan,0,-1,0,0.0,0
1053,90.7024212000033,nan,nan,nan,nan,nan,nan,nan,nan,144.0,189.0,388.0,291.0,held,nan,nan,nan,nan,,nan,0,nan,nan,nan,INITIALIZING,0.0,0.0,0.0,16.99279897756537,0,0,0,0.0,0.0,1.0,0,0,0,0,0,0,0,DISABLED,nan,0,-1,0,0.0,0
1054,90.76246463500138,nan,nan,nan,nan,nan,nan,nan,nan,144.0,189.0,388.0,291.0,held,nan,nan,nan,nan,,nan,0,nan,nan,nan,INITIALIZING,0.0,0.0,0.0,16.654610117359173,0,0,0,0.0,0.0,1.0,0,0,0,0,0,0,0,DISABLED,nan,0,-1,0,0.0,0
1055,90.82200008800282,nan,nan,nan,nan,nan,nan,nan,nan,144.0,189.0,388.0,291.0,held,nan,nan,nan,nan,,nan,0,nan,nan,nan,INITIALIZING,0.0,0.0,0.0,16.79671438757229,0,0,0,0.0,0.0,1.0,0,0,0,0,0,0,0,DISABLED,nan,0,-1,0,0.0,0
1056,90.89307379999809,nan,nan,nan,nan,nan,nan,nan,nan,144.0,189.0,388.0,291.0,held,nan,nan,nan,nan,,nan,0,nan,nan,nan,INITIALIZING,0.0,0.0,0.0,14.069899712942746,0,0,0,0.0,0.0,1.0,0,0,0,0,0,0,0,DISABLED,nan,0,-1,0,0.0,0
1057,90.93533814300463,nan,nan,nan,nan,nan,nan,nan,nan,144.0,189.0,388.0,291.0,held,nan,nan,nan,nan,,nan,0,nan,nan,nan,INITIALIZING,0.0,0.0,0.0,23.6606067636103,0,0,0,0.0,0.0,1.0,0,0,0,0,0,0,0,DISABLED,nan,0,-1,0,0.0,0
1058,90.9998126260034,nan,nan,nan,nan,nan,nan,nan,nan,144.0,189.0,388.0,291.0,held,nan,nan,nan,nan,,nan,0,nan,nan,nan,INITIALIZING,0.0,0.0,0.0,15.510011922375362,0,0,0,0.0,0.0,1.0,0,0,0,0,0,0,0,DISABLED,nan,0,-1,0,0.0,0
1059,91.05658024999866,nan,nan,nan,nan,nan,nan,nan,nan,144.0,189.0,388.0,291.0,held,nan,nan,nan,nan,,nan,0,nan,nan,nan,INITIALIZING,0.0,0.0,0.0,17.615674738889304,0,0,0,0.0,0.0,1.0,0,0,0,0,0,0,0,DISABLED,nan,0,-1,0,0.0,0
1060,91.11099312599981,nan,nan,nan,nan,nan,nan,nan,nan,144.0,189.0,388.0,291.0,held,nan,nan,nan,nan,,nan,0,nan,nan,nan,INITIALIZING,0.0,0.0,0.0,18.378003029629113,0,0,0,0.0,0.0,1.0,0,0,0,0,0,0,0,DISABLED,nan,0,-1,0,0.0,0
1061,91.17176131900487,nan,nan,nan,nan,nan,nan,nan,nan,144.0,189.0,388.0,291.0,held,nan,nan,nan,nan,,nan,0,nan,nan,nan,INITIALIZING,0.0,0.0,0.0,16.455977223425545,0,0,0,0.0,0.0,1.0,0,0,0,0,0,0,0,DISABLED,nan,0,-1,0,0.0,0
1062,91.227790955003,nan,nan,nan,nan,nan,nan,nan,nan,144.0,189.0,388.0,291.0,held,nan,nan,nan,nan,,nan,0,nan,nan,nan,INITIALIZING,0.0,0.0,0.0,17.847697601201375,0,0,0,0.0,0.0,1.0,0,0,0,0,0,0,0,DISABLED,nan,0,-1,0,0.0,0
1063,91.28751349700178,nan,nan,nan,nan,nan,nan,nan,nan,144.0,189.0,388.0,291.0,held,nan,nan,nan,nan,,nan,0,nan,nan,nan,INITIALIZING,0.0,0.0,0.0,16.744096391952212,0,0,0,0.0,0.0,1.0,0,0,0,0,0,0,0,DISABLED,nan,0,-1,0,0.0,0
1064,91.34542927399889,nan,nan,nan,nan,nan,nan,nan,nan,144.0,189.0,388.0,291.0,held,nan,nan,nan,nan,,nan,0,nan,nan,nan,INITIALIZING,0.0,0.0,0.0,17.266452283804576,0,0,0,0.0,0.0,1.0,0,0,0,0,0,0,0,DISABLED,nan,0,-1,0,0.0,0
1065,91.40771432800102,nan,nan,nan,nan,nan,nan,nan,nan,144.0,189.0,388.0,291.0,held,nan,nan,nan,nan,,nan,0,nan,nan,nan,INITIALIZING,0.0,0.0,0.0,16.055216071030035,0,0,0,0.0,0.0,1.0,0,0,0,0,0,0,0,DISABLED,nan,0,-1,0,0.0,0
1066,91.46314947000064,nan,nan,nan,nan,nan,nan,nan,nan,144.0,189.0,388.0,291.0,held,nan,nan,nan,nan,,nan,0,nan,nan,nan,INITIALIZING,0.0,0.0,0.0,18.039098736443886,0,0,0,0.0,0.0,1.0,0,0,0,0,0,0,0,DISABLED,nan,0,-1,0,0.0,0
1067,91.52143010000145,nan,nan,nan,nan,nan,nan,nan,nan,144.0,189.0,388.0,291.0,held,nan,nan,nan,nan,,nan,0,nan,nan,nan,INITIALIZING,0.0,0.0,0.0,17.158359475285756,0,0,0,0.0,0.0,1.0,0,0,0,0,0,0,0,DISABLED,nan,0,-1,0,0.0,0
1068,91.58302211500268,nan,nan,nan,nan,nan,nan,nan,nan,144.0,189.0,388.0,291.0,held,nan,nan,nan,nan,,nan,0,nan,nan,nan,INITIALIZING,0.0,0.0,0.0,16.235870834557396,0,0,0,0.0,0.0,1.0,0,0,0,0,0,0,0,DISABLED,nan,0,-1,0,0.0,0
1069,91.64538831700338,nan,nan,nan,nan,nan,nan,nan,nan,144.0,189.0,388.0,291.0,held,nan,nan,nan,nan,,nan,0,nan,nan,nan,INITIALIZING,0.0,0.0,0.0,16.03432577133244,0,0,0,0.0,0.0,1.0,0,0,0,0,0,0,0,DISABLED,nan,0,-1,0,0.0,0
1070,91.70503262700367,nan,nan,nan,nan,nan,nan,nan,nan,144.0,189.0,388.0,291.0,held,nan,nan,nan,nan,,nan,0,nan,nan,nan,INITIALIZING,0.0,0.0,0.0,16.76605865664411,0,0,0,0.0,0.0,1.0,0,0,0,0,0,0,0,DISABLED,nan,0,-1,0,0.0,0
1071,91.76225739700021,nan,nan,nan,nan,nan,nan,nan,nan,144.0,189.0,388.0,291.0,held,nan,nan,nan,nan,,nan,0,nan,nan,nan,INITIALIZING,0.0,0.0,0.0,17.474950096968662,0,0,0,0.0,0.0,1.0,0,0,0,0,0,0,0,DISABLED,nan,0,-1,0,0.0,0
1072,91.81413036699814,nan,nan,nan,nan,nan,nan,nan,nan,144.0,189.0,388.0,291.0,held,nan,nan,nan,nan,,nan,0,nan,nan,nan,INITIALIZING,0.0,0.0,0.0,19.27786282605177,0,0,0,0.0,0.0,1.0,0,0,0,0,0,0,0,DISABLED,nan,0,-1,0,0.0,0
1073,91.87478709800052,nan,nan,nan,nan,nan,nan,nan,nan,144.0,189.0,388.0,291.0,held,nan,nan,nan,nan,,nan,0,nan,nan,nan,INITIALIZING,0.0,0.0,0.0,16.486216508448663,0,0,0,0.0,0.0,1.0,0,0,0,0,0,0,0,DISABLED,nan,0,-1,0,0.0,0
1074,91.93662656800007,nan,nan,nan,nan,nan,nan,nan,nan,144.0,189.0,388.0,291.0,held,nan,nan,nan,nan,,nan,0,nan,nan,nan,INITIALIZING,0.0,0.0,0.0,16.170901852933554,0,0,0,0.0,0.0,1.0,0,0,0,0,0,0,0,DISABLED,nan,0,-1,0,0.0,0
1075,91.99530126999889,nan,nan,nan,nan,nan,nan,nan,nan,144.0,189.0,388.0,291.0,held,nan,nan,nan,nan,,nan,0,nan,nan,nan,INITIALIZING,0.0,0.0,0.0,17.04312021934125,0,0,0,0.0,0.0,1.0,0,0,0,0,0,0,0,DISABLED,nan,0,-1,0,0.0,0
1076,92.05413118500292,nan,nan,nan,nan,nan,nan,nan,nan,144.0,189.0,388.0,291.0,held,nan,nan,nan,nan,,nan,0,nan,nan,nan,INITIALIZING,0.0,0.0,0.0,16.998154764146282,0,0,0,0.0,0.0,1.0,0,0,0,0,0,0,0,DISABLED,nan,0,-1,0,0.0,0
1077,92.10773341700406,nan,nan,nan,nan,nan,nan,nan,nan,144.0,189.0,388.0,291.0,held,nan,nan,nan,nan,,nan,0,nan,nan,nan,INITIALIZING,0.0,0.0,0.0,18.65593955077722,0,0,0,0.0,0.0,1.0,0,0,0,0,0,0,0,DISABLED,nan,0,-1,0,0.0,0
1078,92.1733058969985,nan,nan,nan,nan,nan,nan,nan,nan,144.0,189.0,388.0,291.0,held,nan,nan,nan,nan,,nan,0,nan,nan,nan,INITIALIZING,0.0,0.0,0.0,15.250300127198713,0,0,0,0.0,0.0,1.0,0,0,0,0,0,0,0,DISABLED,nan,0,-1,0,0.0,0
1079,92.2208377670031,nan,nan,nan,nan,nan,nan,nan,nan,144.0,189.0,388.0,291.0,held,nan,nan,nan,nan,,nan,0,nan,nan,nan,INITIALIZING,0.0,0.0,0.0,21.03851584006955,0,0,0,0.0,0.0,1.0,0,0,0,0,0,0,0,DISABLED,nan,0,-1,0,0.0,0
1080,92.29377782800293,nan,nan,nan,nan,nan,nan,nan,nan,144.0,189.0,388.0,291.0,held,nan,nan,nan,nan,,nan,0,nan,nan,nan,INITIALIZING,0.0,0.0,0.0,13.70988708115254,0,0,0,0.0,0.0,1.0,0,0,0,0,0,0,0,DISABLED,nan,0,-1,0,0.0,0
1081,92.34074171600514,nan,nan,nan,nan,nan,nan,nan,nan,144.0,189.0,388.0,291.0,held,nan,nan,nan,nan,,nan,0,nan,nan,nan,INITIALIZING,0.0,0.0,0.0,21.29295598253995,0,0,0,0.0,0.0,1.0,0,0,0,0,0,0,0,DISABLED,nan,0,-1,0,0.0,0
1082,92.3971647990038,nan,nan,nan,nan,nan,nan,nan,nan,144.0,189.0,388.0,291.0,held,nan,nan,nan,nan,,nan,0,nan,nan,nan,INITIALIZING,0.0,0.0,0.0,17.723242808687022,0,0,0,0.0,0.0,1.0,0,0,0,0,0,0,0,DISABLED,nan,0,-1,0,0.0,0
1083,92.45462749199942,nan,nan,nan,nan,nan,nan,nan,nan,144.0,189.0,388.0,291.0,held,nan,nan,nan,nan,,nan,0,nan,nan,nan,INITIALIZING,0.0,0.0,0.0,17.40259545573907,0,0,0,0.0,0.0,1.0,0,0,0,0,0,0,0,DISABLED,nan,0,-1,0,0.0,0
1084,92.51373553900339,nan,nan,nan,nan,nan,nan,nan,nan,144.0,189.0,388.0,291.0,held,nan,nan,nan,nan,,nan,0,nan,nan,nan,INITIALIZING,0.0,0.0,0.0,16.91817021010293,0,0,0,0.0,0.0,1.0,0,0,0,0,0,0,0,DISABLED,nan,0,-1,0,0.0,0
1085,92.57245258700277,nan,nan,nan,nan,nan,nan,nan,nan,144.0,189.0,388.0,291.0,held,nan,nan,nan,nan,,nan,0,nan,nan,nan,INITIALIZING,0.0,0.0,0.0,17.030828934222928,0,0,0,0.0,0.0,1.0,0,0,0,0,0,0,0,DISABLED,nan,0,-1,0,0.0,0
1086,92.63052175300254,nan,nan,nan,nan,nan,nan,nan,nan,144.0,189.0,388.0,291.0,held,nan,nan,nan,nan,,nan,0,nan,nan,nan,INITIALIZING,0.0,0.0,0.0,17.220843158036573,0,0,0,0.0,0.0,1.0,0,0,0,0,0,0,0,DISABLED,nan,0,-1,0,0.0,0
1087,92.68906770300237,nan,nan,nan,nan,nan,nan,nan,nan,144.0,189.0,388.0,291.0,held,nan,nan,nan,nan,,nan,0,nan,nan,nan,INITIALIZING,0.0,0.0,0.0,17.080600793103322,0,0,0,0.0,0.0,1.0,0,0,0,0,0,0,0,DISABLED,nan,0,-1,0,0.0,0
1088,92.74905733400374,nan,nan,nan,nan,nan,nan,nan,nan,144.0,189.0,388.0,291.0,held,nan,nan,nan,nan,,nan,0,nan,nan,nan,INITIALIZING,0.0,0.0,0.0,16.669547441909273,0,0,0,0.0,0.0,1.0,0,0,0,0,0,0,0,DISABLED,nan,0,-1,0,0.0,0
1089,92.8045903950042,nan,nan,nan,nan,nan,nan,nan,nan,144.0,189.0,388.0,291.0,held,nan,nan,nan,nan,,nan,0,nan,nan,nan,INITIALIZING,0.0,0.0,0.0,18.007291188067434,0,0,0,0.0,0.0,1.0,0,0,0,0,0,0,0,DISABLED,nan,0,-1,0,0.0,0
1090,92.86577526500332,nan,nan,nan,nan,nan,nan,nan,nan,144.0,189.0,388.0,291.0,held,nan,nan,nan,nan,,nan,0,nan,nan,nan,INITIALIZING,0.0,0.0,0.0,16.34390985899478,0,0,0,0.0,0.0,1.0,0,0,0,0,0,0,0,DISABLED,nan,0,-1,0,0.0,0
1091,92.93080439799814,nan,nan,nan,nan,nan,nan,nan,nan,144.0,189.0,388.0,291.0,held,nan,nan,nan,nan,,nan,0,nan,nan,nan,INITIALIZING,0.0,0.0,0.0,15.377723090351028,0,0,0,0.0,0.0,1.0,0,0,0,0,0,0,0,DISABLED,nan,0,-1,0,0.0,0
1092,92.98040970600414,nan,nan,nan,nan,nan,nan,nan,nan,144.0,189.0,388.0,291.0,held,nan,nan,nan,nan,,nan,0,nan,nan,nan,INITIALIZING,0.0,0.0,0.0,20.159132967769736,0,0,0,0.0,0.0,1.0,0,0,0,0,0,0,0,DISABLED,nan,0,-1,0,0.0,0
1093,93.03888523700152,nan,nan,nan,nan,nan,nan,nan,nan,144.0,189.0,388.0,291.0,held,nan,nan,nan,nan,,nan,0,nan,nan,nan,INITIALIZING,0.0,0.0,0.0,17.101170061110363,0,0,0,0.0,0.0,1.0,0,0,0,0,0,0,0,DISABLED,nan,0,-1,0,0.0,0
1094,93.10260949400254,nan,nan,nan,nan,nan,nan,nan,nan,144.0,189.0,388.0,291.0,held,nan,nan,nan,nan,,nan,0,nan,nan,nan,INITIALIZING,0.0,0.0,0.0,15.692611370644979,0,0,0,0.0,0.0,1.0,0,0,0,0,0,0,0,DISABLED,nan,0,-1,0,0.0,0
1095,93.16298882200499,nan,nan,nan,nan,nan,nan,nan,nan,144.0,189.0,388.0,291.0,held,nan,nan,nan,nan,,nan,0,nan,nan,nan,INITIALIZING,0.0,0.0,0.0,16.56195974819967,0,0,0,0.0,0.0,1.0,0,0,0,0,0,0,0,DISABLED,nan,0,-1,0,0.0,0
1096,93.2211075209998,nan,nan,nan,nan,nan,nan,nan,nan,144.0,189.0,388.0,291.0,held,nan,nan,nan,nan,,nan,0,nan,nan,nan,INITIALIZING,0.0,0.0,0.0,17.206166299238877,0,0,0,0.0,0.0,1.0,0,0,0,0,0,0,0,DISABLED,nan,0,-1,0,0.0,0
1097,93.27215349100152,nan,nan,nan,nan,nan,nan,nan,nan,144.0,189.0,388.0,291.0,held,nan,nan,nan,nan,,nan,0,nan,nan,nan,INITIALIZING,0.0,0.0,0.0,19.59018508153012,0,0,0,0.0,0.0,1.0,0,0,0,0,0,0,0,DISABLED,nan,0,-1,0,0.0,0
1098,93.33402139900136,nan,nan,nan,nan,nan,nan,nan,nan,144.0,189.0,388.0,291.0,held,nan,nan,nan,nan,,nan,0,nan,nan,nan,INITIALIZING,0.0,0.0,0.0,16.16346878906241,0,0,0,0.0,0.0,1.0,0,0,0,0,0,0,0,DISABLED,nan,0,-1,0,0.0,0
1099,93.39311887200165,nan,nan,nan,nan,nan,nan,nan,nan,144.0,189.0,388.0,291.0,held,nan,nan,nan,nan,,nan,0,nan,nan,nan,INITIALIZING,0.0,0.0,0.0,16.92119729036549,0,0,0,0.0,0.0,1.0,0,0,0,0,0,0,0,DISABLED,nan,0,-1,0,0.0,0
1100,93.4511148599995,nan,nan,nan,nan,nan,nan,nan,nan,144.0,189.0,388.0,291.0,held,nan,nan,nan,nan,,nan,0,nan,nan,nan,INITIALIZING,0.0,0.0,0.0,17.242572021308927,0,0,0,0.0,0.0,1.0,0,0,0,0,0,0,0,DISABLED,nan,0,-1,0,0.0,0
1101,93.5087850580021,nan,nan,nan,nan,nan,nan,nan,nan,144.0,189.0,388.0,291.0,held,nan,nan,nan,nan,,nan,0,nan,nan,nan,INITIALIZING,0.0,0.0,0.0,17.339978613476628,0,0,0,0.0,0.0,1.0,0,0,0,0,0,0,0,DISABLED,nan,0,-1,0,0.0,0
1102,93.56449171699933,nan,nan,nan,nan,nan,nan,nan,nan,144.0,189.0,388.0,291.0,held,nan,nan,nan,nan,,nan,0,nan,nan,nan,INITIALIZING,0.0,0.0,0.0,17.951175281393876,0,0,0,0.0,0.0,1.0,0,0,0,0,0,0,0,DISABLED,nan,0,-1,0,0.0,0
1103,93.62684583500231,nan,nan,nan,nan,nan,nan,nan,nan,144.0,189.0,388.0,291.0,held,nan,nan,nan,nan,,nan,0,nan,nan,nan,INITIALIZING,0.0,0.0,0.0,16.037433164432077,0,0,0,0.0,0.0,1.0,0,0,0,0,0,0,0,DISABLED,nan,0,-1,0,0.0,0
1104,93.68177039200236,nan,nan,nan,nan,nan,nan,nan,nan,144.0,189.0,388.0,291.0,held,nan,nan,nan,nan,,nan,0,nan,nan,nan,INITIALIZING,0.0,0.0,0.0,18.20679227324675,0,0,0,0.0,0.0,1.0,0,0,0,0,0,0,0,DISABLED,nan,0,-1,0,0.0,0
1105,93.74260530500032,nan,nan,nan,nan,nan,nan,nan,nan,144.0,189.0,388.0,291.0,held,nan,nan,nan,nan,,nan,0,nan,nan,nan,INITIALIZING,0.0,0.0,0.0,16.43792931919716,0,0,0,0.0,0.0,1.0,0,0,0,0,0,0,0,DISABLED,nan,0,-1,0,0.0,0
1106,93.80083801699948,nan,nan,nan,nan,nan,nan,nan,nan,144.0,189.0,388.0,291.0,held,nan,nan,nan,nan,,nan,0,nan,nan,nan,INITIALIZING,0.0,0.0,0.0,17.172478589259946,0,0,0,0.0,0.0,1.0,0,0,0,0,0,0,0,DISABLED,nan,0,-1,0,0.0,0
1107,93.85467838000477,nan,nan,nan,nan,nan,nan,nan,nan,144.0,189.0,388.0,291.0,held,nan,nan,nan,nan,,nan,0,nan,nan,nan,INITIALIZING,0.0,0.0,0.0,18.573426035439216,0,0,0,0.0,0.0,1.0,0,0,0,0,0,0,0,DISABLED,nan,0,-1,0,0.0,0
1108,93.91594903299847,nan,nan,nan,nan,nan,nan,nan,nan,144.0,189.0,388.0,291.0,held,nan,nan,nan,nan,,nan,0,nan,nan,nan,INITIALIZING,0.0,0.0,0.0,16.321027296752415,0,0,0,0.0,0.0,1.0,0,0,0,0,0,0,0,DISABLED,nan,0,-1,0,0.0,0
1109,93.97516755100514,nan,nan,nan,nan,nan,nan,nan,nan,144.0,189.0,388.0,291.0,held,nan,nan,nan,nan,,nan,0,nan,nan,nan,INITIALIZING,0.0,0.0,0.0,16.886609690018016,0,0,0,0.0,0.0,1.0,0,0,0,0,0,0,0,DISABLED,nan,0,-1,0,0.0,0
1110,94.03480404899892,nan,nan,nan,nan,nan,nan,nan,nan,144.0,189.0,388.0,291.0,held,nan,nan,nan,nan,,nan,0,nan,nan,nan,INITIALIZING,0.0,0.0,0.0,16.76825490497978,0,0,0,0.0,0.0,1.0,0,0,0,0,0,0,0,DISABLED,nan,0,-1,0,0.0,0
1111,94.09218642699852,nan,nan,nan,nan,nan,nan,nan,nan,144.0,189.0,388.0,291.0,held,nan,nan,nan,nan,,nan,0,nan,nan,nan,INITIALIZING,0.0,0.0,0.0,17.426952922845718,0,0,0,0.0,0.0,1.0,0,0,0,0,0,0,0,DISABLED,nan,0,-1,0,0.0,0
1112,94.14859034400433,nan,nan,nan,nan,nan,nan,nan,nan,144.0,189.0,388.0,291.0,held,nan,nan,nan,nan,,nan,0,nan,nan,nan,INITIALIZING,0.0,0.0,0.0,17.72926514832298,0,0,0,0.0,0.0,1.0,0,0,0,0,0,0,0,DISABLED,nan,0,-1,0,0.0,0
1113,94.21448621700256,nan,nan,nan,nan,nan,nan,nan,nan,144.0,189.0,388.0,291.0,held,nan,nan,nan,nan,,nan,0,nan,nan,nan,INITIALIZING,0.0,0.0,0.0,15.175457194821924,0,0,0,0.0,0.0,1.0,0,0,0,0,0,0,0,DISABLED,nan,0,-1,0,0.0,0
1114,94.28334398800507,nan,nan,nan,nan,nan,nan,nan,nan,144.0,189.0,388.0,291.0,held,nan,nan,nan,nan,,nan,0,nan,nan,nan,INITIALIZING,0.0,0.0,0.0,14.52268909435808,0,0,0,0.0,0.0,1.0,0,0,0,0,0,0,0,DISABLED,nan,0,-1,0,0.0,0
1115,94.34789154700411,nan,nan,nan,nan,nan,nan,nan,nan,144.0,189.0,388.0,291.0,held,nan,nan,nan,nan,,nan,0,nan,nan,nan,INITIALIZING,0.0,0.0,0.0,15.492452627292987,0,0,0,0.0,0.0,1.0,0,0,0,0,0,0,0,DISABLED,nan,0,-1,0,0.0,0
1116,94.42767891500262,nan,nan,nan,nan,nan,nan,nan,nan,144.0,189.0,388.0,291.0,held,nan,nan,nan,nan,,nan,0,nan,nan,nan,INITIALIZING,0.0,0.0,0.0,12.533312290972244,0,0,0,0.0,0.0,1.0,0,0,0,0,0,0,0,DISABLED,nan,0,-1,0,0.0,0
1117,94.48971917100425,nan,nan,nan,nan,nan,nan,nan,nan,144.0,189.0,388.0,291.0,held,nan,nan,nan,nan,,nan,0,nan,nan,nan,INITIALIZING,0.0,0.0,0.0,16.118566628313218,0,0,0,0.0,0.0,1.0,0,0,0,0,0,0,0,DISABLED,nan,0,-1,0,0.0,0
1118,94.55235600400192,nan,nan,nan,nan,nan,nan,nan,nan,144.0,189.0,388.0,291.0,held,nan,nan,nan,nan,,nan,0,nan,nan,nan,INITIALIZING,0.0,0.0,0.0,15.965047275573815,0,0,0,0.0,0.0,1.0,0,0,0,0,0,0,0,DISABLED,nan,0,-1,0,0.0,0
1119,94.61651980299939,nan,nan,nan,nan,nan,nan,nan,nan,144.0,189.0,388.0,291.0,held,nan,nan,nan,nan,,nan,0,nan,nan,nan,INITIALIZING,0.0,0.0,0.0,15.58511209785809,0,0,0,0.0,0.0,1.0,0,0,0,0,0,0,0,DISABLED,nan,0,-1,0,0.0,0
1120,94.68492193700513,nan,nan,nan,nan,nan,nan,nan,nan,144.0,189.0,388.0,291.0,held,nan,nan,nan,nan,,nan,0,nan,nan,nan,INITIALIZING,0.0,0.0,0.0,14.61942693068798,0,0,0,0.0,0.0,1.0,0,0,0,0,0,0,0,DISABLED,nan,0,-1,0,0.0,0
1121,94.7467465630034,nan,nan,nan,nan,nan,nan,nan,nan,144.0,189.0,388.0,291.0,held,nan,nan,nan,nan,,nan,0,nan,nan,nan,INITIALIZING,0.0,0.0,0.0,16.174784462553582,0,0,0,0.0,0.0,1.0,0,0,0,0,0,0,0,DISABLED,nan,0,-1,0,0.0,0
1122,94.82009684199875,nan,nan,nan,nan,nan,nan,nan,nan,144.0,189.0,388.0,291.0,held,nan,nan,nan,nan,,nan,0,nan,nan,nan,INITIALIZING,0.0,0.0,0.0,13.633213311477753,0,0,0,0.0,0.0,1.0,0,0,0,0,0,0,0,DISABLED,nan,0,-1,0,0.0,0
1123,94.88500847200339,nan,nan,nan,nan,nan,nan,nan,nan,144.0,189.0,388.0,291.0,held,nan,nan,nan,nan,,nan,0,nan,nan,nan,INITIALIZING,0.0,0.0,0.0,15.405559834631337,0,0,0,0.0,0.0,1.0,0,0,0,0,0,0,0,DISABLED,nan,0,-1,0,0.0,0
1124,94.9488455440005,nan,nan,nan,nan,nan,nan,nan,nan,144.0,189.0,388.0,291.0,held,nan,nan,nan,nan,,nan,0,nan,nan,nan,INITIALIZING,0.0,0.0,0.0,15.664878866079826,0,0,0,0.0,0.0,1.0,0,0,0,0,0,0,0,DISABLED,nan,0,-1,0,0.0,0
1125,95.0149249640017,nan,nan,nan,nan,nan,nan,nan,nan,144.0,189.0,388.0,291.0,held,nan,nan,nan,nan,,nan,0,nan,nan,nan,INITIALIZING,0.0,0.0,0.0,15.13330474120421,0,0,0,0.0,0.0,1.0,0,0,0,0,0,0,0,DISABLED,nan,0,-1,0,0.0,0
1126,95.08910609799932,nan,nan,nan,nan,nan,nan,nan,nan,144.0,189.0,388.0,291.0,held,nan,nan,nan,nan,,nan,0,nan,nan,nan,INITIALIZING,0.0,0.0,0.0,13.480516488626268,0,0,0,0.0,0.0,1.0,0,0,0,0,0,0,0,DISABLED,nan,0,-1,0,0.0,0
1127,95.15776079100033,nan,nan,nan,nan,nan,nan,nan,nan,144.0,189.0,388.0,291.0,held,nan,nan,nan,nan,,nan,0,nan,nan,nan,INITIALIZING,0.0,0.0,0.0,14.565646662862742,0,0,0,0.0,0.0,1.0,0,0,0,0,0,0,0,DISABLED,nan,0,-1,0,0.0,0
1128,95.22011157499946,nan,nan,nan,nan,nan,nan,nan,nan,144.0,189.0,388.0,291.0,held,nan,nan,nan,nan,,nan,0,nan,nan,nan,INITIALIZING,0.0,0.0,0.0,16.03829071361563,0,0,0,0.0,0.0,1.0,0,0,0,0,0,0,0,DISABLED,nan,0,-1,0,0.0,0
1129,95.52119283399952,nan,nan,nan,nan,nan,nan,nan,nan,144.0,189.0,388.0,291.0,held,nan,nan,nan,nan,,nan,0,nan,nan,nan,INITIALIZING,0.0,0.0,0.0,3.3213624897184686,0,0,0,0.0,0.0,1.0,0,0,0,0,0,0,0,DISABLED,nan,0,-1,0,0.0,0
1130,95.5562132970008,nan,nan,nan,nan,nan,nan,nan,nan,144.0,189.0,388.0,291.0,held,nan,nan,nan,nan,,nan,0,nan,nan,nan,INITIALIZING,0.0,0.0,0.0,28.554733841286456,0,0,0,0.0,0.0,1.0,0,0,0,0,0,0,0,DISABLED,nan,0,-1,0,0.0,0
1131,95.61486409300414,nan,nan,nan,nan,nan,nan,nan,nan,144.0,189.0,388.0,291.0,held,nan,nan,nan,nan,,nan,0,nan,nan,nan,INITIALIZING,0.0,0.0,0.0,17.050066975099625,0,0,0,0.0,0.0,1.0,0,0,0,0,0,0,0,DISABLED,nan,0,-1,0,0.0,0
1132,95.68621348900342,nan,nan,nan,nan,nan,nan,nan,nan,144.0,189.0,388.0,291.0,held,nan,nan,nan,nan,,nan,0,nan,nan,nan,INITIALIZING,0.0,0.0,0.0,14.01553560467599,0,0,0,0.0,0.0,1.0,0,0,0,0,0,0,0,DISABLED,nan,0,-1,0,0.0,0
1133,95.75322168200364,nan,nan,nan,nan,nan,nan,nan,nan,144.0,189.0,388.0,291.0,held,nan,nan,nan,nan,,nan,0,nan,nan,nan,INITIALIZING,0.0,0.0,0.0,14.923548229344439,0,0,0,0.0,0.0,1.0,0,0,0,0,0,0,0,DISABLED,nan,0,-1,0,0.0,0
1134,95.8185360300049,nan,nan,nan,nan,nan,nan,nan,nan,144.0,189.0,388.0,291.0,held,nan,nan,nan,nan,,nan,0,nan,nan,nan,INITIALIZING,0.0,0.0,0.0,15.310571575798603,0,0,0,0.0,0.0,1.0,0,0,0,0,0,0,0,DISABLED,nan,0,-1,0,0.0,0
1135,95.90260001600109,nan,nan,nan,nan,nan,nan,nan,nan,144.0,189.0,388.0,291.0,held,nan,nan,nan,nan,,nan,0,nan,nan,nan,INITIALIZING,0.0,0.0,0.0,11.895700497064556,0,0,0,0.0,0.0,1.0,0,0,0,0,0,0,0,DISABLED,nan,0,-1,0,0.0,0
1136,95.96151753800223,nan,nan,nan,nan,nan,nan,nan,nan,144.0,189.0,388.0,291.0,held,nan,nan,nan,nan,,nan,0,nan,nan,nan,INITIALIZING,0.0,0.0,0.0,16.972879476850327,0,0,0,0.0,0.0,1.0,0,0,0,0,0,0,0,DISABLED,nan,0,-1,0,0.0,0
1137,96.01492637900083,nan,nan,nan,nan,nan,nan,nan,nan,144.0,189.0,388.0,291.0,held,nan,nan,nan,nan,,nan,0,nan,nan,nan,INITIALIZING,0.0,0.0,0.0,18.72349186581707,0,0,0,0.0,0.0,1.0,0,0,0,0,0,0,0,DISABLED,nan,0,-1,0,0.0,0
1138,96.08754476500326,nan,nan,nan,nan,nan,nan,nan,nan,144.0,189.0,388.0,291.0,held,nan,nan,nan,nan,,nan,0,nan,nan,nan,INITIALIZING,0.0,0.0,0.0,13.770617264428166,0,0,0,0.0,0.0,1.0,0,0,0,0,0,0,0,DISABLED,nan,0,-1,0,0.0,0
1139,96.15070166400255,nan,nan,nan,nan,nan,nan,nan,nan,144.0,189.0,388.0,291.0,held,nan,nan,nan,nan,,nan,0,nan,nan,nan,INITIALIZING,0.0,0.0,0.0,15.833582963139976,0,0,0,0.0,0.0,1.0,0,0,0,0,0,0,0,DISABLED,nan,0,-1,0,0.0,0
1140,96.22016642900417,nan,nan,nan,nan,nan,nan,nan,nan,144.0,189.0,388.0,291.0,held,nan,nan,nan,nan,,nan,0,nan,nan,nan,INITIALIZING,0.0,0.0,0.0,14.39578756189257,0,0,0,0.0,0.0,1.0,0,0,0,0,0,0,0,DISABLED,nan,0,-1,0,0.0,0
1141,96.28485232400271,nan,nan,nan,nan,nan,nan,nan,nan,144.0,189.0,388.0,291.0,held,nan,nan,nan,nan,,nan,0,nan,nan,nan,INITIALIZING,0.0,0.0,0.0,15.459320768808409,0,0,0,0.0,0.0,1.0,0,0,0,0,0,0,0,DISABLED,nan,0,-1,0,0.0,0
1142,96.35569264500373,nan,nan,nan,nan,nan,nan,nan,nan,144.0,189.0,388.0,291.0,held,nan,nan,nan,nan,,nan,0,nan,nan,nan,INITIALIZING,0.0,0.0,0.0,14.116254498418726,0,0,0,0.0,0.0,1.0,0,0,0,0,0,0,0,DISABLED,nan,0,-1,0,0.0,0
1143,96.42050078300235,nan,nan,nan,nan,nan,nan,nan,nan,144.0,189.0,388.0,291.0,held,nan,nan,nan,nan,,nan,0,nan,nan,nan,INITIALIZING,0.0,0.0,0.0,15.430160947089915,0,0,0,0.0,0.0,1.0,0,0,0,0,0,0,0,DISABLED,nan,0,-1,0,0.0,0
1144,96.48487766000471,nan,nan,nan,nan,nan,nan,nan,nan,144.0,189.0,388.0,291.0,held,nan,nan,nan,nan,,nan,0,nan,nan,nan,INITIALIZING,0.0,0.0,0.0,15.533527666515159,0,0,0,0.0,0.0,1.0,0,0,0,0,0,0,0,DISABLED,nan,0,-1,0,0.0,0
1145,96.55331729500176,nan,nan,nan,nan,nan,nan,nan,nan,144.0,189.0,388.0,291.0,held,nan,nan,nan,nan,,nan,0,nan,nan,nan,INITIALIZING,0.0,0.0,0.0,14.611416323934614,0,0,0,0.0,0.0,1.0,0,0,0,0,0,0,0,DISABLED,nan,0,-1,0,0.0,0
1146,96.62206287599838,nan,nan,nan,nan,nan,nan,nan,nan,144.0,189.0,388.0,291.0,held,nan,nan,nan,nan,,nan,0,nan,nan,nan,INITIALIZING,0.0,0.0,0.0,14.546389535193157,0,0,0,0.0,0.0,1.0,0,0,0,0,0,0,0,DISABLED,nan,0,-1,0,0.0,0
1147,96.68316503499955,nan,nan,nan,nan,nan,nan,nan,nan,144.0,189.0,388.0,291.0,held,nan,nan,nan,nan,,nan,0,nan,nan,nan,INITIALIZING,0.0,0.0,0.0,16.36603380873853,0,0,0,0.0,0.0,1.0,0,0,0,0,0,0,0,DISABLED,nan,0,-1,0,0.0,0
1148,96.75257120500464,nan,nan,nan,nan,nan,nan,nan,nan,144.0,189.0,388.0,291.0,held,nan,nan,nan,nan,,nan,0,nan,nan,nan,INITIALIZING,0.0,0.0,0.0,14.407940964421302,0,0,0,0.0,0.0,1.0,0,0,0,0,0,0,0,DISABLED,nan,0,-1,0,0.0,0
1149,96.82634149600199,nan,nan,nan,nan,nan,nan,nan,nan,144.0,189.0,388.0,291.0,held,nan,nan,nan,nan,,nan,0,nan,nan,nan,INITIALIZING,0.0,0.0,0.0,13.555592454366082,0,0,0,0.0,0.0,1.0,0,0,0,0,0,0,0,DISABLED,nan,0,-1,0,0.0,0
1150,96.88554610700521,nan,nan,nan,nan,nan,nan,nan,nan,144.0,189.0,388.0,291.0,held,nan,nan,nan,nan,,nan,0,nan,nan,nan,INITIALIZING,0.0,0.0,0.0,16.89057630909086,0,0,0,0.0,0.0,1.0,0,0,0,0,0,0,0,DISABLED,nan,0,-1,0,0.0,0
1151,96.95211793500494,nan,nan,nan,nan,nan,nan,nan,nan,144.0,189.0,388.0,291.0,held,nan,nan,nan,nan,,nan,0,nan,nan,nan,INITIALIZING,0.0,0.0,0.0,15.021369099315582,0,0,0,0.0,0.0,1.0,0,0,0,0,0,0,0,DISABLED,nan,0,-1,0,0.0,0
1152,97.01852153000073,nan,nan,nan,nan,nan,nan,nan,nan,144.0,189.0,388.0,291.0,held,nan,nan,nan,nan,,nan,0,nan,nan,nan,INITIALIZING,0.0,0.0,0.0,15.05942562391977,0,0,0,0.0,0.0,1.0,0,0,0,0,0,0,0,DISABLED,nan,0,-1,0,0.0,0
1153,97.09567768600391,nan,nan,nan,nan,nan,nan,nan,nan,144.0,189.0,388.0,291.0,held,nan,nan,nan,nan,,nan,0,nan,nan,nan,INITIALIZING,0.0,0.0,0.0,12.960728628817785,0,0,0,0.0,0.0,1.0,0,0,0,0,0,0,0,DISABLED,nan,0,-1,0,0.0,0
1154,97.164349931998,nan,nan,nan,nan,nan,nan,nan,nan,144.0,189.0,388.0,291.0,held,nan,nan,nan,nan,,nan,0,nan,nan,nan,INITIALIZING,0.0,0.0,0.0,14.561923605731568,0,0,0,0.0,0.0,1.0,0,0,0,0,0,0,0,DISABLED,nan,0,-1,0,0.0,0
1155,97.22267280300002,nan,nan,nan,nan,nan,nan,nan,nan,144.0,189.0,388.0,291.0,held,nan,nan,nan,nan,,nan,0,nan,nan,nan,INITIALIZING,0.0,0.0,0.0,17.1459323387111,0,0,0,0.0,0.0,1.0,0,0,0,0,0,0,0,DISABLED,nan,0,-1,0,0.0,0
1156,97.28805543400085,nan,nan,nan,nan,nan,nan,nan,nan,144.0,189.0,388.0,291.0,held,nan,nan,nan,nan,,nan,0,nan,nan,nan,INITIALIZING,0.0,0.0,0.0,15.294581828426384,0,0,0,0.0,0.0,1.0,0,0,0,0,0,0,0,DISABLED,nan,0,-1,0,0.0,0
1157,97.3513707220045,nan,nan,nan,nan,nan,nan,nan,nan,144.0,189.0,388.0,291.0,held,nan,nan,nan,nan,,nan,0,nan,nan,nan,INITIALIZING,0.0,0.0,0.0,15.79397380206727,0,0,0,0.0,0.0,1.0,0,0,0,0,0,0,0,DISABLED,nan,0,-1,0,0.0,0
1158,97.41966696899908,nan,nan,nan,nan,nan,nan,nan,nan,144.0,189.0,388.0,291.0,held,nan,nan,nan,nan,,nan,0,nan,nan,nan,INITIALIZING,0.0,0.0,0.0,14.64209299933263,0,0,0,0.0,0.0,1.0,0,0,0,0,0,0,0,DISABLED,nan,0,-1,0,0.0,0
1159,97.48267042600492,nan,nan,nan,nan,nan,nan,nan,nan,144.0,189.0,388.0,291.0,held,nan,nan,nan,nan,,nan,0,nan,nan,nan,INITIALIZING,0.0,0.0,0.0,15.872144919085926,0,0,0,0.0,0.0,1.0,0,0,0,0,0,0,0,DISABLED,nan,0,-1,0,0.0,0
1160,97.55302750500414,nan,nan,nan,nan,nan,nan,nan,nan,144.0,189.0,388.0,291.0,held,nan,nan,nan,nan,,nan,0,nan,nan,nan,INITIALIZING,0.0,0.0,0.0,14.21321086981237,0,0,0,0.0,0.0,1.0,0,0,0,0,0,0,0,DISABLED,nan,0,-1,0,0.0,0
1161,97.62076587299816,nan,nan,nan,nan,nan,nan,nan,nan,144.0,189.0,388.0,291.0,held,nan,nan,nan,nan,,nan,0,nan,nan,nan,INITIALIZING,0.0,0.0,0.0,14.762682208231068,0,0,0,0.0,0.0,1.0,0,0,0,0,0,0,0,DISABLED,nan,0,-1,0,0.0,0
1162,97.68493211999885,nan,nan,nan,nan,nan,nan,nan,nan,144.0,189.0,388.0,291.0,held,nan,nan,nan,nan,,nan,0,nan,nan,nan,INITIALIZING,0.0,0.0,0.0,15.584517511041673,0,0,0,0.0,0.0,1.0,0,0,0,0,0,0,0,DISABLED,nan,0,-1,0,0.0,0
1163,97.75244735700107,nan,nan,nan,nan,nan,nan,nan,nan,144.0,189.0,388.0,291.0,held,nan,nan,nan,nan,,nan,0,nan,nan,nan,INITIALIZING,0.0,0.0,0.0,14.811471371522087,0,0,0,0.0,0.0,1.0,0,0,0,0,0,0,0,DISABLED,nan,0,-1,0,0.0,0
1164,97.81846474399936,nan,nan,nan,nan,nan,nan,nan,nan,144.0,189.0,388.0,291.0,held,nan,nan,nan,nan,,nan,0,nan,nan,nan,INITIALIZING,0.0,0.0,0.0,15.147524697183368,0,0,0,0.0,0.0,1.0,0,0,0,0,0,0,0,DISABLED,nan,0,-1,0,0.0,0
1165,97.89802122100082,nan,nan,nan,nan,nan,nan,nan,nan,144.0,189.0,388.0,291.0,held,nan,nan,nan,nan,,nan,0,nan,nan,nan,INITIALIZING,0.0,0.0,0.0,12.56968681483519,0,0,0,0.0,0.0,1.0,0,0,0,0,0,0,0,DISABLED,nan,0,-1,0,0.0,0
1166,97.96736702500493,nan,nan,nan,nan,nan,nan,nan,nan,144.0,189.0,388.0,291.0,held,nan,nan,nan,nan,,nan,0,nan,nan,nan,INITIALIZING,0.0,0.0,0.0,14.420483176468167,0,0,0,0.0,0.0,1.0,0,0,0,0,0,0,0,DISABLED,nan,0,-1,0,0.0,0
1167,98.02203694000491,nan,nan,nan,nan,nan,nan,nan,nan,144.0,189.0,388.0,291.0,held,nan,nan,nan,nan,,nan,0,nan,nan,nan,INITIALIZING,0.0,0.0,0.0,18.29159602681704,0,0,0,0.0,0.0,1.0,0,0,0,0,0,0,0,DISABLED,nan,0,-1,0,0.0,0
1168,98.41589985199971,nan,nan,nan,nan,nan,nan,nan,nan,144.0,189.0,388.0,291.0,held,nan,nan,nan,nan,,nan,0,nan,nan,nan,INITIALIZING,0.0,0.0,0.0,2.5389544675209175,0,0,0,0.0,0.0,1.0,0,0,0,0,0,0,0,DISABLED,nan,0,-1,0,0.0,0
1169,98.43872990400268,nan,nan,nan,nan,nan,nan,nan,nan,144.0,189.0,388.0,291.0,held,nan,nan,nan,nan,,nan,0,nan,nan,nan,INITIALIZING,0.0,0.0,0.0,43.801915119149086,0,0,0,0.0,0.0,1.0,0,0,0,0,0,0,0,DISABLED,nan,0,-1,0,0.0,0
1170,102.90862429600384,nan,nan,nan,nan,nan,nan,nan,nan,144.0,189.0,388.0,291.0,held,nan,nan,nan,nan,,nan,0,nan,nan,nan,INITIALIZING,0.0,0.0,0.0,0.22371893210486,0,0,0,0.0,0.0,1.0,0,0,0,0,0,0,0,DISABLED,nan,0,-1,0,0.0,0
1171,102.95706546099973,nan,nan,nan,nan,nan,nan,nan,nan,144.0,189.0,388.0,291.0,held,nan,nan,nan,nan,,nan,0,nan,nan,nan,INITIALIZING,0.0,0.0,0.0,20.643599304120478,0,0,0,0.0,0.0,1.0,0,0,0,0,0,0,0,DISABLED,nan,0,-1,0,0.0,0
1172,103.02329524900415,nan,nan,nan,nan,nan,nan,nan,nan,144.0,189.0,388.0,291.0,held,nan,nan,nan,nan,,nan,0,nan,nan,nan,INITIALIZING,0.0,0.0,0.0,15.098946110672317,0,0,0,0.0,0.0,1.0,0,0,0,0,0,0,0,DISABLED,nan,0,-1,0,0.0,0
1173,103.091389772002,nan,nan,nan,nan,nan,nan,nan,nan,144.0,189.0,388.0,291.0,held,nan,nan,nan,nan,,nan,0,nan,nan,nan,INITIALIZING,0.0,0.0,0.0,14.68546890374024,0,0,0,0.0,0.0,1.0,0,0,0,0,0,0,0,DISABLED,nan,0,-1,0,0.0,0
1174,103.15899584499857,nan,nan,nan,nan,nan,nan,nan,nan,144.0,189.0,388.0,291.0,held,nan,nan,nan,nan,,nan,0,nan,nan,nan,INITIALIZING,0.0,0.0,0.0,14.79157057459555,0,0,0,0.0,0.0,1.0,0,0,0,0,0,0,0,DISABLED,nan,0,-1,0,0.0,0
1175,103.32527168700472,nan,nan,nan,nan,nan,nan,nan,nan,144.0,189.0,388.0,291.0,held,nan,nan,nan,nan,,nan,0,nan,nan,nan,INITIALIZING,0.0,0.0,0.0,6.014102758012505,0,0,0,0.0,0.0,1.0,0,0,0,0,0,0,0,DISABLED,nan,0,-1,0,0.0,0
1176,103.35956223600078,nan,nan,nan,nan,nan,nan,nan,nan,144.0,189.0,388.0,291.0,held,nan,nan,nan,nan,,nan,0,nan,nan,nan,INITIALIZING,0.0,0.0,0.0,29.16255438531041,0,0,0,0.0,0.0,1.0,0,0,0,0,0,0,0,DISABLED,nan,0,-1,0,0.0,0
1177,103.4233698800017,nan,nan,nan,nan,nan,nan,nan,nan,144.0,189.0,388.0,291.0,held,nan,nan,nan,nan,,nan,0,nan,nan,nan,INITIALIZING,0.0,0.0,0.0,15.67210348630997,0,0,0,0.0,0.0,1.0,0,0,0,0,0,0,0,DISABLED,nan,0,-1,0,0.0,0
1178,103.4905162540017,nan,nan,nan,nan,nan,nan,nan,nan,144.0,189.0,388.0,291.0,held,nan,nan,nan,nan,,nan,0,nan,nan,nan,INITIALIZING,0.0,0.0,0.0,14.892836953488315,0,0,0,0.0,0.0,1.0,0,0,0,0,0,0,0,DISABLED,nan,0,-1,0,0.0,0
1179,103.55953897700238,nan,nan,nan,nan,nan,nan,nan,nan,144.0,189.0,388.0,291.0,held,nan,nan,nan,nan,,nan,0,nan,nan,nan,INITIALIZING,0.0,0.0,0.0,14.487982457462232,0,0,0,0.0,0.0,1.0,0,0,0,0,0,0,0,DISABLED,nan,0,-1,0,0.0,0
1180,103.62368074400001,nan,nan,nan,nan,nan,nan,nan,nan,144.0,189.0,388.0,291.0,held,nan,nan,nan,nan,,nan,0,nan,nan,nan,INITIALIZING,0.0,0.0,0.0,15.590465414475583,0,0,0,0.0,0.0,1.0,0,0,0,0,0,0,0,DISABLED,nan,0,-1,0,0.0,0
1181,103.69154083399917,nan,nan,nan,nan,nan,nan,nan,nan,144.0,189.0,388.0,291.0,held,nan,nan,nan,nan,,nan,0,nan,nan,nan,INITIALIZING,0.0,0.0,0.0,14.736202088921615,0,0,0,0.0,0.0,1.0,0,0,0,0,0,0,0,DISABLED,nan,0,-1,0,0.0,0
1182,103.75956863600004,nan,nan,nan,nan,nan,nan,nan,nan,144.0,189.0,388.0,291.0,held,nan,nan,nan,nan,,nan,0,nan,nan,nan,INITIALIZING,0.0,0.0,0.0,14.699872266741929,0,0,0,0.0,0.0,1.0,0,0,0,0,0,0,0,DISABLED,nan,0,-1,0,0.0,0
1183,103.82356128500396,nan,nan,nan,nan,nan,nan,nan,nan,144.0,189.0,388.0,291.0,held,nan,nan,nan,nan,,nan,0,nan,nan,nan,INITIALIZING,0.0,0.0,0.0,15.62679488293599,0,0,0,0.0,0.0,1.0,0,0,0,0,0,0,0,DISABLED,nan,0,-1,0,0.0,0
1184,103.89150726200023,nan,nan,nan,nan,nan,nan,nan,nan,144.0,189.0,388.0,291.0,held,nan,nan,nan,nan,,nan,0,nan,nan,nan,INITIALIZING,0.0,0.0,0.0,14.717574817636217,0,0,0,0.0,0.0,1.0,0,0,0,0,0,0,0,DISABLED,nan,0,-1,0,0.0,0
1185,103.95907593900483,nan,nan,nan,nan,nan,nan,nan,nan,144.0,189.0,388.0,291.0,held,nan,nan,nan,nan,,nan,0,nan,nan,nan,INITIALIZING,0.0,0.0,0.0,14.799756992902218,0,0,0,0.0,0.0,1.0,0,0,0,0,0,0,0,DISABLED,nan,0,-1,0,0.0,0
1186,104.02268477599864,nan,nan,nan,nan,nan,nan,nan,nan,144.0,189.0,388.0,291.0,held,nan,nan,nan,nan,,nan,0,nan,nan,nan,INITIALIZING,0.0,0.0,0.0,15.721086051256465,0,0,0,0.0,0.0,1.0,0,0,0,0,0,0,0,DISABLED,nan,0,-1,0,0.0,0
1187,104.09147988900077,nan,nan,nan,nan,nan,nan,nan,nan,144.0,189.0,388.0,291.0,held,nan,nan,nan,nan,,nan,0,nan,nan,nan,INITIALIZING,0.0,0.0,0.0,14.535916235345313,0,0,0,0.0,0.0,1.0,0,0,0,0,0,0,0,DISABLED,nan,0,-1,0,0.0,0
1188,104.15890512400074,nan,nan,nan,nan,nan,nan,nan,nan,144.0,189.0,388.0,291.0,held,nan,nan,nan,nan,,nan,0,nan,nan,nan,INITIALIZING,0.0,0.0,0.0,14.83124233827877,0,0,0,0.0,0.0,1.0,0,0,0,0,0,0,0,DISABLED,nan,0,-1,0,0.0,0
1189,104.22317527999985,nan,nan,nan,nan,nan,nan,nan,nan,144.0,189.0,388.0,291.0,held,nan,nan,nan,nan,,nan,0,nan,nan,nan,INITIALIZING,0.0,0.0,0.0,15.559321188108397,0,0,0,0.0,0.0,1.0,0,0,0,0,0,0,0,DISABLED,nan,0,-1,0,0.0,0
1190,104.29972314000042,nan,nan,nan,nan,nan,nan,nan,nan,144.0,189.0,388.0,291.0,held,nan,nan,nan,nan,,nan,0,nan,nan,nan,INITIALIZING,0.0,0.0,0.0,13.063722486722778,0,0,0,0.0,0.0,1.0,0,0,0,0,0,0,0,DISABLED,nan,0,-1,0,0.0,0
1191,104.36060847100453,nan,nan,nan,nan,nan,nan,nan,nan,144.0,189.0,388.0,291.0,held,nan,nan,nan,nan,,nan,0,nan,nan,nan,INITIALIZING,0.0,0.0,0.0,16.42431737675268,0,0,0,0.0,0.0,1.0,0,0,0,0,0,0,0,DISABLED,nan,0,-1,0,0.0,0
1192,104.42760864300362,nan,nan,nan,nan,nan,nan,nan,nan,144.0,189.0,388.0,291.0,held,nan,nan,nan,nan,,nan,0,nan,nan,nan,INITIALIZING,0.0,0.0,0.0,14.92533481874443,0,0,0,0.0,0.0,1.0,0,0,0,0,0,0,0,DISABLED,nan,0,-1,0,0.0,0
1193,104.49843474500085,nan,nan,nan,nan,nan,nan,nan,nan,144.0,189.0,388.0,291.0,held,nan,nan,nan,nan,,nan,0,nan,nan,nan,INITIALIZING,0.0,0.0,0.0,14.119088468812713,0,0,0,0.0,0.0,1.0,0,0,0,0,0,0,0,DISABLED,nan,0,-1,0,0.0,0
1194,106.05571010600397,nan,nan,nan,nan,nan,nan,nan,nan,144.0,189.0,388.0,291.0,held,nan,nan,nan,nan,,nan,0,nan,nan,nan,INITIALIZING,0.0,0.0,0.0,0.6421471918465649,0,0,0,0.0,0.0,1.0,0,0,0,0,0,0,0,DISABLED,nan,0,-1,0,0.0,0
1195,106.0988631690052,nan,nan,nan,nan,nan,nan,nan,nan,144.0,189.0,388.0,291.0,held,nan,nan,nan,nan,,nan,0,nan,nan,nan,INITIALIZING,0.0,0.0,0.0,23.17332607355249,0,0,0,0.0,0.0,1.0,0,0,0,0,0,0,0,DISABLED,nan,0,-1,0,0.0,0
1196,106.15994308800146,nan,nan,nan,nan,nan,nan,nan,nan,144.0,189.0,388.0,291.0,held,nan,nan,nan,nan,,nan,0,nan,nan,nan,INITIALIZING,0.0,0.0,0.0,16.371992897719654,0,0,0,0.0,0.0,1.0,0,0,0,0,0,0,0,DISABLED,nan,0,-1,0,0.0,0
1197,106.22661903400149,nan,nan,nan,nan,nan,nan,nan,nan,144.0,189.0,388.0,291.0,held,nan,nan,nan,nan,,nan,0,nan,nan,nan,INITIALIZING,0.0,0.0,0.0,14.997912440560171,0,0,0,0.0,0.0,1.0,0,0,0,0,0,0,0,DISABLED,nan,0,-1,0,0.0,0
1198,106.29727455800457,nan,nan,nan,nan,nan,nan,nan,nan,144.0,189.0,388.0,291.0,held,nan,nan,nan,nan,,nan,0,nan,nan,nan,INITIALIZING,0.0,0.0,0.0,14.153175057569662,0,0,0,0.0,0.0,1.0,0,0,0,0,0,0,0,DISABLED,nan,0,-1,0,0.0,0
1199,106.36177888700331,nan,nan,nan,nan,nan,nan,nan,nan,144.0,189.0,388.0,291.0,held,nan,nan,nan,nan,,nan,0,nan,nan,nan,INITIALIZING,0.0,0.0,0.0,15.502835476663583,0,0,0,0.0,0.0,1.0,0,0,0,0,0,0,0,DISABLED,nan,0,-1,0,0.0,0
1200,113.29140626599838,nan,nan,nan,nan,nan,nan,nan,nan,144.0,189.0,388.0,291.0,held,nan,nan,nan,nan,,nan,0,nan,nan,nan,INITIALIZING,0.0,0.0,0.0,0.14430790363002463,0,0,0,0.0,0.0,1.0,0,0,0,0,0,0,0,DISABLED,nan,0,-1,0,0.0,0
1201,113.30803777700203,nan,nan,nan,nan,nan,nan,nan,nan,144.0,189.0,388.0,291.0,held,nan,nan,nan,nan,,nan,0,nan,nan,nan,INITIALIZING,0.0,0.0,0.0,60.12682791000827,0,0,0,0.0,0.0,1.0,0,0,0,0,0,0,0,DISABLED,nan,0,-1,0,0.0,0
1202,113.3683876790019,nan,nan,nan,nan,nan,nan,nan,nan,144.0,189.0,388.0,291.0,held,nan,nan,nan,nan,,nan,0,nan,nan,nan,INITIALIZING,0.0,0.0,0.0,16.570035192470424,0,0,0,0.0,0.0,1.0,0,0,0,0,0,0,0,DISABLED,nan,0,-1,0,0.0,0
1203,113.43734763999964,nan,nan,nan,nan,nan,nan,nan,nan,144.0,189.0,388.0,291.0,held,nan,nan,nan,nan,,nan,0,nan,nan,nan,INITIALIZING,0.0,0.0,0.0,14.501168294348386,0,0,0,0.0,0.0,1.0,0,0,0,0,0,0,0,DISABLED,nan,0,-1,0,0.0,0
1204,113.51165044400113,nan,nan,nan,nan,nan,nan,nan,nan,144.0,189.0,388.0,291.0,held,nan,nan,nan,nan,,nan,0,nan,nan,nan,INITIALIZING,0.0,0.0,0.0,13.458442294855239,0,0,0,0.0,0.0,1.0,0,0,0,0,0,0,0,DISABLED,nan,0,-1,0,0.0,0
1205,113.57811346700328,nan,nan,nan,nan,nan,nan,nan,nan,144.0,189.0,388.0,291.0,held,nan,nan,nan,nan,,nan,0,nan,nan,nan,INITIALIZING,0.0,0.0,0.0,15.04596021712338,0,0,0,0.0,0.0,1.0,0,0,0,0,0,0,0,DISABLED,nan,0,-1,0,0.0,0
1206,113.63909770700411,nan,nan,nan,nan,nan,nan,nan,nan,144.0,189.0,388.0,291.0,held,nan,nan,nan,nan,,nan,0,nan,nan,nan,INITIALIZING,0.0,0.0,0.0,16.39767913786108,0,0,0,0.0,0.0,1.0,0,0,0,0,0,0,0,DISABLED,nan,0,-1,0,0.0,0
1207,113.70793558200239,nan,nan,nan,nan,nan,nan,nan,nan,144.0,189.0,388.0,291.0,held,nan,nan,nan,nan,,nan,0,nan,nan,nan,INITIALIZING,0.0,0.0,0.0,14.526886543563142,0,0,0,0.0,0.0,1.0,0,0,0,0,0,0,0,DISABLED,nan,0,-1,0,0.0,0
1208,113.76729821900517,nan,nan,nan,nan,nan,nan,nan,nan,144.0,189.0,388.0,291.0,held,nan,nan,nan,nan,,nan,0,nan,nan,nan,INITIALIZING,0.0,0.0,0.0,16.84561283814273,0,0,0,0.0,0.0,1.0,0,0,0,0,0,0,0,DISABLED,nan,0,-1,0,0.0,0
1209,113.85667499500414,nan,nan,nan,nan,nan,nan,nan,nan,144.0,189.0,388.0,291.0,held,nan,nan,nan,nan,,nan,0,nan,nan,nan,INITIALIZING,0.0,0.0,0.0,11.18858885681341,0,0,0,0.0,0.0,1.0,0,0,0,0,0,0,0,DISABLED,nan,0,-1,0,0.0,0
1210,113.90388722300122,nan,nan,nan,nan,nan,nan,nan,nan,144.0,189.0,388.0,291.0,held,nan,nan,nan,nan,,nan,0,nan,nan,nan,INITIALIZING,0.0,0.0,0.0,21.18095337635557,0,0,0,0.0,0.0,1.0,0,0,0,0,0,0,0,DISABLED,nan,0,-1,0,0.0,0
1211,113.96693031600444,nan,nan,nan,nan,nan,nan,nan,nan,144.0,189.0,388.0,291.0,held,nan,nan,nan,nan,,nan,0,nan,nan,nan,INITIALIZING,0.0,0.0,0.0,15.862165898950803,0,0,0,0.0,0.0,1.0,0,0,0,0,0,0,0,DISABLED,nan,0,-1,0,0.0,0
1212,114.03614111700153,nan,nan,nan,nan,nan,nan,nan,nan,144.0,189.0,388.0,291.0,held,nan,nan,nan,nan,,nan,0,nan,nan,nan,INITIALIZING,0.0,0.0,0.0,14.448611858168354,0,0,0,0.0,0.0,1.0,0,0,0,0,0,0,0,DISABLED,nan,0,-1,0,0.0,0
1213,114.1042263690033,nan,nan,nan,nan,nan,nan,nan,nan,144.0,189.0,388.0,291.0,held,nan,nan,nan,nan,,nan,0,nan,nan,nan,INITIALIZING,0.0,0.0,0.0,14.68746858679577,0,0,0,0.0,0.0,1.0,0,0,0,0,0,0,0,DISABLED,nan,0,-1,0,0.0,0
1214,114.16748618700512,nan,nan,nan,nan,nan,nan,nan,nan,144.0,189.0,388.0,291.0,held,nan,nan,nan,nan,,nan,0,nan,nan,nan,INITIALIZING,0.0,0.0,0.0,15.807822905389205,0,0,0,0.0,0.0,1.0,0,0,0,0,0,0,0,DISABLED,nan,0,-1,0,0.0,0
1215,114.23547581199819,nan,nan,nan,nan,nan,nan,nan,nan,144.0,189.0,388.0,291.0,held,nan,nan,nan,nan,,nan,0,nan,nan,nan,INITIALIZING,0.0,0.0,0.0,14.708126425201844,0,0,0,0.0,0.0,1.0,0,0,0,0,0,0,0,DISABLED,nan,0,-1,0,0.0,0
1216,114.30588049699872,nan,nan,nan,nan,nan,nan,nan,nan,144.0,189.0,388.0,291.0,held,nan,nan,nan,nan,,nan,0,nan,nan,nan,INITIALIZING,0.0,0.0,0.0,14.203600229051995,0,0,0,0.0,0.0,1.0,0,0,0,0,0,0,0,DISABLED,nan,0,-1,0,0.0,0
1217,114.37133099500352,nan,nan,nan,nan,nan,nan,nan,nan,144.0,189.0,388.0,291.0,held,nan,nan,nan,nan,,nan,0,nan,nan,nan,INITIALIZING,0.0,0.0,0.0,15.278722553444378,0,0,0,0.0,0.0,1.0,0,0,0,0,0,0,0,DISABLED,nan,0,-1,0,0.0,0
1218,114.44739556100103,nan,nan,nan,nan,nan,nan,nan,nan,144.0,189.0,388.0,291.0,held,nan,nan,nan,nan,,nan,0,nan,nan,nan,INITIALIZING,0.0,0.0,0.0,13.146725901685969,0,0,0,0.0,0.0,1.0,0,0,0,0,0,0,0,DISABLED,nan,0,-1,0,0.0,0
1219,114.51461047900375,nan,nan,nan,nan,nan,nan,nan,nan,144.0,189.0,388.0,291.0,held,nan,nan,nan,nan,,nan,0,nan,nan,nan,INITIALIZING,0.0,0.0,0.0,14.877649630689824,0,0,0,0.0,0.0,1.0,0,0,0,0,0,0,0,DISABLED,nan,0,-1,0,0.0,0
1220,114.56817797000258,nan,nan,nan,nan,nan,nan,nan,nan,144.0,189.0,388.0,291.0,held,nan,nan,nan,nan,,nan,0,nan,nan,nan,INITIALIZING,0.0,0.0,0.0,18.668038792816304,0,0,0,0.0,0.0,1.0,0,0,0,0,0,0,0,DISABLED,nan,0,-1,0,0.0,0
1221,114.65165855699888,nan,nan,nan,nan,nan,nan,nan,nan,144.0,189.0,388.0,291.0,held,nan,nan,nan,nan,,nan,0,nan,nan,nan,INITIALIZING,0.0,0.0,0.0,11.978832875771436,0,0,0,0.0,0.0,1.0,0,0,0,0,0,0,0,DISABLED,nan,0,-1,0,0.0,0
1222,114.70939860100043,nan,nan,nan,nan,nan,nan,nan,nan,144.0,189.0,388.0,291.0,held,nan,nan,nan,nan,,nan,0,nan,nan,nan,INITIALIZING,0.0,0.0,0.0,17.31900308169472,0,0,0,0.0,0.0,1.0,0,0,0,0,0,0,0,DISABLED,nan,0,-1,0,0.0,0
1223,114.77245455900265,nan,nan,nan,nan,nan,nan,nan,nan,144.0,189.0,388.0,291.0,held,nan,nan,nan,nan,,nan,0,nan,nan,nan,INITIALIZING,0.0,0.0,0.0,15.858929618748089,0,0,0,0.0,0.0,1.0,0,0,0,0,0,0,0,DISABLED,nan,0,-1,0,0.0,0
1224,114.83665841200127,nan,nan,nan,nan,nan,nan,nan,nan,144.0,189.0,388.0,291.0,held,nan,nan,nan,nan,,nan,0,nan,nan,nan,INITIALIZING,0.0,0.0,0.0,15.57538922191393,0,0,0,0.0,0.0,1.0,0,0,0,0,0,0,0,DISABLED,nan,0,-1,0,0.0,0
1225,114.90329310599918,nan,nan,nan,nan,nan,nan,nan,nan,144.0,189.0,388.0,291.0,held,nan,nan,nan,nan,,nan,0,nan,nan,nan,INITIALIZING,0.0,0.0,0.0,15.007197302224174,0,0,0,0.0,0.0,1.0,0,0,0,0,0,0,0,DISABLED,nan,0,-1,0,0.0,0
1226,114.96750274000078,nan,nan,nan,nan,nan,nan,nan,nan,144.0,189.0,388.0,291.0,held,nan,nan,nan,nan,,nan,0,nan,nan,nan,INITIALIZING,0.0,0.0,0.0,15.573986918771215,0,0,0,0.0,0.0,1.0,0,0,0,0,0,0,0,DISABLED,nan,0,-1,0,0.0,0
1227,115.03663786200195,nan,nan,nan,nan,nan,nan,nan,nan,144.0,189.0,388.0,291.0,held,nan,nan,nan,nan,,nan,0,nan,nan,nan,INITIALIZING,0.0,0.0,0.0,14.464428080174077,0,0,0,0.0,0.0,1.0,0,0,0,0,0,0,0,DISABLED,nan,0,-1,0,0.0,0
1228,115.1065425859997,nan,nan,nan,nan,nan,nan,nan,nan,144.0,189.0,388.0,291.0,held,nan,nan,nan,nan,,nan,0,nan,nan,nan,INITIALIZING,0.0,0.0,0.0,14.305184868939074,0,0,0,0.0,0.0,1.0,0,0,0,0,0,0,0,DISABLED,nan,0,-1,0,0.0,0
1229,115.18107242700353,nan,nan,nan,nan,nan,nan,nan,nan,144.0,189.0,388.0,291.0,held,nan,nan,nan,nan,,nan,0,nan,nan,nan,INITIALIZING,0.0,0.0,0.0,13.41744442938908,0,0,0,0.0,0.0,1.0,0,0,0,0,0,0,0,DISABLED,nan,0,-1,0,0.0,0
1230,116.0041209129995,nan,nan,nan,nan,nan,nan,nan,nan,144.0,189.0,388.0,291.0,held,nan,nan,nan,nan,,nan,0,nan,nan,nan,INITIALIZING,0.0,0.0,0.0,1.2149952487791806,0,0,0,0.0,0.0,1.0,0,0,0,0,0,0,0,DISABLED,nan,0,-1,0,0.0,0
1231,116.03588285599835,nan,nan,nan,nan,nan,nan,nan,nan,144.0,189.0,388.0,291.0,held,nan,nan,nan,nan,,nan,0,nan,nan,nan,INITIALIZING,0.0,0.0,0.0,31.48421996840803,0,0,0,0.0,0.0,1.0,0,0,0,0,0,0,0,DISABLED,nan,0,-1,0,0.0,0
1232,116.10362299500412,nan,nan,nan,nan,nan,nan,nan,nan,144.0,189.0,388.0,291.0,held,nan,nan,nan,nan,,nan,0,nan,nan,nan,INITIALIZING,0.0,0.0,0.0,14.762296249715568,0,0,0,0.0,0.0,1.0,0,0,0,0,0,0,0,DISABLED,nan,0,-1,0,0.0,0
1233,116.17385725900385,nan,nan,nan,nan,nan,nan,nan,nan,144.0,189.0,388.0,291.0,held,nan,nan,nan,nan,,nan,0,nan,nan,nan,INITIALIZING,0.0,0.0,0.0,14.238064771401982,0,0,0,0.0,0.0,1.0,0,0,0,0,0,0,0,DISABLED,nan,0,-1,0,0.0,0
1234,116.24650663600187,nan,nan,nan,nan,nan,nan,nan,nan,144.0,189.0,388.0,291.0,held,nan,nan,nan,nan,,nan,0,nan,nan,nan,INITIALIZING,0.0,0.0,0.0,13.764742951991455,0,0,0,0.0,0.0,1.0,0,0,0,0,0,0,0,DISABLED,nan,0,-1,0,0.0,0
1235,116.31704976200126,nan,nan,nan,nan,nan,nan,nan,nan,144.0,189.0,388.0,291.0,held,nan,nan,nan,nan,,nan,0,nan,nan,nan,INITIALIZING,0.0,0.0,0.0,14.175725640633015,0,0,0,0.0,0.0,1.0,0,0,0,0,0,0,0,DISABLED,nan,0,-1,0,0.0,0
1236,116.37878193800134,nan,nan,nan,nan,nan,nan,nan,nan,144.0,189.0,388.0,291.0,held,nan,nan,nan,nan,,nan,0,nan,nan,nan,INITIALIZING,0.0,0.0,0.0,16.199007791313573,0,0,0,0.0,0.0,1.0,0,0,0,0,0,0,0,DISABLED,nan,0,-1,0,0.0,0
1237,116.43976747999841,nan,nan,nan,nan,nan,nan,nan,nan,144.0,189.0,388.0,291.0,held,nan,nan,nan,nan,,nan,0,nan,nan,nan,INITIALIZING,0.0,0.0,0.0,16.397329059534222,0,0,0,0.0,0.0,1.0,0,0,0,0,0,0,0,DISABLED,nan,0,-1,0,0.0,0
1238,116.50547308900423,nan,nan,nan,nan,nan,nan,nan,nan,144.0,189.0,388.0,291.0,held,nan,nan,nan,nan,,nan,0,nan,nan,nan,INITIALIZING,0.0,0.0,0.0,15.219400826365652,0,0,0,0.0,0.0,1.0,0,0,0,0,0,0,0,DISABLED,nan,0,-1,0,0.0,0
1239,116.57118364499911,nan,nan,nan,nan,nan,nan,nan,nan,144.0,189.0,388.0,291.0,held,nan,nan,nan,nan,,nan,0,nan,nan,nan,INITIALIZING,0.0,0.0,0.0,15.218255040755842,0,0,0,0.0,0.0,1.0,0,0,0,0,0,0,0,DISABLED,nan,0,-1,0,0.0,0
1240,116.6389385240036,nan,nan,nan,nan,nan,nan,nan,nan,144.0,189.0,388.0,291.0,held,nan,nan,nan,nan,,nan,0,nan,nan,nan,INITIALIZING,0.0,0.0,0.0,14.75908472854972,0,0,0,0.0,0.0,1.0,0,0,0,0,0,0,0,DISABLED,nan,0,-1,0,0.0,0
1241,116.70397906400467,nan,nan,nan,nan,nan,nan,nan,nan,144.0,189.0,388.0,291.0,held,nan,nan,nan,nan,,nan,0,nan,nan,nan,INITIALIZING,0.0,0.0,0.0,15.375026098855265,0,0,0,0.0,0.0,1.0,0,0,0,0,0,0,0,DISABLED,nan,0,-1,0,0.0,0
1242,116.77319934499974,nan,nan,nan,nan,nan,nan,nan,nan,144.0,189.0,388.0,291.0,held,nan,nan,nan,nan,,nan,0,nan,nan,nan,INITIALIZING,0.0,0.0,0.0,14.44663306222698,0,0,0,0.0,0.0,1.0,0,0,0,0,0,0,0,DISABLED,nan,0,-1,0,0.0,0
1243,116.84091484799865,nan,nan,nan,nan,nan,nan,nan,nan,144.0,189.0,388.0,291.0,held,nan,nan,nan,nan,,nan,0,nan,nan,nan,INITIALIZING,0.0,0.0,0.0,14.76766701439293,0,0,0,0.0,0.0,1.0,0,0,0,0,0,0,0,DISABLED,nan,0,-1,0,0.0,0
1244,116.9046574380045,nan,nan,nan,nan,nan,nan,nan,nan,144.0,189.0,388.0,291.0,held,nan,nan,nan,nan,,nan,0,nan,nan,nan,INITIALIZING,0.0,0.0,0.0,15.688098019049532,0,0,0,0.0,0.0,1.0,0,0,0,0,0,0,0,DISABLED,nan,0,-1,0,0.0,0
1245,116.9722158020013,nan,nan,nan,nan,nan,nan,nan,nan,144.0,189.0,388.0,291.0,held,nan,nan,nan,nan,,nan,0,nan,nan,nan,INITIALIZING,0.0,0.0,0.0,14.802016224777658,0,0,0,0.0,0.0,1.0,0,0,0,0,0,0,0,DISABLED,nan,0,-1,0,0.0,0
1246,117.0388685700018,nan,nan,nan,nan,nan,nan,nan,nan,144.0,189.0,388.0,291.0,held,nan,nan,nan,nan,,nan,0,nan,nan,nan,INITIALIZING,0.0,0.0,0.0,15.003127851983253,0,0,0,0.0,0.0,1.0,0,0,0,0,0,0,0,DISABLED,nan,0,-1,0,0.0,0
1247,117.1123555200029,nan,nan,nan,nan,nan,nan,nan,nan,144.0,189.0,388.0,291.0,held,nan,nan,nan,nan,,nan,0,nan,nan,nan,INITIALIZING,0.0,0.0,0.0,13.607858265788256,0,0,0,0.0,0.0,1.0,0,0,0,0,0,0,0,DISABLED,nan,0,-1,0,0.0,0
1248,117.17687052600377,nan,nan,nan,nan,nan,nan,nan,nan,144.0,189.0,388.0,291.0,held,nan,nan,nan,nan,,nan,0,nan,nan,nan,INITIALIZING,0.0,0.0,0.0,15.500269812986517,0,0,0,0.0,0.0,1.0,0,0,0,0,0,0,0,DISABLED,nan,0,-1,0,0.0,0
1249,117.2397817930032,nan,nan,nan,nan,nan,nan,nan,nan,144.0,189.0,388.0,291.0,held,nan,nan,nan,nan,,nan,0,nan,nan,nan,INITIALIZING,0.0,0.0,0.0,15.895403918807917,0,0,0,0.0,0.0,1.0,0,0,0,0,0,0,0,DISABLED,nan,0,-1,0,0.0,0
1250,117.30548443300358,nan,nan,nan,nan,nan,nan,nan,nan,144.0,189.0,388.0,291.0,held,nan,nan,nan,nan,,nan,0,nan,nan,nan,INITIALIZING,0.0,0.0,0.0,15.220088568651022,0,0,0,0.0,0.0,1.0,0,0,0,0,0,0,0,DISABLED,nan,0,-1,0,0.0,0
1251,117.37117004099855,nan,nan,nan,nan,nan,nan,nan,nan,144.0,189.0,388.0,291.0,held,nan,nan,nan,nan,,nan,0,nan,nan,nan,INITIALIZING,0.0,0.0,0.0,15.224035074420806,0,0,0,0.0,0.0,1.0,0,0,0,0,0,0,0,DISABLED,nan,0,-1,0,0.0,0
1252,117.43911320600455,nan,nan,nan,nan,nan,nan,nan,nan,144.0,189.0,388.0,291.0,held,nan,nan,nan,nan,,nan,0,nan,nan,nan,INITIALIZING,0.0,0.0,0.0,14.71818393964568,0,0,0,0.0,0.0,1.0,0,0,0,0,0,0,0,DISABLED,nan,0,-1,0,0.0,0
1253,117.50917496599868,nan,nan,nan,nan,nan,nan,nan,nan,144.0,189.0,388.0,291.0,held,nan,nan,nan,nan,,nan,0,nan,nan,nan,INITIALIZING,0.0,0.0,0.0,14.273121315875427,0,0,0,0.0,0.0,1.0,0,0,0,0,0,0,0,DISABLED,nan,0,-1,0,0.0,0
1254,117.57977903100254,nan,nan,nan,nan,nan,nan,nan,nan,144.0,189.0,388.0,291.0,held,nan,nan,nan,nan,,nan,0,nan,nan,nan,INITIALIZING,0.0,0.0,0.0,14.1634904441449,0,0,0,0.0,0.0,1.0,0,0,0,0,0,0,0,DISABLED,nan,0,-1,0,0.0,0
1255,117.64958620100515,nan,nan,nan,nan,nan,nan,nan,nan,144.0,189.0,388.0,291.0,held,nan,nan,nan,nan,,nan,0,nan,nan,nan,INITIALIZING,0.0,0.0,0.0,14.325176052297856,0,0,0,0.0,0.0,1.0,0,0,0,0,0,0,0,DISABLED,nan,0,-1,0,0.0,0
1256,117.70474998300051,nan,nan,nan,nan,nan,nan,nan,nan,144.0,189.0,388.0,291.0,held,nan,nan,nan,nan,,nan,0,nan,nan,nan,INITIALIZING,0.0,0.0,0.0,18.127836124145574,0,0,0,0.0,0.0,1.0,0,0,0,0,0,0,0,DISABLED,nan,0,-1,0,0.0,0
1257,117.771356448,nan,nan,nan,nan,nan,nan,nan,nan,144.0,189.0,388.0,291.0,held,nan,nan,nan,nan,,nan,0,nan,nan,nan,INITIALIZING,0.0,0.0,0.0,15.01355761798169,0,0,0,0.0,0.0,1.0,0,0,0,0,0,0,0,DISABLED,nan,0,-1,0,0.0,0
1258,117.84058771800483,nan,nan,nan,nan,nan,nan,nan,nan,144.0,189.0,388.0,291.0,held,nan,nan,nan,nan,,nan,0,nan,nan,nan,INITIALIZING,0.0,0.0,0.0,14.444339962712954,0,0,0,0.0,0.0,1.0,0,0,0,0,0,0,0,DISABLED,nan,0,-1,0,0.0,0
1259,117.90877448300307,nan,nan,nan,nan,nan,nan,nan,nan,144.0,189.0,388.0,291.0,held,nan,nan,nan,nan,,nan,0,nan,nan,nan,INITIALIZING,0.0,0.0,0.0,14.665602628688095,0,0,0,0.0,0.0,1.0,0,0,0,0,0,0,0,DISABLED,nan,0,-1,0,0.0,0
1260,117.98451706200285,nan,nan,nan,nan,nan,nan,nan,nan,144.0,189.0,388.0,291.0,held,nan,nan,nan,nan,,nan,0,nan,nan,nan,INITIALIZING,0.0,0.0,0.0,13.202613552449925,0,0,0,0.0,0.0,1.0,0,0,0,0,0,0,0,DISABLED,nan,0,-1,0,0.0,0
1261,118.05085987399798,nan,nan,nan,nan,nan,nan,nan,nan,144.0,189.0,388.0,291.0,held,nan,nan,nan,nan,,nan,0,nan,nan,nan,INITIALIZING,0.0,0.0,0.0,15.073223005281132,0,0,0,0.0,0.0,1.0,0,0,0,0,0,0,0,DISABLED,nan,0,-1,0,0.0,0
1262,118.10718358099984,nan,nan,nan,nan,nan,nan,nan,nan,144.0,189.0,388.0,291.0,held,nan,nan,nan,nan,,nan,0,nan,nan,nan,INITIALIZING,0.0,0.0,0.0,17.754513209985856,0,0,0,0.0,0.0,1.0,0,0,0,0,0,0,0,DISABLED,nan,0,-1,0,0.0,0
1263,118.1717966100041,nan,nan,nan,nan,nan,nan,nan,nan,144.0,189.0,388.0,291.0,held,nan,nan,nan,nan,,nan,0,nan,nan,nan,INITIALIZING,0.0,0.0,0.0,15.476754695004862,0,0,0,0.0,0.0,1.0,0,0,0,0,0,0,0,DISABLED,nan,0,-1,0,0.0,0
1264,118.25087140899996,nan,nan,nan,nan,nan,nan,nan,nan,144.0,189.0,388.0,291.0,held,nan,nan,nan,nan,,nan,0,nan,nan,nan,INITIALIZING,0.0,0.0,0.0,12.6462540872514,0,0,0,0.0,0.0,1.0,0,0,0,0,0,0,0,DISABLED,nan,0,-1,0,0.0,0
1265,118.30940647300304,nan,nan,nan,nan,nan,nan,nan,nan,144.0,189.0,388.0,291.0,held,nan,nan,nan,nan,,nan,0,nan,nan,nan,INITIALIZING,0.0,0.0,0.0,17.083777339807195,0,0,0,0.0,0.0,1.0,0,0,0,0,0,0,0,DISABLED,nan,0,-1,0,0.0,0
1266,118.37431534300413,nan,nan,nan,nan,nan,nan,nan,nan,144.0,189.0,388.0,291.0,held,nan,nan,nan,nan,,nan,0,nan,nan,nan,INITIALIZING,0.0,0.0,0.0,15.406214897643366,0,0,0,0.0,0.0,1.0,0,0,0,0,0,0,0,DISABLED,nan,0,-1,0,0.0,0
1267,118.47648843000206,nan,nan,nan,nan,nan,nan,nan,nan,144.0,189.0,388.0,291.0,held,nan,nan,nan,nan,,nan,0,nan,nan,nan,INITIALIZING,0.0,0.0,0.0,9.787313170054228,0,0,0,0.0,0.0,1.0,0,0,0,0,0,0,0,DISABLED,nan,0,-1,0,0.0,0
1268,118.51044173099945,nan,nan,nan,nan,nan,nan,nan,nan,144.0,189.0,388.0,291.0,held,nan,nan,nan,nan,,nan,0,nan,nan,nan,INITIALIZING,0.0,0.0,0.0,29.45221732865105,0,0,0,0.0,0.0,1.0,0,0,0,0,0,0,0,DISABLED,nan,0,-1,0,0.0,0
1269,118.58404878800502,nan,nan,nan,nan,nan,nan,nan,nan,144.0,189.0,388.0,291.0,held,nan,nan,nan,nan,,nan,0,nan,nan,nan,INITIALIZING,0.0,0.0,0.0,13.58565388539128,0,0,0,0.0,0.0,1.0,0,0,0,0,0,0,0,DISABLED,nan,0,-1,0,0.0,0
1270,118.64648744000442,nan,nan,nan,nan,nan,nan,nan,nan,144.0,189.0,388.0,291.0,held,nan,nan,nan,nan,,nan,0,nan,nan,nan,INITIALIZING,0.0,0.0,0.0,16.01572051891194,0,0,0,0.0,0.0,1.0,0,0,0,0,0,0,0,DISABLED,nan,0,-1,0,0.0,0
1271,118.71384694400331,nan,nan,nan,nan,nan,nan,nan,nan,144.0,189.0,388.0,291.0,held,nan,nan,nan,nan,,nan,0,nan,nan,nan,INITIALIZING,0.0,0.0,0.0,14.845715016199145,0,0,0,0.0,0.0,1.0,0,0,0,0,0,0,0,DISABLED,nan,0,-1,0,0.0,0
1272,118.77443252800003,nan,nan,nan,nan,nan,nan,nan,nan,144.0,189.0,388.0,291.0,held,nan,nan,nan,nan,,nan,0,nan,nan,nan,INITIALIZING,0.0,0.0,0.0,16.50557664103784,0,0,0,0.0,0.0,1.0,0,0,0,0,0,0,0,DISABLED,nan,0,-1,0,0.0,0
1273,118.84539988400502,nan,nan,nan,nan,nan,nan,nan,nan,144.0,189.0,388.0,291.0,held,nan,nan,nan,nan,,nan,0,nan,nan,nan,INITIALIZING,0.0,0.0,0.0,14.090985719261624,0,0,0,0.0,0.0,1.0,0,0,0,0,0,0,0,DISABLED,nan,0,-1,0,0.0,0
1274,118.91162123499817,nan,nan,nan,nan,nan,nan,nan,nan,144.0,189.0,388.0,291.0,held,nan,nan,nan,nan,,nan,0,nan,nan,nan,INITIALIZING,0.0,0.0,0.0,15.100869810153805,0,0,0,0.0,0.0,1.0,0,0,0,0,0,0,0,DISABLED,nan,0,-1,0,0.0,0
1275,118.97268672700011,nan,nan,nan,nan,nan,nan,nan,nan,144.0,189.0,388.0,291.0,held,nan,nan,nan,nan,,nan,0,nan,nan,nan,INITIALIZING,0.0,0.0,0.0,16.375860853919946,0,0,0,0.0,0.0,1.0,0,0,0,0,0,0,0,DISABLED,nan,0,-1,0,0.0,0
1276,119.04086916900269,nan,nan,nan,nan,nan,nan,nan,nan,144.0,189.0,388.0,291.0,held,nan,nan,nan,nan,,nan,0,nan,nan,nan,INITIALIZING,0.0,0.0,0.0,14.6665324771171,0,0,0,0.0,0.0,1.0,0,0,0,0,0,0,0,DISABLED,nan,0,-1,0,0.0,0
1277,119.11415168700478,nan,nan,nan,nan,nan,nan,nan,nan,144.0,189.0,388.0,291.0,held,nan,nan,nan,nan,,nan,0,nan,nan,nan,INITIALIZING,0.0,0.0,0.0,13.645819320393782,0,0,0,0.0,0.0,1.0,0,0,0,0,0,0,0,DISABLED,nan,0,-1,0,0.0,0
1278,119.17674659199838,nan,nan,nan,nan,nan,nan,nan,nan,144.0,189.0,388.0,291.0,held,nan,nan,nan,nan,,nan,0,nan,nan,nan,INITIALIZING,0.0,0.0,0.0,15.97574115820136,0,0,0,0.0,0.0,1.0,0,0,0,0,0,0,0,DISABLED,nan,0,-1,0,0.0,0
1279,119.24797770399891,nan,nan,nan,nan,nan,nan,nan,nan,144.0,189.0,388.0,291.0,held,nan,nan,nan,nan,,nan,0,nan,nan,nan,INITIALIZING,0.0,0.0,0.0,14.038809333659216,0,0,0,0.0,0.0,1.0,0,0,0,0,0,0,0,DISABLED,nan,0,-1,0,0.0,0
1280,119.30726533900452,nan,nan,nan,nan,nan,nan,nan,nan,144.0,189.0,388.0,291.0,held,nan,nan,nan,nan,,nan,0,nan,nan,nan,INITIALIZING,0.0,0.0,0.0,16.866923430248033,0,0,0,0.0,0.0,1.0,0,0,0,0,0,0,0,DISABLED,nan,0,-1,0,0.0,0
1281,119.3765397360039,nan,nan,nan,nan,nan,nan,nan,nan,144.0,189.0,388.0,291.0,held,nan,nan,nan,nan,,nan,0,nan,nan,nan,INITIALIZING,0.0,0.0,0.0,14.435347593264616,0,0,0,0.0,0.0,1.0,0,0,0,0,0,0,0,DISABLED,nan,0,-1,0,0.0,0
1282,119.43971851000242,nan,nan,nan,nan,nan,nan,nan,nan,144.0,189.0,388.0,291.0,held,nan,nan,nan,nan,,nan,0,nan,nan,nan,INITIALIZING,0.0,0.0,0.0,15.828100748259121,0,0,0,0.0,0.0,1.0,0,0,0,0,0,0,0,DISABLED,nan,0,-1,0,0.0,0
1283,119.50825132500177,nan,nan,nan,nan,nan,nan,nan,nan,144.0,189.0,388.0,291.0,held,nan,nan,nan,nan,,nan,0,nan,nan,nan,INITIALIZING,0.0,0.0,0.0,14.591550048098485,0,0,0,0.0,0.0,1.0,0,0,0,0,0,0,0,DISABLED,nan,0,-1,0,0.0,0
1284,119.57604880999861,nan,nan,nan,nan,nan,nan,nan,nan,144.0,189.0,388.0,291.0,held,nan,nan,nan,nan,,nan,0,nan,nan,nan,INITIALIZING,0.0,0.0,0.0,14.749809672829832,0,0,0,0.0,0.0,1.0,0,0,0,0,0,0,0,DISABLED,nan,0,-1,0,0.0,0
1285,119.64488788300514,nan,nan,nan,nan,nan,nan,nan,nan,144.0,189.0,388.0,291.0,held,nan,nan,nan,nan,,nan,0,nan,nan,nan,INITIALIZING,0.0,0.0,0.0,14.526633731763797,0,0,0,0.0,0.0,1.0,0,0,0,0,0,0,0,DISABLED,nan,0,-1,0,0.0,0
1286,119.70739278600377,nan,nan,nan,nan,nan,nan,nan,nan,144.0,189.0,388.0,291.0,held,nan,nan,nan,nan,,nan,0,nan,nan,nan,INITIALIZING,0.0,0.0,0.0,15.998744930809444,0,0,0,0.0,0.0,1.0,0,0,0,0,0,0,0,DISABLED,nan,0,-1,0,0.0,0
1287,119.78430877999926,nan,nan,nan,nan,nan,nan,nan,nan,144.0,189.0,388.0,291.0,held,nan,nan,nan,nan,,nan,0,nan,nan,nan,INITIALIZING,0.0,0.0,0.0,13.001197124989636,0,0,0,0.0,0.0,1.0,0,0,0,0,0,0,0,DISABLED,nan,0,-1,0,0.0,0
1288,119.84281749000365,nan,nan,nan,nan,nan,nan,nan,nan,144.0,189.0,388.0,291.0,held,nan,nan,nan,nan,,nan,0,nan,nan,nan,INITIALIZING,0.0,0.0,0.0,17.0914723624052,0,0,0,0.0,0.0,1.0,0,0,0,0,0,0,0,DISABLED,nan,0,-1,0,0.0,0
1289,119.90769385900057,nan,nan,nan,nan,nan,nan,nan,nan,144.0,189.0,388.0,291.0,held,nan,nan,nan,nan,,nan,0,nan,nan,nan,INITIALIZING,0.0,0.0,0.0,15.413932922902543,0,0,0,0.0,0.0,1.0,0,0,0,0,0,0,0,DISABLED,nan,0,-1,0,0.0,0
1290,119.97735513999942,nan,nan,nan,nan,nan,nan,nan,nan,144.0,189.0,388.0,291.0,held,nan,nan,nan,nan,,nan,0,nan,nan,nan,INITIALIZING,0.0,0.0,0.0,14.355176730336018,0,0,0,0.0,0.0,1.0,0,0,0,0,0,0,0,DISABLED,nan,0,-1,0,0.0,0
1291,120.04161217100045,nan,nan,nan,nan,nan,nan,nan,nan,144.0,189.0,388.0,291.0,held,nan,nan,nan,nan,,nan,0,nan,nan,nan,INITIALIZING,0.0,0.0,0.0,15.562499300409716,0,0,0,0.0,0.0,1.0,0,0,0,0,0,0,0,DISABLED,nan,0,-1,0,0.0,0
1292,120.11078515800182,nan,nan,nan,nan,nan,nan,nan,nan,144.0,189.0,388.0,291.0,held,nan,nan,nan,nan,,nan,0,nan,nan,nan,INITIALIZING,0.0,0.0,0.0,14.45651031348773,0,0,0,0.0,0.0,1.0,0,0,0,0,0,0,0,DISABLED,nan,0,-1,0,0.0,0
1293,120.18492446800519,nan,nan,nan,nan,nan,nan,nan,nan,144.0,189.0,388.0,291.0,held,nan,nan,nan,nan,,nan,0,nan,nan,nan,INITIALIZING,0.0,0.0,0.0,13.488121213354718,0,0,0,0.0,0.0,1.0,0,0,0,0,0,0,0,DISABLED,nan,0,-1,0,0.0,0
1294,120.25102935799805,nan,nan,nan,nan,nan,nan,nan,nan,144.0,189.0,388.0,291.0,held,nan,nan,nan,nan,,nan,0,nan,nan,nan,INITIALIZING,0.0,0.0,0.0,15.127473929811398,0,0,0,0.0,0.0,1.0,0,0,0,0,0,0,0,DISABLED,nan,0,-1,0,0.0,0
1295,120.31017657300254,nan,nan,nan,nan,nan,nan,nan,nan,144.0,189.0,388.0,291.0,held,nan,nan,nan,nan,,nan,0,nan,nan,nan,INITIALIZING,0.0,0.0,0.0,16.906966793350236,0,0,0,0.0,0.0,1.0,0,0,0,0,0,0,0,DISABLED,nan,0,-1,0,0.0,0
1296,120.37712158800423,nan,nan,nan,nan,nan,nan,nan,nan,144.0,189.0,388.0,291.0,held,nan,nan,nan,nan,,nan,0,nan,nan,nan,INITIALIZING,0.0,0.0,0.0,14.937632024949332,0,0,0,0.0,0.0,1.0,0,0,0,0,0,0,0,DISABLED,nan,0,-1,0,0.0,0
1297,120.44845452500158,nan,nan,nan,nan,nan,nan,nan,nan,144.0,189.0,388.0,291.0,held,nan,nan,nan,nan,,nan,0,nan,nan,nan,INITIALIZING,0.0,0.0,0.0,14.018769478637042,0,0,0,0.0,0.0,1.0,0,0,0,0,0,0,0,DISABLED,nan,0,-1,0,0.0,0
1298,120.511670175998,nan,nan,nan,nan,nan,nan,nan,nan,144.0,189.0,388.0,291.0,held,nan,nan,nan,nan,,nan,0,nan,nan,nan,INITIALIZING,0.0,0.0,0.0,15.818867388655615,0,0,0,0.0,0.0,1.0,0,0,0,0,0,0,0,DISABLED,nan,0,-1,0,0.0,0
1299,120.58555031300057,nan,nan,nan,nan,nan,nan,nan,nan,144.0,189.0,388.0,291.0,held,nan,nan,nan,nan,,nan,0,nan,nan,nan,INITIALIZING,0.0,0.0,0.0,13.535437812809315,0,0,0,0.0,0.0,1.0,0,0,0,0,0,0,0,DISABLED,nan,0,-1,0,0.0,0
1300,120.65423693400226,nan,nan,nan,nan,nan,nan,nan,nan,144.0,189.0,388.0,291.0,held,nan,nan,nan,nan,,nan,0,nan,nan,nan,INITIALIZING,0.0,0.0,0.0,14.558876028788976,0,0,0,0.0,0.0,1.0,0,0,0,0,0,0,0,DISABLED,nan,0,-1,0,0.0,0
1301,120.71063871500519,nan,nan,nan,nan,nan,nan,nan,nan,144.0,189.0,388.0,291.0,held,nan,nan,nan,nan,,nan,0,nan,nan,nan,INITIALIZING,0.0,0.0,0.0,17.729936576790074,0,0,0,0.0,0.0,1.0,0,0,0,0,0,0,0,DISABLED,nan,0,-1,0,0.0,0
1302,120.77595587700489,nan,nan,nan,nan,nan,nan,nan,nan,144.0,189.0,388.0,291.0,held,nan,nan,nan,nan,,nan,0,nan,nan,nan,INITIALIZING,0.0,0.0,0.0,15.309911964708093,0,0,0,0.0,0.0,1.0,0,0,0,0,0,0,0,DISABLED,nan,0,-1,0,0.0,0
1303,120.84543689300335,nan,nan,nan,nan,nan,nan,nan,nan,144.0,189.0,388.0,291.0,held,nan,nan,nan,nan,,nan,0,nan,nan,nan,INITIALIZING,0.0,0.0,0.0,14.392420514146277,0,0,0,0.0,0.0,1.0,0,0,0,0,0,0,0,DISABLED,nan,0,-1,0,0.0,0
1304,120.90729678000207,nan,nan,nan,nan,nan,nan,nan,nan,144.0,189.0,388.0,291.0,held,nan,nan,nan,nan,,nan,0,nan,nan,nan,INITIALIZING,0.0,0.0,0.0,16.165564609271303,0,0,0,0.0,0.0,1.0,0,0,0,0,0,0,0,DISABLED,nan,0,-1,0,0.0,0
1305,120.97702696900524,nan,nan,nan,nan,nan,nan,nan,nan,144.0,189.0,388.0,291.0,held,nan,nan,nan,nan,,nan,0,nan,nan,nan,INITIALIZING,0.0,0.0,0.0,14.340990814675488,0,0,0,0.0,0.0,1.0,0,0,0,0,0,0,0,DISABLED,nan,0,-1,0,0.0,0
1306,121.05291773000499,nan,nan,nan,nan,nan,nan,nan,nan,144.0,189.0,388.0,291.0,held,nan,nan,nan,nan,,nan,0,nan,nan,nan,INITIALIZING,0.0,0.0,0.0,13.1768345293471,0,0,0,0.0,0.0,1.0,0,0,0,0,0,0,0,DISABLED,nan,0,-1,0,0.0,0
1307,121.10954435999884,nan,nan,nan,nan,nan,nan,nan,nan,144.0,189.0,388.0,291.0,held,nan,nan,nan,nan,,nan,0,nan,nan,nan,INITIALIZING,0.0,0.0,0.0,17.659535806893736,0,0,0,0.0,0.0,1.0,0,0,0,0,0,0,0,DISABLED,nan,0,-1,0,0.0,0
1308,121.17691172999912,nan,nan,nan,nan,nan,nan,nan,nan,144.0,189.0,388.0,291.0,held,nan,nan,nan,nan,,nan,0,nan,nan,nan,INITIALIZING,0.0,0.0,0.0,14.843981589244002,0,0,0,0.0,0.0,1.0,0,0,0,0,0,0,0,DISABLED,nan,0,-1,0,0.0,0
1309,121.24483963400417,nan,nan,nan,nan,nan,nan,nan,nan,144.0,189.0,388.0,291.0,held,nan,nan,nan,nan,,nan,0,nan,nan,nan,INITIALIZING,0.0,0.0,0.0,14.7214905957604,0,0,0,0.0,0.0,1.0,0,0,0,0,0,0,0,DISABLED,nan,0,-1,0,0.0,0
1310,121.30741584100178,nan,nan,nan,nan,nan,nan,nan,nan,144.0,189.0,388.0,291.0,held,nan,nan,nan,nan,,nan,0,nan,nan,nan,INITIALIZING,0.0,0.0,0.0,15.980514767186982,0,0,0,0.0,0.0,1.0,0,0,0,0,0,0,0,DISABLED,nan,0,-1,0,0.0,0
1311,121.37721410499944,nan,nan,nan,nan,nan,nan,nan,nan,144.0,189.0,388.0,291.0,held,nan,nan,nan,nan,,nan,0,nan,nan,nan,INITIALIZING,0.0,0.0,0.0,14.32700389272726,0,0,0,0.0,0.0,1.0,0,0,0,0,0,0,0,DISABLED,nan,0,-1,0,0.0,0
1312,121.4471597160009,nan,nan,nan,nan,nan,nan,nan,nan,144.0,189.0,388.0,291.0,held,nan,nan,nan,nan,,nan,0,nan,nan,nan,INITIALIZING,0.0,0.0,0.0,14.296822712423728,0,0,0,0.0,0.0,1.0,0,0,0,0,0,0,0,DISABLED,nan,0,-1,0,0.0,0
1313,121.5153861170038,nan,nan,nan,nan,nan,nan,nan,nan,144.0,189.0,388.0,291.0,held,nan,nan,nan,nan,,nan,0,nan,nan,nan,INITIALIZING,0.0,0.0,0.0,14.657082673281424,0,0,0,0.0,0.0,1.0,0,0,0,0,0,0,0,DISABLED,nan,0,-1,0,0.0,0
1314,121.57642160900286,nan,nan,nan,nan,nan,nan,nan,nan,144.0,189.0,388.0,291.0,held,nan,nan,nan,nan,,nan,0,nan,nan,nan,INITIALIZING,0.0,0.0,0.0,16.383909873542652,0,0,0,0.0,0.0,1.0,0,0,0,0,0,0,0,DISABLED,nan,0,-1,0,0.0,0
1315,121.65019049300463,nan,nan,nan,nan,nan,nan,nan,nan,144.0,189.0,388.0,291.0,held,nan,nan,nan,nan,,nan,0,nan,nan,nan,INITIALIZING,0.0,0.0,0.0,13.55585100048509,0,0,0,0.0,0.0,1.0,0,0,0,0,0,0,0,DISABLED,nan,0,-1,0,0.0,0
1316,121.70732760499959,nan,nan,nan,nan,nan,nan,nan,nan,144.0,189.0,388.0,291.0,held,nan,nan,nan,nan,,nan,0,nan,nan,nan,INITIALIZING,0.0,0.0,0.0,17.501759628456167,0,0,0,0.0,0.0,1.0,0,0,0,0,0,0,0,DISABLED,nan,0,-1,0,0.0,0
1317,121.77608042600332,nan,nan,nan,nan,nan,nan,nan,nan,144.0,189.0,388.0,291.0,held,nan,nan,nan,nan,,nan,0,nan,nan,nan,INITIALIZING,0.0,0.0,0.0,14.544857729485589,0,0,0,0.0,0.0,1.0,0,0,0,0,0,0,0,DISABLED,nan,0,-1,0,0.0,0
1318,121.84516783800063,nan,nan,nan,nan,nan,nan,nan,nan,144.0,189.0,388.0,291.0,held,nan,nan,nan,nan,,nan,0,nan,nan,nan,INITIALIZING,0.0,0.0,0.0,14.47441684512441,0,0,0,0.0,0.0,1.0,0,0,0,0,0,0,0,DISABLED,nan,0,-1,0,0.0,0
1319,121.91099730499991,nan,nan,nan,nan,nan,nan,nan,nan,144.0,189.0,388.0,291.0,held,nan,nan,nan,nan,,nan,0,nan,nan,nan,INITIALIZING,0.0,0.0,0.0,15.190765558089723,0,0,0,0.0,0.0,1.0,0,0,0,0,0,0,0,DISABLED,nan,0,-1,0,0.0,0
1320,121.97505297599855,nan,nan,nan,nan,nan,nan,nan,nan,144.0,189.0,388.0,291.0,held,nan,nan,nan,nan,,nan,0,nan,nan,nan,INITIALIZING,0.0,0.0,0.0,15.611420260061148,0,0,0,0.0,0.0,1.0,0,0,0,0,0,0,0,DISABLED,nan,0,-1,0,0.0,0
1321,122.04801152800064,nan,nan,nan,nan,nan,nan,nan,nan,144.0,189.0,388.0,291.0,held,nan,nan,nan,nan,,nan,0,nan,nan,nan,INITIALIZING,0.0,0.0,0.0,13.706412374677168,0,0,0,0.0,0.0,1.0,0,0,0,0,0,0,0,DISABLED,nan,0,-1,0,0.0,0
1322,122.11577020899858,nan,nan,nan,nan,nan,nan,nan,nan,144.0,189.0,388.0,291.0,held,nan,nan,nan,nan,,nan,0,nan,nan,nan,INITIALIZING,0.0,0.0,0.0,14.758256584575465,0,0,0,0.0,0.0,1.0,0,0,0,0,0,0,0,DISABLED,nan,0,-1,0,0.0,0
1323,122.17796010400343,nan,nan,nan,nan,nan,nan,nan,nan,144.0,189.0,388.0,291.0,held,nan,nan,nan,nan,,nan,0,nan,nan,nan,INITIALIZING,0.0,0.0,0.0,16.079782735153838,0,0,0,0.0,0.0,1.0,0,0,0,0,0,0,0,DISABLED,nan,0,-1,0,0.0,0
1324,122.24906079599896,nan,nan,nan,nan,nan,nan,nan,nan,144.0,189.0,388.0,291.0,held,nan,nan,nan,nan,,nan,0,nan,nan,nan,INITIALIZING,0.0,0.0,0.0,14.06456072274142,0,0,0,0.0,0.0,1.0,0,0,0,0,0,0,0,DISABLED,nan,0,-1,0,0.0,0
1325,122.31249999400461,nan,nan,nan,nan,nan,nan,nan,nan,144.0,189.0,388.0,291.0,held,nan,nan,nan,nan,,nan,0,nan,nan,nan,INITIALIZING,0.0,0.0,0.0,15.763124872904035,0,0,0,0.0,0.0,1.0,0,0,0,0,0,0,0,DISABLED,nan,0,-1,0,0.0,0
1326,122.37927661900176,nan,nan,nan,nan,nan,nan,nan,nan,144.0,189.0,388.0,291.0,held,nan,nan,nan,nan,,nan,0,nan,nan,nan,INITIALIZING,0.0,0.0,0.0,14.975300115013797,0,0,0,0.0,0.0,1.0,0,0,0,0,0,0,0,DISABLED,nan,0,-1,0,0.0,0
1327,122.4442972110046,nan,nan,nan,nan,nan,nan,nan,nan,144.0,189.0,388.0,291.0,held,nan,nan,nan,nan,,nan,0,nan,nan,nan,INITIALIZING,0.0,0.0,0.0,15.379743081335624,0,0,0,0.0,0.0,1.0,0,0,0,0,0,0,0,DISABLED,nan,0,-1,0,0.0,0
1328,122.51576978799858,nan,nan,nan,nan,nan,nan,nan,nan,144.0,189.0,388.0,291.0,held,nan,nan,nan,nan,,nan,0,nan,nan,nan,INITIALIZING,0.0,0.0,0.0,13.991380219635607,0,0,0,0.0,0.0,1.0,0,0,0,0,0,0,0,DISABLED,nan,0,-1,0,0.0,0
1329,122.57940154200332,nan,nan,nan,nan,nan,nan,nan,nan,144.0,189.0,388.0,291.0,held,nan,nan,nan,nan,,nan,0,nan,nan,nan,INITIALIZING,0.0,0.0,0.0,15.715424093533844,0,0,0,0.0,0.0,1.0,0,0,0,0,0,0,0,DISABLED,nan,0,-1,0,0.0,0
1330,122.64707839800394,nan,nan,nan,nan,nan,nan,nan,nan,144.0,189.0,388.0,291.0,held,nan,nan,nan,nan,,nan,0,nan,nan,nan,INITIALIZING,0.0,0.0,0.0,14.776100118937084,0,0,0,0.0,0.0,1.0,0,0,0,0,0,0,0,DISABLED,nan,0,-1,0,0.0,0
1331,122.71897634999914,nan,nan,nan,nan,nan,nan,nan,nan,144.0,189.0,388.0,291.0,held,nan,nan,nan,nan,,nan,0,nan,nan,nan,INITIALIZING,0.0,0.0,0.0,13.908602015072697,0,0,0,0.0,0.0,1.0,0,0,0,0,0,0,0,DISABLED,nan,0,-1,0,0.0,0
1332,122.77715265499864,nan,nan,nan,nan,nan,nan,nan,nan,144.0,189.0,388.0,291.0,held,nan,nan,nan,nan,,nan,0,nan,nan,nan,INITIALIZING,0.0,0.0,0.0,17.1891288043902,0,0,0,0.0,0.0,1.0,0,0,0,0,0,0,0,DISABLED,nan,0,-1,0,0.0,0
1333,122.84474836400477,nan,nan,nan,nan,nan,nan,nan,nan,144.0,189.0,388.0,291.0,held,nan,nan,nan,nan,,nan,0,nan,nan,nan,INITIALIZING,0.0,0.0,0.0,14.793838465535611,0,0,0,0.0,0.0,1.0,0,0,0,0,0,0,0,DISABLED,nan,0,-1,0,0.0,0
1334,122.91163353400043,nan,nan,nan,nan,nan,nan,nan,nan,144.0,189.0,388.0,291.0,held,nan,nan,nan,nan,,nan,0,nan,nan,nan,INITIALIZING,0.0,0.0,0.0,14.950997359577956,0,0,0,0.0,0.0,1.0,0,0,0,0,0,0,0,DISABLED,nan,0,-1,0,0.0,0
1335,122.9771058030019,nan,nan,nan,nan,nan,nan,nan,nan,144.0,189.0,388.0,291.0,held,nan,nan,nan,nan,,nan,0,nan,nan,nan,INITIALIZING,0.0,0.0,0.0,15.27364203579794,0,0,0,0.0,0.0,1.0,0,0,0,0,0,0,0,DISABLED,nan,0,-1,0,0.0,0
1336,123.06652513299923,nan,nan,nan,nan,nan,nan,nan,nan,144.0,189.0,388.0,291.0,held,nan,nan,nan,nan,,nan,0,nan,nan,nan,INITIALIZING,0.0,0.0,0.0,11.183264290057823,0,0,0,0.0,0.0,1.0,0,0,0,0,0,0,0,DISABLED,nan,0,-1,0,0.0,0
1337,123.12161745400226,nan,nan,nan,nan,nan,nan,nan,nan,144.0,189.0,388.0,291.0,held,nan,nan,nan,nan,,nan,0,nan,nan,nan,INITIALIZING,0.0,0.0,0.0,18.15134998478267,0,0,0,0.0,0.0,1.0,0,0,0,0,0,0,0,DISABLED,nan,0,-1,0,0.0,0
1338,123.19090190299903,nan,nan,nan,nan,nan,nan,nan,nan,144.0,189.0,388.0,291.0,held,nan,nan,nan,nan,,nan,0,nan,nan,nan,INITIALIZING,0.0,0.0,0.0,14.43325326938291,0,0,0,0.0,0.0,1.0,0,0,0,0,0,0,0,DISABLED,nan,0,-1,0,0.0,0
1339,123.24716727399937,nan,nan,nan,nan,nan,nan,nan,nan,144.0,189.0,388.0,291.0,held,nan,nan,nan,nan,,nan,0,nan,nan,nan,INITIALIZING,0.0,0.0,0.0,17.772921109753778,0,0,0,0.0,0.0,1.0,0,0,0,0,0,0,0,DISABLED,nan,0,-1,0,0.0,0
1340,123.31317382799898,nan,nan,nan,nan,nan,nan,nan,nan,144.0,189.0,388.0,291.0,held,nan,nan,nan,nan,,nan,0,nan,nan,nan,INITIALIZING,0.0,0.0,0.0,15.150010709631173,0,0,0,0.0,0.0,1.0,0,0,0,0,0,0,0,DISABLED,nan,0,-1,0,0.0,0
1341,123.3837270590011,nan,nan,nan,nan,nan,nan,nan,nan,144.0,189.0,388.0,291.0,held,nan,nan,nan,nan,,nan,0,nan,nan,nan,INITIALIZING,0.0,0.0,0.0,14.173695319069292,0,0,0,0.0,0.0,1.0,0,0,0,0,0,0,0,DISABLED,nan,0,-1,0,0.0,0
1342,123.49025384899869,nan,nan,nan,nan,nan,nan,nan,nan,144.0,189.0,388.0,291.0,held,nan,nan,nan,nan,,nan,0,nan,nan,nan,INITIALIZING,0.0,0.0,0.0,9.38730999049763,0,0,0,0.0,0.0,1.0,0,0,0,0,0,0,0,DISABLED,nan,0,-1,0,0.0,0
1343,123.51980808100052,nan,nan,nan,nan,nan,nan,nan,nan,144.0,189.0,388.0,291.0,held,nan,nan,nan,nan,,nan,0,nan,nan,nan,INITIALIZING,0.0,0.0,0.0,33.83610171085247,0,0,0,0.0,0.0,1.0,0,0,0,0,0,0,0,DISABLED,nan,0,-1,0,0.0,0
1344,123.58204053000372,nan,nan,nan,nan,nan,nan,nan,nan,144.0,189.0,388.0,291.0,held,nan,nan,nan,nan,,nan,0,nan,nan,nan,INITIALIZING,0.0,0.0,0.0,16.06878752190054,0,0,0,0.0,0.0,1.0,0,0,0,0,0,0,0,DISABLED,nan,0,-1,0,0.0,0
1345,123.67525735100207,nan,nan,nan,nan,nan,nan,nan,nan,144.0,189.0,388.0,291.0,held,nan,nan,nan,nan,,nan,0,nan,nan,nan,INITIALIZING,0.0,0.0,0.0,10.727677572459791,0,0,0,0.0,0.0,1.0,0,0,0,0,0,0,0,DISABLED,nan,0,-1,0,0.0,0
1346,123.71693037699879,nan,nan,nan,nan,nan,nan,nan,nan,144.0,189.0,388.0,291.0,held,nan,nan,nan,nan,,nan,0,nan,nan,nan,INITIALIZING,0.0,0.0,0.0,23.996337584864147,0,0,0,0.0,0.0,1.0,0,0,0,0,0,0,0,DISABLED,nan,0,-1,0,0.0,0
1347,123.7839104970044,nan,nan,nan,nan,nan,nan,nan,nan,144.0,189.0,388.0,291.0,held,nan,nan,nan,nan,,nan,0,nan,nan,nan,INITIALIZING,0.0,0.0,0.0,14.929803050759611,0,0,0,0.0,0.0,1.0,0,0,0,0,0,0,0,DISABLED,nan,0,-1,0,0.0,0
1348,123.85897326800477,nan,nan,nan,nan,nan,nan,nan,nan,144.0,189.0,388.0,291.0,held,nan,nan,nan,nan,,nan,0,nan,nan,nan,INITIALIZING,0.0,0.0,0.0,13.322183376297119,0,0,0,0.0,0.0,1.0,0,0,0,0,0,0,0,DISABLED,nan,0,-1,0,0.0,0
1349,123.92173192700284,nan,nan,nan,nan,nan,nan,nan,nan,144.0,189.0,388.0,291.0,held,nan,nan,nan,nan,,nan,0,nan,nan,nan,INITIALIZING,0.0,0.0,0.0,15.934056207779266,0,0,0,0.0,0.0,1.0,0,0,0,0,0,0,0,DISABLED,nan,0,-1,0,0.0,0
1350,124.11712928400084,nan,nan,nan,nan,nan,nan,nan,nan,144.0,189.0,388.0,291.0,held,nan,nan,nan,nan,,nan,0,nan,nan,nan,INITIALIZING,0.0,0.0,0.0,5.117776490754845,0,0,0,0.0,0.0,1.0,0,0,0,0,0,0,0,DISABLED,nan,0,-1,0,0.0,0
1351,124.36467492899828,nan,nan,nan,nan,nan,nan,nan,nan,144.0,189.0,388.0,291.0,held,nan,nan,nan,nan,,nan,0,nan,nan,nan,INITIALIZING,0.0,0.0,0.0,4.039659029389604,0,0,0,0.0,0.0,1.0,0,0,0,0,0,0,0,DISABLED,nan,0,-1,0,0.0,0
1352,124.3932991900001,nan,nan,nan,nan,nan,nan,nan,nan,144.0,189.0,388.0,291.0,held,nan,nan,nan,nan,,nan,0,nan,nan,nan,INITIALIZING,0.0,0.0,0.0,34.935399727395456,0,0,0,0.0,0.0,1.0,0,0,0,0,0,0,0,DISABLED,nan,0,-1,0,0.0,0
1353,124.44802415800223,nan,nan,nan,nan,nan,nan,nan,nan,144.0,189.0,388.0,291.0,held,nan,nan,nan,nan,,nan,0,nan,nan,nan,INITIALIZING,0.0,0.0,0.0,18.273194786724567,0,0,0,0.0,0.0,1.0,0,0,0,0,0,0,0,DISABLED,nan,0,-1,0,0.0,0
1354,124.51229457500449,nan,nan,nan,nan,nan,nan,nan,nan,144.0,189.0,388.0,291.0,held,nan,nan,nan,nan,,nan,0,nan,nan,nan,INITIALIZING,0.0,0.0,0.0,15.559258001465844,0,0,0,0.0,0.0,1.0,0,0,0,0,0,0,0,DISABLED,nan,0,-1,0,0.0,0
1355,124.58158886700403,nan,nan,nan,nan,nan,nan,nan,nan,144.0,189.0,388.0,291.0,held,nan,nan,nan,nan,,nan,0,nan,nan,nan,INITIALIZING,0.0,0.0,0.0,14.431203078121271,0,0,0,0.0,0.0,1.0,0,0,0,0,0,0,0,DISABLED,nan,0,-1,0,0.0,0
1356,124.6497828720021,nan,nan,nan,nan,nan,nan,nan,nan,144.0,189.0,388.0,291.0,held,nan,nan,nan,nan,,nan,0,nan,nan,nan,INITIALIZING,0.0,0.0,0.0,14.664045615566987,0,0,0,0.0,0.0,1.0,0,0,0,0,0,0,0,DISABLED,nan,0,-1,0,0.0,0
1357,124.71477768199838,nan,nan,nan,nan,nan,nan,nan,nan,144.0,189.0,388.0,291.0,held,nan,nan,nan,nan,,nan,0,nan,nan,nan,INITIALIZING,0.0,0.0,0.0,15.385843885954257,0,0,0,0.0,0.0,1.0,0,0,0,0,0,0,0,DISABLED,nan,0,-1,0,0.0,0
1358,124.78624333100015,nan,nan,nan,nan,nan,nan,nan,nan,144.0,189.0,388.0,291.0,held,nan,nan,nan,nan,,nan,0,nan,nan,nan,INITIALIZING,0.0,0.0,0.0,13.992736566000945,0,0,0,0.0,0.0,1.0,0,0,0,0,0,0,0,DISABLED,nan,0,-1,0,0.0,0
1359,124.85132199700456,nan,nan,nan,nan,nan,nan,nan,nan,144.0,189.0,388.0,291.0,held,nan,nan,nan,nan,,nan,0,nan,nan,nan,INITIALIZING,0.0,0.0,0.0,15.366018718518731,0,0,0,0.0,0.0,1.0,0,0,0,0,0,0,0,DISABLED,nan,0,-1,0,0.0,0
1360,124.91813982200256,nan,nan,nan,nan,nan,nan,nan,nan,144.0,189.0,388.0,291.0,held,nan,nan,nan,nan,,nan,0,nan,nan,nan,INITIALIZING,0.0,0.0,0.0,14.9660663158367,0,0,0,0.0,0.0,1.0,0,0,0,0,0,0,0,DISABLED,nan,0,-1,0,0.0,0
1361,124.98358037200524,nan,nan,nan,nan,nan,nan,nan,nan,144.0,189.0,388.0,291.0,held,nan,nan,nan,nan,,nan,0,nan,nan,nan,INITIALIZING,0.0,0.0,0.0,15.281045161739842,0,0,0,0.0,0.0,1.0,0,0,0,0,0,0,0,DISABLED,nan,0,-1,0,0.0,0
1362,125.05034329900082,nan,nan,nan,nan,nan,nan,nan,nan,144.0,189.0,388.0,291.0,held,nan,nan,nan,nan,,nan,0,nan,nan,nan,INITIALIZING,0.0,0.0,0.0,14.978372653826428,0,0,0,0.0,0.0,1.0,0,0,0,0,0,0,0,DISABLED,nan,0,-1,0,0.0,0
1363,125.13638056399941,nan,nan,nan,nan,nan,nan,nan,nan,144.0,189.0,388.0,291.0,held,nan,nan,nan,nan,,nan,0,nan,nan,nan,INITIALIZING,0.0,0.0,0.0,11.62287062491274,0,0,0,0.0,0.0,1.0,0,0,0,0,0,0,0,DISABLED,nan,0,-1,0,0.0,0
1364,125.19599857200228,nan,nan,nan,nan,nan,nan,nan,nan,144.0,189.0,388.0,291.0,held,nan,nan,nan,nan,,nan,0,nan,nan,nan,INITIALIZING,0.0,0.0,0.0,16.77345542896758,0,0,0,0.0,0.0,1.0,0,0,0,0,0,0,0,DISABLED,nan,0,-1,0,0.0,0
1365,125.25537777200225,nan,nan,nan,nan,nan,nan,nan,nan,144.0,189.0,388.0,291.0,held,nan,nan,nan,nan,,nan,0,nan,nan,nan,INITIALIZING,0.0,0.0,0.0,16.840913990093526,0,0,0,0.0,0.0,1.0,0,0,0,0,0,0,0,DISABLED,nan,0,-1,0,0.0,0
1366,125.31236956800421,nan,nan,nan,nan,nan,nan,nan,nan,144.0,189.0,388.0,291.0,held,nan,nan,nan,nan,,nan,0,nan,nan,nan,INITIALIZING,0.0,0.0,0.0,17.54638509664608,0,0,0,0.0,0.0,1.0,0,0,0,0,0,0,0,DISABLED,nan,0,-1,0,0.0,0
1367,125.3818536050021,nan,nan,nan,nan,nan,nan,nan,nan,144.0,189.0,388.0,291.0,held,nan,nan,nan,nan,,nan,0,nan,nan,nan,INITIALIZING,0.0,0.0,0.0,14.3917947661898,0,0,0,0.0,0.0,1.0,0,0,0,0,0,0,0,DISABLED,nan,0,-1,0,0.0,0
1368,125.44945181399817,nan,nan,nan,nan,nan,nan,nan,nan,144.0,189.0,388.0,291.0,held,nan,nan,nan,nan,,nan,0,nan,nan,nan,INITIALIZING,0.0,0.0,0.0,14.793291343832614,0,0,0,0.0,0.0,1.0,0,0,0,0,0,0,0,DISABLED,nan,0,-1,0,0.0,0
1369,125.51263574499899,nan,nan,nan,nan,nan,nan,nan,nan,144.0,189.0,388.0,291.0,held,nan,nan,nan,nan,,nan,0,nan,nan,nan,INITIALIZING,0.0,0.0,0.0,15.826808876247256,0,0,0,0.0,0.0,1.0,0,0,0,0,0,0,0,DISABLED,nan,0,-1,0,0.0,0
1370,125.58447796600376,nan,nan,nan,nan,nan,nan,nan,nan,144.0,189.0,388.0,291.0,held,nan,nan,nan,nan,,nan,0,nan,nan,nan,INITIALIZING,0.0,0.0,0.0,13.919391494502609,0,0,0,0.0,0.0,1.0,0,0,0,0,0,0,0,DISABLED,nan,0,-1,0,0.0,0
1371,125.64815086800081,nan,nan,nan,nan,nan,nan,nan,nan,144.0,189.0,388.0,291.0,held,nan,nan,nan,nan,,nan,0,nan,nan,nan,INITIALIZING,0.0,0.0,0.0,15.705268153889143,0,0,0,0.0,0.0,1.0,0,0,0,0,0,0,0,DISABLED,nan,0,-1,0,0.0,0
1372,125.71233409499837,nan,nan,nan,nan,nan,nan,nan,nan,144.0,189.0,388.0,291.0,held,nan,nan,nan,nan,,nan,0,nan,nan,nan,INITIALIZING,0.0,0.0,0.0,15.580394548221589,0,0,0,0.0,0.0,1.0,0,0,0,0,0,0,0,DISABLED,nan,0,-1,0,0.0,0
1373,125.78205037699809,nan,nan,nan,nan,nan,nan,nan,nan,144.0,189.0,388.0,291.0,held,nan,nan,nan,nan,,nan,0,nan,nan,nan,INITIALIZING,0.0,0.0,0.0,14.343851555423633,0,0,0,0.0,0.0,1.0,0,0,0,0,0,0,0,DISABLED,nan,0,-1,0,0.0,0
1374,125.84862658099883,nan,nan,nan,nan,nan,nan,nan,nan,144.0,189.0,388.0,291.0,held,nan,nan,nan,nan,,nan,0,nan,nan,nan,INITIALIZING,0.0,0.0,0.0,15.020381756654288,0,0,0,0.0,0.0,1.0,0,0,0,0,0,0,0,DISABLED,nan,0,-1,0,0.0,0
1375,125.92295870800444,nan,nan,nan,nan,nan,nan,nan,nan,144.0,189.0,388.0,291.0,held,nan,nan,nan,nan,,nan,0,nan,nan,nan,INITIALIZING,0.0,0.0,0.0,13.453133124044912,0,0,0,0.0,0.0,1.0,0,0,0,0,0,0,0,DISABLED,nan,0,-1,0,0.0,0
1376,125.98911745400255,nan,nan,nan,nan,nan,nan,nan,nan,144.0,189.0,388.0,291.0,held,nan,nan,nan,nan,,nan,0,nan,nan,nan,INITIALIZING,0.0,0.0,0.0,15.115159528999829,0,0,0,0.0,0.0,1.0,0,0,0,0,0,0,0,DISABLED,nan,0,-1,0,0.0,0
1377,126.05123927399836,nan,nan,nan,nan,nan,nan,nan,nan,144.0,189.0,388.0,291.0,held,nan,nan,nan,nan,,nan,0,nan,nan,nan,INITIALIZING,0.0,0.0,0.0,16.097403457713547,0,0,0,0.0,0.0,1.0,0,0,0,0,0,0,0,DISABLED,nan,0,-1,0,0.0,0
1378,126.12176599400118,nan,nan,nan,nan,nan,nan,nan,nan,144.0,189.0,388.0,291.0,held,nan,nan,nan,nan,,nan,0,nan,nan,nan,INITIALIZING,0.0,0.0,0.0,14.179023212196048,0,0,0,0.0,0.0,1.0,0,0,0,0,0,0,0,DISABLED,nan,0,-1,0,0.0,0
1379,126.18127946800087,nan,nan,nan,nan,nan,nan,nan,nan,144.0,189.0,388.0,291.0,held,nan,nan,nan,nan,,nan,0,nan,nan,nan,INITIALIZING,0.0,0.0,0.0,16.80291760493207,0,0,0,0.0,0.0,1.0,0,0,0,0,0,0,0,DISABLED,nan,0,-1,0,0.0,0
1380,126.24830016199849,nan,nan,nan,nan,nan,nan,nan,nan,144.0,189.0,388.0,291.0,held,nan,nan,nan,nan,,nan,0,nan,nan,nan,INITIALIZING,0.0,0.0,0.0,14.9207646228718,0,0,0,0.0,0.0,1.0,0,0,0,0,0,0,0,DISABLED,nan,0,-1,0,0.0,0
1381,126.31542242100113,nan,nan,nan,nan,nan,nan,nan,nan,144.0,189.0,388.0,291.0,held,nan,nan,nan,nan,,nan,0,nan,nan,nan,INITIALIZING,0.0,0.0,0.0,14.89818749933015,0,0,0,0.0,0.0,1.0,0,0,0,0,0,0,0,DISABLED,nan,0,-1,0,0.0,0
1382,126.38589976500225,nan,nan,nan,nan,nan,nan,nan,nan,144.0,189.0,388.0,291.0,held,nan,nan,nan,nan,,nan,0,nan,nan,nan,INITIALIZING,0.0,0.0,0.0,14.188956950252205,0,0,0,0.0,0.0,1.0,0,0,0,0,0,0,0,DISABLED,nan,0,-1,0,0.0,0
1383,126.4491391660049,nan,nan,nan,nan,nan,nan,nan,nan,144.0,189.0,388.0,291.0,held,nan,nan,nan,nan,,nan,0,nan,nan,nan,INITIALIZING,0.0,0.0,0.0,15.812926500650086,0,0,0,0.0,0.0,1.0,0,0,0,0,0,0,0,DISABLED,nan,0,-1,0,0.0,0
1384,126.5160913159998,nan,nan,nan,nan,nan,nan,nan,nan,144.0,189.0,388.0,291.0,held,nan,nan,nan,nan,,nan,0,nan,nan,nan,INITIALIZING,0.0,0.0,0.0,14.936040143238289,0,0,0,0.0,0.0,1.0,0,0,0,0,0,0,0,DISABLED,nan,0,-1,0,0.0,0
1385,126.58571275300346,nan,nan,nan,nan,nan,nan,nan,nan,144.0,189.0,388.0,291.0,held,nan,nan,nan,nan,,nan,0,nan,nan,nan,INITIALIZING,0.0,0.0,0.0,14.363392125149753,0,0,0,0.0,0.0,1.0,0,0,0,0,0,0,0,DISABLED,nan,0,-1,0,0.0,0
1386,126.65097668400267,nan,nan,nan,nan,nan,nan,nan,nan,144.0,189.0,388.0,291.0,held,nan,nan,nan,nan,,nan,0,nan,nan,nan,INITIALIZING,0.0,0.0,0.0,15.322399136701275,0,0,0,0.0,0.0,1.0,0,0,0,0,0,0,0,DISABLED,nan,0,-1,0,0.0,0
1387,126.72017998500087,nan,nan,nan,nan,nan,nan,nan,nan,144.0,189.0,388.0,291.0,held,nan,nan,nan,nan,,nan,0,nan,nan,nan,INITIALIZING,0.0,0.0,0.0,14.450177745510356,0,0,0,0.0,0.0,1.0,0,0,0,0,0,0,0,DISABLED,nan,0,-1,0,0.0,0
1388,132.92740039500495,151.22036743164062,168.83892822265625,388.0,291.0,151.22036743164062,168.83892822265625,388.0,291.0,264.0,0.0,164.0,479.0,detector,264.0,0.0,164.0,479.0,0.21663106977939606,0.989278,1,0.332016140253235,0.09355373626673019,1.4372931411986354,LOW_CONFIDENCE,5.391248349995294,0.5672618550015613,125.45413634899887,0.16110270522830397,1,1,0,21.415006912422495,0.02676875864052812,1.0,0,0,1,0,0,0,0,DISABLED,nan,0,-1,0,0.0,0
1389,133.2795000219994,151.5,175.72036743164062,388.0,291.0,151.5,175.72036743164062,388.0,291.0,255.0,9.0,182.0,466.0,detector,255.0,9.0,182.0,466.0,0.2346845418214798,0.995673,1,0.3658657898009091,0.09902743161622682,1.3312738763382541,LOW_CONFIDENCE,0.08180309699673671,0.24433332499756943,0.0,2.840105252414076,1,1,0,6.8871184075950636,0.00860889800949383,1.0,0,0,2,0,0,0,0,DISABLED,nan,0,-1,0,0.0,0
1390,133.5939738590023,151.5,176.0,388.0,291.0,151.5,176.0,388.0,291.0,252.0,9.0,192.0,467.0,detector,252.0,9.0,192.0,467.0,0.23005244135856628,0.993262,1,0.38085889570552145,0.09879943382934946,1.2592344753747324,LOW_CONFIDENCE,0.07618655000260333,0.20483806199626997,0.0,3.179914772976313,1,1,0,0.279632568359375,0.00034954071044921873,1.0,0,0,3,0,0,0,0,DISABLED,nan,0,-1,0,0.0,0
1391,133.93338660500012,151.5,176.0,388.0,291.0,151.5,176.0,388.0,291.0,251.0,9.0,194.0,466.0,detector,251.0,9.0,194.0,466.0,0.22966302931308746,0.992715,1,0.3844121532364597,0.09942412307885848,1.2489270386266094,LOW_CONFIDENCE,0.0585182930008159,0.2477171599966823,0.0,2.946265312046893,1,1,0,0.0,0.0,1.0,0,0,4,0,0,0,0,DISABLED,nan,0,-1,0,0.0,0
1392,134.33568910699978,151.5,176.0,388.0,291.0,151.5,176.0,388.0,291.0,254.0,10.0,188.0,466.0,detector,254.0,10.0,188.0,466.0,0.22785842418670654,0.996336,1,0.37520575002743334,0.09817474853545591,1.2887864121997992,LOW_CONFIDENCE,0.05208703799871728,0.3194997969985707,0.0,2.485691724584038,1,1,0,0.0,0.0,1.0,0,0,5,0,0,0,0,DISABLED,nan,0,-1,0,0.0,0
1393,134.63704647000122,151.5,169.27963256835938,388.0,291.0,151.5,169.27963256835938,388.0,291.0,256.0,14.0,163.0,461.0,detector,256.0,14.0,163.0,461.0,0.2366907298564911,0.999294,1,0.33731812427996416,0.08841686379326558,1.5025750901614257,LOW_CONFIDENCE,0.06115403700096067,0.19256499400216853,0.0,3.318319453157712,1,1,0,6.720367431640625,0.008400459289550782,1.0,0,0,6,0,0,0,0,DISABLED,nan,0,-1,0,0.0,0
1394,134.89168864800013,151.5,169.0,388.0,291.0,151.5,169.0,388.0,291.0,253.0,13.0,155.0,467.0,detector,253.0,13.0,155.0,467.0,0.2523026466369629,0.996396,1,0.3217465118269752,0.08704345179276843,1.5598259307867652,LOW_CONFIDENCE,0.055543062000651844,0.1671200310011045,0.0,3.9270791973995256,1,0,0,0.279632568359375,0.00034954071044921873,1.0,0,0,0,0,0,0,0,DISABLED,nan,0,-1,0,0.0,0
1395,135.16357089500525,144.77963256835938,169.0,388.0,291.0,144.77963256835938,169.0,388.0,291.0,253.0,15.0,149.0,465.0,detector,253.0,15.0,149.0,465.0,0.24268753826618195,0.995641,1,0.3123082242102079,0.08492855555256792,1.6296168001731977,LOW_CONFIDENCE,0.07706646699807607,0.16151103699667146,0.0,3.6780628783796794,1,1,0,6.720367431640625,0.008400459289550782,1.0,0,0,1,0,0,0,0,DISABLED,nan,0,-1,0,0.0,0
1396,135.43058202999964,144.5,169.0,388.0,291.0,144.5,169.0,388.0,291.0,251.0,18.0,139.0,458.0,detector,251.0,18.0,139.0,458.0,0.23890799283981323,0.985748,1,0.29715473732928793,0.08732348266646264,1.7735540824981937,LOW_CONFIDENCE,0.053527543001109734,0.1874304380035028,0.0,3.7451621634468806,1,1,0,0.279632568359375,0.00034954071044921873,1.0,0,0,2,0,0,0,0,DISABLED,nan,0,-1,0,0.0,0
1397,135.73106192300475,144.5,169.0,388.0,291.0,144.5,169.0,388.0,291.0,249.0,17.0,146.0,462.0,detector,249.0,17.0,146.0,462.0,0.24468837678432465,0.995617,1,0.3081509204055877,0.08564552673666034,1.6739014410247286,LOW_CONFIDENCE,0.061087731999577954,0.20693071900313953,0.0,3.32800970473926,1,1,0,0.0,0.0,1.0,0,0,3,0,0,0,0,DISABLED,nan,0,-1,0,0.0,0
1398,135.96984016100032,144.5,169.0,388.0,291.0,144.5,169.0,388.0,291.0,250.0,14.0,137.0,466.0,detector,250.0,14.0,137.0,466.0,0.2310267835855484,0.988564,1,0.2912487306677966,0.08800079900205451,1.76855361674133,LOW_CONFIDENCE,0.06455375799851026,0.14094203000422567,0.0,4.187986344126265,1,1,0,0.0,0.0,1.0,0,0,4,0,0,0,0,DISABLED,nan,0,-1,0,0.0,0
1399,136.2311424540021,144.5,169.0,388.0,291.0,144.5,169.0,388.0,291.0,252.0,11.0,135.0,469.0,detector,252.0,11.0,135.0,469.0,0.23559719324111938,0.989876,1,0.2868816544713666,0.08946018667541444,1.7832741056621653,LOW_CONFIDENCE,0.05842855100490851,0.17058084800373763,0.0,3.826985169216053,1,1,0,0.0,0.0,1.0,0,0,5,0,0,0,0,DISABLED,nan,0,-1,0,0.0,0
1400,136.51049619100377,144.5,175.72036743164062,388.0,291.0,144.5,175.72036743164062,388.0,291.0,255.0,6.0,133.0,474.0,detector,255.0,6.0,133.0,474.0,0.22999528050422668,0.988866,1,0.28199523486852174,0.10005799787764395,1.7909964785381174,LOW_CONFIDENCE,0.06467771800089395,0.1834443480038317,0.0,3.579690791800899,1,1,0,6.720367431640625,0.008400459289550782,1.0,0,0,6,0,0,0,0,DISABLED,nan,0,-1,0,0.0,0
1401,136.80272780400264,144.5,176.0,388.0,291.0,144.5,176.0,388.0,291.0,256.0,6.0,141.0,474.0,detector,256.0,6.0,141.0,474.0,0.22066091001033783,0.99409,1,0.2958020632826524,0.0992648760891787,1.6893796570607775,LOW_CONFIDENCE,0.049707915997714736,0.21156187799351756,0.0,3.4219432652683164,1,1,0,0.279632568359375,0.00034954071044921873,1.0,0,0,7,0,0,0,0,DISABLED,nan,0,-1,0,0.0,0
1402,137.0611579940014,144.5,176.0,388.0,291.0,144.5,176.0,388.0,291.0,259.0,4.0,139.0,474.0,detector,259.0,4.0,139.0,474.0,0.2172684520483017,0.994138,1,0.29237775127398896,0.10139842516035444,1.7136872780256807,LOW_CONFIDENCE,0.044256893001147546,0.182025406997127,0.0,3.8695169477095135,1,1,0,0.0,0.0,1.0,0,0,8,0,0,0,0,DISABLED,nan,0,-1,0,0.0,0
1403,137.30604081300407,144.5,169.27963256835938,388.0,291.0,144.5,169.27963256835938,388.0,291.0,258.0,7.0,151.0,470.0,detector,258.0,7.0,151.0,470.0,0.21015062928199768,0.998307,1,0.3140055882289888,0.0911889771709124,1.590925743271805,LOW_CONFIDENCE,0.05789780900522601,0.15441007699701004,0.0,4.083585790431061,1,1,0,6.720367431640625,0.008400459289550782,1.0,0,0,9,0,0,0,0,DISABLED,nan,0,-1,0,0.0,0
1404,137.5970309359982,144.5,169.0,388.0,291.0,144.5,169.0,388.0,291.0,258.0,5.0,153.0,472.0,detector,258.0,5.0,153.0,472.0,0.2194831371307373,0.998288,1,0.31666204365545053,0.09201095383159551,1.5634762379528082,SUSPECTED_LOST,0.046797477996733505,0.21272242800478125,0.0,3.436542758601526,1,1,0,0.279632568359375,0.00034954071044921873,1.0,0,0,10,0,0,0,0,DISABLED,nan,0,-1,0,0.0,0
1405,137.87583658600488,144.5,169.0,388.0,291.0,144.5,169.0,388.0,291.0,259.0,4.0,152.0,472.0,detector,259.0,4.0,152.0,472.0,0.21006891131401062,0.997952,1,0.31499786355220055,0.09322771181360187,1.5737622658340766,SUSPECTED_LOST,0.04497300499497214,0.2054706310009351,0.0,3.5867278872433523,1,1,0,0.0,0.0,1.0,0,0,11,0,0,0,0,DISABLED,nan,0,-1,0,0.0,0
1406,138.10609575600392,144.5,169.0,388.0,291.0,144.5,169.0,388.0,291.0,260.0,6.0,153.0,470.0,detector,260.0,6.0,153.0,470.0,0.20829296112060547,0.998002,1,0.31735272105206885,0.09190900731157964,1.5701293283270754,SUSPECTED_LOST,0.05013870699622203,0.15101108499948168,0.0,4.342932357500247,1,1,0,0.0,0.0,1.0,0,0,12,0,0,0,0,DISABLED,nan,0,-1,0,0.0,0
1407,138.38002628400136,144.5,169.0,388.0,291.0,144.5,169.0,388.0,291.0,261.0,6.0,152.0,470.0,detector,261.0,6.0,152.0,470.0,0.21005851030349731,0.997668,1,0.31568129264323846,0.09189413066132135,1.5804591265397536,SUSPECTED_LOST,0.04433246800181223,0.20371141999930842,0.0,3.6505606268511994,1,1,0,0.0,0.0,1.0,0,0,13,0,0,0,0,DISABLED,nan,0,-1,0,0.0,0
1408,138.682893737001,144.5,169.0,388.0,291.0,144.5,169.0,388.0,291.0,261.0,6.0,152.0,470.0,detector,261.0,6.0,152.0,470.0,0.21220000088214874,0.997798,1,0.31568129264323846,0.09189413066132135,1.5804591265397536,SUSPECTED_LOST,0.04154515900154365,0.23551617700286442,0.0,3.301774390400426,1,1,0,0.0,0.0,1.0,0,0,14,0,0,0,0,DISABLED,nan,0,-1,0,0.0,0
1409,138.99761940399912,144.5,169.0,388.0,291.0,144.5,169.0,388.0,291.0,260.0,5.0,153.0,471.0,detector,260.0,5.0,153.0,471.0,0.21295464038848877,0.997534,1,0.317007006151743,0.09253377761660873,1.5667957204113068,SUSPECTED_LOST,0.04590255900257034,0.23644015900208615,0.0,3.1773703414089365,1,1,0,0.0,0.0,1.0,0,0,15,0,0,0,0,DISABLED,nan,0,-1,0,0.0,0
1410,139.3548595770044,144.5,169.0,388.0,291.0,144.5,169.0,388.0,291.0,259.0,5.0,154.0,471.0,detector,259.0,5.0,154.0,471.0,0.2097165882587433,0.997603,1,0.31867053502858605,0.09255277210867323,1.5566217222268177,SUSPECTED_LOST,0.05193578400212573,0.2770961799978977,0.0,2.799237251475799,1,1,0,0.0,0.0,1.0,0,0,16,0,0,0,0,DISABLED,nan,0,-1,0,0.0,0
1411,139.5813535999987,144.5,169.0,388.0,291.0,144.5,169.0,388.0,291.0,259.0,5.0,154.0,472.0,detector,259.0,5.0,154.0,472.0,0.21189047396183014,0.997829,1,0.318321944566777,0.09192813089582536,1.5533237948492187,SUSPECTED_LOST,0.05103081300330814,0.14278447299875552,0.0,4.415127546324507,1,1,0,0.0,0.0,1.0,0,0,17,0,0,0,0,DISABLED,nan,0,-1,0,0.0,0
1412,139.97816721600248,144.5,169.0,388.0,291.0,144.5,169.0,388.0,291.0,259.0,4.0,154.0,472.0,detector,259.0,4.0,154.0,472.0,0.20951107144355774,0.997821,1,0.318321944566777,0.09317741813336534,1.5533237948492187,SUSPECTED_LOST,0.23415025700523984,0.13200571200286504,0.0,2.5200748151506644,1,1,0,0.0,0.0,1.0,0,0,18,0,0,0,0,DISABLED,nan,0,-1,0,0.0,0
1413,140.2332282589996,144.5,169.0,388.0,291.0,144.5,169.0,388.0,291.0,260.0,4.0,152.0,473.0,detector,260.0,4.0,152.0,473.0,0.21298295259475708,0.997328,1,0.3146572574908232,0.09255277210867323,1.5704350728830534,SUSPECTED_LOST,0.04934384399530245,0.17679954600316705,0.0,3.920630090151866,1,1,0,0.0,0.0,1.0,0,0,19,0,0,0,0,DISABLED,nan,0,-1,0,0.0,0
1414,140.50829350300046,144.5,169.0,388.0,291.0,260.0,4.0,154.0,473.0,260.0,4.0,154.0,473.0,detector,260.0,4.0,154.0,473.0,0.21433813869953156,0.997414,1,0.317974115910768,0.09251900142673396,1.5500398121962604,REINITIALIZING,0.04381016299885232,0.1986166040005628,0.0,3.6355011104086796,1,1,0,0.0,0.0,1.0,0,0,0,0,0,1,0,DISABLED,nan,0,-1,0,0.0,0
1415,140.55746703000477,260.0,4.0,154.0,473.0,260.0,4.0,154.0,473.0,260.0,4.0,154.0,473.0,held,nan,nan,nan,nan,,nan,0,nan,nan,nan,INITIALIZING,0.0,0.0,0.0,20.336145501872927,0,0,0,0.0,0.0,1.0,0,0,0,0,0,1,0,DISABLED,nan,0,-1,0,0.0,0
1416,140.60938583400275,260.0,4.0,154.0,473.0,260.0,4.0,154.0,473.0,260.0,4.0,154.0,473.0,held,nan,nan,nan,nan,,nan,0,nan,nan,nan,INITIALIZING,0.0,0.0,0.0,19.260844299089467,0,0,0,0.0,0.0,1.0,0,0,0,0,0,1,0,DISABLED,nan,0,-1,0,0.0,0
1417,140.6704159610017,260.0,4.0,154.0,473.0,260.0,4.0,154.0,473.0,260.0,4.0,154.0,473.0,held,nan,nan,nan,nan,,nan,0,nan,nan,nan,INITIALIZING,0.0,0.0,0.0,16.38535014054744,0,0,0,0.0,0.0,1.0,0,0,0,0,0,1,0,DISABLED,nan,0,-1,0,0.0,0
1418,140.7313487940046,260.0,4.0,154.0,473.0,260.0,4.0,154.0,473.0,260.0,4.0,154.0,473.0,held,nan,nan,nan,nan,,nan,0,nan,nan,nan,INITIALIZING,0.0,0.0,0.0,16.411513312580286,0,0,0,0.0,0.0,1.0,0,0,0,0,0,1,0,DISABLED,nan,0,-1,0,0.0,0
1419,140.79617302700353,260.0,4.0,154.0,473.0,260.0,4.0,154.0,473.0,260.0,4.0,154.0,473.0,held,nan,nan,nan,nan,,nan,0,nan,nan,nan,INITIALIZING,0.0,0.0,0.0,15.426329842055898,0,0,0,0.0,0.0,1.0,0,0,0,0,0,1,0,DISABLED,nan,0,-1,0,0.0,0
1420,140.86601848000282,260.0,4.0,154.0,473.0,260.0,4.0,154.0,473.0,260.0,4.0,154.0,473.0,held,nan,nan,nan,nan,,nan,0,nan,nan,nan,INITIALIZING,0.0,0.0,0.0,14.317324278936013,0,0,0,0.0,0.0,1.0,0,0,0,0,0,1,0,DISABLED,nan,0,-1,0,0.0,0
1421,140.9378023140016,260.0,4.0,154.0,473.0,260.0,4.0,154.0,473.0,260.0,4.0,154.0,473.0,held,nan,nan,nan,nan,,nan,0,nan,nan,nan,INITIALIZING,0.0,0.0,0.0,13.930713146597954,0,0,0,0.0,0.0,1.0,0,0,0,0,0,1,0,DISABLED,nan,0,-1,0,0.0,0
1422,141.00639315199805,260.0,4.0,154.0,473.0,260.0,4.0,154.0,473.0,260.0,4.0,154.0,473.0,held,nan,nan,nan,nan,,nan,0,nan,nan,nan,INITIALIZING,0.0,0.0,0.0,14.579206628904458,0,0,0,0.0,0.0,1.0,0,0,0,0,0,1,0,DISABLED,nan,0,-1,0,0.0,0
1423,141.06734135000443,260.0,4.0,154.0,473.0,260.0,4.0,154.0,473.0,260.0,4.0,154.0,473.0,held,nan,nan,nan,nan,,nan,0,nan,nan,nan,INITIALIZING,0.0,0.0,0.0,16.40737598009793,0,0,0,0.0,0.0,1.0,0,0,0,0,0,1,0,DISABLED,nan,0,-1,0,0.0,0
1424,141.12933978300134,260.0,4.0,154.0,473.0,260.0,4.0,154.0,473.0,260.0,4.0,154.0,473.0,held,nan,nan,nan,nan,,nan,0,nan,nan,nan,INITIALIZING,0.0,0.0,0.0,16.129439917453215,0,0,0,0.0,0.0,1.0,0,0,0,0,0,1,0,DISABLED,nan,0,-1,0,0.0,0
1425,141.19621438000468,260.0,4.0,154.0,473.0,260.0,4.0,154.0,473.0,260.0,4.0,154.0,473.0,held,nan,nan,nan,nan,,nan,0,nan,nan,nan,INITIALIZING,0.0,0.0,0.0,14.953361138761592,0,0,0,0.0,0.0,1.0,0,0,0,0,0,1,0,DISABLED,nan,0,-1,0,0.0,0
1426,141.2741331080033,260.0,4.0,154.0,473.0,260.0,4.0,154.0,473.0,260.0,4.0,154.0,473.0,held,nan,nan,nan,nan,,nan,0,nan,nan,nan,INITIALIZING,0.0,0.0,0.0,12.83388507083545,0,0,0,0.0,0.0,1.0,0,0,0,0,0,1,0,DISABLED,nan,0,-1,0,0.0,0
1427,141.33870431400283,260.0,4.0,154.0,473.0,260.0,4.0,154.0,473.0,260.0,4.0,154.0,473.0,held,nan,nan,nan,nan,,nan,0,nan,nan,nan,INITIALIZING,0.0,0.0,0.0,15.486779045249923,0,0,0,0.0,0.0,1.0,0,0,0,0,0,1,0,DISABLED,nan,0,-1,0,0.0,0
1428,141.396651654999,260.0,4.0,154.0,473.0,260.0,4.0,154.0,473.0,260.0,4.0,154.0,473.0,held,nan,nan,nan,nan,,nan,0,nan,nan,nan,INITIALIZING,0.0,0.0,0.0,17.257047222683344,0,0,0,0.0,0.0,1.0,0,0,0,0,0,1,0,DISABLED,nan,0,-1,0,0.0,0
1429,141.4643878880015,260.0,4.0,154.0,473.0,260.0,4.0,154.0,473.0,260.0,4.0,154.0,473.0,held,nan,nan,nan,nan,,nan,0,nan,nan,nan,INITIALIZING,0.0,0.0,0.0,14.763147516086415,0,0,0,0.0,0.0,1.0,0,0,0,0,0,1,0,DISABLED,nan,0,-1,0,0.0,0
1430,141.530777785003,260.0,4.0,154.0,473.0,260.0,4.0,154.0,473.0,260.0,4.0,154.0,473.0,held,nan,nan,nan,nan,,nan,0,nan,nan,nan,INITIALIZING,0.0,0.0,0.0,15.062532782320924,0,0,0,0.0,0.0,1.0,0,0,0,0,0,1,0,DISABLED,nan,0,-1,0,0.0,0
1431,141.59624906499812,260.0,4.0,154.0,473.0,260.0,4.0,154.0,473.0,260.0,4.0,154.0,473.0,held,nan,nan,nan,nan,,nan,0,nan,nan,nan,INITIALIZING,0.0,0.0,0.0,15.273872758783886,0,0,0,0.0,0.0,1.0,0,0,0,0,0,1,0,DISABLED,nan,0,-1,0,0.0,0
1432,141.66438666300382,260.0,4.0,154.0,473.0,260.0,4.0,154.0,473.0,260.0,4.0,154.0,473.0,held,nan,nan,nan,nan,,nan,0,nan,nan,nan,INITIALIZING,0.0,0.0,0.0,14.676185091177778,0,0,0,0.0,0.0,1.0,0,0,0,0,0,1,0,DISABLED,nan,0,-1,0,0.0,0
1433,141.73014545000478,260.0,4.0,154.0,473.0,260.0,4.0,154.0,473.0,260.0,4.0,154.0,473.0,held,nan,nan,nan,nan,,nan,0,nan,nan,nan,INITIALIZING,0.0,0.0,0.0,15.207093159814706,0,0,0,0.0,0.0,1.0,0,0,0,0,0,1,0,DISABLED,nan,0,-1,0,0.0,0
1434,141.79760839500523,260.0,4.0,154.0,473.0,260.0,4.0,154.0,473.0,260.0,4.0,154.0,473.0,held,nan,nan,nan,nan,,nan,0,nan,nan,nan,INITIALIZING,0.0,0.0,0.0,14.822952066403731,0,0,0,0.0,0.0,1.0,0,0,0,0,0,1,0,DISABLED,nan,0,-1,0,0.0,0
1435,141.87170869400143,260.0,4.0,154.0,473.0,260.0,4.0,154.0,473.0,260.0,4.0,154.0,473.0,held,nan,nan,nan,nan,,nan,0,nan,nan,nan,INITIALIZING,0.0,0.0,0.0,13.495222199458112,0,0,0,0.0,0.0,1.0,0,0,0,0,0,1,0,DISABLED,nan,0,-1,0,0.0,0
1436,141.9335106639992,260.0,4.0,154.0,473.0,260.0,4.0,154.0,473.0,260.0,4.0,154.0,473.0,held,nan,nan,nan,nan,,nan,0,nan,nan,nan,INITIALIZING,0.0,0.0,0.0,16.18071398106329,0,0,0,0.0,0.0,1.0,0,0,0,0,0,1,0,DISABLED,nan,0,-1,0,0.0,0
1437,142.0008917840023,260.0,4.0,154.0,473.0,260.0,4.0,154.0,473.0,260.0,4.0,154.0,473.0,held,nan,nan,nan,nan,,nan,0,nan,nan,nan,INITIALIZING,0.0,0.0,0.0,14.840952479770335,0,0,0,0.0,0.0,1.0,0,0,0,0,0,1,0,DISABLED,nan,0,-1,0,0.0,0
1438,142.06517975300085,260.0,4.0,154.0,473.0,260.0,4.0,154.0,473.0,260.0,4.0,154.0,473.0,held,nan,nan,nan,nan,,nan,0,nan,nan,nan,INITIALIZING,0.0,0.0,0.0,15.555009989857952,0,0,0,0.0,0.0,1.0,0,0,0,0,0,1,0,DISABLED,nan,0,-1,0,0.0,0
1439,142.13790788200276,260.0,4.0,154.0,473.0,260.0,4.0,154.0,473.0,260.0,4.0,154.0,473.0,held,nan,nan,nan,nan,,nan,0,nan,nan,nan,INITIALIZING,0.0,0.0,0.0,13.74983811248121,0,0,0,0.0,0.0,1.0,0,0,0,0,0,1,0,DISABLED,nan,0,-1,0,0.0,0
1440,142.2118184370047,260.0,4.0,154.0,473.0,260.0,4.0,154.0,473.0,260.0,4.0,154.0,473.0,held,nan,nan,nan,nan,,nan,0,nan,nan,nan,INITIALIZING,0.0,0.0,0.0,13.529867283148974,0,0,0,0.0,0.0,1.0,0,0,0,0,0,1,0,DISABLED,nan,0,-1,0,0.0,0
1441,142.27715830800298,260.0,4.0,154.0,473.0,260.0,4.0,154.0,473.0,260.0,4.0,154.0,473.0,held,nan,nan,nan,nan,,nan,0,nan,nan,nan,INITIALIZING,0.0,0.0,0.0,15.304590975183013,0,0,0,0.0,0.0,1.0,0,0,0,0,0,1,0,DISABLED,nan,0,-1,0,0.0,0
1442,142.33623338599864,260.0,4.0,154.0,473.0,260.0,4.0,154.0,473.0,260.0,4.0,154.0,473.0,held,nan,nan,nan,nan,,nan,0,nan,nan,nan,INITIALIZING,0.0,0.0,0.0,16.927612013876665,0,0,0,0.0,0.0,1.0,0,0,0,0,0,1,0,DISABLED,nan,0,-1,0,0.0,0
1443,142.39635583400377,260.0,4.0,154.0,473.0,260.0,4.0,154.0,473.0,260.0,4.0,154.0,473.0,held,nan,nan,nan,nan,,nan,0,nan,nan,nan,INITIALIZING,0.0,0.0,0.0,16.632722604951983,0,0,0,0.0,0.0,1.0,0,0,0,0,0,1,0,DISABLED,nan,0,-1,0,0.0,0
1444,142.46752158000163,260.0,4.0,154.0,473.0,260.0,4.0,154.0,473.0,260.0,4.0,154.0,473.0,held,nan,nan,nan,nan,,nan,0,nan,nan,nan,INITIALIZING,0.0,0.0,0.0,14.051704032303348,0,0,0,0.0,0.0,1.0,0,0,0,0,0,1,0,DISABLED,nan,0,-1,0,0.0,0
1445,142.5359964770032,260.0,4.0,154.0,473.0,260.0,4.0,154.0,473.0,260.0,4.0,154.0,473.0,held,nan,nan,nan,nan,,nan,0,nan,nan,nan,INITIALIZING,0.0,0.0,0.0,14.603891992374102,0,0,0,0.0,0.0,1.0,0,0,0,0,0,1,0,DISABLED,nan,0,-1,0,0.0,0
1446,142.59959219000302,260.0,4.0,154.0,473.0,260.0,4.0,154.0,473.0,260.0,4.0,154.0,473.0,held,nan,nan,nan,nan,,nan,0,nan,nan,nan,INITIALIZING,0.0,0.0,0.0,15.72433034916892,0,0,0,0.0,0.0,1.0,0,0,0,0,0,1,0,DISABLED,nan,0,-1,0,0.0,0
1447,142.74555455500376,254.10214233398438,4.0,154.0,473.0,254.10214233398438,4.0,154.0,473.0,257.93574981689454,4.0,154.0,473.0,tracker,nan,nan,nan,nan,0.6798381209373474,nan,0,nan,nan,nan,TRACKING,0.06342268700245768,0.0,2.1571990920056123,6.851081098849827,0,0,0,5.897857666015625,0.007372322082519531,1.0,0,0,0,0,0,1,0,DISABLED,nan,0,-1,0,0.0,0
1448,142.8127360340004,254.5,4.0,154.0,473.0,254.5,4.0,154.0,473.0,256.73323738098145,4.0,154.0,473.0,tracker,nan,nan,nan,nan,0.6835818886756897,nan,0,nan,nan,nan,TRACKING,0.0432226479970268,0.0,0.0,14.885054853435772,0,0,0,0.397857666015625,0.0004973220825195313,1.0,0,0,0,0,0,1,0,DISABLED,nan,0,-1,0,0.0,0
1449,142.88074868100375,254.5,4.0,154.0,473.0,254.5,4.0,154.0,473.0,255.95160429763794,4.0,154.0,473.0,tracker,nan,nan,nan,nan,0.6836556196212769,nan,0,nan,nan,nan,TRACKING,0.043640055002470035,0.0,0.0,14.703147782953506,0,0,0,0.0,0.0,1.0,0,0,0,0,0,1,0,DISABLED,nan,0,-1,0,0.0,0
1450,142.9546476730029,254.5,4.0,154.0,473.0,254.5,4.0,154.0,473.0,255.44354279346464,4.0,154.0,473.0,tracker,nan,nan,nan,nan,0.6787137389183044,nan,0,nan,nan,nan,TRACKING,0.044398094003554434,0.0,0.0,13.531984306516543,0,0,0,0.0,0.0,1.0,0,0,0,0,0,1,0,DISABLED,nan,0,-1,0,0.0,0
1451,143.0303512410028,254.5,4.0,154.0,473.0,254.5,4.0,154.0,473.0,255.113302815752,4.0,154.0,473.0,tracker,nan,nan,nan,nan,0.6810521483421326,nan,0,nan,nan,nan,TRACKING,0.05180281199864112,0.0,0.0,13.209417025120601,0,0,0,0.0,0.0,1.0,0,0,0,0,0,1,0,DISABLED,nan,0,-1,0,0.0,0
1452,143.11656517800293,254.5,4.0,154.0,473.0,254.5,4.0,154.0,473.0,254.8986468302388,4.0,154.0,473.0,tracker,nan,nan,nan,nan,0.6806331276893616,nan,0,nan,nan,nan,TRACKING,0.062103382995701395,0.0,0.0,11.599052714625378,0,0,0,0.0,0.0,1.0,0,0,0,0,0,1,0,DISABLED,nan,0,-1,0,0.0,0
1453,143.18711867000093,254.5,4.0,154.0,473.0,254.5,4.0,154.0,473.0,254.75912043965522,4.0,154.0,473.0,tracker,nan,nan,nan,nan,0.6981682181358337,nan,0,nan,nan,nan,TRACKING,0.042658831996959634,0.0,0.0,14.173642886852045,0,0,0,0.0,0.0,1.0,0,0,0,0,0,1,0,DISABLED,nan,0,-1,0,0.0,0
1454,143.25695813300263,254.5,4.0,154.0,473.0,254.5,4.0,154.0,473.0,254.6684282857759,4.0,154.0,473.0,tracker,nan,nan,nan,nan,0.6899795532226562,nan,0,nan,nan,nan,TRACKING,0.04091982999671018,0.0,0.0,14.318552248542778,0,0,0,0.0,0.0,1.0,0,0,0,0,0,1,0,DISABLED,nan,0,-1,0,0.0,0
1455,143.3284906070039,254.5,4.0,154.0,473.0,254.5,4.0,154.0,473.0,254.60947838575433,4.0,154.0,473.0,tracker,nan,nan,nan,nan,0.7050647139549255,nan,0,nan,nan,nan,TRACKING,0.043506404996151105,0.0,0.0,13.97966467624203,0,0,0,0.0,0.0,1.0,0,0,0,0,0,1,0,DISABLED,nan,0,-1,0,0.0,0
1456,143.40310149200377,254.5,4.0,154.0,473.0,254.5,4.0,154.0,473.0,254.5711609507403,4.0,154.0,473.0,tracker,nan,nan,nan,nan,0.7081077098846436,nan,0,nan,nan,nan,TRACKING,0.04989781600306742,0.0,0.0,13.402870104032747,0,0,0,0.0,0.0,1.0,0,0,0,0,0,1,0,DISABLED,nan,0,-1,0,0.0,0
1457,143.48226379300468,254.5,4.0,154.0,473.0,254.5,4.0,154.0,473.0,254.5462546179812,4.0,154.0,473.0,tracker,nan,nan,nan,nan,0.7083451747894287,nan,0,nan,nan,nan,TRACKING,0.04365463900467148,0.0,0.0,12.632275557383725,0,0,0,0.0,0.0,1.0,0,0,0,0,0,1,0,DISABLED,nan,0,-1,0,0.0,0
1458,143.54283416899852,254.5,4.0,154.0,473.0,254.5,4.0,154.0,473.0,254.53006550168777,4.0,154.0,473.0,tracker,nan,nan,nan,nan,0.7229355573654175,nan,0,nan,nan,nan,TRACKING,0.03540344100474613,0.0,0.0,16.50972085927897,0,0,0,0.0,0.0,1.0,0,0,0,0,0,1,0,DISABLED,nan,0,-1,0,0.0,0
1459,143.6147937900023,254.5,4.0,154.0,473.0,254.5,4.0,154.0,473.0,254.51954257609705,4.0,154.0,473.0,tracker,nan,nan,nan,nan,0.7365682125091553,nan,0,nan,nan,nan,TRACKING,0.047204571004840545,0.0,0.0,13.896682417874315,0,0,0,0.0,0.0,1.0,0,0,0,0,0,1,0,DISABLED,nan,0,-1,0,0.0,0
1460,143.84556885799975,254.5,4.0,154.0,473.0,254.5,4.0,154.0,473.0,196.0,0.0,221.0,480.0,detector,196.0,0.0,221.0,480.0,0.732848048210144,0.983639,1,0.6866704374057315,0.031256249375124966,1.4563026825183274,DETECTOR_CONFIRMED,0.046151836002536584,0.15601714899821673,0.0,4.333223725931362,0,0,0,0.0,0.0,1.0,0,0,0,0,0,1,0,DISABLED,nan,0,-1,0,0.0,0
1461,143.93270266200125,259.8978576660156,4.0,154.0,473.0,259.8978576660156,4.0,154.0,473.0,218.36425018310547,1.4,197.55,477.54999999999995,tracker,nan,nan,nan,nan,0.735045313835144,nan,0,nan,nan,nan,TRACKING,0.05671767499734415,0.0,0.0,11.47660212313041,0,0,0,5.397857666015625,0.006747322082519531,1.0,0,0,0,0,0,1,0,DISABLED,nan,0,-1,0,0.0,0
1462,143.99599060600303,259.5,4.0,154.0,473.0,259.5,4.0,154.0,473.0,232.76176261901855,2.3099999999999996,182.3075,475.9575,tracker,nan,nan,nan,nan,0.7572522163391113,nan,0,nan,nan,nan,TRACKING,0.039821833997848444,0.0,0.0,15.800797699665843,0,0,0,0.397857666015625,0.0004973220825195313,1.0,0,0,0,0,0,1,0,DISABLED,nan,0,-1,0,0.0,0
1463,144.05976267700316,259.5,4.0,154.0,473.0,259.5,4.0,154.0,473.0,242.12014570236207,2.9014999999999995,172.399875,474.922375,tracker,nan,nan,nan,nan,0.7592458724975586,nan,0,nan,nan,nan,TRACKING,0.039836053001636174,0.0,0.0,15.68084561653887,0,0,0,0.0,0.0,1.0,0,0,0,0,0,1,0,DISABLED,nan,0,-1,0,0.0,0
1464,144.13113072000124,259.5,4.0,154.0,473.0,259.5,4.0,154.0,473.0,248.20309470653532,3.2859749999999996,165.95991875,474.24954374999993,tracker,nan,nan,nan,nan,0.7595996856689453,nan,0,nan,nan,nan,TRACKING,0.04232127199793467,0.0,0.0,14.011873634071565,0,0,0,0.0,0.0,1.0,0,0,0,0,0,1,0,DISABLED,nan,0,-1,0,0.0,0
1465,144.21265698700154,264.8978576660156,4.0,154.0,473.0,264.8978576660156,4.0,154.0,473.0,254.04626174235344,3.5358837499999995,161.7739471875,473.8122034375,tracker,nan,nan,nan,nan,0.7364815473556519,nan,0,nan,nan,nan,TRACKING,0.05701408800086938,0.0,0.0,12.2659853908965,0,0,0,5.397857666015625,0.006747322082519531,1.0,0,0,0,0,0,1,0,DISABLED,nan,0,-1,0,0.0,0
1466,144.2815252799992,264.5,4.0,154.0,473.0,264.5,4.0,154.0,473.0,257.7050701325297,3.6983244374999997,159.053065671875,473.52793223437493,tracker,nan,nan,nan,nan,0.7266439199447632,nan,0,nan,nan,nan,TRACKING,0.04581521399813937,0.0,0.0,14.520470255217909,0,0,0,0.397857666015625,0.0004973220825195313,1.0,0,0,0,0,0,1,0,DISABLED,nan,0,-1,0,0.0,0
1467,144.36376297099923,264.5,4.0,154.0,473.0,264.5,4.0,154.0,473.0,260.08329558614435,3.803910884375,157.28449268671875,473.34315595234375,tracker,nan,nan,nan,nan,0.7200459837913513,nan,0,nan,nan,nan,TRACKING,0.05741357799706748,0.0,0.0,12.159874478959335,0,0,0,0.0,0.0,1.0,0,0,0,0,0,1,0,DISABLED,nan,0,-1,0,0.0,0
1468,144.4384512539982,264.5,4.0,154.0,473.0,264.5,4.0,154.0,473.0,261.62914213099384,3.87254207484375,156.1349202463672,473.22305136902344,tracker,nan,nan,nan,nan,0.7217108011245728,nan,0,nan,nan,nan,TRACKING,0.05011901900434168,0.0,0.0,13.388980973276542,0,0,0,0.0,0.0,1.0,0,0,0,0,0,1,0,DISABLED,nan,0,-1,0,0.0,0
1469,144.52064894400246,264.5,4.0,154.0,473.0,264.5,4.0,154.0,473.0,262.633942385146,3.9171523486484374,155.38769816013868,473.1449833898653,tracker,nan,nan,nan,nan,0.7212368845939636,nan,0,nan,nan,nan,TRACKING,0.052271417996962555,0.0,0.0,12.165792006421286,0,0,0,0.0,0.0,1.0,0,0,0,0,0,1,0,DISABLED,nan,0,-1,0,0.0,0
1470,144.59580182200443,264.5,4.0,154.0,473.0,264.5,4.0,154.0,473.0,263.2870625503449,3.9461490266214843,154.90200380409016,473.09423920341237,tracker,nan,nan,nan,nan,0.7058727741241455,nan,0,nan,nan,nan,TRACKING,0.049617079996096436,0.0,0.0,13.306210308722344,0,0,0,0.0,0.0,1.0,0,0,0,0,0,1,0,DISABLED,nan,0,-1,0,0.0,0
1471,144.71373212899925,264.5,4.0,154.0,473.0,264.5,4.0,154.0,473.0,263.7115906577242,3.964996867303965,154.58630247265862,473.06125548221803,tracker,nan,nan,nan,nan,0.7122478485107422,nan,0,nan,nan,nan,TRACKING,0.09357250700122677,0.0,0.0,8.479584472241799,0,0,0,0.0,0.0,1.0,0,0,0,0,0,1,0,DISABLED,nan,0,-1,0,0.0,0
1472,144.778329064,264.5,4.0,154.0,473.0,264.5,4.0,154.0,473.0,263.9875339275207,3.977247963747577,154.3810966072281,473.03981606344166,tracker,nan,nan,nan,nan,0.7392321228981018,nan,0,nan,nan,nan,TRACKING,0.04094352899846854,0.0,0.0,15.480610651087426,0,0,0,0.0,0.0,1.0,0,0,0,0,0,1,0,DISABLED,nan,0,-1,0,0.0,0
1473,144.84495521699864,264.5,4.0,154.0,473.0,264.5,4.0,154.0,473.0,264.16689705288843,3.985211176435925,154.24771279469826,473.02588044123706,tracker,nan,nan,nan,nan,0.7328567504882812,nan,0,nan,nan,nan,TRACKING,0.0423799189957208,0.0,0.0,15.009121118252793,0,0,0,0.0,0.0,1.0,0,0,0,0,0,1,0,DISABLED,nan,0,-1,0,0.0,0
1474,144.9291072269989,264.5,4.0,154.0,473.0,264.5,4.0,154.0,473.0,264.2834830843775,3.9903872646833514,154.16101331655386,473.0168222868041,tracker,nan,nan,nan,nan,0.7231442928314209,nan,0,nan,nan,nan,TRACKING,0.056526888998632785,0.0,0.0,11.883257452757194,0,0,0,0.0,0.0,1.0,0,0,0,0,0,1,0,DISABLED,nan,0,-1,0,0.0,0
1475,144.99973796000268,264.5,4.0,154.0,473.0,264.5,4.0,154.0,473.0,264.3592640048454,3.9937517220441783,154.10465865576,473.0109344864227,tracker,nan,nan,nan,nan,0.724256157875061,nan,0,nan,nan,nan,TRACKING,0.04289029599749483,0.0,0.0,14.158142744270528,0,0,0,0.0,0.0,1.0,0,0,0,0,0,1,0,DISABLED,nan,0,-1,0,0.0,0
1476,145.08228420100204,264.5,4.0,154.0,473.0,264.5,4.0,154.0,473.0,264.4085216031495,3.995938619328716,154.068028126244,473.0071074161748,tracker,nan,nan,nan,nan,0.7294269800186157,nan,0,nan,nan,nan,TRACKING,0.05776353500550613,0.0,0.0,12.11442202447126,0,0,0,0.0,0.0,1.0,0,0,0,0,0,1,0,DISABLED,nan,0,-1,0,0.0,0
1477,145.1581954830035,264.5,4.0,154.0,473.0,264.5,4.0,154.0,473.0,264.44053904204713,3.9973601025636656,154.0442182820586,473.00461982051365,tracker,nan,nan,nan,nan,0.7272325158119202,nan,0,nan,nan,nan,TRACKING,0.0490507120048278,0.0,0.0,13.173272452184726,0,0,0,0.0,0.0,1.0,0,0,0,0,0,1,0,DISABLED,nan,0,-1,0,0.0,0
1478,145.22509987200465,264.5,4.0,154.0,473.0,264.5,4.0,154.0,473.0,264.46135037733063,3.9982840666663826,154.02874188333809,473.0030028833339,tracker,nan,nan,nan,nan,0.718837320804596,nan,0,nan,nan,nan,TRACKING,0.043187283001316246,0.0,0.0,14.946702524747517,0,0,0,0.0,0.0,1.0,0,0,0,0,0,1,0,DISABLED,nan,0,-1,0,0.0,0
1479,145.30223816500074,264.5,4.0,154.0,473.0,264.5,4.0,154.0,473.0,264.4748777452649,3.998884643333149,154.01868222416977,473.00195187416705,tracker,nan,nan,nan,nan,0.7308187484741211,nan,0,nan,nan,nan,TRACKING,0.05224995799653698,0.0,0.0,12.963729960301363,0,0,0,0.0,0.0,1.0,0,0,0,0,0,1,0,DISABLED,nan,0,-1,0,0.0,0
1480,145.55913539999892,264.5,4.0,154.0,473.0,264.5,4.0,154.0,473.0,276.0,9.0,142.0,470.0,detector,276.0,9.0,142.0,470.0,0.7295944094657898,0.98306,1,0.9087875721357657,0.008149003006503312,1.0914294276296075,DETECTOR_CONFIRMED,0.043831153998326045,0.18685250700218603,0.0,3.89260709640216,0,0,0,0.0,0.0,1.0,0,0,0,0,0,1,0,DISABLED,nan,0,-1,0,0.0,0
1481,145.64976345900504,259.1021423339844,4.0,154.0,473.0,259.1021423339844,4.0,154.0,473.0,270.0857498168945,7.25,146.2,471.04999999999995,tracker,nan,nan,nan,nan,0.7568953633308411,nan,0,nan,nan,nan,TRACKING,0.05779770200024359,0.0,0.0,11.034110307189245,0,0,0,5.397857666015625,0.006747322082519531,1.0,0,0,0,0,0,1,0,DISABLED,nan,0,-1,0,0.0,0
1482,145.7261733990017,259.5,4.0,154.0,473.0,259.5,4.0,154.0,473.0,266.38073738098143,6.112500000000001,148.93,471.73249999999996,tracker,nan,nan,nan,nan,0.765123724937439,nan,0,nan,nan,nan,TRACKING,0.048777527998026926,0.0,0.0,13.087302516448013,0,0,0,0.397857666015625,0.0004973220825195313,1.0,0,0,0,0,0,1,0,DISABLED,nan,0,-1,0,0.0,0
1483,145.79544748300395,259.5,4.0,154.0,473.0,259.5,4.0,154.0,473.0,263.97247929763796,5.373125,150.7045,472.17612499999996,tracker,nan,nan,nan,nan,0.784995436668396,nan,0,nan,nan,nan,TRACKING,0.043526873996597715,0.0,0.0,14.435412815672732,0,0,0,0.0,0.0,1.0,0,0,0,0,0,1,0,DISABLED,nan,0,-1,0,0.0,0
1484,145.86912605300313,259.5,4.0,154.0,473.0,259.5,4.0,154.0,473.0,262.4071115434647,4.892531249999999,151.857925,472.46448124999995,tracker,nan,nan,nan,nan,0.7716746926307678,nan,0,nan,nan,nan,TRACKING,0.047063109996088315,0.0,0.0,13.57246754397117,0,0,0,0.0,0.0,1.0,0,0,0,0,0,1,0,DISABLED,nan,0,-1,0,0.0,0
1485,145.94610236200242,254.10214233398438,4.0,154.0,473.0,254.10214233398438,4.0,154.0,473.0,259.5003723201466,4.580145312499999,152.60765125,472.6519128125,tracker,nan,nan,nan,nan,0.7385773658752441,nan,0,nan,nan,nan,TRACKING,0.04942629399738507,0.0,0.0,12.99101000035214,0,0,0,5.397857666015625,0.006747322082519531,1.0,0,0,0,0,0,1,0,DISABLED,nan,0,-1,0,0.0,0
1486,146.02362139300385,254.5,4.0,154.0,473.0,254.5,4.0,154.0,473.0,257.75024200809526,4.377094453124999,153.0949733125,472.77374332812497,tracker,nan,nan,nan,nan,0.7550355195999146,nan,0,nan,nan,nan,TRACKING,0.05274715800624108,0.0,0.0,12.900058051313346,0,0,0,0.397857666015625,0.0004973220825195313,1.0,0,0,0,0,0,1,0,DISABLED,nan,0,-1,0,0.0,0
1487,146.09002858299937,254.5,4.0,154.0,473.0,254.5,4.0,154.0,473.0,256.6126573052619,4.24511139453125,153.411732653125,472.85293316328125,tracker,nan,nan,nan,nan,0.7391255497932434,nan,0,nan,nan,nan,TRACKING,0.0412435890029883,0.0,0.0,15.058610371369749,0,0,0,0.0,0.0,1.0,0,0,0,0,0,1,0,DISABLED,nan,0,-1,0,0.0,0
1488,146.16174689499894,254.5,4.0,154.0,473.0,254.5,4.0,154.0,473.0,255.87322724842022,4.1593224064453125,153.61762622453125,472.9044065561328,tracker,nan,nan,nan,nan,0.7300328016281128,nan,0,nan,nan,nan,TRACKING,0.042917484999634326,0.0,0.0,13.943440275140924,0,0,0,0.0,0.0,1.0,0,0,0,0,0,1,0,DISABLED,nan,0,-1,0,0.0,0
1489,146.23671461200138,254.5,4.0,154.0,473.0,254.5,4.0,154.0,473.0,255.39259771147314,4.103559564189453,153.7514570459453,472.9378642614863,tracker,nan,nan,nan,nan,0.7163389325141907,nan,0,nan,nan,nan,TRACKING,0.0451460819967906,0.0,0.0,13.339075004344775,0,0,0,0.0,0.0,1.0,0,0,0,0,0,1,0,DISABLED,nan,0,-1,0,0.0,0
1490,146.30388952900103,254.5,4.0,154.0,473.0,254.5,4.0,154.0,473.0,255.08018851245754,4.067313716723144,153.83844707986444,472.95961176996605,tracker,nan,nan,nan,nan,0.7175358533859253,nan,0,nan,nan,nan,TRACKING,0.043087957994430326,0.0,0.0,14.886508903393942,0,0,0,0.0,0.0,1.0,0,0,0,0,0,1,0,DISABLED,nan,0,-1,0,0.0,0
1491,146.37445026000205,254.5,4.0,154.0,473.0,254.5,4.0,154.0,473.0,254.8771225330974,4.0437539158700435,153.8949906019119,472.9737476504779,tracker,nan,nan,nan,nan,0.7331863045692444,nan,0,nan,nan,nan,TRACKING,0.04573307600367116,0.0,0.0,14.172188777147056,0,0,0,0.0,0.0,1.0,0,0,0,0,0,1,0,DISABLED,nan,0,-1,0,0.0,0
1492,146.4402075370017,254.5,4.0,154.0,473.0,254.5,4.0,154.0,473.0,254.7451296465133,4.028440045315529,153.93174389124275,472.98293597281065,tracker,nan,nan,nan,nan,0.752836287021637,nan,0,nan,nan,nan,TRACKING,0.03970073699747445,0.0,0.0,15.207442364217076,0,0,0,0.0,0.0,1.0,0,0,0,0,0,1,0,DISABLED,nan,0,-1,0,0.0,0
1493,146.53612718699878,259.8978576660156,4.0,154.0,473.0,259.8978576660156,4.0,154.0,473.0,256.5485844533391,4.018486029455094,153.9556335293078,472.98890838232694,tracker,nan,nan,nan,nan,0.7372390627861023,nan,0,nan,nan,nan,TRACKING,0.060544230000232346,0.0,0.0,10.425392503312738,0,0,0,5.397857666015625,0.006747322082519531,1.0,0,0,0,0,0,1,0,DISABLED,nan,0,-1,0,0.0,0
1494,146.6073260589983,259.5,4.0,154.0,473.0,259.5,4.0,154.0,473.0,257.5815798946704,4.012015919145811,153.97116179405006,472.99279044851255,tracker,nan,nan,nan,nan,0.7455821633338928,nan,0,nan,nan,nan,TRACKING,0.04901529400376603,0.0,0.0,14.045166333630046,0,0,0,0.397857666015625,0.0004973220825195313,1.0,0,0,0,0,0,1,0,DISABLED,nan,0,-1,0,0.0,0
1495,146.68026200600434,264.8978576660156,4.0,154.0,473.0,264.8978576660156,4.0,154.0,473.0,260.1422771146413,4.007810347444777,153.98125516613254,472.99531379153314,tracker,nan,nan,nan,nan,0.717243492603302,nan,0,nan,nan,nan,TRACKING,0.048797318995639216,0.0,0.0,13.710660395170116,0,0,0,5.397857666015625,0.006747322082519531,1.0,0,0,0,0,0,1,0,DISABLED,nan,0,-1,0,0.0,0
1496,146.80263893500523,269.8978576660156,4.0,154.0,473.0,269.8978576660156,4.0,154.0,473.0,263.5567303076223,4.005076725839105,153.98781585798616,472.9969539644966,tracker,nan,nan,nan,nan,0.6781857013702393,nan,0,nan,nan,nan,TRACKING,0.09524353899905691,0.0,0.0,8.171474870011664,0,0,0,5.0,0.00625,1.0,0,0,0,0,0,1,0,DISABLED,nan,0,-1,0,0.0,0
1497,146.88222473600035,285.69354248046875,4.0,154.0,473.0,285.69354248046875,4.0,154.0,473.0,271.3046145681185,4.003299871795418,153.992080307691,472.9980200769228,tracker,nan,nan,nan,nan,0.6331192851066589,nan,0,nan,nan,nan,TRACKING,0.05475116700108629,0.0,0.0,12.565055418130818,0,0,0,15.795684814453125,0.019744606018066407,1.0,0,0,0,0,0,1,0,DISABLED,nan,0,-1,0,0.0,0
1498,146.96430372600298,290.8978576660156,9.397857666015625,154.0,473.0,290.8978576660156,9.397857666015625,154.0,473.0,278.16224965238246,5.89139509977249,153.99485219999914,472.99871304999976,tracker,nan,nan,nan,nan,0.5733560919761658,nan,0,nan,nan,nan,TRACKING,0.056730748001427855,0.0,0.0,12.183385784449552,0,0,0,7.4981173592494175,0.009372646699061772,1.0,0,0,0,0,0,1,0,DISABLED,nan,0,-1,0,0.0,0
1499,147.0433372740008,301.29571533203125,9.0,154.0,473.0,301.29571533203125,9.0,154.0,473.0,286.25896264025954,6.979406814852119,153.99665392999944,472.99916348249985,tracker,nan,nan,nan,nan,0.5270695090293884,nan,0,nan,nan,nan,TRACKING,0.05425422799453372,0.0,0.0,12.6528547095916,0,0,0,10.40546658084717,0.013006833226058962,1.0,0,0,0,0,0,1,0,DISABLED,nan,0,-1,0,0.0,0
1500,147.3046562870004,312.29571533203125,3.602142333984375,154.0,473.0,312.29571533203125,3.602142333984375,154.0,473.0,286.25896264025954,6.979406814852119,153.99665392999944,472.99916348249985,held,nan,nan,nan,nan,0.5207245349884033,nan,0,nan,nan,nan,SUSPECTED_LOST,0.05638907300453866,0.17975769399345154,0.0,3.8267403068813755,0,0,0,12.253035027394791,0.01531629378424349,1.0,0,0,0,0,0,1,0,DISABLED,nan,0,-1,0,0.0,0
1501,147.5734788750051,328.69354248046875,9.397857666015625,154.0,473.0,328.69354248046875,9.397857666015625,154.0,473.0,321.0,0.0,181.0,475.0,detector,321.0,0.0,181.0,475.0,0.4912911355495453,0.795686,1,0.8230882248467483,0.012762185494703338,1.1802943356854563,LOW_CONFIDENCE,0.05479080399527447,0.1862575960039976,0.0,3.7199254996478657,1,0,0,17.391924890591497,0.021739906113239373,1.0,0,0,0,0,0,1,0,DISABLED,nan,0,-1,0,0.0,0
1502,147.87071613500302,339.29571533203125,9.0,154.0,473.0,339.29571533203125,9.0,154.0,473.0,333.0,0.0,186.0,480.0,detector,333.0,0.0,186.0,480.0,0.43972569704055786,0.944855,1,0.8096396838862348,0.013943140165786573,1.2256665110787732,LOW_CONFIDENCE,0.04729129200131865,0.21957728800043697,0.0,3.364315765819436,1,0,0,10.609635238631737,0.013262044048289671,1.0,0,0,0,0,0,1,0,DISABLED,nan,0,-1,0,0.0,0
1503,148.10681618100352,350.29571533203125,9.0,154.0,473.0,350.29571533203125,9.0,154.0,473.0,340.0,0.0,192.0,480.0,detector,340.0,0.0,192.0,480.0,0.4105715751647949,0.985464,1,0.7844227192109703,0.01287042221900154,1.2652041404684111,LOW_CONFIDENCE,0.05919747699954314,0.1439602310056216,0.0,4.235492609763725,1,0,0,11.0,0.01375,1.0,0,0,0,0,0,1,0,DISABLED,nan,0,-1,0,0.0,0
1504,148.3612151769994,350.5,9.0,154.0,473.0,350.5,9.0,154.0,473.0,336.0,0.0,201.0,479.0,detector,336.0,0.0,201.0,479.0,0.42110446095466614,0.985505,1,0.7481832935363496,0.01352081728298996,1.321751187501716,LOW_CONFIDENCE,0.041328485996928066,0.1852126230005524,0.0,3.9308331233203107,1,0,0,0.20428466796875,0.0002553558349609375,1.0,0,0,0,0,0,1,0,DISABLED,nan,0,-1,0,0.0,0
1505,148.62810526799876,350.5,9.0,154.0,473.0,350.5,9.0,154.0,473.0,339.0,0.0,195.0,480.0,detector,339.0,0.0,195.0,480.0,0.4325377345085144,0.984707,1,0.7723942582101632,0.013184389443580618,1.28497295516323,LOW_CONFIDENCE,0.04929837400413817,0.1867969329978223,0.0,3.7468607255350204,1,0,0,0.0,0.0,1.0,0,0,0,0,0,1,0,DISABLED,nan,0,-1,0,0.0,0
1506,148.90847382300126,345.1021423339844,9.0,154.0,473.0,345.1021423339844,9.0,154.0,473.0,337.0,0.0,190.0,480.0,detector,337.0,0.0,190.0,480.0,0.4634607136249542,0.979839,1,0.7926520085675569,0.01415415058255353,1.2520249306718652,LOW_CONFIDENCE,0.056358759000431746,0.19174419200135162,0.0,3.5667337943482833,1,0,0,5.397857666015625,0.006747322082519531,1.0,0,0,0,0,0,1,0,DISABLED,nan,0,-1,0,0.0,0
1507,148.9919331600031,329.30645751953125,9.0,154.0,473.0,329.30645751953125,9.0,154.0,473.0,334.30726013183596,3.15,177.4,476.85,tracker,nan,nan,nan,nan,0.515648365020752,nan,0,nan,nan,nan,TRACKING,0.052166050001687836,0.0,0.0,11.981882865639596,0,0,0,15.795684814453125,0.019744606018066407,1.0,0,0,0,0,0,1,0,DISABLED,nan,0,-1,0,0.0,0
1508,149.0729852479999,324.1021423339844,9.0,154.0,473.0,324.1021423339844,9.0,154.0,473.0,330.7354689025879,5.1975,169.21,474.8025,tracker,nan,nan,nan,nan,0.5230644345283508,nan,0,nan,nan,nan,TRACKING,0.056857679002860095,0.0,0.0,12.337745081157424,0,0,0,5.204315185546875,0.006505393981933593,1.0,0,0,0,0,0,1,0,DISABLED,nan,0,-1,0,0.0,0
1509,149.14998161000403,319.1021423339844,9.0,154.0,473.0,319.1021423339844,9.0,154.0,473.0,326.6638046035767,6.5283750000000005,163.8865,473.471625,tracker,nan,nan,nan,nan,0.5461483597755432,nan,0,nan,nan,nan,TRACKING,0.05144087599910563,0.0,0.0,12.987626609504698,0,0,0,5.0,0.00625,1.0,0,0,0,0,0,1,0,DISABLED,nan,0,-1,0,0.0,0
1510,149.21846525800356,319.5,9.0,154.0,473.0,319.5,9.0,154.0,473.0,324.15647299232484,7.393443750000001,160.42622500000002,472.60655625,tracker,nan,nan,nan,nan,0.5451288819313049,nan,0,nan,nan,nan,TRACKING,0.044669455994153395,0.0,0.0,14.602025873488623,0,0,0,0.397857666015625,0.0004973220825195313,1.0,0,0,0,0,0,1,0,DISABLED,nan,0,-1,0,0.0,0
1511,149.299133378001,314.1021423339844,9.0,154.0,473.0,314.1021423339844,9.0,154.0,473.0,320.6374572619057,7.955738437500001,158.17704625000002,472.0442615625,tracker,nan,nan,nan,nan,0.5393913984298706,nan,0,nan,nan,nan,TRACKING,0.056006928003625944,0.0,0.0,12.396470873895456,0,0,0,5.397857666015625,0.006747322082519531,1.0,0,0,0,0,0,1,0,DISABLED,nan,0,-1,0,0.0,0
1512,149.36998270999902,314.5,9.0,154.0,473.0,314.5,9.0,154.0,473.0,318.4893472202387,8.321229984375,156.71508006250002,471.678770015625,tracker,nan,nan,nan,nan,0.5613507628440857,nan,0,nan,nan,nan,TRACKING,0.04650554399995599,0.0,0.0,14.114459117663337,0,0,0,0.397857666015625,0.0004973220825195313,1.0,0,0,0,0,0,1,0,DISABLED,nan,0,-1,0,0.0,0
1513,149.4417296169995,314.5,9.0,154.0,473.0,314.5,9.0,154.0,473.0,317.09307569315513,8.55879948984375,155.76480204062503,471.44120051015625,tracker,nan,nan,nan,nan,0.5644218325614929,nan,0,nan,nan,nan,TRACKING,0.047210404998622835,0.0,0.0,13.937883064327727,0,0,0,0.0,0.0,1.0,0,0,0,0,0,1,0,DISABLED,nan,0,-1,0,0.0,0
1514,149.51377517700166,314.5,9.0,154.0,473.0,314.5,9.0,154.0,473.0,316.1854992005508,8.713219668398438,155.14712132640628,471.28678033160156,tracker,nan,nan,nan,nan,0.5425010919570923,nan,0,nan,nan,nan,TRACKING,0.04560749999654945,0.0,0.0,13.8801058659288,0,0,0,0.0,0.0,1.0,0,0,0,0,0,1,0,DISABLED,nan,0,-1,0,0.0,0
1515,149.5869221719986,314.5,9.0,154.0,473.0,314.5,9.0,154.0,473.0,315.595574480358,8.813592784458985,154.7456288621641,471.186407215541,tracker,nan,nan,nan,nan,0.5301445126533508,nan,0,nan,nan,nan,TRACKING,0.04421256900241133,0.0,0.0,13.671101595382536,0,0,0,0.0,0.0,1.0,0,0,0,0,0,1,0,DISABLED,nan,0,-1,0,0.0,0
1516,149.67465750100382,319.8978576660156,9.0,154.0,473.0,319.8978576660156,9.0,154.0,473.0,317.10137359533815,8.87883530989834,154.48465876040666,471.12116469010164,tracker,nan,nan,nan,nan,0.5009030699729919,nan,0,nan,nan,nan,TRACKING,0.05647303300065687,0.0,0.0,11.397917023146098,0,0,0,5.397857666015625,0.006747322082519531,1.0,0,0,0,0,0,1,0,DISABLED,nan,0,-1,0,0.0,0
1517,149.7585399210002,324.8978576660156,9.0,154.0,473.0,324.8978576660156,9.0,154.0,473.0,319.8301430200753,8.921242951433921,154.31502819426433,471.0787570485661,tracker,nan,nan,nan,nan,0.509128212928772,nan,0,nan,nan,nan,TRACKING,0.05931060500006424,0.0,0.0,11.921449095570473,0,0,0,5.0,0.00625,1.0,0,0,0,0,0,1,0,DISABLED,nan,0,-1,0,0.0,0
1518,150.02471223400062,329.8978576660156,9.0,154.0,473.0,329.8978576660156,9.0,154.0,473.0,325.0,0.0,182.0,480.0,detector,325.0,0.0,182.0,480.0,0.47695159912109375,0.865229,1,0.8273714468221016,0.013293501412115723,1.1993080914856813,LOW_CONFIDENCE,0.0458778709944454,0.19431436200102326,0.0,3.7569647598862175,1,0,0,5.0,0.00625,1.0,0,0,0,0,0,1,0,DISABLED,nan,0,-1,0,0.0,0
1519,150.27657918700424,356.4892578125,9.0,154.0,473.0,356.4892578125,9.0,154.0,473.0,338.0,0.0,207.0,480.0,detector,338.0,0.0,207.0,480.0,0.3857709765434265,0.981745,1,0.7277561504193923,0.012146372297585417,1.3640482139425056,LOW_CONFIDENCE,0.057250657002441585,0.16805213900079252,0.0,3.9703501712890326,1,0,0,26.591400146484375,0.033239250183105466,1.0,0,0,0,0,0,1,0,DISABLED,nan,0,-1,0,0.0,0
1520,150.5171989310038,367.29571533203125,19.795700073242188,154.0,473.0,367.29571533203125,19.795700073242188,154.0,473.0,366.0,0.0,199.0,480.0,detector,366.0,0.0,199.0,480.0,0.3385350704193115,0.991152,1,0.7269573415002859,0.03342836391910787,1.311331374756322,LOW_CONFIDENCE,0.06038797599467216,0.14254181100113783,0.0,4.155934934424296,1,0,0,15.2750340160942,0.01909379252011775,1.0,0,0,0,0,0,1,0,DISABLED,nan,0,-1,0,0.0,0
1521,150.81541626700346,372.8978576660156,25.397857666015625,154.0,473.0,372.8978576660156,25.397857666015625,154.0,473.0,364.0,0.0,218.0,480.0,detector,364.0,0.0,218.0,480.0,0.3639747202396393,0.972785,1,0.6514059716146364,0.03978899719891072,1.4365338678235084,LOW_CONFIDENCE,0.0935778200000641,0.1621345419989666,0.0,3.3532591143566717,1,0,0,7.922636456665734,0.009903295570832167,1.0,0,0,0,0,0,1,0,DISABLED,nan,0,-1,0,0.0,0
1522,151.0959319090034,367.1021423339844,25.0,154.0,473.0,367.1021423339844,25.0,154.0,473.0,360.0,0.0,203.0,480.0,detector,360.0,0.0,203.0,480.0,0.3653979003429413,0.985431,1,0.6992176585638447,0.03457183308360784,1.3376897943494137,LOW_CONFIDENCE,0.051047532993834466,0.20307635299832327,0.0,3.564863595022487,1,0,0,5.809355121900322,0.007261693902375402,1.0,0,0,0,0,0,1,0,DISABLED,nan,0,-1,0,0.0,0
1523,151.32421983300446,351.30645751953125,8.806442260742188,154.0,473.0,351.30645751953125,8.806442260742188,154.0,473.0,329.0,0.0,216.0,480.0,detector,329.0,0.0,216.0,480.0,0.4540502727031708,0.892764,1,0.698009521138584,0.012731359555634748,1.4233546580269625,LOW_CONFIDENCE,0.05134556099801557,0.14581809099763632,0.0,4.38043319363399,1,0,0,22.62155987133119,0.028276949839163987,1.0,0,0,0,0,0,1,0,DISABLED,nan,0,-1,0,0.0,0
1524,151.42045365700324,313.71502685546875,9.0,154.0,473.0,313.71502685546875,9.0,154.0,473.0,323.65025939941404,3.15,194.3,476.85,tracker,nan,nan,nan,nan,0.5466896295547485,nan,0,nan,nan,nan,TRACKING,0.05855246000282932,0.0,0.0,10.391356785455706,0,0,0,37.59192897377634,0.046989911217220424,1.0,0,0,0,0,0,1,0,DISABLED,nan,0,-1,0,0.0,0
1525,151.50717781500134,308.1021423339844,9.0,154.0,473.0,308.1021423339844,9.0,154.0,473.0,318.2084184265136,5.1975,180.19500000000002,474.8025,tracker,nan,nan,nan,nan,0.6245836019515991,nan,0,nan,nan,nan,TRACKING,0.055558427004143596,0.0,0.0,11.530812441232868,0,0,0,5.612884521484375,0.007016105651855469,1.0,0,0,0,0,0,1,0,DISABLED,nan,0,-1,0,0.0,0
1526,151.58087409400468,303.1021423339844,9.0,154.0,473.0,303.1021423339844,9.0,154.0,473.0,312.92122179412837,6.5283750000000005,171.02675000000002,473.471625,tracker,nan,nan,nan,nan,0.6249487996101379,nan,0,nan,nan,nan,TRACKING,0.049548796996532474,0.0,0.0,13.56920611900415,0,0,0,5.0,0.00625,1.0,0,0,0,0,0,1,0,DISABLED,nan,0,-1,0,0.0,0
1527,151.6629835010026,298.1021423339844,3.602142333984375,154.0,473.0,298.1021423339844,3.602142333984375,154.0,473.0,307.73454398307797,5.504193566894532,165.06738750000002,473.30655624999997,tracker,nan,nan,nan,nan,0.5984828472137451,nan,0,nan,nan,nan,TRACKING,0.05417214200133458,0.0,0.0,12.178872513662029,0,0,0,7.357775980727033,0.00919721997590879,1.0,0,0,0,0,0,1,0,DISABLED,nan,0,-1,0,0.0,0
1528,151.73859086900484,293.1021423339844,4.0,154.0,473.0,293.1021423339844,4.0,154.0,473.0,302.6132034058952,4.977725818481446,161.19380187500002,473.19926156249994,tracker,nan,nan,nan,nan,0.6210581064224243,nan,0,nan,nan,nan,TRACKING,0.04996198500157334,0.0,0.0,13.226224195112794,0,0,0,5.015804095297922,0.006269755119122402,1.0,0,0,0,0,0,1,0,DISABLED,nan,0,-1,0,0.0,0
1529,151.80880846700165,293.5,4.0,154.0,473.0,293.5,4.0,154.0,473.0,299.4235822138319,4.6355217820129395,158.67597121875002,473.12952001562496,tracker,nan,nan,nan,nan,0.6225736141204834,nan,0,nan,nan,nan,TRACKING,0.0417830820006202,0.0,0.0,14.241444146883865,0,0,0,0.397857666015625,0.0004973220825195313,1.0,0,0,0,0,0,1,0,DISABLED,nan,0,-1,0,0.0,0
1530,151.8846231839998,293.5,4.0,154.0,473.0,293.5,4.0,154.0,473.0,297.3503284389907,4.413089158308411,157.03938129218753,473.08418801015625,tracker,nan,nan,nan,nan,0.6075049042701721,nan,0,nan,nan,nan,TRACKING,0.0468584690024727,0.0,0.0,13.190051214259016,0,0,0,0.0,0.0,1.0,0,0,0,0,0,1,0,DISABLED,nan,0,-1,0,0.0,0
1531,151.9542680070008,293.5,4.0,154.0,473.0,293.5,4.0,154.0,473.0,296.002713485344,4.2685079529004675,155.9755978399219,473.0547222066016,tracker,nan,nan,nan,nan,0.6159060597419739,nan,0,nan,nan,nan,TRACKING,0.04299384100158932,0.0,0.0,14.358569049499248,0,0,0,0.0,0.0,1.0,0,0,0,0,0,1,0,DISABLED,nan,0,-1,0,0.0,0
1532,152.031119365005,298.8978576660156,4.0,154.0,473.0,298.8978576660156,4.0,154.0,473.0,297.01601394857903,4.174530169385304,155.28413859594923,473.035569434291,tracker,nan,nan,nan,nan,0.6001997590065002,nan,0,nan,nan,nan,TRACKING,0.05288299499807181,0.0,0.0,13.012131808331596,0,0,0,5.397857666015625,0.006747322082519531,1.0,0,0,0,0,0,1,0,DISABLED,nan,0,-1,0,0.0,0
1533,152.10453396999947,298.5,4.0,154.0,473.0,298.5,4.0,154.0,473.0,297.53540906657634,4.113444610100448,154.834690087367,473.02312013228914,tracker,nan,nan,nan,nan,0.6293227672576904,nan,0,nan,nan,nan,TRACKING,0.04454721299407538,0.0,0.0,13.621267867277192,0,0,0,0.397857666015625,0.0004973220825195313,1.0,0,0,0,0,0,1,0,DISABLED,nan,0,-1,0,0.0,0
1534,152.1753081440038,298.5,4.0,154.0,473.0,298.5,4.0,154.0,473.0,297.8730158932746,4.073738996565291,154.54254855678855,473.015028085988,tracker,nan,nan,nan,nan,0.6210836172103882,nan,0,nan,nan,nan,TRACKING,0.04478029199526645,0.0,0.0,14.129447839813075,0,0,0,0.0,0.0,1.0,0,0,0,0,0,1,0,DISABLED,nan,0,-1,0,0.0,0
1535,152.25449664400367,298.5,4.0,154.0,473.0,298.5,4.0,154.0,473.0,298.0924603306285,4.047930347767439,154.35265656191257,473.00976825589214,tracker,nan,nan,nan,nan,0.6222353577613831,nan,0,nan,nan,nan,TRACKING,0.053423478006152436,0.0,0.0,12.6280962513699,0,0,0,0.0,0.0,1.0,0,0,0,0,0,1,0,DISABLED,nan,0,-1,0,0.0,0
1536,152.3412321049982,293.1021423339844,4.0,154.0,473.0,293.1021423339844,4.0,154.0,473.0,296.345849031803,4.031154726048835,154.22922676524317,473.0063493663299,tracker,nan,nan,nan,nan,0.6372100710868835,nan,0,nan,nan,nan,TRACKING,0.0589921589998994,0.0,0.0,11.529309794791295,0,0,0,5.397857666015625,0.006747322082519531,1.0,0,0,0,0,0,1,0,DISABLED,nan,0,-1,0,0.0,0
1537,152.42788464700425,288.1021423339844,4.0,154.0,473.0,288.1021423339844,4.0,154.0,473.0,293.4605516875665,4.020250571931743,154.14899739740807,473.0041270881144,tracker,nan,nan,nan,nan,0.6499760150909424,nan,0,nan,nan,nan,TRACKING,0.06171743600134505,0.0,0.0,11.540342347142955,0,0,0,5.0,0.00625,1.0,0,0,0,0,0,1,0,DISABLED,nan,0,-1,0,0.0,0
1538,152.50654011300503,283.1021423339844,4.0,154.0,473.0,283.1021423339844,4.0,154.0,473.0,289.8351084138128,4.0131628717556325,154.09684830831526,473.0026826072743,tracker,nan,nan,nan,nan,0.6657825708389282,nan,0,nan,nan,nan,TRACKING,0.054181256993615534,0.0,0.0,12.71367459688121,0,0,0,5.0,0.00625,1.0,0,0,0,0,0,1,0,DISABLED,nan,0,-1,0,0.0,0
1539,152.5864972260024,278.1021423339844,4.0,154.0,473.0,278.1021423339844,4.0,154.0,473.0,285.7285702858728,4.008555866641161,154.06295140040493,473.00174369472825,tracker,nan,nan,nan,nan,0.7091364860534668,nan,0,nan,nan,nan,TRACKING,0.05113347199949203,0.0,0.0,12.506704688461951,0,0,0,5.0,0.00625,1.0,0,0,0,0,0,1,0,DISABLED,nan,0,-1,0,0.0,0
1540,152.9115458619999,273.1021423339844,4.0,154.0,473.0,273.1021423339844,4.0,154.0,473.0,252.0,7.0,188.0,467.0,detector,252.0,7.0,188.0,467.0,0.7351798415184021,0.992217,1,0.8106176735798016,0.005127677917480469,1.2052936492682793,DETECTOR_CONFIRMED,0.04875096500472864,0.24968398200144293,0.0,3.076462686672017,0,0,0,5.0,0.00625,1.0,0,0,0,0,0,1,0,DISABLED,nan,0,-1,0,0.0,0
1541,153.00029496700154,241.11288452148438,-1.397857666015625,154.0,473.0,241.11288452148438,-1.397857666015625,154.0,473.0,248.18950958251952,4.060749816894531,176.1,469.1,tracker,nan,nan,nan,nan,0.6238828897476196,nan,0,nan,nan,nan,TRACKING,0.05739545300457394,0.0,0.0,11.267719262990747,0,0,0,32.44147781432215,0.04055184726790269,1.0,0,0,0,0,0,1,0,DISABLED,nan,0,-1,0,0.0,0
1542,153.07213979300286,236.10214233398438,-1.0,154.0,473.0,236.10214233398438,-1.0,154.0,473.0,243.9589310455322,2.2894873809814453,168.365,470.46500000000003,tracker,nan,nan,nan,nan,0.6391825079917908,nan,0,nan,nan,nan,TRACKING,0.047346710998681374,0.0,0.0,13.91888679612867,0,0,0,5.026512507892494,0.006283140634865617,1.0,0,0,0,0,0,1,0,DISABLED,nan,0,-1,0,0.0,0
1543,153.15383523100172,231.10214233398438,-1.0,154.0,473.0,231.10214233398438,-1.0,154.0,473.0,239.45905499649047,1.1381667976379397,163.33725,471.35225,tracker,nan,nan,nan,nan,0.6560199856758118,nan,0,nan,nan,nan,TRACKING,0.055899373001011554,0.0,0.0,12.240585576075283,0,0,0,5.0,0.00625,1.0,0,0,0,0,0,1,0,DISABLED,nan,0,-1,0,0.0,0
1544,153.2290354020006,231.5,-1.0,154.0,473.0,231.5,-1.0,154.0,473.0,236.67338574771878,0.38980841846466086,160.06921250000002,471.9289625,tracker,nan,nan,nan,nan,0.6494626998901367,nan,0,nan,nan,nan,TRACKING,0.043513280994375236,0.0,0.0,13.297842102181388,0,0,0,0.397857666015625,0.0004973220825195313,1.0,0,0,0,0,0,1,0,DISABLED,nan,0,-1,0,0.0,0
1545,153.3051143449993,231.5,-1.0,154.0,473.0,231.5,-1.0,154.0,473.0,234.8627007360172,0.0,157.944988125,472.30382562499994,tracker,nan,nan,nan,nan,0.6318973898887634,nan,0,nan,nan,nan,TRACKING,0.05153139900357928,0.0,0.0,13.144241502104286,0,0,0,0.0,0.0,1.0,0,0,0,0,0,1,0,DISABLED,nan,0,-1,0,0.0,0
1546,153.42199472900393,231.5,-1.0,154.0,473.0,231.5,-1.0,154.0,473.0,233.68575547841118,0.0,156.56424228125002,472.54748665624993,tracker,nan,nan,nan,nan,0.6263518333435059,nan,0,nan,nan,nan,TRACKING,0.0921417939971434,0.0,0.0,8.555755600191228,0,0,0,0.0,0.0,1.0,0,0,0,0,0,1,0,DISABLED,nan,0,-1,0,0.0,0
1547,153.48619493599836,231.5,-1.0,154.0,473.0,231.5,-1.0,154.0,473.0,232.92074106096726,0.0,155.6667574828125,472.7058663265625,tracker,nan,nan,nan,nan,0.684678852558136,nan,0,nan,nan,nan,TRACKING,0.03938682300213259,0.0,0.0,15.576273766325805,0,0,0,0.0,0.0,1.0,0,0,0,0,0,1,0,DISABLED,nan,0,-1,0,0.0,0
1548,153.56745005099947,236.89785766601562,-1.0,154.0,473.0,236.89785766601562,-1.0,154.0,473.0,234.31273187273416,0.0,155.08339236382812,472.8088131122656,tracker,nan,nan,nan,nan,0.69899582862854,nan,0,nan,nan,nan,TRACKING,0.05044382000050973,0.0,0.0,12.306917539730275,0,0,0,5.397857666015625,0.006747322082519531,1.0,0,0,0,0,0,1,0,DISABLED,nan,0,-1,0,0.0,0
1549,153.6398670790004,236.5,-1.0,154.0,473.0,236.5,-1.0,154.0,473.0,235.07827571727722,0.0,154.70420503648828,472.8757285229726,tracker,nan,nan,nan,nan,0.6831622123718262,nan,0,nan,nan,nan,TRACKING,0.04572125299455365,0.0,0.0,13.808906932595907,0,0,0,0.397857666015625,0.0004973220825195313,1.0,0,0,0,0,0,1,0,DISABLED,nan,0,-1,0,0.0,0
1550,153.70886777099804,236.5,-1.0,154.0,473.0,236.5,-1.0,154.0,473.0,235.5758792162302,0.0,154.4577332737174,472.9192235399322,tracker,nan,nan,nan,nan,0.6805448532104492,nan,0,nan,nan,nan,TRACKING,0.044279967005422805,0.0,0.0,14.492608277524871,0,0,0,0.0,0.0,1.0,0,0,0,0,0,1,0,DISABLED,nan,0,-1,0,0.0,0
1551,153.7920173599996,236.5,-1.0,154.0,473.0,236.5,-1.0,154.0,473.0,235.8993214905496,0.0,154.2975266279163,472.9474953009559,tracker,nan,nan,nan,nan,0.6761792302131653,nan,0,nan,nan,nan,TRACKING,0.055643325998971704,0.0,0.0,12.026517653398802,0,0,0,0.0,0.0,1.0,0,0,0,0,0,1,0,DISABLED,nan,0,-1,0,0.0,0
1552,153.87379670600058,231.10214233398438,-1.0,154.0,473.0,231.10214233398438,-1.0,154.0,473.0,234.22030878575177,0.0,154.1933923081456,472.9658719456213,tracker,nan,nan,nan,nan,0.672511875629425,nan,0,nan,nan,nan,TRACKING,0.04857799100136617,0.0,0.0,12.228026377075116,0,0,0,5.397857666015625,0.006747322082519531,1.0,0,0,0,0,0,1,0,DISABLED,nan,0,-1,0,0.0,0
1553,153.95091812300234,226.10214233398438,-1.0,154.0,473.0,226.10214233398438,-1.0,154.0,473.0,231.37895052763318,0.0,154.12570500029466,472.9778167646539,tracker,nan,nan,nan,nan,0.6552082896232605,nan,0,nan,nan,nan,TRACKING,0.051347227999940515,0.0,0.0,12.966566731743807,0,0,0,5.0,0.00625,1.0,0,0,0,0,0,1,0,DISABLED,nan,0,-1,0,0.0,0
1554,154.02661794199958,221.10214233398438,-1.0,154.0,473.0,221.10214233398438,-1.0,154.0,473.0,227.7820676598561,0.0,154.08170825019153,472.985580897025,tracker,nan,nan,nan,nan,0.6097309589385986,nan,0,nan,nan,nan,TRACKING,0.05134946800535545,0.0,0.0,13.210071216108282,0,0,0,5.0,0.00625,1.0,0,0,0,0,0,1,0,DISABLED,nan,0,-1,0,0.0,0
1555,154.10125164000056,216.10214233398438,-1.0,154.0,473.0,216.10214233398438,-1.0,154.0,473.0,223.694093795801,0.0,154.0531103626245,472.99062758306627,tracker,nan,nan,nan,nan,0.6018555760383606,nan,0,nan,nan,nan,TRACKING,0.049762032002035994,0.0,0.0,13.398773299252413,0,0,0,5.0,0.00625,1.0,0,0,0,0,0,1,0,DISABLED,nan,0,-1,0,0.0,0
1556,154.19552801999816,205.70428466796875,-1.0,154.0,473.0,205.70428466796875,-1.0,154.0,473.0,217.3976606010597,0.0,154.03452173570594,472.99390792899305,tracker,nan,nan,nan,nan,0.5587887763977051,nan,0,nan,nan,nan,TRACKING,0.06591176000074483,0.0,0.0,10.607110710289891,0,0,0,10.397857666015625,0.012997322082519532,1.0,0,0,0,0,0,1,0,DISABLED,nan,0,-1,0,0.0,0
1557,154.49314940399927,254.08065795898438,4.397857666015625,154.0,473.0,254.08065795898438,4.397857666015625,154.0,473.0,164.0,6.0,167.0,474.0,detector,164.0,6.0,167.0,474.0,0.45836448669433594,0.79225,1,0.31328401439731546,0.1045088616700836,1.0867082177864418,LOW_CONFIDENCE,0.05074304599838797,0.21612470100080827,0.0,3.359973623388197,1,0,0,48.67658944681985,0.06084573680852481,1.0,0,0,0,0,0,1,0,DISABLED,nan,0,-1,0,0.0,0
1558,154.72116831000312,259.8978576660156,4.0,154.0,473.0,93.0,1.0,190.0,476.0,93.0,1.0,190.0,476.0,detector,93.0,1.0,190.0,476.0,0.44272392988204956,0.998157,1,0.0717228564632934,0.18613176623668817,1.241591389582933,REINITIALIZING,0.06149722199916141,0.13722839600086445,0.0,4.385601253534209,1,0,0,5.8307892393647585,0.007288486549205948,1.0,0,0,0,0,0,2,0,DISABLED,nan,0,-1,0,0.0,0
1559,154.76929056100198,93.0,1.0,190.0,476.0,93.0,1.0,190.0,476.0,93.0,1.0,190.0,476.0,held,nan,nan,nan,nan,,nan,0,nan,nan,nan,INITIALIZING,0.0,0.0,0.0,20.78040779978733,0,0,0,0.0,0.0,1.0,0,0,0,0,0,2,0,DISABLED,nan,0,-1,0,0.0,0
1560,154.82204860600177,93.0,1.0,190.0,476.0,93.0,1.0,190.0,476.0,93.0,1.0,190.0,476.0,held,nan,nan,nan,nan,,nan,0,nan,nan,nan,INITIALIZING,0.0,0.0,0.0,18.954455192643238,0,0,0,0.0,0.0,1.0,0,0,0,0,0,2,0,DISABLED,nan,0,-1,0,0.0,0
1561,154.88384703300108,93.0,1.0,190.0,476.0,93.0,1.0,190.0,476.0,93.0,1.0,190.0,476.0,held,nan,nan,nan,nan,,nan,0,nan,nan,nan,INITIALIZING,0.0,0.0,0.0,16.18164164617455,0,0,0,0.0,0.0,1.0,0,0,0,0,0,2,0,DISABLED,nan,0,-1,0,0.0,0
1562,154.94708403899858,93.0,1.0,190.0,476.0,93.0,1.0,190.0,476.0,93.0,1.0,190.0,476.0,held,nan,nan,nan,nan,,nan,0,nan,nan,nan,INITIALIZING,0.0,0.0,0.0,15.81352539112015,0,0,0,0.0,0.0,1.0,0,0,0,0,0,2,0,DISABLED,nan,0,-1,0,0.0,0
1563,155.01845796799898,93.0,1.0,190.0,476.0,93.0,1.0,190.0,476.0,93.0,1.0,190.0,476.0,held,nan,nan,nan,nan,,nan,0,nan,nan,nan,INITIALIZING,0.0,0.0,0.0,14.010718115215095,0,0,0,0.0,0.0,1.0,0,0,0,0,0,2,0,DISABLED,nan,0,-1,0,0.0,0
1564,155.08177002699813,93.0,1.0,190.0,476.0,93.0,1.0,190.0,476.0,93.0,1.0,190.0,476.0,held,nan,nan,nan,nan,,nan,0,nan,nan,nan,INITIALIZING,0.0,0.0,0.0,15.794779317057206,0,0,0,0.0,0.0,1.0,0,0,0,0,0,2,0,DISABLED,nan,0,-1,0,0.0,0
1565,155.15115437500208,93.0,1.0,190.0,476.0,93.0,1.0,190.0,476.0,93.0,1.0,190.0,476.0,held,nan,nan,nan,nan,,nan,0,nan,nan,nan,INITIALIZING,0.0,0.0,0.0,14.412472391367928,0,0,0,0.0,0.0,1.0,0,0,0,0,0,2,0,DISABLED,nan,0,-1,0,0.0,0
1566,155.2296034300016,93.0,1.0,190.0,476.0,93.0,1.0,190.0,476.0,93.0,1.0,190.0,476.0,held,nan,nan,nan,nan,,nan,0,nan,nan,nan,INITIALIZING,0.0,0.0,0.0,12.747126144556468,0,0,0,0.0,0.0,1.0,0,0,0,0,0,2,0,DISABLED,nan,0,-1,0,0.0,0
1567,155.2780511050005,93.0,1.0,190.0,476.0,93.0,1.0,190.0,476.0,93.0,1.0,190.0,476.0,held,nan,nan,nan,nan,,nan,0,nan,nan,nan,INITIALIZING,0.0,0.0,0.0,20.64082538579538,0,0,0,0.0,0.0,1.0,0,0,0,0,0,2,0,DISABLED,nan,0,-1,0,0.0,0
1568,155.39894268399803,87.4853515625,0.5,190.0,476.0,87.4853515625,0.5,190.0,476.0,91.069873046875,0.825,190.0,476.0,tracker,nan,nan,nan,nan,0.705195426940918,nan,0,nan,nan,nan,TRACKING,0.05134358200302813,0.0,0.5971276599957491,8.271874751675792,0,0,0,5.537268946802312,0.00692158618350289,1.0,0,0,0,0,0,2,0,DISABLED,nan,0,-1,0,0.0,0
1569,155.47660270900087,81.4853515625,0.5,190.0,476.0,81.4853515625,0.5,190.0,476.0,87.71529052734375,0.7112499999999999,190.0,476.0,tracker,nan,nan,nan,nan,0.6372399926185608,nan,0,nan,nan,nan,TRACKING,0.05087231899960898,0.0,0.0,12.876637626158383,0,0,0,6.0,0.0075,1.0,0,0,0,0,0,2,0,DISABLED,nan,0,-1,0,0.0,0
1570,155.55804022400116,87.5146484375,0.5,190.0,476.0,87.5146484375,0.5,190.0,476.0,87.64506579589843,0.6373125,190.0,476.0,tracker,nan,nan,nan,nan,0.6194460988044739,nan,0,nan,nan,nan,TRACKING,0.05360848199779866,0.0,0.0,12.279353072063326,0,0,0,6.029296875,0.00753662109375,1.0,0,0,0,0,0,2,0,DISABLED,nan,0,-1,0,0.0,0
1571,155.63408229099878,81.4853515625,0.5,190.0,476.0,81.4853515625,0.5,190.0,476.0,85.48916581420897,0.5892531249999999,190.0,476.0,tracker,nan,nan,nan,nan,0.6689254641532898,nan,0,nan,nan,nan,TRACKING,0.05081466300180182,0.0,0.0,13.150615698431187,0,0,0,6.029296875,0.00753662109375,1.0,0,0,0,0,0,2,0,DISABLED,nan,0,-1,0,0.0,0
1572,155.71397810000053,87.5146484375,0.5,190.0,476.0,87.5146484375,0.5,190.0,476.0,86.19808473236083,0.55801453125,190.0,476.0,tracker,nan,nan,nan,nan,0.623896598815918,nan,0,nan,nan,nan,TRACKING,0.05527222299861023,0.0,0.0,12.516301073790169,0,0,0,6.029296875,0.00753662109375,1.0,0,0,0,0,0,2,0,DISABLED,nan,0,-1,0,0.0,0
1573,155.79459455300093,81.4853515625,0.5,190.0,476.0,81.4853515625,0.5,190.0,476.0,84.54862812290953,0.5377094453125,190.0,476.0,tracker,nan,nan,nan,nan,0.6663440465927124,nan,0,nan,nan,nan,TRACKING,0.05530644200189272,0.0,0.0,12.40441575859219,0,0,0,6.029296875,0.00753662109375,1.0,0,0,0,0,0,2,0,DISABLED,nan,0,-1,0,0.0,0
1574,155.86839625100401,87.5146484375,0.5,190.0,476.0,87.5146484375,0.5,190.0,476.0,85.5867352330162,0.524511139453125,190.0,476.0,tracker,nan,nan,nan,nan,0.6182661056518555,nan,0,nan,nan,nan,TRACKING,0.04898795000190148,0.0,0.0,13.549823744682099,0,0,0,6.029296875,0.00753662109375,1.0,0,0,0,0,0,2,0,DISABLED,nan,0,-1,0,0.0,0
1575,155.94925396000326,81.4853515625,0.5,190.0,476.0,81.4853515625,0.5,190.0,476.0,84.15125094833553,0.5159322406445312,190.0,476.0,tracker,nan,nan,nan,nan,0.6688416004180908,nan,0,nan,nan,nan,TRACKING,0.05281127499620197,0.0,0.0,12.367404572510393,0,0,0,6.029296875,0.00753662109375,1.0,0,0,0,0,0,2,0,DISABLED,nan,0,-1,0,0.0,0
1576,156.02866152799834,87.5146484375,0.5,190.0,476.0,87.5146484375,0.5,190.0,476.0,85.32844006954309,0.5103559564189453,190.0,476.0,tracker,nan,nan,nan,nan,0.612040102481842,nan,0,nan,nan,nan,TRACKING,0.048575231005088426,0.0,0.0,12.593258114415525,0,0,0,6.029296875,0.00753662109375,1.0,0,0,0,0,0,2,0,DISABLED,nan,0,-1,0,0.0,0
1577,156.10146080500272,81.4853515625,0.5,190.0,476.0,81.4853515625,0.5,190.0,476.0,83.98335909207802,0.5067313716723144,190.0,476.0,tracker,nan,nan,nan,nan,0.6601108312606812,nan,0,nan,nan,nan,TRACKING,0.047785055001440924,0.0,0.0,13.736400156005077,0,0,0,6.029296875,0.00753662109375,1.0,0,0,0,0,0,2,0,DISABLED,nan,0,-1,0,0.0,0
1578,156.1779433000047,87.5146484375,0.5,190.0,476.0,87.5146484375,0.5,190.0,476.0,85.2193103629757,0.5043753915870044,190.0,476.0,tracker,nan,nan,nan,nan,0.610459566116333,nan,0,nan,nan,nan,TRACKING,0.05174369599990314,0.0,0.0,13.074887266348645,0,0,0,6.029296875,0.00753662109375,1.0,0,0,0,0,0,2,0,DISABLED,nan,0,-1,0,0.0,0
1579,156.25380062300246,81.4853515625,0.5,190.0,476.0,81.4853515625,0.5,190.0,476.0,83.91242478280921,0.5028440045315529,190.0,476.0,tracker,nan,nan,nan,nan,0.6572958827018738,nan,0,nan,nan,nan,TRACKING,0.05067653399601113,0.0,0.0,13.18264289433852,0,0,0,6.029296875,0.00753662109375,1.0,0,0,0,0,0,2,0,DISABLED,nan,0,-1,0,0.0,0
1580,156.50087193500076,87.5146484375,0.5,190.0,476.0,87.5146484375,0.5,190.0,476.0,83.91242478280921,0.5028440045315529,190.0,476.0,held,nan,nan,nan,nan,0.6150540709495544,nan,0,nan,nan,nan,SUSPECTED_LOST,0.05318279399944004,0.1692031579950708,0.0,4.047414456628178,0,0,0,6.029296875,0.00753662109375,1.0,0,0,0,0,0,2,0,DISABLED,nan,0,-1,0,0.0,0
1581,156.55652479200216,81.4853515625,0.5,190.0,476.0,81.4853515625,0.5,190.0,476.0,83.06294915570098,0.5018486029455094,190.0,476.0,tracker,nan,nan,nan,nan,0.6625530123710632,nan,0,nan,nan,nan,TRACKING,0.03674607900029514,0.0,0.0,17.968529449885214,0,0,0,6.029296875,0.00753662109375,1.0,0,0,0,0,0,2,0,DISABLED,nan,0,-1,0,0.0,0
1582,156.62823784400098,87.5146484375,0.5,190.0,476.0,87.5146484375,0.5,190.0,476.0,84.62104390433063,0.5012015919145811,190.0,476.0,tracker,nan,nan,nan,nan,0.6045238375663757,nan,0,nan,nan,nan,TRACKING,0.04673940400243737,0.0,0.0,13.944462997008547,0,0,0,6.029296875,0.00753662109375,1.0,0,0,0,0,0,2,0,DISABLED,nan,0,-1,0,0.0,0
1583,156.69723942100245,87.5,0.5,190.0,476.0,87.5,0.5,190.0,476.0,85.6286785378149,0.5007810347444777,190.0,476.0,tracker,nan,nan,nan,nan,0.6231840252876282,nan,0,nan,nan,nan,TRACKING,0.04447445100231562,0.0,0.0,14.492422397515066,0,0,0,0.0146484375,1.8310546875e-05,1.0,0,0,0,0,0,2,0,DISABLED,nan,0,-1,0,0.0,0
1584,156.77456141600123,87.5,0.5,190.0,476.0,87.5,0.5,190.0,476.0,86.28364104957969,0.5005076725839105,190.0,476.0,tracker,nan,nan,nan,nan,0.6148586273193359,nan,0,nan,nan,nan,TRACKING,0.049572235002415255,0.0,0.0,12.932930662429687,0,0,0,0.0,0.0,1.0,0,0,0,0,0,2,0,DISABLED,nan,0,-1,0,0.0,0
1585,156.8502050360039,87.5,0.5,190.0,476.0,87.5,0.5,190.0,476.0,86.7093666822268,0.5003299871795418,190.0,476.0,tracker,nan,nan,nan,nan,0.6159416437149048,nan,0,nan,nan,nan,TRACKING,0.05092857199633727,0.0,0.0,13.219885562916762,0,0,0,0.0,0.0,1.0,0,0,0,0,0,2,0,DISABLED,nan,0,-1,0,0.0,0
1586,156.9320659990044,81.4853515625,6.5146484375,190.0,476.0,81.4853515625,6.5146484375,190.0,476.0,84.88096139032243,2.6053414447917023,190.0,476.0,tracker,nan,nan,nan,nan,0.5868192911148071,nan,0,nan,nan,nan,TRACKING,0.045215771002403926,0.0,0.0,12.215834792876652,0,0,0,8.505997393218644,0.010632496741523305,1.0,0,0,0,0,0,2,0,DISABLED,nan,0,-1,0,0.0,0
1587,157.00108038900362,87.5146484375,6.5,190.0,476.0,87.5146484375,6.5,190.0,476.0,85.80275185683458,3.9684719391146066,190.0,476.0,tracker,nan,nan,nan,nan,0.5325432419776917,nan,0,nan,nan,nan,TRACKING,0.04434507199766813,0.0,0.0,14.48973177929175,0,0,0,6.029314669479937,0.007536643336849921,1.0,0,0,0,0,0,2,0,DISABLED,nan,0,-1,0,0.0,0
1588,157.07188628300355,81.4853515625,0.4853515625,190.0,476.0,81.4853515625,0.4853515625,190.0,476.0,84.29166175381746,2.749379807299494,190.0,476.0,tracker,nan,nan,nan,nan,0.562132716178894,nan,0,nan,nan,nan,TRACKING,0.04694550199928926,0.0,0.0,14.123118055694096,0,0,0,8.516361701666149,0.010645452127082686,1.0,0,0,0,0,0,2,0,DISABLED,nan,0,-1,0,0.0,0
1589,157.15658643200004,81.5,6.5146484375,190.0,476.0,81.5,6.5146484375,190.0,476.0,83.31458013998136,4.067223827869671,190.0,475.93277617213033,tracker,nan,nan,nan,nan,0.5197517275810242,nan,0,nan,nan,nan,TRACKING,0.057050965006055776,0.0,0.0,11.806354674080268,0,0,0,6.029314669479937,0.007536643336849921,1.0,0,0,0,0,0,2,0,DISABLED,nan,0,-1,0,0.0,0
1590,157.25081838299957,87.5146484375,6.5,190.0,476.0,87.5146484375,6.5,190.0,476.0,84.78460404411288,4.9186954881152865,190.0,475.0813045118847,tracker,nan,nan,nan,nan,0.5318679213523865,nan,0,nan,nan,nan,TRACKING,0.06710090499836951,0.0,0.0,10.612111809135758,0,0,0,6.014666275317557,0.007518332844146947,1.0,0,0,0,0,0,2,0,DISABLED,nan,0,-1,0,0.0,0
1591,157.3183561219994,87.5,6.5,190.0,476.0,87.5,6.5,190.0,476.0,85.73499262867337,5.472152067274936,190.0,474.5278479327251,tracker,nan,nan,nan,nan,0.5593422651290894,nan,0,nan,nan,nan,TRACKING,0.04259367399936309,0.0,0.0,14.806536535117083,0,0,0,0.0146484375,1.8310546875e-05,1.0,0,0,0,0,0,2,0,DISABLED,nan,0,-1,0,0.0,0
1592,157.4218302320005,87.5,6.5,190.0,476.0,87.5,6.5,190.0,476.0,86.35274520863769,5.831898843728709,190.0,474.1681011562713,tracker,nan,nan,nan,nan,0.5633695125579834,nan,0,nan,nan,nan,TRACKING,0.07755121999798575,0.0,0.0,9.664253212607619,0,0,0,0.0,0.0,1.0,0,0,0,0,0,2,0,DISABLED,nan,0,-1,0,0.0,0
1593,157.4885248770006,87.5,6.5,190.0,476.0,87.5,6.5,190.0,476.0,86.7542843856145,6.065734248423661,190.0,473.93426575157633,tracker,nan,nan,nan,nan,0.5692515969276428,nan,0,nan,nan,nan,TRACKING,0.040630240000609774,0.0,0.0,14.99370751577632,0,0,0,0.0,0.0,1.0,0,0,0,0,0,2,0,DISABLED,nan,0,-1,0,0.0,0
1594,157.56139009300387,87.5,6.5,190.0,476.0,87.5,6.5,190.0,476.0,87.01528485064942,6.21772726147538,190.0,473.7822727385246,tracker,nan,nan,nan,nan,0.5749797821044922,nan,0,nan,nan,nan,TRACKING,0.046206578001147136,0.0,0.0,13.72396947200689,0,0,0,0.0,0.0,1.0,0,0,0,0,0,2,0,DISABLED,nan,0,-1,0,0.0,0
1595,157.6439206569994,87.5,6.5,190.0,476.0,87.5,6.5,190.0,476.0,87.18493515292212,6.316522719958996,190.0,473.683477280041,tracker,nan,nan,nan,nan,0.5763082504272461,nan,0,nan,nan,nan,TRACKING,0.057562957001209725,0.0,0.0,12.116723206376289,0,0,0,0.0,0.0,1.0,0,0,0,0,0,2,0,DISABLED,nan,0,-1,0,0.0,0
1596,157.71029716799967,87.5,6.5,190.0,476.0,87.5,6.5,190.0,476.0,87.29520784939938,6.380739767973347,190.0,473.61926023202665,tracker,nan,nan,nan,nan,0.5864765048027039,nan,0,nan,nan,nan,TRACKING,0.040839829001924954,0.0,0.0,15.065570409326138,0,0,0,0.0,0.0,1.0,0,0,0,0,0,2,0,DISABLED,nan,0,-1,0,0.0,0
1597,157.78065742600302,87.5,6.5,190.0,476.0,87.5,6.5,190.0,476.0,87.36688510210959,6.422480849182676,190.0,473.57751915081735,tracker,nan,nan,nan,nan,0.582766592502594,nan,0,nan,nan,nan,TRACKING,0.042736490999232046,0.0,0.0,14.212568691155491,0,0,0,0.0,0.0,1.0,0,0,0,0,0,2,0,DISABLED,nan,0,-1,0,0.0,0
1598,157.85666464800306,87.5,0.4853515625,190.0,476.0,87.5,0.4853515625,190.0,476.0,87.41347531637123,4.34448559884374,190.0,474.4253874480313,tracker,nan,nan,nan,nan,0.5865568518638611,nan,0,nan,nan,nan,TRACKING,0.051597233999927994,0.0,0.0,13.156644509378639,0,0,0,6.0146484375,0.007518310546875,1.0,0,0,0,0,0,2,0,DISABLED,nan,0,-1,0,0.0,0
1599,157.939772204998,87.5,6.5146484375,190.0,476.0,87.5,6.5146484375,190.0,476.0,87.4437589556413,5.104042592373431,190.0,474.89595740762655,tracker,nan,nan,nan,nan,0.5616750717163086,nan,0,nan,nan,nan,TRACKING,0.05209646599541884,0.0,0.0,12.032600116747629,0,0,0,6.029296875,0.00753662109375,1.0,0,0,0,0,0,2,0,DISABLED,nan,0,-1,0,0.0,0
1600,158.24266221200378,87.5,0.4853515625,190.0,476.0,87.5,0.4853515625,190.0,476.0,87.4437589556413,5.104042592373431,190.0,474.89595740762655,held,nan,nan,nan,nan,0.5798061490058899,nan,0,nan,nan,nan,SUSPECTED_LOST,0.045155040999816265,0.23224073099845555,0.0,3.3015285313818388,0,0,0,6.029296875,0.00753662109375,1.0,0,0,0,0,0,2,0,DISABLED,nan,0,-1,0,0.0,0
1601,158.3208340199999,87.5,6.5146484375,190.0,476.0,87.5,6.5146484375,190.0,476.0,87.46344332116685,5.59775463816773,190.0,474.4022453618323,tracker,nan,nan,nan,nan,0.5512998700141907,nan,0,nan,nan,nan,TRACKING,0.048302307004632894,0.0,0.0,12.79233557000132,0,0,0,6.029296875,0.00753662109375,1.0,0,0,0,0,0,2,0,DISABLED,nan,0,-1,0,0.0,0
1602,158.3904557690039,87.5,6.5,190.0,476.0,87.5,6.5,190.0,476.0,87.47623815875845,5.913540514809025,190.0,474.08645948519097,tracker,nan,nan,nan,nan,0.5701788663864136,nan,0,nan,nan,nan,TRACKING,0.04396376099612098,0.0,0.0,14.363327757573982,0,0,0,0.0146484375,1.8310546875e-05,1.0,0,0,0,0,0,2,0,DISABLED,nan,0,-1,0,0.0,0
1603,158.46436569900106,87.5,6.5,190.0,476.0,87.5,6.5,190.0,476.0,87.48455480319299,6.118801334625866,190.0,473.88119866537414,tracker,nan,nan,nan,nan,0.5672227740287781,nan,0,nan,nan,nan,TRACKING,0.046984774999145884,0.0,0.0,13.529981695805592,0,0,0,0.0,0.0,1.0,0,0,0,0,0,2,0,DISABLED,nan,0,-1,0,0.0,0
1604,158.52618569000333,87.5,6.5,190.0,476.0,87.5,6.5,190.0,476.0,87.48996062207544,6.2522208675068125,190.0,473.7477791324932,tracker,nan,nan,nan,nan,0.571182370185852,nan,0,nan,nan,nan,TRACKING,0.038046112000301946,0.0,0.0,16.17599717805415,0,0,0,0.0,0.0,1.0,0,0,0,0,0,2,0,DISABLED,nan,0,-1,0,0.0,0
1605,158.59721580800397,87.5,6.5,190.0,476.0,87.5,6.5,190.0,476.0,87.49347440434903,6.338943563879429,190.0,473.6610564361206,tracker,nan,nan,nan,nan,0.5694562196731567,nan,0,nan,nan,nan,TRACKING,0.040732116998697165,0.0,0.0,14.078534967252262,0,0,0,0.0,0.0,1.0,0,0,0,0,0,2,0,DISABLED,nan,0,-1,0,0.0,0
1606,158.66006410599948,87.5,6.5,190.0,476.0,87.5,6.5,190.0,476.0,87.49575836282686,6.395313316521628,190.0,473.60468668347835,tracker,nan,nan,nan,nan,0.5645583271980286,nan,0,nan,nan,nan,TRACKING,0.038311276002787054,0.0,0.0,15.911329851308935,0,0,0,0.0,0.0,1.0,0,0,0,0,0,2,0,DISABLED,nan,0,-1,0,0.0,0
1607,158.7341314880032,87.5,6.5,190.0,476.0,87.5,6.5,190.0,476.0,87.49724293583746,6.431953655739058,190.0,473.56804634426095,tracker,nan,nan,nan,nan,0.5702200531959534,nan,0,nan,nan,nan,TRACKING,0.04253476700250758,0.0,0.0,13.501219740019756,0,0,0,0.0,0.0,1.0,0,0,0,0,0,2,0,DISABLED,nan,0,-1,0,0.0,0
1608,158.801627507004,87.5,6.5,190.0,476.0,87.5,6.5,190.0,476.0,87.49820790829435,6.455769876230388,190.0,473.54423012376964,tracker,nan,nan,nan,nan,0.5720322132110596,nan,0,nan,nan,nan,TRACKING,0.043408122000982985,0.0,0.0,14.815688611023646,0,0,0,0.0,0.0,1.0,0,0,0,0,0,2,0,DISABLED,nan,0,-1,0,0.0,0
1609,158.87871095500304,87.5,6.5,190.0,476.0,87.5,6.5,190.0,476.0,87.49883514039132,6.471250419549753,190.0,473.52874958045027,tracker,nan,nan,nan,nan,0.576530396938324,nan,0,nan,nan,nan,TRACKING,0.05245215199829545,0.0,0.0,12.972953674991098,0,0,0,0.0,0.0,1.0,0,0,0,0,0,2,0,DISABLED,nan,0,-1,0,0.0,0
1610,158.94160691000434,87.5,6.5,190.0,476.0,87.5,6.5,190.0,476.0,87.49924284125436,6.481312772707339,190.0,473.5186872272927,tracker,nan,nan,nan,nan,0.5778919458389282,nan,0,nan,nan,nan,TRACKING,0.039089836995117366,0.0,0.0,15.899273649305574,0,0,0,0.0,0.0,1.0,0,0,0,0,0,2,0,DISABLED,nan,0,-1,0,0.0,0
1611,159.01183028900414,87.5,6.5,190.0,476.0,87.5,6.5,190.0,476.0,87.49950784681533,6.48785330225977,190.0,473.5121466977402,tracker,nan,nan,nan,nan,0.5808027982711792,nan,0,nan,nan,nan,TRACKING,0.0449450349988183,0.0,0.0,14.240271747716127,0,0,0,0.0,0.0,1.0,0,0,0,0,0,2,0,DISABLED,nan,0,-1,0,0.0,0
1612,159.08373225200194,87.5,6.5,190.0,476.0,87.5,6.5,190.0,476.0,87.49968010042997,6.492104646468851,190.0,473.5078953535311,tracker,nan,nan,nan,nan,0.5874617695808411,nan,0,nan,nan,nan,TRACKING,0.04587505899689859,0.0,0.0,13.907826133072435,0,0,0,0.0,0.0,1.0,0,0,0,0,0,2,0,DISABLED,nan,0,-1,0,0.0,0
1613,159.15981874700083,87.5,6.5,190.0,476.0,87.5,6.5,190.0,476.0,87.49979206527948,6.494868020204754,190.0,473.50513197979524,tracker,nan,nan,nan,nan,0.5882859826087952,nan,0,nan,nan,nan,TRACKING,0.048505124999792315,0.0,0.0,13.142936864348778,0,0,0,0.0,0.0,1.0,0,0,0,0,0,2,0,DISABLED,nan,0,-1,0,0.0,0
1614,159.23017306700058,87.5,6.5,190.0,476.0,87.5,6.5,190.0,476.0,87.49986484243166,6.496664213133091,190.0,473.5033357868669,tracker,nan,nan,nan,nan,0.5812259316444397,nan,0,nan,nan,nan,TRACKING,0.04551426900434308,0.0,0.0,14.213768251950084,0,0,0,0.0,0.0,1.0,0,0,0,0,0,2,0,DISABLED,nan,0,-1,0,0.0,0
1615,159.3001308669991,87.5,6.5,190.0,476.0,87.5,6.5,190.0,476.0,87.49991214758057,6.49783173853651,190.0,473.5021682614635,tracker,nan,nan,nan,nan,0.588723361492157,nan,0,nan,nan,nan,TRACKING,0.04378099599853158,0.0,0.0,14.294331726000005,0,0,0,0.0,0.0,1.0,0,0,0,0,0,2,0,DISABLED,nan,0,-1,0,0.0,0
1616,159.37725634600065,87.5,6.5,190.0,476.0,87.5,6.5,190.0,476.0,87.49994289592738,6.4985906300487315,190.0,473.50140936995126,tracker,nan,nan,nan,nan,0.5931664705276489,nan,0,nan,nan,nan,TRACKING,0.05251965299976291,0.0,0.0,12.965883816162473,0,0,0,0.0,0.0,1.0,0,0,0,0,0,2,0,DISABLED,nan,0,-1,0,0.0,0
1617,159.490359084004,87.5,6.5,190.0,476.0,87.5,6.5,190.0,476.0,87.49996288235279,6.4990839095316755,190.0,473.5009160904683,tracker,nan,nan,nan,nan,0.5878732800483704,nan,0,nan,nan,nan,TRACKING,0.0882459150016075,0.0,0.0,8.841518938031959,0,0,0,0.0,0.0,1.0,0,0,0,0,0,2,0,DISABLED,nan,0,-1,0,0.0,0
1618,159.56130935699912,87.5,6.5,190.0,476.0,87.5,6.5,190.0,476.0,87.49997587352931,6.49940454119559,190.0,473.5005954588044,tracker,nan,nan,nan,nan,0.6251431107521057,nan,0,nan,nan,nan,TRACKING,0.04719858200405724,0.0,0.0,14.0943784679868,0,0,0,0.0,0.0,1.0,0,0,0,0,0,2,0,DISABLED,nan,0,-1,0,0.0,0
1619,159.6376448689989,87.5,0.4853515625,190.0,476.0,87.5,0.4853515625,190.0,476.0,87.49998431779404,4.394485998652133,190.0,474.3753870482228,tracker,nan,nan,nan,nan,0.6125442385673523,nan,0,nan,nan,nan,TRACKING,0.051620672005810775,0.0,0.0,13.100062786017503,0,0,0,6.0146484375,0.007518310546875,1.0,0,0,0,0,0,2,0,DISABLED,nan,0,-1,0,0.0,0
1620,159.90545816100348,87.5,6.5146484375,190.0,476.0,87.5,6.5146484375,190.0,476.0,87.49998431779404,4.394485998652133,190.0,474.3753870482228,held,nan,nan,nan,nan,0.5998159646987915,nan,0,nan,nan,nan,SUSPECTED_LOST,0.05539649600541452,0.1867446399992332,0.0,3.7339446168449153,0,0,0,6.029296875,0.00753662109375,1.0,0,0,0,0,0,2,0,DISABLED,nan,0,-1,0,0.0,0
1621,159.99266087300202,87.5,6.5,190.0,476.0,87.5,6.5,190.0,476.0,87.49998980656613,5.131415899123887,190.0,474.8685841008761,tracker,nan,nan,nan,nan,0.6223105192184448,nan,0,nan,nan,nan,TRACKING,0.055559886000992265,0.0,0.0,11.467533257643472,0,0,0,0.0146484375,1.8310546875e-05,1.0,0,0,0,0,0,2,0,DISABLED,nan,0,-1,0,0.0,0
1622,160.05669216900424,87.5,6.5,190.0,476.0,87.5,6.5,190.0,476.0,87.49999337426799,5.610420334430526,190.0,474.3895796655695,tracker,nan,nan,nan,nan,0.618675947189331,nan,0,nan,nan,nan,TRACKING,0.03998350400070194,0.0,0.0,15.61736310889975,0,0,0,0.0,0.0,1.0,0,0,0,0,0,2,0,DISABLED,nan,0,-1,0,0.0,0
1623,160.12619115500274,87.5,6.5,190.0,476.0,87.5,6.5,190.0,476.0,87.49999569327419,5.921773217379842,190.0,474.07822678262016,tracker,nan,nan,nan,nan,0.6333000659942627,nan,0,nan,nan,nan,TRACKING,0.0446316419984214,0.0,0.0,14.388699139027446,0,0,0,0.0,0.0,1.0,0,0,0,0,0,2,0,DISABLED,nan,0,-1,0,0.0,0
1624,160.21342793100484,87.5,6.5,190.0,476.0,87.5,6.5,190.0,476.0,87.49999720062821,6.124152591296897,190.0,473.8758474087031,tracker,nan,nan,nan,nan,0.6335339546203613,nan,0,nan,nan,nan,TRACKING,0.05744711999432184,0.0,0.0,11.463055443221789,0,0,0,0.0,0.0,1.0,0,0,0,0,0,2,0,DISABLED,nan,0,-1,0,0.0,0
1625,160.29026204899856,87.5,6.5,190.0,476.0,87.5,6.5,190.0,476.0,87.49999818040834,6.255699184342983,190.0,473.744300815657,tracker,nan,nan,nan,nan,0.643959105014801,nan,0,nan,nan,nan,TRACKING,0.05235871100012446,0.0,0.0,13.015051465572014,0,0,0,0.0,0.0,1.0,0,0,0,0,0,2,0,DISABLED,nan,0,-1,0,0.0,0
1626,160.3601521899982,87.5,6.5,190.0,476.0,87.5,6.5,190.0,476.0,87.49999881726542,6.341204469822939,190.0,473.6587955301771,tracker,nan,nan,nan,nan,0.6479592323303223,nan,0,nan,nan,nan,TRACKING,0.04544567300035851,0.0,0.0,14.308169731768883,0,0,0,0.0,0.0,1.0,0,0,0,0,0,2,0,DISABLED,nan,0,-1,0,0.0,0
1627,160.43215295800474,87.5,6.5,190.0,476.0,87.5,6.5,190.0,476.0,87.49999923122252,6.39678290538491,190.0,473.6032170946151,tracker,nan,nan,nan,nan,0.6409143209457397,nan,0,nan,nan,nan,TRACKING,0.04736004400183447,0.0,0.0,13.888740741058184,0,0,0,0.0,0.0,1.0,0,0,0,0,0,2,0,DISABLED,nan,0,-1,0,0.0,0
1628,160.50111354500405,87.5,6.5,190.0,476.0,87.5,6.5,190.0,476.0,87.49999950029463,6.432908888500192,190.0,473.5670911114998,tracker,nan,nan,nan,nan,0.6439464092254639,nan,0,nan,nan,nan,TRACKING,0.04373656800453318,0.0,0.0,14.501036657504136,0,0,0,0.0,0.0,1.0,0,0,0,0,0,2,0,DISABLED,nan,0,-1,0,0.0,0
1629,160.5673210419991,87.5,6.5,190.0,476.0,87.5,6.5,190.0,476.0,87.49999967519152,6.456390777525124,190.0,473.54360922247486,tracker,nan,nan,nan,nan,0.6401001214981079,nan,0,nan,nan,nan,TRACKING,0.04089582000597147,0.0,0.0,15.104029685260464,0,0,0,0.0,0.0,1.0,0,0,0,0,0,2,0,DISABLED,nan,0,-1,0,0.0,0
1630,160.64122456600307,87.5,6.5,190.0,476.0,87.5,6.5,190.0,476.0,87.49999978887449,6.471654005391331,190.0,473.5283459946087,tracker,nan,nan,nan,nan,0.6296306252479553,nan,0,nan,nan,nan,TRACKING,0.04881752900109859,0.0,0.0,13.5311544811602,0,0,0,0.0,0.0,1.0,0,0,0,0,0,2,0,DISABLED,nan,0,-1,0,0.0,0
1631,160.71097496400034,87.5,6.5,190.0,476.0,87.5,6.5,190.0,476.0,87.49999986276842,6.481575103504365,190.0,473.5184248964956,tracker,nan,nan,nan,nan,0.6330026388168335,nan,0,nan,nan,nan,TRACKING,0.044666278998192865,0.0,0.0,14.33683575596469,0,0,0,0.0,0.0,1.0,0,0,0,0,0,2,0,DISABLED,nan,0,-1,0,0.0,0
1632,160.78375314699952,87.5,0.4853515625,190.0,476.0,87.5,0.4853515625,190.0,476.0,87.49999991079947,4.382896864152838,190.0,474.38697618272215,tracker,nan,nan,nan,nan,0.6406318545341492,nan,0,nan,nan,nan,TRACKING,0.04834949599899119,0.0,0.0,13.740381509818228,0,0,0,6.0146484375,0.007518310546875,1.0,0,0,0,0,0,2,0,DISABLED,nan,0,-1,0,0.0,0
1633,160.85663560299872,87.5,0.5,190.0,476.0,87.5,0.5,190.0,476.0,87.49999994201966,3.0238829616993446,190.0,474.95153451876945,tracker,nan,nan,nan,nan,0.6312280893325806,nan,0,nan,nan,nan,TRACKING,0.04332817200338468,0.0,0.0,13.720723132750772,0,0,0,0.0146484375,1.8310546875e-05,1.0,0,0,0,0,0,2,0,DISABLED,nan,0,-1,0,0.0,0
1634,160.9381812979991,87.5,0.5,190.0,476.0,87.5,0.5,190.0,476.0,87.49999996231277,2.140523925104574,190.0,475.3184974372001,tracker,nan,nan,nan,nan,0.6552773714065552,nan,0,nan,nan,nan,TRACKING,0.045930425003462005,0.0,0.0,12.263063059248712,0,0,0,0.0,0.0,1.0,0,0,0,0,0,2,0,DISABLED,nan,0,-1,0,0.0,0
1635,161.00851702399814,87.5,0.5,190.0,476.0,87.5,0.5,190.0,476.0,87.4999999755033,1.5663405513179731,190.0,475.55702333418003,tracker,nan,nan,nan,nan,0.6501966118812561,nan,0,nan,nan,nan,TRACKING,0.04576411800371716,0.0,0.0,14.21752581346489,0,0,0,0.0,0.0,1.0,0,0,0,0,0,2,0,DISABLED,nan,0,-1,0,0.0,0
1636,161.08611220300372,87.5,0.5,190.0,476.0,87.5,0.5,190.0,476.0,87.49999998407715,1.1931213583566826,190.0,475.712065167217,tracker,nan,nan,nan,nan,0.6620996594429016,nan,0,nan,nan,nan,TRACKING,0.054875180998351425,0.0,0.0,12.887398583461403,0,0,0,0.0,0.0,1.0,0,0,0,0,0,2,0,DISABLED,nan,0,-1,0,0.0,0
1637,161.17777882899827,87.5,0.5,190.0,476.0,87.5,0.5,190.0,476.0,87.49999998965015,0.9505288829318437,190.0,475.8128423586911,tracker,nan,nan,nan,nan,0.6559939980506897,nan,0,nan,nan,nan,TRACKING,0.0593176879992825,0.0,0.0,10.909095749411232,0,0,0,0.0,0.0,1.0,0,0,0,0,0,2,0,DISABLED,nan,0,-1,0,0.0,0
1638,161.2763595360011,87.5,0.5,190.0,476.0,87.5,0.5,190.0,476.0,87.4999999932726,0.7928437739056984,190.0,475.8783475331493,tracker,nan,nan,nan,nan,0.6589779853820801,nan,0,nan,nan,nan,TRACKING,0.050937947002239525,0.0,0.0,10.143972694081056,0,0,0,0.0,0.0,1.0,0,0,0,0,0,2,0,DISABLED,nan,0,-1,0,0.0,0
1639,161.37895107200166,87.5,0.5,190.0,476.0,87.5,0.5,190.0,476.0,87.49999999562719,0.6903484530387038,190.0,475.92092589654703,tracker,nan,nan,nan,nan,0.6638390421867371,nan,0,nan,nan,nan,TRACKING,0.07210795699938899,0.0,0.0,9.747392806309888,0,0,0,0.0,0.0,1.0,0,0,0,0,0,2,0,DISABLED,nan,0,-1,0,0.0,0
1640,161.86693604200264,87.5,0.5,190.0,476.0,87.5,0.5,190.0,476.0,87.49999999562719,0.6903484530387038,190.0,475.92092589654703,held,nan,nan,nan,nan,0.6709911823272705,nan,0,nan,nan,nan,SUSPECTED_LOST,0.06454469500022242,0.397190085001057,0.0,2.0492434428830704,0,0,0,0.0,0.0,1.0,0,0,0,0,0,2,0,DISABLED,nan,0,-1,0,0.0,0
1641,161.97947741200187,99.529296875,0.5,190.0,476.0,99.529296875,0.5,190.0,476.0,91.71025390340768,0.6237264944751575,190.0,475.94860183275557,tracker,nan,nan,nan,nan,0.7164497971534729,nan,0,nan,nan,nan,TRACKING,0.08101448399975197,0.0,0.0,8.885621349791611,0,0,0,12.029296875,0.01503662109375,1.0,0,0,0,0,0,2,0,DISABLED,nan,0,-1,0,0.0,0
1642,162.11533556599898,99.5,0.5,190.0,476.0,99.5,0.5,190.0,476.0,94.436665037215,0.5804222214088524,190.0,475.9665911912912,tracker,nan,nan,nan,nan,0.6543331742286682,nan,0,nan,nan,nan,TRACKING,0.10386662100063404,0.0,0.0,7.360618193158321,0,0,0,0.029296875,3.662109375e-05,1.0,0,0,0,0,0,2,0,DISABLED,nan,0,-1,0,0.0,0
1643,162.20029061700188,93.4853515625,0.5,190.0,476.0,93.4853515625,0.5,190.0,476.0,94.10370532106475,0.5522744439157541,190.0,475.9782842743392,tracker,nan,nan,nan,nan,0.608451247215271,nan,0,nan,nan,nan,TRACKING,0.05505091499799164,0.0,0.0,11.770930488474137,0,0,0,6.0146484375,0.007518310546875,1.0,0,0,0,0,0,2,0,DISABLED,nan,0,-1,0,0.0,0
1644,162.26476010199985,93.5,0.5,190.0,476.0,93.5,0.5,190.0,476.0,93.89240845869209,0.5339783885452402,190.0,475.9858847783205,tracker,nan,nan,nan,nan,0.6544063687324524,nan,0,nan,nan,nan,TRACKING,0.03958198400505353,0.0,0.0,15.511214337007118,0,0,0,0.0146484375,1.8310546875e-05,1.0,0,0,0,0,0,2,0,DISABLED,nan,0,-1,0,0.0,0
1645,162.3413330149997,87.4853515625,0.5,190.0,476.0,87.4853515625,0.5,190.0,476.0,91.64993854502485,0.5220859525544062,190.0,475.99082510590836,tracker,nan,nan,nan,nan,0.6020782589912415,nan,0,nan,nan,nan,TRACKING,0.052636323001934215,0.0,0.0,13.059448319566194,0,0,0,6.0146484375,0.007518310546875,1.0,0,0,0,0,0,2,0,DISABLED,nan,0,-1,0,0.0,0
1646,162.4239187359999,87.5,0.5,190.0,476.0,87.5,0.5,190.0,476.0,90.19746005426616,0.514355869160364,190.0,475.9940363188405,tracker,nan,nan,nan,nan,0.5978105664253235,nan,0,nan,nan,nan,TRACKING,0.05730503400263842,0.0,0.0,12.108630740142203,0,0,0,0.0146484375,1.8310546875e-05,1.0,0,0,0,0,0,2,0,DISABLED,nan,0,-1,0,0.0,0
1647,162.50010882800416,87.5,0.5,190.0,476.0,87.5,0.5,190.0,476.0,89.253349035273,0.5093313149542367,190.0,475.9961236072463,tracker,nan,nan,nan,nan,0.6240648031234741,nan,0,nan,nan,nan,TRACKING,0.05122295400360599,0.0,0.0,13.125066182413484,0,0,0,0.0,0.0,1.0,0,0,0,0,0,2,0,DISABLED,nan,0,-1,0,0.0,0
1648,162.56987105000007,87.5,0.5,190.0,476.0,87.5,0.5,190.0,476.0,88.63967687292745,0.5060653547202538,190.0,475.9974803447101,tracker,nan,nan,nan,nan,0.6361964344978333,nan,0,nan,nan,nan,TRACKING,0.044943473003513645,0.0,0.0,14.334405805746057,0,0,0,0.0,0.0,1.0,0,0,0,0,0,2,0,DISABLED,nan,0,-1,0,0.0,0
1649,162.644103644001,93.5146484375,0.5,190.0,476.0,93.5146484375,0.5,190.0,476.0,90.34591692052786,0.5039424805681649,190.0,475.99836222406157,tracker,nan,nan,nan,nan,0.6369344592094421,nan,0,nan,nan,nan,TRACKING,0.04878018399904249,0.0,0.0,13.471171437003008,0,0,0,6.0146484375,0.007518310546875,1.0,0,0,0,0,0,2,0,DISABLED,nan,0,-1,0,0.0,0
1650,162.73526473699894,93.5,6.5146484375,190.0,476.0,93.5,6.5146484375,190.0,476.0,91.44984599834311,2.607689565494307,190.0,475.99893544564,tracker,nan,nan,nan,nan,0.6165311932563782,nan,0,nan,nan,nan,TRACKING,0.04592485199827934,0.0,0.0,10.96959203881683,0,0,0,6.014666275317557,0.007518332844146947,1.0,0,0,0,0,0,2,0,DISABLED,nan,0,-1,0,0.0,0
1651,162.80055268000433,93.5,6.5,190.0,476.0,93.5,6.5,190.0,476.0,92.16739989892302,3.9699982175712996,190.0,475.99930803966595,tracker,nan,nan,nan,nan,0.592331051826477,nan,0,nan,nan,nan,TRACKING,0.03808705100527732,0.0,0.0,15.316763769345366,0,0,0,0.0146484375,1.8310546875e-05,1.0,0,0,0,0,0,2,0,DISABLED,nan,0,-1,0,0.0,0
1652,162.87301835499966,93.5,6.5,190.0,476.0,93.5,6.5,190.0,476.0,92.63380993429996,4.855498841421345,190.0,475.14450115857863,tracker,nan,nan,nan,nan,0.5861338973045349,nan,0,nan,nan,nan,TRACKING,0.043477550003444776,0.0,0.0,13.799636863445594,0,0,0,0.0,0.0,1.0,0,0,0,0,0,2,0,DISABLED,nan,0,-1,0,0.0,0
1653,162.9580471060035,93.5,6.5,190.0,476.0,93.5,6.5,190.0,476.0,92.93697645729497,5.431074246923874,190.0,474.56892575307614,tracker,nan,nan,nan,nan,0.5868028998374939,nan,0,nan,nan,nan,TRACKING,0.05526607600040734,0.0,0.0,11.760727850215707,0,0,0,0.0,0.0,1.0,0,0,0,0,0,2,0,DISABLED,nan,0,-1,0,0.0,0
1654,163.04073329800303,87.4853515625,6.5,190.0,476.0,87.4853515625,6.5,190.0,476.0,91.02890774411674,5.805198260500518,190.0,474.1948017394995,tracker,nan,nan,nan,nan,0.591683566570282,nan,0,nan,nan,nan,TRACKING,0.0568867420006427,0.0,0.0,12.093917688284728,0,0,0,6.0146484375,0.007518310546875,1.0,0,0,0,0,0,2,0,DISABLED,nan,0,-1,0,0.0,0
1655,163.10262355200393,87.5,6.5,190.0,476.0,87.5,6.5,190.0,476.0,89.79379003367588,6.048378869325337,190.0,473.95162113067465,tracker,nan,nan,nan,nan,0.574722170829773,nan,0,nan,nan,nan,TRACKING,0.036483989999396726,0.0,0.0,16.15763283158368,0,0,0,0.0146484375,1.8310546875e-05,1.0,0,0,0,0,0,2,0,DISABLED,nan,0,-1,0,0.0,0
1656,163.1825239969985,87.5,6.5,190.0,476.0,87.5,6.5,190.0,476.0,88.99096352188931,6.206446265061469,190.0,473.79355373493854,tracker,nan,nan,nan,nan,0.6028213500976562,nan,0,nan,nan,nan,TRACKING,0.053002685999672394,0.0,0.0,12.515574851529708,0,0,0,0.0,0.0,1.0,0,0,0,0,0,2,0,DISABLED,nan,0,-1,0,0.0,0
1657,163.25412938999943,87.5,6.5,190.0,476.0,87.5,6.5,190.0,476.0,88.46912628922806,6.3091900722899545,190.0,473.69080992771006,tracker,nan,nan,nan,nan,0.6096823811531067,nan,0,nan,nan,nan,TRACKING,0.04563369899551617,0.0,0.0,13.965428553501829,0,0,0,0.0,0.0,1.0,0,0,0,0,0,2,0,DISABLED,nan,0,-1,0,0.0,0
1658,163.33368727500056,87.5,6.5,190.0,476.0,87.5,6.5,190.0,476.0,88.12993208799824,6.375973546988471,190.0,473.62402645301154,tracker,nan,nan,nan,nan,0.6090700030326843,nan,0,nan,nan,nan,TRACKING,0.04813938699953724,0.0,0.0,12.569464359012196,0,0,0,0.0,0.0,1.0,0,0,0,0,0,2,0,DISABLED,nan,0,-1,0,0.0,0
1659,163.406644941002,87.5,0.4853515625,190.0,476.0,87.5,0.4853515625,190.0,476.0,87.90945585719885,4.314255852417506,190.0,474.45561719445755,tracker,nan,nan,nan,nan,0.5983140468597412,nan,0,nan,nan,nan,TRACKING,0.04809084400039865,0.0,0.0,13.706578825863563,0,0,0,6.0146484375,0.007518310546875,1.0,0,0,0,0,0,2,0,DISABLED,nan,0,-1,0,0.0,0
1660,163.69022456699895,87.5,0.5,190.0,476.0,87.5,0.5,190.0,476.0,252.0,2.0,169.0,477.0,detector,252.0,2.0,169.0,477.0,0.5922248363494873,0.997952,1,0.07612143822161548,0.19251623308178456,1.1219034150819347,DETECTOR_CONFIRMED,0.04340051799954381,0.21100910499808379,0.0,3.526346423811159,0,0,0,0.0146484375,1.8310546875e-05,1.0,0,0,0,0,0,2,0,DISABLED,nan,0,-1,0,0.0,0
1661,163.77253866699903,87.5,0.5,190.0,476.0,87.5,0.5,190.0,476.0,194.425,1.475,176.35000000000002,476.65,tracker,nan,nan,nan,nan,0.6245327591896057,nan,0,nan,nan,nan,TRACKING,0.052130112002487294,0.0,0.0,12.148586937099195,0,0,0,0.0,0.0,1.0,0,0,0,0,0,2,0,DISABLED,nan,0,-1,0,0.0,0
1662,163.8389716380043,87.5,0.5,190.0,476.0,87.5,0.5,190.0,476.0,157.00125,1.13375,181.1275,476.4225,tracker,nan,nan,nan,nan,0.61976557970047,nan,0,nan,nan,nan,TRACKING,0.0422312700029579,0.0,0.0,15.052766493322647,0,0,0,0.0,0.0,1.0,0,0,0,0,0,2,0,DISABLED,nan,0,-1,0,0.0,0
1663,163.9143072290026,87.5,0.5,190.0,476.0,87.5,0.5,190.0,476.0,132.6758125,0.9119375000000001,184.232875,476.274625,tracker,nan,nan,nan,nan,0.6154310703277588,nan,0,nan,nan,nan,TRACKING,0.05025475299771642,0.0,0.0,13.27393847647203,0,0,0,0.0,0.0,1.0,0,0,0,0,0,2,0,DISABLED,nan,0,-1,0,0.0,0
1664,163.9933282780039,87.5,0.5,190.0,476.0,87.5,0.5,190.0,476.0,116.86427812500001,0.767759375,186.25136875,476.17850625000005,tracker,nan,nan,nan,nan,0.6129969358444214,nan,0,nan,nan,nan,TRACKING,0.05396932500298135,0.0,0.0,12.654856049600056,0,0,0,0.0,0.0,1.0,0,0,0,0,0,2,0,DISABLED,nan,0,-1,0,0.0,0
1665,164.06379046499933,87.5,0.5,190.0,476.0,87.5,0.5,190.0,476.0,106.58678078125001,0.67404359375,187.5633896875,476.11602906250005,tracker,nan,nan,nan,nan,0.6112169623374939,nan,0,nan,nan,nan,TRACKING,0.045328535001317505,0.0,0.0,14.192009113553134,0,0,0,0.0,0.0,1.0,0,0,0,0,0,2,0,DISABLED,nan,0,-1,0,0.0,0
1666,164.13328090900177,87.5,0.5,190.0,476.0,87.5,0.5,190.0,476.0,99.90640750781252,0.6131283359374999,188.416203296875,476.0754188906251,tracker,nan,nan,nan,nan,0.6189013719558716,nan,0,nan,nan,nan,TRACKING,0.042208196995488834,0.0,0.0,14.390467845692342,0,0,0,0.0,0.0,1.0,0,0,0,0,0,2,0,DISABLED,nan,0,-1,0,0.0,0
1667,164.24884579200443,87.5,0.5,190.0,476.0,87.5,0.5,190.0,476.0,95.56416488007814,0.573533418359375,188.97053214296875,476.04902227890636,tracker,nan,nan,nan,nan,0.6192511320114136,nan,0,nan,nan,nan,TRACKING,0.08776876800402533,0.0,0.0,8.653147686542152,0,0,0,0.0,0.0,1.0,0,0,0,0,0,2,0,DISABLED,nan,0,-1,0,0.0,0
1668,164.31603617800283,87.5,0.5,190.0,476.0,87.5,0.5,190.0,476.0,92.7417071720508,0.5477967219335937,189.3308458929297,476.0318644812892,tracker,nan,nan,nan,nan,0.6619845032691956,nan,0,nan,nan,nan,TRACKING,0.04264466600579908,0.0,0.0,14.88308163646795,0,0,0,0.0,0.0,1.0,0,0,0,0,0,2,0,DISABLED,nan,0,-1,0,0.0,0
1669,164.38662310800282,87.5,0.5,190.0,476.0,87.5,0.5,190.0,476.0,90.90710966183302,0.5310678692568359,189.5650498304043,476.020711912838,tracker,nan,nan,nan,nan,0.6726887226104736,nan,0,nan,nan,nan,TRACKING,0.04228293699998176,0.0,0.0,14.166928636790638,0,0,0,0.0,0.0,1.0,0,0,0,0,0,2,0,DISABLED,nan,0,-1,0,0.0,0
1670,164.4614345200025,87.5,0.5,190.0,476.0,87.5,0.5,190.0,476.0,89.71462128019147,0.5201941150169433,189.71728238976277,476.0134627433447,tracker,nan,nan,nan,nan,0.671031653881073,nan,0,nan,nan,nan,TRACKING,0.045572967996122316,0.0,0.0,13.366944604710111,0,0,0,0.0,0.0,1.0,0,0,0,0,0,2,0,DISABLED,nan,0,-1,0,0.0,0
1671,164.54022514499957,87.5,0.5,190.0,476.0,87.5,0.5,190.0,476.0,88.93950383212444,0.5131261747610132,189.8162335533458,476.00875078317404,tracker,nan,nan,nan,nan,0.6730186939239502,nan,0,nan,nan,nan,TRACKING,0.04685362499731127,0.0,0.0,12.691865308053863,0,0,0,0.0,0.0,1.0,0,0,0,0,0,2,0,DISABLED,nan,0,-1,0,0.0,0
1672,164.60715963999974,87.5,0.5,190.0,476.0,87.5,0.5,190.0,476.0,88.43567749088089,0.5085320135946585,189.88055180967478,476.0056880090631,tracker,nan,nan,nan,nan,0.6704205274581909,nan,0,nan,nan,nan,TRACKING,0.04314483400230529,0.0,0.0,14.939979751807792,0,0,0,0.0,0.0,1.0,0,0,0,0,0,2,0,DISABLED,nan,0,-1,0,0.0,0
1673,164.675222965001,87.5,0.5,190.0,476.0,87.5,0.5,190.0,476.0,88.10819036907257,0.505545808836528,189.9223586762886,476.00369720589106,tracker,nan,nan,nan,nan,0.6674829125404358,nan,0,nan,nan,nan,TRACKING,0.04199194099783199,0.0,0.0,14.692200241190852,0,0,0,0.0,0.0,1.0,0,0,0,0,0,2,0,DISABLED,nan,0,-1,0,0.0,0
1674,164.76661062600033,87.5,0.5,190.0,476.0,87.5,0.5,190.0,476.0,87.89532373989717,0.5036047757437432,189.9495331395876,476.0024031838292,tracker,nan,nan,nan,nan,0.675895631313324,nan,0,nan,nan,nan,TRACKING,0.05671163300576154,0.0,0.0,10.942396260776132,0,0,0,0.0,0.0,1.0,0,0,0,0,0,2,0,DISABLED,nan,0,-1,0,0.0,0
1675,164.845966891,87.5,0.5,190.0,476.0,87.5,0.5,190.0,476.0,87.75696043093316,0.5023431042334331,189.96719654073195,476.00156206948895,tracker,nan,nan,nan,nan,0.675089955329895,nan,0,nan,nan,nan,TRACKING,0.05490981799812289,0.0,0.0,12.601399524086498,0,0,0,0.0,0.0,1.0,0,0,0,0,0,2,0,DISABLED,nan,0,-1,0,0.0,0
1676,164.92868391700176,87.5,0.5,190.0,476.0,87.5,0.5,190.0,476.0,87.66702428010656,0.5015230177517316,189.97867775147577,476.00101534516784,tracker,nan,nan,nan,nan,0.6753348112106323,nan,0,nan,nan,nan,TRACKING,0.05303831199853448,0.0,0.0,12.089409500512701,0,0,0,0.0,0.0,1.0,0,0,0,0,0,2,0,DISABLED,nan,0,-1,0,0.0,0
1677,164.99158836300194,87.5,0.5,190.0,476.0,87.5,0.5,190.0,476.0,87.60856578206926,0.5009899615386255,189.98614053845927,476.0006599743591,tracker,nan,nan,nan,nan,0.6665385365486145,nan,0,nan,nan,nan,TRACKING,0.04021205200115219,0.0,0.0,15.897127525727143,0,0,0,0.0,0.0,1.0,0,0,0,0,0,2,0,DISABLED,nan,0,-1,0,0.0,0
1678,165.07476420300372,87.5,0.5,190.0,476.0,87.5,0.5,190.0,476.0,87.57056775834502,0.5006434750001065,189.99099134999852,476.00042898333345,tracker,nan,nan,nan,nan,0.6562989950180054,nan,0,nan,nan,nan,TRACKING,0.04407266999623971,0.0,0.0,12.022721982471422,0,0,0,0.0,0.0,1.0,0,0,0,0,0,2,0,DISABLED,nan,0,-1,0,0.0,0
1679,165.14754733400332,87.5,0.5,190.0,476.0,87.5,0.5,190.0,476.0,87.54586904292427,0.5004182587500692,189.99414437749903,476.00027883916675,tracker,nan,nan,nan,nan,0.6557211875915527,nan,0,nan,nan,nan,TRACKING,0.0356328739944729,0.0,0.0,13.739447400326132,0,0,0,0.0,0.0,1.0,0,0,0,0,0,2,0,DISABLED,nan,0,-1,0,0.0,0
1680,165.40471197300212,87.5,0.5,190.0,476.0,87.5,0.5,190.0,476.0,87.54586904292427,0.5004182587500692,189.99414437749903,476.00027883916675,held,nan,nan,nan,nan,0.6565390825271606,nan,0,nan,nan,nan,SUSPECTED_LOST,0.04081831700023031,0.19035592900036136,0.0,3.888559499833331,0,0,0,0.0,0.0,1.0,0,0,0,0,0,2,0,DISABLED,nan,0,-1,0,0.0,0
1681,165.47170537499915,87.5,0.5,190.0,476.0,87.5,0.5,190.0,476.0,87.52981487790078,0.500271868187545,189.99619384537436,476.0001812454584,tracker,nan,nan,nan,nan,0.665425181388855,nan,0,nan,nan,nan,TRACKING,0.037310988998797256,0.0,0.0,14.926843094853123,0,0,0,0.0,0.0,1.0,0,0,0,0,0,2,0,DISABLED,nan,0,-1,0,0.0,0
1682,165.53580281900213,87.5,0.5,190.0,476.0,87.5,0.5,190.0,476.0,87.5193796706355,0.5001767143219042,189.99752599949335,476.000117809548,tracker,nan,nan,nan,nan,0.671236515045166,nan,0,nan,nan,nan,TRACKING,0.040861339002731256,0.0,0.0,15.601246126966833,0,0,0,0.0,0.0,1.0,0,0,0,0,0,2,0,DISABLED,nan,0,-1,0,0.0,0
1683,165.59853002100135,87.5,0.5,190.0,476.0,87.5,0.5,190.0,476.0,87.51259678591308,0.5001148643092377,189.99839189967068,476.0000765762062,tracker,nan,nan,nan,nan,0.6778419017791748,nan,0,nan,nan,nan,TRACKING,0.03635169400513405,0.0,0.0,15.942046960940196,0,0,0,0.0,0.0,1.0,0,0,0,0,0,2,0,DISABLED,nan,0,-1,0,0.0,0
1684,165.67082678500446,87.5,0.5,190.0,476.0,87.5,0.5,190.0,476.0,87.5081879108435,0.5000746618010046,189.99895473478594,476.000049774534,tracker,nan,nan,nan,nan,0.6710216403007507,nan,0,nan,nan,nan,TRACKING,0.03863524200278334,0.0,0.0,13.831877730474114,0,0,0,0.0,0.0,1.0,0,0,0,0,0,2,0,DISABLED,nan,0,-1,0,0.0,0
1685,165.73703855300118,87.5,0.5,190.0,476.0,87.5,0.5,190.0,476.0,87.50532214204827,0.500048530170653,189.99932057761086,476.00003235344707,tracker,nan,nan,nan,nan,0.6767669916152954,nan,0,nan,nan,nan,TRACKING,0.04004538099979982,0.0,0.0,15.103055397184749,0,0,0,0.0,0.0,1.0,0,0,0,0,0,2,0,DISABLED,nan,0,-1,0,0.0,0
1686,165.80296625199844,87.5,0.5,190.0,476.0,87.5,0.5,190.0,476.0,87.50345939233138,0.5000315446109245,189.99955837544707,476.00002102974065,tracker,nan,nan,nan,nan,0.6752735376358032,nan,0,nan,nan,nan,TRACKING,0.03989032500248868,0.0,0.0,15.168131380432511,0,0,0,0.0,0.0,1.0,0,0,0,0,0,2,0,DISABLED,nan,0,-1,0,0.0,0
1687,165.86821799600148,87.5,0.5,190.0,476.0,87.5,0.5,190.0,476.0,87.5022486050154,0.5000205039971009,189.9997129440406,476.00001366933145,tracker,nan,nan,nan,nan,0.6774643063545227,nan,0,nan,nan,nan,TRACKING,0.04155302399885841,0.0,0.0,15.325260884268255,0,0,0,0.0,0.0,1.0,0,0,0,0,0,2,0,DISABLED,nan,0,-1,0,0.0,0
1688,165.929745636,87.5,0.5,190.0,476.0,87.5,0.5,190.0,476.0,87.50146159326,0.5000133275981156,189.99981341362638,476.0000088850654,tracker,nan,nan,nan,nan,0.6731822490692139,nan,0,nan,nan,nan,TRACKING,0.03807939399848692,0.0,0.0,16.25285806547892,0,0,0,0.0,0.0,1.0,0,0,0,0,0,2,0,DISABLED,nan,0,-1,0,0.0,0
1689,165.9941338159988,87.5,0.5,190.0,476.0,87.5,0.5,190.0,476.0,87.500950035619,0.5000086629387751,189.99987871885713,476.0000057752925,tracker,nan,nan,nan,nan,0.6731867790222168,nan,0,nan,nan,nan,TRACKING,0.033699232000799384,0.0,0.0,15.530800839825636,0,0,0,0.0,0.0,1.0,0,0,0,0,0,2,0,DISABLED,nan,0,-1,0,0.0,0
1690,166.0563359000007,87.5,0.5,190.0,476.0,87.5,0.5,190.0,476.0,87.50061752315234,0.5000056309102039,189.99992116725713,476.0000037539402,tracker,nan,nan,nan,nan,0.6726294159889221,nan,0,nan,nan,nan,TRACKING,0.033278857001278084,0.0,0.0,16.07663177280824,0,0,0,0.0,0.0,1.0,0,0,0,0,0,2,0,DISABLED,nan,0,-1,0,0.0,0
1691,166.12129888700292,87.5,0.5,190.0,476.0,87.5,0.5,190.0,476.0,87.50040139004902,0.5000036600916326,189.99994875871715,476.00000244006117,tracker,nan,nan,nan,nan,0.6712143421173096,nan,0,nan,nan,nan,TRACKING,0.03141750800568843,0.0,0.0,15.393380848787869,0,0,0,0.0,0.0,1.0,0,0,0,0,0,2,0,DISABLED,nan,0,-1,0,0.0,0
1692,166.22550348399818,87.5,0.5,190.0,476.0,87.5,0.5,190.0,476.0,87.50026090353187,0.5000023790595611,189.99996669316616,476.00000158603973,tracker,nan,nan,nan,nan,0.6687313318252563,nan,0,nan,nan,nan,TRACKING,0.06708251899544848,0.0,0.0,9.596505613331924,0,0,0,0.0,0.0,1.0,0,0,0,0,0,2,0,DISABLED,nan,0,-1,0,0.0,0
1693,166.28721435800253,87.5,0.5,190.0,476.0,87.5,0.5,190.0,476.0,87.50016958729572,0.5000015463887147,189.99997835055802,476.0000010309258,tracker,nan,nan,nan,nan,0.7139650583267212,nan,0,nan,nan,nan,TRACKING,0.037415106999105774,0.0,0.0,16.204599531835296,0,0,0,0.0,0.0,1.0,0,0,0,0,0,2,0,DISABLED,nan,0,-1,0,0.0,0
1694,166.35082366500137,87.5,0.5,190.0,476.0,87.5,0.5,190.0,476.0,87.50011023174221,0.5000010051526647,189.99998592786272,476.0000006701017,tracker,nan,nan,nan,nan,0.7126950621604919,nan,0,nan,nan,nan,TRACKING,0.03671868300443748,0.0,0.0,15.720969889173702,0,0,0,0.0,0.0,1.0,0,0,0,0,0,2,0,DISABLED,nan,0,-1,0,0.0,0
1695,166.41190395000012,87.5,0.5,190.0,476.0,87.5,0.5,190.0,476.0,87.50007165063244,0.500000653349232,189.99999085311077,476.0000004355661,tracker,nan,nan,nan,nan,0.7152635455131531,nan,0,nan,nan,nan,TRACKING,0.03735573100129841,0.0,0.0,16.37189479421108,0,0,0,0.0,0.0,1.0,0,0,0,0,0,2,0,DISABLED,nan,0,-1,0,0.0,0
1696,166.47341122400394,87.5,0.5,190.0,476.0,87.5,0.5,190.0,476.0,87.50004657291107,0.5000004246770009,189.999994054522,476.00000028311797,tracker,nan,nan,nan,nan,0.7134266495704651,nan,0,nan,nan,nan,TRACKING,0.03771344700362533,0.0,0.0,16.25823963419288,0,0,0,0.0,0.0,1.0,0,0,0,0,0,2,0,DISABLED,nan,0,-1,0,0.0,0
1697,166.5330075660022,87.5,0.5,190.0,476.0,87.5,0.5,190.0,476.0,87.5000302723922,0.5000002760400506,189.9999961354393,476.0000001840267,tracker,nan,nan,nan,nan,0.7119138240814209,nan,0,nan,nan,nan,TRACKING,0.03597892499965383,0.0,0.0,16.77955334958692,0,0,0,0.0,0.0,1.0,0,0,0,0,0,2,0,DISABLED,nan,0,-1,0,0.0,0
1698,166.59445525600313,87.5,0.5,190.0,476.0,87.5,0.5,190.0,476.0,87.50001967705492,0.5000001794260329,189.99999748803555,476.0000001196173,tracker,nan,nan,nan,nan,0.7115212082862854,nan,0,nan,nan,nan,TRACKING,0.036586128000635654,0.0,0.0,16.27400476706007,0,0,0,0.0,0.0,1.0,0,0,0,0,0,2,0,DISABLED,nan,0,-1,0,0.0,0
1699,166.65572413900372,87.5,0.5,190.0,476.0,87.5,0.5,190.0,476.0,87.50001279008569,0.5000001166269215,189.9999983672231,476.0000000777512,tracker,nan,nan,nan,nan,0.711421549320221,nan,0,nan,nan,nan,TRACKING,0.03360256299492903,0.0,0.0,16.321498793936083,0,0,0,0.0,0.0,1.0,0,0,0,0,0,2,0,DISABLED,nan,0,-1,0,0.0,0
1700,166.84432716000447,87.5,0.5,190.0,476.0,87.5,0.5,190.0,476.0,87.50001279008569,0.5000001166269215,189.9999983672231,476.0000000777512,held,nan,nan,nan,nan,0.7138581275939941,nan,0,nan,nan,nan,SUSPECTED_LOST,0.034067262000462506,0.11876824499631766,0.0,5.302142005435062,0,0,0,0.0,0.0,1.0,0,0,0,0,0,2,0,DISABLED,nan,0,-1,0,0.0,0
1701,166.91587046800123,87.5,0.5,190.0,476.0,87.5,0.5,190.0,476.0,87.5000083135557,0.500000075807499,189.999998938695,476.00000005053835,tracker,nan,nan,nan,nan,0.7070086002349854,nan,0,nan,nan,nan,TRACKING,0.046747059997869655,0.0,0.0,13.977547698035615,0,0,0,0.0,0.0,1.0,0,0,0,0,0,2,0,DISABLED,nan,0,-1,0,0.0,0
1702,166.97550045599928,87.5,0.5,190.0,476.0,87.5,0.5,190.0,476.0,87.5000054038112,0.5000000492748743,189.99999931015174,476.0000000328499,tracker,nan,nan,nan,nan,0.7125601768493652,nan,0,nan,nan,nan,TRACKING,0.03756464199977927,0.0,0.0,16.770085548779434,0,0,0,0.0,0.0,1.0,0,0,0,0,0,2,0,DISABLED,nan,0,-1,0,0.0,0
1703,167.03479106099985,87.5,0.5,190.0,476.0,87.5,0.5,190.0,476.0,87.50000351247728,0.5000000320286683,189.99999955159865,476.00000002135243,tracker,nan,nan,nan,nan,0.7064025402069092,nan,0,nan,nan,nan,TRACKING,0.03595756999857258,0.0,0.0,16.866078529480262,0,0,0,0.0,0.0,1.0,0,0,0,0,0,2,0,DISABLED,nan,0,-1,0,0.0,0
1704,167.09587160600495,87.5,0.5,190.0,476.0,87.5,0.5,190.0,476.0,87.50000228311023,0.5000000208186344,189.99999970853912,476.0000000138791,tracker,nan,nan,nan,nan,0.7124781012535095,nan,0,nan,nan,nan,TRACKING,0.03745640999841271,0.0,0.0,16.371825102682767,0,0,0,0.0,0.0,1.0,0,0,0,0,0,2,0,DISABLED,nan,0,-1,0,0.0,0
1705,167.24745406099828,87.5,0.5,190.0,476.0,87.5,0.5,190.0,476.0,87.50000148402165,0.5000000135321123,189.99999981055043,476.0000000090214,tracker,nan,nan,nan,nan,0.7084042429924011,nan,0,nan,nan,nan,TRACKING,0.04453653599921381,0.0,0.0,6.5970695621996205,0,0,0,0.0,0.0,1.0,0,0,0,0,0,2,0,DISABLED,nan,0,-1,0,0.0,0
1706,167.3083914259987,87.5,0.5,190.0,476.0,87.5,0.5,190.0,476.0,87.50000096461407,0.500000008795873,189.99999987685777,476.00000000586385,tracker,nan,nan,nan,nan,0.7114891409873962,nan,0,nan,nan,nan,TRACKING,0.03740234600263648,0.0,0.0,16.410292765251484,0,0,0,0.0,0.0,1.0,0,0,0,0,0,2,0,DISABLED,nan,0,-1,0,0.0,0
1707,167.3692379550048,87.5,0.5,190.0,476.0,87.5,0.5,190.0,476.0,87.50000062699915,0.5000000057173175,189.99999991995756,476.00000000381146,tracker,nan,nan,nan,nan,0.7151811718940735,nan,0,nan,nan,nan,TRACKING,0.03742260699800681,0.0,0.0,16.434791208878917,0,0,0,0.0,0.0,1.0,0,0,0,0,0,2,0,DISABLED,nan,0,-1,0,0.0,0
1708,167.42740728100034,87.5,0.5,190.0,476.0,87.5,0.5,190.0,476.0,87.50000040754945,0.5000000037162564,189.9999999479724,476.00000000247746,tracker,nan,nan,nan,nan,0.7131010890007019,nan,0,nan,nan,nan,TRACKING,0.0364969590009423,0.0,0.0,17.191191111213843,0,0,0,0.0,0.0,1.0,0,0,0,0,0,2,0,DISABLED,nan,0,-1,0,0.0,0
1709,167.48809208699822,87.5,0.5,190.0,476.0,87.5,0.5,190.0,476.0,87.50000026490714,0.5000000024155666,189.9999999661821,476.0000000016104,tracker,nan,nan,nan,nan,0.7139815092086792,nan,0,nan,nan,nan,TRACKING,0.03726572799496353,0.0,0.0,16.478589385865906,0,0,0,0.0,0.0,1.0,0,0,0,0,0,2,0,DISABLED,nan,0,-1,0,0.0,0
1710,167.55009083299956,87.5,0.5,190.0,476.0,87.5,0.5,190.0,476.0,87.50000017218964,0.5000000015701183,189.99999997801837,476.0000000010467,tracker,nan,nan,nan,nan,0.7159925699234009,nan,0,nan,nan,nan,TRACKING,0.03695957399759209,0.0,0.0,16.129358486999834,0,0,0,0.0,0.0,1.0,0,0,0,0,0,2,0,DISABLED,nan,0,-1,0,0.0,0
1711,167.6091249730016,87.5,0.5,190.0,476.0,87.5,0.5,190.0,476.0,87.50000011192327,0.5000000010205768,189.99999998571195,476.0000000006804,tracker,nan,nan,nan,nan,0.7173949480056763,nan,0,nan,nan,nan,TRACKING,0.035451046998787206,0.0,0.0,16.939350686999635,0,0,0,0.0,0.0,1.0,0,0,0,0,0,2,0,DISABLED,nan,0,-1,0,0.0,0
1712,167.67934595599945,87.5,0.5,190.0,476.0,87.5,0.5,190.0,476.0,87.50000007275013,0.5000000006633749,189.99999999071275,476.00000000044224,tracker,nan,nan,nan,nan,0.713447630405426,nan,0,nan,nan,nan,TRACKING,0.04159505500138039,0.0,0.0,14.240757638362556,0,0,0,0.0,0.0,1.0,0,0,0,0,0,2,0,DISABLED,nan,0,-1,0,0.0,0
1713,167.7417141900005,87.5,0.5,190.0,476.0,87.5,0.5,190.0,476.0,87.50000004728759,0.5000000004311937,189.99999999396329,476.0000000002875,tracker,nan,nan,nan,nan,0.7157276272773743,nan,0,nan,nan,nan,TRACKING,0.03824054400320165,0.0,0.0,16.03380336187321,0,0,0,0.0,0.0,1.0,0,0,0,0,0,2,0,DISABLED,nan,0,-1,0,0.0,0
1714,167.83256834799977,87.5,0.5,190.0,476.0,87.5,0.5,190.0,476.0,87.50000003073693,0.5000000002802759,189.99999999607616,476.0000000001869,tracker,nan,nan,nan,nan,0.7288517951965332,nan,0,nan,nan,nan,TRACKING,0.0427727939968463,0.0,0.0,11.006650900974584,0,0,0,0.0,0.0,1.0,0,0,0,0,0,2,0,DISABLED,nan,0,-1,0,0.0,0
1715,167.89675860699936,87.5,0.5,190.0,476.0,87.5,0.5,190.0,476.0,87.500000019979,0.5000000001821794,189.9999999974495,476.00000000012153,tracker,nan,nan,nan,nan,0.7271966338157654,nan,0,nan,nan,nan,TRACKING,0.04166047400212847,0.0,0.0,15.578687725912102,0,0,0,0.0,0.0,1.0,0,0,0,0,0,2,0,DISABLED,nan,0,-1,0,0.0,0
1716,167.9686097349986,87.5,0.5,190.0,476.0,87.5,0.5,190.0,476.0,87.50000001298635,0.5000000001184166,189.99999999834216,476.000000000079,tracker,nan,nan,nan,nan,0.7166920304298401,nan,0,nan,nan,nan,TRACKING,0.043165667993889656,0.0,0.0,13.917665983064337,0,0,0,0.0,0.0,1.0,0,0,0,0,0,2,0,DISABLED,nan,0,-1,0,0.0,0
1717,168.0787949000005,87.5,0.5,190.0,476.0,87.5,0.5,190.0,476.0,87.50000000844112,0.5000000000769709,189.99999999892242,476.0000000000514,tracker,nan,nan,nan,nan,0.7210344672203064,nan,0,nan,nan,nan,TRACKING,0.08562454700586386,0.0,0.0,9.075631914539562,0,0,0,0.0,0.0,1.0,0,0,0,0,0,2,0,DISABLED,nan,0,-1,0,0.0,0
1718,168.14269254800456,87.5,0.5,190.0,476.0,87.5,0.5,190.0,476.0,87.50000000548673,0.5000000000500311,189.99999999929958,476.0000000000334,tracker,nan,nan,nan,nan,0.7347572445869446,nan,0,nan,nan,nan,TRACKING,0.03963057899818523,0.0,0.0,15.650028306777235,0,0,0,0.0,0.0,1.0,0,0,0,0,0,2,0,DISABLED,nan,0,-1,0,0.0,0
1719,168.21294321900496,87.5,0.5,190.0,476.0,87.5,0.5,190.0,476.0,87.50000000356637,0.5000000000325202,189.99999999954474,476.0000000000217,tracker,nan,nan,nan,nan,0.7446503043174744,nan,0,nan,nan,nan,TRACKING,0.04176453900436172,0.0,0.0,14.234739480202037,0,0,0,0.0,0.0,1.0,0,0,0,0,0,2,0,DISABLED,nan,0,-1,0,0.0,0
1720,168.56042434700066,87.5,0.5,190.0,476.0,87.5,0.5,190.0,476.0,87.50000000356637,0.5000000000325202,189.99999999954474,476.0000000000217,held,nan,nan,nan,nan,0.7375504374504089,nan,0,nan,nan,nan,SUSPECTED_LOST,0.03975459199864417,0.2724457000003895,0.0,2.8778541320159285,0,0,0,0.0,0.0,1.0,0,0,0,0,0,2,0,DISABLED,nan,0,-1,0,0.0,0
1721,168.6376048279999,87.5,0.5,190.0,476.0,87.5,0.5,190.0,476.0,87.50000000231815,0.5000000000211382,189.99999999970407,476.0000000000141,tracker,nan,nan,nan,nan,0.7321984767913818,nan,0,nan,nan,nan,TRACKING,0.04680289499810897,0.0,0.0,12.95664379197058,0,0,0,0.0,0.0,1.0,0,0,0,0,0,2,0,DISABLED,nan,0,-1,0,0.0,0
1722,168.70676364999963,87.5,0.5,190.0,476.0,87.5,0.5,190.0,476.0,87.50000000150679,0.5000000000137399,189.99999999980764,476.0000000000092,tracker,nan,nan,nan,nan,0.7415276169776917,nan,0,nan,nan,nan,TRACKING,0.04438856399792712,0.0,0.0,14.459471273293552,0,0,0,0.0,0.0,1.0,0,0,0,0,0,2,0,DISABLED,nan,0,-1,0,0.0,0
1723,168.79430246400443,87.5,0.5,190.0,476.0,87.5,0.5,190.0,476.0,87.50000000097941,0.5000000000089309,189.99999999987497,476.000000000006,tracker,nan,nan,nan,nan,0.7430564761161804,nan,0,nan,nan,nan,TRACKING,0.06309898199833697,0.0,0.0,11.423504092083633,0,0,0,0.0,0.0,1.0,0,0,0,0,0,2,0,DISABLED,nan,0,-1,0,0.0,0
1724,168.86223292100476,87.5,0.5,190.0,476.0,87.5,0.5,190.0,476.0,87.50000000063662,0.5000000000058051,189.99999999991874,476.00000000000387,tracker,nan,nan,nan,nan,0.7409183979034424,nan,0,nan,nan,nan,TRACKING,0.04370880699570989,0.0,0.0,14.720937325582067,0,0,0,0.0,0.0,1.0,0,0,0,0,0,2,0,DISABLED,nan,0,-1,0,0.0,0
1725,168.92051969800377,87.5,0.5,190.0,476.0,87.5,0.5,190.0,476.0,87.5000000004138,0.5000000000037733,189.9999999999472,476.0000000000025,tracker,nan,nan,nan,nan,0.7426605820655823,nan,0,nan,nan,nan,TRACKING,0.03465680899535073,0.0,0.0,17.156549932705268,0,0,0,0.0,0.0,1.0,0,0,0,0,0,2,0,DISABLED,nan,0,-1,0,0.0,0
1726,168.98948153499805,87.5,0.5,190.0,476.0,87.5,0.5,190.0,476.0,87.50000000026897,0.5000000000024527,189.99999999996567,476.0000000000016,tracker,nan,nan,nan,nan,0.7356008887290955,nan,0,nan,nan,nan,TRACKING,0.04404095000063535,0.0,0.0,14.500773813246838,0,0,0,0.0,0.0,1.0,0,0,0,0,0,2,0,DISABLED,nan,0,-1,0,0.0,0
1727,169.06883514400397,87.5,0.5,190.0,476.0,87.5,0.5,190.0,476.0,87.50000000017482,0.5000000000015943,189.9999999999777,476.000000000001,tracker,nan,nan,nan,nan,0.7380743026733398,nan,0,nan,nan,nan,TRACKING,0.048853468004381284,0.0,0.0,12.60182129744584,0,0,0,0.0,0.0,1.0,0,0,0,0,0,2,0,DISABLED,nan,0,-1,0,0.0,0
1728,169.14222214500478,87.5,0.5,190.0,476.0,87.5,0.5,190.0,476.0,87.50000000011363,0.5000000000010363,189.9999999999855,476.0000000000007,tracker,nan,nan,nan,nan,0.7382570505142212,nan,0,nan,nan,nan,TRACKING,0.04474169699824415,0.0,0.0,13.626391409412642,0,0,0,0.0,0.0,1.0,0,0,0,0,0,2,0,DISABLED,nan,0,-1,0,0.0,0
1729,169.20806437200372,87.5,0.5,190.0,476.0,87.5,0.5,190.0,476.0,87.50000000007385,0.5000000000006736,189.99999999999056,476.00000000000045,tracker,nan,nan,nan,nan,0.7372905611991882,nan,0,nan,nan,nan,TRACKING,0.0421533510016161,0.0,0.0,15.18782163938833,0,0,0,0.0,0.0,1.0,0,0,0,0,0,2,0,DISABLED,nan,0,-1,0,0.0,0
1730,169.2840427400006,87.5,0.5,190.0,476.0,87.5,0.5,190.0,476.0,87.500000000048,0.5000000000004379,189.99999999999386,476.00000000000034,tracker,nan,nan,nan,nan,0.7355563044548035,nan,0,nan,nan,nan,TRACKING,0.04384063299949048,0.0,0.0,13.161640956031402,0,0,0,0.0,0.0,1.0,0,0,0,0,0,2,0,DISABLED,nan,0,-1,0,0.0,0
1731,169.35201080200204,87.5,0.5,190.0,476.0,87.5,0.5,190.0,476.0,87.5000000000312,0.5000000000002847,189.99999999999602,476.0000000000002,tracker,nan,nan,nan,nan,0.7361276149749756,nan,0,nan,nan,nan,TRACKING,0.04096425800526049,0.0,0.0,14.712792605129616,0,0,0,0.0,0.0,1.0,0,0,0,0,0,2,0,DISABLED,nan,0,-1,0,0.0,0
1732,169.42704544799926,87.5,0.5,190.0,476.0,87.5,0.5,190.0,476.0,87.50000000002028,0.500000000000185,189.9999999999974,476.0000000000001,tracker,nan,nan,nan,nan,0.7324970364570618,nan,0,nan,nan,nan,TRACKING,0.04333697399852099,0.0,0.0,13.327176888887314,0,0,0,0.0,0.0,1.0,0,0,0,0,0,2,0,DISABLED,nan,0,-1,0,0.0,0
1733,169.51125089700508,87.5,0.5,190.0,476.0,87.5,0.5,190.0,476.0,87.50000000001317,0.5000000000001202,189.99999999999832,476.0000000000001,tracker,nan,nan,nan,nan,0.7366945147514343,nan,0,nan,nan,nan,TRACKING,0.057814004001556896,0.0,0.0,11.875716023209648,0,0,0,0.0,0.0,1.0,0,0,0,0,0,2,0,DISABLED,nan,0,-1,0,0.0,0
1734,169.57656587200472,87.5,0.5,190.0,476.0,87.5,0.5,190.0,476.0,87.50000000000855,0.5000000000000782,189.99999999999892,476.0000000000001,tracker,nan,nan,nan,nan,0.7315369248390198,nan,0,nan,nan,nan,TRACKING,0.040840349000063725,0.0,0.0,15.310424600262841,0,0,0,0.0,0.0,1.0,0,0,0,0,0,2,0,DISABLED,nan,0,-1,0,0.0,0
1735,169.6467630010011,87.5,0.5,190.0,476.0,87.5,0.5,190.0,476.0,87.50000000000556,0.5000000000000508,189.99999999999932,476.0000000000001,tracker,nan,nan,nan,nan,0.7353808283805847,nan,0,nan,nan,nan,TRACKING,0.04013996700086864,0.0,0.0,14.245596854135155,0,0,0,0.0,0.0,1.0,0,0,0,0,0,2,0,DISABLED,nan,0,-1,0,0.0,0
1736,169.71822563000023,87.5,0.5,190.0,476.0,87.5,0.5,190.0,476.0,87.50000000000361,0.5000000000000331,189.99999999999955,476.0000000000001,tracker,nan,nan,nan,nan,0.7357726693153381,nan,0,nan,nan,nan,TRACKING,0.04710373600391904,0.0,0.0,13.99332789746643,0,0,0,0.0,0.0,1.0,0,0,0,0,0,2,0,DISABLED,nan,0,-1,0,0.0,0
1737,169.79198524400272,87.5,0.5,190.0,476.0,87.5,0.5,190.0,476.0,87.50000000000234,0.5000000000000215,189.99999999999972,476.0000000000001,tracker,nan,nan,nan,nan,0.7334166169166565,nan,0,nan,nan,nan,TRACKING,0.044057878003513906,0.0,0.0,13.557554679805277,0,0,0,0.0,0.0,1.0,0,0,0,0,0,2,0,DISABLED,nan,0,-1,0,0.0,0
1738,169.85285193000163,87.5,0.5,190.0,476.0,87.5,0.5,190.0,476.0,87.50000000000152,0.500000000000014,189.99999999999983,476.0000000000001,tracker,nan,nan,nan,nan,0.7367416024208069,nan,0,nan,nan,nan,TRACKING,0.03771813500497956,0.0,0.0,16.429348560521127,0,0,0,0.0,0.0,1.0,0,0,0,0,0,2,0,DISABLED,nan,0,-1,0,0.0,0
1739,170.13547872000345,87.5,0.5,190.0,476.0,87.5,0.5,190.0,476.0,87.50000000000098,0.5000000000000091,189.9999999999999,476.0000000000001,tracker,nan,nan,nan,nan,0.7294870018959045,nan,0,nan,nan,nan,TRACKING,0.04446398199797841,0.0,0.0,3.538234998860449,0,0,0,0.0,0.0,1.0,0,0,0,0,0,2,0,DISABLED,nan,0,-1,0,0.0,0
1740,171.37015995600086,87.5,0.5,190.0,476.0,87.5,0.5,190.0,476.0,270.0,0.0,174.0,477.0,detector,270.0,0.0,174.0,477.0,0.7350236177444458,0.882912,1,0.021016318553229565,0.218125,1.0896648112002698,DETECTOR_CONFIRMED,0.13025645099696703,0.12076506599987624,0.0,0.8099256478877068,0,0,0,0.0,0.0,1.0,0,0,0,0,0,2,0,DISABLED,nan,0,-1,0,0.0,0
1741,171.4593177170027,87.5,0.5,190.0,476.0,87.5,0.5,190.0,476.0,206.125,0.175,179.60000000000002,476.65,tracker,nan,nan,nan,nan,0.7130494713783264,nan,0,nan,nan,nan,TRACKING,0.07017697200353723,0.0,0.0,11.216073494480513,0,0,0,0.0,0.0,1.0,0,0,0,0,0,2,0,DISABLED,nan,0,-1,0,0.0,0
1742,171.58313082899986,87.5,0.5,190.0,476.0,87.5,0.5,190.0,476.0,164.60625000000002,0.28874999999999995,183.24,476.4225,tracker,nan,nan,nan,nan,0.709981381893158,nan,0,nan,nan,nan,TRACKING,0.0999294379944331,0.0,0.0,8.076689002235952,0,0,0,0.0,0.0,1.0,0,0,0,0,0,2,0,DISABLED,nan,0,-1,0,0.0,0
1743,171.6649496040045,87.5,0.5,190.0,476.0,87.5,0.5,190.0,476.0,137.6190625,0.36268749999999994,185.606,476.274625,tracker,nan,nan,nan,nan,0.7330330610275269,nan,0,nan,nan,nan,TRACKING,0.058381466995342635,0.0,0.0,12.222133611059057,0,0,0,0.0,0.0,1.0,0,0,0,0,0,2,0,DISABLED,nan,0,-1,0,0.0,0
1744,171.73979799500376,87.5,0.5,190.0,476.0,87.5,0.5,190.0,476.0,120.077390625,0.41074687499999996,187.1439,476.17850625000005,tracker,nan,nan,nan,nan,0.7251905798912048,nan,0,nan,nan,nan,TRACKING,0.044530182000016794,0.0,0.0,13.360340638585253,0,0,0,0.0,0.0,1.0,0,0,0,0,0,2,0,DISABLED,nan,0,-1,0,0.0,0
1745,171.81068837000203,87.5,0.5,190.0,476.0,87.5,0.5,190.0,476.0,108.67530390625001,0.44198546874999994,188.14353499999999,476.11602906250005,tracker,nan,nan,nan,nan,0.7361028790473938,nan,0,nan,nan,nan,TRACKING,0.03843706000043312,0.0,0.0,14.106287348943912,0,0,0,0.0,0.0,1.0,0,0,0,0,0,2,0,DISABLED,nan,0,-1,0,0.0,0
1746,171.86905968100473,87.5,0.5,190.0,476.0,87.5,0.5,190.0,476.0,101.26394753906251,0.46229055468749997,188.79329775,476.0754188906251,tracker,nan,nan,nan,nan,0.7280464172363281,nan,0,nan,nan,nan,TRACKING,0.03474884200113593,0.0,0.0,17.131703619843496,0,0,0,0.0,0.0,1.0,0,0,0,0,0,2,0,DISABLED,nan,0,-1,0,0.0,0
1747,171.97348532600154,87.5,0.5,190.0,476.0,87.5,0.5,190.0,476.0,96.44656590039064,0.475488860546875,189.2156435375,476.04902227890636,tracker,nan,nan,nan,nan,0.7357819080352783,nan,0,nan,nan,nan,TRACKING,0.07843811799830291,0.0,0.0,9.576191748976596,0,0,0,0.0,0.0,1.0,0,0,0,0,0,2,0,DISABLED,nan,0,-1,0,0.0,0
1748,172.0481853800011,87.5,0.5,190.0,476.0,87.5,0.5,190.0,476.0,93.31526783525392,0.48406775935546875,189.490168299375,476.0318644812892,tracker,nan,nan,nan,nan,0.7370446920394897,nan,0,nan,nan,nan,TRACKING,0.05087060200457927,0.0,0.0,13.386871179584796,0,0,0,0.0,0.0,1.0,0,0,0,0,0,2,0,DISABLED,nan,0,-1,0,0.0,0
1749,172.1244618280034,87.5,0.5,190.0,476.0,87.5,0.5,190.0,476.0,91.27992409291505,0.4896440435810547,189.66860939459377,476.020711912838,tracker,nan,nan,nan,nan,0.7464297413825989,nan,0,nan,nan,nan,TRACKING,0.051074720999167766,0.0,0.0,13.110206704559861,0,0,0,0.0,0.0,1.0,0,0,0,0,0,2,0,DISABLED,nan,0,-1,0,0.0,0
1750,172.1949376620032,87.5,0.5,190.0,476.0,87.5,0.5,190.0,476.0,89.95695066039478,0.49326862832768553,189.78459610648594,476.0134627433447,tracker,nan,nan,nan,nan,0.7562946081161499,nan,0,nan,nan,nan,TRACKING,0.03640518600150244,0.0,0.0,14.189260960043766,0,0,0,0.0,0.0,1.0,0,0,0,0,0,2,0,DISABLED,nan,0,-1,0,0.0,0
1751,172.2495443470034,87.5,0.5,190.0,476.0,87.5,0.5,190.0,476.0,89.09701792925661,0.4956246084129956,189.85998746921587,476.00875078317404,tracker,nan,nan,nan,nan,0.7608190774917603,nan,0,nan,nan,nan,TRACKING,0.0326285800038022,0.0,0.0,18.31277617377232,0,0,0,0.0,0.0,1.0,0,0,0,0,0,2,0,DISABLED,nan,0,-1,0,0.0,0
1752,172.31001013700006,87.5,0.5,190.0,476.0,87.5,0.5,190.0,476.0,88.5380616540168,0.49715599546844713,189.90899185499032,476.0056880090631,tracker,nan,nan,nan,nan,0.7592870593070984,nan,0,nan,nan,nan,TRACKING,0.03745140999672003,0.0,0.0,16.53827726479847,0,0,0,0.0,0.0,1.0,0,0,0,0,0,2,0,DISABLED,nan,0,-1,0,0.0,0
1753,172.39647215400328,87.5,0.5,190.0,476.0,87.5,0.5,190.0,476.0,88.17474007511092,0.49815139705449063,189.9408447057437,476.00369720589106,tracker,nan,nan,nan,nan,0.75407874584198,nan,0,nan,nan,nan,TRACKING,0.060480270003608894,0.0,0.0,11.5657722854514,0,0,0,0.0,0.0,1.0,0,0,0,0,0,2,0,DISABLED,nan,0,-1,0,0.0,0
1754,172.47419186700427,87.5,0.5,190.0,476.0,87.5,0.5,190.0,476.0,87.9385810488221,0.4987984080854189,189.9615490587334,476.0024031838292,tracker,nan,nan,nan,nan,0.747426450252533,nan,0,nan,nan,nan,TRACKING,0.052450381001108326,0.0,0.0,12.866748491303436,0,0,0,0.0,0.0,1.0,0,0,0,0,0,2,0,DISABLED,nan,0,-1,0,0.0,0
1755,172.55187381900032,87.5,0.5,190.0,476.0,87.5,0.5,190.0,476.0,87.78507768173436,0.4992189652555223,189.97500688817672,476.00156206948895,tracker,nan,nan,nan,nan,0.753110408782959,nan,0,nan,nan,nan,TRACKING,0.05159244199603563,0.0,0.0,12.873002985954555,0,0,0,0.0,0.0,1.0,0,0,0,0,0,2,0,DISABLED,nan,0,-1,0,0.0,0
1756,172.64088256700052,87.5,0.5,190.0,476.0,87.5,0.5,190.0,476.0,87.68530049312733,0.4994923274160895,189.98375447731487,476.00101534516784,tracker,nan,nan,nan,nan,0.7476530075073242,nan,0,nan,nan,nan,TRACKING,0.059972027003823314,0.0,0.0,11.234850758689367,0,0,0,0.0,0.0,1.0,0,0,0,0,0,2,0,DISABLED,nan,0,-1,0,0.0,0
1757,172.74197161800112,87.5,0.5,190.0,476.0,87.5,0.5,190.0,476.0,87.62044532053277,0.4996700128204582,189.98944041025467,476.0006599743591,tracker,nan,nan,nan,nan,0.7465383410453796,nan,0,nan,nan,nan,TRACKING,0.06950539200624917,0.0,0.0,9.892268154679499,0,0,0,0.0,0.0,1.0,0,0,0,0,0,2,0,DISABLED,nan,0,-1,0,0.0,0
1758,172.8184057260005,87.5,0.5,190.0,476.0,87.5,0.5,190.0,476.0,87.57828945834629,0.4997855083332978,189.99313626666554,476.00042898333345,tracker,nan,nan,nan,nan,0.748921275138855,nan,0,nan,nan,nan,TRACKING,0.04789531799906399,0.0,0.0,13.083164390538446,0,0,0,0.0,0.0,1.0,0,0,0,0,0,2,0,DISABLED,nan,0,-1,0,0.0,0
1759,172.92607811900234,87.5,0.5,190.0,476.0,87.5,0.5,190.0,476.0,87.5508881479251,0.4998605804166436,189.99553857333262,476.00027883916675,tracker,nan,nan,nan,nan,0.7466356158256531,nan,0,nan,nan,nan,TRACKING,0.0719819660007488,0.0,0.0,9.287431737333348,0,0,0,0.0,0.0,1.0,0,0,0,0,0,2,0,DISABLED,nan,0,-1,0,0.0,0
1760,173.3657232300029,87.5,0.5,190.0,476.0,375.0,0.0,232.0,480.0,375.0,0.0,232.0,480.0,detector,375.0,0.0,232.0,480.0,0.7556113004684448,0.955484,1,0.0,0.38562955831989854,1.2313135780628042,REINITIALIZING,0.0735869010022725,0.3138318450000952,0.0,2.274561856776106,0,0,0,0.0,0.0,1.0,0,0,0,0,0,3,1,DISABLED,nan,0,-1,0,0.0,0
1761,173.39277229500294,375.0,0.0,232.0,480.0,375.0,0.0,232.0,480.0,375.0,0.0,232.0,480.0,held,nan,nan,nan,nan,,nan,0,nan,nan,nan,INITIALIZING,0.0,0.0,0.0,36.96985459567463,0,0,0,0.0,0.0,1.0,0,0,0,0,0,3,1,DISABLED,nan,0,-1,0,0.0,0
1762,173.43184249600017,375.0,0.0,232.0,480.0,375.0,0.0,232.0,480.0,375.0,0.0,232.0,480.0,held,nan,nan,nan,nan,,nan,0,nan,nan,nan,INITIALIZING,0.0,0.0,0.0,25.59495406923795,0,0,0,0.0,0.0,1.0,0,0,0,0,0,3,1,DISABLED,nan,0,-1,0,0.0,0
1763,173.49894329700328,375.0,0.0,232.0,480.0,375.0,0.0,232.0,480.0,375.0,0.0,232.0,480.0,held,nan,nan,nan,nan,,nan,0,nan,nan,nan,INITIALIZING,0.0,0.0,0.0,14.902951753939442,0,0,0,0.0,0.0,1.0,0,0,0,0,0,3,1,DISABLED,nan,0,-1,0,0.0,0
1764,173.56136434500513,375.0,0.0,232.0,480.0,375.0,0.0,232.0,480.0,375.0,0.0,232.0,480.0,held,nan,nan,nan,nan,,nan,0,nan,nan,nan,INITIALIZING,0.0,0.0,0.0,16.020237275899827,0,0,0,0.0,0.0,1.0,0,0,0,0,0,3,1,DISABLED,nan,0,-1,0,0.0,0
1765,173.6348021800004,375.0,0.0,232.0,480.0,375.0,0.0,232.0,480.0,375.0,0.0,232.0,480.0,held,nan,nan,nan,nan,,nan,0,nan,nan,nan,INITIALIZING,0.0,0.0,0.0,13.616959160960308,0,0,0,0.0,0.0,1.0,0,0,0,0,0,3,1,DISABLED,nan,0,-1,0,0.0,0
1766,173.71337045700056,375.0,0.0,232.0,480.0,375.0,0.0,232.0,480.0,375.0,0.0,232.0,480.0,held,nan,nan,nan,nan,,nan,0,nan,nan,nan,INITIALIZING,0.0,0.0,0.0,12.72778325020392,0,0,0,0.0,0.0,1.0,0,0,0,0,0,3,1,DISABLED,nan,0,-1,0,0.0,0
1767,173.84051089100103,375.0,0.0,232.0,480.0,375.0,0.0,232.0,480.0,375.0,0.0,232.0,480.0,held,nan,nan,nan,nan,,nan,0,nan,nan,nan,INITIALIZING,0.0,0.0,0.0,7.865318439894039,0,0,0,0.0,0.0,1.0,0,0,0,0,0,3,1,DISABLED,nan,0,-1,0,0.0,0
1768,173.9489860649992,374.5,0.5,232.0,480.0,374.5,0.5,232.0,480.0,374.825,0.175,232.0,479.825,tracker,nan,nan,nan,nan,0.8221331834793091,nan,0,nan,nan,nan,TRACKING,0.043513229000382125,0.0,0.519364145999134,9.218699202243059,0,0,0,0.7071067811865476,0.0008838834764831844,1.0,0,0,0,0,0,3,1,DISABLED,nan,0,-1,0,0.0,0
1769,174.022444318005,374.5,0.5,232.0,480.0,374.5,0.5,232.0,480.0,374.71124999999995,0.28874999999999995,232.0,479.71125,tracker,nan,nan,nan,nan,0.8063482642173767,nan,0,nan,nan,nan,TRACKING,0.046073397003056016,0.0,0.0,13.61317427356869,0,0,0,0.0,0.0,1.0,0,0,0,0,0,3,1,DISABLED,nan,0,-1,0,0.0,0
1770,174.10720025000046,374.5,0.5,232.0,480.0,374.5,0.5,232.0,480.0,374.63731249999995,0.36268749999999994,232.0,479.6373125,tracker,nan,nan,nan,nan,0.801201581954956,nan,0,nan,nan,nan,TRACKING,0.05455350599368103,0.0,0.0,11.798584198844837,0,0,0,0.0,0.0,1.0,0,0,0,0,0,3,1,DISABLED,nan,0,-1,0,0.0,0
1771,174.1858621220017,374.5,0.5,232.0,480.0,374.5,0.5,232.0,480.0,374.58925312499997,0.41074687499999996,232.0,479.589253125,tracker,nan,nan,nan,nan,0.8040638566017151,nan,0,nan,nan,nan,TRACKING,0.05151603400008753,0.0,0.0,12.712639231165632,0,0,0,0.0,0.0,1.0,0,0,0,0,0,3,1,DISABLED,nan,0,-1,0,0.0,0
1772,174.2632096390007,374.5,0.5,232.0,480.0,374.5,0.5,232.0,480.0,374.55801453124997,0.44198546874999994,232.0,479.55801453125,tracker,nan,nan,nan,nan,0.8039261698722839,nan,0,nan,nan,nan,TRACKING,0.050168812995252665,0.0,0.0,12.928663243487906,0,0,0,0.0,0.0,1.0,0,0,0,0,0,3,1,DISABLED,nan,0,-1,0,0.0,0
1773,174.34086153800308,374.5,0.5,232.0,480.0,374.5,0.5,232.0,480.0,374.5377094453125,0.46229055468749997,232.0,479.5377094453125,tracker,nan,nan,nan,nan,0.8074373602867126,nan,0,nan,nan,nan,TRACKING,0.0501433960016584,0.0,0.0,12.877985121386429,0,0,0,0.0,0.0,1.0,0,0,0,0,0,3,1,DISABLED,nan,0,-1,0,0.0,0
1774,174.41924840400316,374.5,0.5,232.0,480.0,374.5,0.5,232.0,480.0,374.5245111394531,0.475488860546875,232.0,479.5245111394531,tracker,nan,nan,nan,nan,0.8085706830024719,nan,0,nan,nan,nan,TRACKING,0.0516859339986695,0.0,0.0,12.757239203810782,0,0,0,0.0,0.0,1.0,0,0,0,0,0,3,1,DISABLED,nan,0,-1,0,0.0,0
1775,174.4880188820025,374.5,0.5,232.0,480.0,374.5,0.5,232.0,480.0,374.51593224064453,0.48406775935546875,232.0,479.51593224064453,tracker,nan,nan,nan,nan,0.8098417520523071,nan,0,nan,nan,nan,TRACKING,0.03708426500088535,0.0,0.0,14.541123300167223,0,0,0,0.0,0.0,1.0,0,0,0,0,0,3,1,DISABLED,nan,0,-1,0,0.0,0
1776,174.56057237200002,374.5,0.5,232.0,480.0,374.5,0.5,232.0,480.0,374.51035595641895,0.4896440435810547,232.0,479.51035595641895,tracker,nan,nan,nan,nan,0.8109451532363892,nan,0,nan,nan,nan,TRACKING,0.04711967400362482,0.0,0.0,13.78293449473235,0,0,0,0.0,0.0,1.0,0,0,0,0,0,3,1,DISABLED,nan,0,-1,0,0.0,0
1777,174.63354670599801,374.5,0.5,232.0,480.0,374.5,0.5,232.0,480.0,374.50673137167234,0.49326862832768553,232.0,479.5067313716723,tracker,nan,nan,nan,nan,0.8085722327232361,nan,0,nan,nan,nan,TRACKING,0.044505284997285344,0.0,0.0,13.703448119547586,0,0,0,0.0,0.0,1.0,0,0,0,0,0,3,1,DISABLED,nan,0,-1,0,0.0,0
1778,174.7223971679996,374.5,0.5,232.0,480.0,374.5,0.5,232.0,480.0,374.504375391587,0.4956246084129956,232.0,479.504375391587,tracker,nan,nan,nan,nan,0.794535219669342,nan,0,nan,nan,nan,TRACKING,0.05901742100104457,0.0,0.0,11.254865506296271,0,0,0,0.0,0.0,1.0,0,0,0,0,0,3,1,DISABLED,nan,0,-1,0,0.0,0
1779,174.79812079000112,367.82586669921875,0.5,232.0,480.0,367.82586669921875,0.5,232.0,480.0,372.16689734925814,0.49715599546844713,232.0,479.50284400453154,tracker,nan,nan,nan,nan,0.8084789514541626,nan,0,nan,nan,nan,TRACKING,0.05104586599918548,0.0,0.0,13.205918755177297,0,0,0,6.67413330078125,0.008342666625976563,1.0,0,0,0,0,0,3,1,DISABLED,nan,0,-1,0,0.0,0
1780,175.31787291500223,367.5,0.5,232.0,480.0,367.5,0.5,232.0,480.0,362.0,0.0,217.0,480.0,detector,362.0,0.0,217.0,480.0,0.7557119727134705,0.916874,1,0.8887742291689945,0.01626201478907211,1.0691244239631337,DETECTOR_CONFIRMED,0.041568075997929554,0.4510202409946942,0.0,1.923994057740262,0,0,0,0.32586669921875,0.0004073333740234375,1.0,0,0,0,0,0,3,1,DISABLED,nan,0,-1,0,0.0,0
1781,175.63591106400418,287.41046142578125,-6.17413330078125,232.0,480.0,287.41046142578125,-6.17413330078125,232.0,480.0,297.0,0.0,178.0,480.0,detector,297.0,0.0,178.0,480.0,0.4535912573337555,0.786858,1,0.7499711670625157,0.023090991515714553,1.303370786516854,LOW_CONFIDENCE,0.052643823000835255,0.2224316319989157,0.0,3.1442768835693005,1,0,0,80.36714654849872,0.1004589331856234,1.0,0,0,0,0,0,3,1,DISABLED,nan,0,-1,0,0.0,0
1782,175.87180246099888,247.45523071289062,-13.17413330078125,232.0,480.0,247.45523071289062,-13.17413330078125,232.0,480.0,261.0,0.0,166.0,480.0,detector,261.0,0.0,166.0,480.0,0.35752877593040466,0.99221,1,0.6824764893616856,0.02937004719731897,1.3975903614457832,LOW_CONFIDENCE,0.053380092002043966,0.15695910100475885,0.0,4.2392389580127725,1,0,0,40.563782630818814,0.050704728288523515,1.0,0,0,0,0,0,3,1,DISABLED,nan,0,-1,0,0.0,0
1783,176.1328566250013,247.5,-13.5,232.0,480.0,247.5,-13.5,232.0,480.0,261.0,0.0,166.0,480.0,detector,261.0,0.0,166.0,480.0,0.39649057388305664,0.994743,1,0.681675337364988,0.029646353064078555,1.3975903614457832,LOW_CONFIDENCE,0.044432417998905294,0.18355711299955146,0.0,3.8306226748819174,1,0,0,0.3289276436057099,0.0004111595545071374,1.0,0,0,0,0,0,3,1,DISABLED,nan,0,-1,0,0.0,0
1784,176.40053434199945,254.17413330078125,-13.5,232.0,480.0,254.17413330078125,-13.5,232.0,480.0,269.0,1.0,162.0,477.0,detector,269.0,1.0,162.0,477.0,0.3973579704761505,0.981834,1,0.6660395855965661,0.029999886834101427,1.4411056759065144,LOW_CONFIDENCE,0.05863423399569001,0.1809539749956457,0.0,3.735835807382163,1,0,0,6.67413330078125,0.008342666625976563,1.0,0,0,0,0,0,3,1,DISABLED,nan,0,-1,0,0.0,0
1785,176.70613525099907,261.17413330078125,-13.5,232.0,480.0,261.17413330078125,-13.5,232.0,480.0,273.0,3.0,161.0,474.0,detector,273.0,3.0,161.0,474.0,0.40036848187446594,0.959051,1,0.660089959796728,0.0340659880678102,1.4592342165264565,LOW_CONFIDENCE,0.04688779300340684,0.22954608099826146,0.0,3.2722415756990952,1,0,0,7.0,0.00875,1.0,0,0,0,0,0,3,1,DISABLED,nan,0,-1,0,0.0,0
1786,176.9406406240014,261.5,-6.82586669921875,232.0,480.0,261.5,-6.82586669921875,232.0,480.0,267.0,2.0,169.0,472.0,detector,267.0,2.0,169.0,472.0,0.377274751663208,0.982379,1,0.7141590543933931,0.033055091074376985,1.396048540768228,LOW_CONFIDENCE,0.04693737700290512,0.1560169410004164,0.0,4.264294618060212,1,0,0,6.682083838313984,0.00835260479789248,1.0,0,0,0,0,0,3,1,DISABLED,nan,0,-1,0,0.0,0
1787,177.22020744199835,261.5,-6.5,232.0,480.0,261.5,-6.5,232.0,480.0,268.0,5.0,160.0,471.0,detector,268.0,5.0,160.0,471.0,0.3898477256298065,0.983914,1,0.670722977809592,0.03789891983948883,1.4777070063694266,LOW_CONFIDENCE,0.043660004004777875,0.20215825700142886,0.0,3.5769624133678666,1,0,0,0.32586669921875,0.0004073333740234375,1.0,0,0,0,0,0,3,1,DISABLED,nan,0,-1,0,0.0,0
1788,177.48770734100253,241.47760009765625,-13.17413330078125,232.0,480.0,241.47760009765625,-13.17413330078125,232.0,480.0,256.0,5.0,159.0,472.0,detector,256.0,5.0,159.0,472.0,0.3466765284538269,0.999045,1,0.6499541159711384,0.032689853186826566,1.4838503357850976,LOW_CONFIDENCE,0.05654636899998877,0.1821388480020687,0.0,3.738319168428468,1,0,0,21.105462638046394,0.02638182829755799,1.0,0,0,0,0,0,3,1,DISABLED,nan,0,-1,0,0.0,0
1789,177.77510737700504,221.47760009765625,-20.17413330078125,232.0,480.0,221.47760009765625,-20.17413330078125,232.0,480.0,212.0,2.0,186.0,477.0,detector,212.0,2.0,186.0,477.0,0.29544150829315186,0.99181,1,0.677618714315529,0.04812442038355101,1.2551565564347062,LOW_CONFIDENCE,0.04573948300094344,0.2154477579970262,0.0,3.479470684517482,1,0,0,21.18962010041709,0.026487025125521365,1.0,0,0,0,0,0,3,1,DISABLED,nan,0,-1,0,0.0,0
1790,178.00761743900512,228.17413330078125,-47.19651794433594,232.0,480.0,228.17413330078125,-47.19651794433594,232.0,480.0,117.0,0.0,261.0,480.0,detector,117.0,0.0,261.0,480.0,0.2929157614707947,0.933362,1,0.37745694576814237,0.13447466859230894,1.125,LOW_CONFIDENCE,0.04710061100195162,0.1597614629936288,0.0,4.300889137433037,1,0,0,27.83977063060642,0.034799713288258025,1.0,0,0,0,0,0,3,1,DISABLED,nan,0,-1,0,0.0,0
1791,178.28726092500438,375.3308410644531,-7.455230712890625,232.0,480.0,375.3308410644531,-7.455230712890625,232.0,480.0,125.0,0.0,239.0,480.0,detector,125.0,0.0,239.0,480.0,0.2503727972507477,0.823981,1,0.0,0.3086792544595435,1.0301724137931034,LOW_CONFIDENCE,0.04953785999532556,0.1970701089958311,0.0,3.5759817412755712,1,0,0,152.42856212224456,0.1905357026528057,1.0,0,0,0,0,0,3,1,DISABLED,nan,0,-1,0,0.0,0
1792,178.57639876499888,382.17413330078125,-0.82586669921875,232.0,480.0,382.17413330078125,-0.82586669921875,232.0,480.0,123.0,0.0,232.0,480.0,detector,123.0,0.0,232.0,480.0,0.320315420627594,0.771874,1,0.0,0.32396931140352636,1.0,LOW_CONFIDENCE,0.07834040700254263,0.1891728270056774,0.0,3.4585580359145953,1,0,0,9.527807505274048,0.01190975938159256,1.0,0,0,0,0,0,3,1,DISABLED,nan,0,-1,0,0.0,0
1793,178.75178973500442,382.5,-0.5,232.0,480.0,382.5,-0.5,232.0,480.0,132.0,0.0,221.0,480.0,detector,132.0,0.0,221.0,480.0,0.3389744758605957,0.867639,1,0.0,0.32000061035098043,1.0497737556561086,LOW_CONFIDENCE,0.03587183900526725,0.12098272800358245,0.0,5.701547804704132,1,0,0,0.4608451055609103,0.0005760563819511378,1.0,0,0,0,0,0,3,1,DISABLED,nan,0,-1,0,0.0,0
1794,178.9196557250034,382.5,-0.5,232.0,480.0,382.5,-0.5,232.0,480.0,138.0,0.0,207.0,480.0,detector,138.0,0.0,207.0,480.0,0.33495616912841797,0.815995,1,0.0,0.32125060797607835,1.1207729468599035,LOW_CONFIDENCE,0.034061064005072694,0.1152691989991581,0.0,5.95713282962273,1,0,0,0.0,0.0,1.0,0,0,0,0,0,3,1,DISABLED,nan,0,-1,0,0.0,0
1795,179.19970239800023,382.5,-0.5,232.0,480.0,382.5,-0.5,232.0,480.0,138.0,0.0,207.0,480.0,detector,138.0,0.0,207.0,480.0,0.33178094029426575,0.850016,1,0.0,0.32125060797607835,1.1207729468599035,LOW_CONFIDENCE,0.038017621998733375,0.21208152799954405,0.0,3.5708333518081545,1,0,0,0.0,0.0,1.0,0,0,0,0,0,3,1,DISABLED,nan,0,-1,0,0.0,0
1796,179.48113551300048,382.5,-0.5,232.0,480.0,382.5,-0.5,232.0,480.0,152.0,0.0,193.0,480.0,detector,152.0,0.0,193.0,480.0,0.3231199383735657,0.876554,1,0.0,0.312500624999375,1.2020725388601037,LOW_CONFIDENCE,0.04427715399651788,0.2048785869992571,0.0,3.5532421264608316,1,0,0,0.0,0.0,1.0,0,0,0,0,0,3,1,DISABLED,nan,0,-1,0,0.0,0
1797,179.7214292600038,382.5,-0.5,232.0,480.0,382.5,-0.5,232.0,480.0,173.0,0.0,184.0,480.0,detector,173.0,0.0,184.0,480.0,0.33051198720932007,0.869924,1,0.0,0.29187566916411517,1.2608695652173914,LOW_CONFIDENCE,0.044484556005045306,0.16180339000129607,0.0,4.161573126521013,1,0,0,0.0,0.0,1.0,0,0,0,0,0,3,1,DISABLED,nan,0,-1,0,0.0,0
1798,179.9989740480014,382.5,-0.5,232.0,480.0,382.5,-0.5,232.0,480.0,198.0,0.0,183.0,480.0,detector,198.0,0.0,183.0,480.0,0.3310036361217499,0.960769,1,0.0,0.2612507476065858,1.2677595628415301,LOW_CONFIDENCE,0.0431633240004885,0.20239435800613137,0.0,3.603022082362438,1,0,0,0.0,0.0,1.0,0,0,0,0,0,3,1,DISABLED,nan,0,-1,0,0.0,0
1799,180.26889989399933,375.82586669921875,-7.17413330078125,232.0,480.0,375.82586669921875,-7.17413330078125,232.0,480.0,206.0,0.0,179.0,480.0,detector,206.0,0.0,179.0,480.0,0.31890472769737244,0.981654,1,0.02248220865699557,0.24557112680130724,1.2960893854748603,LOW_CONFIDENCE,0.05341488499834668,0.18339289099822054,0.0,3.704721184823708,1,0,0,9.438649831050755,0.011798312288813444,1.0,0,0,0,0,0,3,1,DISABLED,nan,0,-1,0,0.0,0
1800,180.60070141000324,375.5,-0.82586669921875,232.0,480.0,375.5,-0.82586669921875,232.0,480.0,208.0,0.0,181.0,479.0,detector,208.0,0.0,181.0,479.0,0.3139651417732239,0.969048,1,0.03375132116340671,0.24125034387639244,1.2844438805522556,LOW_CONFIDENCE,0.05811245000222698,0.24406389500654768,0.0,3.0138500029886113,1,0,0,6.356624729380649,0.007945780911725812,1.0,0,0,0,0,0,3,1,DISABLED,nan,0,-1,0,0.0,0
1801,180.84296385299967,375.5,-0.5,232.0,480.0,375.5,-0.5,232.0,480.0,187.0,0.0,216.0,480.0,detector,187.0,0.0,216.0,480.0,0.3146004378795624,0.913714,1,0.06532576184490008,0.24562579516410732,1.0740740740740742,LOW_CONFIDENCE,0.0532872249968932,0.15737525700387778,0.0,4.127754957109542,1,0,0,0.32586669921875,0.0004073333740234375,1.0,0,0,0,0,0,3,1,DISABLED,nan,0,-1,0,0.0,0
1802,181.12882452700433,368.82586669921875,-0.5,232.0,480.0,368.82586669921875,-0.5,232.0,480.0,189.0,0.0,219.0,480.0,detector,189.0,0.0,219.0,480.0,0.30389145016670227,0.929577,1,0.09501455074894584,0.2329081719571009,1.0593607305936072,LOW_CONFIDENCE,0.05139087499992456,0.2086578480011667,0.0,3.498207661763662,1,0,0,6.67413330078125,0.008342666625976563,1.0,0,0,0,0,0,3,1,DISABLED,nan,0,-1,0,0.0,0
1803,181.40292896800383,221.66915893554688,-0.5,232.0,480.0,221.66915893554688,-0.5,232.0,480.0,202.0,0.0,214.0,480.0,detector,202.0,0.0,214.0,480.0,0.28468573093414307,0.978135,1,0.7707435979507586,0.035841898362627904,1.0841121495327102,LOW_CONFIDENCE,0.054431888995168265,0.1877640419988893,0.0,3.648244429581473,1,0,0,147.15670776367188,0.18394588470458983,1.0,0,0,0,0,0,3,1,DISABLED,nan,0,-1,0,0.0,0
1804,181.7088971789999,221.5,-0.5,232.0,480.0,221.5,-0.5,232.0,480.0,206.0,0.0,216.0,480.0,detector,206.0,0.0,216.0,480.0,0.34807321429252625,0.994185,1,0.8085748347879841,0.029381648183857897,1.0740740740740742,LOW_CONFIDENCE,0.04879429999709828,0.2276517110003624,0.0,3.2683133870166765,1,0,0,0.169158935546875,0.00021144866943359375,1.0,0,0,0,0,0,3,1,DISABLED,nan,0,-1,0,0.0,0
1805,181.94208803900256,221.5,-0.5,232.0,480.0,221.5,-0.5,232.0,480.0,221.0,0.0,215.0,480.0,detector,221.0,0.0,215.0,480.0,0.3658560812473297,0.97368,1,0.9207347777337639,0.011267347735824966,1.0790697674418606,LOW_CONFIDENCE,0.04403277300298214,0.15782907100219745,0.0,4.2883327416376105,1,0,0,0.0,0.0,1.0,0,0,0,0,0,3,1,DISABLED,nan,0,-1,0,0.0,0
1806,182.20387071200093,221.5,-0.5,232.0,480.0,221.5,-0.5,232.0,480.0,218.0,0.0,209.0,480.0,detector,218.0,0.0,209.0,480.0,0.3475944399833679,0.982258,1,0.8709108626049835,0.018760413774754542,1.1100478468899522,LOW_CONFIDENCE,0.04828355700010434,0.1874130950018298,0.0,3.819962522906137,1,0,0,0.0,0.0,1.0,0,0,0,0,0,3,1,DISABLED,nan,0,-1,0,0.0,0
1807,182.4834949799988,221.5,-0.5,232.0,480.0,221.5,-0.5,232.0,480.0,212.0,0.0,214.0,480.0,detector,212.0,0.0,214.0,480.0,0.3341403603553772,0.978935,1,0.8451633199666443,0.023133444404152183,1.0841121495327102,LOW_CONFIDENCE,0.044236684996576514,0.20507473700126866,0.0,3.5762275111531148,1,0,0,0.0,0.0,1.0,0,0,0,0,0,3,1,DISABLED,nan,0,-1,0,0.0,0
1808,182.72311386700312,221.5,-0.5,232.0,480.0,221.5,-0.5,232.0,480.0,206.0,0.0,226.0,480.0,detector,206.0,0.0,226.0,480.0,0.342976450920105,0.973892,1,0.8488670601171941,0.023133444404152183,1.0265486725663717,LOW_CONFIDENCE,0.04492315999959828,0.16172396000183653,0.0,4.173293735322066,1,0,0,0.0,0.0,1.0,0,0,0,0,0,3,1,DISABLED,nan,0,-1,0,0.0,0
1809,183.0013152340034,221.5,-7.17413330078125,232.0,480.0,221.5,-7.17413330078125,232.0,480.0,205.0,0.0,226.0,480.0,detector,205.0,0.0,226.0,480.0,0.3402092754840851,0.980938,1,0.820123980329267,0.02597228657077874,1.0265486725663717,LOW_CONFIDENCE,0.05666772599943215,0.1931769379953039,0.0,3.5945186423147537,1,0,0,6.67413330078125,0.008342666625976563,1.0,0,0,0,0,0,3,1,DISABLED,nan,0,-1,0,0.0,0
1810,183.2913417939999,221.5,-0.82586669921875,232.0,480.0,221.5,-0.82586669921875,232.0,480.0,209.0,0.0,212.0,480.0,detector,209.0,0.0,212.0,480.0,0.33695879578590393,0.985701,1,0.8134051008728838,0.028143939617529076,1.0943396226415094,LOW_CONFIDENCE,0.04996458899404388,0.20905473300081212,0.0,3.447960076525914,1,0,0,6.3482666015625,0.007935333251953124,1.0,0,0,0,0,0,3,1,DISABLED,nan,0,-1,0,0.0,0
1811,183.5945470700026,228.17413330078125,-0.5,232.0,480.0,228.17413330078125,-0.5,232.0,480.0,220.0,0.0,204.0,480.0,detector,220.0,0.0,204.0,480.0,0.3896656632423401,0.960543,1,0.8138090212959522,0.027724712229142703,1.1372549019607843,LOW_CONFIDENCE,0.047017118995427154,0.2235418159980327,0.0,3.298095643926378,1,0,0,6.682083838313984,0.00835260479789248,1.0,0,0,0,0,0,3,1,DISABLED,nan,0,-1,0,0.0,0
1812,183.8271969280031,201.80349731445312,-7.17413330078125,232.0,480.0,201.80349731445312,-7.17413330078125,232.0,480.0,204.0,0.0,190.0,478.0,detector,204.0,0.0,190.0,478.0,0.3262106478214264,0.781641,1,0.7996657240740912,0.024738994815576006,1.2261616384056375,LOW_CONFIDENCE,0.053397956005937885,0.15171756299969275,0.0,4.298304794141728,1,0,0,27.20210465460386,0.034002630818254824,1.0,0,0,0,0,0,3,1,DISABLED,nan,0,-1,0,0.0,0
1813,184.10041228400223,134.7587127685547,-14.17413330078125,232.0,480.0,134.7587127685547,-14.17413330078125,232.0,480.0,204.0,0.0,190.0,478.0,held,nan,nan,nan,nan,0.2338743954896927,nan,0,nan,nan,nan,SUSPECTED_LOST,0.057623844004410785,0.19103099899803055,0.0,3.6601163808786557,1,1,0,67.40922143747058,0.08426152679683822,1.0,0,0,1,0,0,3,1,DISABLED,nan,0,-1,0,0.0,0
1814,184.39169773000322,101.12936401367188,-34.52238464355469,232.0,480.0,101.12936401367188,-34.52238464355469,232.0,480.0,123.0,2.0,176.0,452.0,detector,123.0,2.0,176.0,452.0,0.2744113504886627,0.97554,1,0.6915833954200263,0.029176909568085784,1.3998390989541432,LOW_CONFIDENCE,0.048036364001745824,0.21382079099566909,0.0,3.433058581294934,1,0,0,39.306289959575416,0.04913286244946927,1.0,0,0,0,0,0,3,1,DISABLED,nan,0,-1,0,0.0,0
1815,184.68463452000287,94.82586669921875,-34.5,232.0,480.0,94.82586669921875,-34.5,232.0,480.0,113.0,0.0,170.0,459.0,detector,113.0,0.0,170.0,459.0,0.2776809632778168,0.993258,1,0.6663587171703841,0.03401522766961623,1.4271434063821606,LOW_CONFIDENCE,0.05073252500005765,0.21137583300151164,0.0,3.4137057349511077,1,0,0,6.303537059904132,0.007879421324880165,1.0,0,0,0,0,0,3,1,DISABLED,nan,0,-1,0,0.0,0
1816,184.93045981199975,67.80348205566406,-27.82586669921875,232.0,480.0,67.80348205566406,-27.82586669921875,232.0,480.0,100.0,0.0,160.0,470.0,detector,100.0,0.0,160.0,470.0,0.2695963382720947,0.981614,1,0.6334515942826034,0.02892573103868396,1.4808510638297872,LOW_CONFIDENCE,0.049798646999988705,0.16386437899927841,0.0,4.067929674269204,1,0,0,27.834391086223125,0.03479298885777891,1.0,0,0,0,0,0,3,1,DISABLED,nan,0,-1,0,0.0,0
1817,185.22886314600328,54.15174865722656,-20.82586669921875,232.0,480.0,54.15174865722656,-20.82586669921875,232.0,480.0,80.0,0.0,176.0,480.0,detector,80.0,0.0,176.0,480.0,0.3022804260253906,0.968785,1,0.7025811760367604,0.02617091497664633,1.3181818181818181,LOW_CONFIDENCE,0.10914654500083998,0.1568299830032629,0.0,3.3511689919261785,1,0,0,15.341767329157808,0.01917720916144726,1.0,0,0,0,0,0,3,1,DISABLED,nan,0,-1,0,0.0,0
1818,185.61732233600196,21.129364013671875,-20.5,232.0,480.0,21.129364013671875,-20.5,232.0,480.0,64.0,0.0,170.0,473.0,detector,64.0,0.0,170.0,473.0,0.35432299971580505,0.800091,1,0.6872992829176016,0.0259178991818368,1.384902375326452,LOW_CONFIDENCE,0.06573337099689525,0.29275152400077786,0.0,2.57427298863334,1,0,0,33.02399243962692,0.04127999054953366,1.0,0,0,0,0,0,3,1,DISABLED,nan,0,-1,0,0.0,0
1819,185.91448834600305,-11.870643615722656,-20.5,232.0,480.0,-11.870643615722656,-20.5,232.0,480.0,7.0,0.0,181.0,476.0,detector,7.0,0.0,181.0,476.0,0.3474254012107849,0.931874,1,0.727346267703865,0.024564912924413106,1.2925391150935512,LOW_CONFIDENCE,0.05000162099895533,0.21434861599846045,0.0,3.3651224108582425,1,0,0,33.00000762939453,0.04125000953674316,1.0,0,0,0,0,0,3,1,DISABLED,nan,0,-1,0,0.0,0
1820,186.19768405800278,-24.84825897216797,-20.5,232.0,480.0,-24.84825897216797,-20.5,232.0,480.0,4.0,0.0,179.0,471.0,detector,4.0,0.0,179.0,471.0,0.3052012622356415,0.930633,1,0.7251947433619735,0.020214255497372987,1.3208554246877557,LOW_CONFIDENCE,0.05033985900081461,0.2012365159971523,0.0,3.531126911981542,1,0,0,12.977615356445312,0.01622201919555664,1.0,0,0,0,0,0,3,1,DISABLED,nan,0,-1,0,0.0,0
1821,186.42247715600388,-31.17412567138672,-20.5,232.0,480.0,-31.17412567138672,-20.5,232.0,480.0,3.0,0.0,178.0,467.0,detector,3.0,0.0,178.0,467.0,0.27949586510658264,0.922041,1,0.7257731043968233,0.019663897723240883,1.3396530568053318,LOW_CONFIDENCE,0.06480100400222,0.13369257799786283,0.0,4.448535159184932,1,0,0,6.32586669921875,0.007907333374023438,1.0,0,0,0,0,0,3,1,DISABLED,nan,0,-1,0,0.0,0
1822,186.6800356599997,-24.82587432861328,-20.5,232.0,480.0,-24.82587432861328,-20.5,232.0,480.0,2.0,1.0,181.0,464.0,detector,2.0,1.0,181.0,464.0,0.26445716619491577,0.930049,1,0.7386242774052004,0.016956190920247045,1.3259668508287292,LOW_CONFIDENCE,0.05964092599606374,0.16553515000123298,0.0,3.882613016016793,1,0,0,6.3482513427734375,0.007935314178466797,1.0,0,0,0,0,0,3,1,DISABLED,nan,0,-1,0,0.0,0
1823,186.94675074900442,-31.17412567138672,-13.82586669921875,232.0,480.0,-31.17412567138672,-13.82586669921875,232.0,480.0,15.0,0.0,190.0,475.0,detector,15.0,0.0,190.0,475.0,0.2869965136051178,0.911768,1,0.7533929239545698,0.03450570287573952,1.2339058171745152,LOW_CONFIDENCE,0.0579314560018247,0.1765430310042575,0.0,3.7493191844961746,1,0,0,9.21109930614267,0.011513874132678337,1.0,0,0,0,0,0,3,1,DISABLED,nan,0,-1,0,0.0,0
1824,187.24744393199944,-24.82587432861328,-20.17413330078125,232.0,480.0,-24.82587432861328,-20.17413330078125,232.0,480.0,14.0,1.0,194.0,476.0,detector,14.0,1.0,194.0,476.0,0.30782821774482727,0.916782,1,0.7702505900321908,0.034476275373664926,1.2059256692367668,LOW_CONFIDENCE,0.0492834260003292,0.21872289300517878,0.0,3.3256490554245954,1,0,0,8.97779393590311,0.011222242419878887,1.0,0,0,0,0,0,3,1,DISABLED,nan,0,-1,0,0.0,0
1825,187.48643858400465,2.1965179443359375,-13.82586669921875,232.0,480.0,2.1965179443359375,-13.82586669921875,232.0,480.0,45.0,7.0,182.0,471.0,detector,45.0,7.0,182.0,471.0,0.32756927609443665,0.883618,1,0.7362170140413762,0.030194626404870556,1.299083082522573,LOW_CONFIDENCE,0.0601235420035664,0.14695759999449365,0.0,4.184194046225885,1,0,0,27.75806500816762,0.034697581260209526,1.0,0,0,0,0,0,3,1,DISABLED,nan,0,-1,0,0.0,0
1826,187.76528746799886,49.218902587890625,-20.17413330078125,232.0,480.0,49.218902587890625,-20.17413330078125,232.0,480.0,72.0,6.0,173.0,470.0,detector,72.0,6.0,173.0,470.0,0.3030049502849579,0.935362,1,0.6877467100741897,0.027768225237693463,1.3695732382240806,LOW_CONFIDENCE,0.06768565999664133,0.1768089749966748,0.0,3.586171784789166,1,0,0,47.44897413444174,0.059311217668052175,1.0,0,0,0,0,0,3,1,DISABLED,nan,0,-1,0,0.0,0
1827,188.0244227830044,69.52238464355469,-27.17413330078125,232.0,480.0,69.52238464355469,-27.17413330078125,232.0,480.0,98.0,6.0,153.0,471.0,detector,98.0,6.0,153.0,471.0,0.3081476092338562,0.994862,1,0.5941696875778513,0.03839960293946415,1.54531451646476,LOW_CONFIDENCE,0.050520124001195654,0.1819763969979249,0.0,3.8589877260788574,1,0,0,21.476298181592483,0.026845372726990602,1.0,0,0,0,0,0,3,1,DISABLED,nan,0,-1,0,0.0,0
1828,188.31976265399862,76.17413330078125,-34.17413330078125,232.0,480.0,76.17413330078125,-34.17413330078125,232.0,480.0,111.0,8.0,137.0,460.0,detector,111.0,8.0,137.0,460.0,0.3120537996292114,0.990648,1,0.5243292636560439,0.04322558032762568,1.7670580768010156,LOW_CONFIDENCE,0.06223317900003167,0.2012197450021631,0.0,3.3859295618761798,1,0,0,9.65638442683986,0.012070480533549826,1.0,0,0,0,0,0,3,1,DISABLED,nan,0,-1,0,0.0,0
1829,188.55823557500116,76.5,-34.5,232.0,480.0,76.5,-34.5,232.0,480.0,101.0,9.0,148.0,462.0,detector,101.0,9.0,148.0,462.0,0.28672632575035095,0.990011,1,0.5611027150971911,0.04835577783471175,1.6286416286416285,LOW_CONFIDENCE,0.048116313002537936,0.15734890200110385,0.0,4.193348225014402,1,0,0,0.4608451055609103,0.0005760563819511378,1.0,0,0,0,0,0,3,1,DISABLED,nan,0,-1,0,0.0,0
1830,188.85615478100226,76.5,-41.17413330078125,232.0,480.0,76.5,-41.17413330078125,232.0,480.0,100.0,9.0,145.0,465.0,detector,100.0,9.0,145.0,465.0,0.26675254106521606,0.984266,1,0.5351590008666937,0.05891044120332214,1.6516129032258065,LOW_CONFIDENCE,0.0539756270009093,0.21205991299939342,0.0,3.3566147460674847,1,0,0,6.67413330078125,0.008342666625976563,1.0,0,0,0,0,0,3,1,DISABLED,nan,0,-1,0,0.0,0
1831,189.12859334800305,69.82586669921875,-41.5,232.0,480.0,69.82586669921875,-41.5,232.0,480.0,96.0,7.0,144.0,468.0,detector,96.0,7.0,144.0,468.0,0.28292515873908997,0.955567,1,0.5328256842971805,0.05760874938402255,1.6524216524216524,LOW_CONFIDENCE,0.049284415996226016,0.1914588749932591,0.0,3.6705522680168055,1,0,0,6.682083838313984,0.00835260479789248,1.0,0,0,0,0,0,3,1,DISABLED,nan,0,-1,0,0.0,0
1832,189.41342847500346,69.5,-41.5,232.0,480.0,69.5,-41.5,232.0,480.0,94.0,8.0,145.0,465.0,detector,94.0,8.0,145.0,465.0,0.2744179666042328,0.930325,1,0.5364485981308411,0.05762215285808055,1.6516129032258065,LOW_CONFIDENCE,0.05762061499990523,0.1962479530047858,0.0,3.510802935477038,1,0,0,0.32586669921875,0.0004073333740234375,1.0,0,0,0,0,0,3,1,DISABLED,nan,0,-1,0,0.0,0
1833,189.6502391670001,69.5,-41.5,232.0,480.0,69.5,-41.5,232.0,480.0,89.0,9.0,153.0,467.0,detector,89.0,9.0,153.0,467.0,0.27812501788139343,0.951015,1,0.5611861909946839,0.06041522986797286,1.5585506151068564,LOW_CONFIDENCE,0.05501664299663389,0.15063534900400555,0.0,4.2227823058518705,1,0,0,0.0,0.0,1.0,0,0,0,0,0,3,1,DISABLED,nan,0,-1,0,0.0,0
1834,189.9315903530005,69.5,-41.5,232.0,480.0,69.5,-41.5,232.0,480.0,90.0,7.0,152.0,470.0,detector,90.0,7.0,152.0,470.0,0.27453842759132385,0.95171,1,0.559567279800703,0.05958843218276514,1.5587905935050392,LOW_CONFIDENCE,0.04500920399732422,0.20671873800165486,0.0,3.554276824689141,1,0,0,0.0,0.0,1.0,0,0,0,0,0,3,1,DISABLED,nan,0,-1,0,0.0,0
1835,190.20441715799825,69.5,-41.5,232.0,480.0,69.5,-41.5,232.0,480.0,91.0,9.0,152.0,466.0,detector,91.0,9.0,152.0,466.0,0.281681090593338,0.961069,1,0.5584220070482773,0.05908812274899246,1.5721707702733227,LOW_CONFIDENCE,0.05011730200203601,0.19140277900442015,0.0,3.6653289987699402,1,0,0,0.0,0.0,1.0,0,0,0,0,0,3,1,DISABLED,nan,0,-1,0,0.0,0
1836,190.49057310100034,69.5,-41.5,232.0,480.0,69.5,-41.5,232.0,480.0,90.0,7.0,152.0,469.0,detector,90.0,7.0,152.0,469.0,0.28384315967559814,0.951515,1,0.5602938663933026,0.059018667597633884,1.5621142408259454,LOW_CONFIDENCE,0.04611881599703338,0.2090114509992418,0.0,3.4945980485637156,1,0,0,0.0,0.0,1.0,0,0,0,0,0,3,1,DISABLED,nan,0,-1,0,0.0,0
1837,190.7346923619989,69.5,-41.5,232.0,480.0,69.5,-41.5,232.0,480.0,92.0,8.0,150.0,467.0,detector,92.0,8.0,150.0,467.0,0.2833718955516815,0.9488,1,0.5527025292078572,0.05851348669324022,1.5897216274089936,LOW_CONFIDENCE,0.045011965004960075,0.16699377999611897,0.0,4.096358459834524,1,0,0,0.0,0.0,1.0,0,0,0,0,0,3,1,DISABLED,nan,0,-1,0,0.0,0
1838,191.0038915240002,69.5,-41.5,232.0,480.0,69.5,-41.5,232.0,480.0,92.0,8.0,150.0,467.0,detector,92.0,8.0,150.0,467.0,0.2818794846534729,0.950523,1,0.5527025292078572,0.05851348669324022,1.5897216274089936,LOW_CONFIDENCE,0.05325847399944905,0.1900877459993353,0.0,3.714721816240715,1,0,0,0.0,0.0,1.0,0,0,0,0,0,3,1,DISABLED,nan,0,-1,0,0.0,0
1839,191.31853859900002,69.5,-41.5,232.0,480.0,69.5,-41.5,232.0,480.0,93.0,7.0,148.0,467.0,detector,93.0,7.0,148.0,467.0,0.27937984466552734,0.952936,1,0.547635789870856,0.05736737422089319,1.6112043521037096,LOW_CONFIDENCE,0.060761995999200735,0.22764967999682995,0.0,3.178163979438229,1,0,0,0.0,0.0,1.0,0,0,0,0,0,3,1,DISABLED,nan,0,-1,0,0.0,0
1840,191.61515881500236,69.5,-41.5,232.0,480.0,69.5,-41.5,232.0,480.0,92.0,7.0,151.0,469.0,detector,92.0,7.0,151.0,469.0,0.2870064973831177,0.961029,1,0.5567860881454422,0.05826931010403333,1.5724593682486339,LOW_CONFIDENCE,0.04622189100336982,0.2190155050047906,0.0,3.3713143813236113,1,0,0,0.0,0.0,1.0,0,0,0,0,0,3,1,DISABLED,nan,0,-1,0,0.0,0
1841,191.91615210899909,69.5,-41.5,232.0,480.0,69.5,-41.5,232.0,480.0,92.0,7.0,151.0,468.0,detector,92.0,7.0,151.0,468.0,0.28439009189605713,0.956814,1,0.5575054654043116,0.05769328925447049,1.575819324163695,LOW_CONFIDENCE,0.049620935002167244,0.22528576599870576,0.0,3.3223331547409103,1,0,0,0.0,0.0,1.0,0,0,0,0,0,3,1,DISABLED,nan,0,-1,0,0.0,0
1842,192.1647034609996,62.82586669921875,-34.82586669921875,232.0,480.0,62.82586669921875,-34.82586669921875,232.0,480.0,98.0,7.0,140.0,465.0,detector,98.0,7.0,140.0,465.0,0.2807311415672302,0.935645,1,0.5328936068724298,0.04499070241522457,1.7105990783410139,LOW_CONFIDENCE,0.09654351999779465,0.12097470699518453,0.0,4.023313459980581,1,0,0,9.438649831050755,0.011798312288813444,1.0,0,0,0,0,0,3,1,DISABLED,nan,0,-1,0,0.0,0
1843,192.4199208650025,69.17413330078125,-34.5,232.0,480.0,69.17413330078125,-34.5,232.0,480.0,96.0,5.0,150.0,470.0,detector,96.0,5.0,150.0,470.0,0.3709389269351959,0.975392,1,0.5706697758777044,0.0466227555563723,1.5795744680851065,LOW_CONFIDENCE,0.06203395500051556,0.14936854600091465,0.0,3.918228084431947,1,0,0,6.356624729380649,0.007945780911725812,1.0,0,0,0,0,0,3,1,DISABLED,nan,0,-1,0,0.0,0
1844,192.68061861499882,69.5,-34.5,232.0,480.0,69.5,-34.5,232.0,480.0,97.0,7.0,147.0,467.0,detector,97.0,7.0,147.0,467.0,0.3596798777580261,0.977209,1,0.5578518297353082,0.04759858191164943,1.6221649259275444,LOW_CONFIDENCE,0.05059653300122591,0.182976994998171,0.0,3.835859726499737,1,0,0,0.32586669921875,0.0004073333740234375,1.0,0,0,0,0,0,3,1,DISABLED,nan,0,-1,0,0.0,0
1845,192.96919659800187,76.17413330078125,-41.17413330078125,232.0,480.0,76.17413330078125,-41.17413330078125,232.0,480.0,99.0,3.0,134.0,468.0,detector,99.0,3.0,134.0,468.0,0.3512877821922302,0.898154,1,0.5048845222725239,0.057856904667259706,1.7757367011098355,LOW_CONFIDENCE,0.04866054599551717,0.2086622759961756,0.0,3.465267826719219,1,0,0,9.438649831050755,0.011798312288813444,1.0,0,0,0,0,0,3,1,DISABLED,nan,0,-1,0,0.0,0
1846,193.20063679000305,76.5,-34.82586669921875,232.0,480.0,76.5,-34.82586669921875,232.0,480.0,90.0,4.0,145.0,471.0,detector,90.0,4.0,145.0,471.0,0.31922414898872375,0.891122,1,0.5529704559793427,0.05698499150890158,1.6305732484076434,LOW_CONFIDENCE,0.057513997999194544,0.14796840700000757,0.0,4.320770698267181,1,0,0,6.356624729380649,0.007945780911725812,1.0,0,0,0,0,0,3,1,DISABLED,nan,0,-1,0,0.0,0
1847,193.47088842700032,83.17413330078125,-41.17413330078125,232.0,480.0,83.17413330078125,-41.17413330078125,232.0,480.0,94.0,4.0,140.0,471.0,detector,94.0,4.0,140.0,471.0,0.3467358648777008,0.911279,1,0.5228769269584495,0.0672170548162682,1.6888080072793448,LOW_CONFIDENCE,0.06140742899879115,0.1830357470025774,0.0,3.700255107095213,1,0,0,9.211109822443282,0.011513887278054103,1.0,0,0,0,0,0,3,1,DISABLED,nan,0,-1,0,0.0,0
1848,193.75544875600463,83.5,-41.5,232.0,480.0,83.5,-41.5,232.0,480.0,97.0,4.0,136.0,469.0,detector,97.0,4.0,136.0,469.0,0.320374459028244,0.923107,1,0.5091855375176645,0.06602852129951117,1.7458923868054685,LOW_CONFIDENCE,0.0427715440018801,0.1992131849983707,0.0,3.514193294262263,1,0,0,0.4608451055609103,0.0005760563819511378,1.0,0,0,0,0,0,3,1,DISABLED,nan,0,-1,0,0.0,0
1849,194.06344097699912,83.5,-41.5,232.0,480.0,83.5,-41.5,232.0,480.0,96.0,4.0,137.0,469.0,detector,96.0,4.0,137.0,469.0,0.328914999961853,0.901527,1,0.5127771101721561,0.06643841132959155,1.7331486467557935,LOW_CONFIDENCE,0.04319072100042831,0.23173301300266758,0.0,3.2468352504847253,1,0,0,0.0,0.0,1.0,0,0,0,0,0,3,1,DISABLED,nan,0,-1,0,0.0,0
1850,194.35695074999967,83.5,-41.5,232.0,480.0,99.0,5.0,133.0,465.0,99.0,5.0,133.0,465.0,detector,99.0,5.0,133.0,465.0,0.32027721405029297,0.907258,1,0.4989679747640621,0.06467466660138264,1.8006306087800146,SOFT_REINITIALIZING,0.04422006900131237,0.21554708500480046,0.0,3.407041577447314,1,0,0,0.0,0.0,1.0,0,0,0,0,1,3,1,DISABLED,nan,0,-1,0,0.0,0
1851,194.38270087599813,99.0,5.0,133.0,465.0,99.0,5.0,133.0,465.0,99.0,5.0,133.0,465.0,held,nan,nan,nan,nan,,nan,0,nan,nan,nan,INITIALIZING,0.0,0.0,0.0,38.83476143223305,0,0,0,0.0,0.0,1.0,0,0,0,0,1,3,1,DISABLED,nan,0,-1,0,0.0,0
1852,194.42183727700467,99.0,5.0,133.0,465.0,99.0,5.0,133.0,465.0,99.0,5.0,133.0,465.0,held,nan,nan,nan,nan,,nan,0,nan,nan,nan,INITIALIZING,0.0,0.0,0.0,25.551659689729206,0,0,0,0.0,0.0,1.0,0,0,0,0,1,3,1,DISABLED,nan,0,-1,0,0.0,0
1853,194.45940103300381,99.0,5.0,133.0,465.0,99.0,5.0,133.0,465.0,99.0,5.0,133.0,465.0,held,nan,nan,nan,nan,,nan,0,nan,nan,nan,INITIALIZING,0.0,0.0,0.0,26.62140601761898,0,0,0,0.0,0.0,1.0,0,0,0,0,1,3,1,DISABLED,nan,0,-1,0,0.0,0
1854,194.52043048400083,99.0,5.0,133.0,465.0,99.0,5.0,133.0,465.0,99.0,5.0,133.0,465.0,held,nan,nan,nan,nan,,nan,0,nan,nan,nan,INITIALIZING,0.0,0.0,0.0,16.38553163535691,0,0,0,0.0,0.0,1.0,0,0,0,0,1,3,1,DISABLED,nan,0,-1,0,0.0,0
1855,194.5956287279987,99.0,5.0,133.0,465.0,99.0,5.0,133.0,465.0,99.0,5.0,133.0,465.0,held,nan,nan,nan,nan,,nan,0,nan,nan,nan,INITIALIZING,0.0,0.0,0.0,13.29818286751833,0,0,0,0.0,0.0,1.0,0,0,0,0,1,3,1,DISABLED,nan,0,-1,0,0.0,0
1856,194.65896552900085,99.0,5.0,133.0,465.0,99.0,5.0,133.0,465.0,99.0,5.0,133.0,465.0,held,nan,nan,nan,nan,,nan,0,nan,nan,nan,INITIALIZING,0.0,0.0,0.0,15.788609215770677,0,0,0,0.0,0.0,1.0,0,0,0,0,1,3,1,DISABLED,nan,0,-1,0,0.0,0
1857,194.7432641580017,99.0,5.0,133.0,465.0,99.0,5.0,133.0,465.0,99.0,5.0,133.0,465.0,held,nan,nan,nan,nan,,nan,0,nan,nan,nan,INITIALIZING,0.0,0.0,0.0,11.86258912929677,0,0,0,0.0,0.0,1.0,0,0,0,0,1,3,1,DISABLED,nan,0,-1,0,0.0,0
1858,194.79016757700447,99.0,5.0,133.0,465.0,99.0,5.0,133.0,465.0,99.0,5.0,133.0,465.0,held,nan,nan,nan,nan,,nan,0,nan,nan,nan,INITIALIZING,0.0,0.0,0.0,21.32040736605691,0,0,0,0.0,0.0,1.0,0,0,0,0,1,3,1,DISABLED,nan,0,-1,0,0.0,0
1859,194.8524055989983,99.0,5.0,133.0,465.0,99.0,5.0,133.0,465.0,99.0,5.0,133.0,465.0,held,nan,nan,nan,nan,,nan,0,nan,nan,nan,INITIALIZING,0.0,0.0,0.0,16.06734867150912,0,0,0,0.0,0.0,1.0,0,0,0,0,1,3,1,DISABLED,nan,0,-1,0,0.0,0
1860,194.94484646400088,99.0,5.0,133.0,465.0,99.0,5.0,133.0,465.0,99.0,5.0,133.0,465.0,held,nan,nan,nan,nan,,nan,0,nan,nan,nan,INITIALIZING,0.0,0.0,0.0,10.81772655385874,0,0,0,0.0,0.0,1.0,0,0,0,0,1,3,1,DISABLED,nan,0,-1,0,0.0,0
1861,195.06113589800225,99.0,5.0,133.0,465.0,99.0,5.0,133.0,465.0,99.0,5.0,133.0,465.0,tracker,nan,nan,nan,nan,0.7969208359718323,nan,0,nan,nan,nan,TRACKING,0.060677931003738195,0.0,0.604112996996264,8.599233529575766,0,0,0,0.0,0.0,1.0,0,0,0,0,1,3,1,DISABLED,nan,0,-1,0,0.0,0
1862,195.12854941499972,99.0,5.0,133.0,465.0,99.0,5.0,133.0,465.0,99.0,5.0,133.0,465.0,tracker,nan,nan,nan,nan,0.7955040335655212,nan,0,nan,nan,nan,TRACKING,0.04272399099863833,0.0,0.0,14.833820345516745,0,0,0,0.0,0.0,1.0,0,0,0,0,1,3,1,DISABLED,nan,0,-1,0,0.0,0
1863,195.20626699399872,99.0,5.0,133.0,465.0,99.0,5.0,133.0,465.0,99.0,5.0,133.0,465.0,tracker,nan,nan,nan,nan,0.796582043170929,nan,0,nan,nan,nan,TRACKING,0.05237657700490672,0.0,0.0,12.86710179189796,0,0,0,0.0,0.0,1.0,0,0,0,0,1,3,1,DISABLED,nan,0,-1,0,0.0,0
1864,195.2767884019995,99.0,5.0,133.0,465.0,99.0,5.0,133.0,465.0,99.0,5.0,133.0,465.0,tracker,nan,nan,nan,nan,0.7965355515480042,nan,0,nan,nan,nan,TRACKING,0.04615444199589547,0.0,0.0,14.180091242489796,0,0,0,0.0,0.0,1.0,0,0,0,0,1,3,1,DISABLED,nan,0,-1,0,0.0,0
1865,195.3564668629988,99.0,5.0,133.0,465.0,99.0,5.0,133.0,465.0,99.0,5.0,133.0,465.0,tracker,nan,nan,nan,nan,0.7959330677986145,nan,0,nan,nan,nan,TRACKING,0.053081020996614825,0.0,0.0,12.550443212113397,0,0,0,0.0,0.0,1.0,0,0,0,0,1,3,1,DISABLED,nan,0,-1,0,0.0,0
1866,195.42421898199973,99.0,5.0,133.0,465.0,99.0,5.0,133.0,465.0,99.0,5.0,133.0,465.0,tracker,nan,nan,nan,nan,0.791059672832489,nan,0,nan,nan,nan,TRACKING,0.04300316399894655,0.0,0.0,14.759685966221705,0,0,0,0.0,0.0,1.0,0,0,0,0,1,3,1,DISABLED,nan,0,-1,0,0.0,0
1867,195.49642392199894,99.0,5.0,133.0,465.0,99.0,5.0,133.0,465.0,99.0,5.0,133.0,465.0,tracker,nan,nan,nan,nan,0.7934534549713135,nan,0,nan,nan,nan,TRACKING,0.04465742399770534,0.0,0.0,13.84946791744358,0,0,0,0.0,0.0,1.0,0,0,0,0,1,3,1,DISABLED,nan,0,-1,0,0.0,0
1868,195.57559445399966,99.0,5.0,133.0,465.0,99.0,5.0,133.0,465.0,99.0,5.0,133.0,465.0,tracker,nan,nan,nan,nan,0.7940713763237,nan,0,nan,nan,nan,TRACKING,0.053855937003390864,0.0,0.0,12.630962237198892,0,0,0,0.0,0.0,1.0,0,0,0,0,1,3,1,DISABLED,nan,0,-1,0,0.0,0
1869,195.6591543149989,99.0,5.0,133.0,465.0,99.0,5.0,133.0,465.0,99.0,5.0,133.0,465.0,tracker,nan,nan,nan,nan,0.7911474108695984,nan,0,nan,nan,nan,TRACKING,0.057515196000167634,0.0,0.0,11.967468447670244,0,0,0,0.0,0.0,1.0,0,0,0,0,1,3,1,DISABLED,nan,0,-1,0,0.0,0
1870,195.74768914400192,99.0,5.0,133.0,465.0,99.0,5.0,133.0,465.0,99.0,5.0,133.0,465.0,tracker,nan,nan,nan,nan,0.7890893816947937,nan,0,nan,nan,nan,TRACKING,0.06341570800577756,0.0,0.0,11.29498990691773,0,0,0,0.0,0.0,1.0,0,0,0,0,1,3,1,DISABLED,nan,0,-1,0,0.0,0
1871,195.8287210769995,99.0,5.0,133.0,465.0,99.0,5.0,133.0,465.0,99.0,5.0,133.0,465.0,tracker,nan,nan,nan,nan,0.7910280227661133,nan,0,nan,nan,nan,TRACKING,0.0524836629992933,0.0,0.0,12.340813837304367,0,0,0,0.0,0.0,1.0,0,0,0,0,1,3,1,DISABLED,nan,0,-1,0,0.0,0
1872,195.89149953000015,99.0,5.0,133.0,465.0,99.0,5.0,133.0,465.0,99.0,5.0,133.0,465.0,tracker,nan,nan,nan,nan,0.791019856929779,nan,0,nan,nan,nan,TRACKING,0.03927025799930561,0.0,0.0,15.929032210935512,0,0,0,0.0,0.0,1.0,0,0,0,0,1,3,1,DISABLED,nan,0,-1,0,0.0,0
1873,195.96328826100216,99.0,5.0,133.0,465.0,99.0,5.0,133.0,465.0,99.0,5.0,133.0,465.0,tracker,nan,nan,nan,nan,0.7922829389572144,nan,0,nan,nan,nan,TRACKING,0.04269003099761903,0.0,0.0,13.92976287562344,0,0,0,0.0,0.0,1.0,0,0,0,0,1,3,1,DISABLED,nan,0,-1,0,0.0,0
1874,196.03629910699965,99.0,5.0,133.0,465.0,99.0,5.0,133.0,465.0,99.0,5.0,133.0,465.0,tracker,nan,nan,nan,nan,0.7927869558334351,nan,0,nan,nan,nan,TRACKING,0.04701060899969889,0.0,0.0,13.696595161141085,0,0,0,0.0,0.0,1.0,0,0,0,0,1,3,1,DISABLED,nan,0,-1,0,0.0,0
1875,196.11095270200167,99.0,5.0,133.0,465.0,99.0,5.0,133.0,465.0,99.0,5.0,133.0,465.0,tracker,nan,nan,nan,nan,0.7933370471000671,nan,0,nan,nan,nan,TRACKING,0.04656117099511903,0.0,0.0,13.395202199880089,0,0,0,0.0,0.0,1.0,0,0,0,0,1,3,1,DISABLED,nan,0,-1,0,0.0,0
1876,196.18719274300383,99.0,5.0,133.0,465.0,99.0,5.0,133.0,465.0,99.0,5.0,133.0,465.0,tracker,nan,nan,nan,nan,0.7954805493354797,nan,0,nan,nan,nan,TRACKING,0.045000817997788545,0.0,0.0,13.116467237623809,0,0,0,0.0,0.0,1.0,0,0,0,0,1,3,1,DISABLED,nan,0,-1,0,0.0,0
1877,196.25735768400045,99.0,5.0,133.0,465.0,99.0,5.0,133.0,465.0,99.0,5.0,133.0,465.0,tracker,nan,nan,nan,nan,0.8016718029975891,nan,0,nan,nan,nan,TRACKING,0.0459506860061083,0.0,0.0,14.252131987799729,0,0,0,0.0,0.0,1.0,0,0,0,0,1,3,1,DISABLED,nan,0,-1,0,0.0,0
1878,196.3333425630044,99.0,5.0,133.0,465.0,99.0,5.0,133.0,465.0,99.0,5.0,133.0,465.0,tracker,nan,nan,nan,nan,0.794119119644165,nan,0,nan,nan,nan,TRACKING,0.051233996004157234,0.0,0.0,13.160513158782049,0,0,0,0.0,0.0,1.0,0,0,0,0,1,3,1,DISABLED,nan,0,-1,0,0.0,0
1879,196.40803480500472,99.0,5.0,133.0,465.0,99.0,5.0,133.0,465.0,99.0,5.0,133.0,465.0,tracker,nan,nan,nan,nan,0.793308436870575,nan,0,nan,nan,nan,TRACKING,0.05059163600526517,0.0,0.0,13.388271301266425,0,0,0,0.0,0.0,1.0,0,0,0,0,1,3,1,DISABLED,nan,0,-1,0,0.0,0
1880,196.69559239700175,99.0,5.0,133.0,465.0,99.0,5.0,133.0,465.0,91.0,4.0,143.0,472.0,detector,91.0,4.0,143.0,472.0,0.7872557640075684,0.906972,1,0.9162765200900794,0.004881406047441659,1.0913735952785188,DETECTOR_CONFIRMED,0.05931461599539034,0.19649457500054268,0.0,3.477564243931812,0,0,0,0.0,0.0,1.0,0,0,0,0,1,3,1,DISABLED,nan,0,-1,0,0.0,0
1881,196.78827108100086,94.02627563476562,5.0,133.0,465.0,94.02627563476562,5.0,133.0,465.0,92.05919647216797,4.35,139.5,469.55,tracker,nan,nan,nan,nan,0.7461373805999756,nan,0,nan,nan,nan,TRACKING,0.06221745000220835,0.0,0.0,10.78996762631624,0,0,0,4.973724365234375,0.006217155456542969,1.0,0,0,0,0,1,3,1,DISABLED,nan,0,-1,0,0.0,0
1882,196.85568084799888,94.0,5.0,133.0,465.0,94.0,5.0,133.0,465.0,92.73847770690918,4.5775,137.225,467.95750000000004,tracker,nan,nan,nan,nan,0.7379129528999329,nan,0,nan,nan,nan,TRACKING,0.04351078199397307,0.0,0.0,14.834645549646977,0,0,0,0.026275634765625,3.284454345703125e-05,1.0,0,0,0,0,1,3,1,DISABLED,nan,0,-1,0,0.0,0
1883,196.9344847559987,89.02627563476562,5.0,133.0,465.0,89.02627563476562,5.0,133.0,465.0,91.43920698165894,4.725375,135.74625,466.92237500000005,tracker,nan,nan,nan,nan,0.7270730137825012,nan,0,nan,nan,nan,TRACKING,0.050739035999868065,0.0,0.0,12.689725996865468,0,0,0,4.973724365234375,0.006217155456542969,1.0,0,0,0,0,1,3,1,DISABLED,nan,0,-1,0,0.0,0
1884,196.9971968530008,89.0,5.0,133.0,465.0,89.0,5.0,133.0,465.0,90.5854845380783,4.82149375,134.7850625,466.24954375000004,tracker,nan,nan,nan,nan,0.7135952115058899,nan,0,nan,nan,nan,TRACKING,0.04055206100019859,0.0,0.0,15.945886803416599,0,0,0,0.026275634765625,3.284454345703125e-05,1.0,0,0,0,0,1,3,1,DISABLED,nan,0,-1,0,0.0,0
1885,197.1147895489994,89.0,5.0,133.0,465.0,89.0,5.0,133.0,465.0,90.0305649497509,4.8839709375,134.16029062500002,465.81220343750005,tracker,nan,nan,nan,nan,0.7145723700523376,nan,0,nan,nan,nan,TRACKING,0.09262363000016194,0.0,0.0,8.503929529873355,0,0,0,0.0,0.0,1.0,0,0,0,0,1,3,1,DISABLED,nan,0,-1,0,0.0,0
1886,197.18497511500027,89.0,5.0,133.0,465.0,89.0,5.0,133.0,465.0,89.66986721733808,4.924581109375,133.75418890625002,465.52793223437504,tracker,nan,nan,nan,nan,0.6990319490432739,nan,0,nan,nan,nan,TRACKING,0.044816752000770066,0.0,0.0,14.24794380068914,0,0,0,0.0,0.0,1.0,0,0,0,0,1,3,1,DISABLED,nan,0,-1,0,0.0,0
1887,197.249863517005,89.0,5.0,133.0,465.0,89.0,5.0,133.0,465.0,89.43541369126976,4.95097772109375,133.4902227890625,465.3431559523438,tracker,nan,nan,nan,nan,0.6943774223327637,nan,0,nan,nan,nan,TRACKING,0.042238874004397076,0.0,0.0,15.411074538823806,0,0,0,0.0,0.0,1.0,0,0,0,0,1,3,1,DISABLED,nan,0,-1,0,0.0,0
1888,197.3194656830019,89.0,5.0,133.0,465.0,89.0,5.0,133.0,465.0,89.28301889932534,4.9681355187109375,133.31864481289062,465.2230513690235,tracker,nan,nan,nan,nan,0.7028558850288391,nan,0,nan,nan,nan,TRACKING,0.04449466000369284,0.0,0.0,14.367368970160603,0,0,0,0.0,0.0,1.0,0,0,0,0,1,3,1,DISABLED,nan,0,-1,0,0.0,0
1889,197.38288238100358,89.0,5.0,133.0,465.0,89.0,5.0,133.0,465.0,89.18396228456147,4.979288087162109,133.2071191283789,465.1449833898653,tracker,nan,nan,nan,nan,0.692537784576416,nan,0,nan,nan,nan,TRACKING,0.03906520099553745,0.0,0.0,15.768717569836216,0,0,0,0.0,0.0,1.0,0,0,0,0,1,3,1,DISABLED,nan,0,-1,0,0.0,0
1890,197.45977686600236,89.0,5.0,133.0,465.0,89.0,5.0,133.0,465.0,89.11957548496497,4.986537256655371,133.13462743344627,465.0942392034124,tracker,nan,nan,nan,nan,0.6987218260765076,nan,0,nan,nan,nan,TRACKING,0.04988156600302318,0.0,0.0,13.004833831918305,0,0,0,0.0,0.0,1.0,0,0,0,0,1,3,1,DISABLED,nan,0,-1,0,0.0,0
1891,197.54801663599937,89.0,5.0,133.0,465.0,89.0,5.0,133.0,465.0,89.07772406522723,4.991249216825992,133.08750783174008,465.0612554822181,tracker,nan,nan,nan,nan,0.6993726491928101,nan,0,nan,nan,nan,TRACKING,0.06115966200013645,0.0,0.0,11.332758460655617,0,0,0,0.0,0.0,1.0,0,0,0,0,1,3,1,DISABLED,nan,0,-1,0,0.0,0
1892,197.61496295400138,89.0,5.0,133.0,465.0,89.0,5.0,133.0,465.0,89.0505206423977,4.994311990936895,133.05688009063107,465.0398160634418,tracker,nan,nan,nan,nan,0.7015529870986938,nan,0,nan,nan,nan,TRACKING,0.042418148994329385,0.0,0.0,14.937341288433107,0,0,0,0.0,0.0,1.0,0,0,0,0,1,3,1,DISABLED,nan,0,-1,0,0.0,0
1893,197.6869628889981,89.0,5.0,133.0,465.0,89.0,5.0,133.0,465.0,89.03283841755851,4.996302794108981,133.03697205891018,465.0258804412372,tracker,nan,nan,nan,nan,0.6964271664619446,nan,0,nan,nan,nan,TRACKING,0.04315603299619397,0.0,0.0,13.888901428114892,0,0,0,0.0,0.0,1.0,0,0,0,0,1,3,1,DISABLED,nan,0,-1,0,0.0,0
1894,197.75523241799965,89.0,5.0,133.0,465.0,89.0,5.0,133.0,465.0,89.02134497141303,4.997596816170837,133.02403183829162,465.0168222868042,tracker,nan,nan,nan,nan,0.6979728937149048,nan,0,nan,nan,nan,TRACKING,0.03961333999905037,0.0,0.0,14.64782333531597,0,0,0,0.0,0.0,1.0,0,0,0,0,1,3,1,DISABLED,nan,0,-1,0,0.0,0
1895,197.8202758230036,89.0,5.0,133.0,465.0,89.0,5.0,133.0,465.0,89.01387423141847,4.998437930511044,133.01562069488955,465.01093448642274,tracker,nan,nan,nan,nan,0.7007275223731995,nan,0,nan,nan,nan,TRACKING,0.03990402400086168,0.0,0.0,15.374348866562032,0,0,0,0.0,0.0,1.0,0,0,0,0,1,3,1,DISABLED,nan,0,-1,0,0.0,0
1896,197.89940098900115,93.97372436523438,5.0,133.0,465.0,93.97372436523438,5.0,133.0,465.0,90.74982177825403,4.998984654832179,133.0101534516782,465.0071074161748,tracker,nan,nan,nan,nan,0.7023004293441772,nan,0,nan,nan,nan,TRACKING,0.051530774995626416,0.0,0.0,12.638204133829005,0,0,0,4.973724365234375,0.006217155456542969,1.0,0,0,0,0,1,3,1,DISABLED,nan,0,-1,0,0.0,0
1897,197.97060142500413,94.0,5.0,133.0,465.0,94.0,5.0,133.0,465.0,91.88738415586512,4.999340025640916,133.00659974359084,465.0046198205136,tracker,nan,nan,nan,nan,0.7088613510131836,nan,0,nan,nan,nan,TRACKING,0.042163821002759505,0.0,0.0,14.044857814608239,0,0,0,0.026275634765625,3.284454345703125e-05,1.0,0,0,0,0,1,3,1,DISABLED,nan,0,-1,0,0.0,0
1898,198.0488926120015,94.0,5.0,133.0,465.0,94.0,5.0,133.0,465.0,92.62679970131234,4.999571016666596,133.00428983333404,465.00300288333386,tracker,nan,nan,nan,nan,0.7218756675720215,nan,0,nan,nan,nan,TRACKING,0.05309529299847782,0.0,0.0,12.772829718797302,0,0,0,0.0,0.0,1.0,0,0,0,0,1,3,1,DISABLED,nan,0,-1,0,0.0,0
1899,198.12227685200196,98.97372436523438,5.0,133.0,465.0,98.97372436523438,5.0,133.0,465.0,94.84822333368504,4.999721160833287,133.00278839166714,465.00195187416705,tracker,nan,nan,nan,nan,0.7331056594848633,nan,0,nan,nan,nan,TRACKING,0.04921462199854432,0.0,0.0,13.626904087224462,0,0,0,4.973724365234375,0.006217155456542969,1.0,0,0,0,0,1,3,1,DISABLED,nan,0,-1,0,0.0,0
1900,198.36877424600243,103.97372436523438,5.0,133.0,465.0,103.97372436523438,5.0,133.0,465.0,101.0,12.0,150.0,449.0,detector,101.0,12.0,150.0,449.0,0.748501181602478,0.990824,1,0.8595094850168399,0.0070200296464166785,1.0890128547174387,DETECTOR_CONFIRMED,0.051743800002441276,0.16912732399941888,0.0,4.05683802076256,0,0,0,5.0,0.00625,1.0,0,0,0,0,1,3,1,DISABLED,nan,0,-1,0,0.0,0
1901,198.4514242400037,108.97372436523438,5.0,133.0,465.0,108.97372436523438,5.0,133.0,465.0,103.79080352783203,9.55,144.05,454.6,tracker,nan,nan,nan,nan,0.5998660922050476,nan,0,nan,nan,nan,TRACKING,0.04543838199606398,0.0,0.0,12.099214429280869,0,0,0,5.0,0.00625,1.0,0,0,0,0,1,3,1,DISABLED,nan,0,-1,0,0.0,0
1902,198.52276931500091,109.0,5.0,133.0,465.0,109.0,5.0,133.0,465.0,105.61402229309081,7.9575000000000005,140.1825,458.24,tracker,nan,nan,nan,nan,0.5562702417373657,nan,0,nan,nan,nan,TRACKING,0.04369026499625761,0.0,0.0,14.016384453150986,0,0,0,0.026275634765625,3.284454345703125e-05,1.0,0,0,0,0,1,3,1,DISABLED,nan,0,-1,0,0.0,0
1903,198.59820933599985,109.0,5.0,133.0,465.0,109.0,5.0,133.0,465.0,106.79911449050903,6.922375000000001,137.66862500000002,460.606,tracker,nan,nan,nan,nan,0.5430693030357361,nan,0,nan,nan,nan,TRACKING,0.05215860300086206,0.0,0.0,13.255563648558006,0,0,0,0.0,0.0,1.0,0,0,0,0,1,3,1,DISABLED,nan,0,-1,0,0.0,0
1904,198.66842563200044,104.02627563476562,5.0,133.0,465.0,104.02627563476562,5.0,133.0,465.0,105.82862089099883,6.249543750000001,136.03460625000002,462.14390000000003,tracker,nan,nan,nan,nan,0.5202826261520386,nan,0,nan,nan,nan,TRACKING,0.04536702500627143,0.0,0.0,14.24170822100512,0,0,0,4.973724365234375,0.006217155456542969,1.0,0,0,0,0,1,3,1,DISABLED,nan,0,-1,0,0.0,0
1905,198.74744168100005,104.0,5.0,133.0,465.0,104.0,5.0,133.0,465.0,105.18860357914923,5.812203437500001,134.9724940625,463.14353500000004,tracker,nan,nan,nan,nan,0.514531672000885,nan,0,nan,nan,nan,TRACKING,0.05081200600398006,0.0,0.0,12.65565682744797,0,0,0,0.026275634765625,3.284454345703125e-05,1.0,0,0,0,0,1,3,1,DISABLED,nan,0,-1,0,0.0,0
1906,198.82244564899884,99.02627563476562,5.0,133.0,465.0,99.02627563476562,5.0,133.0,465.0,103.03178879861497,5.527932234375001,134.282121140625,463.79329775,tracker,nan,nan,nan,nan,0.5037155747413635,nan,0,nan,nan,nan,TRACKING,0.05003599700285122,0.0,0.0,13.332627948647154,0,0,0,4.973724365234375,0.006217155456542969,1.0,0,0,0,0,1,3,1,DISABLED,nan,0,-1,0,0.0,0
1907,198.8946156930033,99.0,5.0,133.0,465.0,99.0,5.0,133.0,465.0,101.62066271909973,5.343155952343751,133.83337874140625,464.2156435375,tracker,nan,nan,nan,nan,0.5159066915512085,nan,0,nan,nan,nan,TRACKING,0.046658308994665276,0.0,0.0,13.856164476473362,0,0,0,0.026275634765625,3.284454345703125e-05,1.0,0,0,0,0,1,3,1,DISABLED,nan,0,-1,0,0.0,0
1908,198.9704838500038,99.0,5.0,133.0,465.0,99.0,5.0,133.0,465.0,100.70343076741483,5.223051369023438,133.54169618191406,464.490168299375,tracker,nan,nan,nan,nan,0.5204708576202393,nan,0,nan,nan,nan,TRACKING,0.04824663000181317,0.0,0.0,13.180760407732436,0,0,0,0.0,0.0,1.0,0,0,0,0,1,3,1,DISABLED,nan,0,-1,0,0.0,0
1909,199.04529119899962,99.0,5.0,133.0,465.0,99.0,5.0,133.0,465.0,100.10722999881963,5.144983389865235,133.35210251824412,464.6686093945938,tracker,nan,nan,nan,nan,0.5115953683853149,nan,0,nan,nan,nan,TRACKING,0.04638043700106209,0.0,0.0,13.367670602201041,0,0,0,0.0,0.0,1.0,0,0,0,0,1,3,1,DISABLED,nan,0,-1,0,0.0,0
1910,199.16573964300187,99.0,5.0,133.0,465.0,99.0,5.0,133.0,465.0,99.71969949923277,5.094239203412403,133.2288666368587,464.78459610648594,tracker,nan,nan,nan,nan,0.5111985206604004,nan,0,nan,nan,nan,TRACKING,0.09563490399887087,0.0,0.0,8.302307333927219,0,0,0,0.0,0.0,1.0,0,0,0,0,1,3,1,DISABLED,nan,0,-1,0,0.0,0
1911,199.23424240700115,99.0,5.0,133.0,465.0,99.0,5.0,133.0,465.0,99.46780467450131,5.061255482218062,133.14876331395817,464.85998746921587,tracker,nan,nan,nan,nan,0.52619868516922,nan,0,nan,nan,nan,TRACKING,0.040811858998495154,0.0,0.0,14.597951113484374,0,0,0,0.0,0.0,1.0,0,0,0,0,1,3,1,DISABLED,nan,0,-1,0,0.0,0
1912,199.31033885099896,99.0,5.0,133.0,465.0,99.0,5.0,133.0,465.0,99.30407303842586,5.039816063441741,133.09669615407282,464.90899185499035,tracker,nan,nan,nan,nan,0.5169991254806519,nan,0,nan,nan,nan,TRACKING,0.03988798199861776,0.0,0.0,13.141218530904636,0,0,0,0.0,0.0,1.0,0,0,0,0,1,3,1,DISABLED,nan,0,-1,0,0.0,0
1913,199.38674556300248,99.0,5.0,133.0,465.0,99.0,5.0,133.0,465.0,99.1976474749768,5.025880441237131,133.06285250014733,464.94084470574376,tracker,nan,nan,nan,nan,0.5173635482788086,nan,0,nan,nan,nan,TRACKING,0.049996412999462336,0.0,0.0,13.087855422360777,0,0,0,0.0,0.0,1.0,0,0,0,0,1,3,1,DISABLED,nan,0,-1,0,0.0,0
1914,199.455310723999,99.0,5.0,133.0,465.0,99.0,5.0,133.0,465.0,99.12847085873491,5.0168222868041354,133.04085412509576,464.96154905873345,tracker,nan,nan,nan,nan,0.5067553520202637,nan,0,nan,nan,nan,TRACKING,0.040651438997883815,0.0,0.0,14.584666402968853,0,0,0,0.0,0.0,1.0,0,0,0,0,1,3,1,DISABLED,nan,0,-1,0,0.0,0
1915,199.52881918600178,99.0,5.0,133.0,465.0,99.0,5.0,133.0,465.0,99.0835060581777,5.010934486422688,133.02655518131223,464.9750068881768,tracker,nan,nan,nan,nan,0.5128903985023499,nan,0,nan,nan,nan,TRACKING,0.048257827998895664,0.0,0.0,13.60387597229308,0,0,0,0.0,0.0,1.0,0,0,0,0,1,3,1,DISABLED,nan,0,-1,0,0.0,0
1916,199.60356991900335,99.0,5.0,133.0,465.0,99.0,5.0,133.0,465.0,99.0542789378155,5.0071074161747475,133.01726086785294,464.9837544773149,tracker,nan,nan,nan,nan,0.508636474609375,nan,0,nan,nan,nan,TRACKING,0.04953692299750401,0.0,0.0,13.377795238196025,0,0,0,0.0,0.0,1.0,0,0,0,0,1,3,1,DISABLED,nan,0,-1,0,0.0,0
1917,199.6693583439992,99.0,5.0,133.0,465.0,99.0,5.0,133.0,465.0,99.03528130958009,5.004619820513586,133.0112195641044,464.9894404102547,tracker,nan,nan,nan,nan,0.506897509098053,nan,0,nan,nan,nan,TRACKING,0.041782716994930524,0.0,0.0,15.200242292822306,0,0,0,0.0,0.0,1.0,0,0,0,0,1,3,1,DISABLED,nan,0,-1,0,0.0,0
1918,199.73814564599888,99.0,5.0,133.0,465.0,99.0,5.0,133.0,465.0,99.02293285122707,5.003002883333831,133.00729271666785,464.99313626666554,tracker,nan,nan,nan,nan,0.5105322599411011,nan,0,nan,nan,nan,TRACKING,0.043528854999749456,0.0,0.0,14.537566831804018,0,0,0,0.0,0.0,1.0,0,0,0,0,1,3,1,DISABLED,nan,0,-1,0,0.0,0
1919,199.82150352199824,99.0,5.0,133.0,465.0,99.0,5.0,133.0,465.0,99.01490635329759,5.00195187416699,133.0047402658341,464.9955385733326,tracker,nan,nan,nan,nan,0.5084678530693054,nan,0,nan,nan,nan,TRACKING,0.05572827599826269,0.0,0.0,11.996466896634294,0,0,0,0.0,0.0,1.0,0,0,0,0,1,3,1,DISABLED,nan,0,-1,0,0.0,0
1920,200.13525974200456,99.0,5.0,133.0,465.0,99.0,5.0,133.0,465.0,99.01490635329759,5.00195187416699,133.0047402658341,464.9955385733326,held,nan,nan,nan,nan,0.5081099271774292,nan,0,nan,nan,nan,SUSPECTED_LOST,0.04651533499418292,0.23991905200091423,0.0,3.1871878109056726,0,0,0,0.0,0.0,1.0,0,0,0,0,1,3,1,DISABLED,nan,0,-1,0,0.0,0
1921,200.20781354499923,99.0,5.0,133.0,465.0,99.0,5.0,133.0,465.0,99.00968912964345,5.001268718208544,133.00308117279218,464.9971000726662,tracker,nan,nan,nan,nan,0.5024192929267883,nan,0,nan,nan,nan,TRACKING,0.041953032996389084,0.0,0.0,13.78287503514562,0,0,0,0.0,0.0,1.0,0,0,0,0,1,3,1,DISABLED,nan,0,-1,0,0.0,0
1922,200.4798409560026,99.0,5.0,133.0,465.0,99.0,5.0,133.0,465.0,99.00968912964345,5.001268718208544,133.00308117279218,464.9971000726662,held,nan,nan,nan,nan,0.4952983260154724,nan,0,nan,nan,nan,SUSPECTED_LOST,0.06373503999930108,0.183177313003398,0.0,3.6761001264965634,1,0,0,0.0,0.0,1.0,0,0,0,0,1,3,1,DISABLED,nan,0,-1,0,0.0,0
1923,200.5595681160048,94.02627563476562,5.0,133.0,465.0,94.02627563476562,5.0,133.0,465.0,97.2654944064362,5.000824666835554,133.00200276231493,464.99811504723306,tracker,nan,nan,nan,nan,0.5135363936424255,nan,0,nan,nan,nan,TRACKING,0.04878216399811208,0.0,0.0,12.542777141091419,0,0,0,4.973724365234375,0.006217155456542969,1.0,0,0,0,0,1,3,1,DISABLED,nan,0,-1,0,0.0,0
1924,200.6309989740039,94.0,5.0,133.0,465.0,94.0,5.0,133.0,465.0,96.12257136418353,5.00053603344311,133.0013017955047,464.9987747807015,tracker,nan,nan,nan,nan,0.5203967094421387,nan,0,nan,nan,nan,TRACKING,0.047769482000148855,0.0,0.0,13.999551846527451,0,0,0,0.026275634765625,3.284454345703125e-05,1.0,0,0,0,0,1,3,1,DISABLED,nan,0,-1,0,0.0,0
1925,200.70293776199833,94.0,5.0,133.0,465.0,94.0,5.0,133.0,465.0,95.3796713867193,5.000348421738021,133.00084616707807,464.999203607456,tracker,nan,nan,nan,nan,0.5243313312530518,nan,0,nan,nan,nan,TRACKING,0.04714780000358587,0.0,0.0,13.900706807533078,0,0,0,0.0,0.0,1.0,0,0,0,0,1,3,1,DISABLED,nan,0,-1,0,0.0,0
1926,200.76947433000169,94.0,5.0,133.0,465.0,94.0,5.0,133.0,465.0,94.89678640136754,5.000226474129714,133.00055000860073,464.9994823448464,tracker,nan,nan,nan,nan,0.5305162668228149,nan,0,nan,nan,nan,TRACKING,0.04220251899823779,0.0,0.0,15.02932943504902,0,0,0,0.0,0.0,1.0,0,0,0,0,1,3,1,DISABLED,nan,0,-1,0,0.0,0
1927,200.83966067800066,94.0,5.0,133.0,465.0,94.0,5.0,133.0,465.0,94.5829111608889,5.000147208184314,133.00035750559047,464.99966352415015,tracker,nan,nan,nan,nan,0.5350222587585449,nan,0,nan,nan,nan,TRACKING,0.042311220000556204,0.0,0.0,14.247785053792501,0,0,0,0.0,0.0,1.0,0,0,0,0,1,3,1,DISABLED,nan,0,-1,0,0.0,0
1928,200.90836849799962,94.0,5.0,133.0,465.0,94.0,5.0,133.0,465.0,94.37889225457778,5.000095685319804,133.00023237863383,464.9997812906976,tracker,nan,nan,nan,nan,0.5396011471748352,nan,0,nan,nan,nan,TRACKING,0.043154574996151496,0.0,0.0,14.554384057230978,0,0,0,0.0,0.0,1.0,0,0,0,0,1,3,1,DISABLED,nan,0,-1,0,0.0,0
1929,200.98954048700398,94.0,5.0,133.0,465.0,94.0,5.0,133.0,465.0,94.24627996547557,5.000062195457873,133.00015104611197,464.99985783895346,tracker,nan,nan,nan,nan,0.5383580923080444,nan,0,nan,nan,nan,TRACKING,0.04954280800302513,0.0,0.0,12.319520714790919,0,0,0,0.0,0.0,1.0,0,0,0,0,1,3,1,DISABLED,nan,0,-1,0,0.0,0
1930,201.063760998004,94.0,5.0,133.0,465.0,94.0,5.0,133.0,465.0,94.16008197755912,5.000040427047617,133.00009817997278,464.99990759531977,tracker,nan,nan,nan,nan,0.537009060382843,nan,0,nan,nan,nan,TRACKING,0.04923477899865247,0.0,0.0,13.47336452587496,0,0,0,0.0,0.0,1.0,0,0,0,0,1,3,1,DISABLED,nan,0,-1,0,0.0,0
1931,201.14211442600208,94.0,5.0,133.0,465.0,94.0,5.0,133.0,465.0,94.10405328541343,5.000026277580951,133.0000638169823,464.99993993695784,tracker,nan,nan,nan,nan,0.537578284740448,nan,0,nan,nan,nan,TRACKING,0.05446345299424138,0.0,0.0,12.762683465801747,0,0,0,0.0,0.0,1.0,0,0,0,0,1,3,1,DISABLED,nan,0,-1,0,0.0,0
1932,201.20484610700078,94.0,5.0,133.0,465.0,94.0,5.0,133.0,465.0,94.06763463551873,5.000017080427618,133.0000414810385,464.9999609590226,tracker,nan,nan,nan,nan,0.543322741985321,nan,0,nan,nan,nan,TRACKING,0.03831950500170933,0.0,0.0,15.94090870960084,0,0,0,0.0,0.0,1.0,0,0,0,0,1,3,1,DISABLED,nan,0,-1,0,0.0,0
1933,201.275063289002,94.0,5.0,133.0,465.0,94.0,5.0,133.0,465.0,94.04396251308717,5.000011102277952,133.000026962675,464.99997462336466,tracker,nan,nan,nan,nan,0.5372429490089417,nan,0,nan,nan,nan,TRACKING,0.046075637998001184,0.0,0.0,14.241528519083701,0,0,0,0.0,0.0,1.0,0,0,0,0,1,3,1,DISABLED,nan,0,-1,0,0.0,0
1934,201.35436752199894,94.0,5.0,133.0,465.0,94.0,5.0,133.0,465.0,94.02857563350665,5.000007216480669,133.00001752573877,464.99998350518706,tracker,nan,nan,nan,nan,0.5351855158805847,nan,0,nan,nan,nan,TRACKING,0.0515852550015552,0.0,0.0,12.60966738104007,0,0,0,0.0,0.0,1.0,0,0,0,0,1,3,1,DISABLED,nan,0,-1,0,0.0,0
1935,201.47441277900361,94.0,5.0,133.0,465.0,94.0,5.0,133.0,465.0,94.01857416177933,5.000004690712435,133.0000113917302,464.9999892783716,tracker,nan,nan,nan,nan,0.535239040851593,nan,0,nan,nan,nan,TRACKING,0.09559818399429787,0.0,0.0,8.330191670638389,0,0,0,0.0,0.0,1.0,0,0,0,0,1,3,1,DISABLED,nan,0,-1,0,0.0,0
1936,201.5421252619999,94.0,5.0,133.0,465.0,94.0,5.0,133.0,465.0,94.01207320515655,5.000003048963083,133.00000740462463,464.99999303094154,tracker,nan,nan,nan,nan,0.5762119889259338,nan,0,nan,nan,nan,TRACKING,0.04333890199632151,0.0,0.0,14.768325657986356,0,0,0,0.0,0.0,1.0,0,0,0,0,1,3,1,DISABLED,nan,0,-1,0,0.0,0
1937,201.61519074500393,94.0,5.0,133.0,465.0,94.0,5.0,133.0,465.0,94.00784758335176,5.000001981826005,133.000004813006,464.999995470112,tracker,nan,nan,nan,nan,0.5771986246109009,nan,0,nan,nan,nan,TRACKING,0.04901930499909213,0.0,0.0,13.68635310252931,0,0,0,0.0,0.0,1.0,0,0,0,0,1,3,1,DISABLED,nan,0,-1,0,0.0,0
1938,201.68803997200303,94.0,5.0,133.0,465.0,94.0,5.0,133.0,465.0,94.00510092917864,5.000001288186903,133.0000031284539,464.9999970555728,tracker,nan,nan,nan,nan,0.5774187445640564,nan,0,nan,nan,nan,TRACKING,0.048291213999618776,0.0,0.0,13.726981619343762,0,0,0,0.0,0.0,1.0,0,0,0,0,1,3,1,DISABLED,nan,0,-1,0,0.0,0
1939,201.76468267900054,94.0,5.0,133.0,465.0,94.0,5.0,133.0,465.0,94.00331560396612,5.000000837321487,133.00000203349504,464.99999808612233,tracker,nan,nan,nan,nan,0.5786470770835876,nan,0,nan,nan,nan,TRACKING,0.04995964100089623,0.0,0.0,13.047555849408926,0,0,0,0.0,0.0,1.0,0,0,0,0,1,3,1,DISABLED,nan,0,-1,0,0.0,0
1940,202.0255054340014,94.0,5.0,133.0,465.0,94.0,5.0,133.0,465.0,94.00331560396612,5.000000837321487,133.00000203349504,464.99999808612233,held,nan,nan,nan,nan,0.578934371471405,nan,0,nan,nan,nan,SUSPECTED_LOST,0.05095513600099366,0.18450958599714795,0.0,3.8340213069092073,0,0,0,0.0,0.0,1.0,0,0,0,0,1,3,1,DISABLED,nan,0,-1,0,0.0,0
1941,202.09702103300515,94.0,5.0,133.0,465.0,94.0,5.0,133.0,465.0,94.00215514257798,5.000000544258967,133.00000132177178,464.9999987559795,tracker,nan,nan,nan,nan,0.577021062374115,nan,0,nan,nan,nan,TRACKING,0.042247156001394615,0.0,0.0,13.982963352476737,0,0,0,0.0,0.0,1.0,0,0,0,0,1,3,1,DISABLED,nan,0,-1,0,0.0,0
1942,202.17740961700474,94.0,5.0,133.0,465.0,94.0,5.0,133.0,465.0,94.00140084267568,5.000000353768328,133.00000085915167,464.9999991913867,tracker,nan,nan,nan,nan,0.5783870816230774,nan,0,nan,nan,nan,TRACKING,0.04809506299352506,0.0,0.0,12.439577241528042,0,0,0,0.0,0.0,1.0,0,0,0,0,1,3,1,DISABLED,nan,0,-1,0,0.0,0
1943,202.2501762890024,94.0,5.0,133.0,465.0,94.0,5.0,133.0,465.0,94.00091054773918,5.000000229949414,133.0000005584486,464.99999947440136,tracker,nan,nan,nan,nan,0.5779556632041931,nan,0,nan,nan,nan,TRACKING,0.048328662996937055,0.0,0.0,13.742555108635797,0,0,0,0.0,0.0,1.0,0,0,0,0,1,3,1,DISABLED,nan,0,-1,0,0.0,0
1944,202.31631175400253,94.0,5.0,133.0,465.0,94.0,5.0,133.0,465.0,94.00059185603047,5.00000014946712,133.00000036299159,464.9999996583609,tracker,nan,nan,nan,nan,0.5741762518882751,nan,0,nan,nan,nan,TRACKING,0.042691333997936454,0.0,0.0,15.120480365538354,0,0,0,0.0,0.0,1.0,0,0,0,0,1,3,1,DISABLED,nan,0,-1,0,0.0,0
1945,202.39226501699886,94.0,5.0,133.0,465.0,94.0,5.0,133.0,465.0,94.0003847064198,5.000000097153627,133.00000023594453,464.9999997779346,tracker,nan,nan,nan,nan,0.5746027231216431,nan,0,nan,nan,nan,TRACKING,0.04860257600375917,0.0,0.0,13.165991302417652,0,0,0,0.0,0.0,1.0,0,0,0,0,1,3,1,DISABLED,nan,0,-1,0,0.0,0
1946,202.47214327500114,94.0,5.0,133.0,465.0,94.0,5.0,133.0,465.0,94.00025005917286,5.000000063149858,133.00000015336394,464.9999998556575,tracker,nan,nan,nan,nan,0.5763245224952698,nan,0,nan,nan,nan,TRACKING,0.054094068000267725,0.0,0.0,12.519051178750491,0,0,0,0.0,0.0,1.0,0,0,0,0,1,3,1,DISABLED,nan,0,-1,0,0.0,0
1947,202.5421146170047,94.0,5.0,133.0,465.0,94.0,5.0,133.0,465.0,94.00016253846235,5.000000041047407,133.00000009968656,464.9999999061774,tracker,nan,nan,nan,nan,0.5746208429336548,nan,0,nan,nan,nan,TRACKING,0.04506269499688642,0.0,0.0,14.29156525180256,0,0,0,0.0,0.0,1.0,0,0,0,0,1,3,1,DISABLED,nan,0,-1,0,0.0,0
1948,202.61696853000467,94.0,5.0,133.0,465.0,94.0,5.0,133.0,465.0,94.00010565000053,5.000000026680815,133.00000006479627,464.9999999390153,tracker,nan,nan,nan,nan,0.5738941431045532,nan,0,nan,nan,nan,TRACKING,0.04685211499599973,0.0,0.0,13.359355041337679,0,0,0,0.0,0.0,1.0,0,0,0,0,1,3,1,DISABLED,nan,0,-1,0,0.0,0
1949,202.69133498299925,94.0,5.0,133.0,465.0,94.0,5.0,133.0,465.0,94.00006867250035,5.000000017342529,133.00000004211756,464.99999996035996,tracker,nan,nan,nan,nan,0.5729056000709534,nan,0,nan,nan,nan,TRACKING,0.04886352000175975,0.0,0.0,13.446923441042138,0,0,0,0.0,0.0,1.0,0,0,0,0,1,3,1,DISABLED,nan,0,-1,0,0.0,0
1950,202.76441025700478,94.0,5.0,133.0,465.0,94.0,5.0,133.0,465.0,94.00004463712523,5.000000011272644,133.00000002737642,464.99999997423396,tracker,nan,nan,nan,nan,0.5748953223228455,nan,0,nan,nan,nan,TRACKING,0.046768936001171824,0.0,0.0,13.684519334464536,0,0,0,0.0,0.0,1.0,0,0,0,0,1,3,1,DISABLED,nan,0,-1,0,0.0,0
1951,202.84622002200194,94.0,5.0,133.0,465.0,94.0,5.0,133.0,465.0,94.0000290141314,5.000000007327219,133.00000001779466,464.9999999832521,tracker,nan,nan,nan,nan,0.5810788869857788,nan,0,nan,nan,nan,TRACKING,0.05673111299984157,0.0,0.0,12.223479679164317,0,0,0,0.0,0.0,1.0,0,0,0,0,1,3,1,DISABLED,nan,0,-1,0,0.0,0
1952,202.9190785200044,94.0,5.0,133.0,465.0,94.0,5.0,133.0,465.0,94.00001885918542,5.0000000047626925,133.00000001156653,464.99999998911386,tracker,nan,nan,nan,nan,0.5726335644721985,nan,0,nan,nan,nan,TRACKING,0.04365760699874954,0.0,0.0,13.725234906245616,0,0,0,0.0,0.0,1.0,0,0,0,0,1,3,1,DISABLED,nan,0,-1,0,0.0,0
1953,203.00497771100345,94.0,5.0,133.0,465.0,94.0,5.0,133.0,465.0,94.00001225847052,5.00000000309575,133.00000000751822,464.999999992924,tracker,nan,nan,nan,nan,0.5778812766075134,nan,0,nan,nan,nan,TRACKING,0.05524118100584019,0.0,0.0,11.641553178436029,0,0,0,0.0,0.0,1.0,0,0,0,0,1,3,1,DISABLED,nan,0,-1,0,0.0,0
1954,203.06662144800066,94.0,5.0,133.0,465.0,94.0,5.0,133.0,465.0,94.00000796800583,5.0000000020122375,133.00000000488683,464.99999999540063,tracker,nan,nan,nan,nan,0.5753465294837952,nan,0,nan,nan,nan,TRACKING,0.03761558100086404,0.0,0.0,16.2222481749481,0,0,0,0.0,0.0,1.0,0,0,0,0,1,3,1,DISABLED,nan,0,-1,0,0.0,0
1955,203.1290325480004,94.0,5.0,133.0,465.0,94.0,5.0,133.0,465.0,94.00000517920378,5.000000001307955,133.00000000317644,464.99999999701043,tracker,nan,nan,nan,nan,0.5802381634712219,nan,0,nan,nan,nan,TRACKING,0.03716161099873716,0.0,0.0,16.022790817726918,0,0,0,0.0,0.0,1.0,0,0,0,0,1,3,1,DISABLED,nan,0,-1,0,0.0,0
1956,203.2118317120039,94.0,5.0,133.0,465.0,94.0,5.0,133.0,465.0,94.00000336648246,5.000000000850171,133.00000000206467,464.9999999980568,tracker,nan,nan,nan,nan,0.5855340957641602,nan,0,nan,nan,nan,TRACKING,0.04882492500473745,0.0,0.0,12.077416626543625,0,0,0,0.0,0.0,1.0,0,0,0,0,1,3,1,DISABLED,nan,0,-1,0,0.0,0
1957,203.2796638860018,94.0,5.0,133.0,465.0,94.0,5.0,133.0,465.0,94.0000021882136,5.00000000055261,133.00000000134202,464.99999999873694,tracker,nan,nan,nan,nan,0.5815153121948242,nan,0,nan,nan,nan,TRACKING,0.04273388699948555,0.0,0.0,14.742266701214263,0,0,0,0.0,0.0,1.0,0,0,0,0,1,3,1,DISABLED,nan,0,-1,0,0.0,0
1958,203.35506276100205,94.0,5.0,133.0,465.0,94.0,5.0,133.0,465.0,94.00000142233884,5.000000000359197,133.00000000087232,464.999999999179,tracker,nan,nan,nan,nan,0.5866403579711914,nan,0,nan,nan,nan,TRACKING,0.0492076430018642,0.0,0.0,13.262797356018016,0,0,0,0.0,0.0,1.0,0,0,0,0,1,3,1,DISABLED,nan,0,-1,0,0.0,0
1959,203.4277967770031,94.0,5.0,133.0,465.0,94.0,5.0,133.0,465.0,94.00000092452024,5.000000000233478,133.000000000567,464.99999999946635,tracker,nan,nan,nan,nan,0.5838879346847534,nan,0,nan,nan,nan,TRACKING,0.04755640299845254,0.0,0.0,13.74872521799931,0,0,0,0.0,0.0,1.0,0,0,0,0,1,3,1,DISABLED,nan,0,-1,0,0.0,0
1960,203.73474662800436,94.0,5.0,133.0,465.0,94.0,5.0,133.0,465.0,94.00000092452024,5.000000000233478,133.000000000567,464.99999999946635,held,nan,nan,nan,nan,0.5845032930374146,nan,0,nan,nan,nan,SUSPECTED_LOST,0.09466915000666631,0.18717595499765594,0.0,3.2578611676729023,0,0,0,0.0,0.0,1.0,0,0,0,0,1,3,1,DISABLED,nan,0,-1,0,0.0,0
1961,203.80767731500237,94.0,5.0,133.0,465.0,94.0,5.0,133.0,465.0,94.00000060093815,5.000000000151761,133.00000000036857,464.99999999965314,tracker,nan,nan,nan,nan,0.6235114932060242,nan,0,nan,nan,nan,TRACKING,0.04739353499462595,0.0,0.0,13.711649254412416,0,0,0,0.0,0.0,1.0,0,0,0,0,1,3,1,DISABLED,nan,0,-1,0,0.0,0
1962,203.88102520100074,94.0,5.0,133.0,465.0,94.0,5.0,133.0,465.0,94.0000003906098,5.000000000098645,133.00000000023957,464.99999999977456,tracker,nan,nan,nan,nan,0.6246753334999084,nan,0,nan,nan,nan,TRACKING,0.048423770000226796,0.0,0.0,13.633658099187436,0,0,0,0.0,0.0,1.0,0,0,0,0,1,3,1,DISABLED,nan,0,-1,0,0.0,0
1963,203.95789911199972,94.0,5.0,133.0,465.0,94.0,5.0,133.0,465.0,94.00000025389636,5.000000000064119,133.00000000015572,464.99999999985346,tracker,nan,nan,nan,nan,0.6211557984352112,nan,0,nan,nan,nan,TRACKING,0.052839609001239296,0.0,0.0,13.008314355350274,0,0,0,0.0,0.0,1.0,0,0,0,0,1,3,1,DISABLED,nan,0,-1,0,0.0,0
1964,204.03543772800185,94.0,5.0,133.0,465.0,94.0,5.0,133.0,465.0,94.00000016503263,5.000000000041678,133.00000000010124,464.99999999990473,tracker,nan,nan,nan,nan,0.6236470341682434,nan,0,nan,nan,nan,TRACKING,0.052196937998814974,0.0,0.0,12.896799705227286,0,0,0,0.0,0.0,1.0,0,0,0,0,1,3,1,DISABLED,nan,0,-1,0,0.0,0
1965,204.10575256800075,94.0,5.0,133.0,465.0,94.0,5.0,133.0,465.0,94.0000001072712,5.000000000027091,133.00000000006582,464.9999999999381,tracker,nan,nan,nan,nan,0.6249592900276184,nan,0,nan,nan,nan,TRACKING,0.04601110399380559,0.0,0.0,14.221748922640483,0,0,0,0.0,0.0,1.0,0,0,0,0,1,3,1,DISABLED,nan,0,-1,0,0.0,0
1966,204.17996042300365,94.0,5.0,133.0,465.0,94.0,5.0,133.0,465.0,94.00000006972628,5.000000000017609,133.0000000000428,464.99999999995975,tracker,nan,nan,nan,nan,0.6236945986747742,nan,0,nan,nan,nan,TRACKING,0.0450676949985791,0.0,0.0,13.475662380498253,0,0,0,0.0,0.0,1.0,0,0,0,0,1,3,1,DISABLED,nan,0,-1,0,0.0,0
1967,204.25320184800512,94.0,5.0,133.0,465.0,94.0,5.0,133.0,465.0,94.00000004532208,5.000000000011446,133.00000000002782,464.99999999997385,tracker,nan,nan,nan,nan,0.6179089546203613,nan,0,nan,nan,nan,TRACKING,0.04554598799586529,0.0,0.0,13.653475474841331,0,0,0,0.0,0.0,1.0,0,0,0,0,1,3,1,DISABLED,nan,0,-1,0,0.0,0
1968,204.32748053799878,94.0,5.0,133.0,465.0,94.0,5.0,133.0,465.0,94.00000002945936,5.000000000007439,133.00000000001808,464.999999999983,tracker,nan,nan,nan,nan,0.6204102635383606,nan,0,nan,nan,nan,TRACKING,0.043923083001573104,0.0,0.0,13.462811475072186,0,0,0,0.0,0.0,1.0,0,0,0,0,1,3,1,DISABLED,nan,0,-1,0,0.0,0
1969,204.4154873849984,94.0,5.0,133.0,465.0,94.0,5.0,133.0,465.0,94.00000001914859,5.000000000004835,133.00000000001177,464.999999999989,tracker,nan,nan,nan,nan,0.6196861267089844,nan,0,nan,nan,nan,TRACKING,0.05902163999417098,0.0,0.0,11.362752264084278,0,0,0,0.0,0.0,1.0,0,0,0,0,1,3,1,DISABLED,nan,0,-1,0,0.0,0
1970,204.49154669300333,94.0,5.0,133.0,465.0,94.0,5.0,133.0,465.0,94.00000001244658,5.000000000003142,133.00000000000765,464.99999999999284,tracker,nan,nan,nan,nan,0.6207526326179504,nan,0,nan,nan,nan,TRACKING,0.050787682994268835,0.0,0.0,13.147634737031558,0,0,0,0.0,0.0,1.0,0,0,0,0,1,3,1,DISABLED,nan,0,-1,0,0.0,0
1971,204.55432384400046,94.0,5.0,133.0,465.0,94.0,5.0,133.0,465.0,94.00000000809027,5.000000000002043,133.00000000000497,464.99999999999534,tracker,nan,nan,nan,nan,0.6225811243057251,nan,0,nan,nan,nan,TRACKING,0.04483675200026482,0.0,0.0,15.929362580433644,0,0,0,0.0,0.0,1.0,0,0,0,0,1,3,1,DISABLED,nan,0,-1,0,0.0,0
1972,204.6262295580018,94.0,5.0,133.0,465.0,94.0,5.0,133.0,465.0,94.00000000525867,5.000000000001328,133.00000000000324,464.999999999997,tracker,nan,nan,nan,nan,0.62149578332901,nan,0,nan,nan,nan,TRACKING,0.04734520099736983,0.0,0.0,13.907100623206057,0,0,0,0.0,0.0,1.0,0,0,0,0,1,3,1,DISABLED,nan,0,-1,0,0.0,0
1973,204.70269559499866,94.0,5.0,133.0,465.0,94.0,5.0,133.0,465.0,94.00000000341814,5.000000000000863,133.0000000000021,464.99999999999807,tracker,nan,nan,nan,nan,0.6253933906555176,nan,0,nan,nan,nan,TRACKING,0.05188239800190786,0.0,0.0,13.077701411948848,0,0,0,0.0,0.0,1.0,0,0,0,0,1,3,1,DISABLED,nan,0,-1,0,0.0,0
1974,204.7752209590035,94.0,5.0,133.0,465.0,94.0,5.0,133.0,465.0,94.00000000222178,5.000000000000561,133.00000000000136,464.99999999999875,tracker,nan,nan,nan,nan,0.6244549751281738,nan,0,nan,nan,nan,TRACKING,0.049535152000316884,0.0,0.0,13.788279641497173,0,0,0,0.0,0.0,1.0,0,0,0,0,1,3,1,DISABLED,nan,0,-1,0,0.0,0
1975,204.84625587000482,94.0,5.0,133.0,465.0,94.0,5.0,133.0,465.0,94.00000000144416,5.000000000000365,133.00000000000088,464.9999999999992,tracker,nan,nan,nan,nan,0.6231734752655029,nan,0,nan,nan,nan,TRACKING,0.047148164005193394,0.0,0.0,14.077585033945084,0,0,0,0.0,0.0,1.0,0,0,0,0,1,3,1,DISABLED,nan,0,-1,0,0.0,0
1976,204.91899884400482,94.0,5.0,133.0,465.0,94.0,5.0,133.0,465.0,94.00000000093871,5.000000000000238,133.00000000000057,464.9999999999995,tracker,nan,nan,nan,nan,0.6194310784339905,nan,0,nan,nan,nan,TRACKING,0.0482231909991242,0.0,0.0,13.747032118869523,0,0,0,0.0,0.0,1.0,0,0,0,0,1,3,1,DISABLED,nan,0,-1,0,0.0,0
1977,205.00467485200352,94.0,5.0,133.0,465.0,94.0,5.0,133.0,465.0,94.00000000061016,5.0000000000001545,133.00000000000037,464.99999999999966,tracker,nan,nan,nan,nan,0.621722936630249,nan,0,nan,nan,nan,TRACKING,0.0501859490032075,0.0,0.0,11.671879016762498,0,0,0,0.0,0.0,1.0,0,0,0,0,1,3,1,DISABLED,nan,0,-1,0,0.0,0
1978,205.07507318400167,94.0,5.0,133.0,465.0,94.0,5.0,133.0,465.0,94.0000000003966,5.0000000000001,133.00000000000023,464.9999999999998,tracker,nan,nan,nan,nan,0.6210249662399292,nan,0,nan,nan,nan,TRACKING,0.04622137099795509,0.0,0.0,14.20488201377121,0,0,0,0.0,0.0,1.0,0,0,0,0,1,3,1,DISABLED,nan,0,-1,0,0.0,0
1979,205.14218013200298,94.0,5.0,133.0,465.0,94.0,5.0,133.0,465.0,94.00000000025778,5.000000000000066,133.00000000000014,464.9999999999999,tracker,nan,nan,nan,nan,0.6200229525566101,nan,0,nan,nan,nan,TRACKING,0.04202517100202385,0.0,0.0,14.901586643166599,0,0,0,0.0,0.0,1.0,0,0,0,0,1,3,1,DISABLED,nan,0,-1,0,0.0,0
1980,205.70943918300327,94.0,5.0,133.0,465.0,94.0,5.0,133.0,465.0,285.0,4.0,146.0,313.0,detector,285.0,4.0,146.0,313.0,0.6186167597770691,0.705184,1,0.0,0.26497420275377753,1.3533415029104119,DETECTOR_CONFIRMED,0.056372145998466294,0.48252124399732566,0.0,1.7628630133562828,0,0,0,0.0,0.0,1.0,0,0,0,0,1,3,1,DISABLED,nan,0,-1,0,0.0,0
1981,205.777037079999,94.0,5.0,133.0,465.0,94.0,5.0,133.0,465.0,218.15,4.35,141.45,366.20000000000005,tracker,nan,nan,nan,nan,0.6209149360656738,nan,0,nan,nan,nan,TRACKING,0.03770042699761689,0.0,0.0,14.793359622760086,0,0,0,0.0,0.0,1.0,0,0,0,0,1,3,1,DISABLED,nan,0,-1,0,0.0,0
1982,205.83676535200357,94.0,5.0,133.0,465.0,94.0,5.0,133.0,465.0,174.69750000000002,4.5775,138.4925,400.78000000000003,tracker,nan,nan,nan,nan,0.6186124682426453,nan,0,nan,nan,nan,TRACKING,0.03558969699952286,0.0,0.0,16.742490054347662,0,0,0,0.0,0.0,1.0,0,0,0,0,1,3,1,DISABLED,nan,0,-1,0,0.0,0
1983,205.92015927100147,94.0,5.0,133.0,465.0,94.0,5.0,133.0,465.0,146.45337500000002,4.725375,136.57012500000002,423.257,tracker,nan,nan,nan,nan,0.6195401549339294,nan,0,nan,nan,nan,TRACKING,0.039184422996186186,0.0,0.0,11.991282002530564,0,0,0,0.0,0.0,1.0,0,0,0,0,1,3,1,DISABLED,nan,0,-1,0,0.0,0
1984,205.98953856799926,94.0,5.0,133.0,465.0,94.0,5.0,133.0,465.0,128.09469375,4.82149375,135.32058125000003,437.86705,tracker,nan,nan,nan,nan,0.6127327084541321,nan,0,nan,nan,nan,TRACKING,0.04156302399496781,0.0,0.0,14.413521659520182,0,0,0,0.0,0.0,1.0,0,0,0,0,1,3,1,DISABLED,nan,0,-1,0,0.0,0
1985,206.1174558979983,94.0,5.0,133.0,465.0,94.0,5.0,133.0,465.0,116.16155093750001,4.8839709375,134.50837781250002,447.3635825,tracker,nan,nan,nan,nan,0.6138537526130676,nan,0,nan,nan,nan,TRACKING,0.09846044299774803,0.0,0.0,7.81754903739419,0,0,0,0.0,0.0,1.0,0,0,0,0,1,3,1,DISABLED,nan,0,-1,0,0.0,0
1986,206.18257675300265,94.0,5.0,133.0,465.0,94.0,5.0,133.0,465.0,108.40500810937502,4.924581109375,133.980445578125,453.536328625,tracker,nan,nan,nan,nan,0.6407447457313538,nan,0,nan,nan,nan,TRACKING,0.041256297001382336,0.0,0.0,15.356063736159017,0,0,0,0.0,0.0,1.0,0,0,0,0,1,3,1,DISABLED,nan,0,-1,0,0.0,0
1987,206.24952161300462,94.0,5.0,133.0,465.0,94.0,5.0,133.0,465.0,103.36325527109375,4.95097772109375,133.63728962578125,457.54861360625,tracker,nan,nan,nan,nan,0.6441709399223328,nan,0,nan,nan,nan,TRACKING,0.042878941996605136,0.0,0.0,14.937666610559889,0,0,0,0.0,0.0,1.0,0,0,0,0,1,3,1,DISABLED,nan,0,-1,0,0.0,0
1988,206.32964305399946,94.0,5.0,133.0,465.0,94.0,5.0,133.0,465.0,100.08611592621094,4.9681355187109375,133.4142382567578,460.1565988440625,tracker,nan,nan,nan,nan,0.6459583044052124,nan,0,nan,nan,nan,TRACKING,0.05030678599723615,0.0,0.0,12.481053605418161,0,0,0,0.0,0.0,1.0,0,0,0,0,1,3,1,DISABLED,nan,0,-1,0,0.0,0
1989,206.4163280979992,94.0,5.0,133.0,465.0,94.0,5.0,133.0,465.0,97.95597535203711,4.979288087162109,133.2692548668926,461.8517892486406,tracker,nan,nan,nan,nan,0.647660493850708,nan,0,nan,nan,nan,TRACKING,0.05923367699870141,0.0,0.0,11.536015370804641,0,0,0,0.0,0.0,1.0,0,0,0,0,1,3,1,DISABLED,nan,0,-1,0,0.0,0
1990,206.49638995400164,94.0,5.0,133.0,465.0,94.0,5.0,133.0,465.0,96.57138397882412,4.986537256655371,133.17501566348017,462.9536630116164,tracker,nan,nan,nan,nan,0.6523059010505676,nan,0,nan,nan,nan,TRACKING,0.05520065799646545,0.0,0.0,12.49034246682519,0,0,0,0.0,0.0,1.0,0,0,0,0,1,3,1,DISABLED,nan,0,-1,0,0.0,0
1991,206.57125069000176,94.0,5.0,133.0,465.0,94.0,5.0,133.0,465.0,95.67139958623568,4.991249216825992,133.1137601812621,463.6698809575507,tracker,nan,nan,nan,nan,0.6486424207687378,nan,0,nan,nan,nan,TRACKING,0.049608954999712296,0.0,0.0,13.358137435336106,0,0,0,0.0,0.0,1.0,0,0,0,0,1,3,1,DISABLED,nan,0,-1,0,0.0,0
1992,206.63632232600503,94.0,5.0,133.0,465.0,94.0,5.0,133.0,465.0,95.0864097310532,4.994311990936895,133.07394411782036,464.13542262240793,tracker,nan,nan,nan,nan,0.6339673399925232,nan,0,nan,nan,nan,TRACKING,0.042522787996858824,0.0,0.0,15.36767878326874,0,0,0,0.0,0.0,1.0,0,0,0,0,1,3,1,DISABLED,nan,0,-1,0,0.0,0
1993,206.70174339799996,94.0,5.0,133.0,465.0,94.0,5.0,133.0,465.0,94.70616632518457,4.996302794108981,133.04806367658324,464.4380247045652,tracker,nan,nan,nan,nan,0.6430635452270508,nan,0,nan,nan,nan,TRACKING,0.040896393002185505,0.0,0.0,15.28559483215817,0,0,0,0.0,0.0,1.0,0,0,0,0,1,3,1,DISABLED,nan,0,-1,0,0.0,0
1994,206.76709681100328,94.0,5.0,133.0,465.0,94.0,5.0,133.0,465.0,94.45900811136997,4.997596816170837,133.0312413897791,464.63471605796735,tracker,nan,nan,nan,nan,0.6406227350234985,nan,0,nan,nan,nan,TRACKING,0.04178797799977474,0.0,0.0,15.30141968177187,0,0,0,0.0,0.0,1.0,0,0,0,0,1,3,1,DISABLED,nan,0,-1,0,0.0,0
1995,206.83466903099907,94.0,5.0,133.0,465.0,94.0,5.0,133.0,465.0,94.29835527239048,4.998437930511044,133.0203069033564,464.7625654376788,tracker,nan,nan,nan,nan,0.6395056247711182,nan,0,nan,nan,nan,TRACKING,0.04299483099748613,0.0,0.0,14.798981002288002,0,0,0,0.0,0.0,1.0,0,0,0,0,1,3,1,DISABLED,nan,0,-1,0,0.0,0
1996,206.9130532929994,94.0,5.0,133.0,465.0,94.0,5.0,133.0,465.0,94.19393092705381,4.998984654832179,133.01319948718168,464.8456675344912,tracker,nan,nan,nan,nan,0.63418048620224,nan,0,nan,nan,nan,TRACKING,0.05062033500144025,0.0,0.0,12.757663011432426,0,0,0,0.0,0.0,1.0,0,0,0,0,1,3,1,DISABLED,nan,0,-1,0,0.0,0
1997,206.9882062760007,94.0,5.0,133.0,465.0,94.0,5.0,133.0,465.0,94.12605510258498,4.999340025640916,133.00857966666808,464.8996838974193,tracker,nan,nan,nan,nan,0.6359301805496216,nan,0,nan,nan,nan,TRACKING,0.040055017998383846,0.0,0.0,13.306191718064966,0,0,0,0.0,0.0,1.0,0,0,0,0,1,3,1,DISABLED,nan,0,-1,0,0.0,0
1998,207.06056549100322,94.0,5.0,133.0,465.0,94.0,5.0,133.0,465.0,94.08193581668024,4.999571016666596,133.00557678333425,464.9347945333226,tracker,nan,nan,nan,nan,0.63596111536026,nan,0,nan,nan,nan,TRACKING,0.04812042800040217,0.0,0.0,13.819939864816856,0,0,0,0.0,0.0,1.0,0,0,0,0,1,3,1,DISABLED,nan,0,-1,0,0.0,0
1999,207.13861682800052,94.0,5.0,133.0,465.0,94.0,5.0,133.0,465.0,94.05325828084216,4.999721160833287,133.00362490916726,464.9576164466597,tracker,nan,nan,nan,nan,0.6410338282585144,nan,0,nan,nan,nan,TRACKING,0.052199124002072494,0.0,0.0,12.812080336747185,0,0,0,0.0,0.0,1.0,0,0,0,0,1,3,1,DISABLED,nan,0,-1,0,0.0,0
2000,207.4151361750046,94.0,5.0,133.0,465.0,94.0,5.0,133.0,465.0,94.05325828084216,4.999721160833287,133.00362490916726,464.9576164466597,held,nan,nan,nan,nan,0.6341575384140015,nan,0,nan,nan,nan,SUSPECTED_LOST,0.053622129002178553,0.1940232620036113,0.0,3.616383485764873,0,0,0,0.0,0.0,1.0,0,0,0,0,1,3,1,DISABLED,nan,0,-1,0,0.0,0
2001,207.48095319400454,94.0,5.0,133.0,465.0,94.0,5.0,133.0,465.0,94.0346178825474,4.999818754541637,133.00235619095872,464.9724506903288,tracker,nan,nan,nan,nan,0.6476980447769165,nan,0,nan,nan,nan,TRACKING,0.039742248998663854,0.0,0.0,15.193638593700895,0,0,0,0.0,0.0,1.0,0,0,0,0,1,3,1,DISABLED,nan,0,-1,0,0.0,0
2002,207.55145126800198,94.0,5.0,133.0,465.0,94.0,5.0,133.0,465.0,94.02250162365581,4.999882190452064,133.00153152412315,464.9820929487137,tracker,nan,nan,nan,nan,0.6497257351875305,nan,0,nan,nan,nan,TRACKING,0.04156104499998037,0.0,0.0,14.184784679880606,0,0,0,0.0,0.0,1.0,0,0,0,0,1,3,1,DISABLED,nan,0,-1,0,0.0,0
2003,207.61770559000433,94.0,5.0,133.0,465.0,94.0,5.0,133.0,465.0,94.01462605537628,4.999923423793842,133.00099549068005,464.9883604166639,tracker,nan,nan,nan,nan,0.6425666809082031,nan,0,nan,nan,nan,TRACKING,0.04227559400169412,0.0,0.0,15.0933549658016,0,0,0,0.0,0.0,1.0,0,0,0,0,1,3,1,DISABLED,nan,0,-1,0,0.0,0
2004,207.69040403200052,94.0,5.0,133.0,465.0,94.0,5.0,133.0,465.0,94.00950693599458,4.999950225465997,133.00064706894204,464.99243427083155,tracker,nan,nan,nan,nan,0.6446126103401184,nan,0,nan,nan,nan,TRACKING,0.04538353699899744,0.0,0.0,13.755452971778036,0,0,0,0.0,0.0,1.0,0,0,0,0,1,3,1,DISABLED,nan,0,-1,0,0.0,0
2005,207.76029526800266,94.0,5.0,133.0,465.0,94.0,5.0,133.0,465.0,94.00617950839649,4.999967646552898,133.00042059481234,464.99508227604053,tracker,nan,nan,nan,nan,0.6508100628852844,nan,0,nan,nan,nan,TRACKING,0.04531212899746606,0.0,0.0,14.307945562291168,0,0,0,0.0,0.0,1.0,0,0,0,0,1,3,1,DISABLED,nan,0,-1,0,0.0,0
2006,207.82771373300056,94.0,5.0,133.0,465.0,94.0,5.0,133.0,465.0,94.00401668045771,4.999978970259384,133.000273386628,464.9968034794264,tracker,nan,nan,nan,nan,0.6465625166893005,nan,0,nan,nan,nan,TRACKING,0.0427248240011977,0.0,0.0,14.832731656396403,0,0,0,0.0,0.0,1.0,0,0,0,0,1,3,1,DISABLED,nan,0,-1,0,0.0,0
2007,207.90608955800417,94.0,5.0,133.0,465.0,94.0,5.0,133.0,465.0,94.00261084229751,4.9999863306686,133.0001777013082,464.99792226162714,tracker,nan,nan,nan,nan,0.6489149332046509,nan,0,nan,nan,nan,TRACKING,0.0491054529993562,0.0,0.0,12.759036347674954,0,0,0,0.0,0.0,1.0,0,0,0,0,1,3,1,DISABLED,nan,0,-1,0,0.0,0
2008,207.98329186299816,94.0,5.0,133.0,465.0,94.0,5.0,133.0,465.0,94.0016970474934,4.9999911149345895,133.00011550585032,464.99864947005767,tracker,nan,nan,nan,nan,0.6497331857681274,nan,0,nan,nan,nan,TRACKING,0.051369676999456715,0.0,0.0,12.952981132854273,0,0,0,0.0,0.0,1.0,0,0,0,0,1,3,1,DISABLED,nan,0,-1,0,0.0,0
2009,208.04974332499842,94.0,5.0,133.0,465.0,94.0,5.0,133.0,465.0,94.0011030808707,4.999994224707484,133.0000750788027,464.9991221555375,tracker,nan,nan,nan,nan,0.655863344669342,nan,0,nan,nan,nan,TRACKING,0.041478386003291234,0.0,0.0,15.048577862682682,0,0,0,0.0,0.0,1.0,0,0,0,0,1,3,1,DISABLED,nan,0,-1,0,0.0,0
2010,208.16820323000138,94.0,5.0,133.0,465.0,94.0,5.0,133.0,465.0,94.00071700256595,4.999996246059864,133.00004880122174,464.9994294010994,tracker,nan,nan,nan,nan,0.6516320109367371,nan,0,nan,nan,nan,TRACKING,0.08667306399729569,0.0,0.0,8.441674843272695,0,0,0,0.0,0.0,1.0,0,0,0,0,1,3,1,DISABLED,nan,0,-1,0,0.0,0
2011,208.23296642100468,94.0,5.0,133.0,465.0,94.0,5.0,133.0,465.0,94.00046605166787,4.999997559938912,133.00003172079414,464.99962911071464,tracker,nan,nan,nan,nan,0.6766577363014221,nan,0,nan,nan,nan,TRACKING,0.040056215002550744,0.0,0.0,15.44086979823361,0,0,0,0.0,0.0,1.0,0,0,0,0,1,3,1,DISABLED,nan,0,-1,0,0.0,0
2012,208.30165778299852,94.0,5.0,133.0,465.0,94.0,5.0,133.0,465.0,94.00030293358412,4.999998413960293,133.0000206185162,464.99975892196454,tracker,nan,nan,nan,nan,0.6762127876281738,nan,0,nan,nan,nan,TRACKING,0.04276680399925681,0.0,0.0,14.557871193318938,0,0,0,0.0,0.0,1.0,0,0,0,0,1,3,1,DISABLED,nan,0,-1,0,0.0,0
2013,208.3726852969994,94.0,5.0,133.0,465.0,94.0,5.0,133.0,465.0,94.00019690682967,4.999998969074191,133.00001340203553,464.99984329927696,tracker,nan,nan,nan,nan,0.677184522151947,nan,0,nan,nan,nan,TRACKING,0.04296410099777859,0.0,0.0,14.079051112326484,0,0,0,0.0,0.0,1.0,0,0,0,0,1,3,1,DISABLED,nan,0,-1,0,0.0,0
2014,208.45026360200427,94.0,5.0,133.0,465.0,94.0,5.0,133.0,465.0,94.00012798943928,4.999999329898225,133.00000871132312,464.99989814453005,tracker,nan,nan,nan,nan,0.6713825464248657,nan,0,nan,nan,nan,TRACKING,0.048595492997264955,0.0,0.0,12.890201712157982,0,0,0,0.0,0.0,1.0,0,0,0,0,1,3,1,DISABLED,nan,0,-1,0,0.0,0
2015,208.5145969380028,94.0,5.0,133.0,465.0,94.0,5.0,133.0,465.0,94.00008319313554,4.999999564433846,133.00000566236002,464.99993379394454,tracker,nan,nan,nan,nan,0.6731948852539062,nan,0,nan,nan,nan,TRACKING,0.039757040998665616,0.0,0.0,15.544040806820698,0,0,0,0.0,0.0,1.0,0,0,0,0,1,3,1,DISABLED,nan,0,-1,0,0.0,0
2016,208.59882353400462,94.0,5.0,133.0,465.0,94.0,5.0,133.0,465.0,94.0000540755381,4.999999716882,133.000003680534,464.99995696606396,tracker,nan,nan,nan,nan,0.6761680841445923,nan,0,nan,nan,nan,TRACKING,0.056890908999776,0.0,0.0,11.872734355527228,0,0,0,0.0,0.0,1.0,0,0,0,0,1,3,1,DISABLED,nan,0,-1,0,0.0,0
2017,208.68024776899983,94.0,5.0,133.0,465.0,94.0,5.0,133.0,465.0,94.00003514909977,4.9999998159733,133.00000239234708,464.99997202794157,tracker,nan,nan,nan,nan,0.6759805679321289,nan,0,nan,nan,nan,TRACKING,0.053617286001099274,0.0,0.0,12.281355791169734,0,0,0,0.0,0.0,1.0,0,0,0,0,1,3,1,DISABLED,nan,0,-1,0,0.0,0
2018,208.76064890400448,94.0,5.0,133.0,465.0,94.0,5.0,133.0,465.0,94.00002284691485,4.999999880382646,133.00000155502562,464.99998181816204,tracker,nan,nan,nan,nan,0.6783173680305481,nan,0,nan,nan,nan,TRACKING,0.055623897998884786,0.0,0.0,12.437635363507896,0,0,0,0.0,0.0,1.0,0,0,0,0,1,3,1,DISABLED,nan,0,-1,0,0.0,0
2019,208.84444028200232,94.0,5.0,133.0,465.0,94.0,5.0,133.0,465.0,94.00001485049465,4.99999992224872,133.00000101076665,464.99998818180535,tracker,nan,nan,nan,nan,0.677479088306427,nan,0,nan,nan,nan,TRACKING,0.05854183699557325,0.0,0.0,11.93440212936669,0,0,0,0.0,0.0,1.0,0,0,0,0,1,3,1,DISABLED,nan,0,-1,0,0.0,0
2020,209.13893112200458,94.0,5.0,133.0,465.0,416.0,0.0,216.0,480.0,416.0,0.0,216.0,480.0,detector,416.0,0.0,216.0,480.0,0.675980269908905,0.974008,1,0.0,0.45438574609025756,1.676449187484841,REINITIALIZING,0.04568531500262907,0.21660591299587395,0.0,3.3956913566219775,0,0,0,0.0,0.0,1.0,0,0,0,0,1,4,2,DISABLED,nan,0,-1,0,0.0,0
2021,209.16574304600363,416.0,0.0,216.0,480.0,416.0,0.0,216.0,480.0,416.0,0.0,216.0,480.0,held,nan,nan,nan,nan,,nan,0,nan,nan,nan,INITIALIZING,0.0,0.0,0.0,37.296838527346836,0,0,0,0.0,0.0,1.0,0,0,0,0,1,4,2,DISABLED,nan,0,-1,0,0.0,0
2022,209.20739727000182,416.0,0.0,216.0,480.0,416.0,0.0,216.0,480.0,416.0,0.0,216.0,480.0,held,nan,nan,nan,nan,,nan,0,nan,nan,nan,INITIALIZING,0.0,0.0,0.0,24.00716911791145,0,0,0,0.0,0.0,1.0,0,0,0,0,1,4,2,DISABLED,nan,0,-1,0,0.0,0
2023,209.2679904079996,416.0,0.0,216.0,480.0,416.0,0.0,216.0,480.0,416.0,0.0,216.0,480.0,held,nan,nan,nan,nan,,nan,0,nan,nan,nan,INITIALIZING,0.0,0.0,0.0,16.503518930420157,0,0,0,0.0,0.0,1.0,0,0,0,0,1,4,2,DISABLED,nan,0,-1,0,0.0,0
2024,209.33471755400387,416.0,0.0,216.0,480.0,416.0,0.0,216.0,480.0,416.0,0.0,216.0,480.0,held,nan,nan,nan,nan,,nan,0,nan,nan,nan,INITIALIZING,0.0,0.0,0.0,14.98640448275776,0,0,0,0.0,0.0,1.0,0,0,0,0,1,4,2,DISABLED,nan,0,-1,0,0.0,0
2025,209.40149157599808,416.0,0.0,216.0,480.0,416.0,0.0,216.0,480.0,416.0,0.0,216.0,480.0,held,nan,nan,nan,nan,,nan,0,nan,nan,nan,INITIALIZING,0.0,0.0,0.0,14.975883886203057,0,0,0,0.0,0.0,1.0,0,0,0,0,1,4,2,DISABLED,nan,0,-1,0,0.0,0
2026,209.49230687999807,416.0,0.0,216.0,480.0,416.0,0.0,216.0,480.0,416.0,0.0,216.0,480.0,held,nan,nan,nan,nan,,nan,0,nan,nan,nan,INITIALIZING,0.0,0.0,0.0,11.01135993554702,0,0,0,0.0,0.0,1.0,0,0,0,0,1,4,2,DISABLED,nan,0,-1,0,0.0,0
2027,209.55912184100453,416.0,0.0,216.0,480.0,416.0,0.0,216.0,480.0,416.0,0.0,216.0,480.0,held,nan,nan,nan,nan,,nan,0,nan,nan,nan,INITIALIZING,0.0,0.0,0.0,14.96670782915451,0,0,0,0.0,0.0,1.0,0,0,0,0,1,4,2,DISABLED,nan,0,-1,0,0.0,0
2028,209.61663443300495,416.0,0.0,216.0,480.0,416.0,0.0,216.0,480.0,416.0,0.0,216.0,480.0,held,nan,nan,nan,nan,,nan,0,nan,nan,nan,INITIALIZING,0.0,0.0,0.0,17.38749663713083,0,0,0,0.0,0.0,1.0,0,0,0,0,1,4,2,DISABLED,nan,0,-1,0,0.0,0
2029,209.7129705519983,416.5,0.5000152587890625,216.0,479.9999694824219,416.5,0.5000152587890625,216.0,479.9999694824219,416.175,0.17500534057617187,216.0,479.82499465942385,tracker,nan,nan,nan,nan,0.8352148532867432,nan,0,nan,nan,nan,TRACKING,0.04265305200533476,0.0,0.5039617829970666,10.380322670763139,0,0,0,0.7071067811865476,0.0008838834764831844,1.0000000635782917,0,0,0,0,1,4,2,DISABLED,nan,0,-1,0,0.0,0
2030,209.79138564900495,416.5,0.5000152587890625,216.0,479.9999694824219,416.5,0.5000152587890625,216.0,479.9999694824219,416.28875,0.2887588119506836,216.0,479.7112411880493,tracker,nan,nan,nan,nan,0.8334702849388123,nan,0,nan,nan,nan,TRACKING,0.04203985899948748,0.0,0.0,12.75264634200648,0,0,0,0.0,0.0,1.0,0,0,0,0,1,4,2,DISABLED,nan,0,-1,0,0.0,0
2031,209.85991034000472,416.5,0.5000152587890625,216.0,479.9999694824219,416.5,0.5000152587890625,216.0,479.9999694824219,416.3626875,0.3626985683441162,216.0,479.6373014316559,tracker,nan,nan,nan,nan,0.83524489402771,nan,0,nan,nan,nan,TRACKING,0.04463383099937346,0.0,0.0,14.593279960991238,0,0,0,0.0,0.0,1.0,0,0,0,0,1,4,2,DISABLED,nan,0,-1,0,0.0,0
2032,209.9325603949983,416.5,0.5000152587890625,216.0,479.9999694824219,416.5,0.5000152587890625,216.0,479.9999694824219,416.410746875,0.4107594099998474,216.0,479.58924059000014,tracker,nan,nan,nan,nan,0.836029052734375,nan,0,nan,nan,nan,TRACKING,0.048023342998931184,0.0,0.0,13.764614494627116,0,0,0,0.0,0.0,1.0,0,0,0,0,1,4,2,DISABLED,nan,0,-1,0,0.0,0
2033,210.0128845500003,416.5,0.5000152587890625,216.0,479.9999694824219,416.5,0.5000152587890625,216.0,479.9999694824219,416.44198546875,0.44199895707607273,216.0,479.55800104292393,tracker,nan,nan,nan,nan,0.8377526998519897,nan,0,nan,nan,nan,TRACKING,0.048635649000061676,0.0,0.0,12.449555180193093,0,0,0,0.0,0.0,1.0,0,0,0,0,1,4,2,DISABLED,nan,0,-1,0,0.0,0
2034,210.07911329800118,416.5,0.5000152587890625,216.0,479.9999694824219,416.5,0.5000152587890625,216.0,479.9999694824219,416.46229055468746,0.4623046626756192,216.0,479.5376953373244,tracker,nan,nan,nan,nan,0.8385276794433594,nan,0,nan,nan,nan,TRACKING,0.04161443199700443,0.0,0.0,15.099183212506237,0,0,0,0.0,0.0,1.0,0,0,0,0,1,4,2,DISABLED,nan,0,-1,0,0.0,0
2035,210.14742147400102,416.5,0.5000152587890625,216.0,479.9999694824219,416.5,0.5000152587890625,216.0,479.9999694824219,416.4754888605468,0.4755033713153244,216.0,479.5244966286847,tracker,nan,nan,nan,nan,0.8312703371047974,nan,0,nan,nan,nan,TRACKING,0.04140635300427675,0.0,0.0,14.639535975931443,0,0,0,0.0,0.0,1.0,0,0,0,0,1,4,2,DISABLED,nan,0,-1,0,0.0,0
2036,210.21811627200077,416.5,0.5000152587890625,216.0,479.9999694824219,416.5,0.5000152587890625,216.0,479.9999694824219,416.4840677593554,0.4840825319311327,216.0,479.5159174680689,tracker,nan,nan,nan,nan,0.8313080072402954,nan,0,nan,nan,nan,TRACKING,0.04250804799812613,0.0,0.0,14.145312360939831,0,0,0,0.0,0.0,1.0,0,0,0,0,1,4,2,DISABLED,nan,0,-1,0,0.0,0
2037,210.2824476809983,416.5,0.5000152587890625,216.0,479.9999694824219,416.5,0.5000152587890625,216.0,479.9999694824219,416.489644043581,0.48965898633140814,216.0,479.5103410136686,tracker,nan,nan,nan,nan,0.833210289478302,nan,0,nan,nan,nan,TRACKING,0.03948536700045224,0.0,0.0,15.544506417360829,0,0,0,0.0,0.0,1.0,0,0,0,0,1,4,2,DISABLED,nan,0,-1,0,0.0,0
2038,210.36011593500007,416.5,0.5000152587890625,216.0,479.9999694824219,416.5,0.5000152587890625,216.0,479.9999694824219,416.49326862832766,0.4932836816915872,216.0,479.5067163183084,tracker,nan,nan,nan,nan,0.8352810144424438,nan,0,nan,nan,nan,TRACKING,0.04752244499832159,0.0,0.0,12.875273338541646,0,0,0,0.0,0.0,1.0,0,0,0,0,1,4,2,DISABLED,nan,0,-1,0,0.0,0
2039,210.43043832800322,416.5,0.5000152587890625,216.0,479.9999694824219,416.5,0.5000152587890625,216.0,479.9999694824219,416.495624608413,0.4956397336757036,216.0,479.5043602663243,tracker,nan,nan,nan,nan,0.8363304138183594,nan,0,nan,nan,nan,TRACKING,0.04233017899969127,0.0,0.0,14.220221430109298,0,0,0,0.0,0.0,1.0,0,0,0,0,1,4,2,DISABLED,nan,0,-1,0,0.0,0
2040,210.76689590000024,416.5,0.5000152587890625,216.0,479.9999694824219,416.5,0.5000152587890625,216.0,479.9999694824219,416.0,0.0,216.0,480.0,detector,416.0,0.0,216.0,480.0,0.8422660231590271,0.972644,1,0.9933142838634147,0.0008838834764831844,1.0000000635782917,DETECTOR_CONFIRMED,0.05220506300247507,0.25266218400065554,0.0,2.9721429482611503,0,0,0,0.0,0.0,1.0,0,0,0,0,1,4,2,DISABLED,nan,0,-1,0,0.0,0
2041,210.83647504499822,416.5,0.5000152587890625,216.0,479.9999694824219,416.5,0.5000152587890625,216.0,479.9999694824219,416.175,0.17500534057617187,216.0,479.82499465942385,tracker,nan,nan,nan,nan,0.8347172737121582,nan,0,nan,nan,nan,TRACKING,0.03999397499865154,0.0,0.0,14.372122566739188,0,0,0,0.0,0.0,1.0,0,0,0,0,1,4,2,DISABLED,nan,0,-1,0,0.0,0
2042,210.9287969500001,416.5,-5.9398651123046875,216.0,479.9999694824219,416.5,-5.9398651123046875,216.0,479.9999694824219,416.28875,0.0,216.0,479.88623584747313,tracker,nan,nan,nan,nan,0.8311753273010254,nan,0,nan,nan,nan,TRACKING,0.04655502400419209,0.0,0.0,10.831665572537958,0,0,0,6.43988037109375,0.008049850463867187,1.0,0,0,0,0,1,4,2,DISABLED,nan,0,-1,0,0.0,0
2043,211.00126465700305,416.5,0.9398956298828125,216.0,479.9999694824219,416.5,0.9398956298828125,216.0,479.9999694824219,416.3626875,0.32896347045898433,216.0,479.671036529541,tracker,nan,nan,nan,nan,0.8010118007659912,nan,0,nan,nan,nan,TRACKING,0.04831496400584001,0.0,0.0,13.799249919131427,0,0,0,6.8797607421875,0.008599700927734375,1.0,0,0,0,0,1,4,2,DISABLED,nan,0,-1,0,0.0,0
2044,211.07309151400113,416.5,-5.9398651123046875,216.0,479.9999694824219,416.5,-5.9398651123046875,216.0,479.9999694824219,416.410746875,0.0,216.0,479.78616306304934,tracker,nan,nan,nan,nan,0.822486937046051,nan,0,nan,nan,nan,TRACKING,0.04805094699986512,0.0,0.0,13.922368899235577,0,0,0,6.8797607421875,0.008599700927734375,1.0,0,0,0,0,1,4,2,DISABLED,nan,0,-1,0,0.0,0
2045,211.14569625600416,416.5,0.9398956298828125,216.0,479.9999694824219,416.5,0.9398956298828125,216.0,479.9999694824219,416.44198546875,0.32896347045898433,216.0,479.671036529541,tracker,nan,nan,nan,nan,0.7986631989479065,nan,0,nan,nan,nan,TRACKING,0.048355538994655944,0.0,0.0,13.773205060881118,0,0,0,6.8797607421875,0.008599700927734375,1.0,0,0,0,0,1,4,2,DISABLED,nan,0,-1,0,0.0,0
2046,211.23092902400094,416.5,-5.9398651123046875,216.0,479.9999694824219,416.5,-5.9398651123046875,216.0,479.9999694824219,416.46229055468746,0.0,216.0,479.78616306304934,tracker,nan,nan,nan,nan,0.8200042843818665,nan,0,nan,nan,nan,TRACKING,0.058894501999020576,0.0,0.0,11.73257684225053,0,0,0,6.8797607421875,0.008599700927734375,1.0,0,0,0,0,1,4,2,DISABLED,nan,0,-1,0,0.0,0
2047,211.29860728800122,416.5,-5.4999847412109375,216.0,479.9999694824219,416.5,-5.4999847412109375,216.0,479.9999694824219,416.4754888605468,0.0,216.0,479.8609953098297,tracker,nan,nan,nan,nan,0.7971981167793274,nan,0,nan,nan,nan,TRACKING,0.04333155799395172,0.0,0.0,14.775792712352757,0,0,0,0.43988037109375,0.0005498504638671874,1.0,0,0,0,0,1,4,2,DISABLED,nan,0,-1,0,0.0,0
2048,211.37799355400057,416.5,-5.4999847412109375,216.0,479.9999694824219,416.5,-5.4999847412109375,216.0,479.9999694824219,416.4840677593554,0.0,216.0,479.909636270237,tracker,nan,nan,nan,nan,0.8047568798065186,nan,0,nan,nan,nan,TRACKING,0.05078898499778006,0.0,0.0,12.596637307619833,0,0,0,0.0,0.0,1.0,0,0,0,0,1,4,2,DISABLED,nan,0,-1,0,0.0,0
2049,211.44377078099933,416.5,-5.4999847412109375,216.0,479.9999694824219,416.5,-5.4999847412109375,216.0,479.9999694824219,416.489644043581,0.0,216.0,479.94125289450164,tracker,nan,nan,nan,nan,0.8047464489936829,nan,0,nan,nan,nan,TRACKING,0.04063258399401093,0.0,0.0,15.202830001009692,0,0,0,0.0,0.0,1.0,0,0,0,0,1,4,2,DISABLED,nan,0,-1,0,0.0,0
2050,211.52077141400514,416.5,-5.4999847412109375,216.0,479.9999694824219,416.5,-5.4999847412109375,216.0,479.9999694824219,416.49326862832766,0.0,216.0,479.96180370027366,tracker,nan,nan,nan,nan,0.7976556420326233,nan,0,nan,nan,nan,TRACKING,0.0439536570047494,0.0,0.0,12.986906223544326,0,0,0,0.0,0.0,1.0,0,0,0,0,1,4,2,DISABLED,nan,0,-1,0,0.0,0
2051,211.58966377100296,416.5,-5.4999847412109375,216.0,479.9999694824219,416.5,-5.4999847412109375,216.0,479.9999694824219,416.495624608413,0.0,216.0,479.9751617240255,tracker,nan,nan,nan,nan,0.8034451603889465,nan,0,nan,nan,nan,TRACKING,0.04243382700224174,0.0,0.0,14.515398276061626,0,0,0,0.0,0.0,1.0,0,0,0,0,1,4,2,DISABLED,nan,0,-1,0,0.0,0
2052,211.6644906520014,416.5,-5.4999847412109375,216.0,479.9999694824219,416.5,-5.4999847412109375,216.0,479.9999694824219,416.4971559954684,0.0,216.0,479.9838444394642,tracker,nan,nan,nan,nan,0.8041403889656067,nan,0,nan,nan,nan,TRACKING,0.0487107559965807,0.0,0.0,13.364181249527121,0,0,0,0.0,0.0,1.0,0,0,0,0,1,4,2,DISABLED,nan,0,-1,0,0.0,0
2053,211.8012337770051,416.5,-5.4999847412109375,216.0,479.9999694824219,416.5,-5.4999847412109375,216.0,479.9999694824219,416.49815139705447,0.0,216.0,479.98948820449937,tracker,nan,nan,nan,nan,0.8075779676437378,nan,0,nan,nan,nan,TRACKING,0.1091383169987239,0.0,0.0,7.312981913883497,0,0,0,0.0,0.0,1.0,0,0,0,0,1,4,2,DISABLED,nan,0,-1,0,0.0,0
2054,211.87374153800192,416.5,-5.4999847412109375,216.0,479.9999694824219,416.5,-5.4999847412109375,216.0,479.9999694824219,416.4987984080854,0.0,216.0,479.9931566517722,tracker,nan,nan,nan,nan,0.8211092352867126,nan,0,nan,nan,nan,TRACKING,0.047778076004760806,0.0,0.0,13.791627078981817,0,0,0,0.0,0.0,1.0,0,0,0,0,1,4,2,DISABLED,nan,0,-1,0,0.0,0
2055,211.946966659998,416.5,-5.4999847412109375,216.0,479.9999694824219,416.5,-5.4999847412109375,216.0,479.9999694824219,416.4992189652555,0.0,216.0,479.99554114249963,tracker,nan,nan,nan,nan,0.8243072032928467,nan,0,nan,nan,nan,TRACKING,0.047876620999886654,0.0,0.0,13.656515315243986,0,0,0,0.0,0.0,1.0,0,0,0,0,1,4,2,DISABLED,nan,0,-1,0,0.0,0
2056,212.01364880500478,416.5,-5.4999847412109375,216.0,479.9999694824219,416.5,-5.4999847412109375,216.0,479.9999694824219,416.4994923274161,0.0,216.0,479.99709106147236,tracker,nan,nan,nan,nan,0.8182123303413391,nan,0,nan,nan,nan,TRACKING,0.041871990004437976,0.0,0.0,14.99651818186597,0,0,0,0.0,0.0,1.0,0,0,0,0,1,4,2,DISABLED,nan,0,-1,0,0.0,0
2057,212.0881986470049,416.5,-5.4999847412109375,216.0,479.9999694824219,416.5,-5.4999847412109375,216.0,479.9999694824219,416.49967001282045,0.0,216.0,479.9980985088047,tracker,nan,nan,nan,nan,0.8208888173103333,nan,0,nan,nan,nan,TRACKING,0.04862163900543237,0.0,0.0,13.413844659769179,0,0,0,0.0,0.0,1.0,0,0,0,0,1,4,2,DISABLED,nan,0,-1,0,0.0,0
2058,212.1607767220048,416.5,-5.4999847412109375,216.0,479.9999694824219,416.5,-5.4999847412109375,216.0,479.9999694824219,416.4997855083333,0.0,216.0,479.99875334957073,tracker,nan,nan,nan,nan,0.8181925415992737,nan,0,nan,nan,nan,TRACKING,0.047993967004003935,0.0,0.0,13.778265681491769,0,0,0,0.0,0.0,1.0,0,0,0,0,1,4,2,DISABLED,nan,0,-1,0,0.0,0
2059,212.22523188400373,416.5,-5.4999847412109375,216.0,479.9999694824219,416.5,-5.4999847412109375,216.0,479.9999694824219,416.4998605804166,0.0,216.0,479.9991789960686,tracker,nan,nan,nan,nan,0.8128977417945862,nan,0,nan,nan,nan,TRACKING,0.04056023900193395,0.0,0.0,15.514661184417347,0,0,0,0.0,0.0,1.0,0,0,0,0,1,4,2,DISABLED,nan,0,-1,0,0.0,0
2060,212.45961001600517,416.5,-5.4999847412109375,216.0,479.9999694824219,416.5,-5.4999847412109375,216.0,479.9999694824219,419.0,0.0,215.0,480.0,detector,419.0,0.0,215.0,480.0,0.8124275803565979,0.971812,1,0.9595687389822262,0.007315437444199766,1.004651098916697,DETECTOR_CONFIRMED,0.04989417100296123,0.15411501999915345,0.0,4.266609651082388,0,0,0,0.0,0.0,1.0,0,0,0,0,1,4,2,DISABLED,nan,0,-1,0,0.0,0
2061,212.52078129300207,416.5,-5.4999847412109375,216.0,479.9999694824219,416.5,-5.4999847412109375,216.0,479.9999694824219,418.125,0.0,215.35,479.9999893188476,tracker,nan,nan,nan,nan,0.816943347454071,nan,0,nan,nan,nan,TRACKING,0.035690011995029636,0.0,0.0,16.347541674675995,0,0,0,0.0,0.0,1.0,0,0,0,0,1,4,2,DISABLED,nan,0,-1,0,0.0,0
2062,212.59121686599974,416.5,-5.4999847412109375,216.0,479.9999694824219,416.5,-5.4999847412109375,216.0,479.9999694824219,417.55625,0.0,215.5775,479.9999823760986,tracker,nan,nan,nan,nan,0.8097607493400574,nan,0,nan,nan,nan,TRACKING,0.04480711599899223,0.0,0.0,14.197371547373143,0,0,0,0.0,0.0,1.0,0,0,0,0,1,4,2,DISABLED,nan,0,-1,0,0.0,0
2063,212.6559188570027,416.5,-5.4999847412109375,216.0,479.9999694824219,416.5,-5.4999847412109375,216.0,479.9999694824219,417.1865625,0.0,215.72537499999999,479.99997786331176,tracker,nan,nan,nan,nan,0.8130848407745361,nan,0,nan,nan,nan,TRACKING,0.039304947000346147,0.0,0.0,15.455474932053168,0,0,0,0.0,0.0,1.0,0,0,0,0,1,4,2,DISABLED,nan,0,-1,0,0.0,0
2064,212.72141847199964,416.5,-5.4999847412109375,216.0,479.9999694824219,416.5,-5.4999847412109375,216.0,479.9999694824219,416.94626562499997,0.0,215.82149375,479.99997493000023,tracker,nan,nan,nan,nan,0.8018551468849182,nan,0,nan,nan,nan,TRACKING,0.038133875001221895,0.0,0.0,15.267265312117248,0,0,0,0.0,0.0,1.0,0,0,0,0,1,4,2,DISABLED,nan,0,-1,0,0.0,0
2065,212.79616535099922,416.5,-5.4999847412109375,216.0,479.9999694824219,416.5,-5.4999847412109375,216.0,479.9999694824219,416.79007265624995,0.0,215.8839709375,479.9999730233478,tracker,nan,nan,nan,nan,0.7846412062644958,nan,0,nan,nan,nan,TRACKING,0.040449819003697485,0.0,0.0,13.378485006787596,0,0,0,0.0,0.0,1.0,0,0,0,0,1,4,2,DISABLED,nan,0,-1,0,0.0,0
2066,212.87488332000066,410.06011962890625,-5.4999847412109375,216.0,479.9999694824219,410.06011962890625,-5.4999847412109375,216.0,479.9999694824219,414.43458909667964,0.0,215.924581109375,479.9999717840237,tracker,nan,nan,nan,nan,0.7744524478912354,nan,0,nan,nan,nan,TRACKING,0.053149357001530007,0.0,0.0,12.703579788518649,0,0,0,6.43988037109375,0.008049850463867187,1.0,0,0,0,0,1,4,2,DISABLED,nan,0,-1,0,0.0,0
2067,212.94058580500132,410.5,-5.4999847412109375,216.0,479.9999694824219,410.5,-5.4999847412109375,216.0,479.9999694824219,413.0574829128418,0.0,215.95097772109375,479.9999709784631,tracker,nan,nan,nan,nan,0.76008540391922,nan,0,nan,nan,nan,TRACKING,0.043051239001215436,0.0,0.0,15.220124474591923,0,0,0,0.43988037109375,0.0005498504638671874,1.0,0,0,0,0,1,4,2,DISABLED,nan,0,-1,0,0.0,0
2068,213.02062812900112,404.06011962890625,-5.4999847412109375,216.0,479.9999694824219,404.06011962890625,-5.4999847412109375,216.0,479.9999694824219,409.9084057634644,0.0,215.96813551871094,479.9999704548487,tracker,nan,nan,nan,nan,0.7401535511016846,nan,0,nan,nan,nan,TRACKING,0.049047640000935644,0.0,0.0,12.493390371854165,0,0,0,6.43988037109375,0.008049850463867187,1.0,0,0,0,0,1,4,2,DISABLED,nan,0,-1,0,0.0,0
2069,213.08859994199884,404.5,-5.4999847412109375,216.0,479.9999694824219,404.5,-5.4999847412109375,216.0,479.9999694824219,408.01546374625184,0.0,215.9792880871621,479.9999701144993,tracker,nan,nan,nan,nan,0.7016642093658447,nan,0,nan,nan,nan,TRACKING,0.040790712999296375,0.0,0.0,14.711980685783145,0,0,0,0.43988037109375,0.0005498504638671874,1.0,0,0,0,0,1,4,2,DISABLED,nan,0,-1,0,0.0,0
2070,213.1831722679999,398.06011962890625,-5.4999847412109375,216.0,479.9999694824219,398.06011962890625,-5.4999847412109375,216.0,479.9999694824219,404.5310933051809,0.0,215.98653725665537,479.99996989327224,tracker,nan,nan,nan,nan,0.6504650712013245,nan,0,nan,nan,nan,TRACKING,0.06340518700017128,0.0,0.0,10.573917786358308,0,0,0,6.43988037109375,0.008049850463867187,1.0,0,0,0,0,1,4,2,DISABLED,nan,0,-1,0,0.0,0
2071,213.26353975700476,385.6202392578125,-5.4999847412109375,216.0,479.9999694824219,385.6202392578125,-5.4999847412109375,216.0,479.9999694824219,397.91229438860194,0.0,215.991249216826,479.99996974947464,tracker,nan,nan,nan,nan,0.5411370396614075,nan,0,nan,nan,nan,TRACKING,0.05233251400204608,0.0,0.0,12.44284240284733,0,0,0,12.43988037109375,0.015549850463867188,1.0,0,0,0,0,1,4,2,DISABLED,nan,0,-1,0,0.0,0
2072,213.54821160100255,379.06011962890625,-5.4999847412109375,216.0,479.9999694824219,379.06011962890625,-5.4999847412109375,216.0,479.9999694824219,359.0,0.0,224.0,480.0,detector,359.0,0.0,224.0,480.0,0.4883134663105011,0.898546,1,0.8456613440807658,0.02121973736637882,1.0370371029700804,LOW_CONFIDENCE,0.0474242649943335,0.21164005999889923,0.0,3.512816673249151,1,0,0,6.56011962890625,0.008200149536132812,1.0,0,0,0,0,1,4,2,DISABLED,nan,0,-1,0,0.0,0
2073,213.83438311800273,405.259521484375,0.9398956298828125,216.0,479.9999694824219,405.259521484375,0.9398956298828125,216.0,479.9999694824219,336.0,0.0,188.0,480.0,detector,336.0,0.0,188.0,480.0,0.4119526147842407,0.79759,1,0.4151008242512474,0.10408103283108813,1.1489360971653715,LOW_CONFIDENCE,0.042806336998182815,0.21201965300133452,0.0,3.4944078658930815,1,0,0,26.979264570746512,0.03372408071343314,1.0,0,0,0,0,1,4,2,DISABLED,nan,0,-1,0,0.0,0
2074,214.0795779789987,405.5,-5.9398651123046875,216.0,479.9999694824219,405.5,-5.9398651123046875,216.0,479.9999694824219,336.0,0.0,188.0,480.0,held,nan,nan,nan,nan,0.367555171251297,nan,0,nan,nan,nan,SUSPECTED_LOST,0.049704582997947,0.16590495199488942,0.0,4.078388902353036,1,0,0,6.883962360895177,0.00860495295111897,1.0,0,0,0,0,1,4,2,DISABLED,nan,0,-1,0,0.0,0
2075,214.32797766200383,399.06011962890625,-5.4999847412109375,216.0,479.9999694824219,399.06011962890625,-5.4999847412109375,216.0,479.9999694824219,336.0,0.0,188.0,480.0,held,nan,nan,nan,nan,0.35198166966438293,nan,0,nan,nan,nan,SUSPECTED_LOST,0.06244729999889387,0.15062956800102256,0.0,4.025770032803926,1,0,0,6.454886051269391,0.008068607564086738,1.0,0,0,0,0,1,4,2,DISABLED,nan,0,-1,0,0.0,0
2076,214.59042582200345,405.93988037109375,-5.4999847412109375,216.0,479.9999694824219,405.93988037109375,-5.4999847412109375,216.0,479.9999694824219,336.0,0.0,188.0,480.0,held,nan,nan,nan,nan,0.3222464919090271,nan,0,nan,nan,nan,SUSPECTED_LOST,0.0535271270055091,0.18417364000197267,0.0,3.810276284663005,1,0,0,6.8797607421875,0.008599700927734375,1.0,0,0,0,0,1,4,2,DISABLED,nan,0,-1,0,0.0,0
2077,214.88233873300487,405.5,-5.4999847412109375,216.0,479.9999694824219,405.5,-5.4999847412109375,216.0,479.9999694824219,336.0,0.0,188.0,480.0,held,nan,nan,nan,nan,0.3201824128627777,nan,0,nan,nan,nan,SUSPECTED_LOST,0.04561338699568296,0.21593615799793042,0.0,3.4256792430641805,1,0,0,0.43988037109375,0.0005498504638671874,1.0,0,0,0,0,1,4,2,DISABLED,nan,0,-1,0,0.0,0
2078,215.13986015500268,405.5,-5.4999847412109375,216.0,479.9999694824219,405.5,-5.4999847412109375,216.0,479.9999694824219,336.0,0.0,188.0,480.0,held,nan,nan,nan,nan,0.324353963136673,nan,0,nan,nan,nan,SUSPECTED_LOST,0.09394230999896536,0.1379883650006377,0.0,3.8831720959063056,1,0,0,0.0,0.0,1.0,0,0,0,0,1,4,2,DISABLED,nan,0,-1,0,0.0,0
2079,215.374493866002,405.5,-5.4999847412109375,216.0,479.9999694824219,405.5,-5.4999847412109375,216.0,479.9999694824219,336.0,0.0,188.0,480.0,held,nan,nan,nan,nan,0.34478187561035156,nan,0,nan,nan,nan,SUSPECTED_LOST,0.06327820600563427,0.14227602499886416,0.0,4.261962169634027,1,0,0,0.0,0.0,1.0,0,0,0,0,1,4,2,DISABLED,nan,0,-1,0,0.0,0
2080,215.6474389569994,405.5,0.9398956298828125,216.0,479.9999694824219,405.5,0.9398956298828125,216.0,479.9999694824219,336.0,0.0,188.0,480.0,held,nan,nan,nan,nan,0.35196614265441895,nan,0,nan,nan,nan,SUSPECTED_LOST,0.06131956299941521,0.18045365099533228,0.0,3.6637405580215816,1,0,0,6.43988037109375,0.008049850463867187,1.0,0,0,0,0,1,4,2,DISABLED,nan,0,-1,0,0.0,0
2081,215.93936374400073,411.93988037109375,0.5000152587890625,216.0,479.9999694824219,411.93988037109375,0.5000152587890625,216.0,479.9999694824219,336.0,0.0,188.0,480.0,held,nan,nan,nan,nan,0.36766642332077026,nan,0,nan,nan,nan,SUSPECTED_LOST,0.053598482998495456,0.20429508399683982,0.0,3.4255398805700823,1,0,0,6.454886051269391,0.008068607564086738,1.0,0,0,0,0,1,4,2,DISABLED,nan,0,-1,0,0.0,0
2082,216.1681137129999,411.5,0.5000152587890625,216.0,479.9999694824219,411.5,0.5000152587890625,216.0,479.9999694824219,336.0,0.0,188.0,480.0,held,nan,nan,nan,nan,0.3762659430503845,nan,0,nan,nan,nan,SUSPECTED_LOST,0.04164000500168186,0.15848190099495696,0.0,4.371585291902604,1,0,0,0.43988037109375,0.0005498504638671874,1.0,0,0,0,0,1,4,2,DISABLED,nan,0,-1,0,0.0,0
2083,216.43155981499876,411.5,0.5000152587890625,216.0,479.9999694824219,122.0,0.0,180.0,451.0,122.0,0.0,180.0,451.0,detector,122.0,0.0,180.0,451.0,0.38135355710983276,0.800019,1,0.0,0.3848320453457586,1.2771617813279519,REINITIALIZING,0.047456660999159794,0.18227666500024498,0.0,3.7958428400066335,1,0,0,0.0,0.0,1.0,0,0,0,0,1,5,2,DISABLED,nan,0,-1,0,0.0,0
2084,216.46421225100494,122.0,0.0,180.0,451.0,122.0,0.0,180.0,451.0,122.0,0.0,180.0,451.0,held,nan,nan,nan,nan,,nan,0,nan,nan,nan,INITIALIZING,0.0,0.0,0.0,30.62558639762494,0,0,0,0.0,0.0,1.0,0,0,0,0,1,5,2,DISABLED,nan,0,-1,0,0.0,0
2085,216.4907785960022,122.0,0.0,180.0,451.0,122.0,0.0,180.0,451.0,122.0,0.0,180.0,451.0,held,nan,nan,nan,nan,,nan,0,nan,nan,nan,INITIALIZING,0.0,0.0,0.0,37.641610093635606,0,0,0,0.0,0.0,1.0,0,0,0,0,1,5,2,DISABLED,nan,0,-1,0,0.0,0
2086,216.53859146399918,122.0,0.0,180.0,451.0,122.0,0.0,180.0,451.0,122.0,0.0,180.0,451.0,held,nan,nan,nan,nan,,nan,0,nan,nan,nan,INITIALIZING,0.0,0.0,0.0,20.914871704896143,0,0,0,0.0,0.0,1.0,0,0,0,0,1,5,2,DISABLED,nan,0,-1,0,0.0,0
2087,216.60886906400265,122.0,0.0,180.0,451.0,122.0,0.0,180.0,451.0,122.0,0.0,180.0,451.0,held,nan,nan,nan,nan,,nan,0,nan,nan,nan,INITIALIZING,0.0,0.0,0.0,14.229285006185485,0,0,0,0.0,0.0,1.0,0,0,0,0,1,5,2,DISABLED,nan,0,-1,0,0.0,0
2088,216.684654511002,122.0,0.0,180.0,451.0,122.0,0.0,180.0,451.0,122.0,0.0,180.0,451.0,held,nan,nan,nan,nan,,nan,0,nan,nan,nan,INITIALIZING,0.0,0.0,0.0,13.195145500803367,0,0,0,0.0,0.0,1.0,0,0,0,0,1,5,2,DISABLED,nan,0,-1,0,0.0,0
2089,216.77293365800142,122.0,0.0,180.0,451.0,122.0,0.0,180.0,451.0,122.0,0.0,180.0,451.0,held,nan,nan,nan,nan,,nan,0,nan,nan,nan,INITIALIZING,0.0,0.0,0.0,11.327703472334905,0,0,0,0.0,0.0,1.0,0,0,0,0,1,5,2,DISABLED,nan,0,-1,0,0.0,0
2090,216.8308721450012,122.0,0.0,180.0,451.0,122.0,0.0,180.0,451.0,122.0,0.0,180.0,451.0,held,nan,nan,nan,nan,,nan,0,nan,nan,nan,INITIALIZING,0.0,0.0,0.0,17.259684396037173,0,0,0,0.0,0.0,1.0,0,0,0,0,1,5,2,DISABLED,nan,0,-1,0,0.0,0
2091,216.8910167819995,122.0,0.0,180.0,451.0,122.0,0.0,180.0,451.0,122.0,0.0,180.0,451.0,held,nan,nan,nan,nan,,nan,0,nan,nan,nan,INITIALIZING,0.0,0.0,0.0,16.626586340993743,0,0,0,0.0,0.0,1.0,0,0,0,0,1,5,2,DISABLED,nan,0,-1,0,0.0,0
2092,216.95824040000298,122.0,0.0,180.0,451.0,122.0,0.0,180.0,451.0,122.0,0.0,180.0,451.0,held,nan,nan,nan,nan,,nan,0,nan,nan,nan,INITIALIZING,0.0,0.0,0.0,14.875724182953224,0,0,0,0.0,0.0,1.0,0,0,0,0,1,5,2,DISABLED,nan,0,-1,0,0.0,0
2093,217.2944391120036,82.61105346679688,5.69842529296875,180.0,451.0,82.61105346679688,5.69842529296875,180.0,451.0,122.0,0.0,180.0,451.0,held,nan,nan,nan,nan,0.49754971265792847,nan,0,nan,nan,nan,SUSPECTED_LOST,0.062103437005134765,0.21381620800093515,0.5443237880026572,2.974431383300915,1,0,0,39.79900953309115,0.04974876191636394,1.0,0,0,0,0,1,5,2,DISABLED,nan,0,-1,0,0.0,0
2094,217.57901631799905,122.38894653320312,6.0,180.0,451.0,122.38894653320312,6.0,180.0,451.0,21.0,1.0,192.0,479.0,detector,21.0,1.0,192.0,479.0,0.40409156680107117,0.90821,1,0.3089268150161639,0.119765729138665,1.132889874353289,LOW_CONFIDENCE,0.05603510600485606,0.1969041170013952,0.0,3.5139848833008753,1,0,0,39.779036239033886,0.04972379529879236,1.0,0,0,0,0,1,5,2,DISABLED,nan,0,-1,0,0.0,0
2095,217.8895712090016,116.80157470703125,6.0,180.0,451.0,116.80157470703125,6.0,180.0,451.0,7.0,0.0,179.0,476.0,detector,7.0,0.0,179.0,476.0,0.41280069947242737,0.965549,1,0.23087384514103196,0.13811616138491675,1.0495688593249568,LOW_CONFIDENCE,0.05533753700001398,0.22689966300094966,0.0,3.2200426686946755,1,0,0,5.587371826171875,0.006984214782714843,1.0,0,0,0,0,1,5,2,DISABLED,nan,0,-1,0,0.0,0
2096,218.12044847100333,116.5,6.0,180.0,451.0,116.5,6.0,180.0,451.0,8.0,0.0,176.0,476.0,detector,8.0,0.0,176.0,476.0,0.3977701961994171,0.976476,1,0.22631557427321422,0.138363764223152,1.0319783197831978,LOW_CONFIDENCE,0.06016859599913005,0.13911724699573824,0.0,4.331305696064866,1,0,0,0.30157470703125,0.0003769683837890625,1.0,0,0,0,0,1,5,2,DISABLED,nan,0,-1,0,0.0,0
2097,218.36586828700092,116.5,6.0,180.0,451.0,116.5,6.0,180.0,451.0,6.0,0.0,181.0,475.0,detector,6.0,0.0,181.0,475.0,0.411598265171051,0.958654,1,0.23489670100731755,0.1377043935392041,1.0590662724809066,LOW_CONFIDENCE,0.043436717001895886,0.17382765100046527,0.0,4.0746505979362615,1,0,0,0.0,0.0,1.0,0,0,0,0,1,5,2,DISABLED,nan,0,-1,0,0.0,0
2098,218.64855424800044,122.19842529296875,6.0,180.0,451.0,122.19842529296875,6.0,180.0,451.0,20.0,2.0,189.0,477.0,detector,20.0,2.0,189.0,477.0,0.3972223997116089,0.897045,1,0.2961558810274184,0.12264011314057915,1.1105321507760533,LOW_CONFIDENCE,0.050060007997672074,0.20202492200041888,0.0,3.537494385869818,1,0,0,5.69842529296875,0.0071230316162109375,1.0,0,0,0,0,1,5,2,DISABLED,nan,0,-1,0,0.0,0
2099,218.92589903299813,116.80157470703125,6.0,180.0,451.0,116.80157470703125,6.0,180.0,451.0,36.0,5.0,189.0,475.0,detector,36.0,5.0,189.0,475.0,0.4054047167301178,0.928977,1,0.3994636901986944,0.09636300430187042,1.1058758314855877,LOW_CONFIDENCE,0.06269928500114474,0.18223213299643248,0.0,3.605620347281137,1,0,0,5.3968505859375,0.006746063232421875,1.0,0,0,0,0,1,5,2,DISABLED,nan,0,-1,0,0.0,0
2100,219.2596581530015,99.40473937988281,6.0,180.0,451.0,99.40473937988281,6.0,180.0,451.0,62.0,0.0,172.0,477.0,detector,62.0,0.0,172.0,477.0,0.44277405738830566,0.834779,1,0.5920947348566923,0.05249036285232536,1.0106430155210644,LOW_CONFIDENCE,0.05407443199510453,0.24406837500282563,0.0,2.9961728086707486,1,0,0,17.396835327148438,0.021746044158935548,1.0,0,0,0,0,1,5,2,DISABLED,nan,0,-1,0,0.0,0
2101,219.50014555300004,110.89683532714844,6.0,180.0,451.0,110.89683532714844,6.0,180.0,451.0,58.0,0.0,185.0,480.0,detector,58.0,0.0,185.0,480.0,0.4843810796737671,0.810771,1,0.5396533741156662,0.06388577466599711,1.0938654841093864,LOW_CONFIDENCE,0.04773099199519493,0.16632537899567978,0.0,4.158222010825179,1,0,0,11.492095947265625,0.014365119934082031,1.0,0,0,0,0,1,5,2,DISABLED,nan,0,-1,0,0.0,0
2102,219.581359677999,104.80157470703125,6.0,180.0,451.0,104.80157470703125,6.0,180.0,451.0,74.38055114746093,2.0999999999999996,183.25,469.85,tracker,nan,nan,nan,nan,0.5011614561080933,nan,0,nan,nan,nan,TRACKING,0.04877482000301825,0.0,0.0,12.313129027899004,0,0,0,6.0952606201171875,0.007619075775146485,1.0,0,0,0,0,1,5,2,DISABLED,nan,0,-1,0,0.0,0
2103,219.8339785290009,104.5,6.0,180.0,451.0,104.5,6.0,180.0,451.0,61.0,0.0,182.0,480.0,detector,61.0,0.0,182.0,480.0,0.4792126715183258,0.851905,1,0.5888533275513427,0.05417708233192334,1.0761271249076128,LOW_CONFIDENCE,0.04507707000448136,0.1821697880004649,0.0,3.9585327699573996,1,0,0,0.30157470703125,0.0003769683837890625,1.0,0,0,0,0,1,5,2,DISABLED,nan,0,-1,0,0.0,0
2104,220.08939812699828,104.5,6.0,180.0,451.0,104.5,6.0,180.0,451.0,61.0,0.0,182.0,480.0,detector,61.0,0.0,182.0,480.0,0.4915708899497986,0.861892,1,0.5888533275513427,0.05417708233192334,1.0761271249076128,LOW_CONFIDENCE,0.045650262996787205,0.1684582980014966,0.0,3.915126356162478,1,0,0,0.0,0.0,1.0,0,0,0,0,1,5,2,DISABLED,nan,0,-1,0,0.0,0
2105,220.36375679600314,104.5,6.0,180.0,451.0,104.5,6.0,180.0,451.0,61.0,0.0,182.0,480.0,detector,61.0,0.0,182.0,480.0,0.49198150634765625,0.84261,1,0.5888533275513427,0.05417708233192334,1.0761271249076128,LOW_CONFIDENCE,0.041822405997663736,0.20242805800080532,0.0,3.6448638697188542,1,0,0,0.0,0.0,1.0,0,0,0,0,1,5,2,DISABLED,nan,0,-1,0,0.0,0
2106,220.64342361799936,104.5,6.0,180.0,451.0,104.5,6.0,180.0,451.0,59.0,0.0,183.0,480.0,detector,59.0,0.0,183.0,480.0,0.4820390045642853,0.80499,1,0.5795154545242156,0.056016878036891704,1.082039911308204,LOW_CONFIDENCE,0.04817459599871654,0.1921413410018431,0.0,3.575683353721277,1,0,0,0.0,0.0,1.0,0,0,0,0,1,5,2,DISABLED,nan,0,-1,0,0.0,0
2107,220.88771038500272,104.5,6.0,180.0,451.0,104.5,6.0,180.0,451.0,59.0,0.0,184.0,480.0,detector,59.0,0.0,184.0,480.0,0.47983646392822266,0.822071,1,0.5835719590980647,0.05540335053045078,1.0879526977087952,LOW_CONFIDENCE,0.044482160003099125,0.16948941699956777,0.0,4.093549610840151,1,0,0,0.0,0.0,1.0,0,0,0,0,1,5,2,DISABLED,nan,0,-1,0,0.0,0
2108,221.1574407080043,104.5,6.0,180.0,451.0,104.5,6.0,180.0,451.0,58.0,0.0,184.0,480.0,detector,58.0,0.0,184.0,480.0,0.4788481295108795,0.788434,1,0.5769275497150832,0.05663065645037147,1.0879526977087952,LOW_CONFIDENCE,0.04308196900092298,0.1915129920016625,0.0,3.707406675200503,1,0,0,0.0,0.0,1.0,0,0,0,0,1,5,2,DISABLED,nan,0,-1,0,0.0,0
2109,221.4316852589982,104.5,6.0,180.0,451.0,104.5,6.0,180.0,451.0,60.0,0.0,182.0,480.0,detector,60.0,0.0,182.0,480.0,0.48038381338119507,0.819266,1,0.5821266809039919,0.05540335053045078,1.0761271249076128,LOW_CONFIDENCE,0.05747582000185503,0.18460120399686275,0.0,3.6463805620781393,1,0,0,0.0,0.0,1.0,0,0,0,0,1,5,2,DISABLED,nan,0,-1,0,0.0,0
2110,221.7061266890014,104.5,6.0,180.0,451.0,104.5,6.0,180.0,451.0,59.0,0.0,183.0,480.0,detector,59.0,0.0,183.0,480.0,0.4790830612182617,0.803404,1,0.5795154545242156,0.056016878036891704,1.082039911308204,LOW_CONFIDENCE,0.04648174099565949,0.19709854899701895,0.0,3.643764718717258,1,0,0,0.0,0.0,1.0,0,0,0,0,1,5,2,DISABLED,nan,0,-1,0,0.0,0
2111,221.9318820000044,104.5,6.0,180.0,451.0,104.5,6.0,180.0,451.0,59.0,0.0,183.0,480.0,detector,59.0,0.0,183.0,480.0,0.4781082570552826,0.793801,1,0.5795154545242156,0.056016878036891704,1.082039911308204,LOW_CONFIDENCE,0.050490904999605846,0.14236618399445433,0.0,4.429574637943528,1,0,0,0.0,0.0,1.0,0,0,0,0,1,5,2,DISABLED,nan,0,-1,0,0.0,0
2112,222.42250720000447,104.5,6.0,180.0,451.0,104.5,6.0,180.0,451.0,59.0,0.0,184.0,480.0,detector,59.0,0.0,184.0,480.0,0.48966580629348755,0.811658,1,0.5835719590980647,0.05540335053045078,1.0879526977087952,LOW_CONFIDENCE,0.0445019000035245,0.4128560050012311,0.0,2.038215729644262,1,0,0,0.0,0.0,1.0,0,0,0,0,1,5,2,DISABLED,nan,0,-1,0,0.0,0
2113,222.7339706030034,104.5,6.0,180.0,451.0,104.5,6.0,180.0,451.0,60.0,0.0,183.0,480.0,detector,60.0,0.0,183.0,480.0,0.4935637414455414,0.847252,1,0.5862007479600024,0.054790082359857786,1.082039911308204,LOW_CONFIDENCE,0.046459865996439476,0.23951039600069635,0.0,3.2106500807847795,1,0,0,0.0,0.0,1.0,0,0,0,0,1,5,2,DISABLED,nan,0,-1,0,0.0,0
2114,222.96932349900453,110.19842529296875,0.30157470703125,180.0,451.0,110.19842529296875,0.30157470703125,180.0,451.0,42.0,1.0,182.0,479.0,detector,42.0,1.0,182.0,479.0,0.4315699636936188,0.883095,1,0.4375691910856355,0.0859839380708296,1.0738851933973885,LOW_CONFIDENCE,0.056716633996984456,0.14887462900514947,0.0,4.248938581130488,1,0,0,8.058790333486284,0.010073487916857854,1.0,0,0,0,0,1,5,2,DISABLED,nan,0,-1,0,0.0,0
2115,223.22508472100162,116.19842529296875,0.0,180.0,451.0,116.19842529296875,0.0,180.0,451.0,37.0,2.0,183.0,478.0,detector,37.0,2.0,183.0,478.0,0.4036512076854706,0.900439,1,0.3818764209324695,0.09903673003145606,1.0775314116777532,LOW_CONFIDENCE,0.06105908699828433,0.1625923169995076,0.0,3.9098968647067824,1,0,0,6.007574161333423,0.007509467701666779,1.0,0,0,0,0,1,5,2,DISABLED,nan,0,-1,0,0.0,0
2116,223.5048962350047,116.5,0.0,180.0,451.0,116.5,0.0,180.0,451.0,28.0,3.0,192.0,477.0,detector,28.0,3.0,192.0,477.0,0.41048115491867065,0.908786,1,0.3668470521219026,0.10504649268300204,1.128159645232816,LOW_CONFIDENCE,0.049397595998016186,0.19869848500093212,0.0,3.573834349036014,1,0,0,0.30157470703125,0.0003769683837890625,1.0,0,0,0,0,1,5,2,DISABLED,nan,0,-1,0,0.0,0
2117,223.7984105409996,116.5,0.0,180.0,451.0,116.5,0.0,180.0,451.0,31.0,3.0,194.0,474.0,detector,31.0,3.0,194.0,474.0,0.4216711223125458,0.896775,1,0.3903379159707054,0.09978492496364368,1.1327420546932743,LOW_CONFIDENCE,0.09489410499372752,0.1676585899986094,0.0,3.406988959568334,1,0,0,0.0,0.0,1.0,0,0,0,0,1,5,2,DISABLED,nan,0,-1,0,0.0,0
2118,224.08365229600167,110.80157470703125,0.0,180.0,451.0,110.80157470703125,0.0,180.0,451.0,61.0,0.0,175.0,467.0,detector,61.0,0.0,175.0,467.0,0.49203217029571533,0.786123,1,0.5304793231901537,0.06613734191101843,1.0067134762256713,LOW_CONFIDENCE,0.06411614300304791,0.18967065399920102,0.0,3.5057980904400607,1,0,0,5.69842529296875,0.0071230316162109375,1.0,0,0,0,0,1,5,2,DISABLED,nan,0,-1,0,0.0,0
2119,224.17674380300014,104.80157470703125,0.0,180.0,451.0,104.80157470703125,0.0,180.0,451.0,76.33055114746094,0.0,176.75,461.4,tracker,nan,nan,nan,nan,0.5781925916671753,nan,0,nan,nan,nan,TRACKING,0.060549803005415015,0.0,0.0,10.742118505144834,0,0,0,6.0,0.0075,1.0,0,0,0,0,1,5,2,DISABLED,nan,0,-1,0,0.0,0
2120,224.4534701349985,110.19842529296875,0.0,180.0,451.0,110.19842529296875,0.0,180.0,451.0,101.0,0.0,160.0,467.0,detector,101.0,0.0,160.0,467.0,0.6065443754196167,0.994635,1,0.7738386487482286,0.02599818304137156,1.0864561027837258,DETECTOR_CONFIRMED,0.05052725999848917,0.2003402449990972,0.0,3.6136785132754254,0,0,0,5.3968505859375,0.006746063232421875,1.0,0,0,0,0,1,5,2,DISABLED,nan,0,-1,0,0.0,0
2121,224.53458800799854,121.89683532714844,0.0,180.0,451.0,121.89683532714844,0.0,180.0,451.0,108.31389236450195,0.0,167.0,461.4,tracker,nan,nan,nan,nan,0.6669292449951172,nan,0,nan,nan,nan,TRACKING,0.04957265299890423,0.0,0.0,12.327739411997602,0,0,0,11.698410034179688,0.01462301254272461,1.0,0,0,0,0,1,5,2,DISABLED,nan,0,-1,0,0.0,0
2122,224.6050114969985,121.5,0.0,180.0,451.0,121.5,0.0,180.0,451.0,112.92903003692626,0.0,171.54999999999998,457.76,tracker,nan,nan,nan,nan,0.7155451774597168,nan,0,nan,nan,nan,TRACKING,0.04296613200131105,0.0,0.0,14.199807680654864,0,0,0,0.3968353271484375,0.0004960441589355469,1.0,0,0,0,0,1,5,2,DISABLED,nan,0,-1,0,0.0,0
2123,224.6842492709984,121.5,0.0,180.0,451.0,121.5,0.0,180.0,451.0,115.92886952400207,0.0,174.5075,455.394,tracker,nan,nan,nan,nan,0.6975017189979553,nan,0,nan,nan,nan,TRACKING,0.04901409699959913,0.0,0.0,12.620243471264052,0,0,0,0.0,0.0,1.0,0,0,0,0,1,5,2,DISABLED,nan,0,-1,0,0.0,0
2124,224.75287677699816,121.5,0.0,180.0,451.0,121.5,0.0,180.0,451.0,117.87876519060134,0.0,176.42987499999998,453.85609999999997,tracker,nan,nan,nan,nan,0.7083957195281982,nan,0,nan,nan,nan,TRACKING,0.04586130900133867,0.0,0.0,14.571416889367088,0,0,0,0.0,0.0,1.0,0,0,0,0,1,5,2,DISABLED,nan,0,-1,0,0.0,0
2125,224.82373631899827,121.5,0.0,180.0,451.0,121.5,0.0,180.0,451.0,119.14619737389089,0.0,177.67941875,452.85646499999996,tracker,nan,nan,nan,nan,0.6990384459495544,nan,0,nan,nan,nan,TRACKING,0.046438198995019775,0.0,0.0,14.112425394994556,0,0,0,0.0,0.0,1.0,0,0,0,0,1,5,2,DISABLED,nan,0,-1,0,0.0,0
2126,224.91378577100113,121.5,0.0,180.0,451.0,121.5,0.0,180.0,451.0,119.97002829302909,0.0,178.49162218749998,452.2067022499999,tracker,nan,nan,nan,nan,0.707370400428772,nan,0,nan,nan,nan,TRACKING,0.062277451004774775,0.0,0.0,11.105009278326909,0,0,0,0.0,0.0,1.0,0,0,0,0,1,5,2,DISABLED,nan,0,-1,0,0.0,0
2127,224.97888787600095,121.5,0.0,180.0,451.0,121.5,0.0,180.0,451.0,120.50551839046892,0.0,179.019554421875,451.7843564625,tracker,nan,nan,nan,nan,0.7003363370895386,nan,0,nan,nan,nan,TRACKING,0.04065805400023237,0.0,0.0,15.360486423637319,0,0,0,0.0,0.0,1.0,0,0,0,0,1,5,2,DISABLED,nan,0,-1,0,0.0,0
2128,225.05720166800165,121.5,0.0,180.0,451.0,121.5,0.0,180.0,451.0,120.85358695380481,0.0,179.36271037421875,451.509831700625,tracker,nan,nan,nan,nan,0.6934466361999512,nan,0,nan,nan,nan,TRACKING,0.049476713000331074,0.0,0.0,12.769142885981951,0,0,0,0.0,0.0,1.0,0,0,0,0,1,5,2,DISABLED,nan,0,-1,0,0.0,0
2129,225.12571245300205,121.5,0.0,180.0,451.0,121.5,0.0,180.0,451.0,121.07983151997311,0.0,179.5857617432422,451.3313906054062,tracker,nan,nan,nan,nan,0.6920366883277893,nan,0,nan,nan,nan,TRACKING,0.04085660000419011,0.0,0.0,14.596242036843975,0,0,0,0.0,0.0,1.0,0,0,0,0,1,5,2,DISABLED,nan,0,-1,0,0.0,0
2130,225.20527460900485,121.5,0.0,180.0,451.0,121.5,0.0,180.0,451.0,121.22689048798253,0.0,179.7307451331074,451.215403893514,tracker,nan,nan,nan,nan,0.6881568431854248,nan,0,nan,nan,nan,TRACKING,0.042899464002402965,0.0,0.0,12.568789613555516,0,0,0,0.0,0.0,1.0,0,0,0,0,1,5,2,DISABLED,nan,0,-1,0,0.0,0
2131,225.28846842000348,121.5,0.0,180.0,451.0,121.5,0.0,180.0,451.0,121.32247881718865,0.0,179.8249843365198,451.14001253078413,tracker,nan,nan,nan,nan,0.696771502494812,nan,0,nan,nan,nan,TRACKING,0.05364910999924177,0.0,0.0,12.020124910690608,0,0,0,0.0,0.0,1.0,0,0,0,0,1,5,2,DISABLED,nan,0,-1,0,0.0,0
2132,225.35657830900163,121.5,0.0,180.0,451.0,121.5,0.0,180.0,451.0,121.38461123117261,0.0,179.88623981873786,451.0910081450097,tracker,nan,nan,nan,nan,0.6955339312553406,nan,0,nan,nan,nan,TRACKING,0.040339295999729075,0.0,0.0,14.68215577369599,0,0,0,0.0,0.0,1.0,0,0,0,0,1,5,2,DISABLED,nan,0,-1,0,0.0,0
2133,225.43316273500386,121.5,0.0,180.0,451.0,121.5,0.0,180.0,451.0,121.42499730026219,0.0,179.9260558821796,451.05915529425636,tracker,nan,nan,nan,nan,0.6884412169456482,nan,0,nan,nan,nan,TRACKING,0.0524160050044884,0.0,0.0,13.057485081508762,0,0,0,0.0,0.0,1.0,0,0,0,0,1,5,2,DISABLED,nan,0,-1,0,0.0,0
2134,225.49291064299905,121.5,0.0,180.0,451.0,121.5,0.0,180.0,451.0,121.45124824517043,0.0,179.95193632341673,451.03845094126666,tracker,nan,nan,nan,nan,0.6924687623977661,nan,0,nan,nan,nan,TRACKING,0.03877738099981798,0.0,0.0,16.73698767964455,0,0,0,0.0,0.0,1.0,0,0,0,0,1,5,2,DISABLED,nan,0,-1,0,0.0,0
2135,225.57069332800165,121.5,0.0,180.0,451.0,121.5,0.0,180.0,451.0,121.46831135936077,0.0,179.96875861022087,451.0249931118233,tracker,nan,nan,nan,nan,0.6862776279449463,nan,0,nan,nan,nan,TRACKING,0.05345191599917598,0.0,0.0,12.856331714012363,0,0,0,0.0,0.0,1.0,0,0,0,0,1,5,2,DISABLED,nan,0,-1,0,0.0,0
2136,225.6533283220051,121.5,0.0,180.0,451.0,121.5,0.0,180.0,451.0,121.4794023835845,0.0,179.97969309664356,451.01624552268515,tracker,nan,nan,nan,nan,0.699145495891571,nan,0,nan,nan,nan,TRACKING,0.05383213499590056,0.0,0.0,12.101410692402016,0,0,0,0.0,0.0,1.0,0,0,0,0,1,5,2,DISABLED,nan,0,-1,0,0.0,0
2137,225.73526262200176,121.5,0.0,180.0,451.0,121.5,0.0,180.0,451.0,121.48661154932992,0.0,179.98680051281832,451.0105595897453,tracker,nan,nan,nan,nan,0.7068349719047546,nan,0,nan,nan,nan,TRACKING,0.046457887001452036,0.0,0.0,12.204900756349026,0,0,0,0.0,0.0,1.0,0,0,0,0,1,5,2,DISABLED,nan,0,-1,0,0.0,0
2138,225.80515094099974,121.5,0.0,180.0,451.0,121.5,0.0,180.0,451.0,121.49129750706444,0.0,179.99142033333192,451.0068637333344,tracker,nan,nan,nan,nan,0.7079845666885376,nan,0,nan,nan,nan,TRACKING,0.041793915996095166,0.0,0.0,14.308542748450833,0,0,0,0.0,0.0,1.0,0,0,0,0,1,5,2,DISABLED,nan,0,-1,0,0.0,0
2139,225.87814600599813,121.5,0.0,180.0,451.0,121.5,0.0,180.0,451.0,121.4943433795919,0.0,179.99442321666575,451.0044614266674,tracker,nan,nan,nan,nan,0.6988542079925537,nan,0,nan,nan,nan,TRACKING,0.043336663002264686,0.0,0.0,13.699556264824073,0,0,0,0.0,0.0,1.0,0,0,0,0,1,5,2,DISABLED,nan,0,-1,0,0.0,0
2140,226.10498879200168,121.5,0.0,180.0,451.0,121.5,0.0,180.0,451.0,121.4943433795919,0.0,179.99442321666575,451.0044614266674,held,nan,nan,nan,nan,0.6960095763206482,nan,0,nan,nan,nan,SUSPECTED_LOST,0.04665034000208834,0.15176204399904236,0.0,4.408339439034992,0,0,0,0.0,0.0,1.0,0,0,0,0,1,5,2,DISABLED,nan,0,-1,0,0.0,0
2141,226.18564358000003,127.19842529296875,0.0,180.0,451.0,127.19842529296875,0.0,180.0,451.0,123.49077204927379,0.0,179.99637509083274,451.00289992733383,tracker,nan,nan,nan,nan,0.6929489374160767,nan,0,nan,nan,nan,TRACKING,0.054129017000377644,0.0,0.0,12.398519974045309,0,0,0,5.69842529296875,0.0071230316162109375,1.0,0,0,0,0,1,5,2,DISABLED,nan,0,-1,0,0.0,0
2142,226.29496403699886,127.5,0.0,180.0,451.0,127.5,0.0,180.0,451.0,124.89400183202797,0.0,179.99764380904128,451.001884952767,tracker,nan,nan,nan,nan,0.678501546382904,nan,0,nan,nan,nan,TRACKING,0.08547970200015698,0.0,0.0,9.147418767291658,0,0,0,0.30157470703125,0.0003769683837890625,1.0,0,0,0,0,1,5,2,DISABLED,nan,0,-1,0,0.0,0
2143,226.3698059189992,127.5,0.0,180.0,451.0,127.5,0.0,180.0,451.0,125.80610119081818,0.0,179.99846847587682,451.0012252192986,tracker,nan,nan,nan,nan,0.6577247977256775,nan,0,nan,nan,nan,TRACKING,0.0494628059968818,0.0,0.0,13.361502587489941,0,0,0,0.0,0.0,1.0,0,0,0,0,1,5,2,DISABLED,nan,0,-1,0,0.0,0
2144,226.43463301700103,127.5,0.0,180.0,451.0,127.5,0.0,180.0,451.0,126.39896577403182,0.0,179.99900450931992,451.0007963925441,tracker,nan,nan,nan,nan,0.6487579345703125,nan,0,nan,nan,nan,TRACKING,0.04083279699989362,0.0,0.0,15.425648082713497,0,0,0,0.0,0.0,1.0,0,0,0,0,1,5,2,DISABLED,nan,0,-1,0,0.0,0
2145,226.51441241900466,121.80157470703125,0.0,180.0,451.0,121.80157470703125,0.0,180.0,451.0,124.78987890058163,0.0,179.99935293105796,451.00051765515366,tracker,nan,nan,nan,nan,0.6162657141685486,nan,0,nan,nan,nan,TRACKING,0.05022147099953145,0.0,0.0,12.534563745596644,0,0,0,5.69842529296875,0.0071230316162109375,1.0,0,0,0,0,1,5,2,DISABLED,nan,0,-1,0,0.0,0
2146,226.58358077199955,121.5,0.0,180.0,451.0,121.5,0.0,180.0,451.0,123.63842128537806,0.0,179.99957940518766,451.00033647584985,tracker,nan,nan,nan,nan,0.6185733079910278,nan,0,nan,nan,nan,TRACKING,0.04450564999569906,0.0,0.0,14.457478842583273,0,0,0,0.30157470703125,0.0003769683837890625,1.0,0,0,0,0,1,5,2,DISABLED,nan,0,-1,0,0.0,0
2147,226.65142789499805,121.5,0.0,180.0,451.0,121.5,0.0,180.0,451.0,122.88997383549574,0.0,179.99972661337196,451.00021870930243,tracker,nan,nan,nan,nan,0.6065360903739929,nan,0,nan,nan,nan,TRACKING,0.04256638300284976,0.0,0.0,14.739018484573002,0,0,0,0.0,0.0,1.0,0,0,0,0,1,5,2,DISABLED,nan,0,-1,0,0.0,0
2148,226.71742965800513,121.5,0.0,180.0,451.0,121.5,0.0,180.0,451.0,122.40348299307223,0.0,179.99982229869178,451.0001421610466,tracker,nan,nan,nan,nan,0.6052266955375671,nan,0,nan,nan,nan,TRACKING,0.04173886199714616,0.0,0.0,15.151110431591569,0,0,0,0.0,0.0,1.0,0,0,0,0,1,5,2,DISABLED,nan,0,-1,0,0.0,0
2149,226.79087301500113,121.5,0.0,180.0,451.0,121.5,0.0,180.0,451.0,122.08726394549694,0.0,179.99988449414965,451.00009240468034,tracker,nan,nan,nan,nan,0.5932587385177612,nan,0,nan,nan,nan,TRACKING,0.043666305995429866,0.0,0.0,13.615935339863835,0,0,0,0.0,0.0,1.0,0,0,0,0,1,5,2,DISABLED,nan,0,-1,0,0.0,0
2150,226.8582511679997,121.5,0.0,180.0,451.0,121.5,0.0,180.0,451.0,121.88172156457301,0.0,179.99992492119728,451.00006006304227,tracker,nan,nan,nan,nan,0.5860515236854553,nan,0,nan,nan,nan,TRACKING,0.042731595000077505,0.0,0.0,14.841606002782497,0,0,0,0.0,0.0,1.0,0,0,0,0,1,5,2,DISABLED,nan,0,-1,0,0.0,0
2151,226.93151587399916,121.5,0.0,180.0,451.0,121.5,0.0,180.0,451.0,121.74811901697245,0.0,179.99995119877823,451.0000390409775,tracker,nan,nan,nan,nan,0.5828717947006226,nan,0,nan,nan,nan,TRACKING,0.04887112400319893,0.0,0.0,13.649136870996589,0,0,0,0.0,0.0,1.0,0,0,0,0,1,5,2,DISABLED,nan,0,-1,0,0.0,0
2152,227.00795066099818,121.5,0.0,180.0,451.0,121.5,0.0,180.0,451.0,121.66127736103209,0.0,179.99996827920586,451.00002537663545,tracker,nan,nan,nan,nan,0.5642161965370178,nan,0,nan,nan,nan,TRACKING,0.042801388997759204,0.0,0.0,13.08304816775211,0,0,0,0.0,0.0,1.0,0,0,0,0,1,5,2,DISABLED,nan,0,-1,0,0.0,0
2153,227.0826086310044,121.5,0.0,180.0,451.0,121.5,0.0,180.0,451.0,121.60483028467087,0.0,179.9999793814838,451.00001649481305,tracker,nan,nan,nan,nan,0.5632954239845276,nan,0,nan,nan,nan,TRACKING,0.04918582000391325,0.0,0.0,13.39441723256839,0,0,0,0.0,0.0,1.0,0,0,0,0,1,5,2,DISABLED,nan,0,-1,0,0.0,0
2154,227.1532808769989,121.5,0.0,180.0,451.0,121.5,0.0,180.0,451.0,121.56813968503607,0.0,179.99998659796447,451.00001072162854,tracker,nan,nan,nan,nan,0.56466144323349,nan,0,nan,nan,nan,TRACKING,0.04289149500255007,0.0,0.0,14.149826228500023,0,0,0,0.0,0.0,1.0,0,0,0,0,1,5,2,DISABLED,nan,0,-1,0,0.0,0
2155,227.2277321760048,121.5,0.0,180.0,451.0,121.5,0.0,180.0,451.0,121.54429079527344,0.0,179.9999912886769,451.0000069690585,tracker,nan,nan,nan,nan,0.5531173944473267,nan,0,nan,nan,nan,TRACKING,0.04567177299759351,0.0,0.0,13.431599090311835,0,0,0,0.0,0.0,1.0,0,0,0,0,1,5,2,DISABLED,nan,0,-1,0,0.0,0
2156,227.29812613299873,121.5,0.0,180.0,451.0,121.5,0.0,180.0,451.0,121.52878901692773,0.0,179.99999433763998,451.0000045298881,tracker,nan,nan,nan,nan,0.5546554327011108,nan,0,nan,nan,nan,TRACKING,0.045555573000456207,0.0,0.0,14.20576485118028,0,0,0,0.0,0.0,1.0,0,0,0,0,1,5,2,DISABLED,nan,0,-1,0,0.0,0
2157,227.36278609200235,121.5,0.0,180.0,451.0,121.5,0.0,180.0,451.0,121.51871286100302,0.0,179.999996319466,451.00000294442725,tracker,nan,nan,nan,nan,0.5477132797241211,nan,0,nan,nan,nan,TRACKING,0.04155526399699738,0.0,0.0,15.465521714048874,0,0,0,0.0,0.0,1.0,0,0,0,0,1,5,2,DISABLED,nan,0,-1,0,0.0,0
2158,227.43151021600352,121.5,0.0,180.0,451.0,121.5,0.0,180.0,451.0,121.51216335965196,0.0,179.9999976076529,451.00000191387767,tracker,nan,nan,nan,nan,0.5436602234840393,nan,0,nan,nan,nan,TRACKING,0.044653257995378226,0.0,0.0,14.550931198236242,0,0,0,0.0,0.0,1.0,0,0,0,0,1,5,2,DISABLED,nan,0,-1,0,0.0,0
2159,227.49945781000133,121.5,0.0,180.0,451.0,121.5,0.0,180.0,451.0,121.50790618377377,0.0,179.99999844497438,451.0000012440205,tracker,nan,nan,nan,nan,0.546508252620697,nan,0,nan,nan,nan,TRACKING,0.04358422100631287,0.0,0.0,14.717224572104225,0,0,0,0.0,0.0,1.0,0,0,0,0,1,5,2,DISABLED,nan,0,-1,0,0.0,0
2160,227.84698706799827,121.5,0.0,180.0,451.0,121.5,0.0,180.0,451.0,278.0,7.0,126.0,325.0,detector,278.0,7.0,126.0,325.0,0.5408083200454712,0.759751,1,0.06670742625062777,0.1763618882440308,1.9824175824175825,DETECTOR_CONFIRMED,0.05259184299939079,0.26228982400061795,0.0,2.8774555724134383,0,0,0,0.0,0.0,1.0,0,0,0,0,1,5,2,DISABLED,nan,0,-1,0,0.0,0
2161,227.91648720100056,121.5,0.0,180.0,451.0,121.5,0.0,180.0,451.0,278.0,7.0,126.0,325.0,held,nan,nan,nan,nan,0.5579712390899658,nan,0,nan,nan,nan,TRACKING,0.03955901600420475,0.0,0.0,14.388461673404322,0,0,0,0.0,0.0,1.0,0,0,0,0,1,5,2,DISABLED,nan,0,-1,0,0.0,0
2162,227.98891532400012,121.5,0.0,180.0,451.0,121.5,0.0,180.0,451.0,278.0,7.0,126.0,325.0,held,nan,nan,nan,nan,0.5641729235649109,nan,0,nan,nan,nan,TRACKING,0.04427611300343415,0.0,0.0,13.80679159676908,0,0,0,0.0,0.0,1.0,0,0,0,0,1,5,2,DISABLED,nan,0,-1,0,0.0,0
2163,228.06889816799958,121.5,0.0,180.0,451.0,121.5,0.0,180.0,451.0,278.0,7.0,126.0,325.0,held,nan,nan,nan,nan,0.5506921410560608,nan,0,nan,nan,nan,TRACKING,0.05256720699981088,0.0,0.0,12.502681200067768,0,0,0,0.0,0.0,1.0,0,0,0,0,1,5,2,DISABLED,nan,0,-1,0,0.0,0
2164,228.14523154600465,121.5,0.0,180.0,451.0,121.5,0.0,180.0,451.0,278.0,7.0,126.0,325.0,held,nan,nan,nan,nan,0.572171688079834,nan,0,nan,nan,nan,TRACKING,0.0512873830011813,0.0,0.0,13.100429014598621,0,0,0,0.0,0.0,1.0,0,0,0,0,1,5,2,DISABLED,nan,0,-1,0,0.0,0
2165,228.21991503800382,121.5,0.0,180.0,451.0,121.5,0.0,180.0,451.0,278.0,7.0,126.0,325.0,held,nan,nan,nan,nan,0.5747261643409729,nan,0,nan,nan,nan,TRACKING,0.0488164880007389,0.0,0.0,13.389839886050769,0,0,0,0.0,0.0,1.0,0,0,0,0,1,5,2,DISABLED,nan,0,-1,0,0.0,0
2166,228.2962056539982,121.5,0.0,180.0,451.0,121.5,0.0,180.0,451.0,278.0,7.0,126.0,325.0,held,nan,nan,nan,nan,0.5672684907913208,nan,0,nan,nan,nan,TRACKING,0.05002224700001534,0.0,0.0,13.107771997460848,0,0,0,0.0,0.0,1.0,0,0,0,0,1,5,2,DISABLED,nan,0,-1,0,0.0,0
2167,228.41378058899863,121.5,0.0,180.0,451.0,121.5,0.0,180.0,451.0,278.0,7.0,126.0,325.0,held,nan,nan,nan,nan,0.5679253935813904,nan,0,nan,nan,nan,TRACKING,0.09482702000241261,0.0,0.0,8.505214142760865,0,0,0,0.0,0.0,1.0,0,0,0,0,1,5,2,DISABLED,nan,0,-1,0,0.0,0
2168,228.47580985700188,121.5,0.0,180.0,451.0,121.5,0.0,180.0,451.0,278.0,7.0,126.0,325.0,held,nan,nan,nan,nan,0.6080753803253174,nan,0,nan,nan,nan,TRACKING,0.03833825600304408,0.0,0.0,16.121421905989774,0,0,0,0.0,0.0,1.0,0,0,0,0,1,5,2,DISABLED,nan,0,-1,0,0.0,0
2169,228.5458516180006,121.5,0.0,180.0,451.0,121.5,0.0,180.0,451.0,278.0,7.0,126.0,325.0,held,nan,nan,nan,nan,0.6184647679328918,nan,0,nan,nan,nan,TRACKING,0.042993476999981795,0.0,0.0,14.277196714375544,0,0,0,0.0,0.0,1.0,0,0,0,0,1,5,2,DISABLED,nan,0,-1,0,0.0,0
2170,228.61948044800374,121.5,0.0,180.0,451.0,121.5,0.0,180.0,451.0,278.0,7.0,126.0,325.0,held,nan,nan,nan,nan,0.6143046617507935,nan,0,nan,nan,nan,TRACKING,0.04879289300151868,0.0,0.0,13.581636431779373,0,0,0,0.0,0.0,1.0,0,0,0,0,1,5,2,DISABLED,nan,0,-1,0,0.0,0
2171,228.706509980002,121.5,0.0,180.0,451.0,121.5,0.0,180.0,451.0,278.0,7.0,126.0,325.0,held,nan,nan,nan,nan,0.6204072833061218,nan,0,nan,nan,nan,TRACKING,0.04722686500463169,0.0,0.0,11.490352493448915,0,0,0,0.0,0.0,1.0,0,0,0,0,1,5,2,DISABLED,nan,0,-1,0,0.0,0
2172,228.77839173500251,121.5,0.0,180.0,451.0,121.5,0.0,180.0,451.0,278.0,7.0,126.0,325.0,held,nan,nan,nan,nan,0.6163964867591858,nan,0,nan,nan,nan,TRACKING,0.04730415799713228,0.0,0.0,13.911736016920925,0,0,0,0.0,0.0,1.0,0,0,0,0,1,5,2,DISABLED,nan,0,-1,0,0.0,0
2173,228.85531486700347,121.5,0.0,180.0,451.0,121.5,0.0,180.0,451.0,278.0,7.0,126.0,325.0,held,nan,nan,nan,nan,0.6157682538032532,nan,0,nan,nan,nan,TRACKING,0.051961723002023064,0.0,0.0,12.999990691844985,0,0,0,0.0,0.0,1.0,0,0,0,0,1,5,2,DISABLED,nan,0,-1,0,0.0,0
2174,228.9255670499988,121.5,0.0,180.0,451.0,121.5,0.0,180.0,451.0,278.0,7.0,126.0,325.0,held,nan,nan,nan,nan,0.6240423917770386,nan,0,nan,nan,nan,TRACKING,0.04303280000021914,0.0,0.0,14.234433114578652,0,0,0,0.0,0.0,1.0,0,0,0,0,1,5,2,DISABLED,nan,0,-1,0,0.0,0
2175,228.99046045300202,121.5,0.0,180.0,451.0,121.5,0.0,180.0,451.0,278.0,7.0,126.0,325.0,held,nan,nan,nan,nan,0.6218228936195374,nan,0,nan,nan,nan,TRACKING,0.0408041510017938,0.0,0.0,15.409886887120122,0,0,0,0.0,0.0,1.0,0,0,0,0,1,5,2,DISABLED,nan,0,-1,0,0.0,0
2176,229.0646960170052,121.5,0.0,180.0,451.0,121.5,0.0,180.0,451.0,278.0,7.0,126.0,325.0,held,nan,nan,nan,nan,0.6130775213241577,nan,0,nan,nan,nan,TRACKING,0.04553786299948115,0.0,0.0,13.470632484953375,0,0,0,0.0,0.0,1.0,0,0,0,0,1,5,2,DISABLED,nan,0,-1,0,0.0,0
2177,229.1301059949983,121.5,0.0,180.0,451.0,121.5,0.0,180.0,451.0,278.0,7.0,126.0,325.0,held,nan,nan,nan,nan,0.610767126083374,nan,0,nan,nan,nan,TRACKING,0.04128807000233792,0.0,0.0,15.288187378771017,0,0,0,0.0,0.0,1.0,0,0,0,0,1,5,2,DISABLED,nan,0,-1,0,0.0,0
2178,229.20382258800237,121.5,0.0,180.0,451.0,121.5,0.0,180.0,451.0,278.0,7.0,126.0,325.0,held,nan,nan,nan,nan,0.6067925095558167,nan,0,nan,nan,nan,TRACKING,0.04877033999946434,0.0,0.0,13.565466867749318,0,0,0,0.0,0.0,1.0,0,0,0,0,1,5,2,DISABLED,nan,0,-1,0,0.0,0
2179,229.26613504000125,121.5,0.0,180.0,451.0,121.5,0.0,180.0,451.0,278.0,7.0,126.0,325.0,held,nan,nan,nan,nan,0.6155791282653809,nan,0,nan,nan,nan,TRACKING,0.03783220100012841,0.0,0.0,16.048156795659544,0,0,0,0.0,0.0,1.0,0,0,0,0,1,5,2,DISABLED,nan,0,-1,0,0.0,0
2180,229.54034104900347,121.5,0.0,180.0,451.0,121.5,0.0,180.0,451.0,244.0,0.0,180.0,446.0,detector,244.0,0.0,180.0,446.0,0.621673583984375,0.893222,1,0.18882303132938189,0.15315688443553557,1.0112107623318385,DETECTOR_CONFIRMED,0.04552364399569342,0.19704000600177096,0.0,3.6468930919448797,0,0,0,0.0,0.0,1.0,0,0,0,0,1,5,2,DISABLED,nan,0,-1,0,0.0,0
2181,229.6073974739993,121.5,0.0,180.0,451.0,121.5,0.0,180.0,451.0,201.125,0.0,180.0,447.75,tracker,nan,nan,nan,nan,0.6128053069114685,nan,0,nan,nan,nan,TRACKING,0.04281571200408507,0.0,0.0,14.912814097414897,0,0,0,0.0,0.0,1.0,0,0,0,0,1,5,2,DISABLED,nan,0,-1,0,0.0,0
2182,229.67177362400253,121.5,0.0,180.0,451.0,121.5,0.0,180.0,451.0,173.25625000000002,0.0,180.0,448.88750000000005,tracker,nan,nan,nan,nan,0.6130799651145935,nan,0,nan,nan,nan,TRACKING,0.04026903300109552,0.0,0.0,15.533703086467172,0,0,0,0.0,0.0,1.0,0,0,0,0,1,5,2,DISABLED,nan,0,-1,0,0.0,0
2183,229.72972909099917,121.5,0.0,180.0,451.0,121.5,0.0,180.0,451.0,155.14156250000002,0.0,180.0,449.62687500000004,tracker,nan,nan,nan,nan,0.6125403642654419,nan,0,nan,nan,nan,TRACKING,0.033178751000377815,0.0,0.0,17.254627592904733,0,0,0,0.0,0.0,1.0,0,0,0,0,1,5,2,DISABLED,nan,0,-1,0,0.0,0
2184,229.8131565540025,121.5,0.0,180.0,451.0,121.5,0.0,180.0,451.0,143.36701562500002,0.0,180.0,450.10746875000007,tracker,nan,nan,nan,nan,0.6171482801437378,nan,0,nan,nan,nan,TRACKING,0.05216053000185639,0.0,0.0,11.986460621009547,0,0,0,0.0,0.0,1.0,0,0,0,0,1,5,2,DISABLED,nan,0,-1,0,0.0,0
2185,229.88185249899834,121.5,0.0,180.0,451.0,121.5,0.0,180.0,451.0,135.71356015625003,0.0,180.0,450.4198546875,tracker,nan,nan,nan,nan,0.6221315860748291,nan,0,nan,nan,nan,TRACKING,0.040651907002029475,0.0,0.0,14.556899975105944,0,0,0,0.0,0.0,1.0,0,0,0,0,1,5,2,DISABLED,nan,0,-1,0,0.0,0
2186,229.959901962,121.5,0.0,180.0,451.0,121.5,0.0,180.0,451.0,130.73881410156253,0.0,180.0,450.622905546875,tracker,nan,nan,nan,nan,0.6223015785217285,nan,0,nan,nan,nan,TRACKING,0.04766234400449321,0.0,0.0,12.812387959398345,0,0,0,0.0,0.0,1.0,0,0,0,0,1,5,2,DISABLED,nan,0,-1,0,0.0,0
2187,230.03178340400336,121.5,0.0,180.0,451.0,121.5,0.0,180.0,451.0,127.50522916601565,0.0,180.0,450.75488860546875,tracker,nan,nan,nan,nan,0.6242399215698242,nan,0,nan,nan,nan,TRACKING,0.04576427500433056,0.0,0.0,13.911796593524969,0,0,0,0.0,0.0,1.0,0,0,0,0,1,5,2,DISABLED,nan,0,-1,0,0.0,0
2188,230.0941983590019,121.5,0.0,180.0,451.0,121.5,0.0,180.0,451.0,125.40339895791018,0.0,180.0,450.8406775935547,tracker,nan,nan,nan,nan,0.6228010654449463,nan,0,nan,nan,nan,TRACKING,0.03647102100512711,0.0,0.0,16.021801185686105,0,0,0,0.0,0.0,1.0,0,0,0,0,1,5,2,DISABLED,nan,0,-1,0,0.0,0
2189,230.16559046700422,121.5,0.0,180.0,451.0,121.5,0.0,180.0,451.0,124.03720932264162,0.0,180.0,450.8964404358105,tracker,nan,nan,nan,nan,0.6212399005889893,nan,0,nan,nan,nan,TRACKING,0.04607386599673191,0.0,0.0,14.00715048177856,0,0,0,0.0,0.0,1.0,0,0,0,0,1,5,2,DISABLED,nan,0,-1,0,0.0,0
2190,230.25773689799826,121.5,0.0,180.0,451.0,121.5,0.0,180.0,451.0,123.14918605971704,0.0,180.0,450.9326862832769,tracker,nan,nan,nan,nan,0.6184165477752686,nan,0,nan,nan,nan,TRACKING,0.06357055600528838,0.0,0.0,10.852292261484731,0,0,0,0.0,0.0,1.0,0,0,0,0,1,5,2,DISABLED,nan,0,-1,0,0.0,0
2191,230.34084904000338,121.5,0.0,180.0,451.0,121.5,0.0,180.0,451.0,122.57197093881607,0.0,180.0,450.95624608412993,tracker,nan,nan,nan,nan,0.6164205074310303,nan,0,nan,nan,nan,TRACKING,0.050471529000787996,0.0,0.0,12.03193631970635,0,0,0,0.0,0.0,1.0,0,0,0,0,1,5,2,DISABLED,nan,0,-1,0,0.0,0
2192,230.4623378230026,121.5,0.0,180.0,451.0,121.5,0.0,180.0,451.0,122.19678111023043,0.0,180.0,450.9715599546845,tracker,nan,nan,nan,nan,0.6172935962677002,nan,0,nan,nan,nan,TRACKING,0.0911120300006587,0.0,0.0,8.23121258862559,0,0,0,0.0,0.0,1.0,0,0,0,0,1,5,2,DISABLED,nan,0,-1,0,0.0,0
2193,230.52884428700054,121.5,0.0,180.0,451.0,121.5,0.0,180.0,451.0,121.95290772164978,0.0,180.0,450.98151397054494,tracker,nan,nan,nan,nan,0.6641113758087158,nan,0,nan,nan,nan,TRACKING,0.04137317599816015,0.0,0.0,15.036132428134916,0,0,0,0.0,0.0,1.0,0,0,0,0,1,5,2,DISABLED,nan,0,-1,0,0.0,0
2194,230.61093057000107,121.5,0.0,180.0,451.0,121.5,0.0,180.0,451.0,121.79439001907235,0.0,180.0,450.9879840808542,tracker,nan,nan,nan,nan,0.6585870385169983,nan,0,nan,nan,nan,TRACKING,0.04182625999965239,0.0,0.0,12.18230334529191,0,0,0,0.0,0.0,1.0,0,0,0,0,1,5,2,DISABLED,nan,0,-1,0,0.0,0
2195,230.68304566400184,121.5,0.0,180.0,451.0,121.5,0.0,180.0,451.0,121.69135351239703,0.0,180.0,450.9921896525552,tracker,nan,nan,nan,nan,0.656966507434845,nan,0,nan,nan,nan,TRACKING,0.04481643900362542,0.0,0.0,13.866722547562604,0,0,0,0.0,0.0,1.0,0,0,0,0,1,5,2,DISABLED,nan,0,-1,0,0.0,0
2196,230.75771363500098,121.5,0.0,180.0,451.0,121.5,0.0,180.0,451.0,121.62437978305806,0.0,180.0,450.9949232741609,tracker,nan,nan,nan,nan,0.6567699313163757,nan,0,nan,nan,nan,TRACKING,0.048491478999494575,0.0,0.0,13.392623190624315,0,0,0,0.0,0.0,1.0,0,0,0,0,1,5,2,DISABLED,nan,0,-1,0,0.0,0
2197,230.82058250800037,121.5,0.0,180.0,451.0,121.5,0.0,180.0,451.0,121.58084685898774,0.0,180.0,450.99670012820457,tracker,nan,nan,nan,nan,0.6599288582801819,nan,0,nan,nan,nan,TRACKING,0.03594230999442516,0.0,0.0,15.906122573721506,0,0,0,0.0,0.0,1.0,0,0,0,0,1,5,2,DISABLED,nan,0,-1,0,0.0,0
2198,230.88893599699804,121.5,0.0,180.0,451.0,121.5,0.0,180.0,451.0,121.55255045834204,0.0,180.0,450.997855083333,tracker,nan,nan,nan,nan,0.6617818474769592,nan,0,nan,nan,nan,TRACKING,0.04316900199773954,0.0,0.0,14.629831112703672,0,0,0,0.0,0.0,1.0,0,0,0,0,1,5,2,DISABLED,nan,0,-1,0,0.0,0
2199,230.95932901700144,121.5,0.0,180.0,451.0,121.5,0.0,180.0,451.0,121.53415779792232,0.0,180.0,450.99860580416646,tracker,nan,nan,nan,nan,0.6545633673667908,nan,0,nan,nan,nan,TRACKING,0.045324213002459146,0.0,0.0,14.205953941907712,0,0,0,0.0,0.0,1.0,0,0,0,0,1,5,2,DISABLED,nan,0,-1,0,0.0,0
2200,231.27477476000058,121.5,0.0,180.0,451.0,121.5,0.0,180.0,451.0,245.0,2.0,167.0,393.0,detector,245.0,2.0,167.0,393.0,0.6609094142913818,0.847202,1,0.17819696404280674,0.15009372072142127,1.236915482013073,DETECTOR_CONFIRMED,0.038437529001384974,0.24716376600554213,0.0,3.1701172775145343,0,0,0,0.0,0.0,1.0,0,0,0,0,1,5,2,DISABLED,nan,0,-1,0,0.0,0
2201,231.3402767200023,121.5,0.0,180.0,451.0,121.5,0.0,180.0,451.0,201.775,1.3,171.54999999999998,413.3,tracker,nan,nan,nan,nan,0.6593995094299316,nan,0,nan,nan,nan,TRACKING,0.04051174800406443,0.0,0.0,15.26671873595652,0,0,0,0.0,0.0,1.0,0,0,0,0,1,5,2,DISABLED,nan,0,-1,0,0.0,0
2202,231.4228760879996,121.5,0.0,180.0,451.0,121.5,0.0,180.0,451.0,173.67875,0.8450000000000001,174.5075,426.495,tracker,nan,nan,nan,nan,0.6602625846862793,nan,0,nan,nan,nan,TRACKING,0.05838329099788098,0.0,0.0,12.10663016250281,0,0,0,0.0,0.0,1.0,0,0,0,0,1,5,2,DISABLED,nan,0,-1,0,0.0,0
2203,231.50318998299917,121.5,0.0,180.0,451.0,121.5,0.0,180.0,451.0,155.4161875,0.5492500000000001,176.42987499999998,435.07174999999995,tracker,nan,nan,nan,nan,0.6604425311088562,nan,0,nan,nan,nan,TRACKING,0.05392468899663072,0.0,0.0,12.451145595733392,0,0,0,0.0,0.0,1.0,0,0,0,0,1,5,2,DISABLED,nan,0,-1,0,0.0,0
2204,231.5689914809991,121.5,0.0,180.0,451.0,121.5,0.0,180.0,451.0,143.54552187500002,0.3570125000000001,177.67941875,440.6466375,tracker,nan,nan,nan,nan,0.6605077981948853,nan,0,nan,nan,nan,TRACKING,0.04327348300284939,0.0,0.0,15.1972224097557,0,0,0,0.0,0.0,1.0,0,0,0,0,1,5,2,DISABLED,nan,0,-1,0,0.0,0
2205,231.63784748299804,121.5,0.0,180.0,451.0,121.5,0.0,180.0,451.0,135.82958921875002,0.2320581250000001,178.49162218749998,444.270314375,tracker,nan,nan,nan,nan,0.6616032719612122,nan,0,nan,nan,nan,TRACKING,0.04420069399930071,0.0,0.0,14.523062201831312,0,0,0,0.0,0.0,1.0,0,0,0,0,1,5,2,DISABLED,nan,0,-1,0,0.0,0
2206,231.718342527005,121.5,0.0,180.0,451.0,121.5,0.0,180.0,451.0,130.8142329921875,0.15083778125000005,179.019554421875,446.62570434375004,tracker,nan,nan,nan,nan,0.6580445170402527,nan,0,nan,nan,nan,TRACKING,0.0481597000034526,0.0,0.0,12.423125079768386,0,0,0,0.0,0.0,1.0,0,0,0,0,1,5,2,DISABLED,nan,0,-1,0,0.0,0
2207,231.78845184200327,121.5,0.0,180.0,451.0,121.5,0.0,180.0,451.0,127.55425144492187,0.09804455781250004,179.36271037421875,448.1567078234375,tracker,nan,nan,nan,nan,0.655332088470459,nan,0,nan,nan,nan,TRACKING,0.04604579300212208,0.0,0.0,14.263439887050414,0,0,0,0.0,0.0,1.0,0,0,0,0,1,5,2,DISABLED,nan,0,-1,0,0.0,0
2208,231.8579636420036,121.5,0.0,180.0,451.0,121.5,0.0,180.0,451.0,125.43526343919922,0.06372896257812503,179.5857617432422,449.1518600852344,tracker,nan,nan,nan,nan,0.6581476926803589,nan,0,nan,nan,nan,TRACKING,0.044472942005086225,0.0,0.0,14.386046685530896,0,0,0,0.0,0.0,1.0,0,0,0,0,1,5,2,DISABLED,nan,0,-1,0,0.0,0
2209,231.9304633819993,121.5,0.0,180.0,451.0,121.5,0.0,180.0,451.0,124.05792123547948,0.041423825675781276,179.7307451331074,449.79870905540236,tracker,nan,nan,nan,nan,0.658675491809845,nan,0,nan,nan,nan,TRACKING,0.04471674900560174,0.0,0.0,13.79315291419558,0,0,0,0.0,0.0,1.0,0,0,0,0,1,5,2,DISABLED,nan,0,-1,0,0.0,0
2210,231.9987466090024,121.5,0.0,180.0,451.0,121.5,0.0,180.0,451.0,123.16264880306167,0.02692548668925783,179.8249843365198,450.21916088601154,tracker,nan,nan,nan,nan,0.658531904220581,nan,0,nan,nan,nan,TRACKING,0.043373382002755534,0.0,0.0,14.644884899102516,0,0,0,0.0,0.0,1.0,0,0,0,0,1,5,2,DISABLED,nan,0,-1,0,0.0,0
2211,232.07406944000104,121.5,0.0,180.0,451.0,121.5,0.0,180.0,451.0,122.58072172199007,0.01750156634801759,179.88623981873786,450.49245457590746,tracker,nan,nan,nan,nan,0.6598966717720032,nan,0,nan,nan,nan,TRACKING,0.049961151999013964,0.0,0.0,13.27618713664906,0,0,0,0.0,0.0,1.0,0,0,0,0,1,5,2,DISABLED,nan,0,-1,0,0.0,0
2212,232.1432262829985,121.5,0.0,180.0,451.0,121.5,0.0,180.0,451.0,122.20246911929354,0.011376018126211434,179.9260558821796,450.67009547433986,tracker,nan,nan,nan,nan,0.6589257121086121,nan,0,nan,nan,nan,TRACKING,0.04370755700074369,0.0,0.0,14.459885047623569,0,0,0,0.0,0.0,1.0,0,0,0,0,1,5,2,DISABLED,nan,0,-1,0,0.0,0
2213,232.21316345800005,121.5,0.0,180.0,451.0,121.5,0.0,180.0,451.0,121.95660492754081,0.007394411782037432,179.95193632341673,450.7855620583209,tracker,nan,nan,nan,nan,0.658466100692749,nan,0,nan,nan,nan,TRACKING,0.045198219995654654,0.0,0.0,14.298547231539693,0,0,0,0.0,0.0,1.0,0,0,0,0,1,5,2,DISABLED,nan,0,-1,0,0.0,0
2214,232.29875467300008,121.5,0.0,180.0,451.0,121.5,0.0,180.0,451.0,121.79679320290154,0.0048063676583243314,179.96875861022087,450.8606153379086,tracker,nan,nan,nan,nan,0.6579189896583557,nan,0,nan,nan,nan,TRACKING,0.044833731997641735,0.0,0.0,11.683442044837669,0,0,0,0.0,0.0,1.0,0,0,0,0,1,5,2,DISABLED,nan,0,-1,0,0.0,0
2215,232.37093299800472,121.5,0.0,180.0,451.0,121.5,0.0,180.0,451.0,121.69291558188601,0.0031241389779108155,179.97969309664356,450.9093999696406,tracker,nan,nan,nan,nan,0.6579000949859619,nan,0,nan,nan,nan,TRACKING,0.047614322997105774,0.0,0.0,13.854574762377425,0,0,0,0.0,0.0,1.0,0,0,0,0,1,5,2,DISABLED,nan,0,-1,0,0.0,0
2216,232.4524789019997,121.5,0.0,180.0,451.0,121.5,0.0,180.0,451.0,121.6253951282259,0.00203069033564203,179.98680051281832,450.94110998026645,tracker,nan,nan,nan,nan,0.6549031138420105,nan,0,nan,nan,nan,TRACKING,0.05584067500603851,0.0,0.0,12.26303163015279,0,0,0,0.0,0.0,1.0,0,0,0,0,1,5,2,DISABLED,nan,0,-1,0,0.0,0
2217,232.5672155370048,121.5,0.0,180.0,451.0,121.5,0.0,180.0,451.0,121.58150683334685,0.0013199487181673197,179.99142033333192,450.96172148717324,tracker,nan,nan,nan,nan,0.6566336154937744,nan,0,nan,nan,nan,TRACKING,0.09012372400320601,0.0,0.0,8.715612061967276,0,0,0,0.0,0.0,1.0,0,0,0,0,1,5,2,DISABLED,nan,0,-1,0,0.0,0
2218,232.63336037700356,121.5,0.0,180.0,451.0,121.5,0.0,180.0,451.0,121.55297944167546,0.0008579666668087579,179.99442321666575,450.97511896666265,tracker,nan,nan,nan,nan,0.6858222484588623,nan,0,nan,nan,nan,TRACKING,0.03877545399882365,0.0,0.0,15.118337273459538,0,0,0,0.0,0.0,1.0,0,0,0,0,1,5,2,DISABLED,nan,0,-1,0,0.0,0
2219,232.6991535940033,121.5,0.0,180.0,451.0,121.5,0.0,180.0,451.0,121.53443663708904,0.0005576783334256927,179.99637509083274,450.9838273283307,tracker,nan,nan,nan,nan,0.6892582774162292,nan,0,nan,nan,nan,TRACKING,0.040377682002144866,0.0,0.0,15.199135193586951,0,0,0,0.0,0.0,1.0,0,0,0,0,1,5,2,DISABLED,nan,0,-1,0,0.0,0
2220,232.9760535250025,121.5,0.0,180.0,451.0,121.5,0.0,180.0,451.0,247.0,2.0,165.0,397.0,detector,247.0,2.0,165.0,397.0,0.6881839036941528,0.829154,1,0.1730248663518555,0.1507740445169526,1.2392947103274559,DETECTOR_CONFIRMED,0.04707691300427541,0.196076752996305,0.0,3.611412962045355,0,0,0,0.0,0.0,1.0,0,0,0,0,1,5,2,DISABLED,nan,0,-1,0,0.0,0
2221,233.05032471500454,121.5,0.0,180.0,451.0,121.5,0.0,180.0,451.0,203.07500000000002,1.3,170.25,415.9,tracker,nan,nan,nan,nan,0.6890782713890076,nan,0,nan,nan,nan,TRACKING,0.043956729998171795,0.0,0.0,13.464170965519427,0,0,0,0.0,0.0,1.0,0,0,0,0,1,5,2,DISABLED,nan,0,-1,0,0.0,0
2222,233.12129264500254,121.5,0.0,180.0,451.0,121.5,0.0,180.0,451.0,174.52375000000004,0.8450000000000001,173.6625,428.18499999999995,tracker,nan,nan,nan,nan,0.6949306130409241,nan,0,nan,nan,nan,TRACKING,0.0472946790032438,0.0,0.0,14.090871750495012,0,0,0,0.0,0.0,1.0,0,0,0,0,1,5,2,DISABLED,nan,0,-1,0,0.0,0
2223,233.18677215600474,121.5,0.0,180.0,451.0,121.5,0.0,180.0,451.0,155.96543750000004,0.5492500000000001,175.88062499999998,436.17025,tracker,nan,nan,nan,nan,0.6954098343849182,nan,0,nan,nan,nan,TRACKING,0.04098389499995392,0.0,0.0,15.27195277873222,0,0,0,0.0,0.0,1.0,0,0,0,0,1,5,2,DISABLED,nan,0,-1,0,0.0,0
2224,233.26358070200513,121.5,0.0,180.0,451.0,121.5,0.0,180.0,451.0,143.90253437500002,0.3570125000000001,177.32240624999997,441.3606625,tracker,nan,nan,nan,nan,0.6953938007354736,nan,0,nan,nan,nan,TRACKING,0.046569295998779126,0.0,0.0,13.019384587684838,0,0,0,0.0,0.0,1.0,0,0,0,0,1,5,2,DISABLED,nan,0,-1,0,0.0,0
2225,233.3392958350014,121.5,0.0,180.0,451.0,121.5,0.0,180.0,451.0,136.06164734375002,0.2320581250000001,178.25956406249998,444.73443062499996,tracker,nan,nan,nan,nan,0.700926661491394,nan,0,nan,nan,nan,TRACKING,0.04389662500034319,0.0,0.0,13.207399372187929,0,0,0,0.0,0.0,1.0,0,0,0,0,1,5,2,DISABLED,nan,0,-1,0,0.0,0
2226,233.4170041430043,121.5,0.0,180.0,451.0,121.5,0.0,180.0,451.0,130.96507077343753,0.15083778125000005,178.86871664062497,446.92737990624994,tracker,nan,nan,nan,nan,0.7009295225143433,nan,0,nan,nan,nan,TRACKING,0.04962286200316157,0.0,0.0,12.868636902537279,0,0,0,0.0,0.0,1.0,0,0,0,0,1,5,2,DISABLED,nan,0,-1,0,0.0,0
2227,233.48502757200185,121.5,0.0,180.0,451.0,121.5,0.0,180.0,451.0,127.6522960027344,0.09804455781250004,179.26466581640622,448.3527969390625,tracker,nan,nan,nan,nan,0.7024853229522705,nan,0,nan,nan,nan,TRACKING,0.043146397001692094,0.0,0.0,14.700817273354968,0,0,0,0.0,0.0,1.0,0,0,0,0,1,5,2,DISABLED,nan,0,-1,0,0.0,0
2228,233.55352075200062,121.5,0.0,180.0,451.0,121.5,0.0,180.0,451.0,125.49899240177737,0.06372896257812503,179.52203278066403,449.2793180103906,tracker,nan,nan,nan,nan,0.7003242373466492,nan,0,nan,nan,nan,TRACKING,0.044818627000495326,0.0,0.0,14.59999375146528,0,0,0,0.0,0.0,1.0,0,0,0,0,1,5,2,DISABLED,nan,0,-1,0,0.0,0
2229,233.6204263930049,121.5,0.0,180.0,451.0,121.5,0.0,180.0,451.0,124.0993450611553,0.041423825675781276,179.6893213074316,449.88155670675394,tracker,nan,nan,nan,nan,0.7014909982681274,nan,0,nan,nan,nan,TRACKING,0.042204862998914905,0.0,0.0,14.946422827578926,0,0,0,0.0,0.0,1.0,0,0,0,0,1,5,2,DISABLED,nan,0,-1,0,0.0,0
2230,233.7061642780027,121.5,0.0,180.0,451.0,121.5,0.0,180.0,451.0,123.18957428975094,0.02692548668925783,179.79805884983054,450.27301185939007,tracker,nan,nan,nan,nan,0.7025575041770935,nan,0,nan,nan,nan,TRACKING,0.057303107001644094,0.0,0.0,11.663455426101155,0,0,0,0.0,0.0,1.0,0,0,0,0,1,5,2,DISABLED,nan,0,-1,0,0.0,0
2231,233.7724994349992,121.5,0.0,180.0,451.0,121.5,0.0,180.0,451.0,122.59822328833812,0.01750156634801759,179.86873825238985,450.5274577086035,tracker,nan,nan,nan,nan,0.7006688117980957,nan,0,nan,nan,nan,TRACKING,0.04164859899901785,0.0,0.0,15.0749624373805,0,0,0,0.0,0.0,1.0,0,0,0,0,1,5,2,DISABLED,nan,0,-1,0,0.0,0
2232,233.85183622199838,121.5,0.0,180.0,451.0,121.5,0.0,180.0,451.0,122.21384513741978,0.011376018126211434,179.9146798640534,450.6928475105923,tracker,nan,nan,nan,nan,0.6942961812019348,nan,0,nan,nan,nan,TRACKING,0.05537613200431224,0.0,0.0,12.60449329779611,0,0,0,0.0,0.0,1.0,0,0,0,0,1,5,2,DISABLED,nan,0,-1,0,0.0,0
2233,233.9240713190011,121.5,0.0,180.0,451.0,121.5,0.0,180.0,451.0,121.96399933932287,0.007394411782037432,179.9445419116347,450.80035088188504,tracker,nan,nan,nan,nan,0.6932018399238586,nan,0,nan,nan,nan,TRACKING,0.04725223000423284,0.0,0.0,13.84368598498,0,0,0,0.0,0.0,1.0,0,0,0,0,1,5,2,DISABLED,nan,0,-1,0,0.0,0
2234,233.99732545300503,121.5,0.0,180.0,451.0,121.5,0.0,180.0,451.0,121.80159957055986,0.0048063676583243314,179.96395224256256,450.87022807322523,tracker,nan,nan,nan,nan,0.695693850517273,nan,0,nan,nan,nan,TRACKING,0.04824543200084008,0.0,0.0,13.651106706771408,0,0,0,0.0,0.0,1.0,0,0,0,0,1,5,2,DISABLED,nan,0,-1,0,0.0,0
2235,234.06588030100102,121.5,0.0,180.0,451.0,121.5,0.0,180.0,451.0,121.69603972086392,0.0031241389779108155,179.97656895766565,450.91564824759644,tracker,nan,nan,nan,nan,0.6962826251983643,nan,0,nan,nan,nan,TRACKING,0.04100509299314581,0.0,0.0,14.586860437041434,0,0,0,0.0,0.0,1.0,0,0,0,0,1,5,2,DISABLED,nan,0,-1,0,0.0,0
2236,234.12926715500362,121.5,0.0,180.0,451.0,121.5,0.0,180.0,451.0,121.62742581856156,0.00203069033564203,179.98476982248266,450.9451713609377,tracker,nan,nan,nan,nan,0.6932271122932434,nan,0,nan,nan,nan,TRACKING,0.03984449199924711,0.0,0.0,15.776141847313623,0,0,0,0.0,0.0,1.0,0,0,0,0,1,5,2,DISABLED,nan,0,-1,0,0.0,0
2237,234.18903584600048,121.5,0.0,180.0,451.0,121.5,0.0,180.0,451.0,121.58282678206501,0.0013199487181673197,179.99010038461373,450.96436138460956,tracker,nan,nan,nan,nan,0.6950111985206604,nan,0,nan,nan,nan,TRACKING,0.04263018699566601,0.0,0.0,16.731167829198565,0,0,0,0.0,0.0,1.0,0,0,0,0,1,5,2,DISABLED,nan,0,-1,0,0.0,0
2238,234.27152667000337,121.5,0.0,180.0,451.0,121.5,0.0,180.0,451.0,121.55383740834225,0.0008579666668087579,179.9935652499989,450.9768348999962,tracker,nan,nan,nan,nan,0.693020224571228,nan,0,nan,nan,nan,TRACKING,0.04402365900023142,0.0,0.0,12.12256044338917,0,0,0,0.0,0.0,1.0,0,0,0,0,1,5,2,DISABLED,nan,0,-1,0,0.0,0
2239,234.33661804599978,121.5,0.0,180.0,451.0,121.5,0.0,180.0,451.0,121.53499431542247,0.0005576783334256927,179.9958174124993,450.9849426849976,tracker,nan,nan,nan,nan,0.6918642520904541,nan,0,nan,nan,nan,TRACKING,0.03945260600448819,0.0,0.0,15.363018290703321,0,0,0,0.0,0.0,1.0,0,0,0,0,1,5,2,DISABLED,nan,0,-1,0,0.0,0
2240,234.79824079800164,121.5,0.0,180.0,451.0,121.5,0.0,180.0,451.0,244.0,3.0,166.0,364.0,detector,244.0,3.0,166.0,364.0,0.695950448513031,0.807562,1,0.17344249796973665,0.1529935660411901,1.3435058916986629,DETECTOR_CONFIRMED,0.051811876001011115,0.3706327039981261,0.0,2.166271042021721,0,0,0,0.0,0.0,1.0,0,0,0,0,1,5,2,DISABLED,nan,0,-1,0,0.0,0
2241,234.90267618500366,121.5,0.0,180.0,451.0,121.5,0.0,180.0,451.0,201.125,1.9500000000000002,170.9,394.45,tracker,nan,nan,nan,nan,0.6871940493583679,nan,0,nan,nan,nan,TRACKING,0.05036053699586773,0.0,0.0,9.575298456841296,0,0,0,0.0,0.0,1.0,0,0,0,0,1,5,2,DISABLED,nan,0,-1,0,0.0,0
2242,235.02197413200338,121.5,0.0,180.0,451.0,121.5,0.0,180.0,451.0,173.25625000000002,1.2675,174.085,414.24249999999995,tracker,nan,nan,nan,nan,0.6766069531440735,nan,0,nan,nan,nan,TRACKING,0.09316859200043837,0.0,0.0,8.38237392301751,0,0,0,0.0,0.0,1.0,0,0,0,0,1,5,2,DISABLED,nan,0,-1,0,0.0,0
2243,235.10097387900169,121.5,0.0,180.0,451.0,121.5,0.0,180.0,451.0,155.14156250000002,0.823875,176.15525,427.107625,tracker,nan,nan,nan,nan,0.7111944556236267,nan,0,nan,nan,nan,TRACKING,0.048148345995286945,0.0,0.0,12.658268386877726,0,0,0,0.0,0.0,1.0,0,0,0,0,1,5,2,DISABLED,nan,0,-1,0,0.0,0
2244,235.18362095700286,121.5,0.0,180.0,451.0,121.5,0.0,180.0,451.0,143.36701562500002,0.53551875,177.5009125,435.46995625,tracker,nan,nan,nan,nan,0.7034230828285217,nan,0,nan,nan,nan,TRACKING,0.05478939800377702,0.0,0.0,12.09964132048086,0,0,0,0.0,0.0,1.0,0,0,0,0,1,5,2,DISABLED,nan,0,-1,0,0.0,0
2245,235.25486712300335,121.5,0.0,180.0,451.0,121.5,0.0,180.0,451.0,135.71356015625003,0.34808718750000006,178.375593125,440.9054715625,tracker,nan,nan,nan,nan,0.704455554485321,nan,0,nan,nan,nan,TRACKING,0.04163313000026392,0.0,0.0,14.035842995300198,0,0,0,0.0,0.0,1.0,0,0,0,0,1,5,2,DISABLED,nan,0,-1,0,0.0,0
2246,235.33534466700075,121.5,0.0,180.0,451.0,121.5,0.0,180.0,451.0,130.73881410156253,0.22625667187500004,178.94413553125,444.438556515625,tracker,nan,nan,nan,nan,0.7073518633842468,nan,0,nan,nan,nan,TRACKING,0.05161687099462142,0.0,0.0,12.425826514192098,0,0,0,0.0,0.0,1.0,0,0,0,0,1,5,2,DISABLED,nan,0,-1,0,0.0,0
2247,235.41021212300257,121.5,0.0,180.0,451.0,121.5,0.0,180.0,451.0,127.50522916601565,0.14706683671875004,179.3136880953125,446.73506173515625,tracker,nan,nan,nan,nan,0.7073557376861572,nan,0,nan,nan,nan,TRACKING,0.04707560999668203,0.0,0.0,13.35693842696888,0,0,0,0.0,0.0,1.0,0,0,0,0,1,5,2,DISABLED,nan,0,-1,0,0.0,0
2248,235.4743258180024,121.5,0.0,180.0,451.0,121.5,0.0,180.0,451.0,125.40339895791018,0.09559344386718753,179.55389726195313,448.22779012785156,tracker,nan,nan,nan,nan,0.6883514523506165,nan,0,nan,nan,nan,TRACKING,0.03771438600233523,0.0,0.0,15.597291655123138,0,0,0,0.0,0.0,1.0,0,0,0,0,1,5,2,DISABLED,nan,0,-1,0,0.0,0
2249,235.54471670299972,121.5,0.0,180.0,451.0,121.5,0.0,180.0,451.0,124.03720932264162,0.0621357385136719,179.71003322026954,449.1980635831035,tracker,nan,nan,nan,nan,0.6783207654953003,nan,0,nan,nan,nan,TRACKING,0.03973646799568087,0.0,0.0,14.20638481868822,0,0,0,0.0,0.0,1.0,0,0,0,0,1,5,2,DISABLED,nan,0,-1,0,0.0,0
2250,235.62962774400512,121.5,0.0,180.0,451.0,121.5,0.0,180.0,451.0,123.14918605971704,0.04038823003388674,179.8115215931752,449.82874132901725,tracker,nan,nan,nan,nan,0.6613726019859314,nan,0,nan,nan,nan,TRACKING,0.042772116998094134,0.0,0.0,11.777031445609362,0,0,0,0.0,0.0,1.0,0,0,0,0,1,5,2,DISABLED,nan,0,-1,0,0.0,0
2251,235.6986101549992,121.5,0.0,180.0,451.0,121.5,0.0,180.0,451.0,122.57197093881607,0.02625234952202638,179.87748903556388,450.2386818638612,tracker,nan,nan,nan,nan,0.6647457480430603,nan,0,nan,nan,nan,TRACKING,0.04123197400622303,0.0,0.0,14.496448958358425,0,0,0,0.0,0.0,1.0,0,0,0,0,1,5,2,DISABLED,nan,0,-1,0,0.0,0
2252,235.75996039600432,121.5,0.0,180.0,451.0,121.5,0.0,180.0,451.0,122.19678111023043,0.017064027189317148,179.92036787311653,450.5051432115098,tracker,nan,nan,nan,nan,0.6556152701377869,nan,0,nan,nan,nan,TRACKING,0.03739297200081637,0.0,0.0,16.299854468646465,0,0,0,0.0,0.0,1.0,0,0,0,0,1,5,2,DISABLED,nan,0,-1,0,0.0,0
2253,235.82758605400159,121.5,0.0,180.0,451.0,121.5,0.0,180.0,451.0,121.95290772164978,0.011091617673056147,179.94823911752573,450.6783430874814,tracker,nan,nan,nan,nan,0.657127320766449,nan,0,nan,nan,nan,TRACKING,0.040035225996689405,0.0,0.0,14.787286802301994,0,0,0,0.0,0.0,1.0,0,0,0,0,1,5,2,DISABLED,nan,0,-1,0,0.0,0
2254,235.89606173500215,121.5,0.0,180.0,451.0,121.5,0.0,180.0,451.0,121.79439001907235,0.007209551487486495,179.96635542639171,450.79092300686295,tracker,nan,nan,nan,nan,0.651369571685791,nan,0,nan,nan,nan,TRACKING,0.04387292599858483,0.0,0.0,14.603724787954524,0,0,0,0.0,0.0,1.0,0,0,0,0,1,5,2,DISABLED,nan,0,-1,0,0.0,0
2255,235.97142222300317,121.5,0.0,180.0,451.0,121.5,0.0,180.0,451.0,121.69135351239703,0.004686208466866222,179.9781310271546,450.8640999544609,tracker,nan,nan,nan,nan,0.6395139098167419,nan,0,nan,nan,nan,TRACKING,0.04954921500029741,0.0,0.0,13.269553137532858,0,0,0,0.0,0.0,1.0,0,0,0,0,1,5,2,DISABLED,nan,0,-1,0,0.0,0
2256,236.04771950600116,121.5,0.0,180.0,451.0,121.5,0.0,180.0,451.0,121.62437978305806,0.003046035503463044,179.98578516765048,450.91166497039956,tracker,nan,nan,nan,nan,0.6438463926315308,nan,0,nan,nan,nan,TRACKING,0.052175426004396286,0.0,0.0,13.106626615084277,0,0,0,0.0,0.0,1.0,0,0,0,0,1,5,2,DISABLED,nan,0,-1,0,0.0,0
2257,236.1147620250049,121.5,0.0,180.0,451.0,121.5,0.0,180.0,451.0,121.58084685898774,0.001979923077250979,179.9907603589728,450.94258223075974,tracker,nan,nan,nan,nan,0.6441013216972351,nan,0,nan,nan,nan,TRACKING,0.042291324003599584,0.0,0.0,14.915907320610824,0,0,0,0.0,0.0,1.0,0,0,0,0,1,5,2,DISABLED,nan,0,-1,0,0.0,0
2258,236.19089946000167,121.5,0.0,180.0,451.0,121.5,0.0,180.0,451.0,121.55255045834204,0.0012869500002131362,179.99399423333233,450.96267844999386,tracker,nan,nan,nan,nan,0.6440445184707642,nan,0,nan,nan,nan,TRACKING,0.04906227500032401,0.0,0.0,13.134143539801146,0,0,0,0.0,0.0,1.0,0,0,0,0,1,5,2,DISABLED,nan,0,-1,0,0.0,0
2259,236.26842411800317,121.5,0.0,180.0,451.0,121.5,0.0,180.0,451.0,121.53415779792232,0.0008365175001385385,179.99609625166602,450.97574099249596,tracker,nan,nan,nan,nan,0.6496208310127258,nan,0,nan,nan,nan,TRACKING,0.05257324899866944,0.0,0.0,12.89912172177184,0,0,0,0.0,0.0,1.0,0,0,0,0,1,5,2,DISABLED,nan,0,-1,0,0.0,0
2260,236.75163460100157,121.5,0.0,180.0,451.0,121.5,0.0,180.0,451.0,121.53415779792232,0.0008365175001385385,179.99609625166602,450.97574099249596,held,nan,nan,nan,nan,0.6481292247772217,nan,0,nan,nan,nan,SUSPECTED_LOST,0.047266970002965536,0.4083607370048412,0.0,2.0694915263320297,0,0,0,0.0,0.0,1.0,0,0,0,0,1,5,2,DISABLED,nan,0,-1,0,0.0,0
2261,236.8364245970006,121.5,0.0,180.0,451.0,121.5,0.0,180.0,451.0,121.5222025686495,0.00054373637509005,179.9974625635829,450.98423164512235,tracker,nan,nan,nan,nan,0.6520233750343323,nan,0,nan,nan,nan,TRACKING,0.04687935599940829,0.0,0.0,11.793844170149391,0,0,0,0.0,0.0,1.0,0,0,0,0,1,5,2,DISABLED,nan,0,-1,0,0.0,0
2262,236.92649519500264,121.5,0.0,180.0,451.0,121.5,0.0,180.0,451.0,121.51443166962218,0.0003534286438085325,179.9983506663289,450.98975056932954,tracker,nan,nan,nan,nan,0.650209903717041,nan,0,nan,nan,nan,TRACKING,0.062109790997055825,0.0,0.0,11.102402139898711,0,0,0,0.0,0.0,1.0,0,0,0,0,1,5,2,DISABLED,nan,0,-1,0,0.0,0
2263,236.99640440100484,121.5,0.0,180.0,451.0,121.5,0.0,180.0,451.0,121.50938058525443,0.00022972861847554615,179.99892793311378,450.99333787006424,tracker,nan,nan,nan,nan,0.6432356834411621,nan,0,nan,nan,nan,TRACKING,0.04517660499550402,0.0,0.0,14.30426773790875,0,0,0,0.0,0.0,1.0,0,0,0,0,1,5,2,DISABLED,nan,0,-1,0,0.0,0
2264,237.07273626800452,121.5,0.0,180.0,451.0,121.5,0.0,180.0,451.0,121.50609738041538,0.000149323602009105,179.99930315652395,450.9956696155417,tracker,nan,nan,nan,nan,0.6470334529876709,nan,0,nan,nan,nan,TRACKING,0.050832996996177826,0.0,0.0,13.100688340351793,0,0,0,0.0,0.0,1.0,0,0,0,0,1,5,2,DISABLED,nan,0,-1,0,0.0,0
2265,237.1561964920038,121.5,0.0,180.0,451.0,121.5,0.0,180.0,451.0,121.50396329726999,9.706034130591826e-05,179.99954705174056,450.9971852501021,tracker,nan,nan,nan,nan,0.65533447265625,nan,0,nan,nan,nan,TRACKING,0.04733275299804518,0.0,0.0,11.981755524746786,0,0,0,0.0,0.0,1.0,0,0,0,0,1,5,2,DISABLED,nan,0,-1,0,0.0,0
2266,237.23512003900396,121.5,0.0,180.0,451.0,121.5,0.0,180.0,451.0,121.5025761432255,6.308922184884687e-05,179.99970558363137,450.9981704125664,tracker,nan,nan,nan,nan,0.6459434628486633,nan,0,nan,nan,nan,TRACKING,0.05236850400251569,0.0,0.0,12.67048983490302,0,0,0,0.0,0.0,1.0,0,0,0,0,1,5,2,DISABLED,nan,0,-1,0,0.0,0
2267,237.35855470500246,121.5,0.0,180.0,451.0,121.5,0.0,180.0,451.0,121.50167449309657,4.100799420175047e-05,179.9998086293604,450.99881076816814,tracker,nan,nan,nan,nan,0.6461904048919678,nan,0,nan,nan,nan,TRACKING,0.09788344999833498,0.0,0.0,8.101451824012994,0,0,0,0.0,0.0,1.0,0,0,0,0,1,5,2,DISABLED,nan,0,-1,0,0.0,0
2268,237.4343064010027,121.5,0.0,180.0,451.0,121.5,0.0,180.0,451.0,121.50108842051279,2.6655196231137806e-05,179.99987560908426,450.99922699930926,tracker,nan,nan,nan,nan,0.7054576873779297,nan,0,nan,nan,nan,TRACKING,0.05085992399835959,0.0,0.0,13.201024568440435,0,0,0,0.0,0.0,1.0,0,0,0,0,1,5,2,DISABLED,nan,0,-1,0,0.0,0
2269,237.50700276000134,121.5,0.0,180.0,451.0,121.5,0.0,180.0,451.0,121.5007074733333,1.7325877550239575e-05,179.99991914590476,450.99949754955105,tracker,nan,nan,nan,nan,0.7017819881439209,nan,0,nan,nan,nan,TRACKING,0.042954987002303824,0.0,0.0,13.755847112212276,0,0,0,0.0,0.0,1.0,0,0,0,0,1,5,2,DISABLED,nan,0,-1,0,0.0,0
2270,237.5913082650004,121.5,0.0,180.0,451.0,121.5,0.0,180.0,451.0,121.50045985766664,1.1261820407655725e-05,179.99994744483809,450.9996734072082,tracker,nan,nan,nan,nan,0.7019106149673462,nan,0,nan,nan,nan,TRACKING,0.05406099500396522,0.0,0.0,11.86162161072503,0,0,0,0.0,0.0,1.0,0,0,0,0,1,5,2,DISABLED,nan,0,-1,0,0.0,0
2271,237.6730491749986,121.5,0.0,180.0,451.0,121.5,0.0,180.0,451.0,121.50029890748331,7.320183264976222e-06,179.99996583914475,450.99978771468534,tracker,nan,nan,nan,nan,0.6997742652893066,nan,0,nan,nan,nan,TRACKING,0.057345348002854735,0.0,0.0,12.233776208536934,0,0,0,0.0,0.0,1.0,0,0,0,0,1,5,2,DISABLED,nan,0,-1,0,0.0,0
2272,237.7327814060045,121.5,0.0,180.0,451.0,121.5,0.0,180.0,451.0,121.50019428986414,4.758119122234544e-06,179.9999777954441,450.99986201454544,tracker,nan,nan,nan,nan,0.7053823471069336,nan,0,nan,nan,nan,TRACKING,0.036047469002369326,0.0,0.0,16.741380376384416,0,0,0,0.0,0.0,1.0,0,0,0,0,1,5,2,DISABLED,nan,0,-1,0,0.0,0
2273,237.80478358099936,121.5,0.0,180.0,451.0,121.5,0.0,180.0,451.0,121.50012628841168,3.0927774294524537e-06,179.99998556703866,450.99991030945455,tracker,nan,nan,nan,nan,0.7071892023086548,nan,0,nan,nan,nan,TRACKING,0.03466644500440452,0.0,0.0,13.888469342370904,0,0,0,0.0,0.0,1.0,0,0,0,0,1,5,2,DISABLED,nan,0,-1,0,0.0,0
2274,237.87361999900168,121.5,0.0,180.0,451.0,121.5,0.0,180.0,451.0,121.5000820874676,2.010305329144095e-06,179.99999061857514,450.9999417011454,tracker,nan,nan,nan,nan,0.7047150135040283,nan,0,nan,nan,nan,TRACKING,0.042858421002165414,0.0,0.0,14.527194020558959,0,0,0,0.0,0.0,1.0,0,0,0,0,1,5,2,DISABLED,nan,0,-1,0,0.0,0
2275,237.953253356005,121.5,0.0,180.0,451.0,121.5,0.0,180.0,451.0,121.50005335685395,1.3066984639436618e-06,179.99999390207384,450.99996210574454,tracker,nan,nan,nan,nan,0.7057827115058899,nan,0,nan,nan,nan,TRACKING,0.05080674700002419,0.0,0.0,12.55755172996372,0,0,0,0.0,0.0,1.0,0,0,0,0,1,5,2,DISABLED,nan,0,-1,0,0.0,0
2276,238.01530262400047,121.5,0.0,180.0,451.0,121.5,0.0,180.0,451.0,121.50003468195507,8.493540015633802e-07,179.999996036348,450.999975368734,tracker,nan,nan,nan,nan,0.7063094973564148,nan,0,nan,nan,nan,TRACKING,0.03826538900466403,0.0,0.0,16.11622557856977,0,0,0,0.0,0.0,1.0,0,0,0,0,1,5,2,DISABLED,nan,0,-1,0,0.0,0
2277,238.08461217900185,121.5,0.0,180.0,451.0,121.5,0.0,180.0,451.0,121.5000225432708,5.520801010161972e-07,179.99999742362618,450.99998398967705,tracker,nan,nan,nan,nan,0.708818256855011,nan,0,nan,nan,nan,TRACKING,0.03896024999994552,0.0,0.0,14.428025111112845,0,0,0,0.0,0.0,1.0,0,0,0,0,1,5,2,DISABLED,nan,0,-1,0,0.0,0
2278,238.1557037579987,121.5,0.0,180.0,451.0,121.5,0.0,180.0,451.0,121.50001465312602,3.588520656605282e-07,179.999998325357,450.99998959329014,tracker,nan,nan,nan,nan,0.7114673256874084,nan,0,nan,nan,nan,TRACKING,0.04585610100184567,0.0,0.0,14.066363613111124,0,0,0,0.0,0.0,1.0,0,0,0,0,1,5,2,DISABLED,nan,0,-1,0,0.0,0
2279,238.2271599300002,121.5,0.0,180.0,451.0,121.5,0.0,180.0,451.0,121.50000952453192,2.3325384267934333e-07,179.99999891148207,450.9999932356386,tracker,nan,nan,nan,nan,0.7072327733039856,nan,0,nan,nan,nan,TRACKING,0.04386928000167245,0.0,0.0,13.994592377256781,0,0,0,0.0,0.0,1.0,0,0,0,0,1,5,2,DISABLED,nan,0,-1,0,0.0,0
2280,238.52574399999867,121.5,0.0,180.0,451.0,121.5,0.0,180.0,451.0,121.50000952453192,2.3325384267934333e-07,179.99999891148207,450.9999932356386,held,nan,nan,nan,nan,0.7098339200019836,nan,0,nan,nan,nan,SUSPECTED_LOST,0.0448960249996162,0.22336150200135307,0.0,3.3491404950208055,0,0,0,0.0,0.0,1.0,0,0,0,0,1,5,2,DISABLED,nan,0,-1,0,0.0,0
2281,238.60448389700468,121.5,0.0,180.0,451.0,121.5,0.0,180.0,451.0,121.50000619094575,1.5161499774157318e-07,179.99999929246334,450.9999956031651,tracker,nan,nan,nan,nan,0.7111359238624573,nan,0,nan,nan,nan,TRACKING,0.049344104998453986,0.0,0.0,12.700042012038544,0,0,0,0.0,0.0,1.0,0,0,0,0,1,5,2,DISABLED,nan,0,-1,0,0.0,0
2282,238.6765212809987,121.5,0.0,180.0,451.0,121.5,0.0,180.0,451.0,121.50000402411473,9.854974853202256e-08,179.99999954010116,450.9999971420573,tracker,nan,nan,nan,nan,0.7114224433898926,nan,0,nan,nan,nan,TRACKING,0.04663695400085999,0.0,0.0,13.881681212672609,0,0,0,0.0,0.0,1.0,0,0,0,0,1,5,2,DISABLED,nan,0,-1,0,0.0,0
2283,238.74794739999925,121.5,0.0,180.0,451.0,121.5,0.0,180.0,451.0,121.50000261567459,6.405733654581467e-08,179.99999970106575,450.9999981423373,tracker,nan,nan,nan,nan,0.7121840119361877,nan,0,nan,nan,nan,TRACKING,0.0440901709953323,0.0,0.0,14.000480692399321,0,0,0,0.0,0.0,1.0,0,0,0,0,1,5,2,DISABLED,nan,0,-1,0,0.0,0
2284,238.81742268800008,121.5,0.0,180.0,451.0,121.5,0.0,180.0,451.0,121.50000170018848,4.1637268754779535e-08,179.99999980569274,450.99999879251925,tracker,nan,nan,nan,nan,0.7107381820678711,nan,0,nan,nan,nan,TRACKING,0.04141140600404469,0.0,0.0,14.39360711952774,0,0,0,0.0,0.0,1.0,0,0,0,0,1,5,2,DISABLED,nan,0,-1,0,0.0,0
2285,238.89061900800152,121.5,0.0,180.0,451.0,121.5,0.0,180.0,451.0,121.50000110512252,2.70642246906067e-08,179.9999998737003,450.99999921513756,tracker,nan,nan,nan,nan,0.7153932452201843,nan,0,nan,nan,nan,TRACKING,0.04297743500501383,0.0,0.0,13.661889012730157,0,0,0,0.0,0.0,1.0,0,0,0,0,1,5,2,DISABLED,nan,0,-1,0,0.0,0
2286,238.96087968099891,121.5,0.0,180.0,451.0,121.5,0.0,180.0,451.0,121.50000071832963,1.7591746048894356e-08,179.99999991790517,450.9999994898394,tracker,nan,nan,nan,nan,0.7092232704162598,nan,0,nan,nan,nan,TRACKING,0.04530639899894595,0.0,0.0,14.232713085983612,0,0,0,0.0,0.0,1.0,0,0,0,0,1,5,2,DISABLED,nan,0,-1,0,0.0,0
2287,239.03428413100482,121.5,0.0,180.0,451.0,121.5,0.0,180.0,451.0,121.50000046691426,1.1434634931781332e-08,179.99999994663835,450.9999996683956,tracker,nan,nan,nan,nan,0.707821249961853,nan,0,nan,nan,nan,TRACKING,0.04644939700665418,0.0,0.0,13.623152273731206,0,0,0,0.0,0.0,1.0,0,0,0,0,1,5,2,DISABLED,nan,0,-1,0,0.0,0
2288,239.11152404099994,121.5,0.0,180.0,451.0,121.5,0.0,180.0,451.0,121.50000030349426,7.432512705657866e-09,179.9999999653149,450.99999978445715,tracker,nan,nan,nan,nan,0.712697446346283,nan,0,nan,nan,nan,TRACKING,0.048730964997957926,0.0,0.0,12.946674848057848,0,0,0,0.0,0.0,1.0,0,0,0,0,1,5,2,DISABLED,nan,0,-1,0,0.0,0
2289,239.1791389190039,121.5,0.0,180.0,451.0,121.5,0.0,180.0,451.0,121.50000019727128,4.831133258677613e-09,179.99999997745468,450.9999998598971,tracker,nan,nan,nan,nan,0.7083334922790527,nan,0,nan,nan,nan,TRACKING,0.041974127998400945,0.0,0.0,14.7896443729672,0,0,0,0.0,0.0,1.0,0,0,0,0,1,5,2,DISABLED,nan,0,-1,0,0.0,0
2290,239.2460228400014,121.5,0.0,180.0,451.0,121.5,0.0,180.0,451.0,121.50000012822633,3.140236618140449e-09,179.99999998534554,450.9999999089331,tracker,nan,nan,nan,nan,0.7096195220947266,nan,0,nan,nan,nan,TRACKING,0.04193657499854453,0.0,0.0,14.951276556250548,0,0,0,0.0,0.0,1.0,0,0,0,0,1,5,2,DISABLED,nan,0,-1,0,0.0,0
2291,239.3134839109989,121.5,0.0,180.0,451.0,121.5,0.0,180.0,451.0,121.50000008334712,2.041153801791292e-09,179.9999999904746,450.99999994080656,tracker,nan,nan,nan,nan,0.7122517824172974,nan,0,nan,nan,nan,TRACKING,0.04347182199853705,0.0,0.0,14.823363833590806,0,0,0,0.0,0.0,1.0,0,0,0,0,1,5,2,DISABLED,nan,0,-1,0,0.0,0
2292,239.4316505800016,121.5,0.0,180.0,451.0,121.5,0.0,180.0,451.0,121.50000005417562,1.32674997116434e-09,179.9999999938085,450.9999999615243,tracker,nan,nan,nan,nan,0.7113463878631592,nan,0,nan,nan,nan,TRACKING,0.09285514799557859,0.0,0.0,8.462623245962487,0,0,0,0.0,0.0,1.0,0,0,0,0,1,5,2,DISABLED,nan,0,-1,0,0.0,0
2293,239.49936483499914,121.5,0.0,180.0,451.0,121.5,0.0,180.0,451.0,121.50000003521416,8.62387481256821e-10,179.99999999597551,450.9999999749908,tracker,nan,nan,nan,nan,0.7379599809646606,nan,0,nan,nan,nan,TRACKING,0.04305759300041245,0.0,0.0,14.767939188522696,0,0,0,0.0,0.0,1.0,0,0,0,0,1,5,2,DISABLED,nan,0,-1,0,0.0,0
2294,239.56679684299888,121.5,0.0,180.0,451.0,121.5,0.0,180.0,451.0,121.5000000228892,5.605518628169337e-10,179.9999999973841,450.99999998374403,tracker,nan,nan,nan,nan,0.7367356419563293,nan,0,nan,nan,nan,TRACKING,0.04304582199983997,0.0,0.0,14.829752659950952,0,0,0,0.0,0.0,1.0,0,0,0,0,1,5,2,DISABLED,nan,0,-1,0,0.0,0
2295,239.63224322799942,121.5,0.0,180.0,451.0,121.5,0.0,180.0,451.0,121.50000001487797,3.643587108310069e-10,179.99999999829967,450.9999999894336,tracker,nan,nan,nan,nan,0.7393824458122253,nan,0,nan,nan,nan,TRACKING,0.041094157997576986,0.0,0.0,15.279682750876592,0,0,0,0.0,0.0,1.0,0,0,0,0,1,5,2,DISABLED,nan,0,-1,0,0.0,0
2296,239.71158131700213,121.5,0.0,180.0,451.0,121.5,0.0,180.0,451.0,121.50000000967069,2.368331620401545e-10,179.9999999988948,450.99999999313184,tracker,nan,nan,nan,nan,0.739302396774292,nan,0,nan,nan,nan,TRACKING,0.054763095002272166,0.0,0.0,12.604286447659721,0,0,0,0.0,0.0,1.0,0,0,0,0,1,5,2,DISABLED,nan,0,-1,0,0.0,0
2297,239.78609751300246,121.5,0.0,180.0,451.0,121.5,0.0,180.0,451.0,121.50000000628594,1.5394155532610043e-10,179.9999999992816,450.99999999553575,tracker,nan,nan,nan,nan,0.7380344867706299,nan,0,nan,nan,nan,TRACKING,0.05032350499823224,0.0,0.0,13.41990135937093,0,0,0,0.0,0.0,1.0,0,0,0,0,1,5,2,DISABLED,nan,0,-1,0,0.0,0
2298,239.850460226,121.5,0.0,180.0,451.0,121.5,0.0,180.0,451.0,121.50000000408588,1.0006201096196528e-10,179.99999999953303,450.99999999709826,tracker,nan,nan,nan,nan,0.7382128238677979,nan,0,nan,nan,nan,TRACKING,0.039392656995914876,0.0,0.0,15.536946058167056,0,0,0,0.0,0.0,1.0,0,0,0,0,1,5,2,DISABLED,nan,0,-1,0,0.0,0
2299,239.93247426699963,121.5,0.0,180.0,451.0,121.5,0.0,180.0,451.0,121.50000000265581,6.504030712527744e-11,179.99999999969646,450.9999999981138,tracker,nan,nan,nan,nan,0.7396458983421326,nan,0,nan,nan,nan,TRACKING,0.052589186998375226,0.0,0.0,12.193034117224016,0,0,0,0.0,0.0,1.0,0,0,0,0,1,5,2,DISABLED,nan,0,-1,0,0.0,0
2300,240.20560988500074,121.5,0.0,180.0,451.0,121.5,0.0,180.0,451.0,121.50000000265581,6.504030712527744e-11,179.99999999969646,450.9999999981138,held,nan,nan,nan,nan,0.7390441298484802,nan,0,nan,nan,nan,SUSPECTED_LOST,0.04113311800028896,0.2079352810033015,0.0,3.661184898982856,0,0,0,0.0,0.0,1.0,0,0,0,0,1,5,2,DISABLED,nan,0,-1,0,0.0,0
2301,240.28100303000247,121.5,0.0,180.0,451.0,121.5,0.0,180.0,451.0,121.50000000172628,4.2276199631430335e-11,179.9999999998027,450.999999998774,tracker,nan,nan,nan,nan,0.7366481423377991,nan,0,nan,nan,nan,TRACKING,0.0412718709994806,0.0,0.0,13.263805349638933,0,0,0,0.0,0.0,1.0,0,0,0,0,1,5,2,DISABLED,nan,0,-1,0,0.0,0
2302,240.36245492200396,121.5,0.0,180.0,451.0,121.5,0.0,180.0,451.0,121.50000000112209,2.747952976042972e-11,179.99999999987176,450.99999999920306,tracker,nan,nan,nan,nan,0.7356880903244019,nan,0,nan,nan,nan,TRACKING,0.04035309799655806,0.0,0.0,12.277185654344668,0,0,0,0.0,0.0,1.0,0,0,0,0,1,5,2,DISABLED,nan,0,-1,0,0.0,0
2303,240.43409255699953,121.5,0.0,180.0,451.0,121.5,0.0,180.0,451.0,121.50000000072936,1.786169434427932e-11,179.99999999991664,450.99999999948204,tracker,nan,nan,nan,nan,0.7370076775550842,nan,0,nan,nan,nan,TRACKING,0.04766724000364775,0.0,0.0,13.95914312444661,0,0,0,0.0,0.0,1.0,0,0,0,0,1,5,2,DISABLED,nan,0,-1,0,0.0,0
2304,240.50047151699982,121.5,0.0,180.0,451.0,121.5,0.0,180.0,451.0,121.50000000047407,1.1610101323781558e-11,179.9999999999458,450.9999999996634,tracker,nan,nan,nan,nan,0.7362217307090759,nan,0,nan,nan,nan,TRACKING,0.04006392399605829,0.0,0.0,15.065014576841637,0,0,0,0.0,0.0,1.0,0,0,0,0,1,5,2,DISABLED,nan,0,-1,0,0.0,0
2305,240.57347038399894,121.5,0.0,180.0,451.0,121.5,0.0,180.0,451.0,121.50000000030815,7.546565860458013e-12,179.99999999996476,450.99999999978115,tracker,nan,nan,nan,nan,0.7355518937110901,nan,0,nan,nan,nan,TRACKING,0.04239841000526212,0.0,0.0,13.698842750698196,0,0,0,0.0,0.0,1.0,0,0,0,0,1,5,2,DISABLED,nan,0,-1,0,0.0,0
2306,240.6508909250042,121.5,0.0,180.0,451.0,121.5,0.0,180.0,451.0,121.50000000020029,4.905267809297709e-12,179.9999999999771,450.9999999998578,tracker,nan,nan,nan,nan,0.7310107350349426,nan,0,nan,nan,nan,TRACKING,0.05015808399912203,0.0,0.0,12.916468769340751,0,0,0,0.0,0.0,1.0,0,0,0,0,1,5,2,DISABLED,nan,0,-1,0,0.0,0
2307,240.73290579899913,121.5,0.0,180.0,451.0,121.5,0.0,180.0,451.0,121.5000000001302,3.1884240760435107e-12,179.9999999999851,450.9999999999076,tracker,nan,nan,nan,nan,0.7336357831954956,nan,0,nan,nan,nan,TRACKING,0.056654914005775936,0.0,0.0,12.192910277005584,0,0,0,0.0,0.0,1.0,0,0,0,0,1,5,2,DISABLED,nan,0,-1,0,0.0,0
2308,240.80853093000042,121.5,0.0,180.0,451.0,121.5,0.0,180.0,451.0,121.50000000008464,2.072475649428282e-12,179.9999999999903,450.99999999994,tracker,nan,nan,nan,nan,0.7388346791267395,nan,0,nan,nan,nan,TRACKING,0.05164900700037833,0.0,0.0,13.223117590142905,0,0,0,0.0,0.0,1.0,0,0,0,0,1,5,2,DISABLED,nan,0,-1,0,0.0,0
2309,240.87972891800018,121.5,0.0,180.0,451.0,121.5,0.0,180.0,451.0,121.50000000005502,1.3471091721283834e-12,179.9999999999937,450.999999999961,tracker,nan,nan,nan,nan,0.7357831597328186,nan,0,nan,nan,nan,TRACKING,0.042459088006580714,0.0,0.0,14.045340719505608,0,0,0,0.0,0.0,1.0,0,0,0,0,1,5,2,DISABLED,nan,0,-1,0,0.0,0
2310,240.97881094100012,121.5,0.0,180.0,451.0,121.5,0.0,180.0,451.0,121.50000000003575,8.756209618834492e-13,179.9999999999959,450.99999999997465,tracker,nan,nan,nan,nan,0.7379242777824402,nan,0,nan,nan,nan,TRACKING,0.05320758799643954,0.0,0.0,10.092648189072946,0,0,0,0.0,0.0,1.0,0,0,0,0,1,5,2,DISABLED,nan,0,-1,0,0.0,0
2311,241.0512088550022,121.5,0.0,180.0,451.0,121.5,0.0,180.0,451.0,121.50000000002325,5.69153625224242e-13,179.99999999999733,450.9999999999835,tracker,nan,nan,nan,nan,0.7352948188781738,nan,0,nan,nan,nan,TRACKING,0.046587317003286444,0.0,0.0,13.812552665142311,0,0,0,0.0,0.0,1.0,0,0,0,0,1,5,2,DISABLED,nan,0,-1,0,0.0,0
2312,241.1286229890029,121.5,0.0,180.0,451.0,121.5,0.0,180.0,451.0,121.50000000001512,3.6994985639575733e-13,179.99999999999827,450.9999999999893,tracker,nan,nan,nan,nan,0.7401214838027954,nan,0,nan,nan,nan,TRACKING,0.0528471619982156,0.0,0.0,12.917537771470924,0,0,0,0.0,0.0,1.0,0,0,0,0,1,5,2,DISABLED,nan,0,-1,0,0.0,0
2313,241.19405702999939,121.5,0.0,180.0,451.0,121.5,0.0,180.0,451.0,121.50000000000983,2.4046740665724226e-13,179.99999999999886,450.99999999999307,tracker,nan,nan,nan,nan,0.7348453402519226,nan,0,nan,nan,nan,TRACKING,0.04056258200580487,0.0,0.0,15.282565233191267,0,0,0,0.0,0.0,1.0,0,0,0,0,1,5,2,DISABLED,nan,0,-1,0,0.0,0
2314,241.2601915060004,121.5,0.0,180.0,451.0,121.5,0.0,180.0,451.0,121.5000000000064,1.5630381432720747e-13,179.99999999999926,450.99999999999545,tracker,nan,nan,nan,nan,0.7341809272766113,nan,0,nan,nan,nan,TRACKING,0.0413937490011449,0.0,0.0,15.120706482720125,0,0,0,0.0,0.0,1.0,0,0,0,0,1,5,2,DISABLED,nan,0,-1,0,0.0,0
2315,241.330717498,121.5,0.0,180.0,451.0,121.5,0.0,180.0,451.0,121.50000000000415,1.0159747931268486e-13,179.99999999999952,450.99999999999704,tracker,nan,nan,nan,nan,0.7329509854316711,nan,0,nan,nan,nan,TRACKING,0.04381849800120108,0.0,0.0,14.179169574894281,0,0,0,0.0,0.0,1.0,0,0,0,0,1,5,2,DISABLED,nan,0,-1,0,0.0,0
2316,241.39414101900184,121.5,0.0,180.0,451.0,121.5,0.0,180.0,451.0,121.5000000000027,6.603836155324515e-14,179.9999999999997,450.99999999999807,tracker,nan,nan,nan,nan,0.7326217889785767,nan,0,nan,nan,nan,TRACKING,0.03783126400230685,0.0,0.0,15.767021196619671,0,0,0,0.0,0.0,1.0,0,0,0,0,1,5,2,DISABLED,nan,0,-1,0,0.0,0
2317,241.5066890060043,121.5,0.0,180.0,451.0,121.5,0.0,180.0,451.0,121.50000000000176,4.292493500960935e-14,179.9999999999998,450.99999999999875,tracker,nan,nan,nan,nan,0.7353025674819946,nan,0,nan,nan,nan,TRACKING,0.08522370499849785,0.0,0.0,8.885098939868527,0,0,0,0.0,0.0,1.0,0,0,0,0,1,5,2,DISABLED,nan,0,-1,0,0.0,0
2318,241.56867639800475,121.5,0.0,180.0,451.0,121.5,0.0,180.0,451.0,121.50000000000114,2.790120775624608e-14,179.99999999999986,450.9999999999992,tracker,nan,nan,nan,nan,0.7554054260253906,nan,0,nan,nan,nan,TRACKING,0.03777428300236352,0.0,0.0,16.132312841824284,0,0,0,0.0,0.0,1.0,0,0,0,0,1,5,2,DISABLED,nan,0,-1,0,0.0,0
2319,241.63425580700277,121.5,0.0,180.0,451.0,121.5,0.0,180.0,451.0,121.50000000000074,1.813578504155995e-14,179.99999999999991,450.99999999999943,tracker,nan,nan,nan,nan,0.7568796873092651,nan,0,nan,nan,nan,TRACKING,0.041964753007050604,0.0,0.0,15.248688807643978,0,0,0,0.0,0.0,1.0,0,0,0,0,1,5,2,DISABLED,nan,0,-1,0,0.0,0
2320,241.88383020699985,121.5,0.0,180.0,451.0,121.5,0.0,180.0,451.0,121.50000000000074,1.813578504155995e-14,179.99999999999991,450.99999999999943,held,nan,nan,nan,nan,0.7625484466552734,nan,0,nan,nan,nan,SUSPECTED_LOST,0.049472337996121496,0.175614988002053,0.0,4.00682121247904,0,0,0,0.0,0.0,1.0,0,0,0,0,1,5,2,DISABLED,nan,0,-1,0,0.0,0
2321,241.9569385040013,121.5,0.0,180.0,451.0,121.5,0.0,180.0,451.0,121.50000000000048,1.1788260277013968e-14,179.99999999999994,450.99999999999966,tracker,nan,nan,nan,nan,0.7583756446838379,nan,0,nan,nan,nan,TRACKING,0.041463647001364734,0.0,0.0,13.678338041168036,0,0,0,0.0,0.0,1.0,0,0,0,0,1,5,2,DISABLED,nan,0,-1,0,0.0,0
2322,242.0220321720044,121.5,0.0,180.0,451.0,121.5,0.0,180.0,451.0,121.50000000000031,7.66236918005908e-15,179.99999999999997,450.9999999999998,tracker,nan,nan,nan,nan,0.7606499791145325,nan,0,nan,nan,nan,TRACKING,0.04039231799833942,0.0,0.0,15.362477344990952,0,0,0,0.0,0.0,1.0,0,0,0,0,1,5,2,DISABLED,nan,0,-1,0,0.0,0
2323,242.10374287200102,121.5,0.0,180.0,451.0,121.5,0.0,180.0,451.0,121.5000000000002,4.980539967038402e-15,179.99999999999997,450.9999999999999,tracker,nan,nan,nan,nan,0.7580769062042236,nan,0,nan,nan,nan,TRACKING,0.050640180001209956,0.0,0.0,12.23829926853357,0,0,0,0.0,0.0,1.0,0,0,0,0,1,5,2,DISABLED,nan,0,-1,0,0.0,0
2324,242.17178182300268,121.5,0.0,180.0,451.0,121.5,0.0,180.0,451.0,121.50000000000014,3.2373509785749613e-15,179.99999999999997,450.9999999999999,tracker,nan,nan,nan,nan,0.7628624439239502,nan,0,nan,nan,nan,TRACKING,0.04438575099629816,0.0,0.0,14.69746351579835,0,0,0,0.0,0.0,1.0,0,0,0,0,1,5,2,DISABLED,nan,0,-1,0,0.0,0
2325,242.25671099000465,121.5,0.0,180.0,451.0,121.5,0.0,180.0,451.0,121.50000000000009,2.1042781360737248e-15,179.99999999999997,450.9999999999999,tracker,nan,nan,nan,nan,0.7628933787345886,nan,0,nan,nan,nan,TRACKING,0.056501524995837826,0.0,0.0,11.774517934183423,0,0,0,0.0,0.0,1.0,0,0,0,0,1,5,2,DISABLED,nan,0,-1,0,0.0,0
2326,242.32644691000314,121.5,0.0,180.0,451.0,121.5,0.0,180.0,451.0,121.50000000000006,1.367780788447921e-15,179.99999999999997,450.9999999999999,tracker,nan,nan,nan,nan,0.7659560441970825,nan,0,nan,nan,nan,TRACKING,0.0460429290033062,0.0,0.0,14.339812252016026,0,0,0,0.0,0.0,1.0,0,0,0,0,1,5,2,DISABLED,nan,0,-1,0,0.0,0
2327,242.40512519000185,121.5,0.0,180.0,451.0,121.5,0.0,180.0,451.0,121.50000000000003,8.890575124911487e-16,179.99999999999997,450.9999999999999,tracker,nan,nan,nan,nan,0.7620769143104553,nan,0,nan,nan,nan,TRACKING,0.05410807899897918,0.0,0.0,12.709988068071231,0,0,0,0.0,0.0,1.0,0,0,0,0,1,5,2,DISABLED,nan,0,-1,0,0.0,0
2328,242.46707336200052,121.5,0.0,180.0,451.0,121.5,0.0,180.0,451.0,121.50000000000003,5.778873831192467e-16,179.99999999999997,450.9999999999999,tracker,nan,nan,nan,nan,0.7600721716880798,nan,0,nan,nan,nan,TRACKING,0.03736239799764007,0.0,0.0,16.14252636900322,0,0,0,0.0,0.0,1.0,0,0,0,0,1,5,2,DISABLED,nan,0,-1,0,0.0,0
2329,242.53838906199962,121.5,0.0,180.0,451.0,121.5,0.0,180.0,451.0,121.50000000000003,3.756267990275104e-16,179.99999999999997,450.9999999999999,tracker,nan,nan,nan,nan,0.7649969458580017,nan,0,nan,nan,nan,TRACKING,0.04200282700185198,0.0,0.0,14.022157813953454,0,0,0,0.0,0.0,1.0,0,0,0,0,1,5,2,DISABLED,nan,0,-1,0,0.0,0
2330,242.62112786099897,121.5,0.0,180.0,451.0,121.5,0.0,180.0,451.0,121.50000000000003,2.441574193678818e-16,179.99999999999997,450.9999999999999,tracker,nan,nan,nan,nan,0.7615719437599182,nan,0,nan,nan,nan,TRACKING,0.05143327200494241,0.0,0.0,12.086228131108461,0,0,0,0.0,0.0,1.0,0,0,0,0,1,5,2,DISABLED,nan,0,-1,0,0.0,0
2331,242.68765172100393,121.5,0.0,180.0,451.0,121.5,0.0,180.0,451.0,121.50000000000003,1.5870232258912316e-16,179.99999999999997,450.9999999999999,tracker,nan,nan,nan,nan,0.7613788843154907,nan,0,nan,nan,nan,TRACKING,0.041698599998198915,0.0,0.0,15.032200475519458,0,0,0,0.0,0.0,1.0,0,0,0,0,1,5,2,DISABLED,nan,0,-1,0,0.0,0
2332,242.7534706160004,121.5,0.0,180.0,451.0,121.5,0.0,180.0,451.0,121.50000000000003,1.0315650968293005e-16,179.99999999999997,450.9999999999999,tracker,nan,nan,nan,nan,0.7576814293861389,nan,0,nan,nan,nan,TRACKING,0.03864440899633337,0.0,0.0,15.19320553852269,0,0,0,0.0,0.0,1.0,0,0,0,0,1,5,2,DISABLED,nan,0,-1,0,0.0,0
2333,242.82874974800507,121.5,0.0,180.0,451.0,121.5,0.0,180.0,451.0,121.50000000000003,6.705173129390453e-17,179.99999999999997,450.9999999999999,tracker,nan,nan,nan,nan,0.7605191469192505,nan,0,nan,nan,nan,TRACKING,0.048978628001350444,0.0,0.0,13.283893867668331,0,0,0,0.0,0.0,1.0,0,0,0,0,1,5,2,DISABLED,nan,0,-1,0,0.0,0
2334,242.8986070259998,121.5,0.0,180.0,451.0,121.5,0.0,180.0,451.0,121.50000000000003,4.358362534103795e-17,179.99999999999997,450.9999999999999,tracker,nan,nan,nan,nan,0.7623776197433472,nan,0,nan,nan,nan,TRACKING,0.045580468999105506,0.0,0.0,14.314900733396152,0,0,0,0.0,0.0,1.0,0,0,0,0,1,5,2,DISABLED,nan,0,-1,0,0.0,0
2335,242.96432586599985,121.5,0.0,180.0,451.0,121.5,0.0,180.0,451.0,121.50000000000003,2.832935647167467e-17,179.99999999999997,450.9999999999999,tracker,nan,nan,nan,nan,0.7609454989433289,nan,0,nan,nan,nan,TRACKING,0.04090425799950026,0.0,0.0,15.216336746042915,0,0,0,0.0,0.0,1.0,0,0,0,0,1,5,2,DISABLED,nan,0,-1,0,0.0,0
2336,243.04155577599886,121.5,0.0,180.0,451.0,121.5,0.0,180.0,451.0,121.50000000000003,1.8414081706588533e-17,179.99999999999997,450.9999999999999,tracker,nan,nan,nan,nan,0.7597472071647644,nan,0,nan,nan,nan,TRACKING,0.047079256997676566,0.0,0.0,12.948351228337353,0,0,0,0.0,0.0,1.0,0,0,0,0,1,5,2,DISABLED,nan,0,-1,0,0.0,0
2337,243.11930392900103,121.5,0.0,180.0,451.0,121.5,0.0,180.0,451.0,121.50000000000003,1.1969153109282548e-17,179.99999999999997,450.9999999999999,tracker,nan,nan,nan,nan,0.7597412467002869,nan,0,nan,nan,nan,TRACKING,0.05267174099572003,0.0,0.0,12.86204187991466,0,0,0,0.0,0.0,1.0,0,0,0,0,1,5,2,DISABLED,nan,0,-1,0,0.0,0
2338,243.19111724499817,121.5,0.0,180.0,451.0,121.5,0.0,180.0,451.0,121.50000000000003,7.779949521033657e-18,179.99999999999997,450.9999999999999,tracker,nan,nan,nan,nan,0.7642701864242554,nan,0,nan,nan,nan,TRACKING,0.046624140995845664,0.0,0.0,13.92499407825594,0,0,0,0.0,0.0,1.0,0,0,0,0,1,5,2,DISABLED,nan,0,-1,0,0.0,0
2339,243.2593735449991,121.5,0.0,180.0,451.0,121.5,0.0,180.0,451.0,121.50000000000003,5.056967188671877e-18,179.99999999999997,450.9999999999999,tracker,nan,nan,nan,nan,0.7649377584457397,nan,0,nan,nan,nan,TRACKING,0.043981002003420144,0.0,0.0,14.650662282986852,0,0,0,0.0,0.0,1.0,0,0,0,0,1,5,2,DISABLED,nan,0,-1,0,0.0,0
2340,243.5944659290035,121.5,0.0,180.0,451.0,121.5,0.0,180.0,451.0,121.50000000000003,5.056967188671877e-18,179.99999999999997,450.9999999999999,held,nan,nan,nan,nan,0.7688005566596985,nan,0,nan,nan,nan,SUSPECTED_LOST,0.06401931800064631,0.2435494569945149,0.0,2.9842516503953695,0,0,0,0.0,0.0,1.0,0,0,0,0,1,5,2,DISABLED,nan,0,-1,0,0.0,0
2341,243.64616707299865,121.5,0.0,180.0,451.0,121.5,0.0,180.0,451.0,121.50000000000003,3.28702867263672e-18,179.99999999999997,450.9999999999999,tracker,nan,nan,nan,nan,0.7728750705718994,nan,0,nan,nan,nan,TRACKING,0.034067002998199314,0.0,0.0,19.34193177802043,0,0,0,0.0,0.0,1.0,0,0,0,0,1,5,2,DISABLED,nan,0,-1,0,0.0,0
2342,243.74978551200184,121.5,0.0,180.0,451.0,121.5,0.0,180.0,451.0,121.50000000000003,2.1365686372138683e-18,179.99999999999997,450.9999999999999,tracker,nan,nan,nan,nan,0.7655323147773743,nan,0,nan,nan,nan,TRACKING,0.08054572300170548,0.0,0.0,9.650791978918571,0,0,0,0.0,0.0,1.0,0,0,0,0,1,5,2,DISABLED,nan,0,-1,0,0.0,0
2343,243.80224047700176,121.5,0.0,180.0,451.0,121.5,0.0,180.0,451.0,121.50000000000003,1.3887696141890144e-18,179.99999999999997,450.9999999999999,tracker,nan,nan,nan,nan,0.7804660201072693,nan,0,nan,nan,nan,TRACKING,0.03504963200248312,0.0,0.0,19.063972304651067,0,0,0,0.0,0.0,1.0,0,0,0,0,1,5,2,DISABLED,nan,0,-1,0,0.0,0
2344,243.89432930300245,121.5,0.0,180.0,451.0,121.5,0.0,180.0,451.0,121.50000000000003,9.027002492228594e-19,179.99999999999997,450.9999999999999,tracker,nan,nan,nan,nan,0.7796868681907654,nan,0,nan,nan,nan,TRACKING,0.05062684600125067,0.0,0.0,10.859080774821717,0,0,0,0.0,0.0,1.0,0,0,0,0,1,5,2,DISABLED,nan,0,-1,0,0.0,0
2345,243.96360057600396,121.5,0.0,180.0,451.0,121.5,0.0,180.0,451.0,121.50000000000003,5.867551619948587e-19,179.99999999999997,450.9999999999999,tracker,nan,nan,nan,nan,0.7819664478302002,nan,0,nan,nan,nan,TRACKING,0.04469081199931679,0.0,0.0,14.435998598990373,0,0,0,0.0,0.0,1.0,0,0,0,0,1,5,2,DISABLED,nan,0,-1,0,0.0,0
2346,244.03534399400087,121.5,0.0,180.0,451.0,121.5,0.0,180.0,451.0,121.50000000000003,3.813908552966581e-19,179.99999999999997,450.9999999999999,tracker,nan,nan,nan,nan,0.7748194932937622,nan,0,nan,nan,nan,TRACKING,0.046276528999442235,0.0,0.0,13.93856088711895,0,0,0,0.0,0.0,1.0,0,0,0,0,1,5,2,DISABLED,nan,0,-1,0,0.0,0
2347,244.103606648001,121.5,0.0,180.0,451.0,121.5,0.0,180.0,451.0,121.50000000000003,2.479040559428278e-19,179.99999999999997,450.9999999999999,tracker,nan,nan,nan,nan,0.7740238904953003,nan,0,nan,nan,nan,TRACKING,0.044347989998641424,0.0,0.0,14.649298575440676,0,0,0,0.0,0.0,1.0,0,0,0,0,1,5,2,DISABLED,nan,0,-1,0,0.0,0
2348,244.18293676800386,121.5,0.0,180.0,451.0,121.5,0.0,180.0,451.0,121.50000000000003,1.611376363628381e-19,179.99999999999997,450.9999999999999,tracker,nan,nan,nan,nan,0.7735482454299927,nan,0,nan,nan,nan,TRACKING,0.048737318997154944,0.0,0.0,12.605552594198306,0,0,0,0.0,0.0,1.0,0,0,0,0,1,5,2,DISABLED,nan,0,-1,0,0.0,0
2349,244.25464336300502,121.5,0.0,180.0,451.0,121.5,0.0,180.0,451.0,121.50000000000003,1.0473946363584476e-19,179.99999999999997,450.9999999999999,tracker,nan,nan,nan,nan,0.7628697752952576,nan,0,nan,nan,nan,TRACKING,0.04368417099612998,0.0,0.0,13.945718660659045,0,0,0,0.0,0.0,1.0,0,0,0,0,1,5,2,DISABLED,nan,0,-1,0,0.0,0
2350,244.34009795900056,121.5,0.0,180.0,451.0,121.5,0.0,180.0,451.0,121.50000000000003,6.80806513632991e-20,179.99999999999997,450.9999999999999,tracker,nan,nan,nan,nan,0.761444091796875,nan,0,nan,nan,nan,TRACKING,0.05115034800110152,0.0,0.0,11.702120738504874,0,0,0,0.0,0.0,1.0,0,0,0,0,1,5,2,DISABLED,nan,0,-1,0,0.0,0
2351,244.4218424110004,121.5,0.0,180.0,451.0,121.5,0.0,180.0,451.0,121.50000000000003,4.4252423386144414e-20,179.99999999999997,450.9999999999999,tracker,nan,nan,nan,nan,0.7624266147613525,nan,0,nan,nan,nan,TRACKING,0.0538546879979549,0.0,0.0,12.233246116837023,0,0,0,0.0,0.0,1.0,0,0,0,0,1,5,2,DISABLED,nan,0,-1,0,0.0,0
2352,244.4969633619985,121.5,0.0,180.0,451.0,121.5,0.0,180.0,451.0,121.50000000000003,2.876407520099387e-20,179.99999999999997,450.9999999999999,tracker,nan,nan,nan,nan,0.7524310350418091,nan,0,nan,nan,nan,TRACKING,0.047841568004514556,0.0,0.0,13.311865554328746,0,0,0,0.0,0.0,1.0,0,0,0,0,1,5,2,DISABLED,nan,0,-1,0,0.0,0
2353,244.56766352499835,121.5,0.0,180.0,451.0,121.5,0.0,180.0,451.0,121.50000000000003,1.8696648880646014e-20,179.99999999999997,450.9999999999999,tracker,nan,nan,nan,nan,0.7415849566459656,nan,0,nan,nan,nan,TRACKING,0.04449861800094368,0.0,0.0,14.144238960269996,0,0,0,0.0,0.0,1.0,0,0,0,0,1,5,2,DISABLED,nan,0,-1,0,0.0,0
2354,244.63769929700356,121.5,0.0,180.0,451.0,121.5,0.0,180.0,451.0,121.50000000000003,1.215282177241991e-20,179.99999999999997,450.9999999999999,tracker,nan,nan,nan,nan,0.750261127948761,nan,0,nan,nan,nan,TRACKING,0.043018320997362025,0.0,0.0,14.278417605299959,0,0,0,0.0,0.0,1.0,0,0,0,0,1,5,2,DISABLED,nan,0,-1,0,0.0,0
2355,244.72402974899887,121.5,0.0,180.0,451.0,121.5,0.0,180.0,451.0,121.50000000000003,7.899334152072942e-21,179.99999999999997,450.9999999999999,tracker,nan,nan,nan,nan,0.730593204498291,nan,0,nan,nan,nan,TRACKING,0.05715924999822164,0.0,0.0,11.583398173964593,0,0,0,0.0,0.0,1.0,0,0,0,0,1,5,2,DISABLED,nan,0,-1,0,0.0,0
2356,244.81072291800228,121.5,0.0,180.0,451.0,121.5,0.0,180.0,451.0,121.50000000000003,5.134567198847412e-21,179.99999999999997,450.9999999999999,tracker,nan,nan,nan,nan,0.7394724488258362,nan,0,nan,nan,nan,TRACKING,0.05927899000380421,0.0,0.0,11.534934199494511,0,0,0,0.0,0.0,1.0,0,0,0,0,1,5,2,DISABLED,nan,0,-1,0,0.0,0
2357,244.90121357900352,121.5,0.0,180.0,451.0,121.5,0.0,180.0,451.0,121.50000000000003,3.337468679250818e-21,179.99999999999997,450.9999999999999,tracker,nan,nan,nan,nan,0.7496330142021179,nan,0,nan,nan,nan,TRACKING,0.05749207099870546,0.0,0.0,11.05086413266771,0,0,0,0.0,0.0,1.0,0,0,0,0,1,5,2,DISABLED,nan,0,-1,0,0.0,0
2358,244.9792618440042,121.5,0.0,180.0,451.0,121.5,0.0,180.0,451.0,121.50000000000003,2.169354641513032e-21,179.99999999999997,450.9999999999999,tracker,nan,nan,nan,nan,0.7343326210975647,nan,0,nan,nan,nan,TRACKING,0.05262127199966926,0.0,0.0,12.81258462300442,0,0,0,0.0,0.0,1.0,0,0,0,0,1,5,2,DISABLED,nan,0,-1,0,0.0,0
2359,245.05894660799822,121.5,0.0,180.0,451.0,121.5,0.0,180.0,451.0,121.50000000000003,1.4100805169834707e-21,179.99999999999997,450.9999999999999,tracker,nan,nan,nan,nan,0.7348852157592773,nan,0,nan,nan,nan,TRACKING,0.05529066099552438,0.0,0.0,12.549450483095802,0,0,0,0.0,0.0,1.0,0,0,0,0,1,5,2,DISABLED,nan,0,-1,0,0.0,0
2360,245.3506055559992,121.5,0.0,180.0,451.0,121.5,0.0,180.0,451.0,324.0,0.0,197.0,473.0,detector,324.0,0.0,197.0,473.0,0.726728081703186,0.799942,1,0.0,0.26410816912772694,1.1478319783197832,DETECTOR_CONFIRMED,0.0510978999955114,0.2108872819953831,0.0,3.4286621646753623,0,0,0,0.0,0.0,1.0,0,0,0,0,1,5,2,DISABLED,nan,0,-1,0,0.0,0
2361,245.42449064300308,121.5,0.0,180.0,451.0,121.5,0.0,180.0,451.0,253.125,0.0,191.05,465.29999999999995,tracker,nan,nan,nan,nan,0.7319071888923645,nan,0,nan,nan,nan,TRACKING,0.042182622994005214,0.0,0.0,13.534530993346168,0,0,0,0.0,0.0,1.0,0,0,0,0,1,5,2,DISABLED,nan,0,-1,0,0.0,0
2362,245.497819987002,121.5,0.0,180.0,451.0,121.5,0.0,180.0,451.0,207.05625,0.0,187.1825,460.29499999999996,tracker,nan,nan,nan,nan,0.7387847304344177,nan,0,nan,nan,nan,TRACKING,0.04855481500271708,0.0,0.0,13.637105495103203,0,0,0,0.0,0.0,1.0,0,0,0,0,1,5,2,DISABLED,nan,0,-1,0,0.0,0
2363,245.57424336700205,121.5,0.0,180.0,451.0,121.5,0.0,180.0,451.0,177.11156250000002,0.0,184.668625,457.04175,tracker,nan,nan,nan,nan,0.7348514795303345,nan,0,nan,nan,nan,TRACKING,0.05119415200169897,0.0,0.0,13.085000951270818,0,0,0,0.0,0.0,1.0,0,0,0,0,1,5,2,DISABLED,nan,0,-1,0,0.0,0
2364,245.64209038599802,121.5,0.0,180.0,451.0,121.5,0.0,180.0,451.0,157.647515625,0.0,183.03460625,454.92713749999996,tracker,nan,nan,nan,nan,0.7459791898727417,nan,0,nan,nan,nan,TRACKING,0.04336083000089275,0.0,0.0,14.73904107798027,0,0,0,0.0,0.0,1.0,0,0,0,0,1,5,2,DISABLED,nan,0,-1,0,0.0,0
2365,245.71001501000137,121.5,0.0,180.0,451.0,121.5,0.0,180.0,451.0,144.99588515625,0.0,181.9724940625,453.552639375,tracker,nan,nan,nan,nan,0.7411606311798096,nan,0,nan,nan,nan,TRACKING,0.043112906998430844,0.0,0.0,14.722201479549282,0,0,0,0.0,0.0,1.0,0,0,0,0,1,5,2,DISABLED,nan,0,-1,0,0.0,0
2366,245.77931940900453,121.5,0.0,180.0,451.0,121.5,0.0,180.0,451.0,136.7723253515625,0.0,181.282121140625,452.65921559375,tracker,nan,nan,nan,nan,0.7425069808959961,nan,0,nan,nan,nan,TRACKING,0.03893655199499335,0.0,0.0,14.429098504330558,0,0,0,0.0,0.0,1.0,0,0,0,0,1,5,2,DISABLED,nan,0,-1,0,0.0,0
2367,245.9087844349997,121.5,0.0,180.0,451.0,121.5,0.0,180.0,451.0,131.42701147851562,0.0,180.83337874140625,452.0784901359375,tracker,nan,nan,nan,nan,0.7436212301254272,nan,0,nan,nan,nan,TRACKING,0.09990553299576277,0.0,0.0,7.724093764422435,0,0,0,0.0,0.0,1.0,0,0,0,0,1,5,2,DISABLED,nan,0,-1,0,0.0,0
2368,245.97649233599805,121.5,0.0,180.0,451.0,121.5,0.0,180.0,451.0,127.95255746103516,0.0,180.54169618191406,451.7010185883594,tracker,nan,nan,nan,nan,0.7615108489990234,nan,0,nan,nan,nan,TRACKING,0.04432475999783492,0.0,0.0,14.769325075138022,0,0,0,0.0,0.0,1.0,0,0,0,0,1,5,2,DISABLED,nan,0,-1,0,0.0,0
2369,246.06653741300397,121.5,0.0,180.0,451.0,121.5,0.0,180.0,451.0,125.69416234967287,0.0,180.35210251824412,451.4556620824336,tracker,nan,nan,nan,nan,0.7699437737464905,nan,0,nan,nan,nan,TRACKING,0.04760895699291723,0.0,0.0,11.105548834548703,0,0,0,0.0,0.0,1.0,0,0,0,0,1,5,2,DISABLED,nan,0,-1,0,0.0,0
2370,246.1519119029981,121.5,0.0,180.0,451.0,121.5,0.0,180.0,451.0,124.22620552728736,0.0,180.22886663685867,451.2961803535818,tracker,nan,nan,nan,nan,0.7628209590911865,nan,0,nan,nan,nan,TRACKING,0.04711009099992225,0.0,0.0,11.713100717423524,0,0,0,0.0,0.0,1.0,0,0,0,0,1,5,2,DISABLED,nan,0,-1,0,0.0,0
2371,246.23958567000227,121.5,0.0,180.0,451.0,121.5,0.0,180.0,451.0,123.27203359273679,0.0,180.14876331395814,451.1925172298281,tracker,nan,nan,nan,nan,0.7642074823379517,nan,0,nan,nan,nan,TRACKING,0.062208439005189575,0.0,0.0,11.405920313114043,0,0,0,0.0,0.0,1.0,0,0,0,0,1,5,2,DISABLED,nan,0,-1,0,0.0,0
2372,246.31151685400255,121.5,0.0,180.0,451.0,121.5,0.0,180.0,451.0,122.65182183527892,0.0,180.0966961540728,451.1251361993883,tracker,nan,nan,nan,nan,0.7638809680938721,nan,0,nan,nan,nan,TRACKING,0.04512738400080707,0.0,0.0,13.902176279986483,0,0,0,0.0,0.0,1.0,0,0,0,0,1,5,2,DISABLED,nan,0,-1,0,0.0,0
2373,246.4003120030029,121.5,0.0,180.0,451.0,121.5,0.0,180.0,451.0,122.24868419293131,0.0,180.0628525001473,451.08133852960236,tracker,nan,nan,nan,nan,0.764194667339325,nan,0,nan,nan,nan,TRACKING,0.055977604999498,0.0,0.0,11.261876479264966,0,0,0,0.0,0.0,1.0,0,0,0,0,1,5,2,DISABLED,nan,0,-1,0,0.0,0
2374,246.47296153799834,121.5,0.0,180.0,451.0,121.5,0.0,180.0,451.0,121.98664472540534,0.0,180.04085412509573,451.05287004424156,tracker,nan,nan,nan,nan,0.7661223411560059,nan,0,nan,nan,nan,TRACKING,0.04953468299936503,0.0,0.0,13.764713016577995,0,0,0,0.0,0.0,1.0,0,0,0,0,1,5,2,DISABLED,nan,0,-1,0,0.0,0
2375,246.54486188800365,121.5,0.0,180.0,451.0,121.5,0.0,180.0,451.0,121.81631907151348,0.0,180.02655518131223,451.034365528757,tracker,nan,nan,nan,nan,0.7696834802627563,nan,0,nan,nan,nan,TRACKING,0.04614850399957504,0.0,0.0,13.908138137382917,0,0,0,0.0,0.0,1.0,0,0,0,0,1,5,2,DISABLED,nan,0,-1,0,0.0,0
2376,246.61575044100027,121.5,0.0,180.0,451.0,121.5,0.0,180.0,451.0,121.70560739648377,0.0,180.01726086785294,451.0223375936921,tracker,nan,nan,nan,nan,0.7710340023040771,nan,0,nan,nan,nan,TRACKING,0.0407010229973821,0.0,0.0,14.106649913529289,0,0,0,0.0,0.0,1.0,0,0,0,0,1,5,2,DISABLED,nan,0,-1,0,0.0,0
2377,246.7239416520024,121.5,0.0,180.0,451.0,121.5,0.0,180.0,451.0,121.63364480771446,0.0,180.0112195641044,451.01451943589984,tracker,nan,nan,nan,nan,0.7672426700592041,nan,0,nan,nan,nan,TRACKING,0.06944461000239244,0.0,0.0,9.242894970279844,0,0,0,0.0,0.0,1.0,0,0,0,0,1,5,2,DISABLED,nan,0,-1,0,0.0,0
2378,246.80436914299935,121.5,0.0,180.0,451.0,121.5,0.0,180.0,451.0,121.5868691250144,0.0,180.00729271666785,451.00943763333487,tracker,nan,nan,nan,nan,0.7754755616188049,nan,0,nan,nan,nan,TRACKING,0.05037720400287071,0.0,0.0,12.433559565321739,0,0,0,0.0,0.0,1.0,0,0,0,0,1,5,2,DISABLED,nan,0,-1,0,0.0,0
2379,246.8797922369995,121.5,0.0,180.0,451.0,121.5,0.0,180.0,451.0,121.55646493125937,0.0,180.0047402658341,451.00613446166767,tracker,nan,nan,nan,nan,0.7763468623161316,nan,0,nan,nan,nan,TRACKING,0.05048387299757451,0.0,0.0,13.258538558469875,0,0,0,0.0,0.0,1.0,0,0,0,0,1,5,2,DISABLED,nan,0,-1,0,0.0,0
2380,247.15003179300402,121.5,0.0,180.0,451.0,405.0,0.0,231.0,480.0,405.0,0.0,231.0,480.0,detector,405.0,0.0,231.0,480.0,0.7816704511642456,0.981699,1,0.0,0.38667502909419943,1.3658536585365855,REINITIALIZING,0.048674452998966444,0.18948039000679273,0.0,3.7004205260877927,0,0,0,0.0,0.0,1.0,0,0,0,0,1,6,3,DISABLED,nan,0,-1,0,0.0,0
2381,247.18699267000193,405.0,0.0,231.0,480.0,405.0,0.0,231.0,480.0,405.0,0.0,231.0,480.0,held,nan,nan,nan,nan,,nan,0,nan,nan,nan,INITIALIZING,0.0,0.0,0.0,27.05563507209419,0,0,0,0.0,0.0,1.0,0,0,0,0,1,6,3,DISABLED,nan,0,-1,0,0.0,0
2382,247.2105388350028,405.0,0.0,231.0,480.0,405.0,0.0,231.0,480.0,405.0,0.0,231.0,480.0,held,nan,nan,nan,nan,,nan,0,nan,nan,nan,INITIALIZING,0.0,0.0,0.0,42.469760997709,0,0,0,0.0,0.0,1.0,0,0,0,0,1,6,3,DISABLED,nan,0,-1,0,0.0,0
2383,247.24305876799917,405.0,0.0,231.0,480.0,405.0,0.0,231.0,480.0,405.0,0.0,231.0,480.0,held,nan,nan,nan,nan,,nan,0,nan,nan,nan,INITIALIZING,0.0,0.0,0.0,30.750370860597105,0,0,0,0.0,0.0,1.0,0,0,0,0,1,6,3,DISABLED,nan,0,-1,0,0.0,0
2384,247.30642504800198,405.0,0.0,231.0,480.0,405.0,0.0,231.0,480.0,405.0,0.0,231.0,480.0,held,nan,nan,nan,nan,,nan,0,nan,nan,nan,INITIALIZING,0.0,0.0,0.0,15.781264103804837,0,0,0,0.0,0.0,1.0,0,0,0,0,1,6,3,DISABLED,nan,0,-1,0,0.0,0
2385,247.37380814900098,405.0,0.0,231.0,480.0,405.0,0.0,231.0,480.0,405.0,0.0,231.0,480.0,held,nan,nan,nan,nan,,nan,0,nan,nan,nan,INITIALIZING,0.0,0.0,0.0,14.840516170588668,0,0,0,0.0,0.0,1.0,0,0,0,0,1,6,3,DISABLED,nan,0,-1,0,0.0,0
2386,247.44500108500506,405.0,0.0,231.0,480.0,405.0,0.0,231.0,480.0,405.0,0.0,231.0,480.0,held,nan,nan,nan,nan,,nan,0,nan,nan,nan,INITIALIZING,0.0,0.0,0.0,14.046337405479008,0,0,0,0.0,0.0,1.0,0,0,0,0,1,6,3,DISABLED,nan,0,-1,0,0.0,0
2387,247.5126978910048,405.0,0.0,231.0,480.0,405.0,0.0,231.0,480.0,405.0,0.0,231.0,480.0,held,nan,nan,nan,nan,,nan,0,nan,nan,nan,INITIALIZING,0.0,0.0,0.0,14.771745656714998,0,0,0,0.0,0.0,1.0,0,0,0,0,1,6,3,DISABLED,nan,0,-1,0,0.0,0
2388,247.5766414259997,405.0,0.0,231.0,480.0,405.0,0.0,231.0,480.0,405.0,0.0,231.0,480.0,held,nan,nan,nan,nan,,nan,0,nan,nan,nan,INITIALIZING,0.0,0.0,0.0,15.638797574761455,0,0,0,0.0,0.0,1.0,0,0,0,0,1,6,3,DISABLED,nan,0,-1,0,0.0,0
2389,247.64218172000255,405.0,0.0,231.0,480.0,405.0,0.0,231.0,480.0,405.0,0.0,231.0,480.0,held,nan,nan,nan,nan,,nan,0,nan,nan,nan,INITIALIZING,0.0,0.0,0.0,15.257789352553,0,0,0,0.0,0.0,1.0,0,0,0,0,1,6,3,DISABLED,nan,0,-1,0,0.0,0
2390,247.77484411900514,405.0,0.4999847412109375,231.00001525878906,480.0000305175781,405.0,0.4999847412109375,231.00001525878906,480.0000305175781,405.0,0.1749946594238281,231.00000534057617,479.8250053405762,tracker,nan,nan,nan,nan,0.8344110250473022,nan,0,nan,nan,nan,TRACKING,0.05099336599960225,0.0,0.5630626999991364,7.537930924802017,0,0,0,0.5000000000582077,0.0006250000000727596,1.0000001296336558,0,0,0,0,1,6,3,DISABLED,nan,0,-1,0,0.0,0
2391,247.84773485799815,405.0,0.4999847412109375,231.00001525878906,480.0000305175781,405.0,0.4999847412109375,231.00001525878906,480.0000305175781,405.0,0.28874118804931637,231.00000881195066,479.7112588119507,tracker,nan,nan,nan,nan,0.8324189186096191,nan,0,nan,nan,nan,TRACKING,0.04549057099939091,0.0,0.0,13.719163968085118,0,0,0,0.0,0.0,1.0,0,0,0,0,1,6,3,DISABLED,nan,0,-1,0,0.0,0
2392,247.91832178900222,405.0,0.4999847412109375,231.00001525878906,480.0000305175781,405.0,0.4999847412109375,231.00001525878906,480.0000305175781,405.0,0.36267643165588376,231.0000110683441,479.63732356834413,tracker,nan,nan,nan,nan,0.8279529809951782,nan,0,nan,nan,nan,TRACKING,0.04596120800124481,0.0,0.0,14.166928435269478,0,0,0,0.0,0.0,1.0,0,0,0,0,1,6,3,DISABLED,nan,0,-1,0,0.0,0
2393,248.00142361799954,405.0,0.4999847412109375,231.00001525878906,480.0000305175781,405.0,0.4999847412109375,231.00001525878906,480.0000305175781,405.0,0.4107343400001525,231.00001253499983,479.58926565999985,tracker,nan,nan,nan,nan,0.8244187831878662,nan,0,nan,nan,nan,TRACKING,0.05702289300097618,0.0,0.0,12.033429493258403,0,0,0,0.0,0.0,1.0,0,0,0,0,1,6,3,DISABLED,nan,0,-1,0,0.0,0
2394,248.06487083899992,405.0,0.4999847412109375,231.00001525878906,480.0000305175781,405.0,0.4999847412109375,231.00001525878906,480.0000305175781,405.0,0.44197198042392727,231.00001348832606,479.55802801957606,tracker,nan,nan,nan,nan,0.830573320388794,nan,0,nan,nan,nan,TRACKING,0.04028231499978574,0.0,0.0,15.761131602499782,0,0,0,0.0,0.0,1.0,0,0,0,0,1,6,3,DISABLED,nan,0,-1,0,0.0,0
2395,248.13681994000217,405.0,0.4999847412109375,231.00001525878906,480.0000305175781,405.0,0.4999847412109375,231.00001525878906,480.0000305175781,405.0,0.46227644669938084,231.0000141079881,479.5377235533006,tracker,nan,nan,nan,nan,0.8263058662414551,nan,0,nan,nan,nan,TRACKING,0.04565593999723205,0.0,0.0,13.898714314286917,0,0,0,0.0,0.0,1.0,0,0,0,0,1,6,3,DISABLED,nan,0,-1,0,0.0,0
2396,248.21310461800022,405.0,0.4999847412109375,231.00001525878906,480.0000305175781,405.0,0.4999847412109375,231.00001525878906,480.0000305175781,405.0,0.4754743497784256,231.00001451076844,479.52452565022156,tracker,nan,nan,nan,nan,0.8257733583450317,nan,0,nan,nan,nan,TRACKING,0.04383021700050449,0.0,0.0,13.108792305915081,0,0,0,0.0,0.0,1.0,0,0,0,0,1,6,3,DISABLED,nan,0,-1,0,0.0,0
2397,248.27202682899951,405.0,0.4999847412109375,231.00001525878906,480.0000305175781,405.0,0.4999847412109375,231.00001525878906,480.0000305175781,405.0,0.4840529867798048,231.00001477257564,479.51594701322017,tracker,nan,nan,nan,nan,0.8262587785720825,nan,0,nan,nan,nan,TRACKING,0.03494712900283048,0.0,0.0,16.97152878414389,0,0,0,0.0,0.0,1.0,0,0,0,0,1,6,3,DISABLED,nan,0,-1,0,0.0,0
2398,248.34555591800017,405.0,0.4999847412109375,231.00001525878906,480.0000305175781,405.0,0.4999847412109375,231.00001525878906,480.0000305175781,405.0,0.4896291008307012,231.00001494275034,479.5103708991693,tracker,nan,nan,nan,nan,0.8214918375015259,nan,0,nan,nan,nan,TRACKING,0.04894409499684116,0.0,0.0,13.600059698700324,0,0,0,0.0,0.0,1.0,0,0,0,0,1,6,3,DISABLED,nan,0,-1,0,0.0,0
2399,248.42529011000443,405.0,0.4999847412109375,231.00001525878906,480.0000305175781,405.0,0.4999847412109375,231.00001525878906,480.0000305175781,405.0,0.49325357496378386,231.00001505336388,479.5067464250362,tracker,nan,nan,nan,nan,0.8265637159347534,nan,0,nan,nan,nan,TRACKING,0.04793130900361575,0.0,0.0,12.541670955249213,0,0,0,0.0,0.0,1.0,0,0,0,0,1,6,3,DISABLED,nan,0,-1,0,0.0,0
2400,248.78665253000509,405.0,0.4999847412109375,231.00001525878906,480.0000305175781,405.0,0.4999847412109375,231.00001525878906,480.0000305175781,415.0,0.0,217.0,480.0,detector,415.0,0.0,217.0,480.0,0.8279297351837158,0.973311,1,0.9374979654646302,0.0038017171744512,1.0645162670293755,DETECTOR_CONFIRMED,0.05241735999879893,0.2607908809950459,0.0,2.7673049123319857,0,0,0,0.0,0.0,1.0,0,0,0,0,1,6,3,DISABLED,nan,0,-1,0,0.0,0
2401,248.86184363999928,405.0,0.4999847412109375,231.00001525878906,480.0000305175781,405.0,0.4999847412109375,231.00001525878906,480.0000305175781,411.5,0.1749946594238281,221.90000534057617,479.8250053405762,tracker,nan,nan,nan,nan,0.8302332162857056,nan,0,nan,nan,nan,TRACKING,0.044737947995599825,0.0,0.0,13.299444576323221,0,0,0,0.0,0.0,1.0,0,0,0,0,1,6,3,DISABLED,nan,0,-1,0,0.0,0
2402,248.93477682799858,405.0,0.4999847412109375,231.00001525878906,480.0000305175781,405.0,0.4999847412109375,231.00001525878906,480.0000305175781,409.225,0.28874118804931637,225.08500881195067,479.7112588119507,tracker,nan,nan,nan,nan,0.8238568305969238,nan,0,nan,nan,nan,TRACKING,0.04805839600157924,0.0,0.0,13.711179058971615,0,0,0,0.0,0.0,1.0,0,0,0,0,1,6,3,DISABLED,nan,0,-1,0,0.0,0
2403,249.00881702300103,405.0,0.4999847412109375,231.00001525878906,480.0000305175781,405.0,0.4999847412109375,231.00001525878906,480.0000305175781,407.74625000000003,0.36267643165588376,227.1552610683441,479.63732356834413,tracker,nan,nan,nan,nan,0.8253468871116638,nan,0,nan,nan,nan,TRACKING,0.04790943399711978,0.0,0.0,13.50617728609256,0,0,0,0.0,0.0,1.0,0,0,0,0,1,6,3,DISABLED,nan,0,-1,0,0.0,0
2404,249.08477919299912,411.65972900390625,0.4999847412109375,231.00001525878906,480.0000305175781,411.65972900390625,0.4999847412109375,231.00001525878906,480.0000305175781,409.1159676513672,0.4107343400001525,228.50092503499982,479.58926565999985,tracker,nan,nan,nan,nan,0.8243392705917358,nan,0,nan,nan,nan,TRACKING,0.04725077199691441,0.0,0.0,13.164447514139079,0,0,0,6.65972900390625,0.008324661254882813,1.0,0,0,0,0,1,6,3,DISABLED,nan,0,-1,0,0.0,0
2405,249.1588797029981,412.0,0.4999847412109375,231.00001525878906,480.0000305175781,412.0,0.4999847412109375,231.00001525878906,480.0000305175781,410.1253789733887,0.44197198042392727,229.37560661332606,479.55802801957606,tracker,nan,nan,nan,nan,0.8235889673233032,nan,0,nan,nan,nan,TRACKING,0.0497505210005329,0.0,0.0,13.495183771527229,0,0,0,0.34027099609375,0.0004253387451171875,1.0,0,0,0,0,1,6,3,DISABLED,nan,0,-1,0,0.0,0
2406,249.23606341399864,412.0,0.4999847412109375,231.00001525878906,480.0000305175781,412.0,0.4999847412109375,231.00001525878906,480.0000305175781,410.78149633270266,0.46227644669938084,229.21850366729734,479.5377235533006,tracker,nan,nan,nan,nan,0.8101771473884583,nan,0,nan,nan,nan,TRACKING,0.05151499299972784,0.0,0.0,12.956101579424676,0,0,0,0.0,0.0,1.0,0,0,0,0,1,6,3,DISABLED,nan,0,-1,0,0.0,0
2407,249.30433461000212,412.0,0.4999847412109375,231.00001525878906,480.0000305175781,412.0,0.4999847412109375,231.00001525878906,480.0000305175781,411.2079726162567,0.4754743497784256,228.7920273837433,479.52452565022156,tracker,nan,nan,nan,nan,0.8084044456481934,nan,0,nan,nan,nan,TRACKING,0.040249552999739535,0.0,0.0,14.64746567423596,0,0,0,0.0,0.0,1.0,0,0,0,0,1,6,3,DISABLED,nan,0,-1,0,0.0,0
2408,249.38420234800287,412.0,0.4999847412109375,231.00001525878906,480.0000305175781,412.0,0.4999847412109375,231.00001525878906,480.0000305175781,411.48518220056684,0.4840529867798048,228.51481779943316,479.51594701322017,tracker,nan,nan,nan,nan,0.8098541498184204,nan,0,nan,nan,nan,TRACKING,0.04993339099746663,0.0,0.0,12.52070016043919,0,0,0,0.0,0.0,1.0,0,0,0,0,1,6,3,DISABLED,nan,0,-1,0,0.0,0
2409,249.45552054700238,412.0,0.4999847412109375,231.00001525878906,480.0000305175781,412.0,0.4999847412109375,231.00001525878906,480.0000305175781,411.66536843036846,0.4896291008307012,228.33463156963154,479.5103708991693,tracker,nan,nan,nan,nan,0.8048707842826843,nan,0,nan,nan,nan,TRACKING,0.04848382299678633,0.0,0.0,14.021666475438069,0,0,0,0.0,0.0,1.0,0,0,0,0,1,6,3,DISABLED,nan,0,-1,0,0.0,0
2410,249.52059317300154,412.0,0.4999847412109375,231.00001525878906,480.0000305175781,412.0,0.4999847412109375,231.00001525878906,480.0000305175781,411.7824894797395,0.49325357496378386,228.21751052026048,479.5067464250362,tracker,nan,nan,nan,nan,0.8036676049232483,nan,0,nan,nan,nan,TRACKING,0.04131536199565744,0.0,0.0,15.367444983899105,0,0,0,0.0,0.0,1.0,0,0,0,0,1,6,3,DISABLED,nan,0,-1,0,0.0,0
2411,249.5818899750011,412.0,0.4999847412109375,231.00001525878906,480.0000305175781,412.0,0.4999847412109375,231.00001525878906,480.0000305175781,411.8586181618307,0.49560948315028763,228.1413818381693,479.5043905168497,tracker,nan,nan,nan,nan,0.807727038860321,nan,0,nan,nan,nan,TRACKING,0.03669472500041593,0.0,0.0,16.31406480238837,0,0,0,0.0,0.0,1.0,0,0,0,0,1,6,3,DISABLED,nan,0,-1,0,0.0,0
2412,249.65261164899857,412.0,0.4999847412109375,231.00001525878906,480.0000305175781,412.0,0.4999847412109375,231.00001525878906,480.0000305175781,411.90810180519,0.4971408234715151,228.09189819481003,479.5028591765285,tracker,nan,nan,nan,nan,0.8051068782806396,nan,0,nan,nan,nan,TRACKING,0.045525727997301146,0.0,0.0,14.139936789898353,0,0,0,0.0,0.0,1.0,0,0,0,0,1,6,3,DISABLED,nan,0,-1,0,0.0,0
2413,249.71684279599867,412.0,0.4999847412109375,231.00001525878906,480.0000305175781,412.0,0.4999847412109375,231.00001525878906,480.0000305175781,411.94026617337346,0.4981361946803129,228.05973382662654,479.5018638053197,tracker,nan,nan,nan,nan,0.8093950152397156,nan,0,nan,nan,nan,TRACKING,0.04055539499677252,0.0,0.0,15.568770708678702,0,0,0,0.0,0.0,1.0,0,0,0,0,1,6,3,DISABLED,nan,0,-1,0,0.0,0
2414,249.84022449199983,412.0,0.4999847412109375,231.00001525878906,480.0000305175781,412.0,0.4999847412109375,231.00001525878906,480.0000305175781,411.96117301269277,0.49878318596603155,228.03882698730723,479.50121681403397,tracker,nan,nan,nan,nan,0.8076740503311157,nan,0,nan,nan,nan,TRACKING,0.09709989000111818,0.0,0.0,8.104929924051223,0,0,0,0.0,0.0,1.0,0,0,0,0,1,6,3,DISABLED,nan,0,-1,0,0.0,0
2415,249.90205359899846,412.0,0.4999847412109375,231.00001525878906,480.0000305175781,412.0,0.4999847412109375,231.00001525878906,480.0000305175781,411.9747624582503,0.4992037303017486,228.02523754174968,479.50079626969824,tracker,nan,nan,nan,nan,0.8193569779396057,nan,0,nan,nan,nan,TRACKING,0.03905848200520268,0.0,0.0,16.173612211836733,0,0,0,0.0,0.0,1.0,0,0,0,0,1,6,3,DISABLED,nan,0,-1,0,0.0,0
2416,249.9740275439981,412.0,0.4999847412109375,231.00001525878906,480.0000305175781,412.0,0.4999847412109375,231.00001525878906,480.0000305175781,411.9835955978627,0.4994770841199647,228.0164044021373,479.50052291588,tracker,nan,nan,nan,nan,0.8125880360603333,nan,0,nan,nan,nan,TRACKING,0.04555281200009631,0.0,0.0,13.893916750084836,0,0,0,0.0,0.0,1.0,0,0,0,0,1,6,3,DISABLED,nan,0,-1,0,0.0,0
2417,250.04726745899825,412.0,0.4999847412109375,231.00001525878906,480.0000305175781,412.0,0.4999847412109375,231.00001525878906,480.0000305175781,411.9893371386107,0.4996547641018052,228.01066286138928,479.5003452358982,tracker,nan,nan,nan,nan,0.8216172456741333,nan,0,nan,nan,nan,TRACKING,0.04246195300220279,0.0,0.0,13.653756971152108,0,0,0,0.0,0.0,1.0,0,0,0,0,1,6,3,DISABLED,nan,0,-1,0,0.0,0
2418,250.10960746400087,412.0,0.4999847412109375,231.00001525878906,480.0000305175781,412.0,0.4999847412109375,231.00001525878906,480.0000305175781,411.99306914009696,0.4997702560900015,228.00693085990304,479.50022974391,tracker,nan,nan,nan,nan,0.8130849599838257,nan,0,nan,nan,nan,TRACKING,0.040968061999592464,0.0,0.0,16.041063839470258,0,0,0,0.0,0.0,1.0,0,0,0,0,1,6,3,DISABLED,nan,0,-1,0,0.0,0
2419,250.1859515190008,412.0,0.4999847412109375,231.00001525878906,480.0000305175781,412.0,0.4999847412109375,231.00001525878906,480.0000305175781,411.99549494106304,0.4998453258823291,228.00450505893696,479.50015467411765,tracker,nan,nan,nan,nan,0.8173150420188904,nan,0,nan,nan,nan,TRACKING,0.05201187999773538,0.0,0.0,13.098596871764796,0,0,0,0.0,0.0,1.0,0,0,0,0,1,6,3,DISABLED,nan,0,-1,0,0.0,0
2420,250.49010843800352,412.0,0.4999847412109375,231.00001525878906,480.0000305175781,412.0,0.4999847412109375,231.00001525878906,480.0000305175781,413.0,0.0,220.0,480.0,detector,413.0,0.0,220.0,480.0,0.812169075012207,0.973243,1,0.9504459220291654,0.005659625189749896,1.0500001361153386,DETECTOR_CONFIRMED,0.04205845399701502,0.23607546700077364,0.0,3.28777659662938,0,0,0,0.0,0.0,1.0,0,0,0,0,1,6,3,DISABLED,nan,0,-1,0,0.0,0
2421,250.55293819500366,412.0,0.4999847412109375,231.00001525878906,480.0000305175781,412.0,0.4999847412109375,231.00001525878906,480.0000305175781,412.65,0.1749946594238281,223.85000534057616,479.8250053405762,tracker,nan,nan,nan,nan,0.8030683994293213,nan,0,nan,nan,nan,TRACKING,0.03729468699748395,0.0,0.0,15.916025268053982,0,0,0,0.0,0.0,1.0,0,0,0,0,1,6,3,DISABLED,nan,0,-1,0,0.0,0
2422,250.63541209200048,405.34027099609375,0.4999847412109375,231.00001525878906,480.0000305175781,405.34027099609375,0.4999847412109375,231.00001525878906,480.0000305175781,410.0915948486328,0.28874118804931637,226.35250881195066,479.7112588119507,tracker,nan,nan,nan,nan,0.7972452640533447,nan,0,nan,nan,nan,TRACKING,0.052224697996280156,0.0,0.0,12.125048487021276,0,0,0,6.65972900390625,0.008324661254882813,1.0,0,0,0,0,1,6,3,DISABLED,nan,0,-1,0,0.0,0
2423,250.70646059700084,405.0,0.4999847412109375,231.00001525878906,480.0000305175781,405.0,0.4999847412109375,231.00001525878906,480.0000305175781,408.3095366516113,0.36267643165588376,227.9791360683441,479.63732356834413,tracker,nan,nan,nan,nan,0.8153960704803467,nan,0,nan,nan,nan,TRACKING,0.04226439599733567,0.0,0.0,14.074891512423743,0,0,0,0.34027099609375,0.0004253387451171875,1.0,0,0,0,0,1,6,3,DISABLED,nan,0,-1,0,0.0,0
2424,250.7822823480019,405.0,-6.1597442626953125,231.00001525878906,480.0000305175781,405.0,-6.1597442626953125,231.00001525878906,480.0000305175781,407.15119882354736,0.0,229.03644378499985,479.764271000576,tracker,nan,nan,nan,nan,0.8079324960708618,nan,0,nan,nan,nan,TRACKING,0.05160379700100748,0.0,0.0,13.188827569888808,0,0,0,6.65972900390625,0.008324661254882813,1.0,0,0,0,0,1,6,3,DISABLED,nan,0,-1,0,0.0,0
2425,250.85926600200037,398.34027099609375,-6.5000152587890625,231.00001525878906,480.0000305175781,398.34027099609375,-6.5000152587890625,231.00001525878906,480.0000305175781,404.0673740839386,0.0,229.72369380082606,479.84678683152674,tracker,nan,nan,nan,nan,0.7896392345428467,nan,0,nan,nan,nan,TRACKING,0.05304367800272303,0.0,0.0,12.989770529986787,0,0,0,6.668416210484523,0.008335520263105654,1.0,0,0,0,0,1,6,3,DISABLED,nan,0,-1,0,0.0,0
2426,250.94388635900395,391.34027099609375,-6.5000152587890625,231.00001525878906,480.0000305175781,391.34027099609375,-6.5000152587890625,231.00001525878906,480.0000305175781,399.6128880031929,0.0,230.1704063111131,479.90042212164474,tracker,nan,nan,nan,nan,0.7333701848983765,nan,0,nan,nan,nan,TRACKING,0.05977483600145206,0.0,0.0,11.817487368407258,0,0,0,7.0,0.00875,1.0,0,0,0,0,1,6,3,DISABLED,nan,0,-1,0,0.0,0
2427,251.0104852220029,391.0,-6.5000152587890625,231.00001525878906,480.0000305175781,391.0,-6.5000152587890625,231.00001525878906,480.0000305175781,396.5983772020754,0.0,230.4607694427997,479.9352850602214,tracker,nan,nan,nan,nan,0.6690840125083923,nan,0,nan,nan,nan,TRACKING,0.04080076499667484,0.0,0.0,15.01527135704783,0,0,0,0.34027099609375,0.0004253387451171875,1.0,0,0,0,0,1,6,3,DISABLED,nan,0,-1,0,0.0,0
2428,251.08320564400492,384.34027099609375,-6.5000152587890625,231.00001525878906,480.0000305175781,384.34027099609375,-6.5000152587890625,231.00001525878906,480.0000305175781,392.30804002998184,0.0,230.64950547839595,479.95794597029624,tracker,nan,nan,nan,nan,0.597252607345581,nan,0,nan,nan,nan,TRACKING,0.04756541499955347,0.0,0.0,13.751295337260357,0,0,0,6.65972900390625,0.008324661254882813,1.0,0,0,0,0,1,6,3,DISABLED,nan,0,-1,0,0.0,0
2429,251.15964621199964,384.0,-6.5000152587890625,231.00001525878906,480.0000305175781,384.0,-6.5000152587890625,231.00001525878906,480.0000305175781,389.4002260194882,0.0,230.77218390153354,479.9726755618449,tracker,nan,nan,nan,nan,0.5255787372589111,nan,0,nan,nan,nan,TRACKING,0.04870007900171913,0.0,0.0,13.082058731811527,0,0,0,0.34027099609375,0.0004253387451171875,1.0,0,0,0,0,1,6,3,DISABLED,nan,0,-1,0,0.0,0
2430,251.43094188800023,390.65972900390625,-6.5000152587890625,231.00001525878906,480.0000305175781,390.65972900390625,-6.5000152587890625,231.00001525878906,480.0000305175781,361.0,0.0,218.0,480.0,detector,361.0,0.0,218.0,480.0,0.4678150415420532,0.929923,1,0.7058610948801919,0.04592413161586582,1.059633164887039,LOW_CONFIDENCE,0.05074169300496578,0.1882244729931699,0.0,3.6860152536961994,1,0,0,6.65972900390625,0.008324661254882813,1.0,0,0,0,0,1,6,3,DISABLED,nan,0,-1,0,0.0,0
2431,251.67379112000344,391.0,-6.5000152587890625,231.00001525878906,480.0000305175781,391.0,-6.5000152587890625,231.00001525878906,480.0000305175781,361.0,0.0,218.0,480.0,held,nan,nan,nan,nan,0.4175387918949127,nan,0,nan,nan,nan,SUSPECTED_LOST,0.05830078900180524,0.1518493399998988,0.0,4.117781191858104,1,0,0,0.34027099609375,0.0004253387451171875,1.0,0,0,0,0,1,6,3,DISABLED,nan,0,-1,0,0.0,0
2432,251.97784413000045,397.65972900390625,-6.5000152587890625,231.00001525878906,480.0000305175781,397.65972900390625,-6.5000152587890625,231.00001525878906,480.0000305175781,290.0,1.0,156.0,289.0,detector,290.0,1.0,156.0,289.0,0.3532502055168152,0.804837,1,0.09838704585949593,0.2121885553708999,2.4594094218299123,SUSPECTED_LOST,0.04884117600158788,0.22339874300087104,0.0,3.2889001822736383,1,0,0,6.65972900390625,0.008324661254882813,1.0,0,0,0,0,1,6,3,DISABLED,nan,0,-1,0,0.0,0
2433,252.2649841110033,398.0,0.1597137451171875,231.00001525878906,480.0000305175781,398.0,0.1597137451171875,231.00001525878906,480.0000305175781,213.0,1.0,178.0,463.0,detector,213.0,1.0,178.0,463.0,0.385665625333786,0.795258,1,0.0,0.26454833170084213,1.3454026545705797,LOW_CONFIDENCE,0.04606141900148941,0.21512629499920877,0.0,3.482621948039053,1,0,0,6.668416210484523,0.008335520263105654,1.0,0,0,0,0,1,6,3,DISABLED,nan,0,-1,0,0.0,0
2434,252.4947929109985,398.0,0.4999847412109375,231.00001525878906,480.0000305175781,398.0,0.4999847412109375,231.00001525878906,480.0000305175781,213.0,1.0,178.0,463.0,held,nan,nan,nan,nan,0.4145826995372772,nan,0,nan,nan,nan,SUSPECTED_LOST,0.0489363870001398,0.1498473620013101,0.0,4.351443460915224,1,0,0,0.34027099609375,0.0004253387451171875,1.0,0,0,0,0,1,6,3,DISABLED,nan,0,-1,0,0.0,0
2435,252.7448852939997,398.0,0.4999847412109375,231.00001525878906,480.0000305175781,398.0,0.4999847412109375,231.00001525878906,480.0000305175781,213.0,1.0,178.0,463.0,held,nan,nan,nan,nan,0.4129639267921448,nan,0,nan,nan,nan,SUSPECTED_LOST,0.04782797399820993,0.17217552800138947,0.0,3.9985224179950514,1,0,0,0.0,0.0,1.0,0,0,0,0,1,6,3,DISABLED,nan,0,-1,0,0.0,0
2436,253.02872477500205,404.65972900390625,0.4999847412109375,231.00001525878906,480.0000305175781,404.65972900390625,0.4999847412109375,231.00001525878906,480.0000305175781,114.0,7.0,140.0,462.0,detector,114.0,7.0,140.0,462.0,0.42397746443748474,0.987678,1,0.0,0.4202112908506754,1.7142859365148386,SUSPECTED_LOST,0.05445761900045909,0.18341841499932343,0.0,3.5231180541500673,1,0,0,6.65972900390625,0.008324661254882813,1.0,0,0,0,0,1,6,3,DISABLED,nan,0,-1,0,0.0,0
2437,253.3163693000024,405.0,0.4999847412109375,231.00001525878906,480.0000305175781,405.0,0.4999847412109375,231.00001525878906,480.0000305175781,114.0,7.0,140.0,462.0,held,nan,nan,nan,nan,0.41759899258613586,nan,0,nan,nan,nan,SUSPECTED_LOST,0.04339562200038927,0.21250602100190008,0.0,3.4765132414696542,1,0,0,0.34027099609375,0.0004253387451171875,1.0,0,0,0,0,1,6,3,DISABLED,nan,0,-1,0,0.0,0
2438,253.5448104610041,405.0,0.4999847412109375,231.00001525878906,480.0000305175781,405.0,0.4999847412109375,231.00001525878906,480.0000305175781,114.0,7.0,140.0,462.0,held,nan,nan,nan,nan,0.43666815757751465,nan,0,nan,nan,nan,SUSPECTED_LOST,0.04720394699688768,0.14981491299840854,0.0,4.377494824554108,1,0,0,0.0,0.0,1.0,0,0,0,0,1,6,3,DISABLED,nan,0,-1,0,0.0,0
2439,253.82419509100146,405.0,0.4999847412109375,231.00001525878906,480.0000305175781,405.0,0.4999847412109375,231.00001525878906,480.0000305175781,114.0,7.0,140.0,462.0,held,nan,nan,nan,nan,0.4419940412044525,nan,0,nan,nan,nan,SUSPECTED_LOST,0.101145043001452,0.13256671900307992,0.0,3.5792949669759064,1,0,0,0.0,0.0,1.0,0,0,0,0,1,6,3,DISABLED,nan,0,-1,0,0.0,0
2440,254.10025692899944,405.0,0.4999847412109375,231.00001525878906,480.0000305175781,45.0,0.0,166.0,480.0,45.0,0.0,166.0,480.0,detector,45.0,0.0,166.0,480.0,0.46281108260154724,0.760246,1,0.0,0.4906254076257459,1.3915664454540633,REINITIALIZING,0.05270080400077859,0.19198139000218362,0.0,3.622376809674416,1,0,0,0.0,0.0,1.0,0,0,0,0,1,7,3,DISABLED,nan,0,-1,0,0.0,0
2441,254.13349120200292,45.0,0.0,166.0,480.0,45.0,0.0,166.0,480.0,45.0,0.0,166.0,480.0,held,nan,nan,nan,nan,,nan,0,nan,nan,nan,INITIALIZING,0.0,0.0,0.0,30.089420036223302,0,0,0,0.0,0.0,1.0,0,0,0,0,1,7,3,DISABLED,nan,0,-1,0,0.0,0
2442,254.19743671600008,45.0,0.0,166.0,480.0,45.0,0.0,166.0,480.0,45.0,0.0,166.0,480.0,held,nan,nan,nan,nan,,nan,0,nan,nan,nan,INITIALIZING,0.0,0.0,0.0,15.638313581219725,0,0,0,0.0,0.0,1.0,0,0,0,0,1,7,3,DISABLED,nan,0,-1,0,0.0,0
2443,254.24873852699966,45.0,0.0,166.0,480.0,45.0,0.0,166.0,480.0,45.0,0.0,166.0,480.0,held,nan,nan,nan,nan,,nan,0,nan,nan,nan,INITIALIZING,0.0,0.0,0.0,19.492489261407826,0,0,0,0.0,0.0,1.0,0,0,0,0,1,7,3,DISABLED,nan,0,-1,0,0.0,0
2444,254.31156083600217,45.0,0.0,166.0,480.0,45.0,0.0,166.0,480.0,45.0,0.0,166.0,480.0,held,nan,nan,nan,nan,,nan,0,nan,nan,nan,INITIALIZING,0.0,0.0,0.0,15.91791221745761,0,0,0,0.0,0.0,1.0,0,0,0,0,1,7,3,DISABLED,nan,0,-1,0,0.0,0
2445,254.38114972200128,45.0,0.0,166.0,480.0,45.0,0.0,166.0,480.0,45.0,0.0,166.0,480.0,held,nan,nan,nan,nan,,nan,0,nan,nan,nan,INITIALIZING,0.0,0.0,0.0,14.370110767584187,0,0,0,0.0,0.0,1.0,0,0,0,0,1,7,3,DISABLED,nan,0,-1,0,0.0,0
2446,254.46018415700382,45.0,0.0,166.0,480.0,45.0,0.0,166.0,480.0,45.0,0.0,166.0,480.0,held,nan,nan,nan,nan,,nan,0,nan,nan,nan,INITIALIZING,0.0,0.0,0.0,12.652712706402635,0,0,0,0.0,0.0,1.0,0,0,0,0,1,7,3,DISABLED,nan,0,-1,0,0.0,0
2447,254.52563210500375,45.0,0.0,166.0,480.0,45.0,0.0,166.0,480.0,45.0,0.0,166.0,480.0,held,nan,nan,nan,nan,,nan,0,nan,nan,nan,INITIALIZING,0.0,0.0,0.0,15.279317848148546,0,0,0,0.0,0.0,1.0,0,0,0,0,1,7,3,DISABLED,nan,0,-1,0,0.0,0
2448,254.58119470000383,45.0,0.0,166.0,480.0,45.0,0.0,166.0,480.0,45.0,0.0,166.0,480.0,held,nan,nan,nan,nan,,nan,0,nan,nan,nan,INITIALIZING,0.0,0.0,0.0,17.997719508934104,0,0,0,0.0,0.0,1.0,0,0,0,0,1,7,3,DISABLED,nan,0,-1,0,0.0,0
2449,254.71250935600256,28.56341552734375,0.5000152587890625,166.0,479.9999694824219,28.56341552734375,0.5000152587890625,166.0,479.9999694824219,39.247195434570315,0.17500534057617187,166.0,479.82499465942385,tracker,nan,nan,nan,nan,0.6330997347831726,nan,0,nan,nan,nan,TRACKING,0.06072642299841391,0.0,0.4898399740050081,7.615296193668851,0,0,0,16.44418770042365,0.020555234625529564,1.0000000635782917,0,0,0,0,1,7,3,DISABLED,nan,0,-1,0,0.0,0
2450,254.78297899300378,28.5,0.5000152587890625,166.0,479.9999694824219,28.5,0.5000152587890625,166.0,479.9999694824219,35.485677032470704,0.2887588119506836,166.0,479.7112411880493,tracker,nan,nan,nan,nan,0.6198933124542236,nan,0,nan,nan,nan,TRACKING,0.04518650099635124,0.0,0.0,14.190508743256704,0,0,0,0.06341552734375,7.92694091796875e-05,1.0,0,0,0,0,1,7,3,DISABLED,nan,0,-1,0,0.0,0
2451,254.85125190800318,28.5,0.5000152587890625,166.0,479.9999694824219,28.5,0.5000152587890625,166.0,479.9999694824219,33.040690071105956,0.3626985683441162,166.0,479.6373014316559,tracker,nan,nan,nan,nan,0.6488243937492371,nan,0,nan,nan,nan,TRACKING,0.043656305999320466,0.0,0.0,14.647096875954766,0,0,0,0.0,0.0,1.0,0,0,0,0,1,7,3,DISABLED,nan,0,-1,0,0.0,0
2452,254.93505583800288,28.5,0.5000152587890625,166.0,479.9999694824219,28.5,0.5000152587890625,166.0,479.9999694824219,31.45144854621887,0.4107594099998474,166.0,479.58924059000014,tracker,nan,nan,nan,nan,0.6680078506469727,nan,0,nan,nan,nan,TRACKING,0.05925050099904183,0.0,0.0,11.932614616087069,0,0,0,0.0,0.0,1.0,0,0,0,0,1,7,3,DISABLED,nan,0,-1,0,0.0,0
2453,255.00859899000352,34.145530700683594,0.5000152587890625,166.0,479.9999694824219,34.145530700683594,0.5000152587890625,166.0,479.9999694824219,32.39437730028152,0.44199895707607273,166.0,479.55800104292393,tracker,nan,nan,nan,nan,0.6726190447807312,nan,0,nan,nan,nan,TRACKING,0.04870164099702379,0.0,0.0,13.597459080776357,0,0,0,5.645530700683594,0.007056913375854492,1.0,0,0,0,0,1,7,3,DISABLED,nan,0,-1,0,0.0,0
2454,255.09498183899996,34.5,0.5000152587890625,166.0,479.9999694824219,34.5,0.5000152587890625,166.0,479.9999694824219,33.131345245182985,0.4623046626756192,166.0,479.5376953373244,tracker,nan,nan,nan,nan,0.6960515379905701,nan,0,nan,nan,nan,TRACKING,0.0541076619992964,0.0,0.0,11.576372064797905,0,0,0,0.35446929931640625,0.0004430866241455078,1.0,0,0,0,0,1,7,3,DISABLED,nan,0,-1,0,0.0,0
2455,255.16537407800206,34.5,0.5000152587890625,166.0,479.9999694824219,34.5,0.5000152587890625,166.0,479.9999694824219,33.610374409368944,0.4755033713153244,166.0,479.5244966286847,tracker,nan,nan,nan,nan,0.7061725854873657,nan,0,nan,nan,nan,TRACKING,0.04580985000211513,0.0,0.0,14.206111556845324,0,0,0,0.0,0.0,1.0,0,0,0,0,1,7,3,DISABLED,nan,0,-1,0,0.0,0
2456,255.24030070200388,40.145530700683594,0.5000152587890625,166.0,479.9999694824219,40.145530700683594,0.5000152587890625,166.0,479.9999694824219,35.89767911132907,0.4840825319311327,166.0,479.5159174680689,tracker,nan,nan,nan,nan,0.7160373330116272,nan,0,nan,nan,nan,TRACKING,0.05187703399860766,0.0,0.0,13.346390729892311,0,0,0,5.645530700683594,0.007056913375854492,1.0,0,0,0,0,1,7,3,DISABLED,nan,0,-1,0,0.0,0
2457,255.32062089900137,40.5,0.5000152587890625,166.0,479.9999694824219,40.5,0.5000152587890625,166.0,479.9999694824219,37.508491422363896,0.48965898633140814,166.0,479.5103410136686,tracker,nan,nan,nan,nan,0.7273766398429871,nan,0,nan,nan,nan,TRACKING,0.051163942996936385,0.0,0.0,12.450168667181444,0,0,0,0.35446929931640625,0.0004430866241455078,1.0,0,0,0,0,1,7,3,DISABLED,nan,0,-1,0,0.0,0
2458,255.4010624010043,46.14552307128906,0.5000152587890625,166.0,479.9999694824219,46.14552307128906,0.5000152587890625,166.0,479.9999694824219,40.531452499487706,0.4932836816915872,166.0,479.5067163183084,tracker,nan,nan,nan,nan,0.7274785041809082,nan,0,nan,nan,nan,TRACKING,0.05456241300271358,0.0,0.0,12.43139393348771,0,0,0,5.6455230712890625,0.007056903839111328,1.0,0,0,0,0,1,7,3,DISABLED,nan,0,-1,0,0.0,0
2459,255.47663773900422,46.5,0.5000152587890625,166.0,479.9999694824219,46.5,0.5000152587890625,166.0,479.9999694824219,42.62044412466701,0.4956397336757036,166.0,479.5043602663243,tracker,nan,nan,nan,nan,0.7436461448669434,nan,0,nan,nan,nan,TRACKING,0.05022490800183732,0.0,0.0,13.231829674400135,0,0,0,0.3544769287109375,0.0004430961608886719,1.0,0,0,0,0,1,7,3,DISABLED,nan,0,-1,0,0.0,0
2460,255.79873000500083,46.5,0.5000152587890625,166.0,479.9999694824219,46.5,0.5000152587890625,166.0,479.9999694824219,42.62044412466701,0.4956397336757036,166.0,479.5043602663243,held,nan,nan,nan,nan,0.7415989637374878,nan,0,nan,nan,nan,SUSPECTED_LOST,0.050722421998216305,0.2421330679935636,0.0,3.104700440123282,0,0,0,0.0,0.0,1.0,0,0,0,0,1,7,3,DISABLED,nan,0,-1,0,0.0,0
2461,255.87187502100278,46.5,0.5000152587890625,166.0,479.9999694824219,46.5,0.5000152587890625,166.0,479.9999694824219,43.97828868103356,0.49717116746537915,166.0,479.50282883253465,tracker,nan,nan,nan,nan,0.7250712513923645,nan,0,nan,nan,nan,TRACKING,0.04046346499671927,0.0,0.0,13.671471477611139,0,0,0,0.0,0.0,1.0,0,0,0,0,1,7,3,DISABLED,nan,0,-1,0,0.0,0
2462,255.95851407499867,46.5,-5.1455078125,166.0,479.9999694824219,46.5,-5.1455078125,166.0,479.9999694824219,44.86088764267181,0.0,166.0,479.67682805999516,tracker,nan,nan,nan,nan,0.7260280251502991,nan,0,nan,nan,nan,TRACKING,0.06107674499799032,0.0,0.0,11.542138953264342,0,0,0,5.6455230712890625,0.007056903839111328,1.0,0,0,0,0,1,7,3,DISABLED,nan,0,-1,0,0.0,0
2463,256.0250704880018,46.5,-5.4999847412109375,166.0,479.9999694824219,46.5,-5.4999847412109375,166.0,479.9999694824219,45.434576967736675,0.0,166.0,479.7899275578445,tracker,nan,nan,nan,nan,0.7178190350532532,nan,0,nan,nan,nan,TRACKING,0.039526775006379467,0.0,0.0,15.024848168320247,0,0,0,0.3544769287109375,0.0004430961608886719,1.0,0,0,0,0,1,7,3,DISABLED,nan,0,-1,0,0.0,0
2464,256.1133907300027,46.5,-5.4999847412109375,166.0,479.9999694824219,46.5,-5.4999847412109375,166.0,479.9999694824219,45.807475029028836,0.0,166.0,479.8634422314466,tracker,nan,nan,nan,nan,0.7062017321586609,nan,0,nan,nan,nan,TRACKING,0.060543136998603586,0.0,0.0,11.322432744122256,0,0,0,0.0,0.0,1.0,0,0,0,0,1,7,3,DISABLED,nan,0,-1,0,0.0,0
2465,256.1917444710052,46.5,-5.4999847412109375,166.0,479.9999694824219,46.5,-5.4999847412109375,166.0,479.9999694824219,46.049858768868745,0.0,166.0,479.91122676928796,tracker,nan,nan,nan,nan,0.7032975554466248,nan,0,nan,nan,nan,TRACKING,0.05437298199831275,0.0,0.0,12.762632481939425,0,0,0,0.0,0.0,1.0,0,0,0,0,1,7,3,DISABLED,nan,0,-1,0,0.0,0
2466,256.2682214470042,46.5,-5.4999847412109375,166.0,479.9999694824219,46.5,-5.4999847412109375,166.0,479.9999694824219,46.207408199764686,0.0,166.0,479.9422867188848,tracker,nan,nan,nan,nan,0.7002061009407043,nan,0,nan,nan,nan,TRACKING,0.05196703600086039,0.0,0.0,13.075830822777691,0,0,0,0.0,0.0,1.0,0,0,0,0,1,7,3,DISABLED,nan,0,-1,0,0.0,0
2467,256.34799793200364,46.5,-5.4999847412109375,166.0,479.9999694824219,46.5,-5.4999847412109375,166.0,479.9999694824219,46.30981532984704,0.0,166.0,479.96247568612273,tracker,nan,nan,nan,nan,0.7014277577400208,nan,0,nan,nan,nan,TRACKING,0.04943082600220805,0.0,0.0,12.535022068305134,0,0,0,0.0,0.0,1.0,0,0,0,0,1,7,3,DISABLED,nan,0,-1,0,0.0,0
2468,256.4177673430022,46.5,-5.4999847412109375,166.0,479.9999694824219,46.5,-5.4999847412109375,166.0,479.9999694824219,46.37637996440058,0.0,166.0,479.9755985148274,tracker,nan,nan,nan,nan,0.7074464559555054,nan,0,nan,nan,nan,TRACKING,0.04613366000558017,0.0,0.0,14.332928796269076,0,0,0,0.0,0.0,1.0,0,0,0,0,1,7,3,DISABLED,nan,0,-1,0,0.0,0
2469,256.4850143980002,46.5,-5.4999847412109375,166.0,479.9999694824219,46.5,-5.4999847412109375,166.0,479.9999694824219,46.41964697686038,0.0,166.0,479.9841283534855,tracker,nan,nan,nan,nan,0.6981855630874634,nan,0,nan,nan,nan,TRACKING,0.042830609003431164,0.0,0.0,14.87053968429768,0,0,0,0.0,0.0,1.0,0,0,0,0,1,7,3,DISABLED,nan,0,-1,0,0.0,0
2470,256.55470234899985,46.5,-5.4999847412109375,166.0,479.9999694824219,46.5,-5.4999847412109375,166.0,479.9999694824219,46.44777053495925,0.0,166.0,479.9896727486132,tracker,nan,nan,nan,nan,0.7026454210281372,nan,0,nan,nan,nan,TRACKING,0.044411324997781776,0.0,0.0,14.349682917280969,0,0,0,0.0,0.0,1.0,0,0,0,0,1,7,3,DISABLED,nan,0,-1,0,0.0,0
2471,256.6265488429999,46.5,-5.4999847412109375,166.0,479.9999694824219,46.5,-5.4999847412109375,166.0,479.9999694824219,46.46605084772351,0.0,166.0,479.9932766054462,tracker,nan,nan,nan,nan,0.6979209780693054,nan,0,nan,nan,nan,TRACKING,0.047086131999094505,0.0,0.0,13.918563653213516,0,0,0,0.0,0.0,1.0,0,0,0,0,1,7,3,DISABLED,nan,0,-1,0,0.0,0
2472,256.69782600000326,46.5,-5.4999847412109375,166.0,479.9999694824219,46.5,-5.4999847412109375,166.0,479.9999694824219,46.47793305102028,0.0,166.0,479.99561911238766,tracker,nan,nan,nan,nan,0.6968463659286499,nan,0,nan,nan,nan,TRACKING,0.041618338000262156,0.0,0.0,14.029740270827386,0,0,0,0.0,0.0,1.0,0,0,0,0,1,7,3,DISABLED,nan,0,-1,0,0.0,0
2473,256.8032729750048,46.5,-5.4999847412109375,166.0,479.9999694824219,46.5,-5.4999847412109375,166.0,479.9999694824219,46.48565648316318,0.0,166.0,479.99714174189967,tracker,nan,nan,nan,nan,0.698887288570404,nan,0,nan,nan,nan,TRACKING,0.08041874099581037,0.0,0.0,9.483439425221842,0,0,0,0.0,0.0,1.0,0,0,0,0,1,7,3,DISABLED,nan,0,-1,0,0.0,0
2474,256.8688361340028,46.5,-5.4999847412109375,166.0,479.9999694824219,46.5,-5.4999847412109375,166.0,479.9999694824219,46.490676714056065,0.0,166.0,479.9981314510825,tracker,nan,nan,nan,nan,0.7125463485717773,nan,0,nan,nan,nan,TRACKING,0.04105134500423446,0.0,0.0,15.252468234956295,0,0,0,0.0,0.0,1.0,0,0,0,0,1,7,3,DISABLED,nan,0,-1,0,0.0,0
2475,256.9465580879987,46.5,-5.4999847412109375,166.0,479.9999694824219,46.5,-5.4999847412109375,166.0,479.9999694824219,46.493939864136436,0.0,166.0,479.9987747620513,tracker,nan,nan,nan,nan,0.7224974036216736,nan,0,nan,nan,nan,TRACKING,0.04705045399896335,0.0,0.0,12.866377498078906,0,0,0,0.0,0.0,1.0,0,0,0,0,1,7,3,DISABLED,nan,0,-1,0,0.0,0
2476,257.01944372300204,46.5,-5.4999847412109375,166.0,479.9999694824219,46.5,-5.4999847412109375,166.0,479.9999694824219,46.49606091168869,0.0,166.0,479.999192914181,tracker,nan,nan,nan,nan,0.7297956943511963,nan,0,nan,nan,nan,TRACKING,0.042397732999233995,0.0,0.0,13.720124685122064,0,0,0,0.0,0.0,1.0,0,0,0,0,1,7,3,DISABLED,nan,0,-1,0,0.0,0
2477,257.10661128000356,46.5,-5.4999847412109375,166.0,479.9999694824219,46.5,-5.4999847412109375,166.0,479.9999694824219,46.497439592597644,0.0,166.0,479.9994647130653,tracker,nan,nan,nan,nan,0.7401108145713806,nan,0,nan,nan,nan,TRACKING,0.05733097300253576,0.0,0.0,11.472158156073444,0,0,0,0.0,0.0,1.0,0,0,0,0,1,7,3,DISABLED,nan,0,-1,0,0.0,0
2478,257.17015147200436,46.5,-5.4999847412109375,166.0,479.9999694824219,46.5,-5.4999847412109375,166.0,479.9999694824219,46.49833573518847,0.0,166.0,479.9996413823401,tracker,nan,nan,nan,nan,0.7535902261734009,nan,0,nan,nan,nan,TRACKING,0.0399916820024373,0.0,0.0,15.738070164902835,0,0,0,0.0,0.0,1.0,0,0,0,0,1,7,3,DISABLED,nan,0,-1,0,0.0,0
2479,257.233440146003,46.5,-5.4999847412109375,166.0,479.9999694824219,46.5,-5.4999847412109375,166.0,479.9999694824219,46.49891822787251,0.0,166.0,479.9997562173687,tracker,nan,nan,nan,nan,0.7419758439064026,nan,0,nan,nan,nan,TRACKING,0.039928035002958495,0.0,0.0,15.800615446958322,0,0,0,0.0,0.0,1.0,0,0,0,0,1,7,3,DISABLED,nan,0,-1,0,0.0,0
2480,257.4994416789996,40.854469299316406,-5.4999847412109375,166.0,479.9999694824219,40.854469299316406,-5.4999847412109375,166.0,479.9999694824219,33.0,3.0,178.0,477.0,detector,33.0,3.0,178.0,477.0,0.7355552911758423,0.873041,1,0.9067622804758354,0.009051852053422123,1.0655874171458137,DETECTOR_CONFIRMED,0.05548441599967191,0.1832273680047365,0.0,3.7593768304064334,0,0,0,5.645530700683594,0.007056913375854492,1.0,0,0,0,0,1,7,3,DISABLED,nan,0,-1,0,0.0,0
2481,257.5788433120033,40.5,0.145538330078125,166.0,479.9999694824219,40.5,0.145538330078125,166.0,479.9999694824219,35.625,2.0009384155273438,173.8,477.99906158447266,tracker,nan,nan,nan,nan,0.7168247103691101,nan,0,nan,nan,nan,TRACKING,0.05287794399919221,0.0,0.0,12.594199415937283,0,0,0,5.656640277816414,0.007070800347270517,1.0,0,0,0,0,1,7,3,DISABLED,nan,0,-1,0,0.0,0
2482,257.6463663120012,40.5,0.5000152587890625,166.0,479.9999694824219,40.5,0.5000152587890625,166.0,479.9999694824219,37.33125,1.4756153106689454,171.07,478.52438468933104,tracker,nan,nan,nan,nan,0.743668258190155,nan,0,nan,nan,nan,TRACKING,0.04281967000133591,0.0,0.0,14.80976852378054,0,0,0,0.3544769287109375,0.0004430961608886719,1.0,0,0,0,0,1,7,3,DISABLED,nan,0,-1,0,0.0,0
2483,257.71532601500076,40.5,0.5000152587890625,166.0,479.9999694824219,40.5,0.5000152587890625,166.0,479.9999694824219,38.4403125,1.1341552925109863,169.2955,478.86584470748903,tracker,nan,nan,nan,nan,0.7269852161407471,nan,0,nan,nan,nan,TRACKING,0.040859256994735915,0.0,0.0,14.501222547410393,0,0,0,0.0,0.0,1.0,0,0,0,0,1,7,3,DISABLED,nan,0,-1,0,0.0,0
2484,257.7914551690046,46.14552307128906,0.5000152587890625,166.0,479.9999694824219,46.14552307128906,0.5000152587890625,166.0,479.9999694824219,41.13713619995117,0.912206280708313,168.142075,479.0877937192917,tracker,nan,nan,nan,nan,0.7245500683784485,nan,0,nan,nan,nan,TRACKING,0.05174807200091891,0.0,0.0,13.135572213888306,0,0,0,5.6455230712890625,0.007056903839111328,1.0,0,0,0,0,1,7,3,DISABLED,nan,0,-1,0,0.0,0
2485,257.88056417999906,52.14552307128906,0.5000152587890625,166.0,479.9999694824219,52.14552307128906,0.5000152587890625,166.0,479.9999694824219,44.990071604919436,0.7679394230365754,167.39234875,479.2320605769634,tracker,nan,nan,nan,nan,0.7158253788948059,nan,0,nan,nan,nan,TRACKING,0.06207525900390465,0.0,0.0,11.222209615394101,0,0,0,6.0,0.0075,1.0,0,0,0,0,1,7,3,DISABLED,nan,0,-1,0,0.0,0
2486,257.9555363260006,52.5,0.5000152587890625,166.0,479.9999694824219,52.5,0.5000152587890625,166.0,479.9999694824219,47.61854654319764,0.6741659655499459,166.9050266875,479.32583403445005,tracker,nan,nan,nan,nan,0.6910781264305115,nan,0,nan,nan,nan,TRACKING,0.05044408099638531,0.0,0.0,13.338286995007705,0,0,0,0.3544769287109375,0.0004430961608886719,1.0,0,0,0,0,1,7,3,DISABLED,nan,0,-1,0,0.0,0
2487,258.03117552000185,58.14552307128906,0.5000152587890625,166.0,479.9999694824219,58.14552307128906,0.5000152587890625,166.0,479.9999694824219,51.30298832802964,0.6132132181836367,166.588267346875,479.38678678181634,tracker,nan,nan,nan,nan,0.6273102760314941,nan,0,nan,nan,nan,TRACKING,0.050323089002631605,0.0,0.0,13.220659119969234,0,0,0,5.6455230712890625,0.007056903839111328,1.0,0,0,0,0,1,7,3,DISABLED,nan,0,-1,0,0.0,0
2488,258.1106578309991,58.5,0.5000152587890625,166.0,479.9999694824219,58.5,0.5000152587890625,166.0,479.9999694824219,53.82194241321926,0.5735939323955358,166.38237377546875,479.4264060676045,tracker,nan,nan,nan,nan,0.5434284806251526,nan,0,nan,nan,nan,TRACKING,0.05009198900370393,0.0,0.0,12.581415757204429,0,0,0,0.3544769287109375,0.0004430961608886719,1.0,0,0,0,0,1,7,3,DISABLED,nan,0,-1,0,0.0,0
2489,258.18671521299984,58.5,0.5000152587890625,166.0,479.9999694824219,58.5,0.5000152587890625,166.0,479.9999694824219,55.45926256859252,0.5478413966332701,166.2485429540547,479.45215860336674,tracker,nan,nan,nan,nan,0.5280967950820923,nan,0,nan,nan,nan,TRACKING,0.05103857499489095,0.0,0.0,13.147967675122528,0,0,0,0.0,0.0,1.0,0,0,0,0,1,7,3,DISABLED,nan,0,-1,0,0.0,0
2490,258.4981967440035,52.85447692871094,-5.1455078125,166.0,479.9999694824219,52.85447692871094,-5.1455078125,166.0,479.9999694824219,124.0,3.0,139.0,460.0,detector,124.0,3.0,139.0,460.0,0.4941856861114502,0.991672,1,0.4363876055262376,0.07209418118468414,1.2461682035358466,LOW_CONFIDENCE,0.06032094400143251,0.22068476799904602,0.0,3.2104632232215224,1,0,0,7.983975294107202,0.009979969117634001,1.0,0,0,0,0,1,7,3,DISABLED,nan,0,-1,0,0.0,0
2491,258.7929061340037,58.14552307128906,-5.4999847412109375,166.0,479.9999694824219,58.14552307128906,-5.4999847412109375,166.0,479.9999694824219,145.0,4.0,146.0,446.0,detector,145.0,4.0,146.0,446.0,0.4641011953353882,0.809973,1,0.32237297593681435,0.09652445143577743,1.223662309326157,LOW_CONFIDENCE,0.05466746899764985,0.21285879099741578,0.0,3.3931731866409023,1,0,0,5.302907049522855,0.00662863381190357,1.0,0,0,0,0,1,7,3,DISABLED,nan,0,-1,0,0.0,0
2492,259.08023023499845,58.5,-5.4999847412109375,166.0,479.9999694824219,58.5,-5.4999847412109375,166.0,479.9999694824219,172.0,16.0,123.0,369.0,detector,172.0,16.0,123.0,369.0,0.4405352771282196,0.910814,1,0.18328769168235254,0.12260199835239229,1.7555686635838903,LOW_CONFIDENCE,0.05617333899863297,0.20003159299812978,0.0,3.480390251071609,1,0,0,0.3544769287109375,0.0004430961608886719,1.0,0,0,0,0,1,7,3,DISABLED,nan,0,-1,0,0.0,0
2493,259.32408022099844,47.20893859863281,0.145538330078125,166.0,479.9999694824219,47.20893859863281,0.145538330078125,166.0,479.9999694824219,172.0,16.0,123.0,369.0,held,nan,nan,nan,nan,0.4401049315929413,nan,0,nan,nan,nan,SUSPECTED_LOST,0.04670065400569001,0.16767760200309567,0.0,4.100881925004725,1,0,0,12.623787003823418,0.01577973375477927,1.0,0,0,0,0,1,7,3,DISABLED,nan,0,-1,0,0.0,0
2494,259.5874945020041,41.854469299316406,0.5000152587890625,166.0,479.9999694824219,41.854469299316406,0.5000152587890625,166.0,479.9999694824219,172.0,16.0,123.0,369.0,held,nan,nan,nan,nan,0.4580945372581482,nan,0,nan,nan,nan,SUSPECTED_LOST,0.06871912399947178,0.16009584899438778,0.0,3.796301385718858,1,0,0,5.36619002368629,0.006707737529607862,1.0,0,0,0,0,1,7,3,DISABLED,nan,0,-1,0,0.0,0
2495,259.85975197300286,41.5,0.5000152587890625,166.0,479.9999694824219,41.5,0.5000152587890625,166.0,479.9999694824219,172.0,16.0,123.0,369.0,held,nan,nan,nan,nan,0.4561077058315277,nan,0,nan,nan,nan,SUSPECTED_LOST,0.05169833100080723,0.19568882699968526,0.0,3.6729937890469633,1,0,0,0.35446929931640625,0.0004430866241455078,1.0,0,0,0,0,1,7,3,DISABLED,nan,0,-1,0,0.0,0
2496,260.13596350300213,41.5,-5.1455078125,166.0,479.9999694824219,41.5,-5.1455078125,166.0,479.9999694824219,172.0,16.0,123.0,369.0,held,nan,nan,nan,nan,0.4905891716480255,nan,0,nan,nan,nan,SUSPECTED_LOST,0.054808097003842704,0.19534027700137813,0.0,3.620413673544448,1,0,0,5.6455230712890625,0.007056903839111328,1.0,0,0,0,0,1,7,3,DISABLED,nan,0,-1,0,0.0,0
2497,260.2112697190023,41.5,-5.4999847412109375,166.0,479.9999694824219,41.5,-5.4999847412109375,166.0,479.9999694824219,126.32499999999999,8.475005340576173,138.05,407.84998931884763,tracker,nan,nan,nan,nan,0.5158175826072693,nan,0,nan,nan,nan,TRACKING,0.044568725003045984,0.0,0.0,13.279116294964522,0,0,0,0.3544769287109375,0.0004430961608886719,1.0,0,0,0,0,1,7,3,DISABLED,nan,0,-1,0,0.0,0
2498,260.3303158380004,41.5,-5.4999847412109375,166.0,479.9999694824219,41.5,-5.4999847412109375,166.0,479.9999694824219,96.63624999999999,3.583758811950684,147.8325,433.1024823760986,tracker,nan,nan,nan,nan,0.5180445909500122,nan,0,nan,nan,nan,TRACKING,0.09321192700008396,0.0,0.0,8.4001058448288,0,0,0,0.0,0.0,1.0,0,0,0,0,1,7,3,DISABLED,nan,0,-1,0,0.0,0
2499,260.4033233509981,41.5,-5.4999847412109375,166.0,479.9999694824219,41.5,-5.4999847412109375,166.0,479.9999694824219,77.3385625,0.4044485683441168,154.191125,449.51660286331173,tracker,nan,nan,nan,nan,0.5272604823112488,nan,0,nan,nan,nan,TRACKING,0.04786714099464007,0.0,0.0,13.697220449506847,0,0,0,0.0,0.0,1.0,0,0,0,0,1,7,3,DISABLED,nan,0,-1,0,0.0,0
2500,260.6737991109985,41.5,-5.4999847412109375,166.0,479.9999694824219,41.5,-5.4999847412109375,166.0,479.9999694824219,77.3385625,0.4044485683441168,154.191125,449.51660286331173,held,nan,nan,nan,nan,0.5341463088989258,nan,0,nan,nan,nan,SUSPECTED_LOST,0.04165073499461869,0.19451968299836153,0.0,3.6971889828444855,0,0,0,0.0,0.0,1.0,0,0,0,0,1,7,3,DISABLED,nan,0,-1,0,0.0,0
2501,260.7531855870038,41.5,-5.4999847412109375,166.0,479.9999694824219,41.5,-5.4999847412109375,166.0,479.9999694824219,64.795065625,0.0,158.32423125,460.1857811800003,tracker,nan,nan,nan,nan,0.5383806228637695,nan,0,nan,nan,nan,TRACKING,0.05138493800041033,0.0,0.0,12.59660398495454,0,0,0,0.0,0.0,1.0,0,0,0,0,1,7,3,DISABLED,nan,0,-1,0,0.0,0
2502,260.8180270090015,41.5,-5.4999847412109375,166.0,479.9999694824219,41.5,-5.4999847412109375,166.0,479.9999694824219,56.641792656250004,0.0,161.0107503125,467.1207470858478,tracker,nan,nan,nan,nan,0.5407952070236206,nan,0,nan,nan,nan,TRACKING,0.040260127003421076,0.0,0.0,15.422240431980262,0,0,0,0.0,0.0,1.0,0,0,0,0,1,7,3,DISABLED,nan,0,-1,0,0.0,0
2503,260.8879201210002,41.5,-5.4999847412109375,166.0,479.9999694824219,41.5,-5.4999847412109375,166.0,479.9999694824219,51.3421652265625,0.0,162.756987703125,471.6284749246487,tracker,nan,nan,nan,nan,0.5406804084777832,nan,0,nan,nan,nan,TRACKING,0.04550999800267164,0.0,0.0,14.307561523643017,0,0,0,0.0,0.0,1.0,0,0,0,0,1,7,3,DISABLED,nan,0,-1,0,0.0,0
2504,260.95779812800174,41.5,-5.4999847412109375,166.0,479.9999694824219,41.5,-5.4999847412109375,166.0,479.9999694824219,47.897407397265624,0.0,163.89204200703125,474.55849801986926,tracker,nan,nan,nan,nan,0.539167046546936,nan,0,nan,nan,nan,TRACKING,0.04555328100104816,0.0,0.0,14.310654280366629,0,0,0,0.0,0.0,1.0,0,0,0,0,1,7,3,DISABLED,nan,0,-1,0,0.0,0
2505,261.0259927599982,41.5,-5.4999847412109375,166.0,479.9999694824219,41.5,-5.4999847412109375,166.0,479.9999694824219,45.658314808222656,0.0,164.6298273045703,476.46301303176267,tracker,nan,nan,nan,nan,0.5415762066841125,nan,0,nan,nan,nan,TRACKING,0.038688107997586485,0.0,0.0,14.663910790692206,0,0,0,0.0,0.0,1.0,0,0,0,0,1,7,3,DISABLED,nan,0,-1,0,0.0,0
2506,261.1029391740012,41.5,-5.4999847412109375,166.0,479.9999694824219,41.5,-5.4999847412109375,166.0,479.9999694824219,44.20290462534473,0.0,165.1093877479707,477.7009477894934,tracker,nan,nan,nan,nan,0.5372806787490845,nan,0,nan,nan,nan,TRACKING,0.045833705000404734,0.0,0.0,12.996057229653257,0,0,0,0.0,0.0,1.0,0,0,0,0,1,7,3,DISABLED,nan,0,-1,0,0.0,0
2507,261.175473082003,41.5,-5.4999847412109375,166.0,479.9999694824219,41.5,-5.4999847412109375,166.0,479.9999694824219,43.25688800647407,0.0,165.42110203618094,478.5056053820183,tracker,nan,nan,nan,nan,0.5363187789916992,nan,0,nan,nan,nan,TRACKING,0.044334865000564605,0.0,0.0,13.786655476709685,0,0,0,0.0,0.0,1.0,0,0,0,0,1,7,3,DISABLED,nan,0,-1,0,0.0,0
2508,261.24942822300363,41.5,-5.4999847412109375,166.0,479.9999694824219,41.5,-5.4999847412109375,166.0,479.9999694824219,42.641977204208146,0.0,165.6237163235176,479.0286328171595,tracker,nan,nan,nan,nan,0.5441397428512573,nan,0,nan,nan,nan,TRACKING,0.0497033330029808,0.0,0.0,13.52171041079563,0,0,0,0.0,0.0,1.0,0,0,0,0,1,7,3,DISABLED,nan,0,-1,0,0.0,0
2509,261.327078039998,41.5,-5.4999847412109375,166.0,479.9999694824219,41.5,-5.4999847412109375,166.0,479.9999694824219,42.242285182735294,0.0,165.75541561028643,479.3686006500013,tracker,nan,nan,nan,nan,0.5405257940292358,nan,0,nan,nan,nan,TRACKING,0.05239069300296251,0.0,0.0,12.878330416057098,0,0,0,0.0,0.0,1.0,0,0,0,0,1,7,3,DISABLED,nan,0,-1,0,0.0,0
2510,261.4045733220046,41.5,-5.4999847412109375,166.0,479.9999694824219,41.5,-5.4999847412109375,166.0,479.9999694824219,41.982485368777944,0.0,165.84102014668616,479.58957974134853,tracker,nan,nan,nan,nan,0.5424097776412964,nan,0,nan,nan,nan,TRACKING,0.049290874994767364,0.0,0.0,12.904011368269709,0,0,0,0.0,0.0,1.0,0,0,0,0,1,7,3,DISABLED,nan,0,-1,0,0.0,0
2511,261.47937478699896,41.5,-5.4999847412109375,166.0,479.9999694824219,41.5,-5.4999847412109375,166.0,479.9999694824219,41.81361548970566,0.0,165.896663095346,479.73321615072416,tracker,nan,nan,nan,nan,0.5410764813423157,nan,0,nan,nan,nan,TRACKING,0.049370877000910696,0.0,0.0,13.368722124294425,0,0,0,0.0,0.0,1.0,0,0,0,0,1,7,3,DISABLED,nan,0,-1,0,0.0,0
2512,261.5522856309981,41.5,-5.4999847412109375,166.0,479.9999694824219,41.5,-5.4999847412109375,166.0,479.9999694824219,41.70385006830868,0.0,165.9328310119749,479.82657981681837,tracker,nan,nan,nan,nan,0.543389081954956,nan,0,nan,nan,nan,TRACKING,0.0504637170015485,0.0,0.0,13.715380938561074,0,0,0,0.0,0.0,1.0,0,0,0,0,1,7,3,DISABLED,nan,0,-1,0,0.0,0
2513,261.62950116600405,41.5,-5.4999847412109375,166.0,479.9999694824219,41.5,-5.4999847412109375,166.0,479.9999694824219,41.632502544400644,0.0,165.9563401577837,479.88726619977956,tracker,nan,nan,nan,nan,0.5416281819343567,nan,0,nan,nan,nan,TRACKING,0.05229652400157647,0.0,0.0,12.950761785472151,0,0,0,0.0,0.0,1.0,0,0,0,0,1,7,3,DISABLED,nan,0,-1,0,0.0,0
2514,261.70328838700516,41.5,-5.4999847412109375,166.0,479.9999694824219,41.5,-5.4999847412109375,166.0,479.9999694824219,41.58612665386042,0.0,165.9716211025594,479.9267123487043,tracker,nan,nan,nan,nan,0.5463096499443054,nan,0,nan,nan,nan,TRACKING,0.044497107999632135,0.0,0.0,13.552482210773746,0,0,0,0.0,0.0,1.0,0,0,0,0,1,7,3,DISABLED,nan,0,-1,0,0.0,0
2515,261.78205161700316,41.5,-5.4999847412109375,166.0,479.9999694824219,41.5,-5.4999847412109375,166.0,479.9999694824219,41.55598232500927,0.0,165.9815537166636,479.95235234550546,tracker,nan,nan,nan,nan,0.5473330020904541,nan,0,nan,nan,nan,TRACKING,0.05115055799979018,0.0,0.0,12.696279723741036,0,0,0,0.0,0.0,1.0,0,0,0,0,1,7,3,DISABLED,nan,0,-1,0,0.0,0
2516,261.85637822600256,41.5,-5.4999847412109375,166.0,479.9999694824219,41.5,-5.4999847412109375,166.0,479.9999694824219,41.53638851125602,0.0,165.98800991583136,479.9690183434262,tracker,nan,nan,nan,nan,0.5451700091362,nan,0,nan,nan,nan,TRACKING,0.0468707620020723,0.0,0.0,13.454131884424859,0,0,0,0.0,0.0,1.0,0,0,0,0,1,7,3,DISABLED,nan,0,-1,0,0.0,0
2517,261.929070158003,41.5,-5.4999847412109375,166.0,479.9999694824219,41.5,-5.4999847412109375,166.0,479.9999694824219,41.52365253231641,0.0,165.99220644529038,479.9798512420747,tracker,nan,nan,nan,nan,0.5441681146621704,nan,0,nan,nan,nan,TRACKING,0.04520952200255124,0.0,0.0,13.756684854569183,0,0,0,0.0,0.0,1.0,0,0,0,0,1,7,3,DISABLED,nan,0,-1,0,0.0,0
2518,262.0090665969983,41.5,-5.4999847412109375,166.0,479.9999694824219,41.5,-5.4999847412109375,166.0,479.9999694824219,41.51537414600567,0.0,165.99493418943874,479.9868926261962,tracker,nan,nan,nan,nan,0.5439001321792603,nan,0,nan,nan,nan,TRACKING,0.05421823899814626,0.0,0.0,12.500556431753399,0,0,0,0.0,0.0,1.0,0,0,0,0,1,7,3,DISABLED,nan,0,-1,0,0.0,0
2519,262.098009041998,41.5,-5.4999847412109375,166.0,479.9999694824219,41.5,-5.4999847412109375,166.0,479.9999694824219,41.509993194903686,0.0,165.99670722313516,479.99146952587523,tracker,nan,nan,nan,nan,0.5437521934509277,nan,0,nan,nan,nan,TRACKING,0.059976769000058994,0.0,0.0,11.243225886171079,0,0,0,0.0,0.0,1.0,0,0,0,0,1,7,3,DISABLED,nan,0,-1,0,0.0,0
2520,262.4406265650032,41.5,-5.4999847412109375,166.0,479.9999694824219,447.0,0.0,192.0,480.0,447.0,0.0,192.0,480.0,detector,447.0,0.0,192.0,480.0,0.5405887365341187,0.93859,1,0.0,0.5231701742741075,1.1566265795604338,REINITIALIZING,0.05122410100011621,0.25817717000609264,0.0,2.918706525074313,0,0,0,0.0,0.0,1.0,0,0,0,0,1,8,4,DISABLED,nan,0,-1,0,0.0,0
2521,262.4839561960034,447.0,0.0,192.0,480.0,447.0,0.0,192.0,480.0,447.0,0.0,192.0,480.0,held,nan,nan,nan,nan,,nan,0,nan,nan,nan,INITIALIZING,0.0,0.0,0.0,23.078894902073237,0,0,0,0.0,0.0,1.0,0,0,0,0,1,8,4,DISABLED,nan,0,-1,0,0.0,0
2522,262.52801673100475,447.0,0.0,192.0,480.0,447.0,0.0,192.0,480.0,447.0,0.0,192.0,480.0,held,nan,nan,nan,nan,,nan,0,nan,nan,nan,INITIALIZING,0.0,0.0,0.0,22.69604760744929,0,0,0,0.0,0.0,1.0,0,0,0,0,1,8,4,DISABLED,nan,0,-1,0,0.0,0
2523,262.59066695300135,447.0,0.0,192.0,480.0,447.0,0.0,192.0,480.0,447.0,0.0,192.0,480.0,held,nan,nan,nan,nan,,nan,0,nan,nan,nan,INITIALIZING,0.0,0.0,0.0,15.961635380229081,0,0,0,0.0,0.0,1.0,0,0,0,0,1,8,4,DISABLED,nan,0,-1,0,0.0,0
2524,262.6588599700044,447.0,0.0,192.0,480.0,447.0,0.0,192.0,480.0,447.0,0.0,192.0,480.0,held,nan,nan,nan,nan,,nan,0,nan,nan,nan,INITIALIZING,0.0,0.0,0.0,14.664258071394709,0,0,0,0.0,0.0,1.0,0,0,0,0,1,8,4,DISABLED,nan,0,-1,0,0.0,0
2525,262.72827593400143,447.0,0.0,192.0,480.0,447.0,0.0,192.0,480.0,447.0,0.0,192.0,480.0,held,nan,nan,nan,nan,,nan,0,nan,nan,nan,INITIALIZING,0.0,0.0,0.0,14.405908128611133,0,0,0,0.0,0.0,1.0,0,0,0,0,1,8,4,DISABLED,nan,0,-1,0,0.0,0
2526,262.8002393580027,447.0,0.0,192.0,480.0,447.0,0.0,192.0,480.0,447.0,0.0,192.0,480.0,held,nan,nan,nan,nan,,nan,0,nan,nan,nan,INITIALIZING,0.0,0.0,0.0,13.895948030238022,0,0,0,0.0,0.0,1.0,0,0,0,0,1,8,4,DISABLED,nan,0,-1,0,0.0,0
2527,262.86122651700134,447.0,0.0,192.0,480.0,447.0,0.0,192.0,480.0,447.0,0.0,192.0,480.0,held,nan,nan,nan,nan,,nan,0,nan,nan,nan,INITIALIZING,0.0,0.0,0.0,16.396894303975092,0,0,0,0.0,0.0,1.0,0,0,0,0,1,8,4,DISABLED,nan,0,-1,0,0.0,0
2528,262.9255995420026,447.0,0.0,192.0,480.0,447.0,0.0,192.0,480.0,447.0,0.0,192.0,480.0,held,nan,nan,nan,nan,,nan,0,nan,nan,nan,INITIALIZING,0.0,0.0,0.0,15.534457173333614,0,0,0,0.0,0.0,1.0,0,0,0,0,1,8,4,DISABLED,nan,0,-1,0,0.0,0
2529,263.05615553400276,464.7147216796875,0.5,192.0,480.0,464.7147216796875,0.5,192.0,480.0,453.2001525878906,0.175,186.7998474121094,479.825,tracker,nan,nan,nan,nan,0.6027822494506836,nan,0,nan,nan,nan,TRACKING,0.06671948999428423,0.0,0.5203561590024037,7.65954886236718,0,0,0,17.72177655284002,0.022152220691050023,1.0,0,0,0,0,1,8,4,DISABLED,nan,0,-1,0,0.0,0
2530,263.1265073550021,464.5,0.5,192.0,480.0,464.5,0.5,192.0,480.0,457.1550991821289,0.28874999999999995,182.84490081787112,479.71125,tracker,nan,nan,nan,nan,0.5718199610710144,nan,0,nan,nan,nan,TRACKING,0.043922511002165265,0.0,0.0,14.21427314595387,0,0,0,0.2147216796875,0.000268402099609375,1.0,0,0,0,0,1,8,4,DISABLED,nan,0,-1,0,0.0,0
2531,263.1987791729989,464.5,0.5,192.0,480.0,464.5,0.5,192.0,480.0,459.72581446838376,0.36268749999999994,180.27418553161624,479.6373125,tracker,nan,nan,nan,nan,0.5713330507278442,nan,0,nan,nan,nan,TRACKING,0.0477334920069552,0.0,0.0,13.836652068779857,0,0,0,0.0,0.0,1.0,0,0,0,0,1,8,4,DISABLED,nan,0,-1,0,0.0,0
2532,263.2729426520018,464.5,0.5,192.0,480.0,464.5,0.5,192.0,480.0,461.39677940444943,0.41074687499999996,178.60322059555057,479.589253125,tracker,nan,nan,nan,nan,0.5822554230690002,nan,0,nan,nan,nan,TRACKING,0.04451299399806885,0.0,0.0,13.483725594386113,0,0,0,0.0,0.0,1.0,0,0,0,0,1,8,4,DISABLED,nan,0,-1,0,0.0,0
2533,263.3533763419982,464.5,0.5,192.0,480.0,464.5,0.5,192.0,480.0,462.4829066128921,0.44198546874999994,177.51709338710788,479.55801453125,tracker,nan,nan,nan,nan,0.5861635804176331,nan,0,nan,nan,nan,TRACKING,0.055446186001063325,0.0,0.0,12.43260131475306,0,0,0,0.0,0.0,1.0,0,0,0,0,1,8,4,DISABLED,nan,0,-1,0,0.0,0
2534,263.4309350110052,464.5,0.5,192.0,480.0,464.5,0.5,192.0,480.0,463.1888892983799,0.46229055468749997,176.81111070162012,479.5377094453125,tracker,nan,nan,nan,nan,0.6037480235099792,nan,0,nan,nan,nan,TRACKING,0.04915847599477274,0.0,0.0,12.893465202581769,0,0,0,0.0,0.0,1.0,0,0,0,0,1,8,4,DISABLED,nan,0,-1,0,0.0,0
2535,263.5043281590042,458.42840576171875,0.5,192.0,480.0,458.42840576171875,0.5,192.0,480.0,461.52272006054847,0.475488860546875,178.47727993945153,479.5245111394531,tracker,nan,nan,nan,nan,0.6123109459877014,nan,0,nan,nan,nan,TRACKING,0.047530101001029834,0.0,0.0,13.625250139337856,0,0,0,6.07159423828125,0.007589492797851562,1.0,0,0,0,0,1,8,4,DISABLED,nan,0,-1,0,0.0,0
2536,263.5784380960031,458.5,0.5,192.0,480.0,458.5,0.5,192.0,480.0,460.4647680393565,0.48406775935546875,179.5352319606435,479.51593224064453,tracker,nan,nan,nan,nan,0.6127424240112305,nan,0,nan,nan,nan,TRACKING,0.0450610810003127,0.0,0.0,13.493467144835128,0,0,0,0.07159423828125,8.94927978515625e-05,1.0,0,0,0,0,1,8,4,DISABLED,nan,0,-1,0,0.0,0
2537,263.6671227219995,458.5,0.5,192.0,480.0,458.5,0.5,192.0,480.0,459.77709922558176,0.4896440435810547,180.22290077441824,479.51035595641895,tracker,nan,nan,nan,nan,0.6112183332443237,nan,0,nan,nan,nan,TRACKING,0.06377457200142089,0.0,0.0,11.275911566009993,0,0,0,0.0,0.0,1.0,0,0,0,0,1,8,4,DISABLED,nan,0,-1,0,0.0,0
2538,263.7467356089983,458.5,0.5,192.0,480.0,458.5,0.5,192.0,480.0,459.3301144966282,0.49326862832768553,180.6698855033718,479.5067313716723,tracker,nan,nan,nan,nan,0.6127963662147522,nan,0,nan,nan,nan,TRACKING,0.05450121500325622,0.0,0.0,12.560780518046563,0,0,0,0.0,0.0,1.0,0,0,0,0,1,8,4,DISABLED,nan,0,-1,0,0.0,0
2539,263.8144854380007,458.5,0.5,192.0,480.0,458.5,0.5,192.0,480.0,459.0395744228083,0.4956246084129956,180.9604255771917,479.504375391587,tracker,nan,nan,nan,nan,0.6135910153388977,nan,0,nan,nan,nan,TRACKING,0.0428365460029454,0.0,0.0,14.760184855436801,0,0,0,0.0,0.0,1.0,0,0,0,0,1,8,4,DISABLED,nan,0,-1,0,0.0,0
2540,264.0949980130026,452.42840576171875,0.5,192.0,480.0,452.42840576171875,0.5,192.0,480.0,449.0,0.0,190.0,480.0,detector,449.0,0.0,190.0,480.0,0.5927989482879639,0.927658,1,0.9527381028568601,0.005570679041646289,1.0105263157894737,DETECTOR_CONFIRMED,0.04860450299747754,0.20260733499890193,0.0,3.56490257163391,0,0,0,6.07159423828125,0.007589492797851562,1.0,0,0,0,0,1,8,4,DISABLED,nan,0,-1,0,0.0,0
2541,264.18807514600485,446.42840576171875,0.5,192.0,480.0,446.42840576171875,0.5,192.0,480.0,448.0999420166016,0.175,190.7,479.825,tracker,nan,nan,nan,nan,0.6316953301429749,nan,0,nan,nan,nan,TRACKING,0.06293392700172262,0.0,0.0,10.743777421421992,0,0,0,6.0,0.0075,1.0,0,0,0,0,1,8,4,DISABLED,nan,0,-1,0,0.0,0
2542,264.26031581700227,440.42840576171875,-5.5715789794921875,192.0,480.0,440.42840576171875,-5.5715789794921875,192.0,480.0,445.4149043273926,0.0,191.15499999999997,479.88625,tracker,nan,nan,nan,nan,0.629688024520874,nan,0,nan,nan,nan,TRACKING,0.047617915995942894,0.0,0.0,13.842617824462913,0,0,0,8.536045413668521,0.010670056767085651,1.0,0,0,0,0,1,8,4,DISABLED,nan,0,-1,0,0.0,0
2543,264.3304564350037,440.5,-5.5,192.0,480.0,440.5,-5.5,192.0,480.0,443.6946878128052,0.0,191.45074999999997,479.9260625,tracker,nan,nan,nan,nan,0.5752673149108887,nan,0,nan,nan,nan,TRACKING,0.04551713499677135,0.0,0.0,14.257074267283805,0,0,0,0.10123875374685033,0.0001265484421835629,1.0,0,0,0,0,1,8,4,DISABLED,nan,0,-1,0,0.0,0
2544,264.41079095500027,434.42840576171875,-5.5,192.0,480.0,434.42840576171875,-5.5,192.0,480.0,440.45148909492497,0.0,191.64298749999998,479.951940625,tracker,nan,nan,nan,nan,0.6055018305778503,nan,0,nan,nan,nan,TRACKING,0.050619032997929025,0.0,0.0,12.447948902203713,0,0,0,6.07159423828125,0.007589492797851562,1.0,0,0,0,0,1,8,4,DISABLED,nan,0,-1,0,0.0,0
2545,264.483706539002,428.42840576171875,-5.5,192.0,480.0,428.42840576171875,-5.5,192.0,480.0,436.24340992830275,0.0,191.76794187499996,479.96876140625,tracker,nan,nan,nan,nan,0.5822638273239136,nan,0,nan,nan,nan,TRACKING,0.04837137299909955,0.0,0.0,13.714489346694695,0,0,0,6.0,0.0075,1.0,0,0,0,0,1,8,4,DISABLED,nan,0,-1,0,0.0,0
2546,264.5698018809999,422.42840576171875,-5.5,192.0,480.0,422.42840576171875,-5.5,192.0,480.0,431.4081584699984,0.0,191.84916221874997,479.9796949140625,tracker,nan,nan,nan,nan,0.5600495338439941,nan,0,nan,nan,nan,TRACKING,0.06117799699859461,0.0,0.0,11.615030230379245,0,0,0,6.0,0.0075,1.0,0,0,0,0,1,8,4,DISABLED,nan,0,-1,0,0.0,0
2547,264.86161994899885,428.57159423828125,0.5715789794921875,192.0,480.0,428.57159423828125,0.5715789794921875,192.0,480.0,374.0,0.0,230.0,480.0,detector,374.0,0.0,230.0,480.0,0.4786772131919861,0.913926,1,0.7100217105540849,0.04447023265593516,1.1979166666666667,LOW_CONFIDENCE,0.05110545200295746,0.21455602099740645,0.0,3.4267926138264815,1,0,0,8.637293323882297,0.01079661665485287,1.0,0,0,0,0,1,8,4,DISABLED,nan,0,-1,0,0.0,0
2548,265.12996674999886,428.5,-5.5715789794921875,192.0,480.0,428.5,-5.5715789794921875,192.0,480.0,374.0,0.0,230.0,480.0,held,nan,nan,nan,nan,0.4279157519340515,nan,0,nan,nan,nan,SUSPECTED_LOST,0.04971380200004205,0.19349747100204695,0.0,3.726521040211596,1,0,0,6.143575135374202,0.007679468919217752,1.0,0,0,0,0,1,8,4,DISABLED,nan,0,-1,0,0.0,0
2549,265.41385904599883,416.3568420410156,-5.5,192.0,480.0,416.3568420410156,-5.5,192.0,480.0,374.0,0.0,230.0,480.0,held,nan,nan,nan,nan,0.35669493675231934,nan,0,nan,nan,nan,SUSPECTED_LOST,0.05326613099896349,0.19920292700408027,0.0,3.5224626173021734,1,0,0,12.143368921644056,0.01517921115205507,1.0,0,0,0,0,1,8,4,DISABLED,nan,0,-1,0,0.0,0
2550,265.7567778779994,440.78631591796875,0.5715789794921875,192.0,480.0,440.78631591796875,0.5715789794921875,192.0,480.0,281.0,8.0,141.0,306.0,detector,281.0,8.0,141.0,306.0,0.3600603938102722,0.763676,1,0.0,0.25206229093638394,2.136003337505215,LOW_CONFIDENCE,0.0581483370042406,0.23870240899850614,0.0,2.9161419749566715,1,0,0,25.172669012421917,0.031465836265527396,1.0,0,0,0,0,1,8,4,DISABLED,nan,0,-1,0,0.0,0
2551,265.9983540059984,446.57159423828125,0.5,192.0,480.0,446.57159423828125,0.5,192.0,480.0,281.0,8.0,141.0,306.0,held,nan,nan,nan,nan,0.3542279899120331,nan,0,nan,nan,nan,SUSPECTED_LOST,0.05695138000010047,0.15427835899754427,0.0,4.139481861403763,1,0,0,5.785721112686211,0.007232151390857764,1.0,0,0,0,0,1,8,4,DISABLED,nan,0,-1,0,0.0,0
2552,266.47001227400324,446.5,0.5,192.0,480.0,446.5,0.5,192.0,480.0,281.0,8.0,141.0,306.0,held,nan,nan,nan,nan,0.3941894471645355,nan,0,nan,nan,nan,SUSPECTED_LOST,0.06156956899940269,0.3748057799966773,0.0,2.120179095407607,1,0,0,0.07159423828125,8.94927978515625e-05,1.0,0,0,0,0,1,8,4,DISABLED,nan,0,-1,0,0.0,0
2553,266.7951477940005,446.5,0.5,192.0,480.0,446.5,0.5,192.0,480.0,116.0,6.0,143.0,459.0,detector,116.0,6.0,143.0,459.0,0.41006723046302795,0.986467,1,0.0,0.4437940119019183,1.404086109968463,SUSPECTED_LOST,0.10111853300622897,0.19747194500087062,0.0,3.075640582143659,1,0,0,0.0,0.0,1.0,0,0,0,0,1,8,4,DISABLED,nan,0,-1,0,0.0,0
2554,267.02147145500203,446.5,0.5,192.0,480.0,446.5,0.5,192.0,480.0,82.0,4.0,157.0,475.0,detector,82.0,4.0,157.0,475.0,0.42239910364151,0.809785,1,0.0,0.4775016361228514,1.2358028830036876,SUSPECTED_LOST,0.047924487000273075,0.1513772960024653,0.0,4.418450972270652,1,0,0,0.0,0.0,1.0,0,0,0,0,1,8,4,DISABLED,nan,0,-1,0,0.0,0
2555,267.28238994400454,446.5,0.5,192.0,480.0,446.5,0.5,192.0,480.0,73.0,3.0,167.0,474.0,detector,73.0,3.0,167.0,474.0,0.416898250579834,0.738136,1,0.0,0.48250040479257633,1.1642537709391343,SUSPECTED_LOST,0.04963749799935613,0.17680975899565965,0.0,3.8326145602904917,1,0,0,0.0,0.0,1.0,0,0,0,0,1,8,4,DISABLED,nan,0,-1,0,0.0,0
2556,267.5497050519989,446.5,0.5,192.0,480.0,446.5,0.5,192.0,480.0,73.0,3.0,167.0,474.0,held,nan,nan,nan,nan,0.41325831413269043,nan,0,nan,nan,nan,SUSPECTED_LOST,0.05633141699945554,0.1863840100049856,0.0,3.7409034135888986,1,0,0,0.0,0.0,1.0,0,0,0,0,1,8,4,DISABLED,nan,0,-1,0,0.0,0
2557,267.84294367700204,446.5,0.5,192.0,480.0,446.5,0.5,192.0,480.0,70.0,0.0,164.0,473.0,detector,70.0,0.0,164.0,473.0,0.415710985660553,0.750961,1,0.0,0.4881506075229243,1.1880575465374104,SUSPECTED_LOST,0.04205360999912955,0.22149494600307662,0.0,3.4101919554059,1,0,0,0.0,0.0,1.0,0,0,0,0,1,8,4,DISABLED,nan,0,-1,0,0.0,0
2558,268.08819354200386,446.5,0.5,192.0,480.0,446.5,0.5,192.0,480.0,54.0,0.0,167.0,480.0,detector,54.0,0.0,167.0,480.0,0.41078028082847595,0.795672,1,0.0,0.5062503858023222,1.1497005988023952,SUSPECTED_LOST,0.04481836600461975,0.1710707079982967,0.0,4.077474211831113,1,0,0,0.0,0.0,1.0,0,0,0,0,1,8,4,DISABLED,nan,0,-1,0,0.0,0
2559,268.35909072000504,446.5,0.5,192.0,480.0,446.5,0.5,192.0,480.0,39.0,2.0,171.0,478.0,detector,39.0,2.0,171.0,478.0,0.4084867238998413,0.863137,1,0.0,0.5225003738036941,1.1275049548557587,SUSPECTED_LOST,0.055356131997541524,0.18339747599384282,0.0,3.691437494397419,1,0,0,0.0,0.0,1.0,0,0,0,0,1,8,4,DISABLED,nan,0,-1,0,0.0,0
2560,268.63755907700397,446.5,0.5,192.0,480.0,446.5,0.5,192.0,480.0,25.0,0.0,174.0,477.0,detector,25.0,0.0,174.0,477.0,0.4074467122554779,0.809685,1,0.0,0.5381308071695952,1.1103882021253524,SUSPECTED_LOST,0.042206165999232326,0.20813721299782628,0.0,3.591072288345668,1,0,0,0.0,0.0,1.0,0,0,0,0,1,8,4,DISABLED,nan,0,-1,0,0.0,0
2561,268.93419513100525,446.5,0.5,192.0,480.0,446.5,0.5,192.0,480.0,22.0,0.0,176.0,478.0,detector,22.0,0.0,176.0,478.0,0.40683460235595703,0.813814,1,0.0,0.5406282514353093,1.095473564092811,SUSPECTED_LOST,0.049748594996344764,0.21370870800456032,0.0,3.371134380029459,1,0,0,0.0,0.0,1.0,0,0,0,0,1,8,4,DISABLED,nan,0,-1,0,0.0,0
2562,269.1612783419987,446.5,0.5,192.0,480.0,446.5,0.5,192.0,480.0,30.0,1.0,174.0,478.0,detector,30.0,1.0,174.0,478.0,0.41197994351387024,0.83855,1,0.0,0.5318753672149144,1.1080652142547973,SUSPECTED_LOST,0.053441343996382784,0.14755631500156596,0.0,4.4036720972246615,1,0,0,0.0,0.0,1.0,0,0,0,0,1,8,4,DISABLED,nan,0,-1,0,0.0,0
2563,269.41890669699933,446.5,0.5,192.0,480.0,446.5,0.5,192.0,480.0,36.0,2.0,176.0,478.0,detector,36.0,2.0,176.0,478.0,0.40483325719833374,0.88976,1,0.0,0.523125373357095,1.095473564092811,SUSPECTED_LOST,0.07155518500076141,0.1410787050044746,0.0,3.881560319699825,1,0,0,0.0,0.0,1.0,0,0,0,0,1,8,4,DISABLED,nan,0,-1,0,0.0,0
2564,269.70463367400225,446.5,0.5,192.0,480.0,446.5,0.5,192.0,480.0,10.0,0.0,184.0,471.0,detector,10.0,0.0,184.0,471.0,0.4086028039455414,0.934567,1,0.0,0.5506604699131762,1.0634173359180283,SUSPECTED_LOST,0.04111426299641607,0.2003137359934044,0.0,3.499844538619707,1,0,0,0.0,0.0,1.0,0,0,0,0,1,8,4,DISABLED,nan,0,-1,0,0.0,0
2565,269.97717292400193,446.5,0.5,192.0,480.0,446.5,0.5,192.0,480.0,5.0,0.0,161.0,475.0,detector,5.0,0.0,161.0,475.0,0.4041633903980255,0.983696,1,0.0,0.5712623084013158,1.2050997057862047,SUSPECTED_LOST,0.050520437995146494,0.19476281500101322,0.0,3.6691962717339566,1,0,0,0.0,0.0,1.0,0,0,0,0,1,8,4,DISABLED,nan,0,-1,0,0.0,0
2566,270.2153056840034,440.42840576171875,0.5,192.0,480.0,440.42840576171875,0.5,192.0,480.0,2.0,2.0,134.0,472.0,detector,2.0,2.0,134.0,472.0,0.4104759395122528,0.931912,1,0.0,0.5842938640371571,1.4571211737920566,SUSPECTED_LOST,0.06014489800145384,0.1461297689966159,0.0,4.199338217865769,1,0,0,6.07159423828125,0.007589492797851562,1.0,0,0,0,0,1,8,4,DISABLED,nan,0,-1,0,0.0,0
2567,270.4744523059999,440.5,0.5,192.0,480.0,440.5,0.5,192.0,480.0,1.0,7.0,130.0,467.0,detector,1.0,7.0,130.0,467.0,0.4107453525066376,0.915309,1,0.0,0.588125,1.5180365672871026,SUSPECTED_LOST,0.05558895000285702,0.16502675399533473,0.0,3.858819352133358,1,0,0,0.07159423828125,8.94927978515625e-05,1.0,0,0,0,0,1,8,4,DISABLED,nan,0,-1,0,0.0,0
2568,270.75709800799814,440.5,0.5,192.0,480.0,440.5,0.5,192.0,480.0,6.0,14.0,124.0,454.0,detector,6.0,14.0,124.0,454.0,0.4088548719882965,0.926497,1,0.0,0.585625333511111,1.6370612476907773,SUSPECTED_LOST,0.045777765997627284,0.20937010899797315,0.0,3.537998253396921,1,0,0,0.0,0.0,1.0,0,0,0,0,1,8,4,DISABLED,nan,0,-1,0,0.0,0
2569,271.02933396900335,440.5,0.5,192.0,480.0,440.5,0.5,192.0,480.0,12.0,22.0,136.0,432.0,detector,12.0,22.0,136.0,432.0,0.4036586582660675,0.940182,1,0.0,0.5706335568909351,1.5686274509803921,SUSPECTED_LOST,0.05656038099550642,0.18908788100088714,0.0,3.673284000789555,1,0,0,0.0,0.0,1.0,0,0,0,0,1,8,4,DISABLED,nan,0,-1,0,0.0,0
2570,271.27228565200494,440.5,0.5,192.0,480.0,440.5,0.5,192.0,480.0,11.0,22.0,140.0,420.0,detector,11.0,22.0,140.0,420.0,0.4079999029636383,0.959828,1,0.0,0.569474126936422,1.5673469387755101,SUSPECTED_LOST,0.04519150200212607,0.1687711189952097,0.0,4.116044752789155,1,0,0,0.0,0.0,1.0,0,0,0,0,1,8,4,DISABLED,nan,0,-1,0,0.0,0
2571,271.52980494100484,440.5,0.5,192.0,480.0,440.5,0.5,192.0,480.0,6.0,17.0,139.0,430.0,detector,6.0,17.0,139.0,430.0,0.41405120491981506,0.968177,1,0.0,0.5763479444962045,1.5419106575204953,SUSPECTED_LOST,0.0645039139999426,0.15510233800159767,0.0,3.883204259702589,1,0,0,0.0,0.0,1.0,0,0,0,0,1,8,4,DISABLED,nan,0,-1,0,0.0,0
2572,271.8199041650005,440.5,0.5,192.0,480.0,440.5,0.5,192.0,480.0,5.0,17.0,125.0,434.0,detector,5.0,17.0,125.0,434.0,0.41163817048072815,0.932466,1,0.0,0.5863063006014859,1.6988018433179723,SUSPECTED_LOST,0.05367166199721396,0.20632753300014883,0.0,3.447096432133273,1,0,0,0.0,0.0,1.0,0,0,0,0,1,8,4,DISABLED,nan,0,-1,0,0.0,0
2573,272.13777236700116,440.5,0.5,192.0,480.0,440.5,0.5,192.0,480.0,5.0,17.0,122.0,429.0,detector,5.0,17.0,122.0,429.0,0.41570353507995605,0.91368,1,0.0,0.588232588458851,1.7608620887309412,SUSPECTED_LOST,0.04780750499776332,0.23883303799811983,0.0,3.145957959009235,1,0,0,0.0,0.0,1.0,0,0,0,0,1,8,4,DISABLED,nan,0,-1,0,0.0,0
2574,272.3698194009994,440.5,0.5,192.0,480.0,440.5,0.5,192.0,480.0,7.0,17.0,150.0,429.0,detector,7.0,17.0,150.0,429.0,0.41707906126976013,0.964055,1,0.0,0.568236375221615,1.4321678321678322,SUSPECTED_LOST,0.05456178899476072,0.1472962039988488,0.0,4.3094711566430774,1,0,0,0.0,0.0,1.0,0,0,0,0,1,8,4,DISABLED,nan,0,-1,0,0.0,0
2575,272.62490581699967,440.5,0.5,192.0,480.0,440.5,0.5,192.0,480.0,52.0,34.0,116.0,377.0,detector,52.0,34.0,116.0,377.0,0.4144380986690521,0.753722,1,0.0,0.5335995836064718,2.1073813226012987,SUSPECTED_LOST,0.05256111399648944,0.1684978319972288,0.0,3.9202401118801693,1,0,0,0.0,0.0,1.0,0,0,0,0,1,8,4,DISABLED,nan,0,-1,0,0.0,0
2576,272.9077389200029,440.5,0.5,192.0,480.0,440.5,0.5,192.0,480.0,52.0,34.0,116.0,377.0,held,nan,nan,nan,nan,0.41304391622543335,nan,0,nan,nan,nan,SUSPECTED_LOST,0.04747020400100155,0.20653108000260545,0.0,3.535654028406425,1,0,0,0.0,0.0,1.0,0,0,0,0,1,8,4,DISABLED,nan,0,-1,0,0.0,0
2577,273.18507162400056,440.5,0.5,192.0,480.0,440.5,0.5,192.0,480.0,52.0,34.0,116.0,377.0,held,nan,nan,nan,nan,0.4139541685581207,nan,0,nan,nan,nan,SUSPECTED_LOST,0.05765717900067102,0.18820681699435227,0.0,3.6057774131405504,1,0,0,0.0,0.0,1.0,0,0,0,0,1,8,4,DISABLED,nan,0,-1,0,0.0,0
2578,273.5183008380045,440.5,0.5,192.0,480.0,440.5,0.5,192.0,480.0,57.0,32.0,113.0,397.0,detector,57.0,32.0,113.0,397.0,0.41811302304267883,0.710202,1,0.0,0.5288977334986416,2.054345645438131,SUSPECTED_LOST,0.10622334900108399,0.19624925800599158,0.0,3.000937366758446,1,0,0,0.0,0.0,1.0,0,0,0,0,1,8,4,DISABLED,nan,0,-1,0,0.0,0
2579,273.7572413779999,440.5,0.5,192.0,480.0,440.5,0.5,192.0,480.0,54.0,31.0,115.0,401.0,detector,54.0,31.0,115.0,401.0,0.47836998105049133,0.833799,1,0.0,0.5313691042956864,1.9984820557302396,SUSPECTED_LOST,0.04636502000357723,0.1583398680013488,0.0,4.185141625691993,1,0,0,0.0,0.0,1.0,0,0,0,0,1,8,4,DISABLED,nan,0,-1,0,0.0,0
2580,274.0760683030021,440.5,0.5,192.0,480.0,55.0,40.0,114.0,394.0,55.0,40.0,114.0,394.0,detector,55.0,40.0,114.0,394.0,0.478189617395401,0.814649,1,0.0,0.5306430356181074,2.0518300828212666,REINITIALIZING,0.048118971004441846,0.23206245099572698,0.0,3.1364979604312233,1,0,0,0.0,0.0,1.0,0,0,0,0,1,9,4,DISABLED,nan,0,-1,0,0.0,0
2581,274.1053397690048,55.0,40.0,114.0,394.0,55.0,40.0,114.0,394.0,55.0,40.0,114.0,394.0,held,nan,nan,nan,nan,,nan,0,nan,nan,nan,INITIALIZING,0.0,0.0,0.0,34.16296265818512,0,0,0,0.0,0.0,1.0,0,0,0,0,1,9,4,DISABLED,nan,0,-1,0,0.0,0
2582,274.15035892200103,55.0,40.0,114.0,394.0,55.0,40.0,114.0,394.0,55.0,40.0,114.0,394.0,held,nan,nan,nan,nan,,nan,0,nan,nan,nan,INITIALIZING,0.0,0.0,0.0,22.21276797640709,0,0,0,0.0,0.0,1.0,0,0,0,0,1,9,4,DISABLED,nan,0,-1,0,0.0,0
2583,274.20515556000464,55.0,40.0,114.0,394.0,55.0,40.0,114.0,394.0,55.0,40.0,114.0,394.0,held,nan,nan,nan,nan,,nan,0,nan,nan,nan,INITIALIZING,0.0,0.0,0.0,18.249294782175216,0,0,0,0.0,0.0,1.0,0,0,0,0,1,9,4,DISABLED,nan,0,-1,0,0.0,0
2584,274.26940978100174,55.0,40.0,114.0,394.0,55.0,40.0,114.0,394.0,55.0,40.0,114.0,394.0,held,nan,nan,nan,nan,,nan,0,nan,nan,nan,INITIALIZING,0.0,0.0,0.0,15.563179888915576,0,0,0,0.0,0.0,1.0,0,0,0,0,1,9,4,DISABLED,nan,0,-1,0,0.0,0
2585,274.36273577400425,55.0,40.0,114.0,394.0,55.0,40.0,114.0,394.0,55.0,40.0,114.0,394.0,held,nan,nan,nan,nan,,nan,0,nan,nan,nan,INITIALIZING,0.0,0.0,0.0,10.715128420579658,0,0,0,0.0,0.0,1.0,0,0,0,0,1,9,4,DISABLED,nan,0,-1,0,0.0,0
2586,274.41484916800255,55.0,40.0,114.0,394.0,55.0,40.0,114.0,394.0,55.0,40.0,114.0,394.0,held,nan,nan,nan,nan,,nan,0,nan,nan,nan,INITIALIZING,0.0,0.0,0.0,19.188924828666334,0,0,0,0.0,0.0,1.0,0,0,0,0,1,9,4,DISABLED,nan,0,-1,0,0.0,0
2587,274.47310349700274,55.0,40.0,114.0,394.0,55.0,40.0,114.0,394.0,55.0,40.0,114.0,394.0,held,nan,nan,nan,nan,,nan,0,nan,nan,nan,INITIALIZING,0.0,0.0,0.0,17.166106230434828,0,0,0,0.0,0.0,1.0,0,0,0,0,1,9,4,DISABLED,nan,0,-1,0,0.0,0
2588,274.5336271030028,55.0,40.0,114.0,394.0,55.0,40.0,114.0,394.0,55.0,40.0,114.0,394.0,held,nan,nan,nan,nan,,nan,0,nan,nan,nan,INITIALIZING,0.0,0.0,0.0,16.522478848979972,0,0,0,0.0,0.0,1.0,0,0,0,0,1,9,4,DISABLED,nan,0,-1,0,0.0,0
2589,274.6071358269983,55.0,40.0,114.0,394.0,55.0,40.0,114.0,394.0,55.0,40.0,114.0,394.0,held,nan,nan,nan,nan,,nan,0,nan,nan,nan,INITIALIZING,0.0,0.0,0.0,13.603827486674575,0,0,0,0.0,0.0,1.0,0,0,0,0,1,9,4,DISABLED,nan,0,-1,0,0.0,0
2590,274.71895942000265,55.500003814697266,39.50001525878906,113.99999237060547,393.9999694824219,55.500003814697266,39.50001525878906,113.99999237060547,393.9999694824219,55.175001335144046,39.82500534057617,113.99999732971192,393.99998931884767,tracker,nan,nan,nan,nan,0.7924611568450928,nan,0,nan,nan,nan,TRACKING,0.0488576869975077,0.0,0.5867526739966706,8.942656671395689,0,0,0,0.7071067811865476,0.0008838834764831844,1.000000144380311,0,0,0,0,1,9,4,DISABLED,nan,0,-1,0,0.0,0
2591,274.788451376,55.500003814697266,39.50001525878906,113.99999237060547,393.9999694824219,55.500003814697266,39.50001525878906,113.99999237060547,393.9999694824219,55.288752202987666,39.71125881195068,113.99999559402465,393.9999823760986,tracker,nan,nan,nan,nan,0.7738866209983826,nan,0,nan,nan,nan,TRACKING,0.04485133699927246,0.0,0.0,14.390154740182167,0,0,0,0.0,0.0,1.0,0,0,0,0,1,9,4,DISABLED,nan,0,-1,0,0.0,0
2592,274.8635811300046,55.500003814697266,39.50001525878906,113.99999237060547,393.9999694824219,55.500003814697266,39.50001525878906,113.99999237060547,393.9999694824219,55.36269026708602,39.637323568344115,113.99999446582794,393.99997786331176,tracker,nan,nan,nan,nan,0.7694007754325867,nan,0,nan,nan,nan,TRACKING,0.045358536997810006,0.0,0.0,13.310305793612367,0,0,0,0.0,0.0,1.0,0,0,0,0,1,9,4,DISABLED,nan,0,-1,0,0.0,0
2593,274.9401006590051,55.500003814697266,39.50001525878906,113.99999237060547,393.9999694824219,55.500003814697266,39.50001525878906,113.99999237060547,393.9999694824219,55.41075000874996,39.589265659999846,113.99999373250007,393.9999749300003,tracker,nan,nan,nan,nan,0.7725707292556763,nan,0,nan,nan,nan,TRACKING,0.04751718500483548,0.0,0.0,13.068559269273308,0,0,0,0.0,0.0,1.0,0,0,0,0,1,9,4,DISABLED,nan,0,-1,0,0.0,0
2594,275.0083707619997,55.500003814697266,39.50001525878906,113.99999237060547,393.9999694824219,55.500003814697266,39.50001525878906,113.99999237060547,393.9999694824219,55.44198884083151,39.55802801957607,113.99999325583696,393.9999730233478,tracker,nan,nan,nan,nan,0.7702915668487549,nan,0,nan,nan,nan,TRACKING,0.042250437996699475,0.0,0.0,14.647700181138854,0,0,0,0.0,0.0,1.0,0,0,0,0,1,9,4,DISABLED,nan,0,-1,0,0.0,0
2595,275.09285648000514,55.500003814697266,39.50001525878906,113.99999237060547,393.9999694824219,55.500003814697266,39.50001525878906,113.99999237060547,393.9999694824219,55.46229408168453,39.537723553300616,113.99999294600593,393.9999717840237,tracker,nan,nan,nan,nan,0.7683292627334595,nan,0,nan,nan,nan,TRACKING,0.05813484700047411,0.0,0.0,11.836320074068066,0,0,0,0.0,0.0,1.0,0,0,0,0,1,9,4,DISABLED,nan,0,-1,0,0.0,0
2596,275.158422556,55.500003814697266,39.50001525878906,113.99999237060547,393.9999694824219,55.500003814697266,39.50001525878906,113.99999237060547,393.9999694824219,55.475492488238984,39.52452565022157,113.99999274461577,393.99997097846307,tracker,nan,nan,nan,nan,0.7683380246162415,nan,0,nan,nan,nan,TRACKING,0.04145640700153308,0.0,0.0,15.251789661444787,0,0,0,0.0,0.0,1.0,0,0,0,0,1,9,4,DISABLED,nan,0,-1,0,0.0,0
2597,275.2257071130007,55.500003814697266,39.50001525878906,113.99999237060547,393.9999694824219,55.500003814697266,39.50001525878906,113.99999237060547,393.9999694824219,55.48407145249938,39.51594701322019,113.99999261371217,393.99997045484866,tracker,nan,nan,nan,nan,0.7651910781860352,nan,0,nan,nan,nan,TRACKING,0.04272951199527597,0.0,0.0,14.862251377979014,0,0,0,0.0,0.0,1.0,0,0,0,0,1,9,4,DISABLED,nan,0,-1,0,0.0,0
2598,275.2967421810026,55.500003814697266,39.50001525878906,113.99999237060547,393.9999694824219,55.500003814697266,39.50001525878906,113.99999237060547,393.9999694824219,55.48964777926864,39.510370899169295,113.99999252862482,393.99997011449926,tracker,nan,nan,nan,nan,0.7623566389083862,nan,0,nan,nan,nan,TRACKING,0.044410700000298675,0.0,0.0,14.077553919883428,0,0,0,0.0,0.0,1.0,0,0,0,0,1,9,4,DISABLED,nan,0,-1,0,0.0,0
2599,275.3781625620031,55.500003814697266,39.50001525878906,113.99999237060547,393.9999694824219,55.500003814697266,39.50001525878906,113.99999237060547,393.9999694824219,55.493272391668654,39.50674642503621,113.99999247331804,393.9999698932722,tracker,nan,nan,nan,nan,0.7641758322715759,nan,0,nan,nan,nan,TRACKING,0.04910269399988465,0.0,0.0,12.281937123260082,0,0,0,0.0,0.0,1.0,0,0,0,0,1,9,4,DISABLED,nan,0,-1,0,0.0,0
2600,275.67832151800394,55.500003814697266,39.50001525878906,113.99999237060547,393.9999694824219,55.500003814697266,39.50001525878906,113.99999237060547,393.9999694824219,54.0,33.0,116.0,401.0,detector,54.0,33.0,116.0,401.0,0.76693195104599,0.826103,1,0.9656030938819951,0.003801726581436387,1.0356221995724142,DETECTOR_CONFIRMED,0.041568597000150476,0.23076106499502202,0.0,3.331568090866119,0,0,0,0.0,0.0,1.0,0,0,0,0,1,9,4,DISABLED,nan,0,-1,0,0.0,0
2601,275.75034853700345,55.500003814697266,39.50001525878906,113.99999237060547,393.9999694824219,55.500003814697266,39.50001525878906,113.99999237060547,393.9999694824219,54.52500133514404,35.27500534057617,115.29999732971191,398.5499893188477,tracker,nan,nan,nan,nan,0.7712535858154297,nan,0,nan,nan,nan,TRACKING,0.041465418005827814,0.0,0.0,13.883678845668388,0,0,0,0.0,0.0,1.0,0,0,0,0,1,9,4,DISABLED,nan,0,-1,0,0.0,0
2602,275.82793298899924,55.500003814697266,39.50001525878906,113.99999237060547,393.9999694824219,55.500003814697266,39.50001525878906,113.99999237060547,393.9999694824219,54.86625220298767,36.75375881195068,114.84499559402465,396.95748237609865,tracker,nan,nan,nan,nan,0.7551936507225037,nan,0,nan,nan,nan,TRACKING,0.05193885799963027,0.0,0.0,12.889180425663938,0,0,0,0.0,0.0,1.0,0,0,0,0,1,9,4,DISABLED,nan,0,-1,0,0.0,0
2603,275.9178724900048,59.73868179321289,39.50001525878906,113.99999237060547,393.9999694824219,59.73868179321289,39.50001525878906,113.99999237060547,393.9999694824219,56.57160255956649,37.71494856834411,114.54924446582794,395.9223528633118,tracker,nan,nan,nan,nan,0.7221696376800537,nan,0,nan,nan,nan,TRACKING,0.06366196500312071,0.0,0.0,11.118585146898065,0,0,0,4.238677978515625,0.0052983474731445315,1.0,0,0,0,0,1,9,4,DISABLED,nan,0,-1,0,0.0,0
2604,275.9885370280026,59.500003814697266,39.50001525878906,113.99999237060547,393.9999694824219,59.500003814697266,39.50001525878906,113.99999237060547,393.9999694824219,57.59654299886226,38.339721909999845,114.35700623250007,395.24951868000034,tracker,nan,nan,nan,nan,0.6971696019172668,nan,0,nan,nan,nan,TRACKING,0.04691841999738244,0.0,0.0,14.151369673302527,0,0,0,0.238677978515625,0.0002983474731445312,1.0,0,0,0,0,1,9,4,DISABLED,nan,0,-1,0,0.0,0
2605,276.0746588289985,63.73868179321289,39.50001525878906,113.99999237060547,393.9999694824219,63.73868179321289,39.50001525878906,113.99999237060547,393.9999694824219,59.746291576884985,38.74582458207607,114.23205138083695,394.81217646084787,tracker,nan,nan,nan,nan,0.6537656784057617,nan,0,nan,nan,nan,TRACKING,0.05897283800004516,0.0,0.0,11.611461772004002,0,0,0,4.238677978515625,0.0052983474731445315,1.0,0,0,0,0,1,9,4,DISABLED,nan,0,-1,0,0.0,0
2606,276.1698424729984,67.73867797851562,39.50001525878906,113.99999237060547,393.9999694824219,67.73867797851562,39.50001525878906,113.99999237060547,393.9999694824219,62.5436268174557,39.009791318925615,114.15083072725592,394.5279040183988,tracker,nan,nan,nan,nan,0.6260876059532166,nan,0,nan,nan,nan,TRACKING,0.06676709599560127,0.0,0.0,10.506006683258232,0,0,0,3.9999961853027344,0.004999995231628418,1.0,0,0,0,0,1,9,4,DISABLED,nan,0,-1,0,0.0,0
2607,276.24315775500145,71.73867797851562,39.50001525878906,113.99999237060547,393.9999694824219,71.73867797851562,39.50001525878906,113.99999237060547,393.9999694824219,65.76189472382667,39.18136969787782,114.09803730242827,394.3431269308069,tracker,nan,nan,nan,nan,0.5992906093597412,nan,0,nan,nan,nan,TRACKING,0.04707529900042573,0.0,0.0,13.639721115152648,0,0,0,4.0,0.005,1.0,0,0,0,0,1,9,4,DISABLED,nan,0,-1,0,0.0,0
2608,276.3181721420042,75.73867797851562,39.50001525878906,113.99999237060547,393.9999694824219,75.73867797851562,39.50001525878906,113.99999237060547,393.9999694824219,69.2537688629678,39.292895644196754,114.06372157629029,394.2230218238721,tracker,nan,nan,nan,nan,0.5777159929275513,nan,0,nan,nan,nan,TRACKING,0.0469316489979974,0.0,0.0,13.330776134496594,0,0,0,4.0,0.005,1.0,0,0,0,0,1,9,4,DISABLED,nan,0,-1,0,0.0,0
2609,276.39878344000317,67.02264404296875,39.50001525878906,113.99999237060547,393.9999694824219,67.02264404296875,39.50001525878906,113.99999237060547,393.9999694824219,68.47287517596813,39.365387509304064,114.0414163543006,394.14495350436454,tracker,nan,nan,nan,nan,0.5512602925300598,nan,0,nan,nan,nan,TRACKING,0.05590463500266196,0.0,0.0,12.405209006963188,0,0,0,8.716033935546875,0.010895042419433594,1.0,0,0,0,0,1,9,4,DISABLED,nan,0,-1,0,0.0,0
2610,276.4819693860045,63.26132583618164,39.50001525878906,113.99999237060547,393.9999694824219,63.26132583618164,39.50001525878906,113.99999237060547,393.9999694824219,66.64883290704286,39.41250722162381,114.0269179600073,394.0942090966846,tracker,nan,nan,nan,nan,0.5347448587417603,nan,0,nan,nan,nan,TRACKING,0.0544513700006064,0.0,0.0,12.021261379705988,0,0,0,3.7613182067871094,0.004701647758483887,1.0,0,0,0,0,1,9,4,DISABLED,nan,0,-1,0,0.0,0
2611,276.56181217500125,63.500003814697266,39.50001525878906,113.99999237060547,393.9999694824219,63.500003814697266,39.50001525878906,113.99999237060547,393.9999694824219,65.5467427247219,39.44313503463165,114.01749400371665,394.0612252316927,tracker,nan,nan,nan,nan,0.5175792574882507,nan,0,nan,nan,nan,TRACKING,0.051904013998864684,0.0,0.0,12.524612586374172,0,0,0,0.238677978515625,0.0002983474731445312,1.0,0,0,0,0,1,9,4,DISABLED,nan,0,-1,0,0.0,0
2612,277.13762103299814,59.26132583618164,39.50001525878906,113.99999237060547,393.9999694824219,59.26132583618164,39.50001525878906,113.99999237060547,393.9999694824219,117.0,51.0,107.0,390.0,detector,117.0,51.0,107.0,390.0,0.4940737783908844,0.885339,1,0.3304354648761939,0.0688304550696074,1.0763477957108767,LOW_CONFIDENCE,0.05462939500284847,0.49512630800018087,0.0,1.7366874199865145,1,0,0,4.238677978515625,0.0052983474731445315,1.0,0,0,0,0,1,9,4,DISABLED,nan,0,-1,0,0.0,0
2613,277.41401272400253,59.500003814697266,39.50001525878906,113.99999237060547,393.9999694824219,59.500003814697266,39.50001525878906,113.99999237060547,393.9999694824219,136.0,13.0,135.0,449.0,detector,136.0,13.0,135.0,449.0,0.4337276518344879,0.992902,1,0.16279913148833988,0.10875718367078104,1.3495192971683267,LOW_CONFIDENCE,0.053883178006799426,0.1899022240031627,0.0,3.6180537713201746,1,0,0,0.238677978515625,0.0002983474731445312,1.0,0,0,0,0,1,9,4,DISABLED,nan,0,-1,0,0.0,0
2614,277.70918769999844,51.022647857666016,39.50001525878906,113.99999237060547,393.9999694824219,51.022647857666016,39.50001525878906,113.99999237060547,393.9999694824219,177.0,25.0,122.0,357.0,detector,177.0,25.0,122.0,357.0,0.44013696908950806,0.902148,1,0.0,0.16762641247345245,1.0312713761081618,LOW_CONFIDENCE,0.09481587500340538,0.17089882999425754,0.0,3.3878210597834375,1,0,0,8.47735595703125,0.010596694946289063,1.0,0,0,0,0,1,9,4,DISABLED,nan,0,-1,0,0.0,0
2615,277.7874534700022,55.73868179321289,39.50001525878906,113.99999237060547,393.9999694824219,55.73868179321289,39.50001525878906,113.99999237060547,393.9999694824219,134.5585386276245,30.07500534057617,119.1999973297119,369.94998931884766,tracker,nan,nan,nan,nan,0.5295006632804871,nan,0,nan,nan,nan,TRACKING,0.047525881993351504,0.0,0.0,12.77697772540514,0,0,0,4.716033935546875,0.005895042419433593,1.0,0,0,0,0,1,9,4,DISABLED,nan,0,-1,0,0.0,0
2616,277.8771063500026,55.500003814697266,39.50001525878906,113.99999237060547,393.9999694824219,55.500003814697266,39.50001525878906,113.99999237060547,393.9999694824219,106.88805144309997,33.37375881195068,117.37999559402465,378.3674823760986,tracker,nan,nan,nan,nan,0.5084630846977234,nan,0,nan,nan,nan,TRACKING,0.06198671500169439,0.0,0.0,11.154131356360297,0,0,0,0.238677978515625,0.0002983474731445312,1.0,0,0,0,0,1,9,4,DISABLED,nan,0,-1,0,0.0,0
2617,277.94454846300505,55.500003814697266,39.50001525878906,113.99999237060547,393.9999694824219,55.500003814697266,39.50001525878906,113.99999237060547,393.9999694824219,88.90223477315902,35.51794856834411,116.19699446582793,383.8388528633118,tracker,nan,nan,nan,nan,0.5124841928482056,nan,0,nan,nan,nan,TRACKING,0.04220517599605955,0.0,0.0,14.827530684920248,0,0,0,0.0,0.0,1.0,0,0,0,0,1,9,4,DISABLED,nan,0,-1,0,0.0,0
2618,278.0153664940008,55.500003814697266,39.50001525878906,113.99999237060547,393.9999694824219,55.500003814697266,39.50001525878906,113.99999237060547,393.9999694824219,77.21145393769741,36.911671909999846,115.42804373250006,387.3952436800003,tracker,nan,nan,nan,nan,0.5119166970252991,nan,0,nan,nan,nan,TRACKING,0.04481972100620624,0.0,0.0,14.120697595508924,0,0,0,0.0,0.0,1.0,0,0,0,0,1,9,4,DISABLED,nan,0,-1,0,0.0,0
2619,278.0884035920026,55.500003814697266,39.50001525878906,113.99999237060547,393.9999694824219,55.500003814697266,39.50001525878906,113.99999237060547,393.9999694824219,69.61244639464736,37.817592082076075,114.92822575583695,389.70689771084784,tracker,nan,nan,nan,nan,0.5140042901039124,nan,0,nan,nan,nan,TRACKING,0.048346684998250566,0.0,0.0,13.691672141399767,0,0,0,0.0,0.0,1.0,0,0,0,0,1,9,4,DISABLED,nan,0,-1,0,0.0,0
2620,278.3392053159987,55.500003814697266,39.50001525878906,113.99999237060547,393.9999694824219,55.500003814697266,39.50001525878906,113.99999237060547,393.9999694824219,249.0,25.0,116.0,261.0,detector,249.0,25.0,116.0,261.0,0.5148125886917114,0.971357,1,0.0,0.2633653890035667,1.4835511135888122,DETECTOR_CONFIRMED,0.056871533997764345,0.1676930719986558,0.0,3.9872134212900145,0,0,0,0.0,0.0,1.0,0,0,0,0,1,9,4,DISABLED,nan,0,-1,0,0.0,0
2621,278.4163550170051,55.500003814697266,39.50001525878906,113.99999237060547,393.9999694824219,55.500003814697266,39.50001525878906,113.99999237060547,393.9999694824219,181.27500133514403,30.07500534057617,115.29999732971191,307.5499893188477,tracker,nan,nan,nan,nan,0.5201586484909058,nan,0,nan,nan,nan,TRACKING,0.05170770700351568,0.0,0.0,12.96181303303809,0,0,0,0.0,0.0,1.0,0,0,0,0,1,9,4,DISABLED,nan,0,-1,0,0.0,0
2622,278.5075713740007,55.500003814697266,39.50001525878906,113.99999237060547,393.9999694824219,55.500003814697266,39.50001525878906,113.99999237060547,393.9999694824219,137.25375220298767,33.37375881195068,114.84499559402465,337.8074823760986,tracker,nan,nan,nan,nan,0.5242100954055786,nan,0,nan,nan,nan,TRACKING,0.05944524500227999,0.0,0.0,10.962946043202809,0,0,0,0.0,0.0,1.0,0,0,0,0,1,9,4,DISABLED,nan,0,-1,0,0.0,0
2623,278.5866345079994,55.500003814697266,39.50001525878906,113.99999237060547,393.9999694824219,55.500003814697266,39.50001525878906,113.99999237060547,393.9999694824219,108.63994026708603,35.51794856834411,114.54924446582794,357.47485286331175,tracker,nan,nan,nan,nan,0.5236566662788391,nan,0,nan,nan,nan,TRACKING,0.04557635400124127,0.0,0.0,12.648119919155278,0,0,0,0.0,0.0,1.0,0,0,0,0,1,9,4,DISABLED,nan,0,-1,0,0.0,0
2624,278.66109028700157,55.500003814697266,39.50001525878906,113.99999237060547,393.9999694824219,55.500003814697266,39.50001525878906,113.99999237060547,393.9999694824219,90.04096250874997,36.911671909999846,114.35700623250007,370.2586436800003,tracker,nan,nan,nan,nan,0.527006208896637,nan,0,nan,nan,nan,TRACKING,0.046757894997426774,0.0,0.0,13.430790912427753,0,0,0,0.0,0.0,1.0,0,0,0,0,1,9,4,DISABLED,nan,0,-1,0,0.0,0
2625,278.7293048670035,55.500003814697266,39.50001525878906,113.99999237060547,393.9999694824219,55.500003814697266,39.50001525878906,113.99999237060547,393.9999694824219,77.95162696583152,37.817592082076075,114.23205138083695,378.56810771084787,tracker,nan,nan,nan,nan,0.5224795341491699,nan,0,nan,nan,nan,TRACKING,0.04455830799997784,0.0,0.0,14.65962261984779,0,0,0,0.0,0.0,1.0,0,0,0,0,1,9,4,DISABLED,nan,0,-1,0,0.0,0
2626,278.79925839800126,55.500003814697266,39.50001525878906,113.99999237060547,393.9999694824219,55.500003814697266,39.50001525878906,113.99999237060547,393.9999694824219,70.09355886293453,38.40644019392562,114.15083072725592,383.9692593308988,tracker,nan,nan,nan,nan,0.528817355632782,nan,0,nan,nan,nan,TRACKING,0.04184896899823798,0.0,0.0,14.295204055280053,0,0,0,0.0,0.0,1.0,0,0,0,0,1,9,4,DISABLED,nan,0,-1,0,0.0,0
2627,278.8720592910031,55.500003814697266,39.50001525878906,113.99999237060547,393.9999694824219,55.500003814697266,39.50001525878906,113.99999237060547,393.9999694824219,64.98581459605148,38.78919146662783,114.09803730242827,387.4800078839319,tracker,nan,nan,nan,nan,0.5312020182609558,nan,0,nan,nan,nan,TRACKING,0.049060557001212146,0.0,0.0,13.736095242330604,0,0,0,0.0,0.0,1.0,0,0,0,0,1,9,4,DISABLED,nan,0,-1,0,0.0,0
2628,278.9682258239991,55.500003814697266,39.50001525878906,113.99999237060547,393.9999694824219,55.500003814697266,39.50001525878906,113.99999237060547,393.9999694824219,61.6657808225775,39.03797979388426,114.06372157629029,389.7619944434034,tracker,nan,nan,nan,nan,0.5355237722396851,nan,0,nan,nan,nan,TRACKING,0.047997925998060964,0.0,0.0,10.39862797218295,0,0,0,0.0,0.0,1.0,0,0,0,0,1,9,4,DISABLED,nan,0,-1,0,0.0,0
2629,279.04181793599855,55.500003814697266,39.50001525878906,113.99999237060547,393.9999694824219,55.500003814697266,39.50001525878906,113.99999237060547,393.9999694824219,59.507758869819426,39.19969220660094,114.0414163543006,391.2452857070599,tracker,nan,nan,nan,nan,0.5375163555145264,nan,0,nan,nan,nan,TRACKING,0.04950994299724698,0.0,0.0,13.588412845215494,0,0,0,0.0,0.0,1.0,0,0,0,0,1,9,4,DISABLED,nan,0,-1,0,0.0,0
2630,279.1138702690005,55.500003814697266,39.50001525878906,113.99999237060547,393.9999694824219,55.500003814697266,39.50001525878906,113.99999237060547,393.9999694824219,58.10504460052667,39.30480527486679,114.0269179600073,392.2094250284366,tracker,nan,nan,nan,nan,0.5362573266029358,nan,0,nan,nan,nan,TRACKING,0.0469702439950197,0.0,0.0,13.878801120476501,0,0,0,0.0,0.0,1.0,0,0,0,0,1,9,4,DISABLED,nan,0,-1,0,0.0,0
2631,279.1837406199993,55.500003814697266,39.50001525878906,113.99999237060547,393.9999694824219,55.500003814697266,39.50001525878906,113.99999237060547,393.9999694824219,57.193280325486384,39.373128769239585,114.01749400371665,392.83611558733145,tracker,nan,nan,nan,nan,0.5372962951660156,nan,0,nan,nan,nan,TRACKING,0.04502483000396751,0.0,0.0,14.31222236191139,0,0,0,0.0,0.0,1.0,0,0,0,0,1,9,4,DISABLED,nan,0,-1,0,0.0,0
2632,279.26277489899803,55.500003814697266,39.50001525878906,113.99999237060547,393.9999694824219,55.500003814697266,39.50001525878906,113.99999237060547,393.9999694824219,56.6006335467102,39.4175390405819,114.01136843212774,393.2434644506131,tracker,nan,nan,nan,nan,0.5424652099609375,nan,0,nan,nan,nan,TRACKING,0.04796000799979083,0.0,0.0,12.65273768127909,0,0,0,0.0,0.0,1.0,0,0,0,0,1,9,4,DISABLED,nan,0,-1,0,0.0,0
2633,279.3353063070026,55.500003814697266,39.50001525878906,113.99999237060547,393.9999694824219,55.500003814697266,39.50001525878906,113.99999237060547,393.9999694824219,56.215413140505675,39.44640571695441,114.00738681059494,393.50824121174617,tracker,nan,nan,nan,nan,0.5471953749656677,nan,0,nan,nan,nan,TRACKING,0.04577781799889635,0.0,0.0,13.78713067223053,0,0,0,0.0,0.0,1.0,0,0,0,0,1,9,4,DISABLED,nan,0,-1,0,0.0,0
2634,279.41751004099933,55.500003814697266,39.50001525878906,113.99999237060547,393.9999694824219,55.500003814697266,39.50001525878906,113.99999237060547,393.9999694824219,55.96501987647274,39.46516905659654,114.00479875659862,393.68034610648266,tracker,nan,nan,nan,nan,0.5444101095199585,nan,0,nan,nan,nan,TRACKING,0.054002138997020666,0.0,0.0,12.164897522050383,0,0,0,0.0,0.0,1.0,0,0,0,0,1,9,4,DISABLED,nan,0,-1,0,0.0,0
2635,279.48326294500293,55.500003814697266,39.50001525878906,113.99999237060547,393.9999694824219,55.500003814697266,39.50001525878906,113.99999237060547,393.9999694824219,55.80226425485132,39.47736522736392,114.00311652150101,393.79221428806136,tracker,nan,nan,nan,nan,0.54414302110672,nan,0,nan,nan,nan,TRACKING,0.04212486100004753,0.0,0.0,15.208453758106444,0,0,0,0.0,0.0,1.0,0,0,0,0,1,9,4,DISABLED,nan,0,-1,0,0.0,0
2636,279.56639930700476,55.500003814697266,39.50001525878906,113.99999237060547,393.9999694824219,55.500003814697266,39.50001525878906,113.99999237060547,393.9999694824219,55.696473100797405,39.485292738362716,114.00202306868756,393.8649286060876,tracker,nan,nan,nan,nan,0.5483018159866333,nan,0,nan,nan,nan,TRACKING,0.057744161000300664,0.0,0.0,12.028431073013074,0,0,0,0.0,0.0,1.0,0,0,0,0,1,9,4,DISABLED,nan,0,-1,0,0.0,0
2637,279.64262429700466,55.500003814697266,39.50001525878906,113.99999237060547,393.9999694824219,55.500003814697266,39.50001525878906,113.99999237060547,393.9999694824219,55.62770885066236,39.490445620511935,114.00131232435882,393.9121929128046,tracker,nan,nan,nan,nan,0.5436816215515137,nan,0,nan,nan,nan,TRACKING,0.046082252003543545,0.0,0.0,13.119057149122675,0,0,0,0.0,0.0,1.0,0,0,0,0,1,9,4,DISABLED,nan,0,-1,0,0.0,0
2638,279.7119803120004,55.500003814697266,39.50001525878906,113.99999237060547,393.9999694824219,55.500003814697266,39.50001525878906,113.99999237060547,393.9999694824219,55.58301208807458,39.49379499390893,114.00085034054514,393.94291471217065,tracker,nan,nan,nan,nan,0.5493932366371155,nan,0,nan,nan,nan,TRACKING,0.04655611899943324,0.0,0.0,14.418360109959037,0,0,0,0.0,0.0,1.0,0,0,0,0,1,9,4,DISABLED,nan,0,-1,0,0.0,0
2639,279.826569705001,55.500003814697266,39.50001525878906,113.99999237060547,393.9999694824219,55.500003814697266,39.50001525878906,113.99999237060547,393.9999694824219,55.553959192392526,39.49597208661697,114.00055005106626,393.96288388175856,tracker,nan,nan,nan,nan,0.5455950498580933,nan,0,nan,nan,nan,TRACKING,0.08924990100058494,0.0,0.0,8.726811215366109,0,0,0,0.0,0.0,1.0,0,0,0,0,1,9,4,DISABLED,nan,0,-1,0,0.0,0
2640,280.10869784199895,55.500003814697266,39.50001525878906,113.99999237060547,393.9999694824219,55.500003814697266,39.50001525878906,113.99999237060547,393.9999694824219,278.0,20.0,122.0,287.0,detector,278.0,20.0,122.0,287.0,0.5836312174797058,0.755723,1,0.0,0.2974665159728066,1.2828009800369817,DETECTOR_CONFIRMED,0.05675262599834241,0.19561783700191882,0.0,3.5444887228931408,0,0,0,0.0,0.0,1.0,0,0,0,0,1,9,4,DISABLED,nan,0,-1,0,0.0,0
2641,280.1838015020039,55.500003814697266,39.50001525878906,113.99999237060547,393.9999694824219,55.500003814697266,39.50001525878906,113.99999237060547,393.9999694824219,200.12500133514405,26.82500534057617,119.1999973297119,324.44998931884766,tracker,nan,nan,nan,nan,0.5844594836235046,nan,0,nan,nan,nan,TRACKING,0.048495282004296314,0.0,0.0,13.314930323419961,0,0,0,0.0,0.0,1.0,0,0,0,0,1,9,4,DISABLED,nan,0,-1,0,0.0,0
2642,280.2598751859987,55.500003814697266,39.50001525878906,113.99999237060547,393.9999694824219,55.500003814697266,39.50001525878906,113.99999237060547,393.9999694824219,149.50625220298767,31.261258811950682,117.37999559402465,348.79248237609863,tracker,nan,nan,nan,nan,0.5837621688842773,nan,0,nan,nan,nan,TRACKING,0.04666924699995434,0.0,0.0,13.145150168734146,0,0,0,0.0,0.0,1.0,0,0,0,0,1,9,4,DISABLED,nan,0,-1,0,0.0,0
2643,280.32922161800525,55.500003814697266,39.50001525878906,113.99999237060547,393.9999694824219,55.500003814697266,39.50001525878906,113.99999237060547,393.9999694824219,116.60406526708603,34.144823568344115,116.19699446582793,364.6151028633118,tracker,nan,nan,nan,nan,0.5850318074226379,nan,0,nan,nan,nan,TRACKING,0.04482633600127883,0.0,0.0,14.42035258433019,0,0,0,0.0,0.0,1.0,0,0,0,0,1,9,4,DISABLED,nan,0,-1,0,0.0,0
2644,280.40887815200404,55.500003814697266,39.50001525878906,113.99999237060547,393.9999694824219,55.500003814697266,39.50001525878906,113.99999237060547,393.9999694824219,95.21764375874997,36.01914065999985,115.42804373250006,374.8998061800003,tracker,nan,nan,nan,nan,0.5868856906890869,nan,0,nan,nan,nan,TRACKING,0.04759947799902875,0.0,0.0,12.55389796416744,0,0,0,0.0,0.0,1.0,0,0,0,0,1,9,4,DISABLED,nan,0,-1,0,0.0,0
2645,280.4890145430036,55.500003814697266,39.50001525878906,113.99999237060547,393.9999694824219,55.500003814697266,39.50001525878906,113.99999237060547,393.9999694824219,81.31646977833152,37.237446769576074,114.92822575583695,381.5848633358479,tracker,nan,nan,nan,nan,0.5818573832511902,nan,0,nan,nan,nan,TRACKING,0.05483137900591828,0.0,0.0,12.478725177500445,0,0,0,0.0,0.0,1.0,0,0,0,0,1,9,4,DISABLED,nan,0,-1,0,0.0,0
2646,280.563641419998,55.500003814697266,39.50001525878906,113.99999237060547,393.9999694824219,55.500003814697266,39.50001525878906,113.99999237060547,393.9999694824219,72.28070669105954,38.02934574080062,114.60334407100592,385.9301504871488,tracker,nan,nan,nan,nan,0.5842447280883789,nan,0,nan,nan,nan,TRACKING,0.049721666997356806,0.0,0.0,13.399997966878017,0,0,0,0.0,0.0,1.0,0,0,0,0,1,9,4,DISABLED,nan,0,-1,0,0.0,0
2647,280.6390456080044,55.500003814697266,39.50001525878906,113.99999237060547,393.9999694824219,55.500003814697266,39.50001525878906,113.99999237060547,393.9999694824219,66.40746068433275,38.54408007209658,114.39217097586575,388.7545871354944,tracker,nan,nan,nan,nan,0.5823792219161987,nan,0,nan,nan,nan,TRACKING,0.05097253200074192,0.0,0.0,13.261862854562661,0,0,0,0.0,0.0,1.0,0,0,0,0,1,9,4,DISABLED,nan,0,-1,0,0.0,0
2648,280.7071780510014,55.500003814697266,39.50001525878906,113.99999237060547,393.9999694824219,55.500003814697266,39.50001525878906,113.99999237060547,393.9999694824219,62.58985077996033,38.87865738743895,114.25490846402465,390.59047095691903,tracker,nan,nan,nan,nan,0.5831854939460754,nan,0,nan,nan,nan,TRACKING,0.04337629899964668,0.0,0.0,14.67729551461788,0,0,0,0.0,0.0,1.0,0,0,0,0,1,9,4,DISABLED,nan,0,-1,0,0.0,0
2649,280.7768735540012,55.500003814697266,39.50001525878906,113.99999237060547,393.9999694824219,55.500003814697266,39.50001525878906,113.99999237060547,393.9999694824219,60.10840434211826,39.09613264241149,114.16568783132793,391.78379544084504,tracker,nan,nan,nan,nan,0.5861269235610962,nan,0,nan,nan,nan,TRACKING,0.0410649910045322,0.0,0.0,14.348128027751976,0,0,0,0.0,0.0,1.0,0,0,0,0,1,9,4,DISABLED,nan,0,-1,0,0.0,0
2650,280.8585233679987,55.500003814697266,39.50001525878906,113.99999237060547,393.9999694824219,55.500003814697266,39.50001525878906,113.99999237060547,393.9999694824219,58.495464157520914,39.23749155814364,114.10769442007506,392.55945635539695,tracker,nan,nan,nan,nan,0.5823095440864563,nan,0,nan,nan,nan,TRACKING,0.056447565999405924,0.0,0.0,12.247425328251278,0,0,0,0.0,0.0,1.0,0,0,0,0,1,9,4,DISABLED,nan,0,-1,0,0.0,0
2651,280.9280457420027,55.500003814697266,39.50001525878906,113.99999237060547,393.9999694824219,55.500003814697266,39.50001525878906,113.99999237060547,393.9999694824219,57.44705303753264,39.329374853369536,114.0699987027607,393.06363594985567,tracker,nan,nan,nan,nan,0.5848233103752136,nan,0,nan,nan,nan,TRACKING,0.04184704200451961,0.0,0.0,14.383858640131198,0,0,0,0.0,0.0,1.0,0,0,0,0,1,9,4,DISABLED,nan,0,-1,0,0.0,0
2652,281.0030496590043,55.500003814697266,39.50001525878906,113.99999237060547,393.9999694824219,55.500003814697266,39.50001525878906,113.99999237060547,393.9999694824219,56.765585809540255,39.38909899526637,114.04549648650637,393.39135268625387,tracker,nan,nan,nan,nan,0.5830639600753784,nan,0,nan,nan,nan,TRACKING,0.04442481500154827,0.0,0.0,13.332637013860637,0,0,0,0.0,0.0,1.0,0,0,0,0,1,9,4,DISABLED,nan,0,-1,0,0.0,0
2653,281.0671686679998,55.500003814697266,39.50001525878906,113.99999237060547,393.9999694824219,55.500003814697266,39.50001525878906,113.99999237060547,393.9999694824219,56.322632111345214,39.42791968749931,114.02957004594104,393.60436856491265,tracker,nan,nan,nan,nan,0.5867009162902832,nan,0,nan,nan,nan,TRACKING,0.039376562999677844,0.0,0.0,15.595998997279473,0,0,0,0.0,0.0,1.0,0,0,0,0,1,9,4,DISABLED,nan,0,-1,0,0.0,0
2654,281.15100228699885,55.500003814697266,39.50001525878906,113.99999237060547,393.9999694824219,55.500003814697266,39.50001525878906,113.99999237060547,393.9999694824219,56.03471220751844,39.45315313745073,114.01921785957359,393.7428288860409,tracker,nan,nan,nan,nan,0.5827357172966003,nan,0,nan,nan,nan,TRACKING,0.05483132699737325,0.0,0.0,11.928388776957313,0,0,0,0.0,0.0,1.0,0,0,0,0,1,9,4,DISABLED,nan,0,-1,0,0.0,0
2655,281.2205366400012,55.500003814697266,39.50001525878906,113.99999237060547,393.9999694824219,55.500003814697266,39.50001525878906,113.99999237060547,393.9999694824219,55.84756427003103,39.469554879919144,114.01248893843474,393.83282809477424,tracker,nan,nan,nan,nan,0.5856904983520508,nan,0,nan,nan,nan,TRACKING,0.04500170500250533,0.0,0.0,14.381380667563613,0,0,0,0.0,0.0,1.0,0,0,0,0,1,9,4,DISABLED,nan,0,-1,0,0.0,0
2656,281.2969709579993,55.500003814697266,39.50001525878906,113.99999237060547,393.9999694824219,55.500003814697266,39.50001525878906,113.99999237060547,393.9999694824219,55.72591811066421,39.48021601252361,114.0081151396945,393.89132758045093,tracker,nan,nan,nan,nan,0.5855884552001953,nan,0,nan,nan,nan,TRACKING,0.04762546900019515,0.0,0.0,13.083128445331665,0,0,0,0.0,0.0,1.0,0,0,0,0,1,9,4,DISABLED,nan,0,-1,0,0.0,0
2657,281.9621339900041,55.500003814697266,39.50001525878906,113.99999237060547,393.9999694824219,55.500003814697266,39.50001525878906,113.99999237060547,393.9999694824219,55.64684810707578,39.48714574871652,114.00527217051334,393.92935224614075,tracker,nan,nan,nan,nan,0.5827689170837402,nan,0,nan,nan,nan,TRACKING,0.6341878259991063,0.0,0.0,1.5033908258341202,0,0,0,0.0,0.0,1.0,0,0,0,0,1,9,4,DISABLED,nan,0,-1,0,0.0,0
2658,282.0148290139987,55.500003814697266,39.50001525878906,113.99999237060547,393.9999694824219,55.500003814697266,39.50001525878906,113.99999237060547,393.9999694824219,55.5954526047433,39.491650077241914,114.00342424054558,393.95406827883915,tracker,nan,nan,nan,nan,0.5830597877502441,nan,0,nan,nan,nan,TRACKING,0.034749779995763674,0.0,0.0,18.977123914061455,0,0,0,0.0,0.0,1.0,0,0,0,0,1,9,4,DISABLED,nan,0,-1,0,0.0,0
2659,282.0832490160028,55.500003814697266,39.50001525878906,113.99999237060547,393.9999694824219,55.500003814697266,39.50001525878906,113.99999237060547,393.9999694824219,55.56204552822719,39.49457789078342,114.00222308606654,393.9701337000931,tracker,nan,nan,nan,nan,0.5865614414215088,nan,0,nan,nan,nan,TRACKING,0.04287086999829626,0.0,0.0,14.615609042800278,0,0,0,0.0,0.0,1.0,0,0,0,0,1,9,4,DISABLED,nan,0,-1,0,0.0,0
2660,282.4258717999983,55.500003814697266,39.50001525878906,113.99999237060547,393.9999694824219,55.500003814697266,39.50001525878906,113.99999237060547,393.9999694824219,277.0,20.0,122.0,285.0,detector,277.0,20.0,122.0,285.0,0.5853065252304077,0.708957,1,0.0,0.29666439898477875,1.2918030921775923,DETECTOR_CONFIRMED,0.036930512003891636,0.28401438299624715,0.0,2.91866170818702,0,0,0,0.0,0.0,1.0,0,0,0,0,1,9,4,DISABLED,nan,0,-1,0,0.0,0
2661,282.50576558000466,55.500003814697266,39.50001525878906,113.99999237060547,393.9999694824219,55.500003814697266,39.50001525878906,113.99999237060547,393.9999694824219,199.47500133514404,26.82500534057617,119.1999973297119,323.14998931884764,tracker,nan,nan,nan,nan,0.5855582356452942,nan,0,nan,nan,nan,TRACKING,0.04884091599524254,0.0,0.0,12.516618939798052,0,0,0,0.0,0.0,1.0,0,0,0,0,1,9,4,DISABLED,nan,0,-1,0,0.0,0
2662,282.57860314100253,55.500003814697266,39.50001525878906,113.99999237060547,393.9999694824219,55.500003814697266,39.50001525878906,113.99999237060547,393.9999694824219,149.08375220298765,31.261258811950682,117.37999559402465,347.9474823760986,tracker,nan,nan,nan,nan,0.5856329202651978,nan,0,nan,nan,nan,TRACKING,0.049288843998510856,0.0,0.0,13.729180196317458,0,0,0,0.0,0.0,1.0,0,0,0,0,1,9,4,DISABLED,nan,0,-1,0,0.0,0
2663,282.64927377300046,55.500003814697266,39.50001525878906,113.99999237060547,393.9999694824219,55.500003814697266,39.50001525878906,113.99999237060547,393.9999694824219,116.32944026708603,34.144823568344115,116.19699446582793,364.06585286331176,tracker,nan,nan,nan,nan,0.582035481929779,nan,0,nan,nan,nan,TRACKING,0.04114942099840846,0.0,0.0,14.150149386372055,0,0,0,0.0,0.0,1.0,0,0,0,0,1,9,4,DISABLED,nan,0,-1,0,0.0,0
2664,282.7694982030007,55.500003814697266,39.50001525878906,113.99999237060547,393.9999694824219,55.500003814697266,39.50001525878906,113.99999237060547,393.9999694824219,95.03913750874996,36.01914065999985,115.42804373250006,374.5427936800003,tracker,nan,nan,nan,nan,0.5835602283477783,nan,0,nan,nan,nan,TRACKING,0.09052034999331227,0.0,0.0,8.317777010862489,0,0,0,0.0,0.0,1.0,0,0,0,0,1,9,4,DISABLED,nan,0,-1,0,0.0,0
2665,282.84189809700183,55.500003814697266,39.50001525878906,113.99999237060547,393.9999694824219,55.500003814697266,39.50001525878906,113.99999237060547,393.9999694824219,81.20044071583152,37.237446769576074,114.92822575583695,381.3528052108478,tracker,nan,nan,nan,nan,0.6059830784797668,nan,0,nan,nan,nan,TRACKING,0.04776745100389235,0.0,0.0,13.81217491816073,0,0,0,0.0,0.0,1.0,0,0,0,0,1,9,4,DISABLED,nan,0,-1,0,0.0,0
2666,282.91712754100445,55.500003814697266,39.50001525878906,113.99999237060547,393.9999694824219,55.500003814697266,39.50001525878906,113.99999237060547,393.9999694824219,72.20528780043453,38.02934574080062,114.60334407100592,385.77931270589875,tracker,nan,nan,nan,nan,0.6097887754440308,nan,0,nan,nan,nan,TRACKING,0.049709844002791215,0.0,0.0,13.292667694915085,0,0,0,0.0,0.0,1.0,0,0,0,0,1,9,4,DISABLED,nan,0,-1,0,0.0,0
2667,282.986808929003,55.500003814697266,39.50001525878906,113.99999237060547,393.9999694824219,55.500003814697266,39.50001525878906,113.99999237060547,393.9999694824219,66.3584384054265,38.54408007209658,114.39217097586575,388.6565425776819,tracker,nan,nan,nan,nan,0.6084750890731812,nan,0,nan,nan,nan,TRACKING,0.04569166999863228,0.0,0.0,14.351034454430003,0,0,0,0.0,0.0,1.0,0,0,0,0,1,9,4,DISABLED,nan,0,-1,0,0.0,0
2668,283.0543109400023,55.500003814697266,39.50001525878906,113.99999237060547,393.9999694824219,55.500003814697266,39.50001525878906,113.99999237060547,393.9999694824219,62.55798629867127,38.87865738743895,114.25490846402465,390.5267419943409,tracker,nan,nan,nan,nan,0.6055867671966553,nan,0,nan,nan,nan,TRACKING,0.04290358000434935,0.0,0.0,14.814373456374307,0,0,0,0.0,0.0,1.0,0,0,0,0,1,9,4,DISABLED,nan,0,-1,0,0.0,0
2669,283.13094114800333,55.500003814697266,39.50001525878906,113.99999237060547,393.9999694824219,55.500003814697266,39.50001525878906,113.99999237060547,393.9999694824219,60.08769242928037,39.09613264241149,114.16568783132793,391.74237161516925,tracker,nan,nan,nan,nan,0.6069098711013794,nan,0,nan,nan,nan,TRACKING,0.04756416600139346,0.0,0.0,13.049684009560131,0,0,0,0.0,0.0,1.0,0,0,0,0,1,9,4,DISABLED,nan,0,-1,0,0.0,0
2670,283.2363050490021,55.500003814697266,39.50001525878906,113.99999237060547,393.9999694824219,55.500003814697266,39.50001525878906,113.99999237060547,393.9999694824219,58.48200141417628,39.23749155814364,114.10769442007506,392.5325308687077,tracker,nan,nan,nan,nan,0.6057873964309692,nan,0,nan,nan,nan,TRACKING,0.07077620700147236,0.0,0.0,9.490916628187113,0,0,0,0.0,0.0,1.0,0,0,0,0,1,9,4,DISABLED,nan,0,-1,0,0.0,0
2671,283.3220134020012,55.500003814697266,39.50001525878906,113.99999237060547,393.9999694824219,55.500003814697266,39.50001525878906,113.99999237060547,393.9999694824219,57.43830225435863,39.329374853369536,114.0699987027607,393.04613438350765,tracker,nan,nan,nan,nan,0.6083266139030457,nan,0,nan,nan,nan,TRACKING,0.05607687900192104,0.0,0.0,11.667474231023084,0,0,0,0.0,0.0,1.0,0,0,0,0,1,9,4,DISABLED,nan,0,-1,0,0.0,0
2672,283.39200224600063,55.500003814697266,39.50001525878906,113.99999237060547,393.9999694824219,55.500003814697266,39.50001525878906,113.99999237060547,393.9999694824219,56.75989780047715,39.38909899526637,114.04549648650637,393.3799766681276,tracker,nan,nan,nan,nan,0.607479453086853,nan,0,nan,nan,nan,TRACKING,0.042241636001563165,0.0,0.0,14.287991383423961,0,0,0,0.0,0.0,1.0,0,0,0,0,1,9,4,DISABLED,nan,0,-1,0,0.0,0
2673,283.4637280079987,55.500003814697266,39.50001525878906,113.99999237060547,393.9999694824219,55.500003814697266,39.50001525878906,113.99999237060547,393.9999694824219,56.318934905454185,39.42791968749931,114.02957004594104,393.5969741531306,tracker,nan,nan,nan,nan,0.6115302443504333,nan,0,nan,nan,nan,TRACKING,0.04366156699688872,0.0,0.0,13.941992000399408,0,0,0,0.0,0.0,1.0,0,0,0,0,1,9,4,DISABLED,nan,0,-1,0,0.0,0
2674,283.5471922430006,55.500003814697266,39.50001525878906,113.99999237060547,393.9999694824219,55.500003814697266,39.50001525878906,113.99999237060547,393.9999694824219,56.032309023689265,39.45315313745073,114.01921785957359,393.73802251838254,tracker,nan,nan,nan,nan,0.6100946068763733,nan,0,nan,nan,nan,TRACKING,0.0475540089973947,0.0,0.0,11.98117972299666,0,0,0,0.0,0.0,1.0,0,0,0,0,1,9,4,DISABLED,nan,0,-1,0,0.0,0
2675,283.62914347100013,55.500003814697266,39.50001525878906,113.99999237060547,393.9999694824219,55.500003814697266,39.50001525878906,113.99999237060547,393.9999694824219,55.84600220054206,39.469554879919144,114.01248893843474,393.8297039557963,tracker,nan,nan,nan,nan,0.60923171043396,nan,0,nan,nan,nan,TRACKING,0.05164411200530594,0.0,0.0,12.20237968863376,0,0,0,0.0,0.0,1.0,0,0,0,0,1,9,4,DISABLED,nan,0,-1,0,0.0,0
2676,283.7084962480003,55.500003814697266,39.50001525878906,113.99999237060547,393.9999694824219,55.500003814697266,39.50001525878906,113.99999237060547,393.9999694824219,55.72490276549638,39.48021601252361,114.0081151396945,393.88929689011525,tracker,nan,nan,nan,nan,0.6084401607513428,nan,0,nan,nan,nan,TRACKING,0.05008058200473897,0.0,0.0,12.601953426253631,0,0,0,0.0,0.0,1.0,0,0,0,0,1,9,4,DISABLED,nan,0,-1,0,0.0,0
2677,283.7959664689988,55.500003814697266,39.50001525878906,113.99999237060547,393.9999694824219,55.500003814697266,39.50001525878906,113.99999237060547,393.9999694824219,55.64618813271669,39.48714574871652,114.00527217051334,393.9280322974226,tracker,nan,nan,nan,nan,0.6119086742401123,nan,0,nan,nan,nan,TRACKING,0.06287704999704147,0.0,0.0,11.432462254977217,0,0,0,0.0,0.0,1.0,0,0,0,0,1,9,4,DISABLED,nan,0,-1,0,0.0,0
2678,283.86904887999845,55.500003814697266,39.50001525878906,113.99999237060547,393.9999694824219,55.500003814697266,39.50001525878906,113.99999237060547,393.9999694824219,55.595023621409894,39.491650077241914,114.00342424054558,393.95321031217236,tracker,nan,nan,nan,nan,0.6075237393379211,nan,0,nan,nan,nan,TRACKING,0.04578292200312717,0.0,0.0,13.683182948151995,0,0,0,0.0,0.0,1.0,0,0,0,0,1,9,4,DISABLED,nan,0,-1,0,0.0,0
2679,283.9442662930014,55.500003814697266,39.50001525878906,113.99999237060547,393.9999694824219,55.500003814697266,39.50001525878906,113.99999237060547,393.9999694824219,55.56176668906048,39.49457789078342,114.00222308606654,393.9695760217597,tracker,nan,nan,nan,nan,0.6066392064094543,nan,0,nan,nan,nan,TRACKING,0.04424746699805837,0.0,0.0,13.294793852594433,0,0,0,0.0,0.0,1.0,0,0,0,0,1,9,4,DISABLED,nan,0,-1,0,0.0,0
2680,284.28044615500403,55.500003814697266,39.50001525878906,113.99999237060547,393.9999694824219,55.500003814697266,39.50001525878906,113.99999237060547,393.9999694824219,275.0,18.0,127.0,296.0,detector,275.0,18.0,127.0,296.0,0.6046595573425293,0.813943,1,0.0,0.295926115145318,1.1948285144449586,DETECTOR_CONFIRMED,0.051786562995403074,0.2521839999972144,0.0,2.974598163147079,0,0,0,0.0,0.0,1.0,0,0,0,0,1,9,4,DISABLED,nan,0,-1,0,0.0,0
2681,284.360518169,55.500003814697266,39.50001525878906,113.99999237060547,393.9999694824219,55.500003814697266,39.50001525878906,113.99999237060547,393.9999694824219,198.17500133514403,25.525005340576172,122.4499973297119,330.2999893188477,tracker,nan,nan,nan,nan,0.5926956534385681,nan,0,nan,nan,nan,TRACKING,0.050987271999474615,0.0,0.0,12.488757932958471,0,0,0,0.0,0.0,1.0,0,0,0,0,1,9,4,DISABLED,nan,0,-1,0,0.0,0
2682,284.4302225260035,55.500003814697266,39.50001525878906,113.99999237060547,393.9999694824219,55.500003814697266,39.50001525878906,113.99999237060547,393.9999694824219,148.23875220298765,30.416258811950684,119.49249559402465,352.59498237609864,tracker,nan,nan,nan,nan,0.5900191068649292,nan,0,nan,nan,nan,TRACKING,0.04498764199524885,0.0,0.0,14.346305496366003,0,0,0,0.0,0.0,1.0,0,0,0,0,1,9,4,DISABLED,nan,0,-1,0,0.0,0
2683,284.5122103169997,55.500003814697266,39.50001525878906,113.99999237060547,393.9999694824219,55.500003814697266,39.50001525878906,113.99999237060547,393.9999694824219,115.78019026708603,33.595573568344115,117.57011946582793,367.0867278633118,tracker,nan,nan,nan,nan,0.5868714451789856,nan,0,nan,nan,nan,TRACKING,0.051587911999376956,0.0,0.0,12.196937956850688,0,0,0,0.0,0.0,1.0,0,0,0,0,1,9,4,DISABLED,nan,0,-1,0,0.0,0
2684,284.5820564489986,55.500003814697266,39.50001525878906,113.99999237060547,393.9999694824219,55.500003814697266,39.50001525878906,113.99999237060547,393.9999694824219,94.68212500874996,35.662128159999845,116.32057498250006,376.5063624300003,tracker,nan,nan,nan,nan,0.5843604803085327,nan,0,nan,nan,nan,TRACKING,0.04520452299766475,0.0,0.0,14.317185095021882,0,0,0,0.0,0.0,1.0,0,0,0,0,1,9,4,DISABLED,nan,0,-1,0,0.0,0
2685,284.6614473000009,55.500003814697266,39.50001525878906,113.99999237060547,393.9999694824219,55.500003814697266,39.50001525878906,113.99999237060547,393.9999694824219,80.96838259083152,37.00538864457607,115.50837106833696,382.62912489834787,tracker,nan,nan,nan,nan,0.5838677883148193,nan,0,nan,nan,nan,TRACKING,0.04690753400063841,0.0,0.0,12.595909823056632,0,0,0,0.0,0.0,1.0,0,0,0,0,1,9,4,DISABLED,nan,0,-1,0,0.0,0
2686,284.7359884980033,55.500003814697266,39.50001525878906,113.99999237060547,393.9999694824219,55.500003814697266,39.50001525878906,113.99999237060547,393.9999694824219,72.05445001918453,37.87850795955062,114.98043852413093,386.6089205027738,tracker,nan,nan,nan,nan,0.5816137790679932,nan,0,nan,nan,nan,TRACKING,0.04591110200271942,0.0,0.0,13.41540016525767,0,0,0,0.0,0.0,1.0,0,0,0,0,1,9,4,DISABLED,nan,0,-1,0,0.0,0
2687,284.8111101789982,55.500003814697266,39.50001525878906,113.99999237060547,393.9999694824219,55.500003814697266,39.50001525878906,113.99999237060547,393.9999694824219,66.26039384761398,38.44603551428407,114.63728237039702,389.1957876456506,tracker,nan,nan,nan,nan,0.5830270051956177,nan,0,nan,nan,nan,TRACKING,0.051305717999639455,0.0,0.0,13.311736195939886,0,0,0,0.0,0.0,1.0,0,0,0,0,1,9,4,DISABLED,nan,0,-1,0,0.0,0
2688,284.88694713899895,55.500003814697266,39.50001525878906,113.99999237060547,393.9999694824219,55.500003814697266,39.50001525878906,113.99999237060547,393.9999694824219,62.49425733609313,38.81492842486082,114.41423087046998,390.8772512885206,tracker,nan,nan,nan,nan,0.593136191368103,nan,0,nan,nan,nan,TRACKING,0.047675574001914356,0.0,0.0,13.186182568370445,0,0,0,0.0,0.0,1.0,0,0,0,0,1,9,4,DISABLED,nan,0,-1,0,0.0,0
2689,284.9992542859982,55.500003814697266,39.50001525878906,113.99999237060547,393.9999694824219,55.500003814697266,39.50001525878906,113.99999237060547,393.9999694824219,60.046268603604574,39.054708816735705,114.2692473955174,391.97020265638605,tracker,nan,nan,nan,nan,0.5930106043815613,nan,0,nan,nan,nan,TRACKING,0.08779340600449359,0.0,0.0,8.904152823033352,0,0,0,0.0,0.0,1.0,0,0,0,0,1,9,4,DISABLED,nan,0,-1,0,0.0,0
2690,285.0695539189983,55.500003814697266,39.50001525878906,113.99999237060547,393.9999694824219,55.500003814697266,39.50001525878906,113.99999237060547,393.9999694824219,58.455075927487016,39.21056607145438,114.17500813679821,392.6806210454986,tracker,nan,nan,nan,nan,0.6243671774864197,nan,0,nan,nan,nan,TRACKING,0.04425746700144373,0.0,0.0,14.224825327303167,0,0,0,0.0,0.0,1.0,0,0,0,0,1,9,4,DISABLED,nan,0,-1,0,0.0,0
2691,285.145567653999,55.500003814697266,39.50001525878906,113.99999237060547,393.9999694824219,55.500003814697266,39.50001525878906,113.99999237060547,393.9999694824219,57.4208006880106,39.31187328702152,114.11375261863076,393.14239299842177,tracker,nan,nan,nan,nan,0.6282995343208313,nan,0,nan,nan,nan,TRACKING,0.04495790199871408,0.0,0.0,13.155517223173295,0,0,0,0.0,0.0,1.0,0,0,0,0,1,9,4,DISABLED,nan,0,-1,0,0.0,0
2692,285.22472813499917,55.500003814697266,39.50001525878906,113.99999237060547,393.9999694824219,55.500003814697266,39.50001525878906,113.99999237060547,393.9999694824219,56.748521782350934,39.37772297714016,114.0739365318219,393.4425447678218,tracker,nan,nan,nan,nan,0.6247362494468689,nan,0,nan,nan,nan,TRACKING,0.05468413599737687,0.0,0.0,12.632565989564599,0,0,0,0.0,0.0,1.0,0,0,0,0,1,9,4,DISABLED,nan,0,-1,0,0.0,0
2693,285.293374339999,55.500003814697266,39.50001525878906,113.99999237060547,393.9999694824219,55.500003814697266,39.50001525878906,113.99999237060547,393.9999694824219,56.311540493672155,39.420525275717274,114.04805607539615,393.6376434179318,tracker,nan,nan,nan,nan,0.6291936635971069,nan,0,nan,nan,nan,TRACKING,0.044211320993781555,0.0,0.0,14.56744768341649,0,0,0,0.0,0.0,1.0,0,0,0,0,1,9,4,DISABLED,nan,0,-1,0,0.0,0
2694,285.3752773380038,55.500003814697266,39.50001525878906,113.99999237060547,393.9999694824219,55.500003814697266,39.50001525878906,113.99999237060547,393.9999694824219,56.02750265603095,39.4483467697924,114.03123377871941,393.7644575405034,tracker,nan,nan,nan,nan,0.6269446015357971,nan,0,nan,nan,nan,TRACKING,0.05122321499948157,0.0,0.0,12.209565270630346,0,0,0,0.0,0.0,1.0,0,0,0,0,1,9,4,DISABLED,nan,0,-1,0,0.0,0
2695,285.46380008500273,55.500003814697266,39.50001525878906,113.99999237060547,393.9999694824219,55.500003814697266,39.50001525878906,113.99999237060547,393.9999694824219,55.842878061564164,39.466430740941234,114.02029928587953,393.84688672017484,tracker,nan,nan,nan,nan,0.6202064156532288,nan,0,nan,nan,nan,TRACKING,0.04410313999687787,0.0,0.0,11.296531500678032,0,0,0,0.0,0.0,1.0,0,0,0,0,1,9,4,DISABLED,nan,0,-1,0,0.0,0
2696,285.5381641950007,55.500003814697266,39.50001525878906,113.99999237060547,393.9999694824219,55.500003814697266,39.50001525878906,113.99999237060547,393.9999694824219,55.72287207516075,39.478185322187976,114.0131918655336,393.9004656869613,tracker,nan,nan,nan,nan,0.6159833073616028,nan,0,nan,nan,nan,TRACKING,0.04982265899889171,0.0,0.0,13.447347114449054,0,0,0,0.0,0.0,1.0,0,0,0,0,1,9,4,DISABLED,nan,0,-1,0,0.0,0
2697,285.60594074400433,55.500003814697266,39.50001525878906,113.99999237060547,393.9999694824219,55.500003814697266,39.50001525878906,113.99999237060547,393.9999694824219,55.644868183998526,39.48582579999836,114.00857204230876,393.9352920153725,tracker,nan,nan,nan,nan,0.6167349815368652,nan,0,nan,nan,nan,TRACKING,0.04398673100513406,0.0,0.0,14.754365849266302,0,0,0,0.0,0.0,1.0,0,0,0,0,1,9,4,DISABLED,nan,0,-1,0,0.0,0
2698,285.6813580050002,55.500003814697266,39.50001525878906,113.99999237060547,393.9999694824219,55.500003814697266,39.50001525878906,113.99999237060547,393.9999694824219,55.59416565474308,39.49079211057511,114.0055691572126,393.9579291288398,tracker,nan,nan,nan,nan,0.6181716918945312,nan,0,nan,nan,nan,TRACKING,0.04982713799836347,0.0,0.0,13.259564014854346,0,0,0,0.0,0.0,1.0,0,0,0,0,1,9,4,DISABLED,nan,0,-1,0,0.0,0
2699,285.748429432002,55.500003814697266,39.50001525878906,113.99999237060547,393.9999694824219,55.500003814697266,39.50001525878906,113.99999237060547,393.9999694824219,55.56120901072704,39.49402021244999,114.0036172819001,393.9726432525935,tracker,nan,nan,nan,nan,0.6252004504203796,nan,0,nan,nan,nan,TRACKING,0.04256586200062884,0.0,0.0,14.909478517182514,0,0,0,0.0,0.0,1.0,0,0,0,0,1,9,4,DISABLED,nan,0,-1,0,0.0,0
2700,286.001661635004,55.500003814697266,39.50001525878906,113.99999237060547,393.9999694824219,331.0,0.0,200.0,480.0,331.0,0.0,200.0,480.0,detector,331.0,0.0,200.0,480.0,0.6186161041259766,0.920445,1,0.0,0.39814903773587096,2.1373233115261794,REINITIALIZING,0.053483636998862494,0.1623348650027765,0.0,3.9489448346038962,0,0,0,0.0,0.0,1.0,0,0,0,0,1,10,5,DISABLED,nan,0,-1,0,0.0,0
2701,286.0343655300021,331.0,0.0,200.0,480.0,331.0,0.0,200.0,480.0,331.0,0.0,200.0,480.0,held,nan,nan,nan,nan,,nan,0,nan,nan,nan,INITIALIZING,0.0,0.0,0.0,30.577397586967496,0,0,0,0.0,0.0,1.0,0,0,0,0,1,10,5,DISABLED,nan,0,-1,0,0.0,0
2702,286.0819994370031,331.0,0.0,200.0,480.0,331.0,0.0,200.0,480.0,331.0,0.0,200.0,480.0,held,nan,nan,nan,nan,,nan,0,nan,nan,nan,INITIALIZING,0.0,0.0,0.0,20.993449056761367,0,0,0,0.0,0.0,1.0,0,0,0,0,1,10,5,DISABLED,nan,0,-1,0,0.0,0
2703,286.14651684099954,331.0,0.0,200.0,480.0,331.0,0.0,200.0,480.0,331.0,0.0,200.0,480.0,held,nan,nan,nan,nan,,nan,0,nan,nan,nan,INITIALIZING,0.0,0.0,0.0,15.499693695910105,0,0,0,0.0,0.0,1.0,0,0,0,0,1,10,5,DISABLED,nan,0,-1,0,0.0,0
2704,286.21311304700066,331.0,0.0,200.0,480.0,331.0,0.0,200.0,480.0,331.0,0.0,200.0,480.0,held,nan,nan,nan,nan,,nan,0,nan,nan,nan,INITIALIZING,0.0,0.0,0.0,15.015870423356324,0,0,0,0.0,0.0,1.0,0,0,0,0,1,10,5,DISABLED,nan,0,-1,0,0.0,0
2705,286.2820003000015,331.0,0.0,200.0,480.0,331.0,0.0,200.0,480.0,331.0,0.0,200.0,480.0,held,nan,nan,nan,nan,,nan,0,nan,nan,nan,INITIALIZING,0.0,0.0,0.0,14.51647375149971,0,0,0,0.0,0.0,1.0,0,0,0,0,1,10,5,DISABLED,nan,0,-1,0,0.0,0
2706,286.35867561399937,331.0,0.0,200.0,480.0,331.0,0.0,200.0,480.0,331.0,0.0,200.0,480.0,held,nan,nan,nan,nan,,nan,0,nan,nan,nan,INITIALIZING,0.0,0.0,0.0,13.042007236229672,0,0,0,0.0,0.0,1.0,0,0,0,0,1,10,5,DISABLED,nan,0,-1,0,0.0,0
2707,286.42455190700275,331.0,0.0,200.0,480.0,331.0,0.0,200.0,480.0,331.0,0.0,200.0,480.0,held,nan,nan,nan,nan,,nan,0,nan,nan,nan,INITIALIZING,0.0,0.0,0.0,15.17996770019563,0,0,0,0.0,0.0,1.0,0,0,0,0,1,10,5,DISABLED,nan,0,-1,0,0.0,0
2708,286.4959706820009,331.0,0.0,200.0,480.0,331.0,0.0,200.0,480.0,331.0,0.0,200.0,480.0,held,nan,nan,nan,nan,,nan,0,nan,nan,nan,INITIALIZING,0.0,0.0,0.0,14.001920363737648,0,0,0,0.0,0.0,1.0,0,0,0,0,1,10,5,DISABLED,nan,0,-1,0,0.0,0
2709,286.6206811630036,355.287109375,6.69677734375,200.0,480.0,355.287109375,6.69677734375,200.0,480.0,339.50048828125,2.3438720703125,200.0,477.6561279296875,tracker,nan,nan,nan,nan,0.6409831047058105,nan,0,nan,nan,nan,TRACKING,0.06601166100153932,0.0,0.5105547159982962,8.018572231939334,0,0,0,25.19346162370261,0.031491827029628265,1.0,0,0,0,0,1,10,5,DISABLED,nan,0,-1,0,0.0,0
2710,286.7101088290001,367.8935546875,6.5,200.0,480.0,367.8935546875,6.5,200.0,480.0,349.43806152343745,3.7985168457031246,200.0,476.20148315429685,tracker,nan,nan,nan,nan,0.5962246656417847,nan,0,nan,nan,nan,TRACKING,0.06430583600013051,0.0,0.0,11.182221842168428,0,0,0,12.607980993801764,0.015759976242252206,1.0,0,0,0,0,1,10,5,DISABLED,nan,0,-1,0,0.0,0
2711,286.7950266420012,373.69677734375,6.5,200.0,480.0,373.69677734375,6.5,200.0,480.0,357.9286120605468,4.7440359497070315,200.0,475.25596405029296,tracker,nan,nan,nan,nan,0.5709874033927917,nan,0,nan,nan,nan,TRACKING,0.060975439999310765,0.0,0.0,11.776092255075305,0,0,0,5.80322265625,0.0072540283203125,1.0,0,0,0,0,1,10,5,DISABLED,nan,0,-1,0,0.0,0
2712,286.8847783790043,392.09033203125,6.5,200.0,480.0,392.09033203125,6.5,200.0,480.0,369.8852140502929,5.358623367309571,200.0,474.6413766326904,tracker,nan,nan,nan,nan,0.5443669557571411,nan,0,nan,nan,nan,TRACKING,0.06465209500311175,0.0,0.0,11.141845644340899,0,0,0,18.3935546875,0.022991943359375,1.0,0,0,0,0,1,10,5,DISABLED,nan,0,-1,0,0.0,0
2713,286.95812897400174,392.5,6.5,200.0,480.0,392.5,6.5,200.0,480.0,377.8003891326904,5.758105188751221,200.0,474.24189481124876,tracker,nan,nan,nan,nan,0.5228915810585022,nan,0,nan,nan,nan,TRACKING,0.049179467001522426,0.0,0.0,13.633154578154011,0,0,0,0.40966796875,0.0005120849609375,1.0,0,0,0,0,1,10,5,DISABLED,nan,0,-1,0,0.0,0
2714,287.03656287299964,392.5,6.5,200.0,480.0,392.5,6.5,200.0,480.0,382.9452529362487,6.017768372688294,200.0,473.9822316273117,tracker,nan,nan,nan,nan,0.5164996981620789,nan,0,nan,nan,nan,TRACKING,0.051979224001115654,0.0,0.0,12.749589307383115,0,0,0,0.0,0.0,1.0,0,0,0,0,1,10,5,DISABLED,nan,0,-1,0,0.0,0
2715,287.14066221100074,392.5,12.69677734375,200.0,480.0,392.5,12.69677734375,200.0,480.0,386.2894144085617,8.355421512559891,200.0,471.6445784874401,tracker,nan,nan,nan,nan,0.5172578692436218,nan,0,nan,nan,nan,TRACKING,0.07677062899892917,0.0,0.0,9.606209023052347,0,0,0,6.19677734375,0.0077459716796875,1.0,0,0,0,0,1,10,5,DISABLED,nan,0,-1,0,0.0,0
2716,287.2262195190051,392.5,6.30322265625,200.0,480.0,392.5,6.30322265625,200.0,480.0,388.46311936556515,7.637151912851429,200.0,472.36284808714856,tracker,nan,nan,nan,nan,0.5348254442214966,nan,0,nan,nan,nan,TRACKING,0.060684287003823556,0.0,0.0,11.688072279566214,0,0,0,6.3935546875,0.007991943359375,1.0,0,0,0,0,1,10,5,DISABLED,nan,0,-1,0,0.0,0
2717,287.2946684800045,386.30322265625,6.5,200.0,480.0,386.30322265625,6.5,200.0,480.0,387.70715551730484,7.239148743353429,200.0,472.76085125664656,tracker,nan,nan,nan,nan,0.5286368727684021,nan,0,nan,nan,nan,TRACKING,0.044208715997228865,0.0,0.0,14.609425554452379,0,0,0,6.199900867838664,0.007749876084798329,1.0,0,0,0,0,1,10,5,DISABLED,nan,0,-1,0,0.0,0
2718,287.3670570719987,380.30322265625,6.5,200.0,480.0,380.30322265625,6.5,200.0,480.0,385.1157790159357,6.9804466831797285,200.0,473.0195533168203,tracker,nan,nan,nan,nan,0.5659986138343811,nan,0,nan,nan,nan,TRACKING,0.04772609600331634,0.0,0.0,13.814331408456802,0,0,0,6.0,0.0075,1.0,0,0,0,0,1,10,5,DISABLED,nan,0,-1,0,0.0,0
2719,287.45762283899967,374.30322265625,6.5,200.0,480.0,374.30322265625,6.5,200.0,480.0,381.33138429004566,6.812290344066824,200.0,473.1877096559332,tracker,nan,nan,nan,nan,0.5822867155075073,nan,0,nan,nan,nan,TRACKING,0.06119778900028905,0.0,0.0,11.041699674331417,0,0,0,6.0,0.0075,1.0,0,0,0,0,1,10,5,DISABLED,nan,0,-1,0,0.0,0
2720,287.7636967360013,349.712890625,0.30322265625,200.0,480.0,349.712890625,0.30322265625,200.0,480.0,381.33138429004566,6.812290344066824,200.0,473.1877096559332,held,nan,nan,nan,nan,0.6679693460464478,nan,0,nan,nan,nan,SUSPECTED_LOST,0.0491984250038513,0.22849673699965933,0.0,3.2671848524040983,0,0,0,25.359110371918277,0.031698887964897844,1.0,0,0,0,0,1,10,5,DISABLED,nan,0,-1,0,0.0,0
2721,287.85581884500425,318.5161437988281,0.5,200.0,480.0,318.5161437988281,0.5,200.0,480.0,359.34605011811954,4.602988723643436,200.0,475.3970112763566,tracker,nan,nan,nan,nan,0.57624351978302,nan,0,nan,nan,nan,TRACKING,0.06465964700328186,0.0,0.0,10.855157473304208,0,0,0,31.197367418730675,0.038996709273413345,1.0,0,0,0,0,1,10,5,DISABLED,nan,0,-1,0,0.0,0
2722,287.94646164499864,324.69677734375,-5.69677734375,200.0,480.0,324.69677734375,-5.69677734375,200.0,480.0,347.2188046470902,0.9980706000557333,200.0,477.0080573296318,tracker,nan,nan,nan,nan,0.5417585372924805,nan,0,nan,nan,nan,TRACKING,0.061279458001081366,0.0,0.0,11.032315860299473,0,0,0,8.752158617428437,0.010940198271785545,1.0,0,0,0,0,1,10,5,DISABLED,nan,0,-1,0,0.0,0
2723,288.0159914670003,324.5,-5.5,200.0,480.0,324.5,-5.5,200.0,480.0,339.26722302060864,0.0,200.0,478.0552372642607,tracker,nan,nan,nan,nan,0.5303406119346619,nan,0,nan,nan,nan,TRACKING,0.044390178998582996,0.0,0.0,14.382317848827464,0,0,0,0.2782851882990026,0.00034785648537375325,1.0,0,0,0,0,1,10,5,DISABLED,nan,0,-1,0,0.0,0
2724,288.09086709999974,324.5,-5.5,200.0,480.0,324.5,-5.5,200.0,480.0,334.0986949633956,0.0,200.0,478.7359042217695,tracker,nan,nan,nan,nan,0.5251832008361816,nan,0,nan,nan,nan,TRACKING,0.045230304000142496,0.0,0.0,13.355479746089719,0,0,0,0.0,0.0,1.0,0,0,0,0,1,10,5,DISABLED,nan,0,-1,0,0.0,0
2725,288.1561024910043,324.5,-5.5,200.0,480.0,324.5,-5.5,200.0,480.0,330.7391517262071,0.0,200.0,479.17833774415016,tracker,nan,nan,nan,nan,0.5135575532913208,nan,0,nan,nan,nan,TRACKING,0.03930906100140419,0.0,0.0,15.3291025714935,0,0,0,0.0,0.0,1.0,0,0,0,0,1,10,5,DISABLED,nan,0,-1,0,0.0,0
2726,288.2388109780004,324.5,-5.5,200.0,480.0,324.5,-5.5,200.0,480.0,328.55544862203465,0.0,200.0,479.4659195336976,tracker,nan,nan,nan,nan,0.5163626074790955,nan,0,nan,nan,nan,TRACKING,0.05211636299645761,0.0,0.0,12.09065763767201,0,0,0,0.0,0.0,1.0,0,0,0,0,1,10,5,DISABLED,nan,0,-1,0,0.0,0
2727,288.3072126460029,324.5,-5.5,200.0,480.0,324.5,-5.5,200.0,480.0,327.1360416043225,0.0,200.0,479.65284769690345,tracker,nan,nan,nan,nan,0.5156984925270081,nan,0,nan,nan,nan,TRACKING,0.03871769300167216,0.0,0.0,14.619526529144697,0,0,0,0.0,0.0,1.0,0,0,0,0,1,10,5,DISABLED,nan,0,-1,0,0.0,0
2728,288.37667673700344,324.5,-5.5,200.0,480.0,324.5,-5.5,200.0,480.0,326.2134270428096,0.0,200.0,479.77435100298726,tracker,nan,nan,nan,nan,0.5188878178596497,nan,0,nan,nan,nan,TRACKING,0.04515426100260811,0.0,0.0,14.395927242350522,0,0,0,0.0,0.0,1.0,0,0,0,0,1,10,5,DISABLED,nan,0,-1,0,0.0,0
2729,288.45367221600463,324.5,-5.5,200.0,480.0,324.5,-5.5,200.0,480.0,325.61372757782624,0.0,200.0,479.85332815194175,tracker,nan,nan,nan,nan,0.512328028678894,nan,0,nan,nan,nan,TRACKING,0.052345534997584764,0.0,0.0,12.98777555477564,0,0,0,0.0,0.0,1.0,0,0,0,0,1,10,5,DISABLED,nan,0,-1,0,0.0,0
2730,288.53216851300385,324.5,-5.5,200.0,480.0,324.5,-5.5,200.0,480.0,325.2239229255871,0.0,200.0,479.90466329876216,tracker,nan,nan,nan,nan,0.5207263231277466,nan,0,nan,nan,nan,TRACKING,0.045877247997850645,0.0,0.0,12.739454448532078,0,0,0,0.0,0.0,1.0,0,0,0,0,1,10,5,DISABLED,nan,0,-1,0,0.0,0
2731,288.6062005310014,324.5,-5.5,200.0,480.0,324.5,-5.5,200.0,480.0,324.9705499016316,0.0,200.0,479.9380311441954,tracker,nan,nan,nan,nan,0.5175612568855286,nan,0,nan,nan,nan,TRACKING,0.04102983400662197,0.0,0.0,13.507669074121981,0,0,0,0.0,0.0,1.0,0,0,0,0,1,10,5,DISABLED,nan,0,-1,0,0.0,0
2732,288.6909697470037,330.69677734375,-5.5,200.0,480.0,330.69677734375,-5.5,200.0,480.0,326.974729506373,0.0,200.0,479.959720243727,tracker,nan,nan,nan,nan,0.5242767930030823,nan,0,nan,nan,nan,TRACKING,0.05535883999982616,0.0,0.0,11.796735267348682,0,0,0,6.19677734375,0.0077459716796875,1.0,0,0,0,0,1,10,5,DISABLED,nan,0,-1,0,0.0,0
2733,288.8186754070048,330.5,-5.5,200.0,480.0,330.5,-5.5,200.0,480.0,328.2085741791425,0.0,200.0,479.97381815842255,tracker,nan,nan,nan,nan,0.5174878239631653,nan,0,nan,nan,nan,TRACKING,0.10278987699712161,0.0,0.0,7.830506494320719,0,0,0,0.19677734375,0.0002459716796875,1.0,0,0,0,0,1,10,5,DISABLED,nan,0,-1,0,0.0,0
2734,288.899500669002,330.5,-5.5,200.0,480.0,330.5,-5.5,200.0,480.0,329.0105732164426,0.0,200.0,479.9829818029747,tracker,nan,nan,nan,nan,0.5380722880363464,nan,0,nan,nan,nan,TRACKING,0.055929374997504056,0.0,0.0,12.372369421261224,0,0,0,0.0,0.0,1.0,0,0,0,0,1,10,5,DISABLED,nan,0,-1,0,0.0,0
2735,288.96518513400224,330.5,-5.5,200.0,480.0,330.5,-5.5,200.0,480.0,329.53187259068767,0.0,200.0,479.98893817193357,tracker,nan,nan,nan,nan,0.5206419229507446,nan,0,nan,nan,nan,TRACKING,0.040978686993184965,0.0,0.0,15.224299992341855,0,0,0,0.0,0.0,1.0,0,0,0,0,1,10,5,DISABLED,nan,0,-1,0,0.0,0
2736,289.04047192299913,330.5,-5.5,200.0,480.0,330.5,-5.5,200.0,480.0,329.87071718394697,0.0,200.0,479.99280981175684,tracker,nan,nan,nan,nan,0.5235291719436646,nan,0,nan,nan,nan,TRACKING,0.04579453699989244,0.0,0.0,13.282542838177012,0,0,0,0.0,0.0,1.0,0,0,0,0,1,10,5,DISABLED,nan,0,-1,0,0.0,0
2737,289.11177314400265,330.5,0.69677734375,200.0,480.0,330.5,0.69677734375,200.0,480.0,330.09096616956555,0.2438720703125,200.0,479.7561279296875,tracker,nan,nan,nan,nan,0.5072324872016907,nan,0,nan,nan,nan,TRACKING,0.04720478099625325,0.0,0.0,14.025005265345856,0,0,0,6.19677734375,0.0077459716796875,1.0,0,0,0,0,1,10,5,DISABLED,nan,0,-1,0,0.0,0
2738,289.17604163500073,330.5,0.5,200.0,480.0,330.5,0.5,200.0,480.0,330.2341280102176,0.333516845703125,200.0,479.6664831542969,tracker,nan,nan,nan,nan,0.5113294720649719,nan,0,nan,nan,nan,TRACKING,0.038996136994683184,0.0,0.0,15.559724282774301,0,0,0,0.19677734375,0.0002459716796875,1.0,0,0,0,0,1,10,5,DISABLED,nan,0,-1,0,0.0,0
2739,289.2489727930006,330.5,0.5,200.0,480.0,330.5,0.5,200.0,480.0,330.32718320664145,0.3917859497070313,200.0,479.608214050293,tracker,nan,nan,nan,nan,0.5154387950897217,nan,0,nan,nan,nan,TRACKING,0.042907069000648335,0.0,0.0,13.711560702246125,0,0,0,0.0,0.0,1.0,0,0,0,0,1,10,5,DISABLED,nan,0,-1,0,0.0,0
2740,289.5574018530024,330.5,0.5,200.0,480.0,330.5,0.5,200.0,480.0,330.32718320664145,0.3917859497070313,200.0,479.608214050293,held,nan,nan,nan,nan,0.5152906179428101,nan,0,nan,nan,nan,SUSPECTED_LOST,0.047622707999835256,0.23553842499677557,0.0,3.242236642663198,0,0,0,0.0,0.0,1.0,0,0,0,0,1,10,5,DISABLED,nan,0,-1,0,0.0,0
2741,289.7981399909986,330.5,0.5,200.0,480.0,330.5,0.5,200.0,480.0,330.32718320664145,0.3917859497070313,200.0,479.608214050293,held,nan,nan,nan,nan,0.4853249192237854,nan,0,nan,nan,nan,SUSPECTED_LOST,0.05676746900280705,0.1545210229960503,0.0,4.15389106322511,1,0,0,0.0,0.0,1.0,0,0,0,0,1,10,5,DISABLED,nan,0,-1,0,0.0,0
2742,290.05556115400395,330.5,0.5,200.0,480.0,330.5,0.5,200.0,480.0,330.32718320664145,0.3917859497070313,200.0,479.608214050293,held,nan,nan,nan,nan,0.46239882707595825,nan,0,nan,nan,nan,SUSPECTED_LOST,0.0486385149997659,0.17258928900264436,0.0,3.884684492623588,1,0,0,0.0,0.0,1.0,0,0,0,0,1,10,5,DISABLED,nan,0,-1,0,0.0,0
2743,290.3276316949996,330.5,0.5,200.0,480.0,330.5,0.5,200.0,480.0,330.32718320664145,0.3917859497070313,200.0,479.608214050293,held,nan,nan,nan,nan,0.46736833453178406,nan,0,nan,nan,nan,SUSPECTED_LOST,0.03693770000245422,0.20981184000265785,0.0,3.6755173725922385,1,0,0,0.0,0.0,1.0,0,0,0,0,1,10,5,DISABLED,nan,0,-1,0,0.0,0
2744,290.61930871900404,330.5,0.5,200.0,480.0,330.5,0.5,200.0,480.0,330.32718320664145,0.3917859497070313,200.0,479.608214050293,held,nan,nan,nan,nan,0.46815139055252075,nan,0,nan,nan,nan,SUSPECTED_LOST,0.05046528000093531,0.20944302899442846,0.0,3.428449681332182,1,0,0,0.0,0.0,1.0,0,0,0,0,1,10,5,DISABLED,nan,0,-1,0,0.0,0
2745,290.8544849469981,330.5,0.5,200.0,480.0,330.5,0.5,200.0,480.0,239.0,3.0,161.0,334.0,detector,239.0,3.0,161.0,334.0,0.475439190864563,0.815531,1,0.18341353181469805,0.16437024707957337,1.7852493770223528,LOW_CONFIDENCE,0.03476608300115913,0.17060366599616827,0.0,4.252130449277962,1,0,0,0.0,0.0,1.0,0,0,0,0,1,10,5,DISABLED,nan,0,-1,0,0.0,0
2746,291.122824666003,330.5,0.5,200.0,480.0,330.5,0.5,200.0,480.0,241.0,7.0,161.0,336.0,detector,241.0,7.0,161.0,336.0,0.4700753390789032,0.75946,1,0.1905577765086617,0.15895778724239967,1.774622892635315,LOW_CONFIDENCE,0.04321608800091781,0.19760320000204956,0.0,3.72661939018371,1,0,0,0.0,0.0,1.0,0,0,0,0,1,10,5,DISABLED,nan,0,-1,0,0.0,0
2747,291.4023969580012,330.5,0.5,200.0,480.0,330.5,0.5,200.0,480.0,247.0,16.0,135.0,295.0,detector,247.0,16.0,135.0,295.0,0.4723721444606781,0.837988,1,0.12594035604003895,0.1740375318717201,2.4105461393596985,SUSPECTED_LOST,0.04533890099992277,0.20145345199853182,0.0,3.5768923767540763,1,0,0,0.0,0.0,1.0,0,0,0,0,1,10,5,DISABLED,nan,0,-1,0,0.0,0
2748,291.6968569689998,324.30322265625,0.5,200.0,480.0,324.30322265625,0.5,200.0,480.0,239.0,16.0,130.0,298.0,detector,239.0,16.0,130.0,298.0,0.4693414270877838,0.902072,1,0.10969856793268935,0.17754011598385688,2.47805885389778,SUSPECTED_LOST,0.04741004700190388,0.21649997699569212,0.0,3.3960468744422614,1,0,0,6.19677734375,0.0077459716796875,1.0,0,0,0,0,1,10,5,DISABLED,nan,0,-1,0,0.0,0
2749,291.9250373440009,330.69677734375,0.5,200.0,480.0,330.69677734375,0.5,200.0,480.0,201.0,18.0,139.0,291.0,detector,201.0,18.0,139.0,291.0,0.47136831283569336,0.941689,1,0.020242276969387962,0.22217675772668527,2.3733590447229846,SUSPECTED_LOST,0.055066854001779575,0.14623654299793998,0.0,4.382497837490054,1,0,0,6.3935546875,0.007991943359375,1.0,0,0,0,0,1,10,5,DISABLED,nan,0,-1,0,0.0,0
2750,292.19568243300455,330.5,0.5,200.0,480.0,330.5,0.5,200.0,480.0,201.0,18.0,139.0,291.0,held,nan,nan,nan,nan,0.483918160200119,nan,0,nan,nan,nan,SUSPECTED_LOST,0.04352625100000296,0.20228592200146522,0.0,3.6948758378780657,1,0,0,0.19677734375,0.0002459716796875,1.0,0,0,0,0,1,10,5,DISABLED,nan,0,-1,0,0.0,0
2751,292.46028164100426,330.5,0.5,200.0,480.0,330.5,0.5,200.0,480.0,201.0,18.0,139.0,291.0,held,nan,nan,nan,nan,0.4888220429420471,nan,0,nan,nan,nan,SUSPECTED_LOST,0.05080955900484696,0.18298449899884872,0.0,3.779300805772258,1,0,0,0.0,0.0,1.0,0,0,0,0,1,10,5,DISABLED,nan,0,-1,0,0.0,0
2752,292.53446475700184,330.5,0.5,200.0,480.0,330.5,0.5,200.0,480.0,201.0,18.0,139.0,291.0,held,nan,nan,nan,nan,0.5000895857810974,nan,0,nan,nan,nan,TRACKING,0.04053044600004796,0.0,0.0,13.480156320645264,0,0,0,0.0,0.0,1.0,0,0,0,0,1,10,5,DISABLED,nan,0,-1,0,0.0,0
2753,292.6089311610049,330.5,0.5,200.0,480.0,330.5,0.5,200.0,480.0,201.0,18.0,139.0,291.0,held,nan,nan,nan,nan,0.5009706020355225,nan,0,nan,nan,nan,TRACKING,0.04656210800021654,0.0,0.0,13.428874582949794,0,0,0,0.0,0.0,1.0,0,0,0,0,1,10,5,DISABLED,nan,0,-1,0,0.0,0
2754,292.88899289300025,330.5,0.5,200.0,480.0,330.5,0.5,200.0,480.0,200.0,19.0,131.0,294.0,detector,200.0,19.0,131.0,294.0,0.4988982677459717,0.857489,1,0.0010940186206434615,0.22629920045152613,2.4926000934725034,SUSPECTED_LOST,0.04589162300544558,0.20619169699784834,0.0,3.570641347088849,1,0,0,0.0,0.0,1.0,0,0,0,0,1,10,5,DISABLED,nan,0,-1,0,0.0,0
2755,292.9591054900011,330.5,0.5,200.0,480.0,330.5,0.5,200.0,480.0,200.0,19.0,131.0,294.0,held,nan,nan,nan,nan,0.5016485452651978,nan,0,nan,nan,nan,TRACKING,0.040493621992936824,0.0,0.0,14.262772208936592,0,0,0,0.0,0.0,1.0,0,0,0,0,1,10,5,DISABLED,nan,0,-1,0,0.0,0
2756,293.03400919699925,324.30322265625,0.5,200.0,480.0,324.30322265625,0.5,200.0,480.0,200.0,19.0,131.0,294.0,held,nan,nan,nan,nan,0.5013068318367004,nan,0,nan,nan,nan,TRACKING,0.04961249799816869,0.0,0.0,13.3504740963569,0,0,0,6.19677734375,0.0077459716796875,1.0,0,0,0,0,1,10,5,DISABLED,nan,0,-1,0,0.0,0
2757,293.1039105910022,324.5,0.5,200.0,480.0,324.5,0.5,200.0,480.0,200.0,19.0,131.0,294.0,held,nan,nan,nan,nan,0.5048651695251465,nan,0,nan,nan,nan,TRACKING,0.044497889997728635,0.0,0.0,14.305866345923425,0,0,0,0.19677734375,0.0002459716796875,1.0,0,0,0,0,1,10,5,DISABLED,nan,0,-1,0,0.0,0
2758,293.2116651760007,324.5,0.5,200.0,480.0,324.5,0.5,200.0,480.0,200.0,19.0,131.0,294.0,held,nan,nan,nan,nan,0.5106112957000732,nan,0,nan,nan,nan,TRACKING,0.08256530599464895,0.0,0.0,9.280347560283932,0,0,0,0.0,0.0,1.0,0,0,0,0,1,10,5,DISABLED,nan,0,-1,0,0.0,0
2759,293.300332771003,330.69677734375,0.5,200.0,480.0,330.69677734375,0.5,200.0,480.0,200.0,19.0,131.0,294.0,held,nan,nan,nan,nan,0.5645469427108765,nan,0,nan,nan,nan,TRACKING,0.04812225200294051,0.0,0.0,11.278077407802373,0,0,0,6.19677734375,0.0077459716796875,1.0,0,0,0,0,1,10,5,DISABLED,nan,0,-1,0,0.0,0
2760,293.65435438400164,330.5,0.5,200.0,480.0,330.5,0.5,200.0,480.0,282.0,18.0,127.0,304.0,detector,282.0,18.0,127.0,304.0,0.5710816383361816,0.936089,1,0.2154879722603482,0.1380401322985457,2.4865312888520514,DETECTOR_CONFIRMED,0.04516212499584071,0.27779000800364884,0.0,2.82468629960141,0,0,0,0.19677734375,0.0002459716796875,1.0,0,0,0,0,1,10,5,DISABLED,nan,0,-1,0,0.0,0
2761,293.7229777770044,330.5,0.5,200.0,480.0,330.5,0.5,200.0,480.0,282.0,18.0,127.0,304.0,held,nan,nan,nan,nan,0.5704358220100403,nan,0,nan,nan,nan,TRACKING,0.04263888499554014,0.0,0.0,14.572290238686875,0,0,0,0.0,0.0,1.0,0,0,0,0,1,10,5,DISABLED,nan,0,-1,0,0.0,0
2762,293.7969983889998,330.5,0.5,200.0,480.0,330.5,0.5,200.0,480.0,282.0,18.0,127.0,304.0,held,nan,nan,nan,nan,0.5687165856361389,nan,0,nan,nan,nan,TRACKING,0.0478593810039456,0.0,0.0,13.509750501152453,0,0,0,0.0,0.0,1.0,0,0,0,0,1,10,5,DISABLED,nan,0,-1,0,0.0,0
2763,293.8782344430001,330.5,0.5,200.0,480.0,330.5,0.5,200.0,480.0,282.0,18.0,127.0,304.0,held,nan,nan,nan,nan,0.5607253313064575,nan,0,nan,nan,nan,TRACKING,0.05152863999683177,0.0,0.0,12.309805200483504,0,0,0,0.0,0.0,1.0,0,0,0,0,1,10,5,DISABLED,nan,0,-1,0,0.0,0
2764,293.947453892004,330.5,0.5,200.0,480.0,330.5,0.5,200.0,480.0,282.0,18.0,127.0,304.0,held,nan,nan,nan,nan,0.5644668936729431,nan,0,nan,nan,nan,TRACKING,0.04157026499888161,0.0,0.0,14.446806705209822,0,0,0,0.0,0.0,1.0,0,0,0,0,1,10,5,DISABLED,nan,0,-1,0,0.0,0
2765,294.0170950190004,330.5,0.5,200.0,480.0,330.5,0.5,200.0,480.0,282.0,18.0,127.0,304.0,held,nan,nan,nan,nan,0.5672335028648376,nan,0,nan,nan,nan,TRACKING,0.045114727996406145,0.0,0.0,14.359331089677244,0,0,0,0.0,0.0,1.0,0,0,0,0,1,10,5,DISABLED,nan,0,-1,0,0.0,0
2766,294.08467651100364,330.5,0.5,200.0,480.0,330.5,0.5,200.0,480.0,282.0,18.0,127.0,304.0,held,nan,nan,nan,nan,0.5698075294494629,nan,0,nan,nan,nan,TRACKING,0.04294451800524257,0.0,0.0,14.796950620034176,0,0,0,0.0,0.0,1.0,0,0,0,0,1,10,5,DISABLED,nan,0,-1,0,0.0,0
2767,294.15702077800233,330.5,0.5,200.0,480.0,330.5,0.5,200.0,480.0,282.0,18.0,127.0,304.0,held,nan,nan,nan,nan,0.5678099393844604,nan,0,nan,nan,nan,TRACKING,0.04744556899822783,0.0,0.0,13.822795384988796,0,0,0,0.0,0.0,1.0,0,0,0,0,1,10,5,DISABLED,nan,0,-1,0,0.0,0
2768,294.23417318800057,330.5,0.5,200.0,480.0,330.5,0.5,200.0,480.0,282.0,18.0,127.0,304.0,held,nan,nan,nan,nan,0.5651684999465942,nan,0,nan,nan,nan,TRACKING,0.05061210699932417,0.0,0.0,12.961357915104468,0,0,0,0.0,0.0,1.0,0,0,0,0,1,10,5,DISABLED,nan,0,-1,0,0.0,0
2769,294.30402385100024,330.5,0.5,200.0,480.0,330.5,0.5,200.0,480.0,282.0,18.0,127.0,304.0,held,nan,nan,nan,nan,0.5649765133857727,nan,0,nan,nan,nan,TRACKING,0.040826027005095966,0.0,0.0,14.316256382630527,0,0,0,0.0,0.0,1.0,0,0,0,0,1,10,5,DISABLED,nan,0,-1,0,0.0,0
2770,294.37728553800116,330.5,0.5,200.0,480.0,330.5,0.5,200.0,480.0,282.0,18.0,127.0,304.0,held,nan,nan,nan,nan,0.56645667552948,nan,0,nan,nan,nan,TRACKING,0.04692961800174089,0.0,0.0,13.649699330393656,0,0,0,0.0,0.0,1.0,0,0,0,0,1,10,5,DISABLED,nan,0,-1,0,0.0,0
2771,294.46056034100184,330.5,0.5,200.0,480.0,330.5,0.5,200.0,480.0,282.0,18.0,127.0,304.0,held,nan,nan,nan,nan,0.5638654232025146,nan,0,nan,nan,nan,TRACKING,0.05614198499824852,0.0,0.0,12.008434291845415,0,0,0,0.0,0.0,1.0,0,0,0,0,1,10,5,DISABLED,nan,0,-1,0,0.0,0
2772,294.5382813059987,330.5,0.5,200.0,480.0,330.5,0.5,200.0,480.0,282.0,18.0,127.0,304.0,held,nan,nan,nan,nan,0.563846230506897,nan,0,nan,nan,nan,TRACKING,0.04660893300024327,0.0,0.0,12.866541222701287,0,0,0,0.0,0.0,1.0,0,0,0,0,1,10,5,DISABLED,nan,0,-1,0,0.0,0
2773,294.6212258400046,330.5,0.5,200.0,480.0,330.5,0.5,200.0,480.0,282.0,18.0,127.0,304.0,held,nan,nan,nan,nan,0.5684528350830078,nan,0,nan,nan,nan,TRACKING,0.05611687999771675,0.0,0.0,12.056249540546068,0,0,0,0.0,0.0,1.0,0,0,0,0,1,10,5,DISABLED,nan,0,-1,0,0.0,0
2774,294.6842714890008,330.5,0.5,200.0,480.0,330.5,0.5,200.0,480.0,282.0,18.0,127.0,304.0,held,nan,nan,nan,nan,0.5688405632972717,nan,0,nan,nan,nan,TRACKING,0.03879967299872078,0.0,0.0,15.86152281595774,0,0,0,0.0,0.0,1.0,0,0,0,0,1,10,5,DISABLED,nan,0,-1,0,0.0,0
2775,294.75485868100077,330.5,0.5,200.0,480.0,330.5,0.5,200.0,480.0,282.0,18.0,127.0,304.0,held,nan,nan,nan,nan,0.5695844292640686,nan,0,nan,nan,nan,TRACKING,0.04171193500224035,0.0,0.0,14.166876053105144,0,0,0,0.0,0.0,1.0,0,0,0,0,1,10,5,DISABLED,nan,0,-1,0,0.0,0
2776,294.8200149030017,330.5,0.5,200.0,480.0,330.5,0.5,200.0,480.0,282.0,18.0,127.0,304.0,held,nan,nan,nan,nan,0.5683576464653015,nan,0,nan,nan,nan,TRACKING,0.04111993999686092,0.0,0.0,15.347728417792627,0,0,0,0.0,0.0,1.0,0,0,0,0,1,10,5,DISABLED,nan,0,-1,0,0.0,0
2777,294.90255869799876,330.5,0.5,200.0,480.0,330.5,0.5,200.0,480.0,282.0,18.0,127.0,304.0,held,nan,nan,nan,nan,0.570917546749115,nan,0,nan,nan,nan,TRACKING,0.05795781200140482,0.0,0.0,12.11478100850467,0,0,0,0.0,0.0,1.0,0,0,0,0,1,10,5,DISABLED,nan,0,-1,0,0.0,0
2778,294.9716648640024,330.5,0.5,200.0,480.0,330.5,0.5,200.0,480.0,282.0,18.0,127.0,304.0,held,nan,nan,nan,nan,0.5702495574951172,nan,0,nan,nan,nan,TRACKING,0.04273935600213008,0.0,0.0,14.470488783122475,0,0,0,0.0,0.0,1.0,0,0,0,0,1,10,5,DISABLED,nan,0,-1,0,0.0,0
2779,295.05011162900337,330.5,0.5,200.0,480.0,330.5,0.5,200.0,480.0,282.0,18.0,127.0,304.0,held,nan,nan,nan,nan,0.5698491334915161,nan,0,nan,nan,nan,TRACKING,0.047454890998778865,0.0,0.0,12.747498255503313,0,0,0,0.0,0.0,1.0,0,0,0,0,1,10,5,DISABLED,nan,0,-1,0,0.0,0
2780,295.3271404199986,330.5,0.5,200.0,480.0,330.5,0.5,200.0,480.0,303.0,22.0,111.0,294.0,detector,303.0,22.0,111.0,294.0,0.5726236701011658,0.901827,1,0.23585531056348177,0.12683804880634203,2.9417172274315133,DETECTOR_CONFIRMED,0.043085562996566296,0.20254743899567984,0.0,3.6097331126033083,0,0,0,0.0,0.0,1.0,0,0,0,0,1,10,5,DISABLED,nan,0,-1,0,0.0,0
2781,295.398454244998,330.5,0.5,200.0,480.0,330.5,0.5,200.0,480.0,303.0,22.0,111.0,294.0,held,nan,nan,nan,nan,0.5698444843292236,nan,0,nan,nan,nan,TRACKING,0.04082691200164845,0.0,0.0,14.022526487798237,0,0,0,0.0,0.0,1.0,0,0,0,0,1,10,5,DISABLED,nan,0,-1,0,0.0,0
2782,295.46388333899813,330.5,0.5,200.0,480.0,330.5,0.5,200.0,480.0,303.0,22.0,111.0,294.0,held,nan,nan,nan,nan,0.5695527791976929,nan,0,nan,nan,nan,TRACKING,0.039775115001248196,0.0,0.0,15.283720725185342,0,0,0,0.0,0.0,1.0,0,0,0,0,1,10,5,DISABLED,nan,0,-1,0,0.0,0
2783,295.57413725800143,330.5,0.5,200.0,480.0,330.5,0.5,200.0,480.0,303.0,22.0,111.0,294.0,held,nan,nan,nan,nan,0.5567466616630554,nan,0,nan,nan,nan,TRACKING,0.08088614900043467,0.0,0.0,9.069972378669666,0,0,0,0.0,0.0,1.0,0,0,0,0,1,10,5,DISABLED,nan,0,-1,0,0.0,0
2784,295.6431161799992,330.5,0.5,200.0,480.0,330.5,0.5,200.0,480.0,303.0,22.0,111.0,294.0,held,nan,nan,nan,nan,0.5943710803985596,nan,0,nan,nan,nan,TRACKING,0.04235569999582367,0.0,0.0,14.497182197662537,0,0,0,0.0,0.0,1.0,0,0,0,0,1,10,5,DISABLED,nan,0,-1,0,0.0,0
2785,295.72431311900436,330.5,0.5,200.0,480.0,330.5,0.5,200.0,480.0,303.0,22.0,111.0,294.0,held,nan,nan,nan,nan,0.5846707820892334,nan,0,nan,nan,nan,TRACKING,0.05076200599432923,0.0,0.0,12.315735201992798,0,0,0,0.0,0.0,1.0,0,0,0,0,1,10,5,DISABLED,nan,0,-1,0,0.0,0
2786,295.8004976910015,330.5,0.5,200.0,480.0,330.5,0.5,200.0,480.0,303.0,22.0,111.0,294.0,held,nan,nan,nan,nan,0.5803995132446289,nan,0,nan,nan,nan,TRACKING,0.05072476599889342,0.0,0.0,13.126017168377084,0,0,0,0.0,0.0,1.0,0,0,0,0,1,10,5,DISABLED,nan,0,-1,0,0.0,0
2787,295.87388172500505,330.5,0.5,200.0,480.0,330.5,0.5,200.0,480.0,303.0,22.0,111.0,294.0,held,nan,nan,nan,nan,0.5767979025840759,nan,0,nan,nan,nan,TRACKING,0.04539223499887157,0.0,0.0,13.626942339416507,0,0,0,0.0,0.0,1.0,0,0,0,0,1,10,5,DISABLED,nan,0,-1,0,0.0,0
2788,295.93732623699907,330.5,0.5,200.0,480.0,330.5,0.5,200.0,480.0,303.0,22.0,111.0,294.0,held,nan,nan,nan,nan,0.564568042755127,nan,0,nan,nan,nan,TRACKING,0.03610221100097988,0.0,0.0,15.761804584362467,0,0,0,0.0,0.0,1.0,0,0,0,0,1,10,5,DISABLED,nan,0,-1,0,0.0,0
2789,296.0086349060002,330.5,0.5,200.0,480.0,330.5,0.5,200.0,480.0,303.0,22.0,111.0,294.0,held,nan,nan,nan,nan,0.5629672408103943,nan,0,nan,nan,nan,TRACKING,0.038635398996120784,0.0,0.0,14.023540391474729,0,0,0,0.0,0.0,1.0,0,0,0,0,1,10,5,DISABLED,nan,0,-1,0,0.0,0
2790,296.0827866670006,330.5,0.5,200.0,480.0,330.5,0.5,200.0,480.0,303.0,22.0,111.0,294.0,held,nan,nan,nan,nan,0.5638256072998047,nan,0,nan,nan,nan,TRACKING,0.04322514899831731,0.0,0.0,13.485856391120477,0,0,0,0.0,0.0,1.0,0,0,0,0,1,10,5,DISABLED,nan,0,-1,0,0.0,0
2791,296.1477881980027,330.5,0.5,200.0,480.0,330.5,0.5,200.0,480.0,303.0,22.0,111.0,294.0,held,nan,nan,nan,nan,0.5590769052505493,nan,0,nan,nan,nan,TRACKING,0.03902988800109597,0.0,0.0,15.384253025800392,0,0,0,0.0,0.0,1.0,0,0,0,0,1,10,5,DISABLED,nan,0,-1,0,0.0,0
2792,296.21448346900434,330.5,0.5,200.0,480.0,330.5,0.5,200.0,480.0,303.0,22.0,111.0,294.0,held,nan,nan,nan,nan,0.5578906536102295,nan,0,nan,nan,nan,TRACKING,0.03791230799834011,0.0,0.0,14.993566784893412,0,0,0,0.0,0.0,1.0,0,0,0,0,1,10,5,DISABLED,nan,0,-1,0,0.0,0
2793,296.28926623600273,330.5,0.5,200.0,480.0,330.5,0.5,200.0,480.0,303.0,22.0,111.0,294.0,held,nan,nan,nan,nan,0.5573142766952515,nan,0,nan,nan,nan,TRACKING,0.04612339999584947,0.0,0.0,13.372064716747447,0,0,0,0.0,0.0,1.0,0,0,0,0,1,10,5,DISABLED,nan,0,-1,0,0.0,0
2794,296.368497812,330.5,0.5,200.0,480.0,330.5,0.5,200.0,480.0,303.0,22.0,111.0,294.0,held,nan,nan,nan,nan,0.5504128336906433,nan,0,nan,nan,nan,TRACKING,0.05229282499931287,0.0,0.0,12.621230707750176,0,0,0,0.0,0.0,1.0,0,0,0,0,1,10,5,DISABLED,nan,0,-1,0,0.0,0
2795,296.44235524300166,330.5,0.5,200.0,480.0,330.5,0.5,200.0,480.0,303.0,22.0,111.0,294.0,held,nan,nan,nan,nan,0.5515598058700562,nan,0,nan,nan,nan,TRACKING,0.04893612700107042,0.0,0.0,13.539599014449694,0,0,0,0.0,0.0,1.0,0,0,0,0,1,10,5,DISABLED,nan,0,-1,0,0.0,0
2796,296.51656924500276,330.5,0.5,200.0,480.0,330.5,0.5,200.0,480.0,303.0,22.0,111.0,294.0,held,nan,nan,nan,nan,0.5529980659484863,nan,0,nan,nan,nan,TRACKING,0.051793906997772865,0.0,0.0,13.47454621818114,0,0,0,0.0,0.0,1.0,0,0,0,0,1,10,5,DISABLED,nan,0,-1,0,0.0,0
2797,296.5881212530003,330.5,0.5,200.0,480.0,330.5,0.5,200.0,480.0,303.0,22.0,111.0,294.0,held,nan,nan,nan,nan,0.5580497980117798,nan,0,nan,nan,nan,TRACKING,0.04686998099350603,0.0,0.0,13.975848169552297,0,0,0,0.0,0.0,1.0,0,0,0,0,1,10,5,DISABLED,nan,0,-1,0,0.0,0
2798,296.65260131299874,330.5,0.5,200.0,480.0,330.5,0.5,200.0,480.0,303.0,22.0,111.0,294.0,held,nan,nan,nan,nan,0.5607051849365234,nan,0,nan,nan,nan,TRACKING,0.04072326399909798,0.0,0.0,15.508670432749225,0,0,0,0.0,0.0,1.0,0,0,0,0,1,10,5,DISABLED,nan,0,-1,0,0.0,0
2799,296.7189211580044,330.5,0.5,200.0,480.0,330.5,0.5,200.0,480.0,303.0,22.0,111.0,294.0,held,nan,nan,nan,nan,0.5587273836135864,nan,0,nan,nan,nan,TRACKING,0.04185157400206663,0.0,0.0,15.078442959494286,0,0,0,0.0,0.0,1.0,0,0,0,0,1,10,5,DISABLED,nan,0,-1,0,0.0,0
2800,296.98259013400093,330.5,0.5,200.0,480.0,197.0,29.0,102.0,286.0,197.0,29.0,102.0,286.0,detector,197.0,29.0,102.0,286.0,0.5596106052398682,0.903229,1,0.0,0.24366504929923782,3.290826820238585,REINITIALIZING,0.041706986994540785,0.1887894370011054,0.0,3.7926342916167615,0,0,0,0.0,0.0,1.0,0,0,0,0,1,11,6,DISABLED,nan,0,-1,0,0.0,0
2801,297.0095643540044,197.0,29.0,102.0,286.0,197.0,29.0,102.0,286.0,197.0,29.0,102.0,286.0,held,nan,nan,nan,nan,,nan,0,nan,nan,nan,INITIALIZING,0.0,0.0,0.0,37.072434341807394,0,0,0,0.0,0.0,1.0,0,0,0,0,1,11,6,DISABLED,nan,0,-1,0,0.0,0
2802,297.06590462600434,197.0,29.0,102.0,286.0,197.0,29.0,102.0,286.0,197.0,29.0,102.0,286.0,held,nan,nan,nan,nan,,nan,0,nan,nan,nan,INITIALIZING,0.0,0.0,0.0,17.7492930811731,0,0,0,0.0,0.0,1.0,0,0,0,0,1,11,6,DISABLED,nan,0,-1,0,0.0,0
2803,297.1119728160047,197.0,29.0,102.0,286.0,197.0,29.0,102.0,286.0,197.0,29.0,102.0,286.0,held,nan,nan,nan,nan,,nan,0,nan,nan,nan,INITIALIZING,0.0,0.0,0.0,21.706952237367812,0,0,0,0.0,0.0,1.0,0,0,0,0,1,11,6,DISABLED,nan,0,-1,0,0.0,0
2804,297.1583100229982,197.0,29.0,102.0,286.0,197.0,29.0,102.0,286.0,197.0,29.0,102.0,286.0,held,nan,nan,nan,nan,,nan,0,nan,nan,nan,INITIALIZING,0.0,0.0,0.0,21.58092955711816,0,0,0,0.0,0.0,1.0,0,0,0,0,1,11,6,DISABLED,nan,0,-1,0,0.0,0
2805,297.2334843620047,197.0,29.0,102.0,286.0,197.0,29.0,102.0,286.0,197.0,29.0,102.0,286.0,held,nan,nan,nan,nan,,nan,0,nan,nan,nan,INITIALIZING,0.0,0.0,0.0,13.302411610347468,0,0,0,0.0,0.0,1.0,0,0,0,0,1,11,6,DISABLED,nan,0,-1,0,0.0,0
2806,297.29089101400314,197.0,29.0,102.0,286.0,197.0,29.0,102.0,286.0,197.0,29.0,102.0,286.0,held,nan,nan,nan,nan,,nan,0,nan,nan,nan,INITIALIZING,0.0,0.0,0.0,17.419584058425503,0,0,0,0.0,0.0,1.0,0,0,0,0,1,11,6,DISABLED,nan,0,-1,0,0.0,0
2807,297.35995478300174,197.0,29.0,102.0,286.0,197.0,29.0,102.0,286.0,197.0,29.0,102.0,286.0,held,nan,nan,nan,nan,,nan,0,nan,nan,nan,INITIALIZING,0.0,0.0,0.0,14.479371955796719,0,0,0,0.0,0.0,1.0,0,0,0,0,1,11,6,DISABLED,nan,0,-1,0,0.0,0
2808,297.43908437799837,197.0,29.0,102.0,286.0,197.0,29.0,102.0,286.0,197.0,29.0,102.0,286.0,held,nan,nan,nan,nan,,nan,0,nan,nan,nan,INITIALIZING,0.0,0.0,0.0,12.637496755071115,0,0,0,0.0,0.0,1.0,0,0,0,0,1,11,6,DISABLED,nan,0,-1,0,0.0,0
2809,297.4998350720052,197.0,29.0,102.0,286.0,197.0,29.0,102.0,286.0,197.0,29.0,102.0,286.0,held,nan,nan,nan,nan,,nan,0,nan,nan,nan,INITIALIZING,0.0,0.0,0.0,16.46071730286973,0,0,0,0.0,0.0,1.0,0,0,0,0,1,11,6,DISABLED,nan,0,-1,0,0.0,0
2810,297.8677709420008,139.4286346435547,32.91596984863281,102.0,286.0,139.4286346435547,32.91596984863281,102.0,286.0,124.0,10.0,127.0,428.0,detector,124.0,10.0,127.0,428.0,0.4937891662120819,0.893206,1,0.5366840827139598,0.06021641772174005,1.863293569175922,LOW_CONFIDENCE,0.07353872499516001,0.22319900000002235,0.5791704020011821,2.717864936658825,1,0,0,57.704392630550345,0.07213049078818794,1.0,0,0,0,0,1,11,6,DISABLED,nan,0,-1,0,0.0,0
2811,298.1734186829999,101.92440795898438,32.5,102.0,286.0,101.92440795898438,32.5,102.0,286.0,124.0,10.0,127.0,428.0,held,nan,nan,nan,nan,0.3229793310165405,nan,0,nan,nan,nan,SUSPECTED_LOST,0.05432824099989375,0.22001725299924146,0.0,3.271740195857944,1,0,0,37.506533432491565,0.04688316679061446,1.0,0,0,0,0,1,11,6,DISABLED,nan,0,-1,0,0.0,0
2812,298.4056733270045,70.75634002685547,32.5,102.0,286.0,70.75634002685547,32.5,102.0,286.0,124.0,10.0,127.0,428.0,held,nan,nan,nan,nan,0.3223905563354492,nan,0,nan,nan,nan,SUSPECTED_LOST,0.07036624899774324,0.13361747599992668,0.0,4.305618965278145,1,0,0,31.168067932128906,0.03896008491516113,1.0,0,0,0,0,1,11,6,DISABLED,nan,0,-1,0,0.0,0
2813,298.70045121099974,50.00422668457031,29.084030151367188,102.0,286.0,50.00422668457031,29.084030151367188,102.0,286.0,124.0,10.0,127.0,428.0,held,nan,nan,nan,nan,0.33848050236701965,nan,0,nan,nan,nan,SUSPECTED_LOST,0.05820964199665468,0.20621945799939567,0.0,3.3923847557575213,1,0,0,21.031382697716715,0.026289228372145895,1.0,0,0,0,0,1,11,6,DISABLED,nan,0,-1,0,0.0,0
2814,298.97911712700443,30.004226684570312,29.5,102.0,286.0,30.004226684570312,29.5,102.0,286.0,124.0,10.0,127.0,428.0,held,nan,nan,nan,nan,0.33662644028663635,nan,0,nan,nan,nan,SUSPECTED_LOST,0.05491622599947732,0.19384024100145325,0.0,3.588526413051505,1,0,0,20.00432530516767,0.025005406631459587,1.0,0,0,0,0,1,11,6,DISABLED,nan,0,-1,0,0.0,0
2815,299.2704569030029,13.420188903808594,26.084030151367188,102.0,286.0,13.420188903808594,26.084030151367188,102.0,286.0,124.0,10.0,127.0,428.0,held,nan,nan,nan,nan,0.3142929971218109,nan,0,nan,nan,nan,SUSPECTED_LOST,0.05401073399843881,0.20932995300245238,0.0,3.4324183732645115,1,0,0,16.93219298025216,0.021165241225315202,1.0,0,0,0,0,1,11,6,DISABLED,nan,0,-1,0,0.0,0
2816,299.5115249990049,6.6680755615234375,23.084030151367188,102.0,286.0,6.6680755615234375,23.084030151367188,102.0,286.0,124.0,10.0,127.0,428.0,held,nan,nan,nan,nan,0.31159618496894836,nan,0,nan,nan,nan,SUSPECTED_LOST,0.05742040299810469,0.15839028600021265,0.0,4.148205492906781,1,0,0,7.388574597787128,0.00923571824723391,1.0,0,0,0,0,1,11,6,DISABLED,nan,0,-1,0,0.0,0
2817,299.77047651199973,3.0840377807617188,20.084030151367188,102.0,286.0,3.0840377807617188,20.084030151367188,102.0,286.0,124.0,10.0,127.0,428.0,held,nan,nan,nan,nan,0.3230290710926056,nan,0,nan,nan,nan,SUSPECTED_LOST,0.04954635000467533,0.1726167900051223,0.0,3.8617268091419787,1,0,0,4.673898459950471,0.005842373074938088,1.0,0,0,0,0,1,11,6,DISABLED,nan,0,-1,0,0.0,0
2818,300.0330197830044,-6.747886657714844,17.084030151367188,102.0,286.0,-6.747886657714844,17.084030151367188,102.0,286.0,124.0,10.0,127.0,428.0,held,nan,nan,nan,nan,0.26584985852241516,nan,0,nan,nan,nan,SUSPECTED_LOST,0.05379791599989403,0.1841084330008016,0.0,3.8088959437933716,1,0,0,10.279432774424505,0.01284929096803063,1.0,0,0,0,0,1,11,6,DISABLED,nan,0,-1,0,0.0,0
2819,300.3234449540032,-3.0840377807617188,17.5,102.0,286.0,-3.0840377807617188,17.5,102.0,286.0,124.0,10.0,127.0,428.0,held,nan,nan,nan,nan,0.19770660996437073,nan,0,nan,nan,nan,SUSPECTED_LOST,0.05837084399536252,0.20532006100256694,0.0,3.4432277221734853,1,1,0,3.687386541728746,0.0046092331771609325,1.0,0,0,1,0,1,11,6,DISABLED,nan,0,-1,0,0.0,0
2820,300.6752596369988,3.3319244384765625,20.915969848632812,102.0,286.0,3.3319244384765625,20.915969848632812,102.0,286.0,7.0,10.0,115.0,447.0,detector,7.0,10.0,115.0,447.0,0.20454657077789307,0.751144,1,0.5361439178729323,0.08790377385182359,1.7621349238996298,LOW_CONFIDENCE,0.0481618889971287,0.2672066689992789,0.0,2.8424055286301955,1,1,0,7.268660207043764,0.009085825258804706,1.0,0,0,2,0,1,11,6,DISABLED,nan,0,-1,0,0.0,0
2821,300.91016408699943,-6.747886657714844,23.915969848632812,102.0,286.0,-6.747886657714844,23.915969848632812,102.0,286.0,5.0,15.0,149.0,431.0,detector,5.0,15.0,149.0,431.0,0.23398740589618683,0.974017,1,0.3819551088071374,0.09087545051577704,2.2013917455093925,LOW_CONFIDENCE,0.05971217899787007,0.14650462300051004,0.0,4.257050047359216,1,1,0,10.51677667990071,0.013145970849875888,1.0,0,0,3,0,1,11,6,DISABLED,nan,0,-1,0,0.0,0
2822,301.19263806800154,24.24365997314453,20.084030151367188,102.0,286.0,24.24365997314453,20.084030151367188,102.0,286.0,10.0,13.0,162.0,445.0,detector,10.0,13.0,162.0,445.0,0.21894899010658264,0.957216,1,0.4046608406158968,0.09263786128792036,2.4712052653229124,LOW_CONFIDENCE,0.052938779997930396,0.19649593200301751,0.0,3.54014906595068,1,1,0,31.22754752484113,0.03903443440605141,1.0,0,0,4,0,1,11,6,DISABLED,nan,0,-1,0,0.0,0
2823,301.4603003220036,48.41173553466797,20.5,102.0,286.0,48.41173553466797,20.5,102.0,286.0,49.0,33.0,119.0,392.0,detector,49.0,33.0,119.0,392.0,0.2426293045282364,0.789998,1,0.57682748791013,0.08265937778573411,1.599067599067599,LOW_CONFIDENCE,0.04677039499802049,0.18187644999852637,0.0,3.736051628677899,1,1,0,24.17165503771883,0.030214568797148535,1.0,0,0,5,0,1,11,6,DISABLED,nan,0,-1,0,0.0,0
2824,301.74474435199954,62.163848876953125,20.5,102.0,286.0,62.163848876953125,20.5,102.0,286.0,49.0,33.0,119.0,392.0,held,nan,nan,nan,nan,0.24715788662433624,nan,0,nan,nan,nan,SUSPECTED_LOST,0.05122201699850848,0.20317547600279795,0.0,3.5156301224331474,1,1,0,13.752113342285156,0.017190141677856444,1.0,0,0,6,0,1,11,6,DISABLED,nan,0,-1,0,0.0,0
2825,301.9822498060021,69.33192443847656,20.5,102.0,286.0,69.33192443847656,20.5,102.0,286.0,49.0,33.0,119.0,392.0,held,nan,nan,nan,nan,0.25340673327445984,nan,0,nan,nan,nan,SUSPECTED_LOST,0.0653325289968052,0.1429769300011685,0.0,4.210429626552266,1,0,0,7.1680755615234375,0.008960094451904297,1.0,0,0,0,0,1,11,6,DISABLED,nan,0,-1,0,0.0,0
2826,302.2465978100008,69.5,20.5,102.0,286.0,69.5,20.5,102.0,286.0,49.0,33.0,119.0,392.0,held,nan,nan,nan,nan,0.2566626965999603,nan,0,nan,nan,nan,SUSPECTED_LOST,0.04518947000178741,0.18866167299711378,0.0,3.782892190874027,1,0,0,0.1680755615234375,0.00021009445190429689,1.0,0,0,0,0,1,11,6,DISABLED,nan,0,-1,0,0.0,0
2827,302.51951394600474,69.5,20.5,102.0,286.0,69.5,20.5,102.0,286.0,49.0,33.0,119.0,392.0,held,nan,nan,nan,nan,0.2532782554626465,nan,0,nan,nan,nan,SUSPECTED_LOST,0.06337399000040023,0.18263037499855272,0.0,3.6641292619856585,1,0,0,0.0,0.0,1.0,0,0,0,0,1,11,6,DISABLED,nan,0,-1,0,0.0,0
2828,302.80364984300104,76.33192443847656,20.5,102.0,286.0,76.33192443847656,20.5,102.0,286.0,49.0,33.0,119.0,392.0,held,nan,nan,nan,nan,0.2878365218639374,nan,0,nan,nan,nan,SUSPECTED_LOST,0.05411453900160268,0.20451352999953087,0.0,3.5194426701143224,1,0,0,6.8319244384765625,0.008539905548095703,1.0,0,0,0,0,1,11,6,DISABLED,nan,0,-1,0,0.0,0
2829,303.04910862199904,86.74789428710938,23.915969848632812,102.0,286.0,86.74789428710938,23.915969848632812,102.0,286.0,71.0,20.0,135.0,333.0,detector,71.0,20.0,135.0,333.0,0.2881658971309662,0.706286,1,0.6489155822489155,0.02449808347009714,1.54103249691485,LOW_CONFIDENCE,0.06979118299932452,0.13962252200144576,0.0,4.074003806594954,1,0,0,10.961809973466806,0.013702262466833507,1.0,0,0,0,0,1,11,6,DISABLED,nan,0,-1,0,0.0,0
2830,303.30093193599896,89.91596984863281,20.084030151367188,102.0,286.0,89.91596984863281,20.084030151367188,102.0,286.0,92.0,39.0,122.0,348.0,detector,92.0,39.0,122.0,348.0,0.34470635652542114,0.88874,1,0.5937861264519194,0.06419730123110672,1.4553681612505143,LOW_CONFIDENCE,0.0660172860007151,0.15409731300314888,0.0,3.9710382018096757,1,0,0,4.97196788072914,0.006214959850911425,1.0,0,0,0,0,1,11,6,DISABLED,nan,0,-1,0,0.0,0
2831,303.59022916100366,103.16384887695312,23.915969848632812,102.0,286.0,103.16384887695312,23.915969848632812,102.0,286.0,118.0,22.0,114.0,395.0,detector,118.0,22.0,114.0,395.0,0.36083659529685974,0.930069,1,0.5059320589845264,0.0707021196263585,1.5436034553681612,LOW_CONFIDENCE,0.052133393997792155,0.20612466400052654,0.0,3.4566525827675867,1,0,0,13.790941251143423,0.01723867656392928,1.0,0,0,0,0,1,11,6,DISABLED,nan,0,-1,0,0.0,0
2832,303.9027104600027,120.57981872558594,23.5,102.0,286.0,120.57981872558594,23.5,102.0,286.0,116.0,9.0,136.0,406.0,detector,116.0,9.0,136.0,406.0,0.41195157170295715,0.894454,1,0.5283251231527094,0.058955901195423516,1.8927738927738929,LOW_CONFIDENCE,0.06406103900371818,0.2171958800026914,0.0,3.2001915097103235,1,0,0,17.420936733811384,0.02177617091726423,1.0,0,0,0,0,1,11,6,DISABLED,nan,0,-1,0,0.0,0
2833,304.13544751200243,151.24366760253906,23.5,102.0,286.0,151.24366760253906,23.5,102.0,286.0,141.0,12.0,143.0,411.0,detector,141.0,12.0,143.0,411.0,0.436721533536911,0.895969,1,0.49635036496350365,0.06502634507268006,2.014705882352941,LOW_CONFIDENCE,0.05713055199885275,0.14526901899807854,0.0,4.296694451561593,1,0,0,30.663848876953125,0.03832981109619141,1.0,0,0,0,0,1,11,6,DISABLED,nan,0,-1,0,0.0,0
2834,304.26970885800256,189.07559204101562,26.915969848632812,102.0,286.0,189.07559204101562,26.915969848632812,102.0,286.0,141.0,12.0,143.0,411.0,held,nan,nan,nan,nan,0.5517100095748901,nan,0,nan,nan,nan,TRACKING,0.11022527300519869,0.0,0.0,7.448160098134497,0,0,0,37.98583099953677,0.04748228874942097,1.0,0,0,0,0,1,11,6,DISABLED,nan,0,-1,0,0.0,0
2835,304.3494680520016,206.57980346679688,23.084030151367188,102.0,286.0,206.57980346679688,23.084030151367188,102.0,286.0,141.0,12.0,143.0,411.0,held,nan,nan,nan,nan,0.5638058185577393,nan,0,nan,nan,nan,TRACKING,0.0509415410051588,0.0,0.0,12.537739536483773,0,0,0,17.918738222372998,0.022398422777966248,1.0,0,0,0,0,1,11,6,DISABLED,nan,0,-1,0,0.0,0
2836,304.4275103280015,216.74789428710938,23.5,102.0,286.0,216.74789428710938,23.5,102.0,286.0,141.0,12.0,143.0,411.0,held,nan,nan,nan,nan,0.5425498485565186,nan,0,nan,nan,nan,TRACKING,0.051370407003560103,0.0,0.0,12.813567866744561,0,0,0,10.176595788626711,0.01272074473578339,1.0,0,0,0,0,1,11,6,DISABLED,nan,0,-1,0,0.0,0
2837,304.502120434001,216.5,23.5,102.0,286.0,216.5,23.5,102.0,286.0,141.0,12.0,143.0,411.0,held,nan,nan,nan,nan,0.5353412628173828,nan,0,nan,nan,nan,TRACKING,0.04629319599916926,0.0,0.0,13.403010042732184,0,0,0,0.247894287109375,0.00030986785888671877,1.0,0,0,0,0,1,11,6,DISABLED,nan,0,-1,0,0.0,0
2838,304.5790341920001,230.16384887695312,23.5,102.0,286.0,230.16384887695312,23.5,102.0,286.0,141.0,12.0,143.0,411.0,held,nan,nan,nan,nan,0.5128557682037354,nan,0,nan,nan,nan,TRACKING,0.053511033998802304,0.0,0.0,13.001575088961664,0,0,0,13.663848876953125,0.017079811096191406,1.0,0,0,0,0,1,11,6,DISABLED,nan,0,-1,0,0.0,0
2839,304.6579849800037,233.91595458984375,23.5,102.0,286.0,233.91595458984375,23.5,102.0,286.0,141.0,12.0,143.0,411.0,held,nan,nan,nan,nan,0.5024079084396362,nan,0,nan,nan,nan,TRACKING,0.053684892001911066,0.0,0.0,12.666118037413613,0,0,0,3.752105712890625,0.004690132141113281,1.0,0,0,0,0,1,11,6,DISABLED,nan,0,-1,0,0.0,0
2840,304.9227419000017,233.5,23.5,102.0,286.0,233.5,23.5,102.0,286.0,249.0,17.0,117.0,295.0,detector,249.0,17.0,117.0,295.0,0.47809189558029175,0.946788,1,0.6351802403204272,0.028858490951537988,1.1831550802139037,LOW_CONFIDENCE,0.049506609997479245,0.18363050399784697,0.0,3.777049529082831,1,0,0,0.41595458984375,0.0005199432373046875,1.0,0,0,0,0,1,11,6,DISABLED,nan,0,-1,0,0.0,0
2841,305.17347435300326,257.4117431640625,23.5,102.0,286.0,257.4117431640625,23.5,102.0,286.0,249.0,17.0,117.0,295.0,held,nan,nan,nan,nan,0.4608066976070404,nan,0,nan,nan,nan,SUSPECTED_LOST,0.05599828399863327,0.1598564689993509,0.0,3.9883149868670227,1,0,0,23.9117431640625,0.029889678955078124,1.0,0,0,0,0,1,11,6,DISABLED,nan,0,-1,0,0.0,0
2842,305.45612359900406,267.7478942871094,20.084030151367188,102.0,286.0,267.7478942871094,20.084030151367188,102.0,286.0,265.0,13.0,118.0,304.0,detector,265.0,13.0,118.0,304.0,0.45799168944358826,0.759305,1,0.8132247992863515,0.006988333456582342,1.229672288495818,LOW_CONFIDENCE,0.06801582600019174,0.1821787500011851,0.0,3.5379538921436406,1,0,0,10.8859942148263,0.013607492768532873,1.0,0,0,0,0,1,11,6,DISABLED,nan,0,-1,0,0.0,0
2843,305.75003578400356,274.3319396972656,17.084030151367188,102.0,286.0,274.3319396972656,17.084030151367188,102.0,286.0,271.0,2.0,131.0,318.0,detector,271.0,2.0,131.0,318.0,0.40391847491264343,0.909082,1,0.7002736569206395,0.014006949820151549,1.428013163307281,LOW_CONFIDENCE,0.05601130500144791,0.20800351400248474,0.0,3.4023768017705853,1,0,0,7.235306072516876,0.009044132590646094,1.0,0,0,0,0,1,11,6,DISABLED,nan,0,-1,0,0.0,0
2844,305.9867805419999,315.4915466308594,27.747894287109375,102.0,286.0,315.4915466308594,27.747894287109375,102.0,286.0,292.0,1.0,144.0,325.0,detector,292.0,1.0,144.0,325.0,0.3190879225730896,0.851099,1,0.6233333333333333,0.009580234878616903,1.6042780748663101,LOW_CONFIDENCE,0.05639266900107032,0.15133661899744766,0.0,4.2239583611622145,1,0,0,42.518598768462574,0.05314824846057822,1.0,0,0,0,0,1,11,6,DISABLED,nan,0,-1,0,0.0,0
2845,306.2542478949981,318.91595458984375,47.99577331542969,102.0,286.0,318.91595458984375,47.99577331542969,102.0,286.0,292.0,1.0,144.0,325.0,held,nan,nan,nan,nan,0.26783913373947144,nan,0,nan,nan,nan,SUSPECTED_LOST,0.062289588000567164,0.17534357700060355,0.0,3.738774055189801,1,0,0,20.535412706226506,0.02566926588278313,1.0,0,0,0,0,1,11,6,DISABLED,nan,0,-1,0,0.0,0
2846,306.5201782830045,342.4117431640625,57.747894287109375,102.0,286.0,342.4117431640625,57.747894287109375,102.0,286.0,292.0,1.0,144.0,325.0,held,nan,nan,nan,nan,0.27514219284057617,nan,0,nan,nan,nan,SUSPECTED_LOST,0.05589062499348074,0.18362175399670377,0.0,3.7603825854456407,1,0,0,25.439259898249066,0.031799074872811334,1.0,0,0,0,0,1,11,6,DISABLED,nan,0,-1,0,0.0,0
2847,306.8338814870003,362.99578857421875,60.91596984863281,102.0,286.0,362.99578857421875,60.91596984863281,102.0,286.0,292.0,1.0,144.0,325.0,held,nan,nan,nan,nan,0.2667579650878906,nan,0,nan,nan,nan,SUSPECTED_LOST,0.06060621199867455,0.22379005599941593,0.0,3.1877264473629587,1,0,0,20.826416595537903,0.02603302074442238,1.0,0,0,0,0,1,11,6,DISABLED,nan,0,-1,0,0.0,0
2848,307.06578518500464,386.4117431640625,63.91596984863281,102.0,286.0,386.4117431640625,63.91596984863281,102.0,286.0,379.0,0.0,183.0,444.0,detector,379.0,0.0,183.0,444.0,0.2612072229385376,0.825317,1,0.3590311623098508,0.04545534735540472,2.7852735499794323,LOW_CONFIDENCE,0.06252131200017175,0.1385555170054431,0.0,4.312134772345832,1,0,0,23.60734905392015,0.029509186317400186,1.0,0,0,0,0,1,11,6,DISABLED,nan,0,-1,0,0.0,0
2849,307.33110821399896,396.7478942871094,56.66807556152344,102.0,286.0,396.7478942871094,56.66807556152344,102.0,286.0,378.0,0.0,203.0,454.0,detector,378.0,0.0,203.0,454.0,0.24632297456264496,0.813466,1,0.3165295892016232,0.052369336070732596,3.15926230632113,LOW_CONFIDENCE,0.05360614000528585,0.1863609899955918,0.0,3.7689905915457507,1,1,0,12.624103597308439,0.01578012949663555,1.0,0,0,1,0,1,11,6,DISABLED,nan,0,-1,0,0.0,0
2850,307.6562681130017,416.99578857421875,53.08403015136719,102.0,286.0,416.99578857421875,53.08403015136719,102.0,286.0,393.0,0.0,202.0,476.0,detector,393.0,0.0,202.0,476.0,0.22818703949451447,0.813421,1,0.3033946251768034,0.06165893513195476,3.296037296037296,LOW_CONFIDENCE,0.06523059900064254,0.2228384179979912,0.0,3.075409984647351,1,1,0,20.562650718329547,0.025703313397911935,1.0,0,0,2,0,1,11,6,DISABLED,nan,0,-1,0,0.0,0
2851,307.92468168800406,443.82769775390625,63.747894287109375,102.0,286.0,443.82769775390625,63.747894287109375,102.0,286.0,433.0,0.0,184.0,480.0,detector,433.0,0.0,184.0,480.0,0.2177286446094513,0.917048,1,0.33029891304347825,0.0561258401547764,3.0275606746194983,LOW_CONFIDENCE,0.05095706299471203,0.18510783400415676,0.0,3.725593983058705,1,1,0,28.873332826893517,0.036091666033616895,1.0,0,0,3,0,1,11,6,DISABLED,nan,0,-1,0,0.0,0
2852,308.1401055440001,450.3319396972656,66.91596984863281,102.0,286.0,450.3319396972656,66.91596984863281,102.0,286.0,448.0,0.0,175.0,480.0,detector,448.0,0.0,175.0,480.0,0.22081570327281952,0.892702,1,0.3472857142857143,0.05690596979612045,2.879473467708762,LOW_CONFIDENCE,0.04654591000144137,0.1430387030050042,0.0,4.642011421512825,1,1,0,7.234767862293674,0.009043459827867093,1.0,0,0,4,0,1,11,6,DISABLED,nan,0,-1,0,0.0,0
2853,308.43500504600524,440.2521057128906,69.91596984863281,102.0,286.0,440.2521057128906,69.91596984863281,102.0,286.0,444.0,0.0,180.0,480.0,detector,444.0,0.0,180.0,480.0,0.22326365113258362,0.880617,1,0.3212471999752672,0.06325700498786238,2.9617441382147263,LOW_CONFIDENCE,0.05823834000329953,0.21062420399539405,0.0,3.390985719543807,1,1,0,10.516798617096422,0.013145998271370527,1.0,0,0,5,0,1,11,6,DISABLED,nan,0,-1,0,0.0,0
2854,308.731186402998,389.26055908203125,72.91596984863281,102.0,286.0,389.26055908203125,72.91596984863281,102.0,286.0,374.0,0.0,243.0,480.0,detector,374.0,0.0,243.0,480.0,0.21568292379379272,0.933852,1,0.2501028806584362,0.07532675011721562,3.9983545865898806,LOW_CONFIDENCE,0.04900560800160747,0.21573761499894317,0.0,3.3763097385784744,1,1,0,51.07972031841116,0.06384965039801395,1.0,0,0,6,0,1,11,6,DISABLED,nan,0,-1,0,0.0,0
2855,308.97875919400394,386.08404541015625,38.34037780761719,102.0,286.0,386.08404541015625,38.34037780761719,102.0,286.0,316.0,0.0,225.0,480.0,detector,316.0,0.0,225.0,480.0,0.22193381190299988,0.758501,1,0.27011111111111114,0.07410546866793885,3.7021801727684083,LOW_CONFIDENCE,0.04794016399682732,0.16778187699674163,0.0,4.039216086455821,1,1,0,34.721201075054296,0.04340150134381787,1.0,0,0,7,0,1,11,6,DISABLED,nan,0,-1,0,0.0,0
2856,309.2585594620032,352.3403625488281,31.668075561523438,102.0,286.0,352.3403625488281,31.668075561523438,102.0,286.0,316.0,0.0,225.0,480.0,held,nan,nan,nan,nan,0.2482447624206543,nan,0,nan,nan,nan,SUSPECTED_LOST,0.053354310999566223,0.19506511500367196,0.0,3.573977992053724,1,1,0,34.39703112637945,0.042996288907974314,1.0,0,0,8,0,1,11,6,DISABLED,nan,0,-1,0,0.0,0
2857,309.5298369630036,362.7478942871094,31.5,102.0,286.0,362.7478942871094,31.5,102.0,286.0,323.0,0.0,191.0,480.0,detector,323.0,0.0,191.0,480.0,0.2263108342885971,0.765121,1,0.3181937172774869,0.082090199140055,3.1427396133278487,LOW_CONFIDENCE,0.059875307997572236,0.185118303001218,0.0,3.6862622086686634,1,1,0,10.40888881090162,0.013011111013627025,1.0,0,0,9,0,1,11,6,DISABLED,nan,0,-1,0,0.0,0
2858,309.8172009109985,389.82769775390625,24.668075561523438,102.0,286.0,389.82769775390625,24.668075561523438,102.0,286.0,325.0,0.0,198.0,480.0,detector,325.0,0.0,198.0,480.0,0.21973352134227753,0.806899,1,0.30694444444444446,0.09282946986839552,3.257918552036199,SUSPECTED_LOST,0.05348624200269114,0.20329037400369998,0.0,3.4799076466536443,1,1,0,27.928318018337542,0.03491039752292193,1.0,0,0,10,0,1,11,6,DISABLED,nan,0,-1,0,0.0,0
2859,310.0785323290038,375.8361511230469,21.084030151367188,102.0,286.0,375.8361511230469,21.084030151367188,102.0,286.0,325.0,0.0,198.0,480.0,held,nan,nan,nan,nan,0.3173874318599701,nan,0,nan,nan,nan,SUSPECTED_LOST,0.09821017899957951,0.13439661000302294,0.0,3.8265586573283,1,0,0,14.443294590417189,0.018054118238021485,1.0,0,0,0,0,1,11,6,DISABLED,nan,0,-1,0,0.0,0
2860,310.34124768800393,317.42864990234375,24.915969848632812,102.0,286.0,317.42864990234375,24.915969848632812,102.0,286.0,275.0,3.0,163.0,319.0,detector,275.0,3.0,163.0,319.0,0.4232819080352783,0.708599,1,0.5610323672519568,0.016375735570024082,1.7824283559577678,LOW_CONFIDENCE,0.06401687100151321,0.15989016800449463,0.0,3.8064009801553613,1,0,0,58.53306724143129,0.07316633405178911,1.0,0,0,0,0,1,11,6,DISABLED,nan,0,-1,0,0.0,0
2861,310.6071833890019,290.17230224609375,21.084030151367188,102.0,286.0,290.17230224609375,21.084030151367188,102.0,286.0,262.0,6.0,142.0,299.0,detector,262.0,6.0,142.0,299.0,0.48079952597618103,0.855906,1,0.6786745101995872,0.014815115678394246,1.4554367201426024,LOW_CONFIDENCE,0.05755056199996034,0.17438980400038417,0.0,3.7603074587106105,1,0,0,27.52439371542714,0.03440549214428393,1.0,0,0,0,0,1,11,6,DISABLED,nan,0,-1,0,0.0,0
2862,310.6940802099998,249.50845336914062,24.915969848632812,102.0,286.0,249.50845336914062,24.915969848632812,102.0,286.0,257.6279586791992,12.620589447021484,128.0,294.45,tracker,nan,nan,nan,nan,0.5424553751945496,nan,0,nan,nan,nan,TRACKING,0.05533097599982284,0.0,0.0,11.50790084741714,0,0,0,40.84400038354669,0.051055000479433364,1.0,0,0,0,0,1,11,6,DISABLED,nan,0,-1,0,0.0,0
2863,310.76983878300234,239.25210571289062,24.5,102.0,286.0,239.25210571289062,24.5,102.0,286.0,251.1964101409912,16.778383140563964,118.9,291.4925,tracker,nan,nan,nan,nan,0.5688486099243164,nan,0,nan,nan,nan,TRACKING,0.05230678500083741,0.0,0.0,13.199826242326248,0,0,0,10.264779498890196,0.012830974373612745,1.0,0,0,0,0,1,11,6,DISABLED,nan,0,-1,0,0.0,0
2864,310.8498524099996,229.25210571289062,24.5,102.0,286.0,229.25210571289062,24.5,102.0,286.0,243.515903591156,19.48094904136658,112.98500000000001,289.570125,tracker,nan,nan,nan,nan,0.6068685054779053,nan,0,nan,nan,nan,TRACKING,0.05452616300317459,0.0,0.0,12.497871144304714,0,0,0,10.0,0.0125,1.0,0,0,0,0,1,11,6,DISABLED,nan,0,-1,0,0.0,0
2865,310.92509789700125,219.25210571289062,24.5,102.0,286.0,219.25210571289062,24.5,102.0,286.0,235.02357433376312,21.237616876888275,109.14025000000001,288.32058125000003,tracker,nan,nan,nan,nan,0.6129350066184998,nan,0,nan,nan,nan,TRACKING,0.05075075499917148,0.0,0.0,13.289833581352921,0,0,0,10.0,0.0125,1.0,0,0,0,0,1,11,6,DISABLED,nan,0,-1,0,0.0,0
2866,311.02647492600227,209.25210571289062,24.5,102.0,286.0,209.25210571289062,24.5,102.0,286.0,226.00356031645774,22.379450969977377,106.64116250000001,287.50837781250004,tracker,nan,nan,nan,nan,0.6245912909507751,nan,0,nan,nan,nan,TRACKING,0.07073995600512717,0.0,0.0,9.864167552098955,0,0,0,10.0,0.0125,1.0,0,0,0,0,1,11,6,DISABLED,nan,0,-1,0,0.0,0
2867,311.1116014950021,192.42018127441406,24.5,102.0,286.0,192.42018127441406,24.5,102.0,286.0,214.24937765174246,23.121643130485296,105.016755625,286.980445578125,tracker,nan,nan,nan,nan,0.687590479850769,nan,0,nan,nan,nan,TRACKING,0.05712737500289222,0.0,0.0,11.74721372832353,0,0,0,16.831924438476562,0.021039905548095702,1.0,0,0,0,0,1,11,6,DISABLED,nan,0,-1,0,0.0,0
2868,311.1889042730036,185.66807556152344,24.5,102.0,286.0,185.66807556152344,24.5,102.0,286.0,204.2459219201658,23.60406803481544,103.96089115625,286.63728962578125,tracker,nan,nan,nan,nan,0.6738070845603943,nan,0,nan,nan,nan,TRACKING,0.052308607002487406,0.0,0.0,12.936145709809027,0,0,0,6.752105712890625,0.008440132141113282,1.0,0,0,0,0,1,11,6,DISABLED,nan,0,-1,0,0.0,0
2869,311.2652224429985,178.66807556152344,27.915969848632812,102.0,286.0,178.66807556152344,27.915969848632812,102.0,286.0,195.29367569464097,25.11323366965152,103.2745792515625,286.4142382567578,tracker,nan,nan,nan,nan,0.6382750272750854,nan,0,nan,nan,nan,TRACKING,0.051782030997856054,0.0,0.0,13.103039552266035,0,0,0,7.789021119933395,0.009736276399916744,1.0,0,0,0,0,1,11,6,DISABLED,nan,0,-1,0,0.0,0
2870,311.346904445003,175.0840301513672,30.915969848632812,102.0,286.0,175.0840301513672,30.915969848632812,102.0,286.0,188.22029975449516,27.144191332294973,102.82847651351562,286.26925486689254,tracker,nan,nan,nan,nan,0.5912216305732727,nan,0,nan,nan,nan,TRACKING,0.05702560200006701,0.0,0.0,12.242599048252728,0,0,0,4.6739043103236595,0.005842380387904574,1.0,0,0,0,0,1,11,6,DISABLED,nan,0,-1,0,0.0,0
2871,311.45350530400174,155.0042266845703,30.5,102.0,286.0,155.0042266845703,30.5,102.0,286.0,176.59467418002146,28.318724365991734,102.53850973378516,286.17501566348017,tracker,nan,nan,nan,nan,0.5487049221992493,nan,0,nan,nan,nan,TRACKING,0.07858822699927259,0.0,0.0,9.380787447613613,0,0,0,20.08411158553346,0.025105139481916824,1.0,0,0,0,0,1,11,6,DISABLED,nan,0,-1,0,0.0,0
2872,311.5750409140019,141.83615112304688,27.084030151367188,102.0,286.0,141.83615112304688,27.084030151367188,102.0,286.0,164.42919111008035,27.886581390873143,102.35003132696036,286.11376018126214,tracker,nan,nan,nan,nan,0.5288887023925781,nan,0,nan,nan,nan,TRACKING,0.07078610400640173,0.0,0.0,8.228041147766245,0,0,0,13.603935607049868,0.017004919508812336,1.0,0,0,0,0,1,11,6,DISABLED,nan,0,-1,0,0.0,0
2873,311.662650981998,127.83615112304688,27.5,102.0,286.0,127.83615112304688,27.5,102.0,286.0,151.62162711461863,27.751277904067543,102.22752036252425,286.07394411782036,tracker,nan,nan,nan,nan,0.5664259195327759,nan,0,nan,nan,nan,TRACKING,0.058833614995819516,0.0,0.0,11.414213261928742,0,0,0,14.006178312265327,0.01750772289033166,1.0,0,0,0,0,1,11,6,DISABLED,nan,0,-1,0,0.0,0
2874,311.75822000100015,120.66807556152344,27.5,102.0,286.0,120.66807556152344,27.5,102.0,286.0,140.7878840710353,27.663330637643902,102.14788823564075,286.04806367658324,tracker,nan,nan,nan,nan,0.5572816133499146,nan,0,nan,nan,nan,TRACKING,0.06373821799934376,0.0,0.0,10.463641988180216,0,0,0,7.1680755615234375,0.008960094451904297,1.0,0,0,0,0,1,11,6,DISABLED,nan,0,-1,0,0.0,0
2875,311.8373435540052,113.66807556152344,27.5,102.0,286.0,113.66807556152344,27.5,102.0,286.0,131.29595109270616,27.606164914468536,102.09612735316648,286.0312413897791,tracker,nan,nan,nan,nan,0.5834015607833862,nan,0,nan,nan,nan,TRACKING,0.05462887400062755,0.0,0.0,12.638461773022401,0,0,0,7.0,0.00875,1.0,0,0,0,0,1,11,6,DISABLED,nan,0,-1,0,0.0,0
2876,311.9125303940018,110.08403015136719,27.5,102.0,286.0,110.08403015136719,27.5,102.0,286.0,123.87177876323753,27.56900719440455,102.06248277955822,286.0203069033564,tracker,nan,nan,nan,nan,0.5609911680221558,nan,0,nan,nan,nan,TRACKING,0.05037022600299679,0.0,0.0,13.30019987600442,0,0,0,3.58404541015625,0.004480056762695313,1.0,0,0,0,0,1,11,6,DISABLED,nan,0,-1,0,0.0,0
2877,311.9893363880037,107.08403015136719,27.5,102.0,286.0,107.08403015136719,27.5,102.0,286.0,117.9960667490829,27.544854676362956,102.04061380671286,286.0131994871817,tracker,nan,nan,nan,nan,0.5286823511123657,nan,0,nan,nan,nan,TRACKING,0.050576531997649,0.0,0.0,13.019817176964837,0,0,0,3.0,0.00375,1.0,0,0,0,0,1,11,6,DISABLED,nan,0,-1,0,0.0,0
2878,312.0701167540028,100.66807556152344,27.5,102.0,286.0,100.66807556152344,27.5,102.0,286.0,111.93126983343709,27.529155539635923,102.02639897436336,286.0085796666681,tracker,nan,nan,nan,nan,0.5136946439743042,nan,0,nan,nan,nan,TRACKING,0.056308291997993365,0.0,0.0,12.379245719328267,0,0,0,6.41595458984375,0.008019943237304688,1.0,0,0,0,0,1,11,6,DISABLED,nan,0,-1,0,0.0,0
2879,312.15722279900365,97.08403015136719,27.5,102.0,286.0,97.08403015136719,27.5,102.0,286.0,106.73473594471261,27.51895110076335,102.0171593333362,286.0055767833343,tracker,nan,nan,nan,nan,0.5170228481292725,nan,0,nan,nan,nan,TRACKING,0.057989688000816386,0.0,0.0,11.480259492787084,0,0,0,3.58404541015625,0.004480056762695313,1.0,0,0,0,0,1,11,6,DISABLED,nan,0,-1,0,0.0,0
2880,312.4910273429996,87.25210571289062,27.5,102.0,286.0,87.25210571289062,27.5,102.0,286.0,106.73473594471261,27.51895110076335,102.0171593333362,286.0055767833343,held,nan,nan,nan,nan,0.4536060094833374,nan,0,nan,nan,nan,SUSPECTED_LOST,0.06939257900376106,0.2357080129950191,0.0,2.9957650906398885,1,0,0,9.831924438476562,0.012289905548095703,1.0,0,0,0,0,1,11,6,DISABLED,nan,0,-1,0,0.0,0
2881,312.78058056400187,70.4201889038086,27.5,102.0,286.0,70.4201889038086,27.5,102.0,286.0,106.73473594471261,27.51895110076335,102.0171593333362,286.0055767833343,held,nan,nan,nan,nan,0.46109938621520996,nan,0,nan,nan,nan,SUSPECTED_LOST,0.053190089005511254,0.2073034969944274,0.0,3.4535965324044113,1,0,0,16.83191680908203,0.02103989601135254,1.0,0,0,0,0,1,11,6,DISABLED,nan,0,-1,0,0.0,0
2882,313.0133509510051,60.252113342285156,27.5,102.0,286.0,60.252113342285156,27.5,102.0,286.0,106.73473594471261,27.51895110076335,102.0171593333362,286.0055767833343,held,nan,nan,nan,nan,0.42335745692253113,nan,0,nan,nan,nan,SUSPECTED_LOST,0.06449235200125258,0.1439097140028025,0.0,4.296079122753746,1,0,0,10.168075561523438,0.012710094451904297,1.0,0,0,0,0,1,11,6,DISABLED,nan,0,-1,0,0.0,0
2883,313.2922877079982,53.66807556152344,24.084030151367188,102.0,286.0,53.66807556152344,24.084030151367188,102.0,286.0,106.73473594471261,27.51895110076335,102.0171593333362,286.0055767833343,held,nan,nan,nan,nan,0.42123085260391235,nan,0,nan,nan,nan,SUSPECTED_LOST,0.04998485100077232,0.20178809800563613,0.0,3.5850420388478006,1,0,0,7.41743914739219,0.009271798934240237,1.0,0,0,0,0,1,11,6,DISABLED,nan,0,-1,0,0.0,0
2884,313.60165491799853,33.00422668457031,21.084030151367188,102.0,286.0,33.00422668457031,21.084030151367188,102.0,286.0,22.0,8.0,141.0,455.0,detector,22.0,8.0,141.0,455.0,0.35474634170532227,0.756065,1,0.4547112462006079,0.08989941352742518,2.199197860962567,LOW_CONFIDENCE,0.09909889900154667,0.18299475900130346,0.0,3.2324046236150292,1,0,0,20.880484917969625,0.02610060614746203,1.0,0,0,0,0,1,11,6,DISABLED,nan,0,-1,0,0.0,0
2885,313.87280481200287,36.91596221923828,21.5,102.0,286.0,7.0,14.0,167.0,440.0,7.0,14.0,167.0,440.0,detector,7.0,14.0,167.0,440.0,0.3648935854434967,0.927745,1,0.3970059880239521,0.08693502648577202,2.5188536953242835,REINITIALIZING,0.060196982994966675,0.18262287499965169,0.0,3.6879970160858697,1,0,0,3.933790259807417,0.004917237824759271,1.0,0,0,0,0,1,12,6,DISABLED,nan,0,-1,0,0.0,0
2886,313.91117510099866,7.0,14.0,167.0,440.0,7.0,14.0,167.0,440.0,7.0,14.0,167.0,440.0,held,nan,nan,nan,nan,,nan,0,nan,nan,nan,INITIALIZING,0.0,0.0,0.0,26.061831332822116,0,0,0,0.0,0.0,1.0,0,0,0,0,1,12,6,DISABLED,nan,0,-1,0,0.0,0
2887,313.9745518510026,7.0,14.0,167.0,440.0,7.0,14.0,167.0,440.0,7.0,14.0,167.0,440.0,held,nan,nan,nan,nan,,nan,0,nan,nan,nan,INITIALIZING,0.0,0.0,0.0,15.778656998625085,0,0,0,0.0,0.0,1.0,0,0,0,0,1,12,6,DISABLED,nan,0,-1,0,0.0,0
2888,314.1412523990002,7.0,14.0,167.0,440.0,7.0,14.0,167.0,440.0,7.0,14.0,167.0,440.0,held,nan,nan,nan,nan,,nan,0,nan,nan,nan,INITIALIZING,0.0,0.0,0.0,5.998780519991786,0,0,0,0.0,0.0,1.0,0,0,0,0,1,12,6,DISABLED,nan,0,-1,0,0.0,0
2889,314.19429493100324,7.0,14.0,167.0,440.0,7.0,14.0,167.0,440.0,7.0,14.0,167.0,440.0,held,nan,nan,nan,nan,,nan,0,nan,nan,nan,INITIALIZING,0.0,0.0,0.0,18.852795336826745,0,0,0,0.0,0.0,1.0,0,0,0,0,1,12,6,DISABLED,nan,0,-1,0,0.0,0
2890,314.2557358000049,7.0,14.0,167.0,440.0,7.0,14.0,167.0,440.0,7.0,14.0,167.0,440.0,held,nan,nan,nan,nan,,nan,0,nan,nan,nan,INITIALIZING,0.0,0.0,0.0,16.275811463096204,0,0,0,0.0,0.0,1.0,0,0,0,0,1,12,6,DISABLED,nan,0,-1,0,0.0,0
2891,314.3162937300003,7.0,14.0,167.0,440.0,7.0,14.0,167.0,440.0,7.0,14.0,167.0,440.0,held,nan,nan,nan,nan,,nan,0,nan,nan,nan,INITIALIZING,0.0,0.0,0.0,16.513113973277648,0,0,0,0.0,0.0,1.0,0,0,0,0,1,12,6,DISABLED,nan,0,-1,0,0.0,0
2892,314.4436874029998,12.421440124511719,14.5,167.0,440.0,12.421440124511719,14.5,167.0,440.0,8.8975040435791,14.174999999999999,167.0,440.0,tracker,nan,nan,nan,nan,0.5623644590377808,nan,0,nan,nan,nan,TRACKING,0.05564389999926789,0.0,0.5133274450054159,7.849683398360269,0,0,0,5.444447908067965,0.006805559885084956,1.0,0,0,0,0,1,12,6,DISABLED,nan,0,-1,0,0.0,0
2893,314.52307299400127,17.42144012451172,9.078567504882812,167.0,440.0,17.42144012451172,9.078567504882812,167.0,440.0,11.880881671905517,12.391248626708983,167.0,440.0,tracker,nan,nan,nan,nan,0.5410047173500061,nan,0,nan,nan,nan,TRACKING,0.0547178869965137,0.0,0.0,12.596744413999803,0,0,0,7.3750884943241575,0.009218860617905196,1.0,0,0,0,0,1,12,6,DISABLED,nan,0,-1,0,0.0,0
2894,314.60400299900357,17.0,14.921432495117188,167.0,440.0,17.0,14.921432495117188,167.0,440.0,13.672573086738584,13.276812980651854,167.0,440.0,tracker,nan,nan,nan,nan,0.5175279974937439,nan,0,nan,nan,nan,TRACKING,0.051213058999564964,0.0,0.0,12.356356582105311,0,0,0,5.858044304429167,0.007322555380536459,1.0,0,0,0,0,1,12,6,DISABLED,nan,0,-1,0,0.0,0
2895,314.68716597599996,17.0,9.078567504882812,167.0,440.0,17.0,9.078567504882812,167.0,440.0,14.83717250638008,11.807427064132689,167.0,440.0,tracker,nan,nan,nan,nan,0.5189600586891174,nan,0,nan,nan,nan,TRACKING,0.05151556700002402,0.0,0.0,12.024581564022123,0,0,0,5.842864990234375,0.0073035812377929684,1.0,0,0,0,0,1,12,6,DISABLED,nan,0,-1,0,0.0,0
2896,314.9874841569981,17.0,14.921432495117188,167.0,440.0,17.0,14.921432495117188,167.0,440.0,118.0,8.0,114.0,456.0,detector,118.0,8.0,114.0,456.0,0.4911157786846161,0.883801,1,0.3011698332365386,0.0931347587828266,1.4135118497999384,LOW_CONFIDENCE,0.05106784700183198,0.2165225310018286,0.0,3.3298017345349136,1,0,0,5.842864990234375,0.0073035812377929684,1.0,0,0,0,0,1,12,6,DISABLED,nan,0,-1,0,0.0,0
2897,315.21857773100055,17.0,14.5,167.0,440.0,17.0,14.5,167.0,440.0,125.0,28.0,112.0,371.0,detector,125.0,28.0,112.0,371.0,0.46995437145233154,0.741106,1,0.23500424079104174,0.10399256283504124,1.768386599922988,LOW_CONFIDENCE,0.04317483599879779,0.15598710199992638,0.0,4.327251436205781,1,0,0,0.4214324951171875,0.0005267906188964844,1.0,0,0,0,0,1,12,6,DISABLED,nan,0,-1,0,0.0,0
2898,315.4800524340026,17.0,14.5,167.0,440.0,17.0,14.5,167.0,440.0,131.0,6.0,120.0,428.0,detector,131.0,6.0,120.0,428.0,0.44744622707366943,0.797658,1,0.2166870519898837,0.11456780197769355,1.4306853582554517,LOW_CONFIDENCE,0.05459152899857145,0.17609396100306185,0.0,3.8244617491439112,1,0,0,0.0,0.0,1.0,0,0,0,0,1,12,6,DISABLED,nan,0,-1,0,0.0,0
2899,315.74676565400296,17.0,14.5,167.0,440.0,17.0,14.5,167.0,440.0,131.0,3.0,132.0,429.0,detector,131.0,3.0,132.0,429.0,0.451682448387146,0.934563,1,0.20492125893101068,0.12248246047904165,1.2975912975912975,LOW_CONFIDENCE,0.04731139799696393,0.1921064989946899,0.0,3.7493454580112764,1,0,0,0.0,0.0,1.0,0,0,0,0,1,12,6,DISABLED,nan,0,-1,0,0.0,0
2900,316.0512656580031,17.0,9.078567504882812,167.0,440.0,17.0,9.078567504882812,167.0,440.0,136.0,3.0,137.0,423.0,detector,136.0,3.0,137.0,423.0,0.4279174208641052,0.953393,1,0.17961272177931736,0.1312710377811783,1.267967765871167,LOW_CONFIDENCE,0.049449420999735594,0.22436647799622733,0.0,3.2840722064473855,1,0,0,5.4214324951171875,0.006776790618896484,1.0,0,0,0,0,1,12,6,DISABLED,nan,0,-1,0,0.0,0
2901,316.293726185002,6.1571197509765625,14.921432495117188,167.0,440.0,6.1571197509765625,14.921432495117188,167.0,440.0,149.0,9.0,140.0,333.0,detector,149.0,9.0,140.0,333.0,0.3990590274333954,0.861496,1,0.07042215677843952,0.17792417324033796,1.576147576147576,LOW_CONFIDENCE,0.055305661997408606,0.1603466379965539,0.0,4.12438268767967,1,0,0,12.316944563842492,0.015396180704803116,1.0,0,0,0,0,1,12,6,DISABLED,nan,0,-1,0,0.0,0
2902,316.54347642599896,6.0,9.078567504882812,167.0,440.0,6.0,9.078567504882812,167.0,440.0,149.0,9.0,140.0,333.0,held,nan,nan,nan,nan,0.45302703976631165,nan,0,nan,nan,nan,SUSPECTED_LOST,0.05266439799743239,0.15964958899712656,0.0,4.004000140333116,1,0,0,5.844977152243923,0.007306221440304904,1.0,0,0,0,0,1,12,6,DISABLED,nan,0,-1,0,0.0,0
2903,316.8247212100032,6.0,9.5,167.0,440.0,6.0,9.5,167.0,440.0,220.0,7.0,140.0,307.0,detector,220.0,7.0,140.0,307.0,0.46553486585617065,0.884188,1,0.0,0.2650508500740943,1.709632387156817,LOW_CONFIDENCE,0.04822897400299553,0.2030143779993523,0.0,3.5556214972682345,1,0,0,0.4214324951171875,0.0005267906188964844,1.0,0,0,0,0,1,12,6,DISABLED,nan,0,-1,0,0.0,0
2904,317.11279267600185,6.0,9.5,167.0,440.0,6.0,9.5,167.0,440.0,220.0,7.0,140.0,307.0,held,nan,nan,nan,nan,0.47289249300956726,nan,0,nan,nan,nan,SUSPECTED_LOST,0.03768808399763657,0.22122301300260006,0.0,3.4713608185153206,1,0,0,0.0,0.0,1.0,0,0,0,0,1,12,6,DISABLED,nan,0,-1,0,0.0,0
2905,317.3430111760026,6.0,9.5,167.0,440.0,6.0,9.5,167.0,440.0,245.0,6.0,172.0,323.0,detector,245.0,6.0,172.0,323.0,0.4711560308933258,0.816094,1,0.0,0.31166450812532376,1.3226294189646484,LOW_CONFIDENCE,0.053493377003178466,0.1469097890003468,0.0,4.343699572348175,1,0,0,0.0,0.0,1.0,0,0,0,0,1,12,6,DISABLED,nan,0,-1,0,0.0,0
2906,317.61520672200277,6.0,9.5,167.0,440.0,6.0,9.5,167.0,440.0,261.0,7.0,154.0,300.0,detector,261.0,7.0,154.0,300.0,0.47471797466278076,0.778969,1,0.0,0.32357500096577296,1.5904761904761904,LOW_CONFIDENCE,0.044612944999244064,0.19627061399660306,0.0,3.6738294020411915,1,0,0,0.0,0.0,1.0,0,0,0,0,1,12,6,DISABLED,nan,0,-1,0,0.0,0
2907,317.86070112699963,6.0,9.5,167.0,440.0,6.0,9.5,167.0,440.0,247.0,0.0,177.0,339.0,detector,247.0,0.0,177.0,339.0,0.4686318039894104,0.847816,1,0.0,0.3165142176901379,1.2246054363948469,LOW_CONFIDENCE,0.03538917200057767,0.1851737739998498,0.0,4.073412589638381,1,0,0,0.0,0.0,1.0,0,0,0,0,1,12,6,DISABLED,nan,0,-1,0,0.0,0
