frame_index,timestamp_s,tracker_x,tracker_y,tracker_w,tracker_h,final_x,final_y,final_w,final_h,det_x,det_y,det_w,det_h,tracker_score,det_conf,det_count,best_detector_iou,best_center_distance_ratio,best_area_ratio,state,track_time_s,detect_time_s,init_time_s,fps,is_low_score,is_very_low_score,is_out_of_frame,center_delta_px,center_delta_ratio,area_ratio,is_large_jump,is_large_area_change,consecutive_suspicious,ambiguous_detection,soft_reinitializations,hard_reinitializations,background_lock_events
0,1.5885328340000342,nan,nan,nan,nan,134.0,19.0,468.0,461.0,134.0,19.0,468.0,461.0,,0.871504,1,nan,nan,nan,DETECTED_INITIALIZING,0.0,0.8930198170000949,0.0,0.6295111393825106,0,0,0,0.0,0.0,1.0,0,0,0,0,0,0,0
1,1.724921689000098,nan,nan,nan,nan,nan,nan,nan,nan,nan,nan,nan,nan,,nan,0,nan,nan,nan,INITIALIZING,0.0,0.0,0.0,7.331977381872823,0,0,0,0.0,0.0,1.0,0,0,0,0,0,0,0
2,3.61543735500004,nan,nan,nan,nan,nan,nan,nan,nan,nan,nan,nan,nan,,nan,0,nan,nan,nan,INITIALIZING,0.0,0.0,0.0,0.5289562091362382,0,0,0,0.0,0.0,1.0,0,0,0,0,0,0,0
3,3.6375849020000715,nan,nan,nan,nan,nan,nan,nan,nan,nan,nan,nan,nan,,nan,0,nan,nan,nan,INITIALIZING,0.0,0.0,0.0,45.15172718669846,0,0,0,0.0,0.0,1.0,0,0,0,0,0,0,0
4,3.674087331999999,nan,nan,nan,nan,nan,nan,nan,nan,nan,nan,nan,nan,,nan,0,nan,nan,nan,INITIALIZING,0.0,0.0,0.0,27.395436413465642,0,0,0,0.0,0.0,1.0,0,0,0,0,0,0,0
5,3.707973718000062,nan,nan,nan,nan,nan,nan,nan,nan,nan,nan,nan,nan,,nan,0,nan,nan,nan,INITIALIZING,0.0,0.0,0.0,29.51037623186327,0,0,0,0.0,0.0,1.0,0,0,0,0,0,0,0
6,3.7395367750000332,nan,nan,nan,nan,nan,nan,nan,nan,nan,nan,nan,nan,,nan,0,nan,nan,nan,INITIALIZING,0.0,0.0,0.0,31.682609197230565,0,0,0,0.0,0.0,1.0,0,0,0,0,0,0,0
7,3.774998559000096,nan,nan,nan,nan,nan,nan,nan,nan,nan,nan,nan,nan,,nan,0,nan,nan,nan,INITIALIZING,0.0,0.0,0.0,28.19937090582437,0,0,0,0.0,0.0,1.0,0,0,0,0,0,0,0
8,3.8055622190000804,nan,nan,nan,nan,nan,nan,nan,nan,nan,nan,nan,nan,,nan,0,nan,nan,nan,INITIALIZING,0.0,0.0,0.0,32.71859456624345,0,0,0,0.0,0.0,1.0,0,0,0,0,0,0,0
9,3.8384207710000737,nan,nan,nan,nan,nan,nan,nan,nan,nan,nan,nan,nan,,nan,0,nan,nan,nan,INITIALIZING,0.0,0.0,0.0,30.43347740947937,0,0,0,0.0,0.0,1.0,0,0,0,0,0,0,0
10,3.874294647000056,nan,nan,nan,nan,nan,nan,nan,nan,nan,nan,nan,nan,,nan,0,nan,nan,nan,INITIALIZING,0.0,0.0,0.0,27.875437825577905,0,0,0,0.0,0.0,1.0,0,0,0,0,0,0,0
11,3.906356619999997,nan,nan,nan,nan,nan,nan,nan,nan,nan,nan,nan,nan,,nan,0,nan,nan,nan,INITIALIZING,0.0,0.0,0.0,31.18959647311313,0,0,0,0.0,0.0,1.0,0,0,0,0,0,0,0
12,3.938459584000043,nan,nan,nan,nan,nan,nan,nan,nan,nan,nan,nan,nan,,nan,0,nan,nan,nan,INITIALIZING,0.0,0.0,0.0,31.149771715738286,0,0,0,0.0,0.0,1.0,0,0,0,0,0,0,0
13,4.011780024000018,nan,nan,nan,nan,nan,nan,nan,nan,nan,nan,nan,nan,,nan,0,nan,nan,nan,INITIALIZING,0.0,0.0,0.0,13.638761578631302,0,0,0,0.0,0.0,1.0,0,0,0,0,0,0,0
14,4.020471196000017,nan,nan,nan,nan,nan,nan,nan,nan,nan,nan,nan,nan,,nan,0,nan,nan,nan,INITIALIZING,0.0,0.0,0.0,115.05928084269013,0,0,0,0.0,0.0,1.0,0,0,0,0,0,0,0
15,4.038302870000052,nan,nan,nan,nan,nan,nan,nan,nan,nan,nan,nan,nan,,nan,0,nan,nan,nan,INITIALIZING,0.0,0.0,0.0,56.07998441413911,0,0,0,0.0,0.0,1.0,0,0,0,0,0,0,0
16,4.073365113000023,nan,nan,nan,nan,nan,nan,nan,nan,nan,nan,nan,nan,,nan,0,nan,nan,nan,INITIALIZING,0.0,0.0,0.0,28.520708158940295,0,0,0,0.0,0.0,1.0,0,0,0,0,0,0,0
17,4.106451690000085,nan,nan,nan,nan,nan,nan,nan,nan,nan,nan,nan,nan,,nan,0,nan,nan,nan,INITIALIZING,0.0,0.0,0.0,30.223736955264435,0,0,0,0.0,0.0,1.0,0,0,0,0,0,0,0
18,4.142292803000032,nan,nan,nan,nan,nan,nan,nan,nan,nan,nan,nan,nan,,nan,0,nan,nan,nan,INITIALIZING,0.0,0.0,0.0,27.90091925999859,0,0,0,0.0,0.0,1.0,0,0,0,0,0,0,0
19,4.174357170999997,nan,nan,nan,nan,nan,nan,nan,nan,nan,nan,nan,nan,,nan,0,nan,nan,nan,INITIALIZING,0.0,0.0,0.0,31.187266812840264,0,0,0,0.0,0.0,1.0,0,0,0,0,0,0,0
20,4.206460654000011,nan,nan,nan,nan,nan,nan,nan,nan,nan,nan,nan,nan,,nan,0,nan,nan,nan,INITIALIZING,0.0,0.0,0.0,31.14926813391403,0,0,0,0.0,0.0,1.0,0,0,0,0,0,0,0
21,4.242258589000016,nan,nan,nan,nan,nan,nan,nan,nan,nan,nan,nan,nan,,nan,0,nan,nan,nan,INITIALIZING,0.0,0.0,0.0,27.93457220367205,0,0,0,0.0,0.0,1.0,0,0,0,0,0,0,0
22,4.274363321999999,nan,nan,nan,nan,nan,nan,nan,nan,nan,nan,nan,nan,,nan,0,nan,nan,nan,INITIALIZING,0.0,0.0,0.0,31.148055335035316,0,0,0,0.0,0.0,1.0,0,0,0,0,0,0,0
23,4.305722154000023,nan,nan,nan,nan,nan,nan,nan,nan,nan,nan,nan,nan,,nan,0,nan,nan,nan,INITIALIZING,0.0,0.0,0.0,31.888942802437583,0,0,0,0.0,0.0,1.0,0,0,0,0,0,0,0
24,4.342337555000086,nan,nan,nan,nan,nan,nan,nan,nan,nan,nan,nan,nan,,nan,0,nan,nan,nan,INITIALIZING,0.0,0.0,0.0,27.31091214864165,0,0,0,0.0,0.0,1.0,0,0,0,0,0,0,0
25,4.374347650000004,nan,nan,nan,nan,nan,nan,nan,nan,nan,nan,nan,nan,,nan,0,nan,nan,nan,INITIALIZING,0.0,0.0,0.0,31.24014471067768,0,0,0,0.0,0.0,1.0,0,0,0,0,0,0,0
26,4.406540041000085,nan,nan,nan,nan,nan,nan,nan,nan,nan,nan,nan,nan,,nan,0,nan,nan,nan,INITIALIZING,0.0,0.0,0.0,31.063240999946178,0,0,0,0.0,0.0,1.0,0,0,0,0,0,0,0
27,4.442296570000053,nan,nan,nan,nan,nan,nan,nan,nan,nan,nan,nan,nan,,nan,0,nan,nan,nan,INITIALIZING,0.0,0.0,0.0,27.966920390983248,0,0,0,0.0,0.0,1.0,0,0,0,0,0,0,0
28,4.474375781000049,nan,nan,nan,nan,nan,nan,nan,nan,nan,nan,nan,nan,,nan,0,nan,nan,nan,INITIALIZING,0.0,0.0,0.0,31.172836513969596,0,0,0,0.0,0.0,1.0,0,0,0,0,0,0,0
29,4.506045818000075,nan,nan,nan,nan,nan,nan,nan,nan,nan,nan,nan,nan,,nan,0,nan,nan,nan,INITIALIZING,0.0,0.0,0.0,31.575586728843145,0,0,0,0.0,0.0,1.0,0,0,0,0,0,0,0
30,5.5100080729999945,nan,nan,nan,nan,nan,nan,nan,nan,nan,nan,nan,nan,,nan,0,nan,nan,nan,INITIALIZING,0.0,0.0,0.0,0.996053382504983,0,0,0,0.0,0.0,1.0,0,0,0,0,0,0,0
31,5.518833830000062,nan,nan,nan,nan,nan,nan,nan,nan,nan,nan,nan,nan,,nan,0,nan,nan,nan,INITIALIZING,0.0,0.0,0.0,113.3047284207253,0,0,0,0.0,0.0,1.0,0,0,0,0,0,0,0
32,5.542229578000047,nan,nan,nan,nan,nan,nan,nan,nan,nan,nan,nan,nan,,nan,0,nan,nan,nan,INITIALIZING,0.0,0.0,0.0,42.742809505413746,0,0,0,0.0,0.0,1.0,0,0,0,0,0,0,0
33,5.5772803090000025,nan,nan,nan,nan,nan,nan,nan,nan,nan,nan,nan,nan,,nan,0,nan,nan,nan,INITIALIZING,0.0,0.0,0.0,28.530075449817687,0,0,0,0.0,0.0,1.0,0,0,0,0,0,0,0
34,5.677922563000038,nan,nan,nan,nan,nan,nan,nan,nan,nan,nan,nan,nan,,nan,0,nan,nan,nan,INITIALIZING,0.0,0.0,0.0,9.936184457868405,0,0,0,0.0,0.0,1.0,0,0,0,0,0,0,0
35,5.687199996000004,nan,nan,nan,nan,nan,nan,nan,nan,nan,nan,nan,nan,,nan,0,nan,nan,nan,INITIALIZING,0.0,0.0,0.0,107.78843673715602,0,0,0,0.0,0.0,1.0,0,0,0,0,0,0,0
36,5.709441450000099,nan,nan,nan,nan,nan,nan,nan,nan,nan,nan,nan,nan,,nan,0,nan,nan,nan,INITIALIZING,0.0,0.0,0.0,44.961089324272926,0,0,0,0.0,0.0,1.0,0,0,0,0,0,0,0
37,5.742493493000097,nan,nan,nan,nan,nan,nan,nan,nan,nan,nan,nan,nan,,nan,0,nan,nan,nan,INITIALIZING,0.0,0.0,0.0,30.255315836302906,0,0,0,0.0,0.0,1.0,0,0,0,0,0,0,0
38,5.778435649000016,nan,nan,nan,nan,nan,nan,nan,nan,nan,nan,nan,nan,,nan,0,nan,nan,nan,INITIALIZING,0.0,0.0,0.0,27.82248232416136,0,0,0,0.0,0.0,1.0,0,0,0,0,0,0,0
39,5.810389961000055,nan,nan,nan,nan,nan,nan,nan,nan,nan,nan,nan,nan,,nan,0,nan,nan,nan,INITIALIZING,0.0,0.0,0.0,31.294680980732146,0,0,0,0.0,0.0,1.0,0,0,0,0,0,0,0
40,5.846294407000073,nan,nan,nan,nan,nan,nan,nan,nan,nan,nan,nan,nan,,nan,0,nan,nan,nan,INITIALIZING,0.0,0.0,0.0,27.851703936596206,0,0,0,0.0,0.0,1.0,0,0,0,0,0,0,0
41,5.878405650000104,nan,nan,nan,nan,nan,nan,nan,nan,nan,nan,nan,nan,,nan,0,nan,nan,nan,INITIALIZING,0.0,0.0,0.0,31.141740604654515,0,0,0,0.0,0.0,1.0,0,0,0,0,0,0,0
42,5.997349432000078,nan,nan,nan,nan,nan,nan,nan,nan,nan,nan,nan,nan,,nan,0,nan,nan,nan,INITIALIZING,0.0,0.0,0.0,8.40733313827384,0,0,0,0.0,0.0,1.0,0,0,0,0,0,0,0
43,6.005961747000015,nan,nan,nan,nan,nan,nan,nan,nan,nan,nan,nan,nan,,nan,0,nan,nan,nan,INITIALIZING,0.0,0.0,0.0,116.1127989405121,0,0,0,0.0,0.0,1.0,0,0,0,0,0,0,0
44,6.015773514000102,nan,nan,nan,nan,nan,nan,nan,nan,nan,nan,nan,nan,,nan,0,nan,nan,nan,INITIALIZING,0.0,0.0,0.0,101.91844139705789,0,0,0,0.0,0.0,1.0,0,0,0,0,0,0,0
45,6.0452578780000295,nan,nan,nan,nan,nan,nan,nan,nan,nan,nan,nan,nan,,nan,0,nan,nan,nan,INITIALIZING,0.0,0.0,0.0,33.91628186392186,0,0,0,0.0,0.0,1.0,0,0,0,0,0,0,0
46,6.077202345000046,nan,nan,nan,nan,nan,nan,nan,nan,nan,nan,nan,nan,,nan,0,nan,nan,nan,INITIALIZING,0.0,0.0,0.0,31.304325722494585,0,0,0,0.0,0.0,1.0,0,0,0,0,0,0,0
47,6.110603144000038,nan,nan,nan,nan,nan,nan,nan,nan,nan,nan,nan,nan,,nan,0,nan,nan,nan,INITIALIZING,0.0,0.0,0.0,29.939403545413537,0,0,0,0.0,0.0,1.0,0,0,0,0,0,0,0
48,6.146361909000007,nan,nan,nan,nan,nan,nan,nan,nan,nan,nan,nan,nan,,nan,0,nan,nan,nan,INITIALIZING,0.0,0.0,0.0,27.965171615990553,0,0,0,0.0,0.0,1.0,0,0,0,0,0,0,0
49,6.178327574000036,nan,nan,nan,nan,nan,nan,nan,nan,nan,nan,nan,nan,,nan,0,nan,nan,nan,INITIALIZING,0.0,0.0,0.0,31.283566288987572,0,0,0,0.0,0.0,1.0,0,0,0,0,0,0,0
50,6.210225113000092,nan,nan,nan,nan,nan,nan,nan,nan,nan,nan,nan,nan,,nan,0,nan,nan,nan,INITIALIZING,0.0,0.0,0.0,31.350380980747286,0,0,0,0.0,0.0,1.0,0,0,0,0,0,0,0
51,6.2462525299999925,nan,nan,nan,nan,nan,nan,nan,nan,nan,nan,nan,nan,,nan,0,nan,nan,nan,INITIALIZING,0.0,0.0,0.0,27.7566387843672,0,0,0,0.0,0.0,1.0,0,0,0,0,0,0,0
52,6.278416220000054,nan,nan,nan,nan,nan,nan,nan,nan,nan,nan,nan,nan,,nan,0,nan,nan,nan,INITIALIZING,0.0,0.0,0.0,31.090960023495303,0,0,0,0.0,0.0,1.0,0,0,0,0,0,0,0
53,6.310599598000067,nan,nan,nan,nan,nan,nan,nan,nan,nan,nan,nan,nan,,nan,0,nan,nan,nan,INITIALIZING,0.0,0.0,0.0,31.071940304078236,0,0,0,0.0,0.0,1.0,0,0,0,0,0,0,0
54,6.384987344000024,nan,nan,nan,nan,nan,nan,nan,nan,nan,nan,nan,nan,,nan,0,nan,nan,nan,INITIALIZING,0.0,0.0,0.0,13.443074347226254,0,0,0,0.0,0.0,1.0,0,0,0,0,0,0,0
55,6.414286860000061,nan,nan,nan,nan,nan,nan,nan,nan,nan,nan,nan,nan,,nan,0,nan,nan,nan,INITIALIZING,0.0,0.0,0.0,34.130256622625645,0,0,0,0.0,0.0,1.0,0,0,0,0,0,0,0
56,6.445829444000083,nan,nan,nan,nan,nan,nan,nan,nan,nan,nan,nan,nan,,nan,0,nan,nan,nan,INITIALIZING,0.0,0.0,0.0,31.703173081803133,0,0,0,0.0,0.0,1.0,0,0,0,0,0,0,0
57,6.478419028000076,nan,nan,nan,nan,nan,nan,nan,nan,nan,nan,nan,nan,,nan,0,nan,nan,nan,INITIALIZING,0.0,0.0,0.0,30.6846506540315,0,0,0,0.0,0.0,1.0,0,0,0,0,0,0,0
58,6.656814564000001,nan,nan,nan,nan,nan,nan,nan,nan,nan,nan,nan,nan,,nan,0,nan,nan,nan,INITIALIZING,0.0,0.0,0.0,5.605521429641704,0,0,0,0.0,0.0,1.0,0,0,0,0,0,0,0
59,6.667410097000015,nan,nan,nan,nan,nan,nan,nan,nan,nan,nan,nan,nan,,nan,0,nan,nan,nan,INITIALIZING,0.0,0.0,0.0,94.37939554325908,0,0,0,0.0,0.0,1.0,0,0,0,0,0,0,0
60,6.819119973000056,nan,nan,nan,nan,nan,nan,nan,nan,nan,nan,nan,nan,,nan,0,nan,nan,nan,INITIALIZING,0.0,0.0,0.0,6.591528688611748,0,0,0,0.0,0.0,1.0,0,0,0,0,0,0,0
61,6.846452365000005,nan,nan,nan,nan,nan,nan,nan,nan,nan,nan,nan,nan,,nan,0,nan,nan,nan,INITIALIZING,0.0,0.0,0.0,36.58662586142798,0,0,0,0.0,0.0,1.0,0,0,0,0,0,0,0
62,6.8785419390000015,nan,nan,nan,nan,nan,nan,nan,nan,nan,nan,nan,nan,,nan,0,nan,nan,nan,INITIALIZING,0.0,0.0,0.0,31.16276956497137,0,0,0,0.0,0.0,1.0,0,0,0,0,0,0,0
63,6.913727047000066,nan,nan,nan,nan,nan,nan,nan,nan,nan,nan,nan,nan,,nan,0,nan,nan,nan,INITIALIZING,0.0,0.0,0.0,28.421114978478226,0,0,0,0.0,0.0,1.0,0,0,0,0,0,0,0
64,6.94748603000005,nan,nan,nan,nan,nan,nan,nan,nan,nan,nan,nan,nan,,nan,0,nan,nan,nan,INITIALIZING,0.0,0.0,0.0,29.621745418114827,0,0,0,0.0,0.0,1.0,0,0,0,0,0,0,0
65,6.982929633000026,nan,nan,nan,nan,nan,nan,nan,nan,nan,nan,nan,nan,,nan,0,nan,nan,nan,INITIALIZING,0.0,0.0,0.0,28.213835935378107,0,0,0,0.0,0.0,1.0,0,0,0,0,0,0,0
66,7.087281854000025,nan,nan,nan,nan,nan,nan,nan,nan,nan,nan,nan,nan,,nan,0,nan,nan,nan,INITIALIZING,0.0,0.0,0.0,9.582929720298026,0,0,0,0.0,0.0,1.0,0,0,0,0,0,0,0
67,7.113883188000045,nan,nan,nan,nan,nan,nan,nan,nan,nan,nan,nan,nan,,nan,0,nan,nan,nan,INITIALIZING,0.0,0.0,0.0,37.59209970444526,0,0,0,0.0,0.0,1.0,0,0,0,0,0,0,0
68,7.145641713000032,nan,nan,nan,nan,nan,nan,nan,nan,nan,nan,nan,nan,,nan,0,nan,nan,nan,INITIALIZING,0.0,0.0,0.0,31.487608445304797,0,0,0,0.0,0.0,1.0,0,0,0,0,0,0,0
69,7.182061271000066,nan,nan,nan,nan,nan,nan,nan,nan,nan,nan,nan,nan,,nan,0,nan,nan,nan,INITIALIZING,0.0,0.0,0.0,27.45777419921082,0,0,0,0.0,0.0,1.0,0,0,0,0,0,0,0
70,7.216000258000008,nan,nan,nan,nan,nan,nan,nan,nan,nan,nan,nan,nan,,nan,0,nan,nan,nan,INITIALIZING,0.0,0.0,0.0,29.464639000619016,0,0,0,0.0,0.0,1.0,0,0,0,0,0,0,0
71,7.250701604000028,nan,nan,nan,nan,nan,nan,nan,nan,nan,nan,nan,nan,,nan,0,nan,nan,nan,INITIALIZING,0.0,0.0,0.0,28.817325990739043,0,0,0,0.0,0.0,1.0,0,0,0,0,0,0,0
72,7.284868199000016,nan,nan,nan,nan,nan,nan,nan,nan,nan,nan,nan,nan,,nan,0,nan,nan,nan,INITIALIZING,0.0,0.0,0.0,29.268354075094553,0,0,0,0.0,0.0,1.0,0,0,0,0,0,0,0
73,7.313706194000019,nan,nan,nan,nan,nan,nan,nan,nan,nan,nan,nan,nan,,nan,0,nan,nan,nan,INITIALIZING,0.0,0.0,0.0,34.676474560727215,0,0,0,0.0,0.0,1.0,0,0,0,0,0,0,0
74,7.345979729000078,nan,nan,nan,nan,nan,nan,nan,nan,nan,nan,nan,nan,,nan,0,nan,nan,nan,INITIALIZING,0.0,0.0,0.0,30.985139991580972,0,0,0,0.0,0.0,1.0,0,0,0,0,0,0,0
75,7.404201459000092,nan,nan,nan,nan,nan,nan,nan,nan,nan,nan,nan,nan,,nan,0,nan,nan,nan,INITIALIZING,0.0,0.0,0.0,17.17571772600646,0,0,0,0.0,0.0,1.0,0,0,0,0,0,0,0
76,7.417166208000026,nan,nan,nan,nan,nan,nan,nan,nan,nan,nan,nan,nan,,nan,0,nan,nan,nan,INITIALIZING,0.0,0.0,0.0,77.13222986461749,0,0,0,0.0,0.0,1.0,0,0,0,0,0,0,0
77,7.446870471000011,nan,nan,nan,nan,nan,nan,nan,nan,nan,nan,nan,nan,,nan,0,nan,nan,nan,INITIALIZING,0.0,0.0,0.0,33.66520152344808,0,0,0,0.0,0.0,1.0,0,0,0,0,0,0,0
78,7.482150475000026,nan,nan,nan,nan,nan,nan,nan,nan,nan,nan,nan,nan,,nan,0,nan,nan,nan,INITIALIZING,0.0,0.0,0.0,28.34466798812104,0,0,0,0.0,0.0,1.0,0,0,0,0,0,0,0
79,7.513875613000096,nan,nan,nan,nan,nan,nan,nan,nan,nan,nan,nan,nan,,nan,0,nan,nan,nan,INITIALIZING,0.0,0.0,0.0,31.520745473126052,0,0,0,0.0,0.0,1.0,0,0,0,0,0,0,0
80,7.546338214000002,nan,nan,nan,nan,nan,nan,nan,nan,nan,nan,nan,nan,,nan,0,nan,nan,nan,INITIALIZING,0.0,0.0,0.0,30.804678898122805,0,0,0,0.0,0.0,1.0,0,0,0,0,0,0,0
81,7.581406442999992,nan,nan,nan,nan,nan,nan,nan,nan,nan,nan,nan,nan,,nan,0,nan,nan,nan,INITIALIZING,0.0,0.0,0.0,28.515839793343968,0,0,0,0.0,0.0,1.0,0,0,0,0,0,0,0
82,7.613554767000096,nan,nan,nan,nan,nan,nan,nan,nan,nan,nan,nan,nan,,nan,0,nan,nan,nan,INITIALIZING,0.0,0.0,0.0,31.105820633036846,0,0,0,0.0,0.0,1.0,0,0,0,0,0,0,0
83,7.649703695000085,nan,nan,nan,nan,nan,nan,nan,nan,nan,nan,nan,nan,,nan,0,nan,nan,nan,INITIALIZING,0.0,0.0,0.0,27.663337623741224,0,0,0,0.0,0.0,1.0,0,0,0,0,0,0,0
84,7.681538784000054,nan,nan,nan,nan,nan,nan,nan,nan,nan,nan,nan,nan,,nan,0,nan,nan,nan,INITIALIZING,0.0,0.0,0.0,31.41188014272448,0,0,0,0.0,0.0,1.0,0,0,0,0,0,0,0
85,7.819795197000076,nan,nan,nan,nan,nan,nan,nan,nan,nan,nan,nan,nan,,nan,0,nan,nan,nan,INITIALIZING,0.0,0.0,0.0,7.232937541926837,0,0,0,0.0,0.0,1.0,0,0,0,0,0,0,0
86,7.832420668000054,nan,nan,nan,nan,nan,nan,nan,nan,nan,nan,nan,nan,,nan,0,nan,nan,nan,INITIALIZING,0.0,0.0,0.0,79.20496589804104,0,0,0,0.0,0.0,1.0,0,0,0,0,0,0,0
87,7.8825809810000464,nan,nan,nan,nan,nan,nan,nan,nan,nan,nan,nan,nan,,nan,0,nan,nan,nan,INITIALIZING,0.0,0.0,0.0,19.93607974496006,0,0,0,0.0,0.0,1.0,0,0,0,0,0,0,0
88,7.9143906520000655,nan,nan,nan,nan,nan,nan,nan,nan,nan,nan,nan,nan,,nan,0,nan,nan,nan,INITIALIZING,0.0,0.0,0.0,31.43698028185831,0,0,0,0.0,0.0,1.0,0,0,0,0,0,0,0
89,7.950475048000044,nan,nan,nan,nan,nan,nan,nan,nan,nan,nan,nan,nan,,nan,0,nan,nan,nan,INITIALIZING,0.0,0.0,0.0,27.712809714221056,0,0,0,0.0,0.0,1.0,0,0,0,0,0,0,0
90,7.982451337000043,nan,nan,nan,nan,nan,nan,nan,nan,nan,nan,nan,nan,,nan,0,nan,nan,nan,INITIALIZING,0.0,0.0,0.0,31.273172443494705,0,0,0,0.0,0.0,1.0,0,0,0,0,0,0,0
91,8.013696049000032,nan,nan,nan,nan,nan,nan,nan,nan,nan,nan,nan,nan,,nan,0,nan,nan,nan,INITIALIZING,0.0,0.0,0.0,32.00541582845631,0,0,0,0.0,0.0,1.0,0,0,0,0,0,0,0
92,8.049866382000005,nan,nan,nan,nan,nan,nan,nan,nan,nan,nan,nan,nan,,nan,0,nan,nan,nan,INITIALIZING,0.0,0.0,0.0,27.646966921779615,0,0,0,0.0,0.0,1.0,0,0,0,0,0,0,0
93,8.081723606000082,nan,nan,nan,nan,nan,nan,nan,nan,nan,nan,nan,nan,,nan,0,nan,nan,nan,INITIALIZING,0.0,0.0,0.0,31.390054575928005,0,0,0,0.0,0.0,1.0,0,0,0,0,0,0,0
94,8.113644007000062,nan,nan,nan,nan,nan,nan,nan,nan,nan,nan,nan,nan,,nan,0,nan,nan,nan,INITIALIZING,0.0,0.0,0.0,31.32792724003203,0,0,0,0.0,0.0,1.0,0,0,0,0,0,0,0
95,8.150465239000027,nan,nan,nan,nan,nan,nan,nan,nan,nan,nan,nan,nan,,nan,0,nan,nan,nan,INITIALIZING,0.0,0.0,0.0,27.158243917556376,0,0,0,0.0,0.0,1.0,0,0,0,0,0,0,0
96,8.182479914000055,nan,nan,nan,nan,nan,nan,nan,nan,nan,nan,nan,nan,,nan,0,nan,nan,nan,INITIALIZING,0.0,0.0,0.0,31.235675514405088,0,0,0,0.0,0.0,1.0,0,0,0,0,0,0,0
97,8.218375658000014,nan,nan,nan,nan,nan,nan,nan,nan,nan,nan,nan,nan,,nan,0,nan,nan,nan,INITIALIZING,0.0,0.0,0.0,27.85845586599779,0,0,0,0.0,0.0,1.0,0,0,0,0,0,0,0
98,8.249703964000105,nan,nan,nan,nan,nan,nan,nan,nan,nan,nan,nan,nan,,nan,0,nan,nan,nan,INITIALIZING,0.0,0.0,0.0,31.920015081475714,0,0,0,0.0,0.0,1.0,0,0,0,0,0,0,0
99,8.282615324000062,nan,nan,nan,nan,nan,nan,nan,nan,nan,nan,nan,nan,,nan,0,nan,nan,nan,INITIALIZING,0.0,0.0,0.0,30.384645301844014,0,0,0,0.0,0.0,1.0,0,0,0,0,0,0,0
100,8.318439556000044,nan,nan,nan,nan,nan,nan,nan,nan,nan,nan,nan,nan,,nan,0,nan,nan,nan,INITIALIZING,0.0,0.0,0.0,27.914066657465526,0,0,0,0.0,0.0,1.0,0,0,0,0,0,0,0
101,8.350511107000102,nan,nan,nan,nan,nan,nan,nan,nan,nan,nan,nan,nan,,nan,0,nan,nan,nan,INITIALIZING,0.0,0.0,0.0,31.18028186407901,0,0,0,0.0,0.0,1.0,0,0,0,0,0,0,0
102,8.382582241000023,nan,nan,nan,nan,nan,nan,nan,nan,nan,nan,nan,nan,,nan,0,nan,nan,nan,INITIALIZING,0.0,0.0,0.0,31.180687281044488,0,0,0,0.0,0.0,1.0,0,0,0,0,0,0,0
103,8.417840941000009,nan,nan,nan,nan,nan,nan,nan,nan,nan,nan,nan,nan,,nan,0,nan,nan,nan,INITIALIZING,0.0,0.0,0.0,28.36179439401917,0,0,0,0.0,0.0,1.0,0,0,0,0,0,0,0
104,8.449907074000066,nan,nan,nan,nan,nan,nan,nan,nan,nan,nan,nan,nan,,nan,0,nan,nan,nan,INITIALIZING,0.0,0.0,0.0,31.185550187738723,0,0,0,0.0,0.0,1.0,0,0,0,0,0,0,0
105,8.481814455000062,nan,nan,nan,nan,nan,nan,nan,nan,nan,nan,nan,nan,,nan,0,nan,nan,nan,INITIALIZING,0.0,0.0,0.0,31.34071079040033,0,0,0,0.0,0.0,1.0,0,0,0,0,0,0,0
106,8.517632906000017,nan,nan,nan,nan,nan,nan,nan,nan,nan,nan,nan,nan,,nan,0,nan,nan,nan,INITIALIZING,0.0,0.0,0.0,27.91857191147844,0,0,0,0.0,0.0,1.0,0,0,0,0,0,0,0
107,8.549702946000025,nan,nan,nan,nan,nan,nan,nan,nan,nan,nan,nan,nan,,nan,0,nan,nan,nan,INITIALIZING,0.0,0.0,0.0,31.181750942616752,0,0,0,0.0,0.0,1.0,0,0,0,0,0,0,0
108,8.582629618000055,nan,nan,nan,nan,nan,nan,nan,nan,nan,nan,nan,nan,,nan,0,nan,nan,nan,INITIALIZING,0.0,0.0,0.0,30.370515428922577,0,0,0,0.0,0.0,1.0,0,0,0,0,0,0,0
109,8.61812769800008,nan,nan,nan,nan,nan,nan,nan,nan,nan,nan,nan,nan,,nan,0,nan,nan,nan,INITIALIZING,0.0,0.0,0.0,28.17053767413054,0,0,0,0.0,0.0,1.0,0,0,0,0,0,0,0
110,8.650476025000103,nan,nan,nan,nan,nan,nan,nan,nan,nan,nan,nan,nan,,nan,0,nan,nan,nan,INITIALIZING,0.0,0.0,0.0,30.913499792409866,0,0,0,0.0,0.0,1.0,0,0,0,0,0,0,0
111,8.68260783800008,nan,nan,nan,nan,nan,nan,nan,nan,nan,nan,nan,nan,,nan,0,nan,nan,nan,INITIALIZING,0.0,0.0,0.0,31.121804424813515,0,0,0,0.0,0.0,1.0,0,0,0,0,0,0,0
112,8.733733377000021,nan,nan,nan,nan,nan,nan,nan,nan,nan,nan,nan,nan,,nan,0,nan,nan,nan,INITIALIZING,0.0,0.0,0.0,19.559695986797575,0,0,0,0.0,0.0,1.0,0,0,0,0,0,0,0
113,8.749839648000034,nan,nan,nan,nan,nan,nan,nan,nan,nan,nan,nan,nan,,nan,0,nan,nan,nan,INITIALIZING,0.0,0.0,0.0,62.08761792218888,0,0,0,0.0,0.0,1.0,0,0,0,0,0,0,0
114,8.786443064000082,nan,nan,nan,nan,nan,nan,nan,nan,nan,nan,nan,nan,,nan,0,nan,nan,nan,INITIALIZING,0.0,0.0,0.0,27.319854518460385,0,0,0,0.0,0.0,1.0,0,0,0,0,0,0,0
115,8.818382320000069,nan,nan,nan,nan,nan,nan,nan,nan,nan,nan,nan,nan,,nan,0,nan,nan,nan,INITIALIZING,0.0,0.0,0.0,31.309433131454576,0,0,0,0.0,0.0,1.0,0,0,0,0,0,0,0
116,8.850476423000032,nan,nan,nan,nan,nan,nan,nan,nan,nan,nan,nan,nan,,nan,0,nan,nan,nan,INITIALIZING,0.0,0.0,0.0,31.158371991301664,0,0,0,0.0,0.0,1.0,0,0,0,0,0,0,0
117,8.886222841000063,nan,nan,nan,nan,nan,nan,nan,nan,nan,nan,nan,nan,,nan,0,nan,nan,nan,INITIALIZING,0.0,0.0,0.0,27.974830932686533,0,0,0,0.0,0.0,1.0,0,0,0,0,0,0,0
118,8.918023032000065,nan,nan,nan,nan,nan,nan,nan,nan,nan,nan,nan,nan,,nan,0,nan,nan,nan,INITIALIZING,0.0,0.0,0.0,31.446352004613253,0,0,0,0.0,0.0,1.0,0,0,0,0,0,0,0
119,8.950503549000018,nan,nan,nan,nan,nan,nan,nan,nan,nan,nan,nan,nan,,nan,0,nan,nan,nan,INITIALIZING,0.0,0.0,0.0,30.7876872773124,0,0,0,0.0,0.0,1.0,0,0,0,0,0,0,0
120,9.001150015999997,nan,nan,nan,nan,nan,nan,nan,nan,nan,nan,nan,nan,,nan,0,nan,nan,nan,INITIALIZING,0.0,0.0,0.0,19.74471388103777,0,0,0,0.0,0.0,1.0,0,0,0,0,0,0,0
121,9.017815414000097,nan,nan,nan,nan,nan,nan,nan,nan,nan,nan,nan,nan,,nan,0,nan,nan,nan,INITIALIZING,0.0,0.0,0.0,60.00456754732117,0,0,0,0.0,0.0,1.0,0,0,0,0,0,0,0
122,9.049666074000015,nan,nan,nan,nan,nan,nan,nan,nan,nan,nan,nan,nan,,nan,0,nan,nan,nan,INITIALIZING,0.0,0.0,0.0,31.39652365139586,0,0,0,0.0,0.0,1.0,0,0,0,0,0,0,0
123,9.08563567200008,nan,nan,nan,nan,nan,nan,nan,nan,nan,nan,nan,nan,,nan,0,nan,nan,nan,INITIALIZING,0.0,0.0,0.0,27.801255938367408,0,0,0,0.0,0.0,1.0,0,0,0,0,0,0,0
124,9.117668263000041,nan,nan,nan,nan,nan,nan,nan,nan,nan,nan,nan,nan,,nan,0,nan,nan,nan,INITIALIZING,0.0,0.0,0.0,31.218205233576533,0,0,0,0.0,0.0,1.0,0,0,0,0,0,0,0
125,9.149674498000081,nan,nan,nan,nan,nan,nan,nan,nan,nan,nan,nan,nan,,nan,0,nan,nan,nan,INITIALIZING,0.0,0.0,0.0,31.243912318920202,0,0,0,0.0,0.0,1.0,0,0,0,0,0,0,0
126,9.185358987000086,nan,nan,nan,nan,nan,nan,nan,nan,nan,nan,nan,nan,,nan,0,nan,nan,nan,INITIALIZING,0.0,0.0,0.0,28.023380130225952,0,0,0,0.0,0.0,1.0,0,0,0,0,0,0,0
127,9.21825977200001,nan,nan,nan,nan,nan,nan,nan,nan,nan,nan,nan,nan,,nan,0,nan,nan,nan,INITIALIZING,0.0,0.0,0.0,30.39441156198249,0,0,0,0.0,0.0,1.0,0,0,0,0,0,0,0
128,9.25015001600002,nan,nan,nan,nan,nan,nan,nan,nan,nan,nan,nan,nan,,nan,0,nan,nan,nan,INITIALIZING,0.0,0.0,0.0,31.35755248532062,0,0,0,0.0,0.0,1.0,0,0,0,0,0,0,0
129,9.2860853950001,nan,nan,nan,nan,nan,nan,nan,nan,nan,nan,nan,nan,,nan,0,nan,nan,nan,INITIALIZING,0.0,0.0,0.0,27.827729324846835,0,0,0,0.0,0.0,1.0,0,0,0,0,0,0,0
130,9.318166528000006,nan,nan,nan,nan,nan,nan,nan,nan,nan,nan,nan,nan,,nan,0,nan,nan,nan,INITIALIZING,0.0,0.0,0.0,31.170968930646247,0,0,0,0.0,0.0,1.0,0,0,0,0,0,0,0
131,9.353385537999998,nan,nan,nan,nan,nan,nan,nan,nan,nan,nan,nan,nan,,nan,0,nan,nan,nan,INITIALIZING,0.0,0.0,0.0,28.39375666721575,0,0,0,0.0,0.0,1.0,0,0,0,0,0,0,0
132,9.385999703000039,nan,nan,nan,nan,nan,nan,nan,nan,nan,nan,nan,nan,,nan,0,nan,nan,nan,INITIALIZING,0.0,0.0,0.0,30.66152391142764,0,0,0,0.0,0.0,1.0,0,0,0,0,0,0,0
133,9.418089117000022,nan,nan,nan,nan,nan,nan,nan,nan,nan,nan,nan,nan,,nan,0,nan,nan,nan,INITIALIZING,0.0,0.0,0.0,31.16292494467207,0,0,0,0.0,0.0,1.0,0,0,0,0,0,0,0
134,9.454327211000077,nan,nan,nan,nan,nan,nan,nan,nan,nan,nan,nan,nan,,nan,0,nan,nan,nan,INITIALIZING,0.0,0.0,0.0,27.595270325158012,0,0,0,0.0,0.0,1.0,0,0,0,0,0,0,0
135,9.487172422000071,nan,nan,nan,nan,nan,nan,nan,nan,nan,nan,nan,nan,,nan,0,nan,nan,nan,INITIALIZING,0.0,0.0,0.0,30.44583881650726,0,0,0,0.0,0.0,1.0,0,0,0,0,0,0,0
136,9.518410256000038,nan,nan,nan,nan,nan,nan,nan,nan,nan,nan,nan,nan,,nan,0,nan,nan,nan,INITIALIZING,0.0,0.0,0.0,32.01246283596558,0,0,0,0.0,0.0,1.0,0,0,0,0,0,0,0
137,9.55430277000005,nan,nan,nan,nan,nan,nan,nan,nan,nan,nan,nan,nan,,nan,0,nan,nan,nan,INITIALIZING,0.0,0.0,0.0,27.860962873753916,0,0,0,0.0,0.0,1.0,0,0,0,0,0,0,0
138,9.58641031000002,nan,nan,nan,nan,nan,nan,nan,nan,nan,nan,nan,nan,,nan,0,nan,nan,nan,INITIALIZING,0.0,0.0,0.0,31.14533221794431,0,0,0,0.0,0.0,1.0,0,0,0,0,0,0,0
139,9.643916604000083,nan,nan,nan,nan,nan,nan,nan,nan,nan,nan,nan,nan,,nan,0,nan,nan,nan,INITIALIZING,0.0,0.0,0.0,17.38940088886438,0,0,0,0.0,0.0,1.0,0,0,0,0,0,0,0
140,9.657510011,nan,nan,nan,nan,nan,nan,nan,nan,nan,nan,nan,nan,,nan,0,nan,nan,nan,INITIALIZING,0.0,0.0,0.0,73.56507459874729,0,0,0,0.0,0.0,1.0,0,0,0,0,0,0,0
141,9.686066487000062,nan,nan,nan,nan,nan,nan,nan,nan,nan,nan,nan,nan,,nan,0,nan,nan,nan,INITIALIZING,0.0,0.0,0.0,35.018326490909146,0,0,0,0.0,0.0,1.0,0,0,0,0,0,0,0
142,9.71791772000006,nan,nan,nan,nan,nan,nan,nan,nan,nan,nan,nan,nan,,nan,0,nan,nan,nan,INITIALIZING,0.0,0.0,0.0,31.39595883148623,0,0,0,0.0,0.0,1.0,0,0,0,0,0,0,0
143,9.753860443000008,nan,nan,nan,nan,nan,nan,nan,nan,nan,nan,nan,nan,,nan,0,nan,nan,nan,INITIALIZING,0.0,0.0,0.0,27.822043421736275,0,0,0,0.0,0.0,1.0,0,0,0,0,0,0,0
144,9.785858553000025,nan,nan,nan,nan,nan,nan,nan,nan,nan,nan,nan,nan,,nan,0,nan,nan,nan,INITIALIZING,0.0,0.0,0.0,31.25184581212596,0,0,0,0.0,0.0,1.0,0,0,0,0,0,0,0
145,9.817952289999994,nan,nan,nan,nan,nan,nan,nan,nan,nan,nan,nan,nan,,nan,0,nan,nan,nan,INITIALIZING,0.0,0.0,0.0,31.1587273243059,0,0,0,0.0,0.0,1.0,0,0,0,0,0,0,0
146,9.853855950000025,nan,nan,nan,nan,nan,nan,nan,nan,nan,nan,nan,nan,,nan,0,nan,nan,nan,INITIALIZING,0.0,0.0,0.0,27.852313663819796,0,0,0,0.0,0.0,1.0,0,0,0,0,0,0,0
147,9.885659630000077,nan,nan,nan,nan,nan,nan,nan,nan,nan,nan,nan,nan,,nan,0,nan,nan,nan,INITIALIZING,0.0,0.0,0.0,31.442902204975706,0,0,0,0.0,0.0,1.0,0,0,0,0,0,0,0
148,9.92143167200004,nan,nan,nan,nan,nan,nan,nan,nan,nan,nan,nan,nan,,nan,0,nan,nan,nan,INITIALIZING,0.0,0.0,0.0,27.95479218102935,0,0,0,0.0,0.0,1.0,0,0,0,0,0,0,0
149,9.953953908000017,nan,nan,nan,nan,nan,nan,nan,nan,nan,nan,nan,nan,,nan,0,nan,nan,nan,INITIALIZING,0.0,0.0,0.0,30.748193328426296,0,0,0,0.0,0.0,1.0,0,0,0,0,0,0,0
150,9.98662958400007,nan,nan,nan,nan,nan,nan,nan,nan,nan,nan,nan,nan,,nan,0,nan,nan,nan,INITIALIZING,0.0,0.0,0.0,30.60380449354323,0,0,0,0.0,0.0,1.0,0,0,0,0,0,0,0
151,10.022023963000038,nan,nan,nan,nan,nan,nan,nan,nan,nan,nan,nan,nan,,nan,0,nan,nan,nan,INITIALIZING,0.0,0.0,0.0,28.253073743740966,0,0,0,0.0,0.0,1.0,0,0,0,0,0,0,0
152,10.054136397000093,nan,nan,nan,nan,nan,nan,nan,nan,nan,nan,nan,nan,,nan,0,nan,nan,nan,INITIALIZING,0.0,0.0,0.0,31.14058560613259,0,0,0,0.0,0.0,1.0,0,0,0,0,0,0,0
153,10.086172268000041,nan,nan,nan,nan,nan,nan,nan,nan,nan,nan,nan,nan,,nan,0,nan,nan,nan,INITIALIZING,0.0,0.0,0.0,31.215008950486062,0,0,0,0.0,0.0,1.0,0,0,0,0,0,0,0
154,10.121806285000048,nan,nan,nan,nan,nan,nan,nan,nan,nan,nan,nan,nan,,nan,0,nan,nan,nan,INITIALIZING,0.0,0.0,0.0,28.0630724287922,0,0,0,0.0,0.0,1.0,0,0,0,0,0,0,0
155,10.1541667460001,nan,nan,nan,nan,nan,nan,nan,nan,nan,nan,nan,nan,,nan,0,nan,nan,nan,INITIALIZING,0.0,0.0,0.0,30.901908350389796,0,0,0,0.0,0.0,1.0,0,0,0,0,0,0,0
156,10.222932958000001,nan,nan,nan,nan,nan,nan,nan,nan,nan,nan,nan,nan,,nan,0,nan,nan,nan,INITIALIZING,0.0,0.0,0.0,14.54202537725138,0,0,0,0.0,0.0,1.0,0,0,0,0,0,0,0
157,10.254020163000064,nan,nan,nan,nan,nan,nan,nan,nan,nan,nan,nan,nan,,nan,0,nan,nan,nan,INITIALIZING,0.0,0.0,0.0,32.16757505211508,0,0,0,0.0,0.0,1.0,0,0,0,0,0,0,0
158,10.286532762000093,nan,nan,nan,nan,nan,nan,nan,nan,nan,nan,nan,nan,,nan,0,nan,nan,nan,INITIALIZING,0.0,0.0,0.0,30.75730734411957,0,0,0,0.0,0.0,1.0,0,0,0,0,0,0,0
159,10.32248610900001,nan,nan,nan,nan,nan,nan,nan,nan,nan,nan,nan,nan,,nan,0,nan,nan,nan,INITIALIZING,0.0,0.0,0.0,27.813822173559696,0,0,0,0.0,0.0,1.0,0,0,0,0,0,0,0
160,10.354611357000067,nan,nan,nan,nan,nan,nan,nan,nan,nan,nan,nan,nan,,nan,0,nan,nan,nan,INITIALIZING,0.0,0.0,0.0,31.128164364621743,0,0,0,0.0,0.0,1.0,0,0,0,0,0,0,0
161,10.385863200000017,nan,nan,nan,nan,nan,nan,nan,nan,nan,nan,nan,nan,,nan,0,nan,nan,nan,INITIALIZING,0.0,0.0,0.0,31.99811287934604,0,0,0,0.0,0.0,1.0,0,0,0,0,0,0,0
162,10.422516040999994,nan,nan,nan,nan,nan,nan,nan,nan,nan,nan,nan,nan,,nan,0,nan,nan,nan,INITIALIZING,0.0,0.0,0.0,27.283014705479943,0,0,0,0.0,0.0,1.0,0,0,0,0,0,0,0
163,10.454631027999994,nan,nan,nan,nan,nan,nan,nan,nan,nan,nan,nan,nan,,nan,0,nan,nan,nan,INITIALIZING,0.0,0.0,0.0,31.138110066804707,0,0,0,0.0,0.0,1.0,0,0,0,0,0,0,0
164,10.485894590000044,nan,nan,nan,nan,nan,nan,nan,nan,nan,nan,nan,nan,,nan,0,nan,nan,nan,INITIALIZING,0.0,0.0,0.0,31.986118536282785,0,0,0,0.0,0.0,1.0,0,0,0,0,0,0,0
165,10.522472638000067,nan,nan,nan,nan,nan,nan,nan,nan,nan,nan,nan,nan,,nan,0,nan,nan,nan,INITIALIZING,0.0,0.0,0.0,27.338801676878578,0,0,0,0.0,0.0,1.0,0,0,0,0,0,0,0
166,10.55366609500004,nan,nan,nan,nan,nan,nan,nan,nan,nan,nan,nan,nan,,nan,0,nan,nan,nan,INITIALIZING,0.0,0.0,0.0,32.05800498485608,0,0,0,0.0,0.0,1.0,0,0,0,0,0,0,0
167,10.589892989000077,nan,nan,nan,nan,nan,nan,nan,nan,nan,nan,nan,nan,,nan,0,nan,nan,nan,INITIALIZING,0.0,0.0,0.0,27.603801750129637,0,0,0,0.0,0.0,1.0,0,0,0,0,0,0,0
168,10.62248777700006,nan,nan,nan,nan,nan,nan,nan,nan,nan,nan,nan,nan,,nan,0,nan,nan,nan,INITIALIZING,0.0,0.0,0.0,30.67975162165558,0,0,0,0.0,0.0,1.0,0,0,0,0,0,0,0
169,10.654637765000075,nan,nan,nan,nan,nan,nan,nan,nan,nan,nan,nan,nan,,nan,0,nan,nan,nan,INITIALIZING,0.0,0.0,0.0,31.104210676518562,0,0,0,0.0,0.0,1.0,0,0,0,0,0,0,0
170,10.68963885300002,nan,nan,nan,nan,nan,nan,nan,nan,nan,nan,nan,nan,,nan,0,nan,nan,nan,INITIALIZING,0.0,0.0,0.0,28.5705404358169,0,0,0,0.0,0.0,1.0,0,0,0,0,0,0,0
171,10.722603961000004,nan,nan,nan,nan,nan,nan,nan,nan,nan,nan,nan,nan,,nan,0,nan,nan,nan,INITIALIZING,0.0,0.0,0.0,30.335104620329442,0,0,0,0.0,0.0,1.0,0,0,0,0,0,0,0
172,10.754187113000057,nan,nan,nan,nan,nan,nan,nan,nan,nan,nan,nan,nan,,nan,0,nan,nan,nan,INITIALIZING,0.0,0.0,0.0,31.66245091681555,0,0,0,0.0,0.0,1.0,0,0,0,0,0,0,0
173,10.789830402000007,nan,nan,nan,nan,nan,nan,nan,nan,nan,nan,nan,nan,,nan,0,nan,nan,nan,INITIALIZING,0.0,0.0,0.0,28.055772294229456,0,0,0,0.0,0.0,1.0,0,0,0,0,0,0,0
174,10.821759239000016,nan,nan,nan,nan,nan,nan,nan,nan,nan,nan,nan,nan,,nan,0,nan,nan,nan,INITIALIZING,0.0,0.0,0.0,31.319650007913005,0,0,0,0.0,0.0,1.0,0,0,0,0,0,0,0
175,10.85382344300001,nan,nan,nan,nan,nan,nan,nan,nan,nan,nan,nan,nan,,nan,0,nan,nan,nan,INITIALIZING,0.0,0.0,0.0,31.187426327508113,0,0,0,0.0,0.0,1.0,0,0,0,0,0,0,0
176,10.889671840000005,nan,nan,nan,nan,nan,nan,nan,nan,nan,nan,nan,nan,,nan,0,nan,nan,nan,INITIALIZING,0.0,0.0,0.0,27.895250100029127,0,0,0,0.0,0.0,1.0,0,0,0,0,0,0,0
177,10.92256434300009,nan,nan,nan,nan,nan,nan,nan,nan,nan,nan,nan,nan,,nan,0,nan,nan,nan,INITIALIZING,0.0,0.0,0.0,30.402064567644107,0,0,0,0.0,0.0,1.0,0,0,0,0,0,0,0
178,20.949811029000102,nan,nan,nan,nan,nan,nan,nan,nan,nan,nan,nan,nan,,nan,0,nan,nan,nan,INITIALIZING,0.0,0.0,0.0,0.09972827350464955,0,0,0,0.0,0.0,1.0,0,0,0,0,0,0,0
179,20.96128001200009,nan,nan,nan,nan,nan,nan,nan,nan,nan,nan,nan,nan,,nan,0,nan,nan,nan,INITIALIZING,0.0,0.0,0.0,87.19168909756088,0,0,0,0.0,0.0,1.0,0,0,0,0,0,0,0
180,21.76269444400009,nan,nan,nan,nan,nan,nan,nan,nan,nan,nan,nan,nan,,nan,0,nan,nan,nan,INITIALIZING,0.0,0.0,0.0,1.2477938505604529,0,0,0,0.0,0.0,1.0,0,0,0,0,0,0,0
181,21.781902802000104,nan,nan,nan,nan,nan,nan,nan,nan,nan,nan,nan,nan,,nan,0,nan,nan,nan,INITIALIZING,0.0,0.0,0.0,52.06067067259209,0,0,0,0.0,0.0,1.0,0,0,0,0,0,0,0
182,21.814154237000025,nan,nan,nan,nan,nan,nan,nan,nan,nan,nan,nan,nan,,nan,0,nan,nan,nan,INITIALIZING,0.0,0.0,0.0,31.00637227467396,0,0,0,0.0,0.0,1.0,0,0,0,0,0,0,0
183,21.845854411999994,nan,nan,nan,nan,nan,nan,nan,nan,nan,nan,nan,nan,,nan,0,nan,nan,nan,INITIALIZING,0.0,0.0,0.0,31.54556717749909,0,0,0,0.0,0.0,1.0,0,0,0,0,0,0,0
184,21.88324220100003,nan,nan,nan,nan,nan,nan,nan,nan,nan,nan,nan,nan,,nan,0,nan,nan,nan,INITIALIZING,0.0,0.0,0.0,26.746700640656826,0,0,0,0.0,0.0,1.0,0,0,0,0,0,0,0
185,21.914322362999997,nan,nan,nan,nan,nan,nan,nan,nan,nan,nan,nan,nan,,nan,0,nan,nan,nan,INITIALIZING,0.0,0.0,0.0,32.17486446824429,0,0,0,0.0,0.0,1.0,0,0,0,0,0,0,0
186,21.948927647999994,nan,nan,nan,nan,nan,nan,nan,nan,nan,nan,nan,nan,,nan,0,nan,nan,nan,INITIALIZING,0.0,0.0,0.0,28.89732016367046,0,0,0,0.0,0.0,1.0,0,0,0,0,0,0,0
187,21.98356069400006,nan,nan,nan,nan,nan,nan,nan,nan,nan,nan,nan,nan,,nan,0,nan,nan,nan,INITIALIZING,0.0,0.0,0.0,28.874156780724945,0,0,0,0.0,0.0,1.0,0,0,0,0,0,0,0
188,22.014291786000058,nan,nan,nan,nan,nan,nan,nan,nan,nan,nan,nan,nan,,nan,0,nan,nan,nan,INITIALIZING,0.0,0.0,0.0,32.54033406948633,0,0,0,0.0,0.0,1.0,0,0,0,0,0,0,0
189,22.045934406000015,nan,nan,nan,nan,nan,nan,nan,nan,nan,nan,nan,nan,,nan,0,nan,nan,nan,INITIALIZING,0.0,0.0,0.0,31.60294564740097,0,0,0,0.0,0.0,1.0,0,0,0,0,0,0,0
190,22.081764453999995,nan,nan,nan,nan,nan,nan,nan,nan,nan,nan,nan,nan,,nan,0,nan,nan,nan,INITIALIZING,0.0,0.0,0.0,27.909535594274498,0,0,0,0.0,0.0,1.0,0,0,0,0,0,0,0
191,22.113889844000028,nan,nan,nan,nan,nan,nan,nan,nan,nan,nan,nan,nan,,nan,0,nan,nan,nan,INITIALIZING,0.0,0.0,0.0,31.128026772561395,0,0,0,0.0,0.0,1.0,0,0,0,0,0,0,0
192,22.145808824000028,nan,nan,nan,nan,nan,nan,nan,nan,nan,nan,nan,nan,,nan,0,nan,nan,nan,INITIALIZING,0.0,0.0,0.0,31.32932192695344,0,0,0,0.0,0.0,1.0,0,0,0,0,0,0,0
193,22.18209846500008,nan,nan,nan,nan,nan,nan,nan,nan,nan,nan,nan,nan,,nan,0,nan,nan,nan,INITIALIZING,0.0,0.0,0.0,27.556073095309433,0,0,0,0.0,0.0,1.0,0,0,0,0,0,0,0
194,22.21390551500008,nan,nan,nan,nan,nan,nan,nan,nan,nan,nan,nan,nan,,nan,0,nan,nan,nan,INITIALIZING,0.0,0.0,0.0,31.43957078698197,0,0,0,0.0,0.0,1.0,0,0,0,0,0,0,0
195,22.249892337999995,nan,nan,nan,nan,nan,nan,nan,nan,nan,nan,nan,nan,,nan,0,nan,nan,nan,INITIALIZING,0.0,0.0,0.0,27.78794893904138,0,0,0,0.0,0.0,1.0,0,0,0,0,0,0,0
196,22.282603676999997,nan,nan,nan,nan,nan,nan,nan,nan,nan,nan,nan,nan,,nan,0,nan,nan,nan,INITIALIZING,0.0,0.0,0.0,30.570439198466683,0,0,0,0.0,0.0,1.0,0,0,0,0,0,0,0
197,22.313825038000004,nan,nan,nan,nan,nan,nan,nan,nan,nan,nan,nan,nan,,nan,0,nan,nan,nan,INITIALIZING,0.0,0.0,0.0,32.029353236707735,0,0,0,0.0,0.0,1.0,0,0,0,0,0,0,0
198,22.35194919500009,nan,nan,nan,nan,nan,nan,nan,nan,nan,nan,nan,nan,,nan,0,nan,nan,nan,INITIALIZING,0.0,0.0,0.0,26.230088182613457,0,0,0,0.0,0.0,1.0,0,0,0,0,0,0,0
199,22.38376827700006,nan,nan,nan,nan,nan,nan,nan,nan,nan,nan,nan,nan,,nan,0,nan,nan,nan,INITIALIZING,0.0,0.0,0.0,31.42768229457229,0,0,0,0.0,0.0,1.0,0,0,0,0,0,0,0
200,22.429741604000014,nan,nan,nan,nan,nan,nan,nan,nan,nan,nan,nan,nan,,nan,0,nan,nan,nan,INITIALIZING,0.0,0.0,0.0,21.751743135774277,0,0,0,0.0,0.0,1.0,0,0,0,0,0,0,0
201,22.45569707700008,nan,nan,nan,nan,nan,nan,nan,nan,nan,nan,nan,nan,,nan,0,nan,nan,nan,INITIALIZING,0.0,0.0,0.0,38.527519802756345,0,0,0,0.0,0.0,1.0,0,0,0,0,0,0,0
202,22.483188831999996,nan,nan,nan,nan,nan,nan,nan,nan,nan,nan,nan,nan,,nan,0,nan,nan,nan,INITIALIZING,0.0,0.0,0.0,36.37454211283017,0,0,0,0.0,0.0,1.0,0,0,0,0,0,0,0
203,22.514663636000023,nan,nan,nan,nan,nan,nan,nan,nan,nan,nan,nan,nan,,nan,0,nan,nan,nan,INITIALIZING,0.0,0.0,0.0,31.77144486742949,0,0,0,0.0,0.0,1.0,0,0,0,0,0,0,0
204,22.55042482800002,nan,nan,nan,nan,nan,nan,nan,nan,nan,nan,nan,nan,,nan,0,nan,nan,nan,INITIALIZING,0.0,0.0,0.0,27.963273707434833,0,0,0,0.0,0.0,1.0,0,0,0,0,0,0,0
205,22.584254576000035,nan,nan,nan,nan,nan,nan,nan,nan,nan,nan,nan,nan,,nan,0,nan,nan,nan,INITIALIZING,0.0,0.0,0.0,29.559782709570076,0,0,0,0.0,0.0,1.0,0,0,0,0,0,0,0
206,22.618133491000094,nan,nan,nan,nan,nan,nan,nan,nan,nan,nan,nan,nan,,nan,0,nan,nan,nan,INITIALIZING,0.0,0.0,0.0,29.516883878903684,0,0,0,0.0,0.0,1.0,0,0,0,0,0,0,0
207,22.652914820000092,nan,nan,nan,nan,nan,nan,nan,nan,nan,nan,nan,nan,,nan,0,nan,nan,nan,INITIALIZING,0.0,0.0,0.0,28.75105778735677,0,0,0,0.0,0.0,1.0,0,0,0,0,0,0,0
208,22.68267542300009,nan,nan,nan,nan,nan,nan,nan,nan,nan,nan,nan,nan,,nan,0,nan,nan,nan,INITIALIZING,0.0,0.0,0.0,33.60146970140388,0,0,0,0.0,0.0,1.0,0,0,0,0,0,0,0
209,22.71826536200001,nan,nan,nan,nan,nan,nan,nan,nan,nan,nan,nan,nan,,nan,0,nan,nan,nan,INITIALIZING,0.0,0.0,0.0,28.097828434105008,0,0,0,0.0,0.0,1.0,0,0,0,0,0,0,0
210,22.751598537000064,nan,nan,nan,nan,nan,nan,nan,nan,nan,nan,nan,nan,,nan,0,nan,nan,nan,INITIALIZING,0.0,0.0,0.0,30.00014250062962,0,0,0,0.0,0.0,1.0,0,0,0,0,0,0,0
211,22.782124259000057,nan,nan,nan,nan,nan,nan,nan,nan,nan,nan,nan,nan,,nan,0,nan,nan,nan,INITIALIZING,0.0,0.0,0.0,32.75925791371054,0,0,0,0.0,0.0,1.0,0,0,0,0,0,0,0
212,22.818406087000085,nan,nan,nan,nan,nan,nan,nan,nan,nan,nan,nan,nan,,nan,0,nan,nan,nan,INITIALIZING,0.0,0.0,0.0,27.562007074153463,0,0,0,0.0,0.0,1.0,0,0,0,0,0,0,0
213,22.850855651000074,nan,nan,nan,nan,nan,nan,nan,nan,nan,nan,nan,nan,,nan,0,nan,nan,nan,INITIALIZING,0.0,0.0,0.0,30.81705504580345,0,0,0,0.0,0.0,1.0,0,0,0,0,0,0,0
214,22.88241988300001,nan,nan,nan,nan,nan,nan,nan,nan,nan,nan,nan,nan,,nan,0,nan,nan,nan,INITIALIZING,0.0,0.0,0.0,31.68142979059326,0,0,0,0.0,0.0,1.0,0,0,0,0,0,0,0
215,22.919128335000096,nan,nan,nan,nan,nan,nan,nan,nan,nan,nan,nan,nan,,nan,0,nan,nan,nan,INITIALIZING,0.0,0.0,0.0,27.24168265111533,0,0,0,0.0,0.0,1.0,0,0,0,0,0,0,0
216,22.950502251000103,nan,nan,nan,nan,nan,nan,nan,nan,nan,nan,nan,nan,,nan,0,nan,nan,nan,INITIALIZING,0.0,0.0,0.0,31.873611187069613,0,0,0,0.0,0.0,1.0,0,0,0,0,0,0,0
217,22.981948149000004,nan,nan,nan,nan,nan,nan,nan,nan,nan,nan,nan,nan,,nan,0,nan,nan,nan,INITIALIZING,0.0,0.0,0.0,31.80065011987018,0,0,0,0.0,0.0,1.0,0,0,0,0,0,0,0
218,23.01828242600004,nan,nan,nan,nan,nan,nan,nan,nan,nan,nan,nan,nan,,nan,0,nan,nan,nan,INITIALIZING,0.0,0.0,0.0,27.522220959535694,0,0,0,0.0,0.0,1.0,0,0,0,0,0,0,0
219,23.050352189000023,nan,nan,nan,nan,nan,nan,nan,nan,nan,nan,nan,nan,,nan,0,nan,nan,nan,INITIALIZING,0.0,0.0,0.0,31.182020272509728,0,0,0,0.0,0.0,1.0,0,0,0,0,0,0,0
220,23.08231898100007,nan,nan,nan,nan,nan,nan,nan,nan,nan,nan,nan,nan,,nan,0,nan,nan,nan,INITIALIZING,0.0,0.0,0.0,31.28246337632149,0,0,0,0.0,0.0,1.0,0,0,0,0,0,0,0
221,23.118575860000078,nan,nan,nan,nan,nan,nan,nan,nan,nan,nan,nan,nan,,nan,0,nan,nan,nan,INITIALIZING,0.0,0.0,0.0,27.580972978943144,0,0,0,0.0,0.0,1.0,0,0,0,0,0,0,0
222,23.150673852000068,nan,nan,nan,nan,nan,nan,nan,nan,nan,nan,nan,nan,,nan,0,nan,nan,nan,INITIALIZING,0.0,0.0,0.0,31.154596835849183,0,0,0,0.0,0.0,1.0,0,0,0,0,0,0,0
223,23.183123310000042,nan,nan,nan,nan,nan,nan,nan,nan,nan,nan,nan,nan,,nan,0,nan,nan,nan,INITIALIZING,0.0,0.0,0.0,30.81715571338083,0,0,0,0.0,0.0,1.0,0,0,0,0,0,0,0
224,23.218622830000072,nan,nan,nan,nan,nan,nan,nan,nan,nan,nan,nan,nan,,nan,0,nan,nan,nan,INITIALIZING,0.0,0.0,0.0,28.169394966443097,0,0,0,0.0,0.0,1.0,0,0,0,0,0,0,0
225,23.249980339000103,nan,nan,nan,nan,nan,nan,nan,nan,nan,nan,nan,nan,,nan,0,nan,nan,nan,INITIALIZING,0.0,0.0,0.0,31.890288224074222,0,0,0,0.0,0.0,1.0,0,0,0,0,0,0,0
226,23.283012309000014,nan,nan,nan,nan,nan,nan,nan,nan,nan,nan,nan,nan,,nan,0,nan,nan,nan,INITIALIZING,0.0,0.0,0.0,30.273701508045033,0,0,0,0.0,0.0,1.0,0,0,0,0,0,0,0
227,23.31812025800002,nan,nan,nan,nan,nan,nan,nan,nan,nan,nan,nan,nan,,nan,0,nan,nan,nan,INITIALIZING,0.0,0.0,0.0,28.483577892852338,0,0,0,0.0,0.0,1.0,0,0,0,0,0,0,0
228,23.356035295000083,nan,nan,nan,nan,nan,nan,nan,nan,nan,nan,nan,nan,,nan,0,nan,nan,nan,INITIALIZING,0.0,0.0,0.0,26.374759966563538,0,0,0,0.0,0.0,1.0,0,0,0,0,0,0,0
229,23.386712790000047,nan,nan,nan,nan,nan,nan,nan,nan,nan,nan,nan,nan,,nan,0,nan,nan,nan,INITIALIZING,0.0,0.0,0.0,32.597185656820706,0,0,0,0.0,0.0,1.0,0,0,0,0,0,0,0
230,23.425902541000028,nan,nan,nan,nan,nan,nan,nan,nan,nan,nan,nan,nan,,nan,0,nan,nan,nan,INITIALIZING,0.0,0.0,0.0,25.51687557291421,0,0,0,0.0,0.0,1.0,0,0,0,0,0,0,0
231,23.451478683000005,nan,nan,nan,nan,nan,nan,nan,nan,nan,nan,nan,nan,,nan,0,nan,nan,nan,INITIALIZING,0.0,0.0,0.0,39.098938377840305,0,0,0,0.0,0.0,1.0,0,0,0,0,0,0,0
232,23.488946940000005,nan,nan,nan,nan,nan,nan,nan,nan,nan,nan,nan,nan,,nan,0,nan,nan,nan,INITIALIZING,0.0,0.0,0.0,26.689258590277845,0,0,0,0.0,0.0,1.0,0,0,0,0,0,0,0
233,23.519436202000065,nan,nan,nan,nan,nan,nan,nan,nan,nan,nan,nan,nan,,nan,0,nan,nan,nan,INITIALIZING,0.0,0.0,0.0,32.79843244477448,0,0,0,0.0,0.0,1.0,0,0,0,0,0,0,0
234,23.550634072000094,nan,nan,nan,nan,nan,nan,nan,nan,nan,nan,nan,nan,,nan,0,nan,nan,nan,INITIALIZING,0.0,0.0,0.0,32.05347031701515,0,0,0,0.0,0.0,1.0,0,0,0,0,0,0,0
235,23.587052204000088,nan,nan,nan,nan,nan,nan,nan,nan,nan,nan,nan,nan,,nan,0,nan,nan,nan,INITIALIZING,0.0,0.0,0.0,27.458849344610968,0,0,0,0.0,0.0,1.0,0,0,0,0,0,0,0
236,23.619363326000098,nan,nan,nan,nan,nan,nan,nan,nan,nan,nan,nan,nan,,nan,0,nan,nan,nan,INITIALIZING,0.0,0.0,0.0,30.94909548482062,0,0,0,0.0,0.0,1.0,0,0,0,0,0,0,0
237,23.65361391400006,nan,nan,nan,nan,nan,nan,nan,nan,nan,nan,nan,nan,,nan,0,nan,nan,nan,INITIALIZING,0.0,0.0,0.0,29.19657904854263,0,0,0,0.0,0.0,1.0,0,0,0,0,0,0,0
238,23.687959973000034,nan,nan,nan,nan,nan,nan,nan,nan,nan,nan,nan,nan,,nan,0,nan,nan,nan,INITIALIZING,0.0,0.0,0.0,29.115421946978213,0,0,0,0.0,0.0,1.0,0,0,0,0,0,0,0
239,23.717842660000088,nan,nan,nan,nan,nan,nan,nan,nan,nan,nan,nan,nan,,nan,0,nan,nan,nan,INITIALIZING,0.0,0.0,0.0,33.46419282838239,0,0,0,0.0,0.0,1.0,0,0,0,0,0,0,0
240,23.750742752000065,nan,nan,nan,nan,nan,nan,nan,nan,nan,nan,nan,nan,,nan,0,nan,nan,nan,INITIALIZING,0.0,0.0,0.0,30.395051782855056,0,0,0,0.0,0.0,1.0,0,0,0,0,0,0,0
241,23.78603341400003,nan,nan,nan,nan,nan,nan,nan,nan,nan,nan,nan,nan,,nan,0,nan,nan,nan,INITIALIZING,0.0,0.0,0.0,28.336107721667837,0,0,0,0.0,0.0,1.0,0,0,0,0,0,0,0
242,23.817937809,nan,nan,nan,nan,nan,nan,nan,nan,nan,nan,nan,nan,,nan,0,nan,nan,nan,INITIALIZING,0.0,0.0,0.0,31.343644034025854,0,0,0,0.0,0.0,1.0,0,0,0,0,0,0,0
243,23.85122264800009,nan,nan,nan,nan,nan,nan,nan,nan,nan,nan,nan,nan,,nan,0,nan,nan,nan,INITIALIZING,0.0,0.0,0.0,30.043708488339828,0,0,0,0.0,0.0,1.0,0,0,0,0,0,0,0
244,23.886057778999998,nan,nan,nan,nan,nan,nan,nan,nan,nan,nan,nan,nan,,nan,0,nan,nan,nan,INITIALIZING,0.0,0.0,0.0,28.706652488334722,0,0,0,0.0,0.0,1.0,0,0,0,0,0,0,0
245,23.917899933000058,nan,nan,nan,nan,nan,nan,nan,nan,nan,nan,nan,nan,,nan,0,nan,nan,nan,INITIALIZING,0.0,0.0,0.0,31.404910609945446,0,0,0,0.0,0.0,1.0,0,0,0,0,0,0,0
246,23.950155429000006,nan,nan,nan,nan,nan,nan,nan,nan,nan,nan,nan,nan,,nan,0,nan,nan,nan,INITIALIZING,0.0,0.0,0.0,31.002468540605125,0,0,0,0.0,0.0,1.0,0,0,0,0,0,0,0
247,23.98621141800004,nan,nan,nan,nan,nan,nan,nan,nan,nan,nan,nan,nan,,nan,0,nan,nan,nan,INITIALIZING,0.0,0.0,0.0,27.73464347349009,0,0,0,0.0,0.0,1.0,0,0,0,0,0,0,0
248,24.019063124000013,nan,nan,nan,nan,nan,nan,nan,nan,nan,nan,nan,nan,,nan,0,nan,nan,nan,INITIALIZING,0.0,0.0,0.0,30.439819472413134,0,0,0,0.0,0.0,1.0,0,0,0,0,0,0,0
249,24.05424498000002,nan,nan,nan,nan,nan,nan,nan,nan,nan,nan,nan,nan,,nan,0,nan,nan,nan,INITIALIZING,0.0,0.0,0.0,28.423742056125835,0,0,0,0.0,0.0,1.0,0,0,0,0,0,0,0
250,24.086193385,nan,nan,nan,nan,nan,nan,nan,nan,nan,nan,nan,nan,,nan,0,nan,nan,nan,INITIALIZING,0.0,0.0,0.0,31.300467112540467,0,0,0,0.0,0.0,1.0,0,0,0,0,0,0,0
251,24.123029857999995,nan,nan,nan,nan,nan,nan,nan,nan,nan,nan,nan,nan,,nan,0,nan,nan,nan,INITIALIZING,0.0,0.0,0.0,27.14700726098736,0,0,0,0.0,0.0,1.0,0,0,0,0,0,0,0
252,24.15900501100009,nan,nan,nan,nan,nan,nan,nan,nan,nan,nan,nan,nan,,nan,0,nan,nan,nan,INITIALIZING,0.0,0.0,0.0,27.79696308719971,0,0,0,0.0,0.0,1.0,0,0,0,0,0,0,0
253,24.18743105300007,nan,nan,nan,nan,nan,nan,nan,nan,nan,nan,nan,nan,,nan,0,nan,nan,nan,INITIALIZING,0.0,0.0,0.0,35.179009444957764,0,0,0,0.0,0.0,1.0,0,0,0,0,0,0,0
254,24.218468398000027,nan,nan,nan,nan,nan,nan,nan,nan,nan,nan,nan,nan,,nan,0,nan,nan,nan,INITIALIZING,0.0,0.0,0.0,32.219250712370126,0,0,0,0.0,0.0,1.0,0,0,0,0,0,0,0
255,24.255332215000067,nan,nan,nan,nan,nan,nan,nan,nan,nan,nan,nan,nan,,nan,0,nan,nan,nan,INITIALIZING,0.0,0.0,0.0,27.126870774096147,0,0,0,0.0,0.0,1.0,0,0,0,0,0,0,0
256,24.286449145000006,nan,nan,nan,nan,nan,nan,nan,nan,nan,nan,nan,nan,,nan,0,nan,nan,nan,INITIALIZING,0.0,0.0,0.0,32.13684640489772,0,0,0,0.0,0.0,1.0,0,0,0,0,0,0,0
257,24.319482988999994,nan,nan,nan,nan,nan,nan,nan,nan,nan,nan,nan,nan,,nan,0,nan,nan,nan,INITIALIZING,0.0,0.0,0.0,30.271984090025075,0,0,0,0.0,0.0,1.0,0,0,0,0,0,0,0
258,24.354135251000002,nan,nan,nan,nan,nan,nan,nan,nan,nan,nan,nan,nan,,nan,0,nan,nan,nan,INITIALIZING,0.0,0.0,0.0,28.85814496034195,0,0,0,0.0,0.0,1.0,0,0,0,0,0,0,0
259,24.38599011200006,nan,nan,nan,nan,nan,nan,nan,nan,nan,nan,nan,nan,,nan,0,nan,nan,nan,INITIALIZING,0.0,0.0,0.0,31.392383096515037,0,0,0,0.0,0.0,1.0,0,0,0,0,0,0,0
260,24.41825269100002,nan,nan,nan,nan,nan,nan,nan,nan,nan,nan,nan,nan,,nan,0,nan,nan,nan,INITIALIZING,0.0,0.0,0.0,30.99566218810896,0,0,0,0.0,0.0,1.0,0,0,0,0,0,0,0
261,24.468398078000064,nan,nan,nan,nan,nan,nan,nan,nan,nan,nan,nan,nan,,nan,0,nan,nan,nan,INITIALIZING,0.0,0.0,0.0,19.942013808750502,0,0,0,0.0,0.0,1.0,0,0,0,0,0,0,0
262,24.494120055000053,nan,nan,nan,nan,nan,nan,nan,nan,nan,nan,nan,nan,,nan,0,nan,nan,nan,INITIALIZING,0.0,0.0,0.0,38.877260484309524,0,0,0,0.0,0.0,1.0,0,0,0,0,0,0,0
263,24.518305647000034,nan,nan,nan,nan,nan,nan,nan,nan,nan,nan,nan,nan,,nan,0,nan,nan,nan,INITIALIZING,0.0,0.0,0.0,41.34693085043349,0,0,0,0.0,0.0,1.0,0,0,0,0,0,0,0
264,24.555550409000034,nan,nan,nan,nan,nan,nan,nan,nan,nan,nan,nan,nan,,nan,0,nan,nan,nan,INITIALIZING,0.0,0.0,0.0,26.84941307988471,0,0,0,0.0,0.0,1.0,0,0,0,0,0,0,0
265,24.586964480999995,nan,nan,nan,nan,nan,nan,nan,nan,nan,nan,nan,nan,,nan,0,nan,nan,nan,INITIALIZING,0.0,0.0,0.0,31.83286776707042,0,0,0,0.0,0.0,1.0,0,0,0,0,0,0,0
266,24.622487385,nan,nan,nan,nan,nan,nan,nan,nan,nan,nan,nan,nan,,nan,0,nan,nan,nan,INITIALIZING,0.0,0.0,0.0,28.150851630820693,0,0,0,0.0,0.0,1.0,0,0,0,0,0,0,0
267,24.654035365000027,nan,nan,nan,nan,nan,nan,nan,nan,nan,nan,nan,nan,,nan,0,nan,nan,nan,INITIALIZING,0.0,0.0,0.0,31.697750537407664,0,0,0,0.0,0.0,1.0,0,0,0,0,0,0,0
268,24.687828756000044,nan,nan,nan,nan,nan,nan,nan,nan,nan,nan,nan,nan,,nan,0,nan,nan,nan,INITIALIZING,0.0,0.0,0.0,29.591584934447212,0,0,0,0.0,0.0,1.0,0,0,0,0,0,0,0
269,24.856901907000065,nan,nan,nan,nan,nan,nan,nan,nan,nan,nan,nan,nan,,nan,0,nan,nan,nan,INITIALIZING,0.0,0.0,0.0,5.914599651602155,0,0,0,0.0,0.0,1.0,0,0,0,0,0,0,0
270,24.887893054000074,nan,nan,nan,nan,nan,nan,nan,nan,nan,nan,nan,nan,,nan,0,nan,nan,nan,INITIALIZING,0.0,0.0,0.0,32.2672794265961,0,0,0,0.0,0.0,1.0,0,0,0,0,0,0,0
271,24.92307069100002,nan,nan,nan,nan,nan,nan,nan,nan,nan,nan,nan,nan,,nan,0,nan,nan,nan,INITIALIZING,0.0,0.0,0.0,28.427151033524677,0,0,0,0.0,0.0,1.0,0,0,0,0,0,0,0
272,24.955221496000036,nan,nan,nan,nan,nan,nan,nan,nan,nan,nan,nan,nan,,nan,0,nan,nan,nan,INITIALIZING,0.0,0.0,0.0,31.103420272044218,0,0,0,0.0,0.0,1.0,0,0,0,0,0,0,0
273,24.986222017000046,nan,nan,nan,nan,nan,nan,nan,nan,nan,nan,nan,nan,,nan,0,nan,nan,nan,INITIALIZING,0.0,0.0,0.0,32.25752238162963,0,0,0,0.0,0.0,1.0,0,0,0,0,0,0,0
274,25.037404820000006,nan,nan,nan,nan,nan,nan,nan,nan,nan,nan,nan,nan,,nan,0,nan,nan,nan,INITIALIZING,0.0,0.0,0.0,19.537812339054,0,0,0,0.0,0.0,1.0,0,0,0,0,0,0,0
275,25.05727084600005,nan,nan,nan,nan,nan,nan,nan,nan,nan,nan,nan,nan,,nan,0,nan,nan,nan,INITIALIZING,0.0,0.0,0.0,50.337193759724585,0,0,0,0.0,0.0,1.0,0,0,0,0,0,0,0
276,25.090214322000065,nan,nan,nan,nan,nan,nan,nan,nan,nan,nan,nan,nan,,nan,0,nan,nan,nan,INITIALIZING,0.0,0.0,0.0,30.35502385964294,0,0,0,0.0,0.0,1.0,0,0,0,0,0,0,0
277,25.123432543000035,nan,nan,nan,nan,nan,nan,nan,nan,nan,nan,nan,nan,,nan,0,nan,nan,nan,INITIALIZING,0.0,0.0,0.0,30.103960112761637,0,0,0,0.0,0.0,1.0,0,0,0,0,0,0,0
278,25.154698850000045,nan,nan,nan,nan,nan,nan,nan,nan,nan,nan,nan,nan,,nan,0,nan,nan,nan,INITIALIZING,0.0,0.0,0.0,31.983310341054484,0,0,0,0.0,0.0,1.0,0,0,0,0,0,0,0
279,25.19073348300003,nan,nan,nan,nan,nan,nan,nan,nan,nan,nan,nan,nan,,nan,0,nan,nan,nan,INITIALIZING,0.0,0.0,0.0,27.751080467515735,0,0,0,0.0,0.0,1.0,0,0,0,0,0,0,0
280,25.22736099100007,nan,nan,nan,nan,nan,nan,nan,nan,nan,nan,nan,nan,,nan,0,nan,nan,nan,INITIALIZING,0.0,0.0,0.0,27.3018846927552,0,0,0,0.0,0.0,1.0,0,0,0,0,0,0,0
281,25.255370201999995,nan,nan,nan,nan,nan,nan,nan,nan,nan,nan,nan,nan,,nan,0,nan,nan,nan,INITIALIZING,0.0,0.0,0.0,35.702540853530095,0,0,0,0.0,0.0,1.0,0,0,0,0,0,0,0
282,25.303978733000008,nan,nan,nan,nan,nan,nan,nan,nan,nan,nan,nan,nan,,nan,0,nan,nan,nan,INITIALIZING,0.0,0.0,0.0,20.572520490276126,0,0,0,0.0,0.0,1.0,0,0,0,0,0,0,0
283,25.32303239800001,nan,nan,nan,nan,nan,nan,nan,nan,nan,nan,nan,nan,,nan,0,nan,nan,nan,INITIALIZING,0.0,0.0,0.0,52.48334113147959,0,0,0,0.0,0.0,1.0,0,0,0,0,0,0,0
284,25.355374612000105,nan,nan,nan,nan,nan,nan,nan,nan,nan,nan,nan,nan,,nan,0,nan,nan,nan,INITIALIZING,0.0,0.0,0.0,30.919342751149934,0,0,0,0.0,0.0,1.0,0,0,0,0,0,0,0
285,25.389879683000004,nan,nan,nan,nan,nan,nan,nan,nan,nan,nan,nan,nan,,nan,0,nan,nan,nan,INITIALIZING,0.0,0.0,0.0,28.981247423108844,0,0,0,0.0,0.0,1.0,0,0,0,0,0,0,0
286,25.422044445000097,nan,nan,nan,nan,nan,nan,nan,nan,nan,nan,nan,nan,,nan,0,nan,nan,nan,INITIALIZING,0.0,0.0,0.0,31.08992381156451,0,0,0,0.0,0.0,1.0,0,0,0,0,0,0,0
287,25.4559966920001,nan,nan,nan,nan,nan,nan,nan,nan,nan,nan,nan,nan,,nan,0,nan,nan,nan,INITIALIZING,0.0,0.0,0.0,29.453131629253917,0,0,0,0.0,0.0,1.0,0,0,0,0,0,0,0
288,25.490016752000088,nan,nan,nan,nan,nan,nan,nan,nan,nan,nan,nan,nan,,nan,0,nan,nan,nan,INITIALIZING,0.0,0.0,0.0,29.394421996913756,0,0,0,0.0,0.0,1.0,0,0,0,0,0,0,0
289,25.531368367000027,nan,nan,nan,nan,nan,nan,nan,nan,nan,nan,nan,nan,,nan,0,nan,nan,nan,INITIALIZING,0.0,0.0,0.0,24.182852350542092,0,0,0,0.0,0.0,1.0,0,0,0,0,0,0,0
290,25.556637678000016,nan,nan,nan,nan,nan,nan,nan,nan,nan,nan,nan,nan,,nan,0,nan,nan,nan,INITIALIZING,0.0,0.0,0.0,39.57369474777002,0,0,0,0.0,0.0,1.0,0,0,0,0,0,0,0
291,25.592181311000104,nan,nan,nan,nan,nan,nan,nan,nan,nan,nan,nan,nan,,nan,0,nan,nan,nan,INITIALIZING,0.0,0.0,0.0,28.134434091121513,0,0,0,0.0,0.0,1.0,0,0,0,0,0,0,0
292,25.62439508500006,nan,nan,nan,nan,nan,nan,nan,nan,nan,nan,nan,nan,,nan,0,nan,nan,nan,INITIALIZING,0.0,0.0,0.0,31.042621705900107,0,0,0,0.0,0.0,1.0,0,0,0,0,0,0,0
293,25.665617634,nan,nan,nan,nan,nan,nan,nan,nan,nan,nan,nan,nan,,nan,0,nan,nan,nan,INITIALIZING,0.0,0.0,0.0,24.258567804757888,0,0,0,0.0,0.0,1.0,0,0,0,0,0,0,0
294,25.69070767100004,nan,nan,nan,nan,nan,nan,nan,nan,nan,nan,nan,nan,,nan,0,nan,nan,nan,INITIALIZING,0.0,0.0,0.0,39.85645776442543,0,0,0,0.0,0.0,1.0,0,0,0,0,0,0,0
295,25.723175877000017,nan,nan,nan,nan,nan,nan,nan,nan,nan,nan,nan,nan,,nan,0,nan,nan,nan,INITIALIZING,0.0,0.0,0.0,30.799361073437257,0,0,0,0.0,0.0,1.0,0,0,0,0,0,0,0
296,25.76078778100009,nan,nan,nan,nan,nan,nan,nan,nan,nan,nan,nan,nan,,nan,0,nan,nan,nan,INITIALIZING,0.0,0.0,0.0,26.587327246130826,0,0,0,0.0,0.0,1.0,0,0,0,0,0,0,0
297,25.79074078000008,nan,nan,nan,nan,nan,nan,nan,nan,nan,nan,nan,nan,,nan,0,nan,nan,nan,INITIALIZING,0.0,0.0,0.0,33.38563861336194,0,0,0,0.0,0.0,1.0,0,0,0,0,0,0,0
298,25.822315687000014,nan,nan,nan,nan,nan,nan,nan,nan,nan,nan,nan,nan,,nan,0,nan,nan,nan,INITIALIZING,0.0,0.0,0.0,31.670718776845163,0,0,0,0.0,0.0,1.0,0,0,0,0,0,0,0
299,25.858908767999992,nan,nan,nan,nan,nan,nan,nan,nan,nan,nan,nan,nan,,nan,0,nan,nan,nan,INITIALIZING,0.0,0.0,0.0,27.327570477069067,0,0,0,0.0,0.0,1.0,0,0,0,0,0,0,0
300,25.919745046000003,nan,nan,nan,nan,nan,nan,nan,nan,nan,nan,nan,nan,,nan,0,nan,nan,nan,INITIALIZING,0.0,0.0,0.0,16.437560496383828,0,0,0,0.0,0.0,1.0,0,0,0,0,0,0,0
301,25.9368909640001,nan,nan,nan,nan,nan,nan,nan,nan,nan,nan,nan,nan,,nan,0,nan,nan,nan,INITIALIZING,0.0,0.0,0.0,58.322919775678834,0,0,0,0.0,0.0,1.0,0,0,0,0,0,0,0
302,25.959880334000104,nan,nan,nan,nan,nan,nan,nan,nan,nan,nan,nan,nan,,nan,0,nan,nan,nan,INITIALIZING,0.0,0.0,0.0,43.498364678970844,0,0,0,0.0,0.0,1.0,0,0,0,0,0,0,0
303,25.990188965000016,nan,nan,nan,nan,nan,nan,nan,nan,nan,nan,nan,nan,,nan,0,nan,nan,nan,INITIALIZING,0.0,0.0,0.0,32.99390196815273,0,0,0,0.0,0.0,1.0,0,0,0,0,0,0,0
304,26.11192599800006,nan,nan,nan,nan,nan,nan,nan,nan,nan,nan,nan,nan,,nan,0,nan,nan,nan,INITIALIZING,0.0,0.0,0.0,8.214427240062859,0,0,0,0.0,0.0,1.0,0,0,0,0,0,0,0
305,26.122927782000033,nan,nan,nan,nan,nan,nan,nan,nan,nan,nan,nan,nan,,nan,0,nan,nan,nan,INITIALIZING,0.0,0.0,0.0,90.8943494984519,0,0,0,0.0,0.0,1.0,0,0,0,0,0,0,0
306,26.158578291000026,nan,nan,nan,nan,nan,nan,nan,nan,nan,nan,nan,nan,,nan,0,nan,nan,nan,INITIALIZING,0.0,0.0,0.0,28.050090392824476,0,0,0,0.0,0.0,1.0,0,0,0,0,0,0,0
307,26.190987172000064,nan,nan,nan,nan,nan,nan,nan,nan,nan,nan,nan,nan,,nan,0,nan,nan,nan,INITIALIZING,0.0,0.0,0.0,30.855739820169674,0,0,0,0.0,0.0,1.0,0,0,0,0,0,0,0
308,26.222655205000024,nan,nan,nan,nan,nan,nan,nan,nan,nan,nan,nan,nan,,nan,0,nan,nan,nan,INITIALIZING,0.0,0.0,0.0,31.577584878772424,0,0,0,0.0,0.0,1.0,0,0,0,0,0,0,0
309,26.26227605400004,nan,nan,nan,nan,nan,nan,nan,nan,nan,nan,nan,nan,,nan,0,nan,nan,nan,INITIALIZING,0.0,0.0,0.0,25.239237049150287,0,0,0,0.0,0.0,1.0,0,0,0,0,0,0,0
310,26.29425935400002,nan,nan,nan,nan,nan,nan,nan,nan,nan,nan,nan,nan,,nan,0,nan,nan,nan,INITIALIZING,0.0,0.0,0.0,31.26631710926196,0,0,0,0.0,0.0,1.0,0,0,0,0,0,0,0
311,26.327592889000016,nan,nan,nan,nan,nan,nan,nan,nan,nan,nan,nan,nan,,nan,0,nan,nan,nan,INITIALIZING,0.0,0.0,0.0,29.999818501100744,0,0,0,0.0,0.0,1.0,0,0,0,0,0,0,0
312,26.35856142800003,nan,nan,nan,nan,nan,nan,nan,nan,nan,nan,nan,nan,,nan,0,nan,nan,nan,INITIALIZING,0.0,0.0,0.0,32.29083554763581,0,0,0,0.0,0.0,1.0,0,0,0,0,0,0,0
313,26.390256285000078,nan,nan,nan,nan,nan,nan,nan,nan,nan,nan,nan,nan,,nan,0,nan,nan,nan,INITIALIZING,0.0,0.0,0.0,31.550860128458535,0,0,0,0.0,0.0,1.0,0,0,0,0,0,0,0
314,26.431065751000006,nan,nan,nan,nan,nan,nan,nan,nan,nan,nan,nan,nan,,nan,0,nan,nan,nan,INITIALIZING,0.0,0.0,0.0,24.50411872583111,0,0,0,0.0,0.0,1.0,0,0,0,0,0,0,0
315,26.45896360400002,nan,nan,nan,nan,nan,nan,nan,nan,nan,nan,nan,nan,,nan,0,nan,nan,nan,INITIALIZING,0.0,0.0,0.0,35.84505230562113,0,0,0,0.0,0.0,1.0,0,0,0,0,0,0,0
316,26.493770971000004,nan,nan,nan,nan,nan,nan,nan,nan,nan,nan,nan,nan,,nan,0,nan,nan,nan,INITIALIZING,0.0,0.0,0.0,28.729550270218212,0,0,0,0.0,0.0,1.0,0,0,0,0,0,0,0
317,26.527464409000004,nan,nan,nan,nan,nan,nan,nan,nan,nan,nan,nan,nan,,nan,0,nan,nan,nan,INITIALIZING,0.0,0.0,0.0,29.679369614937865,0,0,0,0.0,0.0,1.0,0,0,0,0,0,0,0
318,26.558036951000076,nan,nan,nan,nan,nan,nan,nan,nan,nan,nan,nan,nan,,nan,0,nan,nan,nan,INITIALIZING,0.0,0.0,0.0,32.709089090387835,0,0,0,0.0,0.0,1.0,0,0,0,0,0,0,0
319,26.590281610000034,nan,nan,nan,nan,nan,nan,nan,nan,nan,nan,nan,nan,,nan,0,nan,nan,nan,INITIALIZING,0.0,0.0,0.0,31.01288805694385,0,0,0,0.0,0.0,1.0,0,0,0,0,0,0,0
320,26.626068945000043,nan,nan,nan,nan,nan,nan,nan,nan,nan,nan,nan,nan,,nan,0,nan,nan,nan,INITIALIZING,0.0,0.0,0.0,27.942846261107352,0,0,0,0.0,0.0,1.0,0,0,0,0,0,0,0
321,26.65837589700004,nan,nan,nan,nan,nan,nan,nan,nan,nan,nan,nan,nan,,nan,0,nan,nan,nan,INITIALIZING,0.0,0.0,0.0,30.953090220334957,0,0,0,0.0,0.0,1.0,0,0,0,0,0,0,0
322,26.690526127,nan,nan,nan,nan,nan,nan,nan,nan,nan,nan,nan,nan,,nan,0,nan,nan,nan,INITIALIZING,0.0,0.0,0.0,31.10397655013205,0,0,0,0.0,0.0,1.0,0,0,0,0,0,0,0
323,26.726294607,nan,nan,nan,nan,nan,nan,nan,nan,nan,nan,nan,nan,,nan,0,nan,nan,nan,INITIALIZING,0.0,0.0,0.0,27.957576055788692,0,0,0,0.0,0.0,1.0,0,0,0,0,0,0,0
324,26.757918316000087,nan,nan,nan,nan,nan,nan,nan,nan,nan,nan,nan,nan,,nan,0,nan,nan,nan,INITIALIZING,0.0,0.0,0.0,31.62184423077175,0,0,0,0.0,0.0,1.0,0,0,0,0,0,0,0
325,26.79055470100002,nan,nan,nan,nan,nan,nan,nan,nan,nan,nan,nan,nan,,nan,0,nan,nan,nan,INITIALIZING,0.0,0.0,0.0,30.640648466491267,0,0,0,0.0,0.0,1.0,0,0,0,0,0,0,0
326,26.825937080000017,nan,nan,nan,nan,nan,nan,nan,nan,nan,nan,nan,nan,,nan,0,nan,nan,nan,INITIALIZING,0.0,0.0,0.0,28.262655826507896,0,0,0,0.0,0.0,1.0,0,0,0,0,0,0,0
327,26.85862174800002,nan,nan,nan,nan,nan,nan,nan,nan,nan,nan,nan,nan,,nan,0,nan,nan,nan,INITIALIZING,0.0,0.0,0.0,30.595384967653587,0,0,0,0.0,0.0,1.0,0,0,0,0,0,0,0
328,26.894867997999995,nan,nan,nan,nan,nan,nan,nan,nan,nan,nan,nan,nan,,nan,0,nan,nan,nan,INITIALIZING,0.0,0.0,0.0,27.589060937356233,0,0,0,0.0,0.0,1.0,0,0,0,0,0,0,0
329,26.926776660000087,nan,nan,nan,nan,nan,nan,nan,nan,nan,nan,nan,nan,,nan,0,nan,nan,nan,INITIALIZING,0.0,0.0,0.0,31.339452591184386,0,0,0,0.0,0.0,1.0,0,0,0,0,0,0,0
330,26.96060551800008,nan,nan,nan,nan,nan,nan,nan,nan,nan,nan,nan,nan,,nan,0,nan,nan,nan,INITIALIZING,0.0,0.0,0.0,29.56056039492138,0,0,0,0.0,0.0,1.0,0,0,0,0,0,0,0
331,26.99448244900009,nan,nan,nan,nan,nan,nan,nan,nan,nan,nan,nan,nan,,nan,0,nan,nan,nan,INITIALIZING,0.0,0.0,0.0,29.518612533105134,0,0,0,0.0,0.0,1.0,0,0,0,0,0,0,0
332,27.029979464999997,nan,nan,nan,nan,nan,nan,nan,nan,nan,nan,nan,nan,,nan,0,nan,nan,nan,INITIALIZING,0.0,0.0,0.0,28.171382067793544,0,0,0,0.0,0.0,1.0,0,0,0,0,0,0,0
333,27.059184791999996,nan,nan,nan,nan,nan,nan,nan,nan,nan,nan,nan,nan,,nan,0,nan,nan,nan,INITIALIZING,0.0,0.0,0.0,34.24032882768309,0,0,0,0.0,0.0,1.0,0,0,0,0,0,0,0
334,27.094202839000104,nan,nan,nan,nan,nan,nan,nan,nan,nan,nan,nan,nan,,nan,0,nan,nan,nan,INITIALIZING,0.0,0.0,0.0,28.556703918894208,0,0,0,0.0,0.0,1.0,0,0,0,0,0,0,0
335,27.129990380000095,nan,nan,nan,nan,nan,nan,nan,nan,nan,nan,nan,nan,,nan,0,nan,nan,nan,INITIALIZING,0.0,0.0,0.0,27.942685416700265,0,0,0,0.0,0.0,1.0,0,0,0,0,0,0,0
336,27.159268937000093,nan,nan,nan,nan,nan,nan,nan,nan,nan,nan,nan,nan,,nan,0,nan,nan,nan,INITIALIZING,0.0,0.0,0.0,34.15468870272789,0,0,0,0.0,0.0,1.0,0,0,0,0,0,0,0
337,27.195380287000035,nan,nan,nan,nan,nan,nan,nan,nan,nan,nan,nan,nan,,nan,0,nan,nan,nan,INITIALIZING,0.0,0.0,0.0,27.692124498297858,0,0,0,0.0,0.0,1.0,0,0,0,0,0,0,0
338,27.226015641999993,nan,nan,nan,nan,nan,nan,nan,nan,nan,nan,nan,nan,,nan,0,nan,nan,nan,INITIALIZING,0.0,0.0,0.0,32.64202422336397,0,0,0,0.0,0.0,1.0,0,0,0,0,0,0,0
339,27.25881572800006,nan,nan,nan,nan,nan,nan,nan,nan,nan,nan,nan,nan,,nan,0,nan,nan,nan,INITIALIZING,0.0,0.0,0.0,30.487724940660147,0,0,0,0.0,0.0,1.0,0,0,0,0,0,0,0
340,27.293905339000048,nan,nan,nan,nan,nan,nan,nan,nan,nan,nan,nan,nan,,nan,0,nan,nan,nan,INITIALIZING,0.0,0.0,0.0,28.498463548094094,0,0,0,0.0,0.0,1.0,0,0,0,0,0,0,0
341,27.326406721000012,nan,nan,nan,nan,nan,nan,nan,nan,nan,nan,nan,nan,,nan,0,nan,nan,nan,INITIALIZING,0.0,0.0,0.0,30.767922422532916,0,0,0,0.0,0.0,1.0,0,0,0,0,0,0,0
342,27.358566013000086,nan,nan,nan,nan,nan,nan,nan,nan,nan,nan,nan,nan,,nan,0,nan,nan,nan,INITIALIZING,0.0,0.0,0.0,31.095211921882502,0,0,0,0.0,0.0,1.0,0,0,0,0,0,0,0
343,27.394882679000034,nan,nan,nan,nan,nan,nan,nan,nan,nan,nan,nan,nan,,nan,0,nan,nan,nan,INITIALIZING,0.0,0.0,0.0,27.535567279260583,0,0,0,0.0,0.0,1.0,0,0,0,0,0,0,0
344,27.4265543570001,nan,nan,nan,nan,nan,nan,nan,nan,nan,nan,nan,nan,,nan,0,nan,nan,nan,INITIALIZING,0.0,0.0,0.0,31.573950707566336,0,0,0,0.0,0.0,1.0,0,0,0,0,0,0,0
345,27.4587732330001,nan,nan,nan,nan,nan,nan,nan,nan,nan,nan,nan,nan,,nan,0,nan,nan,nan,INITIALIZING,0.0,0.0,0.0,31.037705970870814,0,0,0,0.0,0.0,1.0,0,0,0,0,0,0,0
346,27.495078181000054,nan,nan,nan,nan,nan,nan,nan,nan,nan,nan,nan,nan,,nan,0,nan,nan,nan,INITIALIZING,0.0,0.0,0.0,27.54445482200742,0,0,0,0.0,0.0,1.0,0,0,0,0,0,0,0
347,27.526778662000083,nan,nan,nan,nan,nan,nan,nan,nan,nan,nan,nan,nan,,nan,0,nan,nan,nan,INITIALIZING,0.0,0.0,0.0,31.545262672798493,0,0,0,0.0,0.0,1.0,0,0,0,0,0,0,0
348,27.562588704000063,nan,nan,nan,nan,nan,nan,nan,nan,nan,nan,nan,nan,,nan,0,nan,nan,nan,INITIALIZING,0.0,0.0,0.0,27.92512781751434,0,0,0,0.0,0.0,1.0,0,0,0,0,0,0,0
349,27.594469136000043,nan,nan,nan,nan,nan,nan,nan,nan,nan,nan,nan,nan,,nan,0,nan,nan,nan,INITIALIZING,0.0,0.0,0.0,31.36720355610708,0,0,0,0.0,0.0,1.0,0,0,0,0,0,0,0
350,27.626961976000075,nan,nan,nan,nan,nan,nan,nan,nan,nan,nan,nan,nan,,nan,0,nan,nan,nan,INITIALIZING,0.0,0.0,0.0,30.77601096115402,0,0,0,0.0,0.0,1.0,0,0,0,0,0,0,0
351,27.661913042000037,nan,nan,nan,nan,nan,nan,nan,nan,nan,nan,nan,nan,,nan,0,nan,nan,nan,INITIALIZING,0.0,0.0,0.0,28.611430621345786,0,0,0,0.0,0.0,1.0,0,0,0,0,0,0,0
352,27.695794817000092,nan,nan,nan,nan,nan,nan,nan,nan,nan,nan,nan,nan,,nan,0,nan,nan,nan,INITIALIZING,0.0,0.0,0.0,29.51439232443974,0,0,0,0.0,0.0,1.0,0,0,0,0,0,0,0
353,27.726286991000052,nan,nan,nan,nan,nan,nan,nan,nan,nan,nan,nan,nan,,nan,0,nan,nan,nan,INITIALIZING,0.0,0.0,0.0,32.795300197398625,0,0,0,0.0,0.0,1.0,0,0,0,0,0,0,0
354,27.76791168200009,nan,nan,nan,nan,nan,nan,nan,nan,nan,nan,nan,nan,,nan,0,nan,nan,nan,INITIALIZING,0.0,0.0,0.0,24.024202365828558,0,0,0,0.0,0.0,1.0,0,0,0,0,0,0,0
355,27.79786832500008,nan,nan,nan,nan,nan,nan,nan,nan,nan,nan,nan,nan,,nan,0,nan,nan,nan,INITIALIZING,0.0,0.0,0.0,33.381577501867916,0,0,0,0.0,0.0,1.0,0,0,0,0,0,0,0
356,27.8263065000001,nan,nan,nan,nan,nan,nan,nan,nan,nan,nan,nan,nan,,nan,0,nan,nan,nan,INITIALIZING,0.0,0.0,0.0,35.16400050282131,0,0,0,0.0,0.0,1.0,0,0,0,0,0,0,0
357,27.862127063000003,nan,nan,nan,nan,nan,nan,nan,nan,nan,nan,nan,nan,,nan,0,nan,nan,nan,INITIALIZING,0.0,0.0,0.0,27.916925817238997,0,0,0,0.0,0.0,1.0,0,0,0,0,0,0,0
358,27.89429760500002,nan,nan,nan,nan,nan,nan,nan,nan,nan,nan,nan,nan,,nan,0,nan,nan,nan,INITIALIZING,0.0,0.0,0.0,31.084337963577603,0,0,0,0.0,0.0,1.0,0,0,0,0,0,0,0
359,27.92636851000009,nan,nan,nan,nan,nan,nan,nan,nan,nan,nan,nan,nan,,nan,0,nan,nan,nan,INITIALIZING,0.0,0.0,0.0,31.180909924364705,0,0,0,0.0,0.0,1.0,0,0,0,0,0,0,0
360,27.965780135000045,nan,nan,nan,nan,nan,nan,nan,nan,nan,nan,nan,nan,,nan,0,nan,nan,nan,INITIALIZING,0.0,0.0,0.0,25.373224270785368,0,0,0,0.0,0.0,1.0,0,0,0,0,0,0,0
361,27.994508472000007,nan,nan,nan,nan,nan,nan,nan,nan,nan,nan,nan,nan,,nan,0,nan,nan,nan,INITIALIZING,0.0,0.0,0.0,34.80883700303798,0,0,0,0.0,0.0,1.0,0,0,0,0,0,0,0
362,28.026279214000056,nan,nan,nan,nan,nan,nan,nan,nan,nan,nan,nan,nan,,nan,0,nan,nan,nan,INITIALIZING,0.0,0.0,0.0,31.475500320340757,0,0,0,0.0,0.0,1.0,0,0,0,0,0,0,0
363,28.06191018900006,nan,nan,nan,nan,nan,nan,nan,nan,nan,nan,nan,nan,,nan,0,nan,nan,nan,INITIALIZING,0.0,0.0,0.0,28.06546831794238,0,0,0,0.0,0.0,1.0,0,0,0,0,0,0,0
364,28.094094116000065,nan,nan,nan,nan,nan,nan,nan,nan,nan,nan,nan,nan,,nan,0,nan,nan,nan,INITIALIZING,0.0,0.0,0.0,31.071410272582,0,0,0,0.0,0.0,1.0,0,0,0,0,0,0,0
365,28.130312186000083,nan,nan,nan,nan,nan,nan,nan,nan,nan,nan,nan,nan,,nan,0,nan,nan,nan,INITIALIZING,0.0,0.0,0.0,27.610527010398418,0,0,0,0.0,0.0,1.0,0,0,0,0,0,0,0
366,28.162944089999996,nan,nan,nan,nan,nan,nan,nan,nan,nan,nan,nan,nan,,nan,0,nan,nan,nan,INITIALIZING,0.0,0.0,0.0,30.644856028096076,0,0,0,0.0,0.0,1.0,0,0,0,0,0,0,0
367,28.194681133000017,nan,nan,nan,nan,nan,nan,nan,nan,nan,nan,nan,nan,,nan,0,nan,nan,nan,INITIALIZING,0.0,0.0,0.0,31.508921609342693,0,0,0,0.0,0.0,1.0,0,0,0,0,0,0,0
368,28.22997340300003,nan,nan,nan,nan,nan,nan,nan,nan,nan,nan,nan,nan,,nan,0,nan,nan,nan,INITIALIZING,0.0,0.0,0.0,28.33481666097465,0,0,0,0.0,0.0,1.0,0,0,0,0,0,0,0
369,28.262689163000005,nan,nan,nan,nan,nan,nan,nan,nan,nan,nan,nan,nan,,nan,0,nan,nan,nan,INITIALIZING,0.0,0.0,0.0,30.566308103519674,0,0,0,0.0,0.0,1.0,0,0,0,0,0,0,0
370,28.29485308900007,nan,nan,nan,nan,nan,nan,nan,nan,nan,nan,nan,nan,,nan,0,nan,nan,nan,INITIALIZING,0.0,0.0,0.0,31.090731896284378,0,0,0,0.0,0.0,1.0,0,0,0,0,0,0,0
371,28.33062120200009,nan,nan,nan,nan,nan,nan,nan,nan,nan,nan,nan,nan,,nan,0,nan,nan,nan,INITIALIZING,0.0,0.0,0.0,27.957862915483254,0,0,0,0.0,0.0,1.0,0,0,0,0,0,0,0
372,28.362770805000082,nan,nan,nan,nan,nan,nan,nan,nan,nan,nan,nan,nan,,nan,0,nan,nan,nan,INITIALIZING,0.0,0.0,0.0,31.104583157689472,0,0,0,0.0,0.0,1.0,0,0,0,0,0,0,0
373,28.398990386000037,nan,nan,nan,nan,nan,nan,nan,nan,nan,nan,nan,nan,,nan,0,nan,nan,nan,INITIALIZING,0.0,0.0,0.0,27.609375160945334,0,0,0,0.0,0.0,1.0,0,0,0,0,0,0,0
374,28.430157312999995,nan,nan,nan,nan,nan,nan,nan,nan,nan,nan,nan,nan,,nan,0,nan,nan,nan,INITIALIZING,0.0,0.0,0.0,32.08529349079989,0,0,0,0.0,0.0,1.0,0,0,0,0,0,0,0
375,28.466101680000065,nan,nan,nan,nan,nan,nan,nan,nan,nan,nan,nan,nan,,nan,0,nan,nan,nan,INITIALIZING,0.0,0.0,0.0,27.82077091517706,0,0,0,0.0,0.0,1.0,0,0,0,0,0,0,0
376,28.494876788000056,nan,nan,nan,nan,nan,nan,nan,nan,nan,nan,nan,nan,,nan,0,nan,nan,nan,INITIALIZING,0.0,0.0,0.0,34.752258792575944,0,0,0,0.0,0.0,1.0,0,0,0,0,0,0,0
377,28.530191349999996,nan,nan,nan,nan,nan,nan,nan,nan,nan,nan,nan,nan,,nan,0,nan,nan,nan,INITIALIZING,0.0,0.0,0.0,28.31693056257393,0,0,0,0.0,0.0,1.0,0,0,0,0,0,0,0
378,28.56200620700008,nan,nan,nan,nan,nan,nan,nan,nan,nan,nan,nan,nan,,nan,0,nan,nan,nan,INITIALIZING,0.0,0.0,0.0,31.431855877815302,0,0,0,0.0,0.0,1.0,0,0,0,0,0,0,0
379,28.599180494000052,nan,nan,nan,nan,nan,nan,nan,nan,nan,nan,nan,nan,,nan,0,nan,nan,nan,INITIALIZING,0.0,0.0,0.0,26.900314187620808,0,0,0,0.0,0.0,1.0,0,0,0,0,0,0,0
380,28.63317560300004,nan,nan,nan,nan,nan,nan,nan,nan,nan,nan,nan,nan,,nan,0,nan,nan,nan,INITIALIZING,0.0,0.0,0.0,29.41599628347524,0,0,0,0.0,0.0,1.0,0,0,0,0,0,0,0
381,28.665863029000093,nan,nan,nan,nan,nan,nan,nan,nan,nan,nan,nan,nan,,nan,0,nan,nan,nan,INITIALIZING,0.0,0.0,0.0,30.592803483467964,0,0,0,0.0,0.0,1.0,0,0,0,0,0,0,0
382,28.707393862000004,nan,nan,nan,nan,nan,nan,nan,nan,nan,nan,nan,nan,,nan,0,nan,nan,nan,INITIALIZING,0.0,0.0,0.0,24.07849608993277,0,0,0,0.0,0.0,1.0,0,0,0,0,0,0,0
383,28.731350227000007,nan,nan,nan,nan,nan,nan,nan,nan,nan,nan,nan,nan,,nan,0,nan,nan,nan,INITIALIZING,0.0,0.0,0.0,41.742559858302705,0,0,0,0.0,0.0,1.0,0,0,0,0,0,0,0
384,28.763154667000094,nan,nan,nan,nan,nan,nan,nan,nan,nan,nan,nan,nan,,nan,0,nan,nan,nan,INITIALIZING,0.0,0.0,0.0,31.442150844261313,0,0,0,0.0,0.0,1.0,0,0,0,0,0,0,0
385,28.80109183400009,nan,nan,nan,nan,nan,nan,nan,nan,nan,nan,nan,nan,,nan,0,nan,nan,nan,INITIALIZING,0.0,0.0,0.0,26.359374699753378,0,0,0,0.0,0.0,1.0,0,0,0,0,0,0,0
386,28.83264413300003,nan,nan,nan,nan,nan,nan,nan,nan,nan,nan,nan,nan,,nan,0,nan,nan,nan,INITIALIZING,0.0,0.0,0.0,31.693411627529116,0,0,0,0.0,0.0,1.0,0,0,0,0,0,0,0
387,28.862100349000002,nan,nan,nan,nan,nan,nan,nan,nan,nan,nan,nan,nan,,nan,0,nan,nan,nan,INITIALIZING,0.0,0.0,0.0,33.94869184830024,0,0,0,0.0,0.0,1.0,0,0,0,0,0,0,0
388,28.89803679900001,nan,nan,nan,nan,nan,nan,nan,nan,nan,nan,nan,nan,,nan,0,nan,nan,nan,INITIALIZING,0.0,0.0,0.0,27.826899985940962,0,0,0,0.0,0.0,1.0,0,0,0,0,0,0,0
389,28.930437917000063,nan,nan,nan,nan,nan,nan,nan,nan,nan,nan,nan,nan,,nan,0,nan,nan,nan,INITIALIZING,0.0,0.0,0.0,30.86313256222761,0,0,0,0.0,0.0,1.0,0,0,0,0,0,0,0
390,28.963144822999993,nan,nan,nan,nan,nan,nan,nan,nan,nan,nan,nan,nan,,nan,0,nan,nan,nan,INITIALIZING,0.0,0.0,0.0,30.574582627966418,0,0,0,0.0,0.0,1.0,0,0,0,0,0,0,0
391,28.99802385600003,nan,nan,nan,nan,nan,nan,nan,nan,nan,nan,nan,nan,,nan,0,nan,nan,nan,INITIALIZING,0.0,0.0,0.0,28.670519621312327,0,0,0,0.0,0.0,1.0,0,0,0,0,0,0,0
392,29.02996324600008,nan,nan,nan,nan,nan,nan,nan,nan,nan,nan,nan,nan,,nan,0,nan,nan,nan,INITIALIZING,0.0,0.0,0.0,31.30930177434525,0,0,0,0.0,0.0,1.0,0,0,0,0,0,0,0
393,29.062322540000082,nan,nan,nan,nan,nan,nan,nan,nan,nan,nan,nan,nan,,nan,0,nan,nan,nan,INITIALIZING,0.0,0.0,0.0,30.903022791533086,0,0,0,0.0,0.0,1.0,0,0,0,0,0,0,0
394,29.09875222800008,nan,nan,nan,nan,nan,nan,nan,nan,nan,nan,nan,nan,,nan,0,nan,nan,nan,INITIALIZING,0.0,0.0,0.0,27.450139018485288,0,0,0,0.0,0.0,1.0,0,0,0,0,0,0,0
395,29.130289421000043,nan,nan,nan,nan,nan,nan,nan,nan,nan,nan,nan,nan,,nan,0,nan,nan,nan,INITIALIZING,0.0,0.0,0.0,31.708592454667055,0,0,0,0.0,0.0,1.0,0,0,0,0,0,0,0
396,29.16283080200003,nan,nan,nan,nan,nan,nan,nan,nan,nan,nan,nan,nan,,nan,0,nan,nan,nan,INITIALIZING,0.0,0.0,0.0,30.73010331062444,0,0,0,0.0,0.0,1.0,0,0,0,0,0,0,0
397,29.198094060000017,nan,nan,nan,nan,nan,nan,nan,nan,nan,nan,nan,nan,,nan,0,nan,nan,nan,INITIALIZING,0.0,0.0,0.0,28.35812845201054,0,0,0,0.0,0.0,1.0,0,0,0,0,0,0,0
398,29.23027658000001,nan,nan,nan,nan,nan,nan,nan,nan,nan,nan,nan,nan,,nan,0,nan,nan,nan,INITIALIZING,0.0,0.0,0.0,31.07276869556036,0,0,0,0.0,0.0,1.0,0,0,0,0,0,0,0
399,29.266699600000038,nan,nan,nan,nan,nan,nan,nan,nan,nan,nan,nan,nan,,nan,0,nan,nan,nan,INITIALIZING,0.0,0.0,0.0,27.455164343846175,0,0,0,0.0,0.0,1.0,0,0,0,0,0,0,0
400,29.29906660300003,nan,nan,nan,nan,nan,nan,nan,nan,nan,nan,nan,nan,,nan,0,nan,nan,nan,INITIALIZING,0.0,0.0,0.0,30.89566247453618,0,0,0,0.0,0.0,1.0,0,0,0,0,0,0,0
401,29.331496001999994,nan,nan,nan,nan,nan,nan,nan,nan,nan,nan,nan,nan,,nan,0,nan,nan,nan,INITIALIZING,0.0,0.0,0.0,30.836217470482524,0,0,0,0.0,0.0,1.0,0,0,0,0,0,0,0
402,29.37209671000005,nan,nan,nan,nan,nan,nan,nan,nan,nan,nan,nan,nan,,nan,0,nan,nan,nan,INITIALIZING,0.0,0.0,0.0,24.630112361553216,0,0,0,0.0,0.0,1.0,0,0,0,0,0,0,0
403,29.402090540000017,nan,nan,nan,nan,nan,nan,nan,nan,nan,nan,nan,nan,,nan,0,nan,nan,nan,INITIALIZING,0.0,0.0,0.0,33.34019029917521,0,0,0,0.0,0.0,1.0,0,0,0,0,0,0,0
404,29.430782937000004,nan,nan,nan,nan,nan,nan,nan,nan,nan,nan,nan,nan,,nan,0,nan,nan,nan,INITIALIZING,0.0,0.0,0.0,34.85243843518833,0,0,0,0.0,0.0,1.0,0,0,0,0,0,0,0
405,29.46617781300006,nan,nan,nan,nan,nan,nan,nan,nan,nan,nan,nan,nan,,nan,0,nan,nan,nan,INITIALIZING,0.0,0.0,0.0,28.252677025862443,0,0,0,0.0,0.0,1.0,0,0,0,0,0,0,0
406,29.50393190200009,nan,nan,nan,nan,nan,nan,nan,nan,nan,nan,nan,nan,,nan,0,nan,nan,nan,INITIALIZING,0.0,0.0,0.0,26.48719718807561,0,0,0,0.0,0.0,1.0,0,0,0,0,0,0,0
407,29.535080390000076,nan,nan,nan,nan,nan,nan,nan,nan,nan,nan,nan,nan,,nan,0,nan,nan,nan,INITIALIZING,0.0,0.0,0.0,32.104287052407585,0,0,0,0.0,0.0,1.0,0,0,0,0,0,0,0
408,29.566597844000057,nan,nan,nan,nan,nan,nan,nan,nan,nan,nan,nan,nan,,nan,0,nan,nan,nan,INITIALIZING,0.0,0.0,0.0,31.728451162349057,0,0,0,0.0,0.0,1.0,0,0,0,0,0,0,0
409,29.598737810000102,nan,nan,nan,nan,nan,nan,nan,nan,nan,nan,nan,nan,,nan,0,nan,nan,nan,INITIALIZING,0.0,0.0,0.0,31.11390970353215,0,0,0,0.0,0.0,1.0,0,0,0,0,0,0,0
410,29.635041766000086,nan,nan,nan,nan,nan,nan,nan,nan,nan,nan,nan,nan,,nan,0,nan,nan,nan,INITIALIZING,0.0,0.0,0.0,27.545207469964375,0,0,0,0.0,0.0,1.0,0,0,0,0,0,0,0
411,29.668759733,nan,nan,nan,nan,nan,nan,nan,nan,nan,nan,nan,nan,,nan,0,nan,nan,nan,INITIALIZING,0.0,0.0,0.0,29.657778596274614,0,0,0,0.0,0.0,1.0,0,0,0,0,0,0,0
412,29.701053036000076,nan,nan,nan,nan,nan,nan,nan,nan,nan,nan,nan,nan,,nan,0,nan,nan,nan,INITIALIZING,0.0,0.0,0.0,30.96617276955866,0,0,0,0.0,0.0,1.0,0,0,0,0,0,0,0
413,29.73109863700006,nan,nan,nan,nan,nan,nan,nan,nan,nan,nan,nan,nan,,nan,0,nan,nan,nan,INITIALIZING,0.0,0.0,0.0,33.28274245539476,0,0,0,0.0,0.0,1.0,0,0,0,0,0,0,0
414,29.768368811000073,nan,nan,nan,nan,nan,nan,nan,nan,nan,nan,nan,nan,,nan,0,nan,nan,nan,INITIALIZING,0.0,0.0,0.0,26.831106288895455,0,0,0,0.0,0.0,1.0,0,0,0,0,0,0,0
415,29.797970237000072,nan,nan,nan,nan,nan,nan,nan,nan,nan,nan,nan,nan,,nan,0,nan,nan,nan,INITIALIZING,0.0,0.0,0.0,33.78215630557882,0,0,0,0.0,0.0,1.0,0,0,0,0,0,0,0
416,29.834296016000053,nan,nan,nan,nan,nan,nan,nan,nan,nan,nan,nan,nan,,nan,0,nan,nan,nan,INITIALIZING,0.0,0.0,0.0,27.52865946799191,0,0,0,0.0,0.0,1.0,0,0,0,0,0,0,0
417,29.866000453000083,nan,nan,nan,nan,nan,nan,nan,nan,nan,nan,nan,nan,,nan,0,nan,nan,nan,INITIALIZING,0.0,0.0,0.0,31.541326534170693,0,0,0,0.0,0.0,1.0,0,0,0,0,0,0,0
418,29.898523395000097,nan,nan,nan,nan,nan,nan,nan,nan,nan,nan,nan,nan,,nan,0,nan,nan,nan,INITIALIZING,0.0,0.0,0.0,30.74752585419747,0,0,0,0.0,0.0,1.0,0,0,0,0,0,0,0
419,29.93405770100003,nan,nan,nan,nan,nan,nan,nan,nan,nan,nan,nan,nan,,nan,0,nan,nan,nan,INITIALIZING,0.0,0.0,0.0,28.141818782163128,0,0,0,0.0,0.0,1.0,0,0,0,0,0,0,0
420,29.96652288200005,nan,nan,nan,nan,nan,nan,nan,nan,nan,nan,nan,nan,,nan,0,nan,nan,nan,INITIALIZING,0.0,0.0,0.0,30.802230857710875,0,0,0,0.0,0.0,1.0,0,0,0,0,0,0,0
421,29.998577533999992,nan,nan,nan,nan,nan,nan,nan,nan,nan,nan,nan,nan,,nan,0,nan,nan,nan,INITIALIZING,0.0,0.0,0.0,31.19671990205333,0,0,0,0.0,0.0,1.0,0,0,0,0,0,0,0
422,30.034495805000006,nan,nan,nan,nan,nan,nan,nan,nan,nan,nan,nan,nan,,nan,0,nan,nan,nan,INITIALIZING,0.0,0.0,0.0,27.840983771173377,0,0,0,0.0,0.0,1.0,0,0,0,0,0,0,0
423,30.067762147000053,nan,nan,nan,nan,nan,nan,nan,nan,nan,nan,nan,nan,,nan,0,nan,nan,nan,INITIALIZING,0.0,0.0,0.0,30.060413615617296,0,0,0,0.0,0.0,1.0,0,0,0,0,0,0,0
424,30.100859892000017,nan,nan,nan,nan,nan,nan,nan,nan,nan,nan,nan,nan,,nan,0,nan,nan,nan,INITIALIZING,0.0,0.0,0.0,30.213538716945767,0,0,0,0.0,0.0,1.0,0,0,0,0,0,0,0
425,30.14248400500003,nan,nan,nan,nan,nan,nan,nan,nan,nan,nan,nan,nan,,nan,0,nan,nan,nan,INITIALIZING,0.0,0.0,0.0,24.02453597028529,0,0,0,0.0,0.0,1.0,0,0,0,0,0,0,0
426,30.170971970000096,nan,nan,nan,nan,nan,nan,nan,nan,nan,nan,nan,nan,,nan,0,nan,nan,nan,INITIALIZING,0.0,0.0,0.0,35.10254242441074,0,0,0,0.0,0.0,1.0,0,0,0,0,0,0,0
427,30.199065449000045,nan,nan,nan,nan,nan,nan,nan,nan,nan,nan,nan,nan,,nan,0,nan,nan,nan,INITIALIZING,0.0,0.0,0.0,35.595449036476005,0,0,0,0.0,0.0,1.0,0,0,0,0,0,0,0
428,30.23435417500002,nan,nan,nan,nan,nan,nan,nan,nan,nan,nan,nan,nan,,nan,0,nan,nan,nan,INITIALIZING,0.0,0.0,0.0,28.337662289102663,0,0,0,0.0,0.0,1.0,0,0,0,0,0,0,0
429,30.26689362700006,nan,nan,nan,nan,nan,nan,nan,nan,nan,nan,nan,nan,,nan,0,nan,nan,nan,INITIALIZING,0.0,0.0,0.0,30.731925048979146,0,0,0,0.0,0.0,1.0,0,0,0,0,0,0,0
430,30.298292745000026,nan,nan,nan,nan,nan,nan,nan,nan,nan,nan,nan,nan,,nan,0,nan,nan,nan,INITIALIZING,0.0,0.0,0.0,31.848028342739887,0,0,0,0.0,0.0,1.0,0,0,0,0,0,0,0
431,30.334697899000048,nan,nan,nan,nan,nan,nan,nan,nan,nan,nan,nan,nan,,nan,0,nan,nan,nan,INITIALIZING,0.0,0.0,0.0,27.468638094468695,0,0,0,0.0,0.0,1.0,0,0,0,0,0,0,0
432,30.36752131600008,nan,nan,nan,nan,nan,nan,nan,nan,nan,nan,nan,nan,,nan,0,nan,nan,nan,INITIALIZING,0.0,0.0,0.0,30.466054158805044,0,0,0,0.0,0.0,1.0,0,0,0,0,0,0,0
433,30.400146760000098,nan,nan,nan,nan,nan,nan,nan,nan,nan,nan,nan,nan,,nan,0,nan,nan,nan,INITIALIZING,0.0,0.0,0.0,30.65092386173917,0,0,0,0.0,0.0,1.0,0,0,0,0,0,0,0
434,30.434868339000104,nan,nan,nan,nan,nan,nan,nan,nan,nan,nan,nan,nan,,nan,0,nan,nan,nan,INITIALIZING,0.0,0.0,0.0,28.80053352411813,0,0,0,0.0,0.0,1.0,0,0,0,0,0,0,0
435,30.4668028320001,nan,nan,nan,nan,nan,nan,nan,nan,nan,nan,nan,nan,,nan,0,nan,nan,nan,INITIALIZING,0.0,0.0,0.0,31.314102904347934,0,0,0,0.0,0.0,1.0,0,0,0,0,0,0,0
436,30.505358967000006,nan,nan,nan,nan,nan,nan,nan,nan,nan,nan,nan,nan,,nan,0,nan,nan,nan,INITIALIZING,0.0,0.0,0.0,25.936209633107346,0,0,0,0.0,0.0,1.0,0,0,0,0,0,0,0
437,30.53562613500003,nan,nan,nan,nan,nan,nan,nan,nan,nan,nan,nan,nan,,nan,0,nan,nan,nan,INITIALIZING,0.0,0.0,0.0,33.03910032148494,0,0,0,0.0,0.0,1.0,0,0,0,0,0,0,0
438,30.570108126000036,nan,nan,nan,nan,nan,nan,nan,nan,nan,nan,nan,nan,,nan,0,nan,nan,nan,INITIALIZING,0.0,0.0,0.0,29.000645583365504,0,0,0,0.0,0.0,1.0,0,0,0,0,0,0,0
439,30.602437835000046,nan,nan,nan,nan,nan,nan,nan,nan,nan,nan,nan,nan,,nan,0,nan,nan,nan,INITIALIZING,0.0,0.0,0.0,30.931302227301263,0,0,0,0.0,0.0,1.0,0,0,0,0,0,0,0
440,30.634112634000076,nan,nan,nan,nan,nan,nan,nan,nan,nan,nan,nan,nan,,nan,0,nan,nan,nan,INITIALIZING,0.0,0.0,0.0,31.57083964444637,0,0,0,0.0,0.0,1.0,0,0,0,0,0,0,0
441,30.666430364000007,nan,nan,nan,nan,nan,nan,nan,nan,nan,nan,nan,nan,,nan,0,nan,nan,nan,INITIALIZING,0.0,0.0,0.0,30.942767329330316,0,0,0,0.0,0.0,1.0,0,0,0,0,0,0,0
442,30.702304050000066,nan,nan,nan,nan,nan,nan,nan,nan,nan,nan,nan,nan,,nan,0,nan,nan,nan,INITIALIZING,0.0,0.0,0.0,27.875585463906738,0,0,0,0.0,0.0,1.0,0,0,0,0,0,0,0
443,30.734283178000055,nan,nan,nan,nan,nan,nan,nan,nan,nan,nan,nan,nan,,nan,0,nan,nan,nan,INITIALIZING,0.0,0.0,0.0,31.2703961158773,0,0,0,0.0,0.0,1.0,0,0,0,0,0,0,0
444,30.766299079000078,nan,nan,nan,nan,nan,nan,nan,nan,nan,nan,nan,nan,,nan,0,nan,nan,nan,INITIALIZING,0.0,0.0,0.0,31.234479391952686,0,0,0,0.0,0.0,1.0,0,0,0,0,0,0,0
445,30.80241516500007,nan,nan,nan,nan,nan,nan,nan,nan,nan,nan,nan,nan,,nan,0,nan,nan,nan,INITIALIZING,0.0,0.0,0.0,27.6884931551055,0,0,0,0.0,0.0,1.0,0,0,0,0,0,0,0
446,30.834434450999993,nan,nan,nan,nan,nan,nan,nan,nan,nan,nan,nan,nan,,nan,0,nan,nan,nan,INITIALIZING,0.0,0.0,0.0,31.231177359870628,0,0,0,0.0,0.0,1.0,0,0,0,0,0,0,0
447,30.867424538000023,nan,nan,nan,nan,nan,nan,nan,nan,nan,nan,nan,nan,,nan,0,nan,nan,nan,INITIALIZING,0.0,0.0,0.0,30.31213588491253,0,0,0,0.0,0.0,1.0,0,0,0,0,0,0,0
448,30.90240034100009,nan,nan,nan,nan,nan,nan,nan,nan,nan,nan,nan,nan,,nan,0,nan,nan,nan,INITIALIZING,0.0,0.0,0.0,28.591194889739057,0,0,0,0.0,0.0,1.0,0,0,0,0,0,0,0
449,30.93437447000008,nan,nan,nan,nan,nan,nan,nan,nan,nan,nan,nan,nan,,nan,0,nan,nan,nan,INITIALIZING,0.0,0.0,0.0,31.27528509065185,0,0,0,0.0,0.0,1.0,0,0,0,0,0,0,0
450,30.966967361000002,nan,nan,nan,nan,nan,nan,nan,nan,nan,nan,nan,nan,,nan,0,nan,nan,nan,INITIALIZING,0.0,0.0,0.0,30.68153727149864,0,0,0,0.0,0.0,1.0,0,0,0,0,0,0,0
451,31.002278379000018,nan,nan,nan,nan,nan,nan,nan,nan,nan,nan,nan,nan,,nan,0,nan,nan,nan,INITIALIZING,0.0,0.0,0.0,28.31977259901011,0,0,0,0.0,0.0,1.0,0,0,0,0,0,0,0
452,31.064867806000052,nan,nan,nan,nan,nan,nan,nan,nan,nan,nan,nan,nan,,nan,0,nan,nan,nan,INITIALIZING,0.0,0.0,0.0,15.977139397672543,0,0,0,0.0,0.0,1.0,0,0,0,0,0,0,0
453,31.095471906000057,nan,nan,nan,nan,nan,nan,nan,nan,nan,nan,nan,nan,,nan,0,nan,nan,nan,INITIALIZING,0.0,0.0,0.0,32.675360490909256,0,0,0,0.0,0.0,1.0,0,0,0,0,0,0,0
454,31.1141616540001,nan,nan,nan,nan,nan,nan,nan,nan,nan,nan,nan,nan,,nan,0,nan,nan,nan,INITIALIZING,0.0,0.0,0.0,53.50526930581004,0,0,0,0.0,0.0,1.0,0,0,0,0,0,0,0
455,31.135015560000056,nan,nan,nan,nan,nan,nan,nan,nan,nan,nan,nan,nan,,nan,0,nan,nan,nan,INITIALIZING,0.0,0.0,0.0,47.95264733628703,0,0,0,0.0,0.0,1.0,0,0,0,0,0,0,0
456,31.173801126000058,nan,nan,nan,nan,nan,nan,nan,nan,nan,nan,nan,nan,,nan,0,nan,nan,nan,INITIALIZING,0.0,0.0,0.0,25.782787338979773,0,0,0,0.0,0.0,1.0,0,0,0,0,0,0,0
457,31.211782197000048,nan,nan,nan,nan,nan,nan,nan,nan,nan,nan,nan,nan,,nan,0,nan,nan,nan,INITIALIZING,0.0,0.0,0.0,26.328904732577428,0,0,0,0.0,0.0,1.0,0,0,0,0,0,0,0
458,31.234907971000098,nan,nan,nan,nan,nan,nan,nan,nan,nan,nan,nan,nan,,nan,0,nan,nan,nan,INITIALIZING,0.0,0.0,0.0,43.24179592855283,0,0,0,0.0,0.0,1.0,0,0,0,0,0,0,0
459,31.270304510000074,nan,nan,nan,nan,nan,nan,nan,nan,nan,nan,nan,nan,,nan,0,nan,nan,nan,INITIALIZING,0.0,0.0,0.0,28.251349658809445,0,0,0,0.0,0.0,1.0,0,0,0,0,0,0,0
460,31.305077600000004,nan,nan,nan,nan,nan,nan,nan,nan,nan,nan,nan,nan,,nan,0,nan,nan,nan,INITIALIZING,0.0,0.0,0.0,28.757869950642778,0,0,0,0.0,0.0,1.0,0,0,0,0,0,0,0
461,31.336928652000097,nan,nan,nan,nan,nan,nan,nan,nan,nan,nan,nan,nan,,nan,0,nan,nan,nan,INITIALIZING,0.0,0.0,0.0,31.396137245234097,0,0,0,0.0,0.0,1.0,0,0,0,0,0,0,0
462,31.370198796000068,nan,nan,nan,nan,nan,nan,nan,nan,nan,nan,nan,nan,,nan,0,nan,nan,nan,INITIALIZING,0.0,0.0,0.0,30.056978412863874,0,0,0,0.0,0.0,1.0,0,0,0,0,0,0,0
463,31.4026800690001,nan,nan,nan,nan,nan,nan,nan,nan,nan,nan,nan,nan,,nan,0,nan,nan,nan,INITIALIZING,0.0,0.0,0.0,30.7869706953624,0,0,0,0.0,0.0,1.0,0,0,0,0,0,0,0
464,31.434521121000103,nan,nan,nan,nan,nan,nan,nan,nan,nan,nan,nan,nan,,nan,0,nan,nan,nan,INITIALIZING,0.0,0.0,0.0,31.405997515404472,0,0,0,0.0,0.0,1.0,0,0,0,0,0,0,0
465,31.474365770000077,nan,nan,nan,nan,nan,nan,nan,nan,nan,nan,nan,nan,,nan,0,nan,nan,nan,INITIALIZING,0.0,0.0,0.0,25.097472937975876,0,0,0,0.0,0.0,1.0,0,0,0,0,0,0,0
466,31.502540343000078,nan,nan,nan,nan,nan,nan,nan,nan,nan,nan,nan,nan,,nan,0,nan,nan,nan,INITIALIZING,0.0,0.0,0.0,35.49299575897599,0,0,0,0.0,0.0,1.0,0,0,0,0,0,0,0
467,31.534372228000052,nan,nan,nan,nan,nan,nan,nan,nan,nan,nan,nan,nan,,nan,0,nan,nan,nan,INITIALIZING,0.0,0.0,0.0,31.4150418676372,0,0,0,0.0,0.0,1.0,0,0,0,0,0,0,0
468,31.571157338000035,nan,nan,nan,nan,nan,nan,nan,nan,nan,nan,nan,nan,,nan,0,nan,nan,nan,INITIALIZING,0.0,0.0,0.0,27.184912591004217,0,0,0,0.0,0.0,1.0,0,0,0,0,0,0,0
469,31.602510307000102,nan,nan,nan,nan,nan,nan,nan,nan,nan,nan,nan,nan,,nan,0,nan,nan,nan,INITIALIZING,0.0,0.0,0.0,31.894906029404677,0,0,0,0.0,0.0,1.0,0,0,0,0,0,0,0
470,31.639978503000066,nan,nan,nan,nan,nan,nan,nan,nan,nan,nan,nan,nan,,nan,0,nan,nan,nan,INITIALIZING,0.0,0.0,0.0,26.68930204168293,0,0,0,0.0,0.0,1.0,0,0,0,0,0,0,0
471,31.671071207000068,nan,nan,nan,nan,nan,nan,nan,nan,nan,nan,nan,nan,,nan,0,nan,nan,nan,INITIALIZING,0.0,0.0,0.0,32.161885952406145,0,0,0,0.0,0.0,1.0,0,0,0,0,0,0,0
472,31.702873821000026,nan,nan,nan,nan,nan,nan,nan,nan,nan,nan,nan,nan,,nan,0,nan,nan,nan,INITIALIZING,0.0,0.0,0.0,31.443956147797742,0,0,0,0.0,0.0,1.0,0,0,0,0,0,0,0
473,31.738288173,nan,nan,nan,nan,nan,nan,nan,nan,nan,nan,nan,nan,,nan,0,nan,nan,nan,INITIALIZING,0.0,0.0,0.0,28.237139564228073,0,0,0,0.0,0.0,1.0,0,0,0,0,0,0,0
474,31.770297145000086,nan,nan,nan,nan,nan,nan,nan,nan,nan,nan,nan,nan,,nan,0,nan,nan,nan,INITIALIZING,0.0,0.0,0.0,31.241240737045246,0,0,0,0.0,0.0,1.0,0,0,0,0,0,0,0
475,31.802663155999994,nan,nan,nan,nan,nan,nan,nan,nan,nan,nan,nan,nan,,nan,0,nan,nan,nan,INITIALIZING,0.0,0.0,0.0,30.89660940926072,0,0,0,0.0,0.0,1.0,0,0,0,0,0,0,0
476,31.838109384000063,nan,nan,nan,nan,nan,nan,nan,nan,nan,nan,nan,nan,,nan,0,nan,nan,nan,INITIALIZING,0.0,0.0,0.0,28.211746536135124,0,0,0,0.0,0.0,1.0,0,0,0,0,0,0,0
477,31.87024231700002,nan,nan,nan,nan,nan,nan,nan,nan,nan,nan,nan,nan,,nan,0,nan,nan,nan,INITIALIZING,0.0,0.0,0.0,31.12071966792868,0,0,0,0.0,0.0,1.0,0,0,0,0,0,0,0
478,31.902683225000033,nan,nan,nan,nan,nan,nan,nan,nan,nan,nan,nan,nan,,nan,0,nan,nan,nan,INITIALIZING,0.0,0.0,0.0,30.825277763483697,0,0,0,0.0,0.0,1.0,0,0,0,0,0,0,0
479,31.93862560900004,nan,nan,nan,nan,nan,nan,nan,nan,nan,nan,nan,nan,,nan,0,nan,nan,nan,INITIALIZING,0.0,0.0,0.0,27.822305832572162,0,0,0,0.0,0.0,1.0,0,0,0,0,0,0,0
480,32.08248983300007,nan,nan,nan,nan,nan,nan,nan,nan,nan,nan,nan,nan,,nan,0,nan,nan,nan,INITIALIZING,0.0,0.0,0.0,6.950998463661245,0,0,0,0.0,0.0,1.0,0,0,0,0,0,0,0
481,32.10232522800004,nan,nan,nan,nan,nan,nan,nan,nan,nan,nan,nan,nan,,nan,0,nan,nan,nan,INITIALIZING,0.0,0.0,0.0,50.4149274567697,0,0,0,0.0,0.0,1.0,0,0,0,0,0,0,0
482,32.138852466,nan,nan,nan,nan,nan,nan,nan,nan,nan,nan,nan,nan,,nan,0,nan,nan,nan,INITIALIZING,0.0,0.0,0.0,27.376830408065068,0,0,0,0.0,0.0,1.0,0,0,0,0,0,0,0
483,32.170853104,nan,nan,nan,nan,nan,nan,nan,nan,nan,nan,nan,nan,,nan,0,nan,nan,nan,INITIALIZING,0.0,0.0,0.0,31.249376965547214,0,0,0,0.0,0.0,1.0,0,0,0,0,0,0,0
484,32.207012210000016,nan,nan,nan,nan,nan,nan,nan,nan,nan,nan,nan,nan,,nan,0,nan,nan,nan,INITIALIZING,0.0,0.0,0.0,27.6555509972957,0,0,0,0.0,0.0,1.0,0,0,0,0,0,0,0
485,32.238730186,nan,nan,nan,nan,nan,nan,nan,nan,nan,nan,nan,nan,,nan,0,nan,nan,nan,INITIALIZING,0.0,0.0,0.0,31.527862938056842,0,0,0,0.0,0.0,1.0,0,0,0,0,0,0,0
486,32.27025211600005,nan,nan,nan,nan,nan,nan,nan,nan,nan,nan,nan,nan,,nan,0,nan,nan,nan,INITIALIZING,0.0,0.0,0.0,31.723945837018906,0,0,0,0.0,0.0,1.0,0,0,0,0,0,0,0
487,32.30630616799999,nan,nan,nan,nan,nan,nan,nan,nan,nan,nan,nan,nan,,nan,0,nan,nan,nan,INITIALIZING,0.0,0.0,0.0,27.736133514248372,0,0,0,0.0,0.0,1.0,0,0,0,0,0,0,0
488,32.33819586600009,nan,nan,nan,nan,nan,nan,nan,nan,nan,nan,nan,nan,,nan,0,nan,nan,nan,INITIALIZING,0.0,0.0,0.0,31.358089374093925,0,0,0,0.0,0.0,1.0,0,0,0,0,0,0,0
489,32.37021921200005,nan,nan,nan,nan,nan,nan,nan,nan,nan,nan,nan,nan,,nan,0,nan,nan,nan,INITIALIZING,0.0,0.0,0.0,31.22721779295803,0,0,0,0.0,0.0,1.0,0,0,0,0,0,0,0
490,32.40694874600001,nan,nan,nan,nan,nan,nan,nan,nan,nan,nan,nan,nan,,nan,0,nan,nan,nan,INITIALIZING,0.0,0.0,0.0,27.2260464834944,0,0,0,0.0,0.0,1.0,0,0,0,0,0,0,0
491,32.438874903000055,nan,nan,nan,nan,nan,nan,nan,nan,nan,nan,nan,nan,,nan,0,nan,nan,nan,INITIALIZING,0.0,0.0,0.0,31.322279095433768,0,0,0,0.0,0.0,1.0,0,0,0,0,0,0,0
492,32.470976480000104,nan,nan,nan,nan,nan,nan,nan,nan,nan,nan,nan,nan,,nan,0,nan,nan,nan,INITIALIZING,0.0,0.0,0.0,31.15111759146559,0,0,0,0.0,0.0,1.0,0,0,0,0,0,0,0
493,32.506438333000006,nan,nan,nan,nan,nan,nan,nan,nan,nan,nan,nan,nan,,nan,0,nan,nan,nan,INITIALIZING,0.0,0.0,0.0,28.199316036947526,0,0,0,0.0,0.0,1.0,0,0,0,0,0,0,0
494,32.538257144,nan,nan,nan,nan,nan,nan,nan,nan,nan,nan,nan,nan,,nan,0,nan,nan,nan,INITIALIZING,0.0,0.0,0.0,31.427949963315633,0,0,0,0.0,0.0,1.0,0,0,0,0,0,0,0
495,32.570459661000086,nan,nan,nan,nan,nan,nan,nan,nan,nan,nan,nan,nan,,nan,0,nan,nan,nan,INITIALIZING,0.0,0.0,0.0,31.05347324239585,0,0,0,0.0,0.0,1.0,0,0,0,0,0,0,0
496,32.60704768100004,nan,nan,nan,nan,nan,nan,nan,nan,nan,nan,nan,nan,,nan,0,nan,nan,nan,INITIALIZING,0.0,0.0,0.0,27.331350534991067,0,0,0,0.0,0.0,1.0,0,0,0,0,0,0,0
497,32.63827069900003,nan,nan,nan,nan,nan,nan,nan,nan,nan,nan,nan,nan,,nan,0,nan,nan,nan,INITIALIZING,0.0,0.0,0.0,32.027653444656515,0,0,0,0.0,0.0,1.0,0,0,0,0,0,0,0
498,32.670622854000044,nan,nan,nan,nan,nan,nan,nan,nan,nan,nan,nan,nan,,nan,0,nan,nan,nan,INITIALIZING,0.0,0.0,0.0,30.909842018240184,0,0,0,0.0,0.0,1.0,0,0,0,0,0,0,0
499,32.707284834999996,nan,nan,nan,nan,nan,nan,nan,nan,nan,nan,nan,nan,,nan,0,nan,nan,nan,INITIALIZING,0.0,0.0,0.0,27.276212924809204,0,0,0,0.0,0.0,1.0,0,0,0,0,0,0,0
500,32.7791597050001,nan,nan,nan,nan,nan,nan,nan,nan,nan,nan,nan,nan,,nan,0,nan,nan,nan,INITIALIZING,0.0,0.0,0.0,13.913068642747982,0,0,0,0.0,0.0,1.0,0,0,0,0,0,0,0
501,32.809565207000105,nan,nan,nan,nan,nan,nan,nan,nan,nan,nan,nan,nan,,nan,0,nan,nan,nan,INITIALIZING,0.0,0.0,0.0,32.888784404866705,0,0,0,0.0,0.0,1.0,0,0,0,0,0,0,0
502,32.83970966100003,nan,nan,nan,nan,nan,nan,nan,nan,nan,nan,nan,nan,,nan,0,nan,nan,nan,INITIALIZING,0.0,0.0,0.0,33.17359803572913,0,0,0,0.0,0.0,1.0,0,0,0,0,0,0,0
503,32.87545542600003,nan,nan,nan,nan,nan,nan,nan,nan,nan,nan,nan,nan,,nan,0,nan,nan,nan,INITIALIZING,0.0,0.0,0.0,27.97534197407605,0,0,0,0.0,0.0,1.0,0,0,0,0,0,0,0
504,32.90611062000005,nan,nan,nan,nan,nan,nan,nan,nan,nan,nan,nan,nan,,nan,0,nan,nan,nan,INITIALIZING,0.0,0.0,0.0,32.620899414284544,0,0,0,0.0,0.0,1.0,0,0,0,0,0,0,0
505,32.938481421000006,nan,nan,nan,nan,nan,nan,nan,nan,nan,nan,nan,nan,,nan,0,nan,nan,nan,INITIALIZING,0.0,0.0,0.0,30.892037549560413,0,0,0,0.0,0.0,1.0,0,0,0,0,0,0,0
506,32.97484136500009,nan,nan,nan,nan,nan,nan,nan,nan,nan,nan,nan,nan,,nan,0,nan,nan,nan,INITIALIZING,0.0,0.0,0.0,27.50279263350155,0,0,0,0.0,0.0,1.0,0,0,0,0,0,0,0
507,33.00688028400009,nan,nan,nan,nan,nan,nan,nan,nan,nan,nan,nan,nan,,nan,0,nan,nan,nan,INITIALIZING,0.0,0.0,0.0,31.212039332536623,0,0,0,0.0,0.0,1.0,0,0,0,0,0,0,0
508,33.03912707200004,nan,nan,nan,nan,nan,nan,nan,nan,nan,nan,nan,nan,,nan,0,nan,nan,nan,INITIALIZING,0.0,0.0,0.0,31.01084052158879,0,0,0,0.0,0.0,1.0,0,0,0,0,0,0,0
509,33.075076276999994,nan,nan,nan,nan,nan,nan,nan,nan,nan,nan,nan,nan,,nan,0,nan,nan,nan,INITIALIZING,0.0,0.0,0.0,27.817026829977014,0,0,0,0.0,0.0,1.0,0,0,0,0,0,0,0
510,33.10637742100005,nan,nan,nan,nan,nan,nan,nan,nan,nan,nan,nan,nan,,nan,0,nan,nan,nan,INITIALIZING,0.0,0.0,0.0,31.947714115442075,0,0,0,0.0,0.0,1.0,0,0,0,0,0,0,0
511,38.30659950200004,nan,nan,nan,nan,nan,nan,nan,nan,nan,nan,nan,nan,,nan,0,nan,nan,nan,INITIALIZING,0.0,0.0,0.0,0.19229947960370608,0,0,0,0.0,0.0,1.0,0,0,0,0,0,0,0
512,38.31633667400001,nan,nan,nan,nan,nan,nan,nan,nan,nan,nan,nan,nan,,nan,0,nan,nan,nan,INITIALIZING,0.0,0.0,0.0,102.69922314228319,0,0,0,0.0,0.0,1.0,0,0,0,0,0,0,0
513,38.324781632000054,nan,nan,nan,nan,nan,nan,nan,nan,nan,nan,nan,nan,,nan,0,nan,nan,nan,INITIALIZING,0.0,0.0,0.0,118.41385119915914,0,0,0,0.0,0.0,1.0,0,0,0,0,0,0,0
514,38.35017744600009,nan,nan,nan,nan,nan,nan,nan,nan,nan,nan,nan,nan,,nan,0,nan,nan,nan,INITIALIZING,0.0,0.0,0.0,39.37656812255052,0,0,0,0.0,0.0,1.0,0,0,0,0,0,0,0
515,38.38610893700002,nan,nan,nan,nan,nan,nan,nan,nan,nan,nan,nan,nan,,nan,0,nan,nan,nan,INITIALIZING,0.0,0.0,0.0,27.830740449985555,0,0,0,0.0,0.0,1.0,0,0,0,0,0,0,0
516,38.41886953200003,nan,nan,nan,nan,nan,nan,nan,nan,nan,nan,nan,nan,,nan,0,nan,nan,nan,INITIALIZING,0.0,0.0,0.0,30.524476127481552,0,0,0,0.0,0.0,1.0,0,0,0,0,0,0,0
517,38.4508997480001,nan,nan,nan,nan,nan,nan,nan,nan,nan,nan,nan,nan,,nan,0,nan,nan,nan,INITIALIZING,0.0,0.0,0.0,31.220520023902548,0,0,0,0.0,0.0,1.0,0,0,0,0,0,0,0
518,38.486023045000024,nan,nan,nan,nan,nan,nan,nan,nan,nan,nan,nan,nan,,nan,0,nan,nan,nan,INITIALIZING,0.0,0.0,0.0,28.47113128366249,0,0,0,0.0,0.0,1.0,0,0,0,0,0,0,0
519,38.51897900900008,nan,nan,nan,nan,nan,nan,nan,nan,nan,nan,nan,nan,,nan,0,nan,nan,nan,INITIALIZING,0.0,0.0,0.0,30.343521433583508,0,0,0,0.0,0.0,1.0,0,0,0,0,0,0,0
520,39.10237641200001,nan,nan,nan,nan,nan,nan,nan,nan,nan,nan,nan,nan,,nan,0,nan,nan,nan,INITIALIZING,0.0,0.0,0.0,1.7140974485964773,0,0,0,0.0,0.0,1.0,0,0,0,0,0,0,0
521,39.8201899930001,nan,nan,nan,nan,nan,nan,nan,nan,nan,nan,nan,nan,,nan,0,nan,nan,nan,INITIALIZING,0.0,0.0,0.0,1.3931193647893367,0,0,0,0.0,0.0,1.0,0,0,0,0,0,0,0
522,39.82983372500007,nan,nan,nan,nan,nan,nan,nan,nan,nan,nan,nan,nan,,nan,0,nan,nan,nan,INITIALIZING,0.0,0.0,0.0,103.69429594298934,0,0,0,0.0,0.0,1.0,0,0,0,0,0,0,0
523,39.854214102000014,nan,nan,nan,nan,nan,nan,nan,nan,nan,nan,nan,nan,,nan,0,nan,nan,nan,INITIALIZING,0.0,0.0,0.0,41.01659297566783,0,0,0,0.0,0.0,1.0,0,0,0,0,0,0,0
524,39.89060263200008,nan,nan,nan,nan,nan,nan,nan,nan,nan,nan,nan,nan,,nan,0,nan,nan,nan,INITIALIZING,0.0,0.0,0.0,27.481187066313083,0,0,0,0.0,0.0,1.0,0,0,0,0,0,0,0
525,39.92289113300001,nan,nan,nan,nan,nan,nan,nan,nan,nan,nan,nan,nan,,nan,0,nan,nan,nan,INITIALIZING,0.0,0.0,0.0,30.970778110829915,0,0,0,0.0,0.0,1.0,0,0,0,0,0,0,0
526,39.954881243000045,nan,nan,nan,nan,nan,nan,nan,nan,nan,nan,nan,nan,,nan,0,nan,nan,nan,INITIALIZING,0.0,0.0,0.0,31.25966118899917,0,0,0,0.0,0.0,1.0,0,0,0,0,0,0,0
527,39.991653842999995,nan,nan,nan,nan,nan,nan,nan,nan,nan,nan,nan,nan,,nan,0,nan,nan,nan,INITIALIZING,0.0,0.0,0.0,27.19416086981553,0,0,0,0.0,0.0,1.0,0,0,0,0,0,0,0
528,40.02369536000003,nan,nan,nan,nan,nan,nan,nan,nan,nan,nan,nan,nan,,nan,0,nan,nan,nan,INITIALIZING,0.0,0.0,0.0,31.209508588460096,0,0,0,0.0,0.0,1.0,0,0,0,0,0,0,0
529,40.055634739000084,nan,nan,nan,nan,nan,nan,nan,nan,nan,nan,nan,nan,,nan,0,nan,nan,nan,INITIALIZING,0.0,0.0,0.0,31.309312557342526,0,0,0,0.0,0.0,1.0,0,0,0,0,0,0,0
530,40.09164154200005,nan,nan,nan,nan,nan,nan,nan,nan,nan,nan,nan,nan,,nan,0,nan,nan,nan,INITIALIZING,0.0,0.0,0.0,27.772529541181544,0,0,0,0.0,0.0,1.0,0,0,0,0,0,0,0
531,40.12373904900005,nan,nan,nan,nan,nan,nan,nan,nan,nan,nan,nan,nan,,nan,0,nan,nan,nan,INITIALIZING,0.0,0.0,0.0,31.15506758826791,0,0,0,0.0,0.0,1.0,0,0,0,0,0,0,0
532,40.15512753100006,nan,nan,nan,nan,nan,nan,nan,nan,nan,nan,nan,nan,,nan,0,nan,nan,nan,INITIALIZING,0.0,0.0,0.0,31.858820060162287,0,0,0,0.0,0.0,1.0,0,0,0,0,0,0,0
533,40.191016622999996,nan,nan,nan,nan,nan,nan,nan,nan,nan,nan,nan,nan,,nan,0,nan,nan,nan,INITIALIZING,0.0,0.0,0.0,27.863619397276484,0,0,0,0.0,0.0,1.0,0,0,0,0,0,0,0
534,40.22313423500009,nan,nan,nan,nan,nan,nan,nan,nan,nan,nan,nan,nan,,nan,0,nan,nan,nan,INITIALIZING,0.0,0.0,0.0,31.135565122248547,0,0,0,0.0,0.0,1.0,0,0,0,0,0,0,0
535,40.254951788000085,nan,nan,nan,nan,nan,nan,nan,nan,nan,nan,nan,nan,,nan,0,nan,nan,nan,INITIALIZING,0.0,0.0,0.0,31.42919255921782,0,0,0,0.0,0.0,1.0,0,0,0,0,0,0,0
536,40.29091754900003,nan,nan,nan,nan,nan,nan,nan,nan,nan,nan,nan,nan,,nan,0,nan,nan,nan,INITIALIZING,0.0,0.0,0.0,27.80422190987652,0,0,0,0.0,0.0,1.0,0,0,0,0,0,0,0
537,40.32347709600003,nan,nan,nan,nan,nan,nan,nan,nan,nan,nan,nan,nan,,nan,0,nan,nan,nan,INITIALIZING,0.0,0.0,0.0,30.712958015043554,0,0,0,0.0,0.0,1.0,0,0,0,0,0,0,0
538,40.359380407,nan,nan,nan,nan,nan,nan,nan,nan,nan,nan,nan,nan,,nan,0,nan,nan,nan,INITIALIZING,0.0,0.0,0.0,27.85258440372909,0,0,0,0.0,0.0,1.0,0,0,0,0,0,0,0
539,40.391276764000054,nan,nan,nan,nan,nan,nan,nan,nan,nan,nan,nan,nan,,nan,0,nan,nan,nan,INITIALIZING,0.0,0.0,0.0,31.35154274823344,0,0,0,0.0,0.0,1.0,0,0,0,0,0,0,0
540,42.2407939200001,nan,nan,nan,nan,nan,nan,nan,nan,nan,nan,nan,nan,,nan,0,nan,nan,nan,INITIALIZING,0.0,0.0,0.0,0.5406816566993632,0,0,0,0.0,0.0,1.0,0,0,0,0,0,0,0
541,42.26219934000005,nan,nan,nan,nan,nan,nan,nan,nan,nan,nan,nan,nan,,nan,0,nan,nan,nan,INITIALIZING,0.0,0.0,0.0,46.71713986468344,0,0,0,0.0,0.0,1.0,0,0,0,0,0,0,0
542,42.294268928000065,nan,nan,nan,nan,nan,nan,nan,nan,nan,nan,nan,nan,,nan,0,nan,nan,nan,INITIALIZING,0.0,0.0,0.0,31.18219042912537,0,0,0,0.0,0.0,1.0,0,0,0,0,0,0,0
543,42.326996758000064,nan,nan,nan,nan,nan,nan,nan,nan,nan,nan,nan,nan,,nan,0,nan,nan,nan,INITIALIZING,0.0,0.0,0.0,30.55503527120599,0,0,0,0.0,0.0,1.0,0,0,0,0,0,0,0
544,42.36284423200004,nan,nan,nan,nan,nan,nan,nan,nan,nan,nan,nan,nan,,nan,0,nan,nan,nan,INITIALIZING,0.0,0.0,0.0,27.895968346349296,0,0,0,0.0,0.0,1.0,0,0,0,0,0,0,0
545,42.394835433000026,nan,nan,nan,nan,nan,nan,nan,nan,nan,nan,nan,nan,,nan,0,nan,nan,nan,INITIALIZING,0.0,0.0,0.0,31.25859513684859,0,0,0,0.0,0.0,1.0,0,0,0,0,0,0,0
546,42.42692398000008,nan,nan,nan,nan,nan,nan,nan,nan,nan,nan,nan,nan,,nan,0,nan,nan,nan,INITIALIZING,0.0,0.0,0.0,31.16376693523098,0,0,0,0.0,0.0,1.0,0,0,0,0,0,0,0
547,42.462605514000074,nan,nan,nan,nan,nan,nan,nan,nan,nan,nan,nan,nan,,nan,0,nan,nan,nan,INITIALIZING,0.0,0.0,0.0,28.025700912977758,0,0,0,0.0,0.0,1.0,0,0,0,0,0,0,0
548,42.49432941800001,nan,nan,nan,nan,nan,nan,nan,nan,nan,nan,nan,nan,,nan,0,nan,nan,nan,INITIALIZING,0.0,0.0,0.0,31.52197157077948,0,0,0,0.0,0.0,1.0,0,0,0,0,0,0,0
549,42.52759423700002,nan,nan,nan,nan,nan,nan,nan,nan,nan,nan,nan,nan,,nan,0,nan,nan,nan,INITIALIZING,0.0,0.0,0.0,30.061789904815043,0,0,0,0.0,0.0,1.0,0,0,0,0,0,0,0
550,42.56223408400001,nan,nan,nan,nan,nan,nan,nan,nan,nan,nan,nan,nan,,nan,0,nan,nan,nan,INITIALIZING,0.0,0.0,0.0,28.86848778518488,0,0,0,0.0,0.0,1.0,0,0,0,0,0,0,0
551,42.594210962000034,nan,nan,nan,nan,nan,nan,nan,nan,nan,nan,nan,nan,,nan,0,nan,nan,nan,INITIALIZING,0.0,0.0,0.0,31.27259640541758,0,0,0,0.0,0.0,1.0,0,0,0,0,0,0,0
552,42.626908791000005,nan,nan,nan,nan,nan,nan,nan,nan,nan,nan,nan,nan,,nan,0,nan,nan,nan,INITIALIZING,0.0,0.0,0.0,30.583070209366824,0,0,0,0.0,0.0,1.0,0,0,0,0,0,0,0
553,42.66283012100007,nan,nan,nan,nan,nan,nan,nan,nan,nan,nan,nan,nan,,nan,0,nan,nan,nan,INITIALIZING,0.0,0.0,0.0,27.83861287981817,0,0,0,0.0,0.0,1.0,0,0,0,0,0,0,0
554,42.69485694800005,nan,nan,nan,nan,nan,nan,nan,nan,nan,nan,nan,nan,,nan,0,nan,nan,nan,INITIALIZING,0.0,0.0,0.0,31.22382370256591,0,0,0,0.0,0.0,1.0,0,0,0,0,0,0,0
555,42.73076905900007,nan,nan,nan,nan,nan,nan,nan,nan,nan,nan,nan,nan,,nan,0,nan,nan,nan,INITIALIZING,0.0,0.0,0.0,27.845759331707182,0,0,0,0.0,0.0,1.0,0,0,0,0,0,0,0
556,42.76279963600007,nan,nan,nan,nan,nan,nan,nan,nan,nan,nan,nan,nan,,nan,0,nan,nan,nan,INITIALIZING,0.0,0.0,0.0,31.22016815369845,0,0,0,0.0,0.0,1.0,0,0,0,0,0,0,0
557,42.79491823500007,nan,nan,nan,nan,nan,nan,nan,nan,nan,nan,nan,nan,,nan,0,nan,nan,nan,INITIALIZING,0.0,0.0,0.0,31.134608330830023,0,0,0,0.0,0.0,1.0,0,0,0,0,0,0,0
558,42.83164182100006,nan,nan,nan,nan,nan,nan,nan,nan,nan,nan,nan,nan,,nan,0,nan,nan,nan,INITIALIZING,0.0,0.0,0.0,27.23045619782805,0,0,0,0.0,0.0,1.0,0,0,0,0,0,0,0
559,42.862829777,nan,nan,nan,nan,nan,nan,nan,nan,nan,nan,nan,nan,,nan,0,nan,nan,nan,INITIALIZING,0.0,0.0,0.0,32.063659446035274,0,0,0,0.0,0.0,1.0,0,0,0,0,0,0,0
560,42.89508754600001,nan,nan,nan,nan,nan,nan,nan,nan,nan,nan,nan,nan,,nan,0,nan,nan,nan,INITIALIZING,0.0,0.0,0.0,31.00028399359047,0,0,0,0.0,0.0,1.0,0,0,0,0,0,0,0
561,42.931517740000004,nan,nan,nan,nan,nan,nan,nan,nan,nan,nan,nan,nan,,nan,0,nan,nan,nan,INITIALIZING,0.0,0.0,0.0,27.449757747660122,0,0,0,0.0,0.0,1.0,0,0,0,0,0,0,0
562,42.96281955200004,nan,nan,nan,nan,nan,nan,nan,nan,nan,nan,nan,nan,,nan,0,nan,nan,nan,INITIALIZING,0.0,0.0,0.0,31.947032331508133,0,0,0,0.0,0.0,1.0,0,0,0,0,0,0,0
563,42.994374599000025,nan,nan,nan,nan,nan,nan,nan,nan,nan,nan,nan,nan,,nan,0,nan,nan,nan,INITIALIZING,0.0,0.0,0.0,31.69065157787672,0,0,0,0.0,0.0,1.0,0,0,0,0,0,0,0
564,43.030272491000005,nan,nan,nan,nan,nan,nan,nan,nan,nan,nan,nan,nan,,nan,0,nan,nan,nan,INITIALIZING,0.0,0.0,0.0,27.856788916757523,0,0,0,0.0,0.0,1.0,0,0,0,0,0,0,0
565,43.06214519900004,nan,nan,nan,nan,nan,nan,nan,nan,nan,nan,nan,nan,,nan,0,nan,nan,nan,INITIALIZING,0.0,0.0,0.0,31.37480505261222,0,0,0,0.0,0.0,1.0,0,0,0,0,0,0,0
566,43.09470839000005,nan,nan,nan,nan,nan,nan,nan,nan,nan,nan,nan,nan,,nan,0,nan,nan,nan,INITIALIZING,0.0,0.0,0.0,30.709521066278267,0,0,0,0.0,0.0,1.0,0,0,0,0,0,0,0
567,43.13030512900002,nan,nan,nan,nan,nan,nan,nan,nan,nan,nan,nan,nan,,nan,0,nan,nan,nan,INITIALIZING,0.0,0.0,0.0,28.092460941459507,0,0,0,0.0,0.0,1.0,0,0,0,0,0,0,0
568,43.16297045700003,nan,nan,nan,nan,nan,nan,nan,nan,nan,nan,nan,nan,,nan,0,nan,nan,nan,INITIALIZING,0.0,0.0,0.0,30.613499426663523,0,0,0,0.0,0.0,1.0,0,0,0,0,0,0,0
569,43.19518254700006,nan,nan,nan,nan,nan,nan,nan,nan,nan,nan,nan,nan,,nan,0,nan,nan,nan,INITIALIZING,0.0,0.0,0.0,31.04424456777156,0,0,0,0.0,0.0,1.0,0,0,0,0,0,0,0
570,44.13107672400008,nan,nan,nan,nan,nan,nan,nan,nan,nan,nan,nan,nan,,nan,0,nan,nan,nan,INITIALIZING,0.0,0.0,0.0,1.0684968713081069,0,0,0,0.0,0.0,1.0,0,0,0,0,0,0,0
571,44.169580394000036,nan,nan,nan,nan,nan,nan,nan,nan,nan,nan,nan,nan,,nan,0,nan,nan,nan,INITIALIZING,0.0,0.0,0.0,25.97155024446188,0,0,0,0.0,0.0,1.0,0,0,0,0,0,0,0
572,44.198592733000055,nan,nan,nan,nan,nan,nan,nan,nan,nan,nan,nan,nan,,nan,0,nan,nan,nan,INITIALIZING,0.0,0.0,0.0,34.46809304135546,0,0,0,0.0,0.0,1.0,0,0,0,0,0,0,0
573,44.23040523100008,nan,nan,nan,nan,nan,nan,nan,nan,nan,nan,nan,nan,,nan,0,nan,nan,nan,INITIALIZING,0.0,0.0,0.0,31.43418665202923,0,0,0,0.0,0.0,1.0,0,0,0,0,0,0,0
574,44.2664053630001,nan,nan,nan,nan,nan,nan,nan,nan,nan,nan,nan,nan,,nan,0,nan,nan,nan,INITIALIZING,0.0,0.0,0.0,27.777675926278935,0,0,0,0.0,0.0,1.0,0,0,0,0,0,0,0
575,44.29852937700002,nan,nan,nan,nan,nan,nan,nan,nan,nan,nan,nan,nan,,nan,0,nan,nan,nan,INITIALIZING,0.0,0.0,0.0,31.129360110555304,0,0,0,0.0,0.0,1.0,0,0,0,0,0,0,0
576,44.33055906700008,nan,nan,nan,nan,nan,nan,nan,nan,nan,nan,nan,nan,,nan,0,nan,nan,nan,INITIALIZING,0.0,0.0,0.0,31.221032735508004,0,0,0,0.0,0.0,1.0,0,0,0,0,0,0,0
577,44.366210129000024,nan,nan,nan,nan,nan,nan,nan,nan,nan,nan,nan,nan,,nan,0,nan,nan,nan,INITIALIZING,0.0,0.0,0.0,28.049655295026266,0,0,0,0.0,0.0,1.0,0,0,0,0,0,0,0
578,44.39875258900008,nan,nan,nan,nan,nan,nan,nan,nan,nan,nan,nan,nan,,nan,0,nan,nan,nan,INITIALIZING,0.0,0.0,0.0,30.72908440229146,0,0,0,0.0,0.0,1.0,0,0,0,0,0,0,0
579,44.43107478400009,nan,nan,nan,nan,nan,nan,nan,nan,nan,nan,nan,nan,,nan,0,nan,nan,nan,INITIALIZING,0.0,0.0,0.0,30.938492883908754,0,0,0,0.0,0.0,1.0,0,0,0,0,0,0,0
580,44.46692387100006,nan,nan,nan,nan,nan,nan,nan,nan,nan,nan,nan,nan,,nan,0,nan,nan,nan,INITIALIZING,0.0,0.0,0.0,27.89471319034489,0,0,0,0.0,0.0,1.0,0,0,0,0,0,0,0
581,44.498973926000076,nan,nan,nan,nan,nan,nan,nan,nan,nan,nan,nan,nan,,nan,0,nan,nan,nan,INITIALIZING,0.0,0.0,0.0,31.201194506517496,0,0,0,0.0,0.0,1.0,0,0,0,0,0,0,0
582,44.53483806500003,nan,nan,nan,nan,nan,nan,nan,nan,nan,nan,nan,nan,,nan,0,nan,nan,nan,INITIALIZING,0.0,0.0,0.0,27.883005918565647,0,0,0,0.0,0.0,1.0,0,0,0,0,0,0,0
583,44.566209877000006,nan,nan,nan,nan,nan,nan,nan,nan,nan,nan,nan,nan,,nan,0,nan,nan,nan,INITIALIZING,0.0,0.0,0.0,31.8757488410552,0,0,0,0.0,0.0,1.0,0,0,0,0,0,0,0
584,44.5982141500001,nan,nan,nan,nan,nan,nan,nan,nan,nan,nan,nan,nan,,nan,0,nan,nan,nan,INITIALIZING,0.0,0.0,0.0,31.245827705473726,0,0,0,0.0,0.0,1.0,0,0,0,0,0,0,0
585,44.63534805400002,nan,nan,nan,nan,nan,nan,nan,nan,nan,nan,nan,nan,,nan,0,nan,nan,nan,INITIALIZING,0.0,0.0,0.0,26.929568191975473,0,0,0,0.0,0.0,1.0,0,0,0,0,0,0,0
586,44.666840285000035,nan,nan,nan,nan,nan,nan,nan,nan,nan,nan,nan,nan,,nan,0,nan,nan,nan,INITIALIZING,0.0,0.0,0.0,31.753863357585033,0,0,0,0.0,0.0,1.0,0,0,0,0,0,0,0
587,44.699034821000055,nan,nan,nan,nan,nan,nan,nan,nan,nan,nan,nan,nan,,nan,0,nan,nan,nan,INITIALIZING,0.0,0.0,0.0,31.06117137390579,0,0,0,0.0,0.0,1.0,0,0,0,0,0,0,0
588,44.73603846200001,nan,nan,nan,nan,nan,nan,nan,nan,nan,nan,nan,nan,,nan,0,nan,nan,nan,INITIALIZING,0.0,0.0,0.0,27.02436768320171,0,0,0,0.0,0.0,1.0,0,0,0,0,0,0,0
589,44.76694198400003,nan,nan,nan,nan,nan,nan,nan,nan,nan,nan,nan,nan,,nan,0,nan,nan,nan,INITIALIZING,0.0,0.0,0.0,32.35877127530815,0,0,0,0.0,0.0,1.0,0,0,0,0,0,0,0
590,44.79871114700006,nan,nan,nan,nan,nan,nan,nan,nan,nan,nan,nan,nan,,nan,0,nan,nan,nan,INITIALIZING,0.0,0.0,0.0,31.477064724647782,0,0,0,0.0,0.0,1.0,0,0,0,0,0,0,0
591,44.833986734000064,nan,nan,nan,nan,nan,nan,nan,nan,nan,nan,nan,nan,,nan,0,nan,nan,nan,INITIALIZING,0.0,0.0,0.0,28.34821713951838,0,0,0,0.0,0.0,1.0,0,0,0,0,0,0,0
592,44.86683107500005,nan,nan,nan,nan,nan,nan,nan,nan,nan,nan,nan,nan,,nan,0,nan,nan,nan,INITIALIZING,0.0,0.0,0.0,30.44664528359439,0,0,0,0.0,0.0,1.0,0,0,0,0,0,0,0
593,44.89907530000005,nan,nan,nan,nan,nan,nan,nan,nan,nan,nan,nan,nan,,nan,0,nan,nan,nan,INITIALIZING,0.0,0.0,0.0,31.01330548338553,0,0,0,0.0,0.0,1.0,0,0,0,0,0,0,0
594,44.934885636000104,nan,nan,nan,nan,nan,nan,nan,nan,nan,nan,nan,nan,,nan,0,nan,nan,nan,INITIALIZING,0.0,0.0,0.0,27.924898554386328,0,0,0,0.0,0.0,1.0,0,0,0,0,0,0,0
595,44.966970014000026,nan,nan,nan,nan,nan,nan,nan,nan,nan,nan,nan,nan,,nan,0,nan,nan,nan,INITIALIZING,0.0,0.0,0.0,31.16781631242542,0,0,0,0.0,0.0,1.0,0,0,0,0,0,0,0
596,44.99896100500007,nan,nan,nan,nan,nan,nan,nan,nan,nan,nan,nan,nan,,nan,0,nan,nan,nan,INITIALIZING,0.0,0.0,0.0,31.25880032908783,0,0,0,0.0,0.0,1.0,0,0,0,0,0,0,0
597,45.19597063800006,nan,nan,nan,nan,nan,nan,nan,nan,nan,nan,nan,nan,,nan,0,nan,nan,nan,INITIALIZING,0.0,0.0,0.0,5.075893928496552,0,0,0,0.0,0.0,1.0,0,0,0,0,0,0,0
598,45.32972481500008,nan,nan,nan,nan,nan,nan,nan,nan,nan,nan,nan,nan,,nan,0,nan,nan,nan,INITIALIZING,0.0,0.0,0.0,7.476402026681325,0,0,0,0.0,0.0,1.0,0,0,0,0,0,0,0
599,45.80594902000007,nan,nan,nan,nan,nan,nan,nan,nan,nan,nan,nan,nan,,nan,0,nan,nan,nan,INITIALIZING,0.0,0.0,0.0,2.099851266484895,0,0,0,0.0,0.0,1.0,0,0,0,0,0,0,0
600,45.85654318600007,nan,nan,nan,nan,nan,nan,nan,nan,nan,nan,nan,nan,,nan,0,nan,nan,nan,INITIALIZING,0.0,0.0,0.0,19.76512469837085,0,0,0,0.0,0.0,1.0,0,0,0,0,0,0,0
601,45.89184444900002,nan,nan,nan,nan,nan,nan,nan,nan,nan,nan,nan,nan,,nan,0,nan,nan,nan,INITIALIZING,0.0,0.0,0.0,28.32759836387109,0,0,0,0.0,0.0,1.0,0,0,0,0,0,0,0
602,45.92885710000007,nan,nan,nan,nan,nan,nan,nan,nan,nan,nan,nan,nan,,nan,0,nan,nan,nan,INITIALIZING,0.0,0.0,0.0,27.01778913373499,0,0,0,0.0,0.0,1.0,0,0,0,0,0,0,0
603,45.953690971000015,nan,nan,nan,nan,nan,nan,nan,nan,nan,nan,nan,nan,,nan,0,nan,nan,nan,INITIALIZING,0.0,0.0,0.0,40.267584542190434,0,0,0,0.0,0.0,1.0,0,0,0,0,0,0,0
604,45.98298326200006,nan,nan,nan,nan,nan,nan,nan,nan,nan,nan,nan,nan,,nan,0,nan,nan,nan,INITIALIZING,0.0,0.0,0.0,34.13867491615436,0,0,0,0.0,0.0,1.0,0,0,0,0,0,0,0
605,46.01413069400007,nan,nan,nan,nan,nan,nan,nan,nan,nan,nan,nan,nan,,nan,0,nan,nan,nan,INITIALIZING,0.0,0.0,0.0,32.1053754929019,0,0,0,0.0,0.0,1.0,0,0,0,0,0,0,0
606,46.04172409700004,nan,nan,nan,nan,nan,nan,nan,nan,nan,nan,nan,nan,,nan,0,nan,nan,nan,INITIALIZING,0.0,0.0,0.0,36.24054633642418,0,0,0,0.0,0.0,1.0,0,0,0,0,0,0,0
607,46.070401167,nan,nan,nan,nan,nan,nan,nan,nan,nan,nan,nan,nan,,nan,0,nan,nan,nan,INITIALIZING,0.0,0.0,0.0,34.87106597715416,0,0,0,0.0,0.0,1.0,0,0,0,0,0,0,0
608,46.102483877000054,nan,nan,nan,nan,nan,nan,nan,nan,nan,nan,nan,nan,,nan,0,nan,nan,nan,INITIALIZING,0.0,0.0,0.0,31.16943674640668,0,0,0,0.0,0.0,1.0,0,0,0,0,0,0,0
609,46.13868979200004,nan,nan,nan,nan,nan,nan,nan,nan,nan,nan,nan,nan,,nan,0,nan,nan,nan,INITIALIZING,0.0,0.0,0.0,27.619796378588685,0,0,0,0.0,0.0,1.0,0,0,0,0,0,0,0
610,46.17172252,nan,nan,nan,nan,nan,nan,nan,nan,nan,nan,nan,nan,,nan,0,nan,nan,nan,INITIALIZING,0.0,0.0,0.0,30.27300681920714,0,0,0,0.0,0.0,1.0,0,0,0,0,0,0,0
611,46.204030859,nan,nan,nan,nan,nan,nan,nan,nan,nan,nan,nan,nan,,nan,0,nan,nan,nan,INITIALIZING,0.0,0.0,0.0,30.95176140129357,0,0,0,0.0,0.0,1.0,0,0,0,0,0,0,0
612,46.23971150400007,nan,nan,nan,nan,nan,nan,nan,nan,nan,nan,nan,nan,,nan,0,nan,nan,nan,INITIALIZING,0.0,0.0,0.0,28.026399186394386,0,0,0,0.0,0.0,1.0,0,0,0,0,0,0,0
613,46.273618311000064,nan,nan,nan,nan,nan,nan,nan,nan,nan,nan,nan,nan,,nan,0,nan,nan,nan,INITIALIZING,0.0,0.0,0.0,29.492603063455043,0,0,0,0.0,0.0,1.0,0,0,0,0,0,0,0
614,46.30374879500005,nan,nan,nan,nan,nan,nan,nan,nan,nan,nan,nan,nan,,nan,0,nan,nan,nan,INITIALIZING,0.0,0.0,0.0,33.18897897559711,0,0,0,0.0,0.0,1.0,0,0,0,0,0,0,0
615,46.3394958990001,nan,nan,nan,nan,nan,nan,nan,nan,nan,nan,nan,nan,,nan,0,nan,nan,nan,INITIALIZING,0.0,0.0,0.0,27.97429408543273,0,0,0,0.0,0.0,1.0,0,0,0,0,0,0,0
616,46.37328202800006,nan,nan,nan,nan,nan,nan,nan,nan,nan,nan,nan,nan,,nan,0,nan,nan,nan,INITIALIZING,0.0,0.0,0.0,29.597945358021768,0,0,0,0.0,0.0,1.0,0,0,0,0,0,0,0
617,46.404761861,nan,nan,nan,nan,nan,nan,nan,nan,nan,nan,nan,nan,,nan,0,nan,nan,nan,INITIALIZING,0.0,0.0,0.0,31.766369281630872,0,0,0,0.0,0.0,1.0,0,0,0,0,0,0,0
618,46.44140439900002,nan,nan,nan,nan,nan,nan,nan,nan,nan,nan,nan,nan,,nan,0,nan,nan,nan,INITIALIZING,0.0,0.0,0.0,27.29068603270202,0,0,0,0.0,0.0,1.0,0,0,0,0,0,0,0
619,46.473429972000076,nan,nan,nan,nan,nan,nan,nan,nan,nan,nan,nan,nan,,nan,0,nan,nan,nan,INITIALIZING,0.0,0.0,0.0,31.225046309031566,0,0,0,0.0,0.0,1.0,0,0,0,0,0,0,0
620,46.51861059400005,nan,nan,nan,nan,nan,nan,nan,nan,nan,nan,nan,nan,,nan,0,nan,nan,nan,INITIALIZING,0.0,0.0,0.0,22.13338275866469,0,0,0,0.0,0.0,1.0,0,0,0,0,0,0,0
621,46.54735172700009,nan,nan,nan,nan,nan,nan,nan,nan,nan,nan,nan,nan,,nan,0,nan,nan,nan,INITIALIZING,0.0,0.0,0.0,34.79333956662821,0,0,0,0.0,0.0,1.0,0,0,0,0,0,0,0
622,46.58230944100001,nan,nan,nan,nan,nan,nan,nan,nan,nan,nan,nan,nan,,nan,0,nan,nan,nan,INITIALIZING,0.0,0.0,0.0,28.605989510710454,0,0,0,0.0,0.0,1.0,0,0,0,0,0,0,0
623,48.372160062000034,nan,nan,nan,nan,nan,nan,nan,nan,nan,nan,nan,nan,,nan,0,nan,nan,nan,INITIALIZING,0.0,0.0,0.0,0.5587058429721239,0,0,0,0.0,0.0,1.0,0,0,0,0,0,0,0
624,48.39482633600005,nan,nan,nan,nan,nan,nan,nan,nan,nan,nan,nan,nan,,nan,0,nan,nan,nan,INITIALIZING,0.0,0.0,0.0,44.1184113453879,0,0,0,0.0,0.0,1.0,0,0,0,0,0,0,0
625,48.42378236900004,nan,nan,nan,nan,nan,nan,nan,nan,nan,nan,nan,nan,,nan,0,nan,nan,nan,INITIALIZING,0.0,0.0,0.0,34.535117431330775,0,0,0,0.0,0.0,1.0,0,0,0,0,0,0,0
626,48.450186424000094,nan,nan,nan,nan,nan,nan,nan,nan,nan,nan,nan,nan,,nan,0,nan,nan,nan,INITIALIZING,0.0,0.0,0.0,37.87297064779751,0,0,0,0.0,0.0,1.0,0,0,0,0,0,0,0
627,48.478112020000026,nan,nan,nan,nan,nan,nan,nan,nan,nan,nan,nan,nan,,nan,0,nan,nan,nan,INITIALIZING,0.0,0.0,0.0,35.809441632058316,0,0,0,0.0,0.0,1.0,0,0,0,0,0,0,0
628,48.51454970899999,nan,nan,nan,nan,nan,nan,nan,nan,nan,nan,nan,nan,,nan,0,nan,nan,nan,INITIALIZING,0.0,0.0,0.0,27.444111507754783,0,0,0,0.0,0.0,1.0,0,0,0,0,0,0,0
629,48.547229876000074,nan,nan,nan,nan,nan,nan,nan,nan,nan,nan,nan,nan,,nan,0,nan,nan,nan,INITIALIZING,0.0,0.0,0.0,30.59959883306403,0,0,0,0.0,0.0,1.0,0,0,0,0,0,0,0
630,48.57707004000008,nan,nan,nan,nan,nan,nan,nan,nan,nan,nan,nan,nan,,nan,0,nan,nan,nan,INITIALIZING,0.0,0.0,0.0,33.51188016258156,0,0,0,0.0,0.0,1.0,0,0,0,0,0,0,0
631,48.612312653000004,nan,nan,nan,nan,nan,nan,nan,nan,nan,nan,nan,nan,,nan,0,nan,nan,nan,INITIALIZING,0.0,0.0,0.0,28.37474054498126,0,0,0,0.0,0.0,1.0,0,0,0,0,0,0,0
632,48.645142563000036,nan,nan,nan,nan,nan,nan,nan,nan,nan,nan,nan,nan,,nan,0,nan,nan,nan,INITIALIZING,0.0,0.0,0.0,30.460028675041105,0,0,0,0.0,0.0,1.0,0,0,0,0,0,0,0
633,48.67853357800004,nan,nan,nan,nan,nan,nan,nan,nan,nan,nan,nan,nan,,nan,0,nan,nan,nan,INITIALIZING,0.0,0.0,0.0,29.948176178526012,0,0,0,0.0,0.0,1.0,0,0,0,0,0,0,0
634,48.712212983000086,nan,nan,nan,nan,nan,nan,nan,nan,nan,nan,nan,nan,,nan,0,nan,nan,nan,INITIALIZING,0.0,0.0,0.0,29.691735943634036,0,0,0,0.0,0.0,1.0,0,0,0,0,0,0,0
635,48.74561832100005,nan,nan,nan,nan,nan,nan,nan,nan,nan,nan,nan,nan,,nan,0,nan,nan,nan,INITIALIZING,0.0,0.0,0.0,29.93533548443725,0,0,0,0.0,0.0,1.0,0,0,0,0,0,0,0
636,48.77796129400008,nan,nan,nan,nan,nan,nan,nan,nan,nan,nan,nan,nan,,nan,0,nan,nan,nan,INITIALIZING,0.0,0.0,0.0,30.91861715987465,0,0,0,0.0,0.0,1.0,0,0,0,0,0,0,0
637,48.81149038400008,nan,nan,nan,nan,nan,nan,nan,nan,nan,nan,nan,nan,,nan,0,nan,nan,nan,INITIALIZING,0.0,0.0,0.0,29.824847617395697,0,0,0,0.0,0.0,1.0,0,0,0,0,0,0,0
638,48.85946569300006,nan,nan,nan,nan,nan,nan,nan,nan,nan,nan,nan,nan,,nan,0,nan,nan,nan,INITIALIZING,0.0,0.0,0.0,20.8440554286041,0,0,0,0.0,0.0,1.0,0,0,0,0,0,0,0
639,52.51978251000003,nan,nan,nan,nan,nan,nan,nan,nan,nan,nan,nan,nan,,nan,0,nan,nan,nan,INITIALIZING,0.0,0.0,0.0,0.27320039493729137,0,0,0,0.0,0.0,1.0,0,0,0,0,0,0,0
640,53.01315279100004,nan,nan,nan,nan,nan,nan,nan,nan,nan,nan,nan,nan,,nan,0,nan,nan,nan,INITIALIZING,0.0,0.0,0.0,2.026875226398116,0,0,0,0.0,0.0,1.0,0,0,0,0,0,0,0
641,53.04497002100004,nan,nan,nan,nan,nan,nan,nan,nan,nan,nan,nan,nan,,nan,0,nan,nan,nan,INITIALIZING,0.0,0.0,0.0,31.429511619960433,0,0,0,0.0,0.0,1.0,0,0,0,0,0,0,0
642,53.07677646900004,nan,nan,nan,nan,nan,nan,nan,nan,nan,nan,nan,nan,,nan,0,nan,nan,nan,INITIALIZING,0.0,0.0,0.0,31.44016584310443,0,0,0,0.0,0.0,1.0,0,0,0,0,0,0,0
643,53.108917194000014,nan,nan,nan,nan,nan,nan,nan,nan,nan,nan,nan,nan,,nan,0,nan,nan,nan,INITIALIZING,0.0,0.0,0.0,31.113174951738937,0,0,0,0.0,0.0,1.0,0,0,0,0,0,0,0
644,53.136321735000024,nan,nan,nan,nan,nan,nan,nan,nan,nan,nan,nan,nan,,nan,0,nan,nan,nan,INITIALIZING,0.0,0.0,0.0,36.49030282972589,0,0,0,0.0,0.0,1.0,0,0,0,0,0,0,0
645,53.16774744600002,nan,nan,nan,nan,nan,nan,nan,nan,nan,nan,nan,nan,,nan,0,nan,nan,nan,INITIALIZING,0.0,0.0,0.0,31.821077970203795,0,0,0,0.0,0.0,1.0,0,0,0,0,0,0,0
646,53.199034353,nan,nan,nan,nan,nan,nan,nan,nan,nan,nan,nan,nan,,nan,0,nan,nan,nan,INITIALIZING,0.0,0.0,0.0,31.962251813534014,0,0,0,0.0,0.0,1.0,0,0,0,0,0,0,0
647,53.24733992300003,nan,nan,nan,nan,nan,nan,nan,nan,nan,nan,nan,nan,,nan,0,nan,nan,nan,INITIALIZING,0.0,0.0,0.0,20.70154642620887,0,0,0,0.0,0.0,1.0,0,0,0,0,0,0,0
648,53.274751442000024,nan,nan,nan,nan,nan,nan,nan,nan,nan,nan,nan,nan,,nan,0,nan,nan,nan,INITIALIZING,0.0,0.0,0.0,36.48101369355311,0,0,0,0.0,0.0,1.0,0,0,0,0,0,0,0
649,53.30193665500008,nan,nan,nan,nan,nan,nan,nan,nan,nan,nan,nan,nan,,nan,0,nan,nan,nan,INITIALIZING,0.0,0.0,0.0,36.784703507677825,0,0,0,0.0,0.0,1.0,0,0,0,0,0,0,0
650,53.33335971100007,nan,nan,nan,nan,nan,nan,nan,nan,nan,nan,nan,nan,,nan,0,nan,nan,nan,INITIALIZING,0.0,0.0,0.0,31.823766599919033,0,0,0,0.0,0.0,1.0,0,0,0,0,0,0,0
651,53.360429921000105,nan,nan,nan,nan,nan,nan,nan,nan,nan,nan,nan,nan,,nan,0,nan,nan,nan,INITIALIZING,0.0,0.0,0.0,36.94097681542781,0,0,0,0.0,0.0,1.0,0,0,0,0,0,0,0
652,53.38731778500005,nan,nan,nan,nan,nan,nan,nan,nan,nan,nan,nan,nan,,nan,0,nan,nan,nan,INITIALIZING,0.0,0.0,0.0,37.19150022486055,0,0,0,0.0,0.0,1.0,0,0,0,0,0,0,0
653,53.41928658000006,nan,nan,nan,nan,nan,nan,nan,nan,nan,nan,nan,nan,,nan,0,nan,nan,nan,INITIALIZING,0.0,0.0,0.0,31.28050337836122,0,0,0,0.0,0.0,1.0,0,0,0,0,0,0,0
654,53.45538889300008,nan,nan,nan,nan,nan,nan,nan,nan,nan,nan,nan,nan,,nan,0,nan,nan,nan,INITIALIZING,0.0,0.0,0.0,27.69905629037087,0,0,0,0.0,0.0,1.0,0,0,0,0,0,0,0
655,53.48743555400006,nan,nan,nan,nan,nan,nan,nan,nan,nan,nan,nan,nan,,nan,0,nan,nan,nan,INITIALIZING,0.0,0.0,0.0,31.20449896482464,0,0,0,0.0,0.0,1.0,0,0,0,0,0,0,0
656,53.519501174000084,nan,nan,nan,nan,nan,nan,nan,nan,nan,nan,nan,nan,,nan,0,nan,nan,nan,INITIALIZING,0.0,0.0,0.0,31.186049108022743,0,0,0,0.0,0.0,1.0,0,0,0,0,0,0,0
657,53.555448015000024,nan,nan,nan,nan,nan,nan,nan,nan,nan,nan,nan,nan,,nan,0,nan,nan,nan,INITIALIZING,0.0,0.0,0.0,27.818856182707293,0,0,0,0.0,0.0,1.0,0,0,0,0,0,0,0
658,53.587349621000044,nan,nan,nan,nan,nan,nan,nan,nan,nan,nan,nan,nan,,nan,0,nan,nan,nan,INITIALIZING,0.0,0.0,0.0,31.3463842541153,0,0,0,0.0,0.0,1.0,0,0,0,0,0,0,0
659,53.61940706400003,nan,nan,nan,nan,nan,nan,nan,nan,nan,nan,nan,nan,,nan,0,nan,nan,nan,INITIALIZING,0.0,0.0,0.0,31.194003838686182,0,0,0,0.0,0.0,1.0,0,0,0,0,0,0,0
660,69.2360266710001,nan,nan,nan,nan,nan,nan,nan,nan,nan,nan,nan,nan,,nan,0,nan,nan,nan,INITIALIZING,0.0,0.0,0.0,0.06403434451023926,0,0,0,0.0,0.0,1.0,0,0,0,0,0,0,0
661,69.8630987570001,nan,nan,nan,nan,nan,nan,nan,nan,nan,nan,nan,nan,,nan,0,nan,nan,nan,INITIALIZING,0.0,0.0,0.0,1.5947129880694493,0,0,0,0.0,0.0,1.0,0,0,0,0,0,0,0
662,69.89129772800004,nan,nan,nan,nan,nan,nan,nan,nan,nan,nan,nan,nan,,nan,0,nan,nan,nan,INITIALIZING,0.0,0.0,0.0,35.46228690409307,0,0,0,0.0,0.0,1.0,0,0,0,0,0,0,0
663,69.92428387400003,nan,nan,nan,nan,nan,nan,nan,nan,nan,nan,nan,nan,,nan,0,nan,nan,nan,INITIALIZING,0.0,0.0,0.0,30.315757409200305,0,0,0,0.0,0.0,1.0,0,0,0,0,0,0,0
664,69.95941052900002,nan,nan,nan,nan,nan,nan,nan,nan,nan,nan,nan,nan,,nan,0,nan,nan,nan,INITIALIZING,0.0,0.0,0.0,28.46840953116729,0,0,0,0.0,0.0,1.0,0,0,0,0,0,0,0
665,69.99174858900005,nan,nan,nan,nan,nan,nan,nan,nan,nan,nan,nan,nan,,nan,0,nan,nan,nan,INITIALIZING,0.0,0.0,0.0,30.923314509253146,0,0,0,0.0,0.0,1.0,0,0,0,0,0,0,0
666,70.0246663480001,nan,nan,nan,nan,nan,nan,nan,nan,nan,nan,nan,nan,,nan,0,nan,nan,nan,INITIALIZING,0.0,0.0,0.0,30.378738722727253,0,0,0,0.0,0.0,1.0,0,0,0,0,0,0,0
667,70.06087489800007,nan,nan,nan,nan,nan,nan,nan,nan,nan,nan,nan,nan,,nan,0,nan,nan,nan,INITIALIZING,0.0,0.0,0.0,27.617786406825076,0,0,0,0.0,0.0,1.0,0,0,0,0,0,0,0
668,70.09163850100003,nan,nan,nan,nan,nan,nan,nan,nan,nan,nan,nan,nan,,nan,0,nan,nan,nan,INITIALIZING,0.0,0.0,0.0,32.50594541871523,0,0,0,0.0,0.0,1.0,0,0,0,0,0,0,0
669,70.1259198790001,nan,nan,nan,nan,nan,nan,nan,nan,nan,nan,nan,nan,,nan,0,nan,nan,nan,INITIALIZING,0.0,0.0,0.0,29.170355987389375,0,0,0,0.0,0.0,1.0,0,0,0,0,0,0,0
670,70.15941624100003,nan,nan,nan,nan,nan,nan,nan,nan,nan,nan,nan,nan,,nan,0,nan,nan,nan,INITIALIZING,0.0,0.0,0.0,29.853988322728227,0,0,0,0.0,0.0,1.0,0,0,0,0,0,0,0
671,70.19413335700006,nan,nan,nan,nan,nan,nan,nan,nan,nan,nan,nan,nan,,nan,0,nan,nan,nan,INITIALIZING,0.0,0.0,0.0,28.804235927871954,0,0,0,0.0,0.0,1.0,0,0,0,0,0,0,0
672,70.22820697000009,nan,nan,nan,nan,nan,nan,nan,nan,nan,nan,nan,nan,,nan,0,nan,nan,nan,INITIALIZING,0.0,0.0,0.0,29.348223213049106,0,0,0,0.0,0.0,1.0,0,0,0,0,0,0,0
673,70.26274720700007,nan,nan,nan,nan,nan,nan,nan,nan,nan,nan,nan,nan,,nan,0,nan,nan,nan,INITIALIZING,0.0,0.0,0.0,28.951741124427258,0,0,0,0.0,0.0,1.0,0,0,0,0,0,0,0
674,70.29766443000005,nan,nan,nan,nan,nan,nan,nan,nan,nan,nan,nan,nan,,nan,0,nan,nan,nan,INITIALIZING,0.0,0.0,0.0,28.639161825686664,0,0,0,0.0,0.0,1.0,0,0,0,0,0,0,0
675,70.33083037000006,nan,nan,nan,nan,nan,nan,nan,nan,nan,nan,nan,nan,,nan,0,nan,nan,nan,INITIALIZING,0.0,0.0,0.0,30.151414372693626,0,0,0,0.0,0.0,1.0,0,0,0,0,0,0,0
676,70.36582327100007,nan,nan,nan,nan,nan,nan,nan,nan,nan,nan,nan,nan,,nan,0,nan,nan,nan,INITIALIZING,0.0,0.0,0.0,28.577224849112252,0,0,0,0.0,0.0,1.0,0,0,0,0,0,0,0
677,70.40382211500003,nan,nan,nan,nan,nan,nan,nan,nan,nan,nan,nan,nan,,nan,0,nan,nan,nan,INITIALIZING,0.0,0.0,0.0,26.316590052084425,0,0,0,0.0,0.0,1.0,0,0,0,0,0,0,0
678,70.4397379510001,nan,nan,nan,nan,nan,nan,nan,nan,nan,nan,nan,nan,,nan,0,nan,nan,nan,INITIALIZING,0.0,0.0,0.0,27.842871317209376,0,0,0,0.0,0.0,1.0,0,0,0,0,0,0,0
679,70.47573779900006,nan,nan,nan,nan,nan,nan,nan,nan,nan,nan,nan,nan,,nan,0,nan,nan,nan,INITIALIZING,0.0,0.0,0.0,27.777895062254178,0,0,0,0.0,0.0,1.0,0,0,0,0,0,0,0
680,70.5086142020001,nan,nan,nan,nan,nan,nan,nan,nan,nan,nan,nan,nan,,nan,0,nan,nan,nan,INITIALIZING,0.0,0.0,0.0,30.416952852129548,0,0,0,0.0,0.0,1.0,0,0,0,0,0,0,0
681,70.53663452400008,nan,nan,nan,nan,nan,nan,nan,nan,nan,nan,nan,nan,,nan,0,nan,nan,nan,INITIALIZING,0.0,0.0,0.0,35.68838359533834,0,0,0,0.0,0.0,1.0,0,0,0,0,0,0,0
682,70.57530306800004,nan,nan,nan,nan,nan,nan,nan,nan,nan,nan,nan,nan,,nan,0,nan,nan,nan,INITIALIZING,0.0,0.0,0.0,25.86081337846619,0,0,0,0.0,0.0,1.0,0,0,0,0,0,0,0
683,70.605495045,nan,nan,nan,nan,nan,nan,nan,nan,nan,nan,nan,nan,,nan,0,nan,nan,nan,INITIALIZING,0.0,0.0,0.0,33.12138188239121,0,0,0,0.0,0.0,1.0,0,0,0,0,0,0,0
684,70.635760774,nan,nan,nan,nan,nan,nan,nan,nan,nan,nan,nan,nan,,nan,0,nan,nan,nan,INITIALIZING,0.0,0.0,0.0,33.04067118290025,0,0,0,0.0,0.0,1.0,0,0,0,0,0,0,0
685,70.74971891900009,nan,nan,nan,nan,nan,nan,nan,nan,nan,nan,nan,nan,,nan,0,nan,nan,nan,INITIALIZING,0.0,0.0,0.0,8.775151613772488,0,0,0,0.0,0.0,1.0,0,0,0,0,0,0,0
686,70.77455949300008,nan,nan,nan,nan,nan,nan,nan,nan,nan,nan,nan,nan,,nan,0,nan,nan,nan,INITIALIZING,0.0,0.0,0.0,40.25671870546106,0,0,0,0.0,0.0,1.0,0,0,0,0,0,0,0
687,70.80363462700006,nan,nan,nan,nan,nan,nan,nan,nan,nan,nan,nan,nan,,nan,0,nan,nan,nan,INITIALIZING,0.0,0.0,0.0,34.3936506019417,0,0,0,0.0,0.0,1.0,0,0,0,0,0,0,0
688,70.83474662200001,nan,nan,nan,nan,nan,nan,nan,nan,nan,nan,nan,nan,,nan,0,nan,nan,nan,INITIALIZING,0.0,0.0,0.0,32.14194396732572,0,0,0,0.0,0.0,1.0,0,0,0,0,0,0,0
689,70.86717885000007,nan,nan,nan,nan,nan,nan,nan,nan,nan,nan,nan,nan,,nan,0,nan,nan,nan,INITIALIZING,0.0,0.0,0.0,30.83352768727771,0,0,0,0.0,0.0,1.0,0,0,0,0,0,0,0
690,77.038101214,nan,nan,nan,nan,nan,nan,nan,nan,nan,nan,nan,nan,,nan,0,nan,nan,nan,INITIALIZING,0.0,0.0,0.0,0.16205032911025177,0,0,0,0.0,0.0,1.0,0,0,0,0,0,0,0
691,77.05928520500004,nan,nan,nan,nan,nan,nan,nan,nan,nan,nan,nan,nan,,nan,0,nan,nan,nan,INITIALIZING,0.0,0.0,0.0,47.205458121557214,0,0,0,0.0,0.0,1.0,0,0,0,0,0,0,0
692,77.08633508800006,nan,nan,nan,nan,nan,nan,nan,nan,nan,nan,nan,nan,,nan,0,nan,nan,nan,INITIALIZING,0.0,0.0,0.0,36.968736611516555,0,0,0,0.0,0.0,1.0,0,0,0,0,0,0,0
693,77.11292621100006,nan,nan,nan,nan,nan,nan,nan,nan,nan,nan,nan,nan,,nan,0,nan,nan,nan,INITIALIZING,0.0,0.0,0.0,37.60653508315131,0,0,0,0.0,0.0,1.0,0,0,0,0,0,0,0
694,77.14705690400001,nan,nan,nan,nan,nan,nan,nan,nan,nan,nan,nan,nan,,nan,0,nan,nan,nan,INITIALIZING,0.0,0.0,0.0,29.29914139163276,0,0,0,0.0,0.0,1.0,0,0,0,0,0,0,0
695,77.58480433600005,nan,nan,nan,nan,nan,nan,nan,nan,nan,nan,nan,nan,,nan,0,nan,nan,nan,INITIALIZING,0.0,0.0,0.0,2.284422310442965,0,0,0,0.0,0.0,1.0,0,0,0,0,0,0,0
696,77.61380284900008,nan,nan,nan,nan,nan,nan,nan,nan,nan,nan,nan,nan,,nan,0,nan,nan,nan,INITIALIZING,0.0,0.0,0.0,34.484526844492166,0,0,0,0.0,0.0,1.0,0,0,0,0,0,0,0
697,77.64292313500005,nan,nan,nan,nan,nan,nan,nan,nan,nan,nan,nan,nan,,nan,0,nan,nan,nan,INITIALIZING,0.0,0.0,0.0,34.34032206967941,0,0,0,0.0,0.0,1.0,0,0,0,0,0,0,0
698,77.6753333260001,nan,nan,nan,nan,nan,nan,nan,nan,nan,nan,nan,nan,,nan,0,nan,nan,nan,INITIALIZING,0.0,0.0,0.0,30.854492650115706,0,0,0,0.0,0.0,1.0,0,0,0,0,0,0,0
699,77.7070922040001,nan,nan,nan,nan,nan,nan,nan,nan,nan,nan,nan,nan,,nan,0,nan,nan,nan,INITIALIZING,0.0,0.0,0.0,31.487258460448114,0,0,0,0.0,0.0,1.0,0,0,0,0,0,0,0
700,77.74275381000007,nan,nan,nan,nan,nan,nan,nan,nan,nan,nan,nan,nan,,nan,0,nan,nan,nan,INITIALIZING,0.0,0.0,0.0,28.041361906164713,0,0,0,0.0,0.0,1.0,0,0,0,0,0,0,0
701,77.7749546230001,nan,nan,nan,nan,nan,nan,nan,nan,nan,nan,nan,nan,,nan,0,nan,nan,nan,INITIALIZING,0.0,0.0,0.0,31.05511652761773,0,0,0,0.0,0.0,1.0,0,0,0,0,0,0,0
702,77.80745903500008,nan,nan,nan,nan,nan,nan,nan,nan,nan,nan,nan,nan,,nan,0,nan,nan,nan,INITIALIZING,0.0,0.0,0.0,30.765054294801843,0,0,0,0.0,0.0,1.0,0,0,0,0,0,0,0
703,77.84322850800004,nan,nan,nan,nan,nan,nan,nan,nan,nan,nan,nan,nan,,nan,0,nan,nan,nan,INITIALIZING,0.0,0.0,0.0,27.95679992269207,0,0,0,0.0,0.0,1.0,0,0,0,0,0,0,0
704,77.87522046200002,nan,nan,nan,nan,nan,nan,nan,nan,nan,nan,nan,nan,,nan,0,nan,nan,nan,INITIALIZING,0.0,0.0,0.0,31.25785939804453,0,0,0,0.0,0.0,1.0,0,0,0,0,0,0,0
705,77.91971687,nan,nan,nan,nan,nan,nan,nan,nan,nan,nan,nan,nan,,nan,0,nan,nan,nan,INITIALIZING,0.0,0.0,0.0,22.47372417118045,0,0,0,0.0,0.0,1.0,0,0,0,0,0,0,0
706,77.95947813700002,nan,nan,nan,nan,nan,nan,nan,nan,nan,nan,nan,nan,,nan,0,nan,nan,nan,INITIALIZING,0.0,0.0,0.0,25.15010399441167,0,0,0,0.0,0.0,1.0,0,0,0,0,0,0,0
707,77.99751202800007,nan,nan,nan,nan,nan,nan,nan,nan,nan,nan,nan,nan,,nan,0,nan,nan,nan,INITIALIZING,0.0,0.0,0.0,26.29234016573703,0,0,0,0.0,0.0,1.0,0,0,0,0,0,0,0
708,78.02517942200006,nan,nan,nan,nan,nan,nan,nan,nan,nan,nan,nan,nan,,nan,0,nan,nan,nan,INITIALIZING,0.0,0.0,0.0,36.14362812776392,0,0,0,0.0,0.0,1.0,0,0,0,0,0,0,0
709,78.05549384400001,nan,nan,nan,nan,nan,nan,nan,nan,nan,nan,nan,nan,,nan,0,nan,nan,nan,INITIALIZING,0.0,0.0,0.0,32.98759910387728,0,0,0,0.0,0.0,1.0,0,0,0,0,0,0,0
710,78.09501260600007,nan,nan,nan,nan,nan,nan,nan,nan,nan,nan,nan,nan,,nan,0,nan,nan,nan,INITIALIZING,0.0,0.0,0.0,25.30443640918098,0,0,0,0.0,0.0,1.0,0,0,0,0,0,0,0
711,78.12443305300008,nan,nan,nan,nan,nan,nan,nan,nan,nan,nan,nan,nan,,nan,0,nan,nan,nan,INITIALIZING,0.0,0.0,0.0,33.98996622994101,0,0,0,0.0,0.0,1.0,0,0,0,0,0,0,0
712,78.15360886000008,nan,nan,nan,nan,nan,nan,nan,nan,nan,nan,nan,nan,,nan,0,nan,nan,nan,INITIALIZING,0.0,0.0,0.0,34.27497309671505,0,0,0,0.0,0.0,1.0,0,0,0,0,0,0,0
713,78.18722719800007,nan,nan,nan,nan,nan,nan,nan,nan,nan,nan,nan,nan,,nan,0,nan,nan,nan,INITIALIZING,0.0,0.0,0.0,29.7456703540818,0,0,0,0.0,0.0,1.0,0,0,0,0,0,0,0
714,78.21838944900003,nan,nan,nan,nan,nan,nan,nan,nan,nan,nan,nan,nan,,nan,0,nan,nan,nan,INITIALIZING,0.0,0.0,0.0,32.09010799641651,0,0,0,0.0,0.0,1.0,0,0,0,0,0,0,0
715,78.28137307700001,nan,nan,nan,nan,nan,nan,nan,nan,nan,nan,nan,nan,,nan,0,nan,nan,nan,INITIALIZING,0.0,0.0,0.0,15.877141913772586,0,0,0,0.0,0.0,1.0,0,0,0,0,0,0,0
716,78.31252845300003,nan,nan,nan,nan,nan,nan,nan,nan,nan,nan,nan,nan,,nan,0,nan,nan,nan,INITIALIZING,0.0,0.0,0.0,32.09718926195958,0,0,0,0.0,0.0,1.0,0,0,0,0,0,0,0
717,78.34448389600004,nan,nan,nan,nan,nan,nan,nan,nan,nan,nan,nan,nan,,nan,0,nan,nan,nan,INITIALIZING,0.0,0.0,0.0,31.293573367126264,0,0,0,0.0,0.0,1.0,0,0,0,0,0,0,0
718,78.38487986100006,nan,nan,nan,nan,nan,nan,nan,nan,nan,nan,nan,nan,,nan,0,nan,nan,nan,INITIALIZING,0.0,0.0,0.0,24.75494767855161,0,0,0,0.0,0.0,1.0,0,0,0,0,0,0,0
719,78.41392134300008,nan,nan,nan,nan,nan,nan,nan,nan,nan,nan,nan,nan,,nan,0,nan,nan,nan,INITIALIZING,0.0,0.0,0.0,34.433504460934046,0,0,0,0.0,0.0,1.0,0,0,0,0,0,0,0
720,78.44941805000008,nan,nan,nan,nan,nan,nan,nan,nan,nan,nan,nan,nan,,nan,0,nan,nan,nan,INITIALIZING,0.0,0.0,0.0,28.17162730053236,0,0,0,0.0,0.0,1.0,0,0,0,0,0,0,0
721,78.47907969900007,nan,nan,nan,nan,nan,nan,nan,nan,nan,nan,nan,nan,,nan,0,nan,nan,nan,INITIALIZING,0.0,0.0,0.0,33.713567307074456,0,0,0,0.0,0.0,1.0,0,0,0,0,0,0,0
722,78.51121332299999,nan,nan,nan,nan,nan,nan,nan,nan,nan,nan,nan,nan,,nan,0,nan,nan,nan,INITIALIZING,0.0,0.0,0.0,31.120050449408357,0,0,0,0.0,0.0,1.0,0,0,0,0,0,0,0
723,78.55639906500005,nan,nan,nan,nan,nan,nan,nan,nan,nan,nan,nan,nan,,nan,0,nan,nan,nan,INITIALIZING,0.0,0.0,0.0,22.130874823273217,0,0,0,0.0,0.0,1.0,0,0,0,0,0,0,0
724,78.598551886,nan,nan,nan,nan,nan,nan,nan,nan,nan,nan,nan,nan,,nan,0,nan,nan,nan,INITIALIZING,0.0,0.0,0.0,23.72320467001016,0,0,0,0.0,0.0,1.0,0,0,0,0,0,0,0
725,78.63152859800005,nan,nan,nan,nan,nan,nan,nan,nan,nan,nan,nan,nan,,nan,0,nan,nan,nan,INITIALIZING,0.0,0.0,0.0,30.324430161457357,0,0,0,0.0,0.0,1.0,0,0,0,0,0,0,0
726,78.65595765,nan,nan,nan,nan,nan,nan,nan,nan,nan,nan,nan,nan,,nan,0,nan,nan,nan,INITIALIZING,0.0,0.0,0.0,40.93486722291387,0,0,0,0.0,0.0,1.0,0,0,0,0,0,0,0
727,78.68995115100006,nan,nan,nan,nan,nan,nan,nan,nan,nan,nan,nan,nan,,nan,0,nan,nan,nan,INITIALIZING,0.0,0.0,0.0,29.417387752982457,0,0,0,0.0,0.0,1.0,0,0,0,0,0,0,0
728,78.72003249600004,nan,nan,nan,nan,nan,nan,nan,nan,nan,nan,nan,nan,,nan,0,nan,nan,nan,INITIALIZING,0.0,0.0,0.0,33.24319441170257,0,0,0,0.0,0.0,1.0,0,0,0,0,0,0,0
729,78.75212039000007,nan,nan,nan,nan,nan,nan,nan,nan,nan,nan,nan,nan,,nan,0,nan,nan,nan,INITIALIZING,0.0,0.0,0.0,31.16440112894645,0,0,0,0.0,0.0,1.0,0,0,0,0,0,0,0
730,78.78097264900009,nan,nan,nan,nan,nan,nan,nan,nan,nan,nan,nan,nan,,nan,0,nan,nan,nan,INITIALIZING,0.0,0.0,0.0,34.65933118094363,0,0,0,0.0,0.0,1.0,0,0,0,0,0,0,0
731,78.81563730900007,nan,nan,nan,nan,nan,nan,nan,nan,nan,nan,nan,nan,,nan,0,nan,nan,nan,INITIALIZING,0.0,0.0,0.0,28.84782369135303,0,0,0,0.0,0.0,1.0,0,0,0,0,0,0,0
732,78.85029910500009,nan,nan,nan,nan,nan,nan,nan,nan,nan,nan,nan,nan,,nan,0,nan,nan,nan,INITIALIZING,0.0,0.0,0.0,28.850207300260344,0,0,0,0.0,0.0,1.0,0,0,0,0,0,0,0
733,78.88544512800001,nan,nan,nan,nan,nan,nan,nan,nan,nan,nan,nan,nan,,nan,0,nan,nan,nan,INITIALIZING,0.0,0.0,0.0,28.452721379091482,0,0,0,0.0,0.0,1.0,0,0,0,0,0,0,0
734,78.91269131600006,nan,nan,nan,nan,nan,nan,nan,nan,nan,nan,nan,nan,,nan,0,nan,nan,nan,INITIALIZING,0.0,0.0,0.0,36.702381999206445,0,0,0,0.0,0.0,1.0,0,0,0,0,0,0,0
735,78.95007149500009,nan,nan,nan,nan,nan,nan,nan,nan,nan,nan,nan,nan,,nan,0,nan,nan,nan,INITIALIZING,0.0,0.0,0.0,26.752145836416386,0,0,0,0.0,0.0,1.0,0,0,0,0,0,0,0
736,78.99040386600007,nan,nan,nan,nan,nan,nan,nan,nan,nan,nan,nan,nan,,nan,0,nan,nan,nan,INITIALIZING,0.0,0.0,0.0,24.79398000183465,0,0,0,0.0,0.0,1.0,0,0,0,0,0,0,0
737,79.0175659890001,nan,nan,nan,nan,nan,nan,nan,nan,nan,nan,nan,nan,,nan,0,nan,nan,nan,INITIALIZING,0.0,0.0,0.0,36.81597347889772,0,0,0,0.0,0.0,1.0,0,0,0,0,0,0,0
738,79.05834581500005,nan,nan,nan,nan,nan,nan,nan,nan,nan,nan,nan,nan,,nan,0,nan,nan,nan,INITIALIZING,0.0,0.0,0.0,24.521929053872675,0,0,0,0.0,0.0,1.0,0,0,0,0,0,0,0
739,79.09277364700006,nan,nan,nan,nan,nan,nan,nan,nan,nan,nan,nan,nan,,nan,0,nan,nan,nan,INITIALIZING,0.0,0.0,0.0,29.046266985380683,0,0,0,0.0,0.0,1.0,0,0,0,0,0,0,0
740,79.12083750600004,nan,nan,nan,nan,nan,nan,nan,nan,nan,nan,nan,nan,,nan,0,nan,nan,nan,INITIALIZING,0.0,0.0,0.0,35.63301825313915,0,0,0,0.0,0.0,1.0,0,0,0,0,0,0,0
741,79.14959929500003,nan,nan,nan,nan,nan,nan,nan,nan,nan,nan,nan,nan,,nan,0,nan,nan,nan,INITIALIZING,0.0,0.0,0.0,34.768351857406,0,0,0,0.0,0.0,1.0,0,0,0,0,0,0,0
742,79.18174567800008,nan,nan,nan,nan,nan,nan,nan,nan,nan,nan,nan,nan,,nan,0,nan,nan,nan,INITIALIZING,0.0,0.0,0.0,31.10769880388482,0,0,0,0.0,0.0,1.0,0,0,0,0,0,0,0
743,79.21276552900008,nan,nan,nan,nan,nan,nan,nan,nan,nan,nan,nan,nan,,nan,0,nan,nan,nan,INITIALIZING,0.0,0.0,0.0,32.23742112752627,0,0,0,0.0,0.0,1.0,0,0,0,0,0,0,0
744,79.24716669400004,nan,nan,nan,nan,nan,nan,nan,nan,nan,nan,nan,nan,,nan,0,nan,nan,nan,INITIALIZING,0.0,0.0,0.0,29.06878299037482,0,0,0,0.0,0.0,1.0,0,0,0,0,0,0,0
745,79.27912718800007,nan,nan,nan,nan,nan,nan,nan,nan,nan,nan,nan,nan,,nan,0,nan,nan,nan,INITIALIZING,0.0,0.0,0.0,31.28862776648591,0,0,0,0.0,0.0,1.0,0,0,0,0,0,0,0
746,79.31169128700003,nan,nan,nan,nan,nan,nan,nan,nan,nan,nan,nan,nan,,nan,0,nan,nan,nan,INITIALIZING,0.0,0.0,0.0,30.708664778391793,0,0,0,0.0,0.0,1.0,0,0,0,0,0,0,0
747,79.34706976200005,nan,nan,nan,nan,nan,nan,nan,nan,nan,nan,nan,nan,,nan,0,nan,nan,nan,INITIALIZING,0.0,0.0,0.0,28.265774598807628,0,0,0,0.0,0.0,1.0,0,0,0,0,0,0,0
748,79.39163643000006,nan,nan,nan,nan,nan,nan,nan,nan,nan,nan,nan,nan,,nan,0,nan,nan,nan,INITIALIZING,0.0,0.0,0.0,22.438294018292872,0,0,0,0.0,0.0,1.0,0,0,0,0,0,0,0
749,79.46837026200001,nan,nan,nan,nan,nan,nan,nan,nan,nan,nan,nan,nan,,nan,0,nan,nan,nan,INITIALIZING,0.0,0.0,0.0,13.032061268629365,0,0,0,0.0,0.0,1.0,0,0,0,0,0,0,0
750,79.49306775600007,nan,nan,nan,nan,nan,nan,nan,nan,nan,nan,nan,nan,,nan,0,nan,nan,nan,INITIALIZING,0.0,0.0,0.0,40.48993796687827,0,0,0,0.0,0.0,1.0,0,0,0,0,0,0,0
751,79.52855982599999,nan,nan,nan,nan,nan,nan,nan,nan,nan,nan,nan,nan,,nan,0,nan,nan,nan,INITIALIZING,0.0,0.0,0.0,28.175307892785614,0,0,0,0.0,0.0,1.0,0,0,0,0,0,0,0
752,79.55941118500004,nan,nan,nan,nan,nan,nan,nan,nan,nan,nan,nan,nan,,nan,0,nan,nan,nan,INITIALIZING,0.0,0.0,0.0,32.413482984599895,0,0,0,0.0,0.0,1.0,0,0,0,0,0,0,0
753,79.6025602740001,nan,nan,nan,nan,nan,nan,nan,nan,nan,nan,nan,nan,,nan,0,nan,nan,nan,INITIALIZING,0.0,0.0,0.0,23.175460320813883,0,0,0,0.0,0.0,1.0,0,0,0,0,0,0,0
754,79.647659191,nan,nan,nan,nan,nan,nan,nan,nan,nan,nan,nan,nan,,nan,0,nan,nan,nan,INITIALIZING,0.0,0.0,0.0,22.173481460810063,0,0,0,0.0,0.0,1.0,0,0,0,0,0,0,0
755,79.684577278,nan,nan,nan,nan,nan,nan,nan,nan,nan,nan,nan,nan,,nan,0,nan,nan,nan,INITIALIZING,0.0,0.0,0.0,27.08699397127216,0,0,0,0.0,0.0,1.0,0,0,0,0,0,0,0
756,79.727841786,nan,nan,nan,nan,nan,nan,nan,nan,nan,nan,nan,nan,,nan,0,nan,nan,nan,INITIALIZING,0.0,0.0,0.0,23.11363392830362,0,0,0,0.0,0.0,1.0,0,0,0,0,0,0,0
757,79.75913773600007,nan,nan,nan,nan,nan,nan,nan,nan,nan,nan,nan,nan,,nan,0,nan,nan,nan,INITIALIZING,0.0,0.0,0.0,31.953016284781675,0,0,0,0.0,0.0,1.0,0,0,0,0,0,0,0
758,79.793278063,nan,nan,nan,nan,nan,nan,nan,nan,nan,nan,nan,nan,,nan,0,nan,nan,nan,INITIALIZING,0.0,0.0,0.0,29.290873517467947,0,0,0,0.0,0.0,1.0,0,0,0,0,0,0,0
759,79.82541361300002,nan,nan,nan,nan,nan,nan,nan,nan,nan,nan,nan,nan,,nan,0,nan,nan,nan,INITIALIZING,0.0,0.0,0.0,31.118185311885128,0,0,0,0.0,0.0,1.0,0,0,0,0,0,0,0
760,79.85742858700007,nan,nan,nan,nan,nan,nan,nan,nan,nan,nan,nan,nan,,nan,0,nan,nan,nan,INITIALIZING,0.0,0.0,0.0,31.235383792548916,0,0,0,0.0,0.0,1.0,0,0,0,0,0,0,0
761,79.89194517100009,nan,nan,nan,nan,nan,nan,nan,nan,nan,nan,nan,nan,,nan,0,nan,nan,nan,INITIALIZING,0.0,0.0,0.0,28.97158073346791,0,0,0,0.0,0.0,1.0,0,0,0,0,0,0,0
762,79.94133614700002,nan,nan,nan,nan,nan,nan,nan,nan,nan,nan,nan,nan,,nan,0,nan,nan,nan,INITIALIZING,0.0,0.0,0.0,20.246613470474436,0,0,0,0.0,0.0,1.0,0,0,0,0,0,0,0
763,79.97625398800005,nan,nan,nan,nan,nan,nan,nan,nan,nan,nan,nan,nan,,nan,0,nan,nan,nan,INITIALIZING,0.0,0.0,0.0,28.63865495002742,0,0,0,0.0,0.0,1.0,0,0,0,0,0,0,0
764,80.01502841199999,nan,nan,nan,nan,nan,nan,nan,nan,nan,nan,nan,nan,,nan,0,nan,nan,nan,INITIALIZING,0.0,0.0,0.0,25.79019613551363,0,0,0,0.0,0.0,1.0,0,0,0,0,0,0,0
765,80.047035521,nan,nan,nan,nan,nan,nan,nan,nan,nan,nan,nan,nan,,nan,0,nan,nan,nan,INITIALIZING,0.0,0.0,0.0,31.243059159133225,0,0,0,0.0,0.0,1.0,0,0,0,0,0,0,0
766,80.08025713200004,nan,nan,nan,nan,nan,nan,nan,nan,nan,nan,nan,nan,,nan,0,nan,nan,nan,INITIALIZING,0.0,0.0,0.0,30.100888244060783,0,0,0,0.0,0.0,1.0,0,0,0,0,0,0,0
767,80.11721105200002,nan,nan,nan,nan,nan,nan,nan,nan,nan,nan,nan,nan,,nan,0,nan,nan,nan,INITIALIZING,0.0,0.0,0.0,27.060728604724904,0,0,0,0.0,0.0,1.0,0,0,0,0,0,0,0
768,80.14992781000001,nan,nan,nan,nan,nan,nan,nan,nan,nan,nan,nan,nan,,nan,0,nan,nan,nan,INITIALIZING,0.0,0.0,0.0,30.565375701352668,0,0,0,0.0,0.0,1.0,0,0,0,0,0,0,0
769,80.18590072200004,nan,nan,nan,nan,nan,nan,nan,nan,nan,nan,nan,nan,,nan,0,nan,nan,nan,INITIALIZING,0.0,0.0,0.0,27.798694751179987,0,0,0,0.0,0.0,1.0,0,0,0,0,0,0,0
770,80.22173779900004,nan,nan,nan,nan,nan,nan,nan,nan,nan,nan,nan,nan,,nan,0,nan,nan,nan,INITIALIZING,0.0,0.0,0.0,27.904061483588567,0,0,0,0.0,0.0,1.0,0,0,0,0,0,0,0
771,80.2552961340001,nan,nan,nan,nan,nan,nan,nan,nan,nan,nan,nan,nan,,nan,0,nan,nan,nan,INITIALIZING,0.0,0.0,0.0,29.798856230442603,0,0,0,0.0,0.0,1.0,0,0,0,0,0,0,0
772,80.29136904900008,nan,nan,nan,nan,nan,nan,nan,nan,nan,nan,nan,nan,,nan,0,nan,nan,nan,INITIALIZING,0.0,0.0,0.0,27.72162992651516,0,0,0,0.0,0.0,1.0,0,0,0,0,0,0,0
773,80.32664861400008,nan,nan,nan,nan,nan,nan,nan,nan,nan,nan,nan,nan,,nan,0,nan,nan,nan,INITIALIZING,0.0,0.0,0.0,28.34502069399405,0,0,0,0.0,0.0,1.0,0,0,0,0,0,0,0
774,80.36412837800003,nan,nan,nan,nan,nan,nan,nan,nan,nan,nan,nan,nan,,nan,0,nan,nan,nan,INITIALIZING,0.0,0.0,0.0,26.68106448058801,0,0,0,0.0,0.0,1.0,0,0,0,0,0,0,0
775,80.39393596600007,nan,nan,nan,nan,nan,nan,nan,nan,nan,nan,nan,nan,,nan,0,nan,nan,nan,INITIALIZING,0.0,0.0,0.0,33.54850449485106,0,0,0,0.0,0.0,1.0,0,0,0,0,0,0,0
776,80.42754706400001,nan,nan,nan,nan,nan,nan,nan,nan,nan,nan,nan,nan,,nan,0,nan,nan,nan,INITIALIZING,0.0,0.0,0.0,29.752077721526916,0,0,0,0.0,0.0,1.0,0,0,0,0,0,0,0
777,80.46980420800003,nan,nan,nan,nan,nan,nan,nan,nan,nan,nan,nan,nan,,nan,0,nan,nan,nan,INITIALIZING,0.0,0.0,0.0,23.664637629073226,0,0,0,0.0,0.0,1.0,0,0,0,0,0,0,0
778,80.4990423590001,nan,nan,nan,nan,nan,nan,nan,nan,nan,nan,nan,nan,,nan,0,nan,nan,nan,INITIALIZING,0.0,0.0,0.0,34.201889168625144,0,0,0,0.0,0.0,1.0,0,0,0,0,0,0,0
779,80.54262395500007,nan,nan,nan,nan,nan,nan,nan,nan,nan,nan,nan,nan,,nan,0,nan,nan,nan,INITIALIZING,0.0,0.0,0.0,22.94546532900611,0,0,0,0.0,0.0,1.0,0,0,0,0,0,0,0
780,80.57129923100001,nan,nan,nan,nan,nan,nan,nan,nan,nan,nan,nan,nan,,nan,0,nan,nan,nan,INITIALIZING,0.0,0.0,0.0,34.87324760193893,0,0,0,0.0,0.0,1.0,0,0,0,0,0,0,0
781,80.596362408,nan,nan,nan,nan,nan,nan,nan,nan,nan,nan,nan,nan,,nan,0,nan,nan,nan,INITIALIZING,0.0,0.0,0.0,39.89917160144105,0,0,0,0.0,0.0,1.0,0,0,0,0,0,0,0
782,80.631427282,nan,nan,nan,nan,nan,nan,nan,nan,nan,nan,nan,nan,,nan,0,nan,nan,nan,INITIALIZING,0.0,0.0,0.0,28.51856818307714,0,0,0,0.0,0.0,1.0,0,0,0,0,0,0,0
783,80.66432810600008,nan,nan,nan,nan,nan,nan,nan,nan,nan,nan,nan,nan,,nan,0,nan,nan,nan,INITIALIZING,0.0,0.0,0.0,30.394375532891175,0,0,0,0.0,0.0,1.0,0,0,0,0,0,0,0
784,80.69710085400004,nan,nan,nan,nan,nan,nan,nan,nan,nan,nan,nan,nan,,nan,0,nan,nan,nan,INITIALIZING,0.0,0.0,0.0,30.51315684608817,0,0,0,0.0,0.0,1.0,0,0,0,0,0,0,0
785,80.72916473500004,nan,nan,nan,nan,nan,nan,nan,nan,nan,nan,nan,nan,,nan,0,nan,nan,nan,INITIALIZING,0.0,0.0,0.0,31.187740498414,0,0,0,0.0,0.0,1.0,0,0,0,0,0,0,0
786,80.76078433700002,nan,nan,nan,nan,nan,nan,nan,nan,nan,nan,nan,nan,,nan,0,nan,nan,nan,INITIALIZING,0.0,0.0,0.0,31.62595152211903,0,0,0,0.0,0.0,1.0,0,0,0,0,0,0,0
787,80.80412290700008,nan,nan,nan,nan,nan,nan,nan,nan,nan,nan,nan,nan,,nan,0,nan,nan,nan,INITIALIZING,0.0,0.0,0.0,23.07413465646461,0,0,0,0.0,0.0,1.0,0,0,0,0,0,0,0
788,80.831974522,nan,nan,nan,nan,nan,nan,nan,nan,nan,nan,nan,nan,,nan,0,nan,nan,nan,INITIALIZING,0.0,0.0,0.0,35.90456065125681,0,0,0,0.0,0.0,1.0,0,0,0,0,0,0,0
789,80.8675800310001,nan,nan,nan,nan,nan,nan,nan,nan,nan,nan,nan,nan,,nan,0,nan,nan,nan,INITIALIZING,0.0,0.0,0.0,28.085541481713175,0,0,0,0.0,0.0,1.0,0,0,0,0,0,0,0
790,80.89497965800001,nan,nan,nan,nan,nan,nan,nan,nan,nan,nan,nan,nan,,nan,0,nan,nan,nan,INITIALIZING,0.0,0.0,0.0,36.496847201727505,0,0,0,0.0,0.0,1.0,0,0,0,0,0,0,0
791,80.92145562200005,nan,nan,nan,nan,nan,nan,nan,nan,nan,nan,nan,nan,,nan,0,nan,nan,nan,INITIALIZING,0.0,0.0,0.0,37.770107256469004,0,0,0,0.0,0.0,1.0,0,0,0,0,0,0,0
792,80.95621434500003,nan,nan,nan,nan,nan,nan,nan,nan,nan,nan,nan,nan,,nan,0,nan,nan,nan,INITIALIZING,0.0,0.0,0.0,28.769756587447866,0,0,0,0.0,0.0,1.0,0,0,0,0,0,0,0
793,80.988464948,nan,nan,nan,nan,nan,nan,nan,nan,nan,nan,nan,nan,,nan,0,nan,nan,nan,INITIALIZING,0.0,0.0,0.0,31.00717217600734,0,0,0,0.0,0.0,1.0,0,0,0,0,0,0,0
794,81.01915562600004,nan,nan,nan,nan,nan,nan,nan,nan,nan,nan,nan,nan,,nan,0,nan,nan,nan,INITIALIZING,0.0,0.0,0.0,32.583183727600904,0,0,0,0.0,0.0,1.0,0,0,0,0,0,0,0
795,81.05933653300008,nan,nan,nan,nan,nan,nan,nan,nan,nan,nan,nan,nan,,nan,0,nan,nan,nan,INITIALIZING,0.0,0.0,0.0,24.887442187383147,0,0,0,0.0,0.0,1.0,0,0,0,0,0,0,0
796,81.1024921830001,nan,nan,nan,nan,nan,nan,nan,nan,nan,nan,nan,nan,,nan,0,nan,nan,nan,INITIALIZING,0.0,0.0,0.0,23.171936930612947,0,0,0,0.0,0.0,1.0,0,0,0,0,0,0,0
797,81.13257665100002,nan,nan,nan,nan,nan,nan,nan,nan,nan,nan,nan,nan,,nan,0,nan,nan,nan,INITIALIZING,0.0,0.0,0.0,33.239743511582724,0,0,0,0.0,0.0,1.0,0,0,0,0,0,0,0
798,81.170177093,nan,nan,nan,nan,nan,nan,nan,nan,nan,nan,nan,nan,,nan,0,nan,nan,nan,INITIALIZING,0.0,0.0,0.0,26.59543204307048,0,0,0,0.0,0.0,1.0,0,0,0,0,0,0,0
799,81.20634485200003,nan,nan,nan,nan,nan,nan,nan,nan,nan,nan,nan,nan,,nan,0,nan,nan,nan,INITIALIZING,0.0,0.0,0.0,27.648934510965226,0,0,0,0.0,0.0,1.0,0,0,0,0,0,0,0
800,81.23359916300001,nan,nan,nan,nan,nan,nan,nan,nan,nan,nan,nan,nan,,nan,0,nan,nan,nan,INITIALIZING,0.0,0.0,0.0,36.69144305283589,0,0,0,0.0,0.0,1.0,0,0,0,0,0,0,0
801,81.26594273600006,nan,nan,nan,nan,nan,nan,nan,nan,nan,nan,nan,nan,,nan,0,nan,nan,nan,INITIALIZING,0.0,0.0,0.0,30.918043593962434,0,0,0,0.0,0.0,1.0,0,0,0,0,0,0,0
802,81.30210794300001,nan,nan,nan,nan,nan,nan,nan,nan,nan,nan,nan,nan,,nan,0,nan,nan,nan,INITIALIZING,0.0,0.0,0.0,27.65088555973929,0,0,0,0.0,0.0,1.0,0,0,0,0,0,0,0
803,81.34435977300006,nan,nan,nan,nan,nan,nan,nan,nan,nan,nan,nan,nan,,nan,0,nan,nan,nan,INITIALIZING,0.0,0.0,0.0,23.667613923437276,0,0,0,0.0,0.0,1.0,0,0,0,0,0,0,0
804,81.37818337400006,nan,nan,nan,nan,nan,nan,nan,nan,nan,nan,nan,nan,,nan,0,nan,nan,nan,INITIALIZING,0.0,0.0,0.0,29.565154816016182,0,0,0,0.0,0.0,1.0,0,0,0,0,0,0,0
805,81.405666752,nan,nan,nan,nan,nan,nan,nan,nan,nan,nan,nan,nan,,nan,0,nan,nan,nan,INITIALIZING,0.0,0.0,0.0,36.38562916109105,0,0,0,0.0,0.0,1.0,0,0,0,0,0,0,0
806,81.428560565,nan,nan,nan,nan,nan,nan,nan,nan,nan,nan,nan,nan,,nan,0,nan,nan,nan,INITIALIZING,0.0,0.0,0.0,43.6799234797704,0,0,0,0.0,0.0,1.0,0,0,0,0,0,0,0
807,81.4516936010001,nan,nan,nan,nan,nan,nan,nan,nan,nan,nan,nan,nan,,nan,0,nan,nan,nan,INITIALIZING,0.0,0.0,0.0,43.22822131930761,0,0,0,0.0,0.0,1.0,0,0,0,0,0,0,0
808,81.488459809,nan,nan,nan,nan,nan,nan,nan,nan,nan,nan,nan,nan,,nan,0,nan,nan,nan,INITIALIZING,0.0,0.0,0.0,27.1988887187556,0,0,0,0.0,0.0,1.0,0,0,0,0,0,0,0
809,81.52337025200006,nan,nan,nan,nan,nan,nan,nan,nan,nan,nan,nan,nan,,nan,0,nan,nan,nan,INITIALIZING,0.0,0.0,0.0,28.64472387240516,0,0,0,0.0,0.0,1.0,0,0,0,0,0,0,0
810,81.55268111200007,nan,nan,nan,nan,nan,nan,nan,nan,nan,nan,nan,nan,,nan,0,nan,nan,nan,INITIALIZING,0.0,0.0,0.0,34.11704740153215,0,0,0,0.0,0.0,1.0,0,0,0,0,0,0,0
811,81.587523638,nan,nan,nan,nan,nan,nan,nan,nan,nan,nan,nan,nan,,nan,0,nan,nan,nan,INITIALIZING,0.0,0.0,0.0,28.70055977004327,0,0,0,0.0,0.0,1.0,0,0,0,0,0,0,0
812,81.62720349400001,nan,nan,nan,nan,nan,nan,nan,nan,nan,nan,nan,nan,,nan,0,nan,nan,nan,INITIALIZING,0.0,0.0,0.0,25.201704361010766,0,0,0,0.0,0.0,1.0,0,0,0,0,0,0,0
813,81.68179071100008,nan,nan,nan,nan,nan,nan,nan,nan,nan,nan,nan,nan,,nan,0,nan,nan,nan,INITIALIZING,0.0,0.0,0.0,18.319307247315113,0,0,0,0.0,0.0,1.0,0,0,0,0,0,0,0
814,81.70825979900007,nan,nan,nan,nan,nan,nan,nan,nan,nan,nan,nan,nan,,nan,0,nan,nan,nan,INITIALIZING,0.0,0.0,0.0,37.77991897567611,0,0,0,0.0,0.0,1.0,0,0,0,0,0,0,0
815,81.73448846600002,nan,nan,nan,nan,nan,nan,nan,nan,nan,nan,nan,nan,,nan,0,nan,nan,nan,INITIALIZING,0.0,0.0,0.0,38.12622273187738,0,0,0,0.0,0.0,1.0,0,0,0,0,0,0,0
816,81.76083208400007,nan,nan,nan,nan,nan,nan,nan,nan,nan,nan,nan,nan,,nan,0,nan,nan,nan,INITIALIZING,0.0,0.0,0.0,37.95985805738219,0,0,0,0.0,0.0,1.0,0,0,0,0,0,0,0
817,81.78351308000003,nan,nan,nan,nan,nan,nan,nan,nan,nan,nan,nan,nan,,nan,0,nan,nan,nan,INITIALIZING,0.0,0.0,0.0,44.08977454083771,0,0,0,0.0,0.0,1.0,0,0,0,0,0,0,0
818,81.82047908300001,nan,nan,nan,nan,nan,nan,nan,nan,nan,nan,nan,nan,,nan,0,nan,nan,nan,INITIALIZING,0.0,0.0,0.0,27.051883321025446,0,0,0,0.0,0.0,1.0,0,0,0,0,0,0,0
819,81.85580323200008,nan,nan,nan,nan,nan,nan,nan,nan,nan,nan,nan,nan,,nan,0,nan,nan,nan,INITIALIZING,0.0,0.0,0.0,28.309245326698797,0,0,0,0.0,0.0,1.0,0,0,0,0,0,0,0
820,81.89099961900001,nan,nan,nan,nan,nan,nan,nan,nan,nan,nan,nan,nan,,nan,0,nan,nan,nan,INITIALIZING,0.0,0.0,0.0,28.41200717568092,0,0,0,0.0,0.0,1.0,0,0,0,0,0,0,0
821,81.92789692300005,nan,nan,nan,nan,nan,nan,nan,nan,nan,nan,nan,nan,,nan,0,nan,nan,nan,INITIALIZING,0.0,0.0,0.0,27.102251156318538,0,0,0,0.0,0.0,1.0,0,0,0,0,0,0,0
822,81.964985845,nan,nan,nan,nan,nan,nan,nan,nan,nan,nan,nan,nan,,nan,0,nan,nan,nan,INITIALIZING,0.0,0.0,0.0,26.962228775516245,0,0,0,0.0,0.0,1.0,0,0,0,0,0,0,0
823,81.99587345300006,nan,nan,nan,nan,nan,nan,nan,nan,nan,nan,nan,nan,,nan,0,nan,nan,nan,INITIALIZING,0.0,0.0,0.0,32.37544325213351,0,0,0,0.0,0.0,1.0,0,0,0,0,0,0,0
824,82.0208238670001,nan,nan,nan,nan,nan,nan,nan,nan,nan,nan,nan,nan,,nan,0,nan,nan,nan,INITIALIZING,0.0,0.0,0.0,40.07949527403357,0,0,0,0.0,0.0,1.0,0,0,0,0,0,0,0
825,82.05307446900008,nan,nan,nan,nan,nan,nan,nan,nan,nan,nan,nan,nan,,nan,0,nan,nan,nan,INITIALIZING,0.0,0.0,0.0,31.00717313744193,0,0,0,0.0,0.0,1.0,0,0,0,0,0,0,0
826,82.09070871200004,nan,nan,nan,nan,nan,nan,nan,nan,nan,nan,nan,nan,,nan,0,nan,nan,nan,INITIALIZING,0.0,0.0,0.0,26.571545493851136,0,0,0,0.0,0.0,1.0,0,0,0,0,0,0,0
827,82.12098860000003,nan,nan,nan,nan,nan,nan,nan,nan,nan,nan,nan,nan,,nan,0,nan,nan,nan,INITIALIZING,0.0,0.0,0.0,33.0252212293569,0,0,0,0.0,0.0,1.0,0,0,0,0,0,0,0
828,82.15403744600007,nan,nan,nan,nan,nan,nan,nan,nan,nan,nan,nan,nan,,nan,0,nan,nan,nan,INITIALIZING,0.0,0.0,0.0,30.25824260244113,0,0,0,0.0,0.0,1.0,0,0,0,0,0,0,0
829,82.22895061500003,nan,nan,nan,nan,nan,nan,nan,nan,nan,nan,nan,nan,,nan,0,nan,nan,nan,INITIALIZING,0.0,0.0,0.0,13.348787847976233,0,0,0,0.0,0.0,1.0,0,0,0,0,0,0,0
830,82.26901948700004,nan,nan,nan,nan,nan,nan,nan,nan,nan,nan,nan,nan,,nan,0,nan,nan,nan,INITIALIZING,0.0,0.0,0.0,24.957028987485483,0,0,0,0.0,0.0,1.0,0,0,0,0,0,0,0
831,82.30718139700002,nan,nan,nan,nan,nan,nan,nan,nan,nan,nan,nan,nan,,nan,0,nan,nan,nan,INITIALIZING,0.0,0.0,0.0,26.20413915342252,0,0,0,0.0,0.0,1.0,0,0,0,0,0,0,0
832,82.35278933100005,nan,nan,nan,nan,nan,nan,nan,nan,nan,nan,nan,nan,,nan,0,nan,nan,nan,INITIALIZING,0.0,0.0,0.0,21.926009628046504,0,0,0,0.0,0.0,1.0,0,0,0,0,0,0,0
833,82.38251051100008,nan,nan,nan,nan,nan,nan,nan,nan,nan,nan,nan,nan,,nan,0,nan,nan,nan,INITIALIZING,0.0,0.0,0.0,33.646039625586496,0,0,0,0.0,0.0,1.0,0,0,0,0,0,0,0
834,82.40668075300005,nan,nan,nan,nan,nan,nan,nan,nan,nan,nan,nan,nan,,nan,0,nan,nan,nan,INITIALIZING,0.0,0.0,0.0,41.373189395510025,0,0,0,0.0,0.0,1.0,0,0,0,0,0,0,0
835,82.431871796,nan,nan,nan,nan,nan,nan,nan,nan,nan,nan,nan,nan,,nan,0,nan,nan,nan,INITIALIZING,0.0,0.0,0.0,39.69664932103023,0,0,0,0.0,0.0,1.0,0,0,0,0,0,0,0
836,82.45569088700006,nan,nan,nan,nan,nan,nan,nan,nan,nan,nan,nan,nan,,nan,0,nan,nan,nan,INITIALIZING,0.0,0.0,0.0,41.98313025452208,0,0,0,0.0,0.0,1.0,0,0,0,0,0,0,0
837,82.48898744500002,nan,nan,nan,nan,nan,nan,nan,nan,nan,nan,nan,nan,,nan,0,nan,nan,nan,INITIALIZING,0.0,0.0,0.0,30.033134355844663,0,0,0,0.0,0.0,1.0,0,0,0,0,0,0,0
838,82.53927452900007,nan,nan,nan,nan,nan,nan,nan,nan,nan,nan,nan,nan,,nan,0,nan,nan,nan,INITIALIZING,0.0,0.0,0.0,19.88582197367156,0,0,0,0.0,0.0,1.0,0,0,0,0,0,0,0
839,82.57562515500001,nan,nan,nan,nan,nan,nan,nan,nan,nan,nan,nan,nan,,nan,0,nan,nan,nan,INITIALIZING,0.0,0.0,0.0,27.509842609080266,0,0,0,0.0,0.0,1.0,0,0,0,0,0,0,0
840,82.61327544100004,nan,nan,nan,nan,nan,nan,nan,nan,nan,nan,nan,nan,,nan,0,nan,nan,nan,INITIALIZING,0.0,0.0,0.0,26.560223207844995,0,0,0,0.0,0.0,1.0,0,0,0,0,0,0,0
841,82.64106132400002,nan,nan,nan,nan,nan,nan,nan,nan,nan,nan,nan,nan,,nan,0,nan,nan,nan,INITIALIZING,0.0,0.0,0.0,35.98949869618211,0,0,0,0.0,0.0,1.0,0,0,0,0,0,0,0
842,82.70190714700004,nan,nan,nan,nan,nan,nan,nan,nan,nan,nan,nan,nan,,nan,0,nan,nan,nan,INITIALIZING,0.0,0.0,0.0,16.4349819049967,0,0,0,0.0,0.0,1.0,0,0,0,0,0,0,0
843,82.75364608100006,nan,nan,nan,nan,nan,nan,nan,nan,nan,nan,nan,nan,,nan,0,nan,nan,nan,INITIALIZING,0.0,0.0,0.0,19.32780447312148,0,0,0,0.0,0.0,1.0,0,0,0,0,0,0,0
844,82.78278584300006,nan,nan,nan,nan,nan,nan,nan,nan,nan,nan,nan,nan,,nan,0,nan,nan,nan,INITIALIZING,0.0,0.0,0.0,34.31737019677811,0,0,0,0.0,0.0,1.0,0,0,0,0,0,0,0
845,82.81871922200003,nan,nan,nan,nan,nan,nan,nan,nan,nan,nan,nan,nan,,nan,0,nan,nan,nan,INITIALIZING,0.0,0.0,0.0,27.82927817617175,0,0,0,0.0,0.0,1.0,0,0,0,0,0,0,0
846,82.843926151,nan,nan,nan,nan,nan,nan,nan,nan,nan,nan,nan,nan,,nan,0,nan,nan,nan,INITIALIZING,0.0,0.0,0.0,39.67163155816673,0,0,0,0.0,0.0,1.0,0,0,0,0,0,0,0
847,82.868234573,nan,nan,nan,nan,nan,nan,nan,nan,nan,nan,nan,nan,,nan,0,nan,nan,nan,INITIALIZING,0.0,0.0,0.0,41.13800558507701,0,0,0,0.0,0.0,1.0,0,0,0,0,0,0,0
848,82.897796062,nan,nan,nan,nan,nan,nan,nan,nan,nan,nan,nan,nan,,nan,0,nan,nan,nan,INITIALIZING,0.0,0.0,0.0,33.827795345488774,0,0,0,0.0,0.0,1.0,0,0,0,0,0,0,0
849,82.92714067200006,nan,nan,nan,nan,nan,nan,nan,nan,nan,nan,nan,nan,,nan,0,nan,nan,nan,INITIALIZING,0.0,0.0,0.0,34.077808496951704,0,0,0,0.0,0.0,1.0,0,0,0,0,0,0,0
850,82.97012371400001,nan,nan,nan,nan,nan,nan,nan,nan,nan,nan,nan,nan,,nan,0,nan,nan,nan,INITIALIZING,0.0,0.0,0.0,23.264989015929867,0,0,0,0.0,0.0,1.0,0,0,0,0,0,0,0
851,82.99776797900006,nan,nan,nan,nan,nan,nan,nan,nan,nan,nan,nan,nan,,nan,0,nan,nan,nan,INITIALIZING,0.0,0.0,0.0,36.17386825072856,0,0,0,0.0,0.0,1.0,0,0,0,0,0,0,0
852,83.02711373500006,nan,nan,nan,nan,nan,nan,nan,nan,nan,nan,nan,nan,,nan,0,nan,nan,nan,INITIALIZING,0.0,0.0,0.0,34.076477702604485,0,0,0,0.0,0.0,1.0,0,0,0,0,0,0,0
853,83.05768571100009,nan,nan,nan,nan,nan,nan,nan,nan,nan,nan,nan,nan,,nan,0,nan,nan,nan,INITIALIZING,0.0,0.0,0.0,32.70969465627355,0,0,0,0.0,0.0,1.0,0,0,0,0,0,0,0
854,83.09062179400007,nan,nan,nan,nan,nan,nan,nan,nan,nan,nan,nan,nan,,nan,0,nan,nan,nan,INITIALIZING,0.0,0.0,0.0,30.361837502066184,0,0,0,0.0,0.0,1.0,0,0,0,0,0,0,0
855,83.124399767,nan,nan,nan,nan,nan,nan,nan,nan,nan,nan,nan,nan,,nan,0,nan,nan,nan,INITIALIZING,0.0,0.0,0.0,29.605092052211692,0,0,0,0.0,0.0,1.0,0,0,0,0,0,0,0
856,83.1577666390001,nan,nan,nan,nan,nan,nan,nan,nan,nan,nan,nan,nan,,nan,0,nan,nan,nan,INITIALIZING,0.0,0.0,0.0,29.969845540120126,0,0,0,0.0,0.0,1.0,0,0,0,0,0,0,0
857,83.19618605300002,nan,nan,nan,nan,nan,nan,nan,nan,nan,nan,nan,nan,,nan,0,nan,nan,nan,INITIALIZING,0.0,0.0,0.0,26.02850735834054,0,0,0,0.0,0.0,1.0,0,0,0,0,0,0,0
858,83.23088940800005,nan,nan,nan,nan,nan,nan,nan,nan,nan,nan,nan,nan,,nan,0,nan,nan,nan,INITIALIZING,0.0,0.0,0.0,28.815657736810763,0,0,0,0.0,0.0,1.0,0,0,0,0,0,0,0
859,83.26898636800001,nan,nan,nan,nan,nan,nan,nan,nan,nan,nan,nan,nan,,nan,0,nan,nan,nan,INITIALIZING,0.0,0.0,0.0,26.248813553653797,0,0,0,0.0,0.0,1.0,0,0,0,0,0,0,0
860,83.30463119900003,nan,nan,nan,nan,nan,nan,nan,nan,nan,nan,nan,nan,,nan,0,nan,nan,nan,INITIALIZING,0.0,0.0,0.0,28.054558597840682,0,0,0,0.0,0.0,1.0,0,0,0,0,0,0,0
861,83.34031806200005,nan,nan,nan,nan,nan,nan,nan,nan,nan,nan,nan,nan,,nan,0,nan,nan,nan,INITIALIZING,0.0,0.0,0.0,28.021515928686142,0,0,0,0.0,0.0,1.0,0,0,0,0,0,0,0
862,83.37886523899999,nan,nan,nan,nan,nan,nan,nan,nan,nan,nan,nan,nan,,nan,0,nan,nan,nan,INITIALIZING,0.0,0.0,0.0,25.94223696333259,0,0,0,0.0,0.0,1.0,0,0,0,0,0,0,0
863,83.41079958400007,nan,nan,nan,nan,nan,nan,nan,nan,nan,nan,nan,nan,,nan,0,nan,nan,nan,INITIALIZING,0.0,0.0,0.0,31.314248029745006,0,0,0,0.0,0.0,1.0,0,0,0,0,0,0,0
864,83.45436023900004,nan,nan,nan,nan,nan,nan,nan,nan,nan,nan,nan,nan,,nan,0,nan,nan,nan,INITIALIZING,0.0,0.0,0.0,22.956495948024866,0,0,0,0.0,0.0,1.0,0,0,0,0,0,0,0
865,83.48407969900006,nan,nan,nan,nan,nan,nan,nan,nan,nan,nan,nan,nan,,nan,0,nan,nan,nan,INITIALIZING,0.0,0.0,0.0,33.64798687456622,0,0,0,0.0,0.0,1.0,0,0,0,0,0,0,0
866,83.51660327400009,nan,nan,nan,nan,nan,nan,nan,nan,nan,nan,nan,nan,,nan,0,nan,nan,nan,INITIALIZING,0.0,0.0,0.0,30.7469274210832,0,0,0,0.0,0.0,1.0,0,0,0,0,0,0,0
867,83.54842475300006,nan,nan,nan,nan,nan,nan,nan,nan,nan,nan,nan,nan,,nan,0,nan,nan,nan,INITIALIZING,0.0,0.0,0.0,31.425314957889032,0,0,0,0.0,0.0,1.0,0,0,0,0,0,0,0
868,83.57116663500005,nan,nan,nan,nan,nan,nan,nan,nan,nan,nan,nan,nan,,nan,0,nan,nan,nan,INITIALIZING,0.0,0.0,0.0,43.97173461723126,0,0,0,0.0,0.0,1.0,0,0,0,0,0,0,0
869,83.59465910400002,nan,nan,nan,nan,nan,nan,nan,nan,nan,nan,nan,nan,,nan,0,nan,nan,nan,INITIALIZING,0.0,0.0,0.0,42.56683280082798,0,0,0,0.0,0.0,1.0,0,0,0,0,0,0,0
870,83.63277689800009,nan,nan,nan,nan,nan,nan,nan,nan,nan,nan,nan,nan,,nan,0,nan,nan,nan,INITIALIZING,0.0,0.0,0.0,26.234466768934663,0,0,0,0.0,0.0,1.0,0,0,0,0,0,0,0
871,83.67078682500005,nan,nan,nan,nan,nan,nan,nan,nan,nan,nan,nan,nan,,nan,0,nan,nan,nan,INITIALIZING,0.0,0.0,0.0,26.30891661541479,0,0,0,0.0,0.0,1.0,0,0,0,0,0,0,0
872,83.70928243800006,nan,nan,nan,nan,nan,nan,nan,nan,nan,nan,nan,nan,,nan,0,nan,nan,nan,INITIALIZING,0.0,0.0,0.0,25.976986000970097,0,0,0,0.0,0.0,1.0,0,0,0,0,0,0,0
873,83.73740863900002,nan,nan,nan,nan,nan,nan,nan,nan,nan,nan,nan,nan,,nan,0,nan,nan,nan,INITIALIZING,0.0,0.0,0.0,35.554037319199,0,0,0,0.0,0.0,1.0,0,0,0,0,0,0,0
874,83.7758880020001,nan,nan,nan,nan,nan,nan,nan,nan,nan,nan,nan,nan,,nan,0,nan,nan,nan,INITIALIZING,0.0,0.0,0.0,25.98795619350449,0,0,0,0.0,0.0,1.0,0,0,0,0,0,0,0
875,83.81018749600003,nan,nan,nan,nan,nan,nan,nan,nan,nan,nan,nan,nan,,nan,0,nan,nan,nan,INITIALIZING,0.0,0.0,0.0,29.154949049749966,0,0,0,0.0,0.0,1.0,0,0,0,0,0,0,0
876,83.83752227600007,nan,nan,nan,nan,nan,nan,nan,nan,nan,nan,nan,nan,,nan,0,nan,nan,nan,INITIALIZING,0.0,0.0,0.0,36.58342960866332,0,0,0,0.0,0.0,1.0,0,0,0,0,0,0,0
877,83.8744245260001,nan,nan,nan,nan,nan,nan,nan,nan,nan,nan,nan,nan,,nan,0,nan,nan,nan,INITIALIZING,0.0,0.0,0.0,27.098618647895652,0,0,0,0.0,0.0,1.0,0,0,0,0,0,0,0
878,83.93440184200006,nan,nan,nan,nan,nan,nan,nan,nan,nan,nan,nan,nan,,nan,0,nan,nan,nan,INITIALIZING,0.0,0.0,0.0,16.672970160930348,0,0,0,0.0,0.0,1.0,0,0,0,0,0,0,0
879,83.96060264300002,nan,nan,nan,nan,nan,nan,nan,nan,nan,nan,nan,nan,,nan,0,nan,nan,nan,INITIALIZING,0.0,0.0,0.0,38.166772076989695,0,0,0,0.0,0.0,1.0,0,0,0,0,0,0,0
880,83.991522906,nan,nan,nan,nan,nan,nan,nan,nan,nan,nan,nan,nan,,nan,0,nan,nan,nan,INITIALIZING,0.0,0.0,0.0,32.341251431157,0,0,0,0.0,0.0,1.0,0,0,0,0,0,0,0
881,84.02517895000005,nan,nan,nan,nan,nan,nan,nan,nan,nan,nan,nan,nan,,nan,0,nan,nan,nan,INITIALIZING,0.0,0.0,0.0,29.71234527737119,0,0,0,0.0,0.0,1.0,0,0,0,0,0,0,0
882,84.05583545800005,nan,nan,nan,nan,nan,nan,nan,nan,nan,nan,nan,nan,,nan,0,nan,nan,nan,INITIALIZING,0.0,0.0,0.0,32.61950121651939,0,0,0,0.0,0.0,1.0,0,0,0,0,0,0,0
883,84.09159148900005,nan,nan,nan,nan,nan,nan,nan,nan,nan,nan,nan,nan,,nan,0,nan,nan,nan,INITIALIZING,0.0,0.0,0.0,27.967309906400136,0,0,0,0.0,0.0,1.0,0,0,0,0,0,0,0
884,84.12901822700007,nan,nan,nan,nan,nan,nan,nan,nan,nan,nan,nan,nan,,nan,0,nan,nan,nan,INITIALIZING,0.0,0.0,0.0,26.718866068408467,0,0,0,0.0,0.0,1.0,0,0,0,0,0,0,0
885,84.1682732810001,nan,nan,nan,nan,nan,nan,nan,nan,nan,nan,nan,nan,,nan,0,nan,nan,nan,INITIALIZING,0.0,0.0,0.0,25.474426808823537,0,0,0,0.0,0.0,1.0,0,0,0,0,0,0,0
886,84.21290041400005,nan,nan,nan,nan,nan,nan,nan,nan,nan,nan,nan,nan,,nan,0,nan,nan,nan,INITIALIZING,0.0,0.0,0.0,22.407892525857356,0,0,0,0.0,0.0,1.0,0,0,0,0,0,0,0
887,84.25734629300007,nan,nan,nan,nan,nan,nan,nan,nan,nan,nan,nan,nan,,nan,0,nan,nan,nan,INITIALIZING,0.0,0.0,0.0,22.49927377967913,0,0,0,0.0,0.0,1.0,0,0,0,0,0,0,0
888,84.29603472200006,nan,nan,nan,nan,nan,nan,nan,nan,nan,nan,nan,nan,,nan,0,nan,nan,nan,INITIALIZING,0.0,0.0,0.0,25.847521490217744,0,0,0,0.0,0.0,1.0,0,0,0,0,0,0,0
889,84.32215588500003,nan,nan,nan,nan,nan,nan,nan,nan,nan,nan,nan,nan,,nan,0,nan,nan,nan,INITIALIZING,0.0,0.0,0.0,38.283134636888946,0,0,0,0.0,0.0,1.0,0,0,0,0,0,0,0
890,84.34773422600006,nan,nan,nan,nan,nan,nan,nan,nan,nan,nan,nan,nan,,nan,0,nan,nan,nan,INITIALIZING,0.0,0.0,0.0,39.095576996135875,0,0,0,0.0,0.0,1.0,0,0,0,0,0,0,0
891,84.39436722900007,nan,nan,nan,nan,nan,nan,nan,nan,nan,nan,nan,nan,,nan,0,nan,nan,nan,INITIALIZING,0.0,0.0,0.0,21.4440403934477,0,0,0,0.0,0.0,1.0,0,0,0,0,0,0,0
892,84.4324667410001,nan,nan,nan,nan,nan,nan,nan,nan,nan,nan,nan,nan,,nan,0,nan,nan,nan,INITIALIZING,0.0,0.0,0.0,26.247055342839936,0,0,0,0.0,0.0,1.0,0,0,0,0,0,0,0
893,84.45973803000004,nan,nan,nan,nan,nan,nan,nan,nan,nan,nan,nan,nan,,nan,0,nan,nan,nan,INITIALIZING,0.0,0.0,0.0,36.66860044650469,0,0,0,0.0,0.0,1.0,0,0,0,0,0,0,0
894,84.49555953000004,nan,nan,nan,nan,nan,nan,nan,nan,nan,nan,nan,nan,,nan,0,nan,nan,nan,INITIALIZING,0.0,0.0,0.0,27.916195580868354,0,0,0,0.0,0.0,1.0,0,0,0,0,0,0,0
895,84.52669495300006,nan,nan,nan,nan,nan,nan,nan,nan,nan,nan,nan,nan,,nan,0,nan,nan,nan,INITIALIZING,0.0,0.0,0.0,32.11775860566434,0,0,0,0.0,0.0,1.0,0,0,0,0,0,0,0
896,84.56174086600004,nan,nan,nan,nan,nan,nan,nan,nan,nan,nan,nan,nan,,nan,0,nan,nan,nan,INITIALIZING,0.0,0.0,0.0,28.533997673300075,0,0,0,0.0,0.0,1.0,0,0,0,0,0,0,0
897,84.59200924200002,nan,nan,nan,nan,nan,nan,nan,nan,nan,nan,nan,nan,,nan,0,nan,nan,nan,INITIALIZING,0.0,0.0,0.0,33.03778174291978,0,0,0,0.0,0.0,1.0,0,0,0,0,0,0,0
898,84.63027573600004,nan,nan,nan,nan,nan,nan,nan,nan,nan,nan,nan,nan,,nan,0,nan,nan,nan,INITIALIZING,0.0,0.0,0.0,26.132522096205097,0,0,0,0.0,0.0,1.0,0,0,0,0,0,0,0
899,84.66513227000007,nan,nan,nan,nan,nan,nan,nan,nan,nan,nan,nan,nan,,nan,0,nan,nan,nan,INITIALIZING,0.0,0.0,0.0,28.68902570746718,0,0,0,0.0,0.0,1.0,0,0,0,0,0,0,0
900,84.69137421700009,nan,nan,nan,nan,nan,nan,nan,nan,nan,nan,nan,nan,,nan,0,nan,nan,nan,INITIALIZING,0.0,0.0,0.0,38.10692857505426,0,0,0,0.0,0.0,1.0,0,0,0,0,0,0,0
901,84.72646252600009,nan,nan,nan,nan,nan,nan,nan,nan,nan,nan,nan,nan,,nan,0,nan,nan,nan,INITIALIZING,0.0,0.0,0.0,28.499521022797914,0,0,0,0.0,0.0,1.0,0,0,0,0,0,0,0
902,84.76129978900008,nan,nan,nan,nan,nan,nan,nan,nan,nan,nan,nan,nan,,nan,0,nan,nan,nan,INITIALIZING,0.0,0.0,0.0,28.70489567450829,0,0,0,0.0,0.0,1.0,0,0,0,0,0,0,0
903,84.791470559,nan,nan,nan,nan,nan,nan,nan,nan,nan,nan,nan,nan,,nan,0,nan,nan,nan,INITIALIZING,0.0,0.0,0.0,33.144662864170215,0,0,0,0.0,0.0,1.0,0,0,0,0,0,0,0
904,84.82460247800009,nan,nan,nan,nan,nan,nan,nan,nan,nan,nan,nan,nan,,nan,0,nan,nan,nan,INITIALIZING,0.0,0.0,0.0,30.182374887414856,0,0,0,0.0,0.0,1.0,0,0,0,0,0,0,0
905,84.86180832700006,nan,nan,nan,nan,nan,nan,nan,nan,nan,nan,nan,nan,,nan,0,nan,nan,nan,INITIALIZING,0.0,0.0,0.0,26.877494449883027,0,0,0,0.0,0.0,1.0,0,0,0,0,0,0,0
906,84.89448018500002,nan,nan,nan,nan,nan,nan,nan,nan,nan,nan,nan,nan,,nan,0,nan,nan,nan,INITIALIZING,0.0,0.0,0.0,30.607380823009503,0,0,0,0.0,0.0,1.0,0,0,0,0,0,0,0
907,84.928847023,nan,nan,nan,nan,nan,nan,nan,nan,nan,nan,nan,nan,,nan,0,nan,nan,nan,INITIALIZING,0.0,0.0,0.0,29.097818076847958,0,0,0,0.0,0.0,1.0,0,0,0,0,0,0,0
908,84.96790665600008,nan,nan,nan,nan,nan,nan,nan,nan,nan,nan,nan,nan,,nan,0,nan,nan,nan,INITIALIZING,0.0,0.0,0.0,25.601879054981854,0,0,0,0.0,0.0,1.0,0,0,0,0,0,0,0
909,85.00017736100006,nan,nan,nan,nan,nan,nan,nan,nan,nan,nan,nan,nan,,nan,0,nan,nan,nan,INITIALIZING,0.0,0.0,0.0,30.987857253221463,0,0,0,0.0,0.0,1.0,0,0,0,0,0,0,0
910,85.03685767900004,nan,nan,nan,nan,nan,nan,nan,nan,nan,nan,nan,nan,,nan,0,nan,nan,nan,INITIALIZING,0.0,0.0,0.0,27.262577167420645,0,0,0,0.0,0.0,1.0,0,0,0,0,0,0,0
911,85.069649174,nan,nan,nan,nan,nan,nan,nan,nan,nan,nan,nan,nan,,nan,0,nan,nan,nan,INITIALIZING,0.0,0.0,0.0,30.49571237910717,0,0,0,0.0,0.0,1.0,0,0,0,0,0,0,0
912,85.11973333500009,nan,nan,nan,nan,nan,nan,nan,nan,nan,nan,nan,nan,,nan,0,nan,nan,nan,INITIALIZING,0.0,0.0,0.0,19.966392169338317,0,0,0,0.0,0.0,1.0,0,0,0,0,0,0,0
913,85.15946459500003,nan,nan,nan,nan,nan,nan,nan,nan,nan,nan,nan,nan,,nan,0,nan,nan,nan,INITIALIZING,0.0,0.0,0.0,25.16909858890762,0,0,0,0.0,0.0,1.0,0,0,0,0,0,0,0
914,85.18619519600009,nan,nan,nan,nan,nan,nan,nan,nan,nan,nan,nan,nan,,nan,0,nan,nan,nan,INITIALIZING,0.0,0.0,0.0,37.41030738508217,0,0,0,0.0,0.0,1.0,0,0,0,0,0,0,0
915,85.21273537700006,nan,nan,nan,nan,nan,nan,nan,nan,nan,nan,nan,nan,,nan,0,nan,nan,nan,INITIALIZING,0.0,0.0,0.0,37.67871816703197,0,0,0,0.0,0.0,1.0,0,0,0,0,0,0,0
916,85.23945754100009,nan,nan,nan,nan,nan,nan,nan,nan,nan,nan,nan,nan,,nan,0,nan,nan,nan,INITIALIZING,0.0,0.0,0.0,37.42211895708425,0,0,0,0.0,0.0,1.0,0,0,0,0,0,0,0
917,85.27719298200009,nan,nan,nan,nan,nan,nan,nan,nan,nan,nan,nan,nan,,nan,0,nan,nan,nan,INITIALIZING,0.0,0.0,0.0,26.500286560852054,0,0,0,0.0,0.0,1.0,0,0,0,0,0,0,0
918,85.30568549100008,nan,nan,nan,nan,nan,nan,nan,nan,nan,nan,nan,nan,,nan,0,nan,nan,nan,INITIALIZING,0.0,0.0,0.0,35.09694425297518,0,0,0,0.0,0.0,1.0,0,0,0,0,0,0,0
919,85.34111547300006,nan,nan,nan,nan,nan,nan,nan,nan,nan,nan,nan,nan,,nan,0,nan,nan,nan,INITIALIZING,0.0,0.0,0.0,28.224682699542367,0,0,0,0.0,0.0,1.0,0,0,0,0,0,0,0
920,85.37135858700003,nan,nan,nan,nan,nan,nan,nan,nan,nan,nan,nan,nan,,nan,0,nan,nan,nan,INITIALIZING,0.0,0.0,0.0,33.06537812213736,0,0,0,0.0,0.0,1.0,0,0,0,0,0,0,0
921,85.41142777000005,nan,nan,nan,nan,nan,nan,nan,nan,nan,nan,nan,nan,,nan,0,nan,nan,nan,INITIALIZING,0.0,0.0,0.0,24.956835281608974,0,0,0,0.0,0.0,1.0,0,0,0,0,0,0,0
922,85.4385558780001,nan,nan,nan,nan,nan,nan,nan,nan,nan,nan,nan,nan,,nan,0,nan,nan,nan,INITIALIZING,0.0,0.0,0.0,36.862135759630775,0,0,0,0.0,0.0,1.0,0,0,0,0,0,0,0
923,85.47049866000009,nan,nan,nan,nan,nan,nan,nan,nan,nan,nan,nan,nan,,nan,0,nan,nan,nan,INITIALIZING,0.0,0.0,0.0,31.305977043589884,0,0,0,0.0,0.0,1.0,0,0,0,0,0,0,0
924,85.50621823000006,nan,nan,nan,nan,nan,nan,nan,nan,nan,nan,nan,nan,,nan,0,nan,nan,nan,INITIALIZING,0.0,0.0,0.0,27.99585773291392,0,0,0,0.0,0.0,1.0,0,0,0,0,0,0,0
925,85.5530313920001,nan,nan,nan,nan,nan,nan,nan,nan,nan,nan,nan,nan,,nan,0,nan,nan,nan,INITIALIZING,0.0,0.0,0.0,21.36151367000703,0,0,0,0.0,0.0,1.0,0,0,0,0,0,0,0
926,85.57647990100008,nan,nan,nan,nan,nan,nan,nan,nan,nan,nan,nan,nan,,nan,0,nan,nan,nan,INITIALIZING,0.0,0.0,0.0,42.646634803108164,0,0,0,0.0,0.0,1.0,0,0,0,0,0,0,0
927,85.61126815300008,nan,nan,nan,nan,nan,nan,nan,nan,nan,nan,nan,nan,,nan,0,nan,nan,nan,INITIALIZING,0.0,0.0,0.0,28.745336212927402,0,0,0,0.0,0.0,1.0,0,0,0,0,0,0,0
928,85.64467309700001,nan,nan,nan,nan,nan,nan,nan,nan,nan,nan,nan,nan,,nan,0,nan,nan,nan,INITIALIZING,0.0,0.0,0.0,29.93568856161557,0,0,0,0.0,0.0,1.0,0,0,0,0,0,0,0
929,85.67447250500004,nan,nan,nan,nan,nan,nan,nan,nan,nan,nan,nan,nan,,nan,0,nan,nan,nan,INITIALIZING,0.0,0.0,0.0,33.557713629712616,0,0,0,0.0,0.0,1.0,0,0,0,0,0,0,0
930,85.70625408600006,nan,nan,nan,nan,nan,nan,nan,nan,nan,nan,nan,nan,,nan,0,nan,nan,nan,INITIALIZING,0.0,0.0,0.0,31.464765708144657,0,0,0,0.0,0.0,1.0,0,0,0,0,0,0,0
931,85.7339248080001,nan,nan,nan,nan,nan,nan,nan,nan,nan,nan,nan,nan,,nan,0,nan,nan,nan,INITIALIZING,0.0,0.0,0.0,36.13928107833949,0,0,0,0.0,0.0,1.0,0,0,0,0,0,0,0
932,85.76616009500003,nan,nan,nan,nan,nan,nan,nan,nan,nan,nan,nan,nan,,nan,0,nan,nan,nan,INITIALIZING,0.0,0.0,0.0,31.021904660008712,0,0,0,0.0,0.0,1.0,0,0,0,0,0,0,0
933,85.80844916300009,nan,nan,nan,nan,nan,nan,nan,nan,nan,nan,nan,nan,,nan,0,nan,nan,nan,INITIALIZING,0.0,0.0,0.0,23.64677320385971,0,0,0,0.0,0.0,1.0,0,0,0,0,0,0,0
934,85.84007501100007,nan,nan,nan,nan,nan,nan,nan,nan,nan,nan,nan,nan,,nan,0,nan,nan,nan,INITIALIZING,0.0,0.0,0.0,31.61970550167565,0,0,0,0.0,0.0,1.0,0,0,0,0,0,0,0
935,85.86555230800002,nan,nan,nan,nan,nan,nan,nan,nan,nan,nan,nan,nan,,nan,0,nan,nan,nan,INITIALIZING,0.0,0.0,0.0,39.2506316506762,0,0,0,0.0,0.0,1.0,0,0,0,0,0,0,0
936,85.89639262100002,nan,nan,nan,nan,nan,nan,nan,nan,nan,nan,nan,nan,,nan,0,nan,nan,nan,INITIALIZING,0.0,0.0,0.0,32.4250924431292,0,0,0,0.0,0.0,1.0,0,0,0,0,0,0,0
937,85.93269720300009,nan,nan,nan,nan,nan,nan,nan,nan,nan,nan,nan,nan,,nan,0,nan,nan,nan,INITIALIZING,0.0,0.0,0.0,27.54473250781548,0,0,0,0.0,0.0,1.0,0,0,0,0,0,0,0
938,85.96759238300001,nan,nan,nan,nan,nan,nan,nan,nan,nan,nan,nan,nan,,nan,0,nan,nan,nan,INITIALIZING,0.0,0.0,0.0,28.657252950185526,0,0,0,0.0,0.0,1.0,0,0,0,0,0,0,0
939,85.998671242,nan,nan,nan,nan,nan,nan,nan,nan,nan,nan,nan,nan,,nan,0,nan,nan,nan,INITIALIZING,0.0,0.0,0.0,32.17621341891334,0,0,0,0.0,0.0,1.0,0,0,0,0,0,0,0
940,86.028132831,nan,nan,nan,nan,nan,nan,nan,nan,nan,nan,nan,nan,,nan,0,nan,nan,nan,INITIALIZING,0.0,0.0,0.0,33.94250052161923,0,0,0,0.0,0.0,1.0,0,0,0,0,0,0,0
941,86.06374557600009,nan,nan,nan,nan,nan,nan,nan,nan,nan,nan,nan,nan,,nan,0,nan,nan,nan,INITIALIZING,0.0,0.0,0.0,28.079834901728564,0,0,0,0.0,0.0,1.0,0,0,0,0,0,0,0
942,86.12574730100005,nan,nan,nan,nan,nan,nan,nan,nan,nan,nan,nan,nan,,nan,0,nan,nan,nan,INITIALIZING,0.0,0.0,0.0,16.128583519259486,0,0,0,0.0,0.0,1.0,0,0,0,0,0,0,0
943,86.157849564,nan,nan,nan,nan,nan,nan,nan,nan,nan,nan,nan,nan,,nan,0,nan,nan,nan,INITIALIZING,0.0,0.0,0.0,31.150451916781293,0,0,0,0.0,0.0,1.0,0,0,0,0,0,0,0
944,86.20213721000005,nan,nan,nan,nan,nan,nan,nan,nan,nan,nan,nan,nan,,nan,0,nan,nan,nan,INITIALIZING,0.0,0.0,0.0,22.579660251055554,0,0,0,0.0,0.0,1.0,0,0,0,0,0,0,0
945,86.226505943,nan,nan,nan,nan,nan,nan,nan,nan,nan,nan,nan,nan,,nan,0,nan,nan,nan,INITIALIZING,0.0,0.0,0.0,41.03619174626896,0,0,0,0.0,0.0,1.0,0,0,0,0,0,0,0
946,86.24941350400002,nan,nan,nan,nan,nan,nan,nan,nan,nan,nan,nan,nan,,nan,0,nan,nan,nan,INITIALIZING,0.0,0.0,0.0,43.65370892167543,0,0,0,0.0,0.0,1.0,0,0,0,0,0,0,0
947,86.27324894700007,nan,nan,nan,nan,nan,nan,nan,nan,nan,nan,nan,nan,,nan,0,nan,nan,nan,INITIALIZING,0.0,0.0,0.0,41.954328266430345,0,0,0,0.0,0.0,1.0,0,0,0,0,0,0,0
948,86.314186791,nan,nan,nan,nan,nan,nan,nan,nan,nan,nan,nan,nan,,nan,0,nan,nan,nan,INITIALIZING,0.0,0.0,0.0,24.427275652371343,0,0,0,0.0,0.0,1.0,0,0,0,0,0,0,0
949,86.3380653590001,nan,nan,nan,nan,nan,nan,nan,nan,nan,nan,nan,nan,,nan,0,nan,nan,nan,INITIALIZING,0.0,0.0,0.0,41.878558211522844,0,0,0,0.0,0.0,1.0,0,0,0,0,0,0,0
950,86.36697131300002,nan,nan,nan,nan,nan,nan,nan,nan,nan,nan,nan,nan,,nan,0,nan,nan,nan,INITIALIZING,0.0,0.0,0.0,34.59494884696132,0,0,0,0.0,0.0,1.0,0,0,0,0,0,0,0
951,86.39631112900008,nan,nan,nan,nan,nan,nan,nan,nan,nan,nan,nan,nan,,nan,0,nan,nan,nan,INITIALIZING,0.0,0.0,0.0,34.08337666459576,0,0,0,0.0,0.0,1.0,0,0,0,0,0,0,0
952,86.429821543,nan,nan,nan,nan,nan,nan,nan,nan,nan,nan,nan,nan,,nan,0,nan,nan,nan,INITIALIZING,0.0,0.0,0.0,29.841469580243896,0,0,0,0.0,0.0,1.0,0,0,0,0,0,0,0
953,86.46395332300006,nan,nan,nan,nan,nan,nan,nan,nan,nan,nan,nan,nan,,nan,0,nan,nan,nan,INITIALIZING,0.0,0.0,0.0,29.298208297324752,0,0,0,0.0,0.0,1.0,0,0,0,0,0,0,0
954,86.4964264780001,nan,nan,nan,nan,nan,nan,nan,nan,nan,nan,nan,nan,,nan,0,nan,nan,nan,INITIALIZING,0.0,0.0,0.0,30.794667164263082,0,0,0,0.0,0.0,1.0,0,0,0,0,0,0,0
955,86.52836686300009,nan,nan,nan,nan,nan,nan,nan,nan,nan,nan,nan,nan,,nan,0,nan,nan,nan,INITIALIZING,0.0,0.0,0.0,31.30832643377617,0,0,0,0.0,0.0,1.0,0,0,0,0,0,0,0
956,86.56538354000008,nan,nan,nan,nan,nan,nan,nan,nan,nan,nan,nan,nan,,nan,0,nan,nan,nan,INITIALIZING,0.0,0.0,0.0,27.01485063070583,0,0,0,0.0,0.0,1.0,0,0,0,0,0,0,0
957,86.59949146600002,nan,nan,nan,nan,nan,nan,nan,nan,nan,nan,nan,nan,,nan,0,nan,nan,nan,INITIALIZING,0.0,0.0,0.0,29.318698533647456,0,0,0,0.0,0.0,1.0,0,0,0,0,0,0,0
958,86.63399705400002,nan,nan,nan,nan,nan,nan,nan,nan,nan,nan,nan,nan,,nan,0,nan,nan,nan,INITIALIZING,0.0,0.0,0.0,28.98081319466133,0,0,0,0.0,0.0,1.0,0,0,0,0,0,0,0
959,86.66852056000005,nan,nan,nan,nan,nan,nan,nan,nan,nan,nan,nan,nan,,nan,0,nan,nan,nan,INITIALIZING,0.0,0.0,0.0,28.965771900432028,0,0,0,0.0,0.0,1.0,0,0,0,0,0,0,0
960,86.70088032800004,nan,nan,nan,nan,nan,nan,nan,nan,nan,nan,nan,nan,,nan,0,nan,nan,nan,INITIALIZING,0.0,0.0,0.0,30.90257012968217,0,0,0,0.0,0.0,1.0,0,0,0,0,0,0,0
961,86.7370930840001,nan,nan,nan,nan,nan,nan,nan,nan,nan,nan,nan,nan,,nan,0,nan,nan,nan,INITIALIZING,0.0,0.0,0.0,27.614578685988327,0,0,0,0.0,0.0,1.0,0,0,0,0,0,0,0
962,86.79683627700001,nan,nan,nan,nan,nan,nan,nan,nan,nan,nan,nan,nan,,nan,0,nan,nan,nan,INITIALIZING,0.0,0.0,0.0,16.738308580215676,0,0,0,0.0,0.0,1.0,0,0,0,0,0,0,0
963,86.82918818000007,nan,nan,nan,nan,nan,nan,nan,nan,nan,nan,nan,nan,,nan,0,nan,nan,nan,INITIALIZING,0.0,0.0,0.0,30.91008278548769,0,0,0,0.0,0.0,1.0,0,0,0,0,0,0,0
964,86.87605467600008,nan,nan,nan,nan,nan,nan,nan,nan,nan,nan,nan,nan,,nan,0,nan,nan,nan,INITIALIZING,0.0,0.0,0.0,21.33720430048477,0,0,0,0.0,0.0,1.0,0,0,0,0,0,0,0
965,86.90884200400001,nan,nan,nan,nan,nan,nan,nan,nan,nan,nan,nan,nan,,nan,0,nan,nan,nan,INITIALIZING,0.0,0.0,0.0,30.499588133630052,0,0,0,0.0,0.0,1.0,0,0,0,0,0,0,0
966,86.94464261600001,nan,nan,nan,nan,nan,nan,nan,nan,nan,nan,nan,nan,,nan,0,nan,nan,nan,INITIALIZING,0.0,0.0,0.0,27.932483388829326,0,0,0,0.0,0.0,1.0,0,0,0,0,0,0,0
967,86.9747567180001,nan,nan,nan,nan,nan,nan,nan,nan,nan,nan,nan,nan,,nan,0,nan,nan,nan,INITIALIZING,0.0,0.0,0.0,33.20703370126083,0,0,0,0.0,0.0,1.0,0,0,0,0,0,0,0
968,87.00805322100007,nan,nan,nan,nan,nan,nan,nan,nan,nan,nan,nan,nan,,nan,0,nan,nan,nan,INITIALIZING,0.0,0.0,0.0,30.033183965318447,0,0,0,0.0,0.0,1.0,0,0,0,0,0,0,0
969,87.04536886200003,nan,nan,nan,nan,nan,nan,nan,nan,nan,nan,nan,nan,,nan,0,nan,nan,nan,INITIALIZING,0.0,0.0,0.0,26.798414102037565,0,0,0,0.0,0.0,1.0,0,0,0,0,0,0,0
970,87.08100155500006,nan,nan,nan,nan,nan,nan,nan,nan,nan,nan,nan,nan,,nan,0,nan,nan,nan,INITIALIZING,0.0,0.0,0.0,28.06411516523036,0,0,0,0.0,0.0,1.0,0,0,0,0,0,0,0
971,87.10933786200007,nan,nan,nan,nan,nan,nan,nan,nan,nan,nan,nan,nan,,nan,0,nan,nan,nan,INITIALIZING,0.0,0.0,0.0,35.29041381431154,0,0,0,0.0,0.0,1.0,0,0,0,0,0,0,0
972,87.1344997870001,nan,nan,nan,nan,nan,nan,nan,nan,nan,nan,nan,nan,,nan,0,nan,nan,nan,INITIALIZING,0.0,0.0,0.0,39.742587262269936,0,0,0,0.0,0.0,1.0,0,0,0,0,0,0,0
973,87.1660437060001,nan,nan,nan,nan,nan,nan,nan,nan,nan,nan,nan,nan,,nan,0,nan,nan,nan,INITIALIZING,0.0,0.0,0.0,31.701831341881764,0,0,0,0.0,0.0,1.0,0,0,0,0,0,0,0
974,87.20633106800005,nan,nan,nan,nan,nan,nan,nan,nan,nan,nan,nan,nan,,nan,0,nan,nan,nan,INITIALIZING,0.0,0.0,0.0,24.821679811178445,0,0,0,0.0,0.0,1.0,0,0,0,0,0,0,0
975,87.24636102900001,nan,nan,nan,nan,nan,nan,nan,nan,nan,nan,nan,nan,,nan,0,nan,nan,nan,INITIALIZING,0.0,0.0,0.0,24.98128839048876,0,0,0,0.0,0.0,1.0,0,0,0,0,0,0,0
976,87.27939799600006,nan,nan,nan,nan,nan,nan,nan,nan,nan,nan,nan,nan,,nan,0,nan,nan,nan,INITIALIZING,0.0,0.0,0.0,30.26912246510639,0,0,0,0.0,0.0,1.0,0,0,0,0,0,0,0
977,87.30696668500002,nan,nan,nan,nan,nan,nan,nan,nan,nan,nan,nan,nan,,nan,0,nan,nan,nan,INITIALIZING,0.0,0.0,0.0,36.27303423827407,0,0,0,0.0,0.0,1.0,0,0,0,0,0,0,0
978,87.353629738,nan,nan,nan,nan,nan,nan,nan,nan,nan,nan,nan,nan,,nan,0,nan,nan,nan,INITIALIZING,0.0,0.0,0.0,21.430230893819594,0,0,0,0.0,0.0,1.0,0,0,0,0,0,0,0
979,87.3856594990001,nan,nan,nan,nan,nan,nan,nan,nan,nan,nan,nan,nan,,nan,0,nan,nan,nan,INITIALIZING,0.0,0.0,0.0,31.220963528162756,0,0,0,0.0,0.0,1.0,0,0,0,0,0,0,0
980,87.41592146700009,nan,nan,nan,nan,nan,nan,nan,nan,nan,nan,nan,nan,,nan,0,nan,nan,nan,INITIALIZING,0.0,0.0,0.0,33.04477752406279,0,0,0,0.0,0.0,1.0,0,0,0,0,0,0,0
981,87.44539461800002,nan,nan,nan,nan,nan,nan,nan,nan,nan,nan,nan,nan,,nan,0,nan,nan,nan,INITIALIZING,0.0,0.0,0.0,33.929185243961456,0,0,0,0.0,0.0,1.0,0,0,0,0,0,0,0
982,87.47195719400008,nan,nan,nan,nan,nan,nan,nan,nan,nan,nan,nan,nan,,nan,0,nan,nan,nan,INITIALIZING,0.0,0.0,0.0,37.64695110887326,0,0,0,0.0,0.0,1.0,0,0,0,0,0,0,0
983,87.50130982200005,nan,nan,nan,nan,nan,nan,nan,nan,nan,nan,nan,nan,,nan,0,nan,nan,nan,INITIALIZING,0.0,0.0,0.0,34.06849976094252,0,0,0,0.0,0.0,1.0,0,0,0,0,0,0,0
984,87.534143557,nan,nan,nan,nan,nan,nan,nan,nan,nan,nan,nan,nan,,nan,0,nan,nan,nan,INITIALIZING,0.0,0.0,0.0,30.456480202505848,0,0,0,0.0,0.0,1.0,0,0,0,0,0,0,0
985,87.56920238400005,nan,nan,nan,nan,nan,nan,nan,nan,nan,nan,nan,nan,,nan,0,nan,nan,nan,INITIALIZING,0.0,0.0,0.0,28.52348710920563,0,0,0,0.0,0.0,1.0,0,0,0,0,0,0,0
986,87.600074415,nan,nan,nan,nan,nan,nan,nan,nan,nan,nan,nan,nan,,nan,0,nan,nan,nan,INITIALIZING,0.0,0.0,0.0,32.39177882406898,0,0,0,0.0,0.0,1.0,0,0,0,0,0,0,0
987,87.63751761000003,nan,nan,nan,nan,nan,nan,nan,nan,nan,nan,nan,nan,,nan,0,nan,nan,nan,INITIALIZING,0.0,0.0,0.0,26.707122615978914,0,0,0,0.0,0.0,1.0,0,0,0,0,0,0,0
988,87.67296311200005,nan,nan,nan,nan,nan,nan,nan,nan,nan,nan,nan,nan,,nan,0,nan,nan,nan,INITIALIZING,0.0,0.0,0.0,28.212324373330926,0,0,0,0.0,0.0,1.0,0,0,0,0,0,0,0
989,87.712499106,nan,nan,nan,nan,nan,nan,nan,nan,nan,nan,nan,nan,,nan,0,nan,nan,nan,INITIALIZING,0.0,0.0,0.0,25.293407318943725,0,0,0,0.0,0.0,1.0,0,0,0,0,0,0,0
990,87.74295878500004,nan,nan,nan,nan,nan,nan,nan,nan,nan,nan,nan,nan,,nan,0,nan,nan,nan,INITIALIZING,0.0,0.0,0.0,32.83028688511427,0,0,0,0.0,0.0,1.0,0,0,0,0,0,0,0
991,87.77722056700009,nan,nan,nan,nan,nan,nan,nan,nan,nan,nan,nan,nan,,nan,0,nan,nan,nan,INITIALIZING,0.0,0.0,0.0,29.187039950190314,0,0,0,0.0,0.0,1.0,0,0,0,0,0,0,0
992,87.83364208300009,nan,nan,nan,nan,nan,nan,nan,nan,nan,nan,nan,nan,,nan,0,nan,nan,nan,INITIALIZING,0.0,0.0,0.0,17.723735037534155,0,0,0,0.0,0.0,1.0,0,0,0,0,0,0,0
993,87.86808204500005,nan,nan,nan,nan,nan,nan,nan,nan,nan,nan,nan,nan,,nan,0,nan,nan,nan,INITIALIZING,0.0,0.0,0.0,29.036036683229177,0,0,0,0.0,0.0,1.0,0,0,0,0,0,0,0
994,87.90185772300003,nan,nan,nan,nan,nan,nan,nan,nan,nan,nan,nan,nan,,nan,0,nan,nan,nan,INITIALIZING,0.0,0.0,0.0,29.60710366792594,0,0,0,0.0,0.0,1.0,0,0,0,0,0,0,0
995,87.93421040700002,nan,nan,nan,nan,nan,nan,nan,nan,nan,nan,nan,nan,,nan,0,nan,nan,nan,INITIALIZING,0.0,0.0,0.0,30.90933661022847,0,0,0,0.0,0.0,1.0,0,0,0,0,0,0,0
996,87.97284268600004,nan,nan,nan,nan,nan,nan,nan,nan,nan,nan,nan,nan,,nan,0,nan,nan,nan,INITIALIZING,0.0,0.0,0.0,25.88508951283159,0,0,0,0.0,0.0,1.0,0,0,0,0,0,0,0
997,88.00904106600001,nan,nan,nan,nan,nan,nan,nan,nan,nan,nan,nan,nan,,nan,0,nan,nan,nan,INITIALIZING,0.0,0.0,0.0,27.62554567361119,0,0,0,0.0,0.0,1.0,0,0,0,0,0,0,0
998,88.04363123900009,nan,nan,nan,nan,nan,nan,nan,nan,nan,nan,nan,nan,,nan,0,nan,nan,nan,INITIALIZING,0.0,0.0,0.0,28.909945029693628,0,0,0,0.0,0.0,1.0,0,0,0,0,0,0,0
999,88.083077075,nan,nan,nan,nan,nan,nan,nan,nan,nan,nan,nan,nan,,nan,0,nan,nan,nan,INITIALIZING,0.0,0.0,0.0,25.3512183136946,0,0,0,0.0,0.0,1.0,0,0,0,0,0,0,0
1000,88.10980824700005,nan,nan,nan,nan,nan,nan,nan,nan,nan,nan,nan,nan,,nan,0,nan,nan,nan,INITIALIZING,0.0,0.0,0.0,37.409508269913374,0,0,0,0.0,0.0,1.0,0,0,0,0,0,0,0
1001,88.14314678200003,nan,nan,nan,nan,nan,nan,nan,nan,nan,nan,nan,nan,,nan,0,nan,nan,nan,INITIALIZING,0.0,0.0,0.0,29.99531923044812,0,0,0,0.0,0.0,1.0,0,0,0,0,0,0,0
1002,88.1732379120001,nan,nan,nan,nan,nan,nan,nan,nan,nan,nan,nan,nan,,nan,0,nan,nan,nan,INITIALIZING,0.0,0.0,0.0,33.23238442682474,0,0,0,0.0,0.0,1.0,0,0,0,0,0,0,0
1003,88.205350383,nan,nan,nan,nan,nan,nan,nan,nan,nan,nan,nan,nan,,nan,0,nan,nan,nan,INITIALIZING,0.0,0.0,0.0,31.140549726098225,0,0,0,0.0,0.0,1.0,0,0,0,0,0,0,0
1004,88.24135599800002,nan,nan,nan,nan,nan,nan,nan,nan,nan,nan,nan,nan,,nan,0,nan,nan,nan,INITIALIZING,0.0,0.0,0.0,27.773445891686418,0,0,0,0.0,0.0,1.0,0,0,0,0,0,0,0
1005,88.27610080900001,nan,nan,nan,nan,nan,nan,nan,nan,nan,nan,nan,nan,,nan,0,nan,nan,nan,INITIALIZING,0.0,0.0,0.0,28.781276145094502,0,0,0,0.0,0.0,1.0,0,0,0,0,0,0,0
1006,88.30584511000006,nan,nan,nan,nan,nan,nan,nan,nan,nan,nan,nan,nan,,nan,0,nan,nan,nan,INITIALIZING,0.0,0.0,0.0,33.6198857051069,0,0,0,0.0,0.0,1.0,0,0,0,0,0,0,0
1007,88.39544250000006,nan,nan,nan,nan,nan,nan,nan,nan,nan,nan,nan,nan,,nan,0,nan,nan,nan,INITIALIZING,0.0,0.0,0.0,11.161039400813594,0,0,0,0.0,0.0,1.0,0,0,0,0,0,0,0
1008,88.4248803370001,nan,nan,nan,nan,nan,nan,nan,nan,nan,nan,nan,nan,,nan,0,nan,nan,nan,INITIALIZING,0.0,0.0,0.0,33.96988712174885,0,0,0,0.0,0.0,1.0,0,0,0,0,0,0,0
1009,88.458220643,nan,nan,nan,nan,nan,nan,nan,nan,nan,nan,nan,nan,,nan,0,nan,nan,nan,INITIALIZING,0.0,0.0,0.0,29.993725912503596,0,0,0,0.0,0.0,1.0,0,0,0,0,0,0,0
1010,88.48330928500002,nan,nan,nan,nan,nan,nan,nan,nan,nan,nan,nan,nan,,nan,0,nan,nan,nan,INITIALIZING,0.0,0.0,0.0,39.858673897113746,0,0,0,0.0,0.0,1.0,0,0,0,0,0,0,0
1011,88.51168689400004,nan,nan,nan,nan,nan,nan,nan,nan,nan,nan,nan,nan,,nan,0,nan,nan,nan,INITIALIZING,0.0,0.0,0.0,35.23905061907742,0,0,0,0.0,0.0,1.0,0,0,0,0,0,0,0
1012,88.54507287800004,nan,nan,nan,nan,nan,nan,nan,nan,nan,nan,nan,nan,,nan,0,nan,nan,nan,INITIALIZING,0.0,0.0,0.0,29.95268912846249,0,0,0,0.0,0.0,1.0,0,0,0,0,0,0,0
1013,88.578214377,nan,nan,nan,nan,nan,nan,nan,nan,nan,nan,nan,nan,,nan,0,nan,nan,nan,INITIALIZING,0.0,0.0,0.0,30.173650262512812,0,0,0,0.0,0.0,1.0,0,0,0,0,0,0,0
1014,88.61402801000008,nan,nan,nan,nan,nan,nan,nan,nan,nan,nan,nan,nan,,nan,0,nan,nan,nan,INITIALIZING,0.0,0.0,0.0,27.922327790579587,0,0,0,0.0,0.0,1.0,0,0,0,0,0,0,0
1015,88.65467194000007,nan,nan,nan,nan,nan,nan,nan,nan,nan,nan,nan,nan,,nan,0,nan,nan,nan,INITIALIZING,0.0,0.0,0.0,24.603919945741193,0,0,0,0.0,0.0,1.0,0,0,0,0,0,0,0
1016,88.69900146000009,nan,nan,nan,nan,nan,nan,nan,nan,nan,nan,nan,nan,,nan,0,nan,nan,nan,INITIALIZING,0.0,0.0,0.0,22.558331333151454,0,0,0,0.0,0.0,1.0,0,0,0,0,0,0,0
1017,88.728055488,nan,nan,nan,nan,nan,nan,nan,nan,nan,nan,nan,nan,,nan,0,nan,nan,nan,INITIALIZING,0.0,0.0,0.0,34.41863551598665,0,0,0,0.0,0.0,1.0,0,0,0,0,0,0,0
1018,88.76741293600003,nan,nan,nan,nan,nan,nan,nan,nan,nan,nan,nan,nan,,nan,0,nan,nan,nan,INITIALIZING,0.0,0.0,0.0,25.408151463458058,0,0,0,0.0,0.0,1.0,0,0,0,0,0,0,0
1019,88.80331677900006,nan,nan,nan,nan,nan,nan,nan,nan,nan,nan,nan,nan,,nan,0,nan,nan,nan,INITIALIZING,0.0,0.0,0.0,27.85217170204352,0,0,0,0.0,0.0,1.0,0,0,0,0,0,0,0
1020,88.926698493,nan,nan,nan,nan,nan,nan,nan,nan,nan,nan,nan,nan,,nan,0,nan,nan,nan,INITIALIZING,0.0,0.0,0.0,8.10492874171311,0,0,0,0.0,0.0,1.0,0,0,0,0,0,0,0
1021,88.95902242500006,nan,nan,nan,nan,nan,nan,nan,nan,nan,nan,nan,nan,,nan,0,nan,nan,nan,INITIALIZING,0.0,0.0,0.0,30.9368303335848,0,0,0,0.0,0.0,1.0,0,0,0,0,0,0,0
1022,88.99164277,nan,nan,nan,nan,nan,nan,nan,nan,nan,nan,nan,nan,,nan,0,nan,nan,nan,INITIALIZING,0.0,0.0,0.0,30.655715014718698,0,0,0,0.0,0.0,1.0,0,0,0,0,0,0,0
1023,89.02425634300005,nan,nan,nan,nan,nan,nan,nan,nan,nan,nan,nan,nan,,nan,0,nan,nan,nan,INITIALIZING,0.0,0.0,0.0,30.662080477919588,0,0,0,0.0,0.0,1.0,0,0,0,0,0,0,0
1024,89.050133072,nan,nan,nan,nan,nan,nan,nan,nan,nan,nan,nan,nan,,nan,0,nan,nan,nan,INITIALIZING,0.0,0.0,0.0,38.6447607037989,0,0,0,0.0,0.0,1.0,0,0,0,0,0,0,0
1025,89.0780489010001,nan,nan,nan,nan,nan,nan,nan,nan,nan,nan,nan,nan,,nan,0,nan,nan,nan,INITIALIZING,0.0,0.0,0.0,35.82197039522409,0,0,0,0.0,0.0,1.0,0,0,0,0,0,0,0
1026,89.10543774200005,nan,nan,nan,nan,nan,nan,nan,nan,nan,nan,nan,nan,,nan,0,nan,nan,nan,INITIALIZING,0.0,0.0,0.0,36.51122002577355,0,0,0,0.0,0.0,1.0,0,0,0,0,0,0,0
1027,89.1398893170001,nan,nan,nan,nan,nan,nan,nan,nan,nan,nan,nan,nan,,nan,0,nan,nan,nan,INITIALIZING,0.0,0.0,0.0,29.026249162733475,0,0,0,0.0,0.0,1.0,0,0,0,0,0,0,0
1028,89.17125948099999,nan,nan,nan,nan,nan,nan,nan,nan,nan,nan,nan,nan,,nan,0,nan,nan,nan,INITIALIZING,0.0,0.0,0.0,31.877423401526887,0,0,0,0.0,0.0,1.0,0,0,0,0,0,0,0
1029,89.20561074300008,nan,nan,nan,nan,nan,nan,nan,nan,nan,nan,nan,nan,,nan,0,nan,nan,nan,INITIALIZING,0.0,0.0,0.0,29.111011991276502,0,0,0,0.0,0.0,1.0,0,0,0,0,0,0,0
1030,89.2389164110001,nan,nan,nan,nan,nan,nan,nan,nan,nan,nan,nan,nan,,nan,0,nan,nan,nan,INITIALIZING,0.0,0.0,0.0,30.024919482150494,0,0,0,0.0,0.0,1.0,0,0,0,0,0,0,0
1031,89.27377507800009,nan,nan,nan,nan,nan,nan,nan,nan,nan,nan,nan,nan,,nan,0,nan,nan,nan,INITIALIZING,0.0,0.0,0.0,28.687270227532277,0,0,0,0.0,0.0,1.0,0,0,0,0,0,0,0
1032,89.30918344200006,nan,nan,nan,nan,nan,nan,nan,nan,nan,nan,nan,nan,,nan,0,nan,nan,nan,INITIALIZING,0.0,0.0,0.0,28.241914819917834,0,0,0,0.0,0.0,1.0,0,0,0,0,0,0,0
1033,89.34187701600001,nan,nan,nan,nan,nan,nan,nan,nan,nan,nan,nan,nan,,nan,0,nan,nan,nan,INITIALIZING,0.0,0.0,0.0,30.58705053175077,0,0,0,0.0,0.0,1.0,0,0,0,0,0,0,0
1034,89.38319793700009,nan,nan,nan,nan,nan,nan,nan,nan,nan,nan,nan,nan,,nan,0,nan,nan,nan,INITIALIZING,0.0,0.0,0.0,24.2008158530178,0,0,0,0.0,0.0,1.0,0,0,0,0,0,0,0
1035,89.4093201390001,nan,nan,nan,nan,nan,nan,nan,nan,nan,nan,nan,nan,,nan,0,nan,nan,nan,INITIALIZING,0.0,0.0,0.0,38.28161194066254,0,0,0,0.0,0.0,1.0,0,0,0,0,0,0,0
1036,89.435160097,nan,nan,nan,nan,nan,nan,nan,nan,nan,nan,nan,nan,,nan,0,nan,nan,nan,INITIALIZING,0.0,0.0,0.0,38.69975330471396,0,0,0,0.0,0.0,1.0,0,0,0,0,0,0,0
1037,89.46761127100001,nan,nan,nan,nan,nan,nan,nan,nan,nan,nan,nan,nan,,nan,0,nan,nan,nan,INITIALIZING,0.0,0.0,0.0,30.81552611931702,0,0,0,0.0,0.0,1.0,0,0,0,0,0,0,0
1038,89.50310791800007,nan,nan,nan,nan,nan,nan,nan,nan,nan,nan,nan,nan,,nan,0,nan,nan,nan,INITIALIZING,0.0,0.0,0.0,28.171674918995485,0,0,0,0.0,0.0,1.0,0,0,0,0,0,0,0
1039,89.53536419200009,nan,nan,nan,nan,nan,nan,nan,nan,nan,nan,nan,nan,,nan,0,nan,nan,nan,INITIALIZING,0.0,0.0,0.0,31.001720781495052,0,0,0,0.0,0.0,1.0,0,0,0,0,0,0,0
1040,89.571379546,nan,nan,nan,nan,nan,nan,nan,nan,nan,nan,nan,nan,,nan,0,nan,nan,nan,INITIALIZING,0.0,0.0,0.0,27.765935606307536,0,0,0,0.0,0.0,1.0,0,0,0,0,0,0,0
1041,90.01753588000008,nan,nan,nan,nan,nan,nan,nan,nan,nan,nan,nan,nan,,nan,0,nan,nan,nan,INITIALIZING,0.0,0.0,0.0,2.241366812019354,0,0,0,0.0,0.0,1.0,0,0,0,0,0,0,0
1042,90.04505722300007,nan,nan,nan,nan,nan,nan,nan,nan,nan,nan,nan,nan,,nan,0,nan,nan,nan,INITIALIZING,0.0,0.0,0.0,36.335436101369915,0,0,0,0.0,0.0,1.0,0,0,0,0,0,0,0
1043,90.07240512400006,nan,nan,nan,nan,nan,nan,nan,nan,nan,nan,nan,nan,,nan,0,nan,nan,nan,INITIALIZING,0.0,0.0,0.0,36.56587757870565,0,0,0,0.0,0.0,1.0,0,0,0,0,0,0,0
1044,90.10349736600006,nan,nan,nan,nan,nan,nan,nan,nan,nan,nan,nan,nan,,nan,0,nan,nan,nan,INITIALIZING,0.0,0.0,0.0,32.162363846261364,0,0,0,0.0,0.0,1.0,0,0,0,0,0,0,0
1045,90.13937204000001,nan,nan,nan,nan,nan,nan,nan,nan,nan,nan,nan,nan,,nan,0,nan,nan,nan,INITIALIZING,0.0,0.0,0.0,27.874817761444344,0,0,0,0.0,0.0,1.0,0,0,0,0,0,0,0
1046,90.17890610500001,nan,nan,nan,nan,nan,nan,nan,nan,nan,nan,nan,nan,,nan,0,nan,nan,nan,INITIALIZING,0.0,0.0,0.0,25.294641469326525,0,0,0,0.0,0.0,1.0,0,0,0,0,0,0,0
1047,90.213214343,nan,nan,nan,nan,nan,nan,nan,nan,nan,nan,nan,nan,,nan,0,nan,nan,nan,INITIALIZING,0.0,0.0,0.0,29.147518447323648,0,0,0,0.0,0.0,1.0,0,0,0,0,0,0,0
1048,90.25089712400006,nan,nan,nan,nan,nan,nan,nan,nan,nan,nan,nan,nan,,nan,0,nan,nan,nan,INITIALIZING,0.0,0.0,0.0,26.537319525288435,0,0,0,0.0,0.0,1.0,0,0,0,0,0,0,0
1049,90.28730691200008,nan,nan,nan,nan,nan,nan,nan,nan,nan,nan,nan,nan,,nan,0,nan,nan,nan,INITIALIZING,0.0,0.0,0.0,27.465142065633618,0,0,0,0.0,0.0,1.0,0,0,0,0,0,0,0
1050,90.32169072500005,nan,nan,nan,nan,nan,nan,nan,nan,nan,nan,nan,nan,,nan,0,nan,nan,nan,INITIALIZING,0.0,0.0,0.0,29.083452728197333,0,0,0,0.0,0.0,1.0,0,0,0,0,0,0,0
1051,90.355164521,nan,nan,nan,nan,nan,nan,nan,nan,nan,nan,nan,nan,,nan,0,nan,nan,nan,INITIALIZING,0.0,0.0,0.0,29.87411406825226,0,0,0,0.0,0.0,1.0,0,0,0,0,0,0,0
1052,90.38712037300002,nan,nan,nan,nan,nan,nan,nan,nan,nan,nan,nan,nan,,nan,0,nan,nan,nan,INITIALIZING,0.0,0.0,0.0,31.293172843574485,0,0,0,0.0,0.0,1.0,0,0,0,0,0,0,0
1053,90.42277592800008,nan,nan,nan,nan,nan,nan,nan,nan,nan,nan,nan,nan,,nan,0,nan,nan,nan,INITIALIZING,0.0,0.0,0.0,28.046120723636406,0,0,0,0.0,0.0,1.0,0,0,0,0,0,0,0
1054,90.45424333300002,nan,nan,nan,nan,nan,nan,nan,nan,nan,nan,nan,nan,,nan,0,nan,nan,nan,INITIALIZING,0.0,0.0,0.0,31.77891535707446,0,0,0,0.0,0.0,1.0,0,0,0,0,0,0,0
1055,90.47971437700005,nan,nan,nan,nan,nan,nan,nan,nan,nan,nan,nan,nan,,nan,0,nan,nan,nan,INITIALIZING,0.0,0.0,0.0,39.260267462884414,0,0,0,0.0,0.0,1.0,0,0,0,0,0,0,0
1056,90.5153346190001,nan,nan,nan,nan,nan,nan,nan,nan,nan,nan,nan,nan,,nan,0,nan,nan,nan,INITIALIZING,0.0,0.0,0.0,28.073924932868135,0,0,0,0.0,0.0,1.0,0,0,0,0,0,0,0
1057,90.55039818400007,nan,nan,nan,nan,nan,nan,nan,nan,nan,nan,nan,nan,,nan,0,nan,nan,nan,INITIALIZING,0.0,0.0,0.0,28.519632843972577,0,0,0,0.0,0.0,1.0,0,0,0,0,0,0,0
1058,90.57591449000006,nan,nan,nan,nan,nan,nan,nan,nan,nan,nan,nan,nan,,nan,0,nan,nan,nan,INITIALIZING,0.0,0.0,0.0,39.190625790447605,0,0,0,0.0,0.0,1.0,0,0,0,0,0,0,0
1059,90.62448752300008,nan,nan,nan,nan,nan,nan,nan,nan,nan,nan,nan,nan,,nan,0,nan,nan,nan,INITIALIZING,0.0,0.0,0.0,20.587555238716153,0,0,0,0.0,0.0,1.0,0,0,0,0,0,0,0
1060,90.65098363800007,nan,nan,nan,nan,nan,nan,nan,nan,nan,nan,nan,nan,,nan,0,nan,nan,nan,INITIALIZING,0.0,0.0,0.0,37.741382085657385,0,0,0,0.0,0.0,1.0,0,0,0,0,0,0,0
1061,90.679618387,nan,nan,nan,nan,nan,nan,nan,nan,nan,nan,nan,nan,,nan,0,nan,nan,nan,INITIALIZING,0.0,0.0,0.0,34.92260400125361,0,0,0,0.0,0.0,1.0,0,0,0,0,0,0,0
1062,90.714866487,nan,nan,nan,nan,nan,nan,nan,nan,nan,nan,nan,nan,,nan,0,nan,nan,nan,INITIALIZING,0.0,0.0,0.0,28.370323506807164,0,0,0,0.0,0.0,1.0,0,0,0,0,0,0,0
1063,90.74572914100008,nan,nan,nan,nan,nan,nan,nan,nan,nan,nan,nan,nan,,nan,0,nan,nan,nan,INITIALIZING,0.0,0.0,0.0,32.40162041790463,0,0,0,0.0,0.0,1.0,0,0,0,0,0,0,0
1064,90.79233239900009,nan,nan,nan,nan,nan,nan,nan,nan,nan,nan,nan,nan,,nan,0,nan,nan,nan,INITIALIZING,0.0,0.0,0.0,21.457727268765208,0,0,0,0.0,0.0,1.0,0,0,0,0,0,0,0
1065,90.81942951500002,nan,nan,nan,nan,nan,nan,nan,nan,nan,nan,nan,nan,,nan,0,nan,nan,nan,INITIALIZING,0.0,0.0,0.0,36.904296383510065,0,0,0,0.0,0.0,1.0,0,0,0,0,0,0,0
1066,90.8527127860001,nan,nan,nan,nan,nan,nan,nan,nan,nan,nan,nan,nan,,nan,0,nan,nan,nan,INITIALIZING,0.0,0.0,0.0,30.04512387012102,0,0,0,0.0,0.0,1.0,0,0,0,0,0,0,0
1067,90.88105627900006,nan,nan,nan,nan,nan,nan,nan,nan,nan,nan,nan,nan,,nan,0,nan,nan,nan,INITIALIZING,0.0,0.0,0.0,35.281466543351186,0,0,0,0.0,0.0,1.0,0,0,0,0,0,0,0
1068,90.93314568000005,nan,nan,nan,nan,nan,nan,nan,nan,nan,nan,nan,nan,,nan,0,nan,nan,nan,INITIALIZING,0.0,0.0,0.0,19.197763475917224,0,0,0,0.0,0.0,1.0,0,0,0,0,0,0,0
1069,90.98264654400009,nan,nan,nan,nan,nan,nan,nan,nan,nan,nan,nan,nan,,nan,0,nan,nan,nan,INITIALIZING,0.0,0.0,0.0,20.201667591079534,0,0,0,0.0,0.0,1.0,0,0,0,0,0,0,0
1070,91.01030867000009,nan,nan,nan,nan,nan,nan,nan,nan,nan,nan,nan,nan,,nan,0,nan,nan,nan,INITIALIZING,0.0,0.0,0.0,36.15051135260385,0,0,0,0.0,0.0,1.0,0,0,0,0,0,0,0
1071,91.0441354410001,nan,nan,nan,nan,nan,nan,nan,nan,nan,nan,nan,nan,,nan,0,nan,nan,nan,INITIALIZING,0.0,0.0,0.0,29.56238418380985,0,0,0,0.0,0.0,1.0,0,0,0,0,0,0,0
1072,91.11653282100008,nan,nan,nan,nan,nan,nan,nan,nan,nan,nan,nan,nan,,nan,0,nan,nan,nan,INITIALIZING,0.0,0.0,0.0,13.812654546341614,0,0,0,0.0,0.0,1.0,0,0,0,0,0,0,0
1073,91.1433818060001,nan,nan,nan,nan,nan,nan,nan,nan,nan,nan,nan,nan,,nan,0,nan,nan,nan,INITIALIZING,0.0,0.0,0.0,37.24535583000392,0,0,0,0.0,0.0,1.0,0,0,0,0,0,0,0
1074,91.17642486500006,nan,nan,nan,nan,nan,nan,nan,nan,nan,nan,nan,nan,,nan,0,nan,nan,nan,INITIALIZING,0.0,0.0,0.0,30.263541883366706,0,0,0,0.0,0.0,1.0,0,0,0,0,0,0,0
1075,91.21247808300006,nan,nan,nan,nan,nan,nan,nan,nan,nan,nan,nan,nan,,nan,0,nan,nan,nan,INITIALIZING,0.0,0.0,0.0,27.736775119486506,0,0,0,0.0,0.0,1.0,0,0,0,0,0,0,0
1076,91.24168690400006,nan,nan,nan,nan,nan,nan,nan,nan,nan,nan,nan,nan,,nan,0,nan,nan,nan,INITIALIZING,0.0,0.0,0.0,34.23623295168564,0,0,0,0.0,0.0,1.0,0,0,0,0,0,0,0
1077,91.27841555100008,nan,nan,nan,nan,nan,nan,nan,nan,nan,nan,nan,nan,,nan,0,nan,nan,nan,INITIALIZING,0.0,0.0,0.0,27.22670399482745,0,0,0,0.0,0.0,1.0,0,0,0,0,0,0,0
1078,91.3108697450001,nan,nan,nan,nan,nan,nan,nan,nan,nan,nan,nan,nan,,nan,0,nan,nan,nan,INITIALIZING,0.0,0.0,0.0,30.81265860428535,0,0,0,0.0,0.0,1.0,0,0,0,0,0,0,0
1079,91.34293528500007,nan,nan,nan,nan,nan,nan,nan,nan,nan,nan,nan,nan,,nan,0,nan,nan,nan,INITIALIZING,0.0,0.0,0.0,31.186126913851297,0,0,0,0.0,0.0,1.0,0,0,0,0,0,0,0
1080,93.82304345600005,nan,nan,nan,nan,nan,nan,nan,nan,nan,nan,nan,nan,,nan,0,nan,nan,nan,INITIALIZING,0.0,0.0,0.0,0.40320821958213154,0,0,0,0.0,0.0,1.0,0,0,0,0,0,0,0
1081,93.84995343100002,nan,nan,nan,nan,nan,nan,nan,nan,nan,nan,nan,nan,,nan,0,nan,nan,nan,INITIALIZING,0.0,0.0,0.0,37.16094124952671,0,0,0,0.0,0.0,1.0,0,0,0,0,0,0,0
1082,93.87947965300009,nan,nan,nan,nan,nan,nan,nan,nan,nan,nan,nan,nan,,nan,0,nan,nan,nan,INITIALIZING,0.0,0.0,0.0,33.86820027288125,0,0,0,0.0,0.0,1.0,0,0,0,0,0,0,0
1083,93.911658579,nan,nan,nan,nan,nan,nan,nan,nan,nan,nan,nan,nan,,nan,0,nan,nan,nan,INITIALIZING,0.0,0.0,0.0,31.07623915113392,0,0,0,0.0,0.0,1.0,0,0,0,0,0,0,0
1084,93.947794402,nan,nan,nan,nan,nan,nan,nan,nan,nan,nan,nan,nan,,nan,0,nan,nan,nan,INITIALIZING,0.0,0.0,0.0,27.673369996309102,0,0,0,0.0,0.0,1.0,0,0,0,0,0,0,0
1085,93.97929191000003,nan,nan,nan,nan,nan,nan,nan,nan,nan,nan,nan,nan,,nan,0,nan,nan,nan,INITIALIZING,0.0,0.0,0.0,31.74854340854724,0,0,0,0.0,0.0,1.0,0,0,0,0,0,0,0
1086,94.01137052199999,nan,nan,nan,nan,nan,nan,nan,nan,nan,nan,nan,nan,,nan,0,nan,nan,nan,INITIALIZING,0.0,0.0,0.0,31.173418600565583,0,0,0,0.0,0.0,1.0,0,0,0,0,0,0,0
1087,94.04711378500008,nan,nan,nan,nan,nan,nan,nan,nan,nan,nan,nan,nan,,nan,0,nan,nan,nan,INITIALIZING,0.0,0.0,0.0,27.97730022571246,0,0,0,0.0,0.0,1.0,0,0,0,0,0,0,0
1088,94.07937682700003,nan,nan,nan,nan,nan,nan,nan,nan,nan,nan,nan,nan,,nan,0,nan,nan,nan,INITIALIZING,0.0,0.0,0.0,30.995217376012537,0,0,0,0.0,0.0,1.0,0,0,0,0,0,0,0
1089,94.11182883100003,nan,nan,nan,nan,nan,nan,nan,nan,nan,nan,nan,nan,,nan,0,nan,nan,nan,INITIALIZING,0.0,0.0,0.0,30.81473797427831,0,0,0,0.0,0.0,1.0,0,0,0,0,0,0,0
1090,94.14744360200007,nan,nan,nan,nan,nan,nan,nan,nan,nan,nan,nan,nan,,nan,0,nan,nan,nan,INITIALIZING,0.0,0.0,0.0,28.078237537982133,0,0,0,0.0,0.0,1.0,0,0,0,0,0,0,0
1091,94.17938778400003,nan,nan,nan,nan,nan,nan,nan,nan,nan,nan,nan,nan,,nan,0,nan,nan,nan,INITIALIZING,0.0,0.0,0.0,31.30460501387134,0,0,0,0.0,0.0,1.0,0,0,0,0,0,0,0
1092,94.21519130800004,nan,nan,nan,nan,nan,nan,nan,nan,nan,nan,nan,nan,,nan,0,nan,nan,nan,INITIALIZING,0.0,0.0,0.0,27.930211562402206,0,0,0,0.0,0.0,1.0,0,0,0,0,0,0,0
1093,94.24809003900009,nan,nan,nan,nan,nan,nan,nan,nan,nan,nan,nan,nan,,nan,0,nan,nan,nan,INITIALIZING,0.0,0.0,0.0,30.396309207142696,0,0,0,0.0,0.0,1.0,0,0,0,0,0,0,0
1094,94.280021981,nan,nan,nan,nan,nan,nan,nan,nan,nan,nan,nan,nan,,nan,0,nan,nan,nan,INITIALIZING,0.0,0.0,0.0,31.31660454608969,0,0,0,0.0,0.0,1.0,0,0,0,0,0,0,0
1095,94.31707849700001,nan,nan,nan,nan,nan,nan,nan,nan,nan,nan,nan,nan,,nan,0,nan,nan,nan,INITIALIZING,0.0,0.0,0.0,26.985807300389848,0,0,0,0.0,0.0,1.0,0,0,0,0,0,0,0
1096,94.34738468,nan,nan,nan,nan,nan,nan,nan,nan,nan,nan,nan,nan,,nan,0,nan,nan,nan,INITIALIZING,0.0,0.0,0.0,32.99656707016585,0,0,0,0.0,0.0,1.0,0,0,0,0,0,0,0
1097,94.37935240500008,nan,nan,nan,nan,nan,nan,nan,nan,nan,nan,nan,nan,,nan,0,nan,nan,nan,INITIALIZING,0.0,0.0,0.0,31.28155037612902,0,0,0,0.0,0.0,1.0,0,0,0,0,0,0,0
1098,94.41517051200003,nan,nan,nan,nan,nan,nan,nan,nan,nan,nan,nan,nan,,nan,0,nan,nan,nan,INITIALIZING,0.0,0.0,0.0,27.91884004370382,0,0,0,0.0,0.0,1.0,0,0,0,0,0,0,0
1099,94.44735605300002,nan,nan,nan,nan,nan,nan,nan,nan,nan,nan,nan,nan,,nan,0,nan,nan,nan,INITIALIZING,0.0,0.0,0.0,31.069852142622555,0,0,0,0.0,0.0,1.0,0,0,0,0,0,0,0
1100,94.47946898800001,nan,nan,nan,nan,nan,nan,nan,nan,nan,nan,nan,nan,,nan,0,nan,nan,nan,INITIALIZING,0.0,0.0,0.0,31.140099776006817,0,0,0,0.0,0.0,1.0,0,0,0,0,0,0,0
1101,94.51536058700003,nan,nan,nan,nan,nan,nan,nan,nan,nan,nan,nan,nan,,nan,0,nan,nan,nan,INITIALIZING,0.0,0.0,0.0,27.861673145276345,0,0,0,0.0,0.0,1.0,0,0,0,0,0,0,0
1102,94.54790238400005,nan,nan,nan,nan,nan,nan,nan,nan,nan,nan,nan,nan,,nan,0,nan,nan,nan,INITIALIZING,0.0,0.0,0.0,30.72971047048611,0,0,0,0.0,0.0,1.0,0,0,0,0,0,0,0
1103,94.57997099600004,nan,nan,nan,nan,nan,nan,nan,nan,nan,nan,nan,nan,,nan,0,nan,nan,nan,INITIALIZING,0.0,0.0,0.0,31.18313945113494,0,0,0,0.0,0.0,1.0,0,0,0,0,0,0,0
1104,94.61609442200006,nan,nan,nan,nan,nan,nan,nan,nan,nan,nan,nan,nan,,nan,0,nan,nan,nan,INITIALIZING,0.0,0.0,0.0,27.682867068021693,0,0,0,0.0,0.0,1.0,0,0,0,0,0,0,0
1105,94.6473735400001,nan,nan,nan,nan,nan,nan,nan,nan,nan,nan,nan,nan,,nan,0,nan,nan,nan,INITIALIZING,0.0,0.0,0.0,31.970210924701306,0,0,0,0.0,0.0,1.0,0,0,0,0,0,0,0
1106,94.67947173499999,nan,nan,nan,nan,nan,nan,nan,nan,nan,nan,nan,nan,,nan,0,nan,nan,nan,INITIALIZING,0.0,0.0,0.0,31.154399803585267,0,0,0,0.0,0.0,1.0,0,0,0,0,0,0,0
1107,94.77481500200008,nan,nan,nan,nan,nan,nan,nan,nan,nan,nan,nan,nan,,nan,0,nan,nan,nan,INITIALIZING,0.0,0.0,0.0,10.488417603720912,0,0,0,0.0,0.0,1.0,0,0,0,0,0,0,0
1108,94.94390473100009,nan,nan,nan,nan,nan,nan,nan,nan,nan,nan,nan,nan,,nan,0,nan,nan,nan,INITIALIZING,0.0,0.0,0.0,5.914019768758165,0,0,0,0.0,0.0,1.0,0,0,0,0,0,0,0
1109,95.61766812000008,nan,nan,nan,nan,nan,nan,nan,nan,nan,nan,nan,nan,,nan,0,nan,nan,nan,INITIALIZING,0.0,0.0,0.0,1.4842005610964109,0,0,0,0.0,0.0,1.0,0,0,0,0,0,0,0
1110,113.900410534,nan,nan,nan,nan,nan,nan,nan,nan,nan,nan,nan,nan,,nan,0,nan,nan,nan,INITIALIZING,0.0,0.0,0.0,0.054696389488824965,0,0,0,0.0,0.0,1.0,0,0,0,0,0,0,0
1111,115.82633220000002,nan,nan,nan,nan,nan,nan,nan,nan,nan,nan,nan,nan,,nan,0,nan,nan,nan,INITIALIZING,0.0,0.0,0.0,0.519231917711854,0,0,0,0.0,0.0,1.0,0,0,0,0,0,0,0
1112,115.850571231,nan,nan,nan,nan,nan,nan,nan,nan,nan,nan,nan,nan,,nan,0,nan,nan,nan,INITIALIZING,0.0,0.0,0.0,41.25577462237909,0,0,0,0.0,0.0,1.0,0,0,0,0,0,0,0
1113,115.87290257200004,nan,nan,nan,nan,nan,nan,nan,nan,nan,nan,nan,nan,,nan,0,nan,nan,nan,INITIALIZING,0.0,0.0,0.0,44.78011419010641,0,0,0,0.0,0.0,1.0,0,0,0,0,0,0,0
1114,115.89573954700006,nan,nan,nan,nan,nan,nan,nan,nan,nan,nan,nan,nan,,nan,0,nan,nan,nan,INITIALIZING,0.0,0.0,0.0,43.788636629816175,0,0,0,0.0,0.0,1.0,0,0,0,0,0,0,0
1115,115.93132388700008,nan,nan,nan,nan,nan,nan,nan,nan,nan,nan,nan,nan,,nan,0,nan,nan,nan,INITIALIZING,0.0,0.0,0.0,28.102249472650247,0,0,0,0.0,0.0,1.0,0,0,0,0,0,0,0
1116,115.96426505500006,nan,nan,nan,nan,nan,nan,nan,nan,nan,nan,nan,nan,,nan,0,nan,nan,nan,INITIALIZING,0.0,0.0,0.0,30.357150663286326,0,0,0,0.0,0.0,1.0,0,0,0,0,0,0,0
1117,115.99562155800004,nan,nan,nan,nan,nan,nan,nan,nan,nan,nan,nan,nan,,nan,0,nan,nan,nan,INITIALIZING,0.0,0.0,0.0,31.89131134937218,0,0,0,0.0,0.0,1.0,0,0,0,0,0,0,0
1118,116.031525956,nan,nan,nan,nan,nan,nan,nan,nan,nan,nan,nan,nan,,nan,0,nan,nan,nan,INITIALIZING,0.0,0.0,0.0,27.851741171128943,0,0,0,0.0,0.0,1.0,0,0,0,0,0,0,0
1119,116.06371096400005,nan,nan,nan,nan,nan,nan,nan,nan,nan,nan,nan,nan,,nan,0,nan,nan,nan,INITIALIZING,0.0,0.0,0.0,31.07036667501417,0,0,0,0.0,0.0,1.0,0,0,0,0,0,0,0
1120,116.10159086600004,nan,nan,nan,nan,nan,nan,nan,nan,nan,nan,nan,nan,,nan,0,nan,nan,nan,INITIALIZING,0.0,0.0,0.0,26.39922352492804,0,0,0,0.0,0.0,1.0,0,0,0,0,0,0,0
1121,116.13196214300001,nan,nan,nan,nan,nan,nan,nan,nan,nan,nan,nan,nan,,nan,0,nan,nan,nan,INITIALIZING,0.0,0.0,0.0,32.92584635150251,0,0,0,0.0,0.0,1.0,0,0,0,0,0,0,0
1122,116.16634635700007,nan,nan,nan,nan,nan,nan,nan,nan,nan,nan,nan,nan,,nan,0,nan,nan,nan,INITIALIZING,0.0,0.0,0.0,29.083113547349626,0,0,0,0.0,0.0,1.0,0,0,0,0,0,0,0
1123,116.19579475300009,nan,nan,nan,nan,nan,nan,nan,nan,nan,nan,nan,nan,,nan,0,nan,nan,nan,INITIALIZING,0.0,0.0,0.0,33.95770689851146,0,0,0,0.0,0.0,1.0,0,0,0,0,0,0,0
1124,116.2332352200001,nan,nan,nan,nan,nan,nan,nan,nan,nan,nan,nan,nan,,nan,0,nan,nan,nan,INITIALIZING,0.0,0.0,0.0,26.70906855942057,0,0,0,0.0,0.0,1.0,0,0,0,0,0,0,0
1125,116.27017057400008,nan,nan,nan,nan,nan,nan,nan,nan,nan,nan,nan,nan,,nan,0,nan,nan,nan,INITIALIZING,0.0,0.0,0.0,27.0743310054795,0,0,0,0.0,0.0,1.0,0,0,0,0,0,0,0
1126,116.31045739400008,nan,nan,nan,nan,nan,nan,nan,nan,nan,nan,nan,nan,,nan,0,nan,nan,nan,INITIALIZING,0.0,0.0,0.0,24.822013750399215,0,0,0,0.0,0.0,1.0,0,0,0,0,0,0,0
1127,116.34846625700004,nan,nan,nan,nan,nan,nan,nan,nan,nan,nan,nan,nan,,nan,0,nan,nan,nan,INITIALIZING,0.0,0.0,0.0,26.309653093308164,0,0,0,0.0,0.0,1.0,0,0,0,0,0,0,0
1128,116.38418658900002,nan,nan,nan,nan,nan,nan,nan,nan,nan,nan,nan,nan,,nan,0,nan,nan,nan,INITIALIZING,0.0,0.0,0.0,27.995260514389603,0,0,0,0.0,0.0,1.0,0,0,0,0,0,0,0
1129,116.41184510800008,nan,nan,nan,nan,nan,nan,nan,nan,nan,nan,nan,nan,,nan,0,nan,nan,nan,INITIALIZING,0.0,0.0,0.0,36.15522580937812,0,0,0,0.0,0.0,1.0,0,0,0,0,0,0,0
1130,116.442003882,nan,nan,nan,nan,nan,nan,nan,nan,nan,nan,nan,nan,,nan,0,nan,nan,nan,INITIALIZING,0.0,0.0,0.0,33.15784653589764,0,0,0,0.0,0.0,1.0,0,0,0,0,0,0,0
1131,116.482086063,nan,nan,nan,nan,nan,nan,nan,nan,nan,nan,nan,nan,,nan,0,nan,nan,nan,INITIALIZING,0.0,0.0,0.0,24.948742185459864,0,0,0,0.0,0.0,1.0,0,0,0,0,0,0,0
1132,116.518985166,nan,nan,nan,nan,nan,nan,nan,nan,nan,nan,nan,nan,,nan,0,nan,nan,nan,INITIALIZING,0.0,0.0,0.0,27.10092979767301,0,0,0,0.0,0.0,1.0,0,0,0,0,0,0,0
1133,116.54952035200006,nan,nan,nan,nan,nan,nan,nan,nan,nan,nan,nan,nan,,nan,0,nan,nan,nan,INITIALIZING,0.0,0.0,0.0,32.74910459028654,0,0,0,0.0,0.0,1.0,0,0,0,0,0,0,0
1134,116.5783347260001,nan,nan,nan,nan,nan,nan,nan,nan,nan,nan,nan,nan,,nan,0,nan,nan,nan,INITIALIZING,0.0,0.0,0.0,34.70490110244225,0,0,0,0.0,0.0,1.0,0,0,0,0,0,0,0
1135,116.60611569600007,nan,nan,nan,nan,nan,nan,nan,nan,nan,nan,nan,nan,,nan,0,nan,nan,nan,INITIALIZING,0.0,0.0,0.0,35.99586335540821,0,0,0,0.0,0.0,1.0,0,0,0,0,0,0,0
1136,116.63646015000006,nan,nan,nan,nan,nan,nan,nan,nan,nan,nan,nan,nan,,nan,0,nan,nan,nan,INITIALIZING,0.0,0.0,0.0,32.95495117494677,0,0,0,0.0,0.0,1.0,0,0,0,0,0,0,0
1137,116.97951581699999,nan,nan,nan,nan,nan,nan,nan,nan,nan,nan,nan,nan,,nan,0,nan,nan,nan,INITIALIZING,0.0,0.0,0.0,2.914978810130551,0,0,0,0.0,0.0,1.0,0,0,0,0,0,0,0
1138,117.004486423,nan,nan,nan,nan,nan,nan,nan,nan,nan,nan,nan,nan,,nan,0,nan,nan,nan,INITIALIZING,0.0,0.0,0.0,40.04708576153772,0,0,0,0.0,0.0,1.0,0,0,0,0,0,0,0
1139,117.03237213500006,nan,nan,nan,nan,nan,nan,nan,nan,nan,nan,nan,nan,,nan,0,nan,nan,nan,INITIALIZING,0.0,0.0,0.0,35.860658677030344,0,0,0,0.0,0.0,1.0,0,0,0,0,0,0,0
1140,128.4376245850001,nan,nan,nan,nan,nan,nan,nan,nan,nan,nan,nan,nan,,nan,0,nan,nan,nan,INITIALIZING,0.0,0.0,0.0,0.0876789009611091,0,0,0,0.0,0.0,1.0,0,0,0,0,0,0,0
1141,128.46123865200002,nan,nan,nan,nan,nan,nan,nan,nan,nan,nan,nan,nan,,nan,0,nan,nan,nan,INITIALIZING,0.0,0.0,0.0,42.34763965068533,0,0,0,0.0,0.0,1.0,0,0,0,0,0,0,0
1142,128.49774446000004,nan,nan,nan,nan,nan,nan,nan,nan,nan,nan,nan,nan,,nan,0,nan,nan,nan,INITIALIZING,0.0,0.0,0.0,27.392901425427414,0,0,0,0.0,0.0,1.0,0,0,0,0,0,0,0
1143,128.524779578,nan,nan,nan,nan,nan,nan,nan,nan,nan,nan,nan,nan,,nan,0,nan,nan,nan,INITIALIZING,0.0,0.0,0.0,36.988926773005225,0,0,0,0.0,0.0,1.0,0,0,0,0,0,0,0
1144,128.54824083100004,nan,nan,nan,nan,nan,nan,nan,nan,nan,nan,nan,nan,,nan,0,nan,nan,nan,INITIALIZING,0.0,0.0,0.0,42.62346942841676,0,0,0,0.0,0.0,1.0,0,0,0,0,0,0,0
1145,128.57182161600008,nan,nan,nan,nan,nan,nan,nan,nan,nan,nan,nan,nan,,nan,0,nan,nan,nan,INITIALIZING,0.0,0.0,0.0,42.40740925285105,0,0,0,0.0,0.0,1.0,0,0,0,0,0,0,0
1146,128.59988868000005,nan,nan,nan,nan,nan,nan,nan,nan,nan,nan,nan,nan,,nan,0,nan,nan,nan,INITIALIZING,0.0,0.0,0.0,35.62894929092244,0,0,0,0.0,0.0,1.0,0,0,0,0,0,0,0
1147,128.62668811700007,nan,nan,nan,nan,nan,nan,nan,nan,nan,nan,nan,nan,,nan,0,nan,nan,nan,INITIALIZING,0.0,0.0,0.0,37.31421671280497,0,0,0,0.0,0.0,1.0,0,0,0,0,0,0,0
1148,128.6680268240001,nan,nan,nan,nan,nan,nan,nan,nan,nan,nan,nan,nan,,nan,0,nan,nan,nan,INITIALIZING,0.0,0.0,0.0,24.190403439552494,0,0,0,0.0,0.0,1.0,0,0,0,0,0,0,0
1149,128.70248853300006,nan,nan,nan,nan,nan,nan,nan,nan,nan,nan,nan,nan,,nan,0,nan,nan,nan,INITIALIZING,0.0,0.0,0.0,29.017713544063252,0,0,0,0.0,0.0,1.0,0,0,0,0,0,0,0
1150,128.74566857500008,nan,nan,nan,nan,nan,nan,nan,nan,nan,nan,nan,nan,,nan,0,nan,nan,nan,INITIALIZING,0.0,0.0,0.0,23.158847321167514,0,0,0,0.0,0.0,1.0,0,0,0,0,0,0,0
1151,128.77551150300008,nan,nan,nan,nan,nan,nan,nan,nan,nan,nan,nan,nan,,nan,0,nan,nan,nan,INITIALIZING,0.0,0.0,0.0,33.50877635063866,0,0,0,0.0,0.0,1.0,0,0,0,0,0,0,0
1152,128.80210286400006,nan,nan,nan,nan,nan,nan,nan,nan,nan,nan,nan,nan,,nan,0,nan,nan,nan,INITIALIZING,0.0,0.0,0.0,37.606198494333825,0,0,0,0.0,0.0,1.0,0,0,0,0,0,0,0
1153,128.83674509700006,nan,nan,nan,nan,nan,nan,nan,nan,nan,nan,nan,nan,,nan,0,nan,nan,nan,INITIALIZING,0.0,0.0,0.0,28.86649945458228,0,0,0,0.0,0.0,1.0,0,0,0,0,0,0,0
1154,128.89210478300004,nan,nan,nan,nan,nan,nan,nan,nan,nan,nan,nan,nan,,nan,0,nan,nan,nan,INITIALIZING,0.0,0.0,0.0,18.063686271639327,0,0,0,0.0,0.0,1.0,0,0,0,0,0,0,0
1155,128.92205386,nan,nan,nan,nan,nan,nan,nan,nan,nan,nan,nan,nan,,nan,0,nan,nan,nan,INITIALIZING,0.0,0.0,0.0,33.39001065044593,0,0,0,0.0,0.0,1.0,0,0,0,0,0,0,0
1156,128.94705842100007,nan,nan,nan,nan,nan,nan,nan,nan,nan,nan,nan,nan,,nan,0,nan,nan,nan,INITIALIZING,0.0,0.0,0.0,39.992703731035704,0,0,0,0.0,0.0,1.0,0,0,0,0,0,0,0
1157,128.97535064500005,nan,nan,nan,nan,nan,nan,nan,nan,nan,nan,nan,nan,,nan,0,nan,nan,nan,INITIALIZING,0.0,0.0,0.0,35.345400913006536,0,0,0,0.0,0.0,1.0,0,0,0,0,0,0,0
1158,129.00982475,nan,nan,nan,nan,nan,nan,nan,nan,nan,nan,nan,nan,,nan,0,nan,nan,nan,INITIALIZING,0.0,0.0,0.0,29.007279521867407,0,0,0,0.0,0.0,1.0,0,0,0,0,0,0,0
1159,129.044661153,nan,nan,nan,nan,nan,nan,nan,nan,nan,nan,nan,nan,,nan,0,nan,nan,nan,INITIALIZING,0.0,0.0,0.0,28.705604307092518,0,0,0,0.0,0.0,1.0,0,0,0,0,0,0,0
1160,129.07458720800003,nan,nan,nan,nan,nan,nan,nan,nan,nan,nan,nan,nan,,nan,0,nan,nan,nan,INITIALIZING,0.0,0.0,0.0,33.415697458248644,0,0,0,0.0,0.0,1.0,0,0,0,0,0,0,0
1161,129.102067906,nan,nan,nan,nan,nan,nan,nan,nan,nan,nan,nan,nan,,nan,0,nan,nan,nan,INITIALIZING,0.0,0.0,0.0,36.38917759661161,0,0,0,0.0,0.0,1.0,0,0,0,0,0,0,0
1162,129.1326779320001,nan,nan,nan,nan,nan,nan,nan,nan,nan,nan,nan,nan,,nan,0,nan,nan,nan,INITIALIZING,0.0,0.0,0.0,32.669034648877755,0,0,0,0.0,0.0,1.0,0,0,0,0,0,0,0
1163,129.16373437100003,nan,nan,nan,nan,nan,nan,nan,nan,nan,nan,nan,nan,,nan,0,nan,nan,nan,INITIALIZING,0.0,0.0,0.0,32.19944179697918,0,0,0,0.0,0.0,1.0,0,0,0,0,0,0,0
1164,129.19638714100006,nan,nan,nan,nan,nan,nan,nan,nan,nan,nan,nan,nan,,nan,0,nan,nan,nan,INITIALIZING,0.0,0.0,0.0,30.625273139129508,0,0,0,0.0,0.0,1.0,0,0,0,0,0,0,0
1165,129.22976961200004,nan,nan,nan,nan,nan,nan,nan,nan,nan,nan,nan,nan,,nan,0,nan,nan,nan,INITIALIZING,0.0,0.0,0.0,29.955841195834424,0,0,0,0.0,0.0,1.0,0,0,0,0,0,0,0
1166,129.26320692700006,nan,nan,nan,nan,nan,nan,nan,nan,nan,nan,nan,nan,,nan,0,nan,nan,nan,INITIALIZING,0.0,0.0,0.0,29.906707521209793,0,0,0,0.0,0.0,1.0,0,0,0,0,0,0,0
1167,129.2952512490001,nan,nan,nan,nan,nan,nan,nan,nan,nan,nan,nan,nan,,nan,0,nan,nan,nan,INITIALIZING,0.0,0.0,0.0,31.20677666385116,0,0,0,0.0,0.0,1.0,0,0,0,0,0,0,0
1168,129.3299905670001,nan,nan,nan,nan,nan,nan,nan,nan,nan,nan,nan,nan,,nan,0,nan,nan,nan,INITIALIZING,0.0,0.0,0.0,28.78582705625401,0,0,0,0.0,0.0,1.0,0,0,0,0,0,0,0
1169,129.361179977,nan,nan,nan,nan,nan,nan,nan,nan,nan,nan,nan,nan,,nan,0,nan,nan,nan,INITIALIZING,0.0,0.0,0.0,32.06216468996558,0,0,0,0.0,0.0,1.0,0,0,0,0,0,0,0
1170,130.73780504900003,nan,nan,nan,nan,nan,nan,nan,nan,nan,nan,nan,nan,,nan,0,nan,nan,nan,INITIALIZING,0.0,0.0,0.0,0.726414199726258,0,0,0,0.0,0.0,1.0,0,0,0,0,0,0,0
1171,130.76398447400004,nan,nan,nan,nan,nan,nan,nan,nan,nan,nan,nan,nan,,nan,0,nan,nan,nan,INITIALIZING,0.0,0.0,0.0,38.19793597451596,0,0,0,0.0,0.0,1.0,0,0,0,0,0,0,0
1172,130.7957613430001,nan,nan,nan,nan,nan,nan,nan,nan,nan,nan,nan,nan,,nan,0,nan,nan,nan,INITIALIZING,0.0,0.0,0.0,31.46943142819623,0,0,0,0.0,0.0,1.0,0,0,0,0,0,0,0
1173,130.831856205,nan,nan,nan,nan,nan,nan,nan,nan,nan,nan,nan,nan,,nan,0,nan,nan,nan,INITIALIZING,0.0,0.0,0.0,27.70477415878182,0,0,0,0.0,0.0,1.0,0,0,0,0,0,0,0
1174,130.86392906900005,nan,nan,nan,nan,nan,nan,nan,nan,nan,nan,nan,nan,,nan,0,nan,nan,nan,INITIALIZING,0.0,0.0,0.0,31.179005404652198,0,0,0,0.0,0.0,1.0,0,0,0,0,0,0,0
1175,130.89593479500002,nan,nan,nan,nan,nan,nan,nan,nan,nan,nan,nan,nan,,nan,0,nan,nan,nan,INITIALIZING,0.0,0.0,0.0,31.244409203561567,0,0,0,0.0,0.0,1.0,0,0,0,0,0,0,0
1176,130.9318208520001,nan,nan,nan,nan,nan,nan,nan,nan,nan,nan,nan,nan,,nan,0,nan,nan,nan,INITIALIZING,0.0,0.0,0.0,27.865975913643872,0,0,0,0.0,0.0,1.0,0,0,0,0,0,0,0
1177,130.96485566,nan,nan,nan,nan,nan,nan,nan,nan,nan,nan,nan,nan,,nan,0,nan,nan,nan,INITIALIZING,0.0,0.0,0.0,30.27110071300211,0,0,0,0.0,0.0,1.0,0,0,0,0,0,0,0
1178,130.99588886900005,nan,nan,nan,nan,nan,nan,nan,nan,nan,nan,nan,nan,,nan,0,nan,nan,nan,INITIALIZING,0.0,0.0,0.0,32.22354478386741,0,0,0,0.0,0.0,1.0,0,0,0,0,0,0,0
1179,131.032007378,nan,nan,nan,nan,nan,nan,nan,nan,nan,nan,nan,nan,,nan,0,nan,nan,nan,INITIALIZING,0.0,0.0,0.0,27.68663568037756,0,0,0,0.0,0.0,1.0,0,0,0,0,0,0,0
1180,131.06420550300004,nan,nan,nan,nan,nan,nan,nan,nan,nan,nan,nan,nan,,nan,0,nan,nan,nan,INITIALIZING,0.0,0.0,0.0,31.057709105697104,0,0,0,0.0,0.0,1.0,0,0,0,0,0,0,0
1181,131.11259136500007,nan,nan,nan,nan,nan,nan,nan,nan,nan,nan,nan,nan,,nan,0,nan,nan,nan,INITIALIZING,0.0,0.0,0.0,20.667194065889337,0,0,0,0.0,0.0,1.0,0,0,0,0,0,0,0
1182,131.16358341900002,nan,nan,nan,nan,nan,nan,nan,nan,nan,nan,nan,nan,,nan,0,nan,nan,nan,INITIALIZING,0.0,0.0,0.0,19.610898592180874,0,0,0,0.0,0.0,1.0,0,0,0,0,0,0,0
1183,131.22316119900006,nan,nan,nan,nan,nan,nan,nan,nan,nan,nan,nan,nan,,nan,0,nan,nan,nan,INITIALIZING,0.0,0.0,0.0,16.784781171761004,0,0,0,0.0,0.0,1.0,0,0,0,0,0,0,0
1184,131.25176249000003,nan,nan,nan,nan,nan,nan,nan,nan,nan,nan,nan,nan,,nan,0,nan,nan,nan,INITIALIZING,0.0,0.0,0.0,34.963456719522064,0,0,0,0.0,0.0,1.0,0,0,0,0,0,0,0
1185,131.28160989700007,nan,nan,nan,nan,nan,nan,nan,nan,nan,nan,nan,nan,,nan,0,nan,nan,nan,INITIALIZING,0.0,0.0,0.0,33.503747913474214,0,0,0,0.0,0.0,1.0,0,0,0,0,0,0,0
1186,131.30369836300008,nan,nan,nan,nan,nan,nan,nan,nan,nan,nan,nan,nan,,nan,0,nan,nan,nan,INITIALIZING,0.0,0.0,0.0,45.27249651466858,0,0,0,0.0,0.0,1.0,0,0,0,0,0,0,0
1187,131.33277570400003,nan,nan,nan,nan,nan,nan,nan,nan,nan,nan,nan,nan,,nan,0,nan,nan,nan,INITIALIZING,0.0,0.0,0.0,34.39104008863151,0,0,0,0.0,0.0,1.0,0,0,0,0,0,0,0
1188,131.36415355500003,nan,nan,nan,nan,nan,nan,nan,nan,nan,nan,nan,nan,,nan,0,nan,nan,nan,INITIALIZING,0.0,0.0,0.0,31.869614015310862,0,0,0,0.0,0.0,1.0,0,0,0,0,0,0,0
1189,131.400875198,nan,nan,nan,nan,nan,nan,nan,nan,nan,nan,nan,nan,,nan,0,nan,nan,nan,INITIALIZING,0.0,0.0,0.0,27.231897004199126,0,0,0,0.0,0.0,1.0,0,0,0,0,0,0,0
1190,131.451505579,nan,nan,nan,nan,nan,nan,nan,nan,nan,nan,nan,nan,,nan,0,nan,nan,nan,INITIALIZING,0.0,0.0,0.0,19.750987060508667,0,0,0,0.0,0.0,1.0,0,0,0,0,0,0,0
1191,131.491803849,nan,nan,nan,nan,nan,nan,nan,nan,nan,nan,nan,nan,,nan,0,nan,nan,nan,INITIALIZING,0.0,0.0,0.0,24.8149610392742,0,0,0,0.0,0.0,1.0,0,0,0,0,0,0,0
1192,131.52527606,nan,nan,nan,nan,nan,nan,nan,nan,nan,nan,nan,nan,,nan,0,nan,nan,nan,INITIALIZING,0.0,0.0,0.0,29.875528688556344,0,0,0,0.0,0.0,1.0,0,0,0,0,0,0,0
1193,131.56073565000008,nan,nan,nan,nan,nan,nan,nan,nan,nan,nan,nan,nan,,nan,0,nan,nan,nan,INITIALIZING,0.0,0.0,0.0,28.20111569248085,0,0,0,0.0,0.0,1.0,0,0,0,0,0,0,0
1194,131.59072186100002,nan,nan,nan,nan,nan,nan,nan,nan,nan,nan,nan,nan,,nan,0,nan,nan,nan,INITIALIZING,0.0,0.0,0.0,33.34866148984648,0,0,0,0.0,0.0,1.0,0,0,0,0,0,0,0
1195,131.615934498,nan,nan,nan,nan,nan,nan,nan,nan,nan,nan,nan,nan,,nan,0,nan,nan,nan,INITIALIZING,0.0,0.0,0.0,39.662650122664125,0,0,0,0.0,0.0,1.0,0,0,0,0,0,0,0
1196,131.6389610020001,nan,nan,nan,nan,nan,nan,nan,nan,nan,nan,nan,nan,,nan,0,nan,nan,nan,INITIALIZING,0.0,0.0,0.0,43.42821645857619,0,0,0,0.0,0.0,1.0,0,0,0,0,0,0,0
1197,131.66781651600002,nan,nan,nan,nan,nan,nan,nan,nan,nan,nan,nan,nan,,nan,0,nan,nan,nan,INITIALIZING,0.0,0.0,0.0,34.65542149075783,0,0,0,0.0,0.0,1.0,0,0,0,0,0,0,0
1198,131.70039141900008,nan,nan,nan,nan,nan,nan,nan,nan,nan,nan,nan,nan,,nan,0,nan,nan,nan,INITIALIZING,0.0,0.0,0.0,30.69847974675211,0,0,0,0.0,0.0,1.0,0,0,0,0,0,0,0
1199,131.73615387900008,nan,nan,nan,nan,nan,nan,nan,nan,nan,nan,nan,nan,,nan,0,nan,nan,nan,INITIALIZING,0.0,0.0,0.0,27.962282236735863,0,0,0,0.0,0.0,1.0,0,0,0,0,0,0,0
1200,131.79960667600005,nan,nan,nan,nan,nan,nan,nan,nan,nan,nan,nan,nan,,nan,0,nan,nan,nan,INITIALIZING,0.0,0.0,0.0,15.759746571936033,0,0,0,0.0,0.0,1.0,0,0,0,0,0,0,0
1201,132.78176874400003,nan,nan,nan,nan,nan,nan,nan,nan,nan,nan,nan,nan,,nan,0,nan,nan,nan,INITIALIZING,0.0,0.0,0.0,1.0181619027869244,0,0,0,0.0,0.0,1.0,0,0,0,0,0,0,0
1202,132.81779808400006,nan,nan,nan,nan,nan,nan,nan,nan,nan,nan,nan,nan,,nan,0,nan,nan,nan,INITIALIZING,0.0,0.0,0.0,27.75515732453721,0,0,0,0.0,0.0,1.0,0,0,0,0,0,0,0
1203,132.84063312500007,nan,nan,nan,nan,nan,nan,nan,nan,nan,nan,nan,nan,,nan,0,nan,nan,nan,INITIALIZING,0.0,0.0,0.0,43.792345281958085,0,0,0,0.0,0.0,1.0,0,0,0,0,0,0,0
1204,132.87081168300006,nan,nan,nan,nan,nan,nan,nan,nan,nan,nan,nan,nan,,nan,0,nan,nan,nan,INITIALIZING,0.0,0.0,0.0,33.13610941915696,0,0,0,0.0,0.0,1.0,0,0,0,0,0,0,0
1205,132.90392201200007,nan,nan,nan,nan,nan,nan,nan,nan,nan,nan,nan,nan,,nan,0,nan,nan,nan,INITIALIZING,0.0,0.0,0.0,30.20205567874892,0,0,0,0.0,0.0,1.0,0,0,0,0,0,0,0
1206,132.935895081,nan,nan,nan,nan,nan,nan,nan,nan,nan,nan,nan,nan,,nan,0,nan,nan,nan,INITIALIZING,0.0,0.0,0.0,31.276321957134883,0,0,0,0.0,0.0,1.0,0,0,0,0,0,0,0
1207,132.96802575700008,nan,nan,nan,nan,nan,nan,nan,nan,nan,nan,nan,nan,,nan,0,nan,nan,nan,INITIALIZING,0.0,0.0,0.0,31.12290572404917,0,0,0,0.0,0.0,1.0,0,0,0,0,0,0,0
1208,133.0037234240001,nan,nan,nan,nan,nan,nan,nan,nan,nan,nan,nan,nan,,nan,0,nan,nan,nan,INITIALIZING,0.0,0.0,0.0,28.013035137544936,0,0,0,0.0,0.0,1.0,0,0,0,0,0,0,0
1209,133.03856274200007,nan,nan,nan,nan,nan,nan,nan,nan,nan,nan,nan,nan,,nan,0,nan,nan,nan,INITIALIZING,0.0,0.0,0.0,28.70320251392211,0,0,0,0.0,0.0,1.0,0,0,0,0,0,0,0
1210,133.06831452100005,nan,nan,nan,nan,nan,nan,nan,nan,nan,nan,nan,nan,,nan,0,nan,nan,nan,INITIALIZING,0.0,0.0,0.0,33.61143547082233,0,0,0,0.0,0.0,1.0,0,0,0,0,0,0,0
1211,133.10622681000007,nan,nan,nan,nan,nan,nan,nan,nan,nan,nan,nan,nan,,nan,0,nan,nan,nan,INITIALIZING,0.0,0.0,0.0,26.37667169079397,0,0,0,0.0,0.0,1.0,0,0,0,0,0,0,0
1212,133.1382579010001,nan,nan,nan,nan,nan,nan,nan,nan,nan,nan,nan,nan,,nan,0,nan,nan,nan,INITIALIZING,0.0,0.0,0.0,31.219667166482832,0,0,0,0.0,0.0,1.0,0,0,0,0,0,0,0
1213,133.169582364,nan,nan,nan,nan,nan,nan,nan,nan,nan,nan,nan,nan,,nan,0,nan,nan,nan,INITIALIZING,0.0,0.0,0.0,31.92393114616479,0,0,0,0.0,0.0,1.0,0,0,0,0,0,0,0
1214,133.20395959000007,nan,nan,nan,nan,nan,nan,nan,nan,nan,nan,nan,nan,,nan,0,nan,nan,nan,INITIALIZING,0.0,0.0,0.0,29.089025391351786,0,0,0,0.0,0.0,1.0,0,0,0,0,0,0,0
1215,133.64638949000005,nan,nan,nan,nan,nan,nan,nan,nan,nan,nan,nan,nan,,nan,0,nan,nan,nan,INITIALIZING,0.0,0.0,0.0,2.2602450693319938,0,0,0,0.0,0.0,1.0,0,0,0,0,0,0,0
1216,133.95021676800002,nan,nan,nan,nan,nan,nan,nan,nan,nan,nan,nan,nan,,nan,0,nan,nan,nan,INITIALIZING,0.0,0.0,0.0,3.291343708776845,0,0,0,0.0,0.0,1.0,0,0,0,0,0,0,0
1217,133.98051970300003,nan,nan,nan,nan,nan,nan,nan,nan,nan,nan,nan,nan,,nan,0,nan,nan,nan,INITIALIZING,0.0,0.0,0.0,33.00010378531682,0,0,0,0.0,0.0,1.0,0,0,0,0,0,0,0
1218,134.00833795800008,nan,nan,nan,nan,nan,nan,nan,nan,nan,nan,nan,nan,,nan,0,nan,nan,nan,INITIALIZING,0.0,0.0,0.0,35.94761785014797,0,0,0,0.0,0.0,1.0,0,0,0,0,0,0,0
1219,134.04263492200005,nan,nan,nan,nan,nan,nan,nan,nan,nan,nan,nan,nan,,nan,0,nan,nan,nan,INITIALIZING,0.0,0.0,0.0,29.157099736322355,0,0,0,0.0,0.0,1.0,0,0,0,0,0,0,0
1220,134.07461830300008,nan,nan,nan,nan,nan,nan,nan,nan,nan,nan,nan,nan,,nan,0,nan,nan,nan,INITIALIZING,0.0,0.0,0.0,31.266237925221365,0,0,0,0.0,0.0,1.0,0,0,0,0,0,0,0
1221,134.10687221,nan,nan,nan,nan,nan,nan,nan,nan,nan,nan,nan,nan,,nan,0,nan,nan,nan,INITIALIZING,0.0,0.0,0.0,31.003995888072602,0,0,0,0.0,0.0,1.0,0,0,0,0,0,0,0
1222,134.144672517,nan,nan,nan,nan,nan,nan,nan,nan,nan,nan,nan,nan,,nan,0,nan,nan,nan,INITIALIZING,0.0,0.0,0.0,26.454811597166678,0,0,0,0.0,0.0,1.0,0,0,0,0,0,0,0
1223,134.18096170400008,nan,nan,nan,nan,nan,nan,nan,nan,nan,nan,nan,nan,,nan,0,nan,nan,nan,INITIALIZING,0.0,0.0,0.0,27.556417838674946,0,0,0,0.0,0.0,1.0,0,0,0,0,0,0,0
1224,134.21992114600005,nan,nan,nan,nan,nan,nan,nan,nan,nan,nan,nan,nan,,nan,0,nan,nan,nan,INITIALIZING,0.0,0.0,0.0,25.667718752258462,0,0,0,0.0,0.0,1.0,0,0,0,0,0,0,0
1225,134.252897565,nan,nan,nan,nan,nan,nan,nan,nan,nan,nan,nan,nan,,nan,0,nan,nan,nan,INITIALIZING,0.0,0.0,0.0,30.324699598251087,0,0,0,0.0,0.0,1.0,0,0,0,0,0,0,0
1226,134.2867274890001,nan,nan,nan,nan,nan,nan,nan,nan,nan,nan,nan,nan,,nan,0,nan,nan,nan,INITIALIZING,0.0,0.0,0.0,29.559628924895076,0,0,0,0.0,0.0,1.0,0,0,0,0,0,0,0
1227,134.31880983000008,nan,nan,nan,nan,nan,nan,nan,nan,nan,nan,nan,nan,,nan,0,nan,nan,nan,INITIALIZING,0.0,0.0,0.0,31.169795246571947,0,0,0,0.0,0.0,1.0,0,0,0,0,0,0,0
1228,134.355060891,nan,nan,nan,nan,nan,nan,nan,nan,nan,nan,nan,nan,,nan,0,nan,nan,nan,INITIALIZING,0.0,0.0,0.0,27.585399500508686,0,0,0,0.0,0.0,1.0,0,0,0,0,0,0,0
1229,134.386200455,nan,nan,nan,nan,nan,nan,nan,nan,nan,nan,nan,nan,,nan,0,nan,nan,nan,INITIALIZING,0.0,0.0,0.0,32.11348752346044,0,0,0,0.0,0.0,1.0,0,0,0,0,0,0,0
1230,134.41843936100008,nan,nan,nan,nan,nan,nan,nan,nan,nan,nan,nan,nan,,nan,0,nan,nan,nan,INITIALIZING,0.0,0.0,0.0,31.01842227516182,0,0,0,0.0,0.0,1.0,0,0,0,0,0,0,0
1231,134.5015105770001,nan,nan,nan,nan,nan,nan,nan,nan,nan,nan,nan,nan,,nan,0,nan,nan,nan,INITIALIZING,0.0,0.0,0.0,12.03786399370763,0,0,0,0.0,0.0,1.0,0,0,0,0,0,0,0
1232,134.52609872300002,nan,nan,nan,nan,nan,nan,nan,nan,nan,nan,nan,nan,,nan,0,nan,nan,nan,INITIALIZING,0.0,0.0,0.0,40.670004155779786,0,0,0,0.0,0.0,1.0,0,0,0,0,0,0,0
1233,134.55181240900004,nan,nan,nan,nan,nan,nan,nan,nan,nan,nan,nan,nan,,nan,0,nan,nan,nan,INITIALIZING,0.0,0.0,0.0,38.88979588532449,0,0,0,0.0,0.0,1.0,0,0,0,0,0,0,0
1234,134.58238133700002,nan,nan,nan,nan,nan,nan,nan,nan,nan,nan,nan,nan,,nan,0,nan,nan,nan,INITIALIZING,0.0,0.0,0.0,32.7129561102262,0,0,0,0.0,0.0,1.0,0,0,0,0,0,0,0
1235,134.6136686640001,nan,nan,nan,nan,nan,nan,nan,nan,nan,nan,nan,nan,,nan,0,nan,nan,nan,INITIALIZING,0.0,0.0,0.0,31.961822753258478,0,0,0,0.0,0.0,1.0,0,0,0,0,0,0,0
1236,134.64754411,nan,nan,nan,nan,nan,nan,nan,nan,nan,nan,nan,nan,,nan,0,nan,nan,nan,INITIALIZING,0.0,0.0,0.0,29.51990654241514,0,0,0,0.0,0.0,1.0,0,0,0,0,0,0,0
1237,134.67897367900002,nan,nan,nan,nan,nan,nan,nan,nan,nan,nan,nan,nan,,nan,0,nan,nan,nan,INITIALIZING,0.0,0.0,0.0,31.817171912209673,0,0,0,0.0,0.0,1.0,0,0,0,0,0,0,0
1238,134.711672281,nan,nan,nan,nan,nan,nan,nan,nan,nan,nan,nan,nan,,nan,0,nan,nan,nan,INITIALIZING,0.0,0.0,0.0,30.582347220855016,0,0,0,0.0,0.0,1.0,0,0,0,0,0,0,0
1239,134.74406025200005,nan,nan,nan,nan,nan,nan,nan,nan,nan,nan,nan,nan,,nan,0,nan,nan,nan,INITIALIZING,0.0,0.0,0.0,30.87566059629078,0,0,0,0.0,0.0,1.0,0,0,0,0,0,0,0
1240,134.782855681,nan,nan,nan,nan,nan,nan,nan,nan,nan,nan,nan,nan,,nan,0,nan,nan,nan,INITIALIZING,0.0,0.0,0.0,25.776232555679826,0,0,0,0.0,0.0,1.0,0,0,0,0,0,0,0
1241,134.81845360600005,nan,nan,nan,nan,nan,nan,nan,nan,nan,nan,nan,nan,,nan,0,nan,nan,nan,INITIALIZING,0.0,0.0,0.0,28.09152499755732,0,0,0,0.0,0.0,1.0,0,0,0,0,0,0,0
1242,134.852465564,nan,nan,nan,nan,nan,nan,nan,nan,nan,nan,nan,nan,,nan,0,nan,nan,nan,INITIALIZING,0.0,0.0,0.0,29.40142405213609,0,0,0,0.0,0.0,1.0,0,0,0,0,0,0,0
1243,134.88320272500005,nan,nan,nan,nan,nan,nan,nan,nan,nan,nan,nan,nan,,nan,0,nan,nan,nan,INITIALIZING,0.0,0.0,0.0,32.53390903598614,0,0,0,0.0,0.0,1.0,0,0,0,0,0,0,0
1244,134.916442899,nan,nan,nan,nan,nan,nan,nan,nan,nan,nan,nan,nan,,nan,0,nan,nan,nan,INITIALIZING,0.0,0.0,0.0,30.084078380615544,0,0,0,0.0,0.0,1.0,0,0,0,0,0,0,0
1245,134.94608399900005,nan,nan,nan,nan,nan,nan,nan,nan,nan,nan,nan,nan,,nan,0,nan,nan,nan,INITIALIZING,0.0,0.0,0.0,33.736939587206585,0,0,0,0.0,0.0,1.0,0,0,0,0,0,0,0
1246,134.97590406000006,nan,nan,nan,nan,nan,nan,nan,nan,nan,nan,nan,nan,,nan,0,nan,nan,nan,INITIALIZING,0.0,0.0,0.0,33.534471978433686,0,0,0,0.0,0.0,1.0,0,0,0,0,0,0,0
1247,135.00811947600005,nan,nan,nan,nan,nan,nan,nan,nan,nan,nan,nan,nan,,nan,0,nan,nan,nan,INITIALIZING,0.0,0.0,0.0,31.04103948247794,0,0,0,0.0,0.0,1.0,0,0,0,0,0,0,0
1248,135.04159705000006,nan,nan,nan,nan,nan,nan,nan,nan,nan,nan,nan,nan,,nan,0,nan,nan,nan,INITIALIZING,0.0,0.0,0.0,29.87074272465195,0,0,0,0.0,0.0,1.0,0,0,0,0,0,0,0
1249,135.07364954700006,nan,nan,nan,nan,nan,nan,nan,nan,nan,nan,nan,nan,,nan,0,nan,nan,nan,INITIALIZING,0.0,0.0,0.0,31.19881736515417,0,0,0,0.0,0.0,1.0,0,0,0,0,0,0,0
1250,135.1155573220001,nan,nan,nan,nan,nan,nan,nan,nan,nan,nan,nan,nan,,nan,0,nan,nan,nan,INITIALIZING,0.0,0.0,0.0,23.861920610181684,0,0,0,0.0,0.0,1.0,0,0,0,0,0,0,0
1251,135.14818889100002,nan,nan,nan,nan,nan,nan,nan,nan,nan,nan,nan,nan,,nan,0,nan,nan,nan,INITIALIZING,0.0,0.0,0.0,30.645170632220793,0,0,0,0.0,0.0,1.0,0,0,0,0,0,0,0
1252,135.1794983530001,nan,nan,nan,nan,nan,nan,nan,nan,nan,nan,nan,nan,,nan,0,nan,nan,nan,INITIALIZING,0.0,0.0,0.0,31.93922655066412,0,0,0,0.0,0.0,1.0,0,0,0,0,0,0,0
1253,135.21529216600004,nan,nan,nan,nan,nan,nan,nan,nan,nan,nan,nan,nan,,nan,0,nan,nan,nan,INITIALIZING,0.0,0.0,0.0,27.9377891369563,0,0,0,0.0,0.0,1.0,0,0,0,0,0,0,0
1254,135.2491784450001,nan,nan,nan,nan,nan,nan,nan,nan,nan,nan,nan,nan,,nan,0,nan,nan,nan,INITIALIZING,0.0,0.0,0.0,29.51046941442879,0,0,0,0.0,0.0,1.0,0,0,0,0,0,0,0
1255,135.28692744800003,nan,nan,nan,nan,nan,nan,nan,nan,nan,nan,nan,nan,,nan,0,nan,nan,nan,INITIALIZING,0.0,0.0,0.0,26.490765862129756,0,0,0,0.0,0.0,1.0,0,0,0,0,0,0,0
1256,135.323731071,nan,nan,nan,nan,nan,nan,nan,nan,nan,nan,nan,nan,,nan,0,nan,nan,nan,INITIALIZING,0.0,0.0,0.0,27.171238005585643,0,0,0,0.0,0.0,1.0,0,0,0,0,0,0,0
1257,135.349915129,nan,nan,nan,nan,nan,nan,nan,nan,nan,nan,nan,nan,,nan,0,nan,nan,nan,INITIALIZING,0.0,0.0,0.0,38.19117724225636,0,0,0,0.0,0.0,1.0,0,0,0,0,0,0,0
1258,135.3791561700001,nan,nan,nan,nan,nan,nan,nan,nan,nan,nan,nan,nan,,nan,0,nan,nan,nan,INITIALIZING,0.0,0.0,0.0,34.19850886966993,0,0,0,0.0,0.0,1.0,0,0,0,0,0,0,0
1259,135.41051667400006,nan,nan,nan,nan,nan,nan,nan,nan,nan,nan,nan,nan,,nan,0,nan,nan,nan,INITIALIZING,0.0,0.0,0.0,31.887242628536267,0,0,0,0.0,0.0,1.0,0,0,0,0,0,0,0
1260,135.6528389460001,nan,nan,nan,nan,nan,nan,nan,nan,nan,nan,nan,nan,,nan,0,nan,nan,nan,INITIALIZING,0.0,0.0,0.0,4.126735820634353,0,0,0,0.0,0.0,1.0,0,0,0,0,0,0,0
1261,135.68331334100003,nan,nan,nan,nan,nan,nan,nan,nan,nan,nan,nan,nan,,nan,0,nan,nan,nan,INITIALIZING,0.0,0.0,0.0,32.81443323163278,0,0,0,0.0,0.0,1.0,0,0,0,0,0,0,0
1262,135.711738534,nan,nan,nan,nan,nan,nan,nan,nan,nan,nan,nan,nan,,nan,0,nan,nan,nan,INITIALIZING,0.0,0.0,0.0,35.18006016708005,0,0,0,0.0,0.0,1.0,0,0,0,0,0,0,0
1263,135.74655451700005,nan,nan,nan,nan,nan,nan,nan,nan,nan,nan,nan,nan,,nan,0,nan,nan,nan,INITIALIZING,0.0,0.0,0.0,28.722440495181026,0,0,0,0.0,0.0,1.0,0,0,0,0,0,0,0
1264,135.779828962,nan,nan,nan,nan,nan,nan,nan,nan,nan,nan,nan,nan,,nan,0,nan,nan,nan,INITIALIZING,0.0,0.0,0.0,30.053093297308937,0,0,0,0.0,0.0,1.0,0,0,0,0,0,0,0
1265,135.87549191000005,nan,nan,nan,nan,nan,nan,nan,nan,nan,nan,nan,nan,,nan,0,nan,nan,nan,INITIALIZING,0.0,0.0,0.0,10.453368006174975,0,0,0,0.0,0.0,1.0,0,0,0,0,0,0,0
1266,135.90132455700007,nan,nan,nan,nan,nan,nan,nan,nan,nan,nan,nan,nan,,nan,0,nan,nan,nan,INITIALIZING,0.0,0.0,0.0,38.71070587537524,0,0,0,0.0,0.0,1.0,0,0,0,0,0,0,0
1267,135.941698867,nan,nan,nan,nan,nan,nan,nan,nan,nan,nan,nan,nan,,nan,0,nan,nan,nan,INITIALIZING,0.0,0.0,0.0,24.768225141217343,0,0,0,0.0,0.0,1.0,0,0,0,0,0,0,0
1268,135.96822954700008,nan,nan,nan,nan,nan,nan,nan,nan,nan,nan,nan,nan,,nan,0,nan,nan,nan,INITIALIZING,0.0,0.0,0.0,37.69221143210697,0,0,0,0.0,0.0,1.0,0,0,0,0,0,0,0
1269,135.9937678130001,nan,nan,nan,nan,nan,nan,nan,nan,nan,nan,nan,nan,,nan,0,nan,nan,nan,INITIALIZING,0.0,0.0,0.0,39.156926315965165,0,0,0,0.0,0.0,1.0,0,0,0,0,0,0,0
1270,136.0204068270001,nan,nan,nan,nan,nan,nan,nan,nan,nan,nan,nan,nan,,nan,0,nan,nan,nan,INITIALIZING,0.0,0.0,0.0,37.53892692873612,0,0,0,0.0,0.0,1.0,0,0,0,0,0,0,0
1271,136.04686396400007,nan,nan,nan,nan,nan,nan,nan,nan,nan,nan,nan,nan,,nan,0,nan,nan,nan,INITIALIZING,0.0,0.0,0.0,37.79698460953254,0,0,0,0.0,0.0,1.0,0,0,0,0,0,0,0
1272,136.07837473100005,nan,nan,nan,nan,nan,nan,nan,nan,nan,nan,nan,nan,,nan,0,nan,nan,nan,INITIALIZING,0.0,0.0,0.0,31.735184357792388,0,0,0,0.0,0.0,1.0,0,0,0,0,0,0,0
1273,136.13092566400007,nan,nan,nan,nan,nan,nan,nan,nan,nan,nan,nan,nan,,nan,0,nan,nan,nan,INITIALIZING,0.0,0.0,0.0,19.02915786480158,0,0,0,0.0,0.0,1.0,0,0,0,0,0,0,0
1274,136.16099499900008,nan,nan,nan,nan,nan,nan,nan,nan,nan,nan,nan,nan,,nan,0,nan,nan,nan,INITIALIZING,0.0,0.0,0.0,33.25647208359458,0,0,0,0.0,0.0,1.0,0,0,0,0,0,0,0
1275,136.18977670800007,nan,nan,nan,nan,nan,nan,nan,nan,nan,nan,nan,nan,,nan,0,nan,nan,nan,INITIALIZING,0.0,0.0,0.0,34.744288464610584,0,0,0,0.0,0.0,1.0,0,0,0,0,0,0,0
1276,136.239772647,nan,nan,nan,nan,nan,nan,nan,nan,nan,nan,nan,nan,,nan,0,nan,nan,nan,INITIALIZING,0.0,0.0,0.0,20.001624531973448,0,0,0,0.0,0.0,1.0,0,0,0,0,0,0,0
1277,136.28370926000002,nan,nan,nan,nan,nan,nan,nan,nan,nan,nan,nan,nan,,nan,0,nan,nan,nan,INITIALIZING,0.0,0.0,0.0,22.760061181761134,0,0,0,0.0,0.0,1.0,0,0,0,0,0,0,0
1278,136.6208788890001,nan,nan,nan,nan,nan,nan,nan,nan,nan,nan,nan,nan,,nan,0,nan,nan,nan,INITIALIZING,0.0,0.0,0.0,2.965866181262086,0,0,0,0.0,0.0,1.0,0,0,0,0,0,0,0
1279,136.64828041700002,nan,nan,nan,nan,nan,nan,nan,nan,nan,nan,nan,nan,,nan,0,nan,nan,nan,INITIALIZING,0.0,0.0,0.0,36.49431520762796,0,0,0,0.0,0.0,1.0,0,0,0,0,0,0,0
1280,136.67676425500008,nan,nan,nan,nan,nan,nan,nan,nan,nan,nan,nan,nan,,nan,0,nan,nan,nan,INITIALIZING,0.0,0.0,0.0,35.1076284030971,0,0,0,0.0,0.0,1.0,0,0,0,0,0,0,0
1281,136.7188880760001,nan,nan,nan,nan,nan,nan,nan,nan,nan,nan,nan,nan,,nan,0,nan,nan,nan,INITIALIZING,0.0,0.0,0.0,23.73953682880679,0,0,0,0.0,0.0,1.0,0,0,0,0,0,0,0
1282,136.75195574600002,nan,nan,nan,nan,nan,nan,nan,nan,nan,nan,nan,nan,,nan,0,nan,nan,nan,INITIALIZING,0.0,0.0,0.0,30.24101788853968,0,0,0,0.0,0.0,1.0,0,0,0,0,0,0,0
1283,136.79005522400007,nan,nan,nan,nan,nan,nan,nan,nan,nan,nan,nan,nan,,nan,0,nan,nan,nan,INITIALIZING,0.0,0.0,0.0,26.247078765717173,0,0,0,0.0,0.0,1.0,0,0,0,0,0,0,0
1284,136.83993772400004,nan,nan,nan,nan,nan,nan,nan,nan,nan,nan,nan,nan,,nan,0,nan,nan,nan,INITIALIZING,0.0,0.0,0.0,20.04711071018217,0,0,0,0.0,0.0,1.0,0,0,0,0,0,0,0
1285,136.873981296,nan,nan,nan,nan,nan,nan,nan,nan,nan,nan,nan,nan,,nan,0,nan,nan,nan,INITIALIZING,0.0,0.0,0.0,29.3741209060197,0,0,0,0.0,0.0,1.0,0,0,0,0,0,0,0
1286,136.91818244500007,nan,nan,nan,nan,nan,nan,nan,nan,nan,nan,nan,nan,,nan,0,nan,nan,nan,INITIALIZING,0.0,0.0,0.0,22.623846271477074,0,0,0,0.0,0.0,1.0,0,0,0,0,0,0,0
1287,136.95750704900001,nan,nan,nan,nan,nan,nan,nan,nan,nan,nan,nan,nan,,nan,0,nan,nan,nan,INITIALIZING,0.0,0.0,0.0,25.42937241024537,0,0,0,0.0,0.0,1.0,0,0,0,0,0,0,0
1288,137.11812192900004,nan,nan,nan,nan,nan,nan,nan,nan,nan,nan,nan,nan,,nan,0,nan,nan,nan,INITIALIZING,0.0,0.0,0.0,6.2260732006887585,0,0,0,0.0,0.0,1.0,0,0,0,0,0,0,0
1289,137.15447767800003,nan,nan,nan,nan,nan,nan,nan,nan,nan,nan,nan,nan,,nan,0,nan,nan,nan,INITIALIZING,0.0,0.0,0.0,27.505966112818697,0,0,0,0.0,0.0,1.0,0,0,0,0,0,0,0
1290,137.18958080000004,nan,nan,nan,nan,nan,nan,nan,nan,nan,nan,nan,nan,,nan,0,nan,nan,nan,INITIALIZING,0.0,0.0,0.0,28.487494645055456,0,0,0,0.0,0.0,1.0,0,0,0,0,0,0,0
1291,137.24840861400003,nan,nan,nan,nan,nan,nan,nan,nan,nan,nan,nan,nan,,nan,0,nan,nan,nan,INITIALIZING,0.0,0.0,0.0,16.998761844189723,0,0,0,0.0,0.0,1.0,0,0,0,0,0,0,0
1292,137.27608769900007,nan,nan,nan,nan,nan,nan,nan,nan,nan,nan,nan,nan,,nan,0,nan,nan,nan,INITIALIZING,0.0,0.0,0.0,36.128361902077536,0,0,0,0.0,0.0,1.0,0,0,0,0,0,0,0
1293,137.31251204300008,nan,nan,nan,nan,nan,nan,nan,nan,nan,nan,nan,nan,,nan,0,nan,nan,nan,INITIALIZING,0.0,0.0,0.0,27.454166367408014,0,0,0,0.0,0.0,1.0,0,0,0,0,0,0,0
1294,137.3588366140001,nan,nan,nan,nan,nan,nan,nan,nan,nan,nan,nan,nan,,nan,0,nan,nan,nan,INITIALIZING,0.0,0.0,0.0,21.58681620601955,0,0,0,0.0,0.0,1.0,0,0,0,0,0,0,0
1295,137.39202996300003,nan,nan,nan,nan,nan,nan,nan,nan,nan,nan,nan,nan,,nan,0,nan,nan,nan,INITIALIZING,0.0,0.0,0.0,30.126517212894246,0,0,0,0.0,0.0,1.0,0,0,0,0,0,0,0
1296,137.42767418900007,nan,nan,nan,nan,nan,nan,nan,nan,nan,nan,nan,nan,,nan,0,nan,nan,nan,INITIALIZING,0.0,0.0,0.0,28.055034776144108,0,0,0,0.0,0.0,1.0,0,0,0,0,0,0,0
1297,137.46809995700005,nan,nan,nan,nan,nan,nan,nan,nan,nan,nan,nan,nan,,nan,0,nan,nan,nan,INITIALIZING,0.0,0.0,0.0,24.7366976429628,0,0,0,0.0,0.0,1.0,0,0,0,0,0,0,0
1298,137.4912167220001,nan,nan,nan,nan,nan,nan,nan,nan,nan,nan,nan,nan,,nan,0,nan,nan,nan,INITIALIZING,0.0,0.0,0.0,43.25864799843965,0,0,0,0.0,0.0,1.0,0,0,0,0,0,0,0
1299,137.52090808100002,nan,nan,nan,nan,nan,nan,nan,nan,nan,nan,nan,nan,,nan,0,nan,nan,nan,INITIALIZING,0.0,0.0,0.0,33.67983257361034,0,0,0,0.0,0.0,1.0,0,0,0,0,0,0,0
1300,137.55891854700008,nan,nan,nan,nan,nan,nan,nan,nan,nan,nan,nan,nan,,nan,0,nan,nan,nan,INITIALIZING,0.0,0.0,0.0,26.308543546885957,0,0,0,0.0,0.0,1.0,0,0,0,0,0,0,0
1301,137.58908856100004,nan,nan,nan,nan,nan,nan,nan,nan,nan,nan,nan,nan,,nan,0,nan,nan,nan,INITIALIZING,0.0,0.0,0.0,33.145493402860104,0,0,0,0.0,0.0,1.0,0,0,0,0,0,0,0
1302,137.62196023800004,nan,nan,nan,nan,nan,nan,nan,nan,nan,nan,nan,nan,,nan,0,nan,nan,nan,INITIALIZING,0.0,0.0,0.0,30.42132593356628,0,0,0,0.0,0.0,1.0,0,0,0,0,0,0,0
1303,137.6483507060001,nan,nan,nan,nan,nan,nan,nan,nan,nan,nan,nan,nan,,nan,0,nan,nan,nan,INITIALIZING,0.0,0.0,0.0,37.89246935667423,0,0,0,0.0,0.0,1.0,0,0,0,0,0,0,0
1304,137.681074879,nan,nan,nan,nan,nan,nan,nan,nan,nan,nan,nan,nan,,nan,0,nan,nan,nan,INITIALIZING,0.0,0.0,0.0,30.558449865268546,0,0,0,0.0,0.0,1.0,0,0,0,0,0,0,0
1305,137.71572278500003,nan,nan,nan,nan,nan,nan,nan,nan,nan,nan,nan,nan,,nan,0,nan,nan,nan,INITIALIZING,0.0,0.0,0.0,28.861773060659914,0,0,0,0.0,0.0,1.0,0,0,0,0,0,0,0
1306,137.75942455000006,nan,nan,nan,nan,nan,nan,nan,nan,nan,nan,nan,nan,,nan,0,nan,nan,nan,INITIALIZING,0.0,0.0,0.0,22.882370998039814,0,0,0,0.0,0.0,1.0,0,0,0,0,0,0,0
1307,137.7935781760001,nan,nan,nan,nan,nan,nan,nan,nan,nan,nan,nan,nan,,nan,0,nan,nan,nan,INITIALIZING,0.0,0.0,0.0,29.279468013118347,0,0,0,0.0,0.0,1.0,0,0,0,0,0,0,0
1308,137.81699562300003,nan,nan,nan,nan,nan,nan,nan,nan,nan,nan,nan,nan,,nan,0,nan,nan,nan,INITIALIZING,0.0,0.0,0.0,42.703203299789145,0,0,0,0.0,0.0,1.0,0,0,0,0,0,0,0
1309,137.85546453400002,nan,nan,nan,nan,nan,nan,nan,nan,nan,nan,nan,nan,,nan,0,nan,nan,nan,INITIALIZING,0.0,0.0,0.0,25.995017119151616,0,0,0,0.0,0.0,1.0,0,0,0,0,0,0,0
1310,137.88447817300005,nan,nan,nan,nan,nan,nan,nan,nan,nan,nan,nan,nan,,nan,0,nan,nan,nan,INITIALIZING,0.0,0.0,0.0,34.46654864627863,0,0,0,0.0,0.0,1.0,0,0,0,0,0,0,0
1311,137.9216441970001,nan,nan,nan,nan,nan,nan,nan,nan,nan,nan,nan,nan,,nan,0,nan,nan,nan,INITIALIZING,0.0,0.0,0.0,26.90629484603525,0,0,0,0.0,0.0,1.0,0,0,0,0,0,0,0
1312,137.95423508700003,nan,nan,nan,nan,nan,nan,nan,nan,nan,nan,nan,nan,,nan,0,nan,nan,nan,INITIALIZING,0.0,0.0,0.0,30.68342104195109,0,0,0,0.0,0.0,1.0,0,0,0,0,0,0,0
1313,138.08163260600008,nan,nan,nan,nan,nan,nan,nan,nan,nan,nan,nan,nan,,nan,0,nan,nan,nan,INITIALIZING,0.0,0.0,0.0,7.8494464244595195,0,0,0,0.0,0.0,1.0,0,0,0,0,0,0,0
1314,138.13415879700005,nan,nan,nan,nan,nan,nan,nan,nan,nan,nan,nan,nan,,nan,0,nan,nan,nan,INITIALIZING,0.0,0.0,0.0,19.038121382161002,0,0,0,0.0,0.0,1.0,0,0,0,0,0,0,0
1315,138.1631445710001,nan,nan,nan,nan,nan,nan,nan,nan,nan,nan,nan,nan,,nan,0,nan,nan,nan,INITIALIZING,0.0,0.0,0.0,34.4996824993811,0,0,0,0.0,0.0,1.0,0,0,0,0,0,0,0
1316,138.21197387300003,nan,nan,nan,nan,nan,nan,nan,nan,nan,nan,nan,nan,,nan,0,nan,nan,nan,INITIALIZING,0.0,0.0,0.0,20.479506342342027,0,0,0,0.0,0.0,1.0,0,0,0,0,0,0,0
1317,138.2425450400001,nan,nan,nan,nan,nan,nan,nan,nan,nan,nan,nan,nan,,nan,0,nan,nan,nan,INITIALIZING,0.0,0.0,0.0,32.71056024776467,0,0,0,0.0,0.0,1.0,0,0,0,0,0,0,0
1318,138.27175477600008,nan,nan,nan,nan,nan,nan,nan,nan,nan,nan,nan,nan,,nan,0,nan,nan,nan,INITIALIZING,0.0,0.0,0.0,34.235160495820175,0,0,0,0.0,0.0,1.0,0,0,0,0,0,0,0
1319,138.29786617600007,nan,nan,nan,nan,nan,nan,nan,nan,nan,nan,nan,nan,,nan,0,nan,nan,nan,INITIALIZING,0.0,0.0,0.0,38.29744862398634,0,0,0,0.0,0.0,1.0,0,0,0,0,0,0,0
1320,138.57274818200005,nan,nan,nan,nan,nan,nan,nan,nan,nan,nan,nan,nan,,nan,0,nan,nan,nan,INITIALIZING,0.0,0.0,0.0,3.6379245573464596,0,0,0,0.0,0.0,1.0,0,0,0,0,0,0,0
1321,138.60170390300004,nan,nan,nan,nan,nan,nan,nan,nan,nan,nan,nan,nan,,nan,0,nan,nan,nan,INITIALIZING,0.0,0.0,0.0,34.53548954973006,0,0,0,0.0,0.0,1.0,0,0,0,0,0,0,0
1322,138.63363884400007,nan,nan,nan,nan,nan,nan,nan,nan,nan,nan,nan,nan,,nan,0,nan,nan,nan,INITIALIZING,0.0,0.0,0.0,31.313663613752038,0,0,0,0.0,0.0,1.0,0,0,0,0,0,0,0
1323,138.6627774330001,nan,nan,nan,nan,nan,nan,nan,nan,nan,nan,nan,nan,,nan,0,nan,nan,nan,INITIALIZING,0.0,0.0,0.0,34.318751673238474,0,0,0,0.0,0.0,1.0,0,0,0,0,0,0,0
1324,138.78713708500004,nan,nan,nan,nan,nan,nan,nan,nan,nan,nan,nan,nan,,nan,0,nan,nan,nan,INITIALIZING,0.0,0.0,0.0,8.04119329636255,0,0,0,0.0,0.0,1.0,0,0,0,0,0,0,0
1325,138.8238350260001,nan,nan,nan,nan,nan,nan,nan,nan,nan,nan,nan,nan,,nan,0,nan,nan,nan,INITIALIZING,0.0,0.0,0.0,27.249485195871173,0,0,0,0.0,0.0,1.0,0,0,0,0,0,0,0
1326,138.85574418500005,nan,nan,nan,nan,nan,nan,nan,nan,nan,nan,nan,nan,,nan,0,nan,nan,nan,INITIALIZING,0.0,0.0,0.0,31.338964464764377,0,0,0,0.0,0.0,1.0,0,0,0,0,0,0,0
1327,138.88909186,nan,nan,nan,nan,nan,nan,nan,nan,nan,nan,nan,nan,,nan,0,nan,nan,nan,INITIALIZING,0.0,0.0,0.0,29.98709805110035,0,0,0,0.0,0.0,1.0,0,0,0,0,0,0,0
1328,138.945528641,nan,nan,nan,nan,nan,nan,nan,nan,nan,nan,nan,nan,,nan,0,nan,nan,nan,INITIALIZING,0.0,0.0,0.0,17.718941128126385,0,0,0,0.0,0.0,1.0,0,0,0,0,0,0,0
1329,138.97238354400008,nan,nan,nan,nan,nan,nan,nan,nan,nan,nan,nan,nan,,nan,0,nan,nan,nan,INITIALIZING,0.0,0.0,0.0,37.237148091629464,0,0,0,0.0,0.0,1.0,0,0,0,0,0,0,0
1330,139.02495416300007,nan,nan,nan,nan,nan,nan,nan,nan,nan,nan,nan,nan,,nan,0,nan,nan,nan,INITIALIZING,0.0,0.0,0.0,19.02203205939271,0,0,0,0.0,0.0,1.0,0,0,0,0,0,0,0
1331,139.056068255,nan,nan,nan,nan,nan,nan,nan,nan,nan,nan,nan,nan,,nan,0,nan,nan,nan,INITIALIZING,0.0,0.0,0.0,32.13977769307762,0,0,0,0.0,0.0,1.0,0,0,0,0,0,0,0
1332,139.0897556220001,nan,nan,nan,nan,nan,nan,nan,nan,nan,nan,nan,nan,,nan,0,nan,nan,nan,INITIALIZING,0.0,0.0,0.0,29.684718309908366,0,0,0,0.0,0.0,1.0,0,0,0,0,0,0,0
1333,139.1223295320001,nan,nan,nan,nan,nan,nan,nan,nan,nan,nan,nan,nan,,nan,0,nan,nan,nan,INITIALIZING,0.0,0.0,0.0,30.699415575229057,0,0,0,0.0,0.0,1.0,0,0,0,0,0,0,0
1334,139.1764683030001,nan,nan,nan,nan,nan,nan,nan,nan,nan,nan,nan,nan,,nan,0,nan,nan,nan,INITIALIZING,0.0,0.0,0.0,18.471050995968035,0,0,0,0.0,0.0,1.0,0,0,0,0,0,0,0
1335,139.20559965200005,nan,nan,nan,nan,nan,nan,nan,nan,nan,nan,nan,nan,,nan,0,nan,nan,nan,INITIALIZING,0.0,0.0,0.0,34.327280895971704,0,0,0,0.0,0.0,1.0,0,0,0,0,0,0,0
1336,139.2337312960001,nan,nan,nan,nan,nan,nan,nan,nan,nan,nan,nan,nan,,nan,0,nan,nan,nan,INITIALIZING,0.0,0.0,0.0,35.54715821082278,0,0,0,0.0,0.0,1.0,0,0,0,0,0,0,0
1337,139.262019453,nan,nan,nan,nan,nan,nan,nan,nan,nan,nan,nan,nan,,nan,0,nan,nan,nan,INITIALIZING,0.0,0.0,0.0,35.35048253597126,0,0,0,0.0,0.0,1.0,0,0,0,0,0,0,0
1338,139.2988812000001,nan,nan,nan,nan,nan,nan,nan,nan,nan,nan,nan,nan,,nan,0,nan,nan,nan,INITIALIZING,0.0,0.0,0.0,27.128394104522883,0,0,0,0.0,0.0,1.0,0,0,0,0,0,0,0
1339,139.32634163400007,nan,nan,nan,nan,nan,nan,nan,nan,nan,nan,nan,nan,,nan,0,nan,nan,nan,INITIALIZING,0.0,0.0,0.0,36.41603042402177,0,0,0,0.0,0.0,1.0,0,0,0,0,0,0,0
1340,139.38715177300003,nan,nan,nan,nan,nan,nan,nan,nan,nan,nan,nan,nan,,nan,0,nan,nan,nan,INITIALIZING,0.0,0.0,0.0,16.44462611737732,0,0,0,0.0,0.0,1.0,0,0,0,0,0,0,0
1341,139.42254057600007,nan,nan,nan,nan,nan,nan,nan,nan,nan,nan,nan,nan,,nan,0,nan,nan,nan,INITIALIZING,0.0,0.0,0.0,28.257525409907032,0,0,0,0.0,0.0,1.0,0,0,0,0,0,0,0
1342,139.45327575600004,nan,nan,nan,nan,nan,nan,nan,nan,nan,nan,nan,nan,,nan,0,nan,nan,nan,INITIALIZING,0.0,0.0,0.0,32.536005971044744,0,0,0,0.0,0.0,1.0,0,0,0,0,0,0,0
1343,139.49134992000006,nan,nan,nan,nan,nan,nan,nan,nan,nan,nan,nan,nan,,nan,0,nan,nan,nan,INITIALIZING,0.0,0.0,0.0,26.264529406329498,0,0,0,0.0,0.0,1.0,0,0,0,0,0,0,0
1344,139.5215708190001,nan,nan,nan,nan,nan,nan,nan,nan,nan,nan,nan,nan,,nan,0,nan,nan,nan,INITIALIZING,0.0,0.0,0.0,33.08968406264386,0,0,0,0.0,0.0,1.0,0,0,0,0,0,0,0
1345,139.55387847400004,nan,nan,nan,nan,nan,nan,nan,nan,nan,nan,nan,nan,,nan,0,nan,nan,nan,INITIALIZING,0.0,0.0,0.0,30.95241669509655,0,0,0,0.0,0.0,1.0,0,0,0,0,0,0,0
1346,139.587496257,nan,nan,nan,nan,nan,nan,nan,nan,nan,nan,nan,nan,,nan,0,nan,nan,nan,INITIALIZING,0.0,0.0,0.0,29.74616142894854,0,0,0,0.0,0.0,1.0,0,0,0,0,0,0,0
1347,139.62250833500002,nan,nan,nan,nan,nan,nan,nan,nan,nan,nan,nan,nan,,nan,0,nan,nan,nan,INITIALIZING,0.0,0.0,0.0,28.56157238080407,0,0,0,0.0,0.0,1.0,0,0,0,0,0,0,0
1348,139.670062927,nan,nan,nan,nan,nan,nan,nan,nan,nan,nan,nan,nan,,nan,0,nan,nan,nan,INITIALIZING,0.0,0.0,0.0,21.028463455229616,0,0,0,0.0,0.0,1.0,0,0,0,0,0,0,0
1349,139.70816683100009,nan,nan,nan,nan,nan,nan,nan,nan,nan,nan,nan,nan,,nan,0,nan,nan,nan,INITIALIZING,0.0,0.0,0.0,26.244030007997665,0,0,0,0.0,0.0,1.0,0,0,0,0,0,0,0
1350,139.74491420000004,nan,nan,nan,nan,nan,nan,nan,nan,nan,nan,nan,nan,,nan,0,nan,nan,nan,INITIALIZING,0.0,0.0,0.0,27.212832570441858,0,0,0,0.0,0.0,1.0,0,0,0,0,0,0,0
1351,139.78709265500004,nan,nan,nan,nan,nan,nan,nan,nan,nan,nan,nan,nan,,nan,0,nan,nan,nan,INITIALIZING,0.0,0.0,0.0,23.70878686760902,0,0,0,0.0,0.0,1.0,0,0,0,0,0,0,0
1352,139.84207894100007,nan,nan,nan,nan,nan,nan,nan,nan,nan,nan,nan,nan,,nan,0,nan,nan,nan,INITIALIZING,0.0,0.0,0.0,18.186352866230116,0,0,0,0.0,0.0,1.0,0,0,0,0,0,0,0
1353,150.41220208000016,134.5,19.0,468.0,461.0,134.5,19.0,468.0,461.0,nan,nan,nan,nan,0.5291964411735535,nan,0,nan,nan,nan,TRACKING,10.2885961369999,0.0,138.38276516099995,0.0946062772258865,0,0,0,0.5,0.000625,1.0,0,0,0,0,0,0,0
1354,150.60059903500007,134.5,19.0,468.0,461.0,134.5,19.0,468.0,461.0,nan,nan,nan,nan,0.5351524949073792,nan,0,nan,nan,nan,TRACKING,0.09243250899999111,0.0,0.0,5.307941415509839,0,0,0,0.0,0.0,1.0,0,0,0,0,0,0,0
1355,150.72256237499994,134.5,19.0,468.0,461.0,134.5,19.0,468.0,461.0,nan,nan,nan,nan,0.5251563787460327,nan,0,nan,nan,nan,TRACKING,0.08755617299993901,0.0,0.0,8.199185099400374,0,0,0,0.0,0.0,1.0,0,0,0,0,0,0,0
1356,150.81220499100016,134.5,19.0,468.0,461.0,134.5,19.0,468.0,461.0,nan,nan,nan,nan,0.5238596796989441,nan,0,nan,nan,nan,TRACKING,0.06276985199997398,0.0,0.0,11.155408494521778,0,0,0,0.0,0.0,1.0,0,0,0,0,0,0,0
1357,150.9072380660001,134.5,19.0,468.0,461.0,134.5,19.0,468.0,461.0,nan,nan,nan,nan,0.5088991522789001,nan,0,nan,nan,nan,TRACKING,0.06436529699999483,0.0,0.0,10.52265224502692,0,0,0,0.0,0.0,1.0,0,0,0,0,0,0,0
1358,150.98517891400013,134.5,19.0,468.0,461.0,134.5,19.0,468.0,461.0,nan,nan,nan,nan,0.5042473673820496,nan,0,nan,nan,nan,TRACKING,0.04898591200003466,0.0,0.0,12.830242750241451,0,0,0,0.0,0.0,1.0,0,0,0,0,0,0,0
1359,151.07000118500002,134.5,19.0,468.0,461.0,134.5,19.0,468.0,461.0,nan,nan,nan,nan,0.5024983882904053,nan,0,nan,nan,nan,TRACKING,0.05462939699987146,0.0,0.0,11.789356594817587,0,0,0,0.0,0.0,1.0,0,0,0,0,0,0,0
1360,151.1482287560001,134.5,19.0,468.0,461.0,134.5,19.0,468.0,461.0,nan,nan,nan,nan,0.5067683458328247,nan,0,nan,nan,nan,TRACKING,0.05037765599990962,0.0,0.0,12.783216802156623,0,0,0,0.0,0.0,1.0,0,0,0,0,0,0,0
1361,151.89577166800007,134.5,19.0,468.0,461.0,232.0,29.0,231.0,443.0,232.0,29.0,231.0,443.0,0.4998374283313751,0.986481,1,0.47431725902441735,0.0262797450520358,2.1082935123567177,SOFT_REINITIALIZING,0.06262276600000405,0.647444854000014,0.0,1.3377158474081523,1,0,0,0.0,0.0,1.0,0,0,0,0,1,0,0
1362,151.9295877830001,232.0,29.0,231.0,443.0,232.0,29.0,231.0,443.0,nan,nan,nan,nan,,nan,0,nan,nan,nan,INITIALIZING,0.0,0.0,0.0,29.57169976500657,0,0,0,0.0,0.0,1.0,0,0,0,0,1,0,0
1363,151.972349731,232.0,29.0,231.0,443.0,232.0,29.0,231.0,443.0,nan,nan,nan,nan,,nan,0,nan,nan,nan,INITIALIZING,0.0,0.0,0.0,23.38527702251038,0,0,0,0.0,0.0,1.0,0,0,0,0,1,0,0
1364,152.00996127700012,232.0,29.0,231.0,443.0,232.0,29.0,231.0,443.0,nan,nan,nan,nan,,nan,0,nan,nan,nan,INITIALIZING,0.0,0.0,0.0,26.587580313692616,0,0,0,0.0,0.0,1.0,0,0,0,0,1,0,0
1365,152.046998229,232.0,29.0,231.0,443.0,232.0,29.0,231.0,443.0,nan,nan,nan,nan,,nan,0,nan,nan,nan,INITIALIZING,0.0,0.0,0.0,27.000061992229575,0,0,0,0.0,0.0,1.0,0,0,0,0,1,0,0
1366,152.139727355,232.0,29.0,231.0,443.0,232.0,29.0,231.0,443.0,nan,nan,nan,nan,,nan,0,nan,nan,nan,INITIALIZING,0.0,0.0,0.0,10.784098191544013,0,0,0,0.0,0.0,1.0,0,0,0,0,1,0,0
1367,152.17883757200013,232.0,29.0,231.0,443.0,232.0,29.0,231.0,443.0,nan,nan,nan,nan,,nan,0,nan,nan,nan,INITIALIZING,0.0,0.0,0.0,25.568766340425558,0,0,0,0.0,0.0,1.0,0,0,0,0,1,0,0
1368,152.21163413700003,232.0,29.0,231.0,443.0,232.0,29.0,231.0,443.0,nan,nan,nan,nan,,nan,0,nan,nan,nan,INITIALIZING,0.0,0.0,0.0,30.490998066507544,0,0,0,0.0,0.0,1.0,0,0,0,0,1,0,0
1369,152.24268582799994,232.0,29.0,231.0,443.0,232.0,29.0,231.0,443.0,nan,nan,nan,nan,,nan,0,nan,nan,nan,INITIALIZING,0.0,0.0,0.0,32.20436529537618,0,0,0,0.0,0.0,1.0,0,0,0,0,1,0,0
1370,152.27917782199995,232.0,29.0,231.0,443.0,232.0,29.0,231.0,443.0,nan,nan,nan,nan,,nan,0,nan,nan,nan,INITIALIZING,0.0,0.0,0.0,27.40327097498569,0,0,0,0.0,0.0,1.0,0,0,0,0,1,0,0
1371,152.31698317300004,232.0,29.0,231.0,443.0,232.0,29.0,231.0,443.0,nan,nan,nan,nan,,nan,0,nan,nan,nan,INITIALIZING,0.0,0.0,0.0,26.451281989093744,0,0,0,0.0,0.0,1.0,0,0,0,0,1,0,0
1372,152.35023490200012,232.0,29.0,231.0,443.0,232.0,29.0,231.0,443.0,nan,nan,nan,nan,,nan,0,nan,nan,nan,INITIALIZING,0.0,0.0,0.0,30.073624141392482,0,0,0,0.0,0.0,1.0,0,0,0,0,1,0,0
1373,152.38107216100013,232.0,29.0,231.0,443.0,232.0,29.0,231.0,443.0,nan,nan,nan,nan,,nan,0,nan,nan,nan,INITIALIZING,0.0,0.0,0.0,32.42830369585404,0,0,0,0.0,0.0,1.0,0,0,0,0,1,0,0
1374,152.40876816799994,232.0,29.0,231.0,443.0,232.0,29.0,231.0,443.0,nan,nan,nan,nan,,nan,0,nan,nan,nan,INITIALIZING,0.0,0.0,0.0,36.10628781279108,0,0,0,0.0,0.0,1.0,0,0,0,0,1,0,0
1375,152.4468650340001,232.0,29.0,231.0,443.0,232.0,29.0,231.0,443.0,nan,nan,nan,nan,,nan,0,nan,nan,nan,INITIALIZING,0.0,0.0,0.0,26.248878319697003,0,0,0,0.0,0.0,1.0,0,0,0,0,1,0,0
1376,152.49139477300002,232.0,29.0,231.0,443.0,232.0,29.0,231.0,443.0,nan,nan,nan,nan,,nan,0,nan,nan,nan,INITIALIZING,0.0,0.0,0.0,22.45690234118917,0,0,0,0.0,0.0,1.0,0,0,0,0,1,0,0
1377,152.52692826100008,232.0,29.0,231.0,443.0,232.0,29.0,231.0,443.0,nan,nan,nan,nan,,nan,0,nan,nan,nan,INITIALIZING,0.0,0.0,0.0,28.142466621864923,0,0,0,0.0,0.0,1.0,0,0,0,0,1,0,0
1378,152.55838277100008,232.0,29.0,231.0,443.0,232.0,29.0,231.0,443.0,nan,nan,nan,nan,,nan,0,nan,nan,nan,INITIALIZING,0.0,0.0,0.0,31.79194334929706,0,0,0,0.0,0.0,1.0,0,0,0,0,1,0,0
1379,152.5894310760001,232.0,29.0,231.0,443.0,232.0,29.0,231.0,443.0,nan,nan,nan,nan,,nan,0,nan,nan,nan,INITIALIZING,0.0,0.0,0.0,32.20787737042591,0,0,0,0.0,0.0,1.0,0,0,0,0,1,0,0
1380,152.65120523300004,232.0,29.0,231.0,443.0,232.0,29.0,231.0,443.0,nan,nan,nan,nan,,nan,0,nan,nan,nan,INITIALIZING,0.0,0.0,0.0,16.18799913369738,0,0,0,0.0,0.0,1.0,0,0,0,0,1,0,0
1381,152.676620887,232.0,29.0,231.0,443.0,232.0,29.0,231.0,443.0,nan,nan,nan,nan,,nan,0,nan,nan,nan,INITIALIZING,0.0,0.0,0.0,39.3458299361933,0,0,0,0.0,0.0,1.0,0,0,0,0,1,0,0
1382,152.7016705970001,232.0,29.0,231.0,443.0,232.0,29.0,231.0,443.0,nan,nan,nan,nan,,nan,0,nan,nan,nan,INITIALIZING,0.0,0.0,0.0,39.920621835421535,0,0,0,0.0,0.0,1.0,0,0,0,0,1,0,0
1383,152.7279152760001,232.0,29.0,231.0,443.0,232.0,29.0,231.0,443.0,nan,nan,nan,nan,,nan,0,nan,nan,nan,INITIALIZING,0.0,0.0,0.0,38.10296174702505,0,0,0,0.0,0.0,1.0,0,0,0,0,1,0,0
1384,152.75982687700014,232.0,29.0,231.0,443.0,232.0,29.0,231.0,443.0,nan,nan,nan,nan,,nan,0,nan,nan,nan,INITIALIZING,0.0,0.0,0.0,31.33656628504864,0,0,0,0.0,0.0,1.0,0,0,0,0,1,0,0
1385,152.79521109200016,232.0,29.0,231.0,443.0,232.0,29.0,231.0,443.0,nan,nan,nan,nan,,nan,0,nan,nan,nan,INITIALIZING,0.0,0.0,0.0,28.26118934670112,0,0,0,0.0,0.0,1.0,0,0,0,0,1,0,0
1386,152.82953403800013,232.0,29.0,231.0,443.0,232.0,29.0,231.0,443.0,nan,nan,nan,nan,,nan,0,nan,nan,nan,INITIALIZING,0.0,0.0,0.0,29.13502821117789,0,0,0,0.0,0.0,1.0,0,0,0,0,1,0,0
1387,152.86164923600006,232.0,29.0,231.0,443.0,232.0,29.0,231.0,443.0,nan,nan,nan,nan,,nan,0,nan,nan,nan,INITIALIZING,0.0,0.0,0.0,31.137905486437425,0,0,0,0.0,0.0,1.0,0,0,0,0,1,0,0
1388,152.903930499,232.0,29.0,231.0,443.0,232.0,29.0,231.0,443.0,nan,nan,nan,nan,,nan,0,nan,nan,nan,INITIALIZING,0.0,0.0,0.0,23.651138330498465,0,0,0,0.0,0.0,1.0,0,0,0,0,1,0,0
1389,152.93619231500008,232.0,29.0,231.0,443.0,232.0,29.0,231.0,443.0,nan,nan,nan,nan,,nan,0,nan,nan,nan,INITIALIZING,0.0,0.0,0.0,30.996395243148715,0,0,0,0.0,0.0,1.0,0,0,0,0,1,0,0
1390,152.96045216699997,232.0,29.0,231.0,443.0,232.0,29.0,231.0,443.0,nan,nan,nan,nan,,nan,0,nan,nan,nan,INITIALIZING,0.0,0.0,0.0,41.22036688454161,0,0,0,0.0,0.0,1.0,0,0,0,0,1,0,0
1391,152.9891699630001,232.0,29.0,231.0,443.0,232.0,29.0,231.0,443.0,nan,nan,nan,nan,,nan,0,nan,nan,nan,INITIALIZING,0.0,0.0,0.0,34.821613747629556,0,0,0,0.0,0.0,1.0,0,0,0,0,1,0,0
1392,153.02264211199997,232.0,29.0,231.0,443.0,232.0,29.0,231.0,443.0,nan,nan,nan,nan,,nan,0,nan,nan,nan,INITIALIZING,0.0,0.0,0.0,29.875584026711216,0,0,0,0.0,0.0,1.0,0,0,0,0,1,0,0
1393,153.061564149,232.0,29.0,231.0,443.0,232.0,29.0,231.0,443.0,nan,nan,nan,nan,,nan,0,nan,nan,nan,INITIALIZING,0.0,0.0,0.0,25.69238603826102,0,0,0,0.0,0.0,1.0,0,0,0,0,1,0,0
1394,153.22771456099997,232.0,29.0,231.0,443.0,232.0,29.0,231.0,443.0,nan,nan,nan,nan,,nan,0,nan,nan,nan,INITIALIZING,0.0,0.0,0.0,6.018642914951822,0,0,0,0.0,0.0,1.0,0,0,0,0,1,0,0
1395,153.258778387,232.0,29.0,231.0,443.0,232.0,29.0,231.0,443.0,nan,nan,nan,nan,,nan,0,nan,nan,nan,INITIALIZING,0.0,0.0,0.0,32.19178474663235,0,0,0,0.0,0.0,1.0,0,0,0,0,1,0,0
1396,153.288127078,232.0,29.0,231.0,443.0,232.0,29.0,231.0,443.0,nan,nan,nan,nan,,nan,0,nan,nan,nan,INITIALIZING,0.0,0.0,0.0,34.073069902850186,0,0,0,0.0,0.0,1.0,0,0,0,0,1,0,0
1397,153.33229389400014,232.0,29.0,231.0,443.0,232.0,29.0,231.0,443.0,nan,nan,nan,nan,,nan,0,nan,nan,nan,INITIALIZING,0.0,0.0,0.0,22.641432880214158,0,0,0,0.0,0.0,1.0,0,0,0,0,1,0,0
1398,153.35814898299998,232.0,29.0,231.0,443.0,232.0,29.0,231.0,443.0,nan,nan,nan,nan,,nan,0,nan,nan,nan,INITIALIZING,0.0,0.0,0.0,38.677105308221904,0,0,0,0.0,0.0,1.0,0,0,0,0,1,0,0
1399,153.38870477900002,232.0,29.0,231.0,443.0,232.0,29.0,231.0,443.0,nan,nan,nan,nan,,nan,0,nan,nan,nan,INITIALIZING,0.0,0.0,0.0,32.72701519536762,0,0,0,0.0,0.0,1.0,0,0,0,0,1,0,0
1400,153.42530016000012,232.0,29.0,231.0,443.0,232.0,29.0,231.0,443.0,nan,nan,nan,nan,,nan,0,nan,nan,nan,INITIALIZING,0.0,0.0,0.0,27.3258529538834,0,0,0,0.0,0.0,1.0,0,0,0,0,1,0,0
1401,153.460496714,232.0,29.0,231.0,443.0,232.0,29.0,231.0,443.0,nan,nan,nan,nan,,nan,0,nan,nan,nan,INITIALIZING,0.0,0.0,0.0,28.41187236693029,0,0,0,0.0,0.0,1.0,0,0,0,0,1,0,0
1402,153.4900974410001,232.0,29.0,231.0,443.0,232.0,29.0,231.0,443.0,nan,nan,nan,nan,,nan,0,nan,nan,nan,INITIALIZING,0.0,0.0,0.0,33.78295404690897,0,0,0,0.0,0.0,1.0,0,0,0,0,1,0,0
1403,153.53112805600006,232.0,29.0,231.0,443.0,232.0,29.0,231.0,443.0,nan,nan,nan,nan,,nan,0,nan,nan,nan,INITIALIZING,0.0,0.0,0.0,24.37204511804457,0,0,0,0.0,0.0,1.0,0,0,0,0,1,0,0
1404,153.56363185500015,232.0,29.0,231.0,443.0,232.0,29.0,231.0,443.0,nan,nan,nan,nan,,nan,0,nan,nan,nan,INITIALIZING,0.0,0.0,0.0,30.76563450312475,0,0,0,0.0,0.0,1.0,0,0,0,0,1,0,0
1405,153.60007707700004,232.0,29.0,231.0,443.0,232.0,29.0,231.0,443.0,nan,nan,nan,nan,,nan,0,nan,nan,nan,INITIALIZING,0.0,0.0,0.0,27.43843898119722,0,0,0,0.0,0.0,1.0,0,0,0,0,1,0,0
1406,153.63120423700013,232.0,29.0,231.0,443.0,232.0,29.0,231.0,443.0,nan,nan,nan,nan,,nan,0,nan,nan,nan,INITIALIZING,0.0,0.0,0.0,32.12628456938901,0,0,0,0.0,0.0,1.0,0,0,0,0,1,0,0
1407,153.65769267000007,232.0,29.0,231.0,443.0,232.0,29.0,231.0,443.0,nan,nan,nan,nan,,nan,0,nan,nan,nan,INITIALIZING,0.0,0.0,0.0,37.75232759152833,0,0,0,0.0,0.0,1.0,0,0,0,0,1,0,0
1408,153.6909304930001,232.0,29.0,231.0,443.0,232.0,29.0,231.0,443.0,nan,nan,nan,nan,,nan,0,nan,nan,nan,INITIALIZING,0.0,0.0,0.0,30.08620630776333,0,0,0,0.0,0.0,1.0,0,0,0,0,1,0,0
1409,153.72088726799996,232.0,29.0,231.0,443.0,232.0,29.0,231.0,443.0,nan,nan,nan,nan,,nan,0,nan,nan,nan,INITIALIZING,0.0,0.0,0.0,33.38143041115549,0,0,0,0.0,0.0,1.0,0,0,0,0,1,0,0
1410,153.75375971899996,232.0,29.0,231.0,443.0,232.0,29.0,231.0,443.0,nan,nan,nan,nan,,nan,0,nan,nan,nan,INITIALIZING,0.0,0.0,0.0,30.42060964665858,0,0,0,0.0,0.0,1.0,0,0,0,0,1,0,0
1411,153.78847319199997,232.0,29.0,231.0,443.0,232.0,29.0,231.0,443.0,nan,nan,nan,nan,,nan,0,nan,nan,nan,INITIALIZING,0.0,0.0,0.0,28.807258783922066,0,0,0,0.0,0.0,1.0,0,0,0,0,1,0,0
1412,153.81783620700014,232.0,29.0,231.0,443.0,232.0,29.0,231.0,443.0,nan,nan,nan,nan,,nan,0,nan,nan,nan,INITIALIZING,0.0,0.0,0.0,34.056448222164825,0,0,0,0.0,0.0,1.0,0,0,0,0,1,0,0
1413,153.85252494000008,232.0,29.0,231.0,443.0,232.0,29.0,231.0,443.0,nan,nan,nan,nan,,nan,0,nan,nan,nan,INITIALIZING,0.0,0.0,0.0,28.827804117312613,0,0,0,0.0,0.0,1.0,0,0,0,0,1,0,0
1414,153.88697918900004,232.0,29.0,231.0,443.0,232.0,29.0,231.0,443.0,nan,nan,nan,nan,,nan,0,nan,nan,nan,INITIALIZING,0.0,0.0,0.0,29.02399643077537,0,0,0,0.0,0.0,1.0,0,0,0,0,1,0,0
1415,153.92980999200006,232.0,29.0,231.0,443.0,232.0,29.0,231.0,443.0,nan,nan,nan,nan,,nan,0,nan,nan,nan,INITIALIZING,0.0,0.0,0.0,23.3476827413122,0,0,0,0.0,0.0,1.0,0,0,0,0,1,0,0
1416,153.96573676800006,232.0,29.0,231.0,443.0,232.0,29.0,231.0,443.0,nan,nan,nan,nan,,nan,0,nan,nan,nan,INITIALIZING,0.0,0.0,0.0,27.834392933006136,0,0,0,0.0,0.0,1.0,0,0,0,0,1,0,0
1417,153.99819473200012,232.0,29.0,231.0,443.0,232.0,29.0,231.0,443.0,nan,nan,nan,nan,,nan,0,nan,nan,nan,INITIALIZING,0.0,0.0,0.0,30.809079706853247,0,0,0,0.0,0.0,1.0,0,0,0,0,1,0,0
1418,154.02999086300008,232.0,29.0,231.0,443.0,232.0,29.0,231.0,443.0,nan,nan,nan,nan,,nan,0,nan,nan,nan,INITIALIZING,0.0,0.0,0.0,31.450367341898097,0,0,0,0.0,0.0,1.0,0,0,0,0,1,0,0
1419,154.06220918700012,232.0,29.0,231.0,443.0,232.0,29.0,231.0,443.0,nan,nan,nan,nan,,nan,0,nan,nan,nan,INITIALIZING,0.0,0.0,0.0,31.038237743177376,0,0,0,0.0,0.0,1.0,0,0,0,0,1,0,0
1420,154.09237643500012,232.0,29.0,231.0,443.0,232.0,29.0,231.0,443.0,nan,nan,nan,nan,,nan,0,nan,nan,nan,INITIALIZING,0.0,0.0,0.0,33.148532474691386,0,0,0,0.0,0.0,1.0,0,0,0,0,1,0,0
1421,154.12250508700015,232.0,29.0,231.0,443.0,232.0,29.0,231.0,443.0,nan,nan,nan,nan,,nan,0,nan,nan,nan,INITIALIZING,0.0,0.0,0.0,33.19099706150122,0,0,0,0.0,0.0,1.0,0,0,0,0,1,0,0
1422,154.16285391899999,232.0,29.0,231.0,443.0,232.0,29.0,231.0,443.0,nan,nan,nan,nan,,nan,0,nan,nan,nan,INITIALIZING,0.0,0.0,0.0,24.783864871331726,0,0,0,0.0,0.0,1.0,0,0,0,0,1,0,0
1423,154.20049744300002,232.0,29.0,231.0,443.0,232.0,29.0,231.0,443.0,nan,nan,nan,nan,,nan,0,nan,nan,nan,INITIALIZING,0.0,0.0,0.0,26.564994286909815,0,0,0,0.0,0.0,1.0,0,0,0,0,1,0,0
1424,154.245429532,232.0,29.0,231.0,443.0,232.0,29.0,231.0,443.0,nan,nan,nan,nan,,nan,0,nan,nan,nan,INITIALIZING,0.0,0.0,0.0,22.255809205762187,0,0,0,0.0,0.0,1.0,0,0,0,0,1,0,0
1425,154.276947532,232.0,29.0,231.0,443.0,232.0,29.0,231.0,443.0,nan,nan,nan,nan,,nan,0,nan,nan,nan,INITIALIZING,0.0,0.0,0.0,31.72790151658817,0,0,0,0.0,0.0,1.0,0,0,0,0,1,0,0
1426,154.3094163300001,232.0,29.0,231.0,443.0,232.0,29.0,231.0,443.0,nan,nan,nan,nan,,nan,0,nan,nan,nan,INITIALIZING,0.0,0.0,0.0,30.79879951199557,0,0,0,0.0,0.0,1.0,0,0,0,0,1,0,0
1427,154.34600124199994,232.0,29.0,231.0,443.0,232.0,29.0,231.0,443.0,nan,nan,nan,nan,,nan,0,nan,nan,nan,INITIALIZING,0.0,0.0,0.0,27.333672416760773,0,0,0,0.0,0.0,1.0,0,0,0,0,1,0,0
1428,154.48451049100015,232.0,28.999984741210938,231.0,443.0000305175781,232.0,28.999984741210938,231.0,443.0000305175781,nan,nan,nan,nan,0.8159546256065369,nan,0,nan,nan,nan,TRACKING,0.054316940999797225,0.0,2.459014259000014,7.219734474183007,0,0,0,0.0,0.0,1.0000000688884383,0,0,0,0,1,0,0
1429,154.5760206870001,232.0,28.999984741210938,231.0,443.0000305175781,232.0,28.999984741210938,231.0,443.0000305175781,nan,nan,nan,nan,0.8147271871566772,nan,0,nan,nan,nan,TRACKING,0.06119935299989265,0.0,0.0,10.927744051609334,0,0,0,0.0,0.0,1.0,0,0,0,0,1,0,0
1430,154.65461451199997,232.0,28.999984741210938,231.0,443.0000305175781,232.0,28.999984741210938,231.0,443.0000305175781,nan,nan,nan,nan,0.8145979046821594,nan,0,nan,nan,nan,TRACKING,0.04899861899980351,0.0,0.0,12.723645909861801,0,0,0,0.0,0.0,1.0,0,0,0,0,1,0,0
1431,154.72948832400004,232.0,28.999984741210938,231.0,443.0000305175781,232.0,28.999984741210938,231.0,443.0000305175781,nan,nan,nan,nan,0.8153740763664246,nan,0,nan,nan,nan,TRACKING,0.05040260200007651,0.0,0.0,13.355804563536285,0,0,0,0.0,0.0,1.0,0,0,0,0,1,0,0
1432,154.7961389180001,232.0,28.999984741210938,231.0,443.0000305175781,232.0,28.999984741210938,231.0,443.0000305175781,nan,nan,nan,nan,0.8009756207466125,nan,0,nan,nan,nan,TRACKING,0.04288835499983179,0.0,0.0,15.003617222061186,0,0,0,0.0,0.0,1.0,0,0,0,0,1,0,0
1433,154.86795153000014,232.0,28.999984741210938,231.0,443.0000305175781,232.0,28.999984741210938,231.0,443.0000305175781,nan,nan,nan,nan,0.776541531085968,nan,0,nan,nan,nan,TRACKING,0.048568351000085386,0.0,0.0,13.925130588476204,0,0,0,0.0,0.0,1.0,0,0,0,0,1,0,0
1434,154.93897912800014,232.0,28.999984741210938,231.0,443.0000305175781,232.0,28.999984741210938,231.0,443.0000305175781,nan,nan,nan,nan,0.7535082697868347,nan,0,nan,nan,nan,TRACKING,0.044167753000010634,0.0,0.0,14.079034462069123,0,0,0,0.0,0.0,1.0,0,0,0,0,1,0,0
1435,155.01872792100005,232.0,28.999984741210938,231.0,443.0000305175781,232.0,28.999984741210938,231.0,443.0000305175781,nan,nan,nan,nan,0.756737232208252,nan,0,nan,nan,nan,TRACKING,0.055656390999956784,0.0,0.0,12.53937473387409,0,0,0,0.0,0.0,1.0,0,0,0,0,1,0,0
1436,155.08289045100003,232.0,28.999984741210938,231.0,443.0000305175781,232.0,28.999984741210938,231.0,443.0000305175781,nan,nan,nan,nan,0.7441955804824829,nan,0,nan,nan,nan,TRACKING,0.041104104999931224,0.0,0.0,15.585420338013085,0,0,0,0.0,0.0,1.0,0,0,0,0,1,0,0
1437,155.15146185900005,232.0,28.999984741210938,231.0,443.0000305175781,232.0,28.999984741210938,231.0,443.0000305175781,nan,nan,nan,nan,0.7364645600318909,nan,0,nan,nan,nan,TRACKING,0.04454536299999745,0.0,0.0,14.583337708329275,0,0,0,0.0,0.0,1.0,0,0,0,0,1,0,0
1438,155.221795799,232.0,28.999984741210938,231.0,443.0000305175781,232.0,28.999984741210938,231.0,443.0000305175781,nan,nan,nan,nan,0.7337173223495483,nan,0,nan,nan,nan,TRACKING,0.047787242999902446,0.0,0.0,14.217886840985168,0,0,0,0.0,0.0,1.0,0,0,0,0,1,0,0
1439,155.2853125360001,232.0,28.999984741210938,231.0,443.0000305175781,232.0,28.999984741210938,231.0,443.0000305175781,nan,nan,nan,nan,0.7338658571243286,nan,0,nan,nan,nan,TRACKING,0.040186849000065195,0.0,0.0,15.743881805490515,0,0,0,0.0,0.0,1.0,0,0,0,0,1,0,0
1440,155.62517306799998,232.0,28.999984741210938,231.0,443.0000305175781,232.0,28.999984741210938,231.0,443.0000305175781,231.0,21.0,230.0,452.0,0.7318174839019775,0.982848,1,0.9675810896883899,0.004759858191164943,1.0158990046061238,DETECTOR_CONFIRMED,0.051356107999936285,0.2630083540000214,0.0,2.942383436274876,0,0,0,0.0,0.0,1.0,0,0,0,0,1,0,0
1441,155.68362502900015,232.0,28.999984741210938,231.0,443.0000305175781,232.0,28.999984741210938,231.0,443.0000305175781,nan,nan,nan,nan,0.7294892072677612,nan,0,nan,nan,nan,TRACKING,0.03801332199986973,0.0,0.0,17.10806588673787,0,0,0,0.0,0.0,1.0,0,0,0,0,1,0,0
1442,155.75613536000003,232.0,28.999984741210938,231.0,443.0000305175781,232.0,28.999984741210938,231.0,443.0000305175781,nan,nan,nan,nan,0.7286669015884399,nan,0,nan,nan,nan,TRACKING,0.05062573000009252,0.0,0.0,13.791138258653278,0,0,0,0.0,0.0,1.0,0,0,0,0,1,0,0
1443,155.830494058,232.0,28.999984741210938,231.0,443.0000305175781,232.0,28.999984741210938,231.0,443.0000305175781,nan,nan,nan,nan,0.7286816835403442,nan,0,nan,nan,nan,TRACKING,0.047562603999949715,0.0,0.0,13.448325843473159,0,0,0,0.0,0.0,1.0,0,0,0,0,1,0,0
1444,155.89834488100007,232.0,28.999984741210938,231.0,443.0000305175781,232.0,28.999984741210938,231.0,443.0000305175781,nan,nan,nan,nan,0.7265306711196899,nan,0,nan,nan,nan,TRACKING,0.0443534850001015,0.0,0.0,14.738214744999402,0,0,0,0.0,0.0,1.0,0,0,0,0,1,0,0
1445,155.97390823500007,232.0,28.999984741210938,231.0,443.0000305175781,232.0,28.999984741210938,231.0,443.0000305175781,nan,nan,nan,nan,0.7232598066329956,nan,0,nan,nan,nan,TRACKING,0.04800011099996482,0.0,0.0,13.23392818164278,0,0,0,0.0,0.0,1.0,0,0,0,0,1,0,0
1446,156.04775697499997,232.0,28.999984741210938,231.0,443.0000305175781,232.0,28.999984741210938,231.0,443.0000305175781,nan,nan,nan,nan,0.719904363155365,nan,0,nan,nan,nan,TRACKING,0.04472218900014013,0.0,0.0,13.541192442840769,0,0,0,0.0,0.0,1.0,0,0,0,0,1,0,0
1447,156.12705898699994,232.0,28.999984741210938,231.0,443.0000305175781,232.0,28.999984741210938,231.0,443.0000305175781,nan,nan,nan,nan,0.724366307258606,nan,0,nan,nan,nan,TRACKING,0.05012342899999567,0.0,0.0,12.610020537692861,0,0,0,0.0,0.0,1.0,0,0,0,0,1,0,0
1448,156.19235122299995,232.0,28.999984741210938,231.0,443.0000305175781,232.0,28.999984741210938,231.0,443.0000305175781,nan,nan,nan,nan,0.7258559465408325,nan,0,nan,nan,nan,TRACKING,0.04194755699995767,0.0,0.0,15.315756685066304,0,0,0,0.0,0.0,1.0,0,0,0,0,1,0,0
1449,156.26140138900007,232.0,28.999984741210938,231.0,443.0000305175781,232.0,28.999984741210938,231.0,443.0000305175781,nan,nan,nan,nan,0.7260556817054749,nan,0,nan,nan,nan,TRACKING,0.046440030999974624,0.0,0.0,14.482224416349638,0,0,0,0.0,0.0,1.0,0,0,0,0,1,0,0
1450,156.34071111000014,232.0,28.999984741210938,231.0,443.0000305175781,232.0,28.999984741210938,231.0,443.0000305175781,nan,nan,nan,nan,0.7269574403762817,nan,0,nan,nan,nan,TRACKING,0.05077458599998863,0.0,0.0,12.608794828556858,0,0,0,0.0,0.0,1.0,0,0,0,0,1,0,0
1451,156.40982356899997,232.0,28.999984741210938,231.0,443.0000305175781,232.0,28.999984741210938,231.0,443.0000305175781,nan,nan,nan,nan,0.727620542049408,nan,0,nan,nan,nan,TRACKING,0.04185099299979811,0.0,0.0,14.469171180879666,0,0,0,0.0,0.0,1.0,0,0,0,0,1,0,0
1452,156.52863424100008,232.0,28.999984741210938,231.0,443.0000305175781,232.0,28.999984741210938,231.0,443.0000305175781,nan,nan,nan,nan,0.7270379662513733,nan,0,nan,nan,nan,TRACKING,0.09105070700002216,0.0,0.0,8.416752326752976,0,0,0,0.0,0.0,1.0,0,0,0,0,1,0,0
1453,156.59216675899995,232.0,28.999984741210938,231.0,443.0000305175781,232.0,28.999984741210938,231.0,443.0000305175781,nan,nan,nan,nan,0.7424648404121399,nan,0,nan,nan,nan,TRACKING,0.040457113999991634,0.0,0.0,15.739971143627201,0,0,0,0.0,0.0,1.0,0,0,0,0,1,0,0
1454,156.65765858099996,232.0,28.999984741210938,231.0,443.0000305175781,232.0,28.999984741210938,231.0,443.0000305175781,nan,nan,nan,nan,0.7465646862983704,nan,0,nan,nan,nan,TRACKING,0.04406946900007824,0.0,0.0,15.269081993165592,0,0,0,0.0,0.0,1.0,0,0,0,0,1,0,0
1455,157.02609945400002,232.0,28.999984741210938,231.0,443.0000305175781,232.0,28.999984741210938,231.0,443.0000305175781,229.0,19.0,221.0,454.0,0.7462276816368103,0.986267,1,0.9102768918938972,0.011473474844178638,1.0199235259190358,DETECTOR_CONFIRMED,0.049224246999983734,0.2909079539999766,0.0,2.7141396986100754,0,0,0,0.0,0.0,1.0,0,0,0,0,1,0,0
1456,157.11374145399998,232.0,28.999984741210938,231.0,443.0000305175781,232.0,28.999984741210938,231.0,443.0000305175781,nan,nan,nan,nan,0.7480076551437378,nan,0,nan,nan,nan,TRACKING,0.06200827199995729,0.0,0.0,11.410054540065934,0,0,0,0.0,0.0,1.0,0,0,0,0,1,0,0
1457,157.180318972,232.0,28.999984741210938,231.0,443.0000305175781,232.0,28.999984741210938,231.0,443.0000305175781,nan,nan,nan,nan,0.7481845021247864,nan,0,nan,nan,nan,TRACKING,0.03850103700006002,0.0,0.0,15.020085308670334,0,0,0,0.0,0.0,1.0,0,0,0,0,1,0,0
1458,157.25462225000012,232.0,28.999984741210938,231.0,443.0000305175781,232.0,28.999984741210938,231.0,443.0000305175781,nan,nan,nan,nan,0.7482345104217529,nan,0,nan,nan,nan,TRACKING,0.04693446600003881,0.0,0.0,13.458356440188833,0,0,0,0.0,0.0,1.0,0,0,0,0,1,0,0
1459,157.33559267600015,232.0,28.999984741210938,231.0,443.0000305175781,232.0,28.999984741210938,231.0,443.0000305175781,nan,nan,nan,nan,0.7460877299308777,nan,0,nan,nan,nan,TRACKING,0.04037112200012416,0.0,0.0,12.350188203279703,0,0,0,0.0,0.0,1.0,0,0,0,0,1,0,0
1460,157.39662738899995,232.0,28.999984741210938,231.0,443.0000305175781,232.0,28.999984741210938,231.0,443.0000305175781,nan,nan,nan,nan,0.7501295804977417,nan,0,nan,nan,nan,TRACKING,0.03758435500003543,0.0,0.0,16.384118984933917,0,0,0,0.0,0.0,1.0,0,0,0,0,1,0,0
1461,157.465013376,232.0,28.999984741210938,231.0,443.0000305175781,232.0,28.999984741210938,231.0,443.0000305175781,nan,nan,nan,nan,0.7452654242515564,nan,0,nan,nan,nan,TRACKING,0.045094226000173876,0.0,0.0,14.622878807016129,0,0,0,0.0,0.0,1.0,0,0,0,0,1,0,0
1462,157.52550302700013,232.0,28.999984741210938,231.0,443.0000305175781,232.0,28.999984741210938,231.0,443.0000305175781,nan,nan,nan,nan,0.7488358020782471,nan,0,nan,nan,nan,TRACKING,0.037053928999966956,0.0,0.0,16.531753506032416,0,0,0,0.0,0.0,1.0,0,0,0,0,1,0,0
1463,157.59630681700003,232.0,28.999984741210938,231.0,443.0000305175781,232.0,28.999984741210938,231.0,443.0000305175781,nan,nan,nan,nan,0.7486276626586914,nan,0,nan,nan,nan,TRACKING,0.047895263999862436,0.0,0.0,14.123537737194773,0,0,0,0.0,0.0,1.0,0,0,0,0,1,0,0
1464,157.66725889099996,232.0,28.999984741210938,231.0,443.0000305175781,232.0,28.999984741210938,231.0,443.0000305175781,nan,nan,nan,nan,0.7483410239219666,nan,0,nan,nan,nan,TRACKING,0.04786599299995942,0.0,0.0,14.094020704749777,0,0,0,0.0,0.0,1.0,0,0,0,0,1,0,0
1465,157.74179196500006,232.0,28.999984741210938,231.0,443.0000305175781,232.0,28.999984741210938,231.0,443.0000305175781,nan,nan,nan,nan,0.7440024018287659,nan,0,nan,nan,nan,TRACKING,0.05010535500014157,0.0,0.0,13.416862425379723,0,0,0,0.0,0.0,1.0,0,0,0,0,1,0,0
1466,157.817616832,232.0,28.999984741210938,231.0,443.0000305175781,232.0,28.999984741210938,231.0,443.0000305175781,nan,nan,nan,nan,0.7463155388832092,nan,0,nan,nan,nan,TRACKING,0.05259638799998356,0.0,0.0,13.188285579199553,0,0,0,0.0,0.0,1.0,0,0,0,0,1,0,0
1467,157.90419662700003,232.0,28.999984741210938,231.0,443.0000305175781,232.0,28.999984741210938,231.0,443.0000305175781,nan,nan,nan,nan,0.746324896812439,nan,0,nan,nan,nan,TRACKING,0.06159487900004024,0.0,0.0,11.550038897638935,0,0,0,0.0,0.0,1.0,0,0,0,0,1,0,0
1468,157.98174069000004,232.0,28.999984741210938,231.0,443.0000305175781,232.0,28.999984741210938,231.0,443.0000305175781,nan,nan,nan,nan,0.7458101511001587,nan,0,nan,nan,nan,TRACKING,0.04682602599996244,0.0,0.0,12.895893783640634,0,0,0,0.0,0.0,1.0,0,0,0,0,1,0,0
1469,158.06924060500012,232.0,28.999984741210938,231.0,443.0000305175781,232.0,28.999984741210938,231.0,443.0000305175781,nan,nan,nan,nan,0.7435506582260132,nan,0,nan,nan,nan,TRACKING,0.05378369999993993,0.0,0.0,11.428582530612534,0,0,0,0.0,0.0,1.0,0,0,0,0,1,0,0
1470,158.49516893099997,232.0,28.999984741210938,231.0,443.0000305175781,232.0,28.999984741210938,231.0,443.0000305175781,229.0,20.0,224.0,453.0,0.7419566512107849,0.983227,1,0.9244679653099992,0.009540210951546092,1.0084851688107117,DETECTOR_CONFIRMED,0.04990191300021252,0.3411983569999393,0.0,2.3478128571339867,0,0,0,0.0,0.0,1.0,0,0,0,0,1,0,0
1471,158.56226463500013,232.0,28.999984741210938,231.0,443.0000305175781,232.0,28.999984741210938,231.0,443.0000305175781,nan,nan,nan,nan,0.7455293536186218,nan,0,nan,nan,nan,TRACKING,0.041968181000129334,0.0,0.0,14.904083873946908,0,0,0,0.0,0.0,1.0,0,0,0,0,1,0,0
1472,158.63380447800012,232.0,28.999984741210938,231.0,443.0000305175781,232.0,28.999984741210938,231.0,443.0000305175781,nan,nan,nan,nan,0.7455549240112305,nan,0,nan,nan,nan,TRACKING,0.04321809900011431,0.0,0.0,13.978224693619298,0,0,0,0.0,0.0,1.0,0,0,0,0,1,0,0
1473,158.70343230900005,232.0,28.999984741210938,231.0,443.0000305175781,232.0,28.999984741210938,231.0,443.0000305175781,nan,nan,nan,nan,0.7453185319900513,nan,0,nan,nan,nan,TRACKING,0.04545324199989409,0.0,0.0,14.362073119884254,0,0,0,0.0,0.0,1.0,0,0,0,0,1,0,0
1474,158.77253143300015,232.0,28.999984741210938,231.0,443.0000305175781,232.0,28.999984741210938,231.0,443.0000305175781,nan,nan,nan,nan,0.7478163242340088,nan,0,nan,nan,nan,TRACKING,0.046362423999880775,0.0,0.0,14.471963494045093,0,0,0,0.0,0.0,1.0,0,0,0,0,1,0,0
1475,158.83774783299998,232.0,28.999984741210938,231.0,443.0000305175781,232.0,28.999984741210938,231.0,443.0000305175781,nan,nan,nan,nan,0.7483479380607605,nan,0,nan,nan,nan,TRACKING,0.04217855000001691,0.0,0.0,15.333566403583452,0,0,0,0.0,0.0,1.0,0,0,0,0,1,0,0
1476,158.90475728400008,232.0,28.999984741210938,231.0,443.0000305175781,232.0,28.999984741210938,231.0,443.0000305175781,nan,nan,nan,nan,0.7479127645492554,nan,0,nan,nan,nan,TRACKING,0.04151947600007588,0.0,0.0,14.923268062567088,0,0,0,0.0,0.0,1.0,0,0,0,0,1,0,0
1477,159.00916905600013,232.0,28.999984741210938,231.0,443.0000305175781,232.0,28.999984741210938,231.0,443.0000305175781,nan,nan,nan,nan,0.747913658618927,nan,0,nan,nan,nan,TRACKING,0.08176122000008945,0.0,0.0,9.577464119654389,0,0,0,0.0,0.0,1.0,0,0,0,0,1,0,0
1478,159.08013560799998,232.0,28.999984741210938,231.0,443.0000305175781,232.0,28.999984741210938,231.0,443.0000305175781,nan,nan,nan,nan,0.7678613066673279,nan,0,nan,nan,nan,TRACKING,0.043174399000008634,0.0,0.0,14.091145361017125,0,0,0,0.0,0.0,1.0,0,0,0,0,1,0,0
1479,159.15059673400003,232.0,28.999984741210938,231.0,443.0000305175781,232.0,28.999984741210938,231.0,443.0000305175781,nan,nan,nan,nan,0.7666130661964417,nan,0,nan,nan,nan,TRACKING,0.046935559000075955,0.0,0.0,14.19222281516227,0,0,0,0.0,0.0,1.0,0,0,0,0,1,0,0
1480,159.21741331700002,232.0,28.999984741210938,231.0,443.0000305175781,232.0,28.999984741210938,231.0,443.0000305175781,nan,nan,nan,nan,0.7598612308502197,nan,0,nan,nan,nan,TRACKING,0.04138608700009172,0.0,0.0,14.966344507622292,0,0,0,0.0,0.0,1.0,0,0,0,0,1,0,0
1481,159.33934846700015,225.60208129882812,28.999984741210938,231.0,443.0000305175781,225.60208129882812,28.999984741210938,231.0,443.0000305175781,nan,nan,nan,nan,0.7591104507446289,nan,0,nan,nan,nan,TRACKING,0.09875359900001968,0.0,0.0,8.201080656389575,0,0,0,6.397918701171875,0.007997398376464843,1.0,0,0,0,0,1,0,0
1482,159.41133123400016,226.0,28.999984741210938,231.0,443.0000305175781,226.0,28.999984741210938,231.0,443.0000305175781,nan,nan,nan,nan,0.7439718246459961,nan,0,nan,nan,nan,TRACKING,0.045186154000020906,0.0,0.0,13.892213951707086,0,0,0,0.397918701171875,0.0004973983764648437,1.0,0,0,0,0,1,0,0
1483,159.4757838700001,226.0,28.999984741210938,231.0,443.0000305175781,226.0,28.999984741210938,231.0,443.0000305175781,nan,nan,nan,nan,0.7564080357551575,nan,0,nan,nan,nan,TRACKING,0.04118280199986657,0.0,0.0,15.515269228102685,0,0,0,0.0,0.0,1.0,0,0,0,0,1,0,0
1484,159.54411016699999,226.0,28.999984741210938,231.0,443.0000305175781,226.0,28.999984741210938,231.0,443.0000305175781,nan,nan,nan,nan,0.7567317485809326,nan,0,nan,nan,nan,TRACKING,0.04525948800005608,0.0,0.0,14.635653385426155,0,0,0,0.0,0.0,1.0,0,0,0,0,1,0,0
1485,159.87394259199993,226.0,28.999984741210938,231.0,443.0000305175781,226.0,28.999984741210938,231.0,443.0000305175781,226.0,22.0,219.0,450.0,0.7587416172027588,0.987921,1,0.9340592675012975,0.008682777493406128,1.0383866773166976,DETECTOR_CONFIRMED,0.06919511399996736,0.23589625399995384,0.0,3.031842609167831,0,0,0,0.0,0.0,1.0,0,0,0,0,1,0,0
1486,159.9532527780001,226.0,28.999984741210938,231.0,443.0000305175781,226.0,28.999984741210938,231.0,443.0000305175781,nan,nan,nan,nan,0.7764375805854797,nan,0,nan,nan,nan,TRACKING,0.04612778499995329,0.0,0.0,12.608720902483066,0,0,0,0.0,0.0,1.0,0,0,0,0,1,0,0
1487,160.02789043500013,226.0,28.999984741210938,231.0,443.0000305175781,226.0,28.999984741210938,231.0,443.0000305175781,nan,nan,nan,nan,0.7974812388420105,nan,0,nan,nan,nan,TRACKING,0.0496370640000805,0.0,0.0,13.3980625892299,0,0,0,0.0,0.0,1.0,0,0,0,0,1,0,0
1488,160.09456133800006,226.0,28.999984741210938,231.0,443.0000305175781,226.0,28.999984741210938,231.0,443.0000305175781,nan,nan,nan,nan,0.8055999279022217,nan,0,nan,nan,nan,TRACKING,0.0418082300000151,0.0,0.0,14.999046885581167,0,0,0,0.0,0.0,1.0,0,0,0,0,1,0,0
1489,160.16174438500013,226.0,28.999984741210938,231.0,443.0000305175781,226.0,28.999984741210938,231.0,443.0000305175781,nan,nan,nan,nan,0.8095380663871765,nan,0,nan,nan,nan,TRACKING,0.042070890000104555,0.0,0.0,14.884707447087619,0,0,0,0.0,0.0,1.0,0,0,0,0,1,0,0
1490,160.23559848599996,226.0,28.999984741210938,231.0,443.0000305175781,226.0,28.999984741210938,231.0,443.0000305175781,nan,nan,nan,nan,0.806711733341217,nan,0,nan,nan,nan,TRACKING,0.04521860199997718,0.0,0.0,13.540209500382085,0,0,0,0.0,0.0,1.0,0,0,0,0,1,0,0
1491,160.30841283000007,226.0,28.999984741210938,231.0,443.0000305175781,226.0,28.999984741210938,231.0,443.0000305175781,nan,nan,nan,nan,0.8138548731803894,nan,0,nan,nan,nan,TRACKING,0.04919184799996401,0.0,0.0,13.73355777260757,0,0,0,0.0,0.0,1.0,0,0,0,0,1,0,0
1492,160.378697129,226.0,28.999984741210938,231.0,443.0000305175781,226.0,28.999984741210938,231.0,443.0000305175781,nan,nan,nan,nan,0.8061638474464417,nan,0,nan,nan,nan,TRACKING,0.04880095499993331,0.0,0.0,14.227928772557027,0,0,0,0.0,0.0,1.0,0,0,0,0,1,0,0
1493,160.45627395100007,226.0,35.39790344238281,231.0,443.0000305175781,226.0,35.39790344238281,231.0,443.0000305175781,nan,nan,nan,nan,0.7849186658859253,nan,0,nan,nan,nan,TRACKING,0.05121677900001487,0.0,0.0,12.890448128938992,0,0,0,6.397918701171875,0.007997398376464843,1.0,0,0,0,0,1,0,0
1494,160.52050418600004,226.0,34.99998474121094,231.0,443.0000305175781,226.0,34.99998474121094,231.0,443.0000305175781,nan,nan,nan,nan,0.7882251739501953,nan,0,nan,nan,nan,TRACKING,0.04153041199992913,0.0,0.0,15.568991768448235,0,0,0,0.397918701171875,0.0004973983764648437,1.0,0,0,0,0,1,0,0
1495,160.58811109500004,226.0,34.99998474121094,231.0,443.0000305175781,226.0,34.99998474121094,231.0,443.0000305175781,nan,nan,nan,nan,0.7769631147384644,nan,0,nan,nan,nan,TRACKING,0.04404311200005395,0.0,0.0,14.791387667197121,0,0,0,0.0,0.0,1.0,0,0,0,0,1,0,0
1496,160.77918489699994,226.0,34.99998474121094,231.0,443.0000305175781,226.0,34.99998474121094,231.0,443.0000305175781,nan,nan,nan,nan,0.7736254334449768,nan,0,nan,nan,nan,TRACKING,0.16465594600003897,0.0,0.0,5.2335798499501625,0,0,0,0.0,0.0,1.0,0,0,0,0,1,0,0
1497,160.84381612899995,226.0,22.204177856445312,231.0,443.0000305175781,226.0,22.204177856445312,231.0,443.0000305175781,nan,nan,nan,nan,0.5847346782684326,nan,0,nan,nan,nan,TRACKING,0.036974239000073794,0.0,0.0,15.472395760610526,0,0,0,12.795806884765625,0.015994758605957032,1.0,0,0,0,0,1,0,0
1498,161.03810181000006,219.60208129882812,15.602081298828125,231.0,443.0000305175781,222.46072845458983,5.460728454589844,223.85,467.05001068115234,224.0,0.0,220.0,480.0,0.49515071511268616,0.99053,1,0.8822065700914821,0.0038754893946202217,1.0319251143363473,SOFT_REINITIALIZING,0.03848660900007417,0.1318106850001186,0.0,5.147059705338923,1,0,0,9.193532654149086,0.011491915817686358,1.0,0,0,0,0,2,0,0
1499,161.06112549300008,222.46072845458983,5.460728454589844,223.85,467.05001068115234,222.46072845458983,5.460728454589844,223.85,467.05001068115234,nan,nan,nan,nan,,nan,0,nan,nan,nan,INITIALIZING,0.0,0.0,0.0,43.43353754476012,0,0,0,0.0,0.0,1.0,0,0,0,0,2,0,0
1500,161.0954293200001,222.46072845458983,5.460728454589844,223.85,467.05001068115234,222.46072845458983,5.460728454589844,223.85,467.05001068115234,nan,nan,nan,nan,,nan,0,nan,nan,nan,INITIALIZING,0.0,0.0,0.0,29.151266416983344,0,0,0,0.0,0.0,1.0,0,0,0,0,2,0,0
1501,161.11953427200012,222.46072845458983,5.460728454589844,223.85,467.05001068115234,222.46072845458983,5.460728454589844,223.85,467.05001068115234,nan,nan,nan,nan,,nan,0,nan,nan,nan,INITIALIZING,0.0,0.0,0.0,41.48525166112481,0,0,0,0.0,0.0,1.0,0,0,0,0,2,0,0
1502,161.14607395300015,222.46072845458983,5.460728454589844,223.85,467.05001068115234,222.46072845458983,5.460728454589844,223.85,467.05001068115234,nan,nan,nan,nan,,nan,0,nan,nan,nan,INITIALIZING,0.0,0.0,0.0,37.67942802322406,0,0,0,0.0,0.0,1.0,0,0,0,0,2,0,0
1503,161.17631026200013,222.46072845458983,5.460728454589844,223.85,467.05001068115234,222.46072845458983,5.460728454589844,223.85,467.05001068115234,nan,nan,nan,nan,,nan,0,nan,nan,nan,INITIALIZING,0.0,0.0,0.0,33.07281983395678,0,0,0,0.0,0.0,1.0,0,0,0,0,2,0,0
1504,161.2066402700001,222.46072845458983,5.460728454589844,223.85,467.05001068115234,222.46072845458983,5.460728454589844,223.85,467.05001068115234,nan,nan,nan,nan,,nan,0,nan,nan,nan,INITIALIZING,0.0,0.0,0.0,32.970647419584346,0,0,0,0.0,0.0,1.0,0,0,0,0,2,0,0
1505,161.31665994900015,222.46072845458983,5.460728454589844,223.85,467.05001068115234,222.46072845458983,5.460728454589844,223.85,467.05001068115234,nan,nan,nan,nan,,nan,0,nan,nan,nan,INITIALIZING,0.0,0.0,0.0,9.089283018172106,0,0,0,0.0,0.0,1.0,0,0,0,0,2,0,0
1506,161.358567138,222.46072845458983,5.460728454589844,223.85,467.05001068115234,222.46072845458983,5.460728454589844,223.85,467.05001068115234,nan,nan,nan,nan,,nan,0,nan,nan,nan,INITIALIZING,0.0,0.0,0.0,23.86225427821933,0,0,0,0.0,0.0,1.0,0,0,0,0,2,0,0
1507,161.39128911399996,222.46072845458983,5.460728454589844,223.85,467.05001068115234,222.46072845458983,5.460728454589844,223.85,467.05001068115234,nan,nan,nan,nan,,nan,0,nan,nan,nan,INITIALIZING,0.0,0.0,0.0,30.56050160300802,0,0,0,0.0,0.0,1.0,0,0,0,0,2,0,0
1508,161.44053768100014,222.46072845458983,5.460728454589844,223.85,467.05001068115234,222.46072845458983,5.460728454589844,223.85,467.05001068115234,nan,nan,nan,nan,,nan,0,nan,nan,nan,INITIALIZING,0.0,0.0,0.0,20.305159335832172,0,0,0,0.0,0.0,1.0,0,0,0,0,2,0,0
1509,161.49183852399995,222.46072845458983,5.460728454589844,223.85,467.05001068115234,222.46072845458983,5.460728454589844,223.85,467.05001068115234,nan,nan,nan,nan,,nan,0,nan,nan,nan,INITIALIZING,0.0,0.0,0.0,19.49285706676869,0,0,0,0.0,0.0,1.0,0,0,0,0,2,0,0
1510,161.68354702299996,222.46072845458983,5.460728454589844,223.85,467.05001068115234,222.46072845458983,5.460728454589844,223.85,467.05001068115234,nan,nan,nan,nan,,nan,0,nan,nan,nan,INITIALIZING,0.0,0.0,0.0,5.216252827684611,0,0,0,0.0,0.0,1.0,0,0,0,0,2,0,0
1511,161.722091601,222.46072845458983,5.460728454589844,223.85,467.05001068115234,222.46072845458983,5.460728454589844,223.85,467.05001068115234,nan,nan,nan,nan,,nan,0,nan,nan,nan,INITIALIZING,0.0,0.0,0.0,25.943986207327747,0,0,0,0.0,0.0,1.0,0,0,0,0,2,0,0
1512,161.75721466100015,222.46072845458983,5.460728454589844,223.85,467.05001068115234,222.46072845458983,5.460728454589844,223.85,467.05001068115234,nan,nan,nan,nan,,nan,0,nan,nan,nan,INITIALIZING,0.0,0.0,0.0,28.471323398230265,0,0,0,0.0,0.0,1.0,0,0,0,0,2,0,0
1513,161.78879958699997,222.46072845458983,5.460728454589844,223.85,467.05001068115234,222.46072845458983,5.460728454589844,223.85,467.05001068115234,nan,nan,nan,nan,,nan,0,nan,nan,nan,INITIALIZING,0.0,0.0,0.0,31.660672562778863,0,0,0,0.0,0.0,1.0,0,0,0,0,2,0,0
1514,161.89072178100002,222.46072845458983,5.460728454589844,223.85,467.05001068115234,222.46072845458983,5.460728454589844,223.85,467.05001068115234,nan,nan,nan,nan,,nan,0,nan,nan,nan,INITIALIZING,0.0,0.0,0.0,9.811405747402532,0,0,0,0.0,0.0,1.0,0,0,0,0,2,0,0
1515,161.92195513800004,222.46072845458983,5.460728454589844,223.85,467.05001068115234,222.46072845458983,5.460728454589844,223.85,467.05001068115234,nan,nan,nan,nan,,nan,0,nan,nan,nan,INITIALIZING,0.0,0.0,0.0,32.01705151320706,0,0,0,0.0,0.0,1.0,0,0,0,0,2,0,0
1516,161.95809128899998,222.46072845458983,5.460728454589844,223.85,467.05001068115234,222.46072845458983,5.460728454589844,223.85,467.05001068115234,nan,nan,nan,nan,,nan,0,nan,nan,nan,INITIALIZING,0.0,0.0,0.0,27.67311881118011,0,0,0,0.0,0.0,1.0,0,0,0,0,2,0,0
1517,161.998242926,222.46072845458983,5.460728454589844,223.85,467.05001068115234,222.46072845458983,5.460728454589844,223.85,467.05001068115234,nan,nan,nan,nan,,nan,0,nan,nan,nan,INITIALIZING,0.0,0.0,0.0,24.905584795952347,0,0,0,0.0,0.0,1.0,0,0,0,0,2,0,0
1518,162.03242987600004,222.46072845458983,5.460728454589844,223.85,467.05001068115234,222.46072845458983,5.460728454589844,223.85,467.05001068115234,nan,nan,nan,nan,,nan,0,nan,nan,nan,INITIALIZING,0.0,0.0,0.0,29.25092762000069,0,0,0,0.0,0.0,1.0,0,0,0,0,2,0,0
1519,162.38895457800015,229.04180908203125,17.908615112304688,223.84999084472656,467.0500183105469,128.91463317871091,6.9180152893066404,208.99749679565429,470.2675064086914,75.0,1.0,201.0,472.0,0.32712435722351074,0.99186,1,0.1200233822740736,0.20761891510647407,1.102002090425471,SOFT_REINITIALIZING,0.06580119900013415,0.2563566549999905,1.0179626449998977,2.8048547390684777,1,0,0,14.08050209284034,0.017600627616050427,1.0000000245638616,0,0,0,0,3,0,0
1520,162.41363521699998,128.91463317871091,6.9180152893066404,208.99749679565429,470.2675064086914,128.91463317871091,6.9180152893066404,208.99749679565429,470.2675064086914,nan,nan,nan,nan,,nan,0,nan,nan,nan,INITIALIZING,0.0,0.0,0.0,40.51758951650599,0,0,0,0.0,0.0,1.0,0,0,0,0,3,0,0
1521,162.43860033900012,128.91463317871091,6.9180152893066404,208.99749679565429,470.2675064086914,128.91463317871091,6.9180152893066404,208.99749679565429,470.2675064086914,nan,nan,nan,nan,,nan,0,nan,nan,nan,INITIALIZING,0.0,0.0,0.0,40.05588276293644,0,0,0,0.0,0.0,1.0,0,0,0,0,3,0,0
1522,162.46771720100003,128.91463317871091,6.9180152893066404,208.99749679565429,470.2675064086914,128.91463317871091,6.9180152893066404,208.99749679565429,470.2675064086914,nan,nan,nan,nan,,nan,0,nan,nan,nan,INITIALIZING,0.0,0.0,0.0,34.34436032300106,0,0,0,0.0,0.0,1.0,0,0,0,0,3,0,0
1523,162.4974003220001,128.91463317871091,6.9180152893066404,208.99749679565429,470.2675064086914,128.91463317871091,6.9180152893066404,208.99749679565429,470.2675064086914,nan,nan,nan,nan,,nan,0,nan,nan,nan,INITIALIZING,0.0,0.0,0.0,33.68917978665099,0,0,0,0.0,0.0,1.0,0,0,0,0,3,0,0
1524,162.68486030700012,128.91463317871091,6.9180152893066404,208.99749679565429,470.2675064086914,128.91463317871091,6.9180152893066404,208.99749679565429,470.2675064086914,nan,nan,nan,nan,,nan,0,nan,nan,nan,INITIALIZING,0.0,0.0,0.0,5.334471780736716,0,0,0,0.0,0.0,1.0,0,0,0,0,3,0,0
1525,162.72491423400004,128.91463317871091,6.9180152893066404,208.99749679565429,470.2675064086914,128.91463317871091,6.9180152893066404,208.99749679565429,470.2675064086914,nan,nan,nan,nan,,nan,0,nan,nan,nan,INITIALIZING,0.0,0.0,0.0,24.96634100326962,0,0,0,0.0,0.0,1.0,0,0,0,0,3,0,0
1526,162.75305842299997,128.91463317871091,6.9180152893066404,208.99749679565429,470.2675064086914,128.91463317871091,6.9180152893066404,208.99749679565429,470.2675064086914,nan,nan,nan,nan,,nan,0,nan,nan,nan,INITIALIZING,0.0,0.0,0.0,35.531313409046405,0,0,0,0.0,0.0,1.0,0,0,0,0,3,0,0
1527,162.78381171900003,128.91463317871091,6.9180152893066404,208.99749679565429,470.2675064086914,128.91463317871091,6.9180152893066404,208.99749679565429,470.2675064086914,nan,nan,nan,nan,,nan,0,nan,nan,nan,INITIALIZING,0.0,0.0,0.0,32.51683982094606,0,0,0,0.0,0.0,1.0,0,0,0,0,3,0,0
1528,162.809415759,128.91463317871091,6.9180152893066404,208.99749679565429,470.2675064086914,128.91463317871091,6.9180152893066404,208.99749679565429,470.2675064086914,nan,nan,nan,nan,,nan,0,nan,nan,nan,INITIALIZING,0.0,0.0,0.0,39.05633642196643,0,0,0,0.0,0.0,1.0,0,0,0,0,3,0,0
1529,162.849401716,128.91463317871091,6.9180152893066404,208.99749679565429,470.2675064086914,128.91463317871091,6.9180152893066404,208.99749679565429,470.2675064086914,nan,nan,nan,nan,,nan,0,nan,nan,nan,INITIALIZING,0.0,0.0,0.0,25.008779957424203,0,0,0,0.0,0.0,1.0,0,0,0,0,3,0,0
1530,162.88980210700004,128.91463317871091,6.9180152893066404,208.99749679565429,470.2675064086914,128.91463317871091,6.9180152893066404,208.99749679565429,470.2675064086914,nan,nan,nan,nan,,nan,0,nan,nan,nan,INITIALIZING,0.0,0.0,0.0,24.752235689966557,0,0,0,0.0,0.0,1.0,0,0,0,0,3,0,0
1531,162.91581990500015,128.91463317871091,6.9180152893066404,208.99749679565429,470.2675064086914,128.91463317871091,6.9180152893066404,208.99749679565429,470.2675064086914,nan,nan,nan,nan,,nan,0,nan,nan,nan,INITIALIZING,0.0,0.0,0.0,38.43522806948174,0,0,0,0.0,0.0,1.0,0,0,0,0,3,0,0
1532,162.94613626600005,128.91463317871091,6.9180152893066404,208.99749679565429,470.2675064086914,128.91463317871091,6.9180152893066404,208.99749679565429,470.2675064086914,nan,nan,nan,nan,,nan,0,nan,nan,nan,INITIALIZING,0.0,0.0,0.0,32.98548925456935,0,0,0,0.0,0.0,1.0,0,0,0,0,3,0,0
1533,162.98667566999995,128.91463317871091,6.9180152893066404,208.99749679565429,470.2675064086914,128.91463317871091,6.9180152893066404,208.99749679565429,470.2675064086914,nan,nan,nan,nan,,nan,0,nan,nan,nan,INITIALIZING,0.0,0.0,0.0,24.66735820789183,0,0,0,0.0,0.0,1.0,0,0,0,0,3,0,0
1534,163.01528783600008,128.91463317871091,6.9180152893066404,208.99749679565429,470.2675064086914,128.91463317871091,6.9180152893066404,208.99749679565429,470.2675064086914,nan,nan,nan,nan,,nan,0,nan,nan,nan,INITIALIZING,0.0,0.0,0.0,34.95016770123095,0,0,0,0.0,0.0,1.0,0,0,0,0,3,0,0
1535,163.0442991220001,128.91463317871091,6.9180152893066404,208.99749679565429,470.2675064086914,128.91463317871091,6.9180152893066404,208.99749679565429,470.2675064086914,nan,nan,nan,nan,,nan,0,nan,nan,nan,INITIALIZING,0.0,0.0,0.0,34.469344102827165,0,0,0,0.0,0.0,1.0,0,0,0,0,3,0,0
1536,163.07993354500002,128.91463317871091,6.9180152893066404,208.99749679565429,470.2675064086914,128.91463317871091,6.9180152893066404,208.99749679565429,470.2675064086914,nan,nan,nan,nan,,nan,0,nan,nan,nan,INITIALIZING,0.0,0.0,0.0,28.062752692873957,0,0,0,0.0,0.0,1.0,0,0,0,0,3,0,0
1537,163.11618527000007,128.91463317871091,6.9180152893066404,208.99749679565429,470.2675064086914,128.91463317871091,6.9180152893066404,208.99749679565429,470.2675064086914,nan,nan,nan,nan,,nan,0,nan,nan,nan,INITIALIZING,0.0,0.0,0.0,27.584894236024418,0,0,0,0.0,0.0,1.0,0,0,0,0,3,0,0
1538,163.15960758800009,128.91463317871091,6.9180152893066404,208.99749679565429,470.2675064086914,128.91463317871091,6.9180152893066404,208.99749679565429,470.2675064086914,nan,nan,nan,nan,,nan,0,nan,nan,nan,INITIALIZING,0.0,0.0,0.0,23.029631904951042,0,0,0,0.0,0.0,1.0,0,0,0,0,3,0,0
1539,163.19984167400014,128.91463317871091,6.9180152893066404,208.99749679565429,470.2675064086914,128.91463317871091,6.9180152893066404,208.99749679565429,470.2675064086914,nan,nan,nan,nan,,nan,0,nan,nan,nan,INITIALIZING,0.0,0.0,0.0,24.854547460047534,0,0,0,0.0,0.0,1.0,0,0,0,0,3,0,0
1540,163.23771702200008,128.91463317871091,6.9180152893066404,208.99749679565429,470.2675064086914,128.91463317871091,6.9180152893066404,208.99749679565429,470.2675064086914,nan,nan,nan,nan,,nan,0,nan,nan,nan,INITIALIZING,0.0,0.0,0.0,26.402397675699245,0,0,0,0.0,0.0,1.0,0,0,0,0,3,0,0
1541,163.26318652800012,128.91463317871091,6.9180152893066404,208.99749679565429,470.2675064086914,128.91463317871091,6.9180152893066404,208.99749679565429,470.2675064086914,nan,nan,nan,nan,,nan,0,nan,nan,nan,INITIALIZING,0.0,0.0,0.0,39.26263823093361,0,0,0,0.0,0.0,1.0,0,0,0,0,3,0,0
1542,163.295069635,128.91463317871091,6.9180152893066404,208.99749679565429,470.2675064086914,128.91463317871091,6.9180152893066404,208.99749679565429,470.2675064086914,nan,nan,nan,nan,,nan,0,nan,nan,nan,INITIALIZING,0.0,0.0,0.0,31.364571840617828,0,0,0,0.0,0.0,1.0,0,0,0,0,3,0,0
1543,163.32976195799995,128.91463317871091,6.9180152893066404,208.99749679565429,470.2675064086914,128.91463317871091,6.9180152893066404,208.99749679565429,470.2675064086914,nan,nan,nan,nan,,nan,0,nan,nan,nan,INITIALIZING,0.0,0.0,0.0,28.824820984215815,0,0,0,0.0,0.0,1.0,0,0,0,0,3,0,0
1544,163.36185647500008,128.91463317871091,6.9180152893066404,208.99749679565429,470.2675064086914,128.91463317871091,6.9180152893066404,208.99749679565429,470.2675064086914,nan,nan,nan,nan,,nan,0,nan,nan,nan,INITIALIZING,0.0,0.0,0.0,31.157970066845902,0,0,0,0.0,0.0,1.0,0,0,0,0,3,0,0
1545,163.39476892300002,128.91463317871091,6.9180152893066404,208.99749679565429,470.2675064086914,128.91463317871091,6.9180152893066404,208.99749679565429,470.2675064086914,nan,nan,nan,nan,,nan,0,nan,nan,nan,INITIALIZING,0.0,0.0,0.0,30.383640864453962,0,0,0,0.0,0.0,1.0,0,0,0,0,3,0,0
1546,163.4285161250001,128.91463317871091,6.9180152893066404,208.99749679565429,470.2675064086914,128.91463317871091,6.9180152893066404,208.99749679565429,470.2675064086914,nan,nan,nan,nan,,nan,0,nan,nan,nan,INITIALIZING,0.0,0.0,0.0,29.63208623925186,0,0,0,0.0,0.0,1.0,0,0,0,0,3,0,0
1547,163.46767727600002,128.91463317871091,6.9180152893066404,208.99749679565429,470.2675064086914,128.91463317871091,6.9180152893066404,208.99749679565429,470.2675064086914,nan,nan,nan,nan,,nan,0,nan,nan,nan,INITIALIZING,0.0,0.0,0.0,25.535510945583045,0,0,0,0.0,0.0,1.0,0,0,0,0,3,0,0
1548,163.50419718299997,128.91463317871091,6.9180152893066404,208.99749679565429,470.2675064086914,128.91463317871091,6.9180152893066404,208.99749679565429,470.2675064086914,nan,nan,nan,nan,,nan,0,nan,nan,nan,INITIALIZING,0.0,0.0,0.0,27.382326028409622,0,0,0,0.0,0.0,1.0,0,0,0,0,3,0,0
1549,163.54160840700013,128.91463317871091,6.9180152893066404,208.99749679565429,470.2675064086914,128.91463317871091,6.9180152893066404,208.99749679565429,470.2675064086914,nan,nan,nan,nan,,nan,0,nan,nan,nan,INITIALIZING,0.0,0.0,0.0,26.729946071690392,0,0,0,0.0,0.0,1.0,0,0,0,0,3,0,0
1550,163.64039695000008,129.00125122070312,7.366241455078125,208.9974822998047,470.26751708984375,129.00125122070312,7.366241455078125,208.9974822998047,470.26751708984375,nan,nan,nan,nan,0.5673215389251709,nan,0,nan,nan,nan,TRACKING,0.06564327799992498,0.0,1.1536143670000456,10.12263132578496,0,0,0,0.4565226313466412,0.0005706532891833015,1.000000046646038,0,0,0,0,3,0,0
1551,163.72932006100007,129.00125122070312,7.366241455078125,208.9974822998047,470.26751708984375,129.00125122070312,7.366241455078125,208.9974822998047,470.26751708984375,nan,nan,nan,nan,0.5563886165618896,nan,0,nan,nan,nan,TRACKING,0.054698140000027706,0.0,0.0,11.245670430943008,0,0,0,0.0,0.0,1.0,0,0,0,0,3,0,0
1552,163.8071651670001,129.00125122070312,7.366241455078125,208.9974822998047,470.26751708984375,129.00125122070312,7.366241455078125,208.9974822998047,470.26751708984375,nan,nan,nan,nan,0.5525331497192383,nan,0,nan,nan,nan,TRACKING,0.05140334300017457,0.0,0.0,12.846022715923558,0,0,0,0.0,0.0,1.0,0,0,0,0,3,0,0
1553,163.90210781000008,129.00125122070312,7.366241455078125,208.9974822998047,470.26751708984375,129.00125122070312,7.366241455078125,208.9974822998047,470.26751708984375,nan,nan,nan,nan,0.5399685502052307,nan,0,nan,nan,nan,TRACKING,0.06234009599984347,0.0,0.0,10.532674975146222,0,0,0,0.0,0.0,1.0,0,0,0,0,3,0,0
1554,163.99284793100003,129.00125122070312,7.366241455078125,208.9974822998047,470.26751708984375,129.00125122070312,7.366241455078125,208.9974822998047,470.26751708984375,nan,nan,nan,nan,0.533164381980896,nan,0,nan,nan,nan,TRACKING,0.060363186999893514,0.0,0.0,11.020483430923717,0,0,0,0.0,0.0,1.0,0,0,0,0,3,0,0
1555,164.11361117900003,129.00125122070312,1.096160888671875,208.9974822998047,470.26751708984375,129.00125122070312,1.096160888671875,208.9974822998047,470.26751708984375,nan,nan,nan,nan,0.5165495872497559,nan,0,nan,nan,nan,TRACKING,0.06725351400018553,0.0,0.0,8.280664991719796,0,0,0,6.27008056640625,0.007837600708007812,1.0,0,0,0,0,3,0,0
1556,164.22627308800008,135.27133178710938,1.366241455078125,208.9974822998047,470.26751708984375,135.27133178710938,1.366241455078125,208.9974822998047,470.26751708984375,nan,nan,nan,nan,0.5155884623527527,nan,0,nan,nan,nan,TRACKING,0.06596953300004316,0.0,0.0,8.876114463847124,0,0,0,6.275894663040134,0.007844868328800167,1.0,0,0,0,0,3,0,0
1557,164.61683097799994,128.73117065429688,1.366241455078125,208.9974822998047,470.26751708984375,128.73117065429688,1.366241455078125,208.9974822998047,470.26751708984375,nan,nan,nan,nan,0.4962618947029114,nan,0,nan,nan,nan,SUSPECTED_LOST,0.05611248700006399,0.3018401490000997,0.0,2.560439887670359,1,0,0,6.5401611328125,0.008175201416015625,1.0,0,0,0,0,3,0,0
1558,164.92492071499998,129.00125122070312,7.636322021484375,208.9974822998047,470.26751708984375,129.00125122070312,7.636322021484375,208.9974822998047,470.26751708984375,nan,nan,nan,nan,0.4566434621810913,nan,0,nan,nan,nan,SUSPECTED_LOST,0.0656743719998758,0.20862753699998393,0.0,3.245807568071804,1,0,0,6.275894663040134,0.007844868328800167,1.0,0,0,0,0,3,0,0
1559,165.22822828300002,116.46109771728516,7.366241455078125,208.9974822998047,470.26751708984375,116.46109771728516,7.366241455078125,208.9974822998047,470.26751708984375,nan,nan,nan,nan,0.4053872227668762,nan,0,nan,nan,nan,SUSPECTED_LOST,0.06018177700002525,0.21145722000005662,0.0,3.2969833446420282,1,0,0,12.543061564133227,0.015678826955166533,1.0,0,0,0,0,3,0,0
1560,165.58823428300013,116.00125885009766,7.366241455078125,208.9974822998047,470.26751708984375,116.00125885009766,7.366241455078125,208.9974822998047,470.26751708984375,nan,nan,nan,nan,0.3956320285797119,nan,0,nan,nan,nan,SUSPECTED_LOST,0.04375586500009376,0.2860719020000033,0.0,2.777731482252208,1,0,0,0.4598388671875,0.000574798583984375,1.0,0,0,0,0,3,0,0
1561,165.91684895700007,122.2713394165039,7.366241455078125,208.9974822998047,470.26751708984375,122.2713394165039,7.366241455078125,208.9974822998047,470.26751708984375,nan,nan,nan,nan,0.3921002745628357,nan,0,nan,nan,nan,SUSPECTED_LOST,0.08192507100011426,0.21314964400016834,0.0,3.043077741562425,1,0,0,6.27008056640625,0.007837600708007812,1.0,0,0,0,0,3,0,0
1562,166.12823607000007,122.00125885009766,7.366241455078125,208.9974822998047,470.26751708984375,122.00125885009766,7.366241455078125,208.9974822998047,470.26751708984375,nan,nan,nan,nan,0.4004884958267212,nan,0,nan,nan,nan,SUSPECTED_LOST,0.037191532000178995,0.1467057790000581,0.0,4.730657350904815,1,0,0,0.27008056640625,0.0003376007080078125,1.0,0,0,0,0,3,0,0
1563,166.42693928200003,122.00125885009766,7.366241455078125,208.9974822998047,470.26751708984375,122.00125885009766,7.366241455078125,208.9974822998047,470.26751708984375,nan,nan,nan,nan,0.4055008888244629,nan,0,nan,nan,nan,SUSPECTED_LOST,0.0493420560001141,0.2206319080000867,0.0,3.347804642958177,1,0,0,0.0,0.0,1.0,0,0,0,0,3,0,0
1564,166.72937037200006,128.27133178710938,7.366241455078125,208.9974822998047,470.26751708984375,128.27133178710938,7.366241455078125,208.9974822998047,470.26751708984375,nan,nan,nan,nan,0.4000301659107208,nan,0,nan,nan,nan,SUSPECTED_LOST,0.063430894000021,0.2069475030000376,0.0,3.3065383588701467,1,0,0,6.270072937011719,0.007837591171264648,1.0,0,0,0,0,3,0,0
1565,167.02728258100012,128.00125122070312,7.366241455078125,208.9974822998047,470.26751708984375,128.00125122070312,7.366241455078125,208.9974822998047,470.26751708984375,nan,nan,nan,nan,0.4131544828414917,nan,0,nan,nan,nan,SUSPECTED_LOST,0.05127115200002663,0.21800024699996357,0.0,3.3566935821680213,1,0,0,0.27008056640625,0.0003376007080078125,1.0,0,0,0,0,3,0,0
1566,167.3528519350001,121.7311782836914,7.366241455078125,208.9974822998047,470.26751708984375,121.7311782836914,7.366241455078125,208.9974822998047,470.26751708984375,nan,nan,nan,nan,0.39807337522506714,nan,0,nan,nan,nan,SUSPECTED_LOST,0.07006923800008735,0.22392211900000802,0.0,3.071542169783149,1,0,0,6.270072937011719,0.007837591171264648,1.0,0,0,0,0,3,0,0
1567,167.65884662500014,128.27133178710938,7.366241455078125,208.9974822998047,470.26751708984375,128.27133178710938,7.366241455078125,208.9974822998047,470.26751708984375,nan,nan,nan,nan,0.39141491055488586,nan,0,nan,nan,nan,SUSPECTED_LOST,0.057531051000069056,0.21688256900006309,0.0,3.2680305661509634,1,0,0,6.540153503417969,0.00817519187927246,1.0,0,0,0,0,3,0,0
1568,167.96551658700002,121.7311782836914,7.366241455078125,208.9974822998047,470.26751708984375,121.7311782836914,7.366241455078125,208.9974822998047,470.26751708984375,nan,nan,nan,nan,0.37659427523612976,nan,0,nan,nan,nan,SUSPECTED_LOST,0.06106736200013074,0.21771872999988773,0.0,3.2608345254249844,1,0,0,6.540153503417969,0.00817519187927246,1.0,0,0,0,0,3,0,0
1569,168.26335347700012,122.00125885009766,7.366241455078125,208.9974822998047,470.26751708984375,333.0,0.0,207.0,458.0,333.0,0.0,207.0,458.0,0.36443713307380676,0.719761,1,0.0,0.2630418514704457,1.0366931109756525,REINITIALIZING,0.05390729000009742,0.2122919149999234,0.0,3.357542445462913,1,0,0,0.27008056640625,0.0003376007080078125,1.0,0,0,0,0,3,1,0
1570,168.31653820200006,333.0,0.0,207.0,458.0,333.0,0.0,207.0,458.0,nan,nan,nan,nan,,nan,0,nan,nan,nan,INITIALIZING,0.0,0.0,0.0,18.802391100098358,0,0,0,0.0,0.0,1.0,0,0,0,0,3,1,0
1571,168.36095459800015,333.0,0.0,207.0,458.0,333.0,0.0,207.0,458.0,nan,nan,nan,nan,,nan,0,nan,nan,nan,INITIALIZING,0.0,0.0,0.0,22.514208491792587,0,0,0,0.0,0.0,1.0,0,0,0,0,3,1,0
1572,168.38695968500008,333.0,0.0,207.0,458.0,333.0,0.0,207.0,458.0,nan,nan,nan,nan,,nan,0,nan,nan,nan,INITIALIZING,0.0,0.0,0.0,38.45401478574847,0,0,0,0.0,0.0,1.0,0,0,0,0,3,1,0
1573,168.4185914840001,333.0,0.0,207.0,458.0,333.0,0.0,207.0,458.0,nan,nan,nan,nan,,nan,0,nan,nan,nan,INITIALIZING,0.0,0.0,0.0,31.613756776819137,0,0,0,0.0,0.0,1.0,0,0,0,0,3,1,0
1574,168.4504957360001,333.0,0.0,207.0,458.0,333.0,0.0,207.0,458.0,nan,nan,nan,nan,,nan,0,nan,nan,nan,INITIALIZING,0.0,0.0,0.0,31.34378452125684,0,0,0,0.0,0.0,1.0,0,0,0,0,3,1,0
1575,168.48964172800004,333.0,0.0,207.0,458.0,333.0,0.0,207.0,458.0,nan,nan,nan,nan,,nan,0,nan,nan,nan,INITIALIZING,0.0,0.0,0.0,25.545399386015614,0,0,0,0.0,0.0,1.0,0,0,0,0,3,1,0
1576,168.52605866200008,333.0,0.0,207.0,458.0,333.0,0.0,207.0,458.0,nan,nan,nan,nan,,nan,0,nan,nan,nan,INITIALIZING,0.0,0.0,0.0,27.459752652400123,0,0,0,0.0,0.0,1.0,0,0,0,0,3,1,0
1577,168.59367650299998,333.0,0.0,207.0,458.0,333.0,0.0,207.0,458.0,nan,nan,nan,nan,,nan,0,nan,nan,nan,INITIALIZING,0.0,0.0,0.0,14.7889962946534,0,0,0,0.0,0.0,1.0,0,0,0,0,3,1,0
1578,168.629093055,333.0,0.0,207.0,458.0,333.0,0.0,207.0,458.0,nan,nan,nan,nan,,nan,0,nan,nan,nan,INITIALIZING,0.0,0.0,0.0,28.235385533847914,0,0,0,0.0,0.0,1.0,0,0,0,0,3,1,0
1579,168.66718007099996,333.0,0.0,207.0,458.0,333.0,0.0,207.0,458.0,nan,nan,nan,nan,,nan,0,nan,nan,nan,INITIALIZING,0.0,0.0,0.0,26.255666760582358,0,0,0,0.0,0.0,1.0,0,0,0,0,3,1,0
1580,168.696291461,333.0,0.0,207.0,458.0,333.0,0.0,207.0,458.0,nan,nan,nan,nan,,nan,0,nan,nan,nan,INITIALIZING,0.0,0.0,0.0,34.35081595207664,0,0,0,0.0,0.0,1.0,0,0,0,0,3,1,0
1581,168.73399602200004,333.0,0.0,207.0,458.0,333.0,0.0,207.0,458.0,nan,nan,nan,nan,,nan,0,nan,nan,nan,INITIALIZING,0.0,0.0,0.0,26.52199027058133,0,0,0,0.0,0.0,1.0,0,0,0,0,3,1,0
1582,168.77524965500004,333.0,0.0,207.0,458.0,333.0,0.0,207.0,458.0,nan,nan,nan,nan,,nan,0,nan,nan,nan,INITIALIZING,0.0,0.0,0.0,24.240289334034696,0,0,0,0.0,0.0,1.0,0,0,0,0,3,1,0
1583,168.81041443200013,333.0,0.0,207.0,458.0,333.0,0.0,207.0,458.0,nan,nan,nan,nan,,nan,0,nan,nan,nan,INITIALIZING,0.0,0.0,0.0,28.43754703740663,0,0,0,0.0,0.0,1.0,0,0,0,0,3,1,0
1584,168.84164820400008,333.0,0.0,207.0,458.0,333.0,0.0,207.0,458.0,nan,nan,nan,nan,,nan,0,nan,nan,nan,INITIALIZING,0.0,0.0,0.0,32.01662610592104,0,0,0,0.0,0.0,1.0,0,0,0,0,3,1,0
1585,168.86854757699996,333.0,0.0,207.0,458.0,333.0,0.0,207.0,458.0,nan,nan,nan,nan,,nan,0,nan,nan,nan,INITIALIZING,0.0,0.0,0.0,37.1755876988108,0,0,0,0.0,0.0,1.0,0,0,0,0,3,1,0
1586,168.89704395699994,333.0,0.0,207.0,458.0,333.0,0.0,207.0,458.0,nan,nan,nan,nan,,nan,0,nan,nan,nan,INITIALIZING,0.0,0.0,0.0,35.092176620354884,0,0,0,0.0,0.0,1.0,0,0,0,0,3,1,0
1587,168.92805949499996,333.0,0.0,207.0,458.0,333.0,0.0,207.0,458.0,nan,nan,nan,nan,,nan,0,nan,nan,nan,INITIALIZING,0.0,0.0,0.0,32.24190404175372,0,0,0,0.0,0.0,1.0,0,0,0,0,3,1,0
1588,168.97195952799996,333.0,0.0,207.0,458.0,333.0,0.0,207.0,458.0,nan,nan,nan,nan,,nan,0,nan,nan,nan,INITIALIZING,0.0,0.0,0.0,22.779026156996338,0,0,0,0.0,0.0,1.0,0,0,0,0,3,1,0
1589,169.40544772700002,382.2649230957031,11.816253662109375,207.00001525878906,457.9999694824219,377.54272308349607,4.135688781738281,244.70000534057618,472.2999893188477,375.0,0.0,265.0,480.0,0.38042017817497253,0.976489,1,0.745330193957439,0.02718798797021452,1.3416872254837209,SOFT_REINITIALIZING,0.07207036400018296,0.25711326300006476,0.76303611000003,2.3068678739276267,1,0,0,50.662184016806584,0.06332773002100824,1.0000000070816852,0,0,0,0,4,1,0
1590,169.43499329100007,377.54272308349607,4.135688781738281,244.70000534057618,472.2999893188477,377.54272308349607,4.135688781738281,244.70000534057618,472.2999893188477,nan,nan,nan,nan,,nan,0,nan,nan,nan,INITIALIZING,0.0,0.0,0.0,33.846028459584,0,0,0,0.0,0.0,1.0,0,0,0,0,4,1,0
1591,169.4638655110001,377.54272308349607,4.135688781738281,244.70000534057618,472.2999893188477,377.54272308349607,4.135688781738281,244.70000534057618,472.2999893188477,nan,nan,nan,nan,,nan,0,nan,nan,nan,INITIALIZING,0.0,0.0,0.0,34.63536922337938,0,0,0,0.0,0.0,1.0,0,0,0,0,4,1,0
1592,169.50555586999997,377.54272308349607,4.135688781738281,244.70000534057618,472.2999893188477,377.54272308349607,4.135688781738281,244.70000534057618,472.2999893188477,nan,nan,nan,nan,,nan,0,nan,nan,nan,INITIALIZING,0.0,0.0,0.0,23.986360971451436,0,0,0,0.0,0.0,1.0,0,0,0,0,4,1,0
1593,169.540008499,377.54272308349607,4.135688781738281,244.70000534057618,472.2999893188477,377.54272308349607,4.135688781738281,244.70000534057618,472.2999893188477,nan,nan,nan,nan,,nan,0,nan,nan,nan,INITIALIZING,0.0,0.0,0.0,29.025361170514717,0,0,0,0.0,0.0,1.0,0,0,0,0,4,1,0
1594,169.56640083100012,377.54272308349607,4.135688781738281,244.70000534057618,472.2999893188477,377.54272308349607,4.135688781738281,244.70000534057618,472.2999893188477,nan,nan,nan,nan,,nan,0,nan,nan,nan,INITIALIZING,0.0,0.0,0.0,37.88979314126842,0,0,0,0.0,0.0,1.0,0,0,0,0,4,1,0
1595,169.60235239300016,377.54272308349607,4.135688781738281,244.70000534057618,472.2999893188477,377.54272308349607,4.135688781738281,244.70000534057618,472.2999893188477,nan,nan,nan,nan,,nan,0,nan,nan,nan,INITIALIZING,0.0,0.0,0.0,27.81520313356573,0,0,0,0.0,0.0,1.0,0,0,0,0,4,1,0
1596,169.635703284,377.54272308349607,4.135688781738281,244.70000534057618,472.2999893188477,377.54272308349607,4.135688781738281,244.70000534057618,472.2999893188477,nan,nan,nan,nan,,nan,0,nan,nan,nan,INITIALIZING,0.0,0.0,0.0,29.98420641910826,0,0,0,0.0,0.0,1.0,0,0,0,0,4,1,0
1597,169.67259699700014,377.54272308349607,4.135688781738281,244.70000534057618,472.2999893188477,377.54272308349607,4.135688781738281,244.70000534057618,472.2999893188477,nan,nan,nan,nan,,nan,0,nan,nan,nan,INITIALIZING,0.0,0.0,0.0,27.10488911744457,0,0,0,0.0,0.0,1.0,0,0,0,0,4,1,0
1598,169.71179272899997,377.54272308349607,4.135688781738281,244.70000534057618,472.2999893188477,377.54272308349607,4.135688781738281,244.70000534057618,472.2999893188477,nan,nan,nan,nan,,nan,0,nan,nan,nan,INITIALIZING,0.0,0.0,0.0,25.51298187273175,0,0,0,0.0,0.0,1.0,0,0,0,0,4,1,0
1599,169.76184036799998,377.54272308349607,4.135688781738281,244.70000534057618,472.2999893188477,377.54272308349607,4.135688781738281,244.70000534057618,472.2999893188477,nan,nan,nan,nan,,nan,0,nan,nan,nan,INITIALIZING,0.0,0.0,0.0,19.980962538507335,0,0,0,0.0,0.0,1.0,0,0,0,0,4,1,0
1600,169.81288557599999,377.54272308349607,4.135688781738281,244.70000534057618,472.2999893188477,377.54272308349607,4.135688781738281,244.70000534057618,472.2999893188477,nan,nan,nan,nan,,nan,0,nan,nan,nan,INITIALIZING,0.0,0.0,0.0,19.590477523373046,0,0,0,0.0,0.0,1.0,0,0,0,0,4,1,0
1601,169.84302943299997,377.54272308349607,4.135688781738281,244.70000534057618,472.2999893188477,377.54272308349607,4.135688781738281,244.70000534057618,472.2999893188477,nan,nan,nan,nan,,nan,0,nan,nan,nan,INITIALIZING,0.0,0.0,0.0,33.17425503977517,0,0,0,0.0,0.0,1.0,0,0,0,0,4,1,0
1602,169.87633573999994,377.54272308349607,4.135688781738281,244.70000534057618,472.2999893188477,377.54272308349607,4.135688781738281,244.70000534057618,472.2999893188477,nan,nan,nan,nan,,nan,0,nan,nan,nan,INITIALIZING,0.0,0.0,0.0,30.02434343743791,0,0,0,0.0,0.0,1.0,0,0,0,0,4,1,0
1603,169.90334370800008,377.54272308349607,4.135688781738281,244.70000534057618,472.2999893188477,377.54272308349607,4.135688781738281,244.70000534057618,472.2999893188477,nan,nan,nan,nan,,nan,0,nan,nan,nan,INITIALIZING,0.0,0.0,0.0,37.02611022032536,0,0,0,0.0,0.0,1.0,0,0,0,0,4,1,0
1604,169.932499527,377.54272308349607,4.135688781738281,244.70000534057618,472.2999893188477,377.54272308349607,4.135688781738281,244.70000534057618,472.2999893188477,nan,nan,nan,nan,,nan,0,nan,nan,nan,INITIALIZING,0.0,0.0,0.0,34.29847057297795,0,0,0,0.0,0.0,1.0,0,0,0,0,4,1,0
1605,169.97223662199997,377.54272308349607,4.135688781738281,244.70000534057618,472.2999893188477,377.54272308349607,4.135688781738281,244.70000534057618,472.2999893188477,nan,nan,nan,nan,,nan,0,nan,nan,nan,INITIALIZING,0.0,0.0,0.0,25.16540275530723,0,0,0,0.0,0.0,1.0,0,0,0,0,4,1,0
1606,170.00042034,377.54272308349607,4.135688781738281,244.70000534057618,472.2999893188477,377.54272308349607,4.135688781738281,244.70000534057618,472.2999893188477,nan,nan,nan,nan,,nan,0,nan,nan,nan,INITIALIZING,0.0,0.0,0.0,35.48147905818179,0,0,0,0.0,0.0,1.0,0,0,0,0,4,1,0
1607,170.03493640800014,377.54272308349607,4.135688781738281,244.70000534057618,472.2999893188477,377.54272308349607,4.135688781738281,244.70000534057618,472.2999893188477,nan,nan,nan,nan,,nan,0,nan,nan,nan,INITIALIZING,0.0,0.0,0.0,28.972013845732217,0,0,0,0.0,0.0,1.0,0,0,0,0,4,1,0
1608,170.069381745,377.54272308349607,4.135688781738281,244.70000534057618,472.2999893188477,377.54272308349607,4.135688781738281,244.70000534057618,472.2999893188477,nan,nan,nan,nan,,nan,0,nan,nan,nan,INITIALIZING,0.0,0.0,0.0,29.031505774041367,0,0,0,0.0,0.0,1.0,0,0,0,0,4,1,0
1609,170.09913491700001,377.54272308349607,4.135688781738281,244.70000534057618,472.2999893188477,377.54272308349607,4.135688781738281,244.70000534057618,472.2999893188477,nan,nan,nan,nan,,nan,0,nan,nan,nan,INITIALIZING,0.0,0.0,0.0,33.60986183251526,0,0,0,0.0,0.0,1.0,0,0,0,0,4,1,0
1610,170.1446147160001,377.54272308349607,4.135688781738281,244.70000534057618,472.2999893188477,377.54272308349607,4.135688781738281,244.70000534057618,472.2999893188477,nan,nan,nan,nan,,nan,0,nan,nan,nan,INITIALIZING,0.0,0.0,0.0,21.987784070864212,0,0,0,0.0,0.0,1.0,0,0,0,0,4,1,0
1611,170.19504444400002,377.54272308349607,4.135688781738281,244.70000534057618,472.2999893188477,377.54272308349607,4.135688781738281,244.70000534057618,472.2999893188477,nan,nan,nan,nan,,nan,0,nan,nan,nan,INITIALIZING,0.0,0.0,0.0,19.829573540461283,0,0,0,0.0,0.0,1.0,0,0,0,0,4,1,0
1612,170.5653816990001,356.7524719238281,31.54669189453125,244.7000274658203,472.29998779296875,356.7524719238281,31.54669189453125,244.7000274658203,472.29998779296875,nan,nan,nan,nan,0.21736593544483185,nan,0,nan,nan,nan,SUSPECTED_LOST,0.05768209399980151,0.2678208940001241,0.8330598150000696,2.7002414326361617,1,1,0,34.40344652962094,0.04300430816202618,1.0000000871870913,0,0,1,0,4,1,0
1613,170.79812490100005,289.1582946777344,31.350006103515625,244.7000274658203,472.29998779296875,289.1582946777344,31.350006103515625,244.7000274658203,472.29998779296875,nan,nan,nan,nan,0.2326982170343399,nan,0,nan,nan,nan,SUSPECTED_LOST,0.05247523299999557,0.15489028999991206,0.0,4.29658091582098,1,1,0,67.59446340401502,0.08449307925501877,1.0,0,0,2,0,4,1,0
1614,170.99648136100006,289.1499938964844,31.350006103515625,244.7000274658203,472.29998779296875,289.1499938964844,31.350006103515625,244.7000274658203,472.29998779296875,nan,nan,nan,nan,0.23309269547462463,nan,0,nan,nan,nan,SUSPECTED_LOST,0.03797180399988065,0.13687487299989698,0.0,5.041428950687723,1,1,0,0.00830078125,1.03759765625e-05,1.0,0,0,3,0,4,1,0
1615,171.20880873900012,309.5475158691406,31.350006103515625,244.7000274658203,472.29998779296875,78.0,3.0,548.0,476.0,78.0,3.0,548.0,476.0,0.24783867597579956,0.783134,1,0.41044673880189625,0.10522197694420964,2.2570207861548894,REINITIALIZING,0.041503896999984136,0.13818822700000055,0.0,4.709708231784142,1,1,0,20.39752197265625,0.02549690246582031,1.0,0,0,0,0,4,2,0
1616,171.23969265900007,78.0,3.0,548.0,476.0,78.0,3.0,548.0,476.0,nan,nan,nan,nan,,nan,0,nan,nan,nan,INITIALIZING,0.0,0.0,0.0,32.37930936233429,0,0,0,0.0,0.0,1.0,0,0,0,0,4,2,0
1617,171.279394754,78.0,3.0,548.0,476.0,78.0,3.0,548.0,476.0,nan,nan,nan,nan,,nan,0,nan,nan,nan,INITIALIZING,0.0,0.0,0.0,25.187587707941955,0,0,0,0.0,0.0,1.0,0,0,0,0,4,2,0
1618,171.30710065000005,78.0,3.0,548.0,476.0,78.0,3.0,548.0,476.0,nan,nan,nan,nan,,nan,0,nan,nan,nan,INITIALIZING,0.0,0.0,0.0,36.093400480476895,0,0,0,0.0,0.0,1.0,0,0,0,0,4,2,0
1619,171.33388788500008,78.0,3.0,548.0,476.0,78.0,3.0,548.0,476.0,nan,nan,nan,nan,,nan,0,nan,nan,nan,INITIALIZING,0.0,0.0,0.0,37.331213915841694,0,0,0,0.0,0.0,1.0,0,0,0,0,4,2,0
1620,171.36798482999995,78.0,3.0,548.0,476.0,78.0,3.0,548.0,476.0,nan,nan,nan,nan,,nan,0,nan,nan,nan,INITIALIZING,0.0,0.0,0.0,29.328140688372546,0,0,0,0.0,0.0,1.0,0,0,0,0,4,2,0
1621,171.40114295700016,78.0,3.0,548.0,476.0,78.0,3.0,548.0,476.0,nan,nan,nan,nan,,nan,0,nan,nan,nan,INITIALIZING,0.0,0.0,0.0,30.158518905298326,0,0,0,0.0,0.0,1.0,0,0,0,0,4,2,0
1622,171.43580803700013,78.0,3.0,548.0,476.0,78.0,3.0,548.0,476.0,nan,nan,nan,nan,,nan,0,nan,nan,nan,INITIALIZING,0.0,0.0,0.0,28.84747417288306,0,0,0,0.0,0.0,1.0,0,0,0,0,4,2,0
1623,171.46864917899995,78.0,3.0,548.0,476.0,78.0,3.0,548.0,476.0,nan,nan,nan,nan,,nan,0,nan,nan,nan,INITIALIZING,0.0,0.0,0.0,30.44961103987609,0,0,0,0.0,0.0,1.0,0,0,0,0,4,2,0
1624,171.51649032000012,78.0,3.0,548.0,476.0,78.0,3.0,548.0,476.0,nan,nan,nan,nan,,nan,0,nan,nan,nan,INITIALIZING,0.0,0.0,0.0,20.90251150148362,0,0,0,0.0,0.0,1.0,0,0,0,0,4,2,0
1625,171.55237901500016,78.0,3.0,548.0,476.0,78.0,3.0,548.0,476.0,nan,nan,nan,nan,,nan,0,nan,nan,nan,INITIALIZING,0.0,0.0,0.0,27.863927623974483,0,0,0,0.0,0.0,1.0,0,0,0,0,4,2,0
1626,171.590650772,78.0,3.0,548.0,476.0,78.0,3.0,548.0,476.0,nan,nan,nan,nan,,nan,0,nan,nan,nan,INITIALIZING,0.0,0.0,0.0,26.128928442035754,0,0,0,0.0,0.0,1.0,0,0,0,0,4,2,0
1627,171.63058833900016,78.0,3.0,548.0,476.0,78.0,3.0,548.0,476.0,nan,nan,nan,nan,,nan,0,nan,nan,nan,INITIALIZING,0.0,0.0,0.0,25.03908162448149,0,0,0,0.0,0.0,1.0,0,0,0,0,4,2,0
1628,171.66018385200016,78.0,3.0,548.0,476.0,78.0,3.0,548.0,476.0,nan,nan,nan,nan,,nan,0,nan,nan,nan,INITIALIZING,0.0,0.0,0.0,33.78890577094811,0,0,0,0.0,0.0,1.0,0,0,0,0,4,2,0
1629,171.699614796,78.0,3.0,548.0,476.0,78.0,3.0,548.0,476.0,nan,nan,nan,nan,,nan,0,nan,nan,nan,INITIALIZING,0.0,0.0,0.0,25.360792782547914,0,0,0,0.0,0.0,1.0,0,0,0,0,4,2,0
1630,171.74201433199994,78.0,3.0,548.0,476.0,78.0,3.0,548.0,476.0,nan,nan,nan,nan,,nan,0,nan,nan,nan,INITIALIZING,0.0,0.0,0.0,23.585163762198366,0,0,0,0.0,0.0,1.0,0,0,0,0,4,2,0
1631,171.77248746500015,78.0,3.0,548.0,476.0,78.0,3.0,548.0,476.0,nan,nan,nan,nan,,nan,0,nan,nan,nan,INITIALIZING,0.0,0.0,0.0,32.81579219284649,0,0,0,0.0,0.0,1.0,0,0,0,0,4,2,0
1632,171.80832319000012,78.0,3.0,548.0,476.0,78.0,3.0,548.0,476.0,nan,nan,nan,nan,,nan,0,nan,nan,nan,INITIALIZING,0.0,0.0,0.0,27.905114240073,0,0,0,0.0,0.0,1.0,0,0,0,0,4,2,0
1633,172.0128982970001,88.71466064453125,-7.71466064453125,548.0,476.0,384.0,0.0,256.0,480.0,384.0,0.0,256.0,480.0,0.46059972047805786,0.976125,1,0.4459271592133489,0.18700136688135074,2.122786458333333,SOFT_REINITIALIZING,0.04326304100004563,0.12849779999987732,0.6157736909999585,4.888180261345708,1,0,0,15.152818399721342,0.01894102299965168,1.0,0,0,0,0,5,2,0
1634,172.03769180000006,384.0,0.0,256.0,480.0,384.0,0.0,256.0,480.0,nan,nan,nan,nan,,nan,0,nan,nan,nan,INITIALIZING,0.0,0.0,0.0,40.33314695393396,0,0,0,0.0,0.0,1.0,0,0,0,0,5,2,0
1635,172.06764132900014,384.0,0.0,256.0,480.0,384.0,0.0,256.0,480.0,nan,nan,nan,nan,,nan,0,nan,nan,nan,INITIALIZING,0.0,0.0,0.0,33.38950672637971,0,0,0,0.0,0.0,1.0,0,0,0,0,5,2,0
1636,172.0977235690001,384.0,0.0,256.0,480.0,384.0,0.0,256.0,480.0,nan,nan,nan,nan,,nan,0,nan,nan,nan,INITIALIZING,0.0,0.0,0.0,33.24220536773392,0,0,0,0.0,0.0,1.0,0,0,0,0,5,2,0
1637,172.12611963300003,384.0,0.0,256.0,480.0,384.0,0.0,256.0,480.0,nan,nan,nan,nan,,nan,0,nan,nan,nan,INITIALIZING,0.0,0.0,0.0,35.21614826626286,0,0,0,0.0,0.0,1.0,0,0,0,0,5,2,0
1638,172.162159007,384.0,0.0,256.0,480.0,384.0,0.0,256.0,480.0,nan,nan,nan,nan,,nan,0,nan,nan,nan,INITIALIZING,0.0,0.0,0.0,27.74742979721167,0,0,0,0.0,0.0,1.0,0,0,0,0,5,2,0
1639,172.19945902799998,384.0,0.0,256.0,480.0,384.0,0.0,256.0,480.0,nan,nan,nan,nan,,nan,0,nan,nan,nan,INITIALIZING,0.0,0.0,0.0,26.809636380659157,0,0,0,0.0,0.0,1.0,0,0,0,0,5,2,0
1640,172.23581559499996,384.0,0.0,256.0,480.0,384.0,0.0,256.0,480.0,nan,nan,nan,nan,,nan,0,nan,nan,nan,INITIALIZING,0.0,0.0,0.0,27.505347245806526,0,0,0,0.0,0.0,1.0,0,0,0,0,5,2,0
1641,172.26355904500008,384.0,0.0,256.0,480.0,384.0,0.0,256.0,480.0,nan,nan,nan,nan,,nan,0,nan,nan,nan,INITIALIZING,0.0,0.0,0.0,36.04454384713531,0,0,0,0.0,0.0,1.0,0,0,0,0,5,2,0
1642,172.3161707370001,384.0,0.0,256.0,480.0,384.0,0.0,256.0,480.0,nan,nan,nan,nan,,nan,0,nan,nan,nan,INITIALIZING,0.0,0.0,0.0,19.007181901685918,0,0,0,0.0,0.0,1.0,0,0,0,0,5,2,0
1643,172.35438733600006,384.0,0.0,256.0,480.0,384.0,0.0,256.0,480.0,nan,nan,nan,nan,,nan,0,nan,nan,nan,INITIALIZING,0.0,0.0,0.0,26.166640312531555,0,0,0,0.0,0.0,1.0,0,0,0,0,5,2,0
1644,172.42719062799995,384.0,0.0,256.0,480.0,384.0,0.0,256.0,480.0,nan,nan,nan,nan,,nan,0,nan,nan,nan,INITIALIZING,0.0,0.0,0.0,13.735642613544414,0,0,0,0.0,0.0,1.0,0,0,0,0,5,2,0
1645,172.47224146099995,384.0,0.0,256.0,480.0,384.0,0.0,256.0,480.0,nan,nan,nan,nan,,nan,0,nan,nan,nan,INITIALIZING,0.0,0.0,0.0,22.197147830760283,0,0,0,0.0,0.0,1.0,0,0,0,0,5,2,0
1646,172.52131053999994,384.0,0.0,256.0,480.0,384.0,0.0,256.0,480.0,nan,nan,nan,nan,,nan,0,nan,nan,nan,INITIALIZING,0.0,0.0,0.0,20.379432839979927,0,0,0,0.0,0.0,1.0,0,0,0,0,5,2,0
1647,172.5738638460001,384.0,0.0,256.0,480.0,384.0,0.0,256.0,480.0,nan,nan,nan,nan,,nan,0,nan,nan,nan,INITIALIZING,0.0,0.0,0.0,19.028298619251256,0,0,0,0.0,0.0,1.0,0,0,0,0,5,2,0
1648,172.97513725300007,370.4783020019531,0.5,256.0,480.0,370.4783020019531,0.5,256.0,480.0,nan,nan,nan,nan,0.3718508183956146,nan,0,nan,nan,nan,SUSPECTED_LOST,0.05125172099997144,0.3172248169998966,0.5639600790000259,2.492066462804732,1,0,0,13.530939241249474,0.01691367405156184,1.0,0,0,0,0,5,2,0
1649,173.27363533699997,377.5108642578125,7.5108489990234375,256.0,480.0,271.87880249023436,3.9287971496582026,272.9,478.7,215.0,2.0,282.0,478.0,0.31915491819381714,0.982032,1,0.28057693443286047,0.1870657040562809,1.09697265625,SOFT_REINITIALIZING,0.05997593400002188,0.2064608649998263,0.0,3.3501052556180784,1,0,0,9.93020319880947,0.012412753998511838,1.0,0,0,0,0,6,2,0
1650,173.30283870699998,271.87880249023436,3.9287971496582026,272.9,478.7,271.87880249023436,3.9287971496582026,272.9,478.7,nan,nan,nan,nan,,nan,0,nan,nan,nan,INITIALIZING,0.0,0.0,0.0,34.242623368461864,0,0,0,0.0,0.0,1.0,0,0,0,0,6,2,0
1651,173.337306387,271.87880249023436,3.9287971496582026,272.9,478.7,271.87880249023436,3.9287971496582026,272.9,478.7,nan,nan,nan,nan,,nan,0,nan,nan,nan,INITIALIZING,0.0,0.0,0.0,29.012686667597144,0,0,0,0.0,0.0,1.0,0,0,0,0,6,2,0
1652,173.3734119070001,271.87880249023436,3.9287971496582026,272.9,478.7,271.87880249023436,3.9287971496582026,272.9,478.7,nan,nan,nan,nan,,nan,0,nan,nan,nan,INITIALIZING,0.0,0.0,0.0,27.696595977497456,0,0,0,0.0,0.0,1.0,0,0,0,0,6,2,0
1653,173.5419354490001,271.87880249023436,3.9287971496582026,272.9,478.7,271.87880249023436,3.9287971496582026,272.9,478.7,nan,nan,nan,nan,,nan,0,nan,nan,nan,INITIALIZING,0.0,0.0,0.0,5.9338890467895835,0,0,0,0.0,0.0,1.0,0,0,0,0,6,2,0
1654,173.5989577900001,271.87880249023436,3.9287971496582026,272.9,478.7,271.87880249023436,3.9287971496582026,272.9,478.7,nan,nan,nan,nan,,nan,0,nan,nan,nan,INITIALIZING,0.0,0.0,0.0,17.53698607358351,0,0,0,0.0,0.0,1.0,0,0,0,0,6,2,0
1655,173.63193867400003,271.87880249023436,3.9287971496582026,272.9,478.7,271.87880249023436,3.9287971496582026,272.9,478.7,nan,nan,nan,nan,,nan,0,nan,nan,nan,INITIALIZING,0.0,0.0,0.0,30.320594196391028,0,0,0,0.0,0.0,1.0,0,0,0,0,6,2,0
1656,173.65983478200008,271.87880249023436,3.9287971496582026,272.9,478.7,271.87880249023436,3.9287971496582026,272.9,478.7,nan,nan,nan,nan,,nan,0,nan,nan,nan,INITIALIZING,0.0,0.0,0.0,35.84729454009176,0,0,0,0.0,0.0,1.0,0,0,0,0,6,2,0
1657,173.68827392000014,271.87880249023436,3.9287971496582026,272.9,478.7,271.87880249023436,3.9287971496582026,272.9,478.7,nan,nan,nan,nan,,nan,0,nan,nan,nan,INITIALIZING,0.0,0.0,0.0,35.162809786908554,0,0,0,0.0,0.0,1.0,0,0,0,0,6,2,0
1658,173.71724811900015,271.87880249023436,3.9287971496582026,272.9,478.7,271.87880249023436,3.9287971496582026,272.9,478.7,nan,nan,nan,nan,,nan,0,nan,nan,nan,INITIALIZING,0.0,0.0,0.0,34.51346489336484,0,0,0,0.0,0.0,1.0,0,0,0,0,6,2,0
1659,173.74796146300002,271.87880249023436,3.9287971496582026,272.9,478.7,271.87880249023436,3.9287971496582026,272.9,478.7,nan,nan,nan,nan,,nan,0,nan,nan,nan,INITIALIZING,0.0,0.0,0.0,32.55913781332229,0,0,0,0.0,0.0,1.0,0,0,0,0,6,2,0
1660,173.782602375,271.87880249023436,3.9287971496582026,272.9,478.7,271.87880249023436,3.9287971496582026,272.9,478.7,nan,nan,nan,nan,,nan,0,nan,nan,nan,INITIALIZING,0.0,0.0,0.0,28.86760025256836,0,0,0,0.0,0.0,1.0,0,0,0,0,6,2,0
1661,173.82281364400012,271.87880249023436,3.9287971496582026,272.9,478.7,271.87880249023436,3.9287971496582026,272.9,478.7,nan,nan,nan,nan,,nan,0,nan,nan,nan,INITIALIZING,0.0,0.0,0.0,24.86865062620268,0,0,0,0.0,0.0,1.0,0,0,0,0,6,2,0
1662,173.8572347610001,271.87880249023436,3.9287971496582026,272.9,478.7,271.87880249023436,3.9287971496582026,272.9,478.7,nan,nan,nan,nan,,nan,0,nan,nan,nan,INITIALIZING,0.0,0.0,0.0,29.05193343960941,0,0,0,0.0,0.0,1.0,0,0,0,0,6,2,0
1663,173.88521889100014,271.87880249023436,3.9287971496582026,272.9,478.7,271.87880249023436,3.9287971496582026,272.9,478.7,nan,nan,nan,nan,,nan,0,nan,nan,nan,INITIALIZING,0.0,0.0,0.0,35.73453954074037,0,0,0,0.0,0.0,1.0,0,0,0,0,6,2,0
1664,173.9146616920001,271.87880249023436,3.9287971496582026,272.9,478.7,271.87880249023436,3.9287971496582026,272.9,478.7,nan,nan,nan,nan,,nan,0,nan,nan,nan,INITIALIZING,0.0,0.0,0.0,33.964159863777404,0,0,0,0.0,0.0,1.0,0,0,0,0,6,2,0
1665,174.30602263000003,264.82122802734375,4.1500091552734375,272.8999938964844,478.6999816894531,264.82122802734375,4.1500091552734375,272.8999938964844,478.6999816894531,185.0,0.0,299.0,475.0,0.6660364866256714,0.980223,1,0.6089883519550103,0.08380032522255947,1.087171004842817,DETECTOR_CONFIRMED,0.07644351099997948,0.281114966999894,0.6473193290000836,2.5551860262563246,0,0,0,7.061043200283527,0.00882630400035441,1.0000000606159631,0,0,0,0,6,2,0
1666,174.39831302799996,265.04998779296875,4.1500091552734375,272.8999938964844,478.6999816894531,265.04998779296875,4.1500091552734375,272.8999938964844,478.6999816894531,nan,nan,nan,nan,0.5476939678192139,nan,0,nan,nan,nan,TRACKING,0.05979629500006922,0.0,0.0,10.835363392849796,0,0,0,0.228759765625,0.00028594970703125,1.0,0,0,0,0,6,2,0
1667,174.46685171399997,265.04998779296875,4.1500091552734375,272.8999938964844,478.6999816894531,265.04998779296875,4.1500091552734375,272.8999938964844,478.6999816894531,nan,nan,nan,nan,0.5432049632072449,nan,0,nan,nan,nan,TRACKING,0.0441838369999914,0.0,0.0,14.59030014085538,0,0,0,0.0,0.0,1.0,0,0,0,0,6,2,0
1668,174.54149113000005,265.04998779296875,4.1500091552734375,272.8999938964844,478.6999816894531,265.04998779296875,4.1500091552734375,272.8999938964844,478.6999816894531,nan,nan,nan,nan,0.5319375991821289,nan,0,nan,nan,nan,TRACKING,0.04910850500004926,0.0,0.0,13.39774684194881,0,0,0,0.0,0.0,1.0,0,0,0,0,6,2,0
1669,174.60665730900007,265.04998779296875,4.1500091552734375,272.8999938964844,478.6999816894531,265.04998779296875,4.1500091552734375,272.8999938964844,478.6999816894531,nan,nan,nan,nan,0.5180912613868713,nan,0,nan,nan,nan,TRACKING,0.042521100000158185,0.0,0.0,15.345383377468723,0,0,0,0.0,0.0,1.0,0,0,0,0,6,2,0
1670,174.68441110200013,265.04998779296875,4.1500091552734375,272.8999938964844,478.6999816894531,265.04998779296875,4.1500091552734375,272.8999938964844,478.6999816894531,nan,nan,nan,nan,0.5150085091590881,nan,0,nan,nan,nan,TRACKING,0.04919564199985871,0.0,0.0,12.861108910780425,0,0,0,0.0,0.0,1.0,0,0,0,0,6,2,0
1671,174.74713786400014,265.04998779296875,4.1500091552734375,272.8999938964844,478.6999816894531,265.04998779296875,4.1500091552734375,272.8999938964844,478.6999816894531,nan,nan,nan,nan,0.5177116394042969,nan,0,nan,nan,nan,TRACKING,0.03898577899985867,0.0,0.0,15.942158787023349,0,0,0,0.0,0.0,1.0,0,0,0,0,6,2,0
1672,174.817788878,265.04998779296875,4.1500091552734375,272.8999938964844,478.6999816894531,265.04998779296875,4.1500091552734375,272.8999938964844,478.6999816894531,nan,nan,nan,nan,0.5346629619598389,nan,0,nan,nan,nan,TRACKING,0.04429941200010035,0.0,0.0,14.154078524649677,0,0,0,0.0,0.0,1.0,0,0,0,0,6,2,0
1673,174.89063956500001,265.04998779296875,4.1500091552734375,272.8999938964844,478.6999816894531,265.04998779296875,4.1500091552734375,272.8999938964844,478.6999816894531,nan,nan,nan,nan,0.531262993812561,nan,0,nan,nan,nan,TRACKING,0.044746607999968546,0.0,0.0,13.726706516846217,0,0,0,0.0,0.0,1.0,0,0,0,0,6,2,0
1674,174.9678833490001,265.04998779296875,4.1500091552734375,272.8999938964844,478.6999816894531,265.04998779296875,4.1500091552734375,272.8999938964844,478.6999816894531,nan,nan,nan,nan,0.5390989780426025,nan,0,nan,nan,nan,TRACKING,0.0532007120000344,0.0,0.0,12.946025533899679,0,0,0,0.0,0.0,1.0,0,0,0,0,6,2,0
1675,175.04983455800004,265.04998779296875,4.1500091552734375,272.8999938964844,478.6999816894531,265.04998779296875,4.1500091552734375,272.8999938964844,478.6999816894531,nan,nan,nan,nan,0.5315925478935242,nan,0,nan,nan,nan,TRACKING,0.053858171000001676,0.0,0.0,12.202382517633975,0,0,0,0.0,0.0,1.0,0,0,0,0,6,2,0
1676,175.11675790200013,265.04998779296875,4.1500091552734375,272.8999938964844,478.6999816894531,265.04998779296875,4.1500091552734375,272.8999938964844,478.6999816894531,nan,nan,nan,nan,0.5316477417945862,nan,0,nan,nan,nan,TRACKING,0.04341439600011654,0.0,0.0,14.94246910313813,0,0,0,0.0,0.0,1.0,0,0,0,0,6,2,0
1677,175.18989666699997,265.04998779296875,4.1500091552734375,272.8999938964844,478.6999816894531,265.04998779296875,4.1500091552734375,272.8999938964844,478.6999816894531,nan,nan,nan,nan,0.5282596349716187,nan,0,nan,nan,nan,TRACKING,0.044486861999985194,0.0,0.0,13.67263994684888,0,0,0,0.0,0.0,1.0,0,0,0,0,6,2,0
1678,175.2656470390001,265.04998779296875,4.1500091552734375,272.8999938964844,478.6999816894531,265.04998779296875,4.1500091552734375,272.8999938964844,478.6999816894531,nan,nan,nan,nan,0.5217748284339905,nan,0,nan,nan,nan,TRACKING,0.05484620900006121,0.0,0.0,13.201255302063592,0,0,0,0.0,0.0,1.0,0,0,0,0,6,2,0
1679,175.33885054400014,265.04998779296875,4.1500091552734375,272.8999938964844,478.6999816894531,265.04998779296875,4.1500091552734375,272.8999938964844,478.6999816894531,nan,nan,nan,nan,0.5192364454269409,nan,0,nan,nan,nan,TRACKING,0.04986711199990168,0.0,0.0,13.660548084405045,0,0,0,0.0,0.0,1.0,0,0,0,0,6,2,0
1680,175.71003295100002,265.04998779296875,4.1500091552734375,272.8999938964844,478.6999816894531,265.04998779296875,4.1500091552734375,272.8999938964844,478.6999816894531,nan,nan,nan,nan,0.5129656791687012,nan,0,nan,nan,nan,SUSPECTED_LOST,0.06659510900021814,0.26706368000009206,0.0,2.6940932036154606,0,0,0,0.0,0.0,1.0,0,0,0,0,6,2,0
1681,175.7918645210001,265.04998779296875,4.1500091552734375,272.8999938964844,478.6999816894531,265.04998779296875,4.1500091552734375,272.8999938964844,478.6999816894531,nan,nan,nan,nan,0.515370786190033,nan,0,nan,nan,nan,TRACKING,0.05021993100012878,0.0,0.0,12.220222586454872,0,0,0,0.0,0.0,1.0,0,0,0,0,6,2,0
1682,175.86766958200008,265.04998779296875,4.1500091552734375,272.8999938964844,478.6999816894531,265.04998779296875,4.1500091552734375,272.8999938964844,478.6999816894531,nan,nan,nan,nan,0.5154418349266052,nan,0,nan,nan,nan,TRACKING,0.04953075200000967,0.0,0.0,13.191731354193193,0,0,0,0.0,0.0,1.0,0,0,0,0,6,2,0
1683,175.94094944300002,265.04998779296875,4.1500091552734375,272.8999938964844,478.6999816894531,265.04998779296875,4.1500091552734375,272.8999938964844,478.6999816894531,nan,nan,nan,nan,0.5178906321525574,nan,0,nan,nan,nan,TRACKING,0.0483246380001674,0.0,0.0,13.646314094410366,0,0,0,0.0,0.0,1.0,0,0,0,0,6,2,0
1684,176.01175946900014,265.04998779296875,4.1500091552734375,272.8999938964844,478.6999816894531,265.04998779296875,4.1500091552734375,272.8999938964844,478.6999816894531,nan,nan,nan,nan,0.5061590671539307,nan,0,nan,nan,nan,TRACKING,0.04747858099995028,0.0,0.0,14.122293924851004,0,0,0,0.0,0.0,1.0,0,0,0,0,6,2,0
1685,176.08266532899995,265.04998779296875,4.1500091552734375,272.8999938964844,478.6999816894531,265.04998779296875,4.1500091552734375,272.8999938964844,478.6999816894531,nan,nan,nan,nan,0.5123962163925171,nan,0,nan,nan,nan,TRACKING,0.04552255799990235,0.0,0.0,14.103206702558255,0,0,0,0.0,0.0,1.0,0,0,0,0,6,2,0
1686,176.15564289199995,265.04998779296875,4.1500091552734375,272.8999938964844,478.6999816894531,265.04998779296875,4.1500091552734375,272.8999938964844,478.6999816894531,nan,nan,nan,nan,0.5115934014320374,nan,0,nan,nan,nan,TRACKING,0.04562203900013628,0.0,0.0,13.702841789880948,0,0,0,0.0,0.0,1.0,0,0,0,0,6,2,0
1687,176.24161776300014,265.04998779296875,4.1500091552734375,272.8999938964844,478.6999816894531,265.04998779296875,4.1500091552734375,272.8999938964844,478.6999816894531,nan,nan,nan,nan,0.5075075626373291,nan,0,nan,nan,nan,TRACKING,0.06133418499985055,0.0,0.0,11.631305617170343,0,0,0,0.0,0.0,1.0,0,0,0,0,6,2,0
1688,176.310722759,265.04998779296875,4.1500091552734375,272.8999938964844,478.6999816894531,265.04998779296875,4.1500091552734375,272.8999938964844,478.6999816894531,nan,nan,nan,nan,0.5115602612495422,nan,0,nan,nan,nan,TRACKING,0.043121213999938846,0.0,0.0,14.470733780263268,0,0,0,0.0,0.0,1.0,0,0,0,0,6,2,0
1689,176.41802258199994,265.04998779296875,4.1500091552734375,272.8999938964844,478.6999816894531,265.04998779296875,4.1500091552734375,272.8999938964844,478.6999816894531,nan,nan,nan,nan,0.5075583457946777,nan,0,nan,nan,nan,TRACKING,0.0839655650001987,0.0,0.0,9.319679865646009,0,0,0,0.0,0.0,1.0,0,0,0,0,6,2,0
1690,176.492288605,265.04998779296875,4.1500091552734375,272.8999938964844,478.6999816894531,265.04998779296875,4.1500091552734375,272.8999938964844,478.6999816894531,nan,nan,nan,nan,0.5305951833724976,nan,0,nan,nan,nan,TRACKING,0.047026698000081524,0.0,0.0,13.465107724957091,0,0,0,0.0,0.0,1.0,0,0,0,0,6,2,0
1691,176.5617467840001,265.04998779296875,4.1500091552734375,272.8999938964844,478.6999816894531,265.04998779296875,4.1500091552734375,272.8999938964844,478.6999816894531,nan,nan,nan,nan,0.5240429043769836,nan,0,nan,nan,nan,TRACKING,0.04331350899997233,0.0,0.0,14.39715256569926,0,0,0,0.0,0.0,1.0,0,0,0,0,6,2,0
1692,176.63458017799996,265.04998779296875,4.1500091552734375,272.8999938964844,478.6999816894531,265.04998779296875,4.1500091552734375,272.8999938964844,478.6999816894531,nan,nan,nan,nan,0.5231150388717651,nan,0,nan,nan,nan,TRACKING,0.044996819000061805,0.0,0.0,13.729965680327318,0,0,0,0.0,0.0,1.0,0,0,0,0,6,2,0
1693,176.70333178199996,265.04998779296875,4.1500091552734375,272.8999938964844,478.6999816894531,265.04998779296875,4.1500091552734375,272.8999938964844,478.6999816894531,nan,nan,nan,nan,0.5263900756835938,nan,0,nan,nan,nan,TRACKING,0.04253417199993237,0.0,0.0,14.545115194694404,0,0,0,0.0,0.0,1.0,0,0,0,0,6,2,0
1694,176.77124998700003,265.04998779296875,4.1500091552734375,272.8999938964844,478.6999816894531,265.04998779296875,4.1500091552734375,272.8999938964844,478.6999816894531,nan,nan,nan,nan,0.5265548229217529,nan,0,nan,nan,nan,TRACKING,0.044625407000012274,0.0,0.0,14.723592886457809,0,0,0,0.0,0.0,1.0,0,0,0,0,6,2,0
1695,177.07923911,265.04998779296875,4.1500091552734375,272.8999938964844,478.6999816894531,265.04998779296875,4.1500091552734375,272.8999938964844,478.6999816894531,nan,nan,nan,nan,0.5336655974388123,nan,0,nan,nan,nan,SUSPECTED_LOST,0.04382648600017092,0.23731883999994352,0.0,3.246867909682955,0,0,0,0.0,0.0,1.0,0,0,0,0,6,2,0
1696,177.1457481230001,265.04998779296875,4.1500091552734375,272.8999938964844,478.6999816894531,265.04998779296875,4.1500091552734375,272.8999938964844,478.6999816894531,nan,nan,nan,nan,0.5443933010101318,nan,0,nan,nan,nan,TRACKING,0.04189030699990326,0.0,0.0,15.035556158361617,0,0,0,0.0,0.0,1.0,0,0,0,0,6,2,0
1697,177.22620550199997,265.04998779296875,4.1500091552734375,272.8999938964844,478.6999816894531,265.04998779296875,4.1500091552734375,272.8999938964844,478.6999816894531,nan,nan,nan,nan,0.5345479249954224,nan,0,nan,nan,nan,TRACKING,0.05205454500014639,0.0,0.0,12.42894079362784,0,0,0,0.0,0.0,1.0,0,0,0,0,6,2,0
1698,177.31360659500012,265.04998779296875,4.1500091552734375,272.8999938964844,478.6999816894531,265.04998779296875,4.1500091552734375,272.8999938964844,478.6999816894531,nan,nan,nan,nan,0.5210701823234558,nan,0,nan,nan,nan,TRACKING,0.06077552800002195,0.0,0.0,11.441504512972706,0,0,0,0.0,0.0,1.0,0,0,0,0,6,2,0
1699,177.37690258300006,265.04998779296875,4.1500091552734375,272.8999938964844,478.6999816894531,265.04998779296875,4.1500091552734375,272.8999938964844,478.6999816894531,nan,nan,nan,nan,0.5321391820907593,nan,0,nan,nan,nan,TRACKING,0.04069205699988743,0.0,0.0,15.798789648421447,0,0,0,0.0,0.0,1.0,0,0,0,0,6,2,0
1700,177.44782177700006,265.04998779296875,4.1500091552734375,272.8999938964844,478.6999816894531,265.04998779296875,4.1500091552734375,272.8999938964844,478.6999816894531,nan,nan,nan,nan,0.5134933590888977,nan,0,nan,nan,nan,TRACKING,0.048357762000023286,0.0,0.0,14.100555062710171,0,0,0,0.0,0.0,1.0,0,0,0,0,6,2,0
1701,177.529937205,265.04998779296875,4.1500091552734375,272.8999938964844,478.6999816894531,265.04998779296875,4.1500091552734375,272.8999938964844,478.6999816894531,nan,nan,nan,nan,0.5233027338981628,nan,0,nan,nan,nan,TRACKING,0.055373403999965376,0.0,0.0,12.177979514404848,0,0,0,0.0,0.0,1.0,0,0,0,0,6,2,0
1702,177.59993492399997,265.04998779296875,4.1500091552734375,272.8999938964844,478.6999816894531,265.04998779296875,4.1500091552734375,272.8999938964844,478.6999816894531,nan,nan,nan,nan,0.5302610397338867,nan,0,nan,nan,nan,TRACKING,0.046005899000192585,0.0,0.0,14.286179811096577,0,0,0,0.0,0.0,1.0,0,0,0,0,6,2,0
1703,177.66753385200002,265.04998779296875,4.1500091552734375,272.8999938964844,478.6999816894531,265.04998779296875,4.1500091552734375,272.8999938964844,478.6999816894531,nan,nan,nan,nan,0.5216324925422668,nan,0,nan,nan,nan,TRACKING,0.04406930300001477,0.0,0.0,14.793133997616472,0,0,0,0.0,0.0,1.0,0,0,0,0,6,2,0
1704,177.74289353899997,265.04998779296875,4.1500091552734375,272.8999938964844,478.6999816894531,265.04998779296875,4.1500091552734375,272.8999938964844,478.6999816894531,nan,nan,nan,nan,0.5203155279159546,nan,0,nan,nan,nan,TRACKING,0.05139630500002568,0.0,0.0,13.269694180135362,0,0,0,0.0,0.0,1.0,0,0,0,0,6,2,0
1705,177.81543984300004,265.04998779296875,4.1500091552734375,272.8999938964844,478.6999816894531,265.04998779296875,4.1500091552734375,272.8999938964844,478.6999816894531,nan,nan,nan,nan,0.5199500322341919,nan,0,nan,nan,nan,TRACKING,0.04953996999984156,0.0,0.0,13.784299748737427,0,0,0,0.0,0.0,1.0,0,0,0,0,6,2,0
1706,177.90180821,265.04998779296875,4.1500091552734375,272.8999938964844,478.6999816894531,265.04998779296875,4.1500091552734375,272.8999938964844,478.6999816894531,nan,nan,nan,nan,0.5275193452835083,nan,0,nan,nan,nan,TRACKING,0.06184408900003291,0.0,0.0,11.578313157180139,0,0,0,0.0,0.0,1.0,0,0,0,0,6,2,0
1707,177.98062035200007,265.04998779296875,4.1500091552734375,272.8999938964844,478.6999816894531,265.04998779296875,4.1500091552734375,272.8999938964844,478.6999816894531,nan,nan,nan,nan,0.5246173143386841,nan,0,nan,nan,nan,TRACKING,0.05099390099985612,0.0,0.0,12.688400221367283,0,0,0,0.0,0.0,1.0,0,0,0,0,6,2,0
1708,178.0523366420001,265.04998779296875,4.1500091552734375,272.8999938964844,478.6999816894531,265.04998779296875,4.1500091552734375,272.8999938964844,478.6999816894531,nan,nan,nan,nan,0.5245429873466492,nan,0,nan,nan,nan,TRACKING,0.04424399300000914,0.0,0.0,13.943833402417189,0,0,0,0.0,0.0,1.0,0,0,0,0,6,2,0
1709,178.11594341700004,265.04998779296875,4.1500091552734375,272.8999938964844,478.6999816894531,265.04998779296875,4.1500091552734375,272.8999938964844,478.6999816894531,nan,nan,nan,nan,0.5259896516799927,nan,0,nan,nan,nan,TRACKING,0.03997793000007732,0.0,0.0,15.72159569481662,0,0,0,0.0,0.0,1.0,0,0,0,0,6,2,0
1710,178.47599874600007,265.04998779296875,4.1500091552734375,272.8999938964844,478.6999816894531,265.04998779296875,4.1500091552734375,272.8999938964844,478.6999816894531,nan,nan,nan,nan,0.5227892398834229,nan,0,nan,nan,nan,SUSPECTED_LOST,0.050240970999993806,0.28245065500004785,0.0,2.777350922085386,0,0,0,0.0,0.0,1.0,0,0,0,0,6,2,0
1711,178.56750053300004,265.04998779296875,4.1500091552734375,272.8999938964844,478.6999816894531,265.04998779296875,4.1500091552734375,272.8999938964844,478.6999816894531,nan,nan,nan,nan,0.5245634317398071,nan,0,nan,nan,nan,TRACKING,0.06377755900007287,0.0,0.0,10.92874830958576,0,0,0,0.0,0.0,1.0,0,0,0,0,6,2,0
1712,178.63342161900016,265.04998779296875,4.1500091552734375,272.8999938964844,478.6999816894531,265.04998779296875,4.1500091552734375,272.8999938964844,478.6999816894531,nan,nan,nan,nan,0.5232466459274292,nan,0,nan,nan,nan,TRACKING,0.043412988999989466,0.0,0.0,15.169652999925239,0,0,0,0.0,0.0,1.0,0,0,0,0,6,2,0
1713,178.70205634499996,265.04998779296875,4.1500091552734375,272.8999938964844,478.6999816894531,265.04998779296875,4.1500091552734375,272.8999938964844,478.6999816894531,nan,nan,nan,nan,0.5241121053695679,nan,0,nan,nan,nan,TRACKING,0.042442868000080125,0.0,0.0,14.569884055527693,0,0,0,0.0,0.0,1.0,0,0,0,0,6,2,0
1714,178.83097471500002,265.04998779296875,4.1500091552734375,272.8999938964844,478.6999816894531,265.04998779296875,4.1500091552734375,272.8999938964844,478.6999816894531,nan,nan,nan,nan,0.5238751173019409,nan,0,nan,nan,nan,TRACKING,0.09935249599993767,0.0,0.0,7.756846444765759,0,0,0,0.0,0.0,1.0,0,0,0,0,6,2,0
1715,178.911130265,265.04998779296875,4.1500091552734375,272.8999938964844,478.6999816894531,265.04998779296875,4.1500091552734375,272.8999938964844,478.6999816894531,nan,nan,nan,nan,0.5582245588302612,nan,0,nan,nan,nan,TRACKING,0.05110619500010216,0.0,0.0,12.47574247822324,0,0,0,0.0,0.0,1.0,0,0,0,0,6,2,0
1716,179.00766094200014,265.04998779296875,4.1500091552734375,272.8999938964844,478.6999816894531,265.04998779296875,4.1500091552734375,272.8999938964844,478.6999816894531,nan,nan,nan,nan,0.5592750310897827,nan,0,nan,nan,nan,TRACKING,0.0597865009999623,0.0,0.0,10.359401084470647,0,0,0,0.0,0.0,1.0,0,0,0,0,6,2,0
1717,179.09571016899997,265.04998779296875,4.1500091552734375,272.8999938964844,478.6999816894531,265.04998779296875,4.1500091552734375,272.8999938964844,478.6999816894531,nan,nan,nan,nan,0.558957040309906,nan,0,nan,nan,nan,TRACKING,0.057243227000071784,0.0,0.0,11.357283125290213,0,0,0,0.0,0.0,1.0,0,0,0,0,6,2,0
1718,179.1844255530001,265.04998779296875,4.1500091552734375,272.8999938964844,478.6999816894531,265.04998779296875,4.1500091552734375,272.8999938964844,478.6999816894531,nan,nan,nan,nan,0.5593984723091125,nan,0,nan,nan,nan,TRACKING,0.04674497299993163,0.0,0.0,11.272002159158715,0,0,0,0.0,0.0,1.0,0,0,0,0,6,2,0
1719,179.2702922950001,265.04998779296875,4.1500091552734375,272.8999938964844,478.6999816894531,265.04998779296875,4.1500091552734375,272.8999938964844,478.6999816894531,nan,nan,nan,nan,0.556407630443573,nan,0,nan,nan,nan,TRACKING,0.05981155300014507,0.0,0.0,11.64595251558413,0,0,0,0.0,0.0,1.0,0,0,0,0,6,2,0
1720,179.34213603399996,265.04998779296875,4.1500091552734375,272.8999938964844,478.6999816894531,265.04998779296875,4.1500091552734375,272.8999938964844,478.6999816894531,nan,nan,nan,nan,0.5557931661605835,nan,0,nan,nan,nan,TRACKING,0.04742144300007567,0.0,0.0,13.919097389988996,0,0,0,0.0,0.0,1.0,0,0,0,0,6,2,0
1721,179.4236750450001,265.04998779296875,4.1500091552734375,272.8999938964844,478.6999816894531,265.04998779296875,4.1500091552734375,272.8999938964844,478.6999816894531,nan,nan,nan,nan,0.5558483004570007,nan,0,nan,nan,nan,TRACKING,0.0467302849999669,0.0,0.0,12.2640682997539,0,0,0,0.0,0.0,1.0,0,0,0,0,6,2,0
1722,179.4988083720001,265.04998779296875,4.1500091552734375,272.8999938964844,478.6999816894531,265.04998779296875,4.1500091552734375,272.8999938964844,478.6999816894531,nan,nan,nan,nan,0.5544282793998718,nan,0,nan,nan,nan,TRACKING,0.05224918199996864,0.0,0.0,13.309672816697676,0,0,0,0.0,0.0,1.0,0,0,0,0,6,2,0
1723,179.5893898820001,265.04998779296875,4.1500091552734375,272.8999938964844,478.6999816894531,265.04998779296875,4.1500091552734375,272.8999938964844,478.6999816894531,nan,nan,nan,nan,0.5562560558319092,nan,0,nan,nan,nan,TRACKING,0.06396990600001118,0.0,0.0,11.039780635143757,0,0,0,0.0,0.0,1.0,0,0,0,0,6,2,0
1724,179.679839776,265.04998779296875,4.1500091552734375,272.8999938964844,478.6999816894531,265.04998779296875,4.1500091552734375,272.8999938964844,478.6999816894531,nan,nan,nan,nan,0.5558856725692749,nan,0,nan,nan,nan,TRACKING,0.06291233499996451,0.0,0.0,11.055844907911915,0,0,0,0.0,0.0,1.0,0,0,0,0,6,2,0
1725,180.31421529800002,265.04998779296875,4.1500091552734375,272.8999938964844,478.6999816894531,265.04998779296875,4.1500091552734375,272.8999938964844,478.6999816894531,nan,nan,nan,nan,0.557841420173645,nan,0,nan,nan,nan,SUSPECTED_LOST,0.05082348099995215,0.5505411589999767,0.0,1.5763533826892466,0,0,0,0.0,0.0,1.0,0,0,0,0,6,2,0
1726,180.390957298,265.04998779296875,4.1500091552734375,272.8999938964844,478.6999816894531,265.04998779296875,4.1500091552734375,272.8999938964844,478.6999816894531,nan,nan,nan,nan,0.5517129302024841,nan,0,nan,nan,nan,TRACKING,0.05397520099995745,0.0,0.0,13.030674207089001,0,0,0,0.0,0.0,1.0,0,0,0,0,6,2,0
1727,180.45458224900005,265.04998779296875,4.1500091552734375,272.8999938964844,478.6999816894531,265.04998779296875,4.1500091552734375,272.8999938964844,478.6999816894531,nan,nan,nan,nan,0.5565142631530762,nan,0,nan,nan,nan,TRACKING,0.04103664500007653,0.0,0.0,15.717104442233271,0,0,0,0.0,0.0,1.0,0,0,0,0,6,2,0
1728,180.52736553500006,265.04998779296875,4.1500091552734375,272.8999938964844,478.6999816894531,265.04998779296875,4.1500091552734375,272.8999938964844,478.6999816894531,nan,nan,nan,nan,0.5567195415496826,nan,0,nan,nan,nan,TRACKING,0.049654502000066714,0.0,0.0,13.739418140587276,0,0,0,0.0,0.0,1.0,0,0,0,0,6,2,0
1729,180.60966549500006,265.04998779296875,4.1500091552734375,272.8999938964844,478.6999816894531,265.04998779296875,4.1500091552734375,272.8999938964844,478.6999816894531,nan,nan,nan,nan,0.5601950287818909,nan,0,nan,nan,nan,TRACKING,0.05771760900006484,0.0,0.0,12.150674192308193,0,0,0,0.0,0.0,1.0,0,0,0,0,6,2,0
1730,180.67568434199995,265.04998779296875,4.1500091552734375,272.8999938964844,478.6999816894531,265.04998779296875,4.1500091552734375,272.8999938964844,478.6999816894531,nan,nan,nan,nan,0.5561942458152771,nan,0,nan,nan,nan,TRACKING,0.03947192999999061,0.0,0.0,15.147189710865142,0,0,0,0.0,0.0,1.0,0,0,0,0,6,2,0
1731,180.74854945200002,265.04998779296875,4.1500091552734375,272.8999938964844,478.6999816894531,265.04998779296875,4.1500091552734375,272.8999938964844,478.6999816894531,nan,nan,nan,nan,0.5581759810447693,nan,0,nan,nan,nan,TRACKING,0.04310532699992109,0.0,0.0,13.723989437456314,0,0,0,0.0,0.0,1.0,0,0,0,0,6,2,0
1732,180.81523971600006,265.04998779296875,4.1500091552734375,272.8999938964844,478.6999816894531,265.04998779296875,4.1500091552734375,272.8999938964844,478.6999816894531,nan,nan,nan,nan,0.5514351725578308,nan,0,nan,nan,nan,TRACKING,0.04337017499983631,0.0,0.0,14.994692478640273,0,0,0,0.0,0.0,1.0,0,0,0,0,6,2,0
1733,180.8802482330001,265.04998779296875,4.1500091552734375,272.8999938964844,478.6999816894531,265.04998779296875,4.1500091552734375,272.8999938964844,478.6999816894531,nan,nan,nan,nan,0.5495576858520508,nan,0,nan,nan,nan,TRACKING,0.042597192999892286,0.0,0.0,15.38259979072639,0,0,0,0.0,0.0,1.0,0,0,0,0,6,2,0
1734,180.94893587500007,265.04998779296875,4.1500091552734375,272.8999938964844,478.6999816894531,265.04998779296875,4.1500091552734375,272.8999938964844,478.6999816894531,nan,nan,nan,nan,0.5466464757919312,nan,0,nan,nan,nan,TRACKING,0.04501015100004224,0.0,0.0,14.558659620317153,0,0,0,0.0,0.0,1.0,0,0,0,0,6,2,0
1735,181.025008124,265.04998779296875,4.1500091552734375,272.8999938964844,478.6999816894531,265.04998779296875,4.1500091552734375,272.8999938964844,478.6999816894531,nan,nan,nan,nan,0.5482481718063354,nan,0,nan,nan,nan,TRACKING,0.053553631999875506,0.0,0.0,13.145398133304184,0,0,0,0.0,0.0,1.0,0,0,0,0,6,2,0
1736,181.09930518499993,265.04998779296875,4.1500091552734375,272.8999938964844,478.6999816894531,265.04998779296875,4.1500091552734375,272.8999938964844,478.6999816894531,nan,nan,nan,nan,0.5506751537322998,nan,0,nan,nan,nan,TRACKING,0.04188046099989151,0.0,0.0,13.459482603235317,0,0,0,0.0,0.0,1.0,0,0,0,0,6,2,0
1737,181.1640415610001,265.04998779296875,4.1500091552734375,272.8999938964844,478.6999816894531,265.04998779296875,4.1500091552734375,272.8999938964844,478.6999816894531,nan,nan,nan,nan,0.5521602630615234,nan,0,nan,nan,nan,TRACKING,0.04284193600005892,0.0,0.0,15.447265691820625,0,0,0,0.0,0.0,1.0,0,0,0,0,6,2,0
1738,181.23574430700012,265.04998779296875,4.1500091552734375,272.8999938964844,478.6999816894531,265.04998779296875,4.1500091552734375,272.8999938964844,478.6999816894531,nan,nan,nan,nan,0.5522291660308838,nan,0,nan,nan,nan,TRACKING,0.048634952999918823,0.0,0.0,13.946467266394619,0,0,0,0.0,0.0,1.0,0,0,0,0,6,2,0
1739,181.3622726330001,265.04998779296875,4.1500091552734375,272.8999938964844,478.6999816894531,265.04998779296875,4.1500091552734375,272.8999938964844,478.6999816894531,nan,nan,nan,nan,0.5579631328582764,nan,0,nan,nan,nan,TRACKING,0.09859018800011654,0.0,0.0,7.903368610126343,0,0,0,0.0,0.0,1.0,0,0,0,0,6,2,0
1740,181.73005860499995,265.04998779296875,4.1500091552734375,272.8999938964844,478.6999816894531,265.04998779296875,4.1500091552734375,272.8999938964844,478.6999816894531,nan,nan,nan,nan,0.5970362424850464,nan,0,nan,nan,nan,SUSPECTED_LOST,0.043905286999915916,0.2918292990000282,0.0,2.7189726529329588,0,0,0,0.0,0.0,1.0,0,0,0,0,6,2,0
1741,181.81583987400006,265.04998779296875,4.1500091552734375,272.8999938964844,478.6999816894531,265.04998779296875,4.1500091552734375,272.8999938964844,478.6999816894531,nan,nan,nan,nan,0.6066215634346008,nan,0,nan,nan,nan,TRACKING,0.062246957000070324,0.0,0.0,11.657556616453617,0,0,0,0.0,0.0,1.0,0,0,0,0,6,2,0
1742,181.89387116700016,265.04998779296875,4.1500091552734375,272.8999938964844,478.6999816894531,265.04998779296875,4.1500091552734375,272.8999938964844,478.6999816894531,nan,nan,nan,nan,0.598723292350769,nan,0,nan,nan,nan,TRACKING,0.053743789999998626,0.0,0.0,12.815371392074558,0,0,0,0.0,0.0,1.0,0,0,0,0,6,2,0
1743,181.95666870699995,265.04998779296875,4.1500091552734375,272.8999938964844,478.6999816894531,265.04998779296875,4.1500091552734375,272.8999938964844,478.6999816894531,nan,nan,nan,nan,0.596433699131012,nan,0,nan,nan,nan,TRACKING,0.03712668200000735,0.0,0.0,15.924190661024443,0,0,0,0.0,0.0,1.0,0,0,0,0,6,2,0
1744,182.04749579299994,265.04998779296875,4.1500091552734375,272.8999938964844,478.6999816894531,265.04998779296875,4.1500091552734375,272.8999938964844,478.6999816894531,nan,nan,nan,nan,0.589742124080658,nan,0,nan,nan,nan,TRACKING,0.061663510000016686,0.0,0.0,11.009931552798111,0,0,0,0.0,0.0,1.0,0,0,0,0,6,2,0
1745,182.13503636300004,265.04998779296875,4.1500091552734375,272.8999938964844,478.6999816894531,265.04998779296875,4.1500091552734375,272.8999938964844,478.6999816894531,nan,nan,nan,nan,0.5905431509017944,nan,0,nan,nan,nan,TRACKING,0.06409995800004253,0.0,0.0,11.423274945534915,0,0,0,0.0,0.0,1.0,0,0,0,0,6,2,0
1746,182.2190100480001,265.04998779296875,4.1500091552734375,272.8999938964844,478.6999816894531,265.04998779296875,4.1500091552734375,272.8999938964844,478.6999816894531,nan,nan,nan,nan,0.5888270139694214,nan,0,nan,nan,nan,TRACKING,0.055569341999898825,0.0,0.0,11.908492523573884,0,0,0,0.0,0.0,1.0,0,0,0,0,6,2,0
1747,182.28871161300015,265.04998779296875,4.1500091552734375,272.8999938964844,478.6999816894531,265.04998779296875,4.1500091552734375,272.8999938964844,478.6999816894531,nan,nan,nan,nan,0.5817403197288513,nan,0,nan,nan,nan,TRACKING,0.04689330799988056,0.0,0.0,14.346880159708718,0,0,0,0.0,0.0,1.0,0,0,0,0,6,2,0
1748,182.36781016199996,265.04998779296875,4.1500091552734375,272.8999938964844,478.6999816894531,265.04998779296875,4.1500091552734375,272.8999938964844,478.6999816894531,nan,nan,nan,nan,0.5781660676002502,nan,0,nan,nan,nan,TRACKING,0.055592258999922706,0.0,0.0,12.642456943203992,0,0,0,0.0,0.0,1.0,0,0,0,0,6,2,0
1749,182.43677692300014,265.04998779296875,4.1500091552734375,272.8999938964844,478.6999816894531,265.04998779296875,4.1500091552734375,272.8999938964844,478.6999816894531,nan,nan,nan,nan,0.5655863285064697,nan,0,nan,nan,nan,TRACKING,0.041802231000019674,0.0,0.0,14.499738504427384,0,0,0,0.0,0.0,1.0,0,0,0,0,6,2,0
1750,182.5139264810001,265.04998779296875,4.1500091552734375,272.8999938964844,478.6999816894531,265.04998779296875,4.1500091552734375,272.8999938964844,478.6999816894531,nan,nan,nan,nan,0.5529733300209045,nan,0,nan,nan,nan,TRACKING,0.04812140100011675,0.0,0.0,12.961837059394961,0,0,0,0.0,0.0,1.0,0,0,0,0,6,2,0
1751,182.58689398700005,265.04998779296875,4.1500091552734375,272.8999938964844,478.6999816894531,265.04998779296875,4.1500091552734375,272.8999938964844,478.6999816894531,nan,nan,nan,nan,0.5466089248657227,nan,0,nan,nan,nan,TRACKING,0.04691867199994704,0.0,0.0,13.704730431663798,0,0,0,0.0,0.0,1.0,0,0,0,0,6,2,0
1752,182.65472203000002,265.04998779296875,4.1500091552734375,272.8999938964844,478.6999816894531,265.04998779296875,4.1500091552734375,272.8999938964844,478.6999816894531,nan,nan,nan,nan,0.546790599822998,nan,0,nan,nan,nan,TRACKING,0.04510260000006383,0.0,0.0,14.743164563962775,0,0,0,0.0,0.0,1.0,0,0,0,0,6,2,0
1753,182.72587117199998,265.04998779296875,4.1500091552734375,272.8999938964844,478.6999816894531,265.04998779296875,4.1500091552734375,272.8999938964844,478.6999816894531,nan,nan,nan,nan,0.545046865940094,nan,0,nan,nan,nan,TRACKING,0.04693950599994423,0.0,0.0,14.054983263191806,0,0,0,0.0,0.0,1.0,0,0,0,0,6,2,0
1754,182.79616774700014,265.04998779296875,4.1500091552734375,272.8999938964844,478.6999816894531,265.04998779296875,4.1500091552734375,272.8999938964844,478.6999816894531,nan,nan,nan,nan,0.5472186803817749,nan,0,nan,nan,nan,TRACKING,0.046383611000010205,0.0,0.0,14.225444127224838,0,0,0,0.0,0.0,1.0,0,0,0,0,6,2,0
1755,183.08899122600008,265.04998779296875,4.1500091552734375,272.8999938964844,478.6999816894531,265.04998779296875,4.1500091552734375,272.8999938964844,478.6999816894531,93.0,4.0,167.0,473.0,0.5430874824523926,0.990229,1,0.0,0.2812749798171965,1.6538241328923413,DETECTOR_CONFIRMED,0.05890351399989413,0.2107365970000501,0.0,3.415026702828777,0,0,0,0.0,0.0,1.0,0,0,0,0,6,2,0
1756,183.1706729440001,265.04998779296875,4.1500091552734375,272.8999938964844,478.6999816894531,265.04998779296875,4.1500091552734375,272.8999938964844,478.6999816894531,nan,nan,nan,nan,0.5583758354187012,nan,0,nan,nan,nan,TRACKING,0.0503111269999863,0.0,0.0,12.242641615344919,0,0,0,0.0,0.0,1.0,0,0,0,0,6,2,0
1757,183.25489267499995,265.04998779296875,4.1500091552734375,272.8999938964844,478.6999816894531,265.04998779296875,4.1500091552734375,272.8999938964844,478.6999816894531,nan,nan,nan,nan,0.558451771736145,nan,0,nan,nan,nan,TRACKING,0.054176036999933785,0.0,0.0,11.873702137588184,0,0,0,0.0,0.0,1.0,0,0,0,0,6,2,0
1758,183.32383526800015,265.04998779296875,4.1500091552734375,272.8999938964844,478.6999816894531,265.04998779296875,4.1500091552734375,272.8999938964844,478.6999816894531,nan,nan,nan,nan,0.5628509521484375,nan,0,nan,nan,nan,TRACKING,0.04546963699999651,0.0,0.0,14.504821424356273,0,0,0,0.0,0.0,1.0,0,0,0,0,6,2,0
1759,183.38819715700004,265.04998779296875,4.1500091552734375,272.8999938964844,478.6999816894531,265.04998779296875,4.1500091552734375,272.8999938964844,478.6999816894531,nan,nan,nan,nan,0.5822598934173584,nan,0,nan,nan,nan,TRACKING,0.0410192479998841,0.0,0.0,15.53714497102178,0,0,0,0.0,0.0,1.0,0,0,0,0,6,2,0
1760,183.46160602400016,265.04998779296875,4.1500091552734375,272.8999938964844,478.6999816894531,265.04998779296875,4.1500091552734375,272.8999938964844,478.6999816894531,nan,nan,nan,nan,0.5915085673332214,nan,0,nan,nan,nan,TRACKING,0.04907256299998153,0.0,0.0,13.622332571871581,0,0,0,0.0,0.0,1.0,0,0,0,0,6,2,0
1761,183.55028953,265.04998779296875,4.1500091552734375,272.8999938964844,478.6999816894531,265.04998779296875,4.1500091552734375,272.8999938964844,478.6999816894531,nan,nan,nan,nan,0.6011559367179871,nan,0,nan,nan,nan,TRACKING,0.057038845999841215,0.0,0.0,11.276053971095548,0,0,0,0.0,0.0,1.0,0,0,0,0,6,2,0
1762,183.62129726199998,265.04998779296875,4.1500091552734375,272.8999938964844,478.6999816894531,265.04998779296875,4.1500091552734375,272.8999938964844,478.6999816894531,nan,nan,nan,nan,0.597523033618927,nan,0,nan,nan,nan,TRACKING,0.04837520800015227,0.0,0.0,14.0829733866169,0,0,0,0.0,0.0,1.0,0,0,0,0,6,2,0
1763,183.69445565700005,265.04998779296875,4.1500091552734375,272.8999938964844,478.6999816894531,265.04998779296875,4.1500091552734375,272.8999938964844,478.6999816894531,nan,nan,nan,nan,0.6119033694267273,nan,0,nan,nan,nan,TRACKING,0.04790676200013877,0.0,0.0,13.66897127799379,0,0,0,0.0,0.0,1.0,0,0,0,0,6,2,0
1764,183.800473679,265.04998779296875,4.1500091552734375,272.8999938964844,478.6999816894531,265.04998779296875,4.1500091552734375,272.8999938964844,478.6999816894531,nan,nan,nan,nan,0.6189655065536499,nan,0,nan,nan,nan,TRACKING,0.0830177300001651,0.0,0.0,9.432358585227425,0,0,0,0.0,0.0,1.0,0,0,0,0,6,2,0
1765,183.8648355680001,265.04998779296875,4.1500091552734375,272.8999938964844,478.6999816894531,265.04998779296875,4.1500091552734375,272.8999938964844,478.6999816894531,nan,nan,nan,nan,0.6916712522506714,nan,0,nan,nan,nan,TRACKING,0.04008871100018041,0.0,0.0,15.53714497096689,0,0,0,0.0,0.0,1.0,0,0,0,0,6,2,0
1766,183.93518657100014,265.04998779296875,4.1500091552734375,272.8999938964844,478.6999816894531,265.04998779296875,4.1500091552734375,272.8999938964844,478.6999816894531,nan,nan,nan,nan,0.6622068285942078,nan,0,nan,nan,nan,TRACKING,0.04520765300003404,0.0,0.0,14.214438421004584,0,0,0,0.0,0.0,1.0,0,0,0,0,6,2,0
1767,184.014058761,265.04998779296875,4.1500091552734375,272.8999938964844,478.6999816894531,265.04998779296875,4.1500091552734375,272.8999938964844,478.6999816894531,nan,nan,nan,nan,0.6675435304641724,nan,0,nan,nan,nan,TRACKING,0.04428992900011508,0.0,0.0,12.678740123759988,0,0,0,0.0,0.0,1.0,0,0,0,0,6,2,0
1768,184.09864688300001,265.04998779296875,-3.0787506103515625,272.8999938964844,478.6999816894531,265.04998779296875,-3.0787506103515625,272.8999938964844,478.6999816894531,nan,nan,nan,nan,0.6630682349205017,nan,0,nan,nan,nan,TRACKING,0.06181158399999731,0.0,0.0,11.821990799131791,0,0,0,7.228759765625,0.00903594970703125,1.0,0,0,0,0,6,2,0
1769,184.17364848600016,265.04998779296875,4.3787689208984375,272.8999938964844,478.6999816894531,265.04998779296875,4.3787689208984375,272.8999938964844,478.6999816894531,nan,nan,nan,nan,0.6418160200119019,nan,0,nan,nan,nan,TRACKING,0.052292046000047776,0.0,0.0,13.333048361620373,0,0,0,7.45751953125,0.0093218994140625,1.0,0,0,0,0,6,2,0
1770,184.49321642999996,265.04998779296875,-3.0787506103515625,272.8999938964844,478.6999816894531,265.04998779296875,-3.0787506103515625,272.8999938964844,478.6999816894531,250.0,8.0,170.0,441.0,0.655177116394043,0.978278,1,0.4977841588739462,0.08369065196978447,1.742526638406015,DETECTOR_CONFIRMED,0.05903341199996248,0.23325286599992978,0.0,3.1292250013681753,0,0,0,7.45751953125,0.0093218994140625,1.0,0,0,0,0,6,2,0
1771,184.578915144,265.04998779296875,4.3787689208984375,272.8999938964844,478.6999816894531,265.04998779296875,4.3787689208984375,272.8999938964844,478.6999816894531,nan,nan,nan,nan,0.643532395362854,nan,0,nan,nan,nan,TRACKING,0.052743354999847725,0.0,0.0,11.668786535110295,0,0,0,7.45751953125,0.0093218994140625,1.0,0,0,0,0,6,2,0
1772,184.64322338600016,265.04998779296875,4.1500091552734375,272.8999938964844,478.6999816894531,265.04998779296875,4.1500091552734375,272.8999938964844,478.6999816894531,nan,nan,nan,nan,0.6574239730834961,nan,0,nan,nan,nan,TRACKING,0.04089299499992194,0.0,0.0,15.55010631448512,0,0,0,0.228759765625,0.00028594970703125,1.0,0,0,0,0,6,2,0
1773,184.71826774900012,265.04998779296875,4.1500091552734375,272.8999938964844,478.6999816894531,265.04998779296875,4.1500091552734375,272.8999938964844,478.6999816894531,nan,nan,nan,nan,0.6447533369064331,nan,0,nan,nan,nan,TRACKING,0.050644674000068335,0.0,0.0,13.325451240095427,0,0,0,0.0,0.0,1.0,0,0,0,0,6,2,0
1774,184.78857698000013,265.04998779296875,4.1500091552734375,272.8999938964844,478.6999816894531,265.04998779296875,4.1500091552734375,272.8999938964844,478.6999816894531,nan,nan,nan,nan,0.6564997434616089,nan,0,nan,nan,nan,TRACKING,0.04694262999987586,0.0,0.0,14.222883478840142,0,0,0,0.0,0.0,1.0,0,0,0,0,6,2,0
1775,184.85560516399994,265.04998779296875,4.1500091552734375,272.8999938964844,478.6999816894531,265.04998779296875,4.1500091552734375,272.8999938964844,478.6999816894531,nan,nan,nan,nan,0.6599081158638,nan,0,nan,nan,nan,TRACKING,0.044440087000111816,0.0,0.0,14.919097315881915,0,0,0,0.0,0.0,1.0,0,0,0,0,6,2,0
1776,184.92047726900012,265.04998779296875,4.1500091552734375,272.8999938964844,478.6999816894531,265.04998779296875,4.1500091552734375,272.8999938964844,478.6999816894531,nan,nan,nan,nan,0.648513674736023,nan,0,nan,nan,nan,TRACKING,0.042124839000052816,0.0,0.0,15.41494606961304,0,0,0,0.0,0.0,1.0,0,0,0,0,6,2,0
1777,185.013825333,265.04998779296875,-3.0787506103515625,272.8999938964844,478.6999816894531,265.04998779296875,-3.0787506103515625,272.8999938964844,478.6999816894531,nan,nan,nan,nan,0.6524710059165955,nan,0,nan,nan,nan,TRACKING,0.06956275900006403,0.0,0.0,10.712594960740153,0,0,0,7.228759765625,0.00903594970703125,1.0,0,0,0,0,6,2,0
1778,185.09319159400013,265.04998779296875,4.3787689208984375,272.8999938964844,478.6999816894531,265.04998779296875,4.3787689208984375,272.8999938964844,478.6999816894531,nan,nan,nan,nan,0.6260254383087158,nan,0,nan,nan,nan,TRACKING,0.05116004600017732,0.0,0.0,12.59981240641205,0,0,0,7.45751953125,0.0093218994140625,1.0,0,0,0,0,6,2,0
1779,185.171816122,265.04998779296875,-3.0787506103515625,272.8999938964844,478.6999816894531,265.04998779296875,-3.0787506103515625,272.8999938964844,478.6999816894531,nan,nan,nan,nan,0.6510142087936401,nan,0,nan,nan,nan,TRACKING,0.0490612080000119,0.0,0.0,12.718677306421878,0,0,0,7.45751953125,0.0093218994140625,1.0,0,0,0,0,6,2,0
1780,185.24006333700015,265.04998779296875,-2.8499908447265625,272.8999938964844,478.6999816894531,265.04998779296875,-2.8499908447265625,272.8999938964844,478.6999816894531,nan,nan,nan,nan,0.6427430510520935,nan,0,nan,nan,nan,TRACKING,0.0452630689999296,0.0,0.0,14.65261256444994,0,0,0,0.228759765625,0.00028594970703125,1.0,0,0,0,0,6,2,0
1781,185.30700782199995,265.04998779296875,-2.8499908447265625,272.8999938964844,478.6999816894531,265.04998779296875,-2.8499908447265625,272.8999938964844,478.6999816894531,nan,nan,nan,nan,0.6534229516983032,nan,0,nan,nan,nan,TRACKING,0.04267771300010281,0.0,0.0,14.937750286719968,0,0,0,0.0,0.0,1.0,0,0,0,0,6,2,0
1782,185.4019762250001,265.04998779296875,4.3787689208984375,272.8999938964844,478.6999816894531,265.04998779296875,4.3787689208984375,272.8999938964844,478.6999816894531,nan,nan,nan,nan,0.6853018999099731,nan,0,nan,nan,nan,TRACKING,0.059018878999950175,0.0,0.0,10.529818006924355,0,0,0,7.228759765625,0.00903594970703125,1.0,0,0,0,0,6,2,0
1783,185.47170013200014,265.04998779296875,4.1500091552734375,272.8999938964844,478.6999816894531,265.04998779296875,4.1500091552734375,272.8999938964844,478.6999816894531,nan,nan,nan,nan,0.7181789875030518,nan,0,nan,nan,nan,TRACKING,0.04611391799994635,0.0,0.0,14.342282913085185,0,0,0,0.228759765625,0.00028594970703125,1.0,0,0,0,0,6,2,0
1784,185.54019328900006,265.04998779296875,4.1500091552734375,272.8999938964844,478.6999816894531,265.04998779296875,4.1500091552734375,272.8999938964844,478.6999816894531,nan,nan,nan,nan,0.7127086520195007,nan,0,nan,nan,nan,TRACKING,0.04267823400005,0.0,0.0,14.599998653897016,0,0,0,0.0,0.0,1.0,0,0,0,0,6,2,0
1785,185.8238795200001,265.04998779296875,4.1500091552734375,272.8999938964844,478.6999816894531,265.04998779296875,4.1500091552734375,272.8999938964844,478.6999816894531,nan,nan,nan,nan,0.7247486114501953,nan,0,nan,nan,nan,SUSPECTED_LOST,0.04947262099994987,0.21192223700018076,0.0,3.5250212760584576,0,0,0,0.0,0.0,1.0,0,0,0,0,6,2,0
1786,185.89411286300003,265.04998779296875,4.1500091552734375,272.8999938964844,478.6999816894531,265.04998779296875,4.1500091552734375,272.8999938964844,478.6999816894531,nan,nan,nan,nan,0.7391612529754639,nan,0,nan,nan,nan,TRACKING,0.03817138499994144,0.0,0.0,14.238251481223637,0,0,0,0.0,0.0,1.0,0,0,0,0,6,2,0
1787,185.96184751700014,265.04998779296875,4.1500091552734375,272.8999938964844,478.6999816894531,265.04998779296875,4.1500091552734375,272.8999938964844,478.6999816894531,nan,nan,nan,nan,0.7578621506690979,nan,0,nan,nan,nan,TRACKING,0.045208537999997134,0.0,0.0,14.763491668510545,0,0,0,0.0,0.0,1.0,0,0,0,0,6,2,0
1788,186.0389112890001,265.04998779296875,4.1500091552734375,272.8999938964844,478.6999816894531,265.04998779296875,4.1500091552734375,272.8999938964844,478.6999816894531,nan,nan,nan,nan,0.7532005906105042,nan,0,nan,nan,nan,TRACKING,0.047519619000013336,0.0,0.0,12.976265942450063,0,0,0,0.0,0.0,1.0,0,0,0,0,6,2,0
1789,186.16872143600006,265.04998779296875,4.1500091552734375,272.8999938964844,478.6999816894531,265.04998779296875,4.1500091552734375,272.8999938964844,478.6999816894531,nan,nan,nan,nan,0.7468693852424622,nan,0,nan,nan,nan,TRACKING,0.09895107500005906,0.0,0.0,7.703558027712836,0,0,0,0.0,0.0,1.0,0,0,0,0,6,2,0
1790,186.23929363900004,265.04998779296875,4.1500091552734375,272.8999938964844,478.6999816894531,265.04998779296875,4.1500091552734375,272.8999938964844,478.6999816894531,nan,nan,nan,nan,0.772925078868866,nan,0,nan,nan,nan,TRACKING,0.04826546499998585,0.0,0.0,14.169884989990123,0,0,0,0.0,0.0,1.0,0,0,0,0,6,2,0
1791,186.30699469800004,265.04998779296875,4.1500091552734375,272.8999938964844,478.6999816894531,265.04998779296875,4.1500091552734375,272.8999938964844,478.6999816894531,nan,nan,nan,nan,0.7751169204711914,nan,0,nan,nan,nan,TRACKING,0.044699465999883614,0.0,0.0,14.770817691344929,0,0,0,0.0,0.0,1.0,0,0,0,0,6,2,0
1792,186.3783244130001,265.04998779296875,4.1500091552734375,272.8999938964844,478.6999816894531,265.04998779296875,4.1500091552734375,272.8999938964844,478.6999816894531,nan,nan,nan,nan,0.7737831473350525,nan,0,nan,nan,nan,TRACKING,0.04689033699992251,0.0,0.0,14.019402713151722,0,0,0,0.0,0.0,1.0,0,0,0,0,6,2,0
1793,186.45550704100003,265.04998779296875,4.1500091552734375,272.8999938964844,478.6999816894531,265.04998779296875,4.1500091552734375,272.8999938964844,478.6999816894531,nan,nan,nan,nan,0.7702449560165405,nan,0,nan,nan,nan,TRACKING,0.04646777799985102,0.0,0.0,12.956283375071147,0,0,0,0.0,0.0,1.0,0,0,0,0,6,2,0
1794,186.538282891,272.27874755859375,4.1500091552734375,272.8999938964844,478.6999816894531,272.27874755859375,4.1500091552734375,272.8999938964844,478.6999816894531,nan,nan,nan,nan,0.7727600932121277,nan,0,nan,nan,nan,TRACKING,0.05377774700014015,0.0,0.0,12.080818257987826,0,0,0,7.228759765625,0.00903594970703125,1.0,0,0,0,0,6,2,0
1795,186.60648333300003,272.04998779296875,4.1500091552734375,272.8999938964844,478.6999816894531,272.04998779296875,4.1500091552734375,272.8999938964844,478.6999816894531,nan,nan,nan,nan,0.7952914834022522,nan,0,nan,nan,nan,TRACKING,0.045877089999976306,0.0,0.0,14.662661570426513,0,0,0,0.228759765625,0.00028594970703125,1.0,0,0,0,0,6,2,0
1796,186.67465846300013,272.04998779296875,4.1500091552734375,272.8999938964844,478.6999816894531,272.04998779296875,4.1500091552734375,272.8999938964844,478.6999816894531,nan,nan,nan,nan,0.7975690364837646,nan,0,nan,nan,nan,TRACKING,0.0419855650000045,0.0,0.0,14.668105510008386,0,0,0,0.0,0.0,1.0,0,0,0,0,6,2,0
1797,186.75336116899996,272.04998779296875,4.1500091552734375,272.8999938964844,478.6999816894531,272.04998779296875,4.1500091552734375,272.8999938964844,478.6999816894531,nan,nan,nan,nan,0.7928370833396912,nan,0,nan,nan,nan,TRACKING,0.05434067399983178,0.0,0.0,12.706043423743893,0,0,0,0.0,0.0,1.0,0,0,0,0,6,2,0
1798,186.81741888499994,272.04998779296875,4.1500091552734375,272.8999938964844,478.6999816894531,272.04998779296875,4.1500091552734375,272.8999938964844,478.6999816894531,nan,nan,nan,nan,0.7929192781448364,nan,0,nan,nan,nan,TRACKING,0.04041856000003463,0.0,0.0,15.610921875521171,0,0,0,0.0,0.0,1.0,0,0,0,0,6,2,0
1799,186.89601117300015,272.04998779296875,4.1500091552734375,272.8999938964844,478.6999816894531,272.04998779296875,4.1500091552734375,272.8999938964844,478.6999816894531,nan,nan,nan,nan,0.7914061546325684,nan,0,nan,nan,nan,TRACKING,0.048159264999867446,0.0,0.0,12.723894741394227,0,0,0,0.0,0.0,1.0,0,0,0,0,6,2,0
1800,187.2995282600001,272.04998779296875,4.1500091552734375,272.8999938964844,478.6999816894531,272.04998779296875,4.1500091552734375,272.8999938964844,478.6999816894531,304.0,0.0,176.0,480.0,0.7916776537895203,0.770294,1,0.637520844440549,0.021083891083456412,1.5463686325911332,DETECTOR_CONFIRMED,0.046416110000109256,0.33141199399983634,0.0,2.4782098013116163,0,0,0,0.0,0.0,1.0,0,0,0,0,6,2,0
1801,187.37195028500003,272.04998779296875,4.1500091552734375,272.8999938964844,478.6999816894531,272.04998779296875,4.1500091552734375,272.8999938964844,478.6999816894531,nan,nan,nan,nan,0.7941486239433289,nan,0,nan,nan,nan,TRACKING,0.045924694999939675,0.0,0.0,13.807954141037301,0,0,0,0.0,0.0,1.0,0,0,0,0,6,2,0
1802,187.4479989340001,272.04998779296875,4.1500091552734375,272.8999938964844,478.6999816894531,272.04998779296875,4.1500091552734375,272.8999938964844,478.6999816894531,nan,nan,nan,nan,0.789354145526886,nan,0,nan,nan,nan,TRACKING,0.04910193699993215,0.0,0.0,13.149477514043305,0,0,0,0.0,0.0,1.0,0,0,0,0,6,2,0
1803,187.53658597700007,272.04998779296875,4.1500091552734375,272.8999938964844,478.6999816894531,272.04998779296875,4.1500091552734375,272.8999938964844,478.6999816894531,nan,nan,nan,nan,0.7943562865257263,nan,0,nan,nan,nan,TRACKING,0.05895304299997406,0.0,0.0,11.288332538658462,0,0,0,0.0,0.0,1.0,0,0,0,0,6,2,0
1804,187.622852093,272.04998779296875,4.1500091552734375,272.8999938964844,478.6999816894531,272.04998779296875,4.1500091552734375,272.8999938964844,478.6999816894531,nan,nan,nan,nan,0.7908393144607544,nan,0,nan,nan,nan,TRACKING,0.06291378899982192,0.0,0.0,11.592036901264596,0,0,0,0.0,0.0,1.0,0,0,0,0,6,2,0
1805,187.69921423800008,272.04998779296875,4.1500091552734375,272.8999938964844,478.6999816894531,272.04998779296875,4.1500091552734375,272.8999938964844,478.6999816894531,nan,nan,nan,nan,0.7833545804023743,nan,0,nan,nan,nan,TRACKING,0.052711635000150636,0.0,0.0,13.095493847102,0,0,0,0.0,0.0,1.0,0,0,0,0,6,2,0
1806,187.77545935,272.04998779296875,4.1500091552734375,272.8999938964844,478.6999816894531,272.04998779296875,4.1500091552734375,272.8999938964844,478.6999816894531,nan,nan,nan,nan,0.7868250608444214,nan,0,nan,nan,nan,TRACKING,0.04937933799988059,0.0,0.0,13.11559487250796,0,0,0,0.0,0.0,1.0,0,0,0,0,6,2,0
1807,187.86615033400005,264.82122802734375,4.1500091552734375,272.8999938964844,478.6999816894531,264.82122802734375,4.1500091552734375,272.8999938964844,478.6999816894531,nan,nan,nan,nan,0.7765612006187439,nan,0,nan,nan,nan,TRACKING,0.06033239099997445,0.0,0.0,11.026454404767184,0,0,0,7.228759765625,0.00903594970703125,1.0,0,0,0,0,6,2,0
1808,187.94025525300015,265.04998779296875,4.1500091552734375,272.8999938964844,478.6999816894531,265.04998779296875,4.1500091552734375,272.8999938964844,478.6999816894531,nan,nan,nan,nan,0.7711887955665588,nan,0,nan,nan,nan,TRACKING,0.05181542099990111,0.0,0.0,13.494380852082921,0,0,0,0.228759765625,0.00028594970703125,1.0,0,0,0,0,6,2,0
1809,188.020766687,265.04998779296875,4.1500091552734375,272.8999938964844,478.6999816894531,265.04998779296875,4.1500091552734375,272.8999938964844,478.6999816894531,nan,nan,nan,nan,0.7429232597351074,nan,0,nan,nan,nan,TRACKING,0.0528534600000512,0.0,0.0,12.420596060951048,0,0,0,0.0,0.0,1.0,0,0,0,0,6,2,0
1810,188.10942784500014,265.04998779296875,4.1500091552734375,272.8999938964844,478.6999816894531,265.04998779296875,4.1500091552734375,272.8999938964844,478.6999816894531,nan,nan,nan,nan,0.7430866360664368,nan,0,nan,nan,nan,TRACKING,0.06580545199994958,0.0,0.0,11.278896221931916,0,0,0,0.0,0.0,1.0,0,0,0,0,6,2,0
1811,188.17306419700014,265.04998779296875,4.1500091552734375,272.8999938964844,478.6999816894531,265.04998779296875,4.1500091552734375,272.8999938964844,478.6999816894531,nan,nan,nan,nan,0.7207596898078918,nan,0,nan,nan,nan,TRACKING,0.03927234100001442,0.0,0.0,15.714288587754844,0,0,0,0.0,0.0,1.0,0,0,0,0,6,2,0
1812,188.246802859,265.04998779296875,4.1500091552734375,272.8999938964844,478.6999816894531,265.04998779296875,4.1500091552734375,272.8999938964844,478.6999816894531,nan,nan,nan,nan,0.6984090209007263,nan,0,nan,nan,nan,TRACKING,0.044390240999973685,0.0,0.0,13.561406904857854,0,0,0,0.0,0.0,1.0,0,0,0,0,6,2,0
1813,188.32695069299996,265.04998779296875,4.1500091552734375,272.8999938964844,478.6999816894531,265.04998779296875,4.1500091552734375,272.8999938964844,478.6999816894531,nan,nan,nan,nan,0.7237935662269592,nan,0,nan,nan,nan,TRACKING,0.049992212000006475,0.0,0.0,12.476943544109853,0,0,0,0.0,0.0,1.0,0,0,0,0,6,2,0
1814,188.47306851300016,265.04998779296875,4.1500091552734375,272.8999938964844,478.6999816894531,265.04998779296875,4.1500091552734375,272.8999938964844,478.6999816894531,nan,nan,nan,nan,0.7161075472831726,nan,0,nan,nan,nan,TRACKING,0.11613240899987431,0.0,0.0,6.843792221911292,0,0,0,0.0,0.0,1.0,0,0,0,0,6,2,0
1815,188.76532879000013,265.04998779296875,4.1500091552734375,272.8999938964844,478.6999816894531,265.04998779296875,4.1500091552734375,272.8999938964844,478.6999816894531,157.0,4.0,184.0,473.0,0.7031949758529663,0.836513,1,0.19758858745579044,0.1906618626082146,1.5010251640925054,DETECTOR_CONFIRMED,0.04213765000008607,0.22627633199999764,0.0,3.421607651456882,0,0,0,0.0,0.0,1.0,0,0,0,0,6,2,0
1816,188.85235569999998,265.04998779296875,4.1500091552734375,272.8999938964844,478.6999816894531,265.04998779296875,4.1500091552734375,272.8999938964844,478.6999816894531,nan,nan,nan,nan,0.7014530301094055,nan,0,nan,nan,nan,TRACKING,0.05721332500002063,0.0,0.0,11.490698681611574,0,0,0,0.0,0.0,1.0,0,0,0,0,6,2,0
1817,188.92486928899996,265.04998779296875,4.1500091552734375,272.8999938964844,478.6999816894531,265.04998779296875,4.1500091552734375,272.8999938964844,478.6999816894531,nan,nan,nan,nan,0.700125515460968,nan,0,nan,nan,nan,TRACKING,0.04639970300013374,0.0,0.0,13.790518629552992,0,0,0,0.0,0.0,1.0,0,0,0,0,6,2,0
1818,189.00458701100013,265.04998779296875,4.1500091552734375,272.8999938964844,478.6999816894531,265.04998779296875,4.1500091552734375,272.8999938964844,478.6999816894531,nan,nan,nan,nan,0.6966708302497864,nan,0,nan,nan,nan,TRACKING,0.05070175600008042,0.0,0.0,12.54426211524064,0,0,0,0.0,0.0,1.0,0,0,0,0,6,2,0
1819,189.07963996599995,265.04998779296875,4.1500091552734375,272.8999938964844,478.6999816894531,265.04998779296875,4.1500091552734375,272.8999938964844,478.6999816894531,nan,nan,nan,nan,0.7017649412155151,nan,0,nan,nan,nan,TRACKING,0.04495045899989236,0.0,0.0,13.323925753521763,0,0,0,0.0,0.0,1.0,0,0,0,0,6,2,0
1820,189.15273517799994,265.04998779296875,4.1500091552734375,272.8999938964844,478.6999816894531,265.04998779296875,4.1500091552734375,272.8999938964844,478.6999816894531,nan,nan,nan,nan,0.6986615061759949,nan,0,nan,nan,nan,TRACKING,0.04783410200002436,0.0,0.0,13.680786643043357,0,0,0,0.0,0.0,1.0,0,0,0,0,6,2,0
1821,189.21651137600008,265.04998779296875,4.1500091552734375,272.8999938964844,478.6999816894531,265.04998779296875,4.1500091552734375,272.8999938964844,478.6999816894531,nan,nan,nan,nan,0.6987281441688538,nan,0,nan,nan,nan,TRACKING,0.04016344900014701,0.0,0.0,15.679830898633721,0,0,0,0.0,0.0,1.0,0,0,0,0,6,2,0
1822,189.30028338600016,265.04998779296875,4.1500091552734375,272.8999938964844,478.6999816894531,265.04998779296875,4.1500091552734375,272.8999938964844,478.6999816894531,nan,nan,nan,nan,0.691903829574585,nan,0,nan,nan,nan,TRACKING,0.055220999999846754,0.0,0.0,11.93716135018251,0,0,0,0.0,0.0,1.0,0,0,0,0,6,2,0
1823,189.3688955010001,265.04998779296875,4.1500091552734375,272.8999938964844,478.6999816894531,265.04998779296875,4.1500091552734375,272.8999938964844,478.6999816894531,nan,nan,nan,nan,0.6926166415214539,nan,0,nan,nan,nan,TRACKING,0.04575234799995087,0.0,0.0,14.57468553477352,0,0,0,0.0,0.0,1.0,0,0,0,0,6,2,0
1824,189.47167216000014,265.04998779296875,4.1500091552734375,272.8999938964844,478.6999816894531,265.04998779296875,4.1500091552734375,272.8999938964844,478.6999816894531,nan,nan,nan,nan,0.6941865682601929,nan,0,nan,nan,nan,TRACKING,0.07362699200007228,0.0,0.0,9.729835642932551,0,0,0,0.0,0.0,1.0,0,0,0,0,6,2,0
1825,189.54626140800008,265.04998779296875,4.1500091552734375,272.8999938964844,478.6999816894531,265.04998779296875,4.1500091552734375,272.8999938964844,478.6999816894531,nan,nan,nan,nan,0.7005125284194946,nan,0,nan,nan,nan,TRACKING,0.05053013799988548,0.0,0.0,13.40675803570008,0,0,0,0.0,0.0,1.0,0,0,0,0,6,2,0
1826,189.61658610400002,265.04998779296875,4.1500091552734375,272.8999938964844,478.6999816894531,265.04998779296875,4.1500091552734375,272.8999938964844,478.6999816894531,nan,nan,nan,nan,0.7006639242172241,nan,0,nan,nan,nan,TRACKING,0.04332668100005321,0.0,0.0,14.219755745560656,0,0,0,0.0,0.0,1.0,0,0,0,0,6,2,0
1827,189.69501140800014,265.04998779296875,4.1500091552734375,272.8999938964844,478.6999816894531,265.04998779296875,4.1500091552734375,272.8999938964844,478.6999816894531,nan,nan,nan,nan,0.701962411403656,nan,0,nan,nan,nan,TRACKING,0.05129202500006613,0.0,0.0,12.750986594817217,0,0,0,0.0,0.0,1.0,0,0,0,0,6,2,0
1828,189.77183980899997,265.04998779296875,4.1500091552734375,272.8999938964844,478.6999816894531,265.04998779296875,4.1500091552734375,272.8999938964844,478.6999816894531,nan,nan,nan,nan,0.6977462768554688,nan,0,nan,nan,nan,TRACKING,0.049145166000016616,0.0,0.0,13.01601994817277,0,0,0,0.0,0.0,1.0,0,0,0,0,6,2,0
1829,189.8559594290001,265.04998779296875,4.1500091552734375,272.8999938964844,478.6999816894531,265.04998779296875,4.1500091552734375,272.8999938964844,478.6999816894531,nan,nan,nan,nan,0.6950168609619141,nan,0,nan,nan,nan,TRACKING,0.05247589999999036,0.0,0.0,11.88783306437146,0,0,0,0.0,0.0,1.0,0,0,0,0,6,2,0
1830,190.21090317300002,265.04998779296875,4.1500091552734375,272.8999938964844,478.6999816894531,265.04998779296875,4.1500091552734375,272.8999938964844,478.6999816894531,nan,nan,nan,nan,0.6914329528808594,nan,0,nan,nan,nan,SUSPECTED_LOST,0.057447236000143675,0.2703644800001257,0.0,2.8173478668221033,0,0,0,0.0,0.0,1.0,0,0,0,0,6,2,0
1831,190.29177508100008,265.04998779296875,4.1500091552734375,272.8999938964844,478.6999816894531,265.04998779296875,4.1500091552734375,272.8999938964844,478.6999816894531,nan,nan,nan,nan,0.6845391392707825,nan,0,nan,nan,nan,TRACKING,0.05000851399995554,0.0,0.0,12.365233178364273,0,0,0,0.0,0.0,1.0,0,0,0,0,6,2,0
1832,190.369573758,265.04998779296875,4.1500091552734375,272.8999938964844,478.6999816894531,265.04998779296875,4.1500091552734375,272.8999938964844,478.6999816894531,nan,nan,nan,nan,0.6776807308197021,nan,0,nan,nan,nan,TRACKING,0.05228985499979899,0.0,0.0,12.85368901583048,0,0,0,0.0,0.0,1.0,0,0,0,0,6,2,0
1833,190.44192171800012,265.04998779296875,4.1500091552734375,272.8999938964844,478.6999816894531,265.04998779296875,4.1500091552734375,272.8999938964844,478.6999816894531,nan,nan,nan,nan,0.6608797907829285,nan,0,nan,nan,nan,TRACKING,0.044232424999790965,0.0,0.0,13.822089800436704,0,0,0,0.0,0.0,1.0,0,0,0,0,6,2,0
1834,190.507621073,265.04998779296875,4.1500091552734375,272.8999938964844,478.6999816894531,265.04998779296875,4.1500091552734375,272.8999938964844,478.6999816894531,nan,nan,nan,nan,0.65372633934021,nan,0,nan,nan,nan,TRACKING,0.04228942300005656,0.0,0.0,15.220849580667041,0,0,0,0.0,0.0,1.0,0,0,0,0,6,2,0
1835,190.57708117000004,265.04998779296875,4.1500091552734375,272.8999938964844,478.6999816894531,265.04998779296875,4.1500091552734375,272.8999938964844,478.6999816894531,nan,nan,nan,nan,0.6465654969215393,nan,0,nan,nan,nan,TRACKING,0.04330157499998677,0.0,0.0,14.396755017479032,0,0,0,0.0,0.0,1.0,0,0,0,0,6,2,0
1836,190.64880214000016,265.04998779296875,4.1500091552734375,272.8999938964844,478.6999816894531,265.04998779296875,4.1500091552734375,272.8999938964844,478.6999816894531,nan,nan,nan,nan,0.6430771946907043,nan,0,nan,nan,nan,TRACKING,0.048950630999797795,0.0,0.0,13.942923527085563,0,0,0,0.0,0.0,1.0,0,0,0,0,6,2,0
1837,190.715064266,265.04998779296875,4.1500091552734375,272.8999938964844,478.6999816894531,265.04998779296875,4.1500091552734375,272.8999938964844,478.6999816894531,nan,nan,nan,nan,0.6213580965995789,nan,0,nan,nan,nan,TRACKING,0.042498125000065556,0.0,0.0,15.091577351474873,0,0,0,0.0,0.0,1.0,0,0,0,0,6,2,0
1838,190.79530439100006,265.04998779296875,4.1500091552734375,272.8999938964844,478.6999816894531,265.04998779296875,4.1500091552734375,272.8999938964844,478.6999816894531,nan,nan,nan,nan,0.61378014087677,nan,0,nan,nan,nan,TRACKING,0.04846077799993509,0.0,0.0,12.46259274894487,0,0,0,0.0,0.0,1.0,0,0,0,0,6,2,0
1839,190.92016179300015,265.04998779296875,4.1500091552734375,272.8999938964844,478.6999816894531,265.04998779296875,4.1500091552734375,272.8999938964844,478.6999816894531,nan,nan,nan,nan,0.6066353917121887,nan,0,nan,nan,nan,TRACKING,0.09708161200001086,0.0,0.0,8.009136694989769,0,0,0,0.0,0.0,1.0,0,0,0,0,6,2,0
1840,190.98375590400008,265.04998779296875,4.1500091552734375,272.8999938964844,478.6999816894531,265.04998779296875,4.1500091552734375,272.8999938964844,478.6999816894531,nan,nan,nan,nan,0.6800177097320557,nan,0,nan,nan,nan,TRACKING,0.04083215800005746,0.0,0.0,15.724726460931425,0,0,0,0.0,0.0,1.0,0,0,0,0,6,2,0
1841,191.06359669999995,265.04998779296875,4.1500091552734375,272.8999938964844,478.6999816894531,265.04998779296875,4.1500091552734375,272.8999938964844,478.6999816894531,nan,nan,nan,nan,0.6811376810073853,nan,0,nan,nan,nan,TRACKING,0.05573606000007203,0.0,0.0,12.52492522746908,0,0,0,0.0,0.0,1.0,0,0,0,0,6,2,0
1842,191.13467354300008,265.04998779296875,4.1500091552734375,272.8999938964844,478.6999816894531,265.04998779296875,4.1500091552734375,272.8999938964844,478.6999816894531,nan,nan,nan,nan,0.6783179640769958,nan,0,nan,nan,nan,TRACKING,0.04303250900011335,0.0,0.0,14.069279920018369,0,0,0,0.0,0.0,1.0,0,0,0,0,6,2,0
1843,191.199009176,265.04998779296875,4.1500091552734375,272.8999938964844,478.6999816894531,265.04998779296875,4.1500091552734375,272.8999938964844,478.6999816894531,nan,nan,nan,nan,0.6852614283561707,nan,0,nan,nan,nan,TRACKING,0.04108643299991854,0.0,0.0,15.543485831578305,0,0,0,0.0,0.0,1.0,0,0,0,0,6,2,0
1844,191.26398424800016,265.04998779296875,4.1500091552734375,272.8999938964844,478.6999816894531,265.04998779296875,4.1500091552734375,272.8999938964844,478.6999816894531,nan,nan,nan,nan,0.6823394298553467,nan,0,nan,nan,nan,TRACKING,0.039739743999916755,0.0,0.0,15.390517766531442,0,0,0,0.0,0.0,1.0,0,0,0,0,6,2,0
1845,191.6702755340001,265.04998779296875,4.1500091552734375,272.8999938964844,478.6999816894531,265.04998779296875,4.1500091552734375,272.8999938964844,478.6999816894531,nan,nan,nan,nan,0.6790801882743835,nan,0,nan,nan,nan,SUSPECTED_LOST,0.04067741600010777,0.33735224000020025,0.0,2.4612883280005766,0,0,0,0.0,0.0,1.0,0,0,0,0,6,2,0
1846,191.75500943400004,265.04998779296875,4.1500091552734375,272.8999938964844,478.6999816894531,265.04998779296875,4.1500091552734375,272.8999938964844,478.6999816894531,nan,nan,nan,nan,0.6866815090179443,nan,0,nan,nan,nan,TRACKING,0.04095023299987588,0.0,0.0,11.801651995253744,0,0,0,0.0,0.0,1.0,0,0,0,0,6,2,0
1847,191.83153730800007,265.04998779296875,4.1500091552734375,272.8999938964844,478.6999816894531,265.04998779296875,4.1500091552734375,272.8999938964844,478.6999816894531,nan,nan,nan,nan,0.6903084516525269,nan,0,nan,nan,nan,TRACKING,0.05125728500001969,0.0,0.0,13.06713420524033,0,0,0,0.0,0.0,1.0,0,0,0,0,6,2,0
1848,191.90346156099997,265.04998779296875,4.1500091552734375,272.8999938964844,478.6999816894531,265.04998779296875,4.1500091552734375,272.8999938964844,478.6999816894531,nan,nan,nan,nan,0.6883407831192017,nan,0,nan,nan,nan,TRACKING,0.046691425000062736,0.0,0.0,13.90351596701742,0,0,0,0.0,0.0,1.0,0,0,0,0,6,2,0
1849,191.967726256,265.04998779296875,4.1500091552734375,272.8999938964844,478.6999816894531,265.04998779296875,4.1500091552734375,272.8999938964844,478.6999816894531,nan,nan,nan,nan,0.6886159777641296,nan,0,nan,nan,nan,TRACKING,0.04126987399990867,0.0,0.0,15.560643367243726,0,0,0,0.0,0.0,1.0,0,0,0,0,6,2,0
1850,192.04286009600003,265.04998779296875,4.1500091552734375,272.8999938964844,478.6999816894531,265.04998779296875,4.1500091552734375,272.8999938964844,478.6999816894531,nan,nan,nan,nan,0.6901326179504395,nan,0,nan,nan,nan,TRACKING,0.046470691999957126,0.0,0.0,13.309581940701213,0,0,0,0.0,0.0,1.0,0,0,0,0,6,2,0
1851,192.11714735800012,265.04998779296875,4.1500091552734375,272.8999938964844,478.6999816894531,265.04998779296875,4.1500091552734375,272.8999938964844,478.6999816894531,nan,nan,nan,nan,0.6948915123939514,nan,0,nan,nan,nan,TRACKING,0.049135216999957265,0.0,0.0,13.461258001387641,0,0,0,0.0,0.0,1.0,0,0,0,0,6,2,0
1852,192.19325730699995,265.04998779296875,4.1500091552734375,272.8999938964844,478.6999816894531,265.04998779296875,4.1500091552734375,272.8999938964844,478.6999816894531,nan,nan,nan,nan,0.6930301189422607,nan,0,nan,nan,nan,TRACKING,0.045030771000028835,0.0,0.0,13.138886743995199,0,0,0,0.0,0.0,1.0,0,0,0,0,6,2,0
1853,192.2635879390001,265.04998779296875,4.1500091552734375,272.8999938964844,478.6999816894531,265.04998779296875,4.1500091552734375,272.8999938964844,478.6999816894531,nan,nan,nan,nan,0.693496584892273,nan,0,nan,nan,nan,TRACKING,0.04346824399999605,0.0,0.0,14.218555578995282,0,0,0,0.0,0.0,1.0,0,0,0,0,6,2,0
1854,192.336407936,265.04998779296875,4.1500091552734375,272.8999938964844,478.6999816894531,265.04998779296875,4.1500091552734375,272.8999938964844,478.6999816894531,nan,nan,nan,nan,0.6956202983856201,nan,0,nan,nan,nan,TRACKING,0.04524014999992687,0.0,0.0,13.732491639644214,0,0,0,0.0,0.0,1.0,0,0,0,0,6,2,0
1855,192.410501081,265.04998779296875,4.1500091552734375,272.8999938964844,478.6999816894531,265.04998779296875,4.1500091552734375,272.8999938964844,478.6999816894531,nan,nan,nan,nan,0.6954496502876282,nan,0,nan,nan,nan,TRACKING,0.05035154000006514,0.0,0.0,13.496525218357467,0,0,0,0.0,0.0,1.0,0,0,0,0,6,2,0
1856,192.48170964400003,265.04998779296875,4.1500091552734375,272.8999938964844,478.6999816894531,265.04998779296875,4.1500091552734375,272.8999938964844,478.6999816894531,nan,nan,nan,nan,0.6984207630157471,nan,0,nan,nan,nan,TRACKING,0.046636006999960955,0.0,0.0,14.043254882135662,0,0,0,0.0,0.0,1.0,0,0,0,0,6,2,0
1857,192.555592993,265.04998779296875,4.1500091552734375,272.8999938964844,478.6999816894531,265.04998779296875,4.1500091552734375,272.8999938964844,478.6999816894531,nan,nan,nan,nan,0.6989184617996216,nan,0,nan,nan,nan,TRACKING,0.04955386999995426,0.0,0.0,13.534849374524125,0,0,0,0.0,0.0,1.0,0,0,0,0,6,2,0
1858,192.62634326700015,265.04998779296875,4.1500091552734375,272.8999938964844,478.6999816894531,265.04998779296875,4.1500091552734375,272.8999938964844,478.6999816894531,nan,nan,nan,nan,0.6950877904891968,nan,0,nan,nan,nan,TRACKING,0.04229525499999909,0.0,0.0,14.13422087945437,0,0,0,0.0,0.0,1.0,0,0,0,0,6,2,0
1859,192.701582368,265.04998779296875,4.1500091552734375,272.8999938964844,478.6999816894531,265.04998779296875,4.1500091552734375,272.8999938964844,478.6999816894531,nan,nan,nan,nan,0.6963449120521545,nan,0,nan,nan,nan,TRACKING,0.04944964900005289,0.0,0.0,13.2909615706595,0,0,0,0.0,0.0,1.0,0,0,0,0,6,2,0
1860,193.07831543600003,265.04998779296875,4.1500091552734375,272.8999938964844,478.6999816894531,99.0,11.0,143.0,465.0,99.0,11.0,143.0,465.0,0.6997501850128174,0.973728,1,0.0,0.28874998092651366,1.9646172205624324,SOFT_REINITIALIZING,0.04640220099986436,0.3024295019999954,0.0,2.6543993212720665,0,0,0,0.0,0.0,1.0,0,0,0,0,7,2,0
1861,193.10300945200004,99.0,11.0,143.0,465.0,99.0,11.0,143.0,465.0,nan,nan,nan,nan,,nan,0,nan,nan,nan,INITIALIZING,0.0,0.0,0.0,40.495640725247206,0,0,0,0.0,0.0,1.0,0,0,0,0,7,2,0
1862,193.12986866200015,99.0,11.0,143.0,465.0,99.0,11.0,143.0,465.0,nan,nan,nan,nan,,nan,0,nan,nan,nan,INITIALIZING,0.0,0.0,0.0,37.23117694064156,0,0,0,0.0,0.0,1.0,0,0,0,0,7,2,0
1863,193.16413607100014,99.0,11.0,143.0,465.0,99.0,11.0,143.0,465.0,nan,nan,nan,nan,,nan,0,nan,nan,nan,INITIALIZING,0.0,0.0,0.0,29.182247190038733,0,0,0,0.0,0.0,1.0,0,0,0,0,7,2,0
1864,193.18711709000002,99.0,11.0,143.0,465.0,99.0,11.0,143.0,465.0,nan,nan,nan,nan,,nan,0,nan,nan,nan,INITIALIZING,0.0,0.0,0.0,43.51417141274664,0,0,0,0.0,0.0,1.0,0,0,0,0,7,2,0
1865,193.21910930399997,99.0,11.0,143.0,465.0,99.0,11.0,143.0,465.0,nan,nan,nan,nan,,nan,0,nan,nan,nan,INITIALIZING,0.0,0.0,0.0,31.257605366148415,0,0,0,0.0,0.0,1.0,0,0,0,0,7,2,0
1866,193.25274435900008,99.0,11.0,143.0,465.0,99.0,11.0,143.0,465.0,nan,nan,nan,nan,,nan,0,nan,nan,nan,INITIALIZING,0.0,0.0,0.0,29.730886421826817,0,0,0,0.0,0.0,1.0,0,0,0,0,7,2,0
1867,193.28239965900013,99.0,11.0,143.0,465.0,99.0,11.0,143.0,465.0,nan,nan,nan,nan,,nan,0,nan,nan,nan,INITIALIZING,0.0,0.0,0.0,33.72078515469496,0,0,0,0.0,0.0,1.0,0,0,0,0,7,2,0
1868,193.31261632200005,99.0,11.0,143.0,465.0,99.0,11.0,143.0,465.0,nan,nan,nan,nan,,nan,0,nan,nan,nan,INITIALIZING,0.0,0.0,0.0,33.09432282455127,0,0,0,0.0,0.0,1.0,0,0,0,0,7,2,0
1869,193.36786158999996,99.0,11.0,143.0,465.0,99.0,11.0,143.0,465.0,nan,nan,nan,nan,,nan,0,nan,nan,nan,INITIALIZING,0.0,0.0,0.0,18.101097817131937,0,0,0,0.0,0.0,1.0,0,0,0,0,7,2,0
1870,193.39445787900002,99.0,11.0,143.0,465.0,99.0,11.0,143.0,465.0,nan,nan,nan,nan,,nan,0,nan,nan,nan,INITIALIZING,0.0,0.0,0.0,37.599230479033366,0,0,0,0.0,0.0,1.0,0,0,0,0,7,2,0
1871,193.45362139199995,99.0,11.0,143.0,465.0,99.0,11.0,143.0,465.0,nan,nan,nan,nan,,nan,0,nan,nan,nan,INITIALIZING,0.0,0.0,0.0,16.902309367619473,0,0,0,0.0,0.0,1.0,0,0,0,0,7,2,0
1872,193.49124990100006,99.0,11.0,143.0,465.0,99.0,11.0,143.0,465.0,nan,nan,nan,nan,,nan,0,nan,nan,nan,INITIALIZING,0.0,0.0,0.0,26.575594584333682,0,0,0,0.0,0.0,1.0,0,0,0,0,7,2,0
1873,193.5344041290001,99.0,11.0,143.0,465.0,99.0,11.0,143.0,465.0,nan,nan,nan,nan,,nan,0,nan,nan,nan,INITIALIZING,0.0,0.0,0.0,23.17270048253152,0,0,0,0.0,0.0,1.0,0,0,0,0,7,2,0
1874,193.58225276099995,99.0,11.0,143.0,465.0,99.0,11.0,143.0,465.0,nan,nan,nan,nan,,nan,0,nan,nan,nan,INITIALIZING,0.0,0.0,0.0,20.899239083853487,0,0,0,0.0,0.0,1.0,0,0,0,0,7,2,0
1875,193.63319811200006,99.0,11.0,143.0,465.0,99.0,11.0,143.0,465.0,nan,nan,nan,nan,,nan,0,nan,nan,nan,INITIALIZING,0.0,0.0,0.0,19.62887644051862,0,0,0,0.0,0.0,1.0,0,0,0,0,7,2,0
1876,193.70173496300015,99.0,11.0,143.0,465.0,99.0,11.0,143.0,465.0,nan,nan,nan,nan,,nan,0,nan,nan,nan,INITIALIZING,0.0,0.0,0.0,14.590690780332007,0,0,0,0.0,0.0,1.0,0,0,0,0,7,2,0
1877,193.74386490300014,99.0,11.0,143.0,465.0,99.0,11.0,143.0,465.0,nan,nan,nan,nan,,nan,0,nan,nan,nan,INITIALIZING,0.0,0.0,0.0,23.736088871717183,0,0,0,0.0,0.0,1.0,0,0,0,0,7,2,0
1878,193.85096814199994,99.0,11.0,143.0,465.0,99.0,11.0,143.0,465.0,nan,nan,nan,nan,0.8052244782447815,nan,0,nan,nan,nan,TRACKING,0.058604544999980135,0.0,0.6696599020001486,9.33678579040812,0,0,0,0.0,0.0,1.0,0,0,0,0,7,2,0
1879,193.92661047900003,99.0,11.0,143.0,465.0,99.0,11.0,143.0,465.0,nan,nan,nan,nan,0.8024646043777466,nan,0,nan,nan,nan,TRACKING,0.05190432599988526,0.0,0.0,13.220109791145225,0,0,0,0.0,0.0,1.0,0,0,0,0,7,2,0
1880,193.99833436300003,99.0,11.0,143.0,465.0,99.0,11.0,143.0,465.0,nan,nan,nan,nan,0.8034703731536865,nan,0,nan,nan,nan,TRACKING,0.0451049390001117,0.0,0.0,13.942357053615344,0,0,0,0.0,0.0,1.0,0,0,0,0,7,2,0
1881,194.0653154570001,99.0,11.0,143.0,465.0,99.0,11.0,143.0,465.0,nan,nan,nan,nan,0.8043164610862732,nan,0,nan,nan,nan,TRACKING,0.04319834299985814,0.0,0.0,14.929585951503581,0,0,0,0.0,0.0,1.0,0,0,0,0,7,2,0
1882,194.16071933,99.0,11.0,143.0,465.0,99.0,11.0,143.0,465.0,nan,nan,nan,nan,0.8036125898361206,nan,0,nan,nan,nan,TRACKING,0.07090626600006544,0.0,0.0,10.48175476063843,0,0,0,0.0,0.0,1.0,0,0,0,0,7,2,0
1883,194.24357887200006,99.0,11.0,143.0,465.0,99.0,11.0,143.0,465.0,nan,nan,nan,nan,0.8019489645957947,nan,0,nan,nan,nan,TRACKING,0.05078347299991037,0.0,0.0,12.068616068374883,0,0,0,0.0,0.0,1.0,0,0,0,0,7,2,0
1884,194.318421715,99.0,11.0,143.0,465.0,99.0,11.0,143.0,465.0,nan,nan,nan,nan,0.8005367517471313,nan,0,nan,nan,nan,TRACKING,0.04806415600000946,0.0,0.0,13.361331022670704,0,0,0,0.0,0.0,1.0,0,0,0,0,7,2,0
1885,194.38848260199995,99.0,11.0,143.0,465.0,99.0,11.0,143.0,465.0,nan,nan,nan,nan,0.8002766966819763,nan,0,nan,nan,nan,TRACKING,0.04648626499988495,0.0,0.0,14.273299166204593,0,0,0,0.0,0.0,1.0,0,0,0,0,7,2,0
1886,194.4612764520001,99.0,11.0,143.0,465.0,99.0,11.0,143.0,465.0,nan,nan,nan,nan,0.8033277988433838,nan,0,nan,nan,nan,TRACKING,0.04694819999986066,0.0,0.0,13.73742424666233,0,0,0,0.0,0.0,1.0,0,0,0,0,7,2,0
1887,194.54363952799997,99.0,11.0,143.0,465.0,99.0,11.0,143.0,465.0,nan,nan,nan,nan,0.8046383857727051,nan,0,nan,nan,nan,TRACKING,0.05446744200003195,0.0,0.0,12.14136295737229,0,0,0,0.0,0.0,1.0,0,0,0,0,7,2,0
1888,194.615976338,99.0,11.0,143.0,465.0,99.0,11.0,143.0,465.0,nan,nan,nan,nan,0.8081899881362915,nan,0,nan,nan,nan,TRACKING,0.04966845400008424,0.0,0.0,13.82422033816066,0,0,0,0.0,0.0,1.0,0,0,0,0,7,2,0
1889,194.688313409,99.0,11.0,143.0,465.0,99.0,11.0,143.0,465.0,nan,nan,nan,nan,0.8057370781898499,nan,0,nan,nan,nan,TRACKING,0.044872487000020556,0.0,0.0,13.824170458879951,0,0,0,0.0,0.0,1.0,0,0,0,0,7,2,0
1890,195.08305151699994,99.0,11.0,143.0,465.0,99.0,11.0,143.0,465.0,97.0,12.0,146.0,466.0,0.8061788082122803,0.970757,1,0.9732028923862186,0.0019764235376052374,1.023174674787578,DETECTOR_CONFIRMED,0.054954168999984176,0.31392979799989007,0.0,2.533325209128559,0,0,0,0.0,0.0,1.0,0,0,0,0,7,2,0
1891,195.16827636000005,99.0,11.0,143.0,465.0,99.0,11.0,143.0,465.0,nan,nan,nan,nan,0.7486364841461182,nan,0,nan,nan,nan,TRACKING,0.06060108800011221,0.0,0.0,11.733667846108704,0,0,0,0.0,0.0,1.0,0,0,0,0,7,2,0
1892,195.25172658999998,99.0,11.0,143.0,465.0,99.0,11.0,143.0,465.0,nan,nan,nan,nan,0.7170621156692505,nan,0,nan,nan,nan,TRACKING,0.05676149200007785,0.0,0.0,11.983190459761335,0,0,0,0.0,0.0,1.0,0,0,0,0,7,2,0
1893,195.321586378,99.0,11.0,143.0,465.0,99.0,11.0,143.0,465.0,nan,nan,nan,nan,0.7243350148200989,nan,0,nan,nan,nan,TRACKING,0.047036117000061495,0.0,0.0,14.314386410671055,0,0,0,0.0,0.0,1.0,0,0,0,0,7,2,0
1894,195.40094992299998,99.0,11.0,143.0,465.0,99.0,11.0,143.0,465.0,nan,nan,nan,nan,0.7010567784309387,nan,0,nan,nan,nan,TRACKING,0.0562901299999794,0.0,0.0,12.60024360051297,0,0,0,0.0,0.0,1.0,0,0,0,0,7,2,0
1895,195.48744015199998,99.0,11.0,143.0,465.0,99.0,11.0,143.0,465.0,nan,nan,nan,nan,0.6839833855628967,nan,0,nan,nan,nan,TRACKING,0.05254079399992406,0.0,0.0,11.561999679756827,0,0,0,0.0,0.0,1.0,0,0,0,0,7,2,0
1896,195.56197147900014,99.0,11.0,143.0,465.0,99.0,11.0,143.0,465.0,nan,nan,nan,nan,0.6642870306968689,nan,0,nan,nan,nan,TRACKING,0.049058756000022186,0.0,0.0,13.417176914049426,0,0,0,0.0,0.0,1.0,0,0,0,0,7,2,0
1897,195.65263631100004,99.0,11.0,143.0,465.0,99.0,11.0,143.0,465.0,nan,nan,nan,nan,0.6700183153152466,nan,0,nan,nan,nan,TRACKING,0.06291326299992761,0.0,0.0,11.029634952625061,0,0,0,0.0,0.0,1.0,0,0,0,0,7,2,0
1898,195.72836338700006,99.0,11.0,143.0,465.0,99.0,11.0,143.0,465.0,nan,nan,nan,nan,0.6629973649978638,nan,0,nan,nan,nan,TRACKING,0.04739659200004098,0.0,0.0,13.205316418129259,0,0,0,0.0,0.0,1.0,0,0,0,0,7,2,0
1899,195.83492192799997,99.0,11.0,143.0,465.0,99.0,11.0,143.0,465.0,nan,nan,nan,nan,0.6621302366256714,nan,0,nan,nan,nan,TRACKING,0.06940045700002884,0.0,0.0,9.38451287542325,0,0,0,0.0,0.0,1.0,0,0,0,0,7,2,0
1900,195.94113634899998,99.0,11.0,143.0,465.0,99.0,11.0,143.0,465.0,nan,nan,nan,nan,0.6617847084999084,nan,0,nan,nan,nan,TRACKING,0.07569858599981671,0.0,0.0,9.414917396197643,0,0,0,0.0,0.0,1.0,0,0,0,0,7,2,0
1901,196.01867798800015,99.0,11.0,143.0,465.0,99.0,11.0,143.0,465.0,nan,nan,nan,nan,0.6570740342140198,nan,0,nan,nan,nan,TRACKING,0.048136812999928225,0.0,0.0,12.896296917295743,0,0,0,0.0,0.0,1.0,0,0,0,0,7,2,0
1902,196.15509656999996,99.0,11.0,143.0,465.0,99.0,11.0,143.0,465.0,nan,nan,nan,nan,0.6596826910972595,nan,0,nan,nan,nan,TRACKING,0.11327948899997864,0.0,0.0,7.330379669255212,0,0,0,0.0,0.0,1.0,0,0,0,0,7,2,0
1903,196.22469010299994,99.0,11.0,143.0,465.0,99.0,11.0,143.0,465.0,nan,nan,nan,nan,0.6712725162506104,nan,0,nan,nan,nan,TRACKING,0.04592104499988636,0.0,0.0,14.369151225591132,0,0,0,0.0,0.0,1.0,0,0,0,0,7,2,0
1904,196.30253976699998,99.0,11.0,143.0,465.0,99.0,11.0,143.0,465.0,nan,nan,nan,nan,0.6697662472724915,nan,0,nan,nan,nan,TRACKING,0.04888448199994855,0.0,0.0,12.84527059743598,0,0,0,0.0,0.0,1.0,0,0,0,0,7,2,0
1905,196.59098834400004,99.0,11.0,143.0,465.0,99.0,11.0,143.0,465.0,56.0,0.0,278.0,479.0,0.6705725193023682,0.897311,1,0.4993541701085895,0.031030478968266023,2.002586660651177,DETECTOR_CONFIRMED,0.04263973899992379,0.22180748999994648,0.0,3.466822441629912,0,0,0,0.0,0.0,1.0,0,0,0,0,7,2,0
1906,196.66352531300015,99.0,11.0,143.0,465.0,99.0,11.0,143.0,465.0,nan,nan,nan,nan,0.6706182956695557,nan,0,nan,nan,nan,TRACKING,0.04331209399992986,0.0,0.0,13.786073691588367,0,0,0,0.0,0.0,1.0,0,0,0,0,7,2,0
1907,196.72474297400015,99.0,11.0,143.0,465.0,99.0,11.0,143.0,465.0,nan,nan,nan,nan,0.6728902459144592,nan,0,nan,nan,nan,TRACKING,0.03780564599992431,0.0,0.0,16.335155307550714,0,0,0,0.0,0.0,1.0,0,0,0,0,7,2,0
1908,196.80137970099997,99.0,11.0,143.0,465.0,99.0,11.0,143.0,465.0,nan,nan,nan,nan,0.6692776679992676,nan,0,nan,nan,nan,TRACKING,0.04248952900002223,0.0,0.0,13.048573955961263,0,0,0,0.0,0.0,1.0,0,0,0,0,7,2,0
1909,196.86850006700013,99.0,11.0,143.0,465.0,99.0,11.0,143.0,465.0,nan,nan,nan,nan,0.6747143268585205,nan,0,nan,nan,nan,TRACKING,0.043112715999996,0.0,0.0,14.898607674423415,0,0,0,0.0,0.0,1.0,0,0,0,0,7,2,0
1910,196.95647130999998,99.0,11.0,143.0,465.0,99.0,11.0,143.0,465.0,nan,nan,nan,nan,0.6951163411140442,nan,0,nan,nan,nan,TRACKING,0.04249385200000688,0.0,0.0,11.367351033128337,0,0,0,0.0,0.0,1.0,0,0,0,0,7,2,0
1911,197.02560061700012,99.0,11.0,143.0,465.0,99.0,11.0,143.0,465.0,nan,nan,nan,nan,0.7119050025939941,nan,0,nan,nan,nan,TRACKING,0.04635641699996995,0.0,0.0,14.465644795166034,0,0,0,0.0,0.0,1.0,0,0,0,0,7,2,0
1912,197.10016053700008,99.0,11.0,143.0,465.0,99.0,11.0,143.0,465.0,nan,nan,nan,nan,0.7017956376075745,nan,0,nan,nan,nan,TRACKING,0.05031872500012469,0.0,0.0,13.412031557981683,0,0,0,0.0,0.0,1.0,0,0,0,0,7,2,0
1913,197.1932479610001,99.0,11.0,143.0,465.0,99.0,11.0,143.0,465.0,nan,nan,nan,nan,0.7116923928260803,nan,0,nan,nan,nan,TRACKING,0.06446969500007071,0.0,0.0,10.742589675697278,0,0,0,0.0,0.0,1.0,0,0,0,0,7,2,0
1914,197.27229649899994,104.15731811523438,11.0,143.0,465.0,104.15731811523438,11.0,143.0,465.0,nan,nan,nan,nan,0.7238351702690125,nan,0,nan,nan,nan,TRACKING,0.05579782799986788,0.0,0.0,12.650455344312888,0,0,0,5.157318115234375,0.006446647644042969,1.0,0,0,0,0,7,2,0
1915,197.34420705000014,104.0,11.0,143.0,465.0,104.0,11.0,143.0,465.0,nan,nan,nan,nan,0.7306469678878784,nan,0,nan,nan,nan,TRACKING,0.043608505000065634,0.0,0.0,13.906165174526416,0,0,0,0.157318115234375,0.00019664764404296874,1.0,0,0,0,0,7,2,0
1916,197.4187196250001,104.0,11.0,143.0,465.0,104.0,11.0,143.0,465.0,nan,nan,nan,nan,0.7592632174491882,nan,0,nan,nan,nan,TRACKING,0.04967199499992603,0.0,0.0,13.420553510603838,0,0,0,0.0,0.0,1.0,0,0,0,0,7,2,0
1917,197.48766981400001,104.0,11.0,143.0,465.0,104.0,11.0,143.0,465.0,nan,nan,nan,nan,0.7659147381782532,nan,0,nan,nan,nan,TRACKING,0.042462703999945006,0.0,0.0,14.503223479218551,0,0,0,0.0,0.0,1.0,0,0,0,0,7,2,0
1918,197.55430470199997,104.0,11.0,143.0,465.0,104.0,11.0,143.0,465.0,nan,nan,nan,nan,0.7634990215301514,nan,0,nan,nan,nan,TRACKING,0.04233593200001451,0.0,0.0,15.007153609993345,0,0,0,0.0,0.0,1.0,0,0,0,0,7,2,0
1919,197.640751023,98.84268188476562,11.0,143.0,465.0,98.84268188476562,11.0,143.0,465.0,nan,nan,nan,nan,0.7744743824005127,nan,0,nan,nan,nan,TRACKING,0.05653857000015705,0.0,0.0,11.567872275322665,0,0,0,5.157318115234375,0.006446647644042969,1.0,0,0,0,0,7,2,0
1920,197.95734799500008,99.0,11.0,143.0,465.0,99.0,11.0,143.0,465.0,106.0,13.0,146.0,457.0,0.7684410810470581,0.982293,1,0.8745796102159994,0.010915155747858112,1.0034137905105647,DETECTOR_CONFIRMED,0.057800259000032383,0.2302420070000153,0.0,3.1585899059065476,0,0,0,0.157318115234375,0.00019664764404296874,1.0,0,0,0,0,7,2,0
1921,198.06231968400004,109.31465148925781,11.0,143.0,465.0,109.31465148925781,11.0,143.0,465.0,nan,nan,nan,nan,0.7318423986434937,nan,0,nan,nan,nan,TRACKING,0.07263004299989007,0.0,0.0,9.52637810753252,0,0,0,10.314651489257812,0.012893314361572266,1.0,0,0,0,0,7,2,0
1922,198.13371751800003,109.0,11.0,143.0,465.0,109.0,11.0,143.0,465.0,nan,nan,nan,nan,0.69508296251297,nan,0,nan,nan,nan,TRACKING,0.048153166000020065,0.0,0.0,14.006027129622208,0,0,0,0.3146514892578125,0.00039331436157226564,1.0,0,0,0,0,7,2,0
1923,198.22099468499994,114.15731811523438,11.0,143.0,465.0,114.15731811523438,11.0,143.0,465.0,nan,nan,nan,nan,0.6467975974082947,nan,0,nan,nan,nan,TRACKING,0.06051655400005984,0.0,0.0,11.457750456096026,0,0,0,5.157318115234375,0.006446647644042969,1.0,0,0,0,0,7,2,0
1924,198.31081179199998,108.84268188476562,11.0,143.0,465.0,108.84268188476562,11.0,143.0,465.0,nan,nan,nan,nan,0.5952310562133789,nan,0,nan,nan,nan,TRACKING,0.06585190600003443,0.0,0.0,11.13373647182274,0,0,0,5.31463623046875,0.0066432952880859375,1.0,0,0,0,0,7,2,0
1925,198.399052309,103.84268188476562,11.0,143.0,465.0,103.84268188476562,11.0,143.0,465.0,nan,nan,nan,nan,0.543364405632019,nan,0,nan,nan,nan,TRACKING,0.061983298000086506,0.0,0.0,11.33266252281418,0,0,0,5.0,0.00625,1.0,0,0,0,0,7,2,0
1926,198.46954044000006,104.0,11.0,143.0,465.0,104.0,11.0,143.0,465.0,nan,nan,nan,nan,0.5363289713859558,nan,0,nan,nan,nan,TRACKING,0.04755695799985915,0.0,0.0,14.186785573862473,0,0,0,0.157318115234375,0.00019664764404296874,1.0,0,0,0,0,7,2,0
1927,198.594224757,104.0,11.0,143.0,465.0,104.0,11.0,143.0,465.0,nan,nan,nan,nan,0.5476245880126953,nan,0,nan,nan,nan,TRACKING,0.10129589600001054,0.0,0.0,8.02025486493565,0,0,0,0.0,0.0,1.0,0,0,0,0,7,2,0
1928,198.67203363800002,104.0,11.0,143.0,465.0,104.0,11.0,143.0,465.0,nan,nan,nan,nan,0.5432597994804382,nan,0,nan,nan,nan,TRACKING,0.05283595400010199,0.0,0.0,12.852003359357813,0,0,0,0.0,0.0,1.0,0,0,0,0,7,2,0
1929,198.748731562,98.84268188476562,11.0,143.0,465.0,98.84268188476562,11.0,143.0,465.0,nan,nan,nan,nan,0.5419477224349976,nan,0,nan,nan,nan,TRACKING,0.05064570900003673,0.0,0.0,13.038162545316807,0,0,0,5.157318115234375,0.006446647644042969,1.0,0,0,0,0,7,2,0
1930,198.82577912800014,104.15731811523438,11.0,143.0,465.0,104.15731811523438,11.0,143.0,465.0,nan,nan,nan,nan,0.5232017040252686,nan,0,nan,nan,nan,TRACKING,0.05394711899998583,0.0,0.0,12.97899533903637,0,0,0,5.31463623046875,0.0066432952880859375,1.0,0,0,0,0,7,2,0
1931,198.8950070290001,104.0,11.0,143.0,465.0,104.0,11.0,143.0,465.0,nan,nan,nan,nan,0.5258505344390869,nan,0,nan,nan,nan,TRACKING,0.04610917300010442,0.0,0.0,14.44504290257679,0,0,0,0.157318115234375,0.00019664764404296874,1.0,0,0,0,0,7,2,0
1932,198.98504038900012,104.0,11.0,143.0,465.0,104.0,11.0,143.0,465.0,nan,nan,nan,nan,0.5280559659004211,nan,0,nan,nan,nan,TRACKING,0.06359244000009312,0.0,0.0,11.106994118623644,0,0,0,0.0,0.0,1.0,0,0,0,0,7,2,0
1933,199.05627811600004,104.0,11.0,143.0,465.0,104.0,11.0,143.0,465.0,nan,nan,nan,nan,0.5220237970352173,nan,0,nan,nan,nan,TRACKING,0.04328927999995358,0.0,0.0,14.037505716613484,0,0,0,0.0,0.0,1.0,0,0,0,0,7,2,0
1934,199.12958077400015,104.0,11.0,143.0,465.0,104.0,11.0,143.0,465.0,nan,nan,nan,nan,0.5253251194953918,nan,0,nan,nan,nan,TRACKING,0.048829739999973754,0.0,0.0,13.642070114273391,0,0,0,0.0,0.0,1.0,0,0,0,0,7,2,0
1935,199.43630928999994,104.0,11.0,143.0,465.0,104.0,11.0,143.0,465.0,199.0,14.0,183.0,448.0,0.5217568874359131,0.754134,1,0.16935617247489662,0.14391430827058163,1.2329348071283555,DETECTOR_CONFIRMED,0.05803198099988549,0.2241360650000388,0.0,3.2602120371510313,0,0,0,0.0,0.0,1.0,0,0,0,0,7,2,0
1936,199.5184799120001,104.0,11.0,143.0,465.0,104.0,11.0,143.0,465.0,nan,nan,nan,nan,0.5177800059318542,nan,0,nan,nan,nan,TRACKING,0.05205005599987089,0.0,0.0,12.169799566543249,0,0,0,0.0,0.0,1.0,0,0,0,0,7,2,0
1937,199.60311963800007,104.0,11.0,143.0,465.0,104.0,11.0,143.0,465.0,nan,nan,nan,nan,0.5183422565460205,nan,0,nan,nan,nan,TRACKING,0.057599160000108895,0.0,0.0,11.814783048804584,0,0,0,0.0,0.0,1.0,0,0,0,0,7,2,0
1938,199.6901562270001,104.0,11.0,143.0,465.0,104.0,11.0,143.0,465.0,nan,nan,nan,nan,0.5203735828399658,nan,0,nan,nan,nan,TRACKING,0.05982195799992951,0.0,0.0,11.489420845750162,0,0,0,0.0,0.0,1.0,0,0,0,0,7,2,0
1939,199.77192772700016,104.0,11.0,143.0,465.0,104.0,11.0,143.0,465.0,nan,nan,nan,nan,0.517414927482605,nan,0,nan,nan,nan,TRACKING,0.05837485100005324,0.0,0.0,12.229199660019434,0,0,0,0.0,0.0,1.0,0,0,0,0,7,2,0
1940,199.8474733920001,104.0,11.0,143.0,465.0,104.0,11.0,143.0,465.0,nan,nan,nan,nan,0.517554521560669,nan,0,nan,nan,nan,TRACKING,0.04825509400006922,0.0,0.0,13.23702690287851,0,0,0,0.0,0.0,1.0,0,0,0,0,7,2,0
1941,199.919139771,104.0,11.0,143.0,465.0,104.0,11.0,143.0,465.0,nan,nan,nan,nan,0.5182304978370667,nan,0,nan,nan,nan,TRACKING,0.045337180000160515,0.0,0.0,13.953544380989182,0,0,0,0.0,0.0,1.0,0,0,0,0,7,2,0
1942,199.98896924400003,104.0,11.0,143.0,465.0,104.0,11.0,143.0,465.0,nan,nan,nan,nan,0.5219554901123047,nan,0,nan,nan,nan,TRACKING,0.04648469899984775,0.0,0.0,14.320600701076641,0,0,0,0.0,0.0,1.0,0,0,0,0,7,2,0
1943,200.07200644300008,104.0,11.0,143.0,465.0,104.0,11.0,143.0,465.0,nan,nan,nan,nan,0.5237047076225281,nan,0,nan,nan,nan,TRACKING,0.05855959299992719,0.0,0.0,12.042795422319681,0,0,0,0.0,0.0,1.0,0,0,0,0,7,2,0
1944,200.13905414900012,104.0,11.0,143.0,465.0,104.0,11.0,143.0,465.0,nan,nan,nan,nan,0.5245777368545532,nan,0,nan,nan,nan,TRACKING,0.0411038780000581,0.0,0.0,14.914753384693167,0,0,0,0.0,0.0,1.0,0,0,0,0,7,2,0
1945,200.20809511899995,104.0,11.0,143.0,465.0,104.0,11.0,143.0,465.0,nan,nan,nan,nan,0.5292841196060181,nan,0,nan,nan,nan,TRACKING,0.04569864399991275,0.0,0.0,14.484153394751315,0,0,0,0.0,0.0,1.0,0,0,0,0,7,2,0
1946,200.2762915950001,104.0,11.0,143.0,465.0,104.0,11.0,143.0,465.0,nan,nan,nan,nan,0.5292216539382935,nan,0,nan,nan,nan,TRACKING,0.04452398799980983,0.0,0.0,14.663514284784428,0,0,0,0.0,0.0,1.0,0,0,0,0,7,2,0
1947,200.347387078,104.0,11.0,143.0,465.0,104.0,11.0,143.0,465.0,nan,nan,nan,nan,0.5316844582557678,nan,0,nan,nan,nan,TRACKING,0.047488882999914495,0.0,0.0,14.065591199391545,0,0,0,0.0,0.0,1.0,0,0,0,0,7,2,0
1948,200.42529585499994,104.0,11.0,143.0,465.0,104.0,11.0,143.0,465.0,nan,nan,nan,nan,0.5348900556564331,nan,0,nan,nan,nan,TRACKING,0.04866655900013939,0.0,0.0,12.835524295300772,0,0,0,0.0,0.0,1.0,0,0,0,0,7,2,0
1949,200.49504694099994,104.0,11.0,143.0,465.0,104.0,11.0,143.0,465.0,nan,nan,nan,nan,0.5371890068054199,nan,0,nan,nan,nan,TRACKING,0.045925523000050816,0.0,0.0,14.336694341935393,0,0,0,0.0,0.0,1.0,0,0,0,0,7,2,0
1950,200.86025379700015,104.0,11.0,143.0,465.0,104.0,11.0,143.0,465.0,nan,nan,nan,nan,0.5381999015808105,nan,0,nan,nan,nan,SUSPECTED_LOST,0.054859738000004654,0.2784458450000784,0.0,2.7381742252927896,0,0,0,0.0,0.0,1.0,0,0,0,0,7,2,0
1951,200.95541031599998,104.0,11.0,143.0,465.0,104.0,11.0,143.0,465.0,nan,nan,nan,nan,0.5442373752593994,nan,0,nan,nan,nan,TRACKING,0.0683937710000464,0.0,0.0,10.509001490500044,0,0,0,0.0,0.0,1.0,0,0,0,0,7,2,0
1952,201.06554443400012,104.0,11.0,143.0,465.0,104.0,11.0,143.0,465.0,nan,nan,nan,nan,0.5473067760467529,nan,0,nan,nan,nan,TRACKING,0.08709007900006327,0.0,0.0,9.079838456587947,0,0,0,0.0,0.0,1.0,0,0,0,0,7,2,0
1953,201.14067342400006,104.0,11.0,143.0,465.0,104.0,11.0,143.0,465.0,nan,nan,nan,nan,0.5853610038757324,nan,0,nan,nan,nan,TRACKING,0.051306760999977996,0.0,0.0,13.310441149292823,0,0,0,0.0,0.0,1.0,0,0,0,0,7,2,0
1954,201.22792157800006,104.0,11.0,143.0,465.0,104.0,11.0,143.0,465.0,nan,nan,nan,nan,0.5879358053207397,nan,0,nan,nan,nan,TRACKING,0.05661138200002824,0.0,0.0,11.461560550609558,0,0,0,0.0,0.0,1.0,0,0,0,0,7,2,0
1955,201.31268739900008,104.0,11.0,143.0,465.0,104.0,11.0,143.0,465.0,nan,nan,nan,nan,0.5857224464416504,nan,0,nan,nan,nan,TRACKING,0.056479713000044285,0.0,0.0,11.797207744850075,0,0,0,0.0,0.0,1.0,0,0,0,0,7,2,0
1956,201.38894369900015,104.0,11.0,143.0,465.0,104.0,11.0,143.0,465.0,nan,nan,nan,nan,0.5849574208259583,nan,0,nan,nan,nan,TRACKING,0.05316121900000326,0.0,0.0,13.113670608187197,0,0,0,0.0,0.0,1.0,0,0,0,0,7,2,0
1957,201.46611980700015,104.0,11.0,143.0,465.0,104.0,11.0,143.0,465.0,nan,nan,nan,nan,0.5866143703460693,nan,0,nan,nan,nan,TRACKING,0.05217078500004391,0.0,0.0,12.95737794914402,0,0,0,0.0,0.0,1.0,0,0,0,0,7,2,0
1958,201.55082911600005,104.0,11.0,143.0,465.0,104.0,11.0,143.0,465.0,nan,nan,nan,nan,0.5862722992897034,nan,0,nan,nan,nan,TRACKING,0.05123300900004324,0.0,0.0,11.805077999175866,0,0,0,0.0,0.0,1.0,0,0,0,0,7,2,0
1959,201.62238861799995,104.0,11.0,143.0,465.0,104.0,11.0,143.0,465.0,nan,nan,nan,nan,0.5867720246315002,nan,0,nan,nan,nan,TRACKING,0.046919184999978825,0.0,0.0,13.974384561834949,0,0,0,0.0,0.0,1.0,0,0,0,0,7,2,0
1960,201.69458432800013,104.0,11.0,143.0,465.0,104.0,11.0,143.0,465.0,nan,nan,nan,nan,0.5852566361427307,nan,0,nan,nan,nan,TRACKING,0.042487287000085416,0.0,0.0,13.851238529234013,0,0,0,0.0,0.0,1.0,0,0,0,0,7,2,0
1961,201.76399467800013,104.0,11.0,143.0,465.0,104.0,11.0,143.0,465.0,nan,nan,nan,nan,0.5834227204322815,nan,0,nan,nan,nan,TRACKING,0.04665610799997921,0.0,0.0,14.407073296706105,0,0,0,0.0,0.0,1.0,0,0,0,0,7,2,0
1962,201.82740273900015,104.0,11.0,143.0,465.0,104.0,11.0,143.0,465.0,nan,nan,nan,nan,0.58367919921875,nan,0,nan,nan,nan,TRACKING,0.04444107000017539,0.0,0.0,15.770865474024063,0,0,0,0.0,0.0,1.0,0,0,0,0,7,2,0
1963,201.89726596100002,104.0,11.0,143.0,465.0,104.0,11.0,143.0,465.0,nan,nan,nan,nan,0.5863979458808899,nan,0,nan,nan,nan,TRACKING,0.046334331000025486,0.0,0.0,14.313682812995676,0,0,0,0.0,0.0,1.0,0,0,0,0,7,2,0
1964,201.98433619600007,104.0,11.0,143.0,465.0,104.0,11.0,143.0,465.0,nan,nan,nan,nan,0.5856810808181763,nan,0,nan,nan,nan,TRACKING,0.0569926390001001,0.0,0.0,11.484981061546018,0,0,0,0.0,0.0,1.0,0,0,0,0,7,2,0
1965,202.29776539300008,104.0,11.0,143.0,465.0,104.0,11.0,143.0,465.0,nan,nan,nan,nan,0.5894030928611755,nan,0,nan,nan,nan,SUSPECTED_LOST,0.0443980489999376,0.2463616989998627,0.0,3.190513230967389,0,0,0,0.0,0.0,1.0,0,0,0,0,7,2,0
1966,202.37859979100006,104.0,11.0,143.0,465.0,104.0,11.0,143.0,465.0,nan,nan,nan,nan,0.5882385969161987,nan,0,nan,nan,nan,TRACKING,0.04313078699988182,0.0,0.0,12.370971080903692,0,0,0,0.0,0.0,1.0,0,0,0,0,7,2,0
1967,202.45228115099997,104.0,11.0,143.0,465.0,104.0,11.0,143.0,465.0,nan,nan,nan,nan,0.585554838180542,nan,0,nan,nan,nan,TRACKING,0.04671720200008167,0.0,0.0,13.571953612164972,0,0,0,0.0,0.0,1.0,0,0,0,0,7,2,0
1968,202.51779961199998,104.0,11.0,143.0,465.0,104.0,11.0,143.0,465.0,nan,nan,nan,nan,0.5874197483062744,nan,0,nan,nan,nan,TRACKING,0.04198233000010987,0.0,0.0,15.26287377232256,0,0,0,0.0,0.0,1.0,0,0,0,0,7,2,0
1969,202.58635598900003,104.0,11.0,143.0,465.0,104.0,11.0,143.0,465.0,nan,nan,nan,nan,0.5883883833885193,nan,0,nan,nan,nan,TRACKING,0.04475565899997491,0.0,0.0,14.586535108167574,0,0,0,0.0,0.0,1.0,0,0,0,0,7,2,0
1970,202.6590345190001,104.0,11.0,143.0,465.0,104.0,11.0,143.0,465.0,nan,nan,nan,nan,0.5839807391166687,nan,0,nan,nan,nan,TRACKING,0.04480612799989103,0.0,0.0,13.75922160229382,0,0,0,0.0,0.0,1.0,0,0,0,0,7,2,0
1971,202.74063132599997,104.0,11.0,143.0,465.0,104.0,11.0,143.0,465.0,nan,nan,nan,nan,0.5863298773765564,nan,0,nan,nan,nan,TRACKING,0.05579084700002568,0.0,0.0,12.255381512681081,0,0,0,0.0,0.0,1.0,0,0,0,0,7,2,0
1972,202.80922968300013,104.0,11.0,143.0,465.0,104.0,11.0,143.0,465.0,nan,nan,nan,nan,0.5877535939216614,nan,0,nan,nan,nan,TRACKING,0.04337329099985254,0.0,0.0,14.577608615287025,0,0,0,0.0,0.0,1.0,0,0,0,0,7,2,0
1973,202.87395469299997,104.0,11.0,143.0,465.0,104.0,11.0,143.0,465.0,nan,nan,nan,nan,0.5869956612586975,nan,0,nan,nan,nan,TRACKING,0.0415932089999842,0.0,0.0,15.449978300541924,0,0,0,0.0,0.0,1.0,0,0,0,0,7,2,0
1974,202.941696472,104.0,11.0,143.0,465.0,104.0,11.0,143.0,465.0,nan,nan,nan,nan,0.5913088321685791,nan,0,nan,nan,nan,TRACKING,0.03860201199995572,0.0,0.0,14.761938861979976,0,0,0,0.0,0.0,1.0,0,0,0,0,7,2,0
1975,203.0242785050001,104.0,11.0,143.0,465.0,104.0,11.0,143.0,465.0,nan,nan,nan,nan,0.5884047746658325,nan,0,nan,nan,nan,TRACKING,0.0439323630000672,0.0,0.0,12.109171494950884,0,0,0,0.0,0.0,1.0,0,0,0,0,7,2,0
1976,203.0978992900001,104.0,11.0,143.0,465.0,104.0,11.0,143.0,465.0,nan,nan,nan,nan,0.5857722163200378,nan,0,nan,nan,nan,TRACKING,0.0450681639999857,0.0,0.0,13.583120582047068,0,0,0,0.0,0.0,1.0,0,0,0,0,7,2,0
1977,203.21224087400003,104.0,11.0,143.0,465.0,104.0,11.0,143.0,465.0,nan,nan,nan,nan,0.5865931510925293,nan,0,nan,nan,nan,TRACKING,0.09134640000002037,0.0,0.0,8.745724565094415,0,0,0,0.0,0.0,1.0,0,0,0,0,7,2,0
1978,203.285704625,104.0,11.0,143.0,465.0,104.0,11.0,143.0,465.0,nan,nan,nan,nan,0.6089063882827759,nan,0,nan,nan,nan,TRACKING,0.045300719999886496,0.0,0.0,13.612155469716003,0,0,0,0.0,0.0,1.0,0,0,0,0,7,2,0
1979,203.36227270000006,104.0,11.0,143.0,465.0,104.0,11.0,143.0,465.0,nan,nan,nan,nan,0.6073002815246582,nan,0,nan,nan,nan,TRACKING,0.048274259999971036,0.0,0.0,13.06027348864533,0,0,0,0.0,0.0,1.0,0,0,0,0,7,2,0
1980,203.71503532500003,104.0,11.0,143.0,465.0,104.0,11.0,143.0,465.0,nan,nan,nan,nan,0.5979303121566772,nan,0,nan,nan,nan,SUSPECTED_LOST,0.0445857080001133,0.267083090999904,0.0,2.834767430365077,0,0,0,0.0,0.0,1.0,0,0,0,0,7,2,0
1981,203.79305212299994,104.0,11.0,143.0,465.0,104.0,11.0,143.0,465.0,nan,nan,nan,nan,0.5956157445907593,nan,0,nan,nan,nan,TRACKING,0.051476188999913575,0.0,0.0,12.81775240251698,0,0,0,0.0,0.0,1.0,0,0,0,0,7,2,0
1982,203.86617691000004,104.0,11.0,143.0,465.0,104.0,11.0,143.0,465.0,nan,nan,nan,nan,0.5966730713844299,nan,0,nan,nan,nan,TRACKING,0.051835205999850587,0.0,0.0,13.675253508754462,0,0,0,0.0,0.0,1.0,0,0,0,0,7,2,0
1983,203.93743421800002,104.0,11.0,143.0,465.0,104.0,11.0,143.0,465.0,nan,nan,nan,nan,0.5963315963745117,nan,0,nan,nan,nan,TRACKING,0.04736273399998936,0.0,0.0,14.033648310152293,0,0,0,0.0,0.0,1.0,0,0,0,0,7,2,0
1984,204.02347521500008,104.0,11.0,143.0,465.0,104.0,11.0,143.0,465.0,nan,nan,nan,nan,0.5931847095489502,nan,0,nan,nan,nan,TRACKING,0.06264804700003879,0.0,0.0,11.622366486517643,0,0,0,0.0,0.0,1.0,0,0,0,0,7,2,0
1985,204.09860159800007,104.0,11.0,143.0,465.0,104.0,11.0,143.0,465.0,nan,nan,nan,nan,0.5922021865844727,nan,0,nan,nan,nan,TRACKING,0.04608208700005889,0.0,0.0,13.310903041878628,0,0,0,0.0,0.0,1.0,0,0,0,0,7,2,0
1986,204.17064574200015,104.0,11.0,143.0,465.0,104.0,11.0,143.0,465.0,nan,nan,nan,nan,0.5919851660728455,nan,0,nan,nan,nan,TRACKING,0.042639945000019,0.0,0.0,13.880378674482852,0,0,0,0.0,0.0,1.0,0,0,0,0,7,2,0
1987,204.26377055700016,104.0,11.0,143.0,465.0,104.0,11.0,143.0,465.0,nan,nan,nan,nan,0.5905776619911194,nan,0,nan,nan,nan,TRACKING,0.06035826800007271,0.0,0.0,10.738276365970673,0,0,0,0.0,0.0,1.0,0,0,0,0,7,2,0
1988,204.32866921400012,104.0,11.0,143.0,465.0,104.0,11.0,143.0,465.0,nan,nan,nan,nan,0.5905622243881226,nan,0,nan,nan,nan,TRACKING,0.03793137599996044,0.0,0.0,15.408639349819655,0,0,0,0.0,0.0,1.0,0,0,0,0,7,2,0
1989,204.40035642400005,104.0,11.0,143.0,465.0,104.0,11.0,143.0,465.0,nan,nan,nan,nan,0.5933086276054382,nan,0,nan,nan,nan,TRACKING,0.04795764000004965,0.0,0.0,13.94948973465263,0,0,0,0.0,0.0,1.0,0,0,0,0,7,2,0
1990,204.4685300330001,104.0,11.0,143.0,465.0,104.0,11.0,143.0,465.0,nan,nan,nan,nan,0.5921726226806641,nan,0,nan,nan,nan,TRACKING,0.044305128999894805,0.0,0.0,14.668432765520656,0,0,0,0.0,0.0,1.0,0,0,0,0,7,2,0
1991,204.53779407700006,104.0,11.0,143.0,465.0,104.0,11.0,143.0,465.0,nan,nan,nan,nan,0.5896022915840149,nan,0,nan,nan,nan,TRACKING,0.04343172899984893,0.0,0.0,14.437505266087342,0,0,0,0.0,0.0,1.0,0,0,0,0,7,2,0
1992,204.60589159100016,104.0,11.0,143.0,465.0,104.0,11.0,143.0,465.0,nan,nan,nan,nan,0.5941033363342285,nan,0,nan,nan,nan,TRACKING,0.044600341999966986,0.0,0.0,14.68482388356375,0,0,0,0.0,0.0,1.0,0,0,0,0,7,2,0
1993,204.674520937,104.0,11.0,143.0,465.0,104.0,11.0,143.0,465.0,nan,nan,nan,nan,0.5922961235046387,nan,0,nan,nan,nan,TRACKING,0.041878526000118654,0.0,0.0,14.571026219631337,0,0,0,0.0,0.0,1.0,0,0,0,0,7,2,0
1994,204.74289980900005,104.0,11.0,143.0,465.0,104.0,11.0,143.0,465.0,nan,nan,nan,nan,0.5892963409423828,nan,0,nan,nan,nan,TRACKING,0.045035766999944826,0.0,0.0,14.624400355703802,0,0,0,0.0,0.0,1.0,0,0,0,0,7,2,0
1995,205.10583697799996,104.0,11.0,143.0,465.0,104.0,11.0,143.0,465.0,165.0,1.0,184.0,469.0,0.5904327034950256,0.750797,1,0.32685210111764346,0.10236462096349501,1.2977817881043687,DETECTOR_CONFIRMED,0.058282815999973536,0.2799306520000755,0.0,2.755297846058469,0,0,0,0.0,0.0,1.0,0,0,0,0,7,2,0
1996,205.186348974,104.0,11.0,143.0,465.0,104.0,11.0,143.0,465.0,nan,nan,nan,nan,0.5919894576072693,nan,0,nan,nan,nan,TRACKING,0.056885030999865194,0.0,0.0,12.420509361107994,0,0,0,0.0,0.0,1.0,0,0,0,0,7,2,0
1997,205.26299481000012,104.0,11.0,143.0,465.0,104.0,11.0,143.0,465.0,nan,nan,nan,nan,0.5918512344360352,nan,0,nan,nan,nan,TRACKING,0.05257089499991707,0.0,0.0,13.047023193776196,0,0,0,0.0,0.0,1.0,0,0,0,0,7,2,0
1998,205.334209042,104.0,11.0,143.0,465.0,104.0,11.0,143.0,465.0,nan,nan,nan,nan,0.5919156074523926,nan,0,nan,nan,nan,TRACKING,0.0445389349999914,0.0,0.0,14.042136970623494,0,0,0,0.0,0.0,1.0,0,0,0,0,7,2,0
1999,205.4203032680001,104.0,11.0,143.0,465.0,104.0,11.0,143.0,465.0,nan,nan,nan,nan,0.5897939801216125,nan,0,nan,nan,nan,TRACKING,0.0621606409999913,0.0,0.0,11.615180790389795,0,0,0,0.0,0.0,1.0,0,0,0,0,7,2,0
2000,205.49669482900015,104.0,11.0,143.0,465.0,104.0,11.0,143.0,465.0,nan,nan,nan,nan,0.5869457125663757,nan,0,nan,nan,nan,TRACKING,0.04908573099987734,0.0,0.0,13.090451182160278,0,0,0,0.0,0.0,1.0,0,0,0,0,7,2,0
2001,205.582017479,104.0,11.0,143.0,465.0,104.0,11.0,143.0,465.0,nan,nan,nan,nan,0.588851809501648,nan,0,nan,nan,nan,TRACKING,0.06247496899982252,0.0,0.0,11.720217316289707,0,0,0,0.0,0.0,1.0,0,0,0,0,7,2,0
2002,205.70136341700015,104.0,11.0,143.0,465.0,104.0,11.0,143.0,465.0,nan,nan,nan,nan,0.5906674265861511,nan,0,nan,nan,nan,TRACKING,0.09291944599999624,0.0,0.0,8.37900323007836,0,0,0,0.0,0.0,1.0,0,0,0,0,7,2,0
2003,205.76823643,104.0,11.0,143.0,465.0,104.0,11.0,143.0,465.0,nan,nan,nan,nan,0.6354507803916931,nan,0,nan,nan,nan,TRACKING,0.04428361800000857,0.0,0.0,14.953715335097169,0,0,0,0.0,0.0,1.0,0,0,0,0,7,2,0
2004,205.84114371199996,104.0,11.0,143.0,465.0,104.0,11.0,143.0,465.0,nan,nan,nan,nan,0.6406134963035583,nan,0,nan,nan,nan,TRACKING,0.04763331100002688,0.0,0.0,13.716051024924331,0,0,0,0.0,0.0,1.0,0,0,0,0,7,2,0
2005,205.90767536600003,104.0,11.0,143.0,465.0,104.0,11.0,143.0,465.0,nan,nan,nan,nan,0.63406902551651,nan,0,nan,nan,nan,TRACKING,0.043950174999963565,0.0,0.0,15.030439495745908,0,0,0,0.0,0.0,1.0,0,0,0,0,7,2,0
2006,205.99359344300012,104.0,11.0,143.0,465.0,104.0,11.0,143.0,465.0,nan,nan,nan,nan,0.6303445100784302,nan,0,nan,nan,nan,TRACKING,0.05793431999995846,0.0,0.0,11.638994201406309,0,0,0,0.0,0.0,1.0,0,0,0,0,7,2,0
2007,206.07445372500013,104.0,11.0,143.0,465.0,104.0,11.0,143.0,465.0,nan,nan,nan,nan,0.6286960244178772,nan,0,nan,nan,nan,TRACKING,0.05778228600001967,0.0,0.0,12.367011037631052,0,0,0,0.0,0.0,1.0,0,0,0,0,7,2,0
2008,206.14616057,104.0,11.0,143.0,465.0,104.0,11.0,143.0,465.0,nan,nan,nan,nan,0.6304433941841125,nan,0,nan,nan,nan,TRACKING,0.04252770200014311,0.0,0.0,13.945670040310178,0,0,0,0.0,0.0,1.0,0,0,0,0,7,2,0
2009,206.225789685,104.0,11.0,143.0,465.0,104.0,11.0,143.0,465.0,nan,nan,nan,nan,0.6309595108032227,nan,0,nan,nan,nan,TRACKING,0.04654907300005107,0.0,0.0,12.55822069603738,0,0,0,0.0,0.0,1.0,0,0,0,0,7,2,0
2010,206.60585979600012,104.0,11.0,143.0,465.0,104.0,11.0,143.0,465.0,161.0,2.0,193.0,468.0,0.6332524418830872,0.742934,1,0.3363926882270229,0.10292784183591921,1.358357771260997,DETECTOR_CONFIRMED,0.060867077000011705,0.2919869469999412,0.0,2.6310935036922096,0,0,0,0.0,0.0,1.0,0,0,0,0,7,2,0
2011,206.69189834400015,104.0,11.0,143.0,465.0,104.0,11.0,143.0,465.0,nan,nan,nan,nan,0.644137442111969,nan,0,nan,nan,nan,TRACKING,0.06160360000012588,0.0,0.0,11.622697305394022,0,0,0,0.0,0.0,1.0,0,0,0,0,7,2,0
2012,206.76456572600011,104.0,11.0,143.0,465.0,104.0,11.0,143.0,465.0,nan,nan,nan,nan,0.6401581168174744,nan,0,nan,nan,nan,TRACKING,0.04712100999995528,0.0,0.0,13.761332422853842,0,0,0,0.0,0.0,1.0,0,0,0,0,7,2,0
2013,206.839903101,104.0,11.0,143.0,465.0,104.0,11.0,143.0,465.0,nan,nan,nan,nan,0.6342723965644836,nan,0,nan,nan,nan,TRACKING,0.03958942300005219,0.0,0.0,13.273624147396427,0,0,0,0.0,0.0,1.0,0,0,0,0,7,2,0
2014,206.90496827000004,104.0,11.0,143.0,465.0,104.0,11.0,143.0,465.0,nan,nan,nan,nan,0.635213315486908,nan,0,nan,nan,nan,TRACKING,0.04191378599989548,0.0,0.0,15.369206218452277,0,0,0,0.0,0.0,1.0,0,0,0,0,7,2,0
2015,206.97960120699997,104.0,11.0,143.0,465.0,104.0,11.0,143.0,465.0,nan,nan,nan,nan,0.6412621736526489,nan,0,nan,nan,nan,TRACKING,0.04568452700004855,0.0,0.0,13.39890992097628,0,0,0,0.0,0.0,1.0,0,0,0,0,7,2,0
2016,207.04687933000002,104.0,11.0,143.0,465.0,104.0,11.0,143.0,465.0,nan,nan,nan,nan,0.639128565788269,nan,0,nan,nan,nan,TRACKING,0.04328318400007447,0.0,0.0,14.86367269787301,0,0,0,0.0,0.0,1.0,0,0,0,0,7,2,0
2017,207.12370490800015,104.0,11.0,143.0,465.0,104.0,11.0,143.0,465.0,nan,nan,nan,nan,0.6412453055381775,nan,0,nan,nan,nan,TRACKING,0.046953298000062205,0.0,0.0,13.016498229253374,0,0,0,0.0,0.0,1.0,0,0,0,0,7,2,0
2018,207.19963224000014,104.0,11.0,143.0,465.0,104.0,11.0,143.0,465.0,nan,nan,nan,nan,0.6426315307617188,nan,0,nan,nan,nan,TRACKING,0.047856751999916014,0.0,0.0,13.170487802733607,0,0,0,0.0,0.0,1.0,0,0,0,0,7,2,0
2019,207.2757372320001,104.0,11.0,143.0,465.0,104.0,11.0,143.0,465.0,nan,nan,nan,nan,0.6477628946304321,nan,0,nan,nan,nan,TRACKING,0.04937875700011318,0.0,0.0,13.139742528329693,0,0,0,0.0,0.0,1.0,0,0,0,0,7,2,0
2020,207.35592661700014,104.0,11.0,143.0,465.0,104.0,11.0,143.0,465.0,nan,nan,nan,nan,0.6475508213043213,nan,0,nan,nan,nan,TRACKING,0.05526260600004207,0.0,0.0,12.470478480406166,0,0,0,0.0,0.0,1.0,0,0,0,0,7,2,0
2021,207.42928895800003,104.0,11.0,143.0,465.0,104.0,11.0,143.0,465.0,nan,nan,nan,nan,0.64658123254776,nan,0,nan,nan,nan,TRACKING,0.048958956999967995,0.0,0.0,13.630971781577454,0,0,0,0.0,0.0,1.0,0,0,0,0,7,2,0
2022,207.5079002430001,104.0,11.0,143.0,465.0,104.0,11.0,143.0,465.0,nan,nan,nan,nan,0.6464210748672485,nan,0,nan,nan,nan,TRACKING,0.05084503099988069,0.0,0.0,12.720819917890848,0,0,0,0.0,0.0,1.0,0,0,0,0,7,2,0
2023,207.577139181,104.0,11.0,143.0,465.0,104.0,11.0,143.0,465.0,nan,nan,nan,nan,0.6516261696815491,nan,0,nan,nan,nan,TRACKING,0.045355042999972284,0.0,0.0,14.442740297395451,0,0,0,0.0,0.0,1.0,0,0,0,0,7,2,0
2024,207.65778789600006,104.0,11.0,143.0,465.0,104.0,11.0,143.0,465.0,nan,nan,nan,nan,0.6421307325363159,nan,0,nan,nan,nan,TRACKING,0.055603861999998117,0.0,0.0,12.3994536056694,0,0,0,0.0,0.0,1.0,0,0,0,0,7,2,0
2025,207.95703084900003,104.0,11.0,143.0,465.0,104.0,11.0,143.0,465.0,nan,nan,nan,nan,0.646317183971405,nan,0,nan,nan,nan,SUSPECTED_LOST,0.04707173800011333,0.225175340000078,0.0,3.3417662470403515,0,0,0,0.0,0.0,1.0,0,0,0,0,7,2,0
2026,208.03287672199997,98.84268188476562,11.0,143.0,465.0,98.84268188476562,11.0,143.0,465.0,nan,nan,nan,nan,0.641598641872406,nan,0,nan,nan,nan,TRACKING,0.04742814999985967,0.0,0.0,13.184632999093578,0,0,0,5.157318115234375,0.006446647644042969,1.0,0,0,0,0,7,2,0
2027,208.1541317,99.0,11.0,143.0,465.0,99.0,11.0,143.0,465.0,nan,nan,nan,nan,0.6199153661727905,nan,0,nan,nan,nan,TRACKING,0.09576803400000244,0.0,0.0,8.24708409084696,0,0,0,0.157318115234375,0.00019664764404296874,1.0,0,0,0,0,7,2,0
2028,208.2197222410001,99.0,11.0,143.0,465.0,99.0,11.0,143.0,465.0,nan,nan,nan,nan,0.6753197312355042,nan,0,nan,nan,nan,TRACKING,0.04292468799985727,0.0,0.0,15.246100805879557,0,0,0,0.0,0.0,1.0,0,0,0,0,7,2,0
2029,208.29749856299998,99.0,11.0,143.0,465.0,99.0,11.0,143.0,465.0,nan,nan,nan,nan,0.679780900478363,nan,0,nan,nan,nan,TRACKING,0.04858353400004489,0.0,0.0,12.857383510649395,0,0,0,0.0,0.0,1.0,0,0,0,0,7,2,0
2030,208.3702251640001,99.0,11.0,143.0,465.0,99.0,11.0,143.0,465.0,nan,nan,nan,nan,0.677440345287323,nan,0,nan,nan,nan,TRACKING,0.045148944000175106,0.0,0.0,13.75012699958912,0,0,0,0.0,0.0,1.0,0,0,0,0,7,2,0
2031,208.453512101,99.0,11.0,143.0,465.0,99.0,11.0,143.0,465.0,nan,nan,nan,nan,0.6782078146934509,nan,0,nan,nan,nan,TRACKING,0.05904069099983644,0.0,0.0,12.006684793811795,0,0,0,0.0,0.0,1.0,0,0,0,0,7,2,0
2032,208.52200821300005,99.0,11.0,143.0,465.0,99.0,11.0,143.0,465.0,nan,nan,nan,nan,0.6778624057769775,nan,0,nan,nan,nan,TRACKING,0.04512722599997687,0.0,0.0,14.59936879336011,0,0,0,0.0,0.0,1.0,0,0,0,0,7,2,0
2033,208.59769137399996,99.0,11.0,143.0,465.0,99.0,11.0,143.0,465.0,nan,nan,nan,nan,0.671798050403595,nan,0,nan,nan,nan,TRACKING,0.04780336499993609,0.0,0.0,13.212978776099462,0,0,0,0.0,0.0,1.0,0,0,0,0,7,2,0
2034,208.67891697300013,99.0,11.0,143.0,465.0,99.0,11.0,143.0,465.0,nan,nan,nan,nan,0.6734185218811035,nan,0,nan,nan,nan,TRACKING,0.05458608400022058,0.0,0.0,12.311389664211546,0,0,0,0.0,0.0,1.0,0,0,0,0,7,2,0
2035,208.74897378900016,99.0,11.0,143.0,465.0,99.0,11.0,143.0,465.0,nan,nan,nan,nan,0.6819986701011658,nan,0,nan,nan,nan,TRACKING,0.046393079999916154,0.0,0.0,14.274128587281629,0,0,0,0.0,0.0,1.0,0,0,0,0,7,2,0
2036,208.82855024599996,99.0,11.0,143.0,465.0,99.0,11.0,143.0,465.0,nan,nan,nan,nan,0.6889069080352783,nan,0,nan,nan,nan,TRACKING,0.05596381600003042,0.0,0.0,12.566530827107302,0,0,0,0.0,0.0,1.0,0,0,0,0,7,2,0
2037,208.91762498900005,104.15731811523438,11.0,143.0,465.0,104.15731811523438,11.0,143.0,465.0,nan,nan,nan,nan,0.6508557796478271,nan,0,nan,nan,nan,TRACKING,0.06077025100012179,0.0,0.0,11.226526917951023,0,0,0,5.157318115234375,0.006446647644042969,1.0,0,0,0,0,7,2,0
2038,208.9918288550001,104.0,11.0,143.0,465.0,104.0,11.0,143.0,465.0,nan,nan,nan,nan,0.6332147121429443,nan,0,nan,nan,nan,TRACKING,0.050151424999967276,0.0,0.0,13.476386796331727,0,0,0,0.157318115234375,0.00019664764404296874,1.0,0,0,0,0,7,2,0
2039,209.08786012200005,104.0,11.0,143.0,465.0,104.0,11.0,143.0,465.0,nan,nan,nan,nan,0.6305915713310242,nan,0,nan,nan,nan,TRACKING,0.05192374600005678,0.0,0.0,10.413275084671996,0,0,0,0.0,0.0,1.0,0,0,0,0,7,2,0
2040,209.45632950700008,104.0,11.0,143.0,465.0,104.0,11.0,143.0,465.0,208.0,7.0,182.0,459.0,0.6159839630126953,0.923286,1,0.13413915094339623,0.15462277686356563,1.2563049853372434,DETECTOR_CONFIRMED,0.06588341099995887,0.2764505300001474,0.0,2.7139296796664123,0,0,0,0.0,0.0,1.0,0,0,0,0,7,2,0
2041,209.55673689000002,98.84268188476562,11.0,143.0,465.0,98.84268188476562,11.0,143.0,465.0,nan,nan,nan,nan,0.6099814772605896,nan,0,nan,nan,nan,TRACKING,0.06897882800012667,0.0,0.0,9.959426987560544,0,0,0,5.157318115234375,0.006446647644042969,1.0,0,0,0,0,7,2,0
2042,209.62722204499994,99.0,11.0,143.0,465.0,99.0,11.0,143.0,465.0,nan,nan,nan,nan,0.5834928750991821,nan,0,nan,nan,nan,TRACKING,0.04771497799993085,0.0,0.0,14.187384563475934,0,0,0,0.157318115234375,0.00019664764404296874,1.0,0,0,0,0,7,2,0
2043,209.7027587450001,99.0,11.0,143.0,465.0,99.0,11.0,143.0,465.0,nan,nan,nan,nan,0.6115220189094543,nan,0,nan,nan,nan,TRACKING,0.047761331999936374,0.0,0.0,13.238597926543278,0,0,0,0.0,0.0,1.0,0,0,0,0,7,2,0
2044,209.77340979000007,99.0,11.0,143.0,465.0,99.0,11.0,143.0,465.0,nan,nan,nan,nan,0.6190981864929199,nan,0,nan,nan,nan,TRACKING,0.0473056999999244,0.0,0.0,14.15407231415087,0,0,0,0.0,0.0,1.0,0,0,0,0,7,2,0
2045,209.84773099999995,99.0,11.0,143.0,465.0,99.0,11.0,143.0,465.0,nan,nan,nan,nan,0.6130281090736389,nan,0,nan,nan,nan,TRACKING,0.04720116699991195,0.0,0.0,13.455109248108506,0,0,0,0.0,0.0,1.0,0,0,0,0,7,2,0
2046,209.9246344940001,99.0,11.0,143.0,465.0,99.0,11.0,143.0,465.0,nan,nan,nan,nan,0.618297278881073,nan,0,nan,nan,nan,TRACKING,0.05288496100001794,0.0,0.0,13.003310356721217,0,0,0,0.0,0.0,1.0,0,0,0,0,7,2,0
2047,209.99897643400016,99.0,11.0,143.0,465.0,99.0,11.0,143.0,465.0,nan,nan,nan,nan,0.6188239455223083,nan,0,nan,nan,nan,TRACKING,0.050514816000031715,0.0,0.0,13.451357336102493,0,0,0,0.0,0.0,1.0,0,0,0,0,7,2,0
2048,210.06696436000004,99.0,11.0,143.0,465.0,99.0,11.0,143.0,465.0,nan,nan,nan,nan,0.6182012557983398,nan,0,nan,nan,nan,TRACKING,0.04470190500001081,0.0,0.0,14.708493975851859,0,0,0,0.0,0.0,1.0,0,0,0,0,7,2,0
2049,210.13523484200016,99.0,11.0,143.0,465.0,99.0,11.0,143.0,465.0,nan,nan,nan,nan,0.6291378736495972,nan,0,nan,nan,nan,TRACKING,0.045161496000218904,0.0,0.0,14.647618864010601,0,0,0,0.0,0.0,1.0,0,0,0,0,7,2,0
2050,210.20907468999997,99.0,11.0,143.0,465.0,99.0,11.0,143.0,465.0,nan,nan,nan,nan,0.6292844414710999,nan,0,nan,nan,nan,TRACKING,0.04719830199996977,0.0,0.0,13.542823110938912,0,0,0,0.0,0.0,1.0,0,0,0,0,7,2,0
2051,210.28740576000007,99.0,11.0,143.0,465.0,99.0,11.0,143.0,465.0,nan,nan,nan,nan,0.6311183571815491,nan,0,nan,nan,nan,TRACKING,0.05627585199999885,0.0,0.0,12.766326312134815,0,0,0,0.0,0.0,1.0,0,0,0,0,7,2,0
2052,210.39724158299998,99.0,11.0,143.0,465.0,99.0,11.0,143.0,465.0,nan,nan,nan,nan,0.6316947937011719,nan,0,nan,nan,nan,TRACKING,0.08743914100000438,0.0,0.0,9.10449771929874,0,0,0,0.0,0.0,1.0,0,0,0,0,7,2,0
2053,210.46989740000015,99.0,11.0,143.0,465.0,99.0,11.0,143.0,465.0,nan,nan,nan,nan,0.682126522064209,nan,0,nan,nan,nan,TRACKING,0.0453686870000638,0.0,0.0,13.763522884859809,0,0,0,0.0,0.0,1.0,0,0,0,0,7,2,0
2054,210.5383474690001,99.0,11.0,143.0,465.0,99.0,11.0,143.0,465.0,nan,nan,nan,nan,0.6822283864021301,nan,0,nan,nan,nan,TRACKING,0.045240194999905725,0.0,0.0,14.609189071831668,0,0,0,0.0,0.0,1.0,0,0,0,0,7,2,0
2055,210.853951682,99.0,11.0,143.0,465.0,99.0,11.0,143.0,465.0,244.0,9.0,154.0,434.0,0.6855648756027222,0.963499,1,0.0,0.1893925321917419,1.005128205128205,DETECTOR_CONFIRMED,0.04623208699990755,0.2436586690000695,0.0,3.1685255101466887,0,0,0,0.0,0.0,1.0,0,0,0,0,7,2,0
2056,210.9356790600001,99.0,11.0,143.0,465.0,99.0,11.0,143.0,465.0,nan,nan,nan,nan,0.6647955179214478,nan,0,nan,nan,nan,TRACKING,0.05046278400004667,0.0,0.0,12.235801814158597,0,0,0,0.0,0.0,1.0,0,0,0,0,7,2,0
2057,211.01121680100016,99.0,11.0,143.0,465.0,99.0,11.0,143.0,465.0,nan,nan,nan,nan,0.662532389163971,nan,0,nan,nan,nan,TRACKING,0.04733356399992772,0.0,0.0,13.238415482919724,0,0,0,0.0,0.0,1.0,0,0,0,0,7,2,0
2058,211.0873458540001,99.0,11.0,143.0,465.0,99.0,11.0,143.0,465.0,nan,nan,nan,nan,0.6655540466308594,nan,0,nan,nan,nan,TRACKING,0.05090409400008866,0.0,0.0,13.135589641459227,0,0,0,0.0,0.0,1.0,0,0,0,0,7,2,0
2059,211.16337297799998,99.0,11.0,143.0,465.0,99.0,11.0,143.0,465.0,nan,nan,nan,nan,0.6687936186790466,nan,0,nan,nan,nan,TRACKING,0.05263302899993505,0.0,0.0,13.153200428854959,0,0,0,0.0,0.0,1.0,0,0,0,0,7,2,0
2060,211.24764211600007,99.0,11.0,143.0,465.0,99.0,11.0,143.0,465.0,nan,nan,nan,nan,0.6801420450210571,nan,0,nan,nan,nan,TRACKING,0.057186178999927506,0.0,0.0,11.86674058537341,0,0,0,0.0,0.0,1.0,0,0,0,0,7,2,0
2061,211.31398089900006,99.0,11.0,143.0,465.0,99.0,11.0,143.0,465.0,nan,nan,nan,nan,0.6816946864128113,nan,0,nan,nan,nan,TRACKING,0.04213477799999055,0.0,0.0,15.074138456837852,0,0,0,0.0,0.0,1.0,0,0,0,0,7,2,0
2062,211.38130381200006,99.0,11.0,143.0,465.0,99.0,11.0,143.0,465.0,nan,nan,nan,nan,0.6853520274162292,nan,0,nan,nan,nan,TRACKING,0.042727547999902526,0.0,0.0,14.853783881871355,0,0,0,0.0,0.0,1.0,0,0,0,0,7,2,0
2063,211.4509889530001,99.0,11.0,143.0,465.0,99.0,11.0,143.0,465.0,nan,nan,nan,nan,0.6876407861709595,nan,0,nan,nan,nan,TRACKING,0.04526102899990292,0.0,0.0,14.350261557187334,0,0,0,0.0,0.0,1.0,0,0,0,0,7,2,0
2064,211.52968403900002,99.0,11.0,143.0,465.0,99.0,11.0,143.0,465.0,nan,nan,nan,nan,0.6839669346809387,nan,0,nan,nan,nan,TRACKING,0.056201943000132815,0.0,0.0,12.70727374261909,0,0,0,0.0,0.0,1.0,0,0,0,0,7,2,0
2065,211.60426884700007,99.0,11.0,143.0,465.0,99.0,11.0,143.0,465.0,nan,nan,nan,nan,0.6796086430549622,nan,0,nan,nan,nan,TRACKING,0.04444627499992748,0.0,0.0,13.407556133941828,0,0,0,0.0,0.0,1.0,0,0,0,0,7,2,0
2066,211.67968590800012,99.0,11.0,143.0,465.0,99.0,11.0,143.0,465.0,nan,nan,nan,nan,0.6808279156684875,nan,0,nan,nan,nan,TRACKING,0.046026980000078765,0.0,0.0,13.259599177423517,0,0,0,0.0,0.0,1.0,0,0,0,0,7,2,0
2067,211.74694178900006,99.0,11.0,143.0,465.0,99.0,11.0,143.0,465.0,nan,nan,nan,nan,0.6832687258720398,nan,0,nan,nan,nan,TRACKING,0.04128476400001091,0.0,0.0,14.868588220574084,0,0,0,0.0,0.0,1.0,0,0,0,0,7,2,0
2068,211.81368370300004,99.0,11.0,143.0,465.0,99.0,11.0,143.0,465.0,nan,nan,nan,nan,0.676008939743042,nan,0,nan,nan,nan,TRACKING,0.043313078999972277,0.0,0.0,14.983088438254132,0,0,0,0.0,0.0,1.0,0,0,0,0,7,2,0
2069,211.90808171200013,99.0,11.0,143.0,465.0,99.0,11.0,143.0,465.0,nan,nan,nan,nan,0.677926242351532,nan,0,nan,nan,nan,TRACKING,0.061124215000063487,0.0,0.0,10.593443766372978,0,0,0,0.0,0.0,1.0,0,0,0,0,7,2,0
2070,212.26370680900015,99.0,11.0,143.0,465.0,99.0,11.0,143.0,465.0,nan,nan,nan,nan,0.6795591115951538,nan,0,nan,nan,nan,SUSPECTED_LOST,0.05038913700013836,0.2748042460000306,0.0,2.8119500238756148,0,0,0,0.0,0.0,1.0,0,0,0,0,7,2,0
2071,212.34556299000008,99.0,11.0,143.0,465.0,99.0,11.0,143.0,465.0,nan,nan,nan,nan,0.6797866821289062,nan,0,nan,nan,nan,TRACKING,0.05010168400008297,0.0,0.0,12.216548436347956,0,0,0,0.0,0.0,1.0,0,0,0,0,7,2,0
2072,212.42261513000005,99.0,11.0,143.0,465.0,99.0,11.0,143.0,465.0,nan,nan,nan,nan,0.6821472644805908,nan,0,nan,nan,nan,TRACKING,0.05374976600000991,0.0,0.0,12.978224874744376,0,0,0,0.0,0.0,1.0,0,0,0,0,7,2,0
2073,212.49064487800013,99.0,11.0,143.0,465.0,99.0,11.0,143.0,465.0,nan,nan,nan,nan,0.6815902590751648,nan,0,nan,nan,nan,TRACKING,0.04394704800006366,0.0,0.0,14.699451775110866,0,0,0,0.0,0.0,1.0,0,0,0,0,7,2,0
2074,212.55657542400002,99.0,11.0,143.0,465.0,99.0,11.0,143.0,465.0,nan,nan,nan,nan,0.6824108958244324,nan,0,nan,nan,nan,TRACKING,0.042720933000055084,0.0,0.0,15.167476392530732,0,0,0,0.0,0.0,1.0,0,0,0,0,7,2,0
2075,212.63856827300003,99.0,11.0,143.0,465.0,99.0,11.0,143.0,465.0,nan,nan,nan,nan,0.681683361530304,nan,0,nan,nan,nan,TRACKING,0.05956543699994654,0.0,0.0,12.1961855478372,0,0,0,0.0,0.0,1.0,0,0,0,0,7,2,0
2076,212.71418882700016,99.0,11.0,143.0,465.0,99.0,11.0,143.0,465.0,nan,nan,nan,nan,0.6767264604568481,nan,0,nan,nan,nan,TRACKING,0.049644383999975616,0.0,0.0,13.22391793107402,0,0,0,0.0,0.0,1.0,0,0,0,0,7,2,0
2077,212.83212723500003,99.0,11.0,143.0,465.0,99.0,11.0,143.0,465.0,nan,nan,nan,nan,0.6754709482192993,nan,0,nan,nan,nan,TRACKING,0.09372638200011352,0.0,0.0,8.47900202282771,0,0,0,0.0,0.0,1.0,0,0,0,0,7,2,0
2078,212.90043230000003,99.0,11.0,143.0,465.0,99.0,11.0,143.0,465.0,nan,nan,nan,nan,0.7131165266036987,nan,0,nan,nan,nan,TRACKING,0.044997168999998394,0.0,0.0,14.640202743382792,0,0,0,0.0,0.0,1.0,0,0,0,0,7,2,0
2079,212.97780501900013,99.0,11.0,143.0,465.0,99.0,11.0,143.0,465.0,nan,nan,nan,nan,0.7112605571746826,nan,0,nan,nan,nan,TRACKING,0.05454837399997814,0.0,0.0,12.924452092717154,0,0,0,0.0,0.0,1.0,0,0,0,0,7,2,0
2080,213.04388265,99.0,11.0,143.0,465.0,99.0,11.0,143.0,465.0,nan,nan,nan,nan,0.7139750719070435,nan,0,nan,nan,nan,TRACKING,0.042380406000120274,0.0,0.0,15.133714463854687,0,0,0,0.0,0.0,1.0,0,0,0,0,7,2,0
2081,213.12042186500014,99.0,11.0,143.0,465.0,99.0,11.0,143.0,465.0,nan,nan,nan,nan,0.7163416743278503,nan,0,nan,nan,nan,TRACKING,0.053373770000007426,0.0,0.0,13.06519801644405,0,0,0,0.0,0.0,1.0,0,0,0,0,7,2,0
2082,213.196965923,99.0,11.0,143.0,465.0,99.0,11.0,143.0,465.0,nan,nan,nan,nan,0.7176772356033325,nan,0,nan,nan,nan,TRACKING,0.051877911000019594,0.0,0.0,13.06437137160807,0,0,0,0.0,0.0,1.0,0,0,0,0,7,2,0
2083,213.2743218710001,99.0,11.0,143.0,465.0,99.0,11.0,143.0,465.0,nan,nan,nan,nan,0.7147741913795471,nan,0,nan,nan,nan,TRACKING,0.05365512899993519,0.0,0.0,12.927254152436412,0,0,0,0.0,0.0,1.0,0,0,0,0,7,2,0
2084,213.34629246600014,99.0,11.0,143.0,465.0,99.0,11.0,143.0,465.0,nan,nan,nan,nan,0.7175600528717041,nan,0,nan,nan,nan,TRACKING,0.0453940509999029,0.0,0.0,13.894563467197399,0,0,0,0.0,0.0,1.0,0,0,0,0,7,2,0
2085,213.6907670060001,99.0,11.0,143.0,465.0,99.0,11.0,143.0,465.0,nan,nan,nan,nan,0.7190034985542297,nan,0,nan,nan,nan,SUSPECTED_LOST,0.049881627000104345,0.2708474580001621,0.0,2.902972161600397,0,0,0,0.0,0.0,1.0,0,0,0,0,7,2,0
2086,213.77221573100007,99.0,11.0,143.0,465.0,99.0,11.0,143.0,465.0,nan,nan,nan,nan,0.7208582162857056,nan,0,nan,nan,nan,TRACKING,0.05097576000002846,0.0,0.0,12.277663032789434,0,0,0,0.0,0.0,1.0,0,0,0,0,7,2,0
2087,213.84957256400014,99.0,11.0,143.0,465.0,99.0,11.0,143.0,465.0,nan,nan,nan,nan,0.7181667685508728,nan,0,nan,nan,nan,TRACKING,0.050955291000036596,0.0,0.0,12.927106258333149,0,0,0,0.0,0.0,1.0,0,0,0,0,7,2,0
2088,213.9207214270001,99.0,11.0,143.0,465.0,99.0,11.0,143.0,465.0,nan,nan,nan,nan,0.7215588688850403,nan,0,nan,nan,nan,TRACKING,0.04747257600001831,0.0,0.0,14.055038377781694,0,0,0,0.0,0.0,1.0,0,0,0,0,7,2,0
2089,213.985971856,99.0,11.0,143.0,465.0,99.0,11.0,143.0,465.0,nan,nan,nan,nan,0.7202591896057129,nan,0,nan,nan,nan,TRACKING,0.04171075900012511,0.0,0.0,15.3255697368933,0,0,0,0.0,0.0,1.0,0,0,0,0,7,2,0
2090,214.057210929,99.0,11.0,143.0,465.0,99.0,11.0,143.0,465.0,nan,nan,nan,nan,0.7200243473052979,nan,0,nan,nan,nan,TRACKING,0.04828165200001422,0.0,0.0,14.037240490198219,0,0,0,0.0,0.0,1.0,0,0,0,0,7,2,0
2091,214.12274438299994,99.0,11.0,143.0,465.0,99.0,11.0,143.0,465.0,nan,nan,nan,nan,0.7181885242462158,nan,0,nan,nan,nan,TRACKING,0.04024906800009376,0.0,0.0,15.25938187236433,0,0,0,0.0,0.0,1.0,0,0,0,0,7,2,0
2092,214.18775715200002,99.0,11.0,143.0,465.0,99.0,11.0,143.0,465.0,nan,nan,nan,nan,0.7161375880241394,nan,0,nan,nan,nan,TRACKING,0.039596557000095345,0.0,0.0,15.38159372966889,0,0,0,0.0,0.0,1.0,0,0,0,0,7,2,0
2093,214.25681733299996,99.0,11.0,143.0,465.0,99.0,11.0,143.0,465.0,nan,nan,nan,nan,0.7143117785453796,nan,0,nan,nan,nan,TRACKING,0.04600718599999709,0.0,0.0,14.480124226735787,0,0,0,0.0,0.0,1.0,0,0,0,0,7,2,0
2094,214.325291515,99.0,11.0,143.0,465.0,99.0,11.0,143.0,465.0,nan,nan,nan,nan,0.7093440294265747,nan,0,nan,nan,nan,TRACKING,0.044558151000046564,0.0,0.0,14.604044484961308,0,0,0,0.0,0.0,1.0,0,0,0,0,7,2,0
2095,214.40532214200005,99.0,11.0,143.0,465.0,99.0,11.0,143.0,465.0,nan,nan,nan,nan,0.7049533128738403,nan,0,nan,nan,nan,TRACKING,0.05885120600009941,0.0,0.0,12.495216362599233,0,0,0,0.0,0.0,1.0,0,0,0,0,7,2,0
2096,214.49772725000014,99.0,11.0,143.0,465.0,99.0,11.0,143.0,465.0,nan,nan,nan,nan,0.7123408913612366,nan,0,nan,nan,nan,TRACKING,0.062061782000000676,0.0,0.0,10.821912572181475,0,0,0,0.0,0.0,1.0,0,0,0,0,7,2,0
2097,214.57277321000004,99.0,11.0,143.0,465.0,99.0,11.0,143.0,465.0,nan,nan,nan,nan,0.7084363698959351,nan,0,nan,nan,nan,TRACKING,0.05066679700007626,0.0,0.0,13.32516767060298,0,0,0,0.0,0.0,1.0,0,0,0,0,7,2,0
2098,214.63629126600006,99.0,11.0,143.0,465.0,99.0,11.0,143.0,465.0,nan,nan,nan,nan,0.7115548253059387,nan,0,nan,nan,nan,TRACKING,0.040284485000029235,0.0,0.0,15.743554872014226,0,0,0,0.0,0.0,1.0,0,0,0,0,7,2,0
2099,214.70780727,99.0,11.0,143.0,465.0,99.0,11.0,143.0,465.0,nan,nan,nan,nan,0.7073476314544678,nan,0,nan,nan,nan,TRACKING,0.048056075000204146,0.0,0.0,13.982884166751722,0,0,0,0.0,0.0,1.0,0,0,0,0,7,2,0
2100,215.05846279700006,99.0,11.0,143.0,465.0,99.0,11.0,143.0,465.0,nan,nan,nan,nan,0.7150602340698242,nan,0,nan,nan,nan,SUSPECTED_LOST,0.04660188399998333,0.2762187969999559,0.0,2.8518016201119094,0,0,0,0.0,0.0,1.0,0,0,0,0,7,2,0
2101,215.14836718499998,99.0,11.0,143.0,465.0,99.0,11.0,143.0,465.0,nan,nan,nan,nan,0.7200964093208313,nan,0,nan,nan,nan,TRACKING,0.06084873999998308,0.0,0.0,11.122927615066583,0,0,0,0.0,0.0,1.0,0,0,0,0,7,2,0
2102,215.26232807400004,99.0,11.0,143.0,465.0,99.0,11.0,143.0,465.0,nan,nan,nan,nan,0.7168610095977783,nan,0,nan,nan,nan,TRACKING,0.09040429299989228,0.0,0.0,8.774940321846046,0,0,0,0.0,0.0,1.0,0,0,0,0,7,2,0
2103,215.341223474,99.0,11.0,143.0,465.0,99.0,11.0,143.0,465.0,nan,nan,nan,nan,0.7409397959709167,nan,0,nan,nan,nan,TRACKING,0.0398859879999236,0.0,0.0,12.675010203388858,0,0,0,0.0,0.0,1.0,0,0,0,0,7,2,0
2104,215.42114029700008,99.0,11.0,143.0,465.0,99.0,11.0,143.0,465.0,nan,nan,nan,nan,0.7337797284126282,nan,0,nan,nan,nan,TRACKING,0.05376002499997412,0.0,0.0,12.513009932827904,0,0,0,0.0,0.0,1.0,0,0,0,0,7,2,0
2105,215.50062956,99.0,11.0,143.0,465.0,99.0,11.0,143.0,465.0,nan,nan,nan,nan,0.7327064275741577,nan,0,nan,nan,nan,TRACKING,0.05512822600007894,0.0,0.0,12.580315406888124,0,0,0,0.0,0.0,1.0,0,0,0,0,7,2,0
2106,215.5853782360001,99.0,11.0,143.0,465.0,99.0,11.0,143.0,465.0,nan,nan,nan,nan,0.7372384071350098,nan,0,nan,nan,nan,TRACKING,0.0574667020000561,0.0,0.0,11.799594367687982,0,0,0,0.0,0.0,1.0,0,0,0,0,7,2,0
2107,215.66604507099999,99.0,11.0,143.0,465.0,99.0,11.0,143.0,465.0,nan,nan,nan,nan,0.7419665455818176,nan,0,nan,nan,nan,TRACKING,0.057487276000074417,0.0,0.0,12.396668345814684,0,0,0,0.0,0.0,1.0,0,0,0,0,7,2,0
2108,215.73838187000013,99.0,11.0,143.0,465.0,99.0,11.0,143.0,465.0,nan,nan,nan,nan,0.7436426877975464,nan,0,nan,nan,nan,TRACKING,0.04773976799992852,0.0,0.0,13.824222440338497,0,0,0,0.0,0.0,1.0,0,0,0,0,7,2,0
2109,215.817827018,99.0,11.0,143.0,465.0,99.0,11.0,143.0,465.0,nan,nan,nan,nan,0.7434180378913879,nan,0,nan,nan,nan,TRACKING,0.049971628000093915,0.0,0.0,12.587301114997585,0,0,0,0.0,0.0,1.0,0,0,0,0,7,2,0
2110,215.8907916920001,99.0,11.0,143.0,465.0,99.0,11.0,143.0,465.0,nan,nan,nan,nan,0.7353472113609314,nan,0,nan,nan,nan,TRACKING,0.048361860999875717,0.0,0.0,13.7052623574878,0,0,0,0.0,0.0,1.0,0,0,0,0,7,2,0
2111,215.96374876200014,99.0,11.0,143.0,465.0,99.0,11.0,143.0,465.0,nan,nan,nan,nan,0.7385609149932861,nan,0,nan,nan,nan,TRACKING,0.04925270900002943,0.0,0.0,13.706690797747166,0,0,0,0.0,0.0,1.0,0,0,0,0,7,2,0
2112,216.03383911599997,99.0,11.0,143.0,465.0,99.0,11.0,143.0,465.0,nan,nan,nan,nan,0.736344575881958,nan,0,nan,nan,nan,TRACKING,0.045987133999915386,0.0,0.0,14.267298464527865,0,0,0,0.0,0.0,1.0,0,0,0,0,7,2,0
2113,216.11826169200015,99.0,11.0,143.0,465.0,99.0,11.0,143.0,465.0,nan,nan,nan,nan,0.7327174544334412,nan,0,nan,nan,nan,TRACKING,0.06137702999990324,0.0,0.0,11.84517278882699,0,0,0,0.0,0.0,1.0,0,0,0,0,7,2,0
2114,216.19742777199997,99.0,11.0,143.0,465.0,99.0,11.0,143.0,465.0,nan,nan,nan,nan,0.747372567653656,nan,0,nan,nan,nan,TRACKING,0.05612636799992288,0.0,0.0,12.631672554738604,0,0,0,0.0,0.0,1.0,0,0,0,0,7,2,0
2115,216.50354790500012,99.0,11.0,143.0,465.0,99.0,11.0,143.0,465.0,186.0,20.0,204.0,451.0,0.7668622732162476,0.739866,1,0.189548419053909,0.14689627505488353,1.383622828784119,DETECTOR_CONFIRMED,0.04836654800010365,0.23410703799982002,0.0,3.2666913809276035,0,0,0,0.0,0.0,1.0,0,0,0,0,7,2,0
2116,216.57827005599995,99.0,11.0,143.0,465.0,99.0,11.0,143.0,465.0,nan,nan,nan,nan,0.7695629000663757,nan,0,nan,nan,nan,TRACKING,0.05136727699982657,0.0,0.0,13.38291238433755,0,0,0,0.0,0.0,1.0,0,0,0,0,7,2,0
2117,216.650702689,99.0,11.0,143.0,465.0,99.0,11.0,143.0,465.0,nan,nan,nan,nan,0.7596215605735779,nan,0,nan,nan,nan,TRACKING,0.04490237499999239,0.0,0.0,13.805931920204271,0,0,0,0.0,0.0,1.0,0,0,0,0,7,2,0
2118,216.725717293,99.0,11.0,143.0,465.0,99.0,11.0,143.0,465.0,nan,nan,nan,nan,0.7645135521888733,nan,0,nan,nan,nan,TRACKING,0.046785375999888856,0.0,0.0,13.330737572115238,0,0,0,0.0,0.0,1.0,0,0,0,0,7,2,0
2119,216.793242759,99.0,11.0,143.0,465.0,99.0,11.0,143.0,465.0,nan,nan,nan,nan,0.7726092338562012,nan,0,nan,nan,nan,TRACKING,0.044832738999957655,0.0,0.0,14.809227677153757,0,0,0,0.0,0.0,1.0,0,0,0,0,7,2,0
2120,216.869943069,99.0,11.0,143.0,465.0,99.0,11.0,143.0,465.0,nan,nan,nan,nan,0.760829508304596,nan,0,nan,nan,nan,TRACKING,0.053381633000071815,0.0,0.0,13.03775695300687,0,0,0,0.0,0.0,1.0,0,0,0,0,7,2,0
2121,216.94837054300012,99.0,11.0,143.0,465.0,99.0,11.0,143.0,465.0,nan,nan,nan,nan,0.7626675963401794,nan,0,nan,nan,nan,TRACKING,0.049383283999986816,0.0,0.0,12.75063378935626,0,0,0,0.0,0.0,1.0,0,0,0,0,7,2,0
2122,217.02066900700004,99.0,11.0,143.0,465.0,99.0,11.0,143.0,465.0,nan,nan,nan,nan,0.7702827453613281,nan,0,nan,nan,nan,TRACKING,0.05084862100011378,0.0,0.0,13.831552493303167,0,0,0,0.0,0.0,1.0,0,0,0,0,7,2,0
2123,217.089084072,99.0,11.0,143.0,465.0,99.0,11.0,143.0,465.0,nan,nan,nan,nan,0.7676773071289062,nan,0,nan,nan,nan,TRACKING,0.04352089300004991,0.0,0.0,14.616663742125743,0,0,0,0.0,0.0,1.0,0,0,0,0,7,2,0
2124,217.15794304999997,99.0,11.0,143.0,465.0,99.0,11.0,143.0,465.0,nan,nan,nan,nan,0.7732364535331726,nan,0,nan,nan,nan,TRACKING,0.04627786700007164,0.0,0.0,14.52243453279669,0,0,0,0.0,0.0,1.0,0,0,0,0,7,2,0
2125,217.22747188300002,99.0,11.0,143.0,465.0,99.0,11.0,143.0,465.0,nan,nan,nan,nan,0.7744951844215393,nan,0,nan,nan,nan,TRACKING,0.047384656000076575,0.0,0.0,14.382522427771645,0,0,0,0.0,0.0,1.0,0,0,0,0,7,2,0
2126,217.305524194,104.15731811523438,11.0,143.0,465.0,104.15731811523438,11.0,143.0,465.0,nan,nan,nan,nan,0.7786471843719482,nan,0,nan,nan,nan,TRACKING,0.052683287000036216,0.0,0.0,12.811920456787623,0,0,0,5.157318115234375,0.006446647644042969,1.0,0,0,0,0,7,2,0
2127,217.429007587,104.0,11.0,143.0,465.0,104.0,11.0,143.0,465.0,nan,nan,nan,nan,0.7558589577674866,nan,0,nan,nan,nan,TRACKING,0.09613496099996155,0.0,0.0,8.098254961295716,0,0,0,0.157318115234375,0.00019664764404296874,1.0,0,0,0,0,7,2,0
2128,217.496494719,104.0,11.0,143.0,465.0,104.0,11.0,143.0,465.0,nan,nan,nan,nan,0.7574511170387268,nan,0,nan,nan,nan,TRACKING,0.044849039999917295,0.0,0.0,14.817639605725887,0,0,0,0.0,0.0,1.0,0,0,0,0,7,2,0
2129,217.57175672200003,104.0,11.0,143.0,465.0,104.0,11.0,143.0,465.0,nan,nan,nan,nan,0.7571420073509216,nan,0,nan,nan,nan,TRACKING,0.05250844100009999,0.0,0.0,13.286917171199166,0,0,0,0.0,0.0,1.0,0,0,0,0,7,2,0
2130,217.90178001800007,104.0,11.0,143.0,465.0,104.0,11.0,143.0,465.0,95.0,60.0,163.0,413.0,0.7536225914955139,0.993725,1,0.7900341114306735,0.028777161083053344,1.0123919091661027,DETECTOR_CONFIRMED,0.05123576400001184,0.2521482790000391,0.0,3.0300891243746975,0,0,0,0.0,0.0,1.0,0,0,0,0,7,2,0
2131,217.98995593799998,98.84268188476562,11.0,143.0,465.0,98.84268188476562,11.0,143.0,465.0,nan,nan,nan,nan,0.7513582110404968,nan,0,nan,nan,nan,TRACKING,0.05911428199988222,0.0,0.0,11.340964744127351,0,0,0,5.157318115234375,0.006446647644042969,1.0,0,0,0,0,7,2,0
2132,218.06138303199998,99.0,11.0,143.0,465.0,99.0,11.0,143.0,465.0,nan,nan,nan,nan,0.6959831714630127,nan,0,nan,nan,nan,TRACKING,0.0491073939999751,0.0,0.0,14.0002895819896,0,0,0,0.157318115234375,0.00019664764404296874,1.0,0,0,0,0,7,2,0
2133,218.13364670299995,99.0,11.0,143.0,465.0,99.0,11.0,143.0,465.0,nan,nan,nan,nan,0.7306872606277466,nan,0,nan,nan,nan,TRACKING,0.045071179999922606,0.0,0.0,13.838212011127542,0,0,0,0.0,0.0,1.0,0,0,0,0,7,2,0
2134,218.23253936599997,99.0,11.0,143.0,465.0,99.0,11.0,143.0,465.0,nan,nan,nan,nan,0.7245840430259705,nan,0,nan,nan,nan,TRACKING,0.06892017599989231,0.0,0.0,10.111973625382577,0,0,0,0.0,0.0,1.0,0,0,0,0,7,2,0
2135,218.30364369400002,99.0,11.0,143.0,465.0,99.0,11.0,143.0,465.0,nan,nan,nan,nan,0.7036892771720886,nan,0,nan,nan,nan,TRACKING,0.04668172800006687,0.0,0.0,14.063841514673237,0,0,0,0.0,0.0,1.0,0,0,0,0,7,2,0
2136,218.37666659700005,99.0,11.0,143.0,465.0,99.0,11.0,143.0,465.0,nan,nan,nan,nan,0.6919332146644592,nan,0,nan,nan,nan,TRACKING,0.047595285000170406,0.0,0.0,13.694333680482256,0,0,0,0.0,0.0,1.0,0,0,0,0,7,2,0
2137,218.449328712,99.0,16.157318115234375,143.0,465.0,99.0,16.157318115234375,143.0,465.0,nan,nan,nan,nan,0.6895744800567627,nan,0,nan,nan,nan,TRACKING,0.05164477999983319,0.0,0.0,13.76232992943554,0,0,0,5.157318115234375,0.006446647644042969,1.0,0,0,0,0,7,2,0
2138,218.520102201,99.0,16.0,143.0,465.0,99.0,16.0,143.0,465.0,nan,nan,nan,nan,0.6680743098258972,nan,0,nan,nan,nan,TRACKING,0.04706574399983765,0.0,0.0,14.129584596293462,0,0,0,0.157318115234375,0.00019664764404296874,1.0,0,0,0,0,7,2,0
2139,218.5929146310001,99.0,16.0,143.0,465.0,99.0,16.0,143.0,465.0,nan,nan,nan,nan,0.661932110786438,nan,0,nan,nan,nan,TRACKING,0.046510995000062394,0.0,0.0,13.733918782801945,0,0,0,0.0,0.0,1.0,0,0,0,0,7,2,0
2140,218.66933285200014,93.84268188476562,16.0,143.0,465.0,93.84268188476562,16.0,143.0,465.0,nan,nan,nan,nan,0.6698390245437622,nan,0,nan,nan,nan,TRACKING,0.050157671999841114,0.0,0.0,13.085884320697254,0,0,0,5.157318115234375,0.006446647644042969,1.0,0,0,0,0,7,2,0
2141,218.74810897600003,99.15731811523438,16.0,143.0,465.0,99.15731811523438,16.0,143.0,465.0,nan,nan,nan,nan,0.640752911567688,nan,0,nan,nan,nan,TRACKING,0.05310876399994413,0.0,0.0,12.694201608617249,0,0,0,5.31463623046875,0.0066432952880859375,1.0,0,0,0,0,7,2,0
2142,218.81532308299995,99.0,16.0,143.0,465.0,99.0,16.0,143.0,465.0,nan,nan,nan,nan,0.6486945748329163,nan,0,nan,nan,nan,TRACKING,0.04114621700000498,0.0,0.0,14.877829143829668,0,0,0,0.157318115234375,0.00019664764404296874,1.0,0,0,0,0,7,2,0
2143,218.89137119200007,99.0,16.0,143.0,465.0,99.0,16.0,143.0,465.0,nan,nan,nan,nan,0.6520736217498779,nan,0,nan,nan,nan,TRACKING,0.04917348799995125,0.0,0.0,13.149570885431551,0,0,0,0.0,0.0,1.0,0,0,0,0,7,2,0
2144,218.97833203900007,99.0,16.0,143.0,465.0,99.0,16.0,143.0,465.0,nan,nan,nan,nan,0.650734543800354,nan,0,nan,nan,nan,TRACKING,0.06431062000001475,0.0,0.0,11.499428012700896,0,0,0,0.0,0.0,1.0,0,0,0,0,7,2,0
2145,219.29546287300002,99.0,16.0,143.0,465.0,99.0,16.0,143.0,465.0,5.0,48.0,188.0,420.0,0.653892993927002,0.969414,1,0.37254069355980185,0.09016044725931655,1.1874577035867357,DETECTOR_CONFIRMED,0.04864264599996204,0.2443533519999619,0.0,3.1532726962782327,0,0,0,0.0,0.0,1.0,0,0,0,0,7,2,0
2146,219.37675305000005,99.0,16.0,143.0,465.0,99.0,16.0,143.0,465.0,nan,nan,nan,nan,0.645894467830658,nan,0,nan,nan,nan,TRACKING,0.05376726399981635,0.0,0.0,12.301609332203261,0,0,0,0.0,0.0,1.0,0,0,0,0,7,2,0
2147,219.44347110499996,99.0,16.0,143.0,465.0,99.0,16.0,143.0,465.0,nan,nan,nan,nan,0.64760422706604,nan,0,nan,nan,nan,TRACKING,0.04175148699982856,0.0,0.0,14.988446530723136,0,0,0,0.0,0.0,1.0,0,0,0,0,7,2,0
2148,219.52176961700013,99.0,16.0,143.0,465.0,99.0,16.0,143.0,465.0,nan,nan,nan,nan,0.6462885141372681,nan,0,nan,nan,nan,TRACKING,0.052069786999936696,0.0,0.0,12.771634791703034,0,0,0,0.0,0.0,1.0,0,0,0,0,7,2,0
2149,219.60553759700008,99.0,16.0,143.0,465.0,99.0,16.0,143.0,465.0,nan,nan,nan,nan,0.6476547122001648,nan,0,nan,nan,nan,TRACKING,0.057640558000002784,0.0,0.0,11.937735635986726,0,0,0,0.0,0.0,1.0,0,0,0,0,7,2,0
2150,219.67452949300002,99.0,16.0,143.0,465.0,99.0,16.0,143.0,465.0,nan,nan,nan,nan,0.6473445892333984,nan,0,nan,nan,nan,TRACKING,0.045445092000136356,0.0,0.0,14.494455986552738,0,0,0,0.0,0.0,1.0,0,0,0,0,7,2,0
2151,219.74125327800004,99.0,16.0,143.0,465.0,99.0,16.0,143.0,465.0,nan,nan,nan,nan,0.648529589176178,nan,0,nan,nan,nan,TRACKING,0.04369152100002793,0.0,0.0,14.987159376520244,0,0,0,0.0,0.0,1.0,0,0,0,0,7,2,0
2152,219.866513522,99.0,16.0,143.0,465.0,99.0,16.0,143.0,465.0,nan,nan,nan,nan,0.6497429013252258,nan,0,nan,nan,nan,TRACKING,0.09733831300013662,0.0,0.0,7.983378988152282,0,0,0,0.0,0.0,1.0,0,0,0,0,7,2,0
2153,219.935579221,99.0,16.0,143.0,465.0,99.0,16.0,143.0,465.0,nan,nan,nan,nan,0.6666639447212219,nan,0,nan,nan,nan,TRACKING,0.04589150599986169,0.0,0.0,14.478967338037084,0,0,0,0.0,0.0,1.0,0,0,0,0,7,2,0
2154,219.99935670599996,99.0,16.0,143.0,465.0,99.0,16.0,143.0,465.0,nan,nan,nan,nan,0.668644368648529,nan,0,nan,nan,nan,TRACKING,0.04012416899990967,0.0,0.0,15.6795144869831,0,0,0,0.0,0.0,1.0,0,0,0,0,7,2,0
2155,220.07107974200005,99.0,16.0,143.0,465.0,99.0,16.0,143.0,465.0,nan,nan,nan,nan,0.6620005965232849,nan,0,nan,nan,nan,TRACKING,0.04429288500000439,0.0,0.0,13.942521897688344,0,0,0,0.0,0.0,1.0,0,0,0,0,7,2,0
2156,220.13922620699998,99.0,16.0,143.0,465.0,99.0,16.0,143.0,465.0,nan,nan,nan,nan,0.6577140092849731,nan,0,nan,nan,nan,TRACKING,0.045589936999931524,0.0,0.0,14.674275474172733,0,0,0,0.0,0.0,1.0,0,0,0,0,7,2,0
2157,220.20893405200002,99.0,16.0,143.0,465.0,99.0,16.0,143.0,465.0,nan,nan,nan,nan,0.6587864756584167,nan,0,nan,nan,nan,TRACKING,0.04620895799985192,0.0,0.0,14.345587645112833,0,0,0,0.0,0.0,1.0,0,0,0,0,7,2,0
2158,220.27701994300003,99.0,16.0,143.0,465.0,99.0,16.0,143.0,465.0,nan,nan,nan,nan,0.6590250730514526,nan,0,nan,nan,nan,TRACKING,0.0430152580001959,0.0,0.0,14.68733074228047,0,0,0,0.0,0.0,1.0,0,0,0,0,7,2,0
2159,220.3661280120001,99.0,16.0,143.0,465.0,99.0,16.0,143.0,465.0,nan,nan,nan,nan,0.660139799118042,nan,0,nan,nan,nan,TRACKING,0.06056576400010272,0.0,0.0,11.222328249522992,0,0,0,0.0,0.0,1.0,0,0,0,0,7,2,0
2160,220.67530152100005,99.0,16.0,143.0,465.0,99.0,16.0,143.0,465.0,7.0,46.0,185.0,423.0,0.657748281955719,0.974777,1,0.37319634573241883,0.08946018667541444,1.1768554026618543,DETECTOR_CONFIRMED,0.048285191999866584,0.2338436410000213,0.0,3.23442976480941,0,0,0,0.0,0.0,1.0,0,0,0,0,7,2,0
2161,220.745829328,99.0,16.0,143.0,465.0,99.0,16.0,143.0,465.0,nan,nan,nan,nan,0.6571414470672607,nan,0,nan,nan,nan,TRACKING,0.04205670100009229,0.0,0.0,14.178804680550128,0,0,0,0.0,0.0,1.0,0,0,0,0,7,2,0
2162,220.82003073900012,99.0,16.0,143.0,465.0,99.0,16.0,143.0,465.0,nan,nan,nan,nan,0.6599458456039429,nan,0,nan,nan,nan,TRACKING,0.050359808999928646,0.0,0.0,13.476832670993312,0,0,0,0.0,0.0,1.0,0,0,0,0,7,2,0
2163,220.89450965499998,99.0,16.0,143.0,465.0,99.0,16.0,143.0,465.0,nan,nan,nan,nan,0.6609036326408386,nan,0,nan,nan,nan,TRACKING,0.0504461650000394,0.0,0.0,13.42661861515084,0,0,0,0.0,0.0,1.0,0,0,0,0,7,2,0
2164,220.96436000300002,99.0,16.0,143.0,465.0,99.0,16.0,143.0,465.0,nan,nan,nan,nan,0.6652637124061584,nan,0,nan,nan,nan,TRACKING,0.045213368999839076,0.0,0.0,14.31632094373173,0,0,0,0.0,0.0,1.0,0,0,0,0,7,2,0
2165,221.03103847399996,99.0,16.0,143.0,465.0,99.0,16.0,143.0,465.0,nan,nan,nan,nan,0.6651759147644043,nan,0,nan,nan,nan,TRACKING,0.04461288999982571,0.0,0.0,14.997344495212262,0,0,0,0.0,0.0,1.0,0,0,0,0,7,2,0
2166,221.10117434699998,99.0,16.0,143.0,465.0,99.0,16.0,143.0,465.0,nan,nan,nan,nan,0.6677386164665222,nan,0,nan,nan,nan,TRACKING,0.043400368999982675,0.0,0.0,14.258038821297932,0,0,0,0.0,0.0,1.0,0,0,0,0,7,2,0
2167,221.19282693699995,99.0,16.0,143.0,465.0,99.0,16.0,143.0,465.0,nan,nan,nan,nan,0.6648895144462585,nan,0,nan,nan,nan,TRACKING,0.04639114800011157,0.0,0.0,10.910766406059672,0,0,0,0.0,0.0,1.0,0,0,0,0,7,2,0
2168,221.28870256800008,99.0,16.0,143.0,465.0,99.0,16.0,143.0,465.0,nan,nan,nan,nan,0.6693366169929504,nan,0,nan,nan,nan,TRACKING,0.06702311100002589,0.0,0.0,10.430179072288793,0,0,0,0.0,0.0,1.0,0,0,0,0,7,2,0
2169,221.375457107,99.0,16.0,143.0,465.0,99.0,16.0,143.0,465.0,nan,nan,nan,nan,0.6666828393936157,nan,0,nan,nan,nan,TRACKING,0.05439774199999192,0.0,0.0,11.526774408898783,0,0,0,0.0,0.0,1.0,0,0,0,0,7,2,0
2170,221.44939742000008,99.0,16.0,143.0,465.0,99.0,16.0,143.0,465.0,nan,nan,nan,nan,0.6685163974761963,nan,0,nan,nan,nan,TRACKING,0.05051064600002064,0.0,0.0,13.524422056459677,0,0,0,0.0,0.0,1.0,0,0,0,0,7,2,0
2171,221.557418256,99.0,16.0,143.0,465.0,99.0,16.0,143.0,465.0,nan,nan,nan,nan,0.6694397330284119,nan,0,nan,nan,nan,TRACKING,0.06851714699996592,0.0,0.0,9.257473252666829,0,0,0,0.0,0.0,1.0,0,0,0,0,7,2,0
2172,221.6751876940001,99.0,16.0,143.0,465.0,99.0,16.0,143.0,465.0,nan,nan,nan,nan,0.6579167246818542,nan,0,nan,nan,nan,TRACKING,0.07513314500010893,0.0,0.0,8.491167292478604,0,0,0,0.0,0.0,1.0,0,0,0,0,7,2,0
2173,221.7819763220001,99.0,16.0,143.0,465.0,99.0,16.0,143.0,465.0,nan,nan,nan,nan,0.6607045531272888,nan,0,nan,nan,nan,TRACKING,0.07715718899999047,0.0,0.0,9.364292984454895,0,0,0,0.0,0.0,1.0,0,0,0,0,7,2,0
2174,221.87367615300002,99.0,16.0,143.0,465.0,99.0,16.0,143.0,465.0,nan,nan,nan,nan,0.6428215503692627,nan,0,nan,nan,nan,TRACKING,0.05811030500012748,0.0,0.0,10.905145506766893,0,0,0,0.0,0.0,1.0,0,0,0,0,7,2,0
2175,222.25229203000015,99.0,16.0,143.0,465.0,99.0,16.0,143.0,465.0,6.0,46.0,186.0,424.0,0.6468586325645447,0.963987,1,0.3722563652326602,0.09016044725931655,1.186013986013986,DETECTOR_CONFIRMED,0.04633724199993594,0.2976312789999156,0.0,2.641199328256534,0,0,0,0.0,0.0,1.0,0,0,0,0,7,2,0
2176,222.357267814,99.0,10.842681884765625,143.0,465.0,99.0,10.842681884765625,143.0,465.0,nan,nan,nan,nan,0.6611457467079163,nan,0,nan,nan,nan,TRACKING,0.07337597900004766,0.0,0.0,9.526006493090968,0,0,0,5.157318115234375,0.006446647644042969,1.0,0,0,0,0,7,2,0
2177,222.46753269700014,99.0,11.0,143.0,465.0,99.0,11.0,143.0,465.0,nan,nan,nan,nan,0.6505844593048096,nan,0,nan,nan,nan,TRACKING,0.08777679600007104,0.0,0.0,9.069070521743962,0,0,0,0.157318115234375,0.00019664764404296874,1.0,0,0,0,0,7,2,0
2178,222.53328750599997,99.0,11.0,143.0,465.0,99.0,11.0,143.0,465.0,nan,nan,nan,nan,0.684520423412323,nan,0,nan,nan,nan,TRACKING,0.04326307499991344,0.0,0.0,15.208013150834757,0,0,0,0.0,0.0,1.0,0,0,0,0,7,2,0
2179,222.60515252300013,99.0,11.0,143.0,465.0,99.0,11.0,143.0,465.0,nan,nan,nan,nan,0.6895416975021362,nan,0,nan,nan,nan,TRACKING,0.046930949999932636,0.0,0.0,13.914976183721224,0,0,0,0.0,0.0,1.0,0,0,0,0,7,2,0
2180,222.66965600800006,99.0,11.0,143.0,465.0,99.0,11.0,143.0,465.0,nan,nan,nan,nan,0.693852961063385,nan,0,nan,nan,nan,TRACKING,0.040620165999825986,0.0,0.0,15.503038324224725,0,0,0,0.0,0.0,1.0,0,0,0,0,7,2,0
2181,222.74721700600014,99.0,11.0,143.0,465.0,99.0,11.0,143.0,465.0,nan,nan,nan,nan,0.7082311511039734,nan,0,nan,nan,nan,TRACKING,0.04846113099983995,0.0,0.0,12.893078039028808,0,0,0,0.0,0.0,1.0,0,0,0,0,7,2,0
2182,222.82690189400012,99.0,16.157318115234375,143.0,465.0,99.0,16.157318115234375,143.0,465.0,nan,nan,nan,nan,0.7045965194702148,nan,0,nan,nan,nan,TRACKING,0.05270896399997582,0.0,0.0,12.549430953587114,0,0,0,5.157318115234375,0.006446647644042969,1.0,0,0,0,0,7,2,0
2183,222.89846487400007,99.0,16.0,143.0,465.0,99.0,16.0,143.0,465.0,nan,nan,nan,nan,0.7102141976356506,nan,0,nan,nan,nan,TRACKING,0.04311197899983199,0.0,0.0,13.973705399085565,0,0,0,0.157318115234375,0.00019664764404296874,1.0,0,0,0,0,7,2,0
2184,222.97704234700007,99.0,16.0,143.0,465.0,99.0,16.0,143.0,465.0,nan,nan,nan,nan,0.7040560245513916,nan,0,nan,nan,nan,TRACKING,0.05160878900005628,0.0,0.0,12.726293705068045,0,0,0,0.0,0.0,1.0,0,0,0,0,7,2,0
2185,223.048512877,99.0,16.0,143.0,465.0,99.0,16.0,143.0,465.0,nan,nan,nan,nan,0.7028239369392395,nan,0,nan,nan,nan,TRACKING,0.043352503000051,0.0,0.0,13.9917809480468,0,0,0,0.0,0.0,1.0,0,0,0,0,7,2,0
2186,223.12343346499995,99.0,16.0,143.0,465.0,99.0,16.0,143.0,465.0,nan,nan,nan,nan,0.6988899111747742,nan,0,nan,nan,nan,TRACKING,0.05154670399997485,0.0,0.0,13.347465986262543,0,0,0,0.0,0.0,1.0,0,0,0,0,7,2,0
2187,223.19683871600012,99.0,16.0,143.0,465.0,99.0,16.0,143.0,465.0,nan,nan,nan,nan,0.695514440536499,nan,0,nan,nan,nan,TRACKING,0.04333088799990037,0.0,0.0,13.6230036186065,0,0,0,0.0,0.0,1.0,0,0,0,0,7,2,0
2188,223.27049907399999,99.0,16.0,143.0,465.0,99.0,16.0,143.0,465.0,nan,nan,nan,nan,0.6930040121078491,nan,0,nan,nan,nan,TRACKING,0.04725303800000802,0.0,0.0,13.575823239981599,0,0,0,0.0,0.0,1.0,0,0,0,0,7,2,0
2189,223.35333963999994,99.0,16.0,143.0,465.0,99.0,16.0,143.0,465.0,nan,nan,nan,nan,0.687282919883728,nan,0,nan,nan,nan,TRACKING,0.05416971700014983,0.0,0.0,12.071380584247768,0,0,0,0.0,0.0,1.0,0,0,0,0,7,2,0
2190,223.714285162,99.0,16.0,143.0,465.0,99.0,16.0,143.0,465.0,20.0,31.0,200.0,449.0,0.6956106424331665,0.92357,1,0.5328148598552459,0.06372855031302689,1.3504774795097376,DETECTOR_CONFIRMED,0.050364860999934535,0.2808991709998736,0.0,2.7705011949138925,0,0,0,0.0,0.0,1.0,0,0,0,0,7,2,0
2191,223.79369348300008,99.0,16.0,143.0,465.0,99.0,16.0,143.0,465.0,nan,nan,nan,nan,0.697769045829773,nan,0,nan,nan,nan,TRACKING,0.04899187000000893,0.0,0.0,12.59313869637256,0,0,0,0.0,0.0,1.0,0,0,0,0,7,2,0
2192,223.86595475499996,99.0,16.0,143.0,465.0,99.0,16.0,143.0,465.0,nan,nan,nan,nan,0.7091373205184937,nan,0,nan,nan,nan,TRACKING,0.042111648999934914,0.0,0.0,13.83867142556929,0,0,0,0.0,0.0,1.0,0,0,0,0,7,2,0
2193,223.93922297100005,99.0,16.0,143.0,465.0,99.0,16.0,143.0,465.0,nan,nan,nan,nan,0.7020210027694702,nan,0,nan,nan,nan,TRACKING,0.04970302600008836,0.0,0.0,13.648482992936568,0,0,0,0.0,0.0,1.0,0,0,0,0,7,2,0
2194,224.00838695200002,99.0,16.0,143.0,465.0,99.0,16.0,143.0,465.0,nan,nan,nan,nan,0.702457845211029,nan,0,nan,nan,nan,TRACKING,0.041704767000055654,0.0,0.0,14.458392729018485,0,0,0,0.0,0.0,1.0,0,0,0,0,7,2,0
2195,224.074389473,99.0,16.0,143.0,465.0,99.0,16.0,143.0,465.0,nan,nan,nan,nan,0.7040396928787231,nan,0,nan,nan,nan,TRACKING,0.04388402200015662,0.0,0.0,15.150936431661576,0,0,0,0.0,0.0,1.0,0,0,0,0,7,2,0
2196,224.15520661800008,99.0,16.0,143.0,465.0,99.0,16.0,143.0,465.0,nan,nan,nan,nan,0.7081632614135742,nan,0,nan,nan,nan,TRACKING,0.05059533400003602,0.0,0.0,12.373612059656105,0,0,0,0.0,0.0,1.0,0,0,0,0,7,2,0
2197,224.22327995500007,99.0,16.0,143.0,465.0,99.0,16.0,143.0,465.0,nan,nan,nan,nan,0.7064396142959595,nan,0,nan,nan,nan,TRACKING,0.04535873400004675,0.0,0.0,14.690039361522556,0,0,0,0.0,0.0,1.0,0,0,0,0,7,2,0
2198,224.29888216799998,99.0,10.842681884765625,143.0,465.0,99.0,10.842681884765625,143.0,465.0,nan,nan,nan,nan,0.7264729142189026,nan,0,nan,nan,nan,TRACKING,0.05238052000004245,0.0,0.0,13.227126036656855,0,0,0,5.157318115234375,0.006446647644042969,1.0,0,0,0,0,7,2,0
2199,224.3747367300001,99.0,16.157318115234375,143.0,465.0,99.0,16.157318115234375,143.0,465.0,nan,nan,nan,nan,0.7225549221038818,nan,0,nan,nan,nan,TRACKING,0.048731290999967314,0.0,0.0,13.183122723696798,0,0,0,5.31463623046875,0.0066432952880859375,1.0,0,0,0,0,7,2,0
2200,224.46901597800013,99.0,10.842681884765625,143.0,465.0,99.0,10.842681884765625,143.0,465.0,nan,nan,nan,nan,0.7249226570129395,nan,0,nan,nan,nan,TRACKING,0.06813266100016335,0.0,0.0,10.606788038867046,0,0,0,5.31463623046875,0.0066432952880859375,1.0,0,0,0,0,7,2,0
2201,224.55494055299994,99.0,16.157318115234375,143.0,465.0,99.0,16.157318115234375,143.0,465.0,nan,nan,nan,nan,0.7322341799736023,nan,0,nan,nan,nan,TRACKING,0.06234959400012485,0.0,0.0,11.638114008736538,0,0,0,5.31463623046875,0.0066432952880859375,1.0,0,0,0,0,7,2,0
2202,224.66937826600008,99.0,10.842681884765625,143.0,465.0,99.0,10.842681884765625,143.0,465.0,nan,nan,nan,nan,0.7319862842559814,nan,0,nan,nan,nan,TRACKING,0.09220483799981594,0.0,0.0,8.738378055482025,0,0,0,5.31463623046875,0.0066432952880859375,1.0,0,0,0,0,7,2,0
2203,224.764942119,99.0,16.157318115234375,143.0,465.0,99.0,16.157318115234375,143.0,465.0,nan,nan,nan,nan,0.7621821165084839,nan,0,nan,nan,nan,TRACKING,0.06870834799997283,0.0,0.0,10.464207632992016,0,0,0,5.31463623046875,0.0066432952880859375,1.0,0,0,0,0,7,2,0
2204,224.85310584699994,99.0,10.842681884765625,143.0,465.0,99.0,10.842681884765625,143.0,465.0,nan,nan,nan,nan,0.7539794445037842,nan,0,nan,nan,nan,TRACKING,0.060654461000012816,0.0,0.0,11.34253306530811,0,0,0,5.31463623046875,0.0066432952880859375,1.0,0,0,0,0,7,2,0
2205,225.16877888300007,99.0,16.157318115234375,143.0,465.0,99.0,16.157318115234375,143.0,465.0,22.0,22.0,213.0,458.0,0.7609248161315918,0.928391,1,0.6121009030964711,0.05258160560044396,1.4670877509587188,DETECTOR_CONFIRMED,0.05389023299994733,0.23196792499993535,0.0,3.167834708567168,0,0,0,5.31463623046875,0.0066432952880859375,1.0,0,0,0,0,7,2,0
2206,225.25040416700006,99.0,10.842681884765625,143.0,465.0,99.0,10.842681884765625,143.0,465.0,nan,nan,nan,nan,0.7443718910217285,nan,0,nan,nan,nan,TRACKING,0.05356663300017317,0.0,0.0,12.251105919584964,0,0,0,5.31463623046875,0.0066432952880859375,1.0,0,0,0,0,7,2,0
2207,225.32815646799997,99.0,16.157318115234375,143.0,465.0,99.0,16.157318115234375,143.0,465.0,nan,nan,nan,nan,0.757326066493988,nan,0,nan,nan,nan,TRACKING,0.05542937299992445,0.0,0.0,12.861355704457505,0,0,0,5.31463623046875,0.0066432952880859375,1.0,0,0,0,0,7,2,0
2208,225.41802928699997,99.0,10.842681884765625,143.0,465.0,99.0,10.842681884765625,143.0,465.0,nan,nan,nan,nan,0.7474477887153625,nan,0,nan,nan,nan,TRACKING,0.0655873050000082,0.0,0.0,11.126834688473265,0,0,0,5.31463623046875,0.0066432952880859375,1.0,0,0,0,0,7,2,0
2209,225.49310706400013,99.0,16.157318115234375,143.0,465.0,99.0,16.157318115234375,143.0,465.0,nan,nan,nan,nan,0.7549133896827698,nan,0,nan,nan,nan,TRACKING,0.05236468600014632,0.0,0.0,13.319520635218892,0,0,0,5.31463623046875,0.0066432952880859375,1.0,0,0,0,0,7,2,0
2210,225.57061873700002,99.0,10.842681884765625,143.0,465.0,99.0,10.842681884765625,143.0,465.0,nan,nan,nan,nan,0.7516218423843384,nan,0,nan,nan,nan,TRACKING,0.049937925999984145,0.0,0.0,12.901282623604578,0,0,0,5.31463623046875,0.0066432952880859375,1.0,0,0,0,0,7,2,0
2211,225.64737445900016,99.0,16.157318115234375,143.0,465.0,99.0,16.157318115234375,143.0,465.0,nan,nan,nan,nan,0.7522129416465759,nan,0,nan,nan,nan,TRACKING,0.05343954699992537,0.0,0.0,13.028344648990853,0,0,0,5.31463623046875,0.0066432952880859375,1.0,0,0,0,0,7,2,0
2212,225.72684668600016,99.0,10.842681884765625,143.0,465.0,99.0,10.842681884765625,143.0,465.0,nan,nan,nan,nan,0.7514798641204834,nan,0,nan,nan,nan,TRACKING,0.051906552999980704,0.0,0.0,12.583012176065523,0,0,0,5.31463623046875,0.0066432952880859375,1.0,0,0,0,0,7,2,0
2213,225.79575159800004,99.0,16.157318115234375,143.0,465.0,99.0,16.157318115234375,143.0,465.0,nan,nan,nan,nan,0.7512161731719971,nan,0,nan,nan,nan,TRACKING,0.04524743000001763,0.0,0.0,14.51275345945936,0,0,0,5.31463623046875,0.0066432952880859375,1.0,0,0,0,0,7,2,0
2214,225.88068188600016,99.0,10.842681884765625,143.0,465.0,99.0,10.842681884765625,143.0,465.0,nan,nan,nan,nan,0.7514262795448303,nan,0,nan,nan,nan,TRACKING,0.056386003999932655,0.0,0.0,11.774362521866742,0,0,0,5.31463623046875,0.0066432952880859375,1.0,0,0,0,0,7,2,0
2215,225.95542580300014,99.0,16.157318115234375,143.0,465.0,99.0,16.157318115234375,143.0,465.0,nan,nan,nan,nan,0.7466519474983215,nan,0,nan,nan,nan,TRACKING,0.05098408999992898,0.0,0.0,13.379015177921367,0,0,0,5.31463623046875,0.0066432952880859375,1.0,0,0,0,0,7,2,0
2216,226.03418968400013,99.0,10.842681884765625,143.0,465.0,99.0,10.842681884765625,143.0,465.0,nan,nan,nan,nan,0.7511307597160339,nan,0,nan,nan,nan,TRACKING,0.055702970999846,0.0,0.0,12.696174786005974,0,0,0,5.31463623046875,0.0066432952880859375,1.0,0,0,0,0,7,2,0
2217,226.11884652900005,99.0,16.157318115234375,143.0,465.0,99.0,16.157318115234375,143.0,465.0,nan,nan,nan,nan,0.744965136051178,nan,0,nan,nan,nan,TRACKING,0.05656262100001186,0.0,0.0,11.812393906256075,0,0,0,5.31463623046875,0.0066432952880859375,1.0,0,0,0,0,7,2,0
2218,226.19511041900012,99.0,10.842681884765625,143.0,465.0,99.0,10.842681884765625,143.0,465.0,nan,nan,nan,nan,0.7509238719940186,nan,0,nan,nan,nan,TRACKING,0.052746880000086094,0.0,0.0,13.11236549826088,0,0,0,5.31463623046875,0.0066432952880859375,1.0,0,0,0,0,7,2,0
2219,226.27027267699998,99.0,16.157318115234375,143.0,465.0,99.0,16.157318115234375,143.0,465.0,nan,nan,nan,nan,0.7469927668571472,nan,0,nan,nan,nan,TRACKING,0.05050095600017812,0.0,0.0,13.304549738271715,0,0,0,5.31463623046875,0.0066432952880859375,1.0,0,0,0,0,7,2,0
2220,226.55987131099994,99.0,10.842681884765625,143.0,465.0,99.0,10.842681884765625,143.0,465.0,20.0,20.0,214.0,460.0,0.7500881552696228,0.92981,1,0.5951740921835729,0.055008094354482104,1.4804120610572225,DETECTOR_CONFIRMED,0.054847591999987344,0.20912024600011136,0.0,3.4530549615788058,0,0,0,5.31463623046875,0.0066432952880859375,1.0,0,0,0,0,7,2,0
2221,226.66264788900014,99.0,16.157318115234375,143.0,465.0,99.0,16.157318115234375,143.0,465.0,nan,nan,nan,nan,0.7551572322845459,nan,0,nan,nan,nan,TRACKING,0.06901444599998285,0.0,0.0,9.72984331116791,0,0,0,5.31463623046875,0.0066432952880859375,1.0,0,0,0,0,7,2,0
2222,226.76025156599997,99.0,10.842681884765625,143.0,465.0,99.0,10.842681884765625,143.0,465.0,nan,nan,nan,nan,0.7544572353363037,nan,0,nan,nan,nan,TRACKING,0.0671007670000563,0.0,0.0,10.245515647958609,0,0,0,5.31463623046875,0.0066432952880859375,1.0,0,0,0,0,7,2,0
2223,226.83856856399996,99.0,16.157318115234375,143.0,465.0,99.0,16.157318115234375,143.0,465.0,nan,nan,nan,nan,0.7522466778755188,nan,0,nan,nan,nan,TRACKING,0.05458722299999863,0.0,0.0,12.768620165958264,0,0,0,5.31463623046875,0.0066432952880859375,1.0,0,0,0,0,7,2,0
2224,226.91764031500009,99.0,10.842681884765625,143.0,465.0,99.0,10.842681884765625,143.0,465.0,nan,nan,nan,nan,0.7563672065734863,nan,0,nan,nan,nan,TRACKING,0.0515368070000477,0.0,0.0,12.646741565118155,0,0,0,5.31463623046875,0.0066432952880859375,1.0,0,0,0,0,7,2,0
2225,226.99532047900004,99.0,16.157318115234375,143.0,465.0,99.0,16.157318115234375,143.0,465.0,nan,nan,nan,nan,0.7588937878608704,nan,0,nan,nan,nan,TRACKING,0.05451044999995247,0.0,0.0,12.873299289127994,0,0,0,5.31463623046875,0.0066432952880859375,1.0,0,0,0,0,7,2,0
2226,227.06668704700007,99.0,16.0,143.0,465.0,99.0,16.0,143.0,465.0,nan,nan,nan,nan,0.7507709264755249,nan,0,nan,nan,nan,TRACKING,0.0473153299999467,0.0,0.0,14.012163230261741,0,0,0,0.157318115234375,0.00019664764404296874,1.0,0,0,0,0,7,2,0
2227,227.18576832600013,99.0,16.0,143.0,465.0,99.0,16.0,143.0,465.0,nan,nan,nan,nan,0.7494831085205078,nan,0,nan,nan,nan,TRACKING,0.09310250700013967,0.0,0.0,8.397625625095332,0,0,0,0.0,0.0,1.0,0,0,0,0,7,2,0
2228,227.25996212899997,99.0,16.0,143.0,465.0,99.0,16.0,143.0,465.0,nan,nan,nan,nan,0.7577693462371826,nan,0,nan,nan,nan,TRACKING,0.04940192600020055,0.0,0.0,13.478214615877109,0,0,0,0.0,0.0,1.0,0,0,0,0,7,2,0
2229,227.32687044500005,99.0,16.0,143.0,465.0,99.0,16.0,143.0,465.0,nan,nan,nan,nan,0.7642572522163391,nan,0,nan,nan,nan,TRACKING,0.043544901000132086,0.0,0.0,14.945825269295225,0,0,0,0.0,0.0,1.0,0,0,0,0,7,2,0
2230,227.4116969790001,99.0,16.0,143.0,465.0,99.0,16.0,143.0,465.0,nan,nan,nan,nan,0.7653129696846008,nan,0,nan,nan,nan,TRACKING,0.0496926609998809,0.0,0.0,11.788764114767627,0,0,0,0.0,0.0,1.0,0,0,0,0,7,2,0
2231,227.515851235,99.0,16.0,143.0,465.0,99.0,16.0,143.0,465.0,nan,nan,nan,nan,0.7612727880477905,nan,0,nan,nan,nan,TRACKING,0.0638672749998932,0.0,0.0,9.60114390333646,0,0,0,0.0,0.0,1.0,0,0,0,0,7,2,0
2232,227.58398332100012,99.0,16.0,143.0,465.0,99.0,16.0,143.0,465.0,nan,nan,nan,nan,0.7646308541297913,nan,0,nan,nan,nan,TRACKING,0.04425835000006373,0.0,0.0,14.677372420366773,0,0,0,0.0,0.0,1.0,0,0,0,0,7,2,0
2233,227.66192401,99.0,16.0,143.0,465.0,99.0,16.0,143.0,465.0,nan,nan,nan,nan,0.7650245428085327,nan,0,nan,nan,nan,TRACKING,0.053683718000002045,0.0,0.0,12.830268924122995,0,0,0,0.0,0.0,1.0,0,0,0,0,7,2,0
2234,227.74885990300015,99.0,16.0,143.0,465.0,99.0,16.0,143.0,465.0,nan,nan,nan,nan,0.7628096342086792,nan,0,nan,nan,nan,TRACKING,0.06135009700005867,0.0,0.0,11.502728798084904,0,0,0,0.0,0.0,1.0,0,0,0,0,7,2,0
2235,228.09028190900005,99.0,16.0,143.0,465.0,99.0,16.0,143.0,465.0,19.0,20.0,215.0,460.0,0.7675166130065918,0.925323,1,0.6011907643157945,0.05503195094670004,1.4873298744266485,DETECTOR_CONFIRMED,0.05580239999994774,0.25839992999999595,0.0,2.9289266140633177,0,0,0,0.0,0.0,1.0,0,0,0,0,7,2,0
2236,228.17194234800002,99.0,16.0,143.0,465.0,99.0,16.0,143.0,465.0,nan,nan,nan,nan,0.7555424571037292,nan,0,nan,nan,nan,TRACKING,0.04724147299998549,0.0,0.0,12.24583179133382,0,0,0,0.0,0.0,1.0,0,0,0,0,7,2,0
2237,228.24906875199997,99.0,16.0,143.0,465.0,99.0,16.0,143.0,465.0,nan,nan,nan,nan,0.7554566860198975,nan,0,nan,nan,nan,TRACKING,0.05000042599999688,0.0,0.0,12.965728312713535,0,0,0,0.0,0.0,1.0,0,0,0,0,7,2,0
2238,228.32980558199995,99.0,16.0,143.0,465.0,99.0,16.0,143.0,465.0,nan,nan,nan,nan,0.7541965842247009,nan,0,nan,nan,nan,TRACKING,0.054576805000124295,0.0,0.0,12.385921022664284,0,0,0,0.0,0.0,1.0,0,0,0,0,7,2,0
2239,228.3939185370001,99.0,16.0,143.0,465.0,99.0,16.0,143.0,465.0,nan,nan,nan,nan,0.7457079887390137,nan,0,nan,nan,nan,TRACKING,0.04059453900003973,0.0,0.0,15.597471680997709,0,0,0,0.0,0.0,1.0,0,0,0,0,7,2,0
2240,228.4651424980001,99.0,16.0,143.0,465.0,99.0,16.0,143.0,465.0,nan,nan,nan,nan,0.7462937831878662,nan,0,nan,nan,nan,TRACKING,0.04720819199997095,0.0,0.0,14.040218852756352,0,0,0,0.0,0.0,1.0,0,0,0,0,7,2,0
2241,228.546079331,99.0,16.0,143.0,465.0,99.0,16.0,143.0,465.0,nan,nan,nan,nan,0.7503671646118164,nan,0,nan,nan,nan,TRACKING,0.05681439499994667,0.0,0.0,12.355314174465958,0,0,0,0.0,0.0,1.0,0,0,0,0,7,2,0
2242,228.61113443800002,99.0,16.0,143.0,465.0,99.0,16.0,143.0,465.0,nan,nan,nan,nan,0.7474800944328308,nan,0,nan,nan,nan,TRACKING,0.042667489999985264,0.0,0.0,15.37158335623776,0,0,0,0.0,0.0,1.0,0,0,0,0,7,2,0
2243,228.6788897990001,99.0,16.0,143.0,465.0,99.0,16.0,143.0,465.0,nan,nan,nan,nan,0.7456029653549194,nan,0,nan,nan,nan,TRACKING,0.044825808000041434,0.0,0.0,14.758979735917851,0,0,0,0.0,0.0,1.0,0,0,0,0,7,2,0
2244,228.7561208400001,99.0,16.0,143.0,465.0,99.0,16.0,143.0,465.0,nan,nan,nan,nan,0.7467390894889832,nan,0,nan,nan,nan,TRACKING,0.054279873000041334,0.0,0.0,12.94816160771342,0,0,0,0.0,0.0,1.0,0,0,0,0,7,2,0
2245,228.81974472500008,99.0,16.0,143.0,465.0,99.0,16.0,143.0,465.0,nan,nan,nan,nan,0.7498056292533875,nan,0,nan,nan,nan,TRACKING,0.040301356000099986,0.0,0.0,15.717367777847457,0,0,0,0.0,0.0,1.0,0,0,0,0,7,2,0
2246,228.89280647700014,99.0,16.0,143.0,465.0,99.0,16.0,143.0,465.0,nan,nan,nan,nan,0.7561953067779541,nan,0,nan,nan,nan,TRACKING,0.045994889999974475,0.0,0.0,13.68705201593316,0,0,0,0.0,0.0,1.0,0,0,0,0,7,2,0
2247,228.96616318200006,99.0,16.0,143.0,465.0,99.0,16.0,143.0,465.0,nan,nan,nan,nan,0.7589827179908752,nan,0,nan,nan,nan,TRACKING,0.05058137300011367,0.0,0.0,13.63201904994287,0,0,0,0.0,0.0,1.0,0,0,0,0,7,2,0
2248,229.05525504800005,99.0,16.0,143.0,465.0,99.0,16.0,143.0,465.0,nan,nan,nan,nan,0.7581019997596741,nan,0,nan,nan,nan,TRACKING,0.06188317900000584,0.0,0.0,11.224369237031302,0,0,0,0.0,0.0,1.0,0,0,0,0,7,2,0
2249,229.13985683800013,99.0,16.0,143.0,465.0,99.0,16.0,143.0,465.0,nan,nan,nan,nan,0.757047712802887,nan,0,nan,nan,nan,TRACKING,0.06018044100005682,0.0,0.0,11.82008087534635,0,0,0,0.0,0.0,1.0,0,0,0,0,7,2,0
2250,229.49749781100002,99.0,16.0,143.0,465.0,99.0,16.0,143.0,465.0,21.0,23.0,215.0,457.0,0.7524902820587158,0.93081,1,0.612966389598692,0.052633758178568246,1.4776298969847357,DETECTOR_CONFIRMED,0.04209201200001189,0.28510923099997854,0.0,2.7961002108120074,0,0,0,0.0,0.0,1.0,0,0,0,0,7,2,0
2251,229.56481764300008,99.0,16.0,143.0,465.0,99.0,16.0,143.0,465.0,nan,nan,nan,nan,0.7510525584220886,nan,0,nan,nan,nan,TRACKING,0.039125503000150275,0.0,0.0,14.854463689080683,0,0,0,0.0,0.0,1.0,0,0,0,0,7,2,0
2252,229.68123502100013,99.0,16.0,143.0,465.0,99.0,16.0,143.0,465.0,nan,nan,nan,nan,0.7512259483337402,nan,0,nan,nan,nan,TRACKING,0.0889212370000223,0.0,0.0,8.589782875882685,0,0,0,0.0,0.0,1.0,0,0,0,0,7,2,0
2253,229.75417208300007,99.0,16.0,143.0,465.0,99.0,16.0,143.0,465.0,nan,nan,nan,nan,0.7576032280921936,nan,0,nan,nan,nan,TRACKING,0.04789143200014223,0.0,0.0,13.710450799359876,0,0,0,0.0,0.0,1.0,0,0,0,0,7,2,0
2254,229.8212851930001,99.0,16.0,143.0,465.0,99.0,16.0,143.0,465.0,nan,nan,nan,nan,0.7630221247673035,nan,0,nan,nan,nan,TRACKING,0.044921851000026436,0.0,0.0,14.900218452094597,0,0,0,0.0,0.0,1.0,0,0,0,0,7,2,0
2255,229.89021182299996,99.0,16.0,143.0,465.0,99.0,16.0,143.0,465.0,nan,nan,nan,nan,0.7769815921783447,nan,0,nan,nan,nan,TRACKING,0.0447983590001968,0.0,0.0,14.508180655316602,0,0,0,0.0,0.0,1.0,0,0,0,0,7,2,0
2256,229.96341248300007,99.0,16.0,143.0,465.0,99.0,16.0,143.0,465.0,nan,nan,nan,nan,0.7695485353469849,nan,0,nan,nan,nan,TRACKING,0.05048934000001282,0.0,0.0,13.661079012108338,0,0,0,0.0,0.0,1.0,0,0,0,0,7,2,0
2257,230.03325069100003,99.0,16.0,143.0,465.0,99.0,16.0,143.0,465.0,nan,nan,nan,nan,0.7728217840194702,nan,0,nan,nan,nan,TRACKING,0.04630255100005343,0.0,0.0,14.318809554799948,0,0,0,0.0,0.0,1.0,0,0,0,0,7,2,0
2258,230.10838398800013,99.0,16.0,143.0,465.0,99.0,16.0,143.0,465.0,nan,nan,nan,nan,0.7770481109619141,nan,0,nan,nan,nan,TRACKING,0.04341666899995289,0.0,0.0,13.309678131105589,0,0,0,0.0,0.0,1.0,0,0,0,0,7,2,0
2259,230.17730400300013,99.0,16.0,143.0,465.0,99.0,16.0,143.0,465.0,nan,nan,nan,nan,0.7754423022270203,nan,0,nan,nan,nan,TRACKING,0.04558180899994113,0.0,0.0,14.509573162454355,0,0,0,0.0,0.0,1.0,0,0,0,0,7,2,0
2260,230.24694335300012,99.0,16.0,143.0,465.0,99.0,16.0,143.0,465.0,nan,nan,nan,nan,0.7801358103752136,nan,0,nan,nan,nan,TRACKING,0.044245119999914095,0.0,0.0,14.359697498614855,0,0,0,0.0,0.0,1.0,0,0,0,0,7,2,0
2261,230.32460158800006,99.0,16.0,143.0,465.0,99.0,16.0,143.0,465.0,nan,nan,nan,nan,0.7812386155128479,nan,0,nan,nan,nan,TRACKING,0.04609233799988033,0.0,0.0,12.876934429435796,0,0,0,0.0,0.0,1.0,0,0,0,0,7,2,0
2262,230.40369719000012,99.0,10.842681884765625,143.0,465.0,99.0,10.842681884765625,143.0,465.0,nan,nan,nan,nan,0.792812705039978,nan,0,nan,nan,nan,TRACKING,0.05557135300000482,0.0,0.0,12.642927984786569,0,0,0,5.157318115234375,0.006446647644042969,1.0,0,0,0,0,7,2,0
2263,230.48227471200005,99.0,11.0,143.0,465.0,99.0,11.0,143.0,465.0,nan,nan,nan,nan,0.7724589109420776,nan,0,nan,nan,nan,TRACKING,0.05490977899989957,0.0,0.0,12.726285769114249,0,0,0,0.157318115234375,0.00019664764404296874,1.0,0,0,0,0,7,2,0
2264,230.56207017000008,99.0,11.0,143.0,465.0,99.0,11.0,143.0,465.0,nan,nan,nan,nan,0.7772310972213745,nan,0,nan,nan,nan,TRACKING,0.05416336100006447,0.0,0.0,12.532041610683661,0,0,0,0.0,0.0,1.0,0,0,0,0,7,2,0
2265,230.903165758,99.0,11.0,143.0,465.0,99.0,11.0,143.0,465.0,nan,nan,nan,nan,0.7853996753692627,nan,0,nan,nan,nan,SUSPECTED_LOST,0.0466452120001577,0.2706420580000213,0.0,2.931729506862589,0,0,0,0.0,0.0,1.0,0,0,0,0,7,2,0
2266,230.998714919,99.0,11.0,143.0,465.0,99.0,11.0,143.0,465.0,nan,nan,nan,nan,0.7930822968482971,nan,0,nan,nan,nan,TRACKING,0.06286944399994354,0.0,0.0,10.465816649085127,0,0,0,0.0,0.0,1.0,0,0,0,0,7,2,0
2267,231.07151140500002,99.0,11.0,143.0,465.0,99.0,11.0,143.0,465.0,nan,nan,nan,nan,0.7894541025161743,nan,0,nan,nan,nan,TRACKING,0.05039319200000136,0.0,0.0,13.736926807150898,0,0,0,0.0,0.0,1.0,0,0,0,0,7,2,0
2268,231.14044167999998,99.0,11.0,143.0,465.0,99.0,11.0,143.0,465.0,nan,nan,nan,nan,0.793254017829895,nan,0,nan,nan,nan,TRACKING,0.04566936200012606,0.0,0.0,14.507413469634704,0,0,0,0.0,0.0,1.0,0,0,0,0,7,2,0
2269,231.21808986300005,99.0,11.0,143.0,465.0,99.0,11.0,143.0,465.0,nan,nan,nan,nan,0.797797679901123,nan,0,nan,nan,nan,TRACKING,0.04894566699999814,0.0,0.0,12.87860142199548,0,0,0,0.0,0.0,1.0,0,0,0,0,7,2,0
2270,231.29368920800005,99.0,11.0,143.0,465.0,99.0,11.0,143.0,465.0,nan,nan,nan,nan,0.8009429574012756,nan,0,nan,nan,nan,TRACKING,0.04812049699989984,0.0,0.0,13.22762783196062,0,0,0,0.0,0.0,1.0,0,0,0,0,7,2,0
2271,231.36758040000007,99.0,11.0,143.0,465.0,99.0,11.0,143.0,465.0,nan,nan,nan,nan,0.8042863607406616,nan,0,nan,nan,nan,TRACKING,0.04981156700000611,0.0,0.0,13.533412751004759,0,0,0,0.0,0.0,1.0,0,0,0,0,7,2,0
2272,231.43286045699995,99.0,11.0,143.0,465.0,99.0,11.0,143.0,465.0,nan,nan,nan,nan,0.8018450140953064,nan,0,nan,nan,nan,TRACKING,0.042578841000022294,0.0,0.0,15.31861407538005,0,0,0,0.0,0.0,1.0,0,0,0,0,7,2,0
2273,231.50699384100005,99.0,11.0,143.0,465.0,99.0,11.0,143.0,465.0,nan,nan,nan,nan,0.801656186580658,nan,0,nan,nan,nan,TRACKING,0.05206019899992498,0.0,0.0,13.489199413837198,0,0,0,0.0,0.0,1.0,0,0,0,0,7,2,0
2274,231.57602073200007,99.0,11.0,143.0,465.0,99.0,11.0,143.0,465.0,nan,nan,nan,nan,0.8097055554389954,nan,0,nan,nan,nan,TRACKING,0.04188987099996666,0.0,0.0,14.487107640407718,0,0,0,0.0,0.0,1.0,0,0,0,0,7,2,0
2275,231.65137179200008,99.0,11.0,143.0,465.0,99.0,11.0,143.0,465.0,nan,nan,nan,nan,0.7980484962463379,nan,0,nan,nan,nan,TRACKING,0.04668302599998242,0.0,0.0,13.271213437474726,0,0,0,0.0,0.0,1.0,0,0,0,0,7,2,0
2276,231.72176479999996,99.0,11.0,143.0,465.0,99.0,11.0,143.0,465.0,nan,nan,nan,nan,0.8012183308601379,nan,0,nan,nan,nan,TRACKING,0.0433100000000195,0.0,0.0,14.205956364326221,0,0,0,0.0,0.0,1.0,0,0,0,0,7,2,0
2277,231.83410653500016,99.0,11.0,143.0,465.0,99.0,11.0,143.0,465.0,nan,nan,nan,nan,0.7919062972068787,nan,0,nan,nan,nan,TRACKING,0.08890441300013663,0.0,0.0,8.901411394422734,0,0,0,0.0,0.0,1.0,0,0,0,0,7,2,0
2278,231.894412967,99.0,11.0,143.0,465.0,99.0,11.0,143.0,465.0,nan,nan,nan,nan,0.7780719995498657,nan,0,nan,nan,nan,TRACKING,0.036700201000030575,0.0,0.0,16.581979182631045,0,0,0,0.0,0.0,1.0,0,0,0,0,7,2,0
2279,231.97824114900016,99.0,11.0,143.0,465.0,99.0,11.0,143.0,465.0,nan,nan,nan,nan,0.7844122052192688,nan,0,nan,nan,nan,TRACKING,0.05878812499986452,0.0,0.0,11.929162438451513,0,0,0,0.0,0.0,1.0,0,0,0,0,7,2,0
2280,232.57292084400012,99.0,11.0,143.0,465.0,99.0,11.0,143.0,465.0,nan,nan,nan,nan,0.7811875343322754,nan,0,nan,nan,nan,SUSPECTED_LOST,0.048707695000075546,0.518454088999988,0.0,1.6815775087125748,0,0,0,0.0,0.0,1.0,0,0,0,0,7,2,0
2281,232.6426988930001,99.0,16.157318115234375,143.0,465.0,99.0,16.157318115234375,143.0,465.0,nan,nan,nan,nan,0.7596992254257202,nan,0,nan,nan,nan,TRACKING,0.046447447999980795,0.0,0.0,14.331154486711231,0,0,0,5.157318115234375,0.006446647644042969,1.0,0,0,0,0,7,2,0
2282,232.72469251300015,99.0,16.0,143.0,465.0,99.0,16.0,143.0,465.0,nan,nan,nan,nan,0.7561862468719482,nan,0,nan,nan,nan,TRACKING,0.0586372890002167,0.0,0.0,12.19607086501864,0,0,0,0.157318115234375,0.00019664764404296874,1.0,0,0,0,0,7,2,0
2283,232.803175292,99.0,16.0,143.0,465.0,99.0,16.0,143.0,465.0,nan,nan,nan,nan,0.7688583731651306,nan,0,nan,nan,nan,TRACKING,0.05170493199989323,0.0,0.0,12.741648712541348,0,0,0,0.0,0.0,1.0,0,0,0,0,7,2,0
2284,232.88937429400005,99.0,16.0,143.0,465.0,99.0,16.0,143.0,465.0,nan,nan,nan,nan,0.7670754194259644,nan,0,nan,nan,nan,TRACKING,0.04750236200015934,0.0,0.0,11.601062388162358,0,0,0,0.0,0.0,1.0,0,0,0,0,7,2,0
2285,232.96850776100007,99.0,16.0,143.0,465.0,99.0,16.0,143.0,465.0,nan,nan,nan,nan,0.7858760952949524,nan,0,nan,nan,nan,TRACKING,0.0480321099998946,0.0,0.0,12.636878401899812,0,0,0,0.0,0.0,1.0,0,0,0,0,7,2,0
2286,233.0372678770001,99.0,16.0,143.0,465.0,99.0,16.0,143.0,465.0,nan,nan,nan,nan,0.7956379652023315,nan,0,nan,nan,nan,TRACKING,0.04074865400002636,0.0,0.0,14.543314615695097,0,0,0,0.0,0.0,1.0,0,0,0,0,7,2,0
2287,233.122470508,99.0,16.0,143.0,465.0,99.0,16.0,143.0,465.0,nan,nan,nan,nan,0.7971230745315552,nan,0,nan,nan,nan,TRACKING,0.06077695999988464,0.0,0.0,11.73672676846272,0,0,0,0.0,0.0,1.0,0,0,0,0,7,2,0
2288,233.1891358480001,99.0,16.0,143.0,465.0,99.0,16.0,143.0,465.0,nan,nan,nan,nan,0.7990859150886536,nan,0,nan,nan,nan,TRACKING,0.042598425000051066,0.0,0.0,15.000298505917856,0,0,0,0.0,0.0,1.0,0,0,0,0,7,2,0
2289,233.27633486699995,104.15731811523438,16.0,143.0,465.0,104.15731811523438,16.0,143.0,465.0,nan,nan,nan,nan,0.7713252305984497,nan,0,nan,nan,nan,TRACKING,0.06323736600006669,0.0,0.0,11.46801892348895,0,0,0,5.157318115234375,0.006446647644042969,1.0,0,0,0,0,7,2,0
2290,233.35922870900015,98.84268188476562,10.842681884765625,143.0,465.0,98.84268188476562,10.842681884765625,143.0,465.0,nan,nan,nan,nan,0.7435821294784546,nan,0,nan,nan,nan,TRACKING,0.05964678400005141,0.0,0.0,12.063622289307672,0,0,0,7.405625456633338,0.009257031820791673,1.0,0,0,0,0,7,2,0
2291,233.43115632599995,99.0,11.0,143.0,465.0,99.0,11.0,143.0,465.0,nan,nan,nan,nan,0.7144055962562561,nan,0,nan,nan,nan,TRACKING,0.04392271799997616,0.0,0.0,13.902865710159219,0,0,0,0.22248141217142656,0.0002781017652142832,1.0,0,0,0,0,7,2,0
2292,233.50562601600006,99.0,11.0,143.0,465.0,99.0,11.0,143.0,465.0,nan,nan,nan,nan,0.7611662745475769,nan,0,nan,nan,nan,TRACKING,0.04977901400002338,0.0,0.0,13.428282029889779,0,0,0,0.0,0.0,1.0,0,0,0,0,7,2,0
2293,233.5968737490001,99.0,11.0,143.0,465.0,99.0,11.0,143.0,465.0,nan,nan,nan,nan,0.7602458596229553,nan,0,nan,nan,nan,TRACKING,0.0618894790000013,0.0,0.0,10.959176377559977,0,0,0,0.0,0.0,1.0,0,0,0,0,7,2,0
2294,233.6714999520001,99.0,11.0,143.0,465.0,99.0,11.0,143.0,465.0,nan,nan,nan,nan,0.7578923106193542,nan,0,nan,nan,nan,TRACKING,0.04849888900002952,0.0,0.0,13.40011899038024,0,0,0,0.0,0.0,1.0,0,0,0,0,7,2,0
2295,233.97573345500007,99.0,11.0,143.0,465.0,99.0,11.0,143.0,465.0,178.0,59.0,109.0,398.0,0.7596882581710815,0.866457,1,0.3017830697233576,0.0795912408811422,1.532778571757872,DETECTOR_CONFIRMED,0.04868623600009414,0.2278009670001211,0.0,3.2869489722178082,0,0,0,0.0,0.0,1.0,0,0,0,0,7,2,0
2296,234.06445062399996,99.0,11.0,143.0,465.0,99.0,11.0,143.0,465.0,nan,nan,nan,nan,0.7564629912376404,nan,0,nan,nan,nan,TRACKING,0.03962097899989203,0.0,0.0,11.271775365163137,0,0,0,0.0,0.0,1.0,0,0,0,0,7,2,0
2297,234.13263192700003,99.0,11.0,143.0,465.0,99.0,11.0,143.0,465.0,nan,nan,nan,nan,0.7589840292930603,nan,0,nan,nan,nan,TRACKING,0.04534383500003969,0.0,0.0,14.666777488821461,0,0,0,0.0,0.0,1.0,0,0,0,0,7,2,0
2298,234.2113394480001,99.0,11.0,143.0,465.0,99.0,11.0,143.0,465.0,nan,nan,nan,nan,0.7652775049209595,nan,0,nan,nan,nan,TRACKING,0.05224369100005788,0.0,0.0,12.705266120617855,0,0,0,0.0,0.0,1.0,0,0,0,0,7,2,0
2299,234.28498907200003,99.0,11.0,143.0,465.0,99.0,11.0,143.0,465.0,nan,nan,nan,nan,0.7636066675186157,nan,0,nan,nan,nan,TRACKING,0.04799533799996425,0.0,0.0,13.57780183644919,0,0,0,0.0,0.0,1.0,0,0,0,0,7,2,0
2300,234.35666439199997,99.0,11.0,143.0,465.0,99.0,11.0,143.0,465.0,nan,nan,nan,nan,0.7607577443122864,nan,0,nan,nan,nan,TRACKING,0.04531123100014156,0.0,0.0,13.951803772914213,0,0,0,0.0,0.0,1.0,0,0,0,0,7,2,0
2301,234.43177648800008,99.0,11.0,143.0,465.0,99.0,11.0,143.0,465.0,nan,nan,nan,nan,0.7551268935203552,nan,0,nan,nan,nan,TRACKING,0.04816372699997373,0.0,0.0,13.31343489600547,0,0,0,0.0,0.0,1.0,0,0,0,0,7,2,0
2302,234.55331144900003,99.0,11.0,143.0,465.0,99.0,11.0,143.0,465.0,nan,nan,nan,nan,0.7602429986000061,nan,0,nan,nan,nan,TRACKING,0.09869728499984376,0.0,0.0,8.228085085742482,0,0,0,0.0,0.0,1.0,0,0,0,0,7,2,0
2303,234.62020434399994,99.0,11.0,143.0,465.0,99.0,11.0,143.0,465.0,nan,nan,nan,nan,0.7641202807426453,nan,0,nan,nan,nan,TRACKING,0.04366745299989816,0.0,0.0,14.949270770854614,0,0,0,0.0,0.0,1.0,0,0,0,0,7,2,0
2304,234.68983051500015,99.0,11.0,143.0,465.0,99.0,11.0,143.0,465.0,nan,nan,nan,nan,0.7590844035148621,nan,0,nan,nan,nan,TRACKING,0.044974141000011514,0.0,0.0,14.362415534770644,0,0,0,0.0,0.0,1.0,0,0,0,0,7,2,0
2305,234.75308355799996,99.0,11.0,143.0,465.0,99.0,11.0,143.0,465.0,nan,nan,nan,nan,0.7531283497810364,nan,0,nan,nan,nan,TRACKING,0.039718740999887814,0.0,0.0,15.809516073449558,0,0,0,0.0,0.0,1.0,0,0,0,0,7,2,0
2306,234.83063522700002,99.0,11.0,143.0,465.0,99.0,11.0,143.0,465.0,nan,nan,nan,nan,0.7499629855155945,nan,0,nan,nan,nan,TRACKING,0.047779135999917344,0.0,0.0,12.894628998883883,0,0,0,0.0,0.0,1.0,0,0,0,0,7,2,0
2307,234.90560768500006,99.0,11.0,143.0,465.0,99.0,11.0,143.0,465.0,nan,nan,nan,nan,0.7451311945915222,nan,0,nan,nan,nan,TRACKING,0.0510753379999187,0.0,0.0,13.338231487613314,0,0,0,0.0,0.0,1.0,0,0,0,0,7,2,0
2308,234.98700155400013,99.0,11.0,143.0,465.0,99.0,11.0,143.0,465.0,nan,nan,nan,nan,0.750156819820404,nan,0,nan,nan,nan,TRACKING,0.054876286999842705,0.0,0.0,12.285937654581561,0,0,0,0.0,0.0,1.0,0,0,0,0,7,2,0
2309,235.05377866600008,99.0,11.0,143.0,465.0,99.0,11.0,143.0,465.0,nan,nan,nan,nan,0.7516460418701172,nan,0,nan,nan,nan,TRACKING,0.04368578699995851,0.0,0.0,14.975190900748816,0,0,0,0.0,0.0,1.0,0,0,0,0,7,2,0
2310,235.38325675600015,99.0,11.0,143.0,465.0,99.0,11.0,143.0,465.0,229.0,8.0,177.0,456.0,0.7482425570487976,0.960968,1,0.041671973846219165,0.18398900272842397,1.2138055492894202,DETECTOR_CONFIRMED,0.04933921500014549,0.24907418599991615,0.0,3.0351031839470712,0,0,0,0.0,0.0,1.0,0,0,0,0,7,2,0
2311,235.46605601299996,99.0,11.0,143.0,465.0,99.0,11.0,143.0,465.0,nan,nan,nan,nan,0.7537843585014343,nan,0,nan,nan,nan,TRACKING,0.05161143999998785,0.0,0.0,12.077403061749015,0,0,0,0.0,0.0,1.0,0,0,0,0,7,2,0
2312,235.53533004200006,99.0,11.0,143.0,465.0,99.0,11.0,143.0,465.0,nan,nan,nan,nan,0.7561178803443909,nan,0,nan,nan,nan,TRACKING,0.04670442999986335,0.0,0.0,14.435424277092066,0,0,0,0.0,0.0,1.0,0,0,0,0,7,2,0
2313,235.604131146,99.0,11.0,143.0,465.0,99.0,11.0,143.0,465.0,nan,nan,nan,nan,0.7522203922271729,nan,0,nan,nan,nan,TRACKING,0.04726266900001974,0.0,0.0,14.534650490506706,0,0,0,0.0,0.0,1.0,0,0,0,0,7,2,0
2314,235.68439931800015,99.0,11.0,143.0,465.0,99.0,11.0,143.0,465.0,nan,nan,nan,nan,0.753810703754425,nan,0,nan,nan,nan,TRACKING,0.057372995999912746,0.0,0.0,12.458238117070925,0,0,0,0.0,0.0,1.0,0,0,0,0,7,2,0
2315,235.751021897,99.0,11.0,143.0,465.0,99.0,11.0,143.0,465.0,nan,nan,nan,nan,0.7523400187492371,nan,0,nan,nan,nan,TRACKING,0.04270863500005362,0.0,0.0,15.009926289439967,0,0,0,0.0,0.0,1.0,0,0,0,0,7,2,0
2316,235.831644085,99.0,11.0,143.0,465.0,99.0,11.0,143.0,465.0,nan,nan,nan,nan,0.7623842358589172,nan,0,nan,nan,nan,TRACKING,0.04854045199999746,0.0,0.0,12.403533379668604,0,0,0,0.0,0.0,1.0,0,0,0,0,7,2,0
2317,235.90111275300012,99.0,11.0,143.0,465.0,99.0,11.0,143.0,465.0,nan,nan,nan,nan,0.7592331767082214,nan,0,nan,nan,nan,TRACKING,0.0419231519999812,0.0,0.0,14.394978755000368,0,0,0,0.0,0.0,1.0,0,0,0,0,7,2,0
2318,235.97452351799996,99.0,11.0,143.0,465.0,99.0,11.0,143.0,465.0,nan,nan,nan,nan,0.7584729194641113,nan,0,nan,nan,nan,TRACKING,0.049527759999818954,0.0,0.0,13.621980373072635,0,0,0,0.0,0.0,1.0,0,0,0,0,7,2,0
2319,236.0444279740001,99.0,11.0,143.0,465.0,99.0,11.0,143.0,465.0,nan,nan,nan,nan,0.7566879987716675,nan,0,nan,nan,nan,TRACKING,0.046435572000063985,0.0,0.0,14.305239711730588,0,0,0,0.0,0.0,1.0,0,0,0,0,7,2,0
2320,236.11310891999995,99.0,11.0,143.0,465.0,99.0,11.0,143.0,465.0,nan,nan,nan,nan,0.756199836730957,nan,0,nan,nan,nan,TRACKING,0.043256924999923285,0.0,0.0,14.560079006513101,0,0,0,0.0,0.0,1.0,0,0,0,0,7,2,0
2321,236.1836410950001,99.0,11.0,143.0,465.0,99.0,11.0,143.0,465.0,nan,nan,nan,nan,0.7588962912559509,nan,0,nan,nan,nan,TRACKING,0.04638973800001622,0.0,0.0,14.177926598716539,0,0,0,0.0,0.0,1.0,0,0,0,0,7,2,0
2322,236.25377946100014,99.0,11.0,143.0,465.0,99.0,11.0,143.0,465.0,nan,nan,nan,nan,0.7552912831306458,nan,0,nan,nan,nan,TRACKING,0.04741121400002157,0.0,0.0,14.257532033173776,0,0,0,0.0,0.0,1.0,0,0,0,0,7,2,0
2323,236.32744580300016,99.0,11.0,143.0,465.0,99.0,11.0,143.0,465.0,nan,nan,nan,nan,0.754681408405304,nan,0,nan,nan,nan,TRACKING,0.05034261700006937,0.0,0.0,13.574720460528269,0,0,0,0.0,0.0,1.0,0,0,0,0,7,2,0
2324,236.40998359599996,99.0,11.0,143.0,465.0,99.0,11.0,143.0,465.0,nan,nan,nan,nan,0.7547997236251831,nan,0,nan,nan,nan,TRACKING,0.058458794999978636,0.0,0.0,12.115661973205512,0,0,0,0.0,0.0,1.0,0,0,0,0,7,2,0
2325,236.75301295299994,99.0,11.0,143.0,465.0,99.0,11.0,143.0,465.0,259.0,11.0,162.0,446.0,0.7545350193977356,0.979185,1,0.0,0.212207519305985,1.0865779381908414,DETECTOR_CONFIRMED,0.04362328599995635,0.27436841199983064,0.0,2.915202386016382,0,0,0,0.0,0.0,1.0,0,0,0,0,7,2,0
2326,236.83010477000005,99.0,11.0,143.0,465.0,99.0,11.0,143.0,465.0,nan,nan,nan,nan,0.7578703761100769,nan,0,nan,nan,nan,TRACKING,0.048639567000009265,0.0,0.0,12.971545345708721,0,0,0,0.0,0.0,1.0,0,0,0,0,7,2,0
2327,236.96467213500011,99.0,11.0,143.0,465.0,99.0,11.0,143.0,465.0,nan,nan,nan,nan,0.7583551406860352,nan,0,nan,nan,nan,TRACKING,0.11050367999996524,0.0,0.0,7.431222272944911,0,0,0,0.0,0.0,1.0,0,0,0,0,7,2,0
2328,237.04276125900003,99.0,11.0,143.0,465.0,99.0,11.0,143.0,465.0,nan,nan,nan,nan,0.7682412266731262,nan,0,nan,nan,nan,TRACKING,0.05494873599991479,0.0,0.0,12.805880624311657,0,0,0,0.0,0.0,1.0,0,0,0,0,7,2,0
2329,237.11018353800011,99.0,11.0,143.0,465.0,99.0,11.0,143.0,465.0,nan,nan,nan,nan,0.7689381837844849,nan,0,nan,nan,nan,TRACKING,0.04102714800001195,0.0,0.0,14.83189258551693,0,0,0,0.0,0.0,1.0,0,0,0,0,7,2,0
2330,237.18247167900006,99.0,11.0,143.0,465.0,99.0,11.0,143.0,465.0,nan,nan,nan,nan,0.7719799876213074,nan,0,nan,nan,nan,TRACKING,0.04807679700002154,0.0,0.0,13.833527687491197,0,0,0,0.0,0.0,1.0,0,0,0,0,7,2,0
2331,237.2578815390001,99.0,11.0,143.0,465.0,99.0,11.0,143.0,465.0,nan,nan,nan,nan,0.7700864672660828,nan,0,nan,nan,nan,TRACKING,0.0453797200000281,0.0,0.0,13.260865356327685,0,0,0,0.0,0.0,1.0,0,0,0,0,7,2,0
2332,237.33552935399996,99.0,11.0,143.0,465.0,99.0,11.0,143.0,465.0,nan,nan,nan,nan,0.7674732208251953,nan,0,nan,nan,nan,TRACKING,0.047580852000010054,0.0,0.0,12.878662458199932,0,0,0,0.0,0.0,1.0,0,0,0,0,7,2,0
2333,237.41552778100015,99.0,11.0,143.0,465.0,99.0,11.0,143.0,465.0,nan,nan,nan,nan,0.7676519751548767,nan,0,nan,nan,nan,TRACKING,0.055645570000024236,0.0,0.0,12.500245786052854,0,0,0,0.0,0.0,1.0,0,0,0,0,7,2,0
2334,237.5003625390001,99.0,11.0,143.0,465.0,99.0,11.0,143.0,465.0,nan,nan,nan,nan,0.7628722190856934,nan,0,nan,nan,nan,TRACKING,0.06041773400011152,0.0,0.0,11.78762129551517,0,0,0,0.0,0.0,1.0,0,0,0,0,7,2,0
2335,237.5824678770001,99.0,11.0,143.0,465.0,99.0,11.0,143.0,465.0,nan,nan,nan,nan,0.7613946199417114,nan,0,nan,nan,nan,TRACKING,0.05883015399990654,0.0,0.0,12.179476077423416,0,0,0,0.0,0.0,1.0,0,0,0,0,7,2,0
2336,237.654264291,99.0,11.0,143.0,465.0,99.0,11.0,143.0,465.0,nan,nan,nan,nan,0.7647563815116882,nan,0,nan,nan,nan,TRACKING,0.04837445800012574,0.0,0.0,13.928272239356064,0,0,0,0.0,0.0,1.0,0,0,0,0,7,2,0
2337,237.71339283600003,99.0,11.0,143.0,465.0,99.0,11.0,143.0,465.0,nan,nan,nan,nan,0.7623833417892456,nan,0,nan,nan,nan,TRACKING,0.04133267299994259,0.0,0.0,16.912305215689614,0,0,0,0.0,0.0,1.0,0,0,0,0,7,2,0
2338,237.7820532080001,99.0,11.0,143.0,465.0,99.0,11.0,143.0,465.0,nan,nan,nan,nan,0.7623761296272278,nan,0,nan,nan,nan,TRACKING,0.04475007500013817,0.0,0.0,14.564441917078685,0,0,0,0.0,0.0,1.0,0,0,0,0,7,2,0
2339,237.86979686999996,99.0,11.0,143.0,465.0,99.0,11.0,143.0,465.0,nan,nan,nan,nan,0.7682409286499023,nan,0,nan,nan,nan,TRACKING,0.06535661800012349,0.0,0.0,11.396834565686639,0,0,0,0.0,0.0,1.0,0,0,0,0,7,2,0
2340,238.21174412200014,99.0,11.0,143.0,465.0,99.0,11.0,143.0,465.0,258.0,11.0,163.0,449.0,0.7647817134857178,0.978889,1,0.0,0.21148655394610788,1.100639145800436,DETECTOR_CONFIRMED,0.0479037210000115,0.26162658099997316,0.0,2.9244276541209584,0,0,0,0.0,0.0,1.0,0,0,0,0,7,2,0
2341,238.2863057390001,99.0,11.0,143.0,465.0,99.0,11.0,143.0,465.0,nan,nan,nan,nan,0.7633165121078491,nan,0,nan,nan,nan,TRACKING,0.045417376999921544,0.0,0.0,13.411726304170337,0,0,0,0.0,0.0,1.0,0,0,0,0,7,2,0
2342,238.36572082200007,99.0,11.0,143.0,465.0,99.0,11.0,143.0,465.0,nan,nan,nan,nan,0.7659909129142761,nan,0,nan,nan,nan,TRACKING,0.05273072900013176,0.0,0.0,12.592066421444507,0,0,0,0.0,0.0,1.0,0,0,0,0,7,2,0
2343,238.45519826199995,99.0,11.0,143.0,465.0,99.0,11.0,143.0,465.0,nan,nan,nan,nan,0.7644965052604675,nan,0,nan,nan,nan,TRACKING,0.060753103000024566,0.0,0.0,11.176001459153447,0,0,0,0.0,0.0,1.0,0,0,0,0,7,2,0
2344,238.52544485800001,99.0,11.0,143.0,465.0,99.0,11.0,143.0,465.0,nan,nan,nan,nan,0.765739381313324,nan,0,nan,nan,nan,TRACKING,0.04585613499989449,0.0,0.0,14.235565236486806,0,0,0,0.0,0.0,1.0,0,0,0,0,7,2,0
2345,238.59098064600005,99.0,11.0,143.0,465.0,99.0,11.0,143.0,465.0,nan,nan,nan,nan,0.7636049389839172,nan,0,nan,nan,nan,TRACKING,0.04128704700019625,0.0,0.0,15.25883842274826,0,0,0,0.0,0.0,1.0,0,0,0,0,7,2,0
2346,238.66336665300003,99.0,11.0,143.0,465.0,99.0,11.0,143.0,465.0,nan,nan,nan,nan,0.7610998749732971,nan,0,nan,nan,nan,TRACKING,0.048955613000089215,0.0,0.0,13.814824735398282,0,0,0,0.0,0.0,1.0,0,0,0,0,7,2,0
2347,238.731249564,99.0,11.0,143.0,465.0,99.0,11.0,143.0,465.0,nan,nan,nan,nan,0.7643821239471436,nan,0,nan,nan,nan,TRACKING,0.04498591100013982,0.0,0.0,14.731248045630315,0,0,0,0.0,0.0,1.0,0,0,0,0,7,2,0
2348,238.80503554200016,99.0,11.0,143.0,465.0,99.0,11.0,143.0,465.0,nan,nan,nan,nan,0.761512041091919,nan,0,nan,nan,nan,TRACKING,0.048123725000095874,0.0,0.0,13.55271051632374,0,0,0,0.0,0.0,1.0,0,0,0,0,7,2,0
2349,238.87586282500013,99.0,11.0,143.0,465.0,99.0,11.0,143.0,465.0,nan,nan,nan,nan,0.761929452419281,nan,0,nan,nan,nan,TRACKING,0.04750246399999014,0.0,0.0,14.118853041424776,0,0,0,0.0,0.0,1.0,0,0,0,0,7,2,0
2350,238.95687710200002,99.0,11.0,143.0,465.0,99.0,11.0,143.0,465.0,nan,nan,nan,nan,0.7599135041236877,nan,0,nan,nan,nan,TRACKING,0.0577412299999196,0.0,0.0,12.3435033556036,0,0,0,0.0,0.0,1.0,0,0,0,0,7,2,0
2351,239.03335520899998,99.0,11.0,143.0,465.0,99.0,11.0,143.0,465.0,nan,nan,nan,nan,0.7609876990318298,nan,0,nan,nan,nan,TRACKING,0.04936572499991598,0.0,0.0,13.075637450081762,0,0,0,0.0,0.0,1.0,0,0,0,0,7,2,0
2352,239.1470755030001,99.0,11.0,143.0,465.0,99.0,11.0,143.0,465.0,nan,nan,nan,nan,0.7619558572769165,nan,0,nan,nan,nan,TRACKING,0.08674416400003793,0.0,0.0,8.793505229584111,0,0,0,0.0,0.0,1.0,0,0,0,0,7,2,0
2353,239.212961974,99.0,11.0,143.0,465.0,99.0,11.0,143.0,465.0,nan,nan,nan,nan,0.7786111235618591,nan,0,nan,nan,nan,TRACKING,0.04272785200009821,0.0,0.0,15.177622732316962,0,0,0,0.0,0.0,1.0,0,0,0,0,7,2,0
2354,239.28461864500002,99.0,11.0,143.0,465.0,99.0,11.0,143.0,465.0,nan,nan,nan,nan,0.7804707884788513,nan,0,nan,nan,nan,TRACKING,0.043229162999978143,0.0,0.0,13.955434798242445,0,0,0,0.0,0.0,1.0,0,0,0,0,7,2,0
2355,239.62361339799997,99.0,11.0,143.0,465.0,99.0,11.0,143.0,465.0,261.0,12.0,160.0,445.0,0.7813949584960938,0.974674,1,0.0,0.21342171427715598,1.0707571997894578,DETECTOR_CONFIRMED,0.040668286000027365,0.274204133000012,0.0,2.949898165533383,0,0,0,0.0,0.0,1.0,0,0,0,0,7,2,0
2356,239.71634552700004,99.0,11.0,143.0,465.0,99.0,11.0,143.0,465.0,nan,nan,nan,nan,0.779694676399231,nan,0,nan,nan,nan,TRACKING,0.059554800999876534,0.0,0.0,10.783748963633249,0,0,0,0.0,0.0,1.0,0,0,0,0,7,2,0
2357,239.78422343700015,99.0,11.0,143.0,465.0,99.0,11.0,143.0,465.0,nan,nan,nan,nan,0.7768195271492004,nan,0,nan,nan,nan,TRACKING,0.04542862700009209,0.0,0.0,14.732333390913627,0,0,0,0.0,0.0,1.0,0,0,0,0,7,2,0
2358,239.85318178199998,99.0,11.0,143.0,465.0,99.0,11.0,143.0,465.0,nan,nan,nan,nan,0.7816927433013916,nan,0,nan,nan,nan,TRACKING,0.04594733399994766,0.0,0.0,14.501508120626918,0,0,0,0.0,0.0,1.0,0,0,0,0,7,2,0
2359,239.93221071300002,99.0,11.0,143.0,465.0,99.0,11.0,143.0,465.0,nan,nan,nan,nan,0.7797846794128418,nan,0,nan,nan,nan,TRACKING,0.05216196900005343,0.0,0.0,12.65359390979877,0,0,0,0.0,0.0,1.0,0,0,0,0,7,2,0
2360,240.01217742000006,99.0,11.0,143.0,465.0,99.0,11.0,143.0,465.0,nan,nan,nan,nan,0.7789986729621887,nan,0,nan,nan,nan,TRACKING,0.047408086999894294,0.0,0.0,12.505204197035457,0,0,0,0.0,0.0,1.0,0,0,0,0,7,2,0
2361,240.0956479350001,99.0,11.0,143.0,465.0,99.0,11.0,143.0,465.0,nan,nan,nan,nan,0.7805557250976562,nan,0,nan,nan,nan,TRACKING,0.03958842499991988,0.0,0.0,11.980278305452726,0,0,0,0.0,0.0,1.0,0,0,0,0,7,2,0
2362,240.16718012500007,99.0,11.0,143.0,465.0,99.0,11.0,143.0,465.0,nan,nan,nan,nan,0.7785567045211792,nan,0,nan,nan,nan,TRACKING,0.04840086399985921,0.0,0.0,13.979720179130657,0,0,0,0.0,0.0,1.0,0,0,0,0,7,2,0
2363,240.25104856300015,99.0,11.0,143.0,465.0,99.0,11.0,143.0,465.0,nan,nan,nan,nan,0.7823127508163452,nan,0,nan,nan,nan,TRACKING,0.056198494999989634,0.0,0.0,11.923436561427671,0,0,0,0.0,0.0,1.0,0,0,0,0,7,2,0
2364,240.323441548,99.0,11.0,143.0,465.0,99.0,11.0,143.0,465.0,nan,nan,nan,nan,0.7787032723426819,nan,0,nan,nan,nan,TRACKING,0.04706677900003342,0.0,0.0,13.813493116799297,0,0,0,0.0,0.0,1.0,0,0,0,0,7,2,0
2365,240.40388597100002,99.0,11.0,143.0,465.0,99.0,11.0,143.0,465.0,nan,nan,nan,nan,0.7785378694534302,nan,0,nan,nan,nan,TRACKING,0.053393812999956936,0.0,0.0,12.430942540290037,0,0,0,0.0,0.0,1.0,0,0,0,0,7,2,0
2366,240.4729643700001,99.0,11.0,143.0,465.0,99.0,11.0,143.0,465.0,nan,nan,nan,nan,0.781067967414856,nan,0,nan,nan,nan,TRACKING,0.04622968199987554,0.0,0.0,14.476305393219718,0,0,0,0.0,0.0,1.0,0,0,0,0,7,2,0
2367,240.55064515200013,99.0,11.0,143.0,465.0,99.0,11.0,143.0,465.0,nan,nan,nan,nan,0.7805129289627075,nan,0,nan,nan,nan,TRACKING,0.05165659599992978,0.0,0.0,12.873196873839353,0,0,0,0.0,0.0,1.0,0,0,0,0,7,2,0
2368,240.61844483100015,99.0,11.0,143.0,465.0,99.0,11.0,143.0,465.0,nan,nan,nan,nan,0.780951201915741,nan,0,nan,nan,nan,TRACKING,0.04212950900000578,0.0,0.0,14.749332367779138,0,0,0,0.0,0.0,1.0,0,0,0,0,7,2,0
2369,240.70238129200004,99.0,11.0,143.0,465.0,99.0,11.0,143.0,465.0,nan,nan,nan,nan,0.7861043810844421,nan,0,nan,nan,nan,TRACKING,0.06001022600003125,0.0,0.0,11.913773681752737,0,0,0,0.0,0.0,1.0,0,0,0,0,7,2,0
2370,241.05126568699995,99.0,11.0,143.0,465.0,99.0,11.0,143.0,465.0,258.0,11.0,164.0,448.0,0.7882637977600098,0.972406,1,0.0,0.21214124127571235,1.1049251823445372,DETECTOR_CONFIRMED,0.05523389499990117,0.2614335010000559,0.0,2.866278957533333,0,0,0,0.0,0.0,1.0,0,0,0,0,7,2,0
2371,241.12681679800005,99.0,11.0,143.0,465.0,99.0,11.0,143.0,465.0,nan,nan,nan,nan,0.7894352674484253,nan,0,nan,nan,nan,TRACKING,0.047711424999988594,0.0,0.0,13.23607272960869,0,0,0,0.0,0.0,1.0,0,0,0,0,7,2,0
2372,241.19935660800013,99.0,11.0,143.0,465.0,99.0,11.0,143.0,465.0,nan,nan,nan,nan,0.7945330142974854,nan,0,nan,nan,nan,TRACKING,0.04484403299989026,0.0,0.0,13.785533764134392,0,0,0,0.0,0.0,1.0,0,0,0,0,7,2,0
2373,241.26892558800012,99.0,11.0,143.0,465.0,99.0,11.0,143.0,465.0,nan,nan,nan,nan,0.7886167764663696,nan,0,nan,nan,nan,TRACKING,0.04638020500010498,0.0,0.0,14.374222534241683,0,0,0,0.0,0.0,1.0,0,0,0,0,7,2,0
2374,241.34209353400013,99.0,11.0,143.0,465.0,99.0,11.0,143.0,465.0,nan,nan,nan,nan,0.7876667380332947,nan,0,nan,nan,nan,TRACKING,0.04295056399996611,0.0,0.0,13.667186994696172,0,0,0,0.0,0.0,1.0,0,0,0,0,7,2,0
2375,241.40902502100005,99.0,11.0,143.0,465.0,99.0,11.0,143.0,465.0,nan,nan,nan,nan,0.787369966506958,nan,0,nan,nan,nan,TRACKING,0.04507669400004488,0.0,0.0,14.940651176645728,0,0,0,0.0,0.0,1.0,0,0,0,0,7,2,0
2376,241.47898322599997,99.0,11.0,143.0,465.0,99.0,11.0,143.0,465.0,nan,nan,nan,nan,0.787895917892456,nan,0,nan,nan,nan,TRACKING,0.04447335000008934,0.0,0.0,14.294248973385358,0,0,0,0.0,0.0,1.0,0,0,0,0,7,2,0
2377,241.593798901,99.0,11.0,143.0,465.0,99.0,11.0,143.0,465.0,nan,nan,nan,nan,0.787341296672821,nan,0,nan,nan,nan,TRACKING,0.09380355299981602,0.0,0.0,8.709612167498953,0,0,0,0.0,0.0,1.0,0,0,0,0,7,2,0
2378,241.67009455599998,99.0,11.0,143.0,465.0,99.0,11.0,143.0,465.0,nan,nan,nan,nan,0.7964161038398743,nan,0,nan,nan,nan,TRACKING,0.05198514299991075,0.0,0.0,13.106906284511622,0,0,0,0.0,0.0,1.0,0,0,0,0,7,2,0
2379,241.74170018400002,99.0,11.0,143.0,465.0,99.0,11.0,143.0,465.0,nan,nan,nan,nan,0.8043396472930908,nan,0,nan,nan,nan,TRACKING,0.047463557000128276,0.0,0.0,13.965382721025776,0,0,0,0.0,0.0,1.0,0,0,0,0,7,2,0
2380,241.81956753199995,99.0,11.0,143.0,465.0,99.0,11.0,143.0,465.0,nan,nan,nan,nan,0.7984004616737366,nan,0,nan,nan,nan,TRACKING,0.05401413499998853,0.0,0.0,12.842353382844596,0,0,0,0.0,0.0,1.0,0,0,0,0,7,2,0
2381,241.89959361400008,99.0,11.0,143.0,465.0,99.0,11.0,143.0,465.0,nan,nan,nan,nan,0.8016844987869263,nan,0,nan,nan,nan,TRACKING,0.05585364500007017,0.0,0.0,12.495926015700226,0,0,0,0.0,0.0,1.0,0,0,0,0,7,2,0
2382,241.97518300600007,99.0,11.0,143.0,465.0,99.0,11.0,143.0,465.0,nan,nan,nan,nan,0.8045077323913574,nan,0,nan,nan,nan,TRACKING,0.04795986699991772,0.0,0.0,13.229369539051437,0,0,0,0.0,0.0,1.0,0,0,0,0,7,2,0
2383,242.05433407299995,99.0,11.0,143.0,465.0,99.0,11.0,143.0,465.0,nan,nan,nan,nan,0.8043109178543091,nan,0,nan,nan,nan,TRACKING,0.044979243999932805,0.0,0.0,12.634068470630497,0,0,0,0.0,0.0,1.0,0,0,0,0,7,2,0
2384,242.12991273599994,99.0,11.0,143.0,465.0,99.0,11.0,143.0,465.0,nan,nan,nan,nan,0.8038939833641052,nan,0,nan,nan,nan,TRACKING,0.05298854499983463,0.0,0.0,13.231247554619554,0,0,0,0.0,0.0,1.0,0,0,0,0,7,2,0
2385,242.396832733,99.0,11.0,143.0,465.0,99.0,11.0,143.0,465.0,260.0,11.0,162.0,448.0,0.8036091923713684,0.966818,1,0.0,0.21338968168587724,1.0914504849988722,DETECTOR_CONFIRMED,0.052858177999951295,0.1896741689999999,0.0,3.746440923269524,0,0,0,0.0,0.0,1.0,0,0,0,0,7,2,0
2386,242.47714569400011,99.0,11.0,143.0,465.0,99.0,11.0,143.0,465.0,nan,nan,nan,nan,0.8014448881149292,nan,0,nan,nan,nan,TRACKING,0.04769256999998106,0.0,0.0,12.45129039631016,0,0,0,0.0,0.0,1.0,0,0,0,0,7,2,0
2387,242.54273226199996,99.0,11.0,143.0,465.0,99.0,11.0,143.0,465.0,nan,nan,nan,nan,0.8054990768432617,nan,0,nan,nan,nan,TRACKING,0.0396627489999446,0.0,0.0,15.24702436026803,0,0,0,0.0,0.0,1.0,0,0,0,0,7,2,0
2388,242.6251308310001,99.0,11.0,143.0,465.0,99.0,11.0,143.0,465.0,nan,nan,nan,nan,0.8020042181015015,nan,0,nan,nan,nan,TRACKING,0.053331363000097554,0.0,0.0,12.136133092291663,0,0,0,0.0,0.0,1.0,0,0,0,0,7,2,0
2389,242.712067758,99.0,11.0,143.0,465.0,99.0,11.0,143.0,465.0,nan,nan,nan,nan,0.8035331964492798,nan,0,nan,nan,nan,TRACKING,0.05620823399999608,0.0,0.0,11.502591988340987,0,0,0,0.0,0.0,1.0,0,0,0,0,7,2,0
2390,242.78030286,99.0,11.0,143.0,465.0,99.0,11.0,143.0,465.0,nan,nan,nan,nan,0.8034244179725647,nan,0,nan,nan,nan,TRACKING,0.0430304089998117,0.0,0.0,14.655213675796249,0,0,0,0.0,0.0,1.0,0,0,0,0,7,2,0
2391,242.86297284,99.0,11.0,143.0,465.0,99.0,11.0,143.0,465.0,nan,nan,nan,nan,0.8066652417182922,nan,0,nan,nan,nan,TRACKING,0.057163770999977714,0.0,0.0,12.096289366467767,0,0,0,0.0,0.0,1.0,0,0,0,0,7,2,0
2392,242.945665997,99.0,11.0,143.0,465.0,99.0,11.0,143.0,465.0,nan,nan,nan,nan,0.8076328039169312,nan,0,nan,nan,nan,TRACKING,0.05526420799992593,0.0,0.0,12.092899053304611,0,0,0,0.0,0.0,1.0,0,0,0,0,7,2,0
2393,243.03339767599994,99.0,11.0,143.0,465.0,99.0,11.0,143.0,465.0,nan,nan,nan,nan,0.8014455437660217,nan,0,nan,nan,nan,TRACKING,0.06208218599999782,0.0,0.0,11.398391224230847,0,0,0,0.0,0.0,1.0,0,0,0,0,7,2,0
2394,243.10308749000012,99.0,11.0,143.0,465.0,99.0,11.0,143.0,465.0,nan,nan,nan,nan,0.7993493676185608,nan,0,nan,nan,nan,TRACKING,0.04623874399999295,0.0,0.0,14.349299310762207,0,0,0,0.0,0.0,1.0,0,0,0,0,7,2,0
2395,243.175023592,99.0,11.0,143.0,465.0,99.0,11.0,143.0,465.0,nan,nan,nan,nan,0.8003268241882324,nan,0,nan,nan,nan,TRACKING,0.04876722400013023,0.0,0.0,13.90122584070024,0,0,0,0.0,0.0,1.0,0,0,0,0,7,2,0
2396,243.25037792800015,99.0,11.0,143.0,465.0,99.0,11.0,143.0,465.0,nan,nan,nan,nan,0.7998814582824707,nan,0,nan,nan,nan,TRACKING,0.047373918999937814,0.0,0.0,13.270636476686152,0,0,0,0.0,0.0,1.0,0,0,0,0,7,2,0
2397,243.32768302500006,99.0,11.0,143.0,465.0,99.0,11.0,143.0,465.0,nan,nan,nan,nan,0.7999662160873413,nan,0,nan,nan,nan,TRACKING,0.048275861000092846,0.0,0.0,12.9357576512865,0,0,0,0.0,0.0,1.0,0,0,0,0,7,2,0
2398,243.39094210600013,99.0,11.0,143.0,465.0,99.0,11.0,143.0,465.0,nan,nan,nan,nan,0.8013674020767212,nan,0,nan,nan,nan,TRACKING,0.039871396999842545,0.0,0.0,15.808007074887872,0,0,0,0.0,0.0,1.0,0,0,0,0,7,2,0
2399,243.47624171300015,99.0,11.0,143.0,465.0,99.0,11.0,143.0,465.0,nan,nan,nan,nan,0.7962306141853333,nan,0,nan,nan,nan,TRACKING,0.061286079000183236,0.0,0.0,11.723383438328304,0,0,0,0.0,0.0,1.0,0,0,0,0,7,2,0
2400,243.84036495199996,99.0,11.0,143.0,465.0,99.0,11.0,143.0,465.0,259.0,11.0,162.0,448.0,0.7944894433021545,0.970753,1,0.0,0.21214124127571235,1.0914504849988722,DETECTOR_CONFIRMED,0.053577981999978874,0.2800815180000882,0.0,2.7463229283218675,0,0,0,0.0,0.0,1.0,0,0,0,0,7,2,0
2401,243.908169057,99.0,11.0,143.0,465.0,99.0,11.0,143.0,465.0,nan,nan,nan,nan,0.7934001684188843,nan,0,nan,nan,nan,TRACKING,0.038928100000021004,0.0,0.0,14.748369586166794,0,0,0,0.0,0.0,1.0,0,0,0,0,7,2,0
2402,244.03636057999995,99.0,11.0,143.0,465.0,99.0,11.0,143.0,465.0,nan,nan,nan,nan,0.7955451011657715,nan,0,nan,nan,nan,TRACKING,0.08968087800008107,0.0,0.0,7.800827828533232,0,0,0,0.0,0.0,1.0,0,0,0,0,7,2,0
2403,244.107848966,99.0,11.0,143.0,465.0,99.0,11.0,143.0,465.0,nan,nan,nan,nan,0.8043535351753235,nan,0,nan,nan,nan,TRACKING,0.04445871399980206,0.0,0.0,13.988286153211293,0,0,0,0.0,0.0,1.0,0,0,0,0,7,2,0
2404,244.1810584210001,99.0,11.0,143.0,465.0,99.0,11.0,143.0,465.0,nan,nan,nan,nan,0.8028187155723572,nan,0,nan,nan,nan,TRACKING,0.046882503999995606,0.0,0.0,13.659437841719773,0,0,0,0.0,0.0,1.0,0,0,0,0,7,2,0
2405,244.2569677140001,99.0,11.0,143.0,465.0,99.0,11.0,143.0,465.0,nan,nan,nan,nan,0.7988824248313904,nan,0,nan,nan,nan,TRACKING,0.05019245500011493,0.0,0.0,13.173617622812845,0,0,0,0.0,0.0,1.0,0,0,0,0,7,2,0
2406,244.332296424,99.0,11.0,143.0,465.0,99.0,11.0,143.0,465.0,nan,nan,nan,nan,0.7923212647438049,nan,0,nan,nan,nan,TRACKING,0.052692341000010856,0.0,0.0,13.275151001542486,0,0,0,0.0,0.0,1.0,0,0,0,0,7,2,0
2407,244.40156633499998,99.0,11.0,143.0,465.0,99.0,11.0,143.0,465.0,nan,nan,nan,nan,0.7948610782623291,nan,0,nan,nan,nan,TRACKING,0.045058775999905265,0.0,0.0,14.436282443038126,0,0,0,0.0,0.0,1.0,0,0,0,0,7,2,0
2408,244.46892485900014,99.0,11.0,143.0,465.0,99.0,11.0,143.0,465.0,nan,nan,nan,nan,0.798267126083374,nan,0,nan,nan,nan,TRACKING,0.04394886099998985,0.0,0.0,14.845931006411124,0,0,0,0.0,0.0,1.0,0,0,0,0,7,2,0
2409,244.55813286399996,99.0,11.0,143.0,465.0,99.0,11.0,143.0,465.0,nan,nan,nan,nan,0.8012570142745972,nan,0,nan,nan,nan,TRACKING,0.06453326899986678,0.0,0.0,11.209756344198421,0,0,0,0.0,0.0,1.0,0,0,0,0,7,2,0
2410,244.63032829300016,99.0,11.0,143.0,465.0,99.0,11.0,143.0,465.0,nan,nan,nan,nan,0.8005369901657104,nan,0,nan,nan,nan,TRACKING,0.04645197700006065,0.0,0.0,13.851292441204084,0,0,0,0.0,0.0,1.0,0,0,0,0,7,2,0
2411,244.6976945770001,99.0,11.0,143.0,465.0,99.0,11.0,143.0,465.0,nan,nan,nan,nan,0.7945277690887451,nan,0,nan,nan,nan,TRACKING,0.04402204000007259,0.0,0.0,14.84422088653152,0,0,0,0.0,0.0,1.0,0,0,0,0,7,2,0
2412,244.76433282899995,99.0,11.0,143.0,465.0,99.0,11.0,143.0,465.0,nan,nan,nan,nan,0.7922617793083191,nan,0,nan,nan,nan,TRACKING,0.04327676699995209,0.0,0.0,15.006396026148513,0,0,0,0.0,0.0,1.0,0,0,0,0,7,2,0
2413,244.83154468500004,99.0,11.0,143.0,465.0,99.0,11.0,143.0,465.0,nan,nan,nan,nan,0.8017920851707458,nan,0,nan,nan,nan,TRACKING,0.04365328400012913,0.0,0.0,14.878327418881716,0,0,0,0.0,0.0,1.0,0,0,0,0,7,2,0
2414,244.90029271200012,99.0,11.0,143.0,465.0,99.0,11.0,143.0,465.0,nan,nan,nan,nan,0.7939489483833313,nan,0,nan,nan,nan,TRACKING,0.04444053699990036,0.0,0.0,14.545871985515863,0,0,0,0.0,0.0,1.0,0,0,0,0,7,2,0
2415,245.23537603300008,99.0,11.0,143.0,465.0,99.0,11.0,143.0,465.0,262.0,11.0,156.0,434.0,0.7961925864219666,0.906369,1,0.0,0.21275903329823623,1.018181818181818,DETECTOR_CONFIRMED,0.0547689900001842,0.2554748000000018,0.0,2.9843323655018033,0,0,0,0.0,0.0,1.0,0,0,0,0,7,2,0
2416,245.30670931099996,99.0,11.0,143.0,465.0,99.0,11.0,143.0,465.0,nan,nan,nan,nan,0.7663246989250183,nan,0,nan,nan,nan,TRACKING,0.044227303000070606,0.0,0.0,14.018702463128514,0,0,0,0.0,0.0,1.0,0,0,0,0,7,2,0
2417,245.38327949999996,99.0,11.0,143.0,465.0,99.0,11.0,143.0,465.0,nan,nan,nan,nan,0.7519124746322632,nan,0,nan,nan,nan,TRACKING,0.047382824999886,0.0,0.0,13.059912912061257,0,0,0,0.0,0.0,1.0,0,0,0,0,7,2,0
2418,245.45329905799997,99.0,11.0,143.0,465.0,99.0,11.0,143.0,465.0,nan,nan,nan,nan,0.7459324598312378,nan,0,nan,nan,nan,TRACKING,0.044840491000059046,0.0,0.0,14.281723972033909,0,0,0,0.0,0.0,1.0,0,0,0,0,7,2,0
2419,245.51719554499994,99.0,11.0,143.0,465.0,99.0,11.0,143.0,465.0,nan,nan,nan,nan,0.7369303703308105,nan,0,nan,nan,nan,TRACKING,0.03993415799982358,0.0,0.0,15.650312668997612,0,0,0,0.0,0.0,1.0,0,0,0,0,7,2,0
2420,245.59536904200002,99.0,11.0,143.0,465.0,99.0,11.0,143.0,465.0,nan,nan,nan,nan,0.7421801686286926,nan,0,nan,nan,nan,TRACKING,0.05244212799993875,0.0,0.0,12.792059180862525,0,0,0,0.0,0.0,1.0,0,0,0,0,7,2,0
2421,245.66001335299995,99.0,11.0,143.0,465.0,99.0,11.0,143.0,465.0,nan,nan,nan,nan,0.731347382068634,nan,0,nan,nan,nan,TRACKING,0.04303853399983382,0.0,0.0,15.46926534650445,0,0,0,0.0,0.0,1.0,0,0,0,0,7,2,0
2422,245.73695438200014,99.0,11.0,143.0,465.0,99.0,11.0,143.0,465.0,nan,nan,nan,nan,0.7397828102111816,nan,0,nan,nan,nan,TRACKING,0.05017339300002277,0.0,0.0,12.99696680684685,0,0,0,0.0,0.0,1.0,0,0,0,0,7,2,0
2423,245.81673269700002,99.0,11.0,143.0,465.0,99.0,11.0,143.0,465.0,nan,nan,nan,nan,0.7208933234214783,nan,0,nan,nan,nan,TRACKING,0.04183533599984912,0.0,0.0,12.534734532829402,0,0,0,0.0,0.0,1.0,0,0,0,0,7,2,0
2424,245.88732700499997,99.0,11.0,143.0,465.0,99.0,11.0,143.0,465.0,nan,nan,nan,nan,0.7085442543029785,nan,0,nan,nan,nan,TRACKING,0.04621676400006436,0.0,0.0,14.165448013183273,0,0,0,0.0,0.0,1.0,0,0,0,0,7,2,0
2425,245.9781560780001,93.84268188476562,11.0,143.0,465.0,93.84268188476562,11.0,143.0,465.0,nan,nan,nan,nan,0.6956781148910522,nan,0,nan,nan,nan,TRACKING,0.05317677699986234,0.0,0.0,11.009690696707315,0,0,0,5.157318115234375,0.006446647644042969,1.0,0,0,0,0,7,2,0
2426,246.05692729300006,94.0,5.842681884765625,143.0,465.0,94.0,5.842681884765625,143.0,465.0,nan,nan,nan,nan,0.6689041256904602,nan,0,nan,nan,nan,TRACKING,0.050638712999898416,0.0,0.0,12.694992707685156,0,0,0,5.159716962305737,0.006449646202882171,1.0,0,0,0,0,7,2,0
2427,246.25511462199995,94.0,6.0,143.0,465.0,94.0,6.0,143.0,465.0,nan,nan,nan,nan,0.6621038317680359,nan,0,nan,nan,nan,TRACKING,0.17387879600005363,0.0,0.0,5.045731253588568,0,0,0,0.157318115234375,0.00019664764404296874,1.0,0,0,0,0,7,2,0
2428,246.33018895199996,94.0,6.0,143.0,465.0,94.0,6.0,143.0,465.0,nan,nan,nan,nan,0.6533953547477722,nan,0,nan,nan,nan,TRACKING,0.049028736999844114,0.0,0.0,13.320132194318754,0,0,0,0.0,0.0,1.0,0,0,0,0,7,2,0
2429,246.40507510100008,88.84268188476562,6.0,143.0,465.0,88.84268188476562,6.0,143.0,465.0,nan,nan,nan,nan,0.6450806260108948,nan,0,nan,nan,nan,TRACKING,0.04966510300005211,0.0,0.0,13.353604282660783,0,0,0,5.157318115234375,0.006446647644042969,1.0,0,0,0,0,7,2,0
2430,246.70274331400003,89.0,6.0,143.0,465.0,89.0,6.0,143.0,465.0,228.0,12.0,184.0,467.0,0.5759727954864502,0.99767,1,0.01219228751485852,0.19956691390358272,1.2922475374088278,DETECTOR_CONFIRMED,0.04429443899994112,0.22461631300006957,0.0,3.3594450341936986,0,0,0,0.157318115234375,0.00019664764404296874,1.0,0,0,0,0,7,2,0
2431,247.00100033900014,89.0,11.157318115234375,143.0,465.0,208.0,11.0,207.0,464.0,208.0,11.0,207.0,464.0,0.4667867422103882,0.997005,1,0.07352332962145061,0.18875178834874906,1.4444394315362057,REINITIALIZING,0.06208504999995057,0.20087851999983286,0.0,3.3528128968617765,1,0,0,5.157318115234375,0.006446647644042969,1.0,0,0,0,0,7,3,0
2432,247.03415433199996,208.0,11.0,207.0,464.0,208.0,11.0,207.0,464.0,nan,nan,nan,nan,,nan,0,nan,nan,nan,INITIALIZING,0.0,0.0,0.0,30.16227939740469,0,0,0,0.0,0.0,1.0,0,0,0,0,7,3,0
2433,247.08207841499996,208.0,11.0,207.0,464.0,208.0,11.0,207.0,464.0,nan,nan,nan,nan,,nan,0,nan,nan,nan,INITIALIZING,0.0,0.0,0.0,20.866335616688595,0,0,0,0.0,0.0,1.0,0,0,0,0,7,3,0
2434,247.11685649699996,208.0,11.0,207.0,464.0,208.0,11.0,207.0,464.0,nan,nan,nan,nan,,nan,0,nan,nan,nan,INITIALIZING,0.0,0.0,0.0,28.75374208387705,0,0,0,0.0,0.0,1.0,0,0,0,0,7,3,0
2435,247.14852140200003,208.0,11.0,207.0,464.0,208.0,11.0,207.0,464.0,nan,nan,nan,nan,,nan,0,nan,nan,nan,INITIALIZING,0.0,0.0,0.0,31.580704252792522,0,0,0,0.0,0.0,1.0,0,0,0,0,7,3,0
2436,247.17828690099998,208.0,11.0,207.0,464.0,208.0,11.0,207.0,464.0,nan,nan,nan,nan,,nan,0,nan,nan,nan,INITIALIZING,0.0,0.0,0.0,33.59594273899717,0,0,0,0.0,0.0,1.0,0,0,0,0,7,3,0
2437,247.20865475300013,208.0,11.0,207.0,464.0,208.0,11.0,207.0,464.0,nan,nan,nan,nan,,nan,0,nan,nan,nan,INITIALIZING,0.0,0.0,0.0,32.92955985148137,0,0,0,0.0,0.0,1.0,0,0,0,0,7,3,0
2438,247.23823285200012,208.0,11.0,207.0,464.0,208.0,11.0,207.0,464.0,nan,nan,nan,nan,,nan,0,nan,nan,nan,INITIALIZING,0.0,0.0,0.0,33.80879886838899,0,0,0,0.0,0.0,1.0,0,0,0,0,7,3,0
2439,247.26968999300004,208.0,11.0,207.0,464.0,208.0,11.0,207.0,464.0,nan,nan,nan,nan,,nan,0,nan,nan,nan,INITIALIZING,0.0,0.0,0.0,31.78928434731489,0,0,0,0.0,0.0,1.0,0,0,0,0,7,3,0
2440,247.30399572299996,208.0,11.0,207.0,464.0,208.0,11.0,207.0,464.0,nan,nan,nan,nan,,nan,0,nan,nan,nan,INITIALIZING,0.0,0.0,0.0,29.149649344365823,0,0,0,0.0,0.0,1.0,0,0,0,0,7,3,0
2441,247.34059992999994,208.0,11.0,207.0,464.0,208.0,11.0,207.0,464.0,nan,nan,nan,nan,,nan,0,nan,nan,nan,INITIALIZING,0.0,0.0,0.0,27.31926414907686,0,0,0,0.0,0.0,1.0,0,0,0,0,7,3,0
2442,247.37469664599996,208.0,11.0,207.0,464.0,208.0,11.0,207.0,464.0,nan,nan,nan,nan,,nan,0,nan,nan,nan,INITIALIZING,0.0,0.0,0.0,29.328337661590616,0,0,0,0.0,0.0,1.0,0,0,0,0,7,3,0
2443,247.41572821800003,208.0,11.0,207.0,464.0,208.0,11.0,207.0,464.0,nan,nan,nan,nan,,nan,0,nan,nan,nan,INITIALIZING,0.0,0.0,0.0,24.371476676506745,0,0,0,0.0,0.0,1.0,0,0,0,0,7,3,0
2444,247.4474986460001,208.0,11.0,207.0,464.0,208.0,11.0,207.0,464.0,nan,nan,nan,nan,,nan,0,nan,nan,nan,INITIALIZING,0.0,0.0,0.0,31.47581140542758,0,0,0,0.0,0.0,1.0,0,0,0,0,7,3,0
2445,247.49381759799996,208.0,11.0,207.0,464.0,208.0,11.0,207.0,464.0,nan,nan,nan,nan,,nan,0,nan,nan,nan,INITIALIZING,0.0,0.0,0.0,21.589434925101806,0,0,0,0.0,0.0,1.0,0,0,0,0,7,3,0
2446,247.53775255300013,208.0,11.0,207.0,464.0,208.0,11.0,207.0,464.0,nan,nan,nan,nan,,nan,0,nan,nan,nan,INITIALIZING,0.0,0.0,0.0,22.76092009189896,0,0,0,0.0,0.0,1.0,0,0,0,0,7,3,0
2447,247.57776535799997,208.0,11.0,207.0,464.0,208.0,11.0,207.0,464.0,nan,nan,nan,nan,,nan,0,nan,nan,nan,INITIALIZING,0.0,0.0,0.0,24.991999436284832,0,0,0,0.0,0.0,1.0,0,0,0,0,7,3,0
2448,247.61011251399998,208.0,11.0,207.0,464.0,208.0,11.0,207.0,464.0,nan,nan,nan,nan,,nan,0,nan,nan,nan,INITIALIZING,0.0,0.0,0.0,30.914618892602363,0,0,0,0.0,0.0,1.0,0,0,0,0,7,3,0
2449,247.69596389800006,208.0,10.500015258789062,207.0,463.9999694824219,208.0,10.500015258789062,207.0,463.9999694824219,nan,nan,nan,nan,0.6462918519973755,nan,0,nan,nan,nan,TRACKING,0.05205946500018399,0.0,0.6269554420000532,11.648035866248497,0,0,0,0.5,0.000625,1.000000065770647,0,0,0,0,7,3,0
2450,247.79414085400015,208.0,10.500015258789062,207.0,463.9999694824219,208.0,10.500015258789062,207.0,463.9999694824219,nan,nan,nan,nan,0.6475746631622314,nan,0,nan,nan,nan,TRACKING,0.052167487000133406,0.0,0.0,10.185689603160021,0,0,0,0.0,0.0,1.0,0,0,0,0,7,3,0
2451,247.85907459700013,208.0,10.500015258789062,207.0,463.9999694824219,208.0,10.500015258789062,207.0,463.9999694824219,nan,nan,nan,nan,0.6423118710517883,nan,0,nan,nan,nan,TRACKING,0.034857822999811106,0.0,0.0,15.400313516506484,0,0,0,0.0,0.0,1.0,0,0,0,0,7,3,0
2452,247.97082881200015,208.0,10.500015258789062,207.0,463.9999694824219,208.0,10.500015258789062,207.0,463.9999694824219,nan,nan,nan,nan,0.6472187042236328,nan,0,nan,nan,nan,TRACKING,0.06133800599991446,0.0,0.0,8.948208351692415,0,0,0,0.0,0.0,1.0,0,0,0,0,7,3,0
2453,248.06117673000006,208.0,10.500015258789062,207.0,463.9999694824219,208.0,10.500015258789062,207.0,463.9999694824219,nan,nan,nan,nan,0.6561164259910583,nan,0,nan,nan,nan,TRACKING,0.05088913200006573,0.0,0.0,11.06832367737608,0,0,0,0.0,0.0,1.0,0,0,0,0,7,3,0
2454,248.13989044300013,208.0,10.500015258789062,207.0,463.9999694824219,208.0,10.500015258789062,207.0,463.9999694824219,nan,nan,nan,nan,0.6533636450767517,nan,0,nan,nan,nan,TRACKING,0.05134622299988223,0.0,0.0,12.704266663155746,0,0,0,0.0,0.0,1.0,0,0,0,0,7,3,0
2455,248.22950683800002,208.0,10.500015258789062,207.0,463.9999694824219,208.0,10.500015258789062,207.0,463.9999694824219,nan,nan,nan,nan,0.6529443264007568,nan,0,nan,nan,nan,TRACKING,0.0642481580000549,0.0,0.0,11.158672472834768,0,0,0,0.0,0.0,1.0,0,0,0,0,7,3,0
2456,248.3185962450001,208.0,10.500015258789062,207.0,463.9999694824219,208.0,10.500015258789062,207.0,463.9999694824219,nan,nan,nan,nan,0.6515875458717346,nan,0,nan,nan,nan,TRACKING,0.04824288999998316,0.0,0.0,11.224679046288507,0,0,0,0.0,0.0,1.0,0,0,0,0,7,3,0
2457,248.38490886500006,208.0,10.500015258789062,207.0,463.9999694824219,208.0,10.500015258789062,207.0,463.9999694824219,nan,nan,nan,nan,0.648849606513977,nan,0,nan,nan,nan,TRACKING,0.04407360200002586,0.0,0.0,15.080085811728852,0,0,0,0.0,0.0,1.0,0,0,0,0,7,3,0
2458,248.46171025399997,208.0,10.500015258789062,207.0,463.9999694824219,208.0,10.500015258789062,207.0,463.9999694824219,nan,nan,nan,nan,0.6494115591049194,nan,0,nan,nan,nan,TRACKING,0.05211790399994243,0.0,0.0,13.020597843629599,0,0,0,0.0,0.0,1.0,0,0,0,0,7,3,0
2459,248.541738,208.0,10.500015258789062,207.0,463.9999694824219,208.0,10.500015258789062,207.0,463.9999694824219,nan,nan,nan,nan,0.640738844871521,nan,0,nan,nan,nan,TRACKING,0.05172185499986881,0.0,0.0,12.495666190566961,0,0,0,0.0,0.0,1.0,0,0,0,0,7,3,0
2460,248.90771933200006,208.0,10.500015258789062,207.0,463.9999694824219,208.0,10.500015258789062,207.0,463.9999694824219,159.0,16.0,263.0,463.0,0.6414272785186768,0.98803,1,0.7722026668875889,0.026983791431153627,1.2677932701235413,DETECTOR_CONFIRMED,0.0453894570000557,0.291179037999882,0.0,2.732379803459135,0,0,0,0.0,0.0,1.0,0,0,0,0,7,3,0
2461,248.99879450100013,208.0,10.500015258789062,207.0,463.9999694824219,208.0,10.500015258789062,207.0,463.9999694824219,nan,nan,nan,nan,0.6481430530548096,nan,0,nan,nan,nan,TRACKING,0.06137941199995112,0.0,0.0,10.979941195597936,0,0,0,0.0,0.0,1.0,0,0,0,0,7,3,0
2462,249.0685104590001,208.0,10.500015258789062,207.0,463.9999694824219,208.0,10.500015258789062,207.0,463.9999694824219,nan,nan,nan,nan,0.6484089493751526,nan,0,nan,nan,nan,TRACKING,0.04596660300012445,0.0,0.0,14.343918217412492,0,0,0,0.0,0.0,1.0,0,0,0,0,7,3,0
2463,249.1430064970001,208.0,10.500015258789062,207.0,463.9999694824219,208.0,10.500015258789062,207.0,463.9999694824219,nan,nan,nan,nan,0.648147463798523,nan,0,nan,nan,nan,TRACKING,0.04828268300002492,0.0,0.0,13.423532671628946,0,0,0,0.0,0.0,1.0,0,0,0,0,7,3,0
2464,249.2250978180001,208.0,10.500015258789062,207.0,463.9999694824219,208.0,10.500015258789062,207.0,463.9999694824219,nan,nan,nan,nan,0.6499303579330444,nan,0,nan,nan,nan,TRACKING,0.059114479000072606,0.0,0.0,12.181555709158497,0,0,0,0.0,0.0,1.0,0,0,0,0,7,3,0
2465,249.30352272300013,208.0,10.500015258789062,207.0,463.9999694824219,208.0,10.500015258789062,207.0,463.9999694824219,nan,nan,nan,nan,0.64616858959198,nan,0,nan,nan,nan,TRACKING,0.055979009000111546,0.0,0.0,12.751051467639607,0,0,0,0.0,0.0,1.0,0,0,0,0,7,3,0
2466,249.3690719970001,208.0,10.500015258789062,207.0,463.9999694824219,208.0,10.500015258789062,207.0,463.9999694824219,nan,nan,nan,nan,0.6476073265075684,nan,0,nan,nan,nan,TRACKING,0.041590694999968036,0.0,0.0,15.25569909439954,0,0,0,0.0,0.0,1.0,0,0,0,0,7,3,0
2467,249.44008828900007,208.0,10.500015258789062,207.0,463.9999694824219,208.0,10.500015258789062,207.0,463.9999694824219,nan,nan,nan,nan,0.6418735980987549,nan,0,nan,nan,nan,TRACKING,0.045325445000116815,0.0,0.0,14.08127588526387,0,0,0,0.0,0.0,1.0,0,0,0,0,7,3,0
2468,249.50650070200015,208.0,10.500015258789062,207.0,463.9999694824219,208.0,10.500015258789062,207.0,463.9999694824219,nan,nan,nan,nan,0.6415263414382935,nan,0,nan,nan,nan,TRACKING,0.04268326599981265,0.0,0.0,15.05742608687919,0,0,0,0.0,0.0,1.0,0,0,0,0,7,3,0
2469,249.58046449100004,208.0,10.500015258789062,207.0,463.9999694824219,208.0,10.500015258789062,207.0,463.9999694824219,nan,nan,nan,nan,0.6410146951675415,nan,0,nan,nan,nan,TRACKING,0.047337250000055064,0.0,0.0,13.520129424433394,0,0,0,0.0,0.0,1.0,0,0,0,0,7,3,0
2470,249.652783461,208.0,10.500015258789062,207.0,463.9999694824219,208.0,10.500015258789062,207.0,463.9999694824219,nan,nan,nan,nan,0.6417561769485474,nan,0,nan,nan,nan,TRACKING,0.04920972900004017,0.0,0.0,13.827630564987636,0,0,0,0.0,0.0,1.0,0,0,0,0,7,3,0
2471,249.7241589260001,208.0,10.500015258789062,207.0,463.9999694824219,208.0,10.500015258789062,207.0,463.9999694824219,nan,nan,nan,nan,0.6424448490142822,nan,0,nan,nan,nan,TRACKING,0.04644525599996996,0.0,0.0,14.01041660462691,0,0,0,0.0,0.0,1.0,0,0,0,0,7,3,0
2472,249.80476990900013,208.0,10.500015258789062,207.0,463.9999694824219,208.0,10.500015258789062,207.0,463.9999694824219,nan,nan,nan,nan,0.6566898226737976,nan,0,nan,nan,nan,TRACKING,0.049099310999963564,0.0,0.0,12.40525748209118,0,0,0,0.0,0.0,1.0,0,0,0,0,7,3,0
2473,249.9273737310001,208.0,10.500015258789062,207.0,463.9999694824219,208.0,10.500015258789062,207.0,463.9999694824219,nan,nan,nan,nan,0.656345784664154,nan,0,nan,nan,nan,TRACKING,0.09861529599993446,0.0,0.0,8.156352580918846,0,0,0,0.0,0.0,1.0,0,0,0,0,7,3,0
2474,249.99840642900006,208.0,10.500015258789062,207.0,463.9999694824219,208.0,10.500015258789062,207.0,463.9999694824219,nan,nan,nan,nan,0.6920354962348938,nan,0,nan,nan,nan,TRACKING,0.044563140999798634,0.0,0.0,14.078023616682183,0,0,0,0.0,0.0,1.0,0,0,0,0,7,3,0
2475,250.31048440799998,208.0,10.500015258789062,207.0,463.9999694824219,208.0,10.500015258789062,207.0,463.9999694824219,172.0,19.0,243.0,460.0,0.6937301158905029,0.984587,1,0.8304466680270218,0.0239220740112558,1.163793179991701,DETECTOR_CONFIRMED,0.05033375800007889,0.2347889259999647,0.0,3.204327338970129,0,0,0,0.0,0.0,1.0,0,0,0,0,7,3,0
2476,250.38954864699997,208.0,10.500015258789062,207.0,463.9999694824219,208.0,10.500015258789062,207.0,463.9999694824219,nan,nan,nan,nan,0.7513891458511353,nan,0,nan,nan,nan,TRACKING,0.05549160500004291,0.0,0.0,12.647943149116038,0,0,0,0.0,0.0,1.0,0,0,0,0,7,3,0
2477,250.462458824,208.0,10.500015258789062,207.0,463.9999694824219,208.0,10.500015258789062,207.0,463.9999694824219,nan,nan,nan,nan,0.7359204888343811,nan,0,nan,nan,nan,TRACKING,0.045097421000036775,0.0,0.0,13.715506410023591,0,0,0,0.0,0.0,1.0,0,0,0,0,7,3,0
2478,250.53048303499997,208.0,10.500015258789062,207.0,463.9999694824219,208.0,10.500015258789062,207.0,463.9999694824219,nan,nan,nan,nan,0.7498559951782227,nan,0,nan,nan,nan,TRACKING,0.045061846999942645,0.0,0.0,14.70064827360525,0,0,0,0.0,0.0,1.0,0,0,0,0,7,3,0
2479,250.60731723600009,201.80166625976562,10.500015258789062,207.0,463.9999694824219,201.80166625976562,10.500015258789062,207.0,463.9999694824219,nan,nan,nan,nan,0.7426473498344421,nan,0,nan,nan,nan,TRACKING,0.04977255099993272,0.0,0.0,13.015037405003538,0,0,0,6.198333740234375,0.0077479171752929685,1.0,0,0,0,0,7,3,0
2480,250.67903786199997,202.0,10.500015258789062,207.0,463.9999694824219,202.0,10.500015258789062,207.0,463.9999694824219,nan,nan,nan,nan,0.732305645942688,nan,0,nan,nan,nan,TRACKING,0.04406505999986621,0.0,0.0,13.942990402810604,0,0,0,0.198333740234375,0.00024791717529296873,1.0,0,0,0,0,7,3,0
2481,250.74864183900002,202.0,10.500015258789062,207.0,463.9999694824219,202.0,10.500015258789062,207.0,463.9999694824219,nan,nan,nan,nan,0.7442793250083923,nan,0,nan,nan,nan,TRACKING,0.042849466999996366,0.0,0.0,14.36699515028271,0,0,0,0.0,0.0,1.0,0,0,0,0,7,3,0
2482,250.814466273,202.0,10.500015258789062,207.0,463.9999694824219,202.0,10.500015258789062,207.0,463.9999694824219,nan,nan,nan,nan,0.7452307343482971,nan,0,nan,nan,nan,TRACKING,0.042308155000000625,0.0,0.0,15.191927058580251,0,0,0,0.0,0.0,1.0,0,0,0,0,7,3,0
2483,250.88754322400007,202.0,10.500015258789062,207.0,463.9999694824219,202.0,10.500015258789062,207.0,463.9999694824219,nan,nan,nan,nan,0.730238139629364,nan,0,nan,nan,nan,TRACKING,0.04549732300006326,0.0,0.0,13.684205297494787,0,0,0,0.0,0.0,1.0,0,0,0,0,7,3,0
2484,250.96343792999994,202.0,10.500015258789062,207.0,463.9999694824219,202.0,10.500015258789062,207.0,463.9999694824219,nan,nan,nan,nan,0.7099599838256836,nan,0,nan,nan,nan,TRACKING,0.04945962900001177,0.0,0.0,13.176149598651705,0,0,0,0.0,0.0,1.0,0,0,0,0,7,3,0
2485,251.04102578999994,195.80166625976562,10.500015258789062,207.0,463.9999694824219,195.80166625976562,10.500015258789062,207.0,463.9999694824219,nan,nan,nan,nan,0.7042174935340881,nan,0,nan,nan,nan,TRACKING,0.054365440000083254,0.0,0.0,12.888614275481693,0,0,0,6.198333740234375,0.0077479171752929685,1.0,0,0,0,0,7,3,0
2486,251.1084766570001,196.0,10.500015258789062,207.0,463.9999694824219,196.0,10.500015258789062,207.0,463.9999694824219,nan,nan,nan,nan,0.7208823561668396,nan,0,nan,nan,nan,TRACKING,0.04471663300000728,0.0,0.0,14.82560631870909,0,0,0,0.198333740234375,0.00024791717529296873,1.0,0,0,0,0,7,3,0
2487,251.19266577300016,196.0,4.30169677734375,207.0,463.9999694824219,196.0,4.30169677734375,207.0,463.9999694824219,nan,nan,nan,nan,0.7006459832191467,nan,0,nan,nan,nan,TRACKING,0.051305544999877384,0.0,0.0,11.878019956870324,0,0,0,6.1983184814453125,0.007747898101806641,1.0,0,0,0,0,7,3,0
2488,251.2628466330001,189.80166625976562,4.5000152587890625,207.0,463.9999694824219,189.80166625976562,4.5000152587890625,207.0,463.9999694824219,nan,nan,nan,nan,0.6570964455604553,nan,0,nan,nan,nan,TRACKING,0.04736865600011697,0.0,0.0,14.24889920130505,0,0,0,6.201505573279011,0.007751881966598764,1.0,0,0,0,0,7,3,0
2489,251.35442847599995,196.19833374023438,4.5000152587890625,207.0,463.9999694824219,196.19833374023438,4.5000152587890625,207.0,463.9999694824219,nan,nan,nan,nan,0.6834899187088013,nan,0,nan,nan,nan,TRACKING,0.051699823000035394,0.0,0.0,10.919194976252552,0,0,0,6.39666748046875,0.007995834350585937,1.0,0,0,0,0,7,3,0
2490,251.69568537800012,189.80166625976562,4.5000152587890625,207.0,463.9999694824219,189.80166625976562,4.5000152587890625,207.0,463.9999694824219,149.0,12.0,206.0,468.0,0.65682452917099,0.953854,1,0.6443193068642648,0.05297519519538516,1.003748191954195,DETECTOR_CONFIRMED,0.05710408000004463,0.25455566100004035,0.0,2.930343662322489,0,0,0,6.39666748046875,0.007995834350585937,1.0,0,0,0,0,7,3,0
2491,251.7840002920001,196.19833374023438,4.5000152587890625,207.0,463.9999694824219,196.19833374023438,4.5000152587890625,207.0,463.9999694824219,nan,nan,nan,nan,0.6533688902854919,nan,0,nan,nan,nan,TRACKING,0.0644852970001466,0.0,0.0,11.323115821642375,0,0,0,6.39666748046875,0.007995834350585937,1.0,0,0,0,0,7,3,0
2492,251.85441011499995,196.0,4.5000152587890625,207.0,463.9999694824219,196.0,4.5000152587890625,207.0,463.9999694824219,nan,nan,nan,nan,0.6467072367668152,nan,0,nan,nan,nan,TRACKING,0.04803481300018575,0.0,0.0,14.20256375309931,0,0,0,0.198333740234375,0.00024791717529296873,1.0,0,0,0,0,7,3,0
2493,251.92928745999995,202.19833374023438,4.5000152587890625,207.0,463.9999694824219,202.19833374023438,4.5000152587890625,207.0,463.9999694824219,nan,nan,nan,nan,0.6491866707801819,nan,0,nan,nan,nan,TRACKING,0.047944654999810155,0.0,0.0,13.355174385522629,0,0,0,6.198333740234375,0.0077479171752929685,1.0,0,0,0,0,7,3,0
2494,252.00197237300006,202.0,4.5000152587890625,207.0,463.9999694824219,202.0,4.5000152587890625,207.0,463.9999694824219,nan,nan,nan,nan,0.6321187019348145,nan,0,nan,nan,nan,TRACKING,0.04411011199999848,0.0,0.0,13.758013303236469,0,0,0,0.198333740234375,0.00024791717529296873,1.0,0,0,0,0,7,3,0
2495,252.07648611800016,202.0,4.5000152587890625,207.0,463.9999694824219,202.0,4.5000152587890625,207.0,463.9999694824219,nan,nan,nan,nan,0.6196930408477783,nan,0,nan,nan,nan,TRACKING,0.046019779999824095,0.0,0.0,13.420342783718707,0,0,0,0.0,0.0,1.0,0,0,0,0,7,3,0
2496,252.17300960599994,202.0,10.698333740234375,207.0,463.9999694824219,202.0,10.698333740234375,207.0,463.9999694824219,nan,nan,nan,nan,0.6124628186225891,nan,0,nan,nan,nan,TRACKING,0.07346586299991031,0.0,0.0,10.360172645256347,0,0,0,6.1983184814453125,0.007747898101806641,1.0,0,0,0,0,7,3,0
2497,252.246691983,208.19833374023438,10.500015258789062,207.0,463.9999694824219,208.19833374023438,10.500015258789062,207.0,463.9999694824219,nan,nan,nan,nan,0.5868220329284668,nan,0,nan,nan,nan,TRACKING,0.050175890999980766,0.0,0.0,13.571766285431767,0,0,0,6.201505573279011,0.007751881966598764,1.0,0,0,0,0,7,3,0
2498,252.35635621200015,208.0,10.500015258789062,207.0,463.9999694824219,208.0,10.500015258789062,207.0,463.9999694824219,nan,nan,nan,nan,0.5686763525009155,nan,0,nan,nan,nan,TRACKING,0.08573757799990744,0.0,0.0,9.118743724525462,0,0,0,0.198333740234375,0.00024791717529296873,1.0,0,0,0,0,7,3,0
2499,252.4190846560001,208.0,10.500015258789062,207.0,463.9999694824219,208.0,10.500015258789062,207.0,463.9999694824219,nan,nan,nan,nan,0.58536297082901,nan,0,nan,nan,nan,TRACKING,0.03925159400000666,0.0,0.0,15.941731314117437,0,0,0,0.0,0.0,1.0,0,0,0,0,7,3,0
2500,252.49479946200006,208.0,10.500015258789062,207.0,463.9999694824219,208.0,10.500015258789062,207.0,463.9999694824219,nan,nan,nan,nan,0.5846261978149414,nan,0,nan,nan,nan,TRACKING,0.05341318399996453,0.0,0.0,13.207456412166588,0,0,0,0.0,0.0,1.0,0,0,0,0,7,3,0
2501,252.5666757150001,208.0,10.500015258789062,207.0,463.9999694824219,208.0,10.500015258789062,207.0,463.9999694824219,nan,nan,nan,nan,0.5590581297874451,nan,0,nan,nan,nan,TRACKING,0.04149793300007332,0.0,0.0,13.9128009357919,0,0,0,0.0,0.0,1.0,0,0,0,0,7,3,0
2502,252.62919879100002,208.0,10.500015258789062,207.0,463.9999694824219,208.0,10.500015258789062,207.0,463.9999694824219,nan,nan,nan,nan,0.5674809217453003,nan,0,nan,nan,nan,TRACKING,0.03883018000010452,0.0,0.0,15.994094724339146,0,0,0,0.0,0.0,1.0,0,0,0,0,7,3,0
2503,252.70944315300005,201.80166625976562,10.500015258789062,207.0,463.9999694824219,201.80166625976562,10.500015258789062,207.0,463.9999694824219,nan,nan,nan,nan,0.5533804297447205,nan,0,nan,nan,nan,TRACKING,0.053247504999944795,0.0,0.0,12.46193470887863,0,0,0,6.198333740234375,0.0077479171752929685,1.0,0,0,0,0,7,3,0
2504,252.7772035040001,202.0,10.500015258789062,207.0,463.9999694824219,202.0,10.500015258789062,207.0,463.9999694824219,nan,nan,nan,nan,0.5555849671363831,nan,0,nan,nan,nan,TRACKING,0.04406136099987634,0.0,0.0,14.757892856828652,0,0,0,0.198333740234375,0.00024791717529296873,1.0,0,0,0,0,7,3,0
2505,253.12301751100006,202.0,10.500015258789062,207.0,463.9999694824219,202.0,10.500015258789062,207.0,463.9999694824219,nan,nan,nan,nan,0.5715848207473755,nan,0,nan,nan,nan,SUSPECTED_LOST,0.06032178999998905,0.2588033350000387,0.0,2.891727864569004,0,0,0,0.0,0.0,1.0,0,0,0,0,7,3,0
2506,253.21990548400015,202.0,10.500015258789062,207.0,463.9999694824219,202.0,10.500015258789062,207.0,463.9999694824219,nan,nan,nan,nan,0.5623247623443604,nan,0,nan,nan,nan,TRACKING,0.0634973109999919,0.0,0.0,10.321198483521112,0,0,0,0.0,0.0,1.0,0,0,0,0,7,3,0
2507,253.29836382600013,202.0,10.500015258789062,207.0,463.9999694824219,202.0,10.500015258789062,207.0,463.9999694824219,nan,nan,nan,nan,0.5649126768112183,nan,0,nan,nan,nan,TRACKING,0.05331339000008484,0.0,0.0,12.7456172856712,0,0,0,0.0,0.0,1.0,0,0,0,0,7,3,0
2508,253.36749096999995,202.0,10.500015258789062,207.0,463.9999694824219,202.0,10.500015258789062,207.0,463.9999694824219,nan,nan,nan,nan,0.580635666847229,nan,0,nan,nan,nan,TRACKING,0.046352493000085815,0.0,0.0,14.466097427698996,0,0,0,0.0,0.0,1.0,0,0,0,0,7,3,0
2509,253.43945956799996,202.0,10.500015258789062,207.0,463.9999694824219,202.0,10.500015258789062,207.0,463.9999694824219,nan,nan,nan,nan,0.5548969507217407,nan,0,nan,nan,nan,TRACKING,0.04769126600012896,0.0,0.0,13.894949016511763,0,0,0,0.0,0.0,1.0,0,0,0,0,7,3,0
2510,253.51782660600009,202.0,10.500015258789062,207.0,463.9999694824219,202.0,10.500015258789062,207.0,463.9999694824219,nan,nan,nan,nan,0.5738083720207214,nan,0,nan,nan,nan,TRACKING,0.05307531299990842,0.0,0.0,12.760466970799861,0,0,0,0.0,0.0,1.0,0,0,0,0,7,3,0
2511,253.59323838700004,202.0,10.500015258789062,207.0,463.9999694824219,202.0,10.500015258789062,207.0,463.9999694824219,nan,nan,nan,nan,0.5693157911300659,nan,0,nan,nan,nan,TRACKING,0.05176529200002733,0.0,0.0,13.260527556040211,0,0,0,0.0,0.0,1.0,0,0,0,0,7,3,0
2512,253.657337322,202.0,10.500015258789062,207.0,463.9999694824219,202.0,10.500015258789062,207.0,463.9999694824219,nan,nan,nan,nan,0.5732609629631042,nan,0,nan,nan,nan,TRACKING,0.039919938000139155,0.0,0.0,15.600883228415936,0,0,0,0.0,0.0,1.0,0,0,0,0,7,3,0
2513,253.73066125499997,202.0,10.500015258789062,207.0,463.9999694824219,202.0,10.500015258789062,207.0,463.9999694824219,nan,nan,nan,nan,0.5603543519973755,nan,0,nan,nan,nan,TRACKING,0.05057954200015047,0.0,0.0,13.638111856332472,0,0,0,0.0,0.0,1.0,0,0,0,0,7,3,0
2514,253.81098124300013,202.0,10.500015258789062,207.0,463.9999694824219,202.0,10.500015258789062,207.0,463.9999694824219,nan,nan,nan,nan,0.5552211999893188,nan,0,nan,nan,nan,TRACKING,0.05191128399997069,0.0,0.0,12.450201063252914,0,0,0,0.0,0.0,1.0,0,0,0,0,7,3,0
2515,253.92569690900007,202.0,10.500015258789062,207.0,463.9999694824219,202.0,10.500015258789062,207.0,463.9999694824219,nan,nan,nan,nan,0.5528550744056702,nan,0,nan,nan,nan,TRACKING,0.07306944899983137,0.0,0.0,8.717205198464686,0,0,0,0.0,0.0,1.0,0,0,0,0,7,3,0
2516,254.01025123800002,202.0,10.500015258789062,207.0,463.9999694824219,202.0,10.500015258789062,207.0,463.9999694824219,nan,nan,nan,nan,0.557325005531311,nan,0,nan,nan,nan,TRACKING,0.05643182800008617,0.0,0.0,11.826715578341474,0,0,0,0.0,0.0,1.0,0,0,0,0,7,3,0
2517,254.10986826600003,202.0,10.500015258789062,207.0,463.9999694824219,202.0,10.500015258789062,207.0,463.9999694824219,nan,nan,nan,nan,0.5655426383018494,nan,0,nan,nan,nan,TRACKING,0.05650708999996823,0.0,0.0,10.038444431406694,0,0,0,0.0,0.0,1.0,0,0,0,0,7,3,0
2518,254.1885717680001,202.0,10.500015258789062,207.0,463.9999694824219,202.0,10.500015258789062,207.0,463.9999694824219,nan,nan,nan,nan,0.5645527839660645,nan,0,nan,nan,nan,TRACKING,0.055028940000056537,0.0,0.0,12.705914915950322,0,0,0,0.0,0.0,1.0,0,0,0,0,7,3,0
2519,254.26502778400015,202.0,10.500015258789062,207.0,463.9999694824219,202.0,10.500015258789062,207.0,463.9999694824219,nan,nan,nan,nan,0.5605719685554504,nan,0,nan,nan,nan,TRACKING,0.04631593000021894,0.0,0.0,13.079415490327698,0,0,0,0.0,0.0,1.0,0,0,0,0,7,3,0
2520,254.56677902100012,202.0,10.500015258789062,207.0,463.9999694824219,202.0,10.500015258789062,207.0,463.9999694824219,219.0,8.0,184.0,463.0,0.5579065084457397,0.984062,1,0.8779790304810905,0.007831227553838542,1.127429731463768,DETECTOR_CONFIRMED,0.0468635950001044,0.22732489000009082,0.0,3.3139880715720986,0,0,0,0.0,0.0,1.0,0,0,0,0,7,3,0
2521,254.6553318540001,202.0,10.500015258789062,207.0,463.9999694824219,202.0,10.500015258789062,207.0,463.9999694824219,nan,nan,nan,nan,0.5548954606056213,nan,0,nan,nan,nan,TRACKING,0.059492919999911464,0.0,0.0,11.292693481642361,0,0,0,0.0,0.0,1.0,0,0,0,0,7,3,0
2522,254.72002658000008,202.0,10.500015258789062,207.0,463.9999694824219,202.0,10.500015258789062,207.0,463.9999694824219,nan,nan,nan,nan,0.5573831796646118,nan,0,nan,nan,nan,TRACKING,0.04374963700001899,0.0,0.0,15.457210530584119,0,0,0,0.0,0.0,1.0,0,0,0,0,7,3,0
2523,254.82681685299997,202.0,10.500015258789062,207.0,463.9999694824219,202.0,10.500015258789062,207.0,463.9999694824219,nan,nan,nan,nan,0.558997392654419,nan,0,nan,nan,nan,TRACKING,0.08367905299996892,0.0,0.0,9.364148736664912,0,0,0,0.0,0.0,1.0,0,0,0,0,7,3,0
2524,254.89153814200006,202.0,10.500015258789062,207.0,463.9999694824219,202.0,10.500015258789062,207.0,463.9999694824219,nan,nan,nan,nan,0.6060268878936768,nan,0,nan,nan,nan,TRACKING,0.04040546600003836,0.0,0.0,15.450866561057023,0,0,0,0.0,0.0,1.0,0,0,0,0,7,3,0
2525,254.95860181399996,202.0,10.500015258789062,207.0,463.9999694824219,202.0,10.500015258789062,207.0,463.9999694824219,nan,nan,nan,nan,0.6058345437049866,nan,0,nan,nan,nan,TRACKING,0.044289749999961714,0.0,0.0,14.911202595668101,0,0,0,0.0,0.0,1.0,0,0,0,0,7,3,0
2526,255.03365931700012,202.0,10.500015258789062,207.0,463.9999694824219,202.0,10.500015258789062,207.0,463.9999694824219,nan,nan,nan,nan,0.603123664855957,nan,0,nan,nan,nan,TRACKING,0.04268909900019935,0.0,0.0,13.323118409600761,0,0,0,0.0,0.0,1.0,0,0,0,0,7,3,0
2527,255.10702637500015,202.0,10.500015258789062,207.0,463.9999694824219,202.0,10.500015258789062,207.0,463.9999694824219,nan,nan,nan,nan,0.6007084846496582,nan,0,nan,nan,nan,TRACKING,0.04884440999990147,0.0,0.0,13.630095403301862,0,0,0,0.0,0.0,1.0,0,0,0,0,7,3,0
2528,255.18353197499994,202.0,10.500015258789062,207.0,463.9999694824219,202.0,10.500015258789062,207.0,463.9999694824219,nan,nan,nan,nan,0.6020240783691406,nan,0,nan,nan,nan,TRACKING,0.04805153100005555,0.0,0.0,13.07093859799451,0,0,0,0.0,0.0,1.0,0,0,0,0,7,3,0
2529,255.26144983899997,202.0,10.500015258789062,207.0,463.9999694824219,202.0,10.500015258789062,207.0,463.9999694824219,nan,nan,nan,nan,0.5948740839958191,nan,0,nan,nan,nan,TRACKING,0.04880107600001793,0.0,0.0,12.834027380417385,0,0,0,0.0,0.0,1.0,0,0,0,0,7,3,0
2530,255.33224195800005,202.0,10.500015258789062,207.0,463.9999694824219,202.0,10.500015258789062,207.0,463.9999694824219,nan,nan,nan,nan,0.6010269522666931,nan,0,nan,nan,nan,TRACKING,0.04579821299989817,0.0,0.0,14.125866185736646,0,0,0,0.0,0.0,1.0,0,0,0,0,7,3,0
2531,255.39723174100016,202.0,10.500015258789062,207.0,463.9999694824219,202.0,10.500015258789062,207.0,463.9999694824219,nan,nan,nan,nan,0.6046730279922485,nan,0,nan,nan,nan,TRACKING,0.04266894199986382,0.0,0.0,15.387033989611057,0,0,0,0.0,0.0,1.0,0,0,0,0,7,3,0
2532,255.4651237070001,202.0,10.500015258789062,207.0,463.9999694824219,202.0,10.500015258789062,207.0,463.9999694824219,nan,nan,nan,nan,0.589422881603241,nan,0,nan,nan,nan,TRACKING,0.044227248999959556,0.0,0.0,14.72928328516773,0,0,0,0.0,0.0,1.0,0,0,0,0,7,3,0
2533,255.54234473600002,202.0,10.500015258789062,207.0,463.9999694824219,202.0,10.500015258789062,207.0,463.9999694824219,nan,nan,nan,nan,0.5739072561264038,nan,0,nan,nan,nan,TRACKING,0.05043261299988444,0.0,0.0,12.94984038610668,0,0,0,0.0,0.0,1.0,0,0,0,0,7,3,0
2534,255.62281540200013,202.0,10.500015258789062,207.0,463.9999694824219,202.0,10.500015258789062,207.0,463.9999694824219,nan,nan,nan,nan,0.5869231224060059,nan,0,nan,nan,nan,TRACKING,0.051889354999957504,0.0,0.0,12.426888575752939,0,0,0,0.0,0.0,1.0,0,0,0,0,7,3,0
2535,255.9227921810001,202.0,10.500015258789062,207.0,463.9999694824219,202.0,10.500015258789062,207.0,463.9999694824219,207.0,7.0,188.0,473.0,0.5671465396881104,0.976089,1,0.8924902269305451,0.0057622152858080545,1.0801132841849368,DETECTOR_CONFIRMED,0.039522274000091784,0.23844022999992376,0.0,3.333591364417329,0,0,0,0.0,0.0,1.0,0,0,0,0,7,3,0
2536,256.2249403490001,195.80166625976562,4.30169677734375,207.0,463.9999694824219,169.93058319091796,5.4055938720703125,199.85,467.89998931884764,156.0,6.0,196.0,470.0,0.48589545488357544,0.81457,1,0.6227359984913745,0.0569308127585619,1.0426399661621941,SOFT_REINITIALIZING,0.05056428200009577,0.22508005899999262,0.0,3.3096344969395894,1,0,0,8.765756849967627,0.010957196062459533,1.0,0,0,0,0,8,3,0
2537,256.2526495610001,169.93058319091796,5.4055938720703125,199.85,467.89998931884764,169.93058319091796,5.4055938720703125,199.85,467.89998931884764,nan,nan,nan,nan,,nan,0,nan,nan,nan,INITIALIZING,0.0,0.0,0.0,36.08908113303031,0,0,0,0.0,0.0,1.0,0,0,0,0,8,3,0
2538,256.304176515,169.93058319091796,5.4055938720703125,199.85,467.89998931884764,169.93058319091796,5.4055938720703125,199.85,467.89998931884764,nan,nan,nan,nan,,nan,0,nan,nan,nan,INITIALIZING,0.0,0.0,0.0,19.40731835229923,0,0,0,0.0,0.0,1.0,0,0,0,0,8,3,0
2539,256.338690424,169.93058319091796,5.4055938720703125,199.85,467.89998931884764,169.93058319091796,5.4055938720703125,199.85,467.89998931884764,nan,nan,nan,nan,,nan,0,nan,nan,nan,INITIALIZING,0.0,0.0,0.0,28.97382617541444,0,0,0,0.0,0.0,1.0,0,0,0,0,8,3,0
2540,256.3657992100001,169.93058319091796,5.4055938720703125,199.85,467.89998931884764,169.93058319091796,5.4055938720703125,199.85,467.89998931884764,nan,nan,nan,nan,,nan,0,nan,nan,nan,INITIALIZING,0.0,0.0,0.0,36.8884095361685,0,0,0,0.0,0.0,1.0,0,0,0,0,8,3,0
2541,256.3921517330001,169.93058319091796,5.4055938720703125,199.85,467.89998931884764,169.93058319091796,5.4055938720703125,199.85,467.89998931884764,nan,nan,nan,nan,,nan,0,nan,nan,nan,INITIALIZING,0.0,0.0,0.0,37.94703072641145,0,0,0,0.0,0.0,1.0,0,0,0,0,8,3,0
2542,256.423483141,169.93058319091796,5.4055938720703125,199.85,467.89998931884764,169.93058319091796,5.4055938720703125,199.85,467.89998931884764,nan,nan,nan,nan,,nan,0,nan,nan,nan,INITIALIZING,0.0,0.0,0.0,31.916854805973877,0,0,0,0.0,0.0,1.0,0,0,0,0,8,3,0
2543,256.45958650399996,169.93058319091796,5.4055938720703125,199.85,467.89998931884764,169.93058319091796,5.4055938720703125,199.85,467.89998931884764,nan,nan,nan,nan,,nan,0,nan,nan,nan,INITIALIZING,0.0,0.0,0.0,27.698250714253636,0,0,0,0.0,0.0,1.0,0,0,0,0,8,3,0
2544,256.50008389900006,169.93058319091796,5.4055938720703125,199.85,467.89998931884764,169.93058319091796,5.4055938720703125,199.85,467.89998931884764,nan,nan,nan,nan,,nan,0,nan,nan,nan,INITIALIZING,0.0,0.0,0.0,24.692946299323122,0,0,0,0.0,0.0,1.0,0,0,0,0,8,3,0
2545,256.55286201900014,169.93058319091796,5.4055938720703125,199.85,467.89998931884764,169.93058319091796,5.4055938720703125,199.85,467.89998931884764,nan,nan,nan,nan,,nan,0,nan,nan,nan,INITIALIZING,0.0,0.0,0.0,18.947245563093162,0,0,0,0.0,0.0,1.0,0,0,0,0,8,3,0
2546,256.5948376150001,169.93058319091796,5.4055938720703125,199.85,467.89998931884764,169.93058319091796,5.4055938720703125,199.85,467.89998931884764,nan,nan,nan,nan,,nan,0,nan,nan,nan,INITIALIZING,0.0,0.0,0.0,23.823366319841764,0,0,0,0.0,0.0,1.0,0,0,0,0,8,3,0
2547,256.62566922400003,169.93058319091796,5.4055938720703125,199.85,467.89998931884764,169.93058319091796,5.4055938720703125,199.85,467.89998931884764,nan,nan,nan,nan,,nan,0,nan,nan,nan,INITIALIZING,0.0,0.0,0.0,32.4342462957828,0,0,0,0.0,0.0,1.0,0,0,0,0,8,3,0
2548,256.67255167300016,169.93058319091796,5.4055938720703125,199.85,467.89998931884764,169.93058319091796,5.4055938720703125,199.85,467.89998931884764,nan,nan,nan,nan,,nan,0,nan,nan,nan,INITIALIZING,0.0,0.0,0.0,21.329943749256508,0,0,0,0.0,0.0,1.0,0,0,0,0,8,3,0
2549,256.7185566070001,169.93058319091796,5.4055938720703125,199.85,467.89998931884764,169.93058319091796,5.4055938720703125,199.85,467.89998931884764,nan,nan,nan,nan,,nan,0,nan,nan,nan,INITIALIZING,0.0,0.0,0.0,21.736798926857137,0,0,0,0.0,0.0,1.0,0,0,0,0,8,3,0
2550,256.7514231450001,169.93058319091796,5.4055938720703125,199.85,467.89998931884764,169.93058319091796,5.4055938720703125,199.85,467.89998931884764,nan,nan,nan,nan,,nan,0,nan,nan,nan,INITIALIZING,0.0,0.0,0.0,30.42608260108722,0,0,0,0.0,0.0,1.0,0,0,0,0,8,3,0
2551,256.79018431299994,169.93058319091796,5.4055938720703125,199.85,467.89998931884764,169.93058319091796,5.4055938720703125,199.85,467.89998931884764,nan,nan,nan,nan,,nan,0,nan,nan,nan,INITIALIZING,0.0,0.0,0.0,25.799016170106125,0,0,0,0.0,0.0,1.0,0,0,0,0,8,3,0
2552,256.8378652130001,169.93058319091796,5.4055938720703125,199.85,467.89998931884764,169.93058319091796,5.4055938720703125,199.85,467.89998931884764,nan,nan,nan,nan,,nan,0,nan,nan,nan,INITIALIZING,0.0,0.0,0.0,20.97275848393499,0,0,0,0.0,0.0,1.0,0,0,0,0,8,3,0
2553,256.88476761000004,169.93058319091796,5.4055938720703125,199.85,467.89998931884764,169.93058319091796,5.4055938720703125,199.85,467.89998931884764,nan,nan,nan,nan,,nan,0,nan,nan,nan,INITIALIZING,0.0,0.0,0.0,21.32087193755328,0,0,0,0.0,0.0,1.0,0,0,0,0,8,3,0
2554,257.02374295000016,169.5749969482422,5.54998779296875,199.85000610351562,467.9000244140625,169.5749969482422,5.54998779296875,199.85000610351562,467.9000244140625,nan,nan,nan,nan,0.5315415859222412,nan,0,nan,nan,nan,TRACKING,0.05289463300005082,0.0,0.7289701859999695,7.195521162237625,0,0,0,0.383789106019732,0.00047973638252466497,1.0000001055462897,0,0,0,0,8,3,0
2555,257.1077870600001,169.5749969482422,5.54998779296875,199.85000610351562,467.9000244140625,169.5749969482422,5.54998779296875,199.85000610351562,467.9000244140625,nan,nan,nan,nan,0.5102508664131165,nan,0,nan,nan,nan,TRACKING,0.06006219999994755,0.0,0.0,11.898513768554656,0,0,0,0.0,0.0,1.0,0,0,0,0,8,3,0
2556,257.17822162100003,169.5749969482422,5.54998779296875,199.85000610351562,467.9000244140625,169.5749969482422,5.54998779296875,199.85000610351562,467.9000244140625,nan,nan,nan,nan,0.5144889950752258,nan,0,nan,nan,nan,TRACKING,0.04389437800000451,0.0,0.0,14.197575533985644,0,0,0,0.0,0.0,1.0,0,0,0,0,8,3,0
2557,257.2541977320001,169.5749969482422,5.54998779296875,199.85000610351562,467.9000244140625,169.5749969482422,5.54998779296875,199.85000610351562,467.9000244140625,nan,nan,nan,nan,0.5192152261734009,nan,0,nan,nan,nan,TRACKING,0.05081246299982922,0.0,0.0,13.162031944480578,0,0,0,0.0,0.0,1.0,0,0,0,0,8,3,0
2558,257.32127806999995,169.5749969482422,5.54998779296875,199.85000610351562,467.9000244140625,169.5749969482422,5.54998779296875,199.85000610351562,467.9000244140625,nan,nan,nan,nan,0.5093770027160645,nan,0,nan,nan,nan,TRACKING,0.042169504999947094,0.0,0.0,14.907497931837433,0,0,0,0.0,0.0,1.0,0,0,0,0,8,3,0
2559,257.38864674600006,169.5749969482422,5.54998779296875,199.85000610351562,467.9000244140625,169.5749969482422,5.54998779296875,199.85000610351562,467.9000244140625,nan,nan,nan,nan,0.5092165470123291,nan,0,nan,nan,nan,TRACKING,0.04408776700006456,0.0,0.0,14.843693825870917,0,0,0,0.0,0.0,1.0,0,0,0,0,8,3,0
2560,257.46413857799996,169.5749969482422,5.54998779296875,199.85000610351562,467.9000244140625,169.5749969482422,5.54998779296875,199.85000610351562,467.9000244140625,nan,nan,nan,nan,0.5066794157028198,nan,0,nan,nan,nan,TRACKING,0.05346682899994448,0.0,0.0,13.246466187247293,0,0,0,0.0,0.0,1.0,0,0,0,0,8,3,0
2561,257.53527669200014,169.5749969482422,5.54998779296875,199.85000610351562,467.9000244140625,169.5749969482422,5.54998779296875,199.85000610351562,467.9000244140625,nan,nan,nan,nan,0.5046053528785706,nan,0,nan,nan,nan,TRACKING,0.04751240699988557,0.0,0.0,14.057162100157765,0,0,0,0.0,0.0,1.0,0,0,0,0,8,3,0
2562,257.60565375199997,169.5749969482422,5.54998779296875,199.85000610351562,467.9000244140625,169.5749969482422,5.54998779296875,199.85000610351562,467.9000244140625,nan,nan,nan,nan,0.504879355430603,nan,0,nan,nan,nan,TRACKING,0.04330765000008796,0.0,0.0,14.209175546725671,0,0,0,0.0,0.0,1.0,0,0,0,0,8,3,0
2563,257.6833242660001,169.5749969482422,5.54998779296875,199.85000610351562,467.9000244140625,169.5749969482422,5.54998779296875,199.85000610351562,467.9000244140625,nan,nan,nan,nan,0.5081543922424316,nan,0,nan,nan,nan,TRACKING,0.05326854500003719,0.0,0.0,12.874898703491391,0,0,0,0.0,0.0,1.0,0,0,0,0,8,3,0
2564,257.75838452899995,169.5749969482422,5.54998779296875,199.85000610351562,467.9000244140625,169.5749969482422,5.54998779296875,199.85000610351562,467.9000244140625,nan,nan,nan,nan,0.5086978077888489,nan,0,nan,nan,nan,TRACKING,0.05241899999987254,0.0,0.0,13.322628512534207,0,0,0,0.0,0.0,1.0,0,0,0,0,8,3,0
2565,258.099291205,169.5749969482422,5.54998779296875,199.85000610351562,467.9000244140625,169.5749969482422,5.54998779296875,199.85000610351562,467.9000244140625,nan,nan,nan,nan,0.5062748789787292,nan,0,nan,nan,nan,SUSPECTED_LOST,0.05656484999985878,0.2595299019999402,0.0,2.9333541124313673,0,0,0,0.0,0.0,1.0,0,0,0,0,8,3,0
2566,258.1805073510001,169.5749969482422,5.54998779296875,199.85000610351562,467.9000244140625,169.5749969482422,5.54998779296875,199.85000610351562,467.9000244140625,nan,nan,nan,nan,0.5110293030738831,nan,0,nan,nan,nan,TRACKING,0.05001875099992503,0.0,0.0,12.312822625182397,0,0,0,0.0,0.0,1.0,0,0,0,0,8,3,0
2567,258.26977180899996,169.5749969482422,5.54998779296875,199.85000610351562,467.9000244140625,169.5749969482422,5.54998779296875,199.85000610351562,467.9000244140625,nan,nan,nan,nan,0.5062613487243652,nan,0,nan,nan,nan,TRACKING,0.06143998300012754,0.0,0.0,11.202667023433301,0,0,0,0.0,0.0,1.0,0,0,0,0,8,3,0
2568,258.3557427740001,169.5749969482422,5.54998779296875,199.85000610351562,467.9000244140625,169.5749969482422,5.54998779296875,199.85000610351562,467.9000244140625,nan,nan,nan,nan,0.5049551129341125,nan,0,nan,nan,nan,TRACKING,0.051091997999947125,0.0,0.0,11.631834073267202,0,0,0,0.0,0.0,1.0,0,0,0,0,8,3,0
2569,258.44172478100006,169.5749969482422,5.54998779296875,199.85000610351562,467.9000244140625,169.5749969482422,5.54998779296875,199.85000610351562,467.9000244140625,nan,nan,nan,nan,0.5080216526985168,nan,0,nan,nan,nan,TRACKING,0.05198550299996896,0.0,0.0,11.630340287360172,0,0,0,0.0,0.0,1.0,0,0,0,0,8,3,0
2570,258.516530195,169.5749969482422,5.54998779296875,199.85000610351562,467.9000244140625,169.5749969482422,5.54998779296875,199.85000610351562,467.9000244140625,nan,nan,nan,nan,0.5124696493148804,nan,0,nan,nan,nan,TRACKING,0.04761199199992916,0.0,0.0,13.368016384498405,0,0,0,0.0,0.0,1.0,0,0,0,0,8,3,0
2571,258.5922584890001,169.5749969482422,5.54998779296875,199.85000610351562,467.9000244140625,169.5749969482422,5.54998779296875,199.85000610351562,467.9000244140625,nan,nan,nan,nan,0.5135080218315125,nan,0,nan,nan,nan,TRACKING,0.04387651299998652,0.0,0.0,13.205104026226616,0,0,0,0.0,0.0,1.0,0,0,0,0,8,3,0
2572,258.66015457000015,169.5749969482422,5.54998779296875,199.85000610351562,467.9000244140625,169.5749969482422,5.54998779296875,199.85000610351562,467.9000244140625,nan,nan,nan,nan,0.514737606048584,nan,0,nan,nan,nan,TRACKING,0.046389887999794155,0.0,0.0,14.728390582645613,0,0,0,0.0,0.0,1.0,0,0,0,0,8,3,0
2573,258.724176627,169.5749969482422,5.54998779296875,199.85000610351562,467.9000244140625,169.5749969482422,5.54998779296875,199.85000610351562,467.9000244140625,nan,nan,nan,nan,0.5060521364212036,nan,0,nan,nan,nan,TRACKING,0.040948183000182325,0.0,0.0,15.6196168455187,0,0,0,0.0,0.0,1.0,0,0,0,0,8,3,0
2574,258.792830168,169.5749969482422,5.54998779296875,199.85000610351562,467.9000244140625,169.5749969482422,5.54998779296875,199.85000610351562,467.9000244140625,nan,nan,nan,nan,0.5067208409309387,nan,0,nan,nan,nan,TRACKING,0.04610139400006119,0.0,0.0,14.565891073265277,0,0,0,0.0,0.0,1.0,0,0,0,0,8,3,0
2575,258.85795266,169.5749969482422,5.54998779296875,199.85000610351562,467.9000244140625,169.5749969482422,5.54998779296875,199.85000610351562,467.9000244140625,nan,nan,nan,nan,0.5042643547058105,nan,0,nan,nan,nan,TRACKING,0.042497844000081386,0.0,0.0,15.355677728057358,0,0,0,0.0,0.0,1.0,0,0,0,0,8,3,0
2576,258.9350800400001,169.5749969482422,5.54998779296875,199.85000610351562,467.9000244140625,169.5749969482422,5.54998779296875,199.85000610351562,467.9000244140625,nan,nan,nan,nan,0.5043249726295471,nan,0,nan,nan,nan,TRACKING,0.05068464700002551,0.0,0.0,12.965564239298658,0,0,0,0.0,0.0,1.0,0,0,0,0,8,3,0
2577,259.0030400280001,169.5749969482422,5.54998779296875,199.85000610351562,467.9000244140625,169.5749969482422,5.54998779296875,199.85000610351562,467.9000244140625,nan,nan,nan,nan,0.5058816075325012,nan,0,nan,nan,nan,TRACKING,0.04542877800008682,0.0,0.0,14.714540561723366,0,0,0,0.0,0.0,1.0,0,0,0,0,8,3,0
2578,259.1222941510001,169.5749969482422,5.54998779296875,199.85000610351562,467.9000244140625,169.5749969482422,5.54998779296875,199.85000610351562,467.9000244140625,nan,nan,nan,nan,0.5038243532180786,nan,0,nan,nan,nan,TRACKING,0.09511976299995695,0.0,0.0,8.38545431255104,0,0,0,0.0,0.0,1.0,0,0,0,0,8,3,0
2579,259.200503424,169.5749969482422,5.54998779296875,199.85000610351562,467.9000244140625,169.5749969482422,5.54998779296875,199.85000610351562,467.9000244140625,nan,nan,nan,nan,0.5376113653182983,nan,0,nan,nan,nan,TRACKING,0.05447955399995408,0.0,0.0,12.786207589499423,0,0,0,0.0,0.0,1.0,0,0,0,0,8,3,0
2580,259.5299244890001,169.5749969482422,5.54998779296875,199.85000610351562,467.9000244140625,169.5749969482422,5.54998779296875,199.85000610351562,467.9000244140625,nan,nan,nan,nan,0.5327630639076233,nan,0,nan,nan,nan,SUSPECTED_LOST,0.049838330999818936,0.2465149949998704,0.0,3.0356285807029235,0,0,0,0.0,0.0,1.0,0,0,0,0,8,3,0
2581,259.611178344,169.5749969482422,5.54998779296875,199.85000610351562,467.9000244140625,169.5749969482422,5.54998779296875,199.85000610351562,467.9000244140625,nan,nan,nan,nan,0.537514328956604,nan,0,nan,nan,nan,TRACKING,0.048565810000127385,0.0,0.0,12.307108382751808,0,0,0,0.0,0.0,1.0,0,0,0,0,8,3,0
2582,259.67886874299995,169.5749969482422,5.54998779296875,199.85000610351562,467.9000244140625,169.5749969482422,5.54998779296875,199.85000610351562,467.9000244140625,nan,nan,nan,nan,0.5429074168205261,nan,0,nan,nan,nan,TRACKING,0.04444954299992787,0.0,0.0,14.773143825029463,0,0,0,0.0,0.0,1.0,0,0,0,0,8,3,0
2583,259.749579037,169.5749969482422,5.54998779296875,199.85000610351562,467.9000244140625,169.5749969482422,5.54998779296875,199.85000610351562,467.9000244140625,nan,nan,nan,nan,0.5421887636184692,nan,0,nan,nan,nan,TRACKING,0.04477407900003527,0.0,0.0,14.142212447871866,0,0,0,0.0,0.0,1.0,0,0,0,0,8,3,0
2584,259.82515899500015,169.5749969482422,5.54998779296875,199.85000610351562,467.9000244140625,169.5749969482422,5.54998779296875,199.85000610351562,467.9000244140625,nan,nan,nan,nan,0.5412794351577759,nan,0,nan,nan,nan,TRACKING,0.04473163099987687,0.0,0.0,13.231020848117627,0,0,0,0.0,0.0,1.0,0,0,0,0,8,3,0
2585,259.893922589,169.5749969482422,5.54998779296875,199.85000610351562,467.9000244140625,169.5749969482422,5.54998779296875,199.85000610351562,467.9000244140625,nan,nan,nan,nan,0.5333254337310791,nan,0,nan,nan,nan,TRACKING,0.04532841200011717,0.0,0.0,14.542579028115108,0,0,0,0.0,0.0,1.0,0,0,0,0,8,3,0
2586,259.96214680000014,169.5749969482422,5.54998779296875,199.85000610351562,467.9000244140625,169.5749969482422,5.54998779296875,199.85000610351562,467.9000244140625,nan,nan,nan,nan,0.5433592796325684,nan,0,nan,nan,nan,TRACKING,0.044782986999962304,0.0,0.0,14.65755316683561,0,0,0,0.0,0.0,1.0,0,0,0,0,8,3,0
2587,260.025282748,169.5749969482422,5.54998779296875,199.85000610351562,467.9000244140625,169.5749969482422,5.54998779296875,199.85000610351562,467.9000244140625,nan,nan,nan,nan,0.5477476119995117,nan,0,nan,nan,nan,TRACKING,0.039629722999961814,0.0,0.0,15.838837170898545,0,0,0,0.0,0.0,1.0,0,0,0,0,8,3,0
2588,260.1020946530001,169.5749969482422,5.54998779296875,199.85000610351562,467.9000244140625,169.5749969482422,5.54998779296875,199.85000610351562,467.9000244140625,nan,nan,nan,nan,0.5384121537208557,nan,0,nan,nan,nan,TRACKING,0.05049511199990775,0.0,0.0,13.018815247434958,0,0,0,0.0,0.0,1.0,0,0,0,0,8,3,0
2589,260.17536691600014,169.5749969482422,5.54998779296875,199.85000610351562,467.9000244140625,169.5749969482422,5.54998779296875,199.85000610351562,467.9000244140625,nan,nan,nan,nan,0.5189574956893921,nan,0,nan,nan,nan,TRACKING,0.04982484100014517,0.0,0.0,13.647729155021704,0,0,0,0.0,0.0,1.0,0,0,0,0,8,3,0
2590,260.24199953699997,169.5749969482422,5.54998779296875,199.85000610351562,467.9000244140625,169.5749969482422,5.54998779296875,199.85000610351562,467.9000244140625,nan,nan,nan,nan,0.5183714032173157,nan,0,nan,nan,nan,TRACKING,0.044673869999996896,0.0,0.0,15.007664189025535,0,0,0,0.0,0.0,1.0,0,0,0,0,8,3,0
2591,260.31772975800016,169.5749969482422,5.54998779296875,199.85000610351562,467.9000244140625,169.5749969482422,5.54998779296875,199.85000610351562,467.9000244140625,nan,nan,nan,nan,0.5024762749671936,nan,0,nan,nan,nan,TRACKING,0.05284244399990712,0.0,0.0,13.204768014575748,0,0,0,0.0,0.0,1.0,0,0,0,0,8,3,0
2592,260.667615277,169.5749969482422,5.54998779296875,199.85000610351562,467.9000244140625,17.0,15.0,170.0,465.0,17.0,15.0,170.0,465.0,0.4827505648136139,0.927665,1,0.04854121837589192,0.20961366993829386,1.1829199586968437,REINITIALIZING,0.04370296799993412,0.27803723900001387,0.0,2.8580777016967525,1,0,0,0.0,0.0,1.0,0,0,0,0,8,4,0
2593,260.6984506350001,17.0,15.0,170.0,465.0,17.0,15.0,170.0,465.0,nan,nan,nan,nan,,nan,0,nan,nan,nan,INITIALIZING,0.0,0.0,0.0,32.430302900865584,0,0,0,0.0,0.0,1.0,0,0,0,0,8,4,0
2594,260.73195400600014,17.0,15.0,170.0,465.0,17.0,15.0,170.0,465.0,nan,nan,nan,nan,,nan,0,nan,nan,nan,INITIALIZING,0.0,0.0,0.0,29.847742783807007,0,0,0,0.0,0.0,1.0,0,0,0,0,8,4,0
2595,260.770628504,17.0,15.0,170.0,465.0,17.0,15.0,170.0,465.0,nan,nan,nan,nan,,nan,0,nan,nan,nan,INITIALIZING,0.0,0.0,0.0,25.856832065500097,0,0,0,0.0,0.0,1.0,0,0,0,0,8,4,0
2596,260.807664799,17.0,15.0,170.0,465.0,17.0,15.0,170.0,465.0,nan,nan,nan,nan,,nan,0,nan,nan,nan,INITIALIZING,0.0,0.0,0.0,27.000540955832832,0,0,0,0.0,0.0,1.0,0,0,0,0,8,4,0
2597,260.8383730710001,17.0,15.0,170.0,465.0,17.0,15.0,170.0,465.0,nan,nan,nan,nan,,nan,0,nan,nan,nan,INITIALIZING,0.0,0.0,0.0,32.564515515470234,0,0,0,0.0,0.0,1.0,0,0,0,0,8,4,0
2598,260.86833643500006,17.0,15.0,170.0,465.0,17.0,15.0,170.0,465.0,nan,nan,nan,nan,,nan,0,nan,nan,nan,INITIALIZING,0.0,0.0,0.0,33.37408977179786,0,0,0,0.0,0.0,1.0,0,0,0,0,8,4,0
2599,260.89660425,17.0,15.0,170.0,465.0,17.0,15.0,170.0,465.0,nan,nan,nan,nan,,nan,0,nan,nan,nan,INITIALIZING,0.0,0.0,0.0,35.375921343842066,0,0,0,0.0,0.0,1.0,0,0,0,0,8,4,0
2600,260.93194338,17.0,15.0,170.0,465.0,17.0,15.0,170.0,465.0,nan,nan,nan,nan,,nan,0,nan,nan,nan,INITIALIZING,0.0,0.0,0.0,28.297244442624446,0,0,0,0.0,0.0,1.0,0,0,0,0,8,4,0
2601,260.9672941780001,17.0,15.0,170.0,465.0,17.0,15.0,170.0,465.0,nan,nan,nan,nan,,nan,0,nan,nan,nan,INITIALIZING,0.0,0.0,0.0,28.28790456152359,0,0,0,0.0,0.0,1.0,0,0,0,0,8,4,0
2602,261.035175674,17.0,15.0,170.0,465.0,17.0,15.0,170.0,465.0,nan,nan,nan,nan,,nan,0,nan,nan,nan,INITIALIZING,0.0,0.0,0.0,14.731555120722035,0,0,0,0.0,0.0,1.0,0,0,0,0,8,4,0
2603,261.08110789800014,17.0,15.0,170.0,465.0,17.0,15.0,170.0,465.0,nan,nan,nan,nan,,nan,0,nan,nan,nan,INITIALIZING,0.0,0.0,0.0,21.77120794319179,0,0,0,0.0,0.0,1.0,0,0,0,0,8,4,0
2604,261.1200279210001,17.0,15.0,170.0,465.0,17.0,15.0,170.0,465.0,nan,nan,nan,nan,,nan,0,nan,nan,nan,INITIALIZING,0.0,0.0,0.0,25.693715545887194,0,0,0,0.0,0.0,1.0,0,0,0,0,8,4,0
2605,261.15719781099995,17.0,15.0,170.0,465.0,17.0,15.0,170.0,465.0,nan,nan,nan,nan,,nan,0,nan,nan,nan,INITIALIZING,0.0,0.0,0.0,26.903496351584288,0,0,0,0.0,0.0,1.0,0,0,0,0,8,4,0
2606,261.18989293900006,17.0,15.0,170.0,465.0,17.0,15.0,170.0,465.0,nan,nan,nan,nan,,nan,0,nan,nan,nan,INITIALIZING,0.0,0.0,0.0,30.58559672855582,0,0,0,0.0,0.0,1.0,0,0,0,0,8,4,0
2607,261.22211394500016,17.0,15.0,170.0,465.0,17.0,15.0,170.0,465.0,nan,nan,nan,nan,,nan,0,nan,nan,nan,INITIALIZING,0.0,0.0,0.0,31.035654193941134,0,0,0,0.0,0.0,1.0,0,0,0,0,8,4,0
2608,261.26631145199997,17.0,15.0,170.0,465.0,17.0,15.0,170.0,465.0,nan,nan,nan,nan,,nan,0,nan,nan,nan,INITIALIZING,0.0,0.0,0.0,22.625710540740343,0,0,0,0.0,0.0,1.0,0,0,0,0,8,4,0
2609,261.31275660100016,17.0,15.0,170.0,465.0,17.0,15.0,170.0,465.0,nan,nan,nan,nan,,nan,0,nan,nan,nan,INITIALIZING,0.0,0.0,0.0,21.53077385963097,0,0,0,0.0,0.0,1.0,0,0,0,0,8,4,0
2610,261.35561804400015,17.0,15.0,170.0,465.0,17.0,15.0,170.0,465.0,nan,nan,nan,nan,,nan,0,nan,nan,nan,INITIALIZING,0.0,0.0,0.0,23.330992379332045,0,0,0,0.0,0.0,1.0,0,0,0,0,8,4,0
2611,261.446026061,11.8768310546875,15.0,170.0,465.0,11.8768310546875,15.0,170.0,465.0,nan,nan,nan,nan,0.8162744641304016,nan,0,nan,nan,nan,TRACKING,0.06338683700005276,0.0,0.6949781969999549,11.06096597607835,0,0,0,5.1231689453125,0.006403961181640625,1.0,0,0,0,0,8,4,0
2612,261.520423499,11.5,15.0,170.0,465.0,11.5,15.0,170.0,465.0,nan,nan,nan,nan,0.7713062167167664,nan,0,nan,nan,nan,TRACKING,0.044456469999886394,0.0,0.0,13.441323073516687,0,0,0,0.3768310546875,0.000471038818359375,1.0,0,0,0,0,8,4,0
2613,261.606138989,11.5,15.0,170.0,465.0,11.5,15.0,170.0,465.0,nan,nan,nan,nan,0.7787359952926636,nan,0,nan,nan,nan,TRACKING,0.05528477500001827,0.0,0.0,11.666502752305156,0,0,0,0.0,0.0,1.0,0,0,0,0,8,4,0
2614,261.67570619000014,11.5,15.0,170.0,465.0,11.5,15.0,170.0,465.0,nan,nan,nan,nan,0.780068576335907,nan,0,nan,nan,nan,TRACKING,0.04536153699996248,0.0,0.0,14.374590117515002,0,0,0,0.0,0.0,1.0,0,0,0,0,8,4,0
2615,261.738424839,11.5,15.0,170.0,465.0,11.5,15.0,170.0,465.0,nan,nan,nan,nan,0.7825270891189575,nan,0,nan,nan,nan,TRACKING,0.04055301999983385,0.0,0.0,15.944220992422817,0,0,0,0.0,0.0,1.0,0,0,0,0,8,4,0
2616,261.8093492500001,11.5,15.0,170.0,465.0,11.5,15.0,170.0,465.0,nan,nan,nan,nan,0.7930365204811096,nan,0,nan,nan,nan,TRACKING,0.047755483000173626,0.0,0.0,14.099517865561094,0,0,0,0.0,0.0,1.0,0,0,0,0,8,4,0
2617,261.88214416100016,11.5,15.0,170.0,465.0,11.5,15.0,170.0,465.0,nan,nan,nan,nan,0.8001859188079834,nan,0,nan,nan,nan,TRACKING,0.044601056000146855,0.0,0.0,13.73722402104439,0,0,0,0.0,0.0,1.0,0,0,0,0,8,4,0
2618,261.96615863399995,11.5,15.0,170.0,465.0,11.5,15.0,170.0,465.0,nan,nan,nan,nan,0.800554633140564,nan,0,nan,nan,nan,TRACKING,0.03953534699985539,0.0,0.0,11.902711096008565,0,0,0,0.0,0.0,1.0,0,0,0,0,8,4,0
2619,262.04095409900003,11.5,15.0,170.0,465.0,11.5,15.0,170.0,465.0,nan,nan,nan,nan,0.7985870242118835,nan,0,nan,nan,nan,TRACKING,0.05184638400010044,0.0,0.0,13.369794545684556,0,0,0,0.0,0.0,1.0,0,0,0,0,8,4,0
2620,262.11394172100006,11.5,15.0,170.0,465.0,11.5,15.0,170.0,465.0,nan,nan,nan,nan,0.7966773509979248,nan,0,nan,nan,nan,TRACKING,0.04693187599991688,0.0,0.0,13.700953293143577,0,0,0,0.0,0.0,1.0,0,0,0,0,8,4,0
2621,262.19864443400013,11.5,15.0,170.0,465.0,11.5,15.0,170.0,465.0,nan,nan,nan,nan,0.800035297870636,nan,0,nan,nan,nan,TRACKING,0.05647245099999054,0.0,0.0,11.805997288412438,0,0,0,0.0,0.0,1.0,0,0,0,0,8,4,0
2622,262.2657889380001,11.5,15.0,170.0,465.0,11.5,15.0,170.0,465.0,nan,nan,nan,nan,0.8003041744232178,nan,0,nan,nan,nan,TRACKING,0.044343342000047414,0.0,0.0,14.893251724668769,0,0,0,0.0,0.0,1.0,0,0,0,0,8,4,0
2623,262.34162067,11.5,15.0,170.0,465.0,11.5,15.0,170.0,465.0,nan,nan,nan,nan,0.798031747341156,nan,0,nan,nan,nan,TRACKING,0.048356378000107725,0.0,0.0,13.187091651839362,0,0,0,0.0,0.0,1.0,0,0,0,0,8,4,0
2624,262.41230070099994,11.5,15.0,170.0,465.0,11.5,15.0,170.0,465.0,nan,nan,nan,nan,0.7979453802108765,nan,0,nan,nan,nan,TRACKING,0.047416415000043344,0.0,0.0,14.148267705214742,0,0,0,0.0,0.0,1.0,0,0,0,0,8,4,0
2625,262.7217364280001,11.5,15.0,170.0,465.0,11.5,15.0,170.0,465.0,10.0,13.0,171.0,467.0,0.7963643074035645,0.954409,1,0.9841177682467739,0.0017677669529663688,1.0102087286527515,DETECTOR_CONFIRMED,0.04606842300017888,0.23898752200011586,0.0,3.2316888863950437,0,0,0,0.0,0.0,1.0,0,0,0,0,8,4,0
2626,262.787807737,11.5,15.0,170.0,465.0,11.5,15.0,170.0,465.0,nan,nan,nan,nan,0.7965794801712036,nan,0,nan,nan,nan,TRACKING,0.04027369200002795,0.0,0.0,15.135162525716032,0,0,0,0.0,0.0,1.0,0,0,0,0,8,4,0
2627,262.85090196500016,11.5,15.0,170.0,465.0,11.5,15.0,170.0,465.0,nan,nan,nan,nan,0.794736385345459,nan,0,nan,nan,nan,TRACKING,0.038146989000097165,0.0,0.0,15.849310336234213,0,0,0,0.0,0.0,1.0,0,0,0,0,8,4,0
2628,262.92424256200013,11.5,15.0,170.0,465.0,11.5,15.0,170.0,465.0,nan,nan,nan,nan,0.7928717732429504,nan,0,nan,nan,nan,TRACKING,0.047967048999908,0.0,0.0,13.635013088322923,0,0,0,0.0,0.0,1.0,0,0,0,0,8,4,0
2629,263.005250995,11.5,15.0,170.0,465.0,11.5,15.0,170.0,465.0,nan,nan,nan,nan,0.7853871583938599,nan,0,nan,nan,nan,TRACKING,0.05759236599988071,0.0,0.0,12.344393823811286,0,0,0,0.0,0.0,1.0,0,0,0,0,8,4,0
2630,263.0778041300001,11.5,15.0,170.0,465.0,11.5,15.0,170.0,465.0,nan,nan,nan,nan,0.7720668315887451,nan,0,nan,nan,nan,TRACKING,0.04673088300000927,0.0,0.0,13.783001933660664,0,0,0,0.0,0.0,1.0,0,0,0,0,8,4,0
2631,263.1735501510001,17.1231689453125,15.0,170.0,465.0,17.1231689453125,15.0,170.0,465.0,nan,nan,nan,nan,0.7918350100517273,nan,0,nan,nan,nan,TRACKING,0.06982584999991559,0.0,0.0,10.44429825444478,0,0,0,5.6231689453125,0.007028961181640625,1.0,0,0,0,0,8,4,0
2632,263.24041329600016,17.5,15.0,170.0,465.0,17.5,15.0,170.0,465.0,nan,nan,nan,nan,0.8090980648994446,nan,0,nan,nan,nan,TRACKING,0.04310160399995766,0.0,0.0,14.95592227973944,0,0,0,0.3768310546875,0.000471038818359375,1.0,0,0,0,0,8,4,0
2633,263.30721878400016,17.5,15.0,170.0,465.0,17.5,15.0,170.0,465.0,nan,nan,nan,nan,0.7921366691589355,nan,0,nan,nan,nan,TRACKING,0.04322733399999379,0.0,0.0,14.968830105694318,0,0,0,0.0,0.0,1.0,0,0,0,0,8,4,0
2634,263.4017605140001,23.1231689453125,15.0,170.0,465.0,23.1231689453125,15.0,170.0,465.0,nan,nan,nan,nan,0.7487121820449829,nan,0,nan,nan,nan,TRACKING,0.07154681600013646,0.0,0.0,10.577339763092642,0,0,0,5.6231689453125,0.007028961181640625,1.0,0,0,0,0,8,4,0
2635,263.55394138200006,29.1231689453125,15.0,170.0,465.0,29.1231689453125,15.0,170.0,465.0,nan,nan,nan,nan,0.7213761806488037,nan,0,nan,nan,nan,TRACKING,0.12863969399995767,0.0,0.0,6.571128244585032,0,0,0,6.0,0.0075,1.0,0,0,0,0,8,4,0
2636,263.62490709500014,35.1231689453125,15.0,170.0,465.0,35.1231689453125,15.0,170.0,465.0,nan,nan,nan,nan,0.633458137512207,nan,0,nan,nan,nan,TRACKING,0.04828986600000462,0.0,0.0,14.091311955097295,0,0,0,6.0,0.0075,1.0,0,0,0,0,8,4,0
2637,263.7000002200001,29.8768310546875,15.0,170.0,465.0,29.8768310546875,15.0,170.0,465.0,nan,nan,nan,nan,0.5178028345108032,nan,0,nan,nan,nan,TRACKING,0.047615741000072376,0.0,0.0,13.316798308772524,0,0,0,5.246337890625,0.00655792236328125,1.0,0,0,0,0,8,4,0
2638,264.014946142,29.5,15.0,170.0,465.0,76.625,16.950000000000003,182.35,461.1,102.0,18.0,189.0,459.0,0.4470997154712677,0.998682,1,0.36970718348430587,0.1025,1.0974193548387097,SOFT_REINITIALIZING,0.04663952700002483,0.24025879300006636,0.0,3.175148271963923,1,0,0,0.3768310546875,0.000471038818359375,1.0,0,0,0,0,9,4,0
2639,264.04641567600004,76.625,16.950000000000003,182.35,461.1,76.625,16.950000000000003,182.35,461.1,nan,nan,nan,nan,,nan,0,nan,nan,nan,INITIALIZING,0.0,0.0,0.0,31.776765426470213,0,0,0,0.0,0.0,1.0,0,0,0,0,9,4,0
2640,264.078151412,76.625,16.950000000000003,182.35,461.1,76.625,16.950000000000003,182.35,461.1,nan,nan,nan,nan,,nan,0,nan,nan,nan,INITIALIZING,0.0,0.0,0.0,31.510219268298762,0,0,0,0.0,0.0,1.0,0,0,0,0,9,4,0
2641,264.1101852790001,76.625,16.950000000000003,182.35,461.1,76.625,16.950000000000003,182.35,461.1,nan,nan,nan,nan,,nan,0,nan,nan,nan,INITIALIZING,0.0,0.0,0.0,31.216961723559315,0,0,0,0.0,0.0,1.0,0,0,0,0,9,4,0
2642,264.1411288150001,76.625,16.950000000000003,182.35,461.1,76.625,16.950000000000003,182.35,461.1,nan,nan,nan,nan,,nan,0,nan,nan,nan,INITIALIZING,0.0,0.0,0.0,32.31692719281192,0,0,0,0.0,0.0,1.0,0,0,0,0,9,4,0
2643,264.175555274,76.625,16.950000000000003,182.35,461.1,76.625,16.950000000000003,182.35,461.1,nan,nan,nan,nan,,nan,0,nan,nan,nan,INITIALIZING,0.0,0.0,0.0,29.047425412066374,0,0,0,0.0,0.0,1.0,0,0,0,0,9,4,0
2644,264.212327136,76.625,16.950000000000003,182.35,461.1,76.625,16.950000000000003,182.35,461.1,nan,nan,nan,nan,,nan,0,nan,nan,nan,INITIALIZING,0.0,0.0,0.0,27.194706648234668,0,0,0,0.0,0.0,1.0,0,0,0,0,9,4,0
2645,264.24387688000013,76.625,16.950000000000003,182.35,461.1,76.625,16.950000000000003,182.35,461.1,nan,nan,nan,nan,,nan,0,nan,nan,nan,INITIALIZING,0.0,0.0,0.0,31.695978262005912,0,0,0,0.0,0.0,1.0,0,0,0,0,9,4,0
2646,264.27717519400005,76.625,16.950000000000003,182.35,461.1,76.625,16.950000000000003,182.35,461.1,nan,nan,nan,nan,,nan,0,nan,nan,nan,INITIALIZING,0.0,0.0,0.0,30.031550546443857,0,0,0,0.0,0.0,1.0,0,0,0,0,9,4,0
2647,264.33300023799995,76.625,16.950000000000003,182.35,461.1,76.625,16.950000000000003,182.35,461.1,nan,nan,nan,nan,,nan,0,nan,nan,nan,INITIALIZING,0.0,0.0,0.0,17.913107242723182,0,0,0,0.0,0.0,1.0,0,0,0,0,9,4,0
2648,264.387378539,76.625,16.950000000000003,182.35,461.1,76.625,16.950000000000003,182.35,461.1,nan,nan,nan,nan,,nan,0,nan,nan,nan,INITIALIZING,0.0,0.0,0.0,18.389688195650297,0,0,0,0.0,0.0,1.0,0,0,0,0,9,4,0
2649,264.42332017900014,76.625,16.950000000000003,182.35,461.1,76.625,16.950000000000003,182.35,461.1,nan,nan,nan,nan,,nan,0,nan,nan,nan,INITIALIZING,0.0,0.0,0.0,27.822881760429567,0,0,0,0.0,0.0,1.0,0,0,0,0,9,4,0
2650,264.47758952000015,76.625,16.950000000000003,182.35,461.1,76.625,16.950000000000003,182.35,461.1,nan,nan,nan,nan,,nan,0,nan,nan,nan,INITIALIZING,0.0,0.0,0.0,18.426610339709967,0,0,0,0.0,0.0,1.0,0,0,0,0,9,4,0
2651,264.511520918,76.625,16.950000000000003,182.35,461.1,76.625,16.950000000000003,182.35,461.1,nan,nan,nan,nan,,nan,0,nan,nan,nan,INITIALIZING,0.0,0.0,0.0,29.47122897810562,0,0,0,0.0,0.0,1.0,0,0,0,0,9,4,0
2652,264.5495709790001,76.625,16.950000000000003,182.35,461.1,76.625,16.950000000000003,182.35,461.1,nan,nan,nan,nan,,nan,0,nan,nan,nan,INITIALIZING,0.0,0.0,0.0,26.281166802757088,0,0,0,0.0,0.0,1.0,0,0,0,0,9,4,0
2653,264.5817405250001,76.625,16.950000000000003,182.35,461.1,76.625,16.950000000000003,182.35,461.1,nan,nan,nan,nan,,nan,0,nan,nan,nan,INITIALIZING,0.0,0.0,0.0,31.08530036453434,0,0,0,0.0,0.0,1.0,0,0,0,0,9,4,0
2654,264.6179217,76.625,16.950000000000003,182.35,461.1,76.625,16.950000000000003,182.35,461.1,nan,nan,nan,nan,,nan,0,nan,nan,nan,INITIALIZING,0.0,0.0,0.0,27.638682270613693,0,0,0,0.0,0.0,1.0,0,0,0,0,9,4,0
2655,264.65450611100016,76.625,16.950000000000003,182.35,461.1,76.625,16.950000000000003,182.35,461.1,nan,nan,nan,nan,,nan,0,nan,nan,nan,INITIALIZING,0.0,0.0,0.0,27.33404673361908,0,0,0,0.0,0.0,1.0,0,0,0,0,9,4,0
2656,264.688376102,76.625,16.950000000000003,182.35,461.1,76.625,16.950000000000003,182.35,461.1,nan,nan,nan,nan,,nan,0,nan,nan,nan,INITIALIZING,0.0,0.0,0.0,29.524660930808157,0,0,0,0.0,0.0,1.0,0,0,0,0,9,4,0
2657,264.75010463,76.625,16.950000000000003,182.35,461.1,76.625,16.950000000000003,182.35,461.1,nan,nan,nan,nan,,nan,0,nan,nan,nan,INITIALIZING,0.0,0.0,0.0,16.199965111754274,0,0,0,0.0,0.0,1.0,0,0,0,0,9,4,0
2658,264.872021711,76.32499694824219,16.949996948242188,182.35000610351562,461.1000061035156,76.32499694824219,16.949996948242188,182.35000610351562,461.1000061035156,nan,nan,nan,nan,0.5104301571846008,nan,0,nan,nan,nan,TRACKING,0.07620064399998228,0.0,0.7805234110001038,8.202296116325677,0,0,0,0.30000000000001137,0.0003750000000000142,1.0000000467082912,0,0,0,0,9,4,0
2659,264.96794414199996,76.32499694824219,16.949996948242188,182.35000610351562,461.1000061035156,76.32499694824219,16.949996948242188,182.35000610351562,461.1000061035156,nan,nan,nan,nan,0.5063419938087463,nan,0,nan,nan,nan,TRACKING,0.06681710199995905,0.0,0.0,10.425090248185946,0,0,0,0.0,0.0,1.0,0,0,0,0,9,4,0
2660,265.0482864690001,76.32499694824219,16.949996948242188,182.35000610351562,461.1000061035156,76.32499694824219,16.949996948242188,182.35000610351562,461.1000061035156,nan,nan,nan,nan,0.5064900517463684,nan,0,nan,nan,nan,TRACKING,0.054523302999996304,0.0,0.0,12.446739313364604,0,0,0,0.0,0.0,1.0,0,0,0,0,9,4,0
2661,265.1229227110001,76.32499694824219,16.949996948242188,182.35000610351562,461.1000061035156,76.32499694824219,16.949996948242188,182.35000610351562,461.1000061035156,nan,nan,nan,nan,0.5060963034629822,nan,0,nan,nan,nan,TRACKING,0.05195133300003363,0.0,0.0,13.398316597987908,0,0,0,0.0,0.0,1.0,0,0,0,0,9,4,0
2662,265.1887133890001,76.32499694824219,16.949996948242188,182.35000610351562,461.1000061035156,76.32499694824219,16.949996948242188,182.35000610351562,461.1000061035156,nan,nan,nan,nan,0.5048473477363586,nan,0,nan,nan,nan,TRACKING,0.03986331999999493,0.0,0.0,15.199721759976853,0,0,0,0.0,0.0,1.0,0,0,0,0,9,4,0
2663,265.25926070900016,76.32499694824219,16.949996948242188,182.35000610351562,461.1000061035156,76.32499694824219,16.949996948242188,182.35000610351562,461.1000061035156,nan,nan,nan,nan,0.5029980540275574,nan,0,nan,nan,nan,TRACKING,0.0426339390000976,0.0,0.0,14.174882901280357,0,0,0,0.0,0.0,1.0,0,0,0,0,9,4,0
2664,265.3346975370001,76.32499694824219,16.949996948242188,182.35000610351562,461.1000061035156,76.32499694824219,16.949996948242188,182.35000610351562,461.1000061035156,nan,nan,nan,nan,0.5016707181930542,nan,0,nan,nan,nan,TRACKING,0.05199138600005426,0.0,0.0,13.2561247140516,0,0,0,0.0,0.0,1.0,0,0,0,0,9,4,0
2665,265.405313869,76.32499694824219,16.949996948242188,182.35000610351562,461.1000061035156,76.32499694824219,16.949996948242188,182.35000610351562,461.1000061035156,nan,nan,nan,nan,0.502242386341095,nan,0,nan,nan,nan,TRACKING,0.04495022700007212,0.0,0.0,14.16103005749164,0,0,0,0.0,0.0,1.0,0,0,0,0,9,4,0
2666,265.48304214100006,76.32499694824219,16.949996948242188,182.35000610351562,461.1000061035156,76.32499694824219,16.949996948242188,182.35000610351562,461.1000061035156,nan,nan,nan,nan,0.5019575357437134,nan,0,nan,nan,nan,TRACKING,0.05477617199994711,0.0,0.0,12.865331677504003,0,0,0,0.0,0.0,1.0,0,0,0,0,9,4,0
2667,265.56751219299997,76.32499694824219,16.949996948242188,182.35000610351562,461.1000061035156,76.32499694824219,16.949996948242188,182.35000610351562,461.1000061035156,nan,nan,nan,nan,0.5045374035835266,nan,0,nan,nan,nan,TRACKING,0.052745461000085925,0.0,0.0,11.838515264569805,0,0,0,0.0,0.0,1.0,0,0,0,0,9,4,0
2668,265.65210802800004,76.32499694824219,16.949996948242188,182.35000610351562,461.1000061035156,76.32499694824219,16.949996948242188,182.35000610351562,461.1000061035156,nan,nan,nan,nan,0.5076261162757874,nan,0,nan,nan,nan,TRACKING,0.054796536999901946,0.0,0.0,11.820912932641885,0,0,0,0.0,0.0,1.0,0,0,0,0,9,4,0
2669,265.732423844,76.32499694824219,16.949996948242188,182.35000610351562,461.1000061035156,76.32499694824219,16.949996948242188,182.35000610351562,461.1000061035156,nan,nan,nan,nan,0.5097024440765381,nan,0,nan,nan,nan,TRACKING,0.05077261599990379,0.0,0.0,12.450847788196121,0,0,0,0.0,0.0,1.0,0,0,0,0,9,4,0
2670,266.0292909190001,76.32499694824219,16.949996948242188,182.35000610351562,461.1000061035156,76.32499694824219,16.949996948242188,182.35000610351562,461.1000061035156,236.0,0.0,149.0,456.0,0.5046972036361694,0.805257,1,0.07007426716219634,0.18040427690329294,1.2375130832348282,DETECTOR_CONFIRMED,0.05086303400003089,0.21298318000003746,0.0,3.3685109741440344,0,0,0,0.0,0.0,1.0,0,0,0,0,9,4,0
2671,266.12338107900007,76.32499694824219,16.949996948242188,182.35000610351562,461.1000061035156,76.32499694824219,16.949996948242188,182.35000610351562,461.1000061035156,nan,nan,nan,nan,0.504956066608429,nan,0,nan,nan,nan,TRACKING,0.06443956099997195,0.0,0.0,10.628103937760597,0,0,0,0.0,0.0,1.0,0,0,0,0,9,4,0
2672,266.18959837800014,76.32499694824219,16.949996948242188,182.35000610351562,461.1000061035156,76.32499694824219,16.949996948242188,182.35000610351562,461.1000061035156,nan,nan,nan,nan,0.5048750638961792,nan,0,nan,nan,nan,TRACKING,0.04367869499992594,0.0,0.0,15.101793868078227,0,0,0,0.0,0.0,1.0,0,0,0,0,9,4,0
2673,266.2572627850001,76.32499694824219,16.949996948242188,182.35000610351562,461.1000061035156,76.32499694824219,16.949996948242188,182.35000610351562,461.1000061035156,nan,nan,nan,nan,0.5045498609542847,nan,0,nan,nan,nan,TRACKING,0.04186262399980478,0.0,0.0,14.778818648346551,0,0,0,0.0,0.0,1.0,0,0,0,0,9,4,0
2674,266.3375246930001,76.32499694824219,16.949996948242188,182.35000610351562,461.1000061035156,76.32499694824219,16.949996948242188,182.35000610351562,461.1000061035156,nan,nan,nan,nan,0.5047947764396667,nan,0,nan,nan,nan,TRACKING,0.054369289999840476,0.0,0.0,12.459210413984415,0,0,0,0.0,0.0,1.0,0,0,0,0,9,4,0
2675,266.40850004100014,76.32499694824219,16.949996948242188,182.35000610351562,461.1000061035156,76.32499694824219,16.949996948242188,182.35000610351562,461.1000061035156,nan,nan,nan,nan,0.5068382620811462,nan,0,nan,nan,nan,TRACKING,0.03942925000001196,0.0,0.0,14.089399040344748,0,0,0,0.0,0.0,1.0,0,0,0,0,9,4,0
2676,266.48003201200015,76.32499694824219,16.949996948242188,182.35000610351562,461.1000061035156,76.32499694824219,16.949996948242188,182.35000610351562,461.1000061035156,nan,nan,nan,nan,0.5032591819763184,nan,0,nan,nan,nan,TRACKING,0.0450438220000251,0.0,0.0,13.979762978987637,0,0,0,0.0,0.0,1.0,0,0,0,0,9,4,0
2677,266.54943749000006,76.32499694824219,16.949996948242188,182.35000610351562,461.1000061035156,76.32499694824219,16.949996948242188,182.35000610351562,461.1000061035156,nan,nan,nan,nan,0.504807710647583,nan,0,nan,nan,nan,TRACKING,0.04585112800009483,0.0,0.0,14.408084618354307,0,0,0,0.0,0.0,1.0,0,0,0,0,9,4,0
2678,266.60992000700014,76.32499694824219,16.949996948242188,182.35000610351562,461.1000061035156,76.32499694824219,16.949996948242188,182.35000610351562,461.1000061035156,nan,nan,nan,nan,0.5043204426765442,nan,0,nan,nan,nan,TRACKING,0.03607403800015163,0.0,0.0,16.53370345018281,0,0,0,0.0,0.0,1.0,0,0,0,0,9,4,0
2679,266.68742978600005,76.32499694824219,16.949996948242188,182.35000610351562,461.1000061035156,76.32499694824219,16.949996948242188,182.35000610351562,461.1000061035156,nan,nan,nan,nan,0.5021505951881409,nan,0,nan,nan,nan,TRACKING,0.04764980300001298,0.0,0.0,12.901597874523034,0,0,0,0.0,0.0,1.0,0,0,0,0,9,4,0
2680,266.76613828300003,76.32499694824219,16.949996948242188,182.35000610351562,461.1000061035156,76.32499694824219,16.949996948242188,182.35000610351562,461.1000061035156,nan,nan,nan,nan,0.5044286847114563,nan,0,nan,nan,nan,TRACKING,0.04798907899998994,0.0,0.0,12.705108572969689,0,0,0,0.0,0.0,1.0,0,0,0,0,9,4,0
2681,266.845251995,76.32499694824219,16.949996948242188,182.35000610351562,461.1000061035156,76.32499694824219,16.949996948242188,182.35000610351562,461.1000061035156,nan,nan,nan,nan,0.5050002336502075,nan,0,nan,nan,nan,TRACKING,0.052470092000021396,0.0,0.0,12.640033879338755,0,0,0,0.0,0.0,1.0,0,0,0,0,9,4,0
2682,266.97782237700005,76.32499694824219,16.949996948242188,182.35000610351562,461.1000061035156,76.32499694824219,16.949996948242188,182.35000610351562,461.1000061035156,nan,nan,nan,nan,0.504423201084137,nan,0,nan,nan,nan,TRACKING,0.09103724400006286,0.0,0.0,7.543162996993544,0,0,0,0.0,0.0,1.0,0,0,0,0,9,4,0
2683,267.04172552400007,76.32499694824219,16.949996948242188,182.35000610351562,461.1000061035156,76.32499694824219,16.949996948242188,182.35000610351562,461.1000061035156,nan,nan,nan,nan,0.5318961143493652,nan,0,nan,nan,nan,TRACKING,0.04023801300013474,0.0,0.0,15.648681589964596,0,0,0,0.0,0.0,1.0,0,0,0,0,9,4,0
2684,267.10468506099994,76.32499694824219,16.949996948242188,182.35000610351562,461.1000061035156,76.32499694824219,16.949996948242188,182.35000610351562,461.1000061035156,nan,nan,nan,nan,0.5324376225471497,nan,0,nan,nan,nan,TRACKING,0.040109677999907944,0.0,0.0,15.883217184428629,0,0,0,0.0,0.0,1.0,0,0,0,0,9,4,0
2685,267.39630220200013,76.32499694824219,16.949996948242188,182.35000610351562,461.1000061035156,76.32499694824219,16.949996948242188,182.35000610351562,461.1000061035156,234.0,0.0,152.0,457.0,0.5304328203201294,0.802612,1,0.07609809056072192,0.179701358161256,1.2104340223325343,DETECTOR_CONFIRMED,0.04475319299990588,0.21886067099990214,0.0,3.429153706706683,0,0,0,0.0,0.0,1.0,0,0,0,0,9,4,0
2686,267.47852310099995,76.32499694824219,16.949996948242188,182.35000610351562,461.1000061035156,76.32499694824219,16.949996948242188,182.35000610351562,461.1000061035156,nan,nan,nan,nan,0.5282958149909973,nan,0,nan,nan,nan,TRACKING,0.057966276999877664,0.0,0.0,12.162357893972542,0,0,0,0.0,0.0,1.0,0,0,0,0,9,4,0
2687,267.5439655440001,76.32499694824219,16.949996948242188,182.35000610351562,461.1000061035156,76.32499694824219,16.949996948242188,182.35000610351562,461.1000061035156,nan,nan,nan,nan,0.5296226143836975,nan,0,nan,nan,nan,TRACKING,0.04262216699999044,0.0,0.0,15.280603140036687,0,0,0,0.0,0.0,1.0,0,0,0,0,9,4,0
2688,267.60675518200003,76.32499694824219,16.949996948242188,182.35000610351562,461.1000061035156,76.32499694824219,16.949996948242188,182.35000610351562,461.1000061035156,nan,nan,nan,nan,0.5302188396453857,nan,0,nan,nan,nan,TRACKING,0.041312040999855526,0.0,0.0,15.92619470112867,0,0,0,0.0,0.0,1.0,0,0,0,0,9,4,0
2689,267.67591398800016,76.32499694824219,16.949996948242188,182.35000610351562,461.1000061035156,76.32499694824219,16.949996948242188,182.35000610351562,461.1000061035156,nan,nan,nan,nan,0.5308949947357178,nan,0,nan,nan,nan,TRACKING,0.046786871999984214,0.0,0.0,14.459474618432363,0,0,0,0.0,0.0,1.0,0,0,0,0,9,4,0
2690,267.7467402190001,76.32499694824219,16.949996948242188,182.35000610351562,461.1000061035156,76.32499694824219,16.949996948242188,182.35000610351562,461.1000061035156,nan,nan,nan,nan,0.5299257636070251,nan,0,nan,nan,nan,TRACKING,0.046936458000118364,0.0,0.0,14.119062752338595,0,0,0,0.0,0.0,1.0,0,0,0,0,9,4,0
2691,267.822396894,76.32499694824219,16.949996948242188,182.35000610351562,461.1000061035156,76.32499694824219,16.949996948242188,182.35000610351562,461.1000061035156,nan,nan,nan,nan,0.5298810601234436,nan,0,nan,nan,nan,TRACKING,0.05132746899994345,0.0,0.0,13.21760439513685,0,0,0,0.0,0.0,1.0,0,0,0,0,9,4,0
2692,267.890705165,76.32499694824219,16.949996948242188,182.35000610351562,461.1000061035156,76.32499694824219,16.949996948242188,182.35000610351562,461.1000061035156,nan,nan,nan,nan,0.5308125019073486,nan,0,nan,nan,nan,TRACKING,0.04533872199999678,0.0,0.0,14.639515615910135,0,0,0,0.0,0.0,1.0,0,0,0,0,9,4,0
2693,267.9646935310001,76.32499694824219,16.949996948242188,182.35000610351562,461.1000061035156,76.32499694824219,16.949996948242188,182.35000610351562,461.1000061035156,nan,nan,nan,nan,0.529731273651123,nan,0,nan,nan,nan,TRACKING,0.05042042200011565,0.0,0.0,13.515638391023897,0,0,0,0.0,0.0,1.0,0,0,0,0,9,4,0
2694,268.058467018,76.32499694824219,16.949996948242188,182.35000610351562,461.1000061035156,76.32499694824219,16.949996948242188,182.35000610351562,461.1000061035156,nan,nan,nan,nan,0.5303694009780884,nan,0,nan,nan,nan,TRACKING,0.06311255999980858,0.0,0.0,10.663995037328464,0,0,0,0.0,0.0,1.0,0,0,0,0,9,4,0
2695,268.137783024,76.32499694824219,16.949996948242188,182.35000610351562,461.1000061035156,76.32499694824219,16.949996948242188,182.35000610351562,461.1000061035156,nan,nan,nan,nan,0.5306483507156372,nan,0,nan,nan,nan,TRACKING,0.05322536400012723,0.0,0.0,12.607795707716438,0,0,0,0.0,0.0,1.0,0,0,0,0,9,4,0
2696,268.2119397780001,76.32499694824219,16.949996948242188,182.35000610351562,461.1000061035156,76.32499694824219,16.949996948242188,182.35000610351562,461.1000061035156,nan,nan,nan,nan,0.528683066368103,nan,0,nan,nan,nan,TRACKING,0.04648066899994774,0.0,0.0,13.484948383777148,0,0,0,0.0,0.0,1.0,0,0,0,0,9,4,0
2697,268.2893947640001,76.32499694824219,16.949996948242188,182.35000610351562,461.1000061035156,76.32499694824219,16.949996948242188,182.35000610351562,461.1000061035156,nan,nan,nan,nan,0.5290318131446838,nan,0,nan,nan,nan,TRACKING,0.053152967000187346,0.0,0.0,12.91072468852726,0,0,0,0.0,0.0,1.0,0,0,0,0,9,4,0
2698,268.38495848800005,76.32499694824219,16.949996948242188,182.35000610351562,461.1000061035156,76.32499694824219,16.949996948242188,182.35000610351562,461.1000061035156,nan,nan,nan,nan,0.5275954008102417,nan,0,nan,nan,nan,TRACKING,0.0662230800000998,0.0,0.0,10.464221758464824,0,0,0,0.0,0.0,1.0,0,0,0,0,9,4,0
2699,268.454671887,76.32499694824219,16.949996948242188,182.35000610351562,461.1000061035156,76.32499694824219,16.949996948242188,182.35000610351562,461.1000061035156,nan,nan,nan,nan,0.5284992456436157,nan,0,nan,nan,nan,TRACKING,0.046268842000017685,0.0,0.0,14.344444745844235,0,0,0,0.0,0.0,1.0,0,0,0,0,9,4,0
2700,268.76829553899995,76.32499694824219,16.949996948242188,182.35000610351562,461.1000061035156,76.32499694824219,16.949996948242188,182.35000610351562,461.1000061035156,237.0,0.0,150.0,459.0,0.5282806754112244,0.802833,1,0.06683937835933844,0.18202098951769272,1.2212285973465093,DETECTOR_CONFIRMED,0.04404672199984816,0.23984377900001164,0.0,3.1885350279647082,0,0,0,0.0,0.0,1.0,0,0,0,0,9,4,0
2701,268.8467270520001,76.32499694824219,16.949996948242188,182.35000610351562,461.1000061035156,76.32499694824219,16.949996948242188,182.35000610351562,461.1000061035156,nan,nan,nan,nan,0.5322041511535645,nan,0,nan,nan,nan,TRACKING,0.051126006000004054,0.0,0.0,12.749977167950961,0,0,0,0.0,0.0,1.0,0,0,0,0,9,4,0
2702,268.91673055900003,76.32499694824219,16.949996948242188,182.35000610351562,461.1000061035156,76.32499694824219,16.949996948242188,182.35000610351562,461.1000061035156,nan,nan,nan,nan,0.5324930548667908,nan,0,nan,nan,nan,TRACKING,0.0460115460000452,0.0,0.0,14.284998607302363,0,0,0,0.0,0.0,1.0,0,0,0,0,9,4,0
2703,268.98323130000006,76.32499694824219,16.949996948242188,182.35000610351562,461.1000061035156,76.32499694824219,16.949996948242188,182.35000610351562,461.1000061035156,nan,nan,nan,nan,0.5315466523170471,nan,0,nan,nan,nan,TRACKING,0.04405203500004973,0.0,0.0,15.037426425061822,0,0,0,0.0,0.0,1.0,0,0,0,0,9,4,0
2704,269.04468352000015,76.32499694824219,16.949996948242188,182.35000610351562,461.1000061035156,76.32499694824219,16.949996948242188,182.35000610351562,461.1000061035156,nan,nan,nan,nan,0.5354838371276855,nan,0,nan,nan,nan,TRACKING,0.03693691600005877,0.0,0.0,16.272805115885205,0,0,0,0.0,0.0,1.0,0,0,0,0,9,4,0
2705,269.1258308580001,76.32499694824219,16.949996948242188,182.35000610351562,461.1000061035156,76.32499694824219,16.949996948242188,182.35000610351562,461.1000061035156,nan,nan,nan,nan,0.5357739329338074,nan,0,nan,nan,nan,TRACKING,0.0580559649999941,0.0,0.0,12.323263148826598,0,0,0,0.0,0.0,1.0,0,0,0,0,9,4,0
2706,269.2026490100001,76.32499694824219,16.949996948242188,182.35000610351562,461.1000061035156,76.32499694824219,16.949996948242188,182.35000610351562,461.1000061035156,nan,nan,nan,nan,0.533167839050293,nan,0,nan,nan,nan,TRACKING,0.04916138999988107,0.0,0.0,13.017756532338451,0,0,0,0.0,0.0,1.0,0,0,0,0,9,4,0
2707,269.31730664500003,76.32499694824219,16.949996948242188,182.35000610351562,461.1000061035156,76.32499694824219,16.949996948242188,182.35000610351562,461.1000061035156,nan,nan,nan,nan,0.5335502028465271,nan,0,nan,nan,nan,TRACKING,0.08643685299989556,0.0,0.0,8.721617186682497,0,0,0,0.0,0.0,1.0,0,0,0,0,9,4,0
2708,269.38711968099994,76.32499694824219,16.949996948242188,182.35000610351562,461.1000061035156,76.32499694824219,16.949996948242188,182.35000610351562,461.1000061035156,nan,nan,nan,nan,0.5676378607749939,nan,0,nan,nan,nan,TRACKING,0.04626800899995942,0.0,0.0,14.323972388211722,0,0,0,0.0,0.0,1.0,0,0,0,0,9,4,0
2709,269.46663657600004,76.32499694824219,16.949996948242188,182.35000610351562,461.1000061035156,76.32499694824219,16.949996948242188,182.35000610351562,461.1000061035156,nan,nan,nan,nan,0.5711003541946411,nan,0,nan,nan,nan,TRACKING,0.04853929700016124,0.0,0.0,12.575943766400579,0,0,0,0.0,0.0,1.0,0,0,0,0,9,4,0
2710,269.53763520400014,76.32499694824219,16.949996948242188,182.35000610351562,461.1000061035156,76.32499694824219,16.949996948242188,182.35000610351562,461.1000061035156,nan,nan,nan,nan,0.5682763457298279,nan,0,nan,nan,nan,TRACKING,0.04634608300011678,0.0,0.0,14.084779215714216,0,0,0,0.0,0.0,1.0,0,0,0,0,9,4,0
2711,269.609088006,76.32499694824219,16.949996948242188,182.35000610351562,461.1000061035156,76.32499694824219,16.949996948242188,182.35000610351562,461.1000061035156,nan,nan,nan,nan,0.5713521838188171,nan,0,nan,nan,nan,TRACKING,0.04428250699993441,0.0,0.0,13.995252418543966,0,0,0,0.0,0.0,1.0,0,0,0,0,9,4,0
2712,269.67974475300014,76.32499694824219,16.949996948242188,182.35000610351562,461.1000061035156,76.32499694824219,16.949996948242188,182.35000610351562,461.1000061035156,nan,nan,nan,nan,0.5720731616020203,nan,0,nan,nan,nan,TRACKING,0.044300944000042364,0.0,0.0,14.152930080375384,0,0,0,0.0,0.0,1.0,0,0,0,0,9,4,0
2713,269.74289986600013,76.32499694824219,16.949996948242188,182.35000610351562,461.1000061035156,76.32499694824219,16.949996948242188,182.35000610351562,461.1000061035156,nan,nan,nan,nan,0.5711745619773865,nan,0,nan,nan,nan,TRACKING,0.04041598399999202,0.0,0.0,15.834030730023457,0,0,0,0.0,0.0,1.0,0,0,0,0,9,4,0
2714,269.81753595,76.32499694824219,16.949996948242188,182.35000610351562,461.1000061035156,76.32499694824219,16.949996948242188,182.35000610351562,461.1000061035156,nan,nan,nan,nan,0.5705617666244507,nan,0,nan,nan,nan,TRACKING,0.04871169500006545,0.0,0.0,13.398344961426783,0,0,0,0.0,0.0,1.0,0,0,0,0,9,4,0
2715,270.15367455800003,76.32499694824219,16.949996948242188,182.35000610351562,461.1000061035156,76.32499694824219,16.949996948242188,182.35000610351562,461.1000061035156,235.0,0.0,149.0,461.0,0.572828471660614,0.8174,1,0.07390028729736943,0.17876748166263348,1.224091032440524,DETECTOR_CONFIRMED,0.0477607939999416,0.2623877989999528,0.0,2.974963233023903,0,0,0,0.0,0.0,1.0,0,0,0,0,9,4,0
2716,270.223704524,76.32499694824219,16.949996948242188,182.35000610351562,461.1000061035156,76.32499694824219,16.949996948242188,182.35000610351562,461.1000061035156,nan,nan,nan,nan,0.5698469877243042,nan,0,nan,nan,nan,TRACKING,0.043348481000066386,0.0,0.0,14.279601392353998,0,0,0,0.0,0.0,1.0,0,0,0,0,9,4,0
2717,270.2940038170001,76.32499694824219,16.949996948242188,182.35000610351562,461.1000061035156,76.32499694824219,16.949996948242188,182.35000610351562,461.1000061035156,nan,nan,nan,nan,0.5691537261009216,nan,0,nan,nan,nan,TRACKING,0.04586300100004337,0.0,0.0,14.224894125167372,0,0,0,0.0,0.0,1.0,0,0,0,0,9,4,0
2718,270.364063783,76.32499694824219,16.949996948242188,182.35000610351562,461.1000061035156,76.32499694824219,16.949996948242188,182.35000610351562,461.1000061035156,nan,nan,nan,nan,0.5686090588569641,nan,0,nan,nan,nan,TRACKING,0.04702098999996451,0.0,0.0,14.273486801309383,0,0,0,0.0,0.0,1.0,0,0,0,0,9,4,0
2719,270.43805928400013,76.32499694824219,16.949996948242188,182.35000610351562,461.1000061035156,76.32499694824219,16.949996948242188,182.35000610351562,461.1000061035156,nan,nan,nan,nan,0.5682402849197388,nan,0,nan,nan,nan,TRACKING,0.050988347000156864,0.0,0.0,13.514335148542166,0,0,0,0.0,0.0,1.0,0,0,0,0,9,4,0
2720,270.51992059199995,76.32499694824219,16.949996948242188,182.35000610351562,461.1000061035156,76.32499694824219,16.949996948242188,182.35000610351562,461.1000061035156,nan,nan,nan,nan,0.5646024346351624,nan,0,nan,nan,nan,TRACKING,0.0581501849999313,0.0,0.0,12.215783310013196,0,0,0,0.0,0.0,1.0,0,0,0,0,9,4,0
2721,270.61159966799994,76.32499694824219,16.949996948242188,182.35000610351562,461.1000061035156,76.32499694824219,16.949996948242188,182.35000610351562,461.1000061035156,nan,nan,nan,nan,0.5653512477874756,nan,0,nan,nan,nan,TRACKING,0.06674699499990311,0.0,0.0,10.907614295764667,0,0,0,0.0,0.0,1.0,0,0,0,0,9,4,0
2722,270.68776838099996,76.32499694824219,16.949996948242188,182.35000610351562,461.1000061035156,76.32499694824219,16.949996948242188,182.35000610351562,461.1000061035156,nan,nan,nan,nan,0.5640970468521118,nan,0,nan,nan,nan,TRACKING,0.04534799299995029,0.0,0.0,13.128750120798243,0,0,0,0.0,0.0,1.0,0,0,0,0,9,4,0
2723,270.77729809799996,76.32499694824219,16.949996948242188,182.35000610351562,461.1000061035156,76.32499694824219,16.949996948242188,182.35000610351562,461.1000061035156,nan,nan,nan,nan,0.5636482834815979,nan,0,nan,nan,nan,TRACKING,0.06610667199993259,0.0,0.0,11.169475717207343,0,0,0,0.0,0.0,1.0,0,0,0,0,9,4,0
2724,270.845885176,76.32499694824219,16.949996948242188,182.35000610351562,461.1000061035156,76.32499694824219,16.949996948242188,182.35000610351562,461.1000061035156,nan,nan,nan,nan,0.5623137950897217,nan,0,nan,nan,nan,TRACKING,0.04571992599994701,0.0,0.0,14.580005872229531,0,0,0,0.0,0.0,1.0,0,0,0,0,9,4,0
2725,270.916348117,76.32499694824219,16.949996948242188,182.35000610351562,461.1000061035156,76.32499694824219,16.949996948242188,182.35000610351562,461.1000061035156,nan,nan,nan,nan,0.5615247488021851,nan,0,nan,nan,nan,TRACKING,0.046611867999899914,0.0,0.0,14.191857248770969,0,0,0,0.0,0.0,1.0,0,0,0,0,9,4,0
2726,270.98423398500006,76.32499694824219,16.949996948242188,182.35000610351562,461.1000061035156,76.32499694824219,16.949996948242188,182.35000610351562,461.1000061035156,nan,nan,nan,nan,0.5631573796272278,nan,0,nan,nan,nan,TRACKING,0.04446787400001995,0.0,0.0,14.730606375967433,0,0,0,0.0,0.0,1.0,0,0,0,0,9,4,0
2727,271.052715123,76.32499694824219,16.949996948242188,182.35000610351562,461.1000061035156,76.32499694824219,16.949996948242188,182.35000610351562,461.1000061035156,nan,nan,nan,nan,0.5642087459564209,nan,0,nan,nan,nan,TRACKING,0.045506901999942784,0.0,0.0,14.602561073110392,0,0,0,0.0,0.0,1.0,0,0,0,0,9,4,0
2728,271.12088724500006,76.32499694824219,16.949996948242188,182.35000610351562,461.1000061035156,76.32499694824219,16.949996948242188,182.35000610351562,461.1000061035156,nan,nan,nan,nan,0.5611273646354675,nan,0,nan,nan,nan,TRACKING,0.04653686699998616,0.0,0.0,14.668752719753295,0,0,0,0.0,0.0,1.0,0,0,0,0,9,4,0
2729,271.193826738,76.32499694824219,16.949996948242188,182.35000610351562,461.1000061035156,76.32499694824219,16.949996948242188,182.35000610351562,461.1000061035156,nan,nan,nan,nan,0.559563159942627,nan,0,nan,nan,nan,TRACKING,0.04909404499994707,0.0,0.0,13.709993843816193,0,0,0,0.0,0.0,1.0,0,0,0,0,9,4,0
2730,271.5261989260001,76.32499694824219,16.949996948242188,182.35000610351562,461.1000061035156,76.32499694824219,16.949996948242188,182.35000610351562,461.1000061035156,236.0,0.0,152.0,461.0,0.5638163685798645,0.857241,1,0.06988133658883908,0.1818707044166267,1.199931341010777,DETECTOR_CONFIRMED,0.047116615999811984,0.2544945409999855,0.0,3.0086753227366647,0,0,0,0.0,0.0,1.0,0,0,0,0,9,4,0
2731,271.606199058,76.32499694824219,16.949996948242188,182.35000610351562,461.1000061035156,76.32499694824219,16.949996948242188,182.35000610351562,461.1000061035156,nan,nan,nan,nan,0.5608050227165222,nan,0,nan,nan,nan,TRACKING,0.055128623999962656,0.0,0.0,12.499979375050355,0,0,0,0.0,0.0,1.0,0,0,0,0,9,4,0
2732,271.73354695499995,76.32499694824219,16.949996948242188,182.35000610351562,461.1000061035156,76.32499694824219,16.949996948242188,182.35000610351562,461.1000061035156,nan,nan,nan,nan,0.5626022815704346,nan,0,nan,nan,nan,TRACKING,0.10424902399995517,0.0,0.0,7.852505016243046,0,0,0,0.0,0.0,1.0,0,0,0,0,9,4,0
2733,271.81010734100016,76.32499694824219,16.949996948242188,182.35000610351562,461.1000061035156,76.32499694824219,16.949996948242188,182.35000610351562,461.1000061035156,nan,nan,nan,nan,0.604494035243988,nan,0,nan,nan,nan,TRACKING,0.05403350199981105,0.0,0.0,13.061585138785148,0,0,0,0.0,0.0,1.0,0,0,0,0,9,4,0
2734,271.89060831400013,76.32499694824219,16.949996948242188,182.35000610351562,461.1000061035156,76.32499694824219,16.949996948242188,182.35000610351562,461.1000061035156,nan,nan,nan,nan,0.6029633283615112,nan,0,nan,nan,nan,TRACKING,0.05452101000014409,0.0,0.0,12.422210101738267,0,0,0,0.0,0.0,1.0,0,0,0,0,9,4,0
2735,271.964153494,76.32499694824219,16.949996948242188,182.35000610351562,461.1000061035156,76.32499694824219,16.949996948242188,182.35000610351562,461.1000061035156,nan,nan,nan,nan,0.6010542511940002,nan,0,nan,nan,nan,TRACKING,0.05035219100000177,0.0,0.0,13.59708413252363,0,0,0,0.0,0.0,1.0,0,0,0,0,9,4,0
2736,272.03179586800013,76.32499694824219,16.949996948242188,182.35000610351562,461.1000061035156,76.32499694824219,16.949996948242188,182.35000610351562,461.1000061035156,nan,nan,nan,nan,0.6018204092979431,nan,0,nan,nan,nan,TRACKING,0.04380338400005712,0.0,0.0,14.783632520027936,0,0,0,0.0,0.0,1.0,0,0,0,0,9,4,0
2737,272.1140819220001,76.32499694824219,16.949996948242188,182.35000610351562,461.1000061035156,76.32499694824219,16.949996948242188,182.35000610351562,461.1000061035156,nan,nan,nan,nan,0.6030434370040894,nan,0,nan,nan,nan,TRACKING,0.053959749999876294,0.0,0.0,12.152727605586666,0,0,0,0.0,0.0,1.0,0,0,0,0,9,4,0
2738,272.185406961,76.32499694824219,16.949996948242188,182.35000610351562,461.1000061035156,76.32499694824219,16.949996948242188,182.35000610351562,461.1000061035156,nan,nan,nan,nan,0.6018460988998413,nan,0,nan,nan,nan,TRACKING,0.04948858299985659,0.0,0.0,14.02032181154472,0,0,0,0.0,0.0,1.0,0,0,0,0,9,4,0
2739,272.28785324500006,76.32499694824219,16.949996948242188,182.35000610351562,461.1000061035156,76.32499694824219,16.949996948242188,182.35000610351562,461.1000061035156,nan,nan,nan,nan,0.5996582508087158,nan,0,nan,nan,nan,TRACKING,0.07779290600001332,0.0,0.0,9.761213007974877,0,0,0,0.0,0.0,1.0,0,0,0,0,9,4,0
2740,272.356369748,76.32499694824219,16.949996948242188,182.35000610351562,461.1000061035156,76.32499694824219,16.949996948242188,182.35000610351562,461.1000061035156,nan,nan,nan,nan,0.6009246706962585,nan,0,nan,nan,nan,TRACKING,0.04465912799992111,0.0,0.0,14.595023917094148,0,0,0,0.0,0.0,1.0,0,0,0,0,9,4,0
2741,272.4323435100001,76.32499694824219,16.949996948242188,182.35000610351562,461.1000061035156,76.32499694824219,16.949996948242188,182.35000610351562,461.1000061035156,nan,nan,nan,nan,0.6026499271392822,nan,0,nan,nan,nan,TRACKING,0.049009616000148526,0.0,0.0,13.162438895662955,0,0,0,0.0,0.0,1.0,0,0,0,0,9,4,0
2742,272.52411607600004,76.32499694824219,16.949996948242188,182.35000610351562,461.1000061035156,76.32499694824219,16.949996948242188,182.35000610351562,461.1000061035156,nan,nan,nan,nan,0.6011006832122803,nan,0,nan,nan,nan,TRACKING,0.0633632399999442,0.0,0.0,10.896502556122227,0,0,0,0.0,0.0,1.0,0,0,0,0,9,4,0
2743,272.60041786399995,76.32499694824219,16.949996948242188,182.35000610351562,461.1000061035156,76.32499694824219,16.949996948242188,182.35000610351562,461.1000061035156,nan,nan,nan,nan,0.6012588143348694,nan,0,nan,nan,nan,TRACKING,0.046522439000000304,0.0,0.0,13.105852775051394,0,0,0,0.0,0.0,1.0,0,0,0,0,9,4,0
2744,272.67077372000006,76.32499694824219,16.949996948242188,182.35000610351562,461.1000061035156,76.32499694824219,16.949996948242188,182.35000610351562,461.1000061035156,nan,nan,nan,nan,0.6010236740112305,nan,0,nan,nan,nan,TRACKING,0.04543096299994431,0.0,0.0,14.213457938717974,0,0,0,0.0,0.0,1.0,0,0,0,0,9,4,0
2745,272.97770048400014,76.32499694824219,16.949996948242188,182.35000610351562,461.1000061035156,76.32499694824219,16.949996948242188,182.35000610351562,461.1000061035156,228.0,1.0,163.0,462.0,0.605776846408844,0.94899,1,0.09390607635488031,0.1785543072149199,1.1165324001713963,DETECTOR_CONFIRMED,0.04672598399997696,0.2317262970000229,0.0,3.2581062236714353,0,0,0,0.0,0.0,1.0,0,0,0,0,9,4,0
2746,273.08468882299996,76.32499694824219,16.949996948242188,182.35000610351562,461.1000061035156,76.32499694824219,16.949996948242188,182.35000610351562,461.1000061035156,nan,nan,nan,nan,0.5978814363479614,nan,0,nan,nan,nan,TRACKING,0.0557729570000447,0.0,0.0,9.346813020450943,0,0,0,0.0,0.0,1.0,0,0,0,0,9,4,0
2747,273.15723200700006,76.32499694824219,16.949996948242188,182.35000610351562,461.1000061035156,76.32499694824219,16.949996948242188,182.35000610351562,461.1000061035156,nan,nan,nan,nan,0.6083444952964783,nan,0,nan,nan,nan,TRACKING,0.048239446000025055,0.0,0.0,13.784892595818093,0,0,0,0.0,0.0,1.0,0,0,0,0,9,4,0
2748,273.23199246699994,76.32499694824219,16.949996948242188,182.35000610351562,461.1000061035156,76.32499694824219,16.949996948242188,182.35000610351562,461.1000061035156,nan,nan,nan,nan,0.607977032661438,nan,0,nan,nan,nan,TRACKING,0.051647524000145495,0.0,0.0,13.37605466849204,0,0,0,0.0,0.0,1.0,0,0,0,0,9,4,0
2749,273.3190496410001,76.32499694824219,16.949996948242188,182.35000610351562,461.1000061035156,76.32499694824219,16.949996948242188,182.35000610351562,461.1000061035156,nan,nan,nan,nan,0.6026424765586853,nan,0,nan,nan,nan,TRACKING,0.0631393300000127,0.0,0.0,11.48670412846279,0,0,0,0.0,0.0,1.0,0,0,0,0,9,4,0
2750,273.397636155,76.32499694824219,16.949996948242188,182.35000610351562,461.1000061035156,76.32499694824219,16.949996948242188,182.35000610351562,461.1000061035156,nan,nan,nan,nan,0.6063273549079895,nan,0,nan,nan,nan,TRACKING,0.05016802000000098,0.0,0.0,12.724829606279785,0,0,0,0.0,0.0,1.0,0,0,0,0,9,4,0
2751,273.4772482060001,76.32499694824219,16.949996948242188,182.35000610351562,461.1000061035156,76.32499694824219,16.949996948242188,182.35000610351562,461.1000061035156,nan,nan,nan,nan,0.6062923073768616,nan,0,nan,nan,nan,TRACKING,0.05187679899995601,0.0,0.0,12.560912417621799,0,0,0,0.0,0.0,1.0,0,0,0,0,9,4,0
2752,273.54851277399996,76.32499694824219,16.949996948242188,182.35000610351562,461.1000061035156,76.32499694824219,16.949996948242188,182.35000610351562,461.1000061035156,nan,nan,nan,nan,0.6102554202079773,nan,0,nan,nan,nan,TRACKING,0.04789183699995192,0.0,0.0,14.032218647594147,0,0,0,0.0,0.0,1.0,0,0,0,0,9,4,0
2753,273.631386077,76.32499694824219,16.949996948242188,182.35000610351562,461.1000061035156,76.32499694824219,16.949996948242188,182.35000610351562,461.1000061035156,nan,nan,nan,nan,0.6069982051849365,nan,0,nan,nan,nan,TRACKING,0.05559415200013973,0.0,0.0,12.066612090982925,0,0,0,0.0,0.0,1.0,0,0,0,0,9,4,0
2754,273.72843659500006,76.32499694824219,16.949996948242188,182.35000610351562,461.1000061035156,76.32499694824219,16.949996948242188,182.35000610351562,461.1000061035156,nan,nan,nan,nan,0.6134234666824341,nan,0,nan,nan,nan,TRACKING,0.07185145299990836,0.0,0.0,10.303912030633173,0,0,0,0.0,0.0,1.0,0,0,0,0,9,4,0
2755,273.81315544999995,76.32499694824219,16.949996948242188,182.35000610351562,461.1000061035156,76.32499694824219,16.949996948242188,182.35000610351562,461.1000061035156,nan,nan,nan,nan,0.6125407814979553,nan,0,nan,nan,nan,TRACKING,0.056556303999968804,0.0,0.0,11.803747819789074,0,0,0,0.0,0.0,1.0,0,0,0,0,9,4,0
2756,273.89315912200016,76.32499694824219,16.949996948242188,182.35000610351562,461.1000061035156,76.32499694824219,16.949996948242188,182.35000610351562,461.1000061035156,nan,nan,nan,nan,0.6122263669967651,nan,0,nan,nan,nan,TRACKING,0.05518206200008535,0.0,0.0,12.499426276302257,0,0,0,0.0,0.0,1.0,0,0,0,0,9,4,0
2757,274.020307483,76.32499694824219,16.949996948242188,182.35000610351562,461.1000061035156,76.32499694824219,16.949996948242188,182.35000610351562,461.1000061035156,nan,nan,nan,nan,0.6124410629272461,nan,0,nan,nan,nan,TRACKING,0.10152371699996365,0.0,0.0,7.8648280806478335,0,0,0,0.0,0.0,1.0,0,0,0,0,9,4,0
2758,274.08589289400004,76.32499694824219,16.949996948242188,182.35000610351562,461.1000061035156,76.32499694824219,16.949996948242188,182.35000610351562,461.1000061035156,nan,nan,nan,nan,0.6512061357498169,nan,0,nan,nan,nan,TRACKING,0.04315681000002769,0.0,0.0,15.247293334786846,0,0,0,0.0,0.0,1.0,0,0,0,0,9,4,0
2759,274.1641177350001,76.32499694824219,16.949996948242188,182.35000610351562,461.1000061035156,76.32499694824219,16.949996948242188,182.35000610351562,461.1000061035156,nan,nan,nan,nan,0.6406625509262085,nan,0,nan,nan,nan,TRACKING,0.05229706599993733,0.0,0.0,12.783662928751392,0,0,0,0.0,0.0,1.0,0,0,0,0,9,4,0
2760,274.4735675590001,76.32499694824219,16.949996948242188,182.35000610351562,461.1000061035156,76.32499694824219,16.949996948242188,182.35000610351562,461.1000061035156,242.0,4.0,152.0,458.0,0.6348562836647034,0.916765,1,0.050734166524803885,0.18899611437804748,1.2077911532881402,DETECTOR_CONFIRMED,0.0466717649999282,0.2364131950000683,0.0,3.231541666670849,0,0,0,0.0,0.0,1.0,0,0,0,0,9,4,0
2761,274.55061362899994,76.32499694824219,16.949996948242188,182.35000610351562,461.1000061035156,76.32499694824219,16.949996948242188,182.35000610351562,461.1000061035156,nan,nan,nan,nan,0.6152904629707336,nan,0,nan,nan,nan,TRACKING,0.04661113900010605,0.0,0.0,12.979247351646695,0,0,0,0.0,0.0,1.0,0,0,0,0,9,4,0
2762,274.62929649800014,76.32499694824219,16.949996948242188,182.35000610351562,461.1000061035156,76.32499694824219,16.949996948242188,182.35000610351562,461.1000061035156,nan,nan,nan,nan,0.6203476786613464,nan,0,nan,nan,nan,TRACKING,0.05453955100006169,0.0,0.0,12.709246786583343,0,0,0,0.0,0.0,1.0,0,0,0,0,9,4,0
2763,274.70556297199994,76.32499694824219,16.949996948242188,182.35000610351562,461.1000061035156,76.32499694824219,16.949996948242188,182.35000610351562,461.1000061035156,nan,nan,nan,nan,0.6115500926971436,nan,0,nan,nan,nan,TRACKING,0.05243982899992261,0.0,0.0,13.111921235570625,0,0,0,0.0,0.0,1.0,0,0,0,0,9,4,0
2764,274.77480406899997,76.32499694824219,16.949996948242188,182.35000610351562,461.1000061035156,76.32499694824219,16.949996948242188,182.35000610351562,461.1000061035156,nan,nan,nan,nan,0.6119068264961243,nan,0,nan,nan,nan,TRACKING,0.04612456800009568,0.0,0.0,14.442289959668782,0,0,0,0.0,0.0,1.0,0,0,0,0,9,4,0
2765,274.8493206710001,76.32499694824219,16.949996948242188,182.35000610351562,461.1000061035156,76.32499694824219,16.949996948242188,182.35000610351562,461.1000061035156,nan,nan,nan,nan,0.6123657822608948,nan,0,nan,nan,nan,TRACKING,0.047291097999959675,0.0,0.0,13.419828241741975,0,0,0,0.0,0.0,1.0,0,0,0,0,9,4,0
2766,274.91584557700014,76.32499694824219,16.949996948242188,182.35000610351562,461.1000061035156,76.32499694824219,16.949996948242188,182.35000610351562,461.1000061035156,nan,nan,nan,nan,0.6151877045631409,nan,0,nan,nan,nan,TRACKING,0.04507632099989678,0.0,0.0,15.031964118812736,0,0,0,0.0,0.0,1.0,0,0,0,0,9,4,0
2767,274.9963945180001,76.32499694824219,16.949996948242188,182.35000610351562,461.1000061035156,76.32499694824219,16.949996948242188,182.35000610351562,461.1000061035156,nan,nan,nan,nan,0.610650360584259,nan,0,nan,nan,nan,TRACKING,0.057005581000112215,0.0,0.0,12.414812505113945,0,0,0,0.0,0.0,1.0,0,0,0,0,9,4,0
2768,275.09094483800015,76.32499694824219,16.949996948242188,182.35000610351562,461.1000061035156,76.32499694824219,16.949996948242188,182.35000610351562,461.1000061035156,nan,nan,nan,nan,0.6082985401153564,nan,0,nan,nan,nan,TRACKING,0.06978818900006445,0.0,0.0,10.576378800192733,0,0,0,0.0,0.0,1.0,0,0,0,0,9,4,0
2769,275.1635057290001,76.32499694824219,16.949996948242188,182.35000610351562,461.1000061035156,76.32499694824219,16.949996948242188,182.35000610351562,461.1000061035156,nan,nan,nan,nan,0.6095693707466125,nan,0,nan,nan,nan,TRACKING,0.04895055199995113,0.0,0.0,13.781528675005694,0,0,0,0.0,0.0,1.0,0,0,0,0,9,4,0
2770,275.237588417,76.32499694824219,16.949996948242188,182.35000610351562,461.1000061035156,76.32499694824219,16.949996948242188,182.35000610351562,461.1000061035156,nan,nan,nan,nan,0.6135873794555664,nan,0,nan,nan,nan,TRACKING,0.05088365699998576,0.0,0.0,13.498430294563022,0,0,0,0.0,0.0,1.0,0,0,0,0,9,4,0
2771,275.317880531,76.32499694824219,16.949996948242188,182.35000610351562,461.1000061035156,76.32499694824219,16.949996948242188,182.35000610351562,461.1000061035156,nan,nan,nan,nan,0.6097463369369507,nan,0,nan,nan,nan,TRACKING,0.056924070000150095,0.0,0.0,12.454523242464592,0,0,0,0.0,0.0,1.0,0,0,0,0,9,4,0
2772,275.38563139400014,76.32499694824219,16.949996948242188,182.35000610351562,461.1000061035156,76.32499694824219,16.949996948242188,182.35000610351562,461.1000061035156,nan,nan,nan,nan,0.6215559244155884,nan,0,nan,nan,nan,TRACKING,0.04422880699985399,0.0,0.0,14.759959588973857,0,0,0,0.0,0.0,1.0,0,0,0,0,9,4,0
2773,275.47340055899997,76.32499694824219,16.949996948242188,182.35000610351562,461.1000061035156,76.32499694824219,16.949996948242188,182.35000610351562,461.1000061035156,nan,nan,nan,nan,0.6183118224143982,nan,0,nan,nan,nan,TRACKING,0.05968770900017262,0.0,0.0,11.393522998674674,0,0,0,0.0,0.0,1.0,0,0,0,0,9,4,0
2774,275.54575176000014,76.32499694824219,16.949996948242188,182.35000610351562,461.1000061035156,76.32499694824219,16.949996948242188,182.35000610351562,461.1000061035156,nan,nan,nan,nan,0.6197031140327454,nan,0,nan,nan,nan,TRACKING,0.045838000000003376,0.0,0.0,13.821470634573066,0,0,0,0.0,0.0,1.0,0,0,0,0,9,4,0
2775,275.83961330299996,76.32499694824219,16.949996948242188,182.35000610351562,461.1000061035156,76.32499694824219,16.949996948242188,182.35000610351562,461.1000061035156,248.0,5.0,174.0,455.0,0.6180181503295898,0.891501,1,0.02983534951375895,0.21021287573552672,1.0620385111444635,DETECTOR_CONFIRMED,0.04444709200015495,0.22572348500011685,0.0,3.402963143090179,0,0,0,0.0,0.0,1.0,0,0,0,0,9,4,0
2776,275.91219940300005,76.32499694824219,16.949996948242188,182.35000610351562,461.1000061035156,76.32499694824219,16.949996948242188,182.35000610351562,461.1000061035156,nan,nan,nan,nan,0.618948757648468,nan,0,nan,nan,nan,TRACKING,0.03967633599995679,0.0,0.0,13.77674237903526,0,0,0,0.0,0.0,1.0,0,0,0,0,9,4,0
2777,275.98361496400014,76.32499694824219,16.949996948242188,182.35000610351562,461.1000061035156,76.32499694824219,16.949996948242188,182.35000610351562,461.1000061035156,nan,nan,nan,nan,0.6203368902206421,nan,0,nan,nan,nan,TRACKING,0.04599623200010683,0.0,0.0,14.002550508546427,0,0,0,0.0,0.0,1.0,0,0,0,0,9,4,0
2778,276.057196289,76.32499694824219,16.949996948242188,182.35000610351562,461.1000061035156,76.32499694824219,16.949996948242188,182.35000610351562,461.1000061035156,nan,nan,nan,nan,0.6190466284751892,nan,0,nan,nan,nan,TRACKING,0.047358859000041775,0.0,0.0,13.590404902358554,0,0,0,0.0,0.0,1.0,0,0,0,0,9,4,0
2779,276.1250933530001,76.32499694824219,16.949996948242188,182.35000610351562,461.1000061035156,76.32499694824219,16.949996948242188,182.35000610351562,461.1000061035156,nan,nan,nan,nan,0.6256082653999329,nan,0,nan,nan,nan,TRACKING,0.04416568100009499,0.0,0.0,14.728177347963197,0,0,0,0.0,0.0,1.0,0,0,0,0,9,4,0
2780,276.19635854499995,76.32499694824219,16.949996948242188,182.35000610351562,461.1000061035156,76.32499694824219,16.949996948242188,182.35000610351562,461.1000061035156,nan,nan,nan,nan,0.6237797141075134,nan,0,nan,nan,nan,TRACKING,0.04575971799999934,0.0,0.0,14.032095781099057,0,0,0,0.0,0.0,1.0,0,0,0,0,9,4,0
2781,276.2745335400001,76.32499694824219,16.949996948242188,182.35000610351562,461.1000061035156,76.32499694824219,16.949996948242188,182.35000610351562,461.1000061035156,nan,nan,nan,nan,0.6256803274154663,nan,0,nan,nan,nan,TRACKING,0.053728704000150174,0.0,0.0,12.791814057653983,0,0,0,0.0,0.0,1.0,0,0,0,0,9,4,0
2782,276.39571242499994,76.32499694824219,16.949996948242188,182.35000610351562,461.1000061035156,76.32499694824219,16.949996948242188,182.35000610351562,461.1000061035156,nan,nan,nan,nan,0.6244456171989441,nan,0,nan,nan,nan,TRACKING,0.09340420600005928,0.0,0.0,8.252262760144692,0,0,0,0.0,0.0,1.0,0,0,0,0,9,4,0
2783,276.466944805,76.32499694824219,16.949996948242188,182.35000610351562,461.1000061035156,76.32499694824219,16.949996948242188,182.35000610351562,461.1000061035156,nan,nan,nan,nan,0.6737439632415771,nan,0,nan,nan,nan,TRACKING,0.04867148400012411,0.0,0.0,14.038559430399951,0,0,0,0.0,0.0,1.0,0,0,0,0,9,4,0
2784,276.53983950400004,76.32499694824219,16.949996948242188,182.35000610351562,461.1000061035156,76.32499694824219,16.949996948242188,182.35000610351562,461.1000061035156,nan,nan,nan,nan,0.6775211095809937,nan,0,nan,nan,nan,TRACKING,0.050093591000177184,0.0,0.0,13.71841867403513,0,0,0,0.0,0.0,1.0,0,0,0,0,9,4,0
2785,276.60981436300005,76.32499694824219,16.949996948242188,182.35000610351562,461.1000061035156,76.32499694824219,16.949996948242188,182.35000610351562,461.1000061035156,nan,nan,nan,nan,0.6759451031684875,nan,0,nan,nan,nan,TRACKING,0.04671415999996498,0.0,0.0,14.290846945469646,0,0,0,0.0,0.0,1.0,0,0,0,0,9,4,0
2786,276.690301792,76.32499694824219,16.949996948242188,182.35000610351562,461.1000061035156,76.32499694824219,16.949996948242188,182.35000610351562,461.1000061035156,nan,nan,nan,nan,0.6805112361907959,nan,0,nan,nan,nan,TRACKING,0.055911657000024206,0.0,0.0,12.424300445731856,0,0,0,0.0,0.0,1.0,0,0,0,0,9,4,0
2787,276.76564835400006,76.32499694824219,16.949996948242188,182.35000610351562,461.1000061035156,76.32499694824219,16.949996948242188,182.35000610351562,461.1000061035156,nan,nan,nan,nan,0.6791460514068604,nan,0,nan,nan,nan,TRACKING,0.04800350499999695,0.0,0.0,13.272005695486675,0,0,0,0.0,0.0,1.0,0,0,0,0,9,4,0
2788,276.84078402800003,76.32499694824219,16.949996948242188,182.35000610351562,461.1000061035156,76.32499694824219,16.949996948242188,182.35000610351562,461.1000061035156,nan,nan,nan,nan,0.6813022494316101,nan,0,nan,nan,nan,TRACKING,0.052429046000042945,0.0,0.0,13.309257064765886,0,0,0,0.0,0.0,1.0,0,0,0,0,9,4,0
2789,276.9128799640001,76.32499694824219,16.949996948242188,182.35000610351562,461.1000061035156,76.32499694824219,16.949996948242188,182.35000610351562,461.1000061035156,nan,nan,nan,nan,0.6756470799446106,nan,0,nan,nan,nan,TRACKING,0.04714052099984656,0.0,0.0,13.87040734166579,0,0,0,0.0,0.0,1.0,0,0,0,0,9,4,0
2790,277.302680335,76.32499694824219,16.949996948242188,182.35000610351562,461.1000061035156,76.32499694824219,16.949996948242188,182.35000610351562,461.1000061035156,237.0,8.0,188.0,454.0,0.6771017909049988,0.890928,1,0.060370695997953104,0.2049714156900908,1.0151092657607979,DETECTOR_CONFIRMED,0.05353896099995836,0.3081597990001228,0.0,2.5654157214754085,0,0,0,0.0,0.0,1.0,0,0,0,0,9,4,0
2791,277.3840972070001,76.32499694824219,16.949996948242188,182.35000610351562,461.1000061035156,76.32499694824219,16.949996948242188,182.35000610351562,461.1000061035156,nan,nan,nan,nan,0.6795598864555359,nan,0,nan,nan,nan,TRACKING,0.05869081700006973,0.0,0.0,12.282466464676824,0,0,0,0.0,0.0,1.0,0,0,0,0,9,4,0
2792,277.45625283000015,76.32499694824219,16.949996948242188,182.35000610351562,461.1000061035156,76.32499694824219,16.949996948242188,182.35000610351562,461.1000061035156,nan,nan,nan,nan,0.6810134053230286,nan,0,nan,nan,nan,TRACKING,0.04936003799980426,0.0,0.0,13.858933765965947,0,0,0,0.0,0.0,1.0,0,0,0,0,9,4,0
2793,277.531906585,76.32499694824219,16.949996948242188,182.35000610351562,461.1000061035156,76.32499694824219,16.949996948242188,182.35000610351562,461.1000061035156,nan,nan,nan,nan,0.6796640753746033,nan,0,nan,nan,nan,TRACKING,0.049279723999916314,0.0,0.0,13.218114553626638,0,0,0,0.0,0.0,1.0,0,0,0,0,9,4,0
2794,277.5997511480001,76.32499694824219,16.949996948242188,182.35000610351562,461.1000061035156,76.32499694824219,16.949996948242188,182.35000610351562,461.1000061035156,nan,nan,nan,nan,0.6810333132743835,nan,0,nan,nan,nan,TRACKING,0.04455360399992969,0.0,0.0,14.739574636193174,0,0,0,0.0,0.0,1.0,0,0,0,0,9,4,0
2795,277.673657426,76.32499694824219,16.949996948242188,182.35000610351562,461.1000061035156,76.32499694824219,16.949996948242188,182.35000610351562,461.1000061035156,nan,nan,nan,nan,0.6754394769668579,nan,0,nan,nan,nan,TRACKING,0.04651071900002535,0.0,0.0,13.530650264944901,0,0,0,0.0,0.0,1.0,0,0,0,0,9,4,0
2796,277.7480399090001,76.32499694824219,16.949996948242188,182.35000610351562,461.1000061035156,76.32499694824219,16.949996948242188,182.35000610351562,461.1000061035156,nan,nan,nan,nan,0.6732372045516968,nan,0,nan,nan,nan,TRACKING,0.05107027400003972,0.0,0.0,13.44402552410322,0,0,0,0.0,0.0,1.0,0,0,0,0,9,4,0
2797,277.8214523770001,76.32499694824219,16.949996948242188,182.35000610351562,461.1000061035156,76.32499694824219,16.949996948242188,182.35000610351562,461.1000061035156,nan,nan,nan,nan,0.67581707239151,nan,0,nan,nan,nan,TRACKING,0.046113681999941036,0.0,0.0,13.621664374501014,0,0,0,0.0,0.0,1.0,0,0,0,0,9,4,0
2798,277.88979424,76.32499694824219,16.949996948242188,182.35000610351562,461.1000061035156,76.32499694824219,16.949996948242188,182.35000610351562,461.1000061035156,nan,nan,nan,nan,0.6745544075965881,nan,0,nan,nan,nan,TRACKING,0.0456630490000407,0.0,0.0,14.632319871081878,0,0,0,0.0,0.0,1.0,0,0,0,0,9,4,0
2799,277.957353121,76.32499694824219,16.949996948242188,182.35000610351562,461.1000061035156,76.32499694824219,16.949996948242188,182.35000610351562,461.1000061035156,nan,nan,nan,nan,0.6728440523147583,nan,0,nan,nan,nan,TRACKING,0.04379327800006649,0.0,0.0,14.801902950412577,0,0,0,0.0,0.0,1.0,0,0,0,0,9,4,0
2800,278.03061647100014,76.32499694824219,16.949996948242188,182.35000610351562,461.1000061035156,76.32499694824219,16.949996948242188,182.35000610351562,461.1000061035156,nan,nan,nan,nan,0.6753250360488892,nan,0,nan,nan,nan,TRACKING,0.043510148999985176,0.0,0.0,13.649389496901252,0,0,0,0.0,0.0,1.0,0,0,0,0,9,4,0
2801,278.1219919450001,76.32499694824219,16.949996948242188,182.35000610351562,461.1000061035156,76.32499694824219,16.949996948242188,182.35000610351562,461.1000061035156,nan,nan,nan,nan,0.6767503619194031,nan,0,nan,nan,nan,TRACKING,0.06021047800004453,0.0,0.0,10.943855678389516,0,0,0,0.0,0.0,1.0,0,0,0,0,9,4,0
2802,278.19067324000014,76.32499694824219,16.949996948242188,182.35000610351562,461.1000061035156,76.32499694824219,16.949996948242188,182.35000610351562,461.1000061035156,nan,nan,nan,nan,0.6730211973190308,nan,0,nan,nan,nan,TRACKING,0.045668986999999106,0.0,0.0,14.560005020282722,0,0,0,0.0,0.0,1.0,0,0,0,0,9,4,0
2803,278.26636475500015,76.32499694824219,16.949996948242188,182.35000610351562,461.1000061035156,76.32499694824219,16.949996948242188,182.35000610351562,461.1000061035156,nan,nan,nan,nan,0.6715826392173767,nan,0,nan,nan,nan,TRACKING,0.05189539200000581,0.0,0.0,13.211520472271932,0,0,0,0.0,0.0,1.0,0,0,0,0,9,4,0
2804,278.3388556450001,76.32499694824219,16.949996948242188,182.35000610351562,461.1000061035156,76.32499694824219,16.949996948242188,182.35000610351562,461.1000061035156,nan,nan,nan,nan,0.6718617677688599,nan,0,nan,nan,nan,TRACKING,0.04606409699999858,0.0,0.0,13.794836840891534,0,0,0,0.0,0.0,1.0,0,0,0,0,9,4,0
2805,278.6431222520001,76.32499694824219,16.949996948242188,182.35000610351562,461.1000061035156,76.32499694824219,16.949996948242188,182.35000610351562,461.1000061035156,236.0,10.0,188.0,455.0,0.671380341053009,0.969275,1,0.06371130277209827,0.2035092519395617,1.017345189253663,DETECTOR_CONFIRMED,0.05450574700012112,0.22310411600005864,0.0,3.2865913544033836,0,0,0,0.0,0.0,1.0,0,0,0,0,9,4,0
2806,278.7393908800001,76.32499694824219,16.949996948242188,182.35000610351562,461.1000061035156,76.32499694824219,16.949996948242188,182.35000610351562,461.1000061035156,nan,nan,nan,nan,0.6705238819122314,nan,0,nan,nan,nan,TRACKING,0.03234480700007225,0.0,0.0,10.38759999779366,0,0,0,0.0,0.0,1.0,0,0,0,0,9,4,0
2807,278.8452090930001,76.32499694824219,16.949996948242188,182.35000610351562,461.1000061035156,76.32499694824219,16.949996948242188,182.35000610351562,461.1000061035156,nan,nan,nan,nan,0.671541154384613,nan,0,nan,nan,nan,TRACKING,0.0833292980000806,0.0,0.0,9.450169036589253,0,0,0,0.0,0.0,1.0,0,0,0,0,9,4,0
2808,278.91265354400014,76.32499694824219,16.949996948242188,182.35000610351562,461.1000061035156,76.32499694824219,16.949996948242188,182.35000610351562,461.1000061035156,nan,nan,nan,nan,0.7057229280471802,nan,0,nan,nan,nan,TRACKING,0.04467027199984841,0.0,0.0,14.827016680728523,0,0,0,0.0,0.0,1.0,0,0,0,0,9,4,0
2809,278.97655976,76.32499694824219,16.949996948242188,182.35000610351562,461.1000061035156,76.32499694824219,16.949996948242188,182.35000610351562,461.1000061035156,nan,nan,nan,nan,0.7073699831962585,nan,0,nan,nan,nan,TRACKING,0.04129979899994396,0.0,0.0,15.647930085585779,0,0,0,0.0,0.0,1.0,0,0,0,0,9,4,0
2810,279.05751453999994,76.32499694824219,16.949996948242188,182.35000610351562,461.1000061035156,76.32499694824219,16.949996948242188,182.35000610351562,461.1000061035156,nan,nan,nan,nan,0.7082036733627319,nan,0,nan,nan,nan,TRACKING,0.05792674199983594,0.0,0.0,12.35257510428092,0,0,0,0.0,0.0,1.0,0,0,0,0,9,4,0
2811,279.15446474099997,76.32499694824219,16.949996948242188,182.35000610351562,461.1000061035156,76.32499694824219,16.949996948242188,182.35000610351562,461.1000061035156,nan,nan,nan,nan,0.7080687284469604,nan,0,nan,nan,nan,TRACKING,0.04395130200009589,0.0,0.0,10.314573767616244,0,0,0,0.0,0.0,1.0,0,0,0,0,9,4,0
2812,279.2305318350001,76.32499694824219,16.949996948242188,182.35000610351562,461.1000061035156,76.32499694824219,16.949996948242188,182.35000610351562,461.1000061035156,nan,nan,nan,nan,0.7114585638046265,nan,0,nan,nan,nan,TRACKING,0.04642264500012061,0.0,0.0,13.14628898533399,0,0,0,0.0,0.0,1.0,0,0,0,0,9,4,0
2813,279.30045039000004,76.32499694824219,16.949996948242188,182.35000610351562,461.1000061035156,76.32499694824219,16.949996948242188,182.35000610351562,461.1000061035156,nan,nan,nan,nan,0.7089142203330994,nan,0,nan,nan,nan,TRACKING,0.04775219799989827,0.0,0.0,14.30235507585355,0,0,0,0.0,0.0,1.0,0,0,0,0,9,4,0
2814,279.38481965300014,76.32499694824219,16.949996948242188,182.35000610351562,461.1000061035156,76.32499694824219,16.949996948242188,182.35000610351562,461.1000061035156,nan,nan,nan,nan,0.708938479423523,nan,0,nan,nan,nan,TRACKING,0.05817507899996599,0.0,0.0,11.85265776232785,0,0,0,0.0,0.0,1.0,0,0,0,0,9,4,0
2815,279.4661530320001,76.32499694824219,16.949996948242188,182.35000610351562,461.1000061035156,76.32499694824219,16.949996948242188,182.35000610351562,461.1000061035156,nan,nan,nan,nan,0.7070044279098511,nan,0,nan,nan,nan,TRACKING,0.057941376999906424,0.0,0.0,12.295075063839375,0,0,0,0.0,0.0,1.0,0,0,0,0,9,4,0
2816,279.53487141100015,76.32499694824219,16.949996948242188,182.35000610351562,461.1000061035156,76.32499694824219,16.949996948242188,182.35000610351562,461.1000061035156,nan,nan,nan,nan,0.7023537158966064,nan,0,nan,nan,nan,TRACKING,0.04531908499984638,0.0,0.0,14.55214768670425,0,0,0,0.0,0.0,1.0,0,0,0,0,9,4,0
2817,279.60449344999995,76.32499694824219,16.949996948242188,182.35000610351562,461.1000061035156,76.32499694824219,16.949996948242188,182.35000610351562,461.1000061035156,nan,nan,nan,nan,0.6989453434944153,nan,0,nan,nan,nan,TRACKING,0.04533236600013879,0.0,0.0,14.363267930186995,0,0,0,0.0,0.0,1.0,0,0,0,0,9,4,0
2818,279.676760534,76.32499694824219,16.949996948242188,182.35000610351562,461.1000061035156,76.32499694824219,16.949996948242188,182.35000610351562,461.1000061035156,nan,nan,nan,nan,0.706714928150177,nan,0,nan,nan,nan,TRACKING,0.04512699800011433,0.0,0.0,13.837558465754043,0,0,0,0.0,0.0,1.0,0,0,0,0,9,4,0
2819,279.75274793899996,76.32499694824219,16.949996948242188,182.35000610351562,461.1000061035156,76.32499694824219,16.949996948242188,182.35000610351562,461.1000061035156,nan,nan,nan,nan,0.7040317058563232,nan,0,nan,nan,nan,TRACKING,0.04803095200009011,0.0,0.0,13.16007567307094,0,0,0,0.0,0.0,1.0,0,0,0,0,9,4,0
2820,280.0789475130001,76.32499694824219,16.949996948242188,182.35000610351562,461.1000061035156,76.32499694824219,16.949996948242188,182.35000610351562,461.1000061035156,233.0,5.0,187.0,467.0,0.7037644982337952,0.958542,1,0.07314603758356168,0.19906814159980496,1.0386221420660875,DETECTOR_CONFIRMED,0.056619687999955204,0.240652530999796,0.0,3.0656079274938595,0,0,0,0.0,0.0,1.0,0,0,0,0,9,4,0
2821,280.159311709,76.32499694824219,16.949996948242188,182.35000610351562,461.1000061035156,76.32499694824219,16.949996948242188,182.35000610351562,461.1000061035156,nan,nan,nan,nan,0.7029987573623657,nan,0,nan,nan,nan,TRACKING,0.05189174500014815,0.0,0.0,12.443352261016242,0,0,0,0.0,0.0,1.0,0,0,0,0,9,4,0
2822,280.2287740580001,76.32499694824219,16.949996948242188,182.35000610351562,461.1000061035156,76.32499694824219,16.949996948242188,182.35000610351562,461.1000061035156,nan,nan,nan,nan,0.7029695510864258,nan,0,nan,nan,nan,TRACKING,0.04018321800003832,0.0,0.0,14.396288268317692,0,0,0,0.0,0.0,1.0,0,0,0,0,9,4,0
2823,280.29824323100013,76.32499694824219,16.949996948242188,182.35000610351562,461.1000061035156,76.32499694824219,16.949996948242188,182.35000610351562,461.1000061035156,nan,nan,nan,nan,0.6976140737533569,nan,0,nan,nan,nan,TRACKING,0.04434636000019054,0.0,0.0,14.394874112000318,0,0,0,0.0,0.0,1.0,0,0,0,0,9,4,0
2824,280.3658033610001,76.32499694824219,16.949996948242188,182.35000610351562,461.1000061035156,76.32499694824219,16.949996948242188,182.35000610351562,461.1000061035156,nan,nan,nan,nan,0.6972402334213257,nan,0,nan,nan,nan,TRACKING,0.04265971700010596,0.0,0.0,14.801629304158874,0,0,0,0.0,0.0,1.0,0,0,0,0,9,4,0
2825,280.44170331600014,76.32499694824219,16.949996948242188,182.35000610351562,461.1000061035156,76.32499694824219,16.949996948242188,182.35000610351562,461.1000061035156,nan,nan,nan,nan,0.6986987590789795,nan,0,nan,nan,nan,TRACKING,0.05157632400005241,0.0,0.0,13.17523837792925,0,0,0,0.0,0.0,1.0,0,0,0,0,9,4,0
2826,280.52654779500006,76.32499694824219,16.949996948242188,182.35000610351562,461.1000061035156,76.32499694824219,16.949996948242188,182.35000610351562,461.1000061035156,nan,nan,nan,nan,0.6960359811782837,nan,0,nan,nan,nan,TRACKING,0.05746053500001835,0.0,0.0,11.786270736614883,0,0,0,0.0,0.0,1.0,0,0,0,0,9,4,0
2827,280.59517330799997,76.32499694824219,16.949996948242188,182.35000610351562,461.1000061035156,76.32499694824219,16.949996948242188,182.35000610351562,461.1000061035156,nan,nan,nan,nan,0.6984037756919861,nan,0,nan,nan,nan,TRACKING,0.04234434800014242,0.0,0.0,14.571840067719904,0,0,0,0.0,0.0,1.0,0,0,0,0,9,4,0
2828,280.67215687500004,76.32499694824219,16.949996948242188,182.35000610351562,461.1000061035156,76.32499694824219,16.949996948242188,182.35000610351562,461.1000061035156,nan,nan,nan,nan,0.6989649534225464,nan,0,nan,nan,nan,TRACKING,0.05335775899993678,0.0,0.0,12.989785209603076,0,0,0,0.0,0.0,1.0,0,0,0,0,9,4,0
2829,281.48331411800007,76.32499694824219,16.949996948242188,182.35000610351562,461.1000061035156,76.32499694824219,16.949996948242188,182.35000610351562,461.1000061035156,nan,nan,nan,nan,0.6973898410797119,nan,0,nan,nan,nan,TRACKING,0.7858515630000511,0.0,0.0,1.2328065965379897,0,0,0,0.0,0.0,1.0,0,0,0,0,9,4,0
2830,281.583745625,76.32499694824219,16.949996948242188,182.35000610351562,461.1000061035156,76.32499694824219,16.949996948242188,182.35000610351562,461.1000061035156,nan,nan,nan,nan,0.7052664756774902,nan,0,nan,nan,nan,TRACKING,0.07815848300015205,0.0,0.0,9.957034698290492,0,0,0,0.0,0.0,1.0,0,0,0,0,9,4,0
2831,281.66747873099996,76.32499694824219,16.949996948242188,182.35000610351562,461.1000061035156,76.32499694824219,16.949996948242188,182.35000610351562,461.1000061035156,nan,nan,nan,nan,0.693937361240387,nan,0,nan,nan,nan,TRACKING,0.057205531000136034,0.0,0.0,11.942707583312949,0,0,0,0.0,0.0,1.0,0,0,0,0,9,4,0
2832,281.800899536,76.32499694824219,16.949996948242188,182.35000610351562,461.1000061035156,76.32499694824219,16.949996948242188,182.35000610351562,461.1000061035156,nan,nan,nan,nan,0.6779375076293945,nan,0,nan,nan,nan,TRACKING,0.10821684499978801,0.0,0.0,7.49508294452198,0,0,0,0.0,0.0,1.0,0,0,0,0,9,4,0
2833,281.877725079,76.32499694824219,16.949996948242188,182.35000610351562,461.1000061035156,76.32499694824219,16.949996948242188,182.35000610351562,461.1000061035156,nan,nan,nan,nan,0.7007563710212708,nan,0,nan,nan,nan,TRACKING,0.050618338000049334,0.0,0.0,13.016504159293326,0,0,0,0.0,0.0,1.0,0,0,0,0,9,4,0
2834,281.97132866100003,76.32499694824219,16.949996948242188,182.35000610351562,461.1000061035156,76.32499694824219,16.949996948242188,182.35000610351562,461.1000061035156,nan,nan,nan,nan,0.6988146901130676,nan,0,nan,nan,nan,TRACKING,0.06921291799994833,0.0,0.0,10.683351840102096,0,0,0,0.0,0.0,1.0,0,0,0,0,9,4,0
2835,282.3284141600001,76.32499694824219,16.949996948242188,182.35000610351562,461.1000061035156,76.32499694824219,16.949996948242188,182.35000610351562,461.1000061035156,209.0,0.0,200.0,478.0,0.6992753148078918,0.924141,1,0.14608251574617245,0.17719383807006384,1.1369908825420876,DETECTOR_CONFIRMED,0.0677582580001399,0.26520449700001336,0.0,2.800449760072336,0,0,0,0.0,0.0,1.0,0,0,0,0,9,4,0
2836,282.4017918850001,76.32499694824219,16.949996948242188,182.35000610351562,461.1000061035156,76.32499694824219,16.949996948242188,182.35000610351562,461.1000061035156,nan,nan,nan,nan,0.696163535118103,nan,0,nan,nan,nan,TRACKING,0.04411453300008361,0.0,0.0,13.628113981456854,0,0,0,0.0,0.0,1.0,0,0,0,0,9,4,0
2837,282.4879947190001,76.32499694824219,16.949996948242188,182.35000610351562,461.1000061035156,76.32499694824219,16.949996948242188,182.35000610351562,461.1000061035156,nan,nan,nan,nan,0.6966913342475891,nan,0,nan,nan,nan,TRACKING,0.05563435900012337,0.0,0.0,11.600546682722056,0,0,0,0.0,0.0,1.0,0,0,0,0,9,4,0
2838,282.5601919050001,76.32499694824219,16.949996948242188,182.35000610351562,461.1000061035156,76.32499694824219,16.949996948242188,182.35000610351562,461.1000061035156,nan,nan,nan,nan,0.6953549385070801,nan,0,nan,nan,nan,TRACKING,0.04867611899999247,0.0,0.0,13.850955354401954,0,0,0,0.0,0.0,1.0,0,0,0,0,9,4,0
2839,282.63253075900013,76.32499694824219,16.949996948242188,182.35000610351562,461.1000061035156,76.32499694824219,16.949996948242188,182.35000610351562,461.1000061035156,nan,nan,nan,nan,0.6935904026031494,nan,0,nan,nan,nan,TRACKING,0.046966871999984505,0.0,0.0,13.82382972226626,0,0,0,0.0,0.0,1.0,0,0,0,0,9,4,0
2840,282.725559696,76.32499694824219,16.949996948242188,182.35000610351562,461.1000061035156,76.32499694824219,16.949996948242188,182.35000610351562,461.1000061035156,nan,nan,nan,nan,0.6958976984024048,nan,0,nan,nan,nan,TRACKING,0.060668816999850605,0.0,0.0,10.749343508046083,0,0,0,0.0,0.0,1.0,0,0,0,0,9,4,0
2841,282.795236736,76.32499694824219,16.949996948242188,182.35000610351562,461.1000061035156,76.32499694824219,16.949996948242188,182.35000610351562,461.1000061035156,nan,nan,nan,nan,0.6952774524688721,nan,0,nan,nan,nan,TRACKING,0.047152865000043676,0.0,0.0,14.351929990139876,0,0,0,0.0,0.0,1.0,0,0,0,0,9,4,0
2842,282.86625426600006,76.32499694824219,16.949996948242188,182.35000610351562,461.1000061035156,76.32499694824219,16.949996948242188,182.35000610351562,461.1000061035156,nan,nan,nan,nan,0.6965675950050354,nan,0,nan,nan,nan,TRACKING,0.047533809000015026,0.0,0.0,14.081030415998912,0,0,0,0.0,0.0,1.0,0,0,0,0,9,4,0
2843,282.95742379700016,76.32499694824219,16.949996948242188,182.35000610351562,461.1000061035156,76.32499694824219,16.949996948242188,182.35000610351562,461.1000061035156,nan,nan,nan,nan,0.6990836262702942,nan,0,nan,nan,nan,TRACKING,0.06208326800015129,0.0,0.0,10.968576771540567,0,0,0,0.0,0.0,1.0,0,0,0,0,9,4,0
2844,283.029330144,76.32499694824219,16.949996948242188,182.35000610351562,461.1000061035156,76.32499694824219,16.949996948242188,182.35000610351562,461.1000061035156,nan,nan,nan,nan,0.6987701654434204,nan,0,nan,nan,nan,TRACKING,0.04809371400006057,0.0,0.0,13.90697819765264,0,0,0,0.0,0.0,1.0,0,0,0,0,9,4,0
2845,283.1043100840001,76.32499694824219,16.949996948242188,182.35000610351562,461.1000061035156,76.32499694824219,16.949996948242188,182.35000610351562,461.1000061035156,nan,nan,nan,nan,0.6977339386940002,nan,0,nan,nan,nan,TRACKING,0.04659436499991898,0.0,0.0,13.336900509647712,0,0,0,0.0,0.0,1.0,0,0,0,0,9,4,0
2846,283.18126786899995,76.32499694824219,16.949996948242188,182.35000610351562,461.1000061035156,76.32499694824219,16.949996948242188,182.35000610351562,461.1000061035156,nan,nan,nan,nan,0.6966500878334045,nan,0,nan,nan,nan,TRACKING,0.05356468899981337,0.0,0.0,12.994136980444546,0,0,0,0.0,0.0,1.0,0,0,0,0,9,4,0
2847,283.27109196000004,76.32499694824219,16.949996948242188,182.35000610351562,461.1000061035156,76.32499694824219,16.949996948242188,182.35000610351562,461.1000061035156,nan,nan,nan,nan,0.6990901827812195,nan,0,nan,nan,nan,TRACKING,0.05769637200000943,0.0,0.0,11.132870801877463,0,0,0,0.0,0.0,1.0,0,0,0,0,9,4,0
2848,283.34832193700015,76.32499694824219,16.949996948242188,182.35000610351562,461.1000061035156,76.32499694824219,16.949996948242188,182.35000610351562,461.1000061035156,nan,nan,nan,nan,0.6946278214454651,nan,0,nan,nan,nan,TRACKING,0.05200080899999193,0.0,0.0,12.948339994954354,0,0,0,0.0,0.0,1.0,0,0,0,0,9,4,0
2849,283.42523477299994,76.32499694824219,16.949996948242188,182.35000610351562,461.1000061035156,76.32499694824219,16.949996948242188,182.35000610351562,461.1000061035156,nan,nan,nan,nan,0.6950122714042664,nan,0,nan,nan,nan,TRACKING,0.05160429199986538,0.0,0.0,13.001730946479498,0,0,0,0.0,0.0,1.0,0,0,0,0,9,4,0
2850,283.817933099,76.32499694824219,16.949996948242188,182.35000610351562,461.1000061035156,76.32499694824219,16.949996948242188,182.35000610351562,461.1000061035156,209.0,0.0,205.0,480.0,0.6966566443443298,0.9505,1,0.14353712573924016,0.18024397528072886,1.170291870733697,DETECTOR_CONFIRMED,0.04774599899997156,0.31398874100000285,0.0,2.546483989849795,0,0,0,0.0,0.0,1.0,0,0,0,0,9,4,0
2851,283.90863158000013,76.32499694824219,16.949996948242188,182.35000610351562,461.1000061035156,76.32499694824219,16.949996948242188,182.35000610351562,461.1000061035156,nan,nan,nan,nan,0.7010713219642639,nan,0,nan,nan,nan,TRACKING,0.06261775600000874,0.0,0.0,11.025542974624928,0,0,0,0.0,0.0,1.0,0,0,0,0,9,4,0
2852,283.9934257440001,76.32499694824219,16.949996948242188,182.35000610351562,461.1000061035156,76.32499694824219,16.949996948242188,182.35000610351562,461.1000061035156,nan,nan,nan,nan,0.697920024394989,nan,0,nan,nan,nan,TRACKING,0.06081585099991571,0.0,0.0,11.793264451554517,0,0,0,0.0,0.0,1.0,0,0,0,0,9,4,0
2853,284.069037309,76.32499694824219,16.949996948242188,182.35000610351562,461.1000061035156,76.32499694824219,16.949996948242188,182.35000610351562,461.1000061035156,nan,nan,nan,nan,0.7004963159561157,nan,0,nan,nan,nan,TRACKING,0.0529019690000041,0.0,0.0,13.225490042443806,0,0,0,0.0,0.0,1.0,0,0,0,0,9,4,0
2854,284.15666042600003,76.32499694824219,16.949996948242188,182.35000610351562,461.1000061035156,76.32499694824219,16.949996948242188,182.35000610351562,461.1000061035156,nan,nan,nan,nan,0.6982333660125732,nan,0,nan,nan,nan,TRACKING,0.06152659200006383,0.0,0.0,11.412513435236049,0,0,0,0.0,0.0,1.0,0,0,0,0,9,4,0
2855,284.23023440400004,76.32499694824219,16.949996948242188,182.35000610351562,461.1000061035156,76.32499694824219,16.949996948242188,182.35000610351562,461.1000061035156,nan,nan,nan,nan,0.7004871368408203,nan,0,nan,nan,nan,TRACKING,0.04724276199999622,0.0,0.0,13.59176202216254,0,0,0,0.0,0.0,1.0,0,0,0,0,9,4,0
2856,284.3019796550001,76.32499694824219,16.949996948242188,182.35000610351562,461.1000061035156,76.32499694824219,16.949996948242188,182.35000610351562,461.1000061035156,nan,nan,nan,nan,0.7001619338989258,nan,0,nan,nan,nan,TRACKING,0.0481290259999696,0.0,0.0,13.93820477399213,0,0,0,0.0,0.0,1.0,0,0,0,0,9,4,0
2857,284.4166577510001,76.32499694824219,16.949996948242188,182.35000610351562,461.1000061035156,76.32499694824219,16.949996948242188,182.35000610351562,461.1000061035156,nan,nan,nan,nan,0.7007650136947632,nan,0,nan,nan,nan,TRACKING,0.08935715600000549,0.0,0.0,8.720061065538633,0,0,0,0.0,0.0,1.0,0,0,0,0,9,4,0
2858,284.50612860700005,76.32499694824219,16.949996948242188,182.35000610351562,461.1000061035156,76.32499694824219,16.949996948242188,182.35000610351562,461.1000061035156,nan,nan,nan,nan,0.751116156578064,nan,0,nan,nan,nan,TRACKING,0.06623198200009028,0.0,0.0,11.176823881071764,0,0,0,0.0,0.0,1.0,0,0,0,0,9,4,0
2859,284.58001493400013,76.32499694824219,16.949996948242188,182.35000610351562,461.1000061035156,76.32499694824219,16.949996948242188,182.35000610351562,461.1000061035156,nan,nan,nan,nan,0.7520027756690979,nan,0,nan,nan,nan,TRACKING,0.047663497000030475,0.0,0.0,13.534303850276519,0,0,0,0.0,0.0,1.0,0,0,0,0,9,4,0
2860,284.659075358,76.32499694824219,16.949996948242188,182.35000610351562,461.1000061035156,76.32499694824219,16.949996948242188,182.35000610351562,461.1000061035156,nan,nan,nan,nan,0.7515963912010193,nan,0,nan,nan,nan,TRACKING,0.051170379000041066,0.0,0.0,12.648553465912782,0,0,0,0.0,0.0,1.0,0,0,0,0,9,4,0
2861,284.7326886080001,76.32499694824219,16.949996948242188,182.35000610351562,461.1000061035156,76.32499694824219,16.949996948242188,182.35000610351562,461.1000061035156,nan,nan,nan,nan,0.7508147358894348,nan,0,nan,nan,nan,TRACKING,0.04639081999994232,0.0,0.0,13.584510940605632,0,0,0,0.0,0.0,1.0,0,0,0,0,9,4,0
2862,284.8086374170001,76.32499694824219,16.949996948242188,182.35000610351562,461.1000061035156,76.32499694824219,16.949996948242188,182.35000610351562,461.1000061035156,nan,nan,nan,nan,0.7488217353820801,nan,0,nan,nan,nan,TRACKING,0.05225461500003803,0.0,0.0,13.166763418236915,0,0,0,0.0,0.0,1.0,0,0,0,0,9,4,0
2863,284.90095076800014,76.32499694824219,16.949996948242188,182.35000610351562,461.1000061035156,76.32499694824219,16.949996948242188,182.35000610351562,461.1000061035156,nan,nan,nan,nan,0.7529770135879517,nan,0,nan,nan,nan,TRACKING,0.06260775500004456,0.0,0.0,10.832669263622304,0,0,0,0.0,0.0,1.0,0,0,0,0,9,4,0
2864,284.970792706,76.32499694824219,16.949996948242188,182.35000610351562,461.1000061035156,76.32499694824219,16.949996948242188,182.35000610351562,461.1000061035156,nan,nan,nan,nan,0.7457999587059021,nan,0,nan,nan,nan,TRACKING,0.043930934999934834,0.0,0.0,14.318044840080034,0,0,0,0.0,0.0,1.0,0,0,0,0,9,4,0
2865,285.28741976899994,76.32499694824219,16.949996948242188,182.35000610351562,461.1000061035156,76.32499694824219,16.949996948242188,182.35000610351562,461.1000061035156,210.0,0.0,204.0,480.0,0.7499488592147827,0.93923,1,0.1406642615566109,0.1808681322123939,1.1645831299008496,DETECTOR_CONFIRMED,0.044159271999888006,0.24797321799997007,0.0,3.158289725853864,0,0,0,0.0,0.0,1.0,0,0,0,0,9,4,0
2866,285.369632172,76.32499694824219,16.949996948242188,182.35000610351562,461.1000061035156,76.32499694824219,16.949996948242188,182.35000610351562,461.1000061035156,nan,nan,nan,nan,0.7513335943222046,nan,0,nan,nan,nan,TRACKING,0.05352869799980908,0.0,0.0,12.163614777188373,0,0,0,0.0,0.0,1.0,0,0,0,0,9,4,0
2867,285.4398501050001,76.32499694824219,16.949996948242188,182.35000610351562,461.1000061035156,76.32499694824219,16.949996948242188,182.35000610351562,461.1000061035156,nan,nan,nan,nan,0.7524299025535583,nan,0,nan,nan,nan,TRACKING,0.047100310999894646,0.0,0.0,14.241376202268079,0,0,0,0.0,0.0,1.0,0,0,0,0,9,4,0
2868,285.51256224600013,76.32499694824219,16.949996948242188,182.35000610351562,461.1000061035156,76.32499694824219,16.949996948242188,182.35000610351562,461.1000061035156,nan,nan,nan,nan,0.7522081732749939,nan,0,nan,nan,nan,TRACKING,0.046164357999941785,0.0,0.0,13.752861437539712,0,0,0,0.0,0.0,1.0,0,0,0,0,9,4,0
2869,285.60829872600004,76.32499694824219,16.949996948242188,182.35000610351562,461.1000061035156,76.32499694824219,16.949996948242188,182.35000610351562,461.1000061035156,nan,nan,nan,nan,0.7521895170211792,nan,0,nan,nan,nan,TRACKING,0.06926156299982722,0.0,0.0,10.445339122567463,0,0,0,0.0,0.0,1.0,0,0,0,0,9,4,0
2870,285.6819682270001,76.32499694824219,16.949996948242188,182.35000610351562,461.1000061035156,76.32499694824219,16.949996948242188,182.35000610351562,461.1000061035156,nan,nan,nan,nan,0.7507672905921936,nan,0,nan,nan,nan,TRACKING,0.050455521999992925,0.0,0.0,13.574138366967526,0,0,0,0.0,0.0,1.0,0,0,0,0,9,4,0
2871,285.74881261400003,76.32499694824219,16.949996948242188,182.35000610351562,461.1000061035156,76.32499694824219,16.949996948242188,182.35000610351562,461.1000061035156,nan,nan,nan,nan,0.7508878111839294,nan,0,nan,nan,nan,TRACKING,0.04325217399991743,0.0,0.0,14.960119239343182,0,0,0,0.0,0.0,1.0,0,0,0,0,9,4,0
2872,285.82961791000014,76.32499694824219,16.949996948242188,182.35000610351562,461.1000061035156,76.32499694824219,16.949996948242188,182.35000610351562,461.1000061035156,nan,nan,nan,nan,0.7537489533424377,nan,0,nan,nan,nan,TRACKING,0.0524364410000544,0.0,0.0,12.375426481930916,0,0,0,0.0,0.0,1.0,0,0,0,0,9,4,0
2873,285.9083261920001,76.32499694824219,16.949996948242188,182.35000610351562,461.1000061035156,76.32499694824219,16.949996948242188,182.35000610351562,461.1000061035156,nan,nan,nan,nan,0.7527434825897217,nan,0,nan,nan,nan,TRACKING,0.05304212800001551,0.0,0.0,12.70514327831802,0,0,0,0.0,0.0,1.0,0,0,0,0,9,4,0
2874,286.0100359480001,76.32499694824219,16.949996948242188,182.35000610351562,461.1000061035156,76.32499694824219,16.949996948242188,182.35000610351562,461.1000061035156,nan,nan,nan,nan,0.7484006285667419,nan,0,nan,nan,nan,TRACKING,0.0728371430000152,0.0,0.0,9.831898525054838,0,0,0,0.0,0.0,1.0,0,0,0,0,9,4,0
2875,286.087542803,76.32499694824219,16.949996948242188,182.35000610351562,461.1000061035156,76.32499694824219,16.949996948242188,182.35000610351562,461.1000061035156,nan,nan,nan,nan,0.7523533701896667,nan,0,nan,nan,nan,TRACKING,0.043938123000089035,0.0,0.0,12.902084596274157,0,0,0,0.0,0.0,1.0,0,0,0,0,9,4,0
2876,286.15955253699997,76.32499694824219,16.949996948242188,182.35000610351562,461.1000061035156,76.32499694824219,16.949996948242188,182.35000610351562,461.1000061035156,nan,nan,nan,nan,0.7530359625816345,nan,0,nan,nan,nan,TRACKING,0.048834557999953176,0.0,0.0,13.887011442101938,0,0,0,0.0,0.0,1.0,0,0,0,0,9,4,0
2877,286.23938328500014,76.32499694824219,16.949996948242188,182.35000610351562,461.1000061035156,76.32499694824219,16.949996948242188,182.35000610351562,461.1000061035156,nan,nan,nan,nan,0.7531739473342896,nan,0,nan,nan,nan,TRACKING,0.05487590799998543,0.0,0.0,12.52650169327971,0,0,0,0.0,0.0,1.0,0,0,0,0,9,4,0
2878,286.30663418899996,76.32499694824219,16.949996948242188,182.35000610351562,461.1000061035156,76.32499694824219,16.949996948242188,182.35000610351562,461.1000061035156,nan,nan,nan,nan,0.7537908554077148,nan,0,nan,nan,nan,TRACKING,0.04291935600008401,0.0,0.0,14.869688591883778,0,0,0,0.0,0.0,1.0,0,0,0,0,9,4,0
2879,286.38191527800006,76.32499694824219,16.949996948242188,182.35000610351562,461.1000061035156,76.32499694824219,16.949996948242188,182.35000610351562,461.1000061035156,nan,nan,nan,nan,0.7497968673706055,nan,0,nan,nan,nan,TRACKING,0.04723088600007941,0.0,0.0,13.283548541635339,0,0,0,0.0,0.0,1.0,0,0,0,0,9,4,0
2880,286.76420941699996,76.32499694824219,16.949996948242188,182.35000610351562,461.1000061035156,76.32499694824219,16.949996948242188,182.35000610351562,461.1000061035156,210.0,0.0,205.0,480.0,0.7538436055183411,0.940389,1,0.1402423677712244,0.18149229494664504,1.170291870733697,DETECTOR_CONFIRMED,0.05430318999992778,0.2989599470001849,0.0,2.615786898057237,0,0,0,0.0,0.0,1.0,0,0,0,0,9,4,0
2881,286.850574856,76.32499694824219,16.949996948242188,182.35000610351562,461.1000061035156,76.32499694824219,16.949996948242188,182.35000610351562,461.1000061035156,nan,nan,nan,nan,0.7510819435119629,nan,0,nan,nan,nan,TRACKING,0.05292400099983752,0.0,0.0,11.578705690360437,0,0,0,0.0,0.0,1.0,0,0,0,0,9,4,0
2882,286.97262145900015,76.32499694824219,16.949996948242188,182.35000610351562,461.1000061035156,76.32499694824219,16.949996948242188,182.35000610351562,461.1000061035156,nan,nan,nan,nan,0.7514047622680664,nan,0,nan,nan,nan,TRACKING,0.0937099360000957,0.0,0.0,8.193591426699466,0,0,0,0.0,0.0,1.0,0,0,0,0,9,4,0
2883,287.04490150899994,76.32499694824219,16.949996948242188,182.35000610351562,461.1000061035156,76.32499694824219,16.949996948242188,182.35000610351562,461.1000061035156,nan,nan,nan,nan,0.7672958374023438,nan,0,nan,nan,nan,TRACKING,0.046034042999963276,0.0,0.0,13.835076207098673,0,0,0,0.0,0.0,1.0,0,0,0,0,9,4,0
2884,287.13089631700007,76.32499694824219,16.949996948242188,182.35000610351562,461.1000061035156,76.32499694824219,16.949996948242188,182.35000610351562,461.1000061035156,nan,nan,nan,nan,0.7698400616645813,nan,0,nan,nan,nan,TRACKING,0.06258119199992507,0.0,0.0,11.628609020193032,0,0,0,0.0,0.0,1.0,0,0,0,0,9,4,0
2885,287.20969361000004,76.32499694824219,16.949996948242188,182.35000610351562,461.1000061035156,76.32499694824219,16.949996948242188,182.35000610351562,461.1000061035156,nan,nan,nan,nan,0.7664007544517517,nan,0,nan,nan,nan,TRACKING,0.05052510699988488,0.0,0.0,12.690791294064615,0,0,0,0.0,0.0,1.0,0,0,0,0,9,4,0
2886,287.29542528800005,76.32499694824219,16.949996948242188,182.35000610351562,461.1000061035156,76.32499694824219,16.949996948242188,182.35000610351562,461.1000061035156,nan,nan,nan,nan,0.7644128203392029,nan,0,nan,nan,nan,TRACKING,0.05886149499997373,0.0,0.0,11.664299863581086,0,0,0,0.0,0.0,1.0,0,0,0,0,9,4,0
2887,287.364326324,76.32499694824219,16.949996948242188,182.35000610351562,461.1000061035156,76.32499694824219,16.949996948242188,182.35000610351562,461.1000061035156,nan,nan,nan,nan,0.7661914825439453,nan,0,nan,nan,nan,TRACKING,0.04494876400008252,0.0,0.0,14.513569868540564,0,0,0,0.0,0.0,1.0,0,0,0,0,9,4,0
2888,287.44793468599994,76.32499694824219,16.949996948242188,182.35000610351562,461.1000061035156,76.32499694824219,16.949996948242188,182.35000610351562,461.1000061035156,nan,nan,nan,nan,0.768897533416748,nan,0,nan,nan,nan,TRACKING,0.05611384499979977,0.0,0.0,11.960526149293523,0,0,0,0.0,0.0,1.0,0,0,0,0,9,4,0
2889,287.54247395899995,76.32499694824219,16.949996948242188,182.35000610351562,461.1000061035156,76.32499694824219,16.949996948242188,182.35000610351562,461.1000061035156,nan,nan,nan,nan,0.7686599493026733,nan,0,nan,nan,nan,TRACKING,0.07090643399988039,0.0,0.0,10.577614659675882,0,0,0,0.0,0.0,1.0,0,0,0,0,9,4,0
2890,287.61809677200006,76.32499694824219,16.949996948242188,182.35000610351562,461.1000061035156,76.32499694824219,16.949996948242188,182.35000610351562,461.1000061035156,nan,nan,nan,nan,0.7700797319412231,nan,0,nan,nan,nan,TRACKING,0.04802220099986698,0.0,0.0,13.223522907016926,0,0,0,0.0,0.0,1.0,0,0,0,0,9,4,0
2891,287.6906933900001,76.32499694824219,16.949996948242188,182.35000610351562,461.1000061035156,76.32499694824219,16.949996948242188,182.35000610351562,461.1000061035156,nan,nan,nan,nan,0.7693682312965393,nan,0,nan,nan,nan,TRACKING,0.04972113500002706,0.0,0.0,13.774746366277418,0,0,0,0.0,0.0,1.0,0,0,0,0,9,4,0
2892,287.77532359200006,76.32499694824219,16.949996948242188,182.35000610351562,461.1000061035156,76.32499694824219,16.949996948242188,182.35000610351562,461.1000061035156,nan,nan,nan,nan,0.768066942691803,nan,0,nan,nan,nan,TRACKING,0.05955010000002403,0.0,0.0,11.816112644990977,0,0,0,0.0,0.0,1.0,0,0,0,0,9,4,0
2893,287.85723484200014,76.32499694824219,16.949996948242188,182.35000610351562,461.1000061035156,76.32499694824219,16.949996948242188,182.35000610351562,461.1000061035156,nan,nan,nan,nan,0.764636218547821,nan,0,nan,nan,nan,TRACKING,0.05915394700014076,0.0,0.0,12.208335240874447,0,0,0,0.0,0.0,1.0,0,0,0,0,9,4,0
2894,287.94833384900005,76.32499694824219,16.949996948242188,182.35000610351562,461.1000061035156,76.32499694824219,16.949996948242188,182.35000610351562,461.1000061035156,nan,nan,nan,nan,0.7647959589958191,nan,0,nan,nan,nan,TRACKING,0.06759710799997265,0.0,0.0,10.977068059599931,0,0,0,0.0,0.0,1.0,0,0,0,0,9,4,0
2895,288.23672950499997,76.32499694824219,16.949996948242188,182.35000610351562,461.1000061035156,76.32499694824219,16.949996948242188,182.35000610351562,461.1000061035156,209.0,0.0,207.0,480.0,0.7656674981117249,0.927861,1,0.14267878082601734,0.18149229494664504,1.1817093523993916,DETECTOR_CONFIRMED,0.045937583000068116,0.21794980300001043,0.0,3.467458608323405,0,0,0,0.0,0.0,1.0,0,0,0,0,9,4,0
2896,288.317905066,76.32499694824219,16.949996948242188,182.35000610351562,461.1000061035156,76.32499694824219,16.949996948242188,182.35000610351562,461.1000061035156,nan,nan,nan,nan,0.7641184329986572,nan,0,nan,nan,nan,TRACKING,0.04926461700006257,0.0,0.0,12.318978614756821,0,0,0,0.0,0.0,1.0,0,0,0,0,9,4,0
2897,288.3891744220001,76.32499694824219,16.949996948242188,182.35000610351562,461.1000061035156,76.32499694824219,16.949996948242188,182.35000610351562,461.1000061035156,nan,nan,nan,nan,0.7677023410797119,nan,0,nan,nan,nan,TRACKING,0.04799574200001189,0.0,0.0,14.031275938541919,0,0,0,0.0,0.0,1.0,0,0,0,0,9,4,0
2898,288.476042056,76.32499694824219,16.949996948242188,182.35000610351562,461.1000061035156,76.32499694824219,16.949996948242188,182.35000610351562,461.1000061035156,nan,nan,nan,nan,0.7675098776817322,nan,0,nan,nan,nan,TRACKING,0.058894827999893096,0.0,0.0,11.511767432292029,0,0,0,0.0,0.0,1.0,0,0,0,0,9,4,0
2899,288.5467389030001,76.32499694824219,16.949996948242188,182.35000610351562,461.1000061035156,76.32499694824219,16.949996948242188,182.35000610351562,461.1000061035156,nan,nan,nan,nan,0.7658222317695618,nan,0,nan,nan,nan,TRACKING,0.044099531000028946,0.0,0.0,14.144902388618277,0,0,0,0.0,0.0,1.0,0,0,0,0,9,4,0
2900,288.62142279400007,76.32499694824219,16.949996948242188,182.35000610351562,461.1000061035156,76.32499694824219,16.949996948242188,182.35000610351562,461.1000061035156,nan,nan,nan,nan,0.7671709656715393,nan,0,nan,nan,nan,TRACKING,0.050758807999955025,0.0,0.0,13.389768350455578,0,0,0,0.0,0.0,1.0,0,0,0,0,9,4,0
2901,288.6984891210001,76.32499694824219,16.949996948242188,182.35000610351562,461.1000061035156,76.32499694824219,16.949996948242188,182.35000610351562,461.1000061035156,nan,nan,nan,nan,0.7612882852554321,nan,0,nan,nan,nan,TRACKING,0.05460100699997383,0.0,0.0,12.975835736921164,0,0,0,0.0,0.0,1.0,0,0,0,0,9,4,0
2902,288.77750553199996,76.32499694824219,16.949996948242188,182.35000610351562,461.1000061035156,76.32499694824219,16.949996948242188,182.35000610351562,461.1000061035156,nan,nan,nan,nan,0.7731968760490417,nan,0,nan,nan,nan,TRACKING,0.05192971299993587,0.0,0.0,12.655598847706038,0,0,0,0.0,0.0,1.0,0,0,0,0,9,4,0
2903,288.8499152190001,76.32499694824219,16.949996948242188,182.35000610351562,461.1000061035156,76.32499694824219,16.949996948242188,182.35000610351562,461.1000061035156,nan,nan,nan,nan,0.7920247912406921,nan,0,nan,nan,nan,TRACKING,0.04628050499991332,0.0,0.0,13.81030689993696,0,0,0,0.0,0.0,1.0,0,0,0,0,9,4,0
2904,288.93316841800004,76.32499694824219,16.949996948242188,182.35000610351562,461.1000061035156,76.32499694824219,16.949996948242188,182.35000610351562,461.1000061035156,nan,nan,nan,nan,0.792682409286499,nan,0,nan,nan,nan,TRACKING,0.05590628899994954,0.0,0.0,12.0115504510588,0,0,0,0.0,0.0,1.0,0,0,0,0,9,4,0
2905,289.01080558800015,76.32499694824219,16.949996948242188,182.35000610351562,461.1000061035156,76.32499694824219,16.949996948242188,182.35000610351562,461.1000061035156,nan,nan,nan,nan,0.8005891442298889,nan,0,nan,nan,nan,TRACKING,0.04370369100001881,0.0,0.0,12.880428279373152,0,0,0,0.0,0.0,1.0,0,0,0,0,9,4,0
2906,289.08871869899997,76.32499694824219,16.949996948242188,182.35000610351562,461.1000061035156,76.32499694824219,16.949996948242188,182.35000610351562,461.1000061035156,nan,nan,nan,nan,0.802361786365509,nan,0,nan,nan,nan,TRACKING,0.05132235899986881,0.0,0.0,12.834810305576939,0,0,0,0.0,0.0,1.0,0,0,0,0,9,4,0
2907,289.224050572,76.32499694824219,16.949996948242188,182.35000610351562,461.1000061035156,76.32499694824219,16.949996948242188,182.35000610351562,461.1000061035156,nan,nan,nan,nan,0.8049004673957825,nan,0,nan,nan,nan,TRACKING,0.11047437899992474,0.0,0.0,7.389242296230519,0,0,0,0.0,0.0,1.0,0,0,0,0,9,4,0
2908,289.2935107310001,76.32499694824219,16.949996948242188,182.35000610351562,461.1000061035156,76.32499694824219,16.949996948242188,182.35000610351562,461.1000061035156,nan,nan,nan,nan,0.8050384521484375,nan,0,nan,nan,nan,TRACKING,0.04508642299992971,0.0,0.0,14.39674216695861,0,0,0,0.0,0.0,1.0,0,0,0,0,9,4,0
2909,289.36056814200003,76.32499694824219,16.949996948242188,182.35000610351562,461.1000061035156,76.32499694824219,16.949996948242188,182.35000610351562,461.1000061035156,nan,nan,nan,nan,0.7995668053627014,nan,0,nan,nan,nan,TRACKING,0.044102291999934096,0.0,0.0,14.91259482118592,0,0,0,0.0,0.0,1.0,0,0,0,0,9,4,0
2910,289.7334213380001,76.32499694824219,16.949996948242188,182.35000610351562,461.1000061035156,76.32499694824219,16.949996948242188,182.35000610351562,461.1000061035156,225.0,2.0,215.0,472.0,0.790790319442749,0.966631,1,0.09044556311567249,0.20659157321875452,1.2069229577444671,DETECTOR_CONFIRMED,0.04750740000008591,0.29742538599998625,0.0,2.6820207275355186,0,0,0,0.0,0.0,1.0,0,0,0,0,9,4,0
2911,289.80960572200013,76.32499694824219,16.949996948242188,182.35000610351562,461.1000061035156,76.32499694824219,16.949996948242188,182.35000610351562,461.1000061035156,nan,nan,nan,nan,0.801429271697998,nan,0,nan,nan,nan,TRACKING,0.05388031799998316,0.0,0.0,13.126049558915186,0,0,0,0.0,0.0,1.0,0,0,0,0,9,4,0
2912,289.8823109870001,76.32499694824219,16.949996948242188,182.35000610351562,461.1000061035156,76.32499694824219,16.949996948242188,182.35000610351562,461.1000061035156,nan,nan,nan,nan,0.8080564141273499,nan,0,nan,nan,nan,TRACKING,0.04595701000016561,0.0,0.0,13.754162095419684,0,0,0,0.0,0.0,1.0,0,0,0,0,9,4,0
2913,289.95577381600003,76.32499694824219,16.949996948242188,182.35000610351562,461.1000061035156,76.32499694824219,16.949996948242188,182.35000610351562,461.1000061035156,nan,nan,nan,nan,0.8122885227203369,nan,0,nan,nan,nan,TRACKING,0.045155434000207606,0.0,0.0,13.612326309960999,0,0,0,0.0,0.0,1.0,0,0,0,0,9,4,0
2914,290.03416302900007,76.32499694824219,16.949996948242188,182.35000610351562,461.1000061035156,76.32499694824219,16.949996948242188,182.35000610351562,461.1000061035156,nan,nan,nan,nan,0.8188871741294861,nan,0,nan,nan,nan,TRACKING,0.05403016400009619,0.0,0.0,12.756857247687014,0,0,0,0.0,0.0,1.0,0,0,0,0,9,4,0
2915,290.11208567100005,76.32499694824219,16.949996948242188,182.35000610351562,461.1000061035156,76.32499694824219,16.949996948242188,182.35000610351562,461.1000061035156,nan,nan,nan,nan,0.8293077945709229,nan,0,nan,nan,nan,TRACKING,0.047086507999893,0.0,0.0,12.833240433509806,0,0,0,0.0,0.0,1.0,0,0,0,0,9,4,0
2916,290.18777161000014,76.32499694824219,16.949996948242188,182.35000610351562,461.1000061035156,76.32499694824219,16.949996948242188,182.35000610351562,461.1000061035156,nan,nan,nan,nan,0.8219373226165771,nan,0,nan,nan,nan,TRACKING,0.04810261900001933,0.0,0.0,13.212493802828273,0,0,0,0.0,0.0,1.0,0,0,0,0,9,4,0
2917,290.261136833,76.32499694824219,16.949996948242188,182.35000610351562,461.1000061035156,76.32499694824219,16.949996948242188,182.35000610351562,461.1000061035156,nan,nan,nan,nan,0.8250880241394043,nan,0,nan,nan,nan,TRACKING,0.05102698999985478,0.0,0.0,13.630436317239873,0,0,0,0.0,0.0,1.0,0,0,0,0,9,4,0
2918,290.33474872700015,76.32499694824219,16.949996948242188,182.35000610351562,461.1000061035156,76.32499694824219,16.949996948242188,182.35000610351562,461.1000061035156,nan,nan,nan,nan,0.8246192336082458,nan,0,nan,nan,nan,TRACKING,0.05019546500011529,0.0,0.0,13.584761180011538,0,0,0,0.0,0.0,1.0,0,0,0,0,9,4,0
2919,290.4042477920001,76.32499694824219,16.949996948242188,182.35000610351562,461.1000061035156,76.32499694824219,16.949996948242188,182.35000610351562,461.1000061035156,nan,nan,nan,nan,0.7926521301269531,nan,0,nan,nan,nan,TRACKING,0.04599576099985825,0.0,0.0,14.388682783009894,0,0,0,0.0,0.0,1.0,0,0,0,0,9,4,0
2920,290.47378722300016,76.32499694824219,16.949996948242188,182.35000610351562,461.1000061035156,76.32499694824219,16.949996948242188,182.35000610351562,461.1000061035156,nan,nan,nan,nan,0.7638989686965942,nan,0,nan,nan,nan,TRACKING,0.04427713799987032,0.0,0.0,14.380330491905278,0,0,0,0.0,0.0,1.0,0,0,0,0,9,4,0
2921,290.541692981,76.32499694824219,16.949996948242188,182.35000610351562,461.1000061035156,76.32499694824219,16.949996948242188,182.35000610351562,461.1000061035156,nan,nan,nan,nan,0.7687398791313171,nan,0,nan,nan,nan,TRACKING,0.04341519700005847,0.0,0.0,14.726291693888268,0,0,0,0.0,0.0,1.0,0,0,0,0,9,4,0
2922,290.616074315,76.32499694824219,16.949996948242188,182.35000610351562,461.1000061035156,76.32499694824219,16.949996948242188,182.35000610351562,461.1000061035156,nan,nan,nan,nan,0.7725476026535034,nan,0,nan,nan,nan,TRACKING,0.04625571300016418,0.0,0.0,13.444233199688,0,0,0,0.0,0.0,1.0,0,0,0,0,9,4,0
2923,290.69654840500004,76.32499694824219,16.949996948242188,182.35000610351562,461.1000061035156,76.32499694824219,16.949996948242188,182.35000610351562,461.1000061035156,nan,nan,nan,nan,0.775682270526886,nan,0,nan,nan,nan,TRACKING,0.05675854299988714,0.0,0.0,12.426359838295136,0,0,0,0.0,0.0,1.0,0,0,0,0,9,4,0
2924,290.78380781600015,76.32499694824219,16.949996948242188,182.35000610351562,461.1000061035156,76.32499694824219,16.949996948242188,182.35000610351562,461.1000061035156,nan,nan,nan,nan,0.7743464112281799,nan,0,nan,nan,nan,TRACKING,0.06087574599996515,0.0,0.0,11.460081938884521,0,0,0,0.0,0.0,1.0,0,0,0,0,9,4,0
2925,291.33659372299996,76.32499694824219,16.949996948242188,182.35000610351562,461.1000061035156,76.32499694824219,16.949996948242188,182.35000610351562,461.1000061035156,144.0,12.0,177.0,460.0,0.7741766571998596,0.881251,1,0.46049634696454206,0.08154034660828957,1.0326896208217535,DETECTOR_CONFIRMED,0.04967248799994195,0.4735260559998551,0.0,1.80901862246704,0,0,0,0.0,0.0,1.0,0,0,0,0,9,4,0
2926,291.408433296,82.12435913085938,16.949996948242188,182.35000610351562,461.1000061035156,82.12435913085938,16.949996948242188,182.35000610351562,461.1000061035156,nan,nan,nan,nan,0.7873991131782532,nan,0,nan,nan,nan,TRACKING,0.04944644200008952,0.0,0.0,13.919904562900573,0,0,0,5.7993621826171875,0.0072492027282714845,1.0,0,0,0,0,9,4,0
2927,291.48720662900007,82.32499694824219,16.949996948242188,182.35000610351562,461.1000061035156,82.32499694824219,16.949996948242188,182.35000610351562,461.1000061035156,nan,nan,nan,nan,0.7657673954963684,nan,0,nan,nan,nan,TRACKING,0.055488625000180036,0.0,0.0,12.694651373950201,0,0,0,0.2006378173828125,0.00025079727172851564,1.0,0,0,0,0,9,4,0
2928,291.56035101500004,82.32499694824219,16.949996948242188,182.35000610351562,461.1000061035156,82.32499694824219,16.949996948242188,182.35000610351562,461.1000061035156,nan,nan,nan,nan,0.7856472134590149,nan,0,nan,nan,nan,TRACKING,0.044153020999829096,0.0,0.0,13.671589231748401,0,0,0,0.0,0.0,1.0,0,0,0,0,9,4,0
2929,291.63197798,82.32499694824219,16.949996948242188,182.35000610351562,461.1000061035156,82.32499694824219,16.949996948242188,182.35000610351562,461.1000061035156,nan,nan,nan,nan,0.7940605282783508,nan,0,nan,nan,nan,TRACKING,0.04624394099982965,0.0,0.0,13.961222564723956,0,0,0,0.0,0.0,1.0,0,0,0,0,9,4,0
2930,291.708029497,82.32499694824219,16.949996948242188,182.35000610351562,461.1000061035156,82.32499694824219,16.949996948242188,182.35000610351562,461.1000061035156,nan,nan,nan,nan,0.7866799235343933,nan,0,nan,nan,nan,TRACKING,0.049892490999809525,0.0,0.0,13.148981630439396,0,0,0,0.0,0.0,1.0,0,0,0,0,9,4,0
2931,291.77768320000007,82.32499694824219,16.949996948242188,182.35000610351562,461.1000061035156,82.32499694824219,16.949996948242188,182.35000610351562,461.1000061035156,nan,nan,nan,nan,0.7899240255355835,nan,0,nan,nan,nan,TRACKING,0.04642201699994075,0.0,0.0,14.356738506763572,0,0,0,0.0,0.0,1.0,0,0,0,0,9,4,0
2932,291.88875743200003,82.32499694824219,16.949996948242188,182.35000610351562,461.1000061035156,82.32499694824219,16.949996948242188,182.35000610351562,461.1000061035156,nan,nan,nan,nan,0.80499666929245,nan,0,nan,nan,nan,TRACKING,0.08776285599992661,0.0,0.0,9.002988199822259,0,0,0,0.0,0.0,1.0,0,0,0,0,9,4,0
2933,291.9718436490001,82.32499694824219,16.949996948242188,182.35000610351562,461.1000061035156,82.32499694824219,16.949996948242188,182.35000610351562,461.1000061035156,nan,nan,nan,nan,0.7605059146881104,nan,0,nan,nan,nan,TRACKING,0.056761302000040814,0.0,0.0,12.035690588718511,0,0,0,0.0,0.0,1.0,0,0,0,0,9,4,0
2934,292.040597024,82.32499694824219,16.949996948242188,182.35000610351562,461.1000061035156,82.32499694824219,16.949996948242188,182.35000610351562,461.1000061035156,nan,nan,nan,nan,0.7452452182769775,nan,0,nan,nan,nan,TRACKING,0.04511788099989644,0.0,0.0,14.544740530937428,0,0,0,0.0,0.0,1.0,0,0,0,0,9,4,0
2935,292.1249475850001,76.525634765625,16.949996948242188,182.35000610351562,461.1000061035156,76.525634765625,16.949996948242188,182.35000610351562,461.1000061035156,nan,nan,nan,nan,0.7522910237312317,nan,0,nan,nan,nan,TRACKING,0.053620782000052714,0.0,0.0,11.855285704611166,0,0,0,5.7993621826171875,0.0072492027282714845,1.0,0,0,0,0,9,4,0
2936,292.1967960630001,76.32499694824219,16.949996948242188,182.35000610351562,461.1000061035156,76.32499694824219,16.949996948242188,182.35000610351562,461.1000061035156,nan,nan,nan,nan,0.7853472232818604,nan,0,nan,nan,nan,TRACKING,0.04903372700005093,0.0,0.0,13.918179310633453,0,0,0,0.2006378173828125,0.00025079727172851564,1.0,0,0,0,0,9,4,0
2937,292.26833630800013,76.32499694824219,16.949996948242188,182.35000610351562,461.1000061035156,76.32499694824219,16.949996948242188,182.35000610351562,461.1000061035156,nan,nan,nan,nan,0.7785468697547913,nan,0,nan,nan,nan,TRACKING,0.04815548400006264,0.0,0.0,13.978146146959464,0,0,0,0.0,0.0,1.0,0,0,0,0,9,4,0
2938,292.3428307160001,76.32499694824219,16.949996948242188,182.35000610351562,461.1000061035156,76.32499694824219,16.949996948242188,182.35000610351562,461.1000061035156,nan,nan,nan,nan,0.7622714042663574,nan,0,nan,nan,nan,TRACKING,0.05017239199992218,0.0,0.0,13.42382638976716,0,0,0,0.0,0.0,1.0,0,0,0,0,9,4,0
2939,292.430145335,76.32499694824219,16.949996948242188,182.35000610351562,461.1000061035156,76.32499694824219,16.949996948242188,182.35000610351562,461.1000061035156,nan,nan,nan,nan,0.7588433027267456,nan,0,nan,nan,nan,TRACKING,0.05029791500010106,0.0,0.0,11.452835864757612,0,0,0,0.0,0.0,1.0,0,0,0,0,9,4,0
2940,292.7780758760001,76.32499694824219,16.949996948242188,182.35000610351562,461.1000061035156,76.32499694824219,16.949996948242188,182.35000610351562,461.1000061035156,114.0,33.0,123.0,444.0,0.7626070380210876,0.934986,1,0.6495119882572018,0.013707320124663318,1.5396174636949236,DETECTOR_CONFIRMED,0.04978316699998686,0.2675075960000868,0.0,2.874136881245282,0,0,0,0.0,0.0,1.0,0,0,0,0,9,4,0
2941,292.86862179900015,76.32499694824219,16.949996948242188,182.35000610351562,461.1000061035156,76.32499694824219,16.949996948242188,182.35000610351562,461.1000061035156,nan,nan,nan,nan,0.6482511758804321,nan,0,nan,nan,nan,TRACKING,0.05774418299984063,0.0,0.0,11.044119567919163,0,0,0,0.0,0.0,1.0,0,0,0,0,9,4,0
2942,292.939181975,76.32499694824219,16.949996948242188,182.35000610351562,461.1000061035156,76.32499694824219,16.949996948242188,182.35000610351562,461.1000061035156,nan,nan,nan,nan,0.6405273079872131,nan,0,nan,nan,nan,TRACKING,0.04204986099989583,0.0,0.0,14.172300250529489,0,0,0,0.0,0.0,1.0,0,0,0,0,9,4,0
2943,293.00598094300005,76.32499694824219,16.949996948242188,182.35000610351562,461.1000061035156,76.32499694824219,16.949996948242188,182.35000610351562,461.1000061035156,nan,nan,nan,nan,0.6217518448829651,nan,0,nan,nan,nan,TRACKING,0.04444177599998511,0.0,0.0,14.970291157778686,0,0,0,0.0,0.0,1.0,0,0,0,0,9,4,0
2944,293.0698213730001,76.32499694824219,16.949996948242188,182.35000610351562,461.1000061035156,76.32499694824219,16.949996948242188,182.35000610351562,461.1000061035156,nan,nan,nan,nan,0.6312751770019531,nan,0,nan,nan,nan,TRACKING,0.04037874000005104,0.0,0.0,15.664054894360353,0,0,0,0.0,0.0,1.0,0,0,0,0,9,4,0
2945,293.14529959899994,76.32499694824219,16.949996948242188,182.35000610351562,461.1000061035156,76.32499694824219,16.949996948242188,182.35000610351562,461.1000061035156,nan,nan,nan,nan,0.6189324259757996,nan,0,nan,nan,nan,TRACKING,0.05026010100004896,0.0,0.0,13.248854047018346,0,0,0,0.0,0.0,1.0,0,0,0,0,9,4,0
2946,293.21581310700014,76.32499694824219,16.949996948242188,182.35000610351562,461.1000061035156,76.32499694824219,16.949996948242188,182.35000610351562,461.1000061035156,nan,nan,nan,nan,0.604175865650177,nan,0,nan,nan,nan,TRACKING,0.04524548699987463,0.0,0.0,14.181679912976543,0,0,0,0.0,0.0,1.0,0,0,0,0,9,4,0
2947,293.2881007070001,76.32499694824219,16.949996948242188,182.35000610351562,461.1000061035156,76.32499694824219,16.949996948242188,182.35000610351562,461.1000061035156,nan,nan,nan,nan,0.5776378512382507,nan,0,nan,nan,nan,TRACKING,0.04985926099993776,0.0,0.0,13.833631217529097,0,0,0,0.0,0.0,1.0,0,0,0,0,9,4,0
2948,293.36909725399994,76.32499694824219,16.949996948242188,182.35000610351562,461.1000061035156,76.32499694824219,16.949996948242188,182.35000610351562,461.1000061035156,nan,nan,nan,nan,0.5493412613868713,nan,0,nan,nan,nan,TRACKING,0.05459689199983586,0.0,0.0,12.34620532653454,0,0,0,0.0,0.0,1.0,0,0,0,0,9,4,0
2949,293.443223634,76.32499694824219,16.949996948242188,182.35000610351562,461.1000061035156,76.32499694824219,16.949996948242188,182.35000610351562,461.1000061035156,nan,nan,nan,nan,0.5501412749290466,nan,0,nan,nan,nan,TRACKING,0.049372951000123066,0.0,0.0,13.490473971604878,0,0,0,0.0,0.0,1.0,0,0,0,0,9,4,0
2950,293.51122954899995,76.32499694824219,16.949996948242188,182.35000610351562,461.1000061035156,76.32499694824219,16.949996948242188,182.35000610351562,461.1000061035156,nan,nan,nan,nan,0.5540374517440796,nan,0,nan,nan,nan,TRACKING,0.04516819399987071,0.0,0.0,14.70460326871007,0,0,0,0.0,0.0,1.0,0,0,0,0,9,4,0
2951,293.5825345290001,76.32499694824219,16.949996948242188,182.35000610351562,461.1000061035156,76.32499694824219,16.949996948242188,182.35000610351562,461.1000061035156,nan,nan,nan,nan,0.5446546077728271,nan,0,nan,nan,nan,TRACKING,0.0450110560000212,0.0,0.0,14.024265906783748,0,0,0,0.0,0.0,1.0,0,0,0,0,9,4,0
2952,293.6669296210001,76.32499694824219,16.949996948242188,182.35000610351562,461.1000061035156,76.32499694824219,16.949996948242188,182.35000610351562,461.1000061035156,nan,nan,nan,nan,0.5298810005187988,nan,0,nan,nan,nan,TRACKING,0.060283600000047954,0.0,0.0,11.849030272989495,0,0,0,0.0,0.0,1.0,0,0,0,0,9,4,0
2953,293.746753283,76.32499694824219,16.949996948242188,182.35000610351562,461.1000061035156,76.32499694824219,16.949996948242188,182.35000610351562,461.1000061035156,nan,nan,nan,nan,0.5158401131629944,nan,0,nan,nan,nan,TRACKING,0.05673151000019061,0.0,0.0,12.527613679285185,0,0,0,0.0,0.0,1.0,0,0,0,0,9,4,0
2954,293.822611099,76.32499694824219,16.949996948242188,182.35000610351562,461.1000061035156,76.32499694824219,16.949996948242188,182.35000610351562,461.1000061035156,nan,nan,nan,nan,0.5118248462677002,nan,0,nan,nan,nan,TRACKING,0.04724536300000182,0.0,0.0,13.182557219935097,0,0,0,0.0,0.0,1.0,0,0,0,0,9,4,0
2955,294.117864101,76.32499694824219,16.949996948242188,182.35000610351562,461.1000061035156,76.32499694824219,16.949996948242188,182.35000610351562,461.1000061035156,8.0,15.0,174.0,459.0,0.5152550339698792,0.982383,1,0.4176329419887113,0.09070255302360568,1.052783273574577,DETECTOR_CONFIRMED,0.0459156020001501,0.22502064300010716,0.0,3.386925766126718,0,0,0,0.0,0.0,1.0,0,0,0,0,9,4,0
2956,294.192352466,76.32499694824219,16.949996948242188,182.35000610351562,461.1000061035156,76.32499694824219,16.949996948242188,182.35000610351562,461.1000061035156,nan,nan,nan,nan,0.5102769732475281,nan,0,nan,nan,nan,TRACKING,0.04850616499993521,0.0,0.0,13.424915421358472,0,0,0,0.0,0.0,1.0,0,0,0,0,9,4,0
2957,294.31036358200015,76.32499694824219,16.949996948242188,182.35000610351562,461.1000061035156,76.32499694824219,16.949996948242188,182.35000610351562,461.1000061035156,nan,nan,nan,nan,0.5108176469802856,nan,0,nan,nan,nan,TRACKING,0.09139244699986193,0.0,0.0,8.473778012561384,0,0,0,0.0,0.0,1.0,0,0,0,0,9,4,0
2958,294.380818235,76.32499694824219,16.949996948242188,182.35000610351562,461.1000061035156,76.32499694824219,16.949996948242188,182.35000610351562,461.1000061035156,nan,nan,nan,nan,0.5411797165870667,nan,0,nan,nan,nan,TRACKING,0.0474193769998692,0.0,0.0,14.19352672139676,0,0,0,0.0,0.0,1.0,0,0,0,0,9,4,0
2959,294.447936166,76.32499694824219,16.949996948242188,182.35000610351562,461.1000061035156,76.32499694824219,16.949996948242188,182.35000610351562,461.1000061035156,nan,nan,nan,nan,0.5346957445144653,nan,0,nan,nan,nan,TRACKING,0.04363374200011094,0.0,0.0,14.899148187393228,0,0,0,0.0,0.0,1.0,0,0,0,0,9,4,0
2960,294.5081044510001,76.32499694824219,16.949996948242188,182.35000610351562,461.1000061035156,76.32499694824219,16.949996948242188,182.35000610351562,461.1000061035156,nan,nan,nan,nan,0.5402644276618958,nan,0,nan,nan,nan,TRACKING,0.03672951299995475,0.0,0.0,16.620051576965935,0,0,0,0.0,0.0,1.0,0,0,0,0,9,4,0
2961,294.5812727430001,76.32499694824219,16.949996948242188,182.35000610351562,461.1000061035156,76.32499694824219,16.949996948242188,182.35000610351562,461.1000061035156,nan,nan,nan,nan,0.5339951515197754,nan,0,nan,nan,nan,TRACKING,0.046650666000005,0.0,0.0,13.667122364973618,0,0,0,0.0,0.0,1.0,0,0,0,0,9,4,0
2962,294.65453051500015,76.32499694824219,16.949996948242188,182.35000610351562,461.1000061035156,76.32499694824219,16.949996948242188,182.35000610351562,461.1000061035156,nan,nan,nan,nan,0.5411285161972046,nan,0,nan,nan,nan,TRACKING,0.049379305000002205,0.0,0.0,13.65042878999298,0,0,0,0.0,0.0,1.0,0,0,0,0,9,4,0
2963,294.739086443,76.32499694824219,16.949996948242188,182.35000610351562,461.1000061035156,76.32499694824219,16.949996948242188,182.35000610351562,461.1000061035156,nan,nan,nan,nan,0.554208517074585,nan,0,nan,nan,nan,TRACKING,0.05383630599999378,0.0,0.0,11.826491928531713,0,0,0,0.0,0.0,1.0,0,0,0,0,9,4,0
2964,294.81451841800015,76.32499694824219,16.949996948242188,182.35000610351562,461.1000061035156,76.32499694824219,16.949996948242188,182.35000610351562,461.1000061035156,nan,nan,nan,nan,0.5441528558731079,nan,0,nan,nan,nan,TRACKING,0.052061068000057276,0.0,0.0,13.256977561548592,0,0,0,0.0,0.0,1.0,0,0,0,0,9,4,0
2965,294.88815312300005,76.32499694824219,16.949996948242188,182.35000610351562,461.1000061035156,76.32499694824219,16.949996948242188,182.35000610351562,461.1000061035156,nan,nan,nan,nan,0.5484545826911926,nan,0,nan,nan,nan,TRACKING,0.0453850199999124,0.0,0.0,13.580552811358501,0,0,0,0.0,0.0,1.0,0,0,0,0,9,4,0
2966,294.96761297700016,76.32499694824219,16.949996948242188,182.35000610351562,461.1000061035156,76.32499694824219,16.949996948242188,182.35000610351562,461.1000061035156,nan,nan,nan,nan,0.5609312057495117,nan,0,nan,nan,nan,TRACKING,0.04975248899995677,0.0,0.0,12.584971525352467,0,0,0,0.0,0.0,1.0,0,0,0,0,9,4,0
2967,295.039214993,76.32499694824219,16.949996948242188,182.35000610351562,461.1000061035156,76.32499694824219,16.949996948242188,182.35000610351562,461.1000061035156,nan,nan,nan,nan,0.5523818135261536,nan,0,nan,nan,nan,TRACKING,0.04509470300013163,0.0,0.0,13.966087211882149,0,0,0,0.0,0.0,1.0,0,0,0,0,9,4,0
2968,295.11500025399994,76.32499694824219,16.949996948242188,182.35000610351562,461.1000061035156,76.32499694824219,16.949996948242188,182.35000610351562,461.1000061035156,nan,nan,nan,nan,0.548447847366333,nan,0,nan,nan,nan,TRACKING,0.05039135299989539,0.0,0.0,13.195177885584746,0,0,0,0.0,0.0,1.0,0,0,0,0,9,4,0
2969,295.2139669930001,76.32499694824219,16.949996948242188,182.35000610351562,461.1000061035156,76.32499694824219,16.949996948242188,182.35000610351562,461.1000061035156,nan,nan,nan,nan,0.5390194654464722,nan,0,nan,nan,nan,TRACKING,0.05822247099990818,0.0,0.0,10.104404874837487,0,0,0,0.0,0.0,1.0,0,0,0,0,9,4,0
2970,295.5195949550001,76.32499694824219,16.949996948242188,182.35000610351562,461.1000061035156,76.32499694824219,16.949996948242188,182.35000610351562,461.1000061035156,8.0,26.0,179.0,448.0,0.5489169359207153,0.960553,1,0.43231221527980984,0.08755578578826187,1.0485034533034114,DETECTOR_CONFIRMED,0.04493881500002317,0.22954342500020175,0.0,3.271951929581446,0,0,0,0.0,0.0,1.0,0,0,0,0,9,4,0
2971,295.59423649999997,76.32499694824219,16.949996948242188,182.35000610351562,461.1000061035156,76.32499694824219,16.949996948242188,182.35000610351562,461.1000061035156,nan,nan,nan,nan,0.603112518787384,nan,0,nan,nan,nan,TRACKING,0.05159449800021321,0.0,0.0,13.397364698198801,0,0,0,0.0,0.0,1.0,0,0,0,0,9,4,0
2972,295.66568393,76.32499694824219,16.949996948242188,182.35000610351562,461.1000061035156,76.32499694824219,16.949996948242188,182.35000610351562,461.1000061035156,nan,nan,nan,nan,0.6225398778915405,nan,0,nan,nan,nan,TRACKING,0.044348545000048034,0.0,0.0,13.996304695627455,0,0,0,0.0,0.0,1.0,0,0,0,0,9,4,0
2973,295.74446080300015,76.32499694824219,16.949996948242188,182.35000610351562,461.1000061035156,76.32499694824219,16.949996948242188,182.35000610351562,461.1000061035156,nan,nan,nan,nan,0.6154791116714478,nan,0,nan,nan,nan,TRACKING,0.04964826700006597,0.0,0.0,12.694080913799086,0,0,0,0.0,0.0,1.0,0,0,0,0,9,4,0
2974,295.82086617900006,76.32499694824219,16.949996948242188,182.35000610351562,461.1000061035156,76.32499694824219,16.949996948242188,182.35000610351562,461.1000061035156,nan,nan,nan,nan,0.6246573328971863,nan,0,nan,nan,nan,TRACKING,0.053387444000009054,0.0,0.0,13.088084273038046,0,0,0,0.0,0.0,1.0,0,0,0,0,9,4,0
2975,295.896074765,82.12435913085938,16.949996948242188,182.35000610351562,461.1000061035156,82.12435913085938,16.949996948242188,182.35000610351562,461.1000061035156,nan,nan,nan,nan,0.6406858563423157,nan,0,nan,nan,nan,TRACKING,0.04899450699986119,0.0,0.0,13.296354222124371,0,0,0,5.7993621826171875,0.0072492027282714845,1.0,0,0,0,0,9,4,0
2976,295.96642196799996,82.32499694824219,16.949996948242188,182.35000610351562,461.1000061035156,82.32499694824219,16.949996948242188,182.35000610351562,461.1000061035156,nan,nan,nan,nan,0.6468448638916016,nan,0,nan,nan,nan,TRACKING,0.04450984899995092,0.0,0.0,14.215206253477369,0,0,0,0.2006378173828125,0.00025079727172851564,1.0,0,0,0,0,9,4,0
2977,296.05038476000016,82.32499694824219,16.949996948242188,182.35000610351562,461.1000061035156,82.32499694824219,16.949996948242188,182.35000610351562,461.1000061035156,nan,nan,nan,nan,0.6321041584014893,nan,0,nan,nan,nan,TRACKING,0.058986442000104944,0.0,0.0,11.910037484195385,0,0,0,0.0,0.0,1.0,0,0,0,0,9,4,0
2978,296.143874064,76.525634765625,16.949996948242188,182.35000610351562,461.1000061035156,76.525634765625,16.949996948242188,182.35000610351562,461.1000061035156,nan,nan,nan,nan,0.6286334991455078,nan,0,nan,nan,nan,TRACKING,0.06953448100011883,0.0,0.0,10.696410789428946,0,0,0,5.7993621826171875,0.0072492027282714845,1.0,0,0,0,0,9,4,0
2979,296.21603124399996,76.32499694824219,16.949996948242188,182.35000610351562,461.1000061035156,76.32499694824219,16.949996948242188,182.35000610351562,461.1000061035156,nan,nan,nan,nan,0.6931166648864746,nan,0,nan,nan,nan,TRACKING,0.04908075799994549,0.0,0.0,13.85863471937686,0,0,0,0.2006378173828125,0.00025079727172851564,1.0,0,0,0,0,9,4,0
2980,296.2837866860001,76.32499694824219,16.949996948242188,182.35000610351562,461.1000061035156,76.32499694824219,16.949996948242188,182.35000610351562,461.1000061035156,nan,nan,nan,nan,0.697649359703064,nan,0,nan,nan,nan,TRACKING,0.03966159200012953,0.0,0.0,14.758962091901314,0,0,0,0.0,0.0,1.0,0,0,0,0,9,4,0
2981,296.350381847,76.32499694824219,16.949996948242188,182.35000610351562,461.1000061035156,76.32499694824219,16.949996948242188,182.35000610351562,461.1000061035156,nan,nan,nan,nan,0.7105773091316223,nan,0,nan,nan,nan,TRACKING,0.043117222000091715,0.0,0.0,15.016106050131295,0,0,0,0.0,0.0,1.0,0,0,0,0,9,4,0
2982,296.46300157100006,76.32499694824219,16.949996948242188,182.35000610351562,461.1000061035156,76.32499694824219,16.949996948242188,182.35000610351562,461.1000061035156,nan,nan,nan,nan,0.7315292954444885,nan,0,nan,nan,nan,TRACKING,0.08913423200010584,0.0,0.0,8.879439271218468,0,0,0,0.0,0.0,1.0,0,0,0,0,9,4,0
2983,296.54578200000003,76.32499694824219,16.949996948242188,182.35000610351562,461.1000061035156,76.32499694824219,16.949996948242188,182.35000610351562,461.1000061035156,nan,nan,nan,nan,0.7837258577346802,nan,0,nan,nan,nan,TRACKING,0.058307264999939434,0.0,0.0,12.080150007441869,0,0,0,0.0,0.0,1.0,0,0,0,0,9,4,0
2984,296.61955483200006,76.32499694824219,16.949996948242188,182.35000610351562,461.1000061035156,76.32499694824219,16.949996948242188,182.35000610351562,461.1000061035156,nan,nan,nan,nan,0.7808297276496887,nan,0,nan,nan,nan,TRACKING,0.05026879799993367,0.0,0.0,13.555125550820296,0,0,0,0.0,0.0,1.0,0,0,0,0,9,4,0
2985,296.934155389,76.32499694824219,16.949996948242188,182.35000610351562,461.1000061035156,76.32499694824219,16.949996948242188,182.35000610351562,461.1000061035156,98.0,15.0,146.0,465.0,0.7940595746040344,0.980724,1,0.7952724764692561,0.004375,1.2384974065003265,DETECTOR_CONFIRMED,0.053809064999995826,0.23204325799997605,0.0,3.178633914498005,0,0,0,0.0,0.0,1.0,0,0,0,0,9,4,0
2986,297.0029468890001,76.32499694824219,16.949996948242188,182.35000610351562,461.1000061035156,76.32499694824219,16.949996948242188,182.35000610351562,461.1000061035156,nan,nan,nan,nan,0.7869793772697449,nan,0,nan,nan,nan,TRACKING,0.045242830000006506,0.0,0.0,14.536679676976279,0,0,0,0.0,0.0,1.0,0,0,0,0,9,4,0
2987,297.075694965,76.32499694824219,16.949996948242188,182.35000610351562,461.1000061035156,76.32499694824219,16.949996948242188,182.35000610351562,461.1000061035156,nan,nan,nan,nan,0.7917593121528625,nan,0,nan,nan,nan,TRACKING,0.04841772599979777,0.0,0.0,13.746068005991349,0,0,0,0.0,0.0,1.0,0,0,0,0,9,4,0
2988,297.15248706599994,76.32499694824219,16.949996948242188,182.35000610351562,461.1000061035156,76.32499694824219,16.949996948242188,182.35000610351562,461.1000061035156,nan,nan,nan,nan,0.7955623865127563,nan,0,nan,nan,nan,TRACKING,0.048138085999880786,0.0,0.0,13.02217268415631,0,0,0,0.0,0.0,1.0,0,0,0,0,9,4,0
2989,297.229441929,76.32499694824219,16.949996948242188,182.35000610351562,461.1000061035156,76.32499694824219,16.949996948242188,182.35000610351562,461.1000061035156,nan,nan,nan,nan,0.7898278832435608,nan,0,nan,nan,nan,TRACKING,0.05101130999992165,0.0,0.0,12.994630371818417,0,0,0,0.0,0.0,1.0,0,0,0,0,9,4,0
2990,297.2969365330001,76.32499694824219,16.949996948242188,182.35000610351562,461.1000061035156,76.32499694824219,16.949996948242188,182.35000610351562,461.1000061035156,nan,nan,nan,nan,0.7903309464454651,nan,0,nan,nan,nan,TRACKING,0.0447542809999959,0.0,0.0,14.81599921674436,0,0,0,0.0,0.0,1.0,0,0,0,0,9,4,0
2991,297.36653903600006,76.32499694824219,16.949996948242188,182.35000610351562,461.1000061035156,76.32499694824219,16.949996948242188,182.35000610351562,461.1000061035156,nan,nan,nan,nan,0.7914744019508362,nan,0,nan,nan,nan,TRACKING,0.04710348599996905,0.0,0.0,14.367299405896873,0,0,0,0.0,0.0,1.0,0,0,0,0,9,4,0
2992,297.43617731999996,76.32499694824219,16.949996948242188,182.35000610351562,461.1000061035156,76.32499694824219,16.949996948242188,182.35000610351562,461.1000061035156,nan,nan,nan,nan,0.792731523513794,nan,0,nan,nan,nan,TRACKING,0.04351519700003337,0.0,0.0,14.35991731217175,0,0,0,0.0,0.0,1.0,0,0,0,0,9,4,0
2993,297.510697092,76.32499694824219,16.949996948242188,182.35000610351562,461.1000061035156,76.32499694824219,16.949996948242188,182.35000610351562,461.1000061035156,nan,nan,nan,nan,0.7916139960289001,nan,0,nan,nan,nan,TRACKING,0.04879502399990088,0.0,0.0,13.419257375070737,0,0,0,0.0,0.0,1.0,0,0,0,0,9,4,0
2994,297.581710711,76.32499694824219,16.949996948242188,182.35000610351562,461.1000061035156,76.32499694824219,16.949996948242188,182.35000610351562,461.1000061035156,nan,nan,nan,nan,0.7883304357528687,nan,0,nan,nan,nan,TRACKING,0.04666717600002812,0.0,0.0,14.081805913868713,0,0,0,0.0,0.0,1.0,0,0,0,0,9,4,0
2995,297.6475799230001,76.32499694824219,16.949996948242188,182.35000610351562,461.1000061035156,76.32499694824219,16.949996948242188,182.35000610351562,461.1000061035156,nan,nan,nan,nan,0.790228009223938,nan,0,nan,nan,nan,TRACKING,0.04254158699995969,0.0,0.0,15.18159956125185,0,0,0,0.0,0.0,1.0,0,0,0,0,9,4,0
2996,297.713374759,76.32499694824219,16.949996948242188,182.35000610351562,461.1000061035156,76.32499694824219,16.949996948242188,182.35000610351562,461.1000061035156,nan,nan,nan,nan,0.786236047744751,nan,0,nan,nan,nan,TRACKING,0.0430357099999128,0.0,0.0,15.198761191555963,0,0,0,0.0,0.0,1.0,0,0,0,0,9,4,0
2997,297.796556444,76.32499694824219,16.949996948242188,182.35000610351562,461.1000061035156,76.32499694824219,16.949996948242188,182.35000610351562,461.1000061035156,nan,nan,nan,nan,0.7923188209533691,nan,0,nan,nan,nan,TRACKING,0.05517122300011579,0.0,0.0,12.021877171639469,0,0,0,0.0,0.0,1.0,0,0,0,0,9,4,0
2998,297.867681264,76.32499694824219,16.949996948242188,182.35000610351562,461.1000061035156,76.32499694824219,16.949996948242188,182.35000610351562,461.1000061035156,nan,nan,nan,nan,0.7924855351448059,nan,0,nan,nan,nan,TRACKING,0.04319508800017502,0.0,0.0,14.05978953619398,0,0,0,0.0,0.0,1.0,0,0,0,0,9,4,0
2999,297.94268453300003,76.32499694824219,16.949996948242188,182.35000610351562,461.1000061035156,76.32499694824219,16.949996948242188,182.35000610351562,461.1000061035156,nan,nan,nan,nan,0.7945878505706787,nan,0,nan,nan,nan,TRACKING,0.04965566400005628,0.0,0.0,13.332752203101034,0,0,0,0.0,0.0,1.0,0,0,0,0,9,4,0
3000,298.25003231200014,76.32499694824219,16.949996948242188,182.35000610351562,461.1000061035156,76.32499694824219,16.949996948242188,182.35000610351562,461.1000061035156,96.0,14.0,142.0,466.0,0.7950395345687866,0.961377,1,0.7723309524455958,0.0008838834764831844,1.2706520722859693,DETECTOR_CONFIRMED,0.05039864399986982,0.22754161900002146,0.0,3.2536431636281318,0,0,0,0.0,0.0,1.0,0,0,0,0,9,4,0
3001,298.32539209699996,76.32499694824219,16.949996948242188,182.35000610351562,461.1000061035156,76.32499694824219,16.949996948242188,182.35000610351562,461.1000061035156,nan,nan,nan,nan,0.8056105971336365,nan,0,nan,nan,nan,TRACKING,0.05135235800003102,0.0,0.0,13.269676923871351,0,0,0,0.0,0.0,1.0,0,0,0,0,9,4,0
3002,298.39379103800013,76.32499694824219,16.949996948242188,182.35000610351562,461.1000061035156,76.32499694824219,16.949996948242188,182.35000610351562,461.1000061035156,nan,nan,nan,nan,0.7941241264343262,nan,0,nan,nan,nan,TRACKING,0.04068025499987016,0.0,0.0,14.620109396102121,0,0,0,0.0,0.0,1.0,0,0,0,0,9,4,0
3003,298.48881401200003,76.32499694824219,16.949996948242188,182.35000610351562,461.1000061035156,76.32499694824219,16.949996948242188,182.35000610351562,461.1000061035156,nan,nan,nan,nan,0.7945658564567566,nan,0,nan,nan,nan,TRACKING,0.05100834199993187,0.0,0.0,10.523770809373106,0,0,0,0.0,0.0,1.0,0,0,0,0,9,4,0
3004,298.55732243399996,76.32499694824219,16.949996948242188,182.35000610351562,461.1000061035156,76.32499694824219,16.949996948242188,182.35000610351562,461.1000061035156,nan,nan,nan,nan,0.8114439249038696,nan,0,nan,nan,nan,TRACKING,0.0450364719999925,0.0,0.0,14.596745492125482,0,0,0,0.0,0.0,1.0,0,0,0,0,9,4,0
3005,298.630876564,76.32499694824219,16.949996948242188,182.35000610351562,461.1000061035156,76.32499694824219,16.949996948242188,182.35000610351562,461.1000061035156,nan,nan,nan,nan,0.794930100440979,nan,0,nan,nan,nan,TRACKING,0.043719836000036594,0.0,0.0,13.595429651596056,0,0,0,0.0,0.0,1.0,0,0,0,0,9,4,0
3006,298.70491591100006,76.32499694824219,16.949996948242188,182.35000610351562,461.1000061035156,76.32499694824219,16.949996948242188,182.35000610351562,461.1000061035156,nan,nan,nan,nan,0.7975680232048035,nan,0,nan,nan,nan,TRACKING,0.050672919999897204,0.0,0.0,13.506331977769722,0,0,0,0.0,0.0,1.0,0,0,0,0,9,4,0
3007,298.8308450200001,76.32499694824219,16.949996948242188,182.35000610351562,461.1000061035156,76.32499694824219,16.949996948242188,182.35000610351562,461.1000061035156,nan,nan,nan,nan,0.8004743456840515,nan,0,nan,nan,nan,TRACKING,0.09888600699991912,0.0,0.0,7.940975743740019,0,0,0,0.0,0.0,1.0,0,0,0,0,9,4,0
3008,298.900056266,76.32499694824219,16.949996948242188,182.35000610351562,461.1000061035156,76.32499694824219,16.949996948242188,182.35000610351562,461.1000061035156,nan,nan,nan,nan,0.8513514399528503,nan,0,nan,nan,nan,TRACKING,0.045653566000055434,0.0,0.0,14.448518958920541,0,0,0,0.0,0.0,1.0,0,0,0,0,9,4,0
3009,298.97365847000003,76.32499694824219,16.949996948242188,182.35000610351562,461.1000061035156,76.32499694824219,16.949996948242188,182.35000610351562,461.1000061035156,nan,nan,nan,nan,0.8467949032783508,nan,0,nan,nan,nan,TRACKING,0.04641618200002995,0.0,0.0,13.58654966363879,0,0,0,0.0,0.0,1.0,0,0,0,0,9,4,0
3010,299.0467930620001,76.32499694824219,16.949996948242188,182.35000610351562,461.1000061035156,76.32499694824219,16.949996948242188,182.35000610351562,461.1000061035156,nan,nan,nan,nan,0.8388575911521912,nan,0,nan,nan,nan,TRACKING,0.04963253699997949,0.0,0.0,13.673420096454514,0,0,0,0.0,0.0,1.0,0,0,0,0,9,4,0
3011,299.1172339630001,76.32499694824219,16.949996948242188,182.35000610351562,461.1000061035156,76.32499694824219,16.949996948242188,182.35000610351562,461.1000061035156,nan,nan,nan,nan,0.8257529139518738,nan,0,nan,nan,nan,TRACKING,0.04705035899996801,0.0,0.0,14.196297687904833,0,0,0,0.0,0.0,1.0,0,0,0,0,9,4,0
3012,299.19177930700005,76.32499694824219,16.949996948242188,182.35000610351562,461.1000061035156,76.32499694824219,16.949996948242188,182.35000610351562,461.1000061035156,nan,nan,nan,nan,0.8130815029144287,nan,0,nan,nan,nan,TRACKING,0.04755474300009155,0.0,0.0,13.41465403930197,0,0,0,0.0,0.0,1.0,0,0,0,0,9,4,0
3013,299.2740055600001,76.32499694824219,16.949996948242188,182.35000610351562,461.1000061035156,76.32499694824219,16.949996948242188,182.35000610351562,461.1000061035156,nan,nan,nan,nan,0.8079709410667419,nan,0,nan,nan,nan,TRACKING,0.04668535299992982,0.0,0.0,12.161565966035935,0,0,0,0.0,0.0,1.0,0,0,0,0,9,4,0
3014,299.34168412400015,76.32499694824219,16.949996948242188,182.35000610351562,461.1000061035156,76.32499694824219,16.949996948242188,182.35000610351562,461.1000061035156,nan,nan,nan,nan,0.8290236592292786,nan,0,nan,nan,nan,TRACKING,0.04404978899992784,0.0,0.0,14.775727215475328,0,0,0,0.0,0.0,1.0,0,0,0,0,9,4,0
3015,299.66104585000005,76.32499694824219,16.949996948242188,182.35000610351562,461.1000061035156,76.32499694824219,16.949996948242188,182.35000610351562,461.1000061035156,119.0,11.0,154.0,469.0,0.8343024253845215,0.992566,1,0.7007805348643963,0.03571261156790413,1.1641457221403257,DETECTOR_CONFIRMED,0.05619457300008435,0.23070057599989013,0.0,3.131245602049137,0,0,0,0.0,0.0,1.0,0,0,0,0,9,4,0
3016,299.74427060799997,70.525634765625,16.949996948242188,182.35000610351562,461.1000061035156,70.525634765625,16.949996948242188,182.35000610351562,461.1000061035156,nan,nan,nan,nan,0.7997720837593079,nan,0,nan,nan,nan,TRACKING,0.05035145500005456,0.0,0.0,12.015655245293999,0,0,0,5.7993621826171875,0.0072492027282714845,1.0,0,0,0,0,9,4,0
3017,299.81705035000016,70.32499694824219,16.949996948242188,182.35000610351562,461.1000061035156,70.32499694824219,16.949996948242188,182.35000610351562,461.1000061035156,nan,nan,nan,nan,0.7239431142807007,nan,0,nan,nan,nan,TRACKING,0.046723270000029515,0.0,0.0,13.74008717971743,0,0,0,0.2006378173828125,0.00025079727172851564,1.0,0,0,0,0,9,4,0
3018,299.88965748500016,70.32499694824219,16.949996948242188,182.35000610351562,461.1000061035156,70.32499694824219,16.949996948242188,182.35000610351562,461.1000061035156,nan,nan,nan,nan,0.7107981443405151,nan,0,nan,nan,nan,TRACKING,0.04681848100017305,0.0,0.0,13.772751121498215,0,0,0,0.0,0.0,1.0,0,0,0,0,9,4,0
3019,299.96212295199996,70.32499694824219,16.949996948242188,182.35000610351562,461.1000061035156,70.32499694824219,16.949996948242188,182.35000610351562,461.1000061035156,nan,nan,nan,nan,0.658980131149292,nan,0,nan,nan,nan,TRACKING,0.04974097699982849,0.0,0.0,13.79967647214274,0,0,0,0.0,0.0,1.0,0,0,0,0,9,4,0
3020,300.0336973090001,70.32499694824219,16.949996948242188,182.35000610351562,461.1000061035156,70.32499694824219,16.949996948242188,182.35000610351562,461.1000061035156,nan,nan,nan,nan,0.6312088966369629,nan,0,nan,nan,nan,TRACKING,0.04787542499980191,0.0,0.0,13.97148422860402,0,0,0,0.0,0.0,1.0,0,0,0,0,9,4,0
3021,300.108811621,70.32499694824219,16.949996948242188,182.35000610351562,461.1000061035156,70.32499694824219,16.949996948242188,182.35000610351562,461.1000061035156,nan,nan,nan,nan,0.602279007434845,nan,0,nan,nan,nan,TRACKING,0.04928273999985322,0.0,0.0,13.313042127068242,0,0,0,0.0,0.0,1.0,0,0,0,0,9,4,0
3022,300.18735635400014,70.32499694824219,16.949996948242188,182.35000610351562,461.1000061035156,70.32499694824219,16.949996948242188,182.35000610351562,461.1000061035156,nan,nan,nan,nan,0.543067216873169,nan,0,nan,nan,nan,TRACKING,0.05385036699999546,0.0,0.0,12.731598438278668,0,0,0,0.0,0.0,1.0,0,0,0,0,9,4,0
3023,300.25740860300004,70.32499694824219,16.949996948242188,182.35000610351562,461.1000061035156,70.32499694824219,16.949996948242188,182.35000610351562,461.1000061035156,nan,nan,nan,nan,0.5208095908164978,nan,0,nan,nan,nan,TRACKING,0.04531137200001467,0.0,0.0,14.275059177635022,0,0,0,0.0,0.0,1.0,0,0,0,0,9,4,0
3024,300.34370992200013,76.12435913085938,16.949996948242188,182.35000610351562,461.1000061035156,76.12435913085938,16.949996948242188,182.35000610351562,461.1000061035156,nan,nan,nan,nan,0.5094666481018066,nan,0,nan,nan,nan,TRACKING,0.06281936899995344,0.0,0.0,11.587308416445033,0,0,0,5.7993621826171875,0.0072492027282714845,1.0,0,0,0,0,9,4,0
3025,300.691412687,76.32499694824219,16.949996948242188,182.35000610351562,461.1000061035156,74.16374893188477,10.482498931884766,206.82250213623047,468.83500213623046,73.0,7.0,220.0,473.0,0.48491623997688293,0.994825,1,0.8080106566145221,0.020009763241977653,1.2376074397210213,SOFT_REINITIALIZING,0.07083757400005197,0.2514010730001246,0.0,2.8760196945810983,1,0,0,0.2006378173828125,0.00025079727172851564,1.0,0,0,0,0,10,4,0
3026,300.72222751800007,74.16374893188477,10.482498931884766,206.82250213623047,468.83500213623046,74.16374893188477,10.482498931884766,206.82250213623047,468.83500213623046,nan,nan,nan,nan,,nan,0,nan,nan,nan,INITIALIZING,0.0,0.0,0.0,32.45190603182583,0,0,0,0.0,0.0,1.0,0,0,0,0,10,4,0
3027,300.768351351,74.16374893188477,10.482498931884766,206.82250213623047,468.83500213623046,74.16374893188477,10.482498931884766,206.82250213623047,468.83500213623046,nan,nan,nan,nan,,nan,0,nan,nan,nan,INITIALIZING,0.0,0.0,0.0,21.6807653431999,0,0,0,0.0,0.0,1.0,0,0,0,0,10,4,0
3028,300.795734876,74.16374893188477,10.482498931884766,206.82250213623047,468.83500213623046,74.16374893188477,10.482498931884766,206.82250213623047,468.83500213623046,nan,nan,nan,nan,,nan,0,nan,nan,nan,INITIALIZING,0.0,0.0,0.0,36.51830799722924,0,0,0,0.0,0.0,1.0,0,0,0,0,10,4,0
3029,300.8283492680001,74.16374893188477,10.482498931884766,206.82250213623047,468.83500213623046,74.16374893188477,10.482498931884766,206.82250213623047,468.83500213623046,nan,nan,nan,nan,,nan,0,nan,nan,nan,INITIALIZING,0.0,0.0,0.0,30.66131050352449,0,0,0,0.0,0.0,1.0,0,0,0,0,10,4,0
3030,300.85995432000016,74.16374893188477,10.482498931884766,206.82250213623047,468.83500213623046,74.16374893188477,10.482498931884766,206.82250213623047,468.83500213623046,nan,nan,nan,nan,,nan,0,nan,nan,nan,INITIALIZING,0.0,0.0,0.0,31.640511143566428,0,0,0,0.0,0.0,1.0,0,0,0,0,10,4,0
3031,300.89298621900014,74.16374893188477,10.482498931884766,206.82250213623047,468.83500213623046,74.16374893188477,10.482498931884766,206.82250213623047,468.83500213623046,nan,nan,nan,nan,,nan,0,nan,nan,nan,INITIALIZING,0.0,0.0,0.0,30.27376657940912,0,0,0,0.0,0.0,1.0,0,0,0,0,10,4,0
3032,300.92882290399996,74.16374893188477,10.482498931884766,206.82250213623047,468.83500213623046,74.16374893188477,10.482498931884766,206.82250213623047,468.83500213623046,nan,nan,nan,nan,,nan,0,nan,nan,nan,INITIALIZING,0.0,0.0,0.0,27.904366712628924,0,0,0,0.0,0.0,1.0,0,0,0,0,10,4,0
3033,300.96197641900005,74.16374893188477,10.482498931884766,206.82250213623047,468.83500213623046,74.16374893188477,10.482498931884766,206.82250213623047,468.83500213623046,nan,nan,nan,nan,,nan,0,nan,nan,nan,INITIALIZING,0.0,0.0,0.0,30.16271427018064,0,0,0,0.0,0.0,1.0,0,0,0,0,10,4,0
3034,300.99928807599997,74.16374893188477,10.482498931884766,206.82250213623047,468.83500213623046,74.16374893188477,10.482498931884766,206.82250213623047,468.83500213623046,nan,nan,nan,nan,,nan,0,nan,nan,nan,INITIALIZING,0.0,0.0,0.0,26.801275537084525,0,0,0,0.0,0.0,1.0,0,0,0,0,10,4,0
3035,301.03160621400013,74.16374893188477,10.482498931884766,206.82250213623047,468.83500213623046,74.16374893188477,10.482498931884766,206.82250213623047,468.83500213623046,nan,nan,nan,nan,,nan,0,nan,nan,nan,INITIALIZING,0.0,0.0,0.0,30.942376692460364,0,0,0,0.0,0.0,1.0,0,0,0,0,10,4,0
3036,301.07499369999994,74.16374893188477,10.482498931884766,206.82250213623047,468.83500213623046,74.16374893188477,10.482498931884766,206.82250213623047,468.83500213623046,nan,nan,nan,nan,,nan,0,nan,nan,nan,INITIALIZING,0.0,0.0,0.0,23.048120372878447,0,0,0,0.0,0.0,1.0,0,0,0,0,10,4,0
3037,301.10264806199996,74.16374893188477,10.482498931884766,206.82250213623047,468.83500213623046,74.16374893188477,10.482498931884766,206.82250213623047,468.83500213623046,nan,nan,nan,nan,,nan,0,nan,nan,nan,INITIALIZING,0.0,0.0,0.0,36.16066065813544,0,0,0,0.0,0.0,1.0,0,0,0,0,10,4,0
3038,301.13929351000013,74.16374893188477,10.482498931884766,206.82250213623047,468.83500213623046,74.16374893188477,10.482498931884766,206.82250213623047,468.83500213623046,nan,nan,nan,nan,,nan,0,nan,nan,nan,INITIALIZING,0.0,0.0,0.0,27.288518890403616,0,0,0,0.0,0.0,1.0,0,0,0,0,10,4,0
3039,301.18556890799994,74.16374893188477,10.482498931884766,206.82250213623047,468.83500213623046,74.16374893188477,10.482498931884766,206.82250213623047,468.83500213623046,nan,nan,nan,nan,,nan,0,nan,nan,nan,INITIALIZING,0.0,0.0,0.0,21.609754712518555,0,0,0,0.0,0.0,1.0,0,0,0,0,10,4,0
3040,301.221288716,74.16374893188477,10.482498931884766,206.82250213623047,468.83500213623046,74.16374893188477,10.482498931884766,206.82250213623047,468.83500213623046,nan,nan,nan,nan,,nan,0,nan,nan,nan,INITIALIZING,0.0,0.0,0.0,27.995671197284167,0,0,0,0.0,0.0,1.0,0,0,0,0,10,4,0
3041,301.267193066,74.16374893188477,10.482498931884766,206.82250213623047,468.83500213623046,74.16374893188477,10.482498931884766,206.82250213623047,468.83500213623046,nan,nan,nan,nan,,nan,0,nan,nan,nan,INITIALIZING,0.0,0.0,0.0,21.78442783744862,0,0,0,0.0,0.0,1.0,0,0,0,0,10,4,0
3042,301.30451055700007,74.16374893188477,10.482498931884766,206.82250213623047,468.83500213623046,74.16374893188477,10.482498931884766,206.82250213623047,468.83500213623046,nan,nan,nan,nan,,nan,0,nan,nan,nan,INITIALIZING,0.0,0.0,0.0,26.79708558108052,0,0,0,0.0,0.0,1.0,0,0,0,0,10,4,0
3043,301.340751415,74.16374893188477,10.482498931884766,206.82250213623047,468.83500213623046,74.16374893188477,10.482498931884766,206.82250213623047,468.83500213623046,nan,nan,nan,nan,,nan,0,nan,nan,nan,INITIALIZING,0.0,0.0,0.0,27.593165702698855,0,0,0,0.0,0.0,1.0,0,0,0,0,10,4,0
3044,301.43381513600013,67.86088562011719,3.854644775390625,206.822509765625,468.8349914550781,67.86088562011719,3.854644775390625,206.822509765625,468.8349914550781,nan,nan,nan,nan,0.5731003284454346,nan,0,nan,nan,nan,TRACKING,0.05400974500003031,0.0,0.6819306709999182,10.745325775213189,0,0,0,9.146286642824753,0.011432858303530942,1.0000000141062817,0,0,0,0,10,4,0
3045,301.831749197,68.0887451171875,10.31036376953125,206.822509765625,468.8349914550781,68.0887451171875,10.31036376953125,206.822509765625,468.8349914550781,63.0,14.0,167.0,465.0,0.5580560564994812,0.779885,1,0.7579512371459578,0.03132841366979532,1.2486720700365026,DETECTOR_CONFIRMED,0.06414788100005353,0.30152200199995605,0.0,2.5129791541023265,0,0,0,6.459738979379367,0.008074673724224208,1.0,0,0,0,0,10,4,0
3046,301.922157719,61.86088562011719,10.082504272460938,206.822509765625,468.8349914550781,61.86088562011719,10.082504272460938,206.822509765625,468.8349914550781,nan,nan,nan,nan,0.5715380907058716,nan,0,nan,nan,nan,TRACKING,0.06018859699997847,0.0,0.0,11.060904192200217,0,0,0,6.232026465416689,0.007790033081770861,1.0,0,0,0,0,10,4,0
3047,301.996821867,68.31660461425781,10.082504272460938,206.822509765625,468.8349914550781,68.31660461425781,10.082504272460938,206.822509765625,468.8349914550781,nan,nan,nan,nan,0.5714589953422546,nan,0,nan,nan,nan,TRACKING,0.051058393999937834,0.0,0.0,13.393308927865299,0,0,0,6.455718994140625,0.00806964874267578,1.0,0,0,0,0,10,4,0
3048,302.0628574870001,68.0887451171875,10.082504272460938,206.822509765625,468.8349914550781,68.0887451171875,10.082504272460938,206.822509765625,468.8349914550781,nan,nan,nan,nan,0.573079526424408,nan,0,nan,nan,nan,TRACKING,0.038708086000042385,0.0,0.0,15.14334233552417,0,0,0,0.2278594970703125,0.00028482437133789065,1.0,0,0,0,0,10,4,0
3049,302.12569133499994,68.0887451171875,10.082504272460938,206.822509765625,468.8349914550781,68.0887451171875,10.082504272460938,206.822509765625,468.8349914550781,nan,nan,nan,nan,0.5782641172409058,nan,0,nan,nan,nan,TRACKING,0.039226375999987795,0.0,0.0,15.9149890040526,0,0,0,0.0,0.0,1.0,0,0,0,0,10,4,0
3050,302.20433330799995,68.0887451171875,10.082504272460938,206.822509765625,468.8349914550781,68.0887451171875,10.082504272460938,206.822509765625,468.8349914550781,nan,nan,nan,nan,0.5741519927978516,nan,0,nan,nan,nan,TRACKING,0.05176814499986904,0.0,0.0,12.715855946289096,0,0,0,0.0,0.0,1.0,0,0,0,0,10,4,0
3051,302.27526479000005,68.0887451171875,10.082504272460938,206.822509765625,468.8349914550781,68.0887451171875,10.082504272460938,206.822509765625,468.8349914550781,nan,nan,nan,nan,0.5674845576286316,nan,0,nan,nan,nan,TRACKING,0.042240123000055974,0.0,0.0,14.098112316312708,0,0,0,0.0,0.0,1.0,0,0,0,0,10,4,0
3052,302.352297258,61.86088562011719,10.082504272460938,206.822509765625,468.8349914550781,61.86088562011719,10.082504272460938,206.822509765625,468.8349914550781,nan,nan,nan,nan,0.5696414709091187,nan,0,nan,nan,nan,TRACKING,0.050556197999867436,0.0,0.0,12.981539160868964,0,0,0,6.2278594970703125,0.00778482437133789,1.0,0,0,0,0,10,4,0
3053,302.43011317599996,68.31660461425781,10.082504272460938,206.822509765625,468.8349914550781,68.31660461425781,10.082504272460938,206.822509765625,468.8349914550781,nan,nan,nan,nan,0.5898119211196899,nan,0,nan,nan,nan,TRACKING,0.05207127499988928,0.0,0.0,12.850841135109977,0,0,0,6.455718994140625,0.00806964874267578,1.0,0,0,0,0,10,4,0
3054,302.502875625,68.0887451171875,10.082504272460938,206.822509765625,468.8349914550781,68.0887451171875,10.082504272460938,206.822509765625,468.8349914550781,nan,nan,nan,nan,0.5870126485824585,nan,0,nan,nan,nan,TRACKING,0.048884034999900905,0.0,0.0,13.743352701054322,0,0,0,0.2278594970703125,0.00028482437133789065,1.0,0,0,0,0,10,4,0
3055,302.5865854950001,68.0887451171875,10.082504272460938,206.822509765625,468.8349914550781,68.0887451171875,10.082504272460938,206.822509765625,468.8349914550781,nan,nan,nan,nan,0.574937641620636,nan,0,nan,nan,nan,TRACKING,0.05721151599982477,0.0,0.0,11.94602261356467,0,0,0,0.0,0.0,1.0,0,0,0,0,10,4,0
3056,302.66676879499994,68.0887451171875,10.082504272460938,206.822509765625,468.8349914550781,68.0887451171875,10.082504272460938,206.822509765625,468.8349914550781,nan,nan,nan,nan,0.5741541385650635,nan,0,nan,nan,nan,TRACKING,0.05716130699988753,0.0,0.0,12.47142484784592,0,0,0,0.0,0.0,1.0,0,0,0,0,10,4,0
3057,302.73372036800004,68.0887451171875,10.082504272460938,206.822509765625,468.8349914550781,68.0887451171875,10.082504272460938,206.822509765625,468.8349914550781,nan,nan,nan,nan,0.6211747527122498,nan,0,nan,nan,nan,TRACKING,0.04411666499981948,0.0,0.0,14.936168863404538,0,0,0,0.0,0.0,1.0,0,0,0,0,10,4,0
3058,302.808002009,68.0887451171875,10.082504272460938,206.822509765625,468.8349914550781,68.0887451171875,10.082504272460938,206.822509765625,468.8349914550781,nan,nan,nan,nan,0.6062664985656738,nan,0,nan,nan,nan,TRACKING,0.05100922700012234,0.0,0.0,13.462276634416268,0,0,0,0.0,0.0,1.0,0,0,0,0,10,4,0
3059,302.877632219,68.0887451171875,10.082504272460938,206.822509765625,468.8349914550781,68.0887451171875,10.082504272460938,206.822509765625,468.8349914550781,nan,nan,nan,nan,0.6037550568580627,nan,0,nan,nan,nan,TRACKING,0.045779139999922336,0.0,0.0,14.361582422339389,0,0,0,0.0,0.0,1.0,0,0,0,0,10,4,0
3060,303.22984542000006,68.0887451171875,10.082504272460938,206.822509765625,468.8349914550781,68.0887451171875,10.082504272460938,206.822509765625,468.8349914550781,100.0,22.0,150.0,457.0,0.588637113571167,0.98721,1,0.7067336989436951,0.008682777493406128,1.4145241371069965,DETECTOR_CONFIRMED,0.04233116700015671,0.2793200720000186,0.0,2.839189437422265,0,0,0,0.0,0.0,1.0,0,0,0,0,10,4,0
3061,303.33177168300006,80.54446411132812,10.082504272460938,206.822509765625,468.8349914550781,80.54446411132812,10.082504272460938,206.822509765625,468.8349914550781,nan,nan,nan,nan,0.5950084924697876,nan,0,nan,nan,nan,TRACKING,0.07003026799998224,0.0,0.0,9.811014066119954,0,0,0,12.455718994140625,0.01556964874267578,1.0,0,0,0,0,10,4,0
3062,303.40345505200014,80.0887451171875,10.082504272460938,206.822509765625,468.8349914550781,80.0887451171875,10.082504272460938,206.822509765625,468.8349914550781,nan,nan,nan,nan,0.5833058953285217,nan,0,nan,nan,nan,TRACKING,0.04794651899987912,0.0,0.0,13.950237188193936,0,0,0,0.455718994140625,0.0005696487426757813,1.0,0,0,0,0,10,4,0
3063,303.480741898,80.0887451171875,10.082504272460938,206.822509765625,468.8349914550781,80.0887451171875,10.082504272460938,206.822509765625,468.8349914550781,nan,nan,nan,nan,0.5621858239173889,nan,0,nan,nan,nan,TRACKING,0.0537961989998621,0.0,0.0,12.938812382142823,0,0,0,0.0,0.0,1.0,0,0,0,0,10,4,0
3064,303.57088072800013,86.31660461425781,10.082504272460938,206.822509765625,468.8349914550781,86.31660461425781,10.082504272460938,206.822509765625,468.8349914550781,nan,nan,nan,nan,0.5396769642829895,nan,0,nan,nan,nan,TRACKING,0.06252436299996589,0.0,0.0,11.09399800284439,0,0,0,6.2278594970703125,0.00778482437133789,1.0,0,0,0,0,10,4,0
3065,303.65345672399997,86.0887451171875,10.082504272460938,206.822509765625,468.8349914550781,86.0887451171875,10.082504272460938,206.822509765625,468.8349914550781,nan,nan,nan,nan,0.5211864113807678,nan,0,nan,nan,nan,TRACKING,0.058256219999975656,0.0,0.0,12.110056777299201,0,0,0,0.2278594970703125,0.00028482437133789065,1.0,0,0,0,0,10,4,0
3066,303.94286732700004,86.0887451171875,10.082504272460938,206.822509765625,468.8349914550781,86.0887451171875,10.082504272460938,206.822509765625,468.8349914550781,nan,nan,nan,nan,0.48092004656791687,nan,0,nan,nan,nan,SUSPECTED_LOST,0.04084687100021256,0.2250066770000103,0.0,3.455298422496735,1,0,0,0.0,0.0,1.0,0,0,0,0,10,4,0
3067,304.24241637700004,86.0887451171875,10.082504272460938,206.822509765625,468.8349914550781,86.0887451171875,10.082504272460938,206.822509765625,468.8349914550781,nan,nan,nan,nan,0.458355575799942,nan,0,nan,nan,nan,SUSPECTED_LOST,0.04898236999997607,0.20289730099989356,0.0,3.3383514319274705,1,0,0,0.0,0.0,1.0,0,0,0,0,10,4,0
3068,304.477305195,79.86088562011719,10.082504272460938,206.822509765625,468.8349914550781,79.86088562011719,10.082504272460938,206.822509765625,468.8349914550781,nan,nan,nan,nan,0.4199496805667877,nan,0,nan,nan,nan,SUSPECTED_LOST,0.08504661000006308,0.12853388899998208,0.0,4.257333356755343,1,0,0,6.2278594970703125,0.00778482437133789,1.0,0,0,0,0,10,4,0
3069,304.77511197699994,80.0887451171875,10.082504272460938,206.822509765625,468.8349914550781,182.73106079101564,8.078876495361328,156.23787841796877,471.54224700927733,238.0,7.0,129.0,473.0,0.4127495586872101,0.930704,1,0.16979698868321544,0.1487552520081224,1.5891576052359935,SOFT_REINITIALIZING,0.04229590499994629,0.22595757700014474,0.0,3.3578818900106846,1,0,0,0.2278594970703125,0.00028482437133789065,1.0,0,0,0,0,11,4,0
3070,304.804070839,182.73106079101564,8.078876495361328,156.23787841796877,471.54224700927733,182.73106079101564,8.078876495361328,156.23787841796877,471.54224700927733,nan,nan,nan,nan,,nan,0,nan,nan,nan,INITIALIZING,0.0,0.0,0.0,34.53174368513482,0,0,0,0.0,0.0,1.0,0,0,0,0,11,4,0
3071,304.83924412700014,182.73106079101564,8.078876495361328,156.23787841796877,471.54224700927733,182.73106079101564,8.078876495361328,156.23787841796877,471.54224700927733,nan,nan,nan,nan,,nan,0,nan,nan,nan,INITIALIZING,0.0,0.0,0.0,28.430665907505848,0,0,0,0.0,0.0,1.0,0,0,0,0,11,4,0
3072,304.87503435199994,182.73106079101564,8.078876495361328,156.23787841796877,471.54224700927733,182.73106079101564,8.078876495361328,156.23787841796877,471.54224700927733,nan,nan,nan,nan,,nan,0,nan,nan,nan,INITIALIZING,0.0,0.0,0.0,27.940589923801053,0,0,0,0.0,0.0,1.0,0,0,0,0,11,4,0
3073,304.90637460799996,182.73106079101564,8.078876495361328,156.23787841796877,471.54224700927733,182.73106079101564,8.078876495361328,156.23787841796877,471.54224700927733,nan,nan,nan,nan,,nan,0,nan,nan,nan,INITIALIZING,0.0,0.0,0.0,31.907844020142,0,0,0,0.0,0.0,1.0,0,0,0,0,11,4,0
3074,304.93984318000014,182.73106079101564,8.078876495361328,156.23787841796877,471.54224700927733,182.73106079101564,8.078876495361328,156.23787841796877,471.54224700927733,nan,nan,nan,nan,,nan,0,nan,nan,nan,INITIALIZING,0.0,0.0,0.0,29.87877702086571,0,0,0,0.0,0.0,1.0,0,0,0,0,11,4,0
3075,304.9746437540001,182.73106079101564,8.078876495361328,156.23787841796877,471.54224700927733,182.73106079101564,8.078876495361328,156.23787841796877,471.54224700927733,nan,nan,nan,nan,,nan,0,nan,nan,nan,INITIALIZING,0.0,0.0,0.0,28.735158218963907,0,0,0,0.0,0.0,1.0,0,0,0,0,11,4,0
3076,305.02107946700005,182.73106079101564,8.078876495361328,156.23787841796877,471.54224700927733,182.73106079101564,8.078876495361328,156.23787841796877,471.54224700927733,nan,nan,nan,nan,,nan,0,nan,nan,nan,INITIALIZING,0.0,0.0,0.0,21.53514903499715,0,0,0,0.0,0.0,1.0,0,0,0,0,11,4,0
3077,305.06464383000014,182.73106079101564,8.078876495361328,156.23787841796877,471.54224700927733,182.73106079101564,8.078876495361328,156.23787841796877,471.54224700927733,nan,nan,nan,nan,,nan,0,nan,nan,nan,INITIALIZING,0.0,0.0,0.0,22.954541995667586,0,0,0,0.0,0.0,1.0,0,0,0,0,11,4,0
3078,305.1237490750001,182.73106079101564,8.078876495361328,156.23787841796877,471.54224700927733,182.73106079101564,8.078876495361328,156.23787841796877,471.54224700927733,nan,nan,nan,nan,,nan,0,nan,nan,nan,INITIALIZING,0.0,0.0,0.0,16.9189722502759,0,0,0,0.0,0.0,1.0,0,0,0,0,11,4,0
3079,305.1517343270001,182.73106079101564,8.078876495361328,156.23787841796877,471.54224700927733,182.73106079101564,8.078876495361328,156.23787841796877,471.54224700927733,nan,nan,nan,nan,,nan,0,nan,nan,nan,INITIALIZING,0.0,0.0,0.0,35.73310685212789,0,0,0,0.0,0.0,1.0,0,0,0,0,11,4,0
3080,305.18123309400005,182.73106079101564,8.078876495361328,156.23787841796877,471.54224700927733,182.73106079101564,8.078876495361328,156.23787841796877,471.54224700927733,nan,nan,nan,nan,,nan,0,nan,nan,nan,INITIALIZING,0.0,0.0,0.0,33.89972197826758,0,0,0,0.0,0.0,1.0,0,0,0,0,11,4,0
3081,305.21415546000014,182.73106079101564,8.078876495361328,156.23787841796877,471.54224700927733,182.73106079101564,8.078876495361328,156.23787841796877,471.54224700927733,nan,nan,nan,nan,,nan,0,nan,nan,nan,INITIALIZING,0.0,0.0,0.0,30.37448766583669,0,0,0,0.0,0.0,1.0,0,0,0,0,11,4,0
3082,305.247535072,182.73106079101564,8.078876495361328,156.23787841796877,471.54224700927733,182.73106079101564,8.078876495361328,156.23787841796877,471.54224700927733,nan,nan,nan,nan,,nan,0,nan,nan,nan,INITIALIZING,0.0,0.0,0.0,29.958406946255774,0,0,0,0.0,0.0,1.0,0,0,0,0,11,4,0
3083,305.28576731600003,182.73106079101564,8.078876495361328,156.23787841796877,471.54224700927733,182.73106079101564,8.078876495361328,156.23787841796877,471.54224700927733,nan,nan,nan,nan,,nan,0,nan,nan,nan,INITIALIZING,0.0,0.0,0.0,26.15593267293616,0,0,0,0.0,0.0,1.0,0,0,0,0,11,4,0
3084,305.3308409760001,182.73106079101564,8.078876495361328,156.23787841796877,471.54224700927733,182.73106079101564,8.078876495361328,156.23787841796877,471.54224700927733,nan,nan,nan,nan,,nan,0,nan,nan,nan,INITIALIZING,0.0,0.0,0.0,22.18590635857895,0,0,0,0.0,0.0,1.0,0,0,0,0,11,4,0
3085,305.37175993100016,182.73106079101564,8.078876495361328,156.23787841796877,471.54224700927733,182.73106079101564,8.078876495361328,156.23787841796877,471.54224700927733,nan,nan,nan,nan,,nan,0,nan,nan,nan,INITIALIZING,0.0,0.0,0.0,24.438551766503586,0,0,0,0.0,0.0,1.0,0,0,0,0,11,4,0
3086,305.41253492500016,182.73106079101564,8.078876495361328,156.23787841796877,471.54224700927733,182.73106079101564,8.078876495361328,156.23787841796877,471.54224700927733,nan,nan,nan,nan,,nan,0,nan,nan,nan,INITIALIZING,0.0,0.0,0.0,24.524835000587,0,0,0,0.0,0.0,1.0,0,0,0,0,11,4,0
3087,305.4514076490001,182.73106079101564,8.078876495361328,156.23787841796877,471.54224700927733,182.73106079101564,8.078876495361328,156.23787841796877,471.54224700927733,nan,nan,nan,nan,,nan,0,nan,nan,nan,INITIALIZING,0.0,0.0,0.0,25.72497877951146,0,0,0,0.0,0.0,1.0,0,0,0,0,11,4,0
3088,305.869495109,187.8096160888672,7.7288818359375,156.23788452148438,471.542236328125,187.8096160888672,7.7288818359375,156.23788452148438,471.542236328125,nan,nan,nan,nan,0.4703734219074249,nan,0,nan,nan,nan,SUSPECTED_LOST,0.056746351000128925,0.31532649699988724,0.6819058690000475,2.3918440414361655,1,0,0,5.090604572188539,0.006363255715235674,1.0000000164140017,0,0,0,0,11,4,0
3089,306.17786685500016,187.3810577392578,7.7288818359375,156.23788452148438,471.542236328125,357.0,17.0,120.0,435.0,357.0,17.0,120.0,435.0,0.4284912645816803,0.799319,1,0.0,0.18970886411815344,1.411355583648201,REINITIALIZING,0.06682458999989649,0.2165726820001055,0.0,3.2428392450698773,1,0,0,0.428558349609375,0.0005356979370117188,1.0,0,0,0,0,11,5,0
3090,306.2085976730001,357.0,17.0,120.0,435.0,357.0,17.0,120.0,435.0,nan,nan,nan,nan,,nan,0,nan,nan,nan,INITIALIZING,0.0,0.0,0.0,32.54062420343033,0,0,0,0.0,0.0,1.0,0,0,0,0,11,5,0
3091,306.2381210760001,357.0,17.0,120.0,435.0,357.0,17.0,120.0,435.0,nan,nan,nan,nan,,nan,0,nan,nan,nan,INITIALIZING,0.0,0.0,0.0,33.871434129748486,0,0,0,0.0,0.0,1.0,0,0,0,0,11,5,0
3092,306.282147947,357.0,17.0,120.0,435.0,357.0,17.0,120.0,435.0,nan,nan,nan,nan,,nan,0,nan,nan,nan,INITIALIZING,0.0,0.0,0.0,22.71340154974768,0,0,0,0.0,0.0,1.0,0,0,0,0,11,5,0
3093,306.3257765300001,357.0,17.0,120.0,435.0,357.0,17.0,120.0,435.0,nan,nan,nan,nan,,nan,0,nan,nan,nan,INITIALIZING,0.0,0.0,0.0,22.920753580232336,0,0,0,0.0,0.0,1.0,0,0,0,0,11,5,0
3094,306.3566799040001,357.0,17.0,120.0,435.0,357.0,17.0,120.0,435.0,nan,nan,nan,nan,,nan,0,nan,nan,nan,INITIALIZING,0.0,0.0,0.0,32.35892624540963,0,0,0,0.0,0.0,1.0,0,0,0,0,11,5,0
3095,306.3824113690001,357.0,17.0,120.0,435.0,357.0,17.0,120.0,435.0,nan,nan,nan,nan,,nan,0,nan,nan,nan,INITIALIZING,0.0,0.0,0.0,38.86292521621399,0,0,0,0.0,0.0,1.0,0,0,0,0,11,5,0
3096,306.410457821,357.0,17.0,120.0,435.0,357.0,17.0,120.0,435.0,nan,nan,nan,nan,,nan,0,nan,nan,nan,INITIALIZING,0.0,0.0,0.0,35.655133847362016,0,0,0,0.0,0.0,1.0,0,0,0,0,11,5,0
3097,306.4398676280001,357.0,17.0,120.0,435.0,357.0,17.0,120.0,435.0,nan,nan,nan,nan,,nan,0,nan,nan,nan,INITIALIZING,0.0,0.0,0.0,34.00226325853977,0,0,0,0.0,0.0,1.0,0,0,0,0,11,5,0
3098,306.4833191250001,357.0,17.0,120.0,435.0,357.0,17.0,120.0,435.0,nan,nan,nan,nan,,nan,0,nan,nan,nan,INITIALIZING,0.0,0.0,0.0,23.01416680765917,0,0,0,0.0,0.0,1.0,0,0,0,0,11,5,0
3099,306.527226046,357.0,17.0,120.0,435.0,357.0,17.0,120.0,435.0,nan,nan,nan,nan,,nan,0,nan,nan,nan,INITIALIZING,0.0,0.0,0.0,22.775452644513848,0,0,0,0.0,0.0,1.0,0,0,0,0,11,5,0
3100,306.57544788200005,357.0,17.0,120.0,435.0,357.0,17.0,120.0,435.0,nan,nan,nan,nan,,nan,0,nan,nan,nan,INITIALIZING,0.0,0.0,0.0,20.73749327999861,0,0,0,0.0,0.0,1.0,0,0,0,0,11,5,0
3101,306.616426057,357.0,17.0,120.0,435.0,357.0,17.0,120.0,435.0,nan,nan,nan,nan,,nan,0,nan,nan,nan,INITIALIZING,0.0,0.0,0.0,24.403234160644857,0,0,0,0.0,0.0,1.0,0,0,0,0,11,5,0
3102,306.6506836520001,357.0,17.0,120.0,435.0,357.0,17.0,120.0,435.0,nan,nan,nan,nan,,nan,0,nan,nan,nan,INITIALIZING,0.0,0.0,0.0,29.19060722146739,0,0,0,0.0,0.0,1.0,0,0,0,0,11,5,0
3103,306.690053467,357.0,17.0,120.0,435.0,357.0,17.0,120.0,435.0,nan,nan,nan,nan,,nan,0,nan,nan,nan,INITIALIZING,0.0,0.0,0.0,25.40017015582201,0,0,0,0.0,0.0,1.0,0,0,0,0,11,5,0
3104,306.7183867980001,357.0,17.0,120.0,435.0,357.0,17.0,120.0,435.0,nan,nan,nan,nan,,nan,0,nan,nan,nan,INITIALIZING,0.0,0.0,0.0,35.2941205534932,0,0,0,0.0,0.0,1.0,0,0,0,0,11,5,0
3105,306.75028930300016,357.0,17.0,120.0,435.0,357.0,17.0,120.0,435.0,nan,nan,nan,nan,,nan,0,nan,nan,nan,INITIALIZING,0.0,0.0,0.0,31.345500925336765,0,0,0,0.0,0.0,1.0,0,0,0,0,11,5,0
3106,306.77759954400005,357.0,17.0,120.0,435.0,357.0,17.0,120.0,435.0,nan,nan,nan,nan,,nan,0,nan,nan,nan,INITIALIZING,0.0,0.0,0.0,36.61630082297058,0,0,0,0.0,0.0,1.0,0,0,0,0,11,5,0
3107,306.824660528,357.0,17.0,120.0,435.0,357.0,17.0,120.0,435.0,nan,nan,nan,nan,,nan,0,nan,nan,nan,INITIALIZING,0.0,0.0,0.0,21.24902445732014,0,0,0,0.0,0.0,1.0,0,0,0,0,11,5,0
3108,306.85137690499994,357.0,17.0,120.0,435.0,357.0,17.0,120.0,435.0,nan,nan,nan,nan,,nan,0,nan,nan,nan,INITIALIZING,0.0,0.0,0.0,37.43022491416444,0,0,0,0.0,0.0,1.0,0,0,0,0,11,5,0
3109,306.88113682200003,357.0,17.0,120.0,435.0,357.0,17.0,120.0,435.0,nan,nan,nan,nan,,nan,0,nan,nan,nan,INITIALIZING,0.0,0.0,0.0,33.60224425346693,0,0,0,0.0,0.0,1.0,0,0,0,0,11,5,0
3110,306.91262333,357.0,17.0,120.0,435.0,357.0,17.0,120.0,435.0,nan,nan,nan,nan,,nan,0,nan,nan,nan,INITIALIZING,0.0,0.0,0.0,31.75963495227201,0,0,0,0.0,0.0,1.0,0,0,0,0,11,5,0
3111,306.9435043080001,357.0,17.0,120.0,435.0,357.0,17.0,120.0,435.0,nan,nan,nan,nan,,nan,0,nan,nan,nan,INITIALIZING,0.0,0.0,0.0,32.382394106670795,0,0,0,0.0,0.0,1.0,0,0,0,0,11,5,0
3112,306.9814481100001,357.0,17.0,120.0,435.0,357.0,17.0,120.0,435.0,nan,nan,nan,nan,,nan,0,nan,nan,nan,INITIALIZING,0.0,0.0,0.0,26.35476539754042,0,0,0,0.0,0.0,1.0,0,0,0,0,11,5,0
3113,307.02636593299997,357.0,17.0,120.0,435.0,357.0,17.0,120.0,435.0,nan,nan,nan,nan,,nan,0,nan,nan,nan,INITIALIZING,0.0,0.0,0.0,22.26287770007728,0,0,0,0.0,0.0,1.0,0,0,0,0,11,5,0
3114,307.06806552599994,357.0,17.0,120.0,435.0,357.0,17.0,120.0,435.0,nan,nan,nan,nan,,nan,0,nan,nan,nan,INITIALIZING,0.0,0.0,0.0,23.98104940737868,0,0,0,0.0,0.0,1.0,0,0,0,0,11,5,0
3115,307.097585699,357.0,17.0,120.0,435.0,357.0,17.0,120.0,435.0,nan,nan,nan,nan,,nan,0,nan,nan,nan,INITIALIZING,0.0,0.0,0.0,33.875140230334715,0,0,0,0.0,0.0,1.0,0,0,0,0,11,5,0
3116,307.122215428,357.0,17.0,120.0,435.0,357.0,17.0,120.0,435.0,nan,nan,nan,nan,,nan,0,nan,nan,nan,INITIALIZING,0.0,0.0,0.0,40.601339949739476,0,0,0,0.0,0.0,1.0,0,0,0,0,11,5,0
3117,307.15267608500005,357.0,17.0,120.0,435.0,357.0,17.0,120.0,435.0,nan,nan,nan,nan,,nan,0,nan,nan,nan,INITIALIZING,0.0,0.0,0.0,32.82923280342902,0,0,0,0.0,0.0,1.0,0,0,0,0,11,5,0
3118,307.180807069,357.0,17.0,120.0,435.0,357.0,17.0,120.0,435.0,nan,nan,nan,nan,,nan,0,nan,nan,nan,INITIALIZING,0.0,0.0,0.0,35.54799220677776,0,0,0,0.0,0.0,1.0,0,0,0,0,11,5,0
3119,307.211255071,357.0,17.0,120.0,435.0,357.0,17.0,120.0,435.0,nan,nan,nan,nan,,nan,0,nan,nan,nan,INITIALIZING,0.0,0.0,0.0,32.84287750642558,0,0,0,0.0,0.0,1.0,0,0,0,0,11,5,0
3120,307.24795906099996,357.0,17.0,120.0,435.0,357.0,17.0,120.0,435.0,nan,nan,nan,nan,,nan,0,nan,nan,nan,INITIALIZING,0.0,0.0,0.0,27.244994345317643,0,0,0,0.0,0.0,1.0,0,0,0,0,11,5,0
3121,307.317745105,357.0,17.0,120.0,435.0,357.0,17.0,120.0,435.0,nan,nan,nan,nan,,nan,0,nan,nan,nan,INITIALIZING,0.0,0.0,0.0,14.329512645821245,0,0,0,0.0,0.0,1.0,0,0,0,0,11,5,0
3122,307.34649156800003,357.0,17.0,120.0,435.0,357.0,17.0,120.0,435.0,nan,nan,nan,nan,,nan,0,nan,nan,nan,INITIALIZING,0.0,0.0,0.0,34.78688839033401,0,0,0,0.0,0.0,1.0,0,0,0,0,11,5,0
3123,307.39936655400004,357.0,17.0,120.0,435.0,357.0,17.0,120.0,435.0,nan,nan,nan,nan,,nan,0,nan,nan,nan,INITIALIZING,0.0,0.0,0.0,18.912534558399376,0,0,0,0.0,0.0,1.0,0,0,0,0,11,5,0
3124,307.43345596899997,357.0,17.0,120.0,435.0,357.0,17.0,120.0,435.0,nan,nan,nan,nan,,nan,0,nan,nan,nan,INITIALIZING,0.0,0.0,0.0,29.334618971964666,0,0,0,0.0,0.0,1.0,0,0,0,0,11,5,0
3125,307.482472349,357.0,17.0,120.0,435.0,357.0,17.0,120.0,435.0,nan,nan,nan,nan,,nan,0,nan,nan,nan,INITIALIZING,0.0,0.0,0.0,20.401343387654457,0,0,0,0.0,0.0,1.0,0,0,0,0,11,5,0
3126,307.54229692800016,357.0,17.0,120.0,435.0,357.0,17.0,120.0,435.0,nan,nan,nan,nan,,nan,0,nan,nan,nan,INITIALIZING,0.0,0.0,0.0,16.715537605321366,0,0,0,0.0,0.0,1.0,0,0,0,0,11,5,0
3127,307.57923852600004,357.0,17.0,120.0,435.0,357.0,17.0,120.0,435.0,nan,nan,nan,nan,,nan,0,nan,nan,nan,INITIALIZING,0.0,0.0,0.0,27.069754806035125,0,0,0,0.0,0.0,1.0,0,0,0,0,11,5,0
3128,307.6102526820001,357.0,17.0,120.0,435.0,357.0,17.0,120.0,435.0,nan,nan,nan,nan,,nan,0,nan,nan,nan,INITIALIZING,0.0,0.0,0.0,32.243340750505205,0,0,0,0.0,0.0,1.0,0,0,0,0,11,5,0
3129,307.6452756550001,357.0,17.0,120.0,435.0,357.0,17.0,120.0,435.0,nan,nan,nan,nan,,nan,0,nan,nan,nan,INITIALIZING,0.0,0.0,0.0,28.55268740323405,0,0,0,0.0,0.0,1.0,0,0,0,0,11,5,0
3130,307.77019328400013,397.62518310546875,17.0,120.0,435.0,397.62518310546875,17.0,120.0,435.0,nan,nan,nan,nan,0.5015990734100342,nan,0,nan,nan,nan,TRACKING,0.08160170799988009,0.0,1.5069442950000393,8.005275220198884,0,0,0,40.62518310546875,0.050781478881835936,1.0,0,0,0,0,11,5,0
3131,308.1150816190001,397.5,17.0,120.0,435.0,371.175,5.949999999999999,177.85,461.65000000000003,357.0,0.0,209.0,476.0,0.4780539274215698,0.967827,1,0.5247074906517631,0.006643841132959156,1.905823754789272,SOFT_REINITIALIZING,0.050745471000027464,0.26372054000012213,0.0,2.899489192640115,1,0,0,0.12518310546875,0.0001564788818359375,1.0,0,0,0,0,12,5,0
3132,308.16043908400013,371.175,5.949999999999999,177.85,461.65000000000003,371.175,5.949999999999999,177.85,461.65000000000003,nan,nan,nan,nan,,nan,0,nan,nan,nan,INITIALIZING,0.0,0.0,0.0,22.047087508061924,0,0,0,0.0,0.0,1.0,0,0,0,0,12,5,0
3133,308.19464949099995,371.175,5.949999999999999,177.85,461.65000000000003,371.175,5.949999999999999,177.85,461.65000000000003,nan,nan,nan,nan,,nan,0,nan,nan,nan,INITIALIZING,0.0,0.0,0.0,29.230871179208794,0,0,0,0.0,0.0,1.0,0,0,0,0,12,5,0
3134,308.2275248760001,371.175,5.949999999999999,177.85,461.65000000000003,371.175,5.949999999999999,177.85,461.65000000000003,nan,nan,nan,nan,,nan,0,nan,nan,nan,INITIALIZING,0.0,0.0,0.0,30.417894725680064,0,0,0,0.0,0.0,1.0,0,0,0,0,12,5,0
3135,308.262724154,371.175,5.949999999999999,177.85,461.65000000000003,371.175,5.949999999999999,177.85,461.65000000000003,nan,nan,nan,nan,,nan,0,nan,nan,nan,INITIALIZING,0.0,0.0,0.0,28.409673630288875,0,0,0,0.0,0.0,1.0,0,0,0,0,12,5,0
3136,308.29117613200003,371.175,5.949999999999999,177.85,461.65000000000003,371.175,5.949999999999999,177.85,461.65000000000003,nan,nan,nan,nan,,nan,0,nan,nan,nan,INITIALIZING,0.0,0.0,0.0,35.1469412776596,0,0,0,0.0,0.0,1.0,0,0,0,0,12,5,0
3137,308.31827569300015,371.175,5.949999999999999,177.85,461.65000000000003,371.175,5.949999999999999,177.85,461.65000000000003,nan,nan,nan,nan,,nan,0,nan,nan,nan,INITIALIZING,0.0,0.0,0.0,36.90096677196376,0,0,0,0.0,0.0,1.0,0,0,0,0,12,5,0
3138,308.353655859,371.175,5.949999999999999,177.85,461.65000000000003,371.175,5.949999999999999,177.85,461.65000000000003,nan,nan,nan,nan,,nan,0,nan,nan,nan,INITIALIZING,0.0,0.0,0.0,28.264423632261355,0,0,0,0.0,0.0,1.0,0,0,0,0,12,5,0
3139,308.39249488400003,371.175,5.949999999999999,177.85,461.65000000000003,371.175,5.949999999999999,177.85,461.65000000000003,nan,nan,nan,nan,,nan,0,nan,nan,nan,INITIALIZING,0.0,0.0,0.0,25.74729926921688,0,0,0,0.0,0.0,1.0,0,0,0,0,12,5,0
3140,308.44527413799995,371.175,5.949999999999999,177.85,461.65000000000003,371.175,5.949999999999999,177.85,461.65000000000003,nan,nan,nan,nan,,nan,0,nan,nan,nan,INITIALIZING,0.0,0.0,0.0,18.94683846803901,0,0,0,0.0,0.0,1.0,0,0,0,0,12,5,0
3141,308.47858822800015,371.175,5.949999999999999,177.85,461.65000000000003,371.175,5.949999999999999,177.85,461.65000000000003,nan,nan,nan,nan,,nan,0,nan,nan,nan,INITIALIZING,0.0,0.0,0.0,30.017329003850598,0,0,0,0.0,0.0,1.0,0,0,0,0,12,5,0
3142,308.51322259999995,371.175,5.949999999999999,177.85,461.65000000000003,371.175,5.949999999999999,177.85,461.65000000000003,nan,nan,nan,nan,,nan,0,nan,nan,nan,INITIALIZING,0.0,0.0,0.0,28.87305131462365,0,0,0,0.0,0.0,1.0,0,0,0,0,12,5,0
3143,308.54831119900007,371.175,5.949999999999999,177.85,461.65000000000003,371.175,5.949999999999999,177.85,461.65000000000003,nan,nan,nan,nan,,nan,0,nan,nan,nan,INITIALIZING,0.0,0.0,0.0,28.499285480067556,0,0,0,0.0,0.0,1.0,0,0,0,0,12,5,0
3144,308.58423668600005,371.175,5.949999999999999,177.85,461.65000000000003,371.175,5.949999999999999,177.85,461.65000000000003,nan,nan,nan,nan,,nan,0,nan,nan,nan,INITIALIZING,0.0,0.0,0.0,27.83539162601729,0,0,0,0.0,0.0,1.0,0,0,0,0,12,5,0
3145,308.62109838699996,371.175,5.949999999999999,177.85,461.65000000000003,371.175,5.949999999999999,177.85,461.65000000000003,nan,nan,nan,nan,,nan,0,nan,nan,nan,INITIALIZING,0.0,0.0,0.0,27.128427958398387,0,0,0,0.0,0.0,1.0,0,0,0,0,12,5,0
3146,308.65846421000003,371.175,5.949999999999999,177.85,461.65000000000003,371.175,5.949999999999999,177.85,461.65000000000003,nan,nan,nan,nan,,nan,0,nan,nan,nan,INITIALIZING,0.0,0.0,0.0,26.762424047184787,0,0,0,0.0,0.0,1.0,0,0,0,0,12,5,0
3147,308.6936281740001,371.175,5.949999999999999,177.85,461.65000000000003,371.175,5.949999999999999,177.85,461.65000000000003,nan,nan,nan,nan,,nan,0,nan,nan,nan,INITIALIZING,0.0,0.0,0.0,28.43820452093002,0,0,0,0.0,0.0,1.0,0,0,0,0,12,5,0
3148,308.72415914600003,371.175,5.949999999999999,177.85,461.65000000000003,371.175,5.949999999999999,177.85,461.65000000000003,nan,nan,nan,nan,,nan,0,nan,nan,nan,INITIALIZING,0.0,0.0,0.0,32.753624745441876,0,0,0,0.0,0.0,1.0,0,0,0,0,12,5,0
3149,308.75010936399997,371.175,5.949999999999999,177.85,461.65000000000003,371.175,5.949999999999999,177.85,461.65000000000003,nan,nan,nan,nan,,nan,0,nan,nan,nan,INITIALIZING,0.0,0.0,0.0,38.53532174575664,0,0,0,0.0,0.0,1.0,0,0,0,0,12,5,0
3150,308.78168097800005,371.175,5.949999999999999,177.85,461.65000000000003,371.175,5.949999999999999,177.85,461.65000000000003,nan,nan,nan,nan,,nan,0,nan,nan,nan,INITIALIZING,0.0,0.0,0.0,31.674022113575795,0,0,0,0.0,0.0,1.0,0,0,0,0,12,5,0
3151,308.820549378,371.175,5.949999999999999,177.85,461.65000000000003,371.175,5.949999999999999,177.85,461.65000000000003,nan,nan,nan,nan,,nan,0,nan,nan,nan,INITIALIZING,0.0,0.0,0.0,25.72784061091115,0,0,0,0.0,0.0,1.0,0,0,0,0,12,5,0
3152,309.21728814799997,360.11346435546875,-0.0557708740234375,177.85000610351562,461.6499938964844,305.43971252441406,3.230480194091797,196.14750213623046,468.3774978637695,276.0,5.0,206.0,472.0,0.42218515276908875,0.943753,1,0.4499595197709575,0.08847718325112115,1.1842475649986557,SOFT_REINITIALIZING,0.06535227400013355,0.2762317870001425,0.744067092000023,2.5205502351083817,1,0,0,12.586771776296874,0.01573346472037109,1.0000000210972444,0,0,0,0,13,5,0
3153,309.244599535,305.43971252441406,3.230480194091797,196.14750213623046,468.3774978637695,305.43971252441406,3.230480194091797,196.14750213623046,468.3774978637695,nan,nan,nan,nan,,nan,0,nan,nan,nan,INITIALIZING,0.0,0.0,0.0,36.614764383735306,0,0,0,0.0,0.0,1.0,0,0,0,0,13,5,0
3154,309.2777994040001,305.43971252441406,3.230480194091797,196.14750213623046,468.3774978637695,305.43971252441406,3.230480194091797,196.14750213623046,468.3774978637695,nan,nan,nan,nan,,nan,0,nan,nan,nan,INITIALIZING,0.0,0.0,0.0,30.120600776978534,0,0,0,0.0,0.0,1.0,0,0,0,0,13,5,0
3155,309.3238975590001,305.43971252441406,3.230480194091797,196.14750213623046,468.3774978637695,305.43971252441406,3.230480194091797,196.14750213623046,468.3774978637695,nan,nan,nan,nan,,nan,0,nan,nan,nan,INITIALIZING,0.0,0.0,0.0,21.69284215388667,0,0,0,0.0,0.0,1.0,0,0,0,0,13,5,0
3156,309.3574070170001,305.43971252441406,3.230480194091797,196.14750213623046,468.3774978637695,305.43971252441406,3.230480194091797,196.14750213623046,468.3774978637695,nan,nan,nan,nan,,nan,0,nan,nan,nan,INITIALIZING,0.0,0.0,0.0,29.842320935158863,0,0,0,0.0,0.0,1.0,0,0,0,0,13,5,0
3157,309.384030111,305.43971252441406,3.230480194091797,196.14750213623046,468.3774978637695,305.43971252441406,3.230480194091797,196.14750213623046,468.3774978637695,nan,nan,nan,nan,,nan,0,nan,nan,nan,INITIALIZING,0.0,0.0,0.0,37.56137434680648,0,0,0,0.0,0.0,1.0,0,0,0,0,13,5,0
3158,309.411528428,305.43971252441406,3.230480194091797,196.14750213623046,468.3774978637695,305.43971252441406,3.230480194091797,196.14750213623046,468.3774978637695,nan,nan,nan,nan,,nan,0,nan,nan,nan,INITIALIZING,0.0,0.0,0.0,36.36586195441257,0,0,0,0.0,0.0,1.0,0,0,0,0,13,5,0
3159,309.44436990600013,305.43971252441406,3.230480194091797,196.14750213623046,468.3774978637695,305.43971252441406,3.230480194091797,196.14750213623046,468.3774978637695,nan,nan,nan,nan,,nan,0,nan,nan,nan,INITIALIZING,0.0,0.0,0.0,30.449299510693077,0,0,0,0.0,0.0,1.0,0,0,0,0,13,5,0
3160,309.48130343100013,305.43971252441406,3.230480194091797,196.14750213623046,468.3774978637695,305.43971252441406,3.230480194091797,196.14750213623046,468.3774978637695,nan,nan,nan,nan,,nan,0,nan,nan,nan,INITIALIZING,0.0,0.0,0.0,27.075671764342495,0,0,0,0.0,0.0,1.0,0,0,0,0,13,5,0
3161,309.523276882,305.43971252441406,3.230480194091797,196.14750213623046,468.3774978637695,305.43971252441406,3.230480194091797,196.14750213623046,468.3774978637695,nan,nan,nan,nan,,nan,0,nan,nan,nan,INITIALIZING,0.0,0.0,0.0,23.82458378280477,0,0,0,0.0,0.0,1.0,0,0,0,0,13,5,0
3162,309.55639971900007,305.43971252441406,3.230480194091797,196.14750213623046,468.3774978637695,305.43971252441406,3.230480194091797,196.14750213623046,468.3774978637695,nan,nan,nan,nan,,nan,0,nan,nan,nan,INITIALIZING,0.0,0.0,0.0,30.190650637747417,0,0,0,0.0,0.0,1.0,0,0,0,0,13,5,0
3163,309.58851931000015,305.43971252441406,3.230480194091797,196.14750213623046,468.3774978637695,305.43971252441406,3.230480194091797,196.14750213623046,468.3774978637695,nan,nan,nan,nan,,nan,0,nan,nan,nan,INITIALIZING,0.0,0.0,0.0,31.13364675152412,0,0,0,0.0,0.0,1.0,0,0,0,0,13,5,0
3164,309.62871580500007,305.43971252441406,3.230480194091797,196.14750213623046,468.3774978637695,305.43971252441406,3.230480194091797,196.14750213623046,468.3774978637695,nan,nan,nan,nan,,nan,0,nan,nan,nan,INITIALIZING,0.0,0.0,0.0,24.877790961675462,0,0,0,0.0,0.0,1.0,0,0,0,0,13,5,0
3165,309.662405057,305.43971252441406,3.230480194091797,196.14750213623046,468.3774978637695,305.43971252441406,3.230480194091797,196.14750213623046,468.3774978637695,nan,nan,nan,nan,,nan,0,nan,nan,nan,INITIALIZING,0.0,0.0,0.0,29.68305737396746,0,0,0,0.0,0.0,1.0,0,0,0,0,13,5,0
3166,309.703146405,305.43971252441406,3.230480194091797,196.14750213623046,468.3774978637695,305.43971252441406,3.230480194091797,196.14750213623046,468.3774978637695,nan,nan,nan,nan,,nan,0,nan,nan,nan,INITIALIZING,0.0,0.0,0.0,24.54508868976089,0,0,0,0.0,0.0,1.0,0,0,0,0,13,5,0
3167,309.753914324,305.43971252441406,3.230480194091797,196.14750213623046,468.3774978637695,305.43971252441406,3.230480194091797,196.14750213623046,468.3774978637695,nan,nan,nan,nan,,nan,0,nan,nan,nan,INITIALIZING,0.0,0.0,0.0,19.697478638031686,0,0,0,0.0,0.0,1.0,0,0,0,0,13,5,0
3168,309.8032636260001,305.43971252441406,3.230480194091797,196.14750213623046,468.3774978637695,305.43971252441406,3.230480194091797,196.14750213623046,468.3774978637695,nan,nan,nan,nan,,nan,0,nan,nan,nan,INITIALIZING,0.0,0.0,0.0,20.26371112600088,0,0,0,0.0,0.0,1.0,0,0,0,0,13,5,0
3169,309.84060726099995,305.43971252441406,3.230480194091797,196.14750213623046,468.3774978637695,305.43971252441406,3.230480194091797,196.14750213623046,468.3774978637695,nan,nan,nan,nan,,nan,0,nan,nan,nan,INITIALIZING,0.0,0.0,0.0,26.77832514173322,0,0,0,0.0,0.0,1.0,0,0,0,0,13,5,0
3170,309.88050734499996,305.43971252441406,3.230480194091797,196.14750213623046,468.3774978637695,305.43971252441406,3.230480194091797,196.14750213623046,468.3774978637695,nan,nan,nan,nan,,nan,0,nan,nan,nan,INITIALIZING,0.0,0.0,0.0,25.062603878221218,0,0,0,0.0,0.0,1.0,0,0,0,0,13,5,0
3171,309.984033007,317.5503234863281,9.373291015625,196.14752197265625,468.37750244140625,317.5503234863281,9.373291015625,196.14752197265625,468.37750244140625,nan,nan,nan,nan,0.5739482045173645,nan,0,nan,nan,nan,TRACKING,0.06549847399992359,0.0,0.6728641469999275,9.65944076744596,0,0,0,13.57944369298218,0.016974304616227724,1.00000011090354,0,0,0,0,13,5,0
3172,310.0621141360001,317.4262390136719,9.311248779296875,196.14752197265625,468.37750244140625,317.4262390136719,9.311248779296875,196.14752197265625,468.37750244140625,nan,nan,nan,nan,0.5568680167198181,nan,0,nan,nan,nan,TRACKING,0.052375341000015396,0.0,0.0,12.807191863203938,0,0,0,0.13873065790579445,0.00017341332238224305,1.0,0,0,0,0,13,5,0
3173,310.1609565960001,317.4262390136719,3.24920654296875,196.14752197265625,468.37750244140625,317.4262390136719,3.24920654296875,196.14752197265625,468.37750244140625,nan,nan,nan,nan,0.5491348505020142,nan,0,nan,nan,nan,TRACKING,0.0656360800001039,0.0,0.0,10.117109590350688,0,0,0,6.062042236328125,0.0075775527954101566,1.0,0,0,0,0,13,5,0
3174,310.22688283700006,317.4262390136719,3.311248779296875,196.14752197265625,468.37750244140625,317.4262390136719,3.311248779296875,196.14752197265625,468.37750244140625,nan,nan,nan,nan,0.5491086840629578,nan,0,nan,nan,nan,TRACKING,0.04301700999985769,0.0,0.0,15.168466832514648,0,0,0,0.062042236328125,7.755279541015624e-05,1.0,0,0,0,0,13,5,0
3175,310.29811223800004,317.4262390136719,3.311248779296875,196.14752197265625,468.37750244140625,317.4262390136719,3.311248779296875,196.14752197265625,468.37750244140625,nan,nan,nan,nan,0.5554431080818176,nan,0,nan,nan,nan,TRACKING,0.04557939599999372,0.0,0.0,14.039146559722553,0,0,0,0.0,0.0,1.0,0,0,0,0,13,5,0
3176,310.37810381500015,317.4262390136719,3.311248779296875,196.14752197265625,468.37750244140625,317.4262390136719,3.311248779296875,196.14752197265625,468.37750244140625,nan,nan,nan,nan,0.543903648853302,nan,0,nan,nan,nan,TRACKING,0.045580905999941024,0.0,0.0,12.50131623231707,0,0,0,0.0,0.0,1.0,0,0,0,0,13,5,0
3177,310.45552138999994,317.4262390136719,3.311248779296875,196.14752197265625,468.37750244140625,317.4262390136719,3.311248779296875,196.14752197265625,468.37750244140625,nan,nan,nan,nan,0.5411843061447144,nan,0,nan,nan,nan,TRACKING,0.045901901999968686,0.0,0.0,12.916963622311744,0,0,0,0.0,0.0,1.0,0,0,0,0,13,5,0
3178,310.5337907510001,317.4262390136719,3.311248779296875,196.14752197265625,468.37750244140625,317.4262390136719,3.311248779296875,196.14752197265625,468.37750244140625,nan,nan,nan,nan,0.5365104675292969,nan,0,nan,nan,nan,TRACKING,0.04596211099988068,0.0,0.0,12.776391517981429,0,0,0,0.0,0.0,1.0,0,0,0,0,13,5,0
3179,310.6108270190001,317.4262390136719,3.311248779296875,196.14752197265625,468.37750244140625,317.4262390136719,3.311248779296875,196.14752197265625,468.37750244140625,nan,nan,nan,nan,0.5360535383224487,nan,0,nan,nan,nan,TRACKING,0.045924713999966116,0.0,0.0,12.980898815083103,0,0,0,0.0,0.0,1.0,0,0,0,0,13,5,0
3180,310.96262166200006,317.4262390136719,3.311248779296875,196.14752197265625,468.37750244140625,317.4262390136719,3.311248779296875,196.14752197265625,468.37750244140625,323.0,0.0,262.0,480.0,0.5367549061775208,0.91881,1,0.6953340199376228,0.04822635430965106,1.368874635723626,DETECTOR_CONFIRMED,0.04954758600001696,0.26773049899998114,0.0,2.842567446372817,0,0,0,0.0,0.0,1.0,0,0,0,0,13,5,0
3181,311.052846167,317.4262390136719,9.373291015625,196.14752197265625,468.37750244140625,317.4262390136719,9.373291015625,196.14752197265625,468.37750244140625,nan,nan,nan,nan,0.5456426739692688,nan,0,nan,nan,nan,TRACKING,0.06090386699997907,0.0,0.0,11.083463411640166,0,0,0,6.062042236328125,0.0075775527954101566,1.0,0,0,0,0,13,5,0
3182,311.1241190060001,317.4262390136719,9.311248779296875,196.14752197265625,468.37750244140625,317.4262390136719,9.311248779296875,196.14752197265625,468.37750244140625,nan,nan,nan,nan,0.5538221597671509,nan,0,nan,nan,nan,TRACKING,0.04885262700008752,0.0,0.0,14.030590250490405,0,0,0,0.062042236328125,7.755279541015624e-05,1.0,0,0,0,0,13,5,0
3183,311.1911044310001,317.4262390136719,9.311248779296875,196.14752197265625,468.37750244140625,317.4262390136719,9.311248779296875,196.14752197265625,468.37750244140625,nan,nan,nan,nan,0.5497801899909973,nan,0,nan,nan,nan,TRACKING,0.04102327900000091,0.0,0.0,14.928620666364855,0,0,0,0.0,0.0,1.0,0,0,0,0,13,5,0
3184,311.27062589600007,317.4262390136719,9.311248779296875,196.14752197265625,468.37750244140625,317.4262390136719,9.311248779296875,196.14752197265625,468.37750244140625,nan,nan,nan,nan,0.5522895455360413,nan,0,nan,nan,nan,TRACKING,0.055900972000017646,0.0,0.0,12.57522104252441,0,0,0,0.0,0.0,1.0,0,0,0,0,13,5,0
3185,311.36396232699997,317.4262390136719,9.311248779296875,196.14752197265625,468.37750244140625,317.4262390136719,9.311248779296875,196.14752197265625,468.37750244140625,nan,nan,nan,nan,0.5588240027427673,nan,0,nan,nan,nan,TRACKING,0.06921619100012322,0.0,0.0,10.713930126609345,0,0,0,0.0,0.0,1.0,0,0,0,0,13,5,0
3186,311.45343192400003,317.4262390136719,9.311248779296875,196.14752197265625,468.37750244140625,317.4262390136719,9.311248779296875,196.14752197265625,468.37750244140625,nan,nan,nan,nan,0.5601451396942139,nan,0,nan,nan,nan,TRACKING,0.06287999299979674,0.0,0.0,11.176981159301702,0,0,0,0.0,0.0,1.0,0,0,0,0,13,5,0
3187,311.524364237,317.4262390136719,9.311248779296875,196.14752197265625,468.37750244140625,317.4262390136719,9.311248779296875,196.14752197265625,468.37750244140625,nan,nan,nan,nan,0.5641789436340332,nan,0,nan,nan,nan,TRACKING,0.04786156899990601,0.0,0.0,14.097947151400506,0,0,0,0.0,0.0,1.0,0,0,0,0,13,5,0
3188,311.59900687100014,317.4262390136719,9.311248779296875,196.14752197265625,468.37750244140625,317.4262390136719,9.311248779296875,196.14752197265625,468.37750244140625,nan,nan,nan,nan,0.5575687885284424,nan,0,nan,nan,nan,TRACKING,0.051568556999882276,0.0,0.0,13.397169237059703,0,0,0,0.0,0.0,1.0,0,0,0,0,13,5,0
3189,311.6749498390001,317.4262390136719,9.311248779296875,196.14752197265625,468.37750244140625,317.4262390136719,9.311248779296875,196.14752197265625,468.37750244140625,nan,nan,nan,nan,0.5406702160835266,nan,0,nan,nan,nan,TRACKING,0.04627810499982843,0.0,0.0,13.167776113264976,0,0,0,0.0,0.0,1.0,0,0,0,0,13,5,0
3190,311.7483700050001,317.4262390136719,9.311248779296875,196.14752197265625,468.37750244140625,317.4262390136719,9.311248779296875,196.14752197265625,468.37750244140625,nan,nan,nan,nan,0.5426861047744751,nan,0,nan,nan,nan,TRACKING,0.050030926999852454,0.0,0.0,13.620236162363447,0,0,0,0.0,0.0,1.0,0,0,0,0,13,5,0
3191,311.8124924140001,317.4262390136719,9.311248779296875,196.14752197265625,468.37750244140625,317.4262390136719,9.311248779296875,196.14752197265625,468.37750244140625,nan,nan,nan,nan,0.5459263324737549,nan,0,nan,nan,nan,TRACKING,0.04012597199994161,0.0,0.0,15.59517204040353,0,0,0,0.0,0.0,1.0,0,0,0,0,13,5,0
3192,311.88817491,323.48828125,9.311248779296875,196.14752197265625,468.37750244140625,323.48828125,9.311248779296875,196.14752197265625,468.37750244140625,nan,nan,nan,nan,0.5666459202766418,nan,0,nan,nan,nan,TRACKING,0.05315769799994996,0.0,0.0,13.213094874689773,0,0,0,6.062042236328125,0.0075775527954101566,1.0,0,0,0,0,13,5,0
3193,311.9772670000001,317.36419677734375,9.311248779296875,196.14752197265625,468.37750244140625,317.36419677734375,9.311248779296875,196.14752197265625,468.37750244140625,nan,nan,nan,nan,0.5920939445495605,nan,0,nan,nan,nan,TRACKING,0.06272572000011678,0.0,0.0,11.22434101611749,0,0,0,6.12408447265625,0.0076551055908203125,1.0,0,0,0,0,13,5,0
3194,312.06528308300005,323.48828125,3.24920654296875,196.14752197265625,468.37750244140625,323.48828125,3.24920654296875,196.14752197265625,468.37750244140625,nan,nan,nan,nan,0.6238424181938171,nan,0,nan,nan,nan,TRACKING,0.06464866700002858,0.0,0.0,11.361559909459855,0,0,0,8.61700450871737,0.010771255635896712,1.0,0,0,0,0,13,5,0
3195,312.39140589500005,323.4262390136719,3.311248779296875,196.14752197265625,468.37750244140625,323.4262390136719,3.311248779296875,196.14752197265625,468.37750244140625,290.0,5.0,263.0,465.0,0.6396282315254211,0.814192,1,0.741789692162225,0.0,1.3311587434464127,DETECTOR_CONFIRMED,0.10960451099981583,0.1874953750000259,0.0,3.0663295028868385,0,0,0,0.0877409720551911,0.00010967621506898887,1.0,0,0,0,0,13,5,0
3196,312.4766270890001,305.2400817871094,3.311248779296875,196.14752197265625,468.37750244140625,305.2400817871094,3.311248779296875,196.14752197265625,468.37750244140625,nan,nan,nan,nan,0.7539551854133606,nan,0,nan,nan,nan,TRACKING,0.05261258399991675,0.0,0.0,11.73417025815799,0,0,0,18.1861572265625,0.022732696533203124,1.0,0,0,0,0,13,5,0
3197,312.562821632,299.36419677734375,3.311248779296875,196.14752197265625,468.37750244140625,299.36419677734375,3.311248779296875,196.14752197265625,468.37750244140625,nan,nan,nan,nan,0.7554804086685181,nan,0,nan,nan,nan,TRACKING,0.05072359499990853,0.0,0.0,11.601662532173679,0,0,0,5.875885009765625,0.0073448562622070316,1.0,0,0,0,0,13,5,0
3198,312.63673612900004,299.4262390136719,3.311248779296875,196.14752197265625,468.37750244140625,299.4262390136719,3.311248779296875,196.14752197265625,468.37750244140625,nan,nan,nan,nan,0.712650716304779,nan,0,nan,nan,nan,TRACKING,0.050058688000035545,0.0,0.0,13.529145710070384,0,0,0,0.062042236328125,7.755279541015624e-05,1.0,0,0,0,0,13,5,0
3199,312.70986030000006,299.4262390136719,3.311248779296875,196.14752197265625,468.37750244140625,299.4262390136719,3.311248779296875,196.14752197265625,468.37750244140625,nan,nan,nan,nan,0.6936069130897522,nan,0,nan,nan,nan,TRACKING,0.0466165479999745,0.0,0.0,13.675368709475809,0,0,0,0.0,0.0,1.0,0,0,0,0,13,5,0
3200,312.79114570000013,293.36419677734375,3.311248779296875,196.14752197265625,468.37750244140625,293.36419677734375,3.311248779296875,196.14752197265625,468.37750244140625,nan,nan,nan,nan,0.6936329007148743,nan,0,nan,nan,nan,TRACKING,0.0568930189999719,0.0,0.0,12.302332276142351,0,0,0,6.062042236328125,0.0075775527954101566,1.0,0,0,0,0,13,5,0
3201,312.859950269,293.4262390136719,3.311248779296875,196.14752197265625,468.37750244140625,293.4262390136719,3.311248779296875,196.14752197265625,468.37750244140625,nan,nan,nan,nan,0.6779106259346008,nan,0,nan,nan,nan,TRACKING,0.045637209000005896,0.0,0.0,14.533918525113279,0,0,0,0.062042236328125,7.755279541015624e-05,1.0,0,0,0,0,13,5,0
3202,312.93232083400005,293.4262390136719,3.311248779296875,196.14752197265625,468.37750244140625,293.4262390136719,3.311248779296875,196.14752197265625,468.37750244140625,nan,nan,nan,nan,0.6572949290275574,nan,0,nan,nan,nan,TRACKING,0.04937315600000147,0.0,0.0,13.817772460386458,0,0,0,0.0,0.0,1.0,0,0,0,0,13,5,0
3203,313.0000106450001,293.4262390136719,3.311248779296875,196.14752197265625,468.37750244140625,293.4262390136719,3.311248779296875,196.14752197265625,468.37750244140625,nan,nan,nan,nan,0.6485180258750916,nan,0,nan,nan,nan,TRACKING,0.04152844300006109,0.0,0.0,14.773272154644658,0,0,0,0.0,0.0,1.0,0,0,0,0,13,5,0
3204,313.0805516050001,293.4262390136719,3.311248779296875,196.14752197265625,468.37750244140625,293.4262390136719,3.311248779296875,196.14752197265625,468.37750244140625,nan,nan,nan,nan,0.6475344300270081,nan,0,nan,nan,nan,TRACKING,0.05314248900003804,0.0,0.0,12.416042719132058,0,0,0,0.0,0.0,1.0,0,0,0,0,13,5,0
3205,313.16854758400007,293.4262390136719,9.373291015625,196.14752197265625,468.37750244140625,293.4262390136719,9.373291015625,196.14752197265625,468.37750244140625,nan,nan,nan,nan,0.6364892721176147,nan,0,nan,nan,nan,TRACKING,0.06083709400013504,0.0,0.0,11.364155628069529,0,0,0,6.062042236328125,0.0075775527954101566,1.0,0,0,0,0,13,5,0
3206,313.24783784600015,293.4262390136719,9.311248779296875,196.14752197265625,468.37750244140625,293.4262390136719,9.311248779296875,196.14752197265625,468.37750244140625,nan,nan,nan,nan,0.5931419134140015,nan,0,nan,nan,nan,TRACKING,0.05294540199997755,0.0,0.0,12.611889212812997,0,0,0,0.062042236328125,7.755279541015624e-05,1.0,0,0,0,0,13,5,0
3207,313.33770947999994,293.4262390136719,9.311248779296875,196.14752197265625,468.37750244140625,293.4262390136719,9.311248779296875,196.14752197265625,468.37750244140625,nan,nan,nan,nan,0.574264645576477,nan,0,nan,nan,nan,TRACKING,0.0640799599998445,0.0,0.0,11.126981401076078,0,0,0,0.0,0.0,1.0,0,0,0,0,13,5,0
3208,313.41641186799995,293.4262390136719,9.311248779296875,196.14752197265625,468.37750244140625,293.4262390136719,9.311248779296875,196.14752197265625,468.37750244140625,nan,nan,nan,nan,0.5654489994049072,nan,0,nan,nan,nan,TRACKING,0.05598930700011806,0.0,0.0,12.706094762967867,0,0,0,0.0,0.0,1.0,0,0,0,0,13,5,0
3209,313.50433097000007,299.48828125,3.24920654296875,196.14752197265625,468.37750244140625,299.48828125,3.24920654296875,196.14752197265625,468.37750244140625,nan,nan,nan,nan,0.5421295762062073,nan,0,nan,nan,nan,TRACKING,0.06407324099996003,0.0,0.0,11.374092515170348,0,0,0,8.573022346293762,0.010716277932867202,1.0,0,0,0,0,13,5,0
3210,313.80210055400005,299.4262390136719,3.311248779296875,196.14752197265625,468.37750244140625,299.4262390136719,3.311248779296875,196.14752197265625,468.37750244140625,233.0,22.0,178.0,454.0,0.5431057810783386,0.998107,1,0.40954714212291254,0.09546350742561265,1.1368495576352966,DETECTOR_CONFIRMED,0.04469766200008962,0.22102014500001133,0.0,3.3583013636479015,0,0,0,0.0877409720551911,0.00010967621506898887,1.0,0,0,0,0,13,5,0
3211,314.10123042099997,299.4262390136719,3.311248779296875,196.14752197265625,468.37750244140625,243.89918365478513,12.208937072753907,186.3016326904297,462.28212585449216,214.0,17.0,181.0,459.0,0.49946606159210205,0.981072,1,0.33048191737760535,0.11679308626798077,1.1058280245504108,SOFT_REINITIALIZING,0.05429386200012232,0.215203486000064,0.0,3.3430296012543232,1,0,0,0.0,0.0,1.0,0,0,0,0,14,5,0
3212,314.12741215300014,243.89918365478513,12.208937072753907,186.3016326904297,462.28212585449216,243.89918365478513,12.208937072753907,186.3016326904297,462.28212585449216,nan,nan,nan,nan,,nan,0,nan,nan,nan,INITIALIZING,0.0,0.0,0.0,38.194570167992445,0,0,0,0.0,0.0,1.0,0,0,0,0,14,5,0
3213,314.15505047199997,243.89918365478513,12.208937072753907,186.3016326904297,462.28212585449216,243.89918365478513,12.208937072753907,186.3016326904297,462.28212585449216,nan,nan,nan,nan,,nan,0,nan,nan,nan,INITIALIZING,0.0,0.0,0.0,36.181650555737505,0,0,0,0.0,0.0,1.0,0,0,0,0,14,5,0
3214,314.19607422,243.89918365478513,12.208937072753907,186.3016326904297,462.28212585449216,243.89918365478513,12.208937072753907,186.3016326904297,462.28212585449216,nan,nan,nan,nan,,nan,0,nan,nan,nan,INITIALIZING,0.0,0.0,0.0,24.376124775311734,0,0,0,0.0,0.0,1.0,0,0,0,0,14,5,0
3215,314.2283232400001,243.89918365478513,12.208937072753907,186.3016326904297,462.28212585449216,243.89918365478513,12.208937072753907,186.3016326904297,462.28212585449216,nan,nan,nan,nan,,nan,0,nan,nan,nan,INITIALIZING,0.0,0.0,0.0,31.008694217580494,0,0,0,0.0,0.0,1.0,0,0,0,0,14,5,0
3216,314.25976089200014,243.89918365478513,12.208937072753907,186.3016326904297,462.28212585449216,243.89918365478513,12.208937072753907,186.3016326904297,462.28212585449216,nan,nan,nan,nan,,nan,0,nan,nan,nan,INITIALIZING,0.0,0.0,0.0,31.80899133304513,0,0,0,0.0,0.0,1.0,0,0,0,0,14,5,0
3217,314.29093437300014,243.89918365478513,12.208937072753907,186.3016326904297,462.28212585449216,243.89918365478513,12.208937072753907,186.3016326904297,462.28212585449216,nan,nan,nan,nan,,nan,0,nan,nan,nan,INITIALIZING,0.0,0.0,0.0,32.07854778874784,0,0,0,0.0,0.0,1.0,0,0,0,0,14,5,0
3218,314.33117446200015,243.89918365478513,12.208937072753907,186.3016326904297,462.28212585449216,243.89918365478513,12.208937072753907,186.3016326904297,462.28212585449216,nan,nan,nan,nan,,nan,0,nan,nan,nan,INITIALIZING,0.0,0.0,0.0,24.850839668863532,0,0,0,0.0,0.0,1.0,0,0,0,0,14,5,0
3219,314.36765344699995,243.89918365478513,12.208937072753907,186.3016326904297,462.28212585449216,243.89918365478513,12.208937072753907,186.3016326904297,462.28212585449216,nan,nan,nan,nan,,nan,0,nan,nan,nan,INITIALIZING,0.0,0.0,0.0,27.413043427754157,0,0,0,0.0,0.0,1.0,0,0,0,0,14,5,0
3220,314.40309366500003,243.89918365478513,12.208937072753907,186.3016326904297,462.28212585449216,243.89918365478513,12.208937072753907,186.3016326904297,462.28212585449216,nan,nan,nan,nan,,nan,0,nan,nan,nan,INITIALIZING,0.0,0.0,0.0,28.21653072218269,0,0,0,0.0,0.0,1.0,0,0,0,0,14,5,0
3221,314.434846062,243.89918365478513,12.208937072753907,186.3016326904297,462.28212585449216,243.89918365478513,12.208937072753907,186.3016326904297,462.28212585449216,nan,nan,nan,nan,,nan,0,nan,nan,nan,INITIALIZING,0.0,0.0,0.0,31.493685342882305,0,0,0,0.0,0.0,1.0,0,0,0,0,14,5,0
3222,314.464204149,243.89918365478513,12.208937072753907,186.3016326904297,462.28212585449216,243.89918365478513,12.208937072753907,186.3016326904297,462.28212585449216,nan,nan,nan,nan,,nan,0,nan,nan,nan,INITIALIZING,0.0,0.0,0.0,34.06216488152965,0,0,0,0.0,0.0,1.0,0,0,0,0,14,5,0
3223,314.50529409500007,243.89918365478513,12.208937072753907,186.3016326904297,462.28212585449216,243.89918365478513,12.208937072753907,186.3016326904297,462.28212585449216,nan,nan,nan,nan,,nan,0,nan,nan,nan,INITIALIZING,0.0,0.0,0.0,24.336853594274043,0,0,0,0.0,0.0,1.0,0,0,0,0,14,5,0
3224,314.5419568860001,243.89918365478513,12.208937072753907,186.3016326904297,462.28212585449216,243.89918365478513,12.208937072753907,186.3016326904297,462.28212585449216,nan,nan,nan,nan,,nan,0,nan,nan,nan,INITIALIZING,0.0,0.0,0.0,27.275610304717052,0,0,0,0.0,0.0,1.0,0,0,0,0,14,5,0
3225,314.57004250400007,243.89918365478513,12.208937072753907,186.3016326904297,462.28212585449216,243.89918365478513,12.208937072753907,186.3016326904297,462.28212585449216,nan,nan,nan,nan,,nan,0,nan,nan,nan,INITIALIZING,0.0,0.0,0.0,35.60541199416752,0,0,0,0.0,0.0,1.0,0,0,0,0,14,5,0
3226,314.61326436,243.89918365478513,12.208937072753907,186.3016326904297,462.28212585449216,243.89918365478513,12.208937072753907,186.3016326904297,462.28212585449216,nan,nan,nan,nan,,nan,0,nan,nan,nan,INITIALIZING,0.0,0.0,0.0,23.13644282192,0,0,0,0.0,0.0,1.0,0,0,0,0,14,5,0
3227,314.6443991950001,243.89918365478513,12.208937072753907,186.3016326904297,462.28212585449216,243.89918365478513,12.208937072753907,186.3016326904297,462.28212585449216,nan,nan,nan,nan,,nan,0,nan,nan,nan,INITIALIZING,0.0,0.0,0.0,32.11836516868338,0,0,0,0.0,0.0,1.0,0,0,0,0,14,5,0
3228,314.677585001,243.89918365478513,12.208937072753907,186.3016326904297,462.28212585449216,243.89918365478513,12.208937072753907,186.3016326904297,462.28212585449216,nan,nan,nan,nan,,nan,0,nan,nan,nan,INITIALIZING,0.0,0.0,0.0,30.133364848913086,0,0,0,0.0,0.0,1.0,0,0,0,0,14,5,0
3229,314.71237093799994,243.89918365478513,12.208937072753907,186.3016326904297,462.28212585449216,243.89918365478513,12.208937072753907,186.3016326904297,462.28212585449216,nan,nan,nan,nan,,nan,0,nan,nan,nan,INITIALIZING,0.0,0.0,0.0,28.747249211719673,0,0,0,0.0,0.0,1.0,0,0,0,0,14,5,0
3230,314.742118041,243.89918365478513,12.208937072753907,186.3016326904297,462.28212585449216,243.89918365478513,12.208937072753907,186.3016326904297,462.28212585449216,nan,nan,nan,nan,,nan,0,nan,nan,nan,INITIALIZING,0.0,0.0,0.0,33.616718911987924,0,0,0,0.0,0.0,1.0,0,0,0,0,14,5,0
3231,314.773884761,243.89918365478513,12.208937072753907,186.3016326904297,462.28212585449216,243.89918365478513,12.208937072753907,186.3016326904297,462.28212585449216,nan,nan,nan,nan,,nan,0,nan,nan,nan,INITIALIZING,0.0,0.0,0.0,31.479485448971687,0,0,0,0.0,0.0,1.0,0,0,0,0,14,5,0
3232,314.80282851899995,243.89918365478513,12.208937072753907,186.3016326904297,462.28212585449216,243.89918365478513,12.208937072753907,186.3016326904297,462.28212585449216,nan,nan,nan,nan,,nan,0,nan,nan,nan,INITIALIZING,0.0,0.0,0.0,34.5497637176585,0,0,0,0.0,0.0,1.0,0,0,0,0,14,5,0
3233,314.836418342,243.89918365478513,12.208937072753907,186.3016326904297,462.28212585449216,243.89918365478513,12.208937072753907,186.3016326904297,462.28212585449216,nan,nan,nan,nan,,nan,0,nan,nan,nan,INITIALIZING,0.0,0.0,0.0,29.770921984266298,0,0,0,0.0,0.0,1.0,0,0,0,0,14,5,0
3234,314.896160678,243.89918365478513,12.208937072753907,186.3016326904297,462.28212585449216,243.89918365478513,12.208937072753907,186.3016326904297,462.28212585449216,nan,nan,nan,nan,,nan,0,nan,nan,nan,INITIALIZING,0.0,0.0,0.0,16.73854869016188,0,0,0,0.0,0.0,1.0,0,0,0,0,14,5,0
3235,314.95525815999997,243.89918365478513,12.208937072753907,186.3016326904297,462.28212585449216,243.89918365478513,12.208937072753907,186.3016326904297,462.28212585449216,nan,nan,nan,nan,,nan,0,nan,nan,nan,INITIALIZING,0.0,0.0,0.0,16.92119471351598,0,0,0,0.0,0.0,1.0,0,0,0,0,14,5,0
3236,315.005751022,243.89918365478513,12.208937072753907,186.3016326904297,462.28212585449216,243.89918365478513,12.208937072753907,186.3016326904297,462.28212585449216,nan,nan,nan,nan,,nan,0,nan,nan,nan,INITIALIZING,0.0,0.0,0.0,19.804779534954864,0,0,0,0.0,0.0,1.0,0,0,0,0,14,5,0
3237,315.12004727500005,238.47979736328125,12.358932495117188,186.3016357421875,462.2821350097656,238.47979736328125,12.358932495117188,186.3016357421875,462.2821350097656,nan,nan,nan,nan,0.5800899863243103,nan,0,nan,nan,nan,TRACKING,0.07207858100014164,0.0,0.9358766370000922,8.749193204083612,0,0,0,5.421460249590312,0.00677682531198789,1.0000000361852515,0,0,0,0,14,5,0
3238,315.223261107,232.47979736328125,12.358932495117188,186.3016357421875,462.2821350097656,232.47979736328125,12.358932495117188,186.3016357421875,462.2821350097656,nan,nan,nan,nan,0.5593275427818298,nan,0,nan,nan,nan,TRACKING,0.07514550599989889,0.0,0.0,9.68862390460035,0,0,0,6.0,0.0075,1.0,0,0,0,0,14,5,0
3239,315.288841873,232.34918212890625,12.358932495117188,186.3016357421875,462.2821350097656,232.34918212890625,12.358932495117188,186.3016357421875,462.2821350097656,nan,nan,nan,nan,0.5451591610908508,nan,0,nan,nan,nan,TRACKING,0.0417958959999396,0.0,0.0,15.248373280656756,0,0,0,0.130615234375,0.00016326904296875,1.0,0,0,0,0,14,5,0
3240,315.6691155720001,232.34918212890625,12.358932495117188,186.3016357421875,462.2821350097656,232.34918212890625,12.358932495117188,186.3016357421875,462.2821350097656,nan,nan,nan,nan,0.5444943308830261,nan,0,nan,nan,nan,SUSPECTED_LOST,0.06152205299986235,0.291014991999873,0.0,2.6296848891454325,0,0,0,0.0,0.0,1.0,0,0,0,0,14,5,0
3241,315.743790653,179.52481079101562,6.48956298828125,186.3016357421875,462.2821350097656,179.52481079101562,6.48956298828125,186.3016357421875,462.2821350097656,nan,nan,nan,nan,0.5201572775840759,nan,0,nan,nan,nan,TRACKING,0.045792314999971495,0.0,0.0,13.391348045560155,0,0,0,53.149446898826106,0.06643680862353263,1.0,0,0,0,0,14,5,0
3242,315.82989847500005,179.34918212890625,6.3589324951171875,186.3016357421875,462.2821350097656,179.34918212890625,6.3589324951171875,186.3016357421875,462.2821350097656,nan,nan,nan,nan,0.5401879549026489,nan,0,nan,nan,nan,TRACKING,0.05066619800004446,0.0,0.0,11.613346810695568,0,0,0,0.21888296575708033,0.0002736037071963504,1.0,0,0,0,0,14,5,0
3243,315.915290087,173.47979736328125,6.3589324951171875,186.3016357421875,462.2821350097656,173.47979736328125,6.3589324951171875,186.3016357421875,462.2821350097656,nan,nan,nan,nan,0.5428460836410522,nan,0,nan,nan,nan,TRACKING,0.05295186000012109,0.0,0.0,11.710752105258184,0,0,0,5.869384765625,0.00733673095703125,1.0,0,0,0,0,14,5,0
3244,316.006110747,173.34918212890625,6.3589324951171875,186.3016357421875,462.2821350097656,173.34918212890625,6.3589324951171875,186.3016357421875,462.2821350097656,nan,nan,nan,nan,0.5586581230163574,nan,0,nan,nan,nan,TRACKING,0.06311385000003611,0.0,0.0,11.010710558593244,0,0,0,0.130615234375,0.00016326904296875,1.0,0,0,0,0,14,5,0
3245,316.08258653500013,173.34918212890625,6.3589324951171875,186.3016357421875,462.2821350097656,173.34918212890625,6.3589324951171875,186.3016357421875,462.2821350097656,nan,nan,nan,nan,0.5543277263641357,nan,0,nan,nan,nan,TRACKING,0.05322285399984139,0.0,0.0,13.07603394682256,0,0,0,0.0,0.0,1.0,0,0,0,0,14,5,0
3246,316.15129235100005,173.34918212890625,6.3589324951171875,186.3016357421875,462.2821350097656,173.34918212890625,6.3589324951171875,186.3016357421875,462.2821350097656,nan,nan,nan,nan,0.5407321453094482,nan,0,nan,nan,nan,TRACKING,0.04605132999995476,0.0,0.0,14.554808576921195,0,0,0,0.0,0.0,1.0,0,0,0,0,14,5,0
3247,316.231015641,167.47979736328125,6.3589324951171875,186.3016357421875,462.2821350097656,167.47979736328125,6.3589324951171875,186.3016357421875,462.2821350097656,nan,nan,nan,nan,0.5401936173439026,nan,0,nan,nan,nan,TRACKING,0.05027660799987643,0.0,0.0,12.543386004273819,0,0,0,5.869384765625,0.00733673095703125,1.0,0,0,0,0,14,5,0
3248,316.30971073600006,167.34918212890625,12.228302001953125,186.3016357421875,462.2821350097656,167.34918212890625,12.228302001953125,186.3016357421875,462.2821350097656,nan,nan,nan,nan,0.5182785987854004,nan,0,nan,nan,nan,TRACKING,0.05522158399980981,0.0,0.0,12.707272289324658,0,0,0,5.8708226635818574,0.007338528329477322,1.0,0,0,0,0,14,5,0
3249,316.38233823200005,167.34918212890625,12.358932495117188,186.3016357421875,462.2821350097656,167.34918212890625,12.358932495117188,186.3016357421875,462.2821350097656,nan,nan,nan,nan,0.5411121845245361,nan,0,nan,nan,nan,TRACKING,0.04599054799996338,0.0,0.0,13.768889953194334,0,0,0,0.1306304931640625,0.00016328811645507812,1.0,0,0,0,0,14,5,0
3250,316.46808646400007,161.4798126220703,6.48956298828125,186.3016357421875,462.2821350097656,161.4798126220703,6.48956298828125,186.3016357421875,462.2821350097656,nan,nan,nan,nan,0.5084255337715149,nan,0,nan,nan,nan,TRACKING,0.05492814199988061,0.0,0.0,11.662048029163229,0,0,0,8.300541959146468,0.010375677448933085,1.0,0,0,0,0,14,5,0
3251,316.539852539,161.34918212890625,6.3589324951171875,186.3016357421875,462.2821350097656,161.34918212890625,6.3589324951171875,186.3016357421875,462.2821350097656,nan,nan,nan,nan,0.5120865702629089,nan,0,nan,nan,nan,TRACKING,0.043338263999885385,0.0,0.0,13.93416039544029,0,0,0,0.18473941509210307,0.00023092426886512884,1.0,0,0,0,0,14,5,0
3252,316.827440078,161.34918212890625,6.3589324951171875,186.3016357421875,462.2821350097656,134.4722137451172,17.175626373291017,193.2555725097656,457.54874725341796,120.0,23.0,197.0,455.0,0.49550607800483704,0.9891,1,0.6519545911889794,0.0478441480225116,1.0407677931730621,SOFT_REINITIALIZING,0.05607711900006507,0.20321854799999528,0.0,3.4772021189692404,1,0,0,0.0,0.0,1.0,0,0,0,0,15,5,0
3253,316.8516248510001,134.4722137451172,17.175626373291017,193.2555725097656,457.54874725341796,134.4722137451172,17.175626373291017,193.2555725097656,457.54874725341796,nan,nan,nan,nan,,nan,0,nan,nan,nan,INITIALIZING,0.0,0.0,0.0,41.34833103437548,0,0,0,0.0,0.0,1.0,0,0,0,0,15,5,0
3254,316.8993608960001,134.4722137451172,17.175626373291017,193.2555725097656,457.54874725341796,134.4722137451172,17.175626373291017,193.2555725097656,457.54874725341796,nan,nan,nan,nan,,nan,0,nan,nan,nan,INITIALIZING,0.0,0.0,0.0,20.948530612469703,0,0,0,0.0,0.0,1.0,0,0,0,0,15,5,0
3255,316.92834319500014,134.4722137451172,17.175626373291017,193.2555725097656,457.54874725341796,134.4722137451172,17.175626373291017,193.2555725097656,457.54874725341796,nan,nan,nan,nan,,nan,0,nan,nan,nan,INITIALIZING,0.0,0.0,0.0,34.50381903788331,0,0,0,0.0,0.0,1.0,0,0,0,0,15,5,0
3256,316.9688431830001,134.4722137451172,17.175626373291017,193.2555725097656,457.54874725341796,134.4722137451172,17.175626373291017,193.2555725097656,457.54874725341796,nan,nan,nan,nan,,nan,0,nan,nan,nan,INITIALIZING,0.0,0.0,0.0,24.69136534067279,0,0,0,0.0,0.0,1.0,0,0,0,0,15,5,0
3257,317.0034457830001,134.4722137451172,17.175626373291017,193.2555725097656,457.54874725341796,134.4722137451172,17.175626373291017,193.2555725097656,457.54874725341796,nan,nan,nan,nan,,nan,0,nan,nan,nan,INITIALIZING,0.0,0.0,0.0,28.899562460648514,0,0,0,0.0,0.0,1.0,0,0,0,0,15,5,0
3258,317.037666866,134.4722137451172,17.175626373291017,193.2555725097656,457.54874725341796,134.4722137451172,17.175626373291017,193.2555725097656,457.54874725341796,nan,nan,nan,nan,,nan,0,nan,nan,nan,INITIALIZING,0.0,0.0,0.0,29.221751982610492,0,0,0,0.0,0.0,1.0,0,0,0,0,15,5,0
3259,317.0935703890001,134.4722137451172,17.175626373291017,193.2555725097656,457.54874725341796,134.4722137451172,17.175626373291017,193.2555725097656,457.54874725341796,nan,nan,nan,nan,,nan,0,nan,nan,nan,INITIALIZING,0.0,0.0,0.0,17.88796029900048,0,0,0,0.0,0.0,1.0,0,0,0,0,15,5,0
3260,317.14064991299995,134.4722137451172,17.175626373291017,193.2555725097656,457.54874725341796,134.4722137451172,17.175626373291017,193.2555725097656,457.54874725341796,nan,nan,nan,nan,,nan,0,nan,nan,nan,INITIALIZING,0.0,0.0,0.0,21.240656553857185,0,0,0,0.0,0.0,1.0,0,0,0,0,15,5,0
3261,317.17096697299996,134.4722137451172,17.175626373291017,193.2555725097656,457.54874725341796,134.4722137451172,17.175626373291017,193.2555725097656,457.54874725341796,nan,nan,nan,nan,,nan,0,nan,nan,nan,INITIALIZING,0.0,0.0,0.0,32.984728730275286,0,0,0,0.0,0.0,1.0,0,0,0,0,15,5,0
3262,317.288123898,134.4722137451172,17.175626373291017,193.2555725097656,457.54874725341796,134.4722137451172,17.175626373291017,193.2555725097656,457.54874725341796,nan,nan,nan,nan,,nan,0,nan,nan,nan,INITIALIZING,0.0,0.0,0.0,8.535560317922739,0,0,0,0.0,0.0,1.0,0,0,0,0,15,5,0
3263,317.327081518,134.4722137451172,17.175626373291017,193.2555725097656,457.54874725341796,134.4722137451172,17.175626373291017,193.2555725097656,457.54874725341796,nan,nan,nan,nan,,nan,0,nan,nan,nan,INITIALIZING,0.0,0.0,0.0,25.66891919987685,0,0,0,0.0,0.0,1.0,0,0,0,0,15,5,0
3264,317.367808801,134.4722137451172,17.175626373291017,193.2555725097656,457.54874725341796,134.4722137451172,17.175626373291017,193.2555725097656,457.54874725341796,nan,nan,nan,nan,,nan,0,nan,nan,nan,INITIALIZING,0.0,0.0,0.0,24.553565235358697,0,0,0,0.0,0.0,1.0,0,0,0,0,15,5,0
3265,317.404087991,134.4722137451172,17.175626373291017,193.2555725097656,457.54874725341796,134.4722137451172,17.175626373291017,193.2555725097656,457.54874725341796,nan,nan,nan,nan,,nan,0,nan,nan,nan,INITIALIZING,0.0,0.0,0.0,27.564011214173266,0,0,0,0.0,0.0,1.0,0,0,0,0,15,5,0
3266,317.443100091,134.4722137451172,17.175626373291017,193.2555725097656,457.54874725341796,134.4722137451172,17.175626373291017,193.2555725097656,457.54874725341796,nan,nan,nan,nan,,nan,0,nan,nan,nan,INITIALIZING,0.0,0.0,0.0,25.6330728158461,0,0,0,0.0,0.0,1.0,0,0,0,0,15,5,0
3267,317.48334356399994,134.4722137451172,17.175626373291017,193.2555725097656,457.54874725341796,134.4722137451172,17.175626373291017,193.2555725097656,457.54874725341796,nan,nan,nan,nan,,nan,0,nan,nan,nan,INITIALIZING,0.0,0.0,0.0,24.848750007287464,0,0,0,0.0,0.0,1.0,0,0,0,0,15,5,0
3268,317.5179678830001,134.4722137451172,17.175626373291017,193.2555725097656,457.54874725341796,134.4722137451172,17.175626373291017,193.2555725097656,457.54874725341796,nan,nan,nan,nan,,nan,0,nan,nan,nan,INITIALIZING,0.0,0.0,0.0,28.881434462159845,0,0,0,0.0,0.0,1.0,0,0,0,0,15,5,0
3269,317.55486265599995,134.4722137451172,17.175626373291017,193.2555725097656,457.54874725341796,134.4722137451172,17.175626373291017,193.2555725097656,457.54874725341796,nan,nan,nan,nan,,nan,0,nan,nan,nan,INITIALIZING,0.0,0.0,0.0,27.104110384521025,0,0,0,0.0,0.0,1.0,0,0,0,0,15,5,0
3270,317.878412764,128.92498779296875,16.72564697265625,193.2555694580078,457.5487060546875,128.92498779296875,16.72564697265625,193.2555694580078,457.5487060546875,74.0,37.0,177.0,443.0,0.609706461429596,0.920684,1,0.470499116251308,0.08047371584393671,1.1276968249782973,DETECTOR_CONFIRMED,0.06741178500010392,0.20842670599995472,0.7495202850000169,3.0907113775397193,0,0,0,5.565449909304865,0.006956812386631082,1.000000105833591,0,0,0,0,15,5,0
3271,317.95539996700006,122.92498016357422,16.72564697265625,193.2555694580078,457.5487060546875,122.92498016357422,16.72564697265625,193.2555694580078,457.5487060546875,nan,nan,nan,nan,0.5634814500808716,nan,0,nan,nan,nan,TRACKING,0.05214309600000888,0.0,0.0,12.989171719869148,0,0,0,6.000007629394531,0.007500009536743164,1.0,0,0,0,0,15,5,0
3272,318.02750839099997,116.92498016357422,16.72564697265625,193.2555694580078,457.5487060546875,116.92498016357422,16.72564697265625,193.2555694580078,457.5487060546875,nan,nan,nan,nan,0.5532156825065613,nan,0,nan,nan,nan,TRACKING,0.048949137000136034,0.0,0.0,13.868005213944024,0,0,0,6.0,0.0075,1.0,0,0,0,0,15,5,0
3273,318.10158460800005,116.8722152709961,16.72564697265625,193.2555694580078,457.5487060546875,116.8722152709961,16.72564697265625,193.2555694580078,457.5487060546875,nan,nan,nan,nan,0.5284275412559509,nan,0,nan,nan,nan,TRACKING,0.04886606300010499,0.0,0.0,13.499609463032824,0,0,0,0.052764892578125,6.595611572265625e-05,1.0,0,0,0,0,15,5,0
3274,318.19910339800015,116.8722152709961,16.72564697265625,193.2555694580078,457.5487060546875,116.8722152709961,16.72564697265625,193.2555694580078,457.5487060546875,nan,nan,nan,nan,0.5079850554466248,nan,0,nan,nan,nan,TRACKING,0.06797971099990718,0.0,0.0,10.254434042906288,0,0,0,0.0,0.0,1.0,0,0,0,0,15,5,0
3275,318.26678674900006,116.8722152709961,16.72564697265625,193.2555694580078,457.5487060546875,116.8722152709961,16.72564697265625,193.2555694580078,457.5487060546875,nan,nan,nan,nan,0.5072265267372131,nan,0,nan,nan,nan,TRACKING,0.044979176999959236,0.0,0.0,14.77468218146096,0,0,0,0.0,0.0,1.0,0,0,0,0,15,5,0
3276,318.341889597,116.8722152709961,16.72564697265625,193.2555694580078,457.5487060546875,116.8722152709961,16.72564697265625,193.2555694580078,457.5487060546875,nan,nan,nan,nan,0.5088732838630676,nan,0,nan,nan,nan,TRACKING,0.0515587110000979,0.0,0.0,13.315074283216694,0,0,0,0.0,0.0,1.0,0,0,0,0,15,5,0
3277,318.439560681,110.92498016357422,16.72564697265625,193.2555694580078,457.5487060546875,110.92498016357422,16.72564697265625,193.2555694580078,457.5487060546875,nan,nan,nan,nan,0.5013988614082336,nan,0,nan,nan,nan,TRACKING,0.06907879200002753,0.0,0.0,10.238444778598685,0,0,0,5.947235107421875,0.007434043884277344,1.0,0,0,0,0,15,5,0
3278,318.73917305099997,110.8722152709961,16.72564697265625,193.2555694580078,457.5487060546875,63.50527534484863,20.803976440429686,183.3394493103027,457.1920471191406,38.0,23.0,178.0,457.0,0.48867422342300415,0.866834,1,0.38782071459047984,0.10090411599632594,1.0870090200301583,SOFT_REINITIALIZING,0.057283753000092474,0.21201764900001763,0.0,3.3376459056082246,1,0,0,0.052764892578125,6.595611572265625e-05,1.0,0,0,0,0,16,5,0
3279,318.76449409200006,63.50527534484863,20.803976440429686,183.3394493103027,457.1920471191406,63.50527534484863,20.803976440429686,183.3394493103027,457.1920471191406,nan,nan,nan,nan,,nan,0,nan,nan,nan,INITIALIZING,0.0,0.0,0.0,39.49284707513213,0,0,0,0.0,0.0,1.0,0,0,0,0,16,5,0
3280,318.80078578200016,63.50527534484863,20.803976440429686,183.3394493103027,457.1920471191406,63.50527534484863,20.803976440429686,183.3394493103027,457.1920471191406,nan,nan,nan,nan,,nan,0,nan,nan,nan,INITIALIZING,0.0,0.0,0.0,27.55451730126905,0,0,0,0.0,0.0,1.0,0,0,0,0,16,5,0
3281,318.83225234100007,63.50527534484863,20.803976440429686,183.3394493103027,457.1920471191406,63.50527534484863,20.803976440429686,183.3394493103027,457.1920471191406,nan,nan,nan,nan,,nan,0,nan,nan,nan,INITIALIZING,0.0,0.0,0.0,31.779769755023963,0,0,0,0.0,0.0,1.0,0,0,0,0,16,5,0
3282,318.888741029,63.50527534484863,20.803976440429686,183.3394493103027,457.1920471191406,63.50527534484863,20.803976440429686,183.3394493103027,457.1920471191406,nan,nan,nan,nan,,nan,0,nan,nan,nan,INITIALIZING,0.0,0.0,0.0,17.702659335989104,0,0,0,0.0,0.0,1.0,0,0,0,0,16,5,0
3283,318.927431665,63.50527534484863,20.803976440429686,183.3394493103027,457.1920471191406,63.50527534484863,20.803976440429686,183.3394493103027,457.1920471191406,nan,nan,nan,nan,,nan,0,nan,nan,nan,INITIALIZING,0.0,0.0,0.0,25.84604709008001,0,0,0,0.0,0.0,1.0,0,0,0,0,16,5,0
3284,318.95513613000014,63.50527534484863,20.803976440429686,183.3394493103027,457.1920471191406,63.50527534484863,20.803976440429686,183.3394493103027,457.1920471191406,nan,nan,nan,nan,,nan,0,nan,nan,nan,INITIALIZING,0.0,0.0,0.0,36.09526478832449,0,0,0,0.0,0.0,1.0,0,0,0,0,16,5,0
3285,318.98237824399996,63.50527534484863,20.803976440429686,183.3394493103027,457.1920471191406,63.50527534484863,20.803976440429686,183.3394493103027,457.1920471191406,nan,nan,nan,nan,,nan,0,nan,nan,nan,INITIALIZING,0.0,0.0,0.0,36.70787076240323,0,0,0,0.0,0.0,1.0,0,0,0,0,16,5,0
3286,319.01332323200006,63.50527534484863,20.803976440429686,183.3394493103027,457.1920471191406,63.50527534484863,20.803976440429686,183.3394493103027,457.1920471191406,nan,nan,nan,nan,,nan,0,nan,nan,nan,INITIALIZING,0.0,0.0,0.0,32.31541081860272,0,0,0,0.0,0.0,1.0,0,0,0,0,16,5,0
3287,319.0480791670001,63.50527534484863,20.803976440429686,183.3394493103027,457.1920471191406,63.50527534484863,20.803976440429686,183.3394493103027,457.1920471191406,nan,nan,nan,nan,,nan,0,nan,nan,nan,INITIALIZING,0.0,0.0,0.0,28.772064397041664,0,0,0,0.0,0.0,1.0,0,0,0,0,16,5,0
3288,319.0842187710001,63.50527534484863,20.803976440429686,183.3394493103027,457.1920471191406,63.50527534484863,20.803976440429686,183.3394493103027,457.1920471191406,nan,nan,nan,nan,,nan,0,nan,nan,nan,INITIALIZING,0.0,0.0,0.0,27.670474751168996,0,0,0,0.0,0.0,1.0,0,0,0,0,16,5,0
3289,319.11717217700004,63.50527534484863,20.803976440429686,183.3394493103027,457.1920471191406,63.50527534484863,20.803976440429686,183.3394493103027,457.1920471191406,nan,nan,nan,nan,,nan,0,nan,nan,nan,INITIALIZING,0.0,0.0,0.0,30.345876842048618,0,0,0,0.0,0.0,1.0,0,0,0,0,16,5,0
3290,319.1571952820001,63.50527534484863,20.803976440429686,183.3394493103027,457.1920471191406,63.50527534484863,20.803976440429686,183.3394493103027,457.1920471191406,nan,nan,nan,nan,,nan,0,nan,nan,nan,INITIALIZING,0.0,0.0,0.0,24.98556771142215,0,0,0,0.0,0.0,1.0,0,0,0,0,16,5,0
3291,319.1885552770001,63.50527534484863,20.803976440429686,183.3394493103027,457.1920471191406,63.50527534484863,20.803976440429686,183.3394493103027,457.1920471191406,nan,nan,nan,nan,,nan,0,nan,nan,nan,INITIALIZING,0.0,0.0,0.0,31.887760186183684,0,0,0,0.0,0.0,1.0,0,0,0,0,16,5,0
3292,319.21647443300014,63.50527534484863,20.803976440429686,183.3394493103027,457.1920471191406,63.50527534484863,20.803976440429686,183.3394493103027,457.1920471191406,nan,nan,nan,nan,,nan,0,nan,nan,nan,INITIALIZING,0.0,0.0,0.0,35.81770165251819,0,0,0,0.0,0.0,1.0,0,0,0,0,16,5,0
3293,319.2464509150001,63.50527534484863,20.803976440429686,183.3394493103027,457.1920471191406,63.50527534484863,20.803976440429686,183.3394493103027,457.1920471191406,nan,nan,nan,nan,,nan,0,nan,nan,nan,INITIALIZING,0.0,0.0,0.0,33.35948494563378,0,0,0,0.0,0.0,1.0,0,0,0,0,16,5,0
3294,319.2953374990001,63.50527534484863,20.803976440429686,183.3394493103027,457.1920471191406,63.50527534484863,20.803976440429686,183.3394493103027,457.1920471191406,nan,nan,nan,nan,,nan,0,nan,nan,nan,INITIALIZING,0.0,0.0,0.0,20.455509838854066,0,0,0,0.0,0.0,1.0,0,0,0,0,16,5,0
3295,319.34878113799994,63.50527534484863,20.803976440429686,183.3394493103027,457.1920471191406,63.50527534484863,20.803976440429686,183.3394493103027,457.1920471191406,nan,nan,nan,nan,,nan,0,nan,nan,nan,INITIALIZING,0.0,0.0,0.0,18.71130070320946,0,0,0,0.0,0.0,1.0,0,0,0,0,16,5,0
3296,319.39454569099996,63.50527534484863,20.803976440429686,183.3394493103027,457.1920471191406,63.50527534484863,20.803976440429686,183.3394493103027,457.1920471191406,nan,nan,nan,nan,,nan,0,nan,nan,nan,INITIALIZING,0.0,0.0,0.0,21.850972738648277,0,0,0,0.0,0.0,1.0,0,0,0,0,16,5,0
3297,319.4282295260001,63.50527534484863,20.803976440429686,183.3394493103027,457.1920471191406,63.50527534484863,20.803976440429686,183.3394493103027,457.1920471191406,nan,nan,nan,nan,,nan,0,nan,nan,nan,INITIALIZING,0.0,0.0,0.0,29.687830972798416,0,0,0,0.0,0.0,1.0,0,0,0,0,16,5,0
3298,319.5470375190001,63.83027648925781,20.903976440429688,183.33944702148438,457.1920471191406,63.83027648925781,20.903976440429688,183.33944702148438,457.1920471191406,nan,nan,nan,nan,0.6641451716423035,nan,0,nan,nan,nan,TRACKING,0.07977839300019696,0.0,0.7192689500000142,8.416942116005982,0,0,0,0.3400367627184007,0.0004250459533980009,1.0000000124840474,0,0,0,0,16,5,0
3299,319.632594757,63.83027648925781,20.903976440429688,183.33944702148438,457.1920471191406,63.83027648925781,20.903976440429688,183.33944702148438,457.1920471191406,nan,nan,nan,nan,0.6413650512695312,nan,0,nan,nan,nan,TRACKING,0.04829329299991514,0.0,0.0,11.688081842959681,0,0,0,0.0,0.0,1.0,0,0,0,0,16,5,0
3300,319.977954909,63.83027648925781,20.903976440429688,183.33944702148438,457.1920471191406,63.83027648925781,20.903976440429688,183.33944702148438,457.1920471191406,18.0,46.0,203.0,431.0,0.6250638961791992,0.916607,1,0.6540254215239099,0.047434164902525694,1.0438034398581921,DETECTOR_CONFIRMED,0.05370749700000488,0.26288353699987965,0.0,2.895528028375333,0,0,0,0.0,0.0,1.0,0,0,0,0,16,5,0
3301,320.060382044,69.62066650390625,20.903976440429688,183.33944702148438,457.1920471191406,69.62066650390625,20.903976440429688,183.33944702148438,457.1920471191406,nan,nan,nan,nan,0.5814411044120789,nan,0,nan,nan,nan,TRACKING,0.05234773500001211,0.0,0.0,12.131927186358395,0,0,0,5.7903900146484375,0.007237987518310547,1.0,0,0,0,0,16,5,0
3302,320.14113139100016,69.83027648925781,20.903976440429688,183.33944702148438,457.1920471191406,69.83027648925781,20.903976440429688,183.33944702148438,457.1920471191406,nan,nan,nan,nan,0.5729576349258423,nan,0,nan,nan,nan,TRACKING,0.054826993999995466,0.0,0.0,12.384001074311623,0,0,0,0.2096099853515625,0.00026201248168945313,1.0,0,0,0,0,16,5,0
3303,320.204516807,69.83027648925781,20.903976440429688,183.33944702148438,457.1920471191406,69.83027648925781,20.903976440429688,183.33944702148438,457.1920471191406,nan,nan,nan,nan,0.5494389533996582,nan,0,nan,nan,nan,TRACKING,0.03991909299998042,0.0,0.0,15.776499755123856,0,0,0,0.0,0.0,1.0,0,0,0,0,16,5,0
3304,320.2761677750001,69.83027648925781,20.903976440429688,183.33944702148438,457.1920471191406,69.83027648925781,20.903976440429688,183.33944702148438,457.1920471191406,nan,nan,nan,nan,0.5416643023490906,nan,0,nan,nan,nan,TRACKING,0.04677514299987706,0.0,0.0,13.956545569611954,0,0,0,0.0,0.0,1.0,0,0,0,0,16,5,0
3305,320.342510739,69.83027648925781,20.903976440429688,183.33944702148438,457.1920471191406,69.83027648925781,20.903976440429688,183.33944702148438,457.1920471191406,nan,nan,nan,nan,0.5317612290382385,nan,0,nan,nan,nan,TRACKING,0.043041227000003346,0.0,0.0,15.073188469567137,0,0,0,0.0,0.0,1.0,0,0,0,0,16,5,0
3306,320.422792579,75.62066650390625,20.903976440429688,183.33944702148438,457.1920471191406,75.62066650390625,20.903976440429688,183.33944702148438,457.1920471191406,nan,nan,nan,nan,0.5232949256896973,nan,0,nan,nan,nan,TRACKING,0.05627576799997769,0.0,0.0,12.456117099458945,0,0,0,5.7903900146484375,0.007237987518310547,1.0,0,0,0,0,16,5,0
3307,320.783571264,81.62066650390625,20.903976440429688,183.33944702148438,457.1920471191406,123.0,74.0,106.0,400.0,123.0,74.0,106.0,400.0,0.4989580512046814,0.866264,1,0.5058377910231372,0.03081172631565976,1.9769183278642375,SOFT_REINITIALIZING,0.056275299000162704,0.2759047909999026,0.0,2.7717823740057193,1,0,0,6.0,0.0075,1.0,0,0,0,0,17,5,0
3308,320.81256621900013,123.0,74.0,106.0,400.0,123.0,74.0,106.0,400.0,nan,nan,nan,nan,,nan,0,nan,nan,nan,INITIALIZING,0.0,0.0,0.0,34.48875847522577,0,0,0,0.0,0.0,1.0,0,0,0,0,17,5,0
3309,320.8489956710001,123.0,74.0,106.0,400.0,123.0,74.0,106.0,400.0,nan,nan,nan,nan,,nan,0,nan,nan,nan,INITIALIZING,0.0,0.0,0.0,27.4503168480325,0,0,0,0.0,0.0,1.0,0,0,0,0,17,5,0
3310,320.8826514840001,123.0,74.0,106.0,400.0,123.0,74.0,106.0,400.0,nan,nan,nan,nan,,nan,0,nan,nan,nan,INITIALIZING,0.0,0.0,0.0,29.712549211041967,0,0,0,0.0,0.0,1.0,0,0,0,0,17,5,0
3311,320.9137473080001,123.0,74.0,106.0,400.0,123.0,74.0,106.0,400.0,nan,nan,nan,nan,,nan,0,nan,nan,nan,INITIALIZING,0.0,0.0,0.0,32.15865898909,0,0,0,0.0,0.0,1.0,0,0,0,0,17,5,0
3312,320.9417392260001,123.0,74.0,106.0,400.0,123.0,74.0,106.0,400.0,nan,nan,nan,nan,,nan,0,nan,nan,nan,INITIALIZING,0.0,0.0,0.0,35.724597364141864,0,0,0,0.0,0.0,1.0,0,0,0,0,17,5,0
3313,320.977435853,123.0,74.0,106.0,400.0,123.0,74.0,106.0,400.0,nan,nan,nan,nan,,nan,0,nan,nan,nan,INITIALIZING,0.0,0.0,0.0,28.01385128077735,0,0,0,0.0,0.0,1.0,0,0,0,0,17,5,0
3314,321.024983613,123.0,74.0,106.0,400.0,123.0,74.0,106.0,400.0,nan,nan,nan,nan,,nan,0,nan,nan,nan,INITIALIZING,0.0,0.0,0.0,21.031484974246798,0,0,0,0.0,0.0,1.0,0,0,0,0,17,5,0
3315,321.0593018850001,123.0,74.0,106.0,400.0,123.0,74.0,106.0,400.0,nan,nan,nan,nan,,nan,0,nan,nan,nan,INITIALIZING,0.0,0.0,0.0,29.138996275748738,0,0,0,0.0,0.0,1.0,0,0,0,0,17,5,0
3316,321.08698390200004,123.0,74.0,106.0,400.0,123.0,74.0,106.0,400.0,nan,nan,nan,nan,,nan,0,nan,nan,nan,INITIALIZING,0.0,0.0,0.0,36.12453528951339,0,0,0,0.0,0.0,1.0,0,0,0,0,17,5,0
3317,321.11725231599996,123.0,74.0,106.0,400.0,123.0,74.0,106.0,400.0,nan,nan,nan,nan,,nan,0,nan,nan,nan,INITIALIZING,0.0,0.0,0.0,33.03774026622737,0,0,0,0.0,0.0,1.0,0,0,0,0,17,5,0
3318,321.15112912200004,123.0,74.0,106.0,400.0,123.0,74.0,106.0,400.0,nan,nan,nan,nan,,nan,0,nan,nan,nan,INITIALIZING,0.0,0.0,0.0,29.518721452005572,0,0,0,0.0,0.0,1.0,0,0,0,0,17,5,0
3319,321.18372996999994,123.0,74.0,106.0,400.0,123.0,74.0,106.0,400.0,nan,nan,nan,nan,,nan,0,nan,nan,nan,INITIALIZING,0.0,0.0,0.0,30.674048724223727,0,0,0,0.0,0.0,1.0,0,0,0,0,17,5,0
3320,321.22377640799994,123.0,74.0,106.0,400.0,123.0,74.0,106.0,400.0,nan,nan,nan,nan,,nan,0,nan,nan,nan,INITIALIZING,0.0,0.0,0.0,24.971009906055617,0,0,0,0.0,0.0,1.0,0,0,0,0,17,5,0
3321,321.27706119000015,123.0,74.0,106.0,400.0,123.0,74.0,106.0,400.0,nan,nan,nan,nan,,nan,0,nan,nan,nan,INITIALIZING,0.0,0.0,0.0,18.767084380600295,0,0,0,0.0,0.0,1.0,0,0,0,0,17,5,0
3322,321.31509269900005,123.0,74.0,106.0,400.0,123.0,74.0,106.0,400.0,nan,nan,nan,nan,,nan,0,nan,nan,nan,INITIALIZING,0.0,0.0,0.0,26.293986914976532,0,0,0,0.0,0.0,1.0,0,0,0,0,17,5,0
3323,321.3420242870001,123.0,74.0,106.0,400.0,123.0,74.0,106.0,400.0,nan,nan,nan,nan,,nan,0,nan,nan,nan,INITIALIZING,0.0,0.0,0.0,37.1311190412936,0,0,0,0.0,0.0,1.0,0,0,0,0,17,5,0
3324,321.371938893,123.0,74.0,106.0,400.0,123.0,74.0,106.0,400.0,nan,nan,nan,nan,,nan,0,nan,nan,nan,INITIALIZING,0.0,0.0,0.0,33.428486405693135,0,0,0,0.0,0.0,1.0,0,0,0,0,17,5,0
3325,321.410549735,123.0,74.0,106.0,400.0,123.0,74.0,106.0,400.0,nan,nan,nan,nan,,nan,0,nan,nan,nan,INITIALIZING,0.0,0.0,0.0,25.899461089176434,0,0,0,0.0,0.0,1.0,0,0,0,0,17,5,0
3326,321.59994706400005,131.73651123046875,70.38174438476562,106.0,400.0,131.73651123046875,70.38174438476562,106.0,400.0,nan,nan,nan,nan,0.5928276181221008,nan,0,nan,nan,nan,TRACKING,0.0779990410001119,0.0,0.7046075589998964,5.279905504896743,0,0,0,9.4561304018759,0.011820163002344874,1.0,0,0,0,0,17,5,0
3327,321.67364191900003,135.61825561523438,70.5,106.0,400.0,135.61825561523438,70.5,106.0,400.0,nan,nan,nan,nan,0.543887734413147,nan,0,nan,nan,nan,TRACKING,0.05092354399994292,0.0,0.0,13.569468316345844,0,0,0,3.8835452693632813,0.004854431586704101,1.0,0,0,0,0,17,5,0
3328,321.75924905399995,147.85475158691406,70.5,106.0,400.0,147.85475158691406,70.5,106.0,400.0,nan,nan,nan,nan,0.5176792144775391,nan,0,nan,nan,nan,TRACKING,0.0575262570000632,0.0,0.0,11.681269324115961,0,0,0,12.236495971679688,0.01529561996459961,1.0,0,0,0,0,17,5,0
3329,321.8386618160001,159.85475158691406,70.5,106.0,400.0,159.85475158691406,70.5,106.0,400.0,nan,nan,nan,nan,0.533230185508728,nan,0,nan,nan,nan,TRACKING,0.05227684800001953,0.0,0.0,12.592434450243678,0,0,0,12.0,0.015,1.0,0,0,0,0,17,5,0
3330,322.236626839,171.85475158691406,70.5,106.0,400.0,171.85475158691406,70.5,106.0,400.0,175.0,60.0,114.0,420.0,0.5326775908470154,0.837444,1,0.8372708990831231,0.008953401490905837,1.129245283018868,DETECTOR_CONFIRMED,0.05546585899992351,0.3141828140001053,0.0,2.5127836422959398,0,0,0,12.0,0.015,1.0,0,0,0,0,17,5,0
3331,322.55007156800013,204.44601440429688,74.61825561523438,106.0,400.0,204.44601440429688,74.61825561523438,106.0,400.0,nan,nan,nan,nan,0.4542936682701111,nan,0,nan,nan,nan,SUSPECTED_LOST,0.05520257299986042,0.23315111900001284,0.0,3.190355132753107,1,0,0,32.85042528406792,0.0410630316050849,1.0,0,0,0,0,17,5,0
3332,322.849304084,220.9730224609375,78.61825561523438,106.0,400.0,228.79055786132812,52.866389465332034,111.85,426.65000000000003,233.0,39.0,115.0,441.0,0.45462650060653687,0.886249,1,0.6769684555020092,0.03158937430989743,1.1961084905660377,SOFT_REINITIALIZING,0.05407885699992221,0.22008809199996904,0.0,3.341882805278122,1,0,0,17.004175819611607,0.02125521977451451,1.0,0,0,0,0,18,5,0
3333,322.88304911700004,228.79055786132812,52.866389465332034,111.85,426.65000000000003,228.79055786132812,52.866389465332034,111.85,426.65000000000003,nan,nan,nan,nan,,nan,0,nan,nan,nan,INITIALIZING,0.0,0.0,0.0,29.633990874990218,0,0,0,0.0,0.0,1.0,0,0,0,0,18,5,0
3334,322.93530273499994,228.79055786132812,52.866389465332034,111.85,426.65000000000003,228.79055786132812,52.866389465332034,111.85,426.65000000000003,nan,nan,nan,nan,,nan,0,nan,nan,nan,INITIALIZING,0.0,0.0,0.0,19.13743082827311,0,0,0,0.0,0.0,1.0,0,0,0,0,18,5,0
3335,322.96314553600007,228.79055786132812,52.866389465332034,111.85,426.65000000000003,228.79055786132812,52.866389465332034,111.85,426.65000000000003,nan,nan,nan,nan,,nan,0,nan,nan,nan,INITIALIZING,0.0,0.0,0.0,35.91592670562154,0,0,0,0.0,0.0,1.0,0,0,0,0,18,5,0
3336,322.99025811600006,228.79055786132812,52.866389465332034,111.85,426.65000000000003,228.79055786132812,52.866389465332034,111.85,426.65000000000003,nan,nan,nan,nan,,nan,0,nan,nan,nan,INITIALIZING,0.0,0.0,0.0,36.88324755520262,0,0,0,0.0,0.0,1.0,0,0,0,0,18,5,0
3337,323.01886947100013,228.79055786132812,52.866389465332034,111.85,426.65000000000003,228.79055786132812,52.866389465332034,111.85,426.65000000000003,nan,nan,nan,nan,,nan,0,nan,nan,nan,INITIALIZING,0.0,0.0,0.0,34.951158377423205,0,0,0,0.0,0.0,1.0,0,0,0,0,18,5,0
3338,323.04939663900007,228.79055786132812,52.866389465332034,111.85,426.65000000000003,228.79055786132812,52.866389465332034,111.85,426.65000000000003,nan,nan,nan,nan,,nan,0,nan,nan,nan,INITIALIZING,0.0,0.0,0.0,32.75770618493428,0,0,0,0.0,0.0,1.0,0,0,0,0,18,5,0
3339,323.08242009799994,228.79055786132812,52.866389465332034,111.85,426.65000000000003,228.79055786132812,52.866389465332034,111.85,426.65000000000003,nan,nan,nan,nan,,nan,0,nan,nan,nan,INITIALIZING,0.0,0.0,0.0,30.28150382440829,0,0,0,0.0,0.0,1.0,0,0,0,0,18,5,0
3340,323.116443729,228.79055786132812,52.866389465332034,111.85,426.65000000000003,228.79055786132812,52.866389465332034,111.85,426.65000000000003,nan,nan,nan,nan,,nan,0,nan,nan,nan,INITIALIZING,0.0,0.0,0.0,29.391336862241232,0,0,0,0.0,0.0,1.0,0,0,0,0,18,5,0
3341,323.15495134000014,228.79055786132812,52.866389465332034,111.85,426.65000000000003,228.79055786132812,52.866389465332034,111.85,426.65000000000003,nan,nan,nan,nan,,nan,0,nan,nan,nan,INITIALIZING,0.0,0.0,0.0,25.968892227488425,0,0,0,0.0,0.0,1.0,0,0,0,0,18,5,0
3342,323.188780073,228.79055786132812,52.866389465332034,111.85,426.65000000000003,228.79055786132812,52.866389465332034,111.85,426.65000000000003,nan,nan,nan,nan,,nan,0,nan,nan,nan,INITIALIZING,0.0,0.0,0.0,29.56066962380267,0,0,0,0.0,0.0,1.0,0,0,0,0,18,5,0
3343,323.228827344,228.79055786132812,52.866389465332034,111.85,426.65000000000003,228.79055786132812,52.866389465332034,111.85,426.65000000000003,nan,nan,nan,nan,,nan,0,nan,nan,nan,INITIALIZING,0.0,0.0,0.0,24.970490498560743,0,0,0,0.0,0.0,1.0,0,0,0,0,18,5,0
3344,323.2699106230001,228.79055786132812,52.866389465332034,111.85,426.65000000000003,228.79055786132812,52.866389465332034,111.85,426.65000000000003,nan,nan,nan,nan,,nan,0,nan,nan,nan,INITIALIZING,0.0,0.0,0.0,24.34080298211179,0,0,0,0.0,0.0,1.0,0,0,0,0,18,5,0
3345,323.3057037100001,228.79055786132812,52.866389465332034,111.85,426.65000000000003,228.79055786132812,52.866389465332034,111.85,426.65000000000003,nan,nan,nan,nan,,nan,0,nan,nan,nan,INITIALIZING,0.0,0.0,0.0,27.938355805967472,0,0,0,0.0,0.0,1.0,0,0,0,0,18,5,0
3346,323.3377708510001,228.79055786132812,52.866389465332034,111.85,426.65000000000003,228.79055786132812,52.866389465332034,111.85,426.65000000000003,nan,nan,nan,nan,,nan,0,nan,nan,nan,INITIALIZING,0.0,0.0,0.0,31.184569899790006,0,0,0,0.0,0.0,1.0,0,0,0,0,18,5,0
3347,323.37252663000015,228.79055786132812,52.866389465332034,111.85,426.65000000000003,228.79055786132812,52.866389465332034,111.85,426.65000000000003,nan,nan,nan,nan,,nan,0,nan,nan,nan,INITIALIZING,0.0,0.0,0.0,28.772193539316763,0,0,0,0.0,0.0,1.0,0,0,0,0,18,5,0
3348,323.40130949800016,228.79055786132812,52.866389465332034,111.85,426.65000000000003,228.79055786132812,52.866389465332034,111.85,426.65000000000003,nan,nan,nan,nan,,nan,0,nan,nan,nan,INITIALIZING,0.0,0.0,0.0,34.742889416014386,0,0,0,0.0,0.0,1.0,0,0,0,0,18,5,0
3349,323.4386121420001,228.79055786132812,52.866389465332034,111.85,426.65000000000003,228.79055786132812,52.866389465332034,111.85,426.65000000000003,nan,nan,nan,nan,,nan,0,nan,nan,nan,INITIALIZING,0.0,0.0,0.0,26.807751214657657,0,0,0,0.0,0.0,1.0,0,0,0,0,18,5,0
3350,323.47027516100013,228.79055786132812,52.866389465332034,111.85,426.65000000000003,228.79055786132812,52.866389465332034,111.85,426.65000000000003,nan,nan,nan,nan,,nan,0,nan,nan,nan,INITIALIZING,0.0,0.0,0.0,31.582585349798205,0,0,0,0.0,0.0,1.0,0,0,0,0,18,5,0
3351,323.5106330110001,228.79055786132812,52.866389465332034,111.85,426.65000000000003,228.79055786132812,52.866389465332034,111.85,426.65000000000003,nan,nan,nan,nan,,nan,0,nan,nan,nan,INITIALIZING,0.0,0.0,0.0,24.778326893055336,0,0,0,0.0,0.0,1.0,0,0,0,0,18,5,0
3352,323.65066567400015,241.6820526123047,53.17500305175781,111.8499984741211,426.6499938964844,241.6820526123047,53.17500305175781,111.8499984741211,426.6499938964844,nan,nan,nan,nan,0.549675464630127,nan,0,nan,nan,nan,TRACKING,0.06995375299993611,0.0,0.6809905520001394,7.141191051973336,0,0,0,12.895187385443636,0.016118984231804544,1.0000000279478638,0,0,0,0,18,5,0
3353,323.73108730599995,245.9440155029297,48.80598449707031,111.8499984741211,426.6499938964844,245.9440155029297,48.80598449707031,111.8499984741211,426.6499938964844,nan,nan,nan,nan,0.5499575734138489,nan,0,nan,nan,nan,TRACKING,0.056174620000092546,0.0,0.0,12.434465393620906,0,0,0,6.103494967006056,0.00762936870875757,1.0,0,0,0,0,18,5,0
3354,323.833191326,249.9440155029297,49.17500305175781,111.8499984741211,426.6499938964844,249.9440155029297,49.17500305175781,111.8499984741211,426.6499938964844,nan,nan,nan,nan,0.5282304883003235,nan,0,nan,nan,nan,TRACKING,0.07773789099996975,0.0,0.0,9.793933676649718,0,0,0,4.01698577215599,0.005021232215194987,1.0,0,0,0,0,18,5,0
3355,323.91107140600013,267.05108642578125,53.54402160644531,111.8499984741211,426.6499938964844,267.05108642578125,53.54402160644531,111.8499984741211,426.6499938964844,nan,nan,nan,nan,0.5013951659202576,nan,0,nan,nan,nan,TRACKING,0.053026651999971364,0.0,0.0,12.840253887753343,0,0,0,17.656166024669034,0.022070207530836293,1.0,0,0,0,0,18,5,0
3356,324.21250760300006,279.68206787109375,57.54402160644531,111.8499984741211,426.6499938964844,259.08872375488284,22.09040756225586,146.3974994659424,459.3774978637695,248.0,3.0,165.0,477.0,0.49960747361183167,0.988084,1,0.5968075439334851,0.037262191488842994,1.6492807764420268,SOFT_REINITIALIZING,0.06490653399987423,0.21227879599996413,0.0,3.317451619787495,1,0,0,13.249214779443673,0.01656151847430459,1.0,0,0,0,0,19,5,0
3357,324.23616950100006,259.08872375488284,22.09040756225586,146.3974994659424,459.3774978637695,259.08872375488284,22.09040756225586,146.3974994659424,459.3774978637695,nan,nan,nan,nan,,nan,0,nan,nan,nan,INITIALIZING,0.0,0.0,0.0,42.262036629520914,0,0,0,0.0,0.0,1.0,0,0,0,0,19,5,0
3358,324.26408110499995,259.08872375488284,22.09040756225586,146.3974994659424,459.3774978637695,259.08872375488284,22.09040756225586,146.3974994659424,459.3774978637695,nan,nan,nan,nan,,nan,0,nan,nan,nan,INITIALIZING,0.0,0.0,0.0,35.827392793485004,0,0,0,0.0,0.0,1.0,0,0,0,0,19,5,0
3359,324.29528708600003,259.08872375488284,22.09040756225586,146.3974994659424,459.3774978637695,259.08872375488284,22.09040756225586,146.3974994659424,459.3774978637695,nan,nan,nan,nan,,nan,0,nan,nan,nan,INITIALIZING,0.0,0.0,0.0,32.04513903912482,0,0,0,0.0,0.0,1.0,0,0,0,0,19,5,0
3360,324.34437638099996,259.08872375488284,22.09040756225586,146.3974994659424,459.3774978637695,259.08872375488284,22.09040756225586,146.3974994659424,459.3774978637695,nan,nan,nan,nan,,nan,0,nan,nan,nan,INITIALIZING,0.0,0.0,0.0,20.371040162654868,0,0,0,0.0,0.0,1.0,0,0,0,0,19,5,0
3361,324.368601258,259.08872375488284,22.09040756225586,146.3974994659424,459.3774978637695,259.08872375488284,22.09040756225586,146.3974994659424,459.3774978637695,nan,nan,nan,nan,,nan,0,nan,nan,nan,INITIALIZING,0.0,0.0,0.0,41.27987935698804,0,0,0,0.0,0.0,1.0,0,0,0,0,19,5,0
3362,324.39405308100015,259.08872375488284,22.09040756225586,146.3974994659424,459.3774978637695,259.08872375488284,22.09040756225586,146.3974994659424,459.3774978637695,nan,nan,nan,nan,,nan,0,nan,nan,nan,INITIALIZING,0.0,0.0,0.0,39.28991648238791,0,0,0,0.0,0.0,1.0,0,0,0,0,19,5,0
3363,324.419901526,259.08872375488284,22.09040756225586,146.3974994659424,459.3774978637695,259.08872375488284,22.09040756225586,146.3974994659424,459.3774978637695,nan,nan,nan,nan,,nan,0,nan,nan,nan,INITIALIZING,0.0,0.0,0.0,38.68704674522113,0,0,0,0.0,0.0,1.0,0,0,0,0,19,5,0
3364,324.44700822100015,259.08872375488284,22.09040756225586,146.3974994659424,459.3774978637695,259.08872375488284,22.09040756225586,146.3974994659424,459.3774978637695,nan,nan,nan,nan,,nan,0,nan,nan,nan,INITIALIZING,0.0,0.0,0.0,36.891255093777175,0,0,0,0.0,0.0,1.0,0,0,0,0,19,5,0
3365,324.47742721,259.08872375488284,22.09040756225586,146.3974994659424,459.3774978637695,259.08872375488284,22.09040756225586,146.3974994659424,459.3774978637695,nan,nan,nan,nan,,nan,0,nan,nan,nan,INITIALIZING,0.0,0.0,0.0,32.87420236108728,0,0,0,0.0,0.0,1.0,0,0,0,0,19,5,0
3366,324.51082307000013,259.08872375488284,22.09040756225586,146.3974994659424,459.3774978637695,259.08872375488284,22.09040756225586,146.3974994659424,459.3774978637695,nan,nan,nan,nan,,nan,0,nan,nan,nan,INITIALIZING,0.0,0.0,0.0,29.943831360993673,0,0,0,0.0,0.0,1.0,0,0,0,0,19,5,0
3367,324.55313662900005,259.08872375488284,22.09040756225586,146.3974994659424,459.3774978637695,259.08872375488284,22.09040756225586,146.3974994659424,459.3774978637695,nan,nan,nan,nan,,nan,0,nan,nan,nan,INITIALIZING,0.0,0.0,0.0,23.633086500756047,0,0,0,0.0,0.0,1.0,0,0,0,0,19,5,0
3368,324.59137283000007,259.08872375488284,22.09040756225586,146.3974994659424,459.3774978637695,259.08872375488284,22.09040756225586,146.3974994659424,459.3774978637695,nan,nan,nan,nan,,nan,0,nan,nan,nan,INITIALIZING,0.0,0.0,0.0,26.15322583955273,0,0,0,0.0,0.0,1.0,0,0,0,0,19,5,0
3369,324.6300504960001,259.08872375488284,22.09040756225586,146.3974994659424,459.3774978637695,259.08872375488284,22.09040756225586,146.3974994659424,459.3774978637695,nan,nan,nan,nan,,nan,0,nan,nan,nan,INITIALIZING,0.0,0.0,0.0,25.854714190863568,0,0,0,0.0,0.0,1.0,0,0,0,0,19,5,0
3370,324.66650875000016,259.08872375488284,22.09040756225586,146.3974994659424,459.3774978637695,259.08872375488284,22.09040756225586,146.3974994659424,459.3774978637695,nan,nan,nan,nan,,nan,0,nan,nan,nan,INITIALIZING,0.0,0.0,0.0,27.42863111321174,0,0,0,0.0,0.0,1.0,0,0,0,0,19,5,0
3371,324.7060261170001,259.08872375488284,22.09040756225586,146.3974994659424,459.3774978637695,259.08872375488284,22.09040756225586,146.3974994659424,459.3774978637695,nan,nan,nan,nan,,nan,0,nan,nan,nan,INITIALIZING,0.0,0.0,0.0,25.30532967953325,0,0,0,0.0,0.0,1.0,0,0,0,0,19,5,0
3372,324.74424507800006,259.08872375488284,22.09040756225586,146.3974994659424,459.3774978637695,259.08872375488284,22.09040756225586,146.3974994659424,459.3774978637695,nan,nan,nan,nan,,nan,0,nan,nan,nan,INITIALIZING,0.0,0.0,0.0,26.16502316743816,0,0,0,0.0,0.0,1.0,0,0,0,0,19,5,0
3373,324.7864150930001,259.08872375488284,22.09040756225586,146.3974994659424,459.3774978637695,259.08872375488284,22.09040756225586,146.3974994659424,459.3774978637695,nan,nan,nan,nan,,nan,0,nan,nan,nan,INITIALIZING,0.0,0.0,0.0,23.713531996603475,0,0,0,0.0,0.0,1.0,0,0,0,0,19,5,0
3374,324.817308412,259.08872375488284,22.09040756225586,146.3974994659424,459.3774978637695,259.08872375488284,22.09040756225586,146.3974994659424,459.3774978637695,nan,nan,nan,nan,,nan,0,nan,nan,nan,INITIALIZING,0.0,0.0,0.0,32.36945826386425,0,0,0,0.0,0.0,1.0,0,0,0,0,19,5,0
3375,324.85944290500004,259.08872375488284,22.09040756225586,146.3974994659424,459.3774978637695,259.08872375488284,22.09040756225586,146.3974994659424,459.3774978637695,nan,nan,nan,nan,,nan,0,nan,nan,nan,INITIALIZING,0.0,0.0,0.0,23.73352397995734,0,0,0,0.0,0.0,1.0,0,0,0,0,19,5,0
3376,324.908473866,259.08872375488284,22.09040756225586,146.3974994659424,459.3774978637695,259.08872375488284,22.09040756225586,146.3974994659424,459.3774978637695,nan,nan,nan,nan,,nan,0,nan,nan,nan,INITIALIZING,0.0,0.0,0.0,20.395276364266767,0,0,0,0.0,0.0,1.0,0,0,0,0,19,5,0
3377,324.9568251280001,259.08872375488284,22.09040756225586,146.3974994659424,459.3774978637695,259.08872375488284,22.09040756225586,146.3974994659424,459.3774978637695,nan,nan,nan,nan,,nan,0,nan,nan,nan,INITIALIZING,0.0,0.0,0.0,20.681983440225476,0,0,0,0.0,0.0,1.0,0,0,0,0,19,5,0
3378,325.317234062,352.6598205566406,21.811248779296875,146.3975067138672,459.37750244140625,365.2309371948242,7.6339370727539055,139.6391273498535,472.78212585449216,372.0,0.0,136.0,480.0,0.44843778014183044,0.870325,1,0.7833662092686163,0.02278396954816326,1.030204059403574,SOFT_REINITIALIZING,0.08413377600004424,0.2302924759999314,0.7623000610001327,2.7746260030287146,1,0,0,93.57151683727498,0.11696439604659373,1.0000000594733987,0,0,0,0,20,5,0
3379,325.344265652,365.2309371948242,7.6339370727539055,139.6391273498535,472.78212585449216,365.2309371948242,7.6339370727539055,139.6391273498535,472.78212585449216,nan,nan,nan,nan,,nan,0,nan,nan,nan,INITIALIZING,0.0,0.0,0.0,36.99375434448321,0,0,0,0.0,0.0,1.0,0,0,0,0,20,5,0
3380,325.37614013300015,365.2309371948242,7.6339370727539055,139.6391273498535,472.78212585449216,365.2309371948242,7.6339370727539055,139.6391273498535,472.78212585449216,nan,nan,nan,nan,,nan,0,nan,nan,nan,INITIALIZING,0.0,0.0,0.0,31.373059846684622,0,0,0,0.0,0.0,1.0,0,0,0,0,20,5,0
3381,325.408700094,365.2309371948242,7.6339370727539055,139.6391273498535,472.78212585449216,365.2309371948242,7.6339370727539055,139.6391273498535,472.78212585449216,nan,nan,nan,nan,,nan,0,nan,nan,nan,INITIALIZING,0.0,0.0,0.0,30.712567499854003,0,0,0,0.0,0.0,1.0,0,0,0,0,20,5,0
3382,325.433518314,365.2309371948242,7.6339370727539055,139.6391273498535,472.78212585449216,365.2309371948242,7.6339370727539055,139.6391273498535,472.78212585449216,nan,nan,nan,nan,,nan,0,nan,nan,nan,INITIALIZING,0.0,0.0,0.0,40.292978303773324,0,0,0,0.0,0.0,1.0,0,0,0,0,20,5,0
3383,325.46279311700016,365.2309371948242,7.6339370727539055,139.6391273498535,472.78212585449216,365.2309371948242,7.6339370727539055,139.6391273498535,472.78212585449216,nan,nan,nan,nan,,nan,0,nan,nan,nan,INITIALIZING,0.0,0.0,0.0,34.159068465649234,0,0,0,0.0,0.0,1.0,0,0,0,0,20,5,0
3384,325.49136660700003,365.2309371948242,7.6339370727539055,139.6391273498535,472.78212585449216,365.2309371948242,7.6339370727539055,139.6391273498535,472.78212585449216,nan,nan,nan,nan,,nan,0,nan,nan,nan,INITIALIZING,0.0,0.0,0.0,34.997474932341,0,0,0,0.0,0.0,1.0,0,0,0,0,20,5,0
3385,325.52515924400006,365.2309371948242,7.6339370727539055,139.6391273498535,472.78212585449216,365.2309371948242,7.6339370727539055,139.6391273498535,472.78212585449216,nan,nan,nan,nan,,nan,0,nan,nan,nan,INITIALIZING,0.0,0.0,0.0,29.592245198237038,0,0,0,0.0,0.0,1.0,0,0,0,0,20,5,0
3386,325.56238995900014,365.2309371948242,7.6339370727539055,139.6391273498535,472.78212585449216,365.2309371948242,7.6339370727539055,139.6391273498535,472.78212585449216,nan,nan,nan,nan,,nan,0,nan,nan,nan,INITIALIZING,0.0,0.0,0.0,26.85954325609668,0,0,0,0.0,0.0,1.0,0,0,0,0,20,5,0
3387,325.6040861120001,365.2309371948242,7.6339370727539055,139.6391273498535,472.78212585449216,365.2309371948242,7.6339370727539055,139.6391273498535,472.78212585449216,nan,nan,nan,nan,,nan,0,nan,nan,nan,INITIALIZING,0.0,0.0,0.0,23.9830278827064,0,0,0,0.0,0.0,1.0,0,0,0,0,20,5,0
3388,325.6368313890001,365.2309371948242,7.6339370727539055,139.6391273498535,472.78212585449216,365.2309371948242,7.6339370727539055,139.6391273498535,472.78212585449216,nan,nan,nan,nan,,nan,0,nan,nan,nan,INITIALIZING,0.0,0.0,0.0,30.538755253158776,0,0,0,0.0,0.0,1.0,0,0,0,0,20,5,0
3389,325.6838877860001,365.2309371948242,7.6339370727539055,139.6391273498535,472.78212585449216,365.2309371948242,7.6339370727539055,139.6391273498535,472.78212585449216,nan,nan,nan,nan,,nan,0,nan,nan,nan,INITIALIZING,0.0,0.0,0.0,21.25109578618775,0,0,0,0.0,0.0,1.0,0,0,0,0,20,5,0
3390,325.76277152800014,365.2309371948242,7.6339370727539055,139.6391273498535,472.78212585449216,365.2309371948242,7.6339370727539055,139.6391273498535,472.78212585449216,nan,nan,nan,nan,,nan,0,nan,nan,nan,INITIALIZING,0.0,0.0,0.0,12.676883406466603,0,0,0,0.0,0.0,1.0,0,0,0,0,20,5,0
3391,325.791527989,365.2309371948242,7.6339370727539055,139.6391273498535,472.78212585449216,365.2309371948242,7.6339370727539055,139.6391273498535,472.78212585449216,nan,nan,nan,nan,,nan,0,nan,nan,nan,INITIALIZING,0.0,0.0,0.0,34.77479374134099,0,0,0,0.0,0.0,1.0,0,0,0,0,20,5,0
3392,325.83927434500004,365.2309371948242,7.6339370727539055,139.6391273498535,472.78212585449216,365.2309371948242,7.6339370727539055,139.6391273498535,472.78212585449216,nan,nan,nan,nan,,nan,0,nan,nan,nan,INITIALIZING,0.0,0.0,0.0,20.944006700714752,0,0,0,0.0,0.0,1.0,0,0,0,0,20,5,0
3393,325.88592021500006,365.2309371948242,7.6339370727539055,139.6391273498535,472.78212585449216,365.2309371948242,7.6339370727539055,139.6391273498535,472.78212585449216,nan,nan,nan,nan,,nan,0,nan,nan,nan,INITIALIZING,0.0,0.0,0.0,21.438125175917286,0,0,0,0.0,0.0,1.0,0,0,0,0,20,5,0
3394,325.91235377400005,365.2309371948242,7.6339370727539055,139.6391273498535,472.78212585449216,365.2309371948242,7.6339370727539055,139.6391273498535,472.78212585449216,nan,nan,nan,nan,,nan,0,nan,nan,nan,INITIALIZING,0.0,0.0,0.0,37.83069846932458,0,0,0,0.0,0.0,1.0,0,0,0,0,20,5,0
3395,325.9512186820001,365.2309371948242,7.6339370727539055,139.6391273498535,472.78212585449216,365.2309371948242,7.6339370727539055,139.6391273498535,472.78212585449216,nan,nan,nan,nan,,nan,0,nan,nan,nan,INITIALIZING,0.0,0.0,0.0,25.73015224939426,0,0,0,0.0,0.0,1.0,0,0,0,0,20,5,0
3396,325.9893230050001,365.2309371948242,7.6339370727539055,139.6391273498535,472.78212585449216,365.2309371948242,7.6339370727539055,139.6391273498535,472.78212585449216,nan,nan,nan,nan,,nan,0,nan,nan,nan,INITIALIZING,0.0,0.0,0.0,26.2437414253699,0,0,0,0.0,0.0,1.0,0,0,0,0,20,5,0
3397,326.02352835800014,365.2309371948242,7.6339370727539055,139.6391273498535,472.78212585449216,365.2309371948242,7.6339370727539055,139.6391273498535,472.78212585449216,nan,nan,nan,nan,,nan,0,nan,nan,nan,INITIALIZING,0.0,0.0,0.0,29.235190176175355,0,0,0,0.0,0.0,1.0,0,0,0,0,20,5,0
3398,326.06499606900013,365.2309371948242,7.6339370727539055,139.6391273498535,472.78212585449216,365.2309371948242,7.6339370727539055,139.6391273498535,472.78212585449216,nan,nan,nan,nan,,nan,0,nan,nan,nan,INITIALIZING,0.0,0.0,0.0,24.1151482897164,0,0,0,0.0,0.0,1.0,0,0,0,0,20,5,0
3399,326.4164024580001,375.95806884765625,8.108932495117188,139.63912963867188,472.7821350097656,368.83532409667964,2.8381263732910154,220.47369537353515,477.47374725341797,365.0,0.0,264.0,480.0,0.48466792702674866,0.979067,1,0.5194903634817745,0.06427456744254552,1.9194507508696468,SOFT_REINITIALIZING,0.07058876200017039,0.24396280399992065,0.7783616229999097,2.845708078460884,1,0,0,10.737644203904694,0.013422055254880867,1.000000035755631,0,0,0,0,21,5,0
3400,326.443335973,368.83532409667964,2.8381263732910154,220.47369537353515,477.47374725341797,368.83532409667964,2.8381263732910154,220.47369537353515,477.47374725341797,nan,nan,nan,nan,,nan,0,nan,nan,nan,INITIALIZING,0.0,0.0,0.0,37.12846243813207,0,0,0,0.0,0.0,1.0,0,0,0,0,21,5,0
3401,326.47937672,368.83532409667964,2.8381263732910154,220.47369537353515,477.47374725341797,368.83532409667964,2.8381263732910154,220.47369537353515,477.47374725341797,nan,nan,nan,nan,,nan,0,nan,nan,nan,INITIALIZING,0.0,0.0,0.0,27.746372737489896,0,0,0,0.0,0.0,1.0,0,0,0,0,21,5,0
3402,326.50362888899997,368.83532409667964,2.8381263732910154,220.47369537353515,477.47374725341797,368.83532409667964,2.8381263732910154,220.47369537353515,477.47374725341797,nan,nan,nan,nan,,nan,0,nan,nan,nan,INITIALIZING,0.0,0.0,0.0,41.23342534853065,0,0,0,0.0,0.0,1.0,0,0,0,0,21,5,0
3403,326.52709547200004,368.83532409667964,2.8381263732910154,220.47369537353515,477.47374725341797,368.83532409667964,2.8381263732910154,220.47369537353515,477.47374725341797,nan,nan,nan,nan,,nan,0,nan,nan,nan,INITIALIZING,0.0,0.0,0.0,42.61378829618795,0,0,0,0.0,0.0,1.0,0,0,0,0,21,5,0
3404,326.56224917400016,368.83532409667964,2.8381263732910154,220.47369537353515,477.47374725341797,368.83532409667964,2.8381263732910154,220.47369537353515,477.47374725341797,nan,nan,nan,nan,,nan,0,nan,nan,nan,INITIALIZING,0.0,0.0,0.0,28.44650614597289,0,0,0,0.0,0.0,1.0,0,0,0,0,21,5,0
3405,326.5942392820001,368.83532409667964,2.8381263732910154,220.47369537353515,477.47374725341797,368.83532409667964,2.8381263732910154,220.47369537353515,477.47374725341797,nan,nan,nan,nan,,nan,0,nan,nan,nan,INITIALIZING,0.0,0.0,0.0,31.259663143422554,0,0,0,0.0,0.0,1.0,0,0,0,0,21,5,0
3406,326.6448212050001,368.83532409667964,2.8381263732910154,220.47369537353515,477.47374725341797,368.83532409667964,2.8381263732910154,220.47369537353515,477.47374725341797,nan,nan,nan,nan,,nan,0,nan,nan,nan,INITIALIZING,0.0,0.0,0.0,19.769908708302072,0,0,0,0.0,0.0,1.0,0,0,0,0,21,5,0
3407,326.68413768300013,368.83532409667964,2.8381263732910154,220.47369537353515,477.47374725341797,368.83532409667964,2.8381263732910154,220.47369537353515,477.47374725341797,nan,nan,nan,nan,,nan,0,nan,nan,nan,INITIALIZING,0.0,0.0,0.0,25.434628198355586,0,0,0,0.0,0.0,1.0,0,0,0,0,21,5,0
3408,326.72284087000014,368.83532409667964,2.8381263732910154,220.47369537353515,477.47374725341797,368.83532409667964,2.8381263732910154,220.47369537353515,477.47374725341797,nan,nan,nan,nan,,nan,0,nan,nan,nan,INITIALIZING,0.0,0.0,0.0,25.837665513171814,0,0,0,0.0,0.0,1.0,0,0,0,0,21,5,0
3409,326.76744946600013,368.83532409667964,2.8381263732910154,220.47369537353515,477.47374725341797,368.83532409667964,2.8381263732910154,220.47369537353515,477.47374725341797,nan,nan,nan,nan,,nan,0,nan,nan,nan,INITIALIZING,0.0,0.0,0.0,22.417204074305406,0,0,0,0.0,0.0,1.0,0,0,0,0,21,5,0
3410,326.80397985699994,368.83532409667964,2.8381263732910154,220.47369537353515,477.47374725341797,368.83532409667964,2.8381263732910154,220.47369537353515,477.47374725341797,nan,nan,nan,nan,,nan,0,nan,nan,nan,INITIALIZING,0.0,0.0,0.0,27.374467467514172,0,0,0,0.0,0.0,1.0,0,0,0,0,21,5,0
3411,326.836596278,368.83532409667964,2.8381263732910154,220.47369537353515,477.47374725341797,368.83532409667964,2.8381263732910154,220.47369537353515,477.47374725341797,nan,nan,nan,nan,,nan,0,nan,nan,nan,INITIALIZING,0.0,0.0,0.0,30.659403126978646,0,0,0,0.0,0.0,1.0,0,0,0,0,21,5,0
3412,326.86989437600016,368.83532409667964,2.8381263732910154,220.47369537353515,477.47374725341797,368.83532409667964,2.8381263732910154,220.47369537353515,477.47374725341797,nan,nan,nan,nan,,nan,0,nan,nan,nan,INITIALIZING,0.0,0.0,0.0,30.031745356603064,0,0,0,0.0,0.0,1.0,0,0,0,0,21,5,0
3413,326.91097406000006,368.83532409667964,2.8381263732910154,220.47369537353515,477.47374725341797,368.83532409667964,2.8381263732910154,220.47369537353515,477.47374725341797,nan,nan,nan,nan,,nan,0,nan,nan,nan,INITIALIZING,0.0,0.0,0.0,24.342933115126137,0,0,0,0.0,0.0,1.0,0,0,0,0,21,5,0
3414,326.9622739120001,368.83532409667964,2.8381263732910154,220.47369537353515,477.47374725341797,368.83532409667964,2.8381263732910154,220.47369537353515,477.47374725341797,nan,nan,nan,nan,,nan,0,nan,nan,nan,INITIALIZING,0.0,0.0,0.0,19.493233625681782,0,0,0,0.0,0.0,1.0,0,0,0,0,21,5,0
3415,327.0159866160001,368.83532409667964,2.8381263732910154,220.47369537353515,477.47374725341797,368.83532409667964,2.8381263732910154,220.47369537353515,477.47374725341797,nan,nan,nan,nan,,nan,0,nan,nan,nan,INITIALIZING,0.0,0.0,0.0,18.617569504612636,0,0,0,0.0,0.0,1.0,0,0,0,0,21,5,0
3416,327.10519406900005,369.2631530761719,2.76312255859375,220.4736785888672,477.4737548828125,369.2631530761719,2.76312255859375,220.4736785888672,477.4737548828125,nan,nan,nan,nan,0.7318379878997803,nan,0,nan,nan,nan,TRACKING,0.04595241999982136,0.0,0.6375032690000353,11.209825708176156,0,0,0,0.4343448569931698,0.0005429310712414622,1.000000060151362,0,0,0,0,21,5,0
3417,327.19569373,369.2631530761719,2.76312255859375,220.4736785888672,477.4737548828125,369.2631530761719,2.76312255859375,220.4736785888672,477.4737548828125,nan,nan,nan,nan,0.6907064318656921,nan,0,nan,nan,nan,TRACKING,0.06442730599997049,0.0,0.0,11.049765147743079,0,0,0,0.0,0.0,1.0,0,0,0,0,21,5,0
3418,327.29069633000006,362.7740783691406,2.76312255859375,220.4736785888672,477.4737548828125,362.7740783691406,2.76312255859375,220.4736785888672,477.4737548828125,nan,nan,nan,nan,0.6870518326759338,nan,0,nan,nan,nan,TRACKING,0.06141908099993998,0.0,0.0,10.526027708710526,0,0,0,6.48907470703125,0.008111343383789063,1.0,0,0,0,0,21,5,0
3419,327.36182952699994,356.7740783691406,2.76312255859375,220.4736785888672,477.4737548828125,356.7740783691406,2.76312255859375,220.4736785888672,477.4737548828125,nan,nan,nan,nan,0.6404638290405273,nan,0,nan,nan,nan,TRACKING,0.047808544999952574,0.0,0.0,14.058133785293995,0,0,0,6.0,0.0075,1.0,0,0,0,0,21,5,0
3420,327.7588581220001,350.7740783691406,2.76312255859375,220.4736785888672,477.4737548828125,350.7740783691406,2.76312255859375,220.4736785888672,477.4737548828125,330.0,0.0,252.0,479.0,0.6037363409996033,0.826752,1,0.8678879952501596,0.006744128908623053,1.1466471633037454,DETECTOR_CONFIRMED,0.06870987599995715,0.30074253599991607,0.0,2.5187102707289477,0,0,0,6.0,0.0075,1.0,0,0,0,0,21,5,0
3421,327.846039187,364.2413024902344,2.76312255859375,220.4736785888672,477.4737548828125,364.2413024902344,2.76312255859375,220.4736785888672,477.4737548828125,nan,nan,nan,nan,0.520246684551239,nan,0,nan,nan,nan,TRACKING,0.0567828069999905,0.0,0.0,11.470380638290154,0,0,0,13.46722412109375,0.016834030151367186,1.0,0,0,0,0,21,5,0
3422,328.1557060880001,357.7740783691406,2.76312255859375,220.4736785888672,477.4737548828125,297.4709274291992,4.867092895507813,238.36578750610352,471.31581420898436,265.0,6.0,248.0,468.0,0.4948587119579315,0.870301,1,0.48857612574130665,0.09878144364928902,1.1025321963886894,SOFT_REINITIALIZING,0.06106100199986031,0.22278782000012143,0.0,3.2292763507185005,1,0,0,6.46722412109375,0.008084030151367187,1.0,0,0,0,0,22,5,0
3423,328.1871749370001,297.4709274291992,4.867092895507813,238.36578750610352,471.31581420898436,297.4709274291992,4.867092895507813,238.36578750610352,471.31581420898436,nan,nan,nan,nan,,nan,0,nan,nan,nan,INITIALIZING,0.0,0.0,0.0,31.777457129091044,0,0,0,0.0,0.0,1.0,0,0,0,0,22,5,0
3424,328.2191910350001,297.4709274291992,4.867092895507813,238.36578750610352,471.31581420898436,297.4709274291992,4.867092895507813,238.36578750610352,471.31581420898436,nan,nan,nan,nan,,nan,0,nan,nan,nan,INITIALIZING,0.0,0.0,0.0,31.23428720140889,0,0,0,0.0,0.0,1.0,0,0,0,0,22,5,0
3425,328.2565937840001,297.4709274291992,4.867092895507813,238.36578750610352,471.31581420898436,297.4709274291992,4.867092895507813,238.36578750610352,471.31581420898436,nan,nan,nan,nan,,nan,0,nan,nan,nan,INITIALIZING,0.0,0.0,0.0,26.736002746774133,0,0,0,0.0,0.0,1.0,0,0,0,0,22,5,0
3426,328.292752554,297.4709274291992,4.867092895507813,238.36578750610352,471.31581420898436,297.4709274291992,4.867092895507813,238.36578750610352,471.31581420898436,nan,nan,nan,nan,,nan,0,nan,nan,nan,INITIALIZING,0.0,0.0,0.0,27.655807982460736,0,0,0,0.0,0.0,1.0,0,0,0,0,22,5,0
3427,328.3280714660001,297.4709274291992,4.867092895507813,238.36578750610352,471.31581420898436,297.4709274291992,4.867092895507813,238.36578750610352,471.31581420898436,nan,nan,nan,nan,,nan,0,nan,nan,nan,INITIALIZING,0.0,0.0,0.0,28.31344295082916,0,0,0,0.0,0.0,1.0,0,0,0,0,22,5,0
3428,328.35993178,297.4709274291992,4.867092895507813,238.36578750610352,471.31581420898436,297.4709274291992,4.867092895507813,238.36578750610352,471.31581420898436,nan,nan,nan,nan,,nan,0,nan,nan,nan,INITIALIZING,0.0,0.0,0.0,31.38701018460449,0,0,0,0.0,0.0,1.0,0,0,0,0,22,5,0
3429,328.41268785399996,297.4709274291992,4.867092895507813,238.36578750610352,471.31581420898436,297.4709274291992,4.867092895507813,238.36578750610352,471.31581420898436,nan,nan,nan,nan,,nan,0,nan,nan,nan,INITIALIZING,0.0,0.0,0.0,18.9551633429177,0,0,0,0.0,0.0,1.0,0,0,0,0,22,5,0
3430,328.451468333,297.4709274291992,4.867092895507813,238.36578750610352,471.31581420898436,297.4709274291992,4.867092895507813,238.36578750610352,471.31581420898436,nan,nan,nan,nan,,nan,0,nan,nan,nan,INITIALIZING,0.0,0.0,0.0,25.78616937659193,0,0,0,0.0,0.0,1.0,0,0,0,0,22,5,0
3431,328.48378938400003,297.4709274291992,4.867092895507813,238.36578750610352,471.31581420898436,297.4709274291992,4.867092895507813,238.36578750610352,471.31581420898436,nan,nan,nan,nan,,nan,0,nan,nan,nan,INITIALIZING,0.0,0.0,0.0,30.93958794837281,0,0,0,0.0,0.0,1.0,0,0,0,0,22,5,0
3432,328.51744248800003,297.4709274291992,4.867092895507813,238.36578750610352,471.31581420898436,297.4709274291992,4.867092895507813,238.36578750610352,471.31581420898436,nan,nan,nan,nan,,nan,0,nan,nan,nan,INITIALIZING,0.0,0.0,0.0,29.714941005148756,0,0,0,0.0,0.0,1.0,0,0,0,0,22,5,0
3433,328.550700012,297.4709274291992,4.867092895507813,238.36578750610352,471.31581420898436,297.4709274291992,4.867092895507813,238.36578750610352,471.31581420898436,nan,nan,nan,nan,,nan,0,nan,nan,nan,INITIALIZING,0.0,0.0,0.0,30.068383924223497,0,0,0,0.0,0.0,1.0,0,0,0,0,22,5,0
3434,328.5797566350001,297.4709274291992,4.867092895507813,238.36578750610352,471.31581420898436,297.4709274291992,4.867092895507813,238.36578750610352,471.31581420898436,nan,nan,nan,nan,,nan,0,nan,nan,nan,INITIALIZING,0.0,0.0,0.0,34.41556164310565,0,0,0,0.0,0.0,1.0,0,0,0,0,22,5,0
3435,328.6078782420001,297.4709274291992,4.867092895507813,238.36578750610352,471.31581420898436,297.4709274291992,4.867092895507813,238.36578750610352,471.31581420898436,nan,nan,nan,nan,,nan,0,nan,nan,nan,INITIALIZING,0.0,0.0,0.0,35.55984549531261,0,0,0,0.0,0.0,1.0,0,0,0,0,22,5,0
3436,328.6392129740001,297.4709274291992,4.867092895507813,238.36578750610352,471.31581420898436,297.4709274291992,4.867092895507813,238.36578750610352,471.31581420898436,nan,nan,nan,nan,,nan,0,nan,nan,nan,INITIALIZING,0.0,0.0,0.0,31.913469054078607,0,0,0,0.0,0.0,1.0,0,0,0,0,22,5,0
3437,328.68789944900016,297.4709274291992,4.867092895507813,238.36578750610352,471.31581420898436,297.4709274291992,4.867092895507813,238.36578750610352,471.31581420898436,nan,nan,nan,nan,,nan,0,nan,nan,nan,INITIALIZING,0.0,0.0,0.0,20.539585172239494,0,0,0,0.0,0.0,1.0,0,0,0,0,22,5,0
3438,328.72163968999996,297.4709274291992,4.867092895507813,238.36578750610352,471.31581420898436,297.4709274291992,4.867092895507813,238.36578750610352,471.31581420898436,nan,nan,nan,nan,,nan,0,nan,nan,nan,INITIALIZING,0.0,0.0,0.0,29.63819967989508,0,0,0,0.0,0.0,1.0,0,0,0,0,22,5,0
3439,328.7542190790001,297.4709274291992,4.867092895507813,238.36578750610352,471.31581420898436,297.4709274291992,4.867092895507813,238.36578750610352,471.31581420898436,nan,nan,nan,nan,,nan,0,nan,nan,nan,INITIALIZING,0.0,0.0,0.0,30.69425273738141,0,0,0,0.0,0.0,1.0,0,0,0,0,22,5,0
3440,328.7954754840001,297.4709274291992,4.867092895507813,238.36578750610352,471.31581420898436,297.4709274291992,4.867092895507813,238.36578750610352,471.31581420898436,nan,nan,nan,nan,,nan,0,nan,nan,nan,INITIALIZING,0.0,0.0,0.0,24.238660639473782,0,0,0,0.0,0.0,1.0,0,0,0,0,22,5,0
3441,328.82478398599994,297.4709274291992,4.867092895507813,238.36578750610352,471.31581420898436,297.4709274291992,4.867092895507813,238.36578750610352,471.31581420898436,nan,nan,nan,nan,,nan,0,nan,nan,nan,INITIALIZING,0.0,0.0,0.0,34.11979227072359,0,0,0,0.0,0.0,1.0,0,0,0,0,22,5,0
3442,328.86118578,297.4709274291992,4.867092895507813,238.36578750610352,471.31581420898436,297.4709274291992,4.867092895507813,238.36578750610352,471.31581420898436,nan,nan,nan,nan,,nan,0,nan,nan,nan,INITIALIZING,0.0,0.0,0.0,27.471173536053392,0,0,0,0.0,0.0,1.0,0,0,0,0,22,5,0
3443,328.90569125000013,297.4709274291992,4.867092895507813,238.36578750610352,471.31581420898436,297.4709274291992,4.867092895507813,238.36578750610352,471.31581420898436,nan,nan,nan,nan,,nan,0,nan,nan,nan,INITIALIZING,0.0,0.0,0.0,22.4691481743181,0,0,0,0.0,0.0,1.0,0,0,0,0,22,5,0
3444,328.953919593,297.4709274291992,4.867092895507813,238.36578750610352,471.31581420898436,297.4709274291992,4.867092895507813,238.36578750610352,471.31581420898436,nan,nan,nan,nan,,nan,0,nan,nan,nan,INITIALIZING,0.0,0.0,0.0,20.734695363725205,0,0,0,0.0,0.0,1.0,0,0,0,0,22,5,0
3445,329.066254039,290.6134948730469,4.842071533203125,238.36578369140625,471.31585693359375,290.6134948730469,4.842071533203125,238.36578369140625,471.31585693359375,nan,nan,nan,nan,0.5022528767585754,nan,0,nan,nan,nan,TRACKING,0.07710152499998912,0.0,0.8140912649998882,8.90198897674008,0,0,0,6.857480034328264,0.008571850042910329,1.000000074646096,0,0,0,0,22,5,0
3446,329.42438454499995,290.3171081542969,4.842071533203125,238.36578369140625,471.31585693359375,254.3609878540039,8.844725036621094,208.87802429199218,464.6105499267578,235.0,11.0,193.0,461.0,0.46201321482658386,0.98618,1,0.4604519752770734,0.09750801249128196,1.2626928799092172,SOFT_REINITIALIZING,0.06332874700001412,0.26788501600003656,0.0,2.7922781869917928,1,0,0,0.29638671875,0.0003704833984375,1.0,0,0,0,0,23,5,0
3447,329.4461528190001,254.3609878540039,8.844725036621094,208.87802429199218,464.6105499267578,254.3609878540039,8.844725036621094,208.87802429199218,464.6105499267578,nan,nan,nan,nan,,nan,0,nan,nan,nan,INITIALIZING,0.0,0.0,0.0,45.938414777134696,0,0,0,0.0,0.0,1.0,0,0,0,0,23,5,0
3448,329.48518772900013,254.3609878540039,8.844725036621094,208.87802429199218,464.6105499267578,254.3609878540039,8.844725036621094,208.87802429199218,464.6105499267578,nan,nan,nan,nan,,nan,0,nan,nan,nan,INITIALIZING,0.0,0.0,0.0,25.618094162343247,0,0,0,0.0,0.0,1.0,0,0,0,0,23,5,0
3449,329.5444416690001,254.3609878540039,8.844725036621094,208.87802429199218,464.6105499267578,254.3609878540039,8.844725036621094,208.87802429199218,464.6105499267578,nan,nan,nan,nan,,nan,0,nan,nan,nan,INITIALIZING,0.0,0.0,0.0,16.876514878177485,0,0,0,0.0,0.0,1.0,0,0,0,0,23,5,0
3450,329.58020064100003,254.3609878540039,8.844725036621094,208.87802429199218,464.6105499267578,254.3609878540039,8.844725036621094,208.87802429199218,464.6105499267578,nan,nan,nan,nan,,nan,0,nan,nan,nan,INITIALIZING,0.0,0.0,0.0,27.96500973242992,0,0,0,0.0,0.0,1.0,0,0,0,0,23,5,0
3451,329.6097302920001,254.3609878540039,8.844725036621094,208.87802429199218,464.6105499267578,254.3609878540039,8.844725036621094,208.87802429199218,464.6105499267578,nan,nan,nan,nan,,nan,0,nan,nan,nan,INITIALIZING,0.0,0.0,0.0,33.86426747804941,0,0,0,0.0,0.0,1.0,0,0,0,0,23,5,0
3452,329.6461063570001,254.3609878540039,8.844725036621094,208.87802429199218,464.6105499267578,254.3609878540039,8.844725036621094,208.87802429199218,464.6105499267578,nan,nan,nan,nan,,nan,0,nan,nan,nan,INITIALIZING,0.0,0.0,0.0,27.490604055156584,0,0,0,0.0,0.0,1.0,0,0,0,0,23,5,0
3453,329.69403912199994,254.3609878540039,8.844725036621094,208.87802429199218,464.6105499267578,254.3609878540039,8.844725036621094,208.87802429199218,464.6105499267578,nan,nan,nan,nan,,nan,0,nan,nan,nan,INITIALIZING,0.0,0.0,0.0,20.862556124268647,0,0,0,0.0,0.0,1.0,0,0,0,0,23,5,0
3454,329.75573346700014,254.3609878540039,8.844725036621094,208.87802429199218,464.6105499267578,254.3609878540039,8.844725036621094,208.87802429199218,464.6105499267578,nan,nan,nan,nan,,nan,0,nan,nan,nan,INITIALIZING,0.0,0.0,0.0,16.20894103011662,0,0,0,0.0,0.0,1.0,0,0,0,0,23,5,0
3455,329.7908346150001,254.3609878540039,8.844725036621094,208.87802429199218,464.6105499267578,254.3609878540039,8.844725036621094,208.87802429199218,464.6105499267578,nan,nan,nan,nan,,nan,0,nan,nan,nan,INITIALIZING,0.0,0.0,0.0,28.48909670991217,0,0,0,0.0,0.0,1.0,0,0,0,0,23,5,0
3456,329.82142016800015,254.3609878540039,8.844725036621094,208.87802429199218,464.6105499267578,254.3609878540039,8.844725036621094,208.87802429199218,464.6105499267578,nan,nan,nan,nan,,nan,0,nan,nan,nan,INITIALIZING,0.0,0.0,0.0,32.69517474471638,0,0,0,0.0,0.0,1.0,0,0,0,0,23,5,0
3457,329.852497709,254.3609878540039,8.844725036621094,208.87802429199218,464.6105499267578,254.3609878540039,8.844725036621094,208.87802429199218,464.6105499267578,nan,nan,nan,nan,,nan,0,nan,nan,nan,INITIALIZING,0.0,0.0,0.0,32.17757801382758,0,0,0,0.0,0.0,1.0,0,0,0,0,23,5,0
3458,329.88636404600004,254.3609878540039,8.844725036621094,208.87802429199218,464.6105499267578,254.3609878540039,8.844725036621094,208.87802429199218,464.6105499267578,nan,nan,nan,nan,,nan,0,nan,nan,nan,INITIALIZING,0.0,0.0,0.0,29.527846486560847,0,0,0,0.0,0.0,1.0,0,0,0,0,23,5,0
3459,329.9255932300001,254.3609878540039,8.844725036621094,208.87802429199218,464.6105499267578,254.3609878540039,8.844725036621094,208.87802429199218,464.6105499267578,nan,nan,nan,nan,,nan,0,nan,nan,nan,INITIALIZING,0.0,0.0,0.0,25.491226123847266,0,0,0,0.0,0.0,1.0,0,0,0,0,23,5,0
3460,329.9663476480001,254.3609878540039,8.844725036621094,208.87802429199218,464.6105499267578,254.3609878540039,8.844725036621094,208.87802429199218,464.6105499267578,nan,nan,nan,nan,,nan,0,nan,nan,nan,INITIALIZING,0.0,0.0,0.0,24.537217044784082,0,0,0,0.0,0.0,1.0,0,0,0,0,23,5,0
3461,329.99846812299995,254.3609878540039,8.844725036621094,208.87802429199218,464.6105499267578,254.3609878540039,8.844725036621094,208.87802429199218,464.6105499267578,nan,nan,nan,nan,,nan,0,nan,nan,nan,INITIALIZING,0.0,0.0,0.0,31.13278991065145,0,0,0,0.0,0.0,1.0,0,0,0,0,23,5,0
3462,330.0275232350001,254.3609878540039,8.844725036621094,208.87802429199218,464.6105499267578,254.3609878540039,8.844725036621094,208.87802429199218,464.6105499267578,nan,nan,nan,nan,,nan,0,nan,nan,nan,INITIALIZING,0.0,0.0,0.0,34.4173514111666,0,0,0,0.0,0.0,1.0,0,0,0,0,23,5,0
3463,330.07101019699996,254.3609878540039,8.844725036621094,208.87802429199218,464.6105499267578,254.3609878540039,8.844725036621094,208.87802429199218,464.6105499267578,nan,nan,nan,nan,,nan,0,nan,nan,nan,INITIALIZING,0.0,0.0,0.0,22.995398023048864,0,0,0,0.0,0.0,1.0,0,0,0,0,23,5,0
3464,330.1067869300001,254.3609878540039,8.844725036621094,208.87802429199218,464.6105499267578,254.3609878540039,8.844725036621094,208.87802429199218,464.6105499267578,nan,nan,nan,nan,,nan,0,nan,nan,nan,INITIALIZING,0.0,0.0,0.0,27.951126783875566,0,0,0,0.0,0.0,1.0,0,0,0,0,23,5,0
3465,330.13938449499994,254.3609878540039,8.844725036621094,208.87802429199218,464.6105499267578,254.3609878540039,8.844725036621094,208.87802429199218,464.6105499267578,nan,nan,nan,nan,,nan,0,nan,nan,nan,INITIALIZING,0.0,0.0,0.0,30.67713800110937,0,0,0,0.0,0.0,1.0,0,0,0,0,23,5,0
3466,330.18548723000015,254.3609878540039,8.844725036621094,208.87802429199218,464.6105499267578,254.3609878540039,8.844725036621094,208.87802429199218,464.6105499267578,nan,nan,nan,nan,,nan,0,nan,nan,nan,INITIALIZING,0.0,0.0,0.0,21.69068711423677,0,0,0,0.0,0.0,1.0,0,0,0,0,23,5,0
3467,330.231794552,254.3609878540039,8.844725036621094,208.87802429199218,464.6105499267578,254.3609878540039,8.844725036621094,208.87802429199218,464.6105499267578,nan,nan,nan,nan,,nan,0,nan,nan,nan,INITIALIZING,0.0,0.0,0.0,21.59485707256592,0,0,0,0.0,0.0,1.0,0,0,0,0,23,5,0
3468,330.26127508699994,254.3609878540039,8.844725036621094,208.87802429199218,464.6105499267578,254.3609878540039,8.844725036621094,208.87802429199218,464.6105499267578,nan,nan,nan,nan,,nan,0,nan,nan,nan,INITIALIZING,0.0,0.0,0.0,33.920686988949456,0,0,0,0.0,0.0,1.0,0,0,0,0,23,5,0
3469,330.3545052610001,247.8305206298828,9.194732666015625,208.87802124023438,464.61053466796875,247.8305206298828,9.194732666015625,208.87802124023438,464.61053466796875,nan,nan,nan,nan,0.5462290644645691,nan,0,nan,nan,nan,TRACKING,0.06103183300001547,0.0,0.8634469150001678,10.726141088166786,0,0,0,6.539841136811043,0.008174801421013804,1.0000000474523467,0,0,0,0,23,5,0
3470,330.431573295,248.0609893798828,9.194732666015625,208.87802124023438,464.61053466796875,248.0609893798828,9.194732666015625,208.87802124023438,464.61053466796875,nan,nan,nan,nan,0.5144472718238831,nan,0,nan,nan,nan,TRACKING,0.05218257399997128,0.0,0.0,12.975548331763806,0,0,0,0.23046875,0.0002880859375,1.0,0,0,0,0,23,5,0
3471,330.52349641600006,248.0609893798828,9.194732666015625,208.87802124023438,464.61053466796875,248.0609893798828,9.194732666015625,208.87802124023438,464.61053466796875,nan,nan,nan,nan,0.516675591468811,nan,0,nan,nan,nan,TRACKING,0.06864841700007673,0.0,0.0,10.878655871569094,0,0,0,0.0,0.0,1.0,0,0,0,0,23,5,0
3472,330.865240924,248.0609893798828,9.194732666015625,208.87802124023438,464.61053466796875,195.0,224.0,125.0,256.0,195.0,224.0,125.0,256.0,0.4886215627193451,0.765709,1,0.16178754899818312,0.18215399563281615,3.0327165352753944,REINITIALIZING,0.04839204300014899,0.26865565299999616,0.0,2.9261626056628094,1,0,0,0.0,0.0,1.0,0,0,0,0,23,6,0
3473,330.90101145799997,195.0,224.0,125.0,256.0,195.0,224.0,125.0,256.0,nan,nan,nan,nan,,nan,0,nan,nan,nan,INITIALIZING,0.0,0.0,0.0,27.95597068805771,0,0,0,0.0,0.0,1.0,0,0,0,0,23,6,0
3474,330.9666030540001,195.0,224.0,125.0,256.0,195.0,224.0,125.0,256.0,nan,nan,nan,nan,,nan,0,nan,nan,nan,INITIALIZING,0.0,0.0,0.0,15.245855581840333,0,0,0,0.0,0.0,1.0,0,0,0,0,23,6,0
3475,331.00190274700014,195.0,224.0,125.0,256.0,195.0,224.0,125.0,256.0,nan,nan,nan,nan,,nan,0,nan,nan,nan,INITIALIZING,0.0,0.0,0.0,28.32885827075091,0,0,0,0.0,0.0,1.0,0,0,0,0,23,6,0
3476,331.0343941130001,195.0,224.0,125.0,256.0,195.0,224.0,125.0,256.0,nan,nan,nan,nan,,nan,0,nan,nan,nan,INITIALIZING,0.0,0.0,0.0,30.777407142627407,0,0,0,0.0,0.0,1.0,0,0,0,0,23,6,0
3477,331.06182747900004,195.0,224.0,125.0,256.0,195.0,224.0,125.0,256.0,nan,nan,nan,nan,,nan,0,nan,nan,nan,INITIALIZING,0.0,0.0,0.0,36.45196145457152,0,0,0,0.0,0.0,1.0,0,0,0,0,23,6,0
3478,331.09949705500014,195.0,224.0,125.0,256.0,195.0,224.0,125.0,256.0,nan,nan,nan,nan,,nan,0,nan,nan,nan,INITIALIZING,0.0,0.0,0.0,26.546622133399808,0,0,0,0.0,0.0,1.0,0,0,0,0,23,6,0
3479,331.1383539940001,195.0,224.0,125.0,256.0,195.0,224.0,125.0,256.0,nan,nan,nan,nan,,nan,0,nan,nan,nan,INITIALIZING,0.0,0.0,0.0,25.735429134054183,0,0,0,0.0,0.0,1.0,0,0,0,0,23,6,0
3480,331.20701840000004,195.0,224.0,125.0,256.0,195.0,224.0,125.0,256.0,nan,nan,nan,nan,,nan,0,nan,nan,nan,INITIALIZING,0.0,0.0,0.0,14.563586263326709,0,0,0,0.0,0.0,1.0,0,0,0,0,23,6,0
3481,331.2446835490001,195.0,224.0,125.0,256.0,195.0,224.0,125.0,256.0,nan,nan,nan,nan,,nan,0,nan,nan,nan,INITIALIZING,0.0,0.0,0.0,26.54974230947451,0,0,0,0.0,0.0,1.0,0,0,0,0,23,6,0
3482,331.27286041700006,195.0,224.0,125.0,256.0,195.0,224.0,125.0,256.0,nan,nan,nan,nan,,nan,0,nan,nan,nan,INITIALIZING,0.0,0.0,0.0,35.490104861971176,0,0,0,0.0,0.0,1.0,0,0,0,0,23,6,0
3483,331.302533038,195.0,224.0,125.0,256.0,195.0,224.0,125.0,256.0,nan,nan,nan,nan,,nan,0,nan,nan,nan,INITIALIZING,0.0,0.0,0.0,33.701101092578526,0,0,0,0.0,0.0,1.0,0,0,0,0,23,6,0
3484,331.33925577599996,195.0,224.0,125.0,256.0,195.0,224.0,125.0,256.0,nan,nan,nan,nan,,nan,0,nan,nan,nan,INITIALIZING,0.0,0.0,0.0,27.231085002445468,0,0,0,0.0,0.0,1.0,0,0,0,0,23,6,0
3485,331.374644376,195.0,224.0,125.0,256.0,195.0,224.0,125.0,256.0,nan,nan,nan,nan,,nan,0,nan,nan,nan,INITIALIZING,0.0,0.0,0.0,28.25768750385911,0,0,0,0.0,0.0,1.0,0,0,0,0,23,6,0
3486,331.406096454,195.0,224.0,125.0,256.0,195.0,224.0,125.0,256.0,nan,nan,nan,nan,,nan,0,nan,nan,nan,INITIALIZING,0.0,0.0,0.0,31.794401629013716,0,0,0,0.0,0.0,1.0,0,0,0,0,23,6,0
3487,331.441978188,195.0,224.0,125.0,256.0,195.0,224.0,125.0,256.0,nan,nan,nan,nan,,nan,0,nan,nan,nan,INITIALIZING,0.0,0.0,0.0,27.86933318218098,0,0,0,0.0,0.0,1.0,0,0,0,0,23,6,0
3488,331.47927801799995,195.0,224.0,125.0,256.0,195.0,224.0,125.0,256.0,nan,nan,nan,nan,,nan,0,nan,nan,nan,INITIALIZING,0.0,0.0,0.0,26.8097736638923,0,0,0,0.0,0.0,1.0,0,0,0,0,23,6,0
3489,331.5088025640001,195.0,224.0,125.0,256.0,195.0,224.0,125.0,256.0,nan,nan,nan,nan,,nan,0,nan,nan,nan,INITIALIZING,0.0,0.0,0.0,33.8701228460572,0,0,0,0.0,0.0,1.0,0,0,0,0,23,6,0
3490,331.538666283,195.0,224.0,125.0,256.0,195.0,224.0,125.0,256.0,nan,nan,nan,nan,,nan,0,nan,nan,nan,INITIALIZING,0.0,0.0,0.0,33.485447676631075,0,0,0,0.0,0.0,1.0,0,0,0,0,23,6,0
3491,331.57271470600006,195.0,224.0,125.0,256.0,195.0,224.0,125.0,256.0,nan,nan,nan,nan,,nan,0,nan,nan,nan,INITIALIZING,0.0,0.0,0.0,29.36993587040096,0,0,0,0.0,0.0,1.0,0,0,0,0,23,6,0
3492,331.60780814500015,195.0,224.0,125.0,256.0,195.0,224.0,125.0,256.0,nan,nan,nan,nan,,nan,0,nan,nan,nan,INITIALIZING,0.0,0.0,0.0,28.495354929374415,0,0,0,0.0,0.0,1.0,0,0,0,0,23,6,0
3493,331.66944780100005,195.0,224.0,125.0,256.0,195.0,224.0,125.0,256.0,nan,nan,nan,nan,,nan,0,nan,nan,nan,INITIALIZING,0.0,0.0,0.0,16.223322206757004,0,0,0,0.0,0.0,1.0,0,0,0,0,23,6,0
3494,331.99568095999996,144.91207885742188,224.5,125.00000762939453,256.0,109.0,30.0,167.0,449.0,109.0,30.0,167.0,449.0,0.4689513146877289,0.998017,1,0.4232046073504595,0.12391006195031715,2.3432186069812864,REINITIALIZING,0.0745791909998843,0.21101330099986626,0.8187559699999838,3.0652923297728587,1,0,0,50.09041287756199,0.06261301609695248,1.0000000610351563,0,0,0,0,23,7,0
3495,332.04261688500003,109.0,30.0,167.0,449.0,109.0,30.0,167.0,449.0,nan,nan,nan,nan,,nan,0,nan,nan,nan,INITIALIZING,0.0,0.0,0.0,21.305641680620834,0,0,0,0.0,0.0,1.0,0,0,0,0,23,7,0
3496,332.0882491430001,109.0,30.0,167.0,449.0,109.0,30.0,167.0,449.0,nan,nan,nan,nan,,nan,0,nan,nan,nan,INITIALIZING,0.0,0.0,0.0,21.91432210079311,0,0,0,0.0,0.0,1.0,0,0,0,0,23,7,0
3497,332.120506287,109.0,30.0,167.0,449.0,109.0,30.0,167.0,449.0,nan,nan,nan,nan,,nan,0,nan,nan,nan,INITIALIZING,0.0,0.0,0.0,31.000884641327012,0,0,0,0.0,0.0,1.0,0,0,0,0,23,7,0
3498,332.144614702,109.0,30.0,167.0,449.0,109.0,30.0,167.0,449.0,nan,nan,nan,nan,,nan,0,nan,nan,nan,INITIALIZING,0.0,0.0,0.0,41.479292603847036,0,0,0,0.0,0.0,1.0,0,0,0,0,23,7,0
3499,332.17029736300003,109.0,30.0,167.0,449.0,109.0,30.0,167.0,449.0,nan,nan,nan,nan,,nan,0,nan,nan,nan,INITIALIZING,0.0,0.0,0.0,38.936775281940726,0,0,0,0.0,0.0,1.0,0,0,0,0,23,7,0
3500,332.1961844010001,109.0,30.0,167.0,449.0,109.0,30.0,167.0,449.0,nan,nan,nan,nan,,nan,0,nan,nan,nan,INITIALIZING,0.0,0.0,0.0,38.62937119331735,0,0,0,0.0,0.0,1.0,0,0,0,0,23,7,0
3501,332.22970036699996,109.0,30.0,167.0,449.0,109.0,30.0,167.0,449.0,nan,nan,nan,nan,,nan,0,nan,nan,nan,INITIALIZING,0.0,0.0,0.0,29.83652626941848,0,0,0,0.0,0.0,1.0,0,0,0,0,23,7,0
3502,332.26806162100013,109.0,30.0,167.0,449.0,109.0,30.0,167.0,449.0,nan,nan,nan,nan,,nan,0,nan,nan,nan,INITIALIZING,0.0,0.0,0.0,26.067969519341027,0,0,0,0.0,0.0,1.0,0,0,0,0,23,7,0
3503,332.30403153300006,109.0,30.0,167.0,449.0,109.0,30.0,167.0,449.0,nan,nan,nan,nan,,nan,0,nan,nan,nan,INITIALIZING,0.0,0.0,0.0,27.801013246905068,0,0,0,0.0,0.0,1.0,0,0,0,0,23,7,0
3504,332.33831167799997,109.0,30.0,167.0,449.0,109.0,30.0,167.0,449.0,nan,nan,nan,nan,,nan,0,nan,nan,nan,INITIALIZING,0.0,0.0,0.0,29.171405196873632,0,0,0,0.0,0.0,1.0,0,0,0,0,23,7,0
3505,332.36626046899994,109.0,30.0,167.0,449.0,109.0,30.0,167.0,449.0,nan,nan,nan,nan,,nan,0,nan,nan,nan,INITIALIZING,0.0,0.0,0.0,35.77972299413652,0,0,0,0.0,0.0,1.0,0,0,0,0,23,7,0
3506,332.401240261,109.0,30.0,167.0,449.0,109.0,30.0,167.0,449.0,nan,nan,nan,nan,,nan,0,nan,nan,nan,INITIALIZING,0.0,0.0,0.0,28.58793442792151,0,0,0,0.0,0.0,1.0,0,0,0,0,23,7,0
3507,332.4356224910001,109.0,30.0,167.0,449.0,109.0,30.0,167.0,449.0,nan,nan,nan,nan,,nan,0,nan,nan,nan,INITIALIZING,0.0,0.0,0.0,29.084791765878187,0,0,0,0.0,0.0,1.0,0,0,0,0,23,7,0
3508,332.468024012,109.0,30.0,167.0,449.0,109.0,30.0,167.0,449.0,nan,nan,nan,nan,,nan,0,nan,nan,nan,INITIALIZING,0.0,0.0,0.0,30.862748696383722,0,0,0,0.0,0.0,1.0,0,0,0,0,23,7,0
3509,332.51042757100015,109.0,30.0,167.0,449.0,109.0,30.0,167.0,449.0,nan,nan,nan,nan,,nan,0,nan,nan,nan,INITIALIZING,0.0,0.0,0.0,23.58292614062124,0,0,0,0.0,0.0,1.0,0,0,0,0,23,7,0
3510,332.5674306930001,109.0,30.0,167.0,449.0,109.0,30.0,167.0,449.0,nan,nan,nan,nan,,nan,0,nan,nan,nan,INITIALIZING,0.0,0.0,0.0,17.542898790710815,0,0,0,0.0,0.0,1.0,0,0,0,0,23,7,0
3511,332.60168172300007,109.0,30.0,167.0,449.0,109.0,30.0,167.0,449.0,nan,nan,nan,nan,,nan,0,nan,nan,nan,INITIALIZING,0.0,0.0,0.0,29.19620227483524,0,0,0,0.0,0.0,1.0,0,0,0,0,23,7,0
3512,332.6356723320001,109.0,30.0,167.0,449.0,109.0,30.0,167.0,449.0,nan,nan,nan,nan,,nan,0,nan,nan,nan,INITIALIZING,0.0,0.0,0.0,29.419890652689663,0,0,0,0.0,0.0,1.0,0,0,0,0,23,7,0
3513,332.67141609399994,109.0,30.0,167.0,449.0,109.0,30.0,167.0,449.0,nan,nan,nan,nan,,nan,0,nan,nan,nan,INITIALIZING,0.0,0.0,0.0,27.97690964944571,0,0,0,0.0,0.0,1.0,0,0,0,0,23,7,0
3514,332.71879728700003,109.0,30.0,167.0,449.0,109.0,30.0,167.0,449.0,nan,nan,nan,nan,,nan,0,nan,nan,nan,INITIALIZING,0.0,0.0,0.0,21.10542045655241,0,0,0,0.0,0.0,1.0,0,0,0,0,23,7,0
3515,332.77723756800003,109.0,30.0,167.0,449.0,109.0,30.0,167.0,449.0,nan,nan,nan,nan,,nan,0,nan,nan,nan,INITIALIZING,0.0,0.0,0.0,17.1114851415576,0,0,0,0.0,0.0,1.0,0,0,0,0,23,7,0
3516,332.8036649280001,109.0,30.0,167.0,449.0,109.0,30.0,167.0,449.0,nan,nan,nan,nan,,nan,0,nan,nan,nan,INITIALIZING,0.0,0.0,0.0,37.83957232191667,0,0,0,0.0,0.0,1.0,0,0,0,0,23,7,0
3517,332.9151816510001,103.52339172363281,30.0,167.0,449.0,103.52339172363281,30.0,167.0,449.0,nan,nan,nan,nan,0.6479709148406982,nan,0,nan,nan,nan,TRACKING,0.06800413500013747,0.0,0.842082806999997,8.96726493657636,0,0,0,5.4766082763671875,0.0068457603454589845,1.0,0,0,0,0,23,7,0
3518,333.01836933100014,104.0,30.0,167.0,449.0,104.0,30.0,167.0,449.0,nan,nan,nan,nan,0.6579199433326721,nan,0,nan,nan,nan,TRACKING,0.04958800000008523,0.0,0.0,9.691079400174662,0,0,0,0.4766082763671875,0.0005957603454589844,1.0,0,0,0,0,23,7,0
3519,333.09827215100006,104.0,30.0,167.0,449.0,104.0,30.0,167.0,449.0,nan,nan,nan,nan,0.7038971185684204,nan,0,nan,nan,nan,TRACKING,0.05625764000001254,0.0,0.0,12.515202842666323,0,0,0,0.0,0.0,1.0,0,0,0,0,23,7,0
3520,333.16456563200006,104.0,30.0,167.0,449.0,104.0,30.0,167.0,449.0,nan,nan,nan,nan,0.7100801467895508,nan,0,nan,nan,nan,TRACKING,0.04360498500000176,0.0,0.0,15.084439448879797,0,0,0,0.0,0.0,1.0,0,0,0,0,23,7,0
3521,333.232617945,104.0,30.0,167.0,449.0,104.0,30.0,167.0,449.0,nan,nan,nan,nan,0.7079875469207764,nan,0,nan,nan,nan,TRACKING,0.044482552000090436,0.0,0.0,14.694577684680503,0,0,0,0.0,0.0,1.0,0,0,0,0,23,7,0
3522,333.323490528,109.47660827636719,30.0,167.0,449.0,109.47660827636719,30.0,167.0,449.0,nan,nan,nan,nan,0.7154384851455688,nan,0,nan,nan,nan,TRACKING,0.06083667399980186,0.0,0.0,11.004419231710372,0,0,0,5.4766082763671875,0.0068457603454589845,1.0,0,0,0,0,23,7,0
3523,333.3957416070001,109.0,30.0,167.0,449.0,109.0,30.0,167.0,449.0,nan,nan,nan,nan,0.7185777425765991,nan,0,nan,nan,nan,TRACKING,0.04685936100008803,0.0,0.0,13.840623750383957,0,0,0,0.4766082763671875,0.0005957603454589844,1.0,0,0,0,0,23,7,0
3524,333.47261979300004,109.0,30.0,167.0,449.0,109.0,30.0,167.0,449.0,nan,nan,nan,nan,0.7088475823402405,nan,0,nan,nan,nan,TRACKING,0.0454030870000679,0.0,0.0,13.007590995980319,0,0,0,0.0,0.0,1.0,0,0,0,0,23,7,0
3525,333.73577785400005,109.0,30.0,167.0,449.0,109.0,30.0,167.0,449.0,128.0,31.0,166.0,449.0,0.7118996381759644,0.996757,1,0.7967985771453979,0.02315875914206113,1.0060240963855422,DETECTOR_CONFIRMED,0.058387779999975464,0.1805025400001341,0.0,3.7999975991613315,0,0,0,0.0,0.0,1.0,0,0,0,0,23,7,0
3526,333.81477576300006,109.0,30.0,167.0,449.0,109.0,30.0,167.0,449.0,nan,nan,nan,nan,0.6959768533706665,nan,0,nan,nan,nan,TRACKING,0.046852276999970854,0.0,0.0,12.658562899429256,0,0,0,0.0,0.0,1.0,0,0,0,0,23,7,0
3527,333.88252343500005,109.0,30.0,167.0,449.0,109.0,30.0,167.0,449.0,nan,nan,nan,nan,0.6679189801216125,nan,0,nan,nan,nan,TRACKING,0.041258488000039506,0.0,0.0,14.760654801541534,0,0,0,0.0,0.0,1.0,0,0,0,0,23,7,0
3528,333.951640141,109.0,30.0,167.0,449.0,109.0,30.0,167.0,449.0,nan,nan,nan,nan,0.6707101464271545,nan,0,nan,nan,nan,TRACKING,0.04209589800007052,0.0,0.0,14.468282096675583,0,0,0,0.0,0.0,1.0,0,0,0,0,23,7,0
3529,334.03003105999994,114.47660827636719,30.0,167.0,449.0,114.47660827636719,30.0,167.0,449.0,nan,nan,nan,nan,0.6662066578865051,nan,0,nan,nan,nan,TRACKING,0.05206324899995707,0.0,0.0,12.756579623725807,0,0,0,5.4766082763671875,0.0068457603454589845,1.0,0,0,0,0,23,7,0
3530,334.099821422,114.0,30.0,167.0,449.0,114.0,30.0,167.0,449.0,nan,nan,nan,nan,0.6597834825515747,nan,0,nan,nan,nan,TRACKING,0.04579773000000387,0.0,0.0,14.328626064431363,0,0,0,0.4766082763671875,0.0005957603454589844,1.0,0,0,0,0,23,7,0
3531,334.16686361400014,114.0,30.0,167.0,449.0,114.0,30.0,167.0,449.0,nan,nan,nan,nan,0.6431750655174255,nan,0,nan,nan,nan,TRACKING,0.043414045000190526,0.0,0.0,14.915980074127718,0,0,0,0.0,0.0,1.0,0,0,0,0,23,7,0
3532,334.24197448000007,114.0,30.0,167.0,449.0,114.0,30.0,167.0,449.0,nan,nan,nan,nan,0.6536161303520203,nan,0,nan,nan,nan,TRACKING,0.049989985999900455,0.0,0.0,13.31365291409246,0,0,0,0.0,0.0,1.0,0,0,0,0,23,7,0
3533,334.325264229,114.0,30.0,167.0,449.0,114.0,30.0,167.0,449.0,nan,nan,nan,nan,0.6448748707771301,nan,0,nan,nan,nan,TRACKING,0.05595711400019354,0.0,0.0,12.00627942822214,0,0,0,0.0,0.0,1.0,0,0,0,0,23,7,0
3534,334.40326024600006,114.0,30.0,167.0,449.0,114.0,30.0,167.0,449.0,nan,nan,nan,nan,0.6424573659896851,nan,0,nan,nan,nan,TRACKING,0.05034264699997948,0.0,0.0,12.821167521920854,0,0,0,0.0,0.0,1.0,0,0,0,0,23,7,0
3535,334.4778640200001,114.0,30.0,167.0,449.0,114.0,30.0,167.0,449.0,nan,nan,nan,nan,0.6396742463111877,nan,0,nan,nan,nan,TRACKING,0.051232402000096045,0.0,0.0,13.404147623948203,0,0,0,0.0,0.0,1.0,0,0,0,0,23,7,0
3536,334.55671192600005,114.0,30.0,167.0,449.0,114.0,30.0,167.0,449.0,nan,nan,nan,nan,0.6064548492431641,nan,0,nan,nan,nan,TRACKING,0.055306061999999656,0.0,0.0,12.682644989969045,0,0,0,0.0,0.0,1.0,0,0,0,0,23,7,0
3537,334.627998198,114.0,30.0,167.0,449.0,114.0,30.0,167.0,449.0,nan,nan,nan,nan,0.5963994264602661,nan,0,nan,nan,nan,TRACKING,0.04753187300002537,0.0,0.0,14.02794636252927,0,0,0,0.0,0.0,1.0,0,0,0,0,23,7,0
3538,334.6941181870001,114.0,30.0,167.0,449.0,114.0,30.0,167.0,449.0,nan,nan,nan,nan,0.6027582883834839,nan,0,nan,nan,nan,TRACKING,0.04353206699988732,0.0,0.0,15.124019454977772,0,0,0,0.0,0.0,1.0,0,0,0,0,23,7,0
3539,334.77433523,114.0,30.0,167.0,449.0,114.0,30.0,167.0,449.0,nan,nan,nan,nan,0.5981409549713135,nan,0,nan,nan,nan,TRACKING,0.057230989000117916,0.0,0.0,12.466178789470595,0,0,0,0.0,0.0,1.0,0,0,0,0,23,7,0
3540,335.18537180600003,114.0,30.0,167.0,449.0,114.0,30.0,167.0,449.0,nan,nan,nan,nan,0.5883324146270752,nan,0,nan,nan,nan,SUSPECTED_LOST,0.06775907899987033,0.312908249999964,0.0,2.4328735163460578,0,0,0,0.0,0.0,1.0,0,0,0,0,23,7,0
3541,335.31058406499994,114.0,30.0,167.0,449.0,114.0,30.0,167.0,449.0,nan,nan,nan,nan,0.5781532526016235,nan,0,nan,nan,nan,TRACKING,0.10184401099991192,0.0,0.0,7.986438452489921,0,0,0,0.0,0.0,1.0,0,0,0,0,23,7,0
3542,335.380714067,119.47660827636719,30.0,167.0,449.0,119.47660827636719,30.0,167.0,449.0,nan,nan,nan,nan,0.5851536989212036,nan,0,nan,nan,nan,TRACKING,0.04704321799999889,0.0,0.0,14.25923244661258,0,0,0,5.4766082763671875,0.0068457603454589845,1.0,0,0,0,0,23,7,0
3543,335.44676139900014,119.0,30.0,167.0,449.0,119.0,30.0,167.0,449.0,nan,nan,nan,nan,0.5894912481307983,nan,0,nan,nan,nan,TRACKING,0.04071316700014904,0.0,0.0,15.140657006367572,0,0,0,0.4766082763671875,0.0005957603454589844,1.0,0,0,0,0,23,7,0
3544,335.518901539,119.0,30.0,167.0,449.0,119.0,30.0,167.0,449.0,nan,nan,nan,nan,0.5792064070701599,nan,0,nan,nan,nan,TRACKING,0.04627482000000782,0.0,0.0,13.861908224765664,0,0,0,0.0,0.0,1.0,0,0,0,0,23,7,0
3545,335.59048364800003,119.0,30.0,167.0,449.0,119.0,30.0,167.0,449.0,nan,nan,nan,nan,0.5797572135925293,nan,0,nan,nan,nan,TRACKING,0.044077022999999826,0.0,0.0,13.969971183717623,0,0,0,0.0,0.0,1.0,0,0,0,0,23,7,0
3546,335.65731354499997,119.0,30.0,167.0,449.0,119.0,30.0,167.0,449.0,nan,nan,nan,nan,0.5764895677566528,nan,0,nan,nan,nan,TRACKING,0.04288356699998985,0.0,0.0,14.96336287935601,0,0,0,0.0,0.0,1.0,0,0,0,0,23,7,0
3547,335.727053385,119.0,30.0,167.0,449.0,119.0,30.0,167.0,449.0,nan,nan,nan,nan,0.5760846138000488,nan,0,nan,nan,nan,TRACKING,0.04556064200005494,0.0,0.0,14.339006226567781,0,0,0,0.0,0.0,1.0,0,0,0,0,23,7,0
3548,335.8060980650001,113.52339172363281,30.0,167.0,449.0,113.52339172363281,30.0,167.0,449.0,nan,nan,nan,nan,0.5744853615760803,nan,0,nan,nan,nan,TRACKING,0.051558865000060905,0.0,0.0,12.651072785645775,0,0,0,5.4766082763671875,0.0068457603454589845,1.0,0,0,0,0,23,7,0
3549,335.8915321200001,119.47660827636719,30.0,167.0,449.0,119.47660827636719,30.0,167.0,449.0,nan,nan,nan,nan,0.5430708527565002,nan,0,nan,nan,nan,TRACKING,0.06200174400009928,0.0,0.0,11.704934291139267,0,0,0,5.953216552734375,0.007441520690917969,1.0,0,0,0,0,23,7,0
3550,335.98745447199997,113.52339172363281,35.476593017578125,167.0,449.0,113.52339172363281,35.476593017578125,167.0,449.0,nan,nan,nan,nan,0.5481259226799011,nan,0,nan,nan,nan,TRACKING,0.07271926300018094,0.0,0.0,10.42509883411909,0,0,0,8.089119754579977,0.010111399693224972,1.0,0,0,0,0,23,7,0
3551,336.27700285899994,119.47660827636719,35.0,167.0,449.0,119.47660827636719,35.0,167.0,449.0,nan,nan,nan,nan,0.4974801242351532,nan,0,nan,nan,nan,SUSPECTED_LOST,0.06732563399987157,0.19928847200003474,0.0,3.4536541901029847,1,0,0,5.97226324169948,0.00746532905212435,1.0,0,0,0,0,23,7,0
3552,336.58080861500014,113.52339172363281,35.0,167.0,449.0,113.52339172363281,35.0,167.0,449.0,nan,nan,nan,nan,0.4762929677963257,nan,0,nan,nan,nan,SUSPECTED_LOST,0.057250103999876956,0.21538654699998006,0.0,3.2915768718988203,1,0,0,5.953216552734375,0.007441520690917969,1.0,0,0,0,0,23,7,0
3553,336.8759291760001,114.0,35.0,167.0,449.0,195.25,20.700000000000003,152.7,459.4,239.0,13.0,145.0,465.0,0.471057265996933,0.990736,1,0.15028836367748502,0.1435705401536123,1.1120949202817947,SOFT_REINITIALIZING,0.05545544000005975,0.2062988980001137,0.0,3.3884457138859974,1,0,0,0.4766082763671875,0.0005957603454589844,1.0,0,0,0,0,24,7,0
3554,336.898938511,195.25,20.700000000000003,152.7,459.4,195.25,20.700000000000003,152.7,459.4,nan,nan,nan,nan,,nan,0,nan,nan,nan,INITIALIZING,0.0,0.0,0.0,43.46062152624853,0,0,0,0.0,0.0,1.0,0,0,0,0,24,7,0
3555,336.923776105,195.25,20.700000000000003,152.7,459.4,195.25,20.700000000000003,152.7,459.4,nan,nan,nan,nan,,nan,0,nan,nan,nan,INITIALIZING,0.0,0.0,0.0,40.2615486829862,0,0,0,0.0,0.0,1.0,0,0,0,0,24,7,0
3556,336.9536415420001,195.25,20.700000000000003,152.7,459.4,195.25,20.700000000000003,152.7,459.4,nan,nan,nan,nan,,nan,0,nan,nan,nan,INITIALIZING,0.0,0.0,0.0,33.48352143636085,0,0,0,0.0,0.0,1.0,0,0,0,0,24,7,0
3557,336.98978812300004,195.25,20.700000000000003,152.7,459.4,195.25,20.700000000000003,152.7,459.4,nan,nan,nan,nan,,nan,0,nan,nan,nan,INITIALIZING,0.0,0.0,0.0,27.66513380622199,0,0,0,0.0,0.0,1.0,0,0,0,0,24,7,0
3558,337.015263228,195.25,20.700000000000003,152.7,459.4,195.25,20.700000000000003,152.7,459.4,nan,nan,nan,nan,,nan,0,nan,nan,nan,INITIALIZING,0.0,0.0,0.0,39.25400896295828,0,0,0,0.0,0.0,1.0,0,0,0,0,24,7,0
3559,337.04435844400007,195.25,20.700000000000003,152.7,459.4,195.25,20.700000000000003,152.7,459.4,nan,nan,nan,nan,,nan,0,nan,nan,nan,INITIALIZING,0.0,0.0,0.0,34.369911534494506,0,0,0,0.0,0.0,1.0,0,0,0,0,24,7,0
3560,337.07615136000015,195.25,20.700000000000003,152.7,459.4,195.25,20.700000000000003,152.7,459.4,nan,nan,nan,nan,,nan,0,nan,nan,nan,INITIALIZING,0.0,0.0,0.0,31.453547702176817,0,0,0,0.0,0.0,1.0,0,0,0,0,24,7,0
3561,337.11039077500016,195.25,20.700000000000003,152.7,459.4,195.25,20.700000000000003,152.7,459.4,nan,nan,nan,nan,,nan,0,nan,nan,nan,INITIALIZING,0.0,0.0,0.0,29.206106471151642,0,0,0,0.0,0.0,1.0,0,0,0,0,24,7,0
3562,337.15081893700005,195.25,20.700000000000003,152.7,459.4,195.25,20.700000000000003,152.7,459.4,nan,nan,nan,nan,,nan,0,nan,nan,nan,INITIALIZING,0.0,0.0,0.0,24.7352328310774,0,0,0,0.0,0.0,1.0,0,0,0,0,24,7,0
3563,337.1969110450001,195.25,20.700000000000003,152.7,459.4,195.25,20.700000000000003,152.7,459.4,nan,nan,nan,nan,,nan,0,nan,nan,nan,INITIALIZING,0.0,0.0,0.0,21.695688120820062,0,0,0,0.0,0.0,1.0,0,0,0,0,24,7,0
3564,337.2510226600001,195.25,20.700000000000003,152.7,459.4,195.25,20.700000000000003,152.7,459.4,nan,nan,nan,nan,,nan,0,nan,nan,nan,INITIALIZING,0.0,0.0,0.0,18.480320722266413,0,0,0,0.0,0.0,1.0,0,0,0,0,24,7,0
3565,337.31351290200007,195.25,20.700000000000003,152.7,459.4,195.25,20.700000000000003,152.7,459.4,nan,nan,nan,nan,,nan,0,nan,nan,nan,INITIALIZING,0.0,0.0,0.0,16.00249843808456,0,0,0,0.0,0.0,1.0,0,0,0,0,24,7,0
3566,337.34530545400014,195.25,20.700000000000003,152.7,459.4,195.25,20.700000000000003,152.7,459.4,nan,nan,nan,nan,,nan,0,nan,nan,nan,INITIALIZING,0.0,0.0,0.0,31.453907820856937,0,0,0,0.0,0.0,1.0,0,0,0,0,24,7,0
3567,337.37827839,195.25,20.700000000000003,152.7,459.4,195.25,20.700000000000003,152.7,459.4,nan,nan,nan,nan,,nan,0,nan,nan,nan,INITIALIZING,0.0,0.0,0.0,30.327902859621602,0,0,0,0.0,0.0,1.0,0,0,0,0,24,7,0
3568,337.409854636,195.25,20.700000000000003,152.7,459.4,195.25,20.700000000000003,152.7,459.4,nan,nan,nan,nan,,nan,0,nan,nan,nan,INITIALIZING,0.0,0.0,0.0,31.669375770648728,0,0,0,0.0,0.0,1.0,0,0,0,0,24,7,0
3569,337.4444454620001,195.25,20.700000000000003,152.7,459.4,195.25,20.700000000000003,152.7,459.4,nan,nan,nan,nan,,nan,0,nan,nan,nan,INITIALIZING,0.0,0.0,0.0,28.90939927241835,0,0,0,0.0,0.0,1.0,0,0,0,0,24,7,0
3570,337.48565905399994,195.25,20.700000000000003,152.7,459.4,195.25,20.700000000000003,152.7,459.4,nan,nan,nan,nan,,nan,0,nan,nan,nan,INITIALIZING,0.0,0.0,0.0,24.26383994881256,0,0,0,0.0,0.0,1.0,0,0,0,0,24,7,0
3571,337.519944302,195.25,20.700000000000003,152.7,459.4,195.25,20.700000000000003,152.7,459.4,nan,nan,nan,nan,,nan,0,nan,nan,nan,INITIALIZING,0.0,0.0,0.0,29.16706333867689,0,0,0,0.0,0.0,1.0,0,0,0,0,24,7,0
3572,337.5500629730001,195.25,20.700000000000003,152.7,459.4,195.25,20.700000000000003,152.7,459.4,nan,nan,nan,nan,,nan,0,nan,nan,nan,INITIALIZING,0.0,0.0,0.0,33.201996196886526,0,0,0,0.0,0.0,1.0,0,0,0,0,24,7,0
3573,337.58061737900005,195.25,20.700000000000003,152.7,459.4,195.25,20.700000000000003,152.7,459.4,nan,nan,nan,nan,,nan,0,nan,nan,nan,INITIALIZING,0.0,0.0,0.0,32.728504033138606,0,0,0,0.0,0.0,1.0,0,0,0,0,24,7,0
3574,337.63752440400015,195.25,20.700000000000003,152.7,459.4,195.25,20.700000000000003,152.7,459.4,nan,nan,nan,nan,,nan,0,nan,nan,nan,INITIALIZING,0.0,0.0,0.0,17.572522900261163,0,0,0,0.0,0.0,1.0,0,0,0,0,24,7,0
3575,337.9764147960001,269.3105773925781,20.79998779296875,152.6999969482422,459.4000244140625,286.65870208740233,14.429995727539062,169.79499893188478,465.6400085449219,296.0,11.0,179.0,469.0,0.473736435174942,0.859546,1,0.6012641898051282,0.05018994725155733,1.1967290443237617,SOFT_REINITIALIZING,0.06156111199993575,0.22076100999993287,0.8133194609999919,2.9508065840951287,1,0,0,74.06064337897091,0.09257580422371364,1.000000033158049,0,0,0,0,25,7,0
3576,338.01696009499994,286.65870208740233,14.429995727539062,169.79499893188478,465.6400085449219,286.65870208740233,14.429995727539062,169.79499893188478,465.6400085449219,nan,nan,nan,nan,,nan,0,nan,nan,nan,INITIALIZING,0.0,0.0,0.0,24.663771748322006,0,0,0,0.0,0.0,1.0,0,0,0,0,25,7,0
3577,338.04685808400006,286.65870208740233,14.429995727539062,169.79499893188478,465.6400085449219,286.65870208740233,14.429995727539062,169.79499893188478,465.6400085449219,nan,nan,nan,nan,,nan,0,nan,nan,nan,INITIALIZING,0.0,0.0,0.0,33.447065620233296,0,0,0,0.0,0.0,1.0,0,0,0,0,25,7,0
3578,338.07667503100004,286.65870208740233,14.429995727539062,169.79499893188478,465.6400085449219,286.65870208740233,14.429995727539062,169.79499893188478,465.6400085449219,nan,nan,nan,nan,,nan,0,nan,nan,nan,INITIALIZING,0.0,0.0,0.0,33.53797422656776,0,0,0,0.0,0.0,1.0,0,0,0,0,25,7,0
3579,338.1091250410001,286.65870208740233,14.429995727539062,169.79499893188478,465.6400085449219,286.65870208740233,14.429995727539062,169.79499893188478,465.6400085449219,nan,nan,nan,nan,,nan,0,nan,nan,nan,INITIALIZING,0.0,0.0,0.0,30.816631489436457,0,0,0,0.0,0.0,1.0,0,0,0,0,25,7,0
3580,338.14433504400006,286.65870208740233,14.429995727539062,169.79499893188478,465.6400085449219,286.65870208740233,14.429995727539062,169.79499893188478,465.6400085449219,nan,nan,nan,nan,,nan,0,nan,nan,nan,INITIALIZING,0.0,0.0,0.0,28.40102001697413,0,0,0,0.0,0.0,1.0,0,0,0,0,25,7,0
3581,338.17651473800004,286.65870208740233,14.429995727539062,169.79499893188478,465.6400085449219,286.65870208740233,14.429995727539062,169.79499893188478,465.6400085449219,nan,nan,nan,nan,,nan,0,nan,nan,nan,INITIALIZING,0.0,0.0,0.0,31.07549748610619,0,0,0,0.0,0.0,1.0,0,0,0,0,25,7,0
3582,338.489170532,275.355224609375,9.056350708007812,169.7949981689453,465.6400146484375,275.355224609375,9.056350708007812,169.7949981689453,465.6400146484375,nan,nan,nan,nan,0.5833663940429688,nan,0,nan,nan,nan,TRACKING,0.06422511400000985,0.0,0.4463126699999975,3.1984054643814144,0,0,0,12.51577563389329,0.01564471954236661,1.0000000086145011,0,0,0,0,25,7,0
3583,338.560086328,269.9788818359375,8.67999267578125,169.7949981689453,465.6400146484375,269.9788818359375,8.67999267578125,169.7949981689453,465.6400146484375,nan,nan,nan,nan,0.513573408126831,nan,0,nan,nan,nan,TRACKING,0.0487257459999455,0.0,0.0,14.101230704649799,0,0,0,5.389499697181091,0.006736874621476364,1.0,0,0,0,0,25,7,0
3584,338.82672387000014,275.22613525390625,8.67999267578125,169.7949981689453,465.6400146484375,210.7291473388672,8.887997436523438,241.42824935913086,465.87400512695314,176.0,9.0,280.0,466.0,0.49773913621902466,0.991645,1,0.6052737726237337,0.055158083995386756,1.650322273649545,SOFT_REINITIALIZING,0.06967140100005054,0.1710957170000711,0.0,3.7504096103598488,1,0,0,5.24725341796875,0.006559066772460938,1.0,0,0,0,0,26,7,0
3585,338.8562503950001,210.7291473388672,8.887997436523438,241.42824935913086,465.87400512695314,210.7291473388672,8.887997436523438,241.42824935913086,465.87400512695314,nan,nan,nan,nan,,nan,0,nan,nan,nan,INITIALIZING,0.0,0.0,0.0,33.86785271894061,0,0,0,0.0,0.0,1.0,0,0,0,0,26,7,0
3586,338.8933089180001,210.7291473388672,8.887997436523438,241.42824935913086,465.87400512695314,210.7291473388672,8.887997436523438,241.42824935913086,465.87400512695314,nan,nan,nan,nan,,nan,0,nan,nan,nan,INITIALIZING,0.0,0.0,0.0,26.984345814291608,0,0,0,0.0,0.0,1.0,0,0,0,0,26,7,0
3587,338.929377112,210.7291473388672,8.887997436523438,241.42824935913086,465.87400512695314,210.7291473388672,8.887997436523438,241.42824935913086,465.87400512695314,nan,nan,nan,nan,,nan,0,nan,nan,nan,INITIALIZING,0.0,0.0,0.0,27.725258436929003,0,0,0,0.0,0.0,1.0,0,0,0,0,26,7,0
3588,338.95326573299997,210.7291473388672,8.887997436523438,241.42824935913086,465.87400512695314,210.7291473388672,8.887997436523438,241.42824935913086,465.87400512695314,nan,nan,nan,nan,,nan,0,nan,nan,nan,INITIALIZING,0.0,0.0,0.0,41.8609345429061,0,0,0,0.0,0.0,1.0,0,0,0,0,26,7,0
3589,338.982180998,210.7291473388672,8.887997436523438,241.42824935913086,465.87400512695314,210.7291473388672,8.887997436523438,241.42824935913086,465.87400512695314,nan,nan,nan,nan,,nan,0,nan,nan,nan,INITIALIZING,0.0,0.0,0.0,34.58380893272791,0,0,0,0.0,0.0,1.0,0,0,0,0,26,7,0
3590,339.01029895800013,210.7291473388672,8.887997436523438,241.42824935913086,465.87400512695314,210.7291473388672,8.887997436523438,241.42824935913086,465.87400512695314,nan,nan,nan,nan,,nan,0,nan,nan,nan,INITIALIZING,0.0,0.0,0.0,35.56445773430361,0,0,0,0.0,0.0,1.0,0,0,0,0,26,7,0
3591,339.0442482110001,210.7291473388672,8.887997436523438,241.42824935913086,465.87400512695314,210.7291473388672,8.887997436523438,241.42824935913086,465.87400512695314,nan,nan,nan,nan,,nan,0,nan,nan,nan,INITIALIZING,0.0,0.0,0.0,29.455729114322114,0,0,0,0.0,0.0,1.0,0,0,0,0,26,7,0
3592,339.07919920000006,210.7291473388672,8.887997436523438,241.42824935913086,465.87400512695314,210.7291473388672,8.887997436523438,241.42824935913086,465.87400512695314,nan,nan,nan,nan,,nan,0,nan,nan,nan,INITIALIZING,0.0,0.0,0.0,28.6114936547446,0,0,0,0.0,0.0,1.0,0,0,0,0,26,7,0
3593,339.113194548,210.7291473388672,8.887997436523438,241.42824935913086,465.87400512695314,210.7291473388672,8.887997436523438,241.42824935913086,465.87400512695314,nan,nan,nan,nan,,nan,0,nan,nan,nan,INITIALIZING,0.0,0.0,0.0,29.415789478051895,0,0,0,0.0,0.0,1.0,0,0,0,0,26,7,0
3594,339.148483198,210.7291473388672,8.887997436523438,241.42824935913086,465.87400512695314,210.7291473388672,8.887997436523438,241.42824935913086,465.87400512695314,nan,nan,nan,nan,,nan,0,nan,nan,nan,INITIALIZING,0.0,0.0,0.0,28.33772331898364,0,0,0,0.0,0.0,1.0,0,0,0,0,26,7,0
3595,339.181594626,210.7291473388672,8.887997436523438,241.42824935913086,465.87400512695314,210.7291473388672,8.887997436523438,241.42824935913086,465.87400512695314,nan,nan,nan,nan,,nan,0,nan,nan,nan,INITIALIZING,0.0,0.0,0.0,30.201053243626024,0,0,0,0.0,0.0,1.0,0,0,0,0,26,7,0
3596,339.2179920960001,210.7291473388672,8.887997436523438,241.42824935913086,465.87400512695314,210.7291473388672,8.887997436523438,241.42824935913086,465.87400512695314,nan,nan,nan,nan,,nan,0,nan,nan,nan,INITIALIZING,0.0,0.0,0.0,27.47443709678048,0,0,0,0.0,0.0,1.0,0,0,0,0,26,7,0
3597,339.25252469300005,210.7291473388672,8.887997436523438,241.42824935913086,465.87400512695314,210.7291473388672,8.887997436523438,241.42824935913086,465.87400512695314,nan,nan,nan,nan,,nan,0,nan,nan,nan,INITIALIZING,0.0,0.0,0.0,28.958146414571303,0,0,0,0.0,0.0,1.0,0,0,0,0,26,7,0
3598,339.28452568499995,210.7291473388672,8.887997436523438,241.42824935913086,465.87400512695314,210.7291473388672,8.887997436523438,241.42824935913086,465.87400512695314,nan,nan,nan,nan,,nan,0,nan,nan,nan,INITIALIZING,0.0,0.0,0.0,31.249031280134012,0,0,0,0.0,0.0,1.0,0,0,0,0,26,7,0
3599,339.317404088,210.7291473388672,8.887997436523438,241.42824935913086,465.87400512695314,210.7291473388672,8.887997436523438,241.42824935913086,465.87400512695314,nan,nan,nan,nan,,nan,0,nan,nan,nan,INITIALIZING,0.0,0.0,0.0,30.41510258265172,0,0,0,0.0,0.0,1.0,0,0,0,0,26,7,0
3600,339.365329976,210.7291473388672,8.887997436523438,241.42824935913086,465.87400512695314,210.7291473388672,8.887997436523438,241.42824935913086,465.87400512695314,nan,nan,nan,nan,,nan,0,nan,nan,nan,INITIALIZING,0.0,0.0,0.0,20.865549742131336,0,0,0,0.0,0.0,1.0,0,0,0,0,26,7,0
3601,339.41415009800005,210.7291473388672,8.887997436523438,241.42824935913086,465.87400512695314,210.7291473388672,8.887997436523438,241.42824935913086,465.87400512695314,nan,nan,nan,nan,,nan,0,nan,nan,nan,INITIALIZING,0.0,0.0,0.0,20.48335725172781,0,0,0,0.0,0.0,1.0,0,0,0,0,26,7,0
3602,339.44953250000015,210.7291473388672,8.887997436523438,241.42824935913086,465.87400512695314,210.7291473388672,8.887997436523438,241.42824935913086,465.87400512695314,nan,nan,nan,nan,,nan,0,nan,nan,nan,INITIALIZING,0.0,0.0,0.0,28.262637454554266,0,0,0,0.0,0.0,1.0,0,0,0,0,26,7,0
3603,339.486348259,210.7291473388672,8.887997436523438,241.42824935913086,465.87400512695314,210.7291473388672,8.887997436523438,241.42824935913086,465.87400512695314,nan,nan,nan,nan,,nan,0,nan,nan,nan,INITIALIZING,0.0,0.0,0.0,27.162281239500697,0,0,0,0.0,0.0,1.0,0,0,0,0,26,7,0
3604,339.61630585399996,204.0784149169922,8.563003540039062,241.42825317382812,465.8739929199219,204.0784149169922,8.563003540039062,241.42825317382812,465.8739929199219,nan,nan,nan,nan,0.6502123475074768,nan,0,nan,nan,nan,TRACKING,0.09123836799994933,0.0,0.6959405039999638,7.694817682647782,0,0,0,6.6586666365610965,0.00832333329570137,1.000000010401889,0,0,0,0,26,7,0
3605,339.69923080499996,197.0784149169922,8.563003540039062,241.42825317382812,465.8739929199219,197.0784149169922,8.563003540039062,241.42825317382812,465.8739929199219,nan,nan,nan,nan,0.6450670957565308,nan,0,nan,nan,nan,TRACKING,0.049848939999947106,0.0,0.0,12.059096664405088,0,0,0,7.0,0.00875,1.0,0,0,0,0,26,7,0
3606,339.78777517100013,203.4933319091797,8.563003540039062,241.42825317382812,465.8739929199219,203.4933319091797,8.563003540039062,241.42825317382812,465.8739929199219,nan,nan,nan,nan,0.6206797361373901,nan,0,nan,nan,nan,TRACKING,0.055506846000071164,0.0,0.0,11.293773338418685,0,0,0,6.4149169921875,0.008018646240234375,1.0,0,0,0,0,26,7,0
3607,339.8620736260001,197.0784149169922,8.563003540039062,241.42825317382812,465.8739929199219,197.0784149169922,8.563003540039062,241.42825317382812,465.8739929199219,nan,nan,nan,nan,0.6640383005142212,nan,0,nan,nan,nan,TRACKING,0.04965195899990249,0.0,0.0,13.45923007417197,0,0,0,6.4149169921875,0.008018646240234375,1.0,0,0,0,0,26,7,0
3608,339.93032989899996,196.78587341308594,8.563003540039062,241.42825317382812,465.8739929199219,196.78587341308594,8.563003540039062,241.42825317382812,465.8739929199219,nan,nan,nan,nan,0.6785826086997986,nan,0,nan,nan,nan,TRACKING,0.04190339399997356,0.0,0.0,14.650668078552124,0,0,0,0.29254150390625,0.0003656768798828125,1.0,0,0,0,0,26,7,0
3609,339.9984859110001,196.78587341308594,8.563003540039062,241.42825317382812,465.8739929199219,196.78587341308594,8.563003540039062,241.42825317382812,465.8739929199219,nan,nan,nan,nan,0.6709835529327393,nan,0,nan,nan,nan,TRACKING,0.0420931890000702,0.0,0.0,14.672219964951482,0,0,0,0.0,0.0,1.0,0,0,0,0,26,7,0
3610,340.06185903100015,196.78587341308594,8.563003540039062,241.42825317382812,465.8739929199219,196.78587341308594,8.563003540039062,241.42825317382812,465.8739929199219,nan,nan,nan,nan,0.6871539950370789,nan,0,nan,nan,nan,TRACKING,0.040119354000125895,0.0,0.0,15.77956079800384,0,0,0,0.0,0.0,1.0,0,0,0,0,26,7,0
3611,340.12910987099997,196.78587341308594,8.563003540039062,241.42825317382812,465.8739929199219,196.78587341308594,8.563003540039062,241.42825317382812,465.8739929199219,nan,nan,nan,nan,0.7045851945877075,nan,0,nan,nan,nan,TRACKING,0.0447020330000214,0.0,0.0,14.8697027427873,0,0,0,0.0,0.0,1.0,0,0,0,0,26,7,0
3612,340.203475098,203.4933319091797,8.563003540039062,241.42825317382812,465.8739929199219,203.4933319091797,8.563003540039062,241.42825317382812,465.8739929199219,nan,nan,nan,nan,0.7046113610267639,nan,0,nan,nan,nan,TRACKING,0.05122599500009528,0.0,0.0,13.447145128722727,0,0,0,6.70745849609375,0.008384323120117188,1.0,0,0,0,0,26,7,0
3613,340.27828507200013,210.4933319091797,8.563003540039062,241.42825317382812,465.8739929199219,210.4933319091797,8.563003540039062,241.42825317382812,465.8739929199219,nan,nan,nan,nan,0.7176227569580078,nan,0,nan,nan,nan,TRACKING,0.05030243700002757,0.0,0.0,13.367201544521622,0,0,0,7.0,0.00875,1.0,0,0,0,0,26,7,0
3614,340.346877653,210.78587341308594,8.563003540039062,241.42825317382812,465.8739929199219,210.78587341308594,8.563003540039062,241.42825317382812,465.8739929199219,nan,nan,nan,nan,0.7257933020591736,nan,0,nan,nan,nan,TRACKING,0.0442716099998961,0.0,0.0,14.578836157254617,0,0,0,0.29254150390625,0.0003656768798828125,1.0,0,0,0,0,26,7,0
3615,340.6283496540001,217.4933319091797,8.563003540039062,241.42825317382812,465.8739929199219,217.4933319091797,8.563003540039062,241.42825317382812,465.8739929199219,176.0,11.0,279.0,467.0,0.671562671661377,0.992238,1,0.8294679675409804,0.0286309674825567,1.1584159398022544,DETECTOR_CONFIRMED,0.04874444400002176,0.2091532140000254,0.0,3.5527512379449973,0,0,0,6.70745849609375,0.008384323120117188,1.0,0,0,0,0,26,7,0
3616,340.7007193800001,231.20079040527344,8.563003540039062,241.42825317382812,465.8739929199219,231.20079040527344,8.563003540039062,241.42825317382812,465.8739929199219,nan,nan,nan,nan,0.5799514055252075,nan,0,nan,nan,nan,TRACKING,0.04876850599998761,0.0,0.0,13.81793265321381,0,0,0,13.70745849609375,0.017134323120117187,1.0,0,0,0,0,26,7,0
3617,340.7850641450001,237.4933319091797,8.563003540039062,241.42825317382812,465.8739929199219,237.4933319091797,8.563003540039062,241.42825317382812,465.8739929199219,nan,nan,nan,nan,0.579593300819397,nan,0,nan,nan,nan,TRACKING,0.05804084500005047,0.0,0.0,11.856100375647127,0,0,0,6.29254150390625,0.007865676879882813,1.0,0,0,0,0,26,7,0
3618,340.864550186,237.78587341308594,8.563003540039062,241.42825317382812,465.8739929199219,237.78587341308594,8.563003540039062,241.42825317382812,465.8739929199219,nan,nan,nan,nan,0.5680440068244934,nan,0,nan,nan,nan,TRACKING,0.05269862200020725,0.0,0.0,12.580825355253083,0,0,0,0.29254150390625,0.0003656768798828125,1.0,0,0,0,0,26,7,0
3619,340.9402773620001,237.78587341308594,8.563003540039062,241.42825317382812,465.8739929199219,237.78587341308594,8.563003540039062,241.42825317382812,465.8739929199219,nan,nan,nan,nan,0.5765284299850464,nan,0,nan,nan,nan,TRACKING,0.05265888200005975,0.0,0.0,13.205298980100283,0,0,0,0.0,0.0,1.0,0,0,0,0,26,7,0
3620,341.0158853700001,237.78587341308594,8.563003540039062,241.42825317382812,465.8739929199219,237.78587341308594,8.563003540039062,241.42825317382812,465.8739929199219,nan,nan,nan,nan,0.561305820941925,nan,0,nan,nan,nan,TRACKING,0.046269298999959574,0.0,0.0,13.226112239324827,0,0,0,0.0,0.0,1.0,0,0,0,0,26,7,0
3621,341.09005283299996,237.78587341308594,8.563003540039062,241.42825317382812,465.8739929199219,237.78587341308594,8.563003540039062,241.42825317382812,465.8739929199219,nan,nan,nan,nan,0.534562885761261,nan,0,nan,nan,nan,TRACKING,0.05212637399995401,0.0,0.0,13.4830012993945,0,0,0,0.0,0.0,1.0,0,0,0,0,26,7,0
3622,341.16107102600006,237.78587341308594,8.563003540039062,241.42825317382812,465.8739929199219,237.78587341308594,8.563003540039062,241.42825317382812,465.8739929199219,nan,nan,nan,nan,0.527316689491272,nan,0,nan,nan,nan,TRACKING,0.04769208300012906,0.0,0.0,14.080898960616935,0,0,0,0.0,0.0,1.0,0,0,0,0,26,7,0
3623,341.23844234399996,237.78587341308594,8.563003540039062,241.42825317382812,465.8739929199219,237.78587341308594,8.563003540039062,241.42825317382812,465.8739929199219,nan,nan,nan,nan,0.5216996073722839,nan,0,nan,nan,nan,TRACKING,0.04973487600000226,0.0,0.0,12.924686122074704,0,0,0,0.0,0.0,1.0,0,0,0,0,26,7,0
3624,341.310559462,237.78587341308594,8.563003540039062,241.42825317382812,465.8739929199219,237.78587341308594,8.563003540039062,241.42825317382812,465.8739929199219,nan,nan,nan,nan,0.5301766991615295,nan,0,nan,nan,nan,TRACKING,0.0451675620001879,0.0,0.0,13.866333371770239,0,0,0,0.0,0.0,1.0,0,0,0,0,26,7,0
3625,341.381857555,237.78587341308594,8.563003540039062,241.42825317382812,465.8739929199219,237.78587341308594,8.563003540039062,241.42825317382812,465.8739929199219,nan,nan,nan,nan,0.5242810845375061,nan,0,nan,nan,nan,TRACKING,0.047734115000139354,0.0,0.0,14.025620573050377,0,0,0,0.0,0.0,1.0,0,0,0,0,26,7,0
3626,341.45599262200005,237.78587341308594,8.563003540039062,241.42825317382812,465.8739929199219,237.78587341308594,8.563003540039062,241.42825317382812,465.8739929199219,nan,nan,nan,nan,0.5055261850357056,nan,0,nan,nan,nan,TRACKING,0.05172516900006485,0.0,0.0,13.488893184643931,0,0,0,0.0,0.0,1.0,0,0,0,0,26,7,0
3627,341.52361253000015,237.78587341308594,8.563003540039062,241.42825317382812,465.8739929199219,237.78587341308594,8.563003540039062,241.42825317382812,465.8739929199219,nan,nan,nan,nan,0.5511830449104309,nan,0,nan,nan,nan,TRACKING,0.043518472999949154,0.0,0.0,14.788544225741415,0,0,0,0.0,0.0,1.0,0,0,0,0,26,7,0
3628,341.639498228,237.78587341308594,8.563003540039062,241.42825317382812,465.8739929199219,237.78587341308594,8.563003540039062,241.42825317382812,465.8739929199219,nan,nan,nan,nan,0.5729220509529114,nan,0,nan,nan,nan,TRACKING,0.09112763600001017,0.0,0.0,8.629192534194125,0,0,0,0.0,0.0,1.0,0,0,0,0,26,7,0
3629,341.710114436,237.78587341308594,8.563003540039062,241.42825317382812,465.8739929199219,237.78587341308594,8.563003540039062,241.42825317382812,465.8739929199219,nan,nan,nan,nan,0.6445290446281433,nan,0,nan,nan,nan,TRACKING,0.04710785399993256,0.0,0.0,14.16105492381208,0,0,0,0.0,0.0,1.0,0,0,0,0,26,7,0
3630,342.09770556800015,231.0784149169922,8.563003540039062,241.42825317382812,465.8739929199219,231.0784149169922,8.563003540039062,241.42825317382812,465.8739929199219,247.0,0.0,210.0,474.0,0.6150927543640137,0.989318,1,0.8553328298136296,0.005630974469896601,1.1299492094612529,DETECTOR_CONFIRMED,0.0508785929998794,0.30992611100009526,0.0,2.580038389525582,0,0,0,6.70745849609375,0.008384323120117188,1.0,0,0,0,0,26,7,0
3631,342.19157554100013,217.37095642089844,8.563003540039062,241.42825317382812,465.8739929199219,217.37095642089844,8.563003540039062,241.42825317382812,465.8739929199219,nan,nan,nan,nan,0.5976340770721436,nan,0,nan,nan,nan,TRACKING,0.06433079199996428,0.0,0.0,10.653033851412589,0,0,0,13.70745849609375,0.017134323120117187,1.0,0,0,0,0,26,7,0
3632,342.2563232660001,217.78587341308594,8.563003540039062,241.42825317382812,465.8739929199219,217.78587341308594,8.563003540039062,241.42825317382812,465.8739929199219,nan,nan,nan,nan,0.5943419933319092,nan,0,nan,nan,nan,TRACKING,0.041721984999867345,0.0,0.0,15.44455809066035,0,0,0,0.4149169921875,0.000518646240234375,1.0,0,0,0,0,26,7,0
3633,342.32799657399994,217.78587341308594,8.563003540039062,241.42825317382812,465.8739929199219,217.78587341308594,8.563003540039062,241.42825317382812,465.8739929199219,nan,nan,nan,nan,0.5955175161361694,nan,0,nan,nan,nan,TRACKING,0.04819521500007795,0.0,0.0,13.952195425417854,0,0,0,0.0,0.0,1.0,0,0,0,0,26,7,0
3634,342.398874244,211.0784149169922,8.563003540039062,241.42825317382812,465.8739929199219,211.0784149169922,8.563003540039062,241.42825317382812,465.8739929199219,nan,nan,nan,nan,0.5788180232048035,nan,0,nan,nan,nan,TRACKING,0.048175684000170804,0.0,0.0,14.10881593594958,0,0,0,6.70745849609375,0.008384323120117188,1.0,0,0,0,0,26,7,0
3635,342.462044235,210.78587341308594,8.563003540039062,241.42825317382812,465.8739929199219,210.78587341308594,8.563003540039062,241.42825317382812,465.8739929199219,nan,nan,nan,nan,0.5566287636756897,nan,0,nan,nan,nan,TRACKING,0.040199980999886975,0.0,0.0,15.830301448041617,0,0,0,0.29254150390625,0.0003656768798828125,1.0,0,0,0,0,26,7,0
3636,342.5568922450001,217.4933319091797,8.563003540039062,241.42825317382812,465.8739929199219,217.4933319091797,8.563003540039062,241.42825317382812,465.8739929199219,nan,nan,nan,nan,0.5638236403465271,nan,0,nan,nan,nan,TRACKING,0.06988244500007568,0.0,0.0,10.543183773694128,0,0,0,6.70745849609375,0.008384323120117188,1.0,0,0,0,0,26,7,0
3637,342.631021843,217.78587341308594,8.563003540039062,241.42825317382812,465.8739929199219,217.78587341308594,8.563003540039062,241.42825317382812,465.8739929199219,nan,nan,nan,nan,0.519306480884552,nan,0,nan,nan,nan,TRACKING,0.04940075600006821,0.0,0.0,13.48988834394267,0,0,0,0.29254150390625,0.0003656768798828125,1.0,0,0,0,0,26,7,0
3638,342.7132891780001,217.78587341308594,15.270462036132812,241.42825317382812,465.8739929199219,217.78587341308594,15.270462036132812,241.42825317382812,465.8739929199219,nan,nan,nan,nan,0.5135759711265564,nan,0,nan,nan,nan,TRACKING,0.05180944200014892,0.0,0.0,12.155492821042793,0,0,0,6.70745849609375,0.008384323120117188,1.0,0,0,0,0,26,7,0
3639,342.78430122500015,217.78587341308594,15.563003540039062,241.42825317382812,465.8739929199219,217.78587341308594,15.563003540039062,241.42825317382812,465.8739929199219,nan,nan,nan,nan,0.5067099928855896,nan,0,nan,nan,nan,TRACKING,0.0485889720000614,0.0,0.0,14.082117644053408,0,0,0,0.29254150390625,0.0003656768798828125,1.0,0,0,0,0,26,7,0
3640,342.84886868800015,217.78587341308594,15.563003540039062,241.42825317382812,465.8739929199219,217.78587341308594,15.563003540039062,241.42825317382812,465.8739929199219,nan,nan,nan,nan,0.511677622795105,nan,0,nan,nan,nan,TRACKING,0.04092014899993046,0.0,0.0,15.487676819514387,0,0,0,0.0,0.0,1.0,0,0,0,0,26,7,0
3641,342.92734413799997,217.78587341308594,8.855545043945312,241.42825317382812,465.8739929199219,217.78587341308594,8.855545043945312,241.42825317382812,465.8739929199219,nan,nan,nan,nan,0.5063176155090332,nan,0,nan,nan,nan,TRACKING,0.05031035399997563,0.0,0.0,12.742838683975249,0,0,0,6.70745849609375,0.008384323120117188,1.0,0,0,0,0,26,7,0
3642,342.99609541899997,217.78587341308594,8.563003540039062,241.42825317382812,465.8739929199219,217.78587341308594,8.563003540039062,241.42825317382812,465.8739929199219,nan,nan,nan,nan,0.511091411113739,nan,0,nan,nan,nan,TRACKING,0.04617622399996435,0.0,0.0,14.545183529015791,0,0,0,0.29254150390625,0.0003656768798828125,1.0,0,0,0,0,26,7,0
3643,343.06878348299995,224.4933319091797,8.563003540039062,241.42825317382812,465.8739929199219,224.4933319091797,8.563003540039062,241.42825317382812,465.8739929199219,nan,nan,nan,nan,0.5280423760414124,nan,0,nan,nan,nan,TRACKING,0.04965753100009351,0.0,0.0,13.757416898602859,0,0,0,6.70745849609375,0.008384323120117188,1.0,0,0,0,0,26,7,0
3644,343.141123259,224.78587341308594,21.977935791015625,241.42825317382812,465.8739929199219,224.78587341308594,21.977935791015625,241.42825317382812,465.8739929199219,nan,nan,nan,nan,0.5004078149795532,nan,0,nan,nan,nan,TRACKING,0.049675551999825984,0.0,0.0,13.82365353190356,0,0,0,13.418121620770876,0.016772652025963595,1.0,0,0,0,0,26,7,0
3645,343.45631966400003,218.0784149169922,21.563003540039062,241.42825317382812,465.8739929199219,121.82744522094725,63.44705123901367,380.89988861083987,419.15589752197263,70.0,86.0,456.0,394.0,0.47082221508026123,0.772011,1,0.482816281724065,0.062202811461127834,1.5973662545849143,SOFT_REINITIALIZING,0.0494932050000898,0.24098836799998935,0.0,3.1726250177245405,1,0,0,6.720280369874512,0.00840035046234314,1.0,0,0,0,0,27,7,0
3646,343.50167155199995,121.82744522094725,63.44705123901367,380.89988861083987,419.15589752197263,121.82744522094725,63.44705123901367,380.89988861083987,419.15589752197263,nan,nan,nan,nan,,nan,0,nan,nan,nan,INITIALIZING,0.0,0.0,0.0,22.0497986765601,0,0,0,0.0,0.0,1.0,0,0,0,0,27,7,0
3647,343.55027302300016,121.82744522094725,63.44705123901367,380.89988861083987,419.15589752197263,121.82744522094725,63.44705123901367,380.89988861083987,419.15589752197263,nan,nan,nan,nan,,nan,0,nan,nan,nan,INITIALIZING,0.0,0.0,0.0,20.57550891814899,0,0,0,0.0,0.0,1.0,0,0,0,0,27,7,0
3648,343.583018507,121.82744522094725,63.44705123901367,380.89988861083987,419.15589752197263,121.82744522094725,63.44705123901367,380.89988861083987,419.15589752197263,nan,nan,nan,nan,,nan,0,nan,nan,nan,INITIALIZING,0.0,0.0,0.0,30.538562203088784,0,0,0,0.0,0.0,1.0,0,0,0,0,27,7,0
3649,343.615813731,121.82744522094725,63.44705123901367,380.89988861083987,419.15589752197263,121.82744522094725,63.44705123901367,380.89988861083987,419.15589752197263,nan,nan,nan,nan,,nan,0,nan,nan,nan,INITIALIZING,0.0,0.0,0.0,30.49224484639941,0,0,0,0.0,0.0,1.0,0,0,0,0,27,7,0
3650,343.64504144800014,121.82744522094725,63.44705123901367,380.89988861083987,419.15589752197263,121.82744522094725,63.44705123901367,380.89988861083987,419.15589752197263,nan,nan,nan,nan,,nan,0,nan,nan,nan,INITIALIZING,0.0,0.0,0.0,34.214098897810466,0,0,0,0.0,0.0,1.0,0,0,0,0,27,7,0
3651,343.67811396800005,121.82744522094725,63.44705123901367,380.89988861083987,419.15589752197263,121.82744522094725,63.44705123901367,380.89988861083987,419.15589752197263,nan,nan,nan,nan,,nan,0,nan,nan,nan,INITIALIZING,0.0,0.0,0.0,30.23658312105847,0,0,0,0.0,0.0,1.0,0,0,0,0,27,7,0
3652,343.7147632140001,121.82744522094725,63.44705123901367,380.89988861083987,419.15589752197263,121.82744522094725,63.44705123901367,380.89988861083987,419.15589752197263,nan,nan,nan,nan,,nan,0,nan,nan,nan,INITIALIZING,0.0,0.0,0.0,27.28569095253232,0,0,0,0.0,0.0,1.0,0,0,0,0,27,7,0
3653,343.755164135,121.82744522094725,63.44705123901367,380.89988861083987,419.15589752197263,121.82744522094725,63.44705123901367,380.89988861083987,419.15589752197263,nan,nan,nan,nan,,nan,0,nan,nan,nan,INITIALIZING,0.0,0.0,0.0,24.751910977536053,0,0,0,0.0,0.0,1.0,0,0,0,0,27,7,0
3654,343.79134654899997,121.82744522094725,63.44705123901367,380.89988861083987,419.15589752197263,121.82744522094725,63.44705123901367,380.89988861083987,419.15589752197263,nan,nan,nan,nan,,nan,0,nan,nan,nan,INITIALIZING,0.0,0.0,0.0,27.637735834876274,0,0,0,0.0,0.0,1.0,0,0,0,0,27,7,0
3655,343.8199470170001,121.82744522094725,63.44705123901367,380.89988861083987,419.15589752197263,121.82744522094725,63.44705123901367,380.89988861083987,419.15589752197263,nan,nan,nan,nan,,nan,0,nan,nan,nan,INITIALIZING,0.0,0.0,0.0,34.964462819096724,0,0,0,0.0,0.0,1.0,0,0,0,0,27,7,0
3656,343.85050642299996,121.82744522094725,63.44705123901367,380.89988861083987,419.15589752197263,121.82744522094725,63.44705123901367,380.89988861083987,419.15589752197263,nan,nan,nan,nan,,nan,0,nan,nan,nan,INITIALIZING,0.0,0.0,0.0,32.72314913468173,0,0,0,0.0,0.0,1.0,0,0,0,0,27,7,0
3657,343.88736910900013,121.82744522094725,63.44705123901367,380.89988861083987,419.15589752197263,121.82744522094725,63.44705123901367,380.89988861083987,419.15589752197263,nan,nan,nan,nan,,nan,0,nan,nan,nan,INITIALIZING,0.0,0.0,0.0,27.12770306524063,0,0,0,0.0,0.0,1.0,0,0,0,0,27,7,0
3658,343.92822670399994,121.82744522094725,63.44705123901367,380.89988861083987,419.15589752197263,121.82744522094725,63.44705123901367,380.89988861083987,419.15589752197263,nan,nan,nan,nan,,nan,0,nan,nan,nan,INITIALIZING,0.0,0.0,0.0,24.475253621872056,0,0,0,0.0,0.0,1.0,0,0,0,0,27,7,0
3659,343.970972664,121.82744522094725,63.44705123901367,380.89988861083987,419.15589752197263,121.82744522094725,63.44705123901367,380.89988861083987,419.15589752197263,nan,nan,nan,nan,,nan,0,nan,nan,nan,INITIALIZING,0.0,0.0,0.0,23.394023669111398,0,0,0,0.0,0.0,1.0,0,0,0,0,27,7,0
3660,344.01866828799996,121.82744522094725,63.44705123901367,380.89988861083987,419.15589752197263,121.82744522094725,63.44705123901367,380.89988861083987,419.15589752197263,nan,nan,nan,nan,,nan,0,nan,nan,nan,INITIALIZING,0.0,0.0,0.0,20.96628403479135,0,0,0,0.0,0.0,1.0,0,0,0,0,27,7,0
3661,344.10199298400005,122.050048828125,71.9134521484375,380.89990234375,419.1558837890625,122.050048828125,71.9134521484375,380.89990234375,419.1558837890625,nan,nan,nan,nan,0.6704804301261902,nan,0,nan,nan,nan,TRACKING,0.054436151000118116,0.0,0.5823398359998464,12.001243904915205,0,0,0,8.469320132914339,0.010586650166142924,1.0000000032906042,0,0,0,0,27,7,0
3662,344.173684364,122.050048828125,71.92205810546875,380.89990234375,419.1558837890625,122.050048828125,71.92205810546875,380.89990234375,419.1558837890625,nan,nan,nan,nan,0.6749047040939331,nan,0,nan,nan,nan,TRACKING,0.04430791200002204,0.0,0.0,13.948678348787999,0,0,0,0.00860595703125,1.07574462890625e-05,1.0,0,0,0,0,27,7,0
3663,344.25940618200013,122.050048828125,63.9306640625,380.89990234375,419.1558837890625,122.050048828125,63.9306640625,380.89990234375,419.1558837890625,nan,nan,nan,nan,0.6740656495094299,nan,0,nan,nan,nan,TRACKING,0.057968655999957264,0.0,0.0,11.665641528955762,0,0,0,7.99139404296875,0.009989242553710937,1.0,0,0,0,0,27,7,0
3664,344.34851930599996,122.050048828125,63.92205810546875,380.89990234375,419.1558837890625,122.050048828125,63.92205810546875,380.89990234375,419.1558837890625,nan,nan,nan,nan,0.6614887118339539,nan,0,nan,nan,nan,TRACKING,0.05804563600008805,0.0,0.0,11.221691655675604,0,0,0,0.00860595703125,1.07574462890625e-05,1.0,0,0,0,0,27,7,0
3665,344.44456853300005,122.050048828125,63.92205810546875,380.89990234375,419.1558837890625,122.050048828125,63.92205810546875,380.89990234375,419.1558837890625,nan,nan,nan,nan,0.6136237978935242,nan,0,nan,nan,nan,TRACKING,0.06615571699990141,0.0,0.0,10.411327932904866,0,0,0,0.0,0.0,1.0,0,0,0,0,27,7,0
3666,344.5419351250001,122.050048828125,63.92205810546875,380.89990234375,419.1558837890625,122.050048828125,63.92205810546875,380.89990234375,419.1558837890625,nan,nan,nan,nan,0.5589549541473389,nan,0,nan,nan,nan,TRACKING,0.06819845899985921,0.0,0.0,10.270463199526057,0,0,0,0.0,0.0,1.0,0,0,0,0,27,7,0
3667,344.612771231,122.050048828125,63.92205810546875,380.89990234375,419.1558837890625,122.050048828125,63.92205810546875,380.89990234375,419.1558837890625,nan,nan,nan,nan,0.5414470434188843,nan,0,nan,nan,nan,TRACKING,0.04494615099997645,0.0,0.0,14.117094465943438,0,0,0,0.0,0.0,1.0,0,0,0,0,27,7,0
3668,344.68208606300016,122.050048828125,63.92205810546875,380.89990234375,419.1558837890625,122.050048828125,63.92205810546875,380.89990234375,419.1558837890625,nan,nan,nan,nan,0.5213082432746887,nan,0,nan,nan,nan,TRACKING,0.04578470699993886,0.0,0.0,14.426926692946472,0,0,0,0.0,0.0,1.0,0,0,0,0,27,7,0
3669,344.74668102500016,122.050048828125,63.92205810546875,380.89990234375,419.1558837890625,122.050048828125,63.92205810546875,380.89990234375,419.1558837890625,nan,nan,nan,nan,0.5180214047431946,nan,0,nan,nan,nan,TRACKING,0.044977870999900915,0.0,0.0,15.481083493786775,0,0,0,0.0,0.0,1.0,0,0,0,0,27,7,0
3670,344.802137713,122.050048828125,71.9134521484375,380.89990234375,419.1558837890625,122.050048828125,71.9134521484375,380.89990234375,419.1558837890625,nan,nan,nan,nan,0.507323682308197,nan,0,nan,nan,nan,TRACKING,0.03817151000021113,0.0,0.0,18.032090196284543,0,0,0,7.99139404296875,0.009989242553710937,1.0,0,0,0,0,27,7,0
3671,345.50091023100015,114.05865478515625,71.92205810546875,380.89990234375,419.1558837890625,135.0,205.0,321.0,275.0,135.0,205.0,321.0,275.0,0.464697003364563,0.710023,1,0.5529059939756179,0.0770770209482966,1.8086257173838813,SOFT_REINITIALIZING,0.047597914000107266,0.15532519499993214,0.0,1.4310808943401496,1,0,0,7.991398676858316,0.009989248346072895,1.0,0,0,0,0,28,7,0
3672,345.5191792280001,135.0,205.0,321.0,275.0,135.0,205.0,321.0,275.0,nan,nan,nan,nan,,nan,0,nan,nan,nan,INITIALIZING,0.0,0.0,0.0,54.737542515482986,0,0,0,0.0,0.0,1.0,0,0,0,0,28,7,0
3673,345.53560428799994,135.0,205.0,321.0,275.0,135.0,205.0,321.0,275.0,nan,nan,nan,nan,,nan,0,nan,nan,nan,INITIALIZING,0.0,0.0,0.0,60.88257820728377,0,0,0,0.0,0.0,1.0,0,0,0,0,28,7,0
3674,345.55657994399996,135.0,205.0,321.0,275.0,135.0,205.0,321.0,275.0,nan,nan,nan,nan,,nan,0,nan,nan,nan,INITIALIZING,0.0,0.0,0.0,47.67431349937793,0,0,0,0.0,0.0,1.0,0,0,0,0,28,7,0
3675,345.595011301,135.0,205.0,321.0,275.0,135.0,205.0,321.0,275.0,nan,nan,nan,nan,,nan,0,nan,nan,nan,INITIALIZING,0.0,0.0,0.0,26.02041869089002,0,0,0,0.0,0.0,1.0,0,0,0,0,28,7,0
3676,345.625333672,135.0,205.0,321.0,275.0,135.0,205.0,321.0,275.0,nan,nan,nan,nan,,nan,0,nan,nan,nan,INITIALIZING,0.0,0.0,0.0,32.97895141509987,0,0,0,0.0,0.0,1.0,0,0,0,0,28,7,0
3677,345.657387633,135.0,205.0,321.0,275.0,135.0,205.0,321.0,275.0,nan,nan,nan,nan,,nan,0,nan,nan,nan,INITIALIZING,0.0,0.0,0.0,31.19739242213486,0,0,0,0.0,0.0,1.0,0,0,0,0,28,7,0
3678,345.6938472400001,135.0,205.0,321.0,275.0,135.0,205.0,321.0,275.0,nan,nan,nan,nan,,nan,0,nan,nan,nan,INITIALIZING,0.0,0.0,0.0,27.42761324874777,0,0,0,0.0,0.0,1.0,0,0,0,0,28,7,0
3679,345.72791915100004,135.0,205.0,321.0,275.0,135.0,205.0,321.0,275.0,nan,nan,nan,nan,,nan,0,nan,nan,nan,INITIALIZING,0.0,0.0,0.0,29.349689249931064,0,0,0,0.0,0.0,1.0,0,0,0,0,28,7,0
3680,345.75969373300006,135.0,205.0,321.0,275.0,135.0,205.0,321.0,275.0,nan,nan,nan,nan,,nan,0,nan,nan,nan,INITIALIZING,0.0,0.0,0.0,31.471696464777988,0,0,0,0.0,0.0,1.0,0,0,0,0,28,7,0
3681,345.79548098500015,135.0,205.0,321.0,275.0,135.0,205.0,321.0,275.0,nan,nan,nan,nan,,nan,0,nan,nan,nan,INITIALIZING,0.0,0.0,0.0,27.942911067814215,0,0,0,0.0,0.0,1.0,0,0,0,0,28,7,0
3682,345.8433539030001,135.0,205.0,321.0,275.0,135.0,205.0,321.0,275.0,nan,nan,nan,nan,,nan,0,nan,nan,nan,INITIALIZING,0.0,0.0,0.0,20.88863686983259,0,0,0,0.0,0.0,1.0,0,0,0,0,28,7,0
3683,345.89925580600004,135.0,205.0,321.0,275.0,135.0,205.0,321.0,275.0,nan,nan,nan,nan,,nan,0,nan,nan,nan,INITIALIZING,0.0,0.0,0.0,17.888478680250152,0,0,0,0.0,0.0,1.0,0,0,0,0,28,7,0
3684,345.937996023,135.0,205.0,321.0,275.0,135.0,205.0,321.0,275.0,nan,nan,nan,nan,,nan,0,nan,nan,nan,INITIALIZING,0.0,0.0,0.0,25.81296847153791,0,0,0,0.0,0.0,1.0,0,0,0,0,28,7,0
3685,345.96835813400014,135.0,205.0,321.0,275.0,135.0,205.0,321.0,275.0,nan,nan,nan,nan,,nan,0,nan,nan,nan,INITIALIZING,0.0,0.0,0.0,32.93578631587164,0,0,0,0.0,0.0,1.0,0,0,0,0,28,7,0
3686,346.04802230100006,140.94223022460938,205.0,321.0,275.0,140.94223022460938,205.0,321.0,275.0,nan,nan,nan,nan,0.5921488404273987,nan,0,nan,nan,nan,TRACKING,0.053348268000036114,0.0,0.4858509119999326,12.552695115747802,0,0,0,5.942230224609375,0.007427787780761719,1.0,0,0,0,0,28,7,0
3687,346.24848365100013,146.94223022460938,205.0,321.0,275.0,146.94223022460938,205.0,321.0,275.0,nan,nan,nan,nan,0.5925354361534119,nan,0,nan,nan,nan,TRACKING,0.06009868999990431,0.0,0.0,4.988492794245161,0,0,0,6.0,0.0075,1.0,0,0,0,0,28,7,0
3688,346.34525731600013,152.94223022460938,199.05776977539062,321.0,275.0,152.94223022460938,199.05776977539062,321.0,275.0,nan,nan,nan,nan,0.5907589197158813,nan,0,nan,nan,nan,TRACKING,0.06582513800003653,0.0,0.0,10.333389770863732,0,0,0,8.444530776914794,0.010555663471143492,1.0,0,0,0,0,28,7,0
3689,346.40386551300014,194.59555053710938,199.0,321.0,275.0,194.59555053710938,199.0,321.0,275.0,nan,nan,nan,nan,0.590819239616394,nan,0,nan,nan,nan,TRACKING,0.03876162300002761,0.0,0.0,17.062459710197025,0,0,0,41.653360373476154,0.052066700466845195,1.0,0,0,0,0,28,7,0
3690,346.850204059,195.0,199.0,321.0,275.0,195.0,199.0,321.0,275.0,222.0,193.0,245.0,287.0,0.6238711476325989,0.833796,1,0.7386394781560051,0.01375,1.2554220294389533,DETECTOR_CONFIRMED,0.04622664099997564,0.3782275890000619,0.0,2.2404518027001665,0,0,0,0.404449462890625,0.0005055618286132813,1.0,0,0,0,0,28,7,0
3691,346.92584269199995,206.88442993164062,193.05776977539062,321.0,275.0,206.88442993164062,193.05776977539062,321.0,275.0,nan,nan,nan,nan,0.5739899277687073,nan,0,nan,nan,nan,TRACKING,0.05437229499989371,0.0,0.0,13.220757175780525,0,0,0,13.287203424435736,0.01660900428054467,1.0,0,0,0,0,28,7,0
3692,346.98590164200016,218.88442993164062,187.05776977539062,321.0,275.0,218.88442993164062,187.05776977539062,321.0,275.0,nan,nan,nan,nan,0.5940840840339661,nan,0,nan,nan,nan,TRACKING,0.043629724000084025,0.0,0.0,16.650307739254142,0,0,0,13.416407864998739,0.016770509831248424,1.0,0,0,0,0,28,7,0
3693,347.04189115099996,219.0,187.0,321.0,275.0,219.0,187.0,321.0,275.0,nan,nan,nan,nan,0.5860633850097656,nan,0,nan,nan,nan,TRACKING,0.03873099700012972,0.0,0.0,17.860488828426007,0,0,0,0.12920444129082356,0.00016150555161352945,1.0,0,0,0,0,28,7,0
3694,347.098664579,219.0,187.0,321.0,275.0,219.0,187.0,321.0,275.0,nan,nan,nan,nan,0.5937632322311401,nan,0,nan,nan,nan,TRACKING,0.04196167500003867,0.0,0.0,17.613873870699788,0,0,0,0.0,0.0,1.0,0,0,0,0,28,7,0
3695,347.169175054,213.05776977539062,187.0,321.0,275.0,213.05776977539062,187.0,321.0,275.0,nan,nan,nan,nan,0.5647585988044739,nan,0,nan,nan,nan,TRACKING,0.040272481999863885,0.0,0.0,14.182289936355065,0,0,0,5.942230224609375,0.007427787780761719,1.0,0,0,0,0,28,7,0
3696,347.233867413,201.11557006835938,192.94223022460938,321.0,275.0,201.11557006835938,192.94223022460938,321.0,275.0,nan,nan,nan,nan,0.5705736875534058,nan,0,nan,nan,nan,TRACKING,0.04604241899983208,0.0,0.0,15.457776087592224,0,0,0,13.338899275610355,0.016673624094512944,1.0,0,0,0,0,28,7,0
3697,347.327901711,189.11557006835938,198.94223022460938,321.0,275.0,189.11557006835938,198.94223022460938,321.0,275.0,nan,nan,nan,nan,0.5311402082443237,nan,0,nan,nan,nan,TRACKING,0.0491290330000993,0.0,0.0,10.634417667477386,0,0,0,13.416407864998739,0.016770509831248424,1.0,0,0,0,0,28,7,0
3698,347.392397296,183.05776977539062,199.0,321.0,275.0,183.05776977539062,199.0,321.0,275.0,nan,nan,nan,nan,0.5644028782844543,nan,0,nan,nan,nan,TRACKING,0.04811349499982498,0.0,0.0,15.504937275931548,0,0,0,6.058075745353549,0.007572594681691937,1.0,0,0,0,0,28,7,0
3699,347.45872202600015,177.05776977539062,193.05776977539062,321.0,275.0,177.05776977539062,193.05776977539062,321.0,275.0,nan,nan,nan,nan,0.5706439018249512,nan,0,nan,nan,nan,TRACKING,0.0498430019999887,0.0,0.0,15.07733239167342,0,0,0,8.444530776914794,0.010555663471143492,1.0,0,0,0,0,28,7,0
3700,347.51788330500005,177.0,193.0,321.0,275.0,177.0,193.0,321.0,275.0,nan,nan,nan,nan,0.5501798391342163,nan,0,nan,nan,nan,TRACKING,0.03809380000006968,0.0,0.0,16.90294761885622,0,0,0,0.08169879985266934,0.00010212349981583668,1.0,0,0,0,0,28,7,0
3701,347.57453725200014,171.05776977539062,187.05776977539062,321.0,275.0,171.05776977539062,187.05776977539062,321.0,275.0,nan,nan,nan,nan,0.5355643630027771,nan,0,nan,nan,nan,TRACKING,0.04020586599995113,0.0,0.0,17.65102085470724,0,0,0,8.4035825743859,0.010504478217982376,1.0,0,0,0,0,28,7,0
3702,347.7915917890001,165.05776977539062,187.0,321.0,275.0,165.05776977539062,187.0,321.0,275.0,nan,nan,nan,nan,0.527167558670044,nan,0,nan,nan,nan,TRACKING,0.044376558000067234,0.0,0.0,4.607137053302649,0,0,0,6.000278105800487,0.007500347632250609,1.0,0,0,0,0,28,7,0
