frame_index,timestamp_s,x,y,w,h,center_x,center_y,area,score,state,track_time_s,init_time_s,fps,is_low_score,is_very_low_score,is_out_of_frame,center_delta_px,center_delta_ratio,area_ratio,is_large_jump,is_large_area_change,consecutive_suspicious,manual_reinitializations,init_trigger,startup_det_x,startup_det_y,startup_det_w,startup_det_h,startup_det_conf,startup_detector_calls,startup_detector_hits,search_scale_multiplier,low_score_streak,freeze_update_min_score,update_model,suspicion_reason
0,2.9459686890040757,nan,nan,nan,nan,nan,nan,nan,,READY,0.0,0.0,0.3394435959519905,0,0,0,0.0,0.0,1.0,0,0,0,0,none,280.0,76.0,206.0,469.0,0.773871,1,1,1.0,0,nan,,none
1,3.931349450009293,nan,nan,nan,nan,nan,nan,nan,,READY,0.0,0.0,1.0148361319535701,0,0,0,0.0,0.0,1.0,0,0,0,0,none,nan,nan,nan,nan,nan,2,1,1.0,0,nan,,none
2,129.7860863829992,274.0,73.0,219.0,473.0,383.5,309.5,103587.0,,DETECTED_INITIALIZED,0.0,121.7410409879958,0.007945668350428797,0,0,0,0.0,0.0,1.0,0,0,0,0,startup_detector_sync,274.0,73.0,219.0,473.0,0.785978,3,2,1.0,0,nan,,none
3,148.52123171000858,274.0,73.0,219.0,473.0,383.5,309.5,103587.0,0.8326734304428101,TRACKING,13.809746348997578,0.0,0.05337562012707517,0,0,0,0.0,0.0,1.0,0,0,0,0,none,nan,nan,nan,nan,nan,3,2,1.0,0,0.55,1,none
4,149.2437039619981,274.0,73.0,219.0,473.0,383.5,309.5,103587.0,0.8307834267616272,TRACKING,0.19296766001207288,0.0,1.38413620349601,0,0,0,0.0,0.0,1.0,0,0,0,0,none,nan,nan,nan,nan,nan,3,2,1.0,0,0.55,1,none
5,149.40166937900358,274.0,73.0,219.0,473.0,383.5,309.5,103587.0,0.8303731083869934,TRACKING,0.08152592400438152,0.0,6.3304995419685195,0,0,0,0.0,0.0,1.0,0,0,0,0,none,nan,nan,nan,nan,nan,3,2,1.0,0,0.55,1,none
6,149.69644821800466,274.0,73.0,219.0,473.0,383.5,309.5,103587.0,0.8093518018722534,TRACKING,0.07491237101203296,0.0,3.392373765324202,0,0,0,0.0,0.0,1.0,0,0,0,0,none,nan,nan,nan,nan,nan,3,2,1.0,0,0.55,1,none
7,150.25467718500295,267.5630187988281,73.0,219.0,473.0,377.0630187988281,309.5,103587.0,0.8063449859619141,TRACKING,0.41095715398842003,0.0,1.7913796293610666,0,0,0,6.436981201171875,0.004383058865525003,1.0,0,0,0,0,none,nan,nan,nan,nan,nan,3,2,1.0,0,0.55,1,none
8,150.39427822901052,268.0,73.0,219.0,473.0,377.5,309.5,103587.0,0.8180497288703918,TRACKING,0.06100581999635324,0.0,7.163270211258046,0,0,0,0.436981201171875,0.0002975485352536779,1.0,0,0,0,0,none,nan,nan,nan,nan,nan,3,2,1.0,0,0.55,1,none
9,150.66849128600734,268.0,73.0,219.0,473.0,377.5,309.5,103587.0,0.7864304184913635,TRACKING,0.08383311799843796,0.0,3.646799357229801,0,0,0,0.0,0.0,1.0,0,0,0,0,none,nan,nan,nan,nan,nan,3,2,1.0,0,0.55,1,none
10,150.86957509000786,268.0,73.0,219.0,473.0,377.5,309.5,103587.0,0.7914048433303833,TRACKING,0.060771021991968155,0.0,4.973050937495804,0,0,0,0.0,0.0,1.0,0,0,0,0,none,nan,nan,nan,nan,nan,3,2,1.0,0,0.55,1,none
11,151.04651442699833,261.5630187988281,73.0,219.0,473.0,371.0630187988281,309.5,103587.0,0.7966424226760864,TRACKING,0.064530127987382,0.0,5.65165449926971,0,0,0,6.436981201171875,0.004383058865525003,1.0,0,0,0,0,none,nan,nan,nan,nan,nan,3,2,1.0,0,0.55,1,none
12,151.18843375900178,262.0,73.0,219.0,473.0,371.5,309.5,103587.0,0.8041139841079712,TRACKING,0.06387276799068786,0.0,7.046256390043212,0,0,0,0.436981201171875,0.0002975485352536779,1.0,0,0,0,0,none,nan,nan,nan,nan,nan,3,2,1.0,0,0.55,1,none
13,151.36690084300062,262.0,73.0,219.0,473.0,371.5,309.5,103587.0,0.7940162420272827,TRACKING,0.06216735900670756,0.0,5.603274158984428,0,0,0,0.0,0.0,1.0,0,0,0,0,none,nan,nan,nan,nan,nan,3,2,1.0,0,0.55,1,none
14,151.49471294300747,262.0,73.0,219.0,473.0,371.5,309.5,103587.0,0.7937185168266296,TRACKING,0.050480448990128934,0.0,7.823985365598481,0,0,0,0.0,0.0,1.0,0,0,0,0,none,nan,nan,nan,nan,nan,3,2,1.0,0,0.55,1,none
15,151.62642269401113,262.0,73.0,219.0,473.0,371.5,309.5,103587.0,0.7779363989830017,TRACKING,0.05375120798998978,0.0,7.592452285269692,0,0,0,0.0,0.0,1.0,0,0,0,0,none,nan,nan,nan,nan,nan,3,2,1.0,0,0.55,1,none
16,151.76580612899852,255.56301879882812,73.0,219.0,473.0,365.0630187988281,309.5,103587.0,0.7791098952293396,TRACKING,0.06074461599928327,0.0,7.174453693801134,0,0,0,6.436981201171875,0.004383058865525003,1.0,0,0,0,0,none,nan,nan,nan,nan,nan,3,2,1.0,0,0.55,1,none
17,151.89503644101205,256.0,73.0,219.0,473.0,365.5,309.5,103587.0,0.7858991026878357,TRACKING,0.05292191599437501,0.0,7.738122615499685,0,0,0,0.436981201171875,0.0002975485352536779,1.0,0,0,0,0,none,nan,nan,nan,nan,nan,3,2,1.0,0,0.55,1,none
18,152.023233341999,256.0,73.0,219.0,473.0,365.5,309.5,103587.0,0.7723912000656128,TRACKING,0.04973595000046771,0.0,7.800500576077086,0,0,0,0.0,0.0,1.0,0,0,0,0,none,nan,nan,nan,nan,nan,3,2,1.0,0,0.55,1,none
19,152.15178546099924,256.0,73.0,219.0,473.0,365.5,309.5,103587.0,0.7728351354598999,TRACKING,0.05228919199726079,0.0,7.778946063099817,0,0,0,0.0,0.0,1.0,0,0,0,0,none,nan,nan,nan,nan,nan,3,2,1.0,0,0.55,1,none
20,152.2719338760071,256.0,73.0,219.0,473.0,365.5,309.5,103587.0,0.7860121130943298,TRACKING,0.04564199200831354,0.0,8.32303946693404,0,0,0,0.0,0.0,1.0,0,0,0,0,none,nan,nan,nan,nan,nan,3,2,1.0,0,0.55,1,none
21,152.39908700100204,256.0,73.0,219.0,473.0,365.5,309.5,103587.0,0.7786949276924133,TRACKING,0.049754491992644034,0.0,7.8645334122911645,0,0,0,0.0,0.0,1.0,0,0,0,0,none,nan,nan,nan,nan,nan,3,2,1.0,0,0.55,1,none
22,152.54424553000717,249.56301879882812,73.0,219.0,473.0,359.0630187988281,309.5,103587.0,0.7814092636108398,TRACKING,0.06742660800227895,0.0,6.8890199346444225,0,0,0,6.436981201171875,0.004383058865525003,1.0,0,0,0,0,none,nan,nan,nan,nan,nan,3,2,1.0,0,0.55,1,none
23,152.67379522600095,250.0,73.0,219.0,473.0,359.5,309.5,103587.0,0.7777636051177979,TRACKING,0.05099655500089284,0.0,7.719045516309522,0,0,0,0.436981201171875,0.0002975485352536779,1.0,0,0,0,0,none,nan,nan,nan,nan,nan,3,2,1.0,0,0.55,1,none
24,152.8009853310068,250.0,73.0,219.0,473.0,359.5,309.5,103587.0,0.7393141388893127,TRACKING,0.046419095000601374,0.0,7.862246830866919,0,0,0,0.0,0.0,1.0,0,0,0,0,none,nan,nan,nan,nan,nan,3,2,1.0,0,0.55,1,none
25,152.91445206600474,250.0,73.0,219.0,473.0,359.5,309.5,103587.0,0.7248680591583252,TRACKING,0.05418366700178012,0.0,8.813155679664701,0,0,0,0.0,0.0,1.0,0,0,0,0,none,nan,nan,nan,nan,nan,3,2,1.0,0,0.55,1,none
26,153.05071667200536,250.0,73.0,219.0,473.0,359.5,309.5,103587.0,0.7148094773292542,TRACKING,0.05982688401127234,0.0,7.3386628365947795,0,0,0,0.0,0.0,1.0,0,0,0,0,none,nan,nan,nan,nan,nan,3,2,1.0,0,0.55,1,none
27,154.70682757900795,250.0,73.0,219.0,473.0,359.5,309.5,103587.0,0.6981217265129089,TRACKING,1.5804289849911584,0.0,0.6038242944791131,0,0,0,0.0,0.0,1.0,0,0,0,0,none,nan,nan,nan,nan,nan,3,2,1.0,0,0.55,1,none
28,154.8360883610003,250.0,73.0,219.0,473.0,359.5,309.5,103587.0,0.665721595287323,TRACKING,0.051196090993471444,0.0,7.736298547685058,0,0,0,0.0,0.0,1.0,0,0,0,0,none,nan,nan,nan,nan,nan,3,2,1.0,0,0.55,1,none
29,154.96099064699956,250.0,73.0,219.0,473.0,359.5,309.5,103587.0,0.6527197957038879,TRACKING,0.0488393650011858,0.0,8.00625858846051,0,0,0,0.0,0.0,1.0,0,0,0,0,none,nan,nan,nan,nan,nan,3,2,1.0,0,0.55,1,none
30,155.28683142100635,262.87396240234375,66.56301879882812,219.0,473.0,372.37396240234375,303.0630187988281,103587.0,0.6511533260345459,TRACKING,0.05941864399937913,0.0,3.0689836256623746,0,0,0,14.39352753570856,0.009800817572697015,1.0,0,0,0,0,none,nan,nan,nan,nan,nan,3,2,1.0,0,0.55,1,none
31,155.42679820400372,269.4369812011719,73.43698120117188,219.0,473.0,378.9369812011719,309.9369812011719,103587.0,0.641305685043335,TRACKING,0.056618311995407566,0.0,7.144552290087606,0,0,0,9.503924182284223,0.00647139673747294,1.0,0,0,0,0,none,nan,nan,nan,nan,nan,3,2,1.0,0,0.55,1,none
32,155.55993830400985,275.4369812011719,73.0,219.0,473.0,384.9369812011719,309.5,103587.0,0.6758944988250732,TRACKING,0.05617465599789284,0.0,7.510885149958234,0,0,0,6.015891668753487,0.004096331259747595,1.0,0,0,0,0,none,nan,nan,nan,nan,nan,3,2,1.0,0,0.55,1,none
33,155.68979347600543,275.0,73.0,219.0,473.0,384.5,309.5,103587.0,0.659644603729248,TRACKING,0.051142548996722326,0.0,7.700886954537215,0,0,0,0.436981201171875,0.0002975485352536779,1.0,0,0,0,0,none,nan,nan,nan,nan,nan,3,2,1.0,0,0.55,1,none
34,155.81650513100612,275.0,73.0,219.0,473.0,384.5,309.5,103587.0,0.6451225280761719,TRACKING,0.04885785499936901,0.0,7.891933855607455,0,0,0,0.0,0.0,1.0,0,0,0,0,none,nan,nan,nan,nan,nan,3,2,1.0,0,0.55,1,none
35,155.94585523800924,281.4369812011719,73.0,219.0,473.0,390.9369812011719,309.5,103587.0,0.6344059705734253,TRACKING,0.052537168012349866,0.0,7.730956109498086,0,0,0,6.436981201171875,0.004383058865525003,1.0,0,0,0,0,none,nan,nan,nan,nan,nan,3,2,1.0,0,0.55,1,none
36,156.08740523899905,281.0,73.0,219.0,473.0,390.5,309.5,103587.0,0.6481032967567444,TRACKING,0.06357963499613106,0.0,7.064641420044859,0,0,0,0.436981201171875,0.0002975485352536779,1.0,0,0,0,0,none,nan,nan,nan,nan,nan,3,2,1.0,0,0.55,1,none
37,156.20955511101056,281.0,73.0,219.0,473.0,390.5,309.5,103587.0,0.6409992575645447,TRACKING,0.058872641006018966,0.0,8.186664329094114,0,0,0,0.0,0.0,1.0,0,0,0,0,none,nan,nan,nan,nan,nan,3,2,1.0,0,0.55,1,none
38,156.3398434720002,281.0,73.0,219.0,473.0,390.5,309.5,103587.0,0.6448277831077576,TRACKING,0.05346667001140304,0.0,7.675282676089688,0,0,0,0.0,0.0,1.0,0,0,0,0,none,nan,nan,nan,nan,nan,3,2,1.0,0,0.55,1,none
39,156.4675289010047,287.4369812011719,73.0,219.0,473.0,396.9369812011719,309.5,103587.0,0.639341413974762,TRACKING,0.050401227999827825,0.0,7.831747191489341,0,0,0,6.436981201171875,0.004383058865525003,1.0,0,0,0,0,none,nan,nan,nan,nan,nan,3,2,1.0,0,0.55,1,none
40,156.588477805999,287.0,73.0,219.0,473.0,396.5,309.5,103587.0,0.652786374092102,TRACKING,0.04514270801155362,0.0,8.267954141851753,0,0,0,0.436981201171875,0.0002975485352536779,1.0,0,0,0,0,none,nan,nan,nan,nan,nan,3,2,1.0,0,0.55,1,none
41,156.72577071900014,287.0,73.0,219.0,473.0,396.5,309.5,103587.0,0.6542146801948547,TRACKING,0.06041356499190442,0.0,7.2836971562519395,0,0,0,0.0,0.0,1.0,0,0,0,0,none,nan,nan,nan,nan,nan,3,2,1.0,0,0.55,1,none
42,156.85542510500818,287.0,73.0,219.0,473.0,396.5,309.5,103587.0,0.6386203169822693,TRACKING,0.05221632600296289,0.0,7.712812738459725,0,0,0,0.0,0.0,1.0,0,0,0,0,none,nan,nan,nan,nan,nan,3,2,1.0,0,0.55,1,none
43,156.983872117009,287.0,73.0,219.0,473.0,396.5,309.5,103587.0,0.6551103591918945,TRACKING,0.049160934999235906,0.0,7.785311502563484,0,0,0,0.0,0.0,1.0,0,0,0,0,none,nan,nan,nan,nan,nan,3,2,1.0,0,0.55,1,none
44,157.10864976400626,293.4369812011719,73.0,219.0,473.0,402.9369812011719,309.5,103587.0,0.6506049036979675,TRACKING,0.04926479198911693,0.0,8.014255951004422,0,0,0,6.436981201171875,0.004383058865525003,1.0,0,0,0,0,none,nan,nan,nan,nan,nan,3,2,1.0,0,0.55,1,none
45,157.22769221400085,293.0,73.0,219.0,473.0,402.5,309.5,103587.0,0.6399911642074585,TRACKING,0.04141417700157035,0.0,8.400364744218603,0,0,0,0.436981201171875,0.0002975485352536779,1.0,0,0,0,0,none,nan,nan,nan,nan,nan,3,2,1.0,0,0.55,1,none
46,157.35297726999852,293.0,73.0,219.0,473.0,402.5,309.5,103587.0,0.6602386236190796,TRACKING,0.047267190006095916,0.0,7.981797925034548,0,0,0,0.0,0.0,1.0,0,0,0,0,none,nan,nan,nan,nan,nan,3,2,1.0,0,0.55,1,none
47,157.47828576499887,293.0,73.0,219.0,473.0,402.5,309.5,103587.0,0.6402665972709656,TRACKING,0.04941932800284121,0.0,7.980304926630671,0,0,0,0.0,0.0,1.0,0,0,0,0,none,nan,nan,nan,nan,nan,3,2,1.0,0,0.55,1,none
48,157.60575733501173,293.0,73.0,219.0,473.0,402.5,309.5,103587.0,0.6389891505241394,TRACKING,0.04897103499388322,0.0,7.84488650998124,0,0,0,0.0,0.0,1.0,0,0,0,0,none,nan,nan,nan,nan,nan,3,2,1.0,0,0.55,1,none
49,157.71257634900394,293.0,73.0,219.0,473.0,402.5,309.5,103587.0,0.6493592858314514,TRACKING,0.046993485011626035,0.0,9.361629195275528,0,0,0,0.0,0.0,1.0,0,0,0,0,none,nan,nan,nan,nan,nan,3,2,1.0,0,0.55,1,none
50,157.83766244200524,293.0,73.0,219.0,473.0,402.5,309.5,103587.0,0.6495577096939087,TRACKING,0.04972756501229014,0.0,7.994493840251317,0,0,0,0.0,0.0,1.0,0,0,0,0,none,nan,nan,nan,nan,nan,3,2,1.0,0,0.55,1,none
51,157.9631838589994,293.0,73.0,219.0,473.0,402.5,309.5,103587.0,0.6358745694160461,TRACKING,0.04964964599639643,0.0,7.966767934483389,0,0,0,0.0,0.0,1.0,0,0,0,0,none,nan,nan,nan,nan,nan,3,2,1.0,0,0.55,1,none
52,158.13640560100612,293.0,73.0,219.0,473.0,402.5,309.5,103587.0,0.6291851997375488,TRACKING,0.09708335000323132,0.0,5.772947370320416,0,0,0,0.0,0.0,1.0,0,0,0,0,none,nan,nan,nan,nan,nan,3,2,1.0,0,0.55,1,none
53,158.25430948000576,293.0,73.0,219.0,473.0,402.5,309.5,103587.0,0.6402641534805298,TRACKING,0.043285943000228144,0.0,8.481485159644691,0,0,0,0.0,0.0,1.0,0,0,0,0,none,nan,nan,nan,nan,nan,3,2,1.0,0,0.55,1,none
54,158.3821848110092,293.0,73.0,219.0,473.0,402.5,309.5,103587.0,0.6562880873680115,TRACKING,0.051259425992611796,0.0,7.820116610083357,0,0,0,0.0,0.0,1.0,0,0,0,0,none,nan,nan,nan,nan,nan,3,2,1.0,0,0.55,1,none
55,158.50705449200177,293.0,73.0,219.0,473.0,402.5,309.5,103587.0,0.653815746307373,TRACKING,0.04524396099441219,0.0,8.008349120869289,0,0,0,0.0,0.0,1.0,0,0,0,0,none,nan,nan,nan,nan,nan,3,2,1.0,0,0.55,1,none
56,158.63051575201098,293.0,73.0,219.0,473.0,402.5,309.5,103587.0,0.6707775592803955,TRACKING,0.04641972099489067,0.0,8.099706741413621,0,0,0,0.0,0.0,1.0,0,0,0,0,none,nan,nan,nan,nan,nan,3,2,1.0,0,0.55,1,none
57,158.7600196650019,293.0,73.0,219.0,473.0,402.5,309.5,103587.0,0.6653821468353271,TRACKING,0.04734864999772981,0.0,7.721774399744735,0,0,0,0.0,0.0,1.0,0,0,0,0,none,nan,nan,nan,nan,nan,3,2,1.0,0,0.55,1,none
58,158.8795224390051,293.0,73.0,219.0,473.0,402.5,309.5,103587.0,0.6724759340286255,TRACKING,0.03884275699965656,0.0,8.36800658680331,0,0,0,0.0,0.0,1.0,0,0,0,0,none,nan,nan,nan,nan,nan,3,2,1.0,0,0.55,1,none
59,159.00196284000413,293.0,73.0,219.0,473.0,402.5,309.5,103587.0,0.6671152710914612,TRACKING,0.039435012004105374,0.0,8.167238851233796,0,0,0,0.0,0.0,1.0,0,0,0,0,none,nan,nan,nan,nan,nan,3,2,1.0,0,0.55,1,none
60,159.1353843530087,293.0,73.0,219.0,473.0,402.5,309.5,103587.0,0.6747941970825195,TRACKING,0.04409054698771797,0.0,7.495043171678692,0,0,0,0.0,0.0,1.0,0,0,0,0,none,nan,nan,nan,nan,nan,3,2,1.0,0,0.55,1,none
61,159.24617701000534,293.0,73.0,219.0,473.0,402.5,309.5,103587.0,0.6579776406288147,TRACKING,0.04874774799100123,0.0,9.02586892586534,0,0,0,0.0,0.0,1.0,0,0,0,0,none,nan,nan,nan,nan,nan,3,2,1.0,0,0.55,1,none
62,159.36695158699877,293.0,73.0,219.0,473.0,402.5,309.5,103587.0,0.6466172933578491,TRACKING,0.04460009100148454,0.0,8.279888242162334,0,0,0,0.0,0.0,1.0,0,0,0,0,none,nan,nan,nan,nan,nan,3,2,1.0,0,0.55,1,none
63,159.48897239399957,293.0,73.0,219.0,473.0,402.5,309.5,103587.0,0.629165530204773,TRACKING,0.04672629100969061,0.0,8.19532360569763,0,0,0,0.0,0.0,1.0,0,0,0,0,none,nan,nan,nan,nan,nan,3,2,1.0,0,0.55,1,none
64,159.61828281200724,299.4369812011719,73.0,219.0,473.0,408.9369812011719,309.5,103587.0,0.6350120306015015,TRACKING,0.05214559499290772,0.0,7.733328956842001,0,0,0,6.436981201171875,0.004383058865525003,1.0,0,0,0,0,none,nan,nan,nan,nan,nan,3,2,1.0,0,0.55,1,none
65,159.7551543610025,305.4369812011719,73.0,219.0,473.0,414.9369812011719,309.5,103587.0,0.6409154534339905,TRACKING,0.059704900995711796,0.0,7.306120280955078,0,0,0,6.0,0.004085510330271325,1.0,0,0,0,0,none,nan,nan,nan,nan,nan,3,2,1.0,0,0.55,1,none
66,159.88603810100176,305.0,79.43698120117188,219.0,473.0,414.5,315.9369812011719,103587.0,0.6542379856109619,TRACKING,0.05410246799874585,0.0,7.640368467508904,0,0,0,6.451796614464667,0.004393146952867492,1.0,0,0,0,0,none,nan,nan,nan,nan,nan,3,2,1.0,0,0.55,1,none
67,160.01605405900045,311.4369812011719,79.0,219.0,473.0,420.9369812011719,315.5,103587.0,0.6686765551567078,TRACKING,0.05394485998840537,0.0,7.69136354792729,0,0,0,6.451796614464667,0.004393146952867492,1.0,0,0,0,0,none,nan,nan,nan,nan,nan,3,2,1.0,0,0.55,1,none
68,160.1454968770122,311.0,79.0,219.0,473.0,420.5,315.5,103587.0,0.6608864665031433,TRACKING,0.05185735899431165,0.0,7.72541895610855,0,0,0,0.436981201171875,0.0002975485352536779,1.0,0,0,0,0,none,nan,nan,nan,nan,nan,3,2,1.0,0,0.55,1,none
69,160.2852833950019,317.4369812011719,79.0,219.0,473.0,426.9369812011719,315.5,103587.0,0.6450524926185608,TRACKING,0.05427773199335206,0.0,7.15376571633071,0,0,0,6.436981201171875,0.004383058865525003,1.0,0,0,0,0,none,nan,nan,nan,nan,nan,3,2,1.0,0,0.55,1,none
70,160.40947456900903,317.0,79.0,219.0,473.0,426.5,315.5,103587.0,0.6479628086090088,TRACKING,0.04674519800755661,0.0,8.052101995126721,0,0,0,0.436981201171875,0.0002975485352536779,1.0,0,0,0,0,none,nan,nan,nan,nan,nan,3,2,1.0,0,0.55,1,none
71,160.53955292400497,317.0,79.0,219.0,473.0,426.5,315.5,103587.0,0.661162793636322,TRACKING,0.0508699380006874,0.0,7.687674094827571,0,0,0,0.0,0.0,1.0,0,0,0,0,none,nan,nan,nan,nan,nan,3,2,1.0,0,0.55,1,none
72,160.67105178401107,323.4369812011719,79.0,219.0,473.0,432.9369812011719,315.5,103587.0,0.6480332016944885,TRACKING,0.055942775012226775,0.0,7.604628663347953,0,0,0,6.436981201171875,0.004383058865525003,1.0,0,0,0,0,none,nan,nan,nan,nan,nan,3,2,1.0,0,0.55,1,none
73,160.78915717900964,323.0,79.0,219.0,473.0,432.5,315.5,103587.0,0.626803994178772,TRACKING,0.05618903100548778,0.0,8.467013721194933,0,0,0,0.436981201171875,0.0002975485352536779,1.0,0,0,0,0,none,nan,nan,nan,nan,nan,3,2,1.0,0,0.55,1,none
74,160.91677203400468,323.0,79.0,219.0,473.0,432.5,315.5,103587.0,0.6380639672279358,TRACKING,0.04808366799261421,0.0,7.8360783314672,0,0,0,0.0,0.0,1.0,0,0,0,0,none,nan,nan,nan,nan,nan,3,2,1.0,0,0.55,1,none
75,161.04806516000826,323.0,72.56301879882812,219.0,473.0,432.5,309.0630187988281,103587.0,0.6381989121437073,TRACKING,0.05104864000168163,0.0,7.616544981743394,0,0,0,6.436981201171875,0.004383058865525003,1.0,0,0,0,0,none,nan,nan,nan,nan,nan,3,2,1.0,0,0.55,1,none
76,161.18229174500448,323.0,73.0,219.0,473.0,432.5,309.5,103587.0,0.5798634886741638,TRACKING,0.05425444999127649,0.0,7.450088967310104,0,0,0,0.436981201171875,0.0002975485352536779,1.0,0,0,0,0,none,nan,nan,nan,nan,nan,3,2,1.0,0,0.55,1,none
77,161.3610677950055,323.0,73.0,219.0,473.0,432.5,309.5,103587.0,0.5965812802314758,TRACKING,0.09815957600949332,0.0,5.593590416581072,0,0,0,0.0,0.0,1.0,0,0,0,0,none,nan,nan,nan,nan,nan,3,2,1.0,0,0.55,1,none
78,161.4928420780052,329.4369812011719,73.0,219.0,473.0,438.9369812011719,309.5,103587.0,0.6145399212837219,TRACKING,0.054553103997022845,0.0,7.588734138681545,0,0,0,6.436981201171875,0.004383058865525003,1.0,0,0,0,0,none,nan,nan,nan,nan,nan,3,2,1.0,0,0.55,1,none
79,161.61373207499855,329.0,73.0,219.0,473.0,438.5,309.5,103587.0,0.6368737816810608,TRACKING,0.04304994699486997,0.0,8.271983000007548,0,0,0,0.436981201171875,0.0002975485352536779,1.0,0,0,0,0,none,nan,nan,nan,nan,nan,3,2,1.0,0,0.55,1,none
80,161.73508197900082,329.0,73.0,219.0,473.0,438.5,309.5,103587.0,0.6664125323295593,TRACKING,0.043917521004914306,0.0,8.240632806609167,0,0,0,0.0,0.0,1.0,0,0,0,0,none,nan,nan,nan,nan,nan,3,2,1.0,0,0.55,1,none
81,161.87261703400873,329.0,73.0,219.0,473.0,438.5,309.5,103587.0,0.6509912610054016,TRACKING,0.060267676002695225,0.0,7.270873596135514,0,0,0,0.0,0.0,1.0,0,0,0,0,none,nan,nan,nan,nan,nan,3,2,1.0,0,0.55,1,none
82,161.99749155899917,329.0,73.0,219.0,473.0,438.5,309.5,103587.0,0.6522084474563599,TRACKING,0.047317660006228834,0.0,8.008038469627888,0,0,0,0.0,0.0,1.0,0,0,0,0,none,nan,nan,nan,nan,nan,3,2,1.0,0,0.55,1,none
83,162.1223066040111,329.0,73.0,219.0,473.0,438.5,309.5,103587.0,0.6570205092430115,TRACKING,0.047750327008543536,0.0,8.01185465986438,0,0,0,0.0,0.0,1.0,0,0,0,0,none,nan,nan,nan,nan,nan,3,2,1.0,0,0.55,1,none
84,162.24182989900874,329.0,73.0,219.0,473.0,438.5,309.5,103587.0,0.6525094509124756,TRACKING,0.042922704000375234,0.0,8.366569880957451,0,0,0,0.0,0.0,1.0,0,0,0,0,none,nan,nan,nan,nan,nan,3,2,1.0,0,0.55,1,none
85,162.350734904001,329.0,73.0,219.0,473.0,438.5,309.5,103587.0,0.643706202507019,TRACKING,0.047429277998162434,0.0,9.182314440654167,0,0,0,0.0,0.0,1.0,0,0,0,0,none,nan,nan,nan,nan,nan,3,2,1.0,0,0.55,1,none
86,162.47617496400198,335.4369812011719,73.0,219.0,473.0,444.9369812011719,309.5,103587.0,0.6103295087814331,TRACKING,0.04931489800219424,0.0,7.971934962341082,0,0,0,6.436981201171875,0.004383058865525003,1.0,0,0,0,0,none,nan,nan,nan,nan,nan,3,2,1.0,0,0.55,1,none
87,162.60060760300257,335.0,73.0,219.0,473.0,444.5,309.5,103587.0,0.6289114356040955,TRACKING,0.04747083999973256,0.0,8.036476667470453,0,0,0,0.436981201171875,0.0002975485352536779,1.0,0,0,0,0,none,nan,nan,nan,nan,nan,3,2,1.0,0,0.55,1,none
88,162.72103639000852,335.0,73.0,219.0,473.0,444.5,309.5,103587.0,0.6203752160072327,TRACKING,0.04401330499968026,0.0,8.303662478561732,0,0,0,0.0,0.0,1.0,0,0,0,0,none,nan,nan,nan,nan,nan,3,2,1.0,0,0.55,1,none
89,162.84848681400763,335.0,73.0,219.0,473.0,444.5,309.5,103587.0,0.6230413317680359,TRACKING,0.049326409003697336,0.0,7.846188099044717,0,0,0,0.0,0.0,1.0,0,0,0,0,none,nan,nan,nan,nan,nan,3,2,1.0,0,0.55,1,none
90,162.9761256280035,335.0,73.0,219.0,473.0,444.5,309.5,103587.0,0.5911327600479126,TRACKING,0.04901072398934048,0.0,7.834607426173173,0,0,0,0.0,0.0,1.0,0,0,0,0,none,nan,nan,nan,nan,nan,3,2,1.0,0,0.55,1,none
91,163.1166634149995,335.0,73.0,219.0,473.0,444.5,309.5,103587.0,0.5970633029937744,TRACKING,0.054865612008143216,0.0,7.115524026492025,0,0,0,0.0,0.0,1.0,0,0,0,0,none,nan,nan,nan,nan,nan,3,2,1.0,0,0.55,1,none
92,163.2428079720121,341.4369812011719,73.0,219.0,473.0,450.9369812011719,309.5,103587.0,0.598792314529419,TRACKING,0.04575543299142737,0.0,7.927412990955763,0,0,0,6.436981201171875,0.004383058865525003,1.0,0,0,0,0,none,nan,nan,nan,nan,nan,3,2,1.0,0,0.55,1,none
93,163.3659102649981,341.0,73.0,219.0,473.0,450.5,309.5,103587.0,0.6210175156593323,TRACKING,0.04341516501153819,0.0,8.123325534754166,0,0,0,0.436981201171875,0.0002975485352536779,1.0,0,0,0,0,none,nan,nan,nan,nan,nan,3,2,1.0,0,0.55,1,none
94,163.48450254699856,341.0,73.0,219.0,473.0,450.5,309.5,103587.0,0.6219379305839539,TRACKING,0.04159563900611829,0.0,8.432251940274595,0,0,0,0.0,0.0,1.0,0,0,0,0,none,nan,nan,nan,nan,nan,3,2,1.0,0,0.55,1,none
95,163.61268918700807,341.0,73.0,219.0,473.0,450.5,309.5,103587.0,0.6038187742233276,TRACKING,0.04803465699660592,0.0,7.801124984052612,0,0,0,0.0,0.0,1.0,0,0,0,0,none,nan,nan,nan,nan,nan,3,2,1.0,0,0.55,1,none
96,163.74062061301083,341.0,73.0,219.0,473.0,450.5,309.5,103587.0,0.5953459739685059,TRACKING,0.04992923600366339,0.0,7.816687668113874,0,0,0,0.0,0.0,1.0,0,0,0,0,none,nan,nan,nan,nan,nan,3,2,1.0,0,0.55,1,none
97,163.84315347700613,341.0,73.0,219.0,473.0,450.5,309.5,103587.0,0.5977305769920349,TRACKING,0.04246842199063394,0.0,9.752970521197044,0,0,0,0.0,0.0,1.0,0,0,0,0,none,nan,nan,nan,nan,nan,3,2,1.0,0,0.55,1,none
98,163.96541887300555,341.0,79.43698120117188,219.0,473.0,450.5,315.9369812011719,103587.0,0.5912721157073975,TRACKING,0.045271462004166096,0.0,8.178929056956886,0,0,0,6.436981201171875,0.004383058865525003,1.0,0,0,0,0,none,nan,nan,nan,nan,nan,3,2,1.0,0,0.55,1,none
99,164.09809484600555,341.0,72.56301879882812,219.0,473.0,450.5,309.0630187988281,103587.0,0.602396547794342,TRACKING,0.05560323499958031,0.0,7.53715972371247,0,0,0,6.87396240234375,0.00468060740077868,1.0,0,0,0,0,none,nan,nan,nan,nan,nan,3,2,1.0,0,0.55,1,none
100,164.22551792601007,341.0,73.0,219.0,473.0,450.5,309.5,103587.0,0.6165807843208313,TRACKING,0.04881327100156341,0.0,7.847871829534623,0,0,0,0.436981201171875,0.0002975485352536779,1.0,0,0,0,0,none,nan,nan,nan,nan,nan,3,2,1.0,0,0.55,1,none
101,164.34848839200276,347.4369812011719,79.43698120117188,219.0,473.0,456.9369812011719,315.9369812011719,103587.0,0.6188247799873352,TRACKING,0.046360552005353384,0.0,8.132033915033016,0,0,0,9.103266115437922,0.006198581292305091,1.0,0,0,0,0,none,nan,nan,nan,nan,nan,3,2,1.0,0,0.55,1,none
102,164.51355445801164,353.4369812011719,79.0,219.0,473.0,462.9369812011719,315.5,103587.0,0.6031650900840759,TRACKING,0.08634682800038718,0.0,6.058180364862074,0,0,0,6.015891668753487,0.004096331259747595,1.0,0,0,0,0,none,nan,nan,nan,nan,nan,3,2,1.0,0,0.55,1,none
103,164.6447592480108,353.0,72.56301879882812,219.0,473.0,462.5,309.0630187988281,103587.0,0.6624643802642822,TRACKING,0.05313067200768273,0.0,7.621672958786763,0,0,0,6.451796614464667,0.004393146952867492,1.0,0,0,0,0,none,nan,nan,nan,nan,nan,3,2,1.0,0,0.55,1,none
104,164.76925480501086,353.0,73.0,219.0,473.0,462.5,309.5,103587.0,0.6372712850570679,TRACKING,0.04475072000059299,0.0,8.032415164820968,0,0,0,0.436981201171875,0.0002975485352536779,1.0,0,0,0,0,none,nan,nan,nan,nan,nan,3,2,1.0,0,0.55,1,none
105,164.89538451800763,359.4369812011719,73.0,219.0,473.0,468.9369812011719,309.5,103587.0,0.6319887638092041,TRACKING,0.049956632996327244,0.0,7.9283459562426515,0,0,0,6.436981201171875,0.004383058865525003,1.0,0,0,0,0,none,nan,nan,nan,nan,nan,3,2,1.0,0,0.55,1,none
106,165.0187044730119,359.0,73.0,219.0,473.0,468.5,309.5,103587.0,0.626703143119812,TRACKING,0.043531886010896415,0.0,8.10898771383296,0,0,0,0.436981201171875,0.0002975485352536779,1.0,0,0,0,0,none,nan,nan,nan,nan,nan,3,2,1.0,0,0.55,1,none
107,165.14865261600062,365.4369812011719,73.0,219.0,473.0,474.9369812011719,309.5,103587.0,0.628247082233429,TRACKING,0.05138750201149378,0.0,7.695377379011683,0,0,0,6.436981201171875,0.004383058865525003,1.0,0,0,0,0,none,nan,nan,nan,nan,nan,3,2,1.0,0,0.55,1,none
108,165.26597278199915,365.0,73.0,219.0,473.0,474.5,309.5,103587.0,0.6256222724914551,TRACKING,0.0397666350036161,0.0,8.523683814191715,0,0,0,0.436981201171875,0.0002975485352536779,1.0,0,0,0,0,none,nan,nan,nan,nan,nan,3,2,1.0,0,0.55,1,none
109,165.38189807000163,371.4369812011719,73.0,219.0,473.0,480.9369812011719,309.5,103587.0,0.6158075332641602,TRACKING,0.055049211005098186,0.0,8.626245552037556,0,0,0,6.436981201171875,0.004383058865525003,1.0,0,0,0,0,none,nan,nan,nan,nan,nan,3,2,1.0,0,0.55,1,none
110,165.49649191700155,371.0,73.0,219.0,473.0,480.5,309.5,103587.0,0.6171556115150452,TRACKING,0.03760710099595599,0.0,8.72647202428474,0,0,0,0.436981201171875,0.0002975485352536779,1.0,0,0,0,0,none,nan,nan,nan,nan,nan,3,2,1.0,0,0.55,1,none
111,165.62593275500694,377.4369812011719,73.0,219.0,473.0,486.9369812011719,309.5,103587.0,0.6239963173866272,TRACKING,0.053914338001050055,0.0,7.725537128849015,0,0,0,6.436981201171875,0.004383058865525003,1.0,0,0,0,0,none,nan,nan,nan,nan,nan,3,2,1.0,0,0.55,1,none
112,165.7559749110078,377.0,66.56301879882812,219.0,473.0,486.5,303.0630187988281,103587.0,0.6156718730926514,TRACKING,0.05109973500657361,0.0,7.689814063013762,0,0,0,6.451796614464667,0.004393146952867492,1.0,0,0,0,0,none,nan,nan,nan,nan,nan,3,2,1.0,0,0.55,1,none
113,165.8837222180009,377.0,73.43698120117188,219.0,473.0,486.5,309.9369812011719,103587.0,0.6213350892066956,TRACKING,0.05000876999110915,0.0,7.8279536652298845,0,0,0,6.87396240234375,0.00468060740077868,1.0,0,0,0,0,none,nan,nan,nan,nan,nan,3,2,1.0,0,0.55,1,none
114,166.01052012501168,377.0,66.56301879882812,219.0,473.0,486.5,303.0630187988281,103587.0,0.6294495463371277,TRACKING,0.04994902800535783,0.0,7.886565508648918,0,0,0,6.87396240234375,0.00468060740077868,1.0,0,0,0,0,none,nan,nan,nan,nan,nan,3,2,1.0,0,0.55,1,none
115,166.13205784599995,377.0,67.0,219.0,473.0,486.5,303.5,103587.0,0.6164863109588623,TRACKING,0.04508770701067988,0.0,8.227898234956198,0,0,0,0.436981201171875,0.0002975485352536779,1.0,0,0,0,0,none,nan,nan,nan,nan,nan,3,2,1.0,0,0.55,1,none
116,166.25086929999816,377.0,67.0,219.0,473.0,486.5,303.5,103587.0,0.6034398078918457,TRACKING,0.040392327995505184,0.0,8.416696929027616,0,0,0,0.0,0.0,1.0,0,0,0,0,none,nan,nan,nan,nan,nan,3,2,1.0,0,0.55,1,none
117,166.36714308601222,377.0,67.0,219.0,473.0,486.5,303.5,103587.0,0.6123636960983276,TRACKING,0.04040946399618406,0.0,8.600390804158199,0,0,0,0.0,0.0,1.0,0,0,0,0,none,nan,nan,nan,nan,nan,3,2,1.0,0,0.55,1,none
118,166.4920018289995,377.0,67.0,219.0,473.0,486.5,303.5,103587.0,0.5948808193206787,TRACKING,0.04697608899732586,0.0,8.009050676586932,0,0,0,0.0,0.0,1.0,0,0,0,0,none,nan,nan,nan,nan,nan,3,2,1.0,0,0.55,1,none
119,166.60756715900789,377.0,67.0,219.0,473.0,486.5,303.5,103587.0,0.5972657799720764,TRACKING,0.04025472000648733,0.0,8.653114216239118,0,0,0,0.0,0.0,1.0,0,0,0,0,none,nan,nan,nan,nan,nan,3,2,1.0,0,0.55,1,none
120,166.74779582400515,377.0,67.0,219.0,473.0,486.5,303.5,103587.0,0.626948893070221,TRACKING,0.055322549989796244,0.0,7.131209585568631,0,0,0,0.0,0.0,1.0,0,0,0,0,none,nan,nan,nan,nan,nan,3,2,1.0,0,0.55,1,none
121,166.85969241500425,377.0,67.0,219.0,473.0,486.5,303.5,103587.0,0.616899311542511,TRACKING,0.049940903001697734,0.0,8.93682274921217,0,0,0,0.0,0.0,1.0,0,0,0,0,none,nan,nan,nan,nan,nan,3,2,1.0,0,0.55,1,none
122,166.98922200599918,377.0,73.43698120117188,219.0,473.0,486.5,309.9369812011719,103587.0,0.6098293662071228,TRACKING,0.04979074400034733,0.0,7.720243631735906,0,0,0,6.436981201171875,0.004383058865525003,1.0,0,0,0,0,none,nan,nan,nan,nan,nan,3,2,1.0,0,0.55,1,none
123,167.10583189400495,377.0,73.0,219.0,473.0,486.5,309.5,103587.0,0.6244714856147766,TRACKING,0.04000138099945616,0.0,8.575602096029185,0,0,0,0.436981201171875,0.0002975485352536779,1.0,0,0,0,0,none,nan,nan,nan,nan,nan,3,2,1.0,0,0.55,1,none
124,167.2296115479985,377.0,73.0,219.0,473.0,486.5,309.5,103587.0,0.6344779133796692,TRACKING,0.04436893900856376,0.0,8.078872154967371,0,0,0,0.0,0.0,1.0,0,0,0,0,none,nan,nan,nan,nan,nan,3,2,1.0,0,0.55,1,none
125,167.34702869600733,377.0,73.0,219.0,473.0,486.5,309.5,103587.0,0.6304398775100708,TRACKING,0.040563791000749916,0.0,8.516643581947932,0,0,0,0.0,0.0,1.0,0,0,0,0,none,nan,nan,nan,nan,nan,3,2,1.0,0,0.55,1,none
126,167.47162540099816,377.0,73.0,219.0,473.0,486.5,309.5,103587.0,0.6316444873809814,TRACKING,0.04692311899270862,0.0,8.0258944253265,0,0,0,0.0,0.0,1.0,0,0,0,0,none,nan,nan,nan,nan,nan,3,2,1.0,0,0.55,1,none
127,167.63767341899802,377.0,73.0,219.0,473.0,486.5,309.5,103587.0,0.6140657067298889,TRACKING,0.08588879500166513,0.0,6.02235432885967,0,0,0,0.0,0.0,1.0,0,0,0,0,none,nan,nan,nan,nan,nan,3,2,1.0,0,0.55,1,none
128,167.75919895300467,377.0,73.0,219.0,473.0,486.5,309.5,103587.0,0.6376447677612305,TRACKING,0.04327552599716,0.0,8.228723355745752,0,0,0,0.0,0.0,1.0,0,0,0,0,none,nan,nan,nan,nan,nan,3,2,1.0,0,0.55,1,none
129,167.87903017200006,370.5630187988281,73.0,219.0,473.0,480.0630187988281,309.5,103587.0,0.6458423733711243,TRACKING,0.04310739699576516,0.0,8.34507074519953,0,0,0,6.436981201171875,0.004383058865525003,1.0,0,0,0,0,none,nan,nan,nan,nan,nan,3,2,1.0,0,0.55,1,none
130,167.99918322300073,371.0,73.0,219.0,473.0,480.5,309.5,103587.0,0.6460320949554443,TRACKING,0.03992205500253476,0.0,8.322718330260455,0,0,0,0.436981201171875,0.0002975485352536779,1.0,0,0,0,0,none,nan,nan,nan,nan,nan,3,2,1.0,0,0.55,1,none
131,168.12143768199894,371.0,73.0,219.0,473.0,480.5,309.5,103587.0,0.6151700019836426,TRACKING,0.04400028398958966,0.0,8.179660751798123,0,0,0,0.0,0.0,1.0,0,0,0,0,none,nan,nan,nan,nan,nan,3,2,1.0,0,0.55,1,none
132,168.24349791600253,371.0,73.0,219.0,473.0,480.5,309.5,103587.0,0.6264879107475281,TRACKING,0.04431409400422126,0.0,8.19267641229197,0,0,0,0.0,0.0,1.0,0,0,0,0,none,nan,nan,nan,nan,nan,3,2,1.0,0,0.55,1,none
133,168.34261381800752,371.0,73.0,219.0,473.0,480.5,309.5,103587.0,0.6290816068649292,TRACKING,0.04016278999915812,0.0,10.08919840077318,0,0,0,0.0,0.0,1.0,0,0,0,0,none,nan,nan,nan,nan,nan,3,2,1.0,0,0.55,1,none
134,168.46087624800566,371.0,73.0,219.0,473.0,480.5,309.5,103587.0,0.6407058835029602,TRACKING,0.03989799199916888,0.0,8.455770780422228,0,0,0,0.0,0.0,1.0,0,0,0,0,none,nan,nan,nan,nan,nan,3,2,1.0,0,0.55,1,none
135,168.58100606899825,371.0,73.0,219.0,473.0,480.5,309.5,103587.0,0.6538902521133423,TRACKING,0.042480557996896096,0.0,8.32432772926299,0,0,0,0.0,0.0,1.0,0,0,0,0,none,nan,nan,nan,nan,nan,3,2,1.0,0,0.55,1,none
136,168.701903306006,371.0,73.0,219.0,473.0,480.5,309.5,103587.0,0.6576948165893555,TRACKING,0.03983439700095914,0.0,8.27148762660297,0,0,0,0.0,0.0,1.0,0,0,0,0,none,nan,nan,nan,nan,nan,3,2,1.0,0,0.55,1,none
137,168.82468668400543,371.0,73.0,219.0,473.0,480.5,309.5,103587.0,0.6464646458625793,TRACKING,0.04418435099069029,0.0,8.144424891165336,0,0,0,0.0,0.0,1.0,0,0,0,0,none,nan,nan,nan,nan,nan,3,2,1.0,0,0.55,1,none
138,168.9474109980074,371.0,73.0,219.0,473.0,480.5,309.5,103587.0,0.6379209160804749,TRACKING,0.04344360300456174,0.0,8.148344589515817,0,0,0,0.0,0.0,1.0,0,0,0,0,none,nan,nan,nan,nan,nan,3,2,1.0,0,0.55,1,none
139,169.0798698819999,377.4369812011719,79.43698120117188,219.0,473.0,486.9369812011719,315.9369812011719,103587.0,0.6175946593284607,TRACKING,0.05262930499156937,0.0,7.549512496696902,0,0,0,9.103266115437922,0.006198581292305091,1.0,0,0,0,0,none,nan,nan,nan,nan,nan,3,2,1.0,0,0.55,1,none
140,169.20239106600638,377.0,79.0,219.0,473.0,486.5,315.5,103587.0,0.6178721189498901,TRACKING,0.0439991379971616,0.0,8.16185387130415,0,0,0,0.6179847411993514,0.0004207971740200002,1.0,0,0,0,0,none,nan,nan,nan,nan,nan,3,2,1.0,0,0.55,1,none
141,169.32283250900218,377.0,79.0,219.0,473.0,486.5,315.5,103587.0,0.6206534504890442,TRACKING,0.042974007010343485,0.0,8.302789929500344,0,0,0,0.0,0.0,1.0,0,0,0,0,none,nan,nan,nan,nan,nan,3,2,1.0,0,0.55,1,none
142,169.43915296300838,377.0,79.0,219.0,473.0,486.5,315.5,103587.0,0.6215735673904419,TRACKING,0.03807633199903648,0.0,8.59694031065853,0,0,0,0.0,0.0,1.0,0,0,0,0,none,nan,nan,nan,nan,nan,3,2,1.0,0,0.55,1,none
143,169.55749034200562,377.0,79.0,219.0,473.0,486.5,315.5,103587.0,0.6172667741775513,TRACKING,0.038904685992747545,0.0,8.450415316561381,0,0,0,0.0,0.0,1.0,0,0,0,0,none,nan,nan,nan,nan,nan,3,2,1.0,0,0.55,1,none
144,169.6851711370109,383.4369812011719,79.0,219.0,473.0,492.9369812011719,315.5,103587.0,0.6369388103485107,TRACKING,0.04921968700364232,0.0,7.832031434003601,0,0,0,6.436981201171875,0.004383058865525003,1.0,0,0,0,0,none,nan,nan,nan,nan,nan,3,2,1.0,0,0.55,1,none
145,169.78870751500654,383.0,85.43698120117188,219.0,473.0,492.5,321.9369812011719,103587.0,0.6332182884216309,TRACKING,0.04252951800299343,0.0,9.658441017149194,0,0,0,6.451796614464667,0.004393146952867492,1.0,0,0,0,0,none,nan,nan,nan,nan,nan,3,2,1.0,0,0.55,1,none
146,169.90627399001096,383.0,85.0,219.0,473.0,492.5,321.5,103587.0,0.6371267437934875,TRACKING,0.04011924800579436,0.0,8.505826171639281,0,0,0,0.436981201171875,0.0002975485352536779,1.0,0,0,0,0,none,nan,nan,nan,nan,nan,3,2,1.0,0,0.55,1,none
147,170.03102184500312,383.0,85.0,219.0,473.0,492.5,321.5,103587.0,0.6167553663253784,TRACKING,0.046801656993920915,0.0,8.016169897773432,0,0,0,0.0,0.0,1.0,0,0,0,0,none,nan,nan,nan,nan,nan,3,2,1.0,0,0.55,1,none
148,170.14978579799936,383.0,85.0,219.0,473.0,492.5,321.5,103587.0,0.6011649370193481,TRACKING,0.03955464999307878,0.0,8.420063283273521,0,0,0,0.0,0.0,1.0,0,0,0,0,none,nan,nan,nan,nan,nan,3,2,1.0,0,0.55,1,none
149,170.26757696599816,383.0,85.0,219.0,473.0,492.5,321.5,103587.0,0.6070360541343689,TRACKING,0.03964746500423644,0.0,8.489600850296037,0,0,0,0.0,0.0,1.0,0,0,0,0,none,nan,nan,nan,nan,nan,3,2,1.0,0,0.55,1,none
150,170.38671525201062,383.0,85.0,219.0,473.0,492.5,321.5,103587.0,0.5785009860992432,TRACKING,0.03980960500484798,0.0,8.393607407575388,0,0,0,0.0,0.0,1.0,0,0,0,0,none,nan,nan,nan,nan,nan,3,2,1.0,0,0.55,1,none
151,170.51864073700563,383.0,85.0,219.0,473.0,492.5,321.5,103587.0,0.5668272972106934,TRACKING,0.042219822003971785,0.0,7.5800365641091725,0,0,0,0.0,0.0,1.0,0,0,0,0,none,nan,nan,nan,nan,nan,3,2,1.0,0,0.55,1,none
152,170.68582883600902,383.0,85.0,219.0,473.0,492.5,321.5,103587.0,0.569561243057251,TRACKING,0.08656818799499888,0.0,5.981286981316068,0,0,0,0.0,0.0,1.0,0,0,0,0,none,nan,nan,nan,nan,nan,3,2,1.0,0,0.55,1,none
153,170.81383630500932,383.0,85.0,219.0,473.0,492.5,321.5,103587.0,0.6411653757095337,TRACKING,0.04856743100390304,0.0,7.812044154999245,0,0,0,0.0,0.0,1.0,0,0,0,0,none,nan,nan,nan,nan,nan,3,2,1.0,0,0.55,1,none
154,170.93102719700255,383.0,85.0,219.0,473.0,492.5,321.5,103587.0,0.636102557182312,TRACKING,0.037973255006363615,0.0,8.533086343073071,0,0,0,0.0,0.0,1.0,0,0,0,0,none,nan,nan,nan,nan,nan,3,2,1.0,0,0.55,1,none
155,171.05357353801082,383.0,85.0,219.0,473.0,492.5,321.5,103587.0,0.6252533197402954,TRACKING,0.04314385500038043,0.0,8.16017836005796,0,0,0,0.0,0.0,1.0,0,0,0,0,none,nan,nan,nan,nan,nan,3,2,1.0,0,0.55,1,none
156,171.17803987499792,383.0,85.0,219.0,473.0,492.5,321.5,103587.0,0.6329646110534668,TRACKING,0.04399783599365037,0.0,8.034300873686519,0,0,0,0.0,0.0,1.0,0,0,0,0,none,nan,nan,nan,nan,nan,3,2,1.0,0,0.55,1,none
157,171.28139765599917,383.0,85.0,219.0,473.0,492.5,321.5,103587.0,0.6448681354522705,TRACKING,0.042838691995712,0.0,9.675130312519999,0,0,0,0.0,0.0,1.0,0,0,0,0,none,nan,nan,nan,nan,nan,3,2,1.0,0,0.55,1,none
158,171.40326012500736,376.5630187988281,85.0,219.0,473.0,486.0630187988281,321.5,103587.0,0.6608954071998596,TRACKING,0.044122421997599304,0.0,8.20597192998587,0,0,0,6.436981201171875,0.004383058865525003,1.0,0,0,0,0,none,nan,nan,nan,nan,nan,3,2,1.0,0,0.55,1,none
159,171.53300092001155,377.0,85.0,219.0,473.0,486.5,321.5,103587.0,0.6360464692115784,TRACKING,0.05072587099857628,0.0,7.707675908474045,0,0,0,0.436981201171875,0.0002975485352536779,1.0,0,0,0,0,none,nan,nan,nan,nan,nan,3,2,1.0,0,0.55,1,none
160,171.6569362020091,377.0,85.0,219.0,473.0,486.5,321.5,103587.0,0.6436516642570496,TRACKING,0.04354115700698458,0.0,8.068727354166962,0,0,0,0.0,0.0,1.0,0,0,0,0,none,nan,nan,nan,nan,nan,3,2,1.0,0,0.55,1,none
161,171.77660486500827,377.0,85.0,219.0,473.0,486.5,321.5,103587.0,0.6729792952537537,TRACKING,0.04099562400369905,0.0,8.356406555715406,0,0,0,0.0,0.0,1.0,0,0,0,0,none,nan,nan,nan,nan,nan,3,2,1.0,0,0.55,1,none
162,171.89797247800743,377.0,85.0,219.0,473.0,486.5,321.5,103587.0,0.6642137169837952,TRACKING,0.04098499901010655,0.0,8.239430399005016,0,0,0,0.0,0.0,1.0,0,0,0,0,none,nan,nan,nan,nan,nan,3,2,1.0,0,0.55,1,none
163,172.01880502600397,377.0,85.0,219.0,473.0,486.5,321.5,103587.0,0.6573477387428284,TRACKING,0.042670302995247766,0.0,8.27591585694787,0,0,0,0.0,0.0,1.0,0,0,0,0,none,nan,nan,nan,nan,nan,3,2,1.0,0,0.55,1,none
164,172.13551741599804,377.0,85.0,219.0,473.0,486.5,321.5,103587.0,0.6448928117752075,TRACKING,0.039215423006680794,0.0,8.568070622586557,0,0,0,0.0,0.0,1.0,0,0,0,0,none,nan,nan,nan,nan,nan,3,2,1.0,0,0.55,1,none
165,172.28589232800005,370.5630187988281,85.0,219.0,473.0,480.0630187988281,321.5,103587.0,0.6445767283439636,TRACKING,0.06713540299097076,0.0,6.650045454301913,0,0,0,6.436981201171875,0.004383058865525003,1.0,0,0,0,0,none,nan,nan,nan,nan,nan,3,2,1.0,0,0.55,1,none
166,172.41608172700217,371.0,85.0,219.0,473.0,480.5,321.5,103587.0,0.6489530205726624,TRACKING,0.04605424200417474,0.0,7.681116954720075,0,0,0,0.436981201171875,0.0002975485352536779,1.0,0,0,0,0,none,nan,nan,nan,nan,nan,3,2,1.0,0,0.55,1,none
167,172.53674557201157,371.0,85.0,219.0,473.0,480.5,321.5,103587.0,0.642002522945404,TRACKING,0.04119286799686961,0.0,8.287486611437505,0,0,0,0.0,0.0,1.0,0,0,0,0,none,nan,nan,nan,nan,nan,3,2,1.0,0,0.55,1,none
168,172.66219896600523,371.0,85.0,219.0,473.0,480.5,321.5,103587.0,0.6299961805343628,TRACKING,0.045652981993043795,0.0,7.971087653877947,0,0,0,0.0,0.0,1.0,0,0,0,0,none,nan,nan,nan,nan,nan,3,2,1.0,0,0.55,1,none
169,172.76265276700724,371.0,85.0,219.0,473.0,480.5,321.5,103587.0,0.6421507596969604,TRACKING,0.04060436399595346,0.0,9.954824904834101,0,0,0,0.0,0.0,1.0,0,0,0,0,none,nan,nan,nan,nan,nan,3,2,1.0,0,0.55,1,none
170,172.88803053399897,371.0,85.0,219.0,473.0,480.5,321.5,103587.0,0.6495043039321899,TRACKING,0.04725942900404334,0.0,7.975895758822531,0,0,0,0.0,0.0,1.0,0,0,0,0,none,nan,nan,nan,nan,nan,3,2,1.0,0,0.55,1,none
171,173.0277055910119,364.5630187988281,85.0,219.0,473.0,474.0630187988281,321.5,103587.0,0.6335219144821167,TRACKING,0.06066435300454032,0.0,7.159474435778305,0,0,0,6.436981201171875,0.004383058865525003,1.0,0,0,0,0,none,nan,nan,nan,nan,nan,3,2,1.0,0,0.55,1,none
172,173.16455656501057,365.0,85.0,219.0,473.0,474.5,321.5,103587.0,0.6125251650810242,TRACKING,0.05765662000339944,0.0,7.30721872691806,0,0,0,0.436981201171875,0.0002975485352536779,1.0,0,0,0,0,none,nan,nan,nan,nan,nan,3,2,1.0,0,0.55,1,none
173,173.29086175200064,365.0,85.0,219.0,473.0,474.5,321.5,103587.0,0.6184867024421692,TRACKING,0.04978282700176351,0.0,7.91733121838177,0,0,0,0.0,0.0,1.0,0,0,0,0,none,nan,nan,nan,nan,nan,3,2,1.0,0,0.55,1,none
174,173.42122980100976,365.0,85.0,219.0,473.0,474.5,321.5,103587.0,0.6058005094528198,TRACKING,0.05049794900696725,0.0,7.670591127202006,0,0,0,0.0,0.0,1.0,0,0,0,0,none,nan,nan,nan,nan,nan,3,2,1.0,0,0.55,1,none
175,173.55400952701166,365.0,85.0,219.0,473.0,474.5,321.5,103587.0,0.6025352478027344,TRACKING,0.05419590701058041,0.0,7.5312702481830165,0,0,0,0.0,0.0,1.0,0,0,0,0,none,nan,nan,nan,nan,nan,3,2,1.0,0,0.55,1,none
176,173.6773780240037,365.0,85.0,219.0,473.0,474.5,321.5,103587.0,0.61575847864151,TRACKING,0.04367142199771479,0.0,8.105797058259501,0,0,0,0.0,0.0,1.0,0,0,0,0,none,nan,nan,nan,nan,nan,3,2,1.0,0,0.55,1,none
177,173.8473910390021,365.0,85.0,219.0,473.0,474.5,321.5,103587.0,0.6167508959770203,TRACKING,0.09235937699850183,0.0,5.8819026296862695,0,0,0,0.0,0.0,1.0,0,0,0,0,none,nan,nan,nan,nan,nan,3,2,1.0,0,0.55,1,none
178,173.97889000301075,365.0,91.43698120117188,219.0,473.0,474.5,327.9369812011719,103587.0,0.673930287361145,TRACKING,0.05280753900296986,0.0,7.60462264884671,0,0,0,6.436981201171875,0.004383058865525003,1.0,0,0,0,0,none,nan,nan,nan,nan,nan,3,2,1.0,0,0.55,1,none
179,174.09814938501222,365.0,91.0,219.0,473.0,474.5,327.5,103587.0,0.6704297065734863,TRACKING,0.04205570399062708,0.0,8.385084537731748,0,0,0,0.436981201171875,0.0002975485352536779,1.0,0,0,0,0,none,nan,nan,nan,nan,nan,3,2,1.0,0,0.55,1,none
180,174.2357737650018,365.0,91.0,219.0,473.0,474.5,327.5,103587.0,0.6741820573806763,TRACKING,0.04985829800716601,0.0,7.266154442081789,0,0,0,0.0,0.0,1.0,0,0,0,0,none,nan,nan,nan,nan,nan,3,2,1.0,0,0.55,1,none
181,174.3342544420011,365.0,91.0,219.0,473.0,474.5,327.5,103587.0,0.6827263832092285,TRACKING,0.03871442000672687,0.0,10.154276254690545,0,0,0,0.0,0.0,1.0,0,0,0,0,none,nan,nan,nan,nan,nan,3,2,1.0,0,0.55,1,none
182,174.4578695079981,365.0,91.0,219.0,473.0,474.5,327.5,103587.0,0.683763325214386,TRACKING,0.045149584009777755,0.0,8.089628816153061,0,0,0,0.0,0.0,1.0,0,0,0,0,none,nan,nan,nan,nan,nan,3,2,1.0,0,0.55,1,none
183,174.5791409730009,365.0,91.0,219.0,473.0,474.5,327.5,103587.0,0.6886633038520813,TRACKING,0.04244701500283554,0.0,8.245962889761229,0,0,0,0.0,0.0,1.0,0,0,0,0,none,nan,nan,nan,nan,nan,3,2,1.0,0,0.55,1,none
184,174.6998742470023,365.0,91.0,219.0,473.0,474.5,327.5,103587.0,0.6758150458335876,TRACKING,0.04380022699479014,0.0,8.282720801462261,0,0,0,0.0,0.0,1.0,0,0,0,0,none,nan,nan,nan,nan,nan,3,2,1.0,0,0.55,1,none
185,174.82266679200984,371.4369812011719,91.0,219.0,473.0,480.9369812011719,327.5,103587.0,0.6735421419143677,TRACKING,0.047085725993383676,0.0,8.14381687372455,0,0,0,6.436981201171875,0.004383058865525003,1.0,0,0,0,0,none,nan,nan,nan,nan,nan,3,2,1.0,0,0.55,1,none
186,174.94774319700082,371.0,91.0,219.0,473.0,480.5,327.5,103587.0,0.6717546582221985,TRACKING,0.04570402600802481,0.0,7.9951130676656,0,0,0,0.436981201171875,0.0002975485352536779,1.0,0,0,0,0,none,nan,nan,nan,nan,nan,3,2,1.0,0,0.55,1,none
187,175.0690670059994,371.0,91.0,219.0,473.0,480.5,327.5,103587.0,0.6617249846458435,TRACKING,0.044444722996558994,0.0,8.242405248023521,0,0,0,0.0,0.0,1.0,0,0,0,0,none,nan,nan,nan,nan,nan,3,2,1.0,0,0.55,1,none
188,175.1878136669984,371.0,91.0,219.0,473.0,480.5,327.5,103587.0,0.6617876887321472,TRACKING,0.04222232199390419,0.0,8.42128942057775,0,0,0,0.0,0.0,1.0,0,0,0,0,none,nan,nan,nan,nan,nan,3,2,1.0,0,0.55,1,none
189,175.31640854700527,377.4369812011719,91.0,219.0,473.0,486.9369812011719,327.5,103587.0,0.6579903364181519,TRACKING,0.050078407002729364,0.0,7.7763593694139965,0,0,0,6.436981201171875,0.004383058865525003,1.0,0,0,0,0,none,nan,nan,nan,nan,nan,3,2,1.0,0,0.55,1,none
190,175.43474910400982,377.0,91.0,219.0,473.0,486.5,327.5,103587.0,0.6749684810638428,TRACKING,0.04097395700227935,0.0,8.450188382681727,0,0,0,0.436981201171875,0.0002975485352536779,1.0,0,0,0,0,none,nan,nan,nan,nan,nan,3,2,1.0,0,0.55,1,none
191,175.56207645199902,383.4369812011719,91.0,219.0,473.0,492.9369812011719,327.5,103587.0,0.6707416772842407,TRACKING,0.05011575199023355,0.0,7.85377231044557,0,0,0,6.436981201171875,0.004383058865525003,1.0,0,0,0,0,none,nan,nan,nan,nan,nan,3,2,1.0,0,0.55,1,none
192,175.68710045900661,383.0,91.0,219.0,473.0,492.5,327.5,103587.0,0.6665937304496765,TRACKING,0.04498369499924593,0.0,7.998463846541433,0,0,0,0.436981201171875,0.0002975485352536779,1.0,0,0,0,0,none,nan,nan,nan,nan,nan,3,2,1.0,0,0.55,1,none
193,175.79157832000055,383.0,91.0,219.0,473.0,492.5,327.5,103587.0,0.6862635016441345,TRACKING,0.04311927201342769,0.0,9.5714057551199,0,0,0,0.0,0.0,1.0,0,0,0,0,none,nan,nan,nan,nan,nan,3,2,1.0,0,0.55,1,none
194,175.91557339600695,389.4369812011719,91.0,219.0,473.0,498.9369812011719,327.5,103587.0,0.6920729279518127,TRACKING,0.0462246109964326,0.0,8.064836380667462,0,0,0,6.436981201171875,0.004383058865525003,1.0,0,0,0,0,none,nan,nan,nan,nan,nan,3,2,1.0,0,0.55,1,none
195,176.04109653100022,389.0,91.0,219.0,473.0,498.5,327.5,103587.0,0.6681493520736694,TRACKING,0.04574912998941727,0.0,7.966658895617872,0,0,0,0.436981201171875,0.0002975485352536779,1.0,0,0,0,0,none,nan,nan,nan,nan,nan,3,2,1.0,0,0.55,1,none
196,176.16736411199963,389.0,91.0,219.0,473.0,498.5,327.5,103587.0,0.6630908250808716,TRACKING,0.04641268900013529,0.0,7.919689219394066,0,0,0,0.0,0.0,1.0,0,0,0,0,none,nan,nan,nan,nan,nan,3,2,1.0,0,0.55,1,none
197,176.29029384801106,389.0,91.0,219.0,473.0,498.5,327.5,103587.0,0.6319108605384827,TRACKING,0.04361990999314003,0.0,8.134728280121175,0,0,0,0.0,0.0,1.0,0,0,0,0,none,nan,nan,nan,nan,nan,3,2,1.0,0,0.55,1,none
198,176.4095157289994,389.0,91.0,219.0,473.0,498.5,327.5,103587.0,0.6459120512008667,TRACKING,0.04068306399858557,0.0,8.38772204993015,0,0,0,0.0,0.0,1.0,0,0,0,0,none,nan,nan,nan,nan,nan,3,2,1.0,0,0.55,1,none
199,176.5461771160044,389.0,91.0,219.0,473.0,498.5,327.5,103587.0,0.6482897400856018,TRACKING,0.05823913500353228,0.0,7.317355852413305,0,0,0,0.0,0.0,1.0,0,0,0,0,none,nan,nan,nan,nan,nan,3,2,1.0,0,0.55,1,none
200,176.6785752690048,389.0,91.0,219.0,473.0,498.5,327.5,103587.0,0.6316643357276917,TRACKING,0.05387912900187075,0.0,7.552975455760459,0,0,0,0.0,0.0,1.0,0,0,0,0,none,nan,nan,nan,nan,nan,3,2,1.0,0,0.55,1,none
201,176.80405678899842,389.0,91.0,219.0,473.0,498.5,327.5,103587.0,0.6412349343299866,TRACKING,0.04591236400301568,0.0,7.969300977951055,0,0,0,0.0,0.0,1.0,0,0,0,0,none,nan,nan,nan,nan,nan,3,2,1.0,0,0.55,1,none
202,176.97059346501192,389.0,91.0,219.0,473.0,498.5,327.5,103587.0,0.6463966965675354,TRACKING,0.0884739650064148,0.0,6.004683316238274,0,0,0,0.0,0.0,1.0,0,0,0,0,none,nan,nan,nan,nan,nan,3,2,1.0,0,0.55,1,none
203,177.08672256000864,389.0,91.0,219.0,473.0,498.5,327.5,103587.0,0.6836028099060059,TRACKING,0.03877900500083342,0.0,8.611106458964686,0,0,0,0.0,0.0,1.0,0,0,0,0,none,nan,nan,nan,nan,nan,3,2,1.0,0,0.55,1,none
204,177.20767448500555,389.0,91.0,219.0,473.0,498.5,327.5,103587.0,0.6737431287765503,TRACKING,0.040218885987997055,0.0,8.267747702448688,0,0,0,0.0,0.0,1.0,0,0,0,0,none,nan,nan,nan,nan,nan,3,2,1.0,0,0.55,1,none
205,177.32579623399943,382.5630187988281,91.0,219.0,473.0,492.0630187988281,327.5,103587.0,0.6652976274490356,TRACKING,0.05830825099837966,0.0,8.465841460338357,0,0,0,6.436981201171875,0.004383058865525003,1.0,0,0,0,0,none,nan,nan,nan,nan,nan,3,2,1.0,0,0.55,1,none
206,177.45553254900733,389.4369812011719,91.0,219.0,473.0,498.9369812011719,327.5,103587.0,0.6562299728393555,TRACKING,0.051526360999559984,0.0,7.707942066483693,0,0,0,6.87396240234375,0.00468060740077868,1.0,0,0,0,0,none,nan,nan,nan,nan,nan,3,2,1.0,0,0.55,1,none
207,177.58764069501194,382.5630187988281,91.0,219.0,473.0,492.0630187988281,327.5,103587.0,0.6438996195793152,TRACKING,0.05434335899190046,0.0,7.5695559300718065,0,0,0,6.87396240234375,0.00468060740077868,1.0,0,0,0,0,none,nan,nan,nan,nan,nan,3,2,1.0,0,0.55,1,none
208,177.71670037900913,383.0,97.43698120117188,219.0,473.0,492.5,333.9369812011719,103587.0,0.6382306218147278,TRACKING,0.051876942001399584,0.0,7.7483530799735965,0,0,0,6.451796614464667,0.004393146952867492,1.0,0,0,0,0,none,nan,nan,nan,nan,nan,3,2,1.0,0,0.55,1,none
209,177.8401222620014,383.0,97.0,219.0,473.0,492.5,333.5,103587.0,0.6605644226074219,TRACKING,0.0462295070028631,0.0,8.102290904625907,0,0,0,0.436981201171875,0.0002975485352536779,1.0,0,0,0,0,none,nan,nan,nan,nan,nan,3,2,1.0,0,0.55,1,none
210,177.98100771500322,376.5630187988281,97.0,219.0,473.0,486.0630187988281,333.5,103587.0,0.6551660895347595,TRACKING,0.0590624369942816,0.0,7.097964897674842,0,0,0,6.436981201171875,0.004383058865525003,1.0,0,0,0,0,none,nan,nan,nan,nan,nan,3,2,1.0,0,0.55,1,none
211,178.11172759599867,377.0,97.0,219.0,473.0,486.5,333.5,103587.0,0.6343235373497009,TRACKING,0.04755974998988677,0.0,7.649945764827871,0,0,0,0.436981201171875,0.0002975485352536779,1.0,0,0,0,0,none,nan,nan,nan,nan,nan,3,2,1.0,0,0.55,1,none
212,178.2368495230039,377.0,90.56301879882812,219.0,473.0,486.5,327.0630187988281,103587.0,0.6632343530654907,TRACKING,0.04790632000367623,0.0,7.992204275739217,0,0,0,6.436981201171875,0.004383058865525003,1.0,0,0,0,0,none,nan,nan,nan,nan,nan,3,2,1.0,0,0.55,1,none
213,178.3587967860076,377.0,91.0,219.0,473.0,486.5,327.5,103587.0,0.6495617032051086,TRACKING,0.04508343699853867,0.0,8.200266044264184,0,0,0,0.436981201171875,0.0002975485352536779,1.0,0,0,0,0,none,nan,nan,nan,nan,nan,3,2,1.0,0,0.55,1,none
214,178.48826882400317,370.5630187988281,91.0,219.0,473.0,480.0630187988281,327.5,103587.0,0.6560443639755249,TRACKING,0.05344734599930234,0.0,7.72367543974331,0,0,0,6.436981201171875,0.004383058865525003,1.0,0,0,0,0,none,nan,nan,nan,nan,nan,3,2,1.0,0,0.55,1,none
215,178.6164520780003,371.0,97.43698120117188,219.0,473.0,480.5,333.9369812011719,103587.0,0.670793354511261,TRACKING,0.051525995004340075,0.0,7.801331053917953,0,0,0,6.451796614464667,0.004393146952867492,1.0,0,0,0,0,none,nan,nan,nan,nan,nan,3,2,1.0,0,0.55,1,none
216,178.7362157960015,371.0,97.0,219.0,473.0,480.5,333.5,103587.0,0.7003182768821716,TRACKING,0.04234362799616065,0.0,8.349774177769097,0,0,0,0.436981201171875,0.0002975485352536779,1.0,0,0,0,0,none,nan,nan,nan,nan,nan,3,2,1.0,0,0.55,1,none
217,178.843342475011,371.0,97.0,219.0,473.0,480.5,333.5,103587.0,0.6841193437576294,TRACKING,0.04701634999946691,0.0,9.334742841333535,0,0,0,0.0,0.0,1.0,0,0,0,0,none,nan,nan,nan,nan,nan,3,2,1.0,0,0.55,1,none
218,178.97645351100073,371.0,97.0,219.0,473.0,480.5,333.5,103587.0,0.6837642192840576,TRACKING,0.05341823099297471,0.0,7.5125251078150646,0,0,0,0.0,0.0,1.0,0,0,0,0,none,nan,nan,nan,nan,nan,3,2,1.0,0,0.55,1,none
219,179.11885223101126,371.0,97.0,219.0,473.0,480.5,333.5,103587.0,0.6809948086738586,TRACKING,0.060051211999962106,0.0,7.022535033503332,0,0,0,0.0,0.0,1.0,0,0,0,0,none,nan,nan,nan,nan,nan,3,2,1.0,0,0.55,1,none
220,179.26375189999817,371.0,97.0,219.0,473.0,480.5,333.5,103587.0,0.6754442453384399,TRACKING,0.06502415100112557,0.0,6.901327014696939,0,0,0,0.0,0.0,1.0,0,0,0,0,none,nan,nan,nan,nan,nan,3,2,1.0,0,0.55,1,none
221,179.38228324300144,371.0,97.0,219.0,473.0,480.5,333.5,103587.0,0.6657167673110962,TRACKING,0.04282212900579907,0.0,8.436587105677344,0,0,0,0.0,0.0,1.0,0,0,0,0,none,nan,nan,nan,nan,nan,3,2,1.0,0,0.55,1,none
222,179.53305535200343,371.0,97.0,219.0,473.0,480.5,333.5,103587.0,0.6511977910995483,TRACKING,0.07183489699673373,0.0,6.632526444176704,0,0,0,0.0,0.0,1.0,0,0,0,0,none,nan,nan,nan,nan,nan,3,2,1.0,0,0.55,1,none
223,179.6613099110109,371.0,97.0,219.0,473.0,480.5,333.5,103587.0,0.6371616125106812,TRACKING,0.05201876901264768,0.0,7.796993789060791,0,0,0,0.0,0.0,1.0,0,0,0,0,none,nan,nan,nan,nan,nan,3,2,1.0,0,0.55,1,none
224,179.78263205400435,371.0,97.0,219.0,473.0,480.5,333.5,103587.0,0.6321956515312195,TRACKING,0.04630028999235947,0.0,8.242518433374482,0,0,0,0.0,0.0,1.0,0,0,0,0,none,nan,nan,nan,nan,nan,3,2,1.0,0,0.55,1,none
225,179.90543387000798,371.0,97.0,219.0,473.0,480.5,333.5,103587.0,0.6316989660263062,TRACKING,0.042924631998175755,0.0,8.143202051429277,0,0,0,0.0,0.0,1.0,0,0,0,0,none,nan,nan,nan,nan,nan,3,2,1.0,0,0.55,1,none
226,180.0343059959996,371.0,97.0,219.0,473.0,480.5,333.5,103587.0,0.6345399022102356,TRACKING,0.0489120760030346,0.0,7.759629883540718,0,0,0,0.0,0.0,1.0,0,0,0,0,none,nan,nan,nan,nan,nan,3,2,1.0,0,0.55,1,none
227,180.20100830199954,371.0,97.0,219.0,473.0,480.5,333.5,103587.0,0.6270135045051575,TRACKING,0.09208270200178958,0.0,5.998717258298739,0,0,0,0.0,0.0,1.0,0,0,0,0,none,nan,nan,nan,nan,nan,3,2,1.0,0,0.55,1,none
228,180.32818559301086,371.0,97.0,219.0,473.0,480.5,333.5,103587.0,0.6699382066726685,TRACKING,0.05085988600330893,0.0,7.863039006790762,0,0,0,0.0,0.0,1.0,0,0,0,0,none,nan,nan,nan,nan,nan,3,2,1.0,0,0.55,1,none
229,180.43680824700277,371.0,97.0,219.0,473.0,480.5,333.5,103587.0,0.6766390800476074,TRACKING,0.04864337100298144,0.0,9.206182718334514,0,0,0,0.0,0.0,1.0,0,0,0,0,none,nan,nan,nan,nan,nan,3,2,1.0,0,0.55,1,none
230,180.56009820100735,371.0,97.0,219.0,473.0,480.5,333.5,103587.0,0.6834551692008972,TRACKING,0.0457905369985383,0.0,8.110960930059887,0,0,0,0.0,0.0,1.0,0,0,0,0,none,nan,nan,nan,nan,nan,3,2,1.0,0,0.55,1,none
231,180.6770193990087,371.0,97.0,219.0,473.0,480.5,333.5,103587.0,0.6876495480537415,TRACKING,0.040571966994320974,0.0,8.552769019594992,0,0,0,0.0,0.0,1.0,0,0,0,0,none,nan,nan,nan,nan,nan,3,2,1.0,0,0.55,1,none
232,180.79557188801118,371.0,97.0,219.0,473.0,480.5,333.5,103587.0,0.6835333108901978,TRACKING,0.04445368099550251,0.0,8.435082286456101,0,0,0,0.0,0.0,1.0,0,0,0,0,none,nan,nan,nan,nan,nan,3,2,1.0,0,0.55,1,none
233,180.90760192000016,371.0,97.0,219.0,473.0,480.5,333.5,103587.0,0.6747073531150818,TRACKING,0.039981379988603294,0.0,8.926177938593934,0,0,0,0.0,0.0,1.0,0,0,0,0,none,nan,nan,nan,nan,nan,3,2,1.0,0,0.55,1,none
234,181.0285048860096,371.0,97.0,219.0,473.0,480.5,333.5,103587.0,0.6711745858192444,TRACKING,0.04452873500122223,0.0,8.271095681158176,0,0,0,0.0,0.0,1.0,0,0,0,0,none,nan,nan,nan,nan,nan,3,2,1.0,0,0.55,1,none
235,181.14473559700127,371.0,97.0,219.0,473.0,480.5,333.5,103587.0,0.6755016446113586,TRACKING,0.04199762899952475,0.0,8.603578103138066,0,0,0,0.0,0.0,1.0,0,0,0,0,none,nan,nan,nan,nan,nan,3,2,1.0,0,0.55,1,none
236,181.26504823600408,371.0,97.0,219.0,473.0,480.5,333.5,103587.0,0.676466703414917,TRACKING,0.045708140009082854,0.0,8.31167870880705,0,0,0,0.0,0.0,1.0,0,0,0,0,none,nan,nan,nan,nan,nan,3,2,1.0,0,0.55,1,none
237,181.38124056100787,371.0,97.0,219.0,473.0,480.5,333.5,103587.0,0.6925516724586487,TRACKING,0.040708793996600434,0.0,8.606420432393826,0,0,0,0.0,0.0,1.0,0,0,0,0,none,nan,nan,nan,nan,nan,3,2,1.0,0,0.55,1,none
238,181.51006143599807,371.0,97.0,219.0,473.0,480.5,333.5,103587.0,0.6927952766418457,TRACKING,0.05332296900451183,0.0,7.762717029177908,0,0,0,0.0,0.0,1.0,0,0,0,0,none,nan,nan,nan,nan,nan,3,2,1.0,0,0.55,1,none
239,181.6260057860054,371.0,97.0,219.0,473.0,480.5,333.5,103587.0,0.6879419684410095,TRACKING,0.04090760099643376,0.0,8.624827341191693,0,0,0,0.0,0.0,1.0,0,0,0,0,none,nan,nan,nan,nan,nan,3,2,1.0,0,0.55,1,none
240,181.74720605100447,371.0,97.0,219.0,473.0,480.5,333.5,103587.0,0.6808984875679016,TRACKING,0.04220784299832303,0.0,8.250807042441272,0,0,0,0.0,0.0,1.0,0,0,0,0,none,nan,nan,nan,nan,nan,3,2,1.0,0,0.55,1,none
241,181.85482742900786,371.0,97.0,219.0,473.0,480.5,333.5,103587.0,0.686279833316803,TRACKING,0.045835071010515094,0.0,9.291834192724522,0,0,0,0.0,0.0,1.0,0,0,0,0,none,nan,nan,nan,nan,nan,3,2,1.0,0,0.55,1,none
242,181.97495870900457,371.0,97.0,219.0,473.0,480.5,333.5,103587.0,0.6652241945266724,TRACKING,0.04258957100682892,0.0,8.324226629628555,0,0,0,0.0,0.0,1.0,0,0,0,0,none,nan,nan,nan,nan,nan,3,2,1.0,0,0.55,1,none
243,182.09032434600522,371.0,97.0,219.0,473.0,480.5,333.5,103587.0,0.6544449925422668,TRACKING,0.04079150401230436,0.0,8.668092388675184,0,0,0,0.0,0.0,1.0,0,0,0,0,none,nan,nan,nan,nan,nan,3,2,1.0,0,0.55,1,none
244,182.2114771100023,371.0,97.0,219.0,473.0,480.5,333.5,103587.0,0.6633135676383972,TRACKING,0.04634867698769085,0.0,8.254041979793662,0,0,0,0.0,0.0,1.0,0,0,0,0,none,nan,nan,nan,nan,nan,3,2,1.0,0,0.55,1,none
245,182.32702467900526,371.0,97.0,219.0,473.0,480.5,333.5,103587.0,0.6554810404777527,TRACKING,0.041372926003532484,0.0,8.654444300549638,0,0,0,0.0,0.0,1.0,0,0,0,0,none,nan,nan,nan,nan,nan,3,2,1.0,0,0.55,1,none
246,182.44562732600025,371.0,97.0,219.0,473.0,480.5,333.5,103587.0,0.6427701115608215,TRACKING,0.04243373399367556,0.0,8.43151502379429,0,0,0,0.0,0.0,1.0,0,0,0,0,none,nan,nan,nan,nan,nan,3,2,1.0,0,0.55,1,none
247,182.56199351001123,371.0,97.0,219.0,473.0,480.5,333.5,103587.0,0.6359599232673645,TRACKING,0.041564389000996016,0.0,8.593561853893886,0,0,0,0.0,0.0,1.0,0,0,0,0,none,nan,nan,nan,nan,nan,3,2,1.0,0,0.55,1,none
248,182.6735836870066,371.0,97.0,219.0,473.0,480.5,333.5,103587.0,0.631826639175415,TRACKING,0.038076226992416196,0.0,8.961362253609648,0,0,0,0.0,0.0,1.0,0,0,0,0,none,nan,nan,nan,nan,nan,3,2,1.0,0,0.55,1,none
249,182.79986304001068,371.0,97.0,219.0,473.0,480.5,333.5,103587.0,0.6275143623352051,TRACKING,0.049667979998048395,0.0,7.918950930702082,0,0,0,0.0,0.0,1.0,0,0,0,0,none,nan,nan,nan,nan,nan,3,2,1.0,0,0.55,1,none
250,182.91687262500636,371.0,97.0,219.0,473.0,480.5,333.5,103587.0,0.6227395534515381,TRACKING,0.041947835998144,0.0,8.546308407442655,0,0,0,0.0,0.0,1.0,0,0,0,0,none,nan,nan,nan,nan,nan,3,2,1.0,0,0.55,1,none
251,183.03440654699807,371.0,97.0,219.0,473.0,480.5,333.5,103587.0,0.6249778866767883,TRACKING,0.04327188000024762,0.0,8.508182004430617,0,0,0,0.0,0.0,1.0,0,0,0,0,none,nan,nan,nan,nan,nan,3,2,1.0,0,0.55,1,none
252,183.19000086199958,371.0,97.0,219.0,473.0,480.5,333.5,103587.0,0.6250516772270203,TRACKING,0.07987916300771758,0.0,6.426970034157782,0,0,0,0.0,0.0,1.0,0,0,0,0,none,nan,nan,nan,nan,nan,3,2,1.0,0,0.55,1,none
253,183.29340145600145,371.0,97.0,219.0,473.0,480.5,333.5,103587.0,0.6715884208679199,TRACKING,0.04293989199504722,0.0,9.67112432624833,0,0,0,0.0,0.0,1.0,0,0,0,0,none,nan,nan,nan,nan,nan,3,2,1.0,0,0.55,1,none
254,183.40807634701196,371.0,97.0,219.0,473.0,480.5,333.5,103587.0,0.6638369560241699,TRACKING,0.041025104001164436,0.0,8.720304778038633,0,0,0,0.0,0.0,1.0,0,0,0,0,none,nan,nan,nan,nan,nan,3,2,1.0,0,0.55,1,none
255,183.5248131660046,371.0,97.0,219.0,473.0,480.5,333.5,103587.0,0.6675547361373901,TRACKING,0.04022008400352206,0.0,8.56627762028507,0,0,0,0.0,0.0,1.0,0,0,0,0,none,nan,nan,nan,nan,nan,3,2,1.0,0,0.55,1,none
256,183.64285095399828,371.0,97.0,219.0,473.0,480.5,333.5,103587.0,0.6724118590354919,TRACKING,0.04182793699146714,0.0,8.471863265123329,0,0,0,0.0,0.0,1.0,0,0,0,0,none,nan,nan,nan,nan,nan,3,2,1.0,0,0.55,1,none
257,183.75346480500593,371.0,97.0,219.0,473.0,480.5,333.5,103587.0,0.672421932220459,TRACKING,0.038029611998354085,0.0,9.040459136810854,0,0,0,0.0,0.0,1.0,0,0,0,0,none,nan,nan,nan,nan,nan,3,2,1.0,0,0.55,1,none
258,183.8820128600055,364.5630187988281,97.0,219.0,473.0,474.0630187988281,333.5,103587.0,0.6844580173492432,TRACKING,0.052928584002074786,0.0,7.779191991691031,0,0,0,6.436981201171875,0.004383058865525003,1.0,0,0,0,0,none,nan,nan,nan,nan,nan,3,2,1.0,0,0.55,1,none
259,183.99908755200158,365.0,97.0,219.0,473.0,474.5,333.5,103587.0,0.7036252617835999,TRACKING,0.04223195700615179,0.0,8.541555676553536,0,0,0,0.436981201171875,0.0002975485352536779,1.0,0,0,0,0,none,nan,nan,nan,nan,nan,3,2,1.0,0,0.55,1,none
260,184.11114065699803,365.0,97.0,219.0,473.0,474.5,333.5,103587.0,0.716771125793457,TRACKING,0.0380528410023544,0.0,8.924339937136912,0,0,0,0.0,0.0,1.0,0,0,0,0,none,nan,nan,nan,nan,nan,3,2,1.0,0,0.55,1,none
261,184.22226191600203,365.0,97.0,219.0,473.0,474.5,333.5,103587.0,0.7142176628112793,TRACKING,0.035919557994930074,0.0,8.999178095741849,0,0,0,0.0,0.0,1.0,0,0,0,0,none,nan,nan,nan,nan,nan,3,2,1.0,0,0.55,1,none
262,184.35331196300103,365.0,97.0,219.0,473.0,474.5,333.5,103587.0,0.7368870377540588,TRACKING,0.05791256399243139,0.0,7.63067257814546,0,0,0,0.0,0.0,1.0,0,0,0,0,none,nan,nan,nan,nan,nan,3,2,1.0,0,0.55,1,none
263,184.47362507000798,365.0,97.0,219.0,473.0,474.5,333.5,103587.0,0.7275976538658142,TRACKING,0.045324484002776444,0.0,8.311646377333032,0,0,0,0.0,0.0,1.0,0,0,0,0,none,nan,nan,nan,nan,nan,3,2,1.0,0,0.55,1,none
264,184.5954656110116,365.0,97.0,219.0,473.0,474.5,333.5,103587.0,0.7240734696388245,TRACKING,0.04466920800041407,0.0,8.207448783162242,0,0,0,0.0,0.0,1.0,0,0,0,0,none,nan,nan,nan,nan,nan,3,2,1.0,0,0.55,1,none
265,184.70952585100895,365.0,97.0,219.0,473.0,474.5,333.5,103587.0,0.7196916937828064,TRACKING,0.052211533999070525,0.0,8.767297000456017,0,0,0,0.0,0.0,1.0,0,0,0,0,none,nan,nan,nan,nan,nan,3,2,1.0,0,0.55,1,none
266,184.82408969700919,365.0,97.0,219.0,473.0,474.5,333.5,103587.0,0.6989538669586182,TRACKING,0.04068910599744413,0.0,8.728757238107455,0,0,0,0.0,0.0,1.0,0,0,0,0,none,nan,nan,nan,nan,nan,3,2,1.0,0,0.55,1,none
267,184.94754939500126,371.4369812011719,97.0,219.0,473.0,480.9369812011719,333.5,103587.0,0.6971604228019714,TRACKING,0.04741901699162554,0.0,8.099809219233544,0,0,0,6.436981201171875,0.004383058865525003,1.0,0,0,0,0,none,nan,nan,nan,nan,nan,3,2,1.0,0,0.55,1,none
268,185.0682952729985,371.0,97.0,219.0,473.0,480.5,333.5,103587.0,0.6804346442222595,TRACKING,0.04543542501050979,0.0,8.281856213946822,0,0,0,0.436981201171875,0.0002975485352536779,1.0,0,0,0,0,none,nan,nan,nan,nan,nan,3,2,1.0,0,0.55,1,none
269,185.18902667200018,371.0,97.0,219.0,473.0,480.5,333.5,103587.0,0.6958054900169373,TRACKING,0.04538615200726781,0.0,8.28284943493587,0,0,0,0.0,0.0,1.0,0,0,0,0,none,nan,nan,nan,nan,nan,3,2,1.0,0,0.55,1,none
270,185.31944092101185,371.0,97.0,219.0,473.0,480.5,333.5,103587.0,0.7007927894592285,TRACKING,0.052415080994251184,0.0,7.667873775898191,0,0,0,0.0,0.0,1.0,0,0,0,0,none,nan,nan,nan,nan,nan,3,2,1.0,0,0.55,1,none
271,185.46092003400554,371.0,103.43698120117188,219.0,473.0,480.5,339.9369812011719,103587.0,0.704501211643219,TRACKING,0.0582354890066199,0.0,7.0681811529634,0,0,0,6.436981201171875,0.004383058865525003,1.0,0,0,0,0,none,nan,nan,nan,nan,nan,3,2,1.0,0,0.55,1,none
272,185.58809071101132,371.0,103.0,219.0,473.0,480.5,339.5,103587.0,0.6933767199516296,TRACKING,0.049261458989349194,0.0,7.863447954708593,0,0,0,0.436981201171875,0.0002975485352536779,1.0,0,0,0,0,none,nan,nan,nan,nan,nan,3,2,1.0,0,0.55,1,none
273,185.714865440008,371.0,103.0,219.0,473.0,480.5,339.5,103587.0,0.6825677156448364,TRACKING,0.049169113000971265,0.0,7.888007396380982,0,0,0,0.0,0.0,1.0,0,0,0,0,none,nan,nan,nan,nan,nan,3,2,1.0,0,0.55,1,none
274,185.8350478670036,371.0,103.0,219.0,473.0,480.5,339.5,103587.0,0.6835410594940186,TRACKING,0.044283260009251535,0.0,8.320684021771582,0,0,0,0.0,0.0,1.0,0,0,0,0,none,nan,nan,nan,nan,nan,3,2,1.0,0,0.55,1,none
275,185.95367483700102,371.0,103.0,219.0,473.0,480.5,339.5,103587.0,0.6711376309394836,TRACKING,0.04414992300735321,0.0,8.429786245250412,0,0,0,0.0,0.0,1.0,0,0,0,0,none,nan,nan,nan,nan,nan,3,2,1.0,0,0.55,1,none
276,186.08849044800445,377.4369812011719,103.0,219.0,473.0,486.9369812011719,339.5,103587.0,0.6703554391860962,TRACKING,0.057176816000719555,0.0,7.417538611122267,0,0,0,6.436981201171875,0.004383058865525003,1.0,0,0,0,0,none,nan,nan,nan,nan,nan,3,2,1.0,0,0.55,1,none
277,186.2343170670065,377.0,103.0,219.0,473.0,486.5,339.5,103587.0,0.6819895505905151,TRACKING,0.08542149199638516,0.0,6.8574585822773075,0,0,0,0.436981201171875,0.0002975485352536779,1.0,0,0,0,0,none,nan,nan,nan,nan,nan,3,2,1.0,0,0.55,1,none
278,186.35865637000825,377.0,103.0,219.0,473.0,486.5,339.5,103587.0,0.699496328830719,TRACKING,0.04847227199934423,0.0,8.042509293990763,0,0,0,0.0,0.0,1.0,0,0,0,0,none,nan,nan,nan,nan,nan,3,2,1.0,0,0.55,1,none
279,186.49387959500018,383.4369812011719,103.0,219.0,473.0,492.9369812011719,339.5,103587.0,0.6846949458122253,TRACKING,0.05693123799574096,0.0,7.395179341859807,0,0,0,6.436981201171875,0.004383058865525003,1.0,0,0,0,0,none,nan,nan,nan,nan,nan,3,2,1.0,0,0.55,1,none
280,186.62163898500148,383.0,103.0,219.0,473.0,492.5,339.5,103587.0,0.681688129901886,TRACKING,0.04329479800071567,0.0,7.827213326471046,0,0,0,0.436981201171875,0.0002975485352536779,1.0,0,0,0,0,none,nan,nan,nan,nan,nan,3,2,1.0,0,0.55,1,none
281,186.73930811900937,383.0,103.0,219.0,473.0,492.5,339.5,103587.0,0.6739531755447388,TRACKING,0.0421403930085944,0.0,8.498405367145855,0,0,0,0.0,0.0,1.0,0,0,0,0,none,nan,nan,nan,nan,nan,3,2,1.0,0,0.55,1,none
282,186.85972154101182,383.0,103.0,219.0,473.0,492.5,339.5,103587.0,0.678275465965271,TRACKING,0.04391595900233369,0.0,8.304722043192116,0,0,0,0.0,0.0,1.0,0,0,0,0,none,nan,nan,nan,nan,nan,3,2,1.0,0,0.55,1,none
283,186.98764197601122,383.0,103.0,219.0,473.0,492.5,339.5,103587.0,0.6619237065315247,TRACKING,0.052421487009269185,0.0,7.817359282781683,0,0,0,0.0,0.0,1.0,0,0,0,0,none,nan,nan,nan,nan,nan,3,2,1.0,0,0.55,1,none
284,187.1113188140007,383.0,103.0,219.0,473.0,492.5,339.5,103587.0,0.6610267162322998,TRACKING,0.04707494500325993,0.0,8.08558834666418,0,0,0,0.0,0.0,1.0,0,0,0,0,none,nan,nan,nan,nan,nan,3,2,1.0,0,0.55,1,none
285,187.2366597049986,383.0,103.0,219.0,473.0,492.5,339.5,103587.0,0.6715751886367798,TRACKING,0.04539578799449373,0.0,7.978242312133553,0,0,0,0.0,0.0,1.0,0,0,0,0,none,nan,nan,nan,nan,nan,3,2,1.0,0,0.55,1,none
286,187.3575693370076,383.0,103.0,219.0,473.0,492.5,339.5,103587.0,0.6723845601081848,TRACKING,0.04228789600892924,0.0,8.270639678447289,0,0,0,0.0,0.0,1.0,0,0,0,0,none,nan,nan,nan,nan,nan,3,2,1.0,0,0.55,1,none
287,187.47641178200138,383.0,103.0,219.0,473.0,492.5,339.5,103587.0,0.657129168510437,TRACKING,0.04260358199826442,0.0,8.414502075014257,0,0,0,0.0,0.0,1.0,0,0,0,0,none,nan,nan,nan,nan,nan,3,2,1.0,0,0.55,1,none
288,187.60066514500068,383.0,103.0,219.0,473.0,492.5,339.5,103587.0,0.6552630662918091,TRACKING,0.04662003800331149,0.0,8.04807190615559,0,0,0,0.0,0.0,1.0,0,0,0,0,none,nan,nan,nan,nan,nan,3,2,1.0,0,0.55,1,none
289,187.70269846500014,383.0,103.0,219.0,473.0,492.5,339.5,103587.0,0.6625344753265381,TRACKING,0.04159548399911728,0.0,9.800720000145585,0,0,0,0.0,0.0,1.0,0,0,0,0,none,nan,nan,nan,nan,nan,3,2,1.0,0,0.55,1,none
290,187.82191263700952,383.0,103.0,219.0,473.0,492.5,339.5,103587.0,0.6537542939186096,TRACKING,0.043770590011263266,0.0,8.388264441591133,0,0,0,0.0,0.0,1.0,0,0,0,0,none,nan,nan,nan,nan,nan,3,2,1.0,0,0.55,1,none
291,187.95380786100577,376.5630187988281,103.0,219.0,473.0,486.0630187988281,339.5,103587.0,0.6820844411849976,TRACKING,0.0554756269993959,0.0,7.581775667846857,0,0,0,6.436981201171875,0.004383058865525003,1.0,0,0,0,0,none,nan,nan,nan,nan,nan,3,2,1.0,0,0.55,1,none
292,188.0743248790095,377.0,103.0,219.0,473.0,486.5,339.5,103587.0,0.6577391624450684,TRACKING,0.04585361199860927,0.0,8.297583333575178,0,0,0,0.436981201171875,0.0002975485352536779,1.0,0,0,0,0,none,nan,nan,nan,nan,nan,3,2,1.0,0,0.55,1,none
293,188.18913717000396,377.0,103.0,219.0,473.0,486.5,339.5,103587.0,0.6368356347084045,TRACKING,0.04123578700819053,0.0,8.709868876741915,0,0,0,0.0,0.0,1.0,0,0,0,0,none,nan,nan,nan,nan,nan,3,2,1.0,0,0.55,1,none
294,188.31119412300177,377.0,103.0,219.0,473.0,486.5,339.5,103587.0,0.6377575993537903,TRACKING,0.04571402500732802,0.0,8.192896639144747,0,0,0,0.0,0.0,1.0,0,0,0,0,none,nan,nan,nan,nan,nan,3,2,1.0,0,0.55,1,none
295,188.4372427920025,370.5630187988281,103.0,219.0,473.0,480.0630187988281,339.5,103587.0,0.6277108192443848,TRACKING,0.05118489300366491,0.0,7.93344354944472,0,0,0,6.436981201171875,0.004383058865525003,1.0,0,0,0,0,none,nan,nan,nan,nan,nan,3,2,1.0,0,0.55,1,none
296,188.56509010000445,377.4369812011719,103.0,219.0,473.0,486.9369812011719,339.5,103587.0,0.634355366230011,TRACKING,0.05398199499177281,0.0,7.821830710622186,0,0,0,6.87396240234375,0.00468060740077868,1.0,0,0,0,0,none,nan,nan,nan,nan,nan,3,2,1.0,0,0.55,1,none
297,188.68836854300753,377.0,103.0,219.0,473.0,486.5,339.5,103587.0,0.6448718905448914,TRACKING,0.04770746099529788,0.0,8.111718282936701,0,0,0,0.436981201171875,0.0002975485352536779,1.0,0,0,0,0,none,nan,nan,nan,nan,nan,3,2,1.0,0,0.55,1,none
298,188.80553245500778,377.0,103.0,219.0,473.0,486.5,339.5,103587.0,0.6476918458938599,TRACKING,0.04341474799730349,0.0,8.535051304857912,0,0,0,0.0,0.0,1.0,0,0,0,0,none,nan,nan,nan,nan,nan,3,2,1.0,0,0.55,1,none
299,188.92521247301192,377.0,103.0,219.0,473.0,486.5,339.5,103587.0,0.6528657674789429,TRACKING,0.0447190520062577,0.0,8.355613716279306,0,0,0,0.0,0.0,1.0,0,0,0,0,none,nan,nan,nan,nan,nan,3,2,1.0,0,0.55,1,none
300,189.05510181300633,377.0,103.0,219.0,473.0,486.5,339.5,103587.0,0.6556481122970581,TRACKING,0.05264664899732452,0.0,7.698861200180591,0,0,0,0.0,0.0,1.0,0,0,0,0,none,nan,nan,nan,nan,nan,3,2,1.0,0,0.55,1,none
301,189.16401395300636,377.0,103.0,219.0,473.0,486.5,339.5,103587.0,0.6681849360466003,TRACKING,0.047021714999573305,0.0,9.181712892609854,0,0,0,0.0,0.0,1.0,0,0,0,0,none,nan,nan,nan,nan,nan,3,2,1.0,0,0.55,1,none
302,189.32068558700848,377.0,103.0,219.0,473.0,486.5,339.5,103587.0,0.6605353951454163,TRACKING,0.0837336359982146,0.0,6.382776348566385,0,0,0,0.0,0.0,1.0,0,0,0,0,none,nan,nan,nan,nan,nan,3,2,1.0,0,0.55,1,none
303,189.4448017590039,377.0,103.0,219.0,473.0,486.5,339.5,103587.0,0.6827408671379089,TRACKING,0.04803601199819241,0.0,8.056967790119856,0,0,0,0.0,0.0,1.0,0,0,0,0,none,nan,nan,nan,nan,nan,3,2,1.0,0,0.55,1,none
304,189.56724637800653,377.0,103.0,219.0,473.0,486.5,339.5,103587.0,0.6803874969482422,TRACKING,0.04723109499900602,0.0,8.166957504098038,0,0,0,0.0,0.0,1.0,0,0,0,0,none,nan,nan,nan,nan,nan,3,2,1.0,0,0.55,1,none
305,189.6864516450005,377.0,103.0,219.0,473.0,486.5,339.5,103587.0,0.6846160292625427,TRACKING,0.04521213700354565,0.0,8.388891071823878,0,0,0,0.0,0.0,1.0,0,0,0,0,none,nan,nan,nan,nan,nan,3,2,1.0,0,0.55,1,none
306,189.8099517070077,377.0,103.0,219.0,473.0,486.5,339.5,103587.0,0.6744891405105591,TRACKING,0.04740151599980891,0.0,8.097161926457208,0,0,0,0.0,0.0,1.0,0,0,0,0,none,nan,nan,nan,nan,nan,3,2,1.0,0,0.55,1,none
307,189.935530104005,383.4369812011719,103.0,219.0,473.0,492.9369812011719,339.5,103587.0,0.6819971203804016,TRACKING,0.04986787999223452,0.0,7.96315308931293,0,0,0,6.436981201171875,0.004383058865525003,1.0,0,0,0,0,none,nan,nan,nan,nan,nan,3,2,1.0,0,0.55,1,none
308,190.05602962200646,383.0,103.0,219.0,473.0,492.5,339.5,103587.0,0.6732222437858582,TRACKING,0.04428763399482705,0.0,8.298788381775514,0,0,0,0.436981201171875,0.0002975485352536779,1.0,0,0,0,0,none,nan,nan,nan,nan,nan,3,2,1.0,0,0.55,1,none
309,190.18383458600147,389.4369812011719,103.0,219.0,473.0,498.9369812011719,339.5,103587.0,0.6638489961624146,TRACKING,0.05024101499293465,0.0,7.824422219148626,0,0,0,6.436981201171875,0.004383058865525003,1.0,0,0,0,0,none,nan,nan,nan,nan,nan,3,2,1.0,0,0.55,1,none
310,190.30263281000953,389.0,103.0,219.0,473.0,498.5,339.5,103587.0,0.6565062403678894,TRACKING,0.042607280003721826,0.0,8.41763425631812,0,0,0,0.436981201171875,0.0002975485352536779,1.0,0,0,0,0,none,nan,nan,nan,nan,nan,3,2,1.0,0,0.55,1,none
311,190.43059564300347,389.0,109.43698120117188,219.0,473.0,498.5,345.9369812011719,103587.0,0.6414429545402527,TRACKING,0.052972543009673245,0.0,7.8147691529096175,0,0,0,6.436981201171875,0.004383058865525003,1.0,0,0,0,0,none,nan,nan,nan,nan,nan,3,2,1.0,0,0.55,1,none
312,190.56195856101112,395.4369812011719,109.0,219.0,473.0,504.9369812011719,345.5,103587.0,0.6424210667610168,TRACKING,0.05367235200537834,0.0,7.612498376000905,0,0,0,6.451796614464667,0.004393146952867492,1.0,0,0,0,0,none,nan,nan,nan,nan,nan,3,2,1.0,0,0.55,1,none
313,190.67026073799934,395.0,109.0,219.0,473.0,504.5,345.5,103587.0,0.6466727256774902,TRACKING,0.047552144998917356,0.0,9.233424736317058,0,0,0,0.436981201171875,0.0002975485352536779,1.0,0,0,0,0,none,nan,nan,nan,nan,nan,3,2,1.0,0,0.55,1,none
314,190.79272291000234,401.4369812011719,109.0,219.0,473.0,510.9369812011719,345.5,103587.0,0.6298496723175049,TRACKING,0.0472782319993712,0.0,8.165786900917658,0,0,0,6.436981201171875,0.004383058865525003,1.0,0,0,0,0,none,nan,nan,nan,nan,nan,3,2,1.0,0,0.55,1,none
315,190.91924070600362,401.0,109.0,219.0,473.0,510.5,345.5,103587.0,0.626427173614502,TRACKING,0.04777746299805585,0.0,7.904026402656252,0,0,0,0.436981201171875,0.0002975485352536779,1.0,0,0,0,0,none,nan,nan,nan,nan,nan,3,2,1.0,0,0.55,1,none
316,191.04758099500032,407.43701171875,102.56301879882812,219.0,473.0,516.93701171875,339.0630187988281,103587.0,0.6162499189376831,TRACKING,0.05000840499997139,0.0,7.791785477635479,0,0,0,9.103287694649936,0.006198595985987357,1.0,0,0,0,0,none,nan,nan,nan,nan,nan,3,2,1.0,0,0.55,1,none
317,191.17195941400132,407.0,103.0,219.0,473.0,516.5,339.5,103587.0,0.6255584955215454,TRACKING,0.047478913998929784,0.0,8.039979990354457,0,0,0,0.6180063207625338,0.0004208118679413843,1.0,0,0,0,0,none,nan,nan,nan,nan,nan,3,2,1.0,0,0.55,1,none
318,191.3005304390099,413.43701171875,103.0,219.0,473.0,522.93701171875,339.5,103587.0,0.6190561056137085,TRACKING,0.05077050700492691,0.0,7.77780219091631,0,0,0,6.43701171875,0.004383079645505116,1.0,0,0,0,0,none,nan,nan,nan,nan,nan,3,2,1.0,0,0.55,1,none
319,191.42395685400697,413.0,103.0,219.0,473.0,522.5,339.5,103587.0,0.61129230260849,TRACKING,0.0465834740025457,0.0,8.101993402495122,0,0,0,0.43701171875,0.00029756931523379195,1.0,0,0,0,0,none,nan,nan,nan,nan,nan,3,2,1.0,0,0.55,1,none
320,191.54486351700325,413.0,103.0,219.0,473.0,522.5,339.5,103587.0,0.6039770245552063,TRACKING,0.04553251000470482,0.0,8.27084277423816,0,0,0,0.0,0.0,1.0,0,0,0,0,none,nan,nan,nan,nan,nan,3,2,1.0,0,0.55,1,none
321,191.67191689900937,413.0,103.0,219.0,473.0,522.5,339.5,103587.0,0.6038172841072083,TRACKING,0.04538880899781361,0.0,7.8707074476128085,0,0,0,0.0,0.0,1.0,0,0,0,0,none,nan,nan,nan,nan,nan,3,2,1.0,0,0.55,1,none
322,191.79292033601087,413.0,103.0,219.0,473.0,522.5,339.5,103587.0,0.6223251819610596,TRACKING,0.042494359993725084,0.0,8.264228064758841,0,0,0,0.0,0.0,1.0,0,0,0,0,none,nan,nan,nan,nan,nan,3,2,1.0,0,0.55,1,none
323,191.91756766800245,413.0,103.0,219.0,473.0,522.5,339.5,103587.0,0.6194778680801392,TRACKING,0.04841133400623221,0.0,8.022634612568627,0,0,0,0.0,0.0,1.0,0,0,0,0,none,nan,nan,nan,nan,nan,3,2,1.0,0,0.55,1,none
324,192.03761285101064,413.0,103.0,219.0,473.0,522.5,339.5,103587.0,0.6175543665885925,TRACKING,0.04335323600389529,0.0,8.330196805412816,0,0,0,0.0,0.0,1.0,0,0,0,0,none,nan,nan,nan,nan,nan,3,2,1.0,0,0.55,1,none
325,192.14956480800174,413.0,103.0,219.0,473.0,522.5,339.5,103587.0,0.597571611404419,TRACKING,0.05031867300567683,0.0,8.93240303141322,0,0,0,0.0,0.0,1.0,0,0,0,0,none,nan,nan,nan,nan,nan,3,2,1.0,0,0.55,1,none
326,192.2738109310012,419.43701171875,103.0,219.0,473.0,528.93701171875,339.5,103587.0,0.575993537902832,TRACKING,0.049459485002444126,0.0,8.048540878851389,0,0,0,6.43701171875,0.004383079645505116,1.0,0,0,0,0,none,nan,nan,nan,nan,nan,3,2,1.0,0,0.55,1,none
327,192.44712580100168,412.56298828125,103.0,219.0,473.0,522.06298828125,339.5,103587.0,0.5861707925796509,TRACKING,0.09668865299317986,0.0,5.769845368705535,0,0,0,6.8740234375,0.0046806489607389085,1.0,0,0,0,0,none,nan,nan,nan,nan,nan,3,2,1.0,0,0.55,1,none
328,192.56328343700443,413.0,103.0,219.0,473.0,522.5,339.5,103587.0,0.6370274424552917,TRACKING,0.04123438098758925,0.0,8.60899063042478,0,0,0,0.43701171875,0.00029756931523379195,1.0,0,0,0,0,none,nan,nan,nan,nan,nan,3,2,1.0,0,0.55,1,none
329,192.68711731101212,413.0,103.0,219.0,473.0,522.5,339.5,103587.0,0.6462845206260681,TRACKING,0.04991236099158414,0.0,8.075334863043413,0,0,0,0.0,0.0,1.0,0,0,0,0,none,nan,nan,nan,nan,nan,3,2,1.0,0,0.55,1,none
330,192.8228175789991,413.0,103.0,219.0,473.0,522.5,339.5,103587.0,0.6451510787010193,TRACKING,0.054209135996643454,0.0,7.369182204533098,0,0,0,0.0,0.0,1.0,0,0,0,0,none,nan,nan,nan,nan,nan,3,2,1.0,0,0.55,1,none
331,192.9514863670047,413.0,103.0,219.0,473.0,522.5,339.5,103587.0,0.6407942771911621,TRACKING,0.045009737004875205,0.0,7.771892589494927,0,0,0,0.0,0.0,1.0,0,0,0,0,none,nan,nan,nan,nan,nan,3,2,1.0,0,0.55,1,none
332,193.0752280500019,413.0,103.0,219.0,473.0,522.5,339.5,103587.0,0.6154298782348633,TRACKING,0.047411465013283305,0.0,8.081351213095893,0,0,0,0.0,0.0,1.0,0,0,0,0,none,nan,nan,nan,nan,nan,3,2,1.0,0,0.55,1,none
333,193.19610664001084,413.0,103.0,219.0,473.0,522.5,339.5,103587.0,0.6365910172462463,TRACKING,0.04467050899984315,0.0,8.272763604588881,0,0,0,0.0,0.0,1.0,0,0,0,0,none,nan,nan,nan,nan,nan,3,2,1.0,0,0.55,1,none
334,193.32395759499923,413.0,103.0,219.0,473.0,522.5,339.5,103587.0,0.6404531598091125,TRACKING,0.05087196901149582,0.0,7.821607590579315,0,0,0,0.0,0.0,1.0,0,0,0,0,none,nan,nan,nan,nan,nan,3,2,1.0,0,0.55,1,none
335,193.44462894000753,413.0,103.0,219.0,473.0,522.5,339.5,103587.0,0.6321206092834473,TRACKING,0.04592288500862196,0.0,8.286971525271241,0,0,0,0.0,0.0,1.0,0,0,0,0,none,nan,nan,nan,nan,nan,3,2,1.0,0,0.55,1,none
336,193.56608775300265,413.0,103.0,219.0,473.0,522.5,339.5,103587.0,0.6169654726982117,TRACKING,0.04356360599922482,0.0,8.233243643178177,0,0,0,0.0,0.0,1.0,0,0,0,0,none,nan,nan,nan,nan,nan,3,2,1.0,0,0.55,1,none
337,193.67457628800184,413.0,103.0,219.0,473.0,522.5,339.5,103587.0,0.6168614625930786,TRACKING,0.047622458994737826,0.0,9.21756386522693,0,0,0,0.0,0.0,1.0,0,0,0,0,none,nan,nan,nan,nan,nan,3,2,1.0,0,0.55,1,none
338,193.788938149999,413.0,103.0,219.0,473.0,522.5,339.5,103587.0,0.6307641267776489,TRACKING,0.0400210160005372,0.0,8.744173822779898,0,0,0,0.0,0.0,1.0,0,0,0,0,none,nan,nan,nan,nan,nan,3,2,1.0,0,0.55,1,none
339,193.9191790610057,413.0,103.0,219.0,473.0,522.5,339.5,103587.0,0.6474220156669617,TRACKING,0.05317739200836513,0.0,7.678078971273457,0,0,0,0.0,0.0,1.0,0,0,0,0,none,nan,nan,nan,nan,nan,3,2,1.0,0,0.55,1,none
340,194.04348091500287,413.0,103.0,219.0,473.0,522.5,339.5,103587.0,0.6356742978096008,TRACKING,0.04868300700036343,0.0,8.044932298618729,0,0,0,0.0,0.0,1.0,0,0,0,0,none,nan,nan,nan,nan,nan,3,2,1.0,0,0.55,1,none
341,194.1696762030042,419.43701171875,103.0,219.0,473.0,528.93701171875,339.5,103587.0,0.6204638481140137,TRACKING,0.0506320139975287,0.0,7.924226140594772,0,0,0,6.43701171875,0.004383079645505116,1.0,0,0,0,0,none,nan,nan,nan,nan,nan,3,2,1.0,0,0.55,1,none
342,194.29382940700452,419.0,103.0,219.0,473.0,528.5,339.5,103587.0,0.609469473361969,TRACKING,0.04671550898638088,0.0,8.054564584554782,0,0,0,0.43701171875,0.00029756931523379195,1.0,0,0,0,0,none,nan,nan,nan,nan,nan,3,2,1.0,0,0.55,1,none
343,194.41369437800313,419.0,103.0,219.0,473.0,528.5,339.5,103587.0,0.5961484909057617,TRACKING,0.042514672997640446,0.0,8.34272091061226,0,0,0,0.0,0.0,1.0,0,0,0,0,none,nan,nan,nan,nan,nan,3,2,1.0,0,0.55,1,none
344,194.53677484601212,419.0,103.0,219.0,473.0,528.5,339.5,103587.0,0.5954798460006714,TRACKING,0.045874237999669276,0.0,8.124765985834019,0,0,0,0.0,0.0,1.0,0,0,0,0,none,nan,nan,nan,nan,nan,3,2,1.0,0,0.55,1,none
345,194.66619604900188,425.43701171875,103.0,219.0,473.0,534.93701171875,339.5,103587.0,0.5880140066146851,TRACKING,0.051234477999969386,0.0,7.726709201421311,0,0,0,6.43701171875,0.004383079645505116,1.0,0,0,0,0,none,nan,nan,nan,nan,nan,3,2,1.0,0,0.55,1,none
346,194.79326745199796,431.43701171875,103.0,219.0,473.0,540.93701171875,339.5,103587.0,0.5705103874206543,TRACKING,0.048179607998463325,0.0,7.869591241003681,0,0,0,6.0,0.004085510330271325,1.0,0,0,0,0,none,nan,nan,nan,nan,nan,3,2,1.0,0,0.55,1,none
347,194.91978915400978,443.87396240234375,96.56301879882812,219.0,473.0,553.3739624023438,333.0630187988281,103587.0,0.5676618814468384,TRACKING,0.04957985199871473,0.0,7.9037823875197475,0,0,0,14.004016184308814,0.009535592131046745,1.0,0,0,0,0,none,nan,nan,nan,nan,nan,3,2,1.0,0,0.55,1,none
348,195.0614968669979,450.43701171875,97.0,219.0,473.0,559.93701171875,333.5,103587.0,0.5736172795295715,TRACKING,0.05606069399800617,0.0,7.056778907184249,0,0,0,6.57758077865701,0.004478795703232887,1.0,0,0,0,0,none,nan,nan,nan,nan,nan,3,2,1.0,0,0.55,1,none
349,195.17364752700087,456.43701171875,97.0,219.0,473.0,565.93701171875,333.5,103587.0,0.5597726702690125,TRACKING,0.051490890997229144,0.0,8.916577039971642,0,0,0,6.0,0.004085510330271325,1.0,0,0,0,0,none,nan,nan,nan,nan,nan,3,2,1.0,0,0.55,1,none
350,195.29322577100538,456.0,97.0,219.0,473.0,565.5,333.5,103587.0,0.5696441531181335,TRACKING,0.04279124199820217,0.0,8.362725245925525,0,0,0,0.43701171875,0.00029756931523379195,1.0,0,0,0,0,none,nan,nan,nan,nan,nan,3,2,1.0,0,0.55,1,none
351,195.41641598200658,456.0,97.0,219.0,473.0,565.5,333.5,103587.0,0.5778490900993347,TRACKING,0.044723218990839086,0.0,8.11752810448751,0,0,0,0.0,0.0,1.0,0,0,0,0,none,nan,nan,nan,nan,nan,3,2,1.0,0,0.55,1,none
352,195.59291718300665,462.43701171875,97.0,219.0,473.0,571.93701171875,333.5,103587.0,0.5620176196098328,TRACKING,0.09797561301093083,0.0,5.665683827271146,0,0,0,6.43701171875,0.004383079645505116,1.0,0,0,0,0,none,nan,nan,nan,nan,nan,3,2,1.0,0,0.55,1,none
353,195.7103230799985,462.0,97.0,219.0,473.0,571.5,333.5,103587.0,0.6438686847686768,TRACKING,0.04105833399808034,0.0,8.517459732618862,0,0,0,0.43701171875,0.00029756931523379195,1.0,0,0,0,0,none,nan,nan,nan,nan,nan,3,2,1.0,0,0.55,1,none
354,195.8571371720027,468.43701171875,97.0,219.0,473.0,577.93701171875,333.5,103587.0,0.6283774375915527,TRACKING,0.06876507900597062,0.0,6.811335249557319,0,0,0,6.43701171875,0.004383079645505116,1.0,0,0,0,0,none,nan,nan,nan,nan,nan,3,2,1.0,0,0.55,1,none
355,195.98286567701143,468.0,97.0,219.0,473.0,577.5,333.5,103587.0,0.614044189453125,TRACKING,0.0471683329960797,0.0,7.953645833381257,0,0,0,0.43701171875,0.00029756931523379195,1.0,0,0,0,0,none,nan,nan,nan,nan,nan,3,2,1.0,0,0.55,1,none
356,196.10777061901172,474.43701171875,97.0,219.0,473.0,583.93701171875,333.5,103587.0,0.6050232648849487,TRACKING,0.04712895699776709,0.0,8.00608834194663,0,0,0,6.43701171875,0.004383079645505116,1.0,0,0,0,0,none,nan,nan,nan,nan,nan,3,2,1.0,0,0.55,1,none
357,196.2335539170017,474.0,97.0,219.0,473.0,583.5,333.5,103587.0,0.5997323393821716,TRACKING,0.047183438000502065,0.0,7.950181112914022,0,0,0,0.43701171875,0.00029756931523379195,1.0,0,0,0,0,none,nan,nan,nan,nan,nan,3,2,1.0,0,0.55,1,none
358,196.35464084600972,480.43701171875,90.56301879882812,219.0,473.0,589.93701171875,327.0630187988281,103587.0,0.6069037914276123,TRACKING,0.04415221500676125,0.0,8.258529704174794,0,0,0,9.103287694649936,0.006198595985987357,1.0,0,0,0,0,none,nan,nan,nan,nan,nan,3,2,1.0,0,0.55,1,none
359,196.47758662400884,480.0,91.0,219.0,473.0,589.5,327.5,103587.0,0.6358544826507568,TRACKING,0.043867676009540446,0.0,8.133666859281263,0,0,0,0.6180063207625338,0.0004208118679413843,1.0,0,0,0,0,none,nan,nan,nan,nan,nan,3,2,1.0,0,0.55,1,none
360,196.61370179800724,486.43701171875,91.0,219.0,473.0,595.93701171875,327.5,103587.0,0.6135945916175842,TRACKING,0.053014888006146066,0.0,7.34671947751921,0,0,0,6.43701171875,0.004383079645505116,1.0,0,0,0,0,none,nan,nan,nan,nan,nan,3,2,1.0,0,0.55,1,none
361,196.72857893400942,486.0,91.0,219.0,473.0,595.5,327.5,103587.0,0.5980284214019775,TRACKING,0.05303509600344114,0.0,8.70495239349489,0,0,0,0.43701171875,0.00029756931523379195,1.0,0,0,0,0,none,nan,nan,nan,nan,nan,3,2,1.0,0,0.55,1,none
362,196.84748622401094,486.0,91.0,219.0,473.0,595.5,327.5,103587.0,0.5998283624649048,TRACKING,0.04162532799819019,0.0,8.409913302937513,0,0,0,0.0,0.0,1.0,0,0,0,0,none,nan,nan,nan,nan,nan,3,2,1.0,0,0.55,1,none
363,196.9726122130087,492.43701171875,91.0,219.0,473.0,601.93701171875,327.5,103587.0,0.6007543206214905,TRACKING,0.04726557500544004,0.0,7.9919448230532435,0,0,0,6.43701171875,0.004383079645505116,1.0,0,0,0,0,none,nan,nan,nan,nan,nan,3,2,1.0,0,0.55,1,none
364,197.0874105440016,492.0,91.0,219.0,473.0,601.5,327.5,103587.0,0.5974142551422119,TRACKING,0.03765475799445994,0.0,8.710928036589852,0,0,0,0.43701171875,0.00029756931523379195,1.0,0,0,0,0,none,nan,nan,nan,nan,nan,3,2,1.0,0,0.55,1,none
365,197.20850059800432,492.0,91.0,219.0,473.0,601.5,327.5,103587.0,0.5880830883979797,TRACKING,0.04444420200888999,0.0,8.258316574684537,0,0,0,0.0,0.0,1.0,0,0,0,0,none,nan,nan,nan,nan,nan,3,2,1.0,0,0.55,1,none
366,197.34727058000863,498.43701171875,91.0,219.0,473.0,607.93701171875,327.5,103587.0,0.5799173712730408,TRACKING,0.05808652599807829,0.0,7.206169414715172,0,0,0,6.43701171875,0.004383079645505116,1.0,0,0,0,0,none,nan,nan,nan,nan,nan,3,2,1.0,0,0.55,1,none
367,197.46847808400344,498.0,91.0,219.0,473.0,607.5,327.5,103587.0,0.5835587978363037,TRACKING,0.04221700900234282,0.0,8.250314271324454,0,0,0,0.43701171875,0.00029756931523379195,1.0,0,0,0,0,none,nan,nan,nan,nan,nan,3,2,1.0,0,0.55,1,none
368,197.59665290100384,504.43701171875,84.56301879882812,219.0,473.0,613.93701171875,321.0630187988281,103587.0,0.5823826193809509,TRACKING,0.049067391009884886,0.0,7.801844569802541,0,0,0,9.103287694649936,0.006198595985987357,1.0,0,0,0,0,none,nan,nan,nan,nan,nan,3,2,1.0,0,0.55,1,none
369,197.72572972001217,504.0,85.0,219.0,473.0,613.5,321.5,103587.0,0.5713561773300171,TRACKING,0.04973204400448594,0.0,7.747324482294873,0,0,0,0.6180063207625338,0.0004208118679413843,1.0,0,0,0,0,none,nan,nan,nan,nan,nan,3,2,1.0,0,0.55,1,none
370,197.85625996100134,504.0,85.0,219.0,473.0,613.5,321.5,103587.0,0.5785205364227295,TRACKING,0.044403106992831454,0.0,7.661059938462386,0,0,0,0.0,0.0,1.0,0,0,0,0,none,nan,nan,nan,nan,nan,3,2,1.0,0,0.55,1,none
371,197.98910020900075,510.43701171875,78.56301879882812,219.0,473.0,619.93701171875,315.0630187988281,103587.0,0.5677933692932129,TRACKING,0.053374012000858784,0.0,7.527839002562185,0,0,0,9.103287694649936,0.006198595985987357,1.0,0,0,0,0,none,nan,nan,nan,nan,nan,3,2,1.0,0,0.55,1,none
372,198.10735008701158,510.0,79.0,219.0,473.0,619.5,315.5,103587.0,0.5713935494422913,TRACKING,0.03781392899691127,0.0,8.456668343526095,0,0,0,0.6180063207625338,0.0004208118679413843,1.0,0,0,0,0,none,nan,nan,nan,nan,nan,3,2,1.0,0,0.55,1,none
373,198.21017337399826,510.0,85.43698120117188,219.0,473.0,619.5,321.9369812011719,103587.0,0.5661668181419373,TRACKING,0.043012081005144864,0.0,9.725423387112416,0,0,0,6.436981201171875,0.004383058865525003,1.0,0,0,0,0,none,nan,nan,nan,nan,nan,3,2,1.0,0,0.55,1,none
374,198.33314264200453,510.0,85.0,219.0,473.0,619.5,321.5,103587.0,0.584699273109436,TRACKING,0.043445998991956,0.0,8.132113138617614,0,0,0,0.436981201171875,0.0002975485352536779,1.0,0,0,0,0,none,nan,nan,nan,nan,nan,3,2,1.0,0,0.55,1,none
375,198.45895344100427,510.0,85.0,219.0,473.0,619.5,321.5,103587.0,0.6006747484207153,TRACKING,0.0451977100019576,0.0,7.948443281105705,0,0,0,0.0,0.0,1.0,0,0,0,0,none,nan,nan,nan,nan,nan,3,2,1.0,0,0.55,1,none
376,198.58951373500167,516.43701171875,85.0,219.0,473.0,625.93701171875,321.5,103587.0,0.5868850946426392,TRACKING,0.05039221698825713,0.0,7.659296478145761,0,0,0,6.43701171875,0.004383079645505116,1.0,0,0,0,0,none,nan,nan,nan,nan,nan,3,2,1.0,0,0.55,1,none
377,198.70547105401056,516.0,85.0,219.0,473.0,625.5,321.5,103587.0,0.5217289924621582,TRACKING,0.03837191200000234,0.0,8.623862715585702,0,0,0,0.43701171875,0.00029756931523379195,1.0,0,0,0,0,none,nan,nan,nan,nan,nan,3,2,1.0,0,0.55,0,none
378,198.82673678900755,516.0,85.0,219.0,473.0,625.5,321.5,103587.0,0.493425190448761,LOW_CONFIDENCE,0.03952777400263585,0.0,8.24635252509518,1,0,0,0.0,0.0,1.0,0,0,0,0,none,nan,nan,nan,nan,nan,3,2,1.0,1,0.55,0,none
379,198.94373246800387,516.0,85.0,219.0,473.0,625.5,321.5,103587.0,0.4728271961212158,LOW_CONFIDENCE,0.037329698010580614,0.0,8.547324213841017,1,0,0,0.0,0.0,1.0,0,0,0,0,none,nan,nan,nan,nan,nan,3,2,1.0,2,0.55,0,none
380,199.05973489300231,522.43701171875,91.43698120117188,219.0,473.0,631.93701171875,327.9369812011719,103587.0,0.47728854417800903,LOW_CONFIDENCE,0.036047476998646744,0.0,8.620509442052036,1,0,0,9.103287694649936,0.006198595985987357,1.0,0,0,0,0,none,nan,nan,nan,nan,nan,3,2,1.0,3,0.55,0,none
381,199.17690521100303,594.09423828125,70.40164184570312,219.0,473.0,703.59423828125,306.9016418457031,103587.0,0.4656986892223358,LOW_CONFIDENCE,0.0353132410091348,0.0,8.5345846718098,1,0,0,74.68094549769164,0.05085162905087483,1.0,0,0,0,0,none,nan,nan,nan,nan,nan,3,2,1.6,4,0.55,0,none
382,199.30385093401128,594.0,70.0,219.0,473.0,703.5,306.5,103587.0,0.4662932753562927,LOW_CONFIDENCE,0.038669367000693455,0.0,7.877382367069012,1,0,0,0.41254942233963554,0.0002809124877860081,1.0,0,0,0,0,none,nan,nan,nan,nan,nan,3,2,1.6,5,0.55,0,none
383,199.42012404301204,594.0,70.0,219.0,473.0,703.5,306.5,103587.0,0.47831588983535767,LOW_CONFIDENCE,0.03778038600285072,0.0,8.600440880904618,1,0,0,0.0,0.0,1.0,0,0,0,0,none,nan,nan,nan,nan,nan,3,2,1.6,6,0.55,0,none
384,199.54105404000438,594.0,70.0,219.0,473.0,703.5,306.5,103587.0,0.48540177941322327,LOW_CONFIDENCE,0.039793146002921276,0.0,8.269246877292996,1,0,0,0.0,0.0,1.0,0,0,0,0,none,nan,nan,nan,nan,nan,3,2,1.6,7,0.55,0,none
385,199.64722303800227,604.2991943359375,70.0,219.0,473.0,713.7991943359375,306.5,103587.0,0.499146968126297,LOW_CONFIDENCE,0.043488134993822314,0.0,9.41894544412987,1,0,0,10.2991943359375,0.007012910808824095,1.0,0,0,0,0,none,nan,nan,nan,nan,nan,3,2,1.6,8,0.55,0,none
386,199.7637012040068,604.0,70.0,219.0,473.0,713.5,306.5,103587.0,0.47531160712242126,LOW_CONFIDENCE,0.03767382199293934,0.0,8.585300012030919,1,0,0,0.2991943359375,0.0002037269250385542,1.0,0,0,0,0,none,nan,nan,nan,nan,nan,3,2,1.6,9,0.55,0,none
387,199.88406561400916,604.0,70.0,219.0,473.0,713.5,306.5,103587.0,0.522175133228302,SUSPECTED_LOST,0.03996294199896511,0.0,8.308103699260752,0,0,0,0.0,0.0,1.0,0,0,1,0,none,nan,nan,nan,nan,nan,3,2,1.6,10,0.55,0,low_score_streak
388,200.0043937730079,642.6219482421875,31.378082275390625,219.0,473.0,752.1219482421875,267.8780822753906,103587.0,0.4360824227333069,SUSPECTED_LOST,0.0401870100031374,0.0,8.310606663652402,1,0,0,54.61966143019111,0.037191531834828,1.0,0,0,2,0,none,nan,nan,nan,nan,nan,3,2,2.0,11,0.55,0,low_score_streak
389,200.12067099600972,655.8739624023438,18.126022338867188,219.0,473.0,765.3739624023438,254.6260223388672,103587.0,0.4616677165031433,SUSPECTED_LOST,0.03607070799625944,0.0,8.600136588954996,1,0,0,18.74121052286088,0.01276123486548963,1.0,0,0,3,0,none,nan,nan,nan,nan,nan,3,2,2.0,12,0.55,0,low_score_streak
390,200.2494303590065,656.0,18.0,219.0,473.0,765.5,254.5,103587.0,0.47788602113723755,SUSPECTED_LOST,0.04351391700038221,0.0,7.766425498897042,1,0,0,0.17823329070775468,0.00012136232506413064,1.0,0,0,4,0,none,nan,nan,nan,nan,nan,3,2,2.0,13,0.55,0,low_score_streak
391,200.37697713900707,656.0,18.0,219.0,473.0,765.5,254.5,103587.0,0.47038954496383667,SUSPECTED_LOST,0.04188127200177405,0.0,7.840260647862936,1,0,0,0.0,0.0,1.0,0,0,5,0,none,nan,nan,nan,nan,nan,3,2,2.0,14,0.55,0,low_score_streak
392,200.49829787600902,656.0,18.0,219.0,473.0,765.5,254.5,103587.0,0.49809879064559937,SUSPECTED_LOST,0.04098885299754329,0.0,8.242613956292667,1,0,0,0.0,0.0,1.0,0,0,6,0,none,nan,nan,nan,nan,nan,3,2,2.0,15,0.55,0,low_score_streak
393,200.622654471008,656.0,5.1260223388671875,219.0,473.0,765.5,241.6260223388672,103587.0,0.5001922845840454,SUSPECTED_LOST,0.04238477400213014,0.0,8.041390969319078,0,0,0,12.873977661132812,0.008766128121040061,1.0,0,0,7,0,none,nan,nan,nan,nan,nan,3,2,2.0,16,0.55,0,low_score_streak
394,200.74625104600273,656.0,5.0,219.0,473.0,765.5,241.5,103587.0,0.4667275846004486,SUSPECTED_LOST,0.04199669101217296,0.0,8.090839087107348,1,0,0,0.1260223388671875,8.581092788114133e-05,1.0,0,0,8,0,none,nan,nan,nan,nan,nan,3,2,2.0,17,0.55,0,low_score_streak
395,200.86530990300525,656.0,5.0,219.0,473.0,765.5,241.5,103587.0,0.4743543863296509,SUSPECTED_LOST,0.04002487000252586,0.0,8.399207124748086,1,0,0,0.0,0.0,1.0,0,0,9,0,none,nan,nan,nan,nan,nan,3,2,2.0,18,0.55,0,low_score_streak
396,200.9899726510048,668.8739624023438,5.0,219.0,473.0,778.3739624023438,241.5,103587.0,0.4680463969707489,SUSPECTED_LOST,0.04213716399681289,0.0,8.02164251989468,1,0,0,12.87396240234375,0.008766117731050006,1.0,0,0,10,0,none,nan,nan,nan,nan,nan,3,2,2.0,19,0.55,0,low_score_streak
397,201.09125532700273,669.0,5.0,219.0,473.0,778.5,241.5,103587.0,0.47901567816734314,LOST,0.0386370740015991,0.0,9.873356821855467,1,0,0,0.12603759765625,8.582131787119837e-05,1.0,0,0,11,0,none,nan,nan,nan,nan,nan,3,2,2.0,20,0.55,0,low_score_streak
398,201.21547118900344,669.0,5.0,219.0,473.0,778.5,241.5,103587.0,0.485953688621521,LOST,0.04322094099188689,0.0,8.050501633956229,1,0,0,0.0,0.0,1.0,0,0,12,0,none,nan,nan,nan,nan,nan,3,2,2.0,21,0.55,0,low_score_streak
399,201.33423863200005,669.0,5.0,219.0,473.0,778.5,241.5,103587.0,0.4453127682209015,LOST,0.03813471800822299,0.0,8.41981585836206,1,0,0,0.0,0.0,1.0,0,0,13,0,none,nan,nan,nan,nan,nan,3,2,2.0,22,0.55,0,low_score_streak
400,201.4586087170028,669.0,5.0,219.0,473.0,778.5,241.5,103587.0,0.4336617588996887,LOST,0.042428993998328224,0.0,8.040518746754774,1,0,0,0.0,0.0,1.0,0,0,14,0,none,nan,nan,nan,nan,nan,3,2,2.0,23,0.55,0,low_score_streak
401,201.5836850170017,669.0,5.0,219.0,473.0,778.5,241.5,103587.0,0.45346930623054504,LOST,0.044058254003175534,0.0,7.995119778956691,1,0,0,0.0,0.0,1.0,0,0,15,0,none,nan,nan,nan,nan,nan,3,2,2.0,24,0.55,0,low_score_streak
402,201.70960170400213,669.0,5.0,219.0,473.0,778.5,241.5,103587.0,0.45476391911506653,LOST,0.04315567899902817,0.0,7.9417591410788395,1,0,0,0.0,0.0,1.0,0,0,16,0,none,nan,nan,nan,nan,nan,3,2,2.0,25,0.55,0,low_score_streak
403,201.82948860200122,656.1260375976562,5.0,219.0,473.0,765.6260375976562,241.5,103587.0,0.4737033545970917,LOST,0.03961808900930919,0.0,8.341195048749618,1,0,0,12.87396240234375,0.008766117731050006,1.0,0,0,17,0,none,nan,nan,nan,nan,nan,3,2,2.0,26,0.55,0,low_score_streak
404,201.95322101400234,668.8739624023438,5.0,219.0,473.0,778.3739624023438,241.5,103587.0,0.4534345269203186,LOST,0.04217659200367052,0.0,8.081956730876335,1,0,0,12.7479248046875,0.008680296413178806,1.0,0,0,18,0,none,nan,nan,nan,nan,nan,3,2,2.0,27,0.55,0,low_score_streak
405,202.07570495799882,669.0,5.0,219.0,473.0,778.5,241.5,103587.0,0.4695861339569092,LOST,0.03850144598982297,0.0,8.164335400799104,1,0,0,0.12603759765625,8.582131787119837e-05,1.0,0,0,19,0,none,nan,nan,nan,nan,nan,3,2,2.0,28,0.55,0,low_score_streak
406,202.20708506400115,656.1260375976562,-7.8739776611328125,219.0,473.0,765.6260375976562,228.6260223388672,103587.0,0.4519093632698059,LOST,0.046383469001739286,0.0,7.611502459758267,1,0,0,18.20654302047226,0.012397169931444784,1.0,0,0,20,0,none,nan,nan,nan,nan,nan,3,2,2.0,29,0.55,0,low_score_streak
407,202.32595032200334,656.0,-8.0,219.0,473.0,765.5,228.5,103587.0,0.44381654262542725,LOST,0.03946496000571642,0.0,8.412887136303462,1,0,0,0.17823329070775468,0.00012136232506413064,1.0,0,0,21,0,none,nan,nan,nan,nan,nan,3,2,2.0,30,0.55,0,low_score_streak
408,202.44695896700432,656.0,-8.0,219.0,473.0,765.5,228.5,103587.0,0.44244569540023804,LOST,0.03812331199878827,0.0,8.26387238690152,1,0,0,0.0,0.0,1.0,0,0,22,0,none,nan,nan,nan,nan,nan,3,2,2.0,31,0.55,0,low_score_streak
409,202.5522431510035,656.0,-8.0,219.0,473.0,765.5,228.5,103587.0,0.434589147567749,LOST,0.044113255993579514,0.0,9.498102773041797,1,0,0,0.0,0.0,1.0,0,0,23,0,none,nan,nan,nan,nan,nan,3,2,2.0,32,0.55,0,low_score_streak
410,202.674317188008,656.0,-8.0,219.0,473.0,765.5,228.5,103587.0,0.4223533868789673,LOST,0.041591888992115855,0.0,8.191750060360318,1,0,0,0.0,0.0,1.0,0,0,24,0,none,nan,nan,nan,nan,nan,3,2,2.0,33,0.55,0,low_score_streak
411,202.79151396499947,656.0,-8.0,219.0,473.0,765.5,228.5,103587.0,0.41585782170295715,LOST,0.03794841100170743,0.0,8.532657856902684,1,0,0,0.0,0.0,1.0,0,0,25,0,none,nan,nan,nan,nan,nan,3,2,2.0,34,0.55,0,low_score_streak
412,202.91756112400617,656.0,-20.873977661132812,219.0,473.0,765.5,215.6260223388672,103587.0,0.4188888370990753,LOST,0.04490317100135144,0.0,7.9335385888929375,1,0,0,12.873977661132812,0.008766128121040061,1.0,0,0,26,0,none,nan,nan,nan,nan,nan,3,2,2.0,35,0.55,0,low_score_streak
413,203.0357113630016,656.0,-8.126022338867188,219.0,473.0,765.5,228.3739776611328,103587.0,0.41388410329818726,LOST,0.03991278501052875,0.0,8.463800060858043,1,0,0,12.747955322265625,0.008680317193158921,1.0,0,0,27,0,none,nan,nan,nan,nan,nan,3,2,2.0,36,0.55,0,low_score_streak
414,203.16117319501063,656.0,-8.0,219.0,473.0,765.5,228.5,103587.0,0.42549246549606323,LOST,0.04436498098948505,0.0,7.970551553304923,1,0,0,0.1260223388671875,8.581092788114133e-05,1.0,0,0,28,0,none,nan,nan,nan,nan,nan,3,2,2.0,37,0.55,0,low_score_streak
415,203.27738187400973,656.0,-8.0,219.0,473.0,765.5,228.5,103587.0,0.4359395205974579,LOST,0.03845884099428076,0.0,8.605209254704098,1,0,0,0.0,0.0,1.0,0,0,29,0,none,nan,nan,nan,nan,nan,3,2,2.0,38,0.55,0,low_score_streak
416,203.40045906200248,656.0,-8.0,219.0,473.0,765.5,228.5,103587.0,0.4394027590751648,LOST,0.042914475008728914,0.0,8.124982511453835,1,0,0,0.0,0.0,1.0,0,0,30,0,none,nan,nan,nan,nan,nan,3,2,2.0,39,0.55,0,low_score_streak
417,203.525899278,643.1260375976562,-8.0,219.0,473.0,752.6260375976562,228.5,103587.0,0.4544048309326172,LOST,0.04488765000132844,0.0,7.971925048501317,1,0,0,12.87396240234375,0.008766117731050006,1.0,0,0,31,0,none,nan,nan,nan,nan,nan,3,2,2.0,40,0.55,0,low_score_streak
418,203.65279234400077,643.0,-8.0,219.0,473.0,752.5,228.5,103587.0,0.4241790771484375,LOST,0.042003983005997725,0.0,7.880651256341218,1,0,0,0.12603759765625,8.582131787119837e-05,1.0,0,0,32,0,none,nan,nan,nan,nan,nan,3,2,2.0,41,0.55,0,low_score_streak
419,203.7693155099987,643.0,-8.0,219.0,473.0,752.5,228.5,103587.0,0.432422935962677,LOST,0.03896458300005179,0.0,8.581984461508211,1,0,0,0.0,0.0,1.0,0,0,33,0,none,nan,nan,nan,nan,nan,3,2,2.0,42,0.55,0,low_score_streak
420,203.89920740200614,643.0,-8.0,219.0,473.0,752.5,228.5,103587.0,0.43681153655052185,LOST,0.04579689199454151,0.0,7.698709939052661,1,0,0,0.0,0.0,1.0,0,0,34,0,none,nan,nan,nan,nan,nan,3,2,2.0,43,0.55,0,low_score_streak
421,204.01693419300136,643.0,-8.0,219.0,473.0,752.5,228.5,103587.0,0.4456283450126648,LOST,0.05530270600866061,0.0,8.494243252078425,1,0,0,0.0,0.0,1.0,0,0,35,0,none,nan,nan,nan,nan,nan,3,2,2.0,44,0.55,0,low_score_streak
422,204.13974538400362,643.0,-8.0,219.0,473.0,752.5,228.5,103587.0,0.4425314664840698,LOST,0.04243201500503346,0.0,8.14258042641756,1,0,0,0.0,0.0,1.0,0,0,36,0,none,nan,nan,nan,nan,nan,3,2,2.0,45,0.55,0,low_score_streak
423,204.25978874501016,643.0,-8.0,219.0,473.0,752.5,228.5,103587.0,0.44454964995384216,LOST,0.03997372300364077,0.0,8.330323239996096,1,0,0,0.0,0.0,1.0,0,0,37,0,none,nan,nan,nan,nan,nan,3,2,2.0,46,0.55,0,low_score_streak
424,204.3902573180094,630.1260375976562,-8.0,219.0,473.0,739.6260375976562,228.5,103587.0,0.4473564326763153,LOST,0.049078173004090786,0.0,7.66468105699193,1,0,0,12.87396240234375,0.008766117731050006,1.0,0,0,38,0,none,nan,nan,nan,nan,nan,3,2,2.0,47,0.55,0,low_score_streak
425,204.51207087900548,630.0,-8.0,219.0,473.0,739.5,228.5,103587.0,0.5225359797477722,LOST,0.041158337000524625,0.0,8.209266618780752,0,0,0,0.12603759765625,8.582131787119837e-05,1.0,0,0,39,0,none,nan,nan,nan,nan,nan,3,2,2.0,48,0.55,0,low_score_streak
426,204.63373995800794,630.0,-8.0,219.0,473.0,739.5,228.5,103587.0,0.5036733746528625,LOST,0.03928839400759898,0.0,8.219015120347814,0,0,0,0.0,0.0,1.0,0,0,40,0,none,nan,nan,nan,nan,nan,3,2,2.0,49,0.55,0,low_score_streak
427,204.75199749199965,630.0,-8.0,219.0,473.0,739.5,228.5,103587.0,0.4849255383014679,LOST,0.03811258199857548,0.0,8.456120859666385,1,0,0,0.0,0.0,1.0,0,0,41,0,none,nan,nan,nan,nan,nan,3,2,2.0,50,0.55,0,low_score_streak
428,204.8761922600097,630.0,-8.0,219.0,473.0,739.5,228.5,103587.0,0.4698757529258728,LOST,0.04310208400420379,0.0,8.051868979851275,1,0,0,0.0,0.0,1.0,0,0,42,0,none,nan,nan,nan,nan,nan,3,2,2.0,51,0.55,0,low_score_streak
429,205.001443096,630.0,-8.0,219.0,473.0,739.5,228.5,103587.0,0.47567105293273926,LOST,0.042987394001102075,0.0,7.9839786464773885,1,0,0,0.0,0.0,1.0,0,0,43,0,none,nan,nan,nan,nan,nan,3,2,2.0,52,0.55,0,low_score_streak
430,205.12249090900877,630.0,-20.873977661132812,219.0,473.0,739.5,215.6260223388672,103587.0,0.4497188925743103,LOST,0.040326285001356155,0.0,8.261198407009063,1,0,0,12.873977661132812,0.008766128121040061,1.0,0,0,44,0,none,nan,nan,nan,nan,nan,3,2,2.0,53,0.55,0,low_score_streak
431,205.23811545901117,642.8739624023438,-8.126022338867188,219.0,473.0,752.3739624023438,228.3739776611328,103587.0,0.4579755663871765,LOST,0.03761996499088127,0.0,8.648682308206112,1,0,0,18.117650864155678,0.012336641627626202,1.0,0,0,45,0,none,nan,nan,nan,nan,nan,3,2,2.0,54,0.55,0,low_score_streak
432,205.36785344099917,630.1260375976562,-20.873977661132812,219.0,473.0,739.6260375976562,215.6260223388672,103587.0,0.4418681859970093,LOST,0.0464654499955941,0.0,7.707843028516421,1,0,0,18.028309730100805,0.012275807606609646,1.0,0,0,46,0,none,nan,nan,nan,nan,nan,3,2,2.0,55,0.55,0,low_score_streak
433,205.467386593009,630.0,-21.0,219.0,473.0,739.5,215.5,103587.0,0.44718098640441895,LOST,0.03874119199463166,0.0,10.046903768317089,1,0,0,0.17823329070775468,0.00012136232506413064,1.0,0,0,47,0,none,nan,nan,nan,nan,nan,3,2,2.0,56,0.55,0,low_score_streak
434,205.5844151370111,630.0,-21.0,219.0,473.0,739.5,215.5,103587.0,0.43130600452423096,LOST,0.03824680398975033,0.0,8.54492387756348,1,0,0,0.0,0.0,1.0,0,0,48,0,none,nan,nan,nan,nan,nan,3,2,2.0,57,0.55,0,low_score_streak
435,205.70765123500314,630.0,-21.0,219.0,473.0,739.5,215.5,103587.0,0.42224282026290894,LOST,0.041387770004803315,0.0,8.11450554093754,1,0,0,0.0,0.0,1.0,0,0,49,0,none,nan,nan,nan,nan,nan,3,2,2.0,58,0.55,0,low_score_streak
436,205.83132697900874,630.0,-21.0,219.0,473.0,739.5,215.5,103587.0,0.38392403721809387,LOST,0.04298129900416825,0.0,8.08565986839552,1,0,0,0.0,0.0,1.0,0,0,50,0,none,nan,nan,nan,nan,nan,3,2,2.0,59,0.55,0,low_score_streak
437,205.95275714600575,630.0,-21.0,219.0,473.0,739.5,215.5,103587.0,0.38893261551856995,LOST,0.042232477993820794,0.0,8.235185907506642,1,0,0,0.0,0.0,1.0,0,0,51,0,none,nan,nan,nan,nan,nan,3,2,2.0,60,0.55,0,low_score_streak
438,206.07936004801013,630.0,-8.126022338867188,219.0,473.0,739.5,228.3739776611328,103587.0,0.39786407351493835,LOST,0.043335109992767684,0.0,7.898713095576693,1,0,0,12.873977661132812,0.008766128121040061,1.0,0,0,52,0,none,nan,nan,nan,nan,nan,3,2,2.0,61,0.55,0,low_score_streak
439,206.20661708099942,642.8739624023438,-8.0,219.0,473.0,752.3739624023438,228.5,103587.0,0.3867531716823578,LOST,0.045206980998045765,0.0,7.858111858416098,1,0,0,12.874579199603147,0.00876653771964583,1.0,0,0,53,0,none,nan,nan,nan,nan,nan,3,2,2.0,62,0.55,0,low_score_streak
440,206.33459543400386,630.1260375976562,-8.0,219.0,473.0,739.6260375976562,228.5,103587.0,0.3916592597961426,LOST,0.0415309500094736,0.0,7.813821451236605,1,0,0,12.7479248046875,0.008680296413178806,1.0,0,0,54,0,none,nan,nan,nan,nan,nan,3,2,2.0,63,0.55,0,low_score_streak
441,206.47273941100866,630.0,-8.0,219.0,473.0,739.5,228.5,103587.0,0.40169966220855713,LOST,0.04587001900654286,0.0,7.23882446185287,1,0,0,0.12603759765625,8.582131787119837e-05,1.0,0,0,55,0,none,nan,nan,nan,nan,nan,3,2,2.0,64,0.55,0,low_score_streak
442,206.60081307899964,642.8739624023438,-8.0,219.0,473.0,752.3739624023438,228.5,103587.0,0.4002746343612671,LOST,0.044922026005224325,0.0,7.808006248954052,1,0,0,12.87396240234375,0.008766117731050006,1.0,0,0,56,0,none,nan,nan,nan,nan,nan,3,2,2.0,65,0.55,0,low_score_streak
443,206.72207381400221,643.0,-8.0,219.0,473.0,752.5,228.5,103587.0,0.3961029052734375,LOST,0.04128401700290851,0.0,8.246692550385172,1,0,0,0.12603759765625,8.582131787119837e-05,1.0,0,0,57,0,none,nan,nan,nan,nan,nan,3,2,2.0,66,0.55,0,low_score_streak
444,206.84225884500484,643.0,17.747955322265625,219.0,473.0,752.5,254.24795532226562,103587.0,0.3687865436077118,LOST,0.03886093499022536,0.0,8.320503740421703,1,0,0,25.747955322265625,0.017532256242080123,1.0,0,0,58,0,none,nan,nan,nan,nan,nan,3,2,2.0,67,0.55,0,low_score_streak
445,206.95639955499792,643.0,5.1260223388671875,219.0,473.0,752.5,241.6260223388672,103587.0,0.38848957419395447,LOST,0.042074557990417816,0.0,8.761115994990963,1,0,0,12.621932983398438,0.008594506265277779,1.0,0,0,59,0,none,nan,nan,nan,nan,nan,3,2,2.0,68,0.55,0,low_score_streak
446,207.0782090020075,643.0,5.0,219.0,473.0,752.5,241.5,103587.0,0.36169543862342834,LOST,0.04231253299803939,0.0,8.209543878163535,1,0,0,0.1260223388671875,8.581092788114133e-05,1.0,0,0,60,0,none,nan,nan,nan,nan,nan,3,2,2.0,69,0.55,0,low_score_streak
447,207.19958187600423,643.0,5.0,219.0,473.0,752.5,241.5,103587.0,0.3511631190776825,LOST,0.04120156700082589,0.0,8.239073254761285,1,0,0,0.0,0.0,1.0,0,0,61,0,none,nan,nan,nan,nan,nan,3,2,2.0,70,0.55,0,low_score_streak
448,207.31894438499876,655.8739624023438,17.873977661132812,219.0,473.0,765.3739624023438,254.3739776611328,103587.0,0.35106468200683594,LOST,0.0409048399887979,0.0,8.377839980272622,1,0,0,18.20654302047226,0.012397169931444784,1.0,0,0,62,0,none,nan,nan,nan,nan,nan,3,2,2.0,71,0.55,0,low_score_streak
449,207.43896722400677,656.0,18.0,219.0,473.0,765.5,254.5,103587.0,0.40792378783226013,LOST,0.03919609999866225,0.0,8.33174759291618,1,0,0,0.17823329070775468,0.00012136232506413064,1.0,0,0,63,0,none,nan,nan,nan,nan,nan,3,2,2.0,72,0.55,0,low_score_streak
450,207.56626425900322,656.0,18.0,219.0,473.0,765.5,254.5,103587.0,0.3724220097064972,LOST,0.04599413598771207,0.0,7.855642513809725,1,0,0,0.0,0.0,1.0,0,0,64,0,none,nan,nan,nan,nan,nan,3,2,2.0,73,0.55,0,low_score_streak
451,207.70260287600104,656.0,18.0,219.0,473.0,765.5,254.5,103587.0,0.3734399974346161,LOST,0.04211929898883682,0.0,7.334679066137226,1,0,0,0.0,0.0,1.0,0,0,65,0,none,nan,nan,nan,nan,nan,3,2,2.0,74,0.55,0,low_score_streak
452,207.82608471000276,656.0,18.0,219.0,473.0,765.5,254.5,103587.0,0.3725789189338684,LOST,0.04287916199245956,0.0,8.098357204396953,1,0,0,0.0,0.0,1.0,0,0,66,0,none,nan,nan,nan,nan,nan,3,2,2.0,75,0.55,0,low_score_streak
453,207.9528855850076,668.8739624023438,18.0,219.0,473.0,778.3739624023438,254.5,103587.0,0.37067633867263794,LOST,0.04374517299584113,0.0,7.8863809099249345,1,0,0,12.87396240234375,0.008766117731050006,1.0,0,0,67,0,none,nan,nan,nan,nan,nan,3,2,2.0,76,0.55,0,low_score_streak
454,208.0791307699983,669.0,5.1260223388671875,219.0,473.0,778.5,241.6260223388672,103587.0,0.34840789437294006,LOST,0.043426988006103784,0.0,7.921094179344069,1,0,0,12.874594607030144,0.00876654821084619,1.0,0,0,68,0,none,nan,nan,nan,nan,nan,3,2,2.0,77,0.55,0,low_score_streak
455,208.20476052199956,669.0,17.873977661132812,219.0,473.0,778.5,254.3739776611328,103587.0,0.3377036154270172,LOST,0.044385294007952325,0.0,7.959897906906437,1,0,0,12.747955322265625,0.008680317193158921,1.0,0,0,69,0,none,nan,nan,nan,nan,nan,3,2,2.0,78,0.55,0,low_score_streak
456,208.32589010801166,681.8739624023438,18.0,219.0,473.0,791.3739624023438,254.5,103587.0,0.34391239285469055,LOST,0.0390236469975207,0.0,8.255621379735294,1,0,0,12.874579199603147,0.00876653771964583,1.0,0,0,70,0,none,nan,nan,nan,nan,nan,3,2,2.0,79,0.55,0,low_score_streak
457,208.4326779760013,669.1260375976562,18.0,219.0,473.0,778.6260375976562,254.5,103587.0,0.30939173698425293,LOST,0.045887155007221736,0.0,9.364359630226584,1,0,0,12.7479248046875,0.008680296413178806,1.0,0,0,71,0,none,nan,nan,nan,nan,nan,3,2,2.0,80,0.55,0,low_score_streak
458,208.55707493600494,681.8739624023438,18.0,219.0,473.0,791.3739624023438,254.5,103587.0,0.3354669511318207,LOST,0.04291181900771335,0.0,8.038781654878482,1,0,0,12.7479248046875,0.008680296413178806,1.0,0,0,72,0,none,nan,nan,nan,nan,nan,3,2,2.0,81,0.55,0,low_score_streak
459,208.68006040200999,682.0,18.0,219.0,473.0,791.5,254.5,103587.0,0.33806315064430237,LOST,0.040744992991676554,0.0,8.13104208556608,1,0,0,0.12603759765625,8.582131787119837e-05,1.0,0,0,73,0,none,nan,nan,nan,nan,nan,3,2,2.0,82,0.55,0,low_score_streak
460,208.79976854599954,682.0,18.0,219.0,473.0,791.5,254.5,103587.0,0.33463919162750244,LOST,0.039777102996595204,0.0,8.353650525959615,1,0,0,0.0,0.0,1.0,0,0,74,0,none,nan,nan,nan,nan,nan,3,2,2.0,83,0.55,0,low_score_streak
461,208.92147892800858,694.8739624023438,18.0,219.0,473.0,804.3739624023438,254.5,103587.0,0.3523704707622528,LOST,0.04157110799860675,0.0,8.216225957829243,1,0,0,12.87396240234375,0.008766117731050006,1.0,0,0,75,0,none,nan,nan,nan,nan,nan,3,2,2.0,84,0.55,0,low_score_streak
462,209.04984260399942,707.8739624023438,5.1260223388671875,219.0,473.0,817.3739624023438,241.6260223388672,103587.0,0.3395959436893463,LOST,0.0459659059997648,0.0,7.790365866986829,1,0,0,18.295882072732834,0.01245800253492932,1.0,0,0,76,0,none,nan,nan,nan,nan,nan,3,2,2.0,85,0.55,0,low_score_streak
463,209.17432956599805,772.369873046875,-46.49589538574219,219.0,473.0,881.869873046875,190.0041046142578,103587.0,0.3232620358467102,LOST,0.042646551999496296,0.0,8.03296974996486,1,0,0,82.61080364839516,0.05625121528292241,1.0,0,0,77,0,none,nan,nan,nan,nan,nan,3,2,2.0,86,0.55,0,low_score_streak
464,209.29362040699925,694.7561645507812,18.369873046875,219.0,473.0,804.2561645507812,254.869873046875,103587.0,0.30302366614341736,LOST,0.03918109800724778,0.0,8.38287325000853,1,0,0,101.15065823251241,0.06887534318711228,1.0,0,0,78,0,none,nan,nan,nan,nan,nan,3,2,2.0,87,0.55,0,low_score_streak
465,209.41778069500288,695.0,30.87396240234375,219.0,473.0,804.5,267.37396240234375,103587.0,0.32263118028640747,LOST,0.03964730800362304,0.0,8.054105028902828,1,0,0,12.506466580767032,0.008515883068486134,1.0,0,0,79,0,none,nan,nan,nan,nan,nan,3,2,2.0,88,0.55,0,low_score_streak
466,209.54132607100473,707.8739624023438,18.126022338867188,219.0,473.0,817.3739624023438,254.6260223388672,103587.0,0.33780983090400696,LOST,0.04192804399644956,0.0,8.094192047988646,1,0,0,18.117640127758122,0.012336634317015682,1.0,0,0,80,0,none,nan,nan,nan,nan,nan,3,2,2.0,89,0.55,0,low_score_streak
467,209.66456091900181,708.0,5.1260223388671875,219.0,473.0,817.5,241.6260223388672,103587.0,0.3318784832954407,LOST,0.04302275899681263,0.0,8.114587847941154,1,0,0,13.000610965490159,0.008852355066558118,1.0,0,0,81,0,none,nan,nan,nan,nan,nan,3,2,2.0,90,0.55,0,low_score_streak
468,209.789569665998,708.0,17.873977661132812,219.0,473.0,817.5,254.3739776611328,103587.0,0.353850781917572,LOST,0.044236799993086606,0.0,7.999440231415297,1,0,0,12.747955322265625,0.008680317193158921,1.0,0,0,82,0,none,nan,nan,nan,nan,nan,3,2,2.0,91,0.55,0,low_score_streak
469,209.892590301999,708.0,5.1260223388671875,219.0,473.0,817.5,241.6260223388672,103587.0,0.36207860708236694,LOST,0.042616237988113426,0.0,9.706793112693477,1,0,0,12.747955322265625,0.008680317193158921,1.0,0,0,83,0,none,nan,nan,nan,nan,nan,3,2,2.0,92,0.55,0,low_score_streak
470,210.01349217401003,785.2438354492188,-46.49589538574219,219.0,473.0,894.7438354492188,190.0041046142578,103587.0,0.35664495825767517,LOST,0.04089421599928755,0.0,8.271170523388326,1,0,0,92.90550309035694,0.06326106543578462,1.0,0,0,84,0,none,nan,nan,nan,nan,nan,3,2,2.0,93,0.55,0,low_score_streak
471,210.13346438600274,797.8739624023438,-46.0,219.0,473.0,907.3739624023438,190.5,103587.0,0.3837737441062927,LOST,0.038621605999651365,0.0,8.335263503024374,1,0,0,12.63985834911353,0.008606711976411595,1.0,0,0,85,0,none,nan,nan,nan,nan,nan,3,2,2.0,94,0.55,0,low_score_streak
472,210.24927295200177,810.8739624023438,-33.12602233886719,219.0,473.0,920.3739624023438,203.3739776611328,103587.0,0.4037281274795532,LOST,0.035455328004900366,0.0,8.634939836906009,1,0,0,18.295882072732834,0.01245800253492932,1.0,0,0,86,0,none,nan,nan,nan,nan,nan,3,2,2.0,95,0.55,0,low_score_streak
473,210.37260587399942,798.1260375976562,-45.87397766113281,219.0,473.0,907.6260375976562,190.6260223388672,103587.0,0.3650472164154053,LOST,0.04364261899900157,0.0,8.108135149989414,1,0,0,18.028309730100805,0.012275807606609646,1.0,0,0,87,0,none,nan,nan,nan,nan,nan,3,2,2.0,96,0.55,0,low_score_streak
474,210.49799978701049,798.0,-33.12602233886719,219.0,473.0,907.5,203.3739776611328,103587.0,0.40476033091545105,LOST,0.04401090899773408,0.0,7.9748687634601945,1,0,0,12.74857836680245,0.008680741435640824,1.0,0,0,88,0,none,nan,nan,nan,nan,nan,3,2,2.0,97,0.55,0,low_score_streak
475,210.62365985300858,810.8739624023438,-33.0,219.0,473.0,920.3739624023438,203.5,103587.0,0.4040544331073761,LOST,0.04609809700923506,0.0,7.957977676179132,1,0,0,12.874579199603147,0.00876653771964583,1.0,0,0,89,0,none,nan,nan,nan,nan,nan,3,2,2.0,98,0.55,0,low_score_streak
476,210.74257828800182,811.0,-33.0,219.0,473.0,920.5,203.5,103587.0,0.3534988462924957,LOST,0.040562123991549015,0.0,8.40912512897418,1,0,0,0.12603759765625,8.582131787119837e-05,1.0,0,0,90,0,none,nan,nan,nan,nan,nan,3,2,2.0,99,0.55,0,low_score_streak
477,210.86206616600975,811.0,-45.87397766113281,219.0,473.0,920.5,190.6260223388672,103587.0,0.36079639196395874,LOST,0.0387658800027566,0.0,8.369049787072354,1,0,0,12.873977661132812,0.008766128121040061,1.0,0,0,91,0,none,nan,nan,nan,nan,nan,3,2,2.0,100,0.55,0,low_score_streak
478,210.98542804800672,823.8739624023438,-46.0,219.0,473.0,933.3739624023438,190.5,103587.0,0.38721010088920593,LOST,0.04333089099964127,0.0,8.106231712844304,1,0,0,12.874579199603147,0.00876653771964583,1.0,0,0,92,0,none,nan,nan,nan,nan,nan,3,2,2.0,101,0.55,0,low_score_streak
479,211.1089760800096,824.0,-33.12602233886719,219.0,473.0,933.5,203.3739776611328,103587.0,0.38947123289108276,LOST,0.043283807011903264,0.0,8.094018041313257,1,0,0,12.874594607030144,0.00876654821084619,1.0,0,0,93,0,none,nan,nan,nan,nan,nan,3,2,2.0,102,0.55,0,low_score_streak
480,211.2508004100091,824.0,-33.0,219.0,473.0,933.5,203.5,103587.0,0.3546341061592102,LOST,0.045585896994452924,0.0,7.050976373401283,1,0,0,0.1260223388671875,8.581092788114133e-05,1.0,0,0,94,0,none,nan,nan,nan,nan,nan,3,2,2.0,103,0.55,0,low_score_streak
481,211.36471564600652,824.0,-33.0,219.0,473.0,933.5,203.5,103587.0,0.37455207109451294,LOST,0.05391173298994545,0.0,8.778456992554814,1,0,0,0.0,0.0,1.0,0,0,95,0,none,nan,nan,nan,nan,nan,3,2,2.0,104,0.55,0,low_score_streak
482,211.49092770500283,836.8739624023438,-33.0,219.0,473.0,946.3739624023438,203.5,103587.0,0.369450181722641,LOST,0.04792579999775626,0.0,7.923173173406423,1,0,0,12.87396240234375,0.008766117731050006,1.0,0,0,96,0,none,nan,nan,nan,nan,nan,3,2,2.0,105,0.55,0,low_score_streak
483,211.6114798280032,862.7479248046875,-33.0,219.0,473.0,972.2479248046875,203.5,103587.0,0.3691156208515167,LOST,0.04140594700584188,0.0,8.295167062274388,1,0,0,25.87396240234375,0.01761805677997121,1.0,0,0,97,0,none,nan,nan,nan,nan,nan,3,2,2.0,106,0.55,0,low_score_streak
484,211.73081020099926,863.0,-45.87397766113281,219.0,473.0,972.5,190.6260223388672,103587.0,0.3612002730369568,LOST,0.04215726800612174,0.0,8.380096155679771,1,0,0,12.876445267364689,0.008767808359498624,1.0,0,0,98,0,none,nan,nan,nan,nan,nan,3,2,2.0,107,0.55,0,low_score_streak
485,211.85042292599974,863.0,-46.0,219.0,473.0,972.5,190.5,103587.0,0.3740381598472595,LOST,0.043608555002720095,0.0,8.360314506637929,1,0,0,0.1260223388671875,8.581092788114133e-05,1.0,0,0,99,0,none,nan,nan,nan,nan,nan,3,2,2.0,108,0.55,0,low_score_streak
486,211.9698926780111,863.0,-46.0,219.0,473.0,972.5,190.5,103587.0,0.37891435623168945,LOST,0.041669443002319895,0.0,8.370319542514451,1,0,0,0.0,0.0,1.0,0,0,100,0,none,nan,nan,nan,nan,nan,3,2,2.0,109,0.55,0,low_score_streak
487,212.0902979220118,850.1260375976562,-46.0,219.0,473.0,959.6260375976562,190.5,103587.0,0.3696778118610382,LOST,0.043562981009017676,0.0,8.30528610526304,1,0,0,12.87396240234375,0.008766117731050006,1.0,0,0,101,0,none,nan,nan,nan,nan,nan,3,2,2.0,110,0.55,0,low_score_streak
488,212.20888051600195,850.0,-46.0,219.0,473.0,959.5,190.5,103587.0,0.3565513789653778,LOST,0.04179491499962751,0.0,8.432940841917691,1,0,0,0.12603759765625,8.582131787119837e-05,1.0,0,0,102,0,none,nan,nan,nan,nan,nan,3,2,2.0,111,0.55,0,low_score_streak
489,212.32929982300266,850.0,-46.0,219.0,473.0,959.5,190.5,103587.0,0.34509631991386414,LOST,0.03782887700072024,0.0,8.304316184066467,1,0,0,0.0,0.0,1.0,0,0,103,0,none,nan,nan,nan,nan,nan,3,2,2.0,112,0.55,0,low_score_streak
490,212.45516260201111,759.8822021484375,-20.252044677734375,219.0,473.0,869.3822021484375,216.24795532226562,103587.0,0.33899080753326416,LOST,0.04534396399685647,0.0,7.945160657328282,1,0,0,93.72392807011703,0.06381834605401161,1.0,0,0,104,0,none,nan,nan,nan,nan,nan,3,2,2.0,113,0.55,0,low_score_streak
491,212.5789193380042,734.2520751953125,5.747955322265625,219.0,473.0,843.7520751953125,242.24795532226562,103587.0,0.3221975862979889,LOST,0.04277087798982393,0.0,8.080368248043381,1,0,0,36.50894969227826,0.02485961518585982,1.0,0,0,105,0,none,nan,nan,nan,nan,nan,3,2,2.0,114,0.55,0,low_score_streak
492,212.69862857500266,734.0,6.0,219.0,473.0,843.5,242.5,103587.0,0.2977108955383301,LOST,0.04008445500221569,0.0,8.353574252694154,1,0,0,0.35646658141550935,0.00024272465012826127,1.0,0,0,106,0,none,nan,nan,nan,nan,nan,3,2,2.0,115,0.55,0,low_score_streak
493,212.8024740240071,734.0,6.0,219.0,473.0,843.5,242.5,103587.0,0.32857757806777954,LOST,0.043561001992202364,0.0,9.629694989881132,1,0,0,0.0,0.0,1.0,0,0,107,0,none,nan,nan,nan,nan,nan,3,2,2.0,116,0.55,0,low_score_streak
494,212.91922527000133,734.0,6.0,219.0,473.0,843.5,242.5,103587.0,0.3450625538825989,LOST,0.04013815399957821,0.0,8.565219081682086,1,0,0,0.0,0.0,1.0,0,0,108,0,none,nan,nan,nan,nan,nan,3,2,2.0,117,0.55,0,low_score_streak
495,213.04153275000863,734.0,-6.8739776611328125,219.0,473.0,843.5,229.6260223388672,103587.0,0.3328861892223358,LOST,0.04367876600008458,0.0,8.176114820944447,1,0,0,12.873977661132812,0.008766128121040061,1.0,0,0,109,0,none,nan,nan,nan,nan,nan,3,2,2.0,118,0.55,0,low_score_streak
496,213.1587374439987,721.1260375976562,5.8739776611328125,219.0,473.0,830.6260375976562,242.3739776611328,103587.0,0.31772381067276,LOST,0.03869884699815884,0.0,8.53208148885914,1,0,0,18.117650864155678,0.012336641627626202,1.0,0,0,110,0,none,nan,nan,nan,nan,nan,3,2,2.0,119,0.55,0,low_score_streak
497,213.27990864599997,875.4876708984375,-45.49589538574219,219.0,473.0,984.9876708984375,191.0041046142578,103587.0,0.29858529567718506,LOST,0.044165184008306824,0.0,8.252786004297048,1,0,0,162.68490308610973,0.1107751420229151,1.0,0,0,111,0,none,nan,nan,nan,nan,nan,3,2,2.0,120,0.55,0,low_score_streak
498,213.393764974011,875.0,-45.0,219.0,473.0,984.5,191.5,103587.0,0.3544636368751526,LOST,0.036058572004549205,0.0,8.782998867688493,1,0,0,0.6955107035720093,0.0004735860273762868,1.0,0,0,112,0,none,nan,nan,nan,nan,nan,3,2,2.0,121,0.55,0,low_score_streak
499,213.5107737780054,887.8739624023438,-45.0,219.0,473.0,997.3739624023438,191.5,103587.0,0.34034958481788635,LOST,0.0409670809895033,0.0,8.546365451679206,1,0,0,12.87396240234375,0.008766117731050006,1.0,0,0,113,0,none,nan,nan,nan,nan,nan,3,2,2.0,122,0.55,0,low_score_streak
500,213.62449890500284,875.1260375976562,-32.12602233886719,219.0,473.0,984.6260375976562,204.3739776611328,103587.0,0.3762073218822479,LOST,0.039274017995921895,0.0,8.793131530399707,1,0,0,18.117640233907768,0.012336634389294927,1.0,0,0,114,0,none,nan,nan,nan,nan,nan,3,2,2.0,123,0.55,0,low_score_streak
501,213.75046710300376,887.8739624023438,-44.87397766113281,219.0,473.0,997.3739624023438,191.6260223388672,103587.0,0.3410564064979553,LOST,0.04891254400718026,0.0,7.9385115915741205,1,0,0,18.028309730100805,0.012275807606609646,1.0,0,0,115,0,none,nan,nan,nan,nan,nan,3,2,2.0,124,0.55,0,low_score_streak
502,213.86572476899892,875.1260375976562,-45.0,219.0,473.0,984.6260375976562,191.5,103587.0,0.36142030358314514,LOST,0.041058855000301264,0.0,8.67621247893394,1,0,0,12.74854769986999,0.008680720553962596,1.0,0,0,116,0,none,nan,nan,nan,nan,nan,3,2,2.0,125,0.55,0,low_score_streak
503,213.9773605720111,887.8739624023438,-57.87397766113281,219.0,473.0,997.3739624023438,178.6260223388672,103587.0,0.3288414180278778,LOST,0.03824742999859154,0.0,8.957699707601144,1,0,0,18.117640233907768,0.012336634389294927,1.0,0,0,117,0,none,nan,nan,nan,nan,nan,3,2,2.0,126,0.55,0,low_score_streak
504,214.0929354330001,862.2520751953125,-45.12602233886719,219.0,473.0,971.7520751953125,191.3739776611328,103587.0,0.353905588388443,LOST,0.039795019998564385,0.0,8.652400629711153,1,0,0,28.6180269925848,0.0194865408183648,1.0,0,0,118,0,none,nan,nan,nan,nan,nan,3,2,2.0,127,0.55,0,low_score_streak
505,214.19766272800916,874.8739624023438,-45.0,219.0,473.0,984.3739624023438,191.5,103587.0,0.318790078163147,LOST,0.044680770006380044,0.0,9.548609079546964,1,0,0,12.622516321911123,0.008594903471197715,1.0,0,0,119,0,none,nan,nan,nan,nan,nan,3,2,2.0,128,0.55,0,low_score_streak
506,214.31757832400035,875.0,-45.0,219.0,473.0,984.5,191.5,103587.0,0.326238751411438,LOST,0.045740275003481656,0.0,8.339198848442427,1,0,0,0.12603759765625,8.582131787119837e-05,1.0,0,0,120,0,none,nan,nan,nan,nan,nan,3,2,2.0,129,0.55,0,low_score_streak
507,214.43240446900018,887.8739624023438,-45.0,219.0,473.0,997.3739624023438,191.5,103587.0,0.32438233494758606,LOST,0.0409844259993406,0.0,8.708818013541505,1,0,0,12.87396240234375,0.008766117731050006,1.0,0,0,121,0,none,nan,nan,nan,nan,nan,3,2,2.0,130,0.55,0,low_score_streak
508,214.54725738499837,862.2520751953125,-32.12602233886719,219.0,473.0,971.7520751953125,204.3739776611328,103587.0,0.3538306653499603,LOST,0.04353053199884016,0.0,8.706788080292892,1,0,0,28.67438586734123,0.019524916612534776,1.0,0,0,122,0,none,nan,nan,nan,nan,nan,3,2,2.0,131,0.55,0,low_score_streak
509,214.65627989200584,874.8739624023438,-44.87397766113281,219.0,473.0,984.3739624023438,191.6260223388672,103587.0,0.34088584780693054,LOST,0.037506526001379825,0.0,9.172417947896877,1,0,0,17.939409175485675,0.012215273584235152,1.0,0,0,123,0,none,nan,nan,nan,nan,nan,3,2,2.0,132,0.55,0,low_score_streak
510,214.78398219701194,887.8739624023438,-45.0,219.0,473.0,997.3739624023438,191.5,103587.0,0.3401434123516083,LOST,0.04712645598920062,0.0,7.830712217389207,1,0,0,13.000610817569056,0.008852354965835918,1.0,0,0,124,0,none,nan,nan,nan,nan,nan,3,2,2.0,133,0.55,0,low_score_streak
511,214.91322922900144,862.2520751953125,-32.12602233886719,219.0,473.0,971.7520751953125,204.3739776611328,103587.0,0.3771885931491852,LOST,0.04660024600161705,0.0,7.737121577238097,1,0,0,28.67438586734123,0.019524916612534776,1.0,0,0,125,0,none,nan,nan,nan,nan,nan,3,2,2.0,134,0.55,0,low_score_streak
512,215.03126055900066,874.8739624023438,-32.0,219.0,473.0,984.3739624023438,204.5,103587.0,0.3695116639137268,LOST,0.043936115005635656,0.0,8.472326796679107,1,0,0,12.622516321911123,0.008594903471197715,1.0,0,0,126,0,none,nan,nan,nan,nan,nan,3,2,2.0,135,0.55,0,low_score_streak
513,215.14352299200254,887.8739624023438,-32.0,219.0,473.0,997.3739624023438,204.5,103587.0,0.3489731252193451,LOST,0.03906958599691279,0.0,8.90769933681361,1,0,0,13.0,0.008851939048921204,1.0,0,0,127,0,none,nan,nan,nan,nan,nan,3,2,2.0,136,0.55,0,low_score_streak
514,215.26306639199902,875.1260375976562,-32.0,219.0,473.0,984.6260375976562,204.5,103587.0,0.3884505331516266,LOST,0.04656899500696454,0.0,8.365162777949264,1,0,0,12.7479248046875,0.008680296413178806,1.0,0,0,128,0,none,nan,nan,nan,nan,nan,3,2,2.0,137,0.55,0,low_score_streak
515,215.37747710901021,875.0,-44.87397766113281,219.0,473.0,984.5,191.6260223388672,103587.0,0.3587682247161865,LOST,0.04239904499263503,0.0,8.740439935378932,1,0,0,12.874594607030144,0.00876654821084619,1.0,0,0,129,0,none,nan,nan,nan,nan,nan,3,2,2.0,138,0.55,0,low_score_streak
516,215.49102587701054,875.0,-45.0,219.0,473.0,984.5,191.5,103587.0,0.3589189648628235,LOST,0.038833329002955,0.0,8.806788639019945,1,0,0,0.1260223388671875,8.581092788114133e-05,1.0,0,0,130,0,none,nan,nan,nan,nan,nan,3,2,2.0,139,0.55,0,low_score_streak
517,215.59098711299885,875.0,-45.0,219.0,473.0,984.5,191.5,103587.0,0.3617785573005676,LOST,0.03963512099289801,0.0,10.003877904401007,1,0,0,0.0,0.0,1.0,0,0,131,0,none,nan,nan,nan,nan,nan,3,2,2.0,140,0.55,0,low_score_streak
518,215.70754324900918,875.0,-45.0,219.0,473.0,984.5,191.5,103587.0,0.3644014894962311,LOST,0.04490541100676637,0.0,8.579556891894251,1,0,0,0.0,0.0,1.0,0,0,132,0,none,nan,nan,nan,nan,nan,3,2,2.0,141,0.55,0,low_score_streak
519,215.8312074310088,875.0,-45.0,219.0,473.0,984.5,191.5,103587.0,0.35646364092826843,LOST,0.04871628899127245,0.0,8.086415838686396,1,0,0,0.0,0.0,1.0,0,0,133,0,none,nan,nan,nan,nan,nan,3,2,2.0,142,0.55,0,low_score_streak
520,215.94340100800036,875.0,-45.0,219.0,473.0,984.5,191.5,103587.0,0.3548412322998047,LOST,0.04281556599016767,0.0,8.913166215167953,1,0,0,0.0,0.0,1.0,0,0,134,0,none,nan,nan,nan,nan,nan,3,2,2.0,143,0.55,0,low_score_streak
521,216.0601909530087,875.0,-45.0,219.0,473.0,984.5,191.5,103587.0,0.3611106872558594,LOST,0.04354178199719172,0.0,8.562380947508002,1,0,0,0.0,0.0,1.0,0,0,135,0,none,nan,nan,nan,nan,nan,3,2,2.0,144,0.55,0,low_score_streak
522,216.17434640300053,875.0,-45.0,219.0,473.0,984.5,191.5,103587.0,0.36562374234199524,LOST,0.0402600329980487,0.0,8.759984740734836,1,0,0,0.0,0.0,1.0,0,0,136,0,none,nan,nan,nan,nan,nan,3,2,2.0,145,0.55,0,low_score_streak
523,216.29351729300106,875.0,-32.12602233886719,219.0,473.0,984.5,204.3739776611328,103587.0,0.35653191804885864,LOST,0.047386879989062436,0.0,8.391310998814665,1,0,0,12.873977661132812,0.008766128121040061,1.0,0,0,137,0,none,nan,nan,nan,nan,nan,3,2,2.0,146,0.55,0,low_score_streak
524,216.40842458599946,887.8739624023438,-44.87397766113281,219.0,473.0,997.3739624023438,191.6260223388672,103587.0,0.35688671469688416,LOST,0.042256958011421375,0.0,8.702667810771247,1,0,0,18.117650864155678,0.012336641627626202,1.0,0,0,138,0,none,nan,nan,nan,nan,nan,3,2,2.0,147,0.55,0,low_score_streak
525,216.5249958790082,875.1260375976562,-32.12602233886719,219.0,473.0,984.6260375976562,204.3739776611328,103587.0,0.38679206371307373,LOST,0.04004981899925042,0.0,8.578441348548548,1,0,0,18.028309730100805,0.012275807606609646,1.0,0,0,139,0,none,nan,nan,nan,nan,nan,3,2,2.0,148,0.55,0,low_score_streak
526,216.63768639600312,887.8739624023438,-44.87397766113281,219.0,473.0,997.3739624023438,191.6260223388672,103587.0,0.3503625690937042,LOST,0.03774694798630662,0.0,8.873861143481196,1,0,0,18.028309730100805,0.012275807606609646,1.0,0,0,140,0,none,nan,nan,nan,nan,nan,3,2,2.0,149,0.55,0,low_score_streak
527,216.75887619200512,875.1260375976562,-32.12602233886719,219.0,473.0,984.6260375976562,204.3739776611328,103587.0,0.3889578878879547,LOST,0.04776053599198349,0.0,8.25151978953327,1,0,0,18.028309730100805,0.012275807606609646,1.0,0,0,141,0,none,nan,nan,nan,nan,nan,3,2,2.0,150,0.55,0,low_score_streak
528,216.87682845701056,887.8739624023438,-44.87397766113281,219.0,473.0,997.3739624023438,191.6260223388672,103587.0,0.34051433205604553,LOST,0.04327370300597977,0.0,8.478005911576687,1,0,0,18.028309730100805,0.012275807606609646,1.0,0,0,142,0,none,nan,nan,nan,nan,nan,3,2,2.0,151,0.55,0,low_score_streak
529,216.9778356050083,875.1260375976562,-32.12602233886719,219.0,473.0,984.6260375976562,204.3739776611328,103587.0,0.37431570887565613,LOST,0.040872964993468486,0.0,9.900289433203605,1,0,0,18.028309730100805,0.012275807606609646,1.0,0,0,143,0,none,nan,nan,nan,nan,nan,3,2,2.0,152,0.55,0,low_score_streak
530,217.09565036700224,887.8739624023438,-44.87397766113281,219.0,473.0,997.3739624023438,191.6260223388672,103587.0,0.3165353238582611,LOST,0.04383653000695631,0.0,8.487900693220675,1,0,0,18.028309730100805,0.012275807606609646,1.0,0,0,144,0,none,nan,nan,nan,nan,nan,3,2,2.0,153,0.55,0,low_score_streak
531,217.21099157600838,875.1260375976562,-32.12602233886719,219.0,473.0,984.6260375976562,204.3739776611328,103587.0,0.33492517471313477,LOST,0.04061707299842965,0.0,8.669928194932568,1,0,0,18.028309730100805,0.012275807606609646,1.0,0,0,145,0,none,nan,nan,nan,nan,nan,3,2,2.0,154,0.55,0,low_score_streak
532,217.32606470600876,887.8739624023438,-44.87397766113281,219.0,473.0,997.3739624023438,191.6260223388672,103587.0,0.31987303495407104,LOST,0.040291334997164086,0.0,8.690126009405276,1,0,0,18.028309730100805,0.012275807606609646,1.0,0,0,146,0,none,nan,nan,nan,nan,nan,3,2,2.0,155,0.55,0,low_score_streak
533,217.44334179800353,875.1260375976562,-32.12602233886719,219.0,473.0,984.6260375976562,204.3739776611328,103587.0,0.3574313521385193,LOST,0.04246352599875536,0.0,8.526814427191255,1,0,0,18.028309730100805,0.012275807606609646,1.0,0,0,147,0,none,nan,nan,nan,nan,nan,3,2,2.0,156,0.55,0,low_score_streak
534,217.55972563900286,887.8739624023438,-44.87397766113281,219.0,473.0,997.3739624023438,191.6260223388672,103587.0,0.33392995595932007,LOST,0.04014778998680413,0.0,8.592258095397705,1,0,0,18.028309730100805,0.012275807606609646,1.0,0,0,148,0,none,nan,nan,nan,nan,nan,3,2,2.0,157,0.55,0,low_score_streak
535,217.67441375899944,875.1260375976562,-32.12602233886719,219.0,473.0,984.6260375976562,204.3739776611328,103587.0,0.35018566250801086,LOST,0.04025794900371693,0.0,8.719298912824542,1,0,0,18.028309730100805,0.012275807606609646,1.0,0,0,149,0,none,nan,nan,nan,nan,nan,3,2,2.0,158,0.55,0,low_score_streak
536,217.797601156999,887.8739624023438,-44.87397766113281,219.0,473.0,997.3739624023438,191.6260223388672,103587.0,0.31763631105422974,LOST,0.04842779198952485,0.0,8.117713469388077,1,0,0,18.028309730100805,0.012275807606609646,1.0,0,0,150,0,none,nan,nan,nan,nan,nan,3,2,2.0,159,0.55,0,low_score_streak
537,217.91879980701196,875.1260375976562,-32.12602233886719,219.0,473.0,984.6260375976562,204.3739776611328,103587.0,0.33556368947029114,LOST,0.044020232002367266,0.0,8.250916985404487,1,0,0,18.028309730100805,0.012275807606609646,1.0,0,0,151,0,none,nan,nan,nan,nan,nan,3,2,2.0,160,0.55,0,low_score_streak
538,218.0337042350002,887.8739624023438,-44.87397766113281,219.0,473.0,997.3739624023438,191.6260223388672,103587.0,0.3275299668312073,LOST,0.03869999300513882,0.0,8.702884801815502,1,0,0,18.028309730100805,0.012275807606609646,1.0,0,0,152,0,none,nan,nan,nan,nan,nan,3,2,2.0,161,0.55,0,low_score_streak
539,218.1472869630088,875.1260375976562,-32.12602233886719,219.0,473.0,984.6260375976562,204.3739776611328,103587.0,0.3266075849533081,LOST,0.03803341300226748,0.0,8.804155504383376,1,0,0,18.028309730100805,0.012275807606609646,1.0,0,0,153,0,none,nan,nan,nan,nan,nan,3,2,2.0,162,0.55,0,low_score_streak
540,218.28497769800015,887.8739624023438,-44.87397766113281,219.0,473.0,997.3739624023438,191.6260223388672,103587.0,0.30913224816322327,LOST,0.05706342800112907,0.0,7.2626527853374325,1,0,0,18.028309730100805,0.012275807606609646,1.0,0,0,154,0,none,nan,nan,nan,nan,nan,3,2,2.0,163,0.55,0,low_score_streak
541,218.3887009559985,875.1260375976562,-32.12602233886719,219.0,473.0,984.6260375976562,204.3739776611328,103587.0,0.32804766297340393,LOST,0.043288860004395247,0.0,9.641039235538388,1,0,0,18.028309730100805,0.012275807606609646,1.0,0,0,155,0,none,nan,nan,nan,nan,nan,3,2,2.0,164,0.55,0,low_score_streak
542,218.50460535701131,887.8739624023438,-44.87397766113281,219.0,473.0,997.3739624023438,191.6260223388672,103587.0,0.3207169473171234,LOST,0.03962256798695307,0.0,8.627800077146805,1,0,0,18.028309730100805,0.012275807606609646,1.0,0,0,156,0,none,nan,nan,nan,nan,nan,3,2,2.0,165,0.55,0,low_score_streak
543,218.62257001901162,875.1260375976562,-32.12602233886719,219.0,473.0,984.6260375976562,204.3739776611328,103587.0,0.3332541882991791,LOST,0.040958747995318845,0.0,8.47711495157272,1,0,0,18.028309730100805,0.012275807606609646,1.0,0,0,157,0,none,nan,nan,nan,nan,nan,3,2,2.0,166,0.55,0,low_score_streak
544,218.73644478501228,887.8739624023438,-32.0,219.0,473.0,997.3739624023438,204.5,103587.0,0.33285757899284363,LOST,0.03899807299603708,0.0,8.78157677175098,1,0,0,12.74854769986999,0.008680720553962596,1.0,0,0,158,0,none,nan,nan,nan,nan,nan,3,2,2.0,167,0.55,0,low_score_streak
545,218.8529743580002,875.1260375976562,-32.0,219.0,473.0,984.6260375976562,204.5,103587.0,0.34108254313468933,LOST,0.041764028996112756,0.0,8.581512609709705,1,0,0,12.7479248046875,0.008680296413178806,1.0,0,0,159,0,none,nan,nan,nan,nan,nan,3,2,2.0,168,0.55,0,low_score_streak
546,218.97210404901125,875.0,-32.0,219.0,473.0,984.5,204.5,103587.0,0.35572972893714905,LOST,0.04188976201112382,0.0,8.394212991850468,1,0,0,0.12603759765625,8.582131787119837e-05,1.0,0,0,160,0,none,nan,nan,nan,nan,nan,3,2,2.0,169,0.55,0,low_score_streak
547,219.09043845999986,875.0,-32.0,219.0,473.0,984.5,204.5,103587.0,0.36578938364982605,LOST,0.043089376005809754,0.0,8.450627265945984,1,0,0,0.0,0.0,1.0,0,0,161,0,none,nan,nan,nan,nan,nan,3,2,2.0,170,0.55,0,low_score_streak
548,219.20148857100867,875.0,-32.0,219.0,473.0,984.5,204.5,103587.0,0.3653585910797119,LOST,0.03811018601118121,0.0,9.004943722394698,1,0,0,0.0,0.0,1.0,0,0,162,0,none,nan,nan,nan,nan,nan,3,2,2.0,171,0.55,0,low_score_streak
549,219.3191853090102,875.0,-32.0,219.0,473.0,984.5,204.5,103587.0,0.3703627586364746,LOST,0.04037159799190704,0.0,8.496412194422117,1,0,0,0.0,0.0,1.0,0,0,163,0,none,nan,nan,nan,nan,nan,3,2,2.0,172,0.55,0,low_score_streak
550,219.43609947600635,875.0,-32.0,219.0,473.0,984.5,204.5,103587.0,0.37236109375953674,LOST,0.04102234399761073,0.0,8.553283367558214,1,0,0,0.0,0.0,1.0,0,0,164,0,none,nan,nan,nan,nan,nan,3,2,2.0,173,0.55,0,low_score_streak
551,219.54516740101099,875.0,-32.0,219.0,473.0,984.5,204.5,103587.0,0.3795147240161896,LOST,0.03576596100174356,0.0,9.168598375347086,1,0,0,0.0,0.0,1.0,0,0,165,0,none,nan,nan,nan,nan,nan,3,2,2.0,174,0.55,0,low_score_streak
552,219.6610092480114,887.8739624023438,-32.0,219.0,473.0,997.3739624023438,204.5,103587.0,0.38982534408569336,LOST,0.03957433799223509,0.0,8.632459045619791,1,0,0,12.87396240234375,0.008766117731050006,1.0,0,0,166,0,none,nan,nan,nan,nan,nan,3,2,2.0,175,0.55,0,low_score_streak
553,219.7650562130002,888.0,-19.126022338867188,219.0,473.0,997.5,217.3739776611328,103587.0,0.3810161054134369,LOST,0.044107838009949774,0.0,9.61104439814788,1,0,0,12.874594607030144,0.00876654821084619,1.0,0,0,167,0,none,nan,nan,nan,nan,nan,3,2,2.0,176,0.55,0,low_score_streak
554,219.88367177599866,888.0,-19.0,219.0,473.0,997.5,217.5,103587.0,0.36604639887809753,LOST,0.043108022000524215,0.0,8.430596919335192,1,0,0,0.1260223388671875,8.581092788114133e-05,1.0,0,0,168,0,none,nan,nan,nan,nan,nan,3,2,2.0,177,0.55,0,low_score_streak
555,220.00594649500272,875.1260375976562,-31.873977661132812,219.0,473.0,984.6260375976562,204.6260223388672,103587.0,0.3578653633594513,LOST,0.04521901300176978,0.0,8.178305443227789,1,0,0,18.20654302047226,0.012397169931444784,1.0,0,0,169,0,none,nan,nan,nan,nan,nan,3,2,2.0,178,0.55,0,low_score_streak
556,220.12709061300848,887.8739624023438,-32.0,219.0,473.0,997.3739624023438,204.5,103587.0,0.38091251254081726,LOST,0.04280801399727352,0.0,8.254631066383768,1,0,0,12.74854769986999,0.008680720553962596,1.0,0,0,170,0,none,nan,nan,nan,nan,nan,3,2,2.0,179,0.55,0,low_score_streak
557,220.24067667400232,888.0,-19.126022338867188,219.0,473.0,997.5,217.3739776611328,103587.0,0.3473941385746002,LOST,0.03898385500360746,0.0,8.803897161767413,1,0,0,12.874594607030144,0.00876654821084619,1.0,0,0,171,0,none,nan,nan,nan,nan,nan,3,2,2.0,180,0.55,0,low_score_streak
558,220.3582150220027,888.0,-31.873977661132812,219.0,473.0,997.5,204.6260223388672,103587.0,0.3602007329463959,LOST,0.04036706699116621,0.0,8.507861621440904,1,0,0,12.747955322265625,0.008680317193158921,1.0,0,0,172,0,none,nan,nan,nan,nan,nan,3,2,2.0,181,0.55,0,low_score_streak
559,220.47624926900608,875.1260375976562,-32.0,219.0,473.0,984.6260375976562,204.5,103587.0,0.3354775309562683,LOST,0.04214195600070525,0.0,8.472117418357152,1,0,0,12.874579199603147,0.00876653771964583,1.0,0,0,173,0,none,nan,nan,nan,nan,nan,3,2,2.0,182,0.55,0,low_score_streak
560,220.59333396100556,875.0,-32.0,219.0,473.0,984.5,204.5,103587.0,0.36520928144454956,LOST,0.04209289098798763,0.0,8.540826156885139,1,0,0,0.12603759765625,8.582131787119837e-05,1.0,0,0,174,0,none,nan,nan,nan,nan,nan,3,2,2.0,183,0.55,0,low_score_streak
561,220.70717341300042,875.0,-32.0,219.0,473.0,984.5,204.5,103587.0,0.3654113709926605,LOST,0.039672361002885737,0.0,8.784300894606572,1,0,0,0.0,0.0,1.0,0,0,175,0,none,nan,nan,nan,nan,nan,3,2,2.0,184,0.55,0,low_score_streak
562,220.8262125809997,875.0,-32.0,219.0,473.0,984.5,204.5,103587.0,0.3647405803203583,LOST,0.044526755998958834,0.0,8.400596348304157,1,0,0,0.0,0.0,1.0,0,0,176,0,none,nan,nan,nan,nan,nan,3,2,2.0,185,0.55,0,low_score_streak
563,220.9407804900111,862.1260375976562,-32.0,219.0,473.0,971.6260375976562,204.5,103587.0,0.35617610812187195,LOST,0.04133542499039322,0.0,8.728447683379045,1,0,0,12.87396240234375,0.008766117731050006,1.0,0,0,177,0,none,nan,nan,nan,nan,nan,3,2,2.0,186,0.55,0,low_score_streak
564,221.06041097499838,862.0,-32.0,219.0,473.0,971.5,204.5,103587.0,0.3179864287376404,LOST,0.04362386799766682,0.0,8.35907335915508,1,0,0,0.12603759765625,8.582131787119837e-05,1.0,0,0,178,0,none,nan,nan,nan,nan,nan,3,2,2.0,187,0.55,0,low_score_streak
565,221.16132135000953,862.0,-32.0,219.0,473.0,971.5,204.5,103587.0,0.32074055075645447,LOST,0.040272532001836225,0.0,9.909783804583732,1,0,0,0.0,0.0,1.0,0,0,179,0,none,nan,nan,nan,nan,nan,3,2,2.0,188,0.55,0,low_score_streak
566,221.27258808100305,862.0,-44.87397766113281,219.0,473.0,971.5,191.6260223388672,103587.0,0.2998885214328766,LOST,0.038410663008107804,0.0,8.987412419425121,1,0,0,12.873977661132812,0.008766128121040061,1.0,0,0,180,0,none,nan,nan,nan,nan,nan,3,2,2.0,189,0.55,0,low_score_streak
567,221.39276123599848,874.8739624023438,-32.12602233886719,219.0,473.0,984.3739624023438,204.3739776611328,103587.0,0.2853618562221527,LOST,0.0445870170078706,0.0,8.32132600694431,1,0,0,18.117650864155678,0.012336641627626202,1.0,0,0,181,0,none,nan,nan,nan,nan,nan,3,2,2.0,190,0.55,0,low_score_streak
568,221.5095177940093,887.8739624023438,-32.0,219.0,473.0,997.3739624023438,204.5,103587.0,0.2911985218524933,LOST,0.04206471399811562,0.0,8.564829394057043,1,0,0,13.000610817569056,0.008852354965835918,1.0,0,0,182,0,none,nan,nan,nan,nan,nan,3,2,2.0,191,0.55,0,low_score_streak
569,221.6290935910074,849.3780517578125,-32.0,219.0,473.0,958.8780517578125,204.5,103587.0,0.35009074211120605,LOST,0.043121616006828845,0.0,8.362896381245443,1,0,0,38.49591064453125,0.026212573435239046,1.0,0,0,183,0,none,nan,nan,nan,nan,nan,3,2,2.0,192,0.55,0,low_score_streak
570,221.74925002700184,861.8739624023438,-32.0,219.0,473.0,971.3739624023438,204.5,103587.0,0.3302091956138611,LOST,0.03826810700411443,0.0,8.322483866335256,1,0,0,12.49591064453125,0.008508695337396639,1.0,0,0,184,0,none,nan,nan,nan,nan,nan,3,2,2.0,193,0.55,0,low_score_streak
571,221.87490035200608,862.0,-32.0,219.0,473.0,971.5,204.5,103587.0,0.31212154030799866,LOST,0.04071389799355529,0.0,7.95859461538378,1,0,0,0.12603759765625,8.582131787119837e-05,1.0,0,0,185,0,none,nan,nan,nan,nan,nan,3,2,2.0,194,0.55,0,low_score_streak
572,221.99939424201148,862.0,-32.0,219.0,473.0,971.5,204.5,103587.0,0.2953932583332062,LOST,0.045974865002790466,0.0,8.032522720244753,1,0,0,0.0,0.0,1.0,0,0,186,0,none,nan,nan,nan,nan,nan,3,2,2.0,195,0.55,0,low_score_streak
573,222.11906165500113,874.8739624023438,-32.0,219.0,473.0,984.3739624023438,204.5,103587.0,0.29677075147628784,LOST,0.03999851499975193,0.0,8.356493844204987,1,0,0,12.87396240234375,0.008766117731050006,1.0,0,0,187,0,none,nan,nan,nan,nan,nan,3,2,2.0,196,0.55,0,low_score_streak
574,222.2397458129999,887.8739624023438,-44.87397766113281,219.0,473.0,997.3739624023438,191.6260223388672,103587.0,0.2915884256362915,LOST,0.04085916199255735,0.0,8.28609170070374,1,0,0,18.295882072732834,0.01245800253492932,1.0,0,0,188,0,none,nan,nan,nan,nan,nan,3,2,2.0,197,0.55,0,low_score_streak
575,222.36111858200456,862.2520751953125,-19.252044677734375,219.0,473.0,971.7520751953125,217.24795532226562,103587.0,0.31906992197036743,LOST,0.04300176800461486,0.0,8.239080381873483,1,0,0,36.234852750571406,0.0246729775380533,1.0,0,0,189,0,none,nan,nan,nan,nan,nan,3,2,2.0,198,0.55,0,low_score_streak
576,222.48005561200262,862.0,-31.873977661132812,219.0,473.0,971.5,204.6260223388672,103587.0,0.31278812885284424,LOST,0.0405328519991599,0.0,8.407810418810582,1,0,0,12.624449855003315,0.008596220049434729,1.0,0,0,190,0,none,nan,nan,nan,nan,nan,3,2,2.0,199,0.55,0,low_score_streak
577,222.58553490501072,849.1260375976562,-32.0,219.0,473.0,958.6260375976562,204.5,103587.0,0.29977545142173767,LOST,0.04409200500231236,0.0,9.48053377569745,1,0,0,12.874579199603147,0.00876653771964583,1.0,0,0,191,0,none,nan,nan,nan,nan,nan,3,2,2.0,200,0.55,0,low_score_streak
578,222.7073699770117,823.2520751953125,-32.0,219.0,473.0,932.7520751953125,204.5,103587.0,0.3113797605037689,LOST,0.04358131400658749,0.0,8.207817203834244,1,0,0,25.87396240234375,0.01761805677997121,1.0,0,0,192,0,none,nan,nan,nan,nan,nan,3,2,2.0,201,0.55,0,low_score_streak
579,222.83025153500785,848.7479248046875,-32.0,219.0,473.0,958.2479248046875,204.5,103587.0,0.29566749930381775,LOST,0.04382350901141763,0.0,8.137917652633563,1,0,0,25.495849609375,0.017360592826357612,1.0,0,0,193,0,none,nan,nan,nan,nan,nan,3,2,2.0,202,0.55,0,low_score_streak
580,222.95238875001087,746.0081787109375,-32.0,219.0,473.0,855.5081787109375,204.5,103587.0,0.28430604934692383,LOST,0.04330349499650765,0.0,8.187512708352301,1,0,0,102.73974609375,0.0699573823325781,1.0,0,0,194,0,none,nan,nan,nan,nan,nan,3,2,2.0,203,0.55,0,low_score_streak
581,223.07033080700785,720.2520751953125,-32.0,219.0,473.0,829.7520751953125,204.5,103587.0,0.3098530173301697,LOST,0.04172434099018574,0.0,8.478739691860724,1,0,0,25.756103515625,0.017537804496770587,1.0,0,0,195,0,none,nan,nan,nan,nan,nan,3,2,2.0,204,0.55,0,low_score_streak
582,223.18913705300656,720.0,-32.0,219.0,473.0,829.5,204.5,103587.0,0.2822299897670746,LOST,0.039390895995893516,0.0,8.41706588398424,1,0,0,0.2520751953125,0.00017164263574239675,1.0,0,0,196,0,none,nan,nan,nan,nan,nan,3,2,2.0,205,0.55,0,low_score_streak
583,223.31156719200953,720.0,-32.0,219.0,473.0,829.5,204.5,103587.0,0.27560049295425415,LOST,0.04426742601208389,0.0,8.167923422644506,1,0,0,0.0,0.0,1.0,0,0,197,0,none,nan,nan,nan,nan,nan,3,2,2.0,206,0.55,0,low_score_streak
584,223.4332141870109,720.0,-19.126022338867188,219.0,473.0,829.5,217.3739776611328,103587.0,0.2681601047515869,LOST,0.044501026000943966,0.0,8.220507214246041,1,0,0,12.873977661132812,0.008766128121040061,1.0,0,0,198,0,none,nan,nan,nan,nan,nan,3,2,2.0,207,0.55,0,low_score_streak
585,223.5505864900042,720.0,-19.0,219.0,473.0,829.5,217.5,103587.0,0.27660518884658813,LOST,0.0391815159964608,0.0,8.519897578025178,1,0,0,0.1260223388671875,8.581092788114133e-05,1.0,0,0,199,0,none,nan,nan,nan,nan,nan,3,2,2.0,208,0.55,0,low_score_streak
586,223.67474620501162,720.0,-19.0,219.0,473.0,829.5,217.5,103587.0,0.28025713562965393,LOST,0.04371814100886695,0.0,8.054142198541054,1,0,0,0.0,0.0,1.0,0,0,200,0,none,nan,nan,nan,nan,nan,3,2,2.0,209,0.55,0,low_score_streak
587,223.79569948400604,720.0,-19.0,219.0,473.0,829.5,217.5,103587.0,0.281217485666275,LOST,0.043460737986606546,0.0,8.267655150102454,1,0,0,0.0,0.0,1.0,0,0,201,0,none,nan,nan,nan,nan,nan,3,2,2.0,210,0.55,0,low_score_streak
588,223.9159765479999,720.0,-19.0,219.0,473.0,829.5,217.5,103587.0,0.2872009873390198,LOST,0.04139964400383178,0.0,8.314137099747485,1,0,0,0.0,0.0,1.0,0,0,202,0,none,nan,nan,nan,nan,nan,3,2,2.0,211,0.55,0,low_score_streak
589,224.01449759100797,720.0,-19.0,219.0,473.0,829.5,217.5,103587.0,0.289130300283432,LOST,0.038792703999206424,0.0,10.150115848022619,1,0,0,0.0,0.0,1.0,0,0,203,0,none,nan,nan,nan,nan,nan,3,2,2.0,212,0.55,0,low_score_streak
590,224.13018287200248,707.1260375976562,-6.1260223388671875,219.0,473.0,816.6260375976562,230.3739776611328,103587.0,0.2967483103275299,LOST,0.03895453100267332,0.0,8.64414203261898,1,0,0,18.20654302047226,0.012397169931444784,1.0,0,0,204,0,none,nan,nan,nan,nan,nan,3,2,2.0,213,0.55,0,low_score_streak
591,224.25573173600424,707.0,-18.873977661132812,219.0,473.0,816.5,217.6260223388672,103587.0,0.2631392180919647,LOST,0.04637404199456796,0.0,7.96502627045675,1,0,0,12.74857836680245,0.008680741435640824,1.0,0,0,205,0,none,nan,nan,nan,nan,nan,3,2,2.0,214,0.55,0,low_score_streak
592,224.3760577600042,707.0,-6.1260223388671875,219.0,473.0,816.5,230.3739776611328,103587.0,0.28242847323417664,LOST,0.041372092004166916,0.0,8.310754122486491,1,0,0,12.747955322265625,0.008680317193158921,1.0,0,0,206,0,none,nan,nan,nan,nan,nan,3,2,2.0,215,0.55,0,low_score_streak
593,224.49547928200627,719.8739624023438,-31.747955322265625,219.0,473.0,829.3739624023438,204.75204467773438,103587.0,0.26120853424072266,LOST,0.04103145800763741,0.0,8.373700010141722,1,0,0,28.67441991989936,0.01952493979954778,1.0,0,0,207,0,none,nan,nan,nan,nan,nan,3,2,2.0,216,0.55,0,low_score_streak
594,224.61879246401077,720.0,-32.0,219.0,473.0,829.5,204.5,103587.0,0.27201247215270996,LOST,0.04367673399974592,0.0,8.109433101511819,1,0,0,0.28180134065895374,0.00019188371472441068,1.0,0,0,208,0,none,nan,nan,nan,nan,nan,3,2,2.0,217,0.55,0,low_score_streak
595,224.7327922340046,720.0,-19.126022338867188,219.0,473.0,829.5,217.3739776611328,103587.0,0.28892168402671814,LOST,0.03703593999671284,0.0,8.771947522825421,1,0,0,12.873977661132812,0.008766128121040061,1.0,0,0,209,0,none,nan,nan,nan,nan,nan,3,2,2.0,218,0.55,0,low_score_streak
596,224.86637432299904,720.0,-19.0,219.0,473.0,829.5,217.5,103587.0,0.2599419951438904,LOST,0.05637783699785359,0.0,7.486033550812263,1,0,0,0.1260223388671875,8.581092788114133e-05,1.0,0,0,210,0,none,nan,nan,nan,nan,nan,3,2,2.0,219,0.55,0,low_score_streak
597,224.99062862400024,720.0,-19.0,219.0,473.0,829.5,217.5,103587.0,0.27143043279647827,LOST,0.045417194996844046,0.0,8.048011150860132,1,0,0,0.0,0.0,1.0,0,0,211,0,none,nan,nan,nan,nan,nan,3,2,2.0,220,0.55,0,low_score_streak
598,225.11153419299808,720.0,-19.0,219.0,473.0,829.5,217.5,103587.0,0.25622060894966125,LOST,0.04194898200512398,0.0,8.270917611891427,1,0,0,0.0,0.0,1.0,0,0,212,0,none,nan,nan,nan,nan,nan,3,2,2.0,221,0.55,0,low_score_streak
599,225.22638559900224,720.0,-31.873977661132812,219.0,473.0,829.5,204.6260223388672,103587.0,0.21971502900123596,LOST,0.03644681100558955,0.0,8.706902551665317,1,1,0,12.873977661132812,0.008766128121040061,1.0,0,0,213,0,none,nan,nan,nan,nan,nan,3,2,2.0,222,0.55,0,very_low_score+low_score_streak
600,225.3490321499994,720.0,-6.252044677734375,219.0,473.0,829.5,230.24795532226562,103587.0,0.22515712678432465,LOST,0.042416545999003574,0.0,8.153510978251258,1,1,0,25.621932983398438,0.017446445314198984,1.0,0,0,214,0,none,nan,nan,nan,nan,nan,3,2,2.0,223,0.55,0,very_low_score+low_score_streak
601,225.45793330000015,720.0,-6.0,219.0,473.0,829.5,230.5,103587.0,0.22730591893196106,LOST,0.04683665800257586,0.0,9.182639485378601,1,1,0,0.252044677734375,0.00017162185576228265,1.0,0,0,215,0,none,nan,nan,nan,nan,nan,3,2,2.0,224,0.55,0,very_low_score+low_score_streak
602,225.57788384601008,720.0,-6.0,219.0,473.0,829.5,230.5,103587.0,0.23677211999893188,LOST,0.04334412098978646,0.0,8.336769054116699,1,1,0,0.0,0.0,1.0,0,0,216,0,none,nan,nan,nan,nan,nan,3,2,2.0,225,0.55,0,very_low_score+low_score_streak
603,225.69989012100268,720.0,6.8739776611328125,219.0,473.0,829.5,243.3739776611328,103587.0,0.2353547066450119,LOST,0.04264181100006681,0.0,8.196299739998224,1,1,0,12.873977661132812,0.008766128121040061,1.0,0,0,217,0,none,nan,nan,nan,nan,nan,3,2,2.0,226,0.55,0,very_low_score+low_score_streak
604,225.82420692300366,720.0,7.0,219.0,473.0,829.5,243.5,103587.0,0.23325107991695404,LOST,0.044313313002930954,0.0,8.043964966152746,1,1,0,0.1260223388671875,8.581092788114133e-05,1.0,0,0,218,0,none,nan,nan,nan,nan,nan,3,2,2.0,227,0.55,0,very_low_score+low_score_streak
605,225.9414563580067,707.1260375976562,-5.8739776611328125,219.0,473.0,816.6260375976562,230.6260223388672,103587.0,0.2377418428659439,LOST,0.040541394002502784,0.0,8.528825746359807,1,1,0,18.20654302047226,0.012397169931444784,1.0,0,0,219,0,none,nan,nan,nan,nan,nan,3,2,2.0,228,0.55,0,very_low_score+low_score_streak
606,226.0640038440033,694.1260375976562,6.8739776611328125,219.0,473.0,803.6260375976562,243.3739776611328,103587.0,0.25055229663848877,LOST,0.04138105099264067,0.0,8.1601021177014,1,0,0,18.207426092077938,0.012397771231139346,1.0,0,0,220,0,none,nan,nan,nan,nan,nan,3,2,2.0,229,0.55,0,low_score_streak
607,226.18715759601037,526.6383056640625,-5.8739776611328125,219.0,473.0,636.1383056640625,230.6260223388672,103587.0,0.2573445439338684,LOST,0.04306098900269717,0.0,8.119931254247987,1,0,0,167.97217243685884,0.11437534094815051,1.0,0,0,221,0,none,nan,nan,nan,nan,nan,3,2,2.0,230,0.55,0,low_score_streak
608,226.30408587701095,488.3780517578125,-31.747955322265625,219.0,473.0,597.8780517578125,204.75204467773438,103587.0,0.2533819079399109,LOST,0.03742287699424196,0.0,8.552250930594099,1,0,0,46.18776622634524,0.03145009934164841,1.0,0,0,222,0,none,nan,nan,nan,nan,nan,3,2,2.0,231,0.55,0,low_score_streak
609,226.42582870800106,500.87396240234375,-6.252044677734375,219.0,473.0,610.3739624023438,230.24795532226562,103587.0,0.22769230604171753,LOST,0.0398625749949133,0.0,8.214036028792481,1,1,0,28.39347182769362,0.01933363707738502,1.0,0,0,223,0,none,nan,nan,nan,nan,nan,3,2,2.0,232,0.55,0,very_low_score+low_score_streak
610,226.5503951510036,501.0,-18.873977661132812,219.0,473.0,610.5,217.6260223388672,103587.0,0.25585657358169556,LOST,0.044128985013230704,0.0,8.027844224303086,1,0,0,12.622562248348167,0.008594934743353213,1.0,0,0,224,0,none,nan,nan,nan,nan,nan,3,2,2.0,233,0.55,0,low_score_streak
611,226.6640767880017,513.8739624023438,-6.1260223388671875,219.0,473.0,623.3739624023438,230.3739776611328,103587.0,0.25879374146461487,LOST,0.03611841698875651,0.0,8.79649542711004,1,0,0,18.117650864155678,0.012336641627626202,1.0,0,0,225,0,none,nan,nan,nan,nan,nan,3,2,2.0,234,0.55,0,low_score_streak
612,226.78697084500163,514.0,-6.0,219.0,473.0,623.5,230.5,103587.0,0.24763724207878113,LOST,0.043108073994517326,0.0,8.137089981499205,1,1,0,0.17823329070775468,0.00012136232506413064,1.0,0,0,226,0,none,nan,nan,nan,nan,nan,3,2,2.0,235,0.55,0,very_low_score+low_score_streak
613,226.8896516810055,514.0,-6.0,219.0,473.0,623.5,230.5,103587.0,0.23581884801387787,LOST,0.04206414100190159,0.0,9.738915643055815,1,1,0,0.0,0.0,1.0,0,0,227,0,none,nan,nan,nan,nan,nan,3,2,2.0,236,0.55,0,very_low_score+low_score_streak
614,227.01091897900915,514.0,-6.0,219.0,473.0,623.5,230.5,103587.0,0.2391696572303772,LOST,0.042220707997330464,0.0,8.246246238370297,1,1,0,0.0,0.0,1.0,0,0,228,0,none,nan,nan,nan,nan,nan,3,2,2.0,237,0.55,0,very_low_score+low_score_streak
615,227.1320003860019,514.0,6.8739776611328125,219.0,473.0,623.5,243.3739776611328,103587.0,0.25294622778892517,LOST,0.04016706100082956,0.0,8.258906341086117,1,0,0,12.873977661132812,0.008766128121040061,1.0,0,0,229,0,none,nan,nan,nan,nan,nan,3,2,2.0,238,0.55,0,low_score_streak
616,227.2582025490119,539.7479248046875,19.873977661132812,219.0,473.0,649.2479248046875,256.3739776611328,103587.0,0.27193495631217957,LOST,0.043547146997298114,0.0,7.9237944592169764,1,0,0,28.843641097265127,0.019640165610919202,1.0,0,0,230,0,none,nan,nan,nan,nan,nan,3,2,2.0,239,0.55,0,low_score_streak
617,227.3776594360097,514.2520751953125,7.1260223388671875,219.0,473.0,623.7520751953125,243.6260223388672,103587.0,0.26523783802986145,LOST,0.038207325007533655,0.0,8.371220991372837,1,0,0,28.50524008322589,0.019409742137813935,1.0,0,0,231,0,none,nan,nan,nan,nan,nan,3,2,2.0,240,0.55,0,low_score_streak
618,227.50143059900438,526.8739624023438,7.0,219.0,473.0,636.3739624023438,243.5,103587.0,0.2662959396839142,LOST,0.04033466998953372,0.0,8.079426384989615,1,0,0,12.622516321911123,0.008594903471197715,1.0,0,0,232,0,none,nan,nan,nan,nan,nan,3,2,2.0,241,0.55,0,low_score_streak
619,227.62457528800587,668.6137084960938,7.0,219.0,473.0,778.1137084960938,243.5,103587.0,0.2728395164012909,LOST,0.040820672002155334,0.0,8.120528851941657,1,0,0,141.73974609375,0.09651319947934171,1.0,0,0,233,0,none,nan,nan,nan,nan,nan,3,2,2.0,242,0.55,0,low_score_streak
620,227.75001498300117,540.26025390625,19.873977661132812,219.0,473.0,649.76025390625,256.3739776611328,103587.0,0.27335068583488464,LOST,0.04282525400049053,0.0,7.97195815915784,1,0,0,128.99747519221617,0.08783675291278635,1.0,0,0,234,0,none,nan,nan,nan,nan,nan,3,2,2.0,243,0.55,0,low_score_streak
621,227.87487284099916,527.1260375976562,7.1260223388671875,219.0,473.0,636.6260375976562,243.6260223388672,103587.0,0.28879690170288086,LOST,0.04276634599955287,0.0,8.00910744453152,1,0,0,18.30349701394273,0.012463187688425562,1.0,0,0,235,0,none,nan,nan,nan,nan,nan,3,2,2.0,244,0.55,0,low_score_streak
622,227.9958573190088,527.0,7.0,219.0,473.0,636.5,243.5,103587.0,0.2632940411567688,LOST,0.03982262600038666,0.0,8.26552311876229,1,0,0,0.17823329070775468,0.00012136232506413064,1.0,0,0,236,0,none,nan,nan,nan,nan,nan,3,2,2.0,245,0.55,0,low_score_streak
623,228.12132779600506,527.0,7.0,219.0,473.0,636.5,243.5,103587.0,0.2595747709274292,LOST,0.0455395419994602,0.0,7.970002377768342,1,0,0,0.0,0.0,1.0,0,0,237,0,none,nan,nan,nan,nan,nan,3,2,2.0,246,0.55,0,low_score_streak
624,228.24206445500022,527.0,7.0,219.0,473.0,636.5,243.5,103587.0,0.26466605067253113,LOST,0.03897390600468498,0.0,8.282488585675697,1,0,0,0.0,0.0,1.0,0,0,238,0,none,nan,nan,nan,nan,nan,3,2,2.0,247,0.55,0,low_score_streak
625,228.34639455200522,527.0,7.0,219.0,473.0,636.5,243.5,103587.0,0.2819795608520508,LOST,0.04316494999511633,0.0,9.584961853836255,1,0,0,0.0,0.0,1.0,0,0,239,0,none,nan,nan,nan,nan,nan,3,2,2.0,248,0.55,0,low_score_streak
626,228.46527970601164,539.8739624023438,19.873977661132812,219.0,473.0,649.3739624023438,256.3739776611328,103587.0,0.2887919545173645,LOST,0.04040685899963137,0.0,8.411479199042741,1,0,0,18.20654302047226,0.012397169931444784,1.0,0,0,240,0,none,nan,nan,nan,nan,nan,3,2,2.0,249,0.55,0,low_score_streak
627,228.5938591160084,540.0,32.87396240234375,219.0,473.0,649.5,269.37396240234375,103587.0,0.2734355330467224,LOST,0.04690030500933062,0.0,7.777294980785077,1,0,0,13.000595707418187,0.00885234467705634,1.0,0,0,241,0,none,nan,nan,nan,nan,nan,3,2,2.0,250,0.55,0,low_score_streak
628,228.71916651600623,540.0,33.0,219.0,473.0,649.5,269.5,103587.0,0.28149864077568054,LOST,0.04507124800875317,0.0,7.980374662767421,1,0,0,0.12603759765625,8.582131787119837e-05,1.0,0,0,242,0,none,nan,nan,nan,nan,nan,3,2,2.0,251,0.55,0,low_score_streak
629,228.83988817500358,540.0,33.0,219.0,473.0,649.5,269.5,103587.0,0.29335904121398926,LOST,0.04036576399812475,0.0,8.283517707637843,1,0,0,0.0,0.0,1.0,0,0,243,0,none,nan,nan,nan,nan,nan,3,2,2.0,252,0.55,0,low_score_streak
630,228.97896712301008,552.8739624023438,33.0,219.0,473.0,662.3739624023438,269.5,103587.0,0.32112371921539307,LOST,0.05143890999897849,0.0,7.190160799557293,1,0,0,12.87396240234375,0.008766117731050006,1.0,0,0,244,0,none,nan,nan,nan,nan,nan,3,2,2.0,253,0.55,0,low_score_streak
631,229.1106948939996,553.0,33.0,219.0,473.0,662.5,269.5,103587.0,0.3250900208950043,LOST,0.04224930200143717,0.0,7.591413659307253,1,0,0,0.12603759765625,8.582131787119837e-05,1.0,0,0,245,0,none,nan,nan,nan,nan,nan,3,2,2.0,254,0.55,0,low_score_streak
632,229.23244105800404,553.0,45.87396240234375,219.0,473.0,662.5,282.37396240234375,103587.0,0.3146689236164093,LOST,0.040361649997066706,0.0,8.213811155179995,1,0,0,12.87396240234375,0.008766117731050006,1.0,0,0,246,0,none,nan,nan,nan,nan,nan,3,2,2.0,255,0.55,0,low_score_streak
633,229.36586616400746,553.0,46.0,219.0,473.0,662.5,282.5,103587.0,0.2993713617324829,LOST,0.050787330997991376,0.0,7.494841337989316,1,0,0,0.12603759765625,8.582131787119837e-05,1.0,0,0,247,0,none,nan,nan,nan,nan,nan,3,2,2.0,256,0.55,0,low_score_streak
634,229.49541466200026,553.0,33.12603759765625,219.0,473.0,662.5,269.62603759765625,103587.0,0.30167877674102783,LOST,0.047207188996253535,0.0,7.719116898256693,1,0,0,12.87396240234375,0.008766117731050006,1.0,0,0,248,0,none,nan,nan,nan,nan,nan,3,2,2.0,257,0.55,0,low_score_streak
635,229.6183094480075,553.0,33.0,219.0,473.0,662.5,269.5,103587.0,0.31074607372283936,LOST,0.04207320399291348,0.0,8.13704171258425,1,0,0,0.12603759765625,8.582131787119837e-05,1.0,0,0,249,0,none,nan,nan,nan,nan,nan,3,2,2.0,258,0.55,0,low_score_streak
636,229.74043103901204,565.8739624023438,33.0,219.0,473.0,675.3739624023438,269.5,103587.0,0.32090282440185547,LOST,0.040371544993831776,0.0,8.18856020278019,1,0,0,12.87396240234375,0.008766117731050006,1.0,0,0,250,0,none,nan,nan,nan,nan,nan,3,2,2.0,259,0.55,0,low_score_streak
637,229.84608799200214,566.0,33.0,219.0,473.0,675.5,269.5,103587.0,0.2871688902378082,LOST,0.0442302900046343,0.0,9.464592454163192,1,0,0,0.12603759765625,8.582131787119837e-05,1.0,0,0,251,0,none,nan,nan,nan,nan,nan,3,2,2.0,260,0.55,0,low_score_streak
638,229.9634749310062,566.0,33.0,219.0,473.0,675.5,269.5,103587.0,0.3013775050640106,LOST,0.04019794799387455,0.0,8.518835302157276,1,0,0,0.0,0.0,1.0,0,0,252,0,none,nan,nan,nan,nan,nan,3,2,2.0,261,0.55,0,low_score_streak
639,230.10005292900314,578.8739624023438,33.0,219.0,473.0,688.3739624023438,269.5,103587.0,0.3169673681259155,LOST,0.056011214008321986,0.0,7.3218235342886135,1,0,0,12.87396240234375,0.008766117731050006,1.0,0,0,253,0,none,nan,nan,nan,nan,nan,3,2,2.0,262,0.55,0,low_score_streak
640,230.22013446800702,591.8739624023438,33.0,219.0,473.0,701.3739624023438,269.5,103587.0,0.323560506105423,LOST,0.04004539200104773,0.0,8.327674747470665,1,0,0,13.0,0.008851939048921204,1.0,0,0,254,0,none,nan,nan,nan,nan,nan,3,2,2.0,263,0.55,0,low_score_streak
641,230.3402463710081,592.0,20.12603759765625,219.0,473.0,701.5,256.62603759765625,103587.0,0.3200027048587799,LOST,0.04039321400341578,0.0,8.325569531530412,1,0,0,12.874579348972278,0.008766537821354017,1.0,0,0,255,0,none,nan,nan,nan,nan,nan,3,2,2.0,264,0.55,0,low_score_streak
642,230.46301537399995,592.0,32.87396240234375,219.0,473.0,701.5,269.37396240234375,103587.0,0.29115039110183716,LOST,0.04134151899779681,0.0,8.145378520883048,1,0,0,12.7479248046875,0.008680296413178806,1.0,0,0,256,0,none,nan,nan,nan,nan,nan,3,2,2.0,265,0.55,0,low_score_streak
643,230.58556895400397,579.1260375976562,33.0,219.0,473.0,688.6260375976562,269.5,103587.0,0.2914319336414337,LOST,0.042180080999969505,0.0,8.159696354583607,1,0,0,12.874579348972278,0.008766537821354017,1.0,0,0,257,0,none,nan,nan,nan,nan,nan,3,2,2.0,266,0.55,0,low_score_streak
644,230.7103631120117,591.8739624023438,33.0,219.0,473.0,701.3739624023438,269.5,103587.0,0.3188551068305969,LOST,0.042769887993927114,0.0,8.013195617203204,1,0,0,12.7479248046875,0.008680296413178806,1.0,0,0,258,0,none,nan,nan,nan,nan,nan,3,2,2.0,267,0.55,0,low_score_streak
645,230.8504295849998,604.8739624023438,33.0,219.0,473.0,714.3739624023438,269.5,103587.0,0.30151602625846863,LOST,0.045092499000020325,0.0,7.139467273405878,1,0,0,13.0,0.008851939048921204,1.0,0,0,259,0,none,nan,nan,nan,nan,nan,3,2,2.0,268,0.55,0,low_score_streak
646,230.97774083800323,605.0,33.0,219.0,473.0,714.5,269.5,103587.0,0.29444620013237,LOST,0.04256680999242235,0.0,7.854765202672878,1,0,0,0.12603759765625,8.582131787119837e-05,1.0,0,0,260,0,none,nan,nan,nan,nan,nan,3,2,2.0,269,0.55,0,low_score_streak
647,231.09565966500668,592.1260375976562,33.0,219.0,473.0,701.6260375976562,269.5,103587.0,0.30907168984413147,LOST,0.036630356989917345,0.0,8.480410002473494,1,0,0,12.87396240234375,0.008766117731050006,1.0,0,0,261,0,none,nan,nan,nan,nan,nan,3,2,2.0,270,0.55,0,low_score_streak
648,231.2242549090006,604.8739624023438,33.0,219.0,473.0,714.3739624023438,269.5,103587.0,0.3388039469718933,LOST,0.04463670600671321,0.0,7.776337358536593,1,0,0,12.7479248046875,0.008680296413178806,1.0,0,0,262,0,none,nan,nan,nan,nan,nan,3,2,2.0,271,0.55,0,low_score_streak
649,231.32628770799784,605.0,45.87396240234375,219.0,473.0,714.5,282.37396240234375,103587.0,0.33011284470558167,LOST,0.040915727004176006,0.0,9.800770044807075,1,0,0,12.874579348972278,0.008766537821354017,1.0,0,0,263,0,none,nan,nan,nan,nan,nan,3,2,2.0,272,0.55,0,low_score_streak
650,231.4534558840096,605.0,58.87396240234375,219.0,473.0,714.5,295.37396240234375,103587.0,0.31288883090019226,LOST,0.039991119992919266,0.0,7.86360260374804,1,0,0,13.0,0.008851939048921204,1.0,0,0,264,0,none,nan,nan,nan,nan,nan,3,2,2.0,273,0.55,0,low_score_streak
651,231.57737007200194,605.0,46.12603759765625,219.0,473.0,714.5,282.62603759765625,103587.0,0.3231707513332367,LOST,0.039624547003768384,0.0,8.070100899679138,1,0,0,12.7479248046875,0.008680296413178806,1.0,0,0,265,0,none,nan,nan,nan,nan,nan,3,2,2.0,274,0.55,0,low_score_streak
652,231.70618698799808,605.0,33.12603759765625,219.0,473.0,714.5,269.62603759765625,103587.0,0.3545987010002136,LOST,0.04491124500054866,0.0,7.762955604603715,1,0,0,13.0,0.008851939048921204,1.0,0,0,266,0,none,nan,nan,nan,nan,nan,3,2,2.0,275,0.55,0,low_score_streak
653,231.8321745620051,605.0,45.87396240234375,219.0,473.0,714.5,282.37396240234375,103587.0,0.35358333587646484,LOST,0.04468983301194385,0.0,7.93729070411608,1,0,0,12.7479248046875,0.008680296413178806,1.0,0,0,267,0,none,nan,nan,nan,nan,nan,3,2,2.0,276,0.55,0,low_score_streak
654,231.9535749880015,605.0,46.0,219.0,473.0,714.5,282.5,103587.0,0.3368802070617676,LOST,0.03934276899963152,0.0,8.23720338534616,1,0,0,0.12603759765625,8.582131787119837e-05,1.0,0,0,268,0,none,nan,nan,nan,nan,nan,3,2,2.0,277,0.55,0,low_score_streak
655,232.08015757700196,617.8739624023438,33.12603759765625,219.0,473.0,727.3739624023438,269.62603759765625,103587.0,0.35278481245040894,LOST,0.04548422800144181,0.0,7.899980620528614,1,0,0,18.206532230875844,0.012397162584610181,1.0,0,0,269,0,none,nan,nan,nan,nan,nan,3,2,2.0,278,0.55,0,low_score_streak
656,232.20766352200008,618.0,45.87396240234375,219.0,473.0,727.5,282.37396240234375,103587.0,0.3542512059211731,LOST,0.04387387499446049,0.0,7.8427715665708355,1,0,0,12.748547850715774,0.008680720656676265,1.0,0,0,270,0,none,nan,nan,nan,nan,nan,3,2,2.0,279,0.55,0,low_score_streak
657,232.32944083301118,618.0,33.12603759765625,219.0,473.0,727.5,269.62603759765625,103587.0,0.3538341820240021,LOST,0.0393384469934972,0.0,8.211710307093583,1,0,0,12.7479248046875,0.008680296413178806,1.0,0,0,271,0,none,nan,nan,nan,nan,nan,3,2,2.0,280,0.55,0,low_score_streak
658,232.451123870007,618.0,33.0,219.0,473.0,727.5,269.5,103587.0,0.3392924964427948,LOST,0.03923505899729207,0.0,8.218072335212682,1,0,0,0.12603759765625,8.582131787119837e-05,1.0,0,0,272,0,none,nan,nan,nan,nan,nan,3,2,2.0,281,0.55,0,low_score_streak
659,232.57479826000053,630.8739624023438,33.0,219.0,473.0,740.3739624023438,269.5,103587.0,0.35007306933403015,LOST,0.04299380000156816,0.0,8.085748391823412,1,0,0,12.87396240234375,0.008766117731050006,1.0,0,0,273,0,none,nan,nan,nan,nan,nan,3,2,2.0,282,0.55,0,low_score_streak
660,232.69988565500535,631.0,33.0,219.0,473.0,740.5,269.5,103587.0,0.3321641981601715,LOST,0.04040706799423788,0.0,7.994410627557903,1,0,0,0.12603759765625,8.582131787119837e-05,1.0,0,0,274,0,none,nan,nan,nan,nan,nan,3,2,2.0,283,0.55,0,low_score_streak
661,232.81515493600455,631.0,33.0,219.0,473.0,740.5,269.5,103587.0,0.32579517364501953,LOST,0.053226715986966155,0.0,8.675338228291167,1,0,0,0.0,0.0,1.0,0,0,275,0,none,nan,nan,nan,nan,nan,3,2,2.0,284,0.55,0,low_score_streak
662,232.94368054201186,631.0,33.0,219.0,473.0,740.5,269.5,103587.0,0.33124077320098877,LOST,0.049037182005122304,0.0,7.780550748331687,1,0,0,0.0,0.0,1.0,0,0,276,0,none,nan,nan,nan,nan,nan,3,2,2.0,285,0.55,0,low_score_streak
663,233.06672944800812,631.0,33.0,219.0,473.0,740.5,269.5,103587.0,0.35264819860458374,LOST,0.04353303200332448,0.0,8.126849986219487,1,0,0,0.0,0.0,1.0,0,0,277,0,none,nan,nan,nan,nan,nan,3,2,2.0,286,0.55,0,low_score_streak
664,233.18892515399784,643.8739624023438,45.87396240234375,219.0,473.0,753.3739624023438,282.37396240234375,103587.0,0.3230489492416382,LOST,0.04123198500019498,0.0,8.18359362058178,1,0,0,18.206532230875844,0.012397162584610181,1.0,0,0,278,0,none,nan,nan,nan,nan,nan,3,2,2.0,287,0.55,0,low_score_streak
665,233.31204624800012,644.0,33.12603759765625,219.0,473.0,753.5,269.62603759765625,103587.0,0.340300589799881,LOST,0.04434675099037122,0.0,8.122085074890146,1,0,0,12.748547850715774,0.008680720656676265,1.0,0,0,279,0,none,nan,nan,nan,nan,nan,3,2,2.0,288,0.55,0,low_score_streak
666,233.43479025000124,644.0,33.0,219.0,473.0,753.5,269.5,103587.0,0.337894082069397,LOST,0.040775305998977274,0.0,8.147037604255534,1,0,0,0.12603759765625,8.582131787119837e-05,1.0,0,0,280,0,none,nan,nan,nan,nan,nan,3,2,2.0,289,0.55,0,low_score_streak
667,233.55789519799873,644.0,33.0,219.0,473.0,753.5,269.5,103587.0,0.36946746706962585,LOST,0.042460349010070786,0.0,8.123150338525708,1,0,0,0.0,0.0,1.0,0,0,281,0,none,nan,nan,nan,nan,nan,3,2,2.0,290,0.55,0,low_score_streak
668,233.68028658701223,656.8739624023438,33.0,219.0,473.0,766.3739624023438,269.5,103587.0,0.3217170238494873,LOST,0.04236217000288889,0.0,8.170509445641564,1,0,0,12.87396240234375,0.008766117731050006,1.0,0,0,282,0,none,nan,nan,nan,nan,nan,3,2,2.0,291,0.55,0,low_score_streak
669,233.79826265500742,657.0,33.0,219.0,473.0,766.5,269.5,103587.0,0.32803359627723694,LOST,0.0381659690028755,0.0,8.476295379167894,1,0,0,0.12603759765625,8.582131787119837e-05,1.0,0,0,283,0,none,nan,nan,nan,nan,nan,3,2,2.0,292,0.55,0,low_score_streak
670,233.92371188099787,657.0,33.0,219.0,473.0,766.5,269.5,103587.0,0.3264886140823364,LOST,0.043345632002456114,0.0,7.9713524902586395,1,0,0,0.0,0.0,1.0,0,0,284,0,none,nan,nan,nan,nan,nan,3,2,2.0,293,0.55,0,low_score_streak
671,234.04496506400756,657.0,33.0,219.0,473.0,766.5,269.5,103587.0,0.354954332113266,LOST,0.04227175000414718,0.0,8.247206177838034,1,0,0,0.0,0.0,1.0,0,0,285,0,none,nan,nan,nan,nan,nan,3,2,2.0,294,0.55,0,low_score_streak
672,234.16754203000164,657.0,33.0,219.0,473.0,766.5,269.5,103587.0,0.3366205096244812,LOST,0.041259172998252325,0.0,8.158139597355133,1,0,0,0.0,0.0,1.0,0,0,286,0,none,nan,nan,nan,nan,nan,3,2,2.0,295,0.55,0,low_score_streak
673,234.26745347300312,669.8739624023438,33.0,219.0,473.0,779.3739624023438,269.5,103587.0,0.34143486618995667,LOST,0.03787314899091143,0.0,10.00886354914566,1,0,0,12.87396240234375,0.008766117731050006,1.0,0,0,287,0,none,nan,nan,nan,nan,nan,3,2,2.0,296,0.55,0,low_score_streak
674,234.38406862100237,670.0,20.12603759765625,219.0,473.0,779.5,256.62603759765625,103587.0,0.3209356665611267,LOST,0.03863420999550726,0.0,8.575215288552295,1,0,0,12.874579348972278,0.008766537821354017,1.0,0,0,288,0,none,nan,nan,nan,nan,nan,3,2,2.0,297,0.55,0,low_score_streak
675,234.51019921900297,670.0,32.87396240234375,219.0,473.0,779.5,269.37396240234375,103587.0,0.3172333240509033,LOST,0.0459684059896972,0.0,7.928290326469736,1,0,0,12.7479248046875,0.008680296413178806,1.0,0,0,289,0,none,nan,nan,nan,nan,nan,3,2,2.0,298,0.55,0,low_score_streak
676,234.6350310340058,670.0,33.0,219.0,473.0,779.5,269.5,103587.0,0.35004955530166626,LOST,0.04185413499362767,0.0,8.0107783418617,1,0,0,0.12603759765625,8.582131787119837e-05,1.0,0,0,290,0,none,nan,nan,nan,nan,nan,3,2,2.0,299,0.55,0,low_score_streak
677,234.75872167400667,670.0,33.0,219.0,473.0,779.5,269.5,103587.0,0.3450448513031006,LOST,0.04270962601003703,0.0,8.084686116856158,1,0,0,0.0,0.0,1.0,0,0,291,0,none,nan,nan,nan,nan,nan,3,2,2.0,300,0.55,0,low_score_streak
678,234.88450955500593,682.8739624023438,33.0,219.0,473.0,792.3739624023438,269.5,103587.0,0.328471302986145,LOST,0.0451563550013816,0.0,7.949891452625803,1,0,0,12.87396240234375,0.008766117731050006,1.0,0,0,292,0,none,nan,nan,nan,nan,nan,3,2,2.0,301,0.55,0,low_score_streak
679,235.00988883200625,683.0,20.12603759765625,219.0,473.0,792.5,256.62603759765625,103587.0,0.3301803767681122,LOST,0.04455102700740099,0.0,7.975799700914264,1,0,0,12.874579348972278,0.008766537821354017,1.0,0,0,293,0,none,nan,nan,nan,nan,nan,3,2,2.0,302,0.55,0,low_score_streak
680,235.13077617200906,683.0,20.0,219.0,473.0,792.5,256.5,103587.0,0.3411851227283478,LOST,0.04150053199555259,0.0,8.272164810448787,1,0,0,0.12603759765625,8.582131787119837e-05,1.0,0,0,294,0,none,nan,nan,nan,nan,nan,3,2,2.0,303,0.55,0,low_score_streak
681,235.2534275670041,683.0,20.0,219.0,473.0,792.5,256.5,103587.0,0.31671997904777527,LOST,0.04240420099813491,0.0,8.15318896324328,1,0,0,0.0,0.0,1.0,0,0,295,0,none,nan,nan,nan,nan,nan,3,2,2.0,304,0.55,0,low_score_streak
682,235.37669111300784,683.0,20.0,219.0,473.0,792.5,256.5,103587.0,0.3084016740322113,LOST,0.04282238899031654,0.0,8.112698623563547,1,0,0,0.0,0.0,1.0,0,0,296,0,none,nan,nan,nan,nan,nan,3,2,2.0,305,0.55,0,low_score_streak
683,235.4969641659991,683.0,20.0,219.0,473.0,792.5,256.5,103587.0,0.30865150690078735,LOST,0.041264640996814705,0.0,8.314414369050223,1,0,0,0.0,0.0,1.0,0,0,297,0,none,nan,nan,nan,nan,nan,3,2,2.0,306,0.55,0,low_score_streak
684,235.6181733370031,695.8739624023438,20.0,219.0,473.0,805.3739624023438,256.5,103587.0,0.3341761529445648,LOST,0.04061509401071817,0.0,8.25020080342688,1,0,0,12.87396240234375,0.008766117731050006,1.0,0,0,298,0,none,nan,nan,nan,nan,nan,3,2,2.0,307,0.55,0,low_score_streak
685,235.7220371200092,696.0,20.0,219.0,473.0,805.5,256.5,103587.0,0.31852513551712036,LOST,0.041759548999834806,0.0,9.627995159211167,1,0,0,0.12603759765625,8.582131787119837e-05,1.0,0,0,299,0,none,nan,nan,nan,nan,nan,3,2,2.0,308,0.55,0,low_score_streak
686,235.84025751700392,696.0,20.0,219.0,473.0,805.5,256.5,103587.0,0.30509188771247864,LOST,0.03860014700330794,0.0,8.45877721121662,1,0,0,0.0,0.0,1.0,0,0,300,0,none,nan,nan,nan,nan,nan,3,2,2.0,309,0.55,0,low_score_streak
687,235.96340788299858,683.1260375976562,7.1260223388671875,219.0,473.0,792.6260375976562,243.6260223388672,103587.0,0.3004436194896698,LOST,0.042300708999391645,0.0,8.120154511301676,1,0,0,18.20654302047226,0.012397169931444784,1.0,0,0,301,0,none,nan,nan,nan,nan,nan,3,2,2.0,310,0.55,0,low_score_streak
688,236.09021329000825,683.0,19.873977661132812,219.0,473.0,792.5,256.3739776611328,103587.0,0.29572632908821106,LOST,0.042610821008565836,0.0,7.886099051941411,1,0,0,12.74857836680245,0.008680741435640824,1.0,0,0,302,0,none,nan,nan,nan,nan,nan,3,2,2.0,311,0.55,0,low_score_streak
689,236.2208209810051,695.8739624023438,20.0,219.0,473.0,805.3739624023438,256.5,103587.0,0.29648685455322266,LOST,0.0470460900105536,0.0,7.656516950630397,1,0,0,12.874579199603147,0.00876653771964583,1.0,0,0,303,0,none,nan,nan,nan,nan,nan,3,2,2.0,312,0.55,0,low_score_streak
690,236.3552074140025,708.8739624023438,20.0,219.0,473.0,818.3739624023438,256.5,103587.0,0.2949264645576477,LOST,0.04741860000649467,0.0,7.441227344870616,1,0,0,13.0,0.008851939048921204,1.0,0,0,304,0,none,nan,nan,nan,nan,nan,3,2,2.0,313,0.55,0,low_score_streak
691,236.48176864800917,709.0,20.0,219.0,473.0,818.5,256.5,103587.0,0.2920798361301422,LOST,0.03986392899241764,0.0,7.901313604032902,1,0,0,0.12603759765625,8.582131787119837e-05,1.0,0,0,305,0,none,nan,nan,nan,nan,nan,3,2,2.0,314,0.55,0,low_score_streak
692,236.6085511889978,696.1260375976562,20.0,219.0,473.0,805.6260375976562,256.5,103587.0,0.27763599157333374,LOST,0.04431044799275696,0.0,7.887521359029875,1,0,0,12.87396240234375,0.008766117731050006,1.0,0,0,306,0,none,nan,nan,nan,nan,nan,3,2,2.0,315,0.55,0,low_score_streak
693,236.739876970998,696.0,20.0,219.0,473.0,805.5,256.5,103587.0,0.26277121901512146,LOST,0.04872691401396878,0.0,7.614651021064923,1,0,0,0.12603759765625,8.582131787119837e-05,1.0,0,0,307,0,none,nan,nan,nan,nan,nan,3,2,2.0,316,0.55,0,low_score_streak
694,236.88206287300272,696.0,20.0,219.0,473.0,805.5,256.5,103587.0,0.2698320746421814,LOST,0.058209393988363445,0.0,7.033046074897485,1,0,0,0.0,0.0,1.0,0,0,308,0,none,nan,nan,nan,nan,nan,3,2,2.0,317,0.55,0,low_score_streak
695,237.00795648500207,696.0,20.0,219.0,473.0,805.5,256.5,103587.0,0.2799684703350067,LOST,0.0450418200052809,0.0,7.943214783647662,1,0,0,0.0,0.0,1.0,0,0,309,0,none,nan,nan,nan,nan,nan,3,2,2.0,318,0.55,0,low_score_streak
696,237.13503924300312,708.8739624023438,32.87396240234375,219.0,473.0,818.3739624023438,269.37396240234375,103587.0,0.2706522047519684,LOST,0.04441992999636568,0.0,7.868888083084593,1,0,0,18.206532230875844,0.012397162584610181,1.0,0,0,310,0,none,nan,nan,nan,nan,nan,3,2,2.0,319,0.55,0,low_score_streak
697,237.2377145060018,709.0,20.12603759765625,219.0,473.0,818.5,256.62603759765625,103587.0,0.2768600881099701,LOST,0.04282890001195483,0.0,9.73944425165897,1,0,0,12.748547850715774,0.008680720656676265,1.0,0,0,311,0,none,nan,nan,nan,nan,nan,3,2,2.0,320,0.55,0,low_score_streak
698,237.3607730470103,709.0,20.0,219.0,473.0,818.5,256.5,103587.0,0.26558879017829895,LOST,0.0427858259936329,0.0,8.126213685004553,1,0,0,0.12603759765625,8.582131787119837e-05,1.0,0,0,312,0,none,nan,nan,nan,nan,nan,3,2,2.0,321,0.55,0,low_score_streak
699,237.4828617190069,709.0,20.0,219.0,473.0,818.5,256.5,103587.0,0.27140167355537415,LOST,0.03981762500188779,0.0,8.190768100318001,1,0,0,0.0,0.0,1.0,0,0,313,0,none,nan,nan,nan,nan,nan,3,2,2.0,322,0.55,0,low_score_streak
700,237.6058008300024,709.0,20.0,219.0,473.0,818.5,256.5,103587.0,0.27288001775741577,LOST,0.042304407004849054,0.0,8.134107949069014,1,0,0,0.0,0.0,1.0,0,0,314,0,none,nan,nan,nan,nan,nan,3,2,2.0,323,0.55,0,low_score_streak
701,237.72181851501227,709.0,20.0,219.0,473.0,818.5,256.5,103587.0,0.28481292724609375,LOST,0.037496472999919206,0.0,8.619375571189591,1,0,0,0.0,0.0,1.0,0,0,315,0,none,nan,nan,nan,nan,nan,3,2,2.0,324,0.55,0,low_score_streak
702,237.84972405400185,721.8739624023438,32.87396240234375,219.0,473.0,831.3739624023438,269.37396240234375,103587.0,0.28327348828315735,LOST,0.044333833997370675,0.0,7.818269700434667,1,0,0,18.206532230875844,0.012397162584610181,1.0,0,0,316,0,none,nan,nan,nan,nan,nan,3,2,2.0,325,0.55,0,low_score_streak
703,237.97372449400427,722.0,20.12603759765625,219.0,473.0,831.5,256.62603759765625,103587.0,0.2774762511253357,LOST,0.041769550007302314,0.0,8.0644875129515,1,0,0,12.748547850715774,0.008680720656676265,1.0,0,0,317,0,none,nan,nan,nan,nan,nan,3,2,2.0,326,0.55,0,low_score_streak
704,238.1017920160084,722.0,20.0,219.0,473.0,831.5,256.5,103587.0,0.27817487716674805,LOST,0.046022106005693786,0.0,7.808380956787381,1,0,0,0.12603759765625,8.582131787119837e-05,1.0,0,0,318,0,none,nan,nan,nan,nan,nan,3,2,2.0,327,0.55,0,low_score_streak
705,238.22758067800896,722.0,20.0,219.0,473.0,831.5,256.5,103587.0,0.28046149015426636,LOST,0.04439201200148091,0.0,7.9498420930461435,1,0,0,0.0,0.0,1.0,0,0,319,0,none,nan,nan,nan,nan,nan,3,2,2.0,328,0.55,0,low_score_streak
706,238.355942426002,722.0,20.0,219.0,473.0,831.5,256.5,103587.0,0.2845648229122162,LOST,0.04356162699696142,0.0,7.790482878545893,1,0,0,0.0,0.0,1.0,0,0,320,0,none,nan,nan,nan,nan,nan,3,2,2.0,329,0.55,0,low_score_streak
707,238.4809149740031,722.0,20.0,219.0,473.0,831.5,256.5,103587.0,0.303854376077652,LOST,0.043544387008296326,0.0,8.001757313864045,1,0,0,0.0,0.0,1.0,0,0,321,0,none,nan,nan,nan,nan,nan,3,2,2.0,330,0.55,0,low_score_streak
708,238.60861316400405,734.8739624023438,32.87396240234375,219.0,473.0,844.3739624023438,269.37396240234375,103587.0,0.2845092713832855,LOST,0.04396590800024569,0.0,7.830964557857195,1,0,0,18.206532230875844,0.012397162584610181,1.0,0,0,322,0,none,nan,nan,nan,nan,nan,3,2,2.0,331,0.55,0,low_score_streak
709,238.7075629680039,735.0,33.0,219.0,473.0,844.5,269.5,103587.0,0.313848614692688,LOST,0.038849214994115755,0.0,10.106134217319271,1,0,0,0.17824407997439218,0.00012136967167418124,1.0,0,0,323,0,none,nan,nan,nan,nan,nan,3,2,2.0,332,0.55,0,low_score_streak
710,238.8342723300011,735.0,33.0,219.0,473.0,844.5,269.5,103587.0,0.3161299526691437,LOST,0.04372892300307285,0.0,7.892076672456898,1,0,0,0.0,0.0,1.0,0,0,324,0,none,nan,nan,nan,nan,nan,3,2,2.0,333,0.55,0,low_score_streak
711,238.95791390701197,735.0,20.12603759765625,219.0,473.0,844.5,256.62603759765625,103587.0,0.3131105303764343,LOST,0.04085770399251487,0.0,8.087894251884078,1,0,0,12.87396240234375,0.008766117731050006,1.0,0,0,325,0,none,nan,nan,nan,nan,nan,3,2,2.0,334,0.55,0,low_score_streak
712,239.0805063420121,735.0,20.0,219.0,473.0,844.5,256.5,103587.0,0.3021155297756195,LOST,0.040645771005074494,0.0,8.157110183830358,1,0,0,0.12603759765625,8.582131787119837e-05,1.0,0,0,326,0,none,nan,nan,nan,nan,nan,3,2,2.0,335,0.55,0,low_score_streak
713,239.2016128020041,735.0,20.0,219.0,473.0,844.5,256.5,103587.0,0.29802581667900085,LOST,0.03917099500540644,0.0,8.257197841188692,1,0,0,0.0,0.0,1.0,0,0,327,0,none,nan,nan,nan,nan,nan,3,2,2.0,336,0.55,0,low_score_streak
714,239.32653211901197,735.0,20.0,219.0,473.0,844.5,256.5,103587.0,0.31207025051116943,LOST,0.04252441300195642,0.0,8.005167046637963,1,0,0,0.0,0.0,1.0,0,0,328,0,none,nan,nan,nan,nan,nan,3,2,2.0,337,0.55,0,low_score_streak
715,239.45056860199838,735.0,20.0,219.0,473.0,844.5,256.5,103587.0,0.3117695450782776,LOST,0.042348679999122396,0.0,8.06214410408225,1,0,0,0.0,0.0,1.0,0,0,329,0,none,nan,nan,nan,nan,nan,3,2,2.0,338,0.55,0,low_score_streak
716,239.57407017500373,735.0,20.0,219.0,473.0,844.5,256.5,103587.0,0.2942279577255249,LOST,0.04108296999766026,0.0,8.09706286054143,1,0,0,0.0,0.0,1.0,0,0,330,0,none,nan,nan,nan,nan,nan,3,2,2.0,339,0.55,0,low_score_streak
717,239.69848463500966,747.8739624023438,32.87396240234375,219.0,473.0,857.3739624023438,269.37396240234375,103587.0,0.3001105785369873,LOST,0.04167704800784122,0.0,8.03765092861617,1,0,0,18.206532230875844,0.012397162584610181,1.0,0,0,331,0,none,nan,nan,nan,nan,nan,3,2,2.0,340,0.55,0,low_score_streak
718,239.82194777000404,735.1260375976562,20.12603759765625,219.0,473.0,844.6260375976562,256.62603759765625,103587.0,0.3206385672092438,LOST,0.039977420994546264,0.0,8.099583734411983,1,0,0,18.028288150901453,0.012275792912936,1.0,0,0,332,0,none,nan,nan,nan,nan,nan,3,2,2.0,341,0.55,0,low_score_streak
719,239.9433453829988,735.0,20.0,219.0,473.0,844.5,256.5,103587.0,0.3153955638408661,LOST,0.03966939199017361,0.0,8.237394256204073,1,0,0,0.17824407997439218,0.00012136967167418124,1.0,0,0,333,0,none,nan,nan,nan,nan,nan,3,2,2.0,342,0.55,0,low_score_streak
720,240.07751128901145,735.0,7.1260223388671875,219.0,473.0,844.5,243.6260223388672,103587.0,0.29699426889419556,LOST,0.04636789599317126,0.0,7.453458406234635,1,0,0,12.873977661132812,0.008766128121040061,1.0,0,0,334,0,none,nan,nan,nan,nan,nan,3,2,2.0,343,0.55,0,low_score_streak
721,240.19291312500718,735.0,19.873977661132812,219.0,473.0,844.5,256.3739776611328,103587.0,0.3103499412536621,LOST,0.05366990499896929,0.0,8.665373400446015,1,0,0,12.747955322265625,0.008680317193158921,1.0,0,0,335,0,none,nan,nan,nan,nan,nan,3,2,2.0,344,0.55,0,low_score_streak
722,240.319817858006,735.0,7.1260223388671875,219.0,473.0,844.5,243.6260223388672,103587.0,0.3032168745994568,LOST,0.04417419400124345,0.0,7.87992674795966,1,0,0,12.747955322265625,0.008680317193158921,1.0,0,0,336,0,none,nan,nan,nan,nan,nan,3,2,2.0,345,0.55,0,low_score_streak
723,240.4449087420071,735.0,7.0,219.0,473.0,844.5,243.5,103587.0,0.2854262590408325,LOST,0.04214883099484723,0.0,7.994187649925961,1,0,0,0.1260223388671875,8.581092788114133e-05,1.0,0,0,337,0,none,nan,nan,nan,nan,nan,3,2,2.0,346,0.55,0,low_score_streak
724,240.57443239500572,747.8739624023438,19.873977661132812,219.0,473.0,857.3739624023438,256.3739776611328,103587.0,0.3039129078388214,LOST,0.046815770998364314,0.0,7.720597565378269,1,0,0,18.20654302047226,0.012397169931444784,1.0,0,0,338,0,none,nan,nan,nan,nan,nan,3,2,2.0,347,0.55,0,low_score_streak
725,240.7009838369995,748.0,20.0,219.0,473.0,857.5,256.5,103587.0,0.3265458345413208,LOST,0.042815096996491775,0.0,7.901924974106689,1,0,0,0.17823329070775468,0.00012136232506413064,1.0,0,0,339,0,none,nan,nan,nan,nan,nan,3,2,2.0,348,0.55,0,low_score_streak
726,240.8285566070117,748.0,20.0,219.0,473.0,857.5,256.5,103587.0,0.3254867196083069,LOST,0.042610039992723614,0.0,7.838663375455596,1,0,0,0.0,0.0,1.0,0,0,340,0,none,nan,nan,nan,nan,nan,3,2,2.0,349,0.55,0,low_score_streak
727,240.95115346901002,748.0,7.1260223388671875,219.0,473.0,857.5,243.6260223388672,103587.0,0.29540252685546875,LOST,0.03975866500695702,0.0,8.156815628883892,1,0,0,12.873977661132812,0.008766128121040061,1.0,0,0,341,0,none,nan,nan,nan,nan,nan,3,2,2.0,350,0.55,0,low_score_streak
728,241.07926640901132,748.0,7.0,219.0,473.0,857.5,243.5,103587.0,0.29267242550849915,LOST,0.04381543499766849,0.0,7.805612766281386,1,0,0,0.1260223388671875,8.581092788114133e-05,1.0,0,0,342,0,none,nan,nan,nan,nan,nan,3,2,2.0,351,0.55,0,low_score_streak
729,241.20215900801122,760.8739624023438,19.873977661132812,219.0,473.0,870.3739624023438,256.3739776611328,103587.0,0.31561678647994995,LOST,0.03907479399640579,0.0,8.137186520083588,1,0,0,18.20654302047226,0.012397169931444784,1.0,0,0,343,0,none,nan,nan,nan,nan,nan,3,2,2.0,352,0.55,0,low_score_streak
730,241.32716655700642,761.0,7.1260223388671875,219.0,473.0,870.5,243.6260223388672,103587.0,0.3044595718383789,LOST,0.0402874289866304,0.0,7.999516893482975,1,0,0,12.74857836680245,0.008680741435640824,1.0,0,0,344,0,none,nan,nan,nan,nan,nan,3,2,2.0,353,0.55,0,low_score_streak
731,241.4495548720006,761.0,7.0,219.0,473.0,870.5,243.5,103587.0,0.2949218153953552,LOST,0.03972210199572146,0.0,8.170714663794888,1,0,0,0.1260223388671875,8.581092788114133e-05,1.0,0,0,345,0,none,nan,nan,nan,nan,nan,3,2,2.0,354,0.55,0,low_score_streak
732,241.5718153199996,761.0,7.0,219.0,473.0,870.5,243.5,103587.0,0.3064461648464203,LOST,0.039853251990280114,0.0,8.179260066249759,1,0,0,0.0,0.0,1.0,0,0,346,0,none,nan,nan,nan,nan,nan,3,2,2.0,355,0.55,0,low_score_streak
733,241.67705179400218,773.8739624023438,7.0,219.0,473.0,883.3739624023438,243.5,103587.0,0.300457239151001,LOST,0.043734236009186134,0.0,9.502408831897396,1,0,0,12.87396240234375,0.008766117731050006,1.0,0,0,347,0,none,nan,nan,nan,nan,nan,3,2,2.0,356,0.55,0,low_score_streak
734,241.79884571900766,774.0,-5.8739776611328125,219.0,473.0,883.5,230.6260223388672,103587.0,0.30810534954071045,LOST,0.039653767002164386,0.0,8.210590141955203,1,0,0,12.874594607030144,0.00876654821084619,1.0,0,0,348,0,none,nan,nan,nan,nan,nan,3,2,2.0,357,0.55,0,low_score_streak
735,241.92197019900777,774.0,-6.0,219.0,473.0,883.5,230.5,103587.0,0.2923853397369385,LOST,0.039748926006723195,0.0,8.121861712626652,1,0,0,0.1260223388671875,8.581092788114133e-05,1.0,0,0,349,0,none,nan,nan,nan,nan,nan,3,2,2.0,358,0.55,0,low_score_streak
736,242.04784245700284,774.0,-6.0,219.0,473.0,883.5,230.5,103587.0,0.28519874811172485,LOST,0.04145917699497659,0.0,7.944562335881566,1,0,0,0.0,0.0,1.0,0,0,350,0,none,nan,nan,nan,nan,nan,3,2,2.0,359,0.55,0,low_score_streak
737,242.1664195300109,786.8739624023438,-6.0,219.0,473.0,896.3739624023438,230.5,103587.0,0.29551807045936584,LOST,0.0385578019922832,0.0,8.433333482030465,1,0,0,12.87396240234375,0.008766117731050006,1.0,0,0,351,0,none,nan,nan,nan,nan,nan,3,2,2.0,360,0.55,0,low_score_streak
738,242.2983982450096,774.1260375976562,-18.873977661132812,219.0,473.0,883.6260375976562,217.6260223388672,103587.0,0.27567440271377563,LOST,0.04777433800336439,0.0,7.576979363754886,1,0,0,18.117640233907768,0.012336634389294927,1.0,0,0,352,0,none,nan,nan,nan,nan,nan,3,2,2.0,361,0.55,0,low_score_streak
739,242.42455738600984,774.0,-31.873977661132812,219.0,473.0,883.5,204.6260223388672,103587.0,0.28439873456954956,LOST,0.04227555199759081,0.0,7.926496582582686,1,0,0,13.000610965490159,0.008852355066558118,1.0,0,0,353,0,none,nan,nan,nan,nan,nan,3,2,2.0,362,0.55,0,low_score_streak
740,242.55165201899945,774.0,-19.126022338867188,219.0,473.0,883.5,217.3739776611328,103587.0,0.2653256058692932,LOST,0.04421153900329955,0.0,7.868152859623473,1,0,0,12.747955322265625,0.008680317193158921,1.0,0,0,354,0,none,nan,nan,nan,nan,nan,3,2,2.0,363,0.55,0,low_score_streak
741,242.67473915401206,786.8739624023438,-6.1260223388671875,219.0,473.0,896.3739624023438,230.3739776611328,103587.0,0.2744930386543274,LOST,0.03993585699936375,0.0,8.124325908613809,1,0,0,18.295871335822202,0.012457995223969438,1.0,0,0,355,0,none,nan,nan,nan,nan,nan,3,2,2.0,364,0.55,0,low_score_streak
742,242.80301819200395,787.0,-6.0,219.0,473.0,896.5,230.5,103587.0,0.26385989785194397,LOST,0.04271223100658972,0.0,7.795505919394547,1,0,0,0.17823329070775468,0.00012136232506413064,1.0,0,0,356,0,none,nan,nan,nan,nan,nan,3,2,2.0,365,0.55,0,low_score_streak
743,242.92674982300377,787.0,-18.873977661132812,219.0,473.0,896.5,217.6260223388672,103587.0,0.27938565611839294,LOST,0.041198128994437866,0.0,8.082007744659828,1,0,0,12.873977661132812,0.008766128121040061,1.0,0,0,357,0,none,nan,nan,nan,nan,nan,3,2,2.0,366,0.55,0,low_score_streak
744,243.05337022501044,787.0,-6.1260223388671875,219.0,473.0,896.5,230.3739776611328,103587.0,0.2670748233795166,LOST,0.04171715199481696,0.0,7.897621427132734,1,0,0,12.747955322265625,0.008680317193158921,1.0,0,0,358,0,none,nan,nan,nan,nan,nan,3,2,2.0,367,0.55,0,low_score_streak
745,243.15149339300115,787.0,-18.873977661132812,219.0,473.0,896.5,217.6260223388672,103587.0,0.2683667540550232,LOST,0.03974428999936208,0.0,10.191273075230397,1,0,0,12.747955322265625,0.008680317193158921,1.0,0,0,359,0,none,nan,nan,nan,nan,nan,3,2,2.0,368,0.55,0,low_score_streak
746,243.29420118300186,787.0,-19.0,219.0,473.0,896.5,217.5,103587.0,0.24589158594608307,LOST,0.05724707899207715,0.0,7.007325949024932,1,1,0,0.1260223388671875,8.581092788114133e-05,1.0,0,0,360,0,none,nan,nan,nan,nan,nan,3,2,2.0,369,0.55,0,very_low_score+low_score_streak
747,243.41860189300496,787.0,-31.873977661132812,219.0,473.0,896.5,204.6260223388672,103587.0,0.23719415068626404,LOST,0.03994882600090932,0.0,8.038539329679633,1,1,0,12.873977661132812,0.008766128121040061,1.0,0,0,361,0,none,nan,nan,nan,nan,nan,3,2,2.0,370,0.55,0,very_low_score+low_score_streak
748,243.54594069901214,799.8739624023438,-19.126022338867188,219.0,473.0,909.3739624023438,217.3739776611328,103587.0,0.2346828132867813,LOST,0.04182585299713537,0.0,7.853065623559116,1,1,0,18.117650864155678,0.012336641627626202,1.0,0,0,362,0,none,nan,nan,nan,nan,nan,3,2,2.0,371,0.55,0,very_low_score+low_score_streak
749,243.67189556300582,800.0,-31.873977661132812,219.0,473.0,909.5,204.6260223388672,103587.0,0.23989315330982208,LOST,0.043324277008650824,0.0,7.939351989218506,1,1,0,12.74857836680245,0.008680741435640824,1.0,0,0,363,0,none,nan,nan,nan,nan,nan,3,2,2.0,372,0.55,0,very_low_score+low_score_streak
750,243.79755922200275,800.0,-32.0,219.0,473.0,909.5,204.5,103587.0,0.24359601736068726,LOST,0.0380434660037281,0.0,7.957750140193274,1,1,0,0.1260223388671875,8.581092788114133e-05,1.0,0,0,364,0,none,nan,nan,nan,nan,nan,3,2,2.0,373,0.55,0,very_low_score+low_score_streak
751,243.9434530300059,800.0,-44.87397766113281,219.0,473.0,909.5,191.6260223388672,103587.0,0.21906974911689758,LOST,0.047952206994523294,0.0,6.854300492165514,1,1,0,12.873977661132812,0.008766128121040061,1.0,0,0,365,0,none,nan,nan,nan,nan,nan,3,2,2.0,374,0.55,0,very_low_score+low_score_streak
752,244.0677281649987,800.0,-45.0,219.0,473.0,909.5,191.5,103587.0,0.22231504321098328,LOST,0.037867003004066646,0.0,8.04666194937588,1,1,0,0.1260223388671875,8.581092788114133e-05,1.0,0,0,366,0,none,nan,nan,nan,nan,nan,3,2,2.0,375,0.55,0,very_low_score+low_score_streak
753,244.19103421200998,812.8739624023438,-57.87397766113281,219.0,473.0,922.3739624023438,178.6260223388672,103587.0,0.22674717009067535,LOST,0.03935313399415463,0.0,8.109902346545049,1,1,0,18.20654302047226,0.012397169931444784,1.0,0,0,367,0,none,nan,nan,nan,nan,nan,3,2,2.0,376,0.55,0,very_low_score+low_score_streak
754,244.32092646800447,800.1260375976562,-58.0,219.0,473.0,909.6260375976562,178.5,103587.0,0.24022437632083893,LOST,0.044292217993643135,0.0,7.698688365551291,1,1,0,12.74854769986999,0.008680720553962596,1.0,0,0,368,0,none,nan,nan,nan,nan,nan,3,2,2.0,377,0.55,0,very_low_score+low_score_streak
755,244.446729193005,800.0,-58.0,219.0,473.0,909.5,178.5,103587.0,0.24142047762870789,LOST,0.04187924000143539,0.0,7.948953410951227,1,1,0,0.12603759765625,8.582131787119837e-05,1.0,0,0,369,0,none,nan,nan,nan,nan,nan,3,2,2.0,378,0.55,0,very_low_score+low_score_streak
756,244.5773992809991,812.8739624023438,-58.0,219.0,473.0,922.3739624023438,178.5,103587.0,0.22001872956752777,LOST,0.043527770991204306,0.0,7.6528608448272655,1,1,0,12.87396240234375,0.008766117731050006,1.0,0,0,370,0,none,nan,nan,nan,nan,nan,3,2,2.0,379,0.55,0,very_low_score+low_score_streak
757,244.67816928699904,825.8739624023438,-58.0,219.0,473.0,935.3739624023438,178.5,103587.0,0.2255314737558365,LOST,0.041236150995246135,0.0,9.92358777869396,1,1,0,13.0,0.008851939048921204,1.0,0,0,371,0,none,nan,nan,nan,nan,nan,3,2,2.0,380,0.55,0,very_low_score+low_score_streak
758,244.80378794499848,813.1260375976562,-70.87397766113281,219.0,473.0,922.6260375976562,165.6260223388672,103587.0,0.2305237501859665,LOST,0.04082041200308595,0.0,7.9606008846589065,1,1,0,18.117640233907768,0.012336634389294927,1.0,0,0,372,0,none,nan,nan,nan,nan,nan,3,2,2.0,381,0.55,0,very_low_score+low_score_streak
759,244.9372948759992,813.0,-71.0,219.0,473.0,922.5,165.5,103587.0,0.20015494525432587,LOST,0.04279999299615156,0.0,7.490247828365324,1,1,0,0.17823329070775468,0.00012136232506413064,1.0,0,0,373,0,none,nan,nan,nan,nan,nan,3,2,2.0,382,0.55,0,very_low_score+low_score_streak
760,245.06395606099977,838.7479248046875,-58.12602233886719,219.0,473.0,948.2479248046875,178.3739776611328,103587.0,0.19551602005958557,LOST,0.039543140010209754,0.0,7.895078511981384,1,1,0,28.787061895358278,0.019601639791941045,1.0,0,0,374,0,none,nan,nan,nan,nan,nan,3,2,2.0,383,0.55,0,very_low_score+low_score_streak
761,245.19007848099864,851.8739624023438,-58.0,219.0,473.0,961.3739624023438,178.5,103587.0,0.21446506679058075,LOST,0.03987106500426307,0.0,7.928804410896984,1,1,0,13.126642550362183,0.00893817229021397,1.0,0,0,375,0,none,nan,nan,nan,nan,nan,3,2,2.0,384,0.55,0,very_low_score+low_score_streak
762,245.3186395579978,839.1260375976562,-83.74795532226562,219.0,473.0,948.6260375976562,152.75204467773438,103587.0,0.22646421194076538,LOST,0.038848016993142664,0.0,7.778404034421764,1,1,0,28.730937856313595,0.019563423901725444,1.0,0,0,376,0,none,nan,nan,nan,nan,nan,3,2,2.0,385,0.55,0,very_low_score+low_score_streak
763,245.44527876201028,851.8739624023438,-71.12602233886719,219.0,473.0,961.3739624023438,165.3739776611328,103587.0,0.2164803147315979,LOST,0.041101251990767196,0.0,7.896448874564843,1,1,0,17.93941969695141,0.012215280748494645,1.0,0,0,377,0,none,nan,nan,nan,nan,nan,3,2,2.0,386,0.55,0,very_low_score+low_score_streak
764,245.57644146701205,543.024658203125,-45.252044677734375,219.0,473.0,652.524658203125,191.24795532226562,103587.0,0.19188611209392548,LOST,0.04410263001045678,0.0,7.624118456435474,1,1,0,309.9312107941863,0.21103786056219126,1.0,0,0,378,0,none,nan,nan,nan,nan,nan,3,2,2.0,387,0.55,0,very_low_score+low_score_streak
765,245.70652779100055,555.8739624023438,-45.0,219.0,473.0,665.3739624023438,191.5,103587.0,0.27268460392951965,LOST,0.04204476599988993,0.0,7.687203153563976,1,0,0,12.851775944344611,0.008751010563825403,1.0,0,0,379,0,none,nan,nan,nan,nan,nan,3,2,2.0,388,0.55,0,low_score_streak
766,245.83344684600888,530.2520751953125,135.23562622070312,219.0,473.0,639.7520751953125,371.7356262207031,103587.0,0.21762728691101074,LOST,0.038224043004447594,0.0,7.879037548257603,1,1,0,182.04769172724724,0.12395962085895303,1.0,0,0,380,0,none,nan,nan,nan,nan,nan,3,2,2.0,389,0.55,0,very_low_score+low_score_streak
767,245.95805573899997,452.75616455078125,-45.235626220703125,219.0,473.0,562.2561645507812,191.26437377929688,103587.0,0.23338697850704193,LOST,0.0409922909893794,0.0,8.025109412307312,1,1,0,196.40643860218776,0.13373675564017312,1.0,0,0,381,0,none,nan,nan,nan,nan,nan,3,2,2.0,390,0.55,0,very_low_score+low_score_streak
768,246.0867930700042,453.0,-19.252044677734375,219.0,473.0,562.5,217.24795532226562,103587.0,0.20423553884029388,LOST,0.04162006700062193,0.0,7.767754638063242,1,1,0,25.984725619609726,0.01769347749136358,1.0,0,0,382,0,none,nan,nan,nan,nan,nan,3,2,2.0,391,0.55,0,very_low_score+low_score_streak
769,246.18874232500093,465.87396240234375,-44.747955322265625,219.0,473.0,575.3739624023438,191.75204467773438,103587.0,0.20037056505680084,LOST,0.042839315996388905,0.0,9.808801447662567,1,1,0,28.561869118299704,0.019448301889111827,1.0,0,0,383,0,none,nan,nan,nan,nan,nan,3,2,2.0,392,0.55,0,very_low_score+low_score_streak
770,246.31835947000945,581.8657836914062,-57.87397766113281,219.0,473.0,691.3657836914062,178.6260223388672,103587.0,0.1927117258310318,LOST,0.044711915994412266,0.0,7.715028748197143,1,1,0,116.73215096276712,0.07948506810552947,1.0,0,0,384,0,none,nan,nan,nan,nan,nan,3,2,2.0,393,0.55,0,very_low_score+low_score_streak
771,246.44384130100661,594.8739624023438,-45.12602233886719,219.0,473.0,704.3739624023438,191.3739776611328,103587.0,0.23839713633060455,LOST,0.04169121499580797,0.0,7.969281226240914,1,1,0,18.213266545959517,0.012401748103583788,1.0,0,0,385,0,none,nan,nan,nan,nan,nan,3,2,2.0,394,0.55,0,very_low_score+low_score_streak
772,246.57161720099975,595.0,-45.0,219.0,473.0,704.5,191.5,103587.0,0.2691679298877716,LOST,0.04367110900057014,0.0,7.826201968083912,1,0,0,0.17823329070775468,0.00012136232506413064,1.0,0,0,386,0,none,nan,nan,nan,nan,nan,3,2,2.0,395,0.55,0,low_score_streak
773,246.69596098300826,595.0,-45.0,219.0,473.0,704.5,191.5,103587.0,0.2725498378276825,LOST,0.041381988005014136,0.0,8.042219593510254,1,0,0,0.0,0.0,1.0,0,0,387,0,none,nan,nan,nan,nan,nan,3,2,2.0,396,0.55,0,low_score_streak
774,246.8226877420093,595.0,-45.0,219.0,473.0,704.5,191.5,103587.0,0.2765099108219147,LOST,0.04075119100161828,0.0,7.890993251013921,1,0,0,0.0,0.0,1.0,0,0,388,0,none,nan,nan,nan,nan,nan,3,2,2.0,397,0.55,0,low_score_streak
775,246.94902079300664,595.0,-45.0,219.0,473.0,704.5,191.5,103587.0,0.2792438268661499,LOST,0.04221513400261756,0.0,7.915584972463067,1,0,0,0.0,0.0,1.0,0,0,389,0,none,nan,nan,nan,nan,nan,3,2,2.0,398,0.55,0,low_score_streak
776,247.0762549610081,595.0,-32.12602233886719,219.0,473.0,704.5,204.3739776611328,103587.0,0.31307825446128845,LOST,0.043351622007321566,0.0,7.859524023362962,1,0,0,12.873977661132812,0.008766128121040061,1.0,0,0,390,0,none,nan,nan,nan,nan,nan,3,2,2.0,399,0.55,0,low_score_streak
777,247.20810424600495,607.8739624023438,-32.0,219.0,473.0,717.3739624023438,204.5,103587.0,0.30697086453437805,LOST,0.04559115799202118,0.0,7.584417314237313,1,0,0,12.874579199603147,0.00876653771964583,1.0,0,0,391,0,none,nan,nan,nan,nan,nan,3,2,2.0,400,0.55,0,low_score_streak
778,247.34711339999922,530.7561645507812,212.60549926757812,219.0,473.0,640.2561645507812,449.1054992675781,103587.0,0.27154403924942017,LOST,0.053562036002404056,0.0,7.193770850812094,1,0,0,256.47418002094406,0.1746379853205724,1.0,0,0,392,0,none,nan,nan,nan,nan,nan,3,2,2.0,401,0.55,0,low_score_streak
779,247.47668262700608,595.369873046875,-31.605499267578125,219.0,473.0,704.869873046875,204.89450073242188,103587.0,0.24844768643379211,LOST,0.04590986299444921,0.0,7.717881962412187,1,1,0,252.6142179909046,0.1720096661958755,1.0,0,0,393,0,none,nan,nan,nan,nan,nan,3,2,2.0,402,0.55,0,very_low_score+low_score_streak
780,247.61961000500014,607.8739624023438,-44.87397766113281,219.0,473.0,717.3739624023438,191.6260223388672,103587.0,0.22569572925567627,LOST,0.0518542859936133,0.0,6.99656016947004,1,1,0,18.231971080762893,0.012414484365277475,1.0,0,0,394,0,none,nan,nan,nan,nan,nan,3,2,2.0,403,0.55,0,very_low_score+low_score_streak
781,247.72631583899783,492.13421630859375,186.73153686523438,219.0,473.0,601.6342163085938,423.2315368652344,103587.0,0.24220049381256104,LOST,0.04492004700296093,0.0,9.371558822375281,1,1,0,258.9146639046715,0.17629975567354392,1.0,0,0,395,0,none,nan,nan,nan,nan,nan,3,2,2.0,404,0.55,0,very_low_score+low_score_streak
782,247.8521840350004,620.73974609375,-44.731536865234375,219.0,473.0,730.23974609375,191.76846313476562,103587.0,0.214413583278656,LOST,0.04322547199262772,0.0,7.9448187211619805,1,1,0,264.7914968273663,0.18030139927603528,1.0,0,0,396,0,none,nan,nan,nan,nan,nan,3,2,2.0,405,0.55,0,very_low_score+low_score_streak
783,247.98302459600382,608.1260375976562,315.47125244140625,219.0,473.0,717.6260375976562,551.9712524414062,103587.0,0.2319231629371643,LOST,0.04731198299850803,0.0,7.6428898831596195,1,1,0,360.42357728970586,0.24541904138173976,1.0,0,0,397,0,none,nan,nan,nan,nan,nan,3,2,2.0,406,0.55,0,very_low_score+low_score_streak
784,248.11228704500536,646.6219482421875,-58.345245361328125,219.0,473.0,756.1219482421875,178.15475463867188,103587.0,0.18378177285194397,LOST,0.04498494400468189,0.0,7.73619877794559,1,1,0,375.7934394928329,0.25588466318269343,1.0,0,0,398,0,none,nan,nan,nan,nan,nan,3,2,2.0,407,0.55,0,very_low_score+low_score_streak
785,248.24064962600823,659.8739624023438,-58.0,219.0,473.0,769.3739624023438,178.5,103587.0,0.21414166688919067,LOST,0.043720172994653694,0.0,7.790432322154699,1,1,0,13.256510614053019,0.009026601842844179,1.0,0,0,399,0,none,nan,nan,nan,nan,nan,3,2,2.0,408,0.55,0,very_low_score+low_score_streak
786,248.3679806190048,685.7479248046875,-58.0,219.0,473.0,795.2479248046875,178.5,103587.0,0.17190667986869812,LOST,0.04135579000285361,0.0,7.853547486485781,1,1,0,25.87396240234375,0.01761805677997121,1.0,0,0,400,0,none,nan,nan,nan,nan,nan,3,2,2.0,409,0.55,0,very_low_score+low_score_streak
787,248.495503284008,711.7479248046875,-58.0,219.0,473.0,821.2479248046875,178.5,103587.0,0.19014470279216766,LOST,0.04402783700788859,0.0,7.841743269519348,1,1,0,26.0,0.017703878097842407,1.0,0,0,401,0,none,nan,nan,nan,nan,nan,3,2,2.0,410,0.55,0,very_low_score+low_score_streak
788,248.63395565300016,930.8575439453125,-96.62191772460938,219.0,473.0,1040.3575439453125,139.87808227539062,103587.0,0.18388989567756653,LOST,0.055046085006324574,0.0,7.222700537949718,1,1,0,222.48747768959097,0.1514958147428058,1.0,0,0,402,0,none,nan,nan,nan,nan,nan,3,2,2.0,411,0.55,0,very_low_score+low_score_streak
789,248.76258959600818,943.8740234375,-97.0,219.0,473.0,1053.3740234375,139.5,103587.0,0.1995040774345398,LOST,0.042560350993881,0.0,7.773997878130853,1,1,0,13.02196930489019,0.008866898352600829,1.0,0,0,403,0,none,nan,nan,nan,nan,nan,3,2,2.0,412,0.55,0,very_low_score+low_score_streak
790,248.8884223220084,944.0,-97.0,219.0,473.0,1053.5,139.5,103587.0,0.2089860439300537,LOST,0.041194848003215156,0.0,7.947058223932963,1,1,0,0.1259765625,8.57797579109702e-05,1.0,0,0,404,0,none,nan,nan,nan,nan,nan,3,2,2.0,413,0.55,0,very_low_score+low_score_streak
791,249.01055266200274,944.0,-97.0,219.0,473.0,1053.5,139.5,103587.0,0.22740329802036285,LOST,0.039414386003045365,0.0,8.187973603008404,1,1,0,0.0,0.0,1.0,0,0,405,0,none,nan,nan,nan,nan,nan,3,2,2.0,414,0.55,0,very_low_score+low_score_streak
792,249.14218506601173,956.8740234375,-84.12602233886719,219.0,473.0,1066.3740234375,152.3739776611328,103587.0,0.20137105882167816,LOST,0.04556324001168832,0.0,7.596913598354194,1,1,0,18.20658617887071,0.012397199318791902,1.0,0,0,406,0,none,nan,nan,nan,nan,nan,3,2,2.0,415,0.55,0,very_low_score+low_score_streak
793,249.24360597399937,686.6465454101562,250.72332763671875,219.0,473.0,796.1465454101562,487.22332763671875,103587.0,0.18255329132080078,LOST,0.042380920000141487,0.0,9.85989989482206,1,1,0,430.2870867921683,0.2929903896786263,1.0,0,0,407,0,none,nan,nan,nan,nan,nan,3,2,2.0,416,0.55,0,very_low_score+low_score_streak
794,249.38765723600227,506.764404296875,96.5123291015625,219.0,473.0,616.264404296875,333.0123291015625,103587.0,0.19418680667877197,LOST,0.05672274199605454,0.0,6.941973198262162,1,1,0,236.93589166841818,0.16133400550389498,1.0,0,0,408,0,none,nan,nan,nan,nan,nan,3,2,2.0,417,0.55,0,very_low_score+low_score_streak
795,249.51339902200561,494.12603759765625,97.0,219.0,473.0,603.6260375976562,333.5,103587.0,0.22635488212108612,LOST,0.038844944996526465,0.0,7.952805759999249,1,1,0,12.647771966994988,0.008612100504345683,1.0,0,0,409,0,none,nan,nan,nan,nan,nan,3,2,2.0,418,0.55,0,very_low_score+low_score_streak
796,249.6396252990089,506.87396240234375,97.0,219.0,473.0,616.3739624023438,333.5,103587.0,0.22919319570064545,LOST,0.03997325399541296,0.0,7.9222807147665115,1,1,0,12.7479248046875,0.008680296413178806,1.0,0,0,410,0,none,nan,nan,nan,nan,nan,3,2,2.0,419,0.55,0,very_low_score+low_score_streak
797,249.76837502600392,507.0,84.12603759765625,219.0,473.0,616.5,320.62603759765625,103587.0,0.23422253131866455,LOST,0.04439508599170949,0.0,7.767006760633758,1,1,0,12.874579348972278,0.008766537821354017,1.0,0,0,411,0,none,nan,nan,nan,nan,nan,3,2,2.0,420,0.55,0,very_low_score+low_score_streak
798,249.8969113100029,519.8739624023438,96.87396240234375,219.0,473.0,629.3739624023438,333.37396240234375,103587.0,0.21079891920089722,LOST,0.04119609799818136,0.0,7.779904388770974,1,1,0,18.117629391367053,0.012336627006409579,1.0,0,0,412,0,none,nan,nan,nan,nan,nan,3,2,2.0,421,0.55,0,very_low_score+low_score_streak
799,250.02455106101115,520.0,84.12603759765625,219.0,473.0,629.5,320.62603759765625,103587.0,0.24026644229888916,LOST,0.042554622006719,0.0,7.834549911770006,1,1,0,12.748547850715774,0.008680720656676265,1.0,0,0,413,0,none,nan,nan,nan,nan,nan,3,2,2.0,422,0.55,0,very_low_score+low_score_streak
800,250.1525649880059,532.8739624023438,84.0,219.0,473.0,642.3739624023438,320.5,103587.0,0.2615504264831543,LOST,0.04339214399806224,0.0,7.8116500561769335,1,0,0,12.874579348972278,0.008766537821354017,1.0,0,0,414,0,none,nan,nan,nan,nan,nan,3,2,2.0,423,0.55,0,low_score_streak
801,250.27961373500875,545.8739624023438,148.369873046875,219.0,473.0,655.3739624023438,384.869873046875,103587.0,0.2474421262741089,LOST,0.039240372003405355,0.0,7.8709945874366,1,1,0,65.66947963910484,0.04471555624151754,1.0,0,0,415,0,none,nan,nan,nan,nan,nan,3,2,2.0,424,0.55,0,very_low_score+low_score_streak
802,250.40800215001218,533.1260375976562,32.13421630859375,219.0,473.0,642.6260375976562,268.63421630859375,103587.0,0.24835307896137238,LOST,0.04134110100858379,0.0,7.788864750556333,1,1,0,116.93261941907191,0.07962157076371726,1.0,0,0,416,0,none,nan,nan,nan,nan,nan,3,2,2.0,425,0.55,0,very_low_score+low_score_streak
803,250.53719834701042,507.2520751953125,-58.11781311035156,219.0,473.0,616.7520751953125,178.38218688964844,103587.0,0.26611173152923584,LOST,0.045257086007040925,0.0,7.740165912264803,1,0,0,93.88764958521472,0.06392982704421483,1.0,0,0,417,0,none,nan,nan,nan,nan,nan,3,2,2.0,426,0.55,0,low_score_streak
804,250.66694085999916,507.0,-70.87397766113281,219.0,473.0,616.5,165.6260223388672,103587.0,0.28780198097229004,LOST,0.043332609988283366,0.0,7.7075738473385025,1,0,0,12.758654942849581,0.008687602761563211,1.0,0,0,418,0,none,nan,nan,nan,nan,nan,3,2,2.0,427,0.55,0,low_score_streak
805,250.76252266101073,519.8739624023438,-58.12602233886719,219.0,473.0,629.3739624023438,178.3739776611328,103587.0,0.28287383913993835,LOST,0.037927577999653295,0.0,10.462242701190426,1,0,0,18.117650864155678,0.012336641627626202,1.0,0,0,419,0,none,nan,nan,nan,nan,nan,3,2,2.0,428,0.55,0,low_score_streak
806,250.8914032770117,532.8739624023438,-58.0,219.0,473.0,642.3739624023438,178.5,103587.0,0.27630093693733215,LOST,0.04473452099773567,0.0,7.759118717996153,1,0,0,13.000610817569056,0.008852354965835918,1.0,0,0,420,0,none,nan,nan,nan,nan,nan,3,2,2.0,429,0.55,0,low_score_streak
807,251.02230201700877,545.8739624023438,-58.0,219.0,473.0,655.3739624023438,178.5,103587.0,0.2819662392139435,LOST,0.04533974500373006,0.0,7.639492939522751,1,0,0,13.0,0.008851939048921204,1.0,0,0,421,0,none,nan,nan,nan,nan,nan,3,2,2.0,430,0.55,0,low_score_streak
808,251.14876929001184,558.8739624023438,-58.0,219.0,473.0,668.3739624023438,178.5,103587.0,0.2738877236843109,LOST,0.04306109300523531,0.0,7.907184018870284,1,0,0,13.0,0.008851939048921204,1.0,0,0,422,0,none,nan,nan,nan,nan,nan,3,2,2.0,431,0.55,0,low_score_streak
809,251.27304702901165,571.8739624023438,-70.87397766113281,219.0,473.0,681.3739624023438,165.6260223388672,103587.0,0.2727070450782776,LOST,0.041529544003424235,0.0,8.046493346660766,1,0,0,18.295882072732834,0.01245800253492932,1.0,0,0,423,0,none,nan,nan,nan,nan,nan,3,2,2.0,432,0.55,0,low_score_streak
810,251.40792133800278,572.0,-58.12602233886719,219.0,473.0,681.5,178.3739776611328,103587.0,0.25234612822532654,LOST,0.046766134997596964,0.0,7.414310460458178,1,0,0,12.74857836680245,0.008680741435640824,1.0,0,0,424,0,none,nan,nan,nan,nan,nan,3,2,2.0,433,0.55,0,low_score_streak
811,251.54505060100928,584.8739624023438,-70.87397766113281,219.0,473.0,694.3739624023438,165.6260223388672,103587.0,0.24015823006629944,LOST,0.043448185999295674,0.0,7.292389516835657,1,1,0,18.117650864155678,0.012336641627626202,1.0,0,0,425,0,none,nan,nan,nan,nan,nan,3,2,2.0,434,0.55,0,very_low_score+low_score_streak
812,251.6734141199995,597.8739624023438,-71.0,219.0,473.0,707.3739624023438,165.5,103587.0,0.2259620577096939,LOST,0.04432721900229808,0.0,7.790375395334364,1,1,0,13.000610817569056,0.008852354965835918,1.0,0,0,426,0,none,nan,nan,nan,nan,nan,3,2,2.0,435,0.55,0,very_low_score+low_score_streak
813,251.8062943160039,610.8739624023438,-71.0,219.0,473.0,720.3739624023438,165.5,103587.0,0.22722093760967255,LOST,0.046792801993433386,0.0,7.525575895198342,1,1,0,13.0,0.008851939048921204,1.0,0,0,427,0,none,nan,nan,nan,nan,nan,3,2,2.0,436,0.55,0,very_low_score+low_score_streak
814,251.93723045301158,636.7479248046875,-58.12602233886719,219.0,473.0,746.2479248046875,178.3739776611328,103587.0,0.22774416208267212,LOST,0.04807804399752058,0.0,7.637311004077153,1,1,0,28.899848290557593,0.019678438122391187,1.0,0,0,428,0,none,nan,nan,nan,nan,nan,3,2,2.0,437,0.55,0,very_low_score+low_score_streak
815,252.06912473900593,649.8739624023438,-58.0,219.0,473.0,759.3739624023438,178.5,103587.0,0.2623731195926666,LOST,0.04671082198910881,0.0,7.581829587696047,1,0,0,13.126642550362183,0.00893817229021397,1.0,0,0,429,0,none,nan,nan,nan,nan,nan,3,2,2.0,438,0.55,0,low_score_streak
816,252.194296458998,650.0,-45.12602233886719,219.0,473.0,759.5,191.3739776611328,103587.0,0.23495061695575714,LOST,0.04097906200331636,0.0,7.989024997526371,1,1,0,12.874594607030144,0.00876654821084619,1.0,0,0,430,0,none,nan,nan,nan,nan,nan,3,2,2.0,439,0.55,0,very_low_score+low_score_streak
817,252.3022466990078,675.7479248046875,-45.0,219.0,473.0,785.2479248046875,191.5,103587.0,0.22558678686618805,LOST,0.04819314999622293,0.0,9.263527342867341,1,1,0,25.74823320885795,0.01753244546017072,1.0,0,0,431,0,none,nan,nan,nan,nan,nan,3,2,2.0,440,0.55,0,very_low_score+low_score_streak
818,252.42242339601216,663.1260375976562,-83.62191772460938,219.0,473.0,772.6260375976562,152.87808227539062,103587.0,0.21480266749858856,LOST,0.03617810600553639,0.0,8.321080749654595,1,1,0,40.63206326773863,0.027667119036764033,1.0,0,0,432,0,none,nan,nan,nan,nan,nan,3,2,2.0,441,0.55,0,very_low_score+low_score_streak
819,252.5485608690069,675.8739624023438,-135.4958953857422,219.0,473.0,785.3739624023438,101.00410461425781,103587.0,0.18136931955814362,LOST,0.04275853300350718,0.0,7.927858203102616,1,1,0,53.417404890294634,0.03637289324926412,1.0,0,0,433,0,none,nan,nan,nan,nan,nan,3,2,2.0,442,0.55,0,very_low_score+low_score_streak
820,252.67190842800483,676.0,-135.0,219.0,473.0,785.5,101.5,103587.0,0.1846693903207779,LOST,0.040660668004420586,0.0,8.107173000617362,1,1,0,0.5116617140487958,0.0003483998697251146,1.0,0,0,434,0,none,nan,nan,nan,nan,nan,3,2,2.0,443,0.55,0,very_low_score+low_score_streak
821,252.8045007000037,688.8739624023438,-109.2520523071289,219.0,473.0,798.3739624023438,127.2479476928711,103587.0,0.1897931843996048,LOST,0.04229331298847683,0.0,7.541917676834838,1,1,0,28.787075543232703,0.0196016490850297,1.0,0,0,435,0,none,nan,nan,nan,nan,nan,3,2,2.0,444,0.55,0,very_low_score+low_score_streak
822,252.93355569501,701.8739624023438,-109.0,219.0,473.0,811.3739624023438,127.5,103587.0,0.19728346168994904,LOST,0.046230599997215904,0.0,7.748634603032505,1,1,0,13.002443246002999,0.008853602700051977,1.0,0,0,436,0,none,nan,nan,nan,nan,nan,3,2,2.0,445,0.55,0,very_low_score+low_score_streak
823,253.07372102500813,714.8739624023438,-83.25204467773438,219.0,473.0,824.3739624023438,153.24795532226562,103587.0,0.20111088454723358,LOST,0.04579840299265925,0.0,7.134431888494595,1,1,0,28.84366833947074,0.019640184160637942,1.0,0,0,437,0,none,nan,nan,nan,nan,nan,3,2,2.0,446,0.55,0,very_low_score+low_score_streak
824,253.19770464100293,727.8739624023438,-83.0,219.0,473.0,837.3739624023438,153.5,103587.0,0.20780619978904724,LOST,0.038357172001269646,0.0,8.065581826891703,1,1,0,13.002443098109456,0.008853602599348545,1.0,0,0,438,0,none,nan,nan,nan,nan,nan,3,2,2.0,447,0.55,0,very_low_score+low_score_streak
825,253.32647410800564,728.0,-83.0,219.0,473.0,837.5,153.5,103587.0,0.19991254806518555,LOST,0.04459972699987702,0.0,7.76581609970427,1,1,0,0.12603759765625,8.582131787119837e-05,1.0,0,0,439,0,none,nan,nan,nan,nan,nan,3,2,2.0,448,0.55,0,very_low_score+low_score_streak
826,253.45357816800242,740.8739624023438,-57.252044677734375,219.0,473.0,850.3739624023438,179.24795532226562,103587.0,0.1997925490140915,LOST,0.042429827008163556,0.0,7.867569297356189,1,1,0,28.787082367172037,0.019601653731575474,1.0,0,0,440,0,none,nan,nan,nan,nan,nan,3,2,2.0,449,0.55,0,very_low_score+low_score_streak
827,253.5790445310122,753.8739624023438,-44.12602233886719,219.0,473.0,863.3739624023438,192.3739776611328,103587.0,0.2282322347164154,LOST,0.039281310004298575,0.0,7.9702637106184335,1,1,0,18.47410247997018,0.012579356087401546,1.0,0,0,441,0,none,nan,nan,nan,nan,nan,3,2,2.0,450,0.55,0,very_low_score+low_score_streak
828,253.70906913399813,754.0,-56.87397766113281,219.0,473.0,863.5,179.6260223388672,103587.0,0.19249019026756287,LOST,0.04358397099713329,0.0,7.690852169786103,1,1,0,12.74857836680245,0.008680741435640824,1.0,0,0,442,0,none,nan,nan,nan,nan,nan,3,2,2.0,451,0.55,0,very_low_score+low_score_streak
829,253.8061593070015,766.8739624023438,-82.74795532226562,219.0,473.0,876.3739624023438,153.75204467773438,103587.0,0.1655654013156891,LOST,0.03878963099850807,0.0,10.299703554603669,1,1,0,28.89985515440796,0.019678442796113117,1.0,0,0,443,0,none,nan,nan,nan,nan,nan,3,2,2.0,452,0.55,0,very_low_score+low_score_streak
830,253.93367686700367,715.5040893554688,110.109619140625,219.0,473.0,825.0040893554688,346.609619140625,103587.0,0.15714989602565765,LOST,0.04346938501112163,0.0,7.842057203596523,1,1,0,199.5818325513659,0.1358989397705145,1.0,0,0,444,0,none,nan,nan,nan,nan,nan,3,2,2.0,453,0.55,0,very_low_score+low_score_streak
831,254.05851649500255,896.235595703125,-70.23562622070312,219.0,473.0,1005.735595703125,166.26437377929688,103587.0,0.17041996121406555,LOST,0.04153907598811202,0.0,8.010276993207343,1,1,0,255.31996575107587,0.1738520596000902,1.0,0,0,445,0,none,nan,nan,nan,nan,nan,3,2,2.0,454,0.55,0,very_low_score+low_score_streak
832,254.17968274799932,921.7479248046875,-57.12602233886719,219.0,473.0,1031.2479248046875,179.3739776611328,103587.0,0.17153097689151764,LOST,0.03932261299632955,0.0,8.253123087223278,1,1,0,28.683456035231888,0.01953109265663721,1.0,0,0,446,0,none,nan,nan,nan,nan,nan,3,2,2.0,455,0.55,0,very_low_score+low_score_streak
833,254.30571756300924,947.7479248046875,-44.12602233886719,219.0,473.0,1057.2479248046875,192.3739776611328,103587.0,0.1952608972787857,LOST,0.04165298500447534,0.0,7.934315608915852,1,1,0,29.068883707497267,0.019793537446072648,1.0,0,0,447,0,none,nan,nan,nan,nan,nan,3,2,2.0,456,0.55,0,very_low_score+low_score_streak
834,254.43078901901026,960.8740234375,-44.0,219.0,473.0,1070.3740234375,192.5,103587.0,0.1859614998102188,LOST,0.040728585998294875,0.0,7.995429428692463,1,1,0,13.12670358270559,0.008938213848258882,1.0,0,0,448,0,none,nan,nan,nan,nan,nan,3,2,2.0,457,0.55,0,very_low_score+low_score_streak
835,254.55101446701156,973.8740234375,-56.87397766113281,219.0,473.0,1083.3740234375,179.6260223388672,103587.0,0.19020873308181763,LOST,0.03851852999650873,0.0,8.31770658063382,1,1,0,18.295882072732834,0.01245800253492932,1.0,0,0,449,0,none,nan,nan,nan,nan,nan,3,2,2.0,458,0.55,0,very_low_score+low_score_streak
836,254.6941776330059,1025.495849609375,97.4876708984375,219.0,473.0,1134.995849609375,333.9876708984375,103587.0,0.18853852152824402,LOST,0.051474014995619655,0.0,6.985036919619052,1,1,0,162.76465059510795,0.11082944356821937,1.0,0,0,450,0,none,nan,nan,nan,nan,nan,3,2,2.0,459,0.55,0,very_low_score+low_score_streak
837,254.81681845500134,986.3780517578125,-70.36166381835938,219.0,473.0,1095.8780517578125,166.13833618164062,103587.0,0.18348990380764008,LOST,0.04178220599715132,0.0,8.153891858594433,1,1,0,172.34732743395534,0.11735446443767983,1.0,0,0,451,0,none,nan,nan,nan,nan,nan,3,2,2.0,460,0.55,0,very_low_score+low_score_streak
838,254.9384888360073,1011.7479248046875,-57.12602233886719,219.0,473.0,1121.2479248046875,179.3739776611328,103587.0,0.2034967988729477,LOST,0.04063873999984935,0.0,8.218927168074984,1,1,0,28.61490282681751,0.01948441351644551,1.0,0,0,452,0,none,nan,nan,nan,nan,nan,3,2,2.0,461,0.55,0,very_low_score+low_score_streak
839,255.0678140980017,1024.8740234375,-57.0,219.0,473.0,1134.3740234375,179.5,103587.0,0.20258952677249908,LOST,0.04817763000028208,0.0,7.732441323362216,1,1,0,13.12670358270559,0.008938213848258882,1.0,0,0,453,0,none,nan,nan,nan,nan,nan,3,2,2.0,462,0.55,0,very_low_score+low_score_streak
840,255.1964873130055,1037.8740234375,-44.12602233886719,219.0,473.0,1147.3740234375,192.3739776611328,103587.0,0.21055980026721954,LOST,0.04739943200547714,0.0,7.771625197757461,1,1,0,18.295882072732834,0.01245800253492932,1.0,0,0,454,0,none,nan,nan,nan,nan,nan,3,2,2.0,463,0.55,0,very_low_score+low_score_streak
841,255.30966143601108,1076.6219482421875,84.73974609375,219.0,473.0,1186.1219482421875,321.23974609375,103587.0,0.22519266605377197,LOST,0.05397819299832918,0.0,8.835942116826363,1,1,0,134.5651810476939,0.09162790621086409,1.0,0,0,455,0,none,nan,nan,nan,nan,nan,3,2,2.0,464,0.55,0,very_low_score+low_score_streak
842,255.43244345900894,1077.0,-30.865768432617188,219.0,473.0,1186.5,205.6342315673828,103587.0,0.17153599858283997,LOST,0.042033671008539386,0.0,8.14451477165744,1,1,0,115.6061326748615,0.078718341547644,1.0,0,0,456,0,none,nan,nan,nan,nan,nan,3,2,2.0,465,0.55,0,very_low_score+low_score_streak
843,255.55276614900504,1102.7479248046875,110.61370849609375,219.0,473.0,1212.2479248046875,347.11370849609375,103587.0,0.19349351525306702,LOST,0.04165876600018237,0.0,8.310984403959093,1,1,0,143.80333105936558,0.09791833242841089,1.0,0,0,457,0,none,nan,nan,nan,nan,nan,3,2,2.0,466,0.55,0,very_low_score+low_score_streak
844,255.6723947069986,1103.0,252.61370849609375,219.0,473.0,1212.5,489.11370849609375,103587.0,0.18106016516685486,LOST,0.04107599100098014,0.0,8.359208008290073,1,1,0,142.00022373892264,0.0966905634977013,1.0,0,0,458,0,none,nan,nan,nan,nan,nan,3,2,2.0,467,0.55,0,very_low_score+low_score_streak
845,255.79105443900335,755.4027099609375,-146.09320068359375,219.0,473.0,864.9027099609375,90.40679931640625,103587.0,0.1597917228937149,LOST,0.03926229900389444,0.0,8.427458777338382,1,1,0,528.9528102488158,0.3601736950829308,1.0,0,0,459,0,none,nan,nan,nan,nan,nan,3,2,2.0,468,0.55,0,very_low_score+low_score_streak
846,255.91007636699942,742.1260375976562,-107.37808227539062,219.0,473.0,851.6260375976562,129.12191772460938,103587.0,0.1879637986421585,LOST,0.04020555200986564,0.0,8.401813151884035,1,1,0,40.92835719159889,0.02786887101788532,1.0,0,0,460,0,none,nan,nan,nan,nan,nan,3,2,2.0,469,0.55,0,very_low_score+low_score_streak
847,256.02533168801165,742.0,-119.87397766113281,219.0,473.0,851.5,116.62602233886719,103587.0,0.17253266274929047,LOST,0.03773559299588669,0.0,8.676389005015281,1,1,0,12.496530997338255,0.00850911774703021,1.0,0,0,461,0,none,nan,nan,nan,nan,nan,3,2,2.0,470,0.55,0,very_low_score+low_score_streak
848,256.1463978350075,561.764404296875,-120.0,219.0,473.0,671.264404296875,116.5,103587.0,0.16744041442871094,LOST,0.04147897000075318,0.0,8.25994734956003,1,1,0,180.23563976109227,0.1227257613545006,1.0,0,0,462,0,none,nan,nan,nan,nan,nan,3,2,2.0,471,0.55,0,very_low_score+low_score_streak
849,256.26963184900524,549.1260375976562,-132.8739776611328,219.0,473.0,658.6260375976562,103.62602233886719,103587.0,0.2007129043340683,LOST,0.04657243299880065,0.0,8.114642764282003,1,1,0,18.040720984574538,0.012284258658003656,1.0,0,0,463,0,none,nan,nan,nan,nan,nan,3,2,2.0,472,0.55,0,very_low_score+low_score_streak
850,256.38589860301,523.2520751953125,-133.0,219.0,473.0,632.7520751953125,103.5,103587.0,0.18666711449623108,LOST,0.042413315997691825,0.0,8.600910970294244,1,1,0,25.874269304229472,0.017618265755108622,1.0,0,0,464,0,none,nan,nan,nan,nan,nan,3,2,2.0,473,0.55,0,very_low_score+low_score_streak
851,256.50793414900545,716.109619140625,-120.12602233886719,219.0,473.0,825.609619140625,116.37397766113281,103587.0,0.16443192958831787,LOST,0.04374366199772339,0.0,8.194333805309567,1,1,0,193.28675991240965,0.1316125090544705,1.0,0,0,465,0,none,nan,nan,nan,nan,nan,3,2,2.0,474,0.55,0,very_low_score+low_score_streak
852,256.6221202250017,716.0,-132.8739776611328,219.0,473.0,825.5,103.62602233886719,103587.0,0.22756806015968323,LOST,0.04036550399905536,0.0,8.757635213182809,1,1,0,12.748426618782094,0.008680638107623363,1.0,0,0,466,0,none,nan,nan,nan,nan,nan,3,2,2.0,475,0.55,0,very_low_score+low_score_streak
853,256.7216254600062,703.1260375976562,-133.0,219.0,473.0,812.6260375976562,103.5,103587.0,0.2251516431570053,LOST,0.038872757999342866,0.0,10.049722509122876,1,1,0,12.874579199603147,0.00876653771964583,1.0,0,0,467,0,none,nan,nan,nan,nan,nan,3,2,2.0,476,0.55,0,very_low_score+low_score_streak
854,256.8339078410063,703.0,-145.8739776611328,219.0,473.0,812.5,90.62602233886719,103587.0,0.1995246261358261,LOST,0.037250945999403484,0.0,8.906116802056305,1,1,0,12.874594607030144,0.00876654821084619,1.0,0,0,468,0,none,nan,nan,nan,nan,nan,3,2,2.0,477,0.55,0,very_low_score+low_score_streak
855,256.9647997060092,703.0,-146.0,219.0,473.0,812.5,90.5,103587.0,0.1907932609319687,LOST,0.056468204013071954,0.0,7.639894197990614,1,1,0,0.1260223388671875,8.581092788114133e-05,1.0,0,0,469,0,none,nan,nan,nan,nan,nan,3,2,2.0,478,0.55,0,very_low_score+low_score_streak
856,257.08339381001133,703.0,-146.0,219.0,473.0,812.5,90.5,103587.0,0.1841374635696411,LOST,0.040762493008514866,0.0,8.432122392713378,1,1,0,0.0,0.0,1.0,0,0,470,0,none,nan,nan,nan,nan,nan,3,2,2.0,479,0.55,0,very_low_score+low_score_streak
857,257.20028224700945,703.0,-146.0,219.0,473.0,812.5,90.5,103587.0,0.18849487602710724,LOST,0.03957626599003561,0.0,8.555166153997316,1,1,0,0.0,0.0,1.0,0,0,471,0,none,nan,nan,nan,nan,nan,3,2,2.0,480,0.55,0,very_low_score+low_score_streak
858,257.31402466500003,703.0,-146.0,219.0,473.0,812.5,90.5,103587.0,0.1866016685962677,LOST,0.04313463698781561,0.0,8.791794808536821,1,1,0,0.0,0.0,1.0,0,0,472,0,none,nan,nan,nan,nan,nan,3,2,2.0,481,0.55,0,very_low_score+low_score_streak
859,257.42751999500615,703.0,-133.1260223388672,219.0,473.0,812.5,103.37397766113281,103587.0,0.179075688123703,LOST,0.04141928099852521,0.0,8.810935215978521,1,1,0,12.873977661132812,0.008766128121040061,1.0,0,0,473,0,none,nan,nan,nan,nan,nan,3,2,2.0,482,0.55,0,very_low_score+low_score_streak
860,257.53978893801104,703.0,-145.8739776611328,219.0,473.0,812.5,90.62602233886719,103587.0,0.19196218252182007,LOST,0.04119828500552103,0.0,8.907182816858125,1,1,0,12.747955322265625,0.008680317193158921,1.0,0,0,474,0,none,nan,nan,nan,nan,nan,3,2,2.0,483,0.55,0,very_low_score+low_score_streak
861,257.65396918100305,703.0,-133.1260223388672,219.0,473.0,812.5,103.37397766113281,103587.0,0.1886211335659027,LOST,0.03898317700077314,0.0,8.75808260514921,1,1,0,12.747955322265625,0.008680317193158921,1.0,0,0,475,0,none,nan,nan,nan,nan,nan,3,2,2.0,484,0.55,0,very_low_score+low_score_streak
862,257.7701971310016,715.8739624023438,-133.0,219.0,473.0,825.3739624023438,103.5,103587.0,0.1954500824213028,LOST,0.041932366002583876,0.0,8.60378248099761,1,1,0,12.874579199603147,0.00876653771964583,1.0,0,0,476,0,none,nan,nan,nan,nan,nan,3,2,2.0,485,0.55,0,very_low_score+low_score_streak
863,257.88174319200334,716.0,-133.0,219.0,473.0,825.5,103.5,103587.0,0.20905649662017822,LOST,0.03922250600589905,0.0,8.964906434343726,1,1,0,0.12603759765625,8.582131787119837e-05,1.0,0,0,477,0,none,nan,nan,nan,nan,nan,3,2,2.0,486,0.55,0,very_low_score+low_score_streak
864,257.99106940500496,703.1260375976562,-120.12602233886719,219.0,473.0,812.6260375976562,116.37397766113281,103587.0,0.20830917358398438,LOST,0.03931334200024139,0.0,9.146937157561254,1,1,0,18.20654302047226,0.012397169931444784,1.0,0,0,478,0,none,nan,nan,nan,nan,nan,3,2,2.0,487,0.55,0,very_low_score+low_score_streak
865,258.09892131001106,703.0,-145.74795532226562,219.0,473.0,812.5,90.75204467773438,103587.0,0.22551776468753815,LOST,0.04841805199976079,0.0,9.271973452332038,1,1,0,25.622242979134043,0.017446656395995675,1.0,0,0,479,0,none,nan,nan,nan,nan,nan,3,2,2.0,488,0.55,0,very_low_score+low_score_streak
866,258.2112651520001,703.0,-133.1260223388672,219.0,473.0,812.5,103.37397766113281,103587.0,0.20097601413726807,LOST,0.04162329700193368,0.0,8.901244450028587,1,1,0,12.621932983398438,0.008594506265277779,1.0,0,0,480,0,none,nan,nan,nan,nan,nan,3,2,2.0,489,0.55,0,very_low_score+low_score_streak
867,258.32023146000574,703.0,-133.0,219.0,473.0,812.5,103.5,103587.0,0.2070777267217636,LOST,0.03933407200383954,0.0,9.177148591181288,1,1,0,0.1260223388671875,8.581092788114133e-05,1.0,0,0,481,0,none,nan,nan,nan,nan,nan,3,2,2.0,490,0.55,0,very_low_score+low_score_streak
868,258.4356983489997,703.0,-133.0,219.0,473.0,812.5,103.5,103587.0,0.210128515958786,LOST,0.04273566900519654,0.0,8.660491407646301,1,1,0,0.0,0.0,1.0,0,0,482,0,none,nan,nan,nan,nan,nan,3,2,2.0,491,0.55,0,very_low_score+low_score_streak
869,258.54533175700635,703.0,-133.0,219.0,473.0,812.5,103.5,103587.0,0.20395226776599884,LOST,0.0419293979939539,0.0,9.121307256448022,1,1,0,0.0,0.0,1.0,0,0,483,0,none,nan,nan,nan,nan,nan,3,2,2.0,492,0.55,0,very_low_score+low_score_streak
870,258.6768071260012,703.0,-133.0,219.0,473.0,812.5,103.5,103587.0,0.20660614967346191,LOST,0.056134446000214666,0.0,7.605987400111553,1,1,0,0.0,0.0,1.0,0,0,484,0,none,nan,nan,nan,nan,nan,3,2,2.0,493,0.55,0,very_low_score+low_score_streak
871,258.80485881501227,703.0,-133.0,219.0,473.0,812.5,103.5,103587.0,0.2081783413887024,LOST,0.04388074899907224,0.0,7.809346426611736,1,1,0,0.0,0.0,1.0,0,0,485,0,none,nan,nan,nan,nan,nan,3,2,2.0,494,0.55,0,very_low_score+low_score_streak
872,258.9202879430086,703.0,-133.0,219.0,473.0,812.5,103.5,103587.0,0.2150295376777649,LOST,0.04214008100097999,0.0,8.66332456424574,1,1,0,0.0,0.0,1.0,0,0,486,0,none,nan,nan,nan,nan,nan,3,2,2.0,495,0.55,0,very_low_score+low_score_streak
873,259.03405531001044,703.0,-133.0,219.0,473.0,812.5,103.5,103587.0,0.2112162858247757,LOST,0.03865160599525552,0.0,8.789866781250973,1,1,0,0.0,0.0,1.0,0,0,487,0,none,nan,nan,nan,nan,nan,3,2,2.0,496,0.55,0,very_low_score+low_score_streak
874,259.1520635659981,703.0,-133.0,219.0,473.0,812.5,103.5,103587.0,0.21017877757549286,LOST,0.04064712599210907,0.0,8.473983380489589,1,1,0,0.0,0.0,1.0,0,0,488,0,none,nan,nan,nan,nan,nan,3,2,2.0,497,0.55,0,very_low_score+low_score_streak
875,259.2705711580056,703.0,-133.0,219.0,473.0,812.5,103.5,103587.0,0.21099114418029785,LOST,0.0408388490031939,0.0,8.438277945404229,1,1,0,0.0,0.0,1.0,0,0,489,0,none,nan,nan,nan,nan,nan,3,2,2.0,498,0.55,0,very_low_score+low_score_streak
876,259.3881164339982,703.0,-133.0,219.0,473.0,812.5,103.5,103587.0,0.20719820261001587,LOST,0.04171949700685218,0.0,8.507360177222061,1,1,0,0.0,0.0,1.0,0,0,490,0,none,nan,nan,nan,nan,nan,3,2,2.0,499,0.55,0,very_low_score+low_score_streak
877,259.48624611301057,703.0,-133.0,219.0,473.0,812.5,103.5,103587.0,0.21347619593143463,LOST,0.03884583000035491,0.0,10.19059687206554,1,1,0,0.0,0.0,1.0,0,0,491,0,none,nan,nan,nan,nan,nan,3,2,2.0,500,0.55,0,very_low_score+low_score_streak
878,259.60216551400663,690.1260375976562,-133.0,219.0,473.0,799.6260375976562,103.5,103587.0,0.21314094960689545,LOST,0.04289046399935614,0.0,8.626683638867009,1,1,0,12.87396240234375,0.008766117731050006,1.0,0,0,492,0,none,nan,nan,nan,nan,nan,3,2,2.0,501,0.55,0,very_low_score+low_score_streak
879,259.7131904679991,677.1260375976562,-145.8739776611328,219.0,473.0,786.6260375976562,90.62602233886719,103587.0,0.21333613991737366,LOST,0.036312433003331535,0.0,9.006984142213248,1,1,0,18.295882072732834,0.01245800253492932,1.0,0,0,493,0,none,nan,nan,nan,nan,nan,3,2,2.0,502,0.55,0,very_low_score+low_score_streak
880,259.8364412009978,702.7479248046875,-120.2520523071289,219.0,473.0,812.2479248046875,116.2479476928711,103587.0,0.21159647405147552,LOST,0.047730378006235696,0.0,8.11354201041906,1,1,0,36.234847355770384,0.024672973864634084,1.0,0,0,494,0,none,nan,nan,nan,nan,nan,3,2,2.0,503,0.55,0,very_low_score+low_score_streak
881,259.951108956011,677.2520751953125,-132.8739776611328,219.0,473.0,786.7520751953125,103.62602233886719,103587.0,0.1949249804019928,LOST,0.041164431007928215,0.0,8.720847459556097,1,1,0,28.449100986602616,0.019371515994616187,1.0,0,0,495,0,none,nan,nan,nan,nan,nan,3,2,2.0,504,0.55,0,very_low_score+low_score_streak
882,260.06334133600467,496.764404296875,-133.0,219.0,473.0,606.264404296875,103.5,103587.0,0.19840337336063385,LOST,0.03910229500615969,0.0,8.91008459462875,1,1,0,180.48771489487194,0.12289740394834416,1.0,0,0,496,0,none,nan,nan,nan,nan,nan,3,2,2.0,505,0.55,0,very_low_score+low_score_streak
883,260.1780202890077,497.0,-133.0,219.0,473.0,606.5,103.5,103587.0,0.2204785794019699,LOST,0.038683170001604594,0.0,8.719995899976949,1,1,0,0.235595703125,0.0001604214464807873,1.0,0,0,497,0,none,nan,nan,nan,nan,nan,3,2,2.0,506,0.55,0,very_low_score+low_score_streak
884,260.28384776700113,497.0,-133.0,219.0,473.0,606.5,103.5,103587.0,0.21999618411064148,LOST,0.03606930100067984,0.0,9.449341692352846,1,1,0,0.0,0.0,1.0,0,0,498,0,none,nan,nan,nan,nan,nan,3,2,2.0,507,0.55,0,very_low_score+low_score_streak
885,260.3992606969987,497.0,-133.0,219.0,473.0,606.5,103.5,103587.0,0.21311506628990173,LOST,0.043397403991548344,0.0,8.664540446388958,1,1,0,0.0,0.0,1.0,0,0,499,0,none,nan,nan,nan,nan,nan,3,2,2.0,508,0.55,0,very_low_score+low_score_streak
886,260.5218376109988,497.0,-133.0,219.0,473.0,606.5,103.5,103587.0,0.22034110128879547,LOST,0.04644753300817683,0.0,8.15814305782938,1,1,0,0.0,0.0,1.0,0,0,500,0,none,nan,nan,nan,nan,nan,3,2,2.0,509,0.55,0,very_low_score+low_score_streak
887,260.63808993699786,484.12603759765625,-133.0,219.0,473.0,593.6260375976562,103.5,103587.0,0.22142428159713745,LOST,0.042950674003805034,0.0,8.601978424138128,1,1,0,12.87396240234375,0.008766117731050006,1.0,0,0,501,0,none,nan,nan,nan,nan,nan,3,2,2.0,510,0.55,0,very_low_score+low_score_streak
888,260.746287580012,496.87396240234375,-133.0,219.0,473.0,606.3739624023438,103.5,103587.0,0.23846478760242462,LOST,0.037068598001496866,0.0,9.242345509036124,1,1,0,12.7479248046875,0.008680296413178806,1.0,0,0,502,0,none,nan,nan,nan,nan,nan,3,2,2.0,511,0.55,0,very_low_score+low_score_streak
889,260.85593281099864,484.12603759765625,-133.0,219.0,473.0,593.6260375976562,103.5,103587.0,0.22434918582439423,LOST,0.05147255699557718,0.0,9.120323711314128,1,1,0,12.7479248046875,0.008680296413178806,1.0,0,0,503,0,none,nan,nan,nan,nan,nan,3,2,2.0,512,0.55,0,very_low_score+low_score_streak
890,260.97689004900167,496.87396240234375,-133.0,219.0,473.0,606.3739624023438,103.5,103587.0,0.22854898869991302,LOST,0.047341202007373795,0.0,8.267384544403651,1,1,0,12.7479248046875,0.008680296413178806,1.0,0,0,504,0,none,nan,nan,nan,nan,nan,3,2,2.0,513,0.55,0,very_low_score+low_score_streak
891,261.0881725090003,484.12603759765625,-133.0,219.0,473.0,593.6260375976562,103.5,103587.0,0.22909267246723175,LOST,0.04017841600580141,0.0,8.986142110916699,1,1,0,12.7479248046875,0.008680296413178806,1.0,0,0,505,0,none,nan,nan,nan,nan,nan,3,2,2.0,514,0.55,0,very_low_score+low_score_streak
892,261.20254874600505,484.0,-133.0,219.0,473.0,593.5,103.5,103587.0,0.22462305426597595,LOST,0.04097244700824376,0.0,8.743074839560958,1,1,0,0.12603759765625,8.582131787119837e-05,1.0,0,0,506,0,none,nan,nan,nan,nan,nan,3,2,2.0,515,0.55,0,very_low_score+low_score_streak
893,261.307852982005,496.87396240234375,-133.0,219.0,473.0,606.3739624023438,103.5,103587.0,0.22771461308002472,LOST,0.037023282988229766,0.0,9.496294147184999,1,1,0,12.87396240234375,0.008766117731050006,1.0,0,0,507,0,none,nan,nan,nan,nan,nan,3,2,2.0,516,0.55,0,very_low_score+low_score_streak
894,261.4247478250036,484.12603759765625,-133.0,219.0,473.0,593.6260375976562,103.5,103587.0,0.21762236952781677,LOST,0.04791376901266631,0.0,8.554697318957512,1,1,0,12.7479248046875,0.008680296413178806,1.0,0,0,508,0,none,nan,nan,nan,nan,nan,3,2,2.0,517,0.55,0,very_low_score+low_score_streak
895,261.5407714989997,484.0,-133.0,219.0,473.0,593.5,103.5,103587.0,0.21956226229667664,LOST,0.04322349299036432,0.0,8.618930650598465,1,1,0,0.12603759765625,8.582131787119837e-05,1.0,0,0,509,0,none,nan,nan,nan,nan,nan,3,2,2.0,518,0.55,0,very_low_score+low_score_streak
896,261.6533325860073,484.0,-133.0,219.0,473.0,593.5,103.5,103587.0,0.21643111109733582,LOST,0.043875383998965845,0.0,8.884064880540608,1,1,0,0.0,0.0,1.0,0,0,510,0,none,nan,nan,nan,nan,nan,3,2,2.0,519,0.55,0,very_low_score+low_score_streak
897,261.76291891001165,484.0,-133.0,219.0,473.0,593.5,103.5,103587.0,0.21978344023227692,LOST,0.04080030600016471,0.0,9.125226245935549,1,1,0,0.0,0.0,1.0,0,0,511,0,none,nan,nan,nan,nan,nan,3,2,2.0,520,0.55,0,very_low_score+low_score_streak
898,261.87865226400027,484.0,-133.0,219.0,473.0,593.5,103.5,103587.0,0.21872226893901825,LOST,0.04410210899368394,0.0,8.640551453285953,1,1,0,0.0,0.0,1.0,0,0,512,0,none,nan,nan,nan,nan,nan,3,2,2.0,521,0.55,0,very_low_score+low_score_streak
899,261.9933363739983,484.0,-133.0,219.0,473.0,593.5,103.5,103587.0,0.22135357558727264,LOST,0.04629445700265933,0.0,8.719603788327657,1,1,0,0.0,0.0,1.0,0,0,513,0,none,nan,nan,nan,nan,nan,3,2,2.0,522,0.55,0,very_low_score+low_score_streak
900,262.1097809960047,484.0,-133.0,219.0,473.0,593.5,103.5,103587.0,0.22315695881843567,LOST,0.0473479720094474,0.0,8.587773164355998,1,1,0,0.0,0.0,1.0,0,0,514,0,none,nan,nan,nan,nan,nan,3,2,2.0,523,0.55,0,very_low_score+low_score_streak
901,262.2123891740048,484.0,-133.0,219.0,473.0,593.5,103.5,103587.0,0.22321417927742004,LOST,0.04286291099560913,0.0,9.745811878651605,1,1,0,0.0,0.0,1.0,0,0,515,0,none,nan,nan,nan,nan,nan,3,2,2.0,524,0.55,0,very_low_score+low_score_streak
902,262.31785320601193,484.0,-133.0,219.0,473.0,593.5,103.5,103587.0,0.22658799588680267,LOST,0.03578200199990533,0.0,9.481905640893936,1,1,0,0.0,0.0,1.0,0,0,516,0,none,nan,nan,nan,nan,nan,3,2,2.0,525,0.55,0,very_low_score+low_score_streak
903,262.4335276530037,484.0,-133.0,219.0,473.0,593.5,103.5,103587.0,0.21676719188690186,LOST,0.04243039998982567,0.0,8.644951638033108,1,1,0,0.0,0.0,1.0,0,0,517,0,none,nan,nan,nan,nan,nan,3,2,2.0,526,0.55,0,very_low_score+low_score_streak
904,262.5406734460121,484.0,-133.0,219.0,473.0,593.5,103.5,103587.0,0.2133914679288864,LOST,0.03657785599352792,0.0,9.333077593832732,1,1,0,0.0,0.0,1.0,0,0,518,0,none,nan,nan,nan,nan,nan,3,2,2.0,527,0.55,0,very_low_score+low_score_streak
905,262.6560037169984,484.0,-133.0,219.0,473.0,593.5,103.5,103587.0,0.21397678554058075,LOST,0.04518166799971368,0.0,8.670750458210067,1,1,0,0.0,0.0,1.0,0,0,519,0,none,nan,nan,nan,nan,nan,3,2,2.0,528,0.55,0,very_low_score+low_score_streak
906,262.7705655840109,484.0,-133.0,219.0,473.0,593.5,103.5,103587.0,0.21743084490299225,LOST,0.040938070000265725,0.0,8.72890802216642,1,1,0,0.0,0.0,1.0,0,0,520,0,none,nan,nan,nan,nan,nan,3,2,2.0,529,0.55,0,very_low_score+low_score_streak
907,262.87934850199963,484.0,-120.12602233886719,219.0,473.0,593.5,116.37397766113281,103587.0,0.21046830713748932,LOST,0.03828737798903603,0.0,9.19261974663796,1,1,0,12.873977661132812,0.008766128121040061,1.0,0,0,521,0,none,nan,nan,nan,nan,nan,3,2,2.0,530,0.55,0,very_low_score+low_score_streak
908,262.9911049850052,496.87396240234375,-120.0,219.0,473.0,606.3739624023438,116.5,103587.0,0.2258126139640808,LOST,0.041703038004925475,0.0,8.948026755190186,1,1,0,12.874579199603147,0.00876653771964583,1.0,0,0,522,0,none,nan,nan,nan,nan,nan,3,2,2.0,531,0.55,0,very_low_score+low_score_streak
909,263.101705396999,497.0,-132.8739776611328,219.0,473.0,606.5,103.62602233886719,103587.0,0.22190196812152863,LOST,0.03886942399549298,0.0,9.041557639550671,1,1,0,12.874594607030144,0.00876654821084619,1.0,0,0,523,0,none,nan,nan,nan,nan,nan,3,2,2.0,532,0.55,0,very_low_score+low_score_streak
910,263.21580417900987,484.12603759765625,-133.0,219.0,473.0,593.6260375976562,103.5,103587.0,0.2022966593503952,LOST,0.04203153600974474,0.0,8.764335450180143,1,1,0,12.874579199603147,0.00876653771964583,1.0,0,0,524,0,none,nan,nan,nan,nan,nan,3,2,2.0,533,0.55,0,very_low_score+low_score_streak
911,263.33194582500437,484.0,-120.12602233886719,219.0,473.0,593.5,116.37397766113281,103587.0,0.2074568122625351,LOST,0.04416570499597583,0.0,8.61017588856395,1,1,0,12.874594607030144,0.00876654821084619,1.0,0,0,525,0,none,nan,nan,nan,nan,nan,3,2,2.0,534,0.55,0,very_low_score+low_score_streak
912,263.4408619750029,496.87396240234375,-120.0,219.0,473.0,606.3739624023438,116.5,103587.0,0.2237740010023117,LOST,0.03800049600249622,0.0,9.181374846735942,1,1,0,12.874579199603147,0.00876653771964583,1.0,0,0,526,0,none,nan,nan,nan,nan,nan,3,2,2.0,535,0.55,0,very_low_score+low_score_streak
913,263.5426428930077,497.0,-120.0,219.0,473.0,606.5,116.5,103587.0,0.20417027175426483,LOST,0.04212258000916336,0.0,9.825024371982765,1,1,0,0.12603759765625,8.582131787119837e-05,1.0,0,0,527,0,none,nan,nan,nan,nan,nan,3,2,2.0,536,0.55,0,very_low_score+low_score_streak
914,263.66425905301,497.0,-132.8739776611328,219.0,473.0,606.5,103.62602233886719,103587.0,0.2123110294342041,LOST,0.048121742001967505,0.0,8.222591471240772,1,1,0,12.873977661132812,0.008766128121040061,1.0,0,0,528,0,none,nan,nan,nan,nan,nan,3,2,2.0,537,0.55,0,very_low_score+low_score_streak
915,263.7731084830011,497.0,-133.0,219.0,473.0,606.5,103.5,103587.0,0.195780947804451,LOST,0.03711729600036051,0.0,9.18700263365457,1,1,0,0.1260223388671875,8.581092788114133e-05,1.0,0,0,529,0,none,nan,nan,nan,nan,nan,3,2,2.0,538,0.55,0,very_low_score+low_score_streak
916,263.88860808200843,484.12603759765625,-133.0,219.0,473.0,593.6260375976562,103.5,103587.0,0.18117426335811615,LOST,0.04085765199852176,0.0,8.658038716971918,1,1,0,12.87396240234375,0.008766117731050006,1.0,0,0,530,0,none,nan,nan,nan,nan,nan,3,2,2.0,539,0.55,0,very_low_score+low_score_streak
917,264.0082105449983,484.0,-133.0,219.0,473.0,593.5,103.5,103587.0,0.18918977677822113,LOST,0.04444675400736742,0.0,8.361031829961387,1,1,0,0.12603759765625,8.582131787119837e-05,1.0,0,0,531,0,none,nan,nan,nan,nan,nan,3,2,2.0,540,0.55,0,very_low_score+low_score_streak
918,264.11875694501214,484.0,-133.0,219.0,473.0,593.5,103.5,103587.0,0.18810372054576874,LOST,0.03965486100059934,0.0,9.04597526355227,1,1,0,0.0,0.0,1.0,0,0,532,0,none,nan,nan,nan,nan,nan,3,2,2.0,541,0.55,0,very_low_score+low_score_streak
919,264.23287614400033,484.0,-120.12602233886719,219.0,473.0,593.5,116.37397766113281,103587.0,0.18509380519390106,LOST,0.040456287999404594,0.0,8.76276742972471,1,1,0,12.873977661132812,0.008766128121040061,1.0,0,0,533,0,none,nan,nan,nan,nan,nan,3,2,2.0,542,0.55,0,very_low_score+low_score_streak
920,264.34649470599834,496.87396240234375,-120.0,219.0,473.0,606.3739624023438,116.5,103587.0,0.1872698962688446,LOST,0.04249170400726143,0.0,8.801378774865304,1,1,0,12.874579199603147,0.00876653771964583,1.0,0,0,534,0,none,nan,nan,nan,nan,nan,3,2,2.0,543,0.55,0,very_low_score+low_score_streak
921,264.45606936300464,497.0,-120.0,219.0,473.0,606.5,116.5,103587.0,0.19701798260211945,LOST,0.03672822398948483,0.0,9.12619785743389,1,1,0,0.12603759765625,8.582131787119837e-05,1.0,0,0,535,0,none,nan,nan,nan,nan,nan,3,2,2.0,544,0.55,0,very_low_score+low_score_streak
922,264.57125312001153,497.0,-120.0,219.0,473.0,606.5,116.5,103587.0,0.1958390474319458,LOST,0.03901505300018471,0.0,8.681779670897429,1,1,0,0.0,0.0,1.0,0,0,536,0,none,nan,nan,nan,nan,nan,3,2,2.0,545,0.55,0,very_low_score+low_score_streak
923,264.68892829499964,497.0,-120.0,219.0,473.0,606.5,116.5,103587.0,0.20375245809555054,LOST,0.04437789699295536,0.0,8.497969092470523,1,1,0,0.0,0.0,1.0,0,0,537,0,none,nan,nan,nan,nan,nan,3,2,2.0,546,0.55,0,very_low_score+low_score_streak
924,264.80070337200596,497.0,-120.0,219.0,473.0,606.5,116.5,103587.0,0.19832941889762878,LOST,0.04018044700205792,0.0,8.946538233594882,1,1,0,0.0,0.0,1.0,0,0,538,0,none,nan,nan,nan,nan,nan,3,2,2.0,547,0.55,0,very_low_score+low_score_streak
925,264.9016730709991,497.0,-120.0,219.0,473.0,606.5,116.5,103587.0,0.19657976925373077,LOST,0.04178804000548553,0.0,9.903961386157466,1,1,0,0.0,0.0,1.0,0,0,539,0,none,nan,nan,nan,nan,nan,3,2,2.0,548,0.55,0,very_low_score+low_score_streak
926,265.01588680400164,497.0,-120.0,219.0,473.0,606.5,116.5,103587.0,0.19438119232654572,LOST,0.042051274998812005,0.0,8.755514540249996,1,1,0,0.0,0.0,1.0,0,0,540,0,none,nan,nan,nan,nan,nan,3,2,2.0,549,0.55,0,very_low_score+low_score_streak
927,265.12393871300446,497.0,-120.0,219.0,473.0,606.5,116.5,103587.0,0.20140986144542694,LOST,0.037456680001923814,0.0,9.25481103692354,1,1,0,0.0,0.0,1.0,0,0,541,0,none,nan,nan,nan,nan,nan,3,2,2.0,550,0.55,0,very_low_score+low_score_streak
928,265.23774446699827,497.0,-120.0,219.0,473.0,606.5,116.5,103587.0,0.20518454909324646,LOST,0.039936846995260566,0.0,8.786901935155784,1,1,0,0.0,0.0,1.0,0,0,542,0,none,nan,nan,nan,nan,nan,3,2,2.0,551,0.55,0,very_low_score+low_score_streak
929,265.3571476549987,497.0,-120.0,219.0,473.0,606.5,116.5,103587.0,0.2065494954586029,LOST,0.03969324700301513,0.0,8.37498576668131,1,1,0,0.0,0.0,1.0,0,0,543,0,none,nan,nan,nan,nan,nan,3,2,2.0,552,0.55,0,very_low_score+low_score_streak
930,265.4760732260038,497.0,-132.8739776611328,219.0,473.0,606.5,103.62602233886719,103587.0,0.2058434784412384,LOST,0.042116798998904414,0.0,8.408620547696806,1,1,0,12.873977661132812,0.008766128121040061,1.0,0,0,544,0,none,nan,nan,nan,nan,nan,3,2,2.0,553,0.55,0,very_low_score+low_score_streak
931,265.60943426800077,497.0,-133.0,219.0,473.0,606.5,103.5,103587.0,0.1997120976448059,LOST,0.04267394701309968,0.0,7.498441711505715,1,1,0,0.1260223388671875,8.581092788114133e-05,1.0,0,0,545,0,none,nan,nan,nan,nan,nan,3,2,2.0,554,0.55,0,very_low_score+low_score_streak
932,265.7288479760027,497.0,-133.0,219.0,473.0,606.5,103.5,103587.0,0.20360849797725677,LOST,0.045406518009258434,0.0,8.37424795471228,1,1,0,0.0,0.0,1.0,0,0,546,0,none,nan,nan,nan,nan,nan,3,2,2.0,555,0.55,0,very_low_score+low_score_streak
933,265.8437064650061,497.0,-133.0,219.0,473.0,606.5,103.5,103587.0,0.19811177253723145,LOST,0.04257774799771141,0.0,8.706365621530663,1,1,0,0.0,0.0,1.0,0,0,547,0,none,nan,nan,nan,nan,nan,3,2,2.0,556,0.55,0,very_low_score+low_score_streak
934,265.95875073999923,497.0,-133.0,219.0,473.0,606.5,103.5,103587.0,0.20298738777637482,LOST,0.04016294699977152,0.0,8.692305636762583,1,1,0,0.0,0.0,1.0,0,0,548,0,none,nan,nan,nan,nan,nan,3,2,2.0,557,0.55,0,very_low_score+low_score_streak
935,266.06794741800695,497.0,-133.0,219.0,473.0,606.5,103.5,103587.0,0.2204425036907196,LOST,0.03685687300458085,0.0,9.157787748170339,1,1,0,0.0,0.0,1.0,0,0,549,0,none,nan,nan,nan,nan,nan,3,2,2.0,558,0.55,0,very_low_score+low_score_streak
936,266.1775537420035,509.87396240234375,-133.0,219.0,473.0,619.3739624023438,103.5,103587.0,0.21684212982654572,LOST,0.039395740008330904,0.0,9.123561155389137,1,1,0,12.87396240234375,0.008766117731050006,1.0,0,0,550,0,none,nan,nan,nan,nan,nan,3,2,2.0,559,0.55,0,very_low_score+low_score_streak
937,266.2873792390019,510.0,-133.0,219.0,473.0,619.5,103.5,103587.0,0.20080505311489105,LOST,0.05155391299922485,0.0,9.105353741442443,1,1,0,0.12603759765625,8.582131787119837e-05,1.0,0,0,551,0,none,nan,nan,nan,nan,nan,3,2,2.0,560,0.55,0,very_low_score+low_score_streak
938,266.4033087440039,510.0,-120.12602233886719,219.0,473.0,619.5,116.37397766113281,103587.0,0.20851317048072815,LOST,0.043536573997698724,0.0,8.625931767610545,1,1,0,12.873977661132812,0.008766128121040061,1.0,0,0,552,0,none,nan,nan,nan,nan,nan,3,2,2.0,561,0.55,0,very_low_score+low_score_streak
939,266.5194412760029,510.0,-120.0,219.0,473.0,619.5,116.5,103587.0,0.222230464220047,LOST,0.04175350800505839,0.0,8.610851608818512,1,1,0,0.1260223388671875,8.581092788114133e-05,1.0,0,0,553,0,none,nan,nan,nan,nan,nan,3,2,2.0,562,0.55,0,very_low_score+low_score_streak
940,266.63404699800594,510.0,-132.8739776611328,219.0,473.0,619.5,103.62602233886719,103587.0,0.22744977474212646,LOST,0.0429361419955967,0.0,8.725567820894003,1,1,0,12.873977661132812,0.008766128121040061,1.0,0,0,554,0,none,nan,nan,nan,nan,nan,3,2,2.0,563,0.55,0,very_low_score+low_score_streak
941,266.7511186160118,497.12603759765625,-120.12602233886719,219.0,473.0,606.6260375976562,116.37397766113281,103587.0,0.21249611675739288,LOST,0.03811185299127828,0.0,8.541779955154395,1,1,0,18.117650864155678,0.012336641627626202,1.0,0,0,555,0,none,nan,nan,nan,nan,nan,3,2,2.0,564,0.55,0,very_low_score+low_score_streak
942,266.8795847420115,509.87396240234375,-120.0,219.0,473.0,619.3739624023438,116.5,103587.0,0.23822444677352905,LOST,0.054755243996623904,0.0,7.784153154913255,1,1,0,12.74854769986999,0.008680720553962596,1.0,0,0,556,0,none,nan,nan,nan,nan,nan,3,2,2.0,565,0.55,0,very_low_score+low_score_streak
943,267.0037032570108,510.0,-120.0,219.0,473.0,619.5,116.5,103587.0,0.2333846390247345,LOST,0.043729338998673484,0.0,8.056815697527382,1,1,0,0.12603759765625,8.582131787119837e-05,1.0,0,0,557,0,none,nan,nan,nan,nan,nan,3,2,2.0,566,0.55,0,very_low_score+low_score_streak
944,267.11732426600065,510.0,-120.0,219.0,473.0,619.5,116.5,103587.0,0.23568831384181976,LOST,0.039546056010294706,0.0,8.801189224513786,1,1,0,0.0,0.0,1.0,0,0,558,0,none,nan,nan,nan,nan,nan,3,2,2.0,567,0.55,0,very_low_score+low_score_streak
945,267.2327156329993,510.0,-120.0,219.0,473.0,619.5,116.5,103587.0,0.24346518516540527,LOST,0.040078099991660565,0.0,8.666159575105555,1,1,0,0.0,0.0,1.0,0,0,559,0,none,nan,nan,nan,nan,nan,3,2,2.0,568,0.55,0,very_low_score+low_score_streak
946,267.3525189350039,510.0,-120.0,219.0,473.0,619.5,116.5,103587.0,0.24391219019889832,LOST,0.042807336008991115,0.0,8.347015343214299,1,1,0,0.0,0.0,1.0,0,0,560,0,none,nan,nan,nan,nan,nan,3,2,2.0,569,0.55,0,very_low_score+low_score_streak
947,267.4640965590079,510.0,-120.0,219.0,473.0,619.5,116.5,103587.0,0.24089184403419495,LOST,0.039514232994406484,0.0,8.962370447718849,1,1,0,0.0,0.0,1.0,0,0,561,0,none,nan,nan,nan,nan,nan,3,2,2.0,570,0.55,0,very_low_score+low_score_streak
948,267.5733817300061,510.0,-132.8739776611328,219.0,473.0,619.5,103.62602233886719,103587.0,0.23924949765205383,LOST,0.03747891999955755,0.0,9.150372286250517,1,1,0,12.873977661132812,0.008766128121040061,1.0,0,0,562,0,none,nan,nan,nan,nan,nan,3,2,2.0,571,0.55,0,very_low_score+low_score_streak
949,267.67301972801215,510.0,-133.0,219.0,473.0,619.5,103.5,103587.0,0.22689218819141388,LOST,0.04029055399587378,0.0,10.03633172094688,1,1,0,0.1260223388671875,8.581092788114133e-05,1.0,0,0,563,0,none,nan,nan,nan,nan,nan,3,2,2.0,572,0.55,0,very_low_score+low_score_streak
950,267.7844538070058,510.0,-133.0,219.0,473.0,619.5,103.5,103587.0,0.22928109765052795,LOST,0.039181722997454926,0.0,8.973915421845131,1,1,0,0.0,0.0,1.0,0,0,564,0,none,nan,nan,nan,nan,nan,3,2,2.0,573,0.55,0,very_low_score+low_score_streak
951,267.8927464520093,510.0,-133.0,219.0,473.0,619.5,103.5,103587.0,0.21953314542770386,LOST,0.035875025001587346,0.0,9.234237467996108,1,1,0,0.0,0.0,1.0,0,0,565,0,none,nan,nan,nan,nan,nan,3,2,2.0,574,0.55,0,very_low_score+low_score_streak
952,268.00733644400316,522.8739624023438,-133.0,219.0,473.0,632.3739624023438,103.5,103587.0,0.22442291676998138,LOST,0.040176540001994,0.0,8.726765597938469,1,1,0,12.87396240234375,0.008766117731050006,1.0,0,0,566,0,none,nan,nan,nan,nan,nan,3,2,2.0,575,0.55,0,very_low_score+low_score_streak
953,268.12131876499916,510.12603759765625,-133.0,219.0,473.0,619.6260375976562,103.5,103587.0,0.20884273946285248,LOST,0.04085286000918131,0.0,8.773290377505834,1,1,0,12.7479248046875,0.008680296413178806,1.0,0,0,567,0,none,nan,nan,nan,nan,nan,3,2,2.0,576,0.55,0,very_low_score+low_score_streak
954,268.2306664370117,522.8739624023438,-133.0,219.0,473.0,632.3739624023438,103.5,103587.0,0.22317983210086823,LOST,0.03800622500421014,0.0,9.145142110437611,1,1,0,12.7479248046875,0.008680296413178806,1.0,0,0,568,0,none,nan,nan,nan,nan,nan,3,2,2.0,577,0.55,0,very_low_score+low_score_streak
955,268.34677839500364,510.12603759765625,-133.0,219.0,473.0,619.6260375976562,103.5,103587.0,0.2135220319032669,LOST,0.041754079997190274,0.0,8.612377375198784,1,1,0,12.7479248046875,0.008680296413178806,1.0,0,0,569,0,none,nan,nan,nan,nan,nan,3,2,2.0,578,0.55,0,very_low_score+low_score_streak
956,268.4572751060041,522.8739624023438,-133.0,219.0,473.0,632.3739624023438,103.5,103587.0,0.23052218556404114,LOST,0.03987736700219102,0.0,9.050043127491094,1,1,0,12.7479248046875,0.008680296413178806,1.0,0,0,570,0,none,nan,nan,nan,nan,nan,3,2,2.0,579,0.55,0,very_low_score+low_score_streak
957,268.5808945460012,510.12603759765625,-145.8739776611328,219.0,473.0,619.6260375976562,90.62602233886719,103587.0,0.21825538575649261,LOST,0.05000970700348262,0.0,8.089342582551991,1,1,0,18.117640233907768,0.012336634389294927,1.0,0,0,571,0,none,nan,nan,nan,nan,nan,3,2,2.0,580,0.55,0,very_low_score+low_score_streak
958,268.69861170199874,522.8739624023438,-158.8739776611328,219.0,473.0,632.3739624023438,77.62602233886719,103587.0,0.2307320237159729,LOST,0.04590877000009641,0.0,8.494938494955019,1,1,0,18.207404725165166,0.012397756682015535,1.0,0,0,572,0,none,nan,nan,nan,nan,nan,3,2,2.0,581,0.55,0,very_low_score+low_score_streak
959,268.8133101340063,523.0,-146.1260223388672,219.0,473.0,632.5,90.37397766113281,103587.0,0.2129841148853302,LOST,0.04025523999007419,0.0,8.718515000571117,1,1,0,12.74857836680245,0.008680741435640824,1.0,0,0,573,0,none,nan,nan,nan,nan,nan,3,2,2.0,582,0.55,0,very_low_score+low_score_streak
960,268.9288384320098,523.0,-133.1260223388672,219.0,473.0,632.5,103.37397766113281,103587.0,0.20789465308189392,LOST,0.04035555598966312,0.0,8.655887927733989,1,1,0,13.0,0.008851939048921204,1.0,0,0,574,0,none,nan,nan,nan,nan,nan,3,2,2.0,583,0.55,0,very_low_score+low_score_streak
961,269.03546806600934,523.0,-133.0,219.0,473.0,632.5,103.5,103587.0,0.21210165321826935,LOST,0.046480712000629865,0.0,9.378255954665072,1,1,0,0.1260223388671875,8.581092788114133e-05,1.0,0,0,575,0,none,nan,nan,nan,nan,nan,3,2,2.0,584,0.55,0,very_low_score+low_score_streak
962,269.1546003090043,523.0,-133.0,219.0,473.0,632.5,103.5,103587.0,0.20761612057685852,LOST,0.04340016399510205,0.0,8.394033175739532,1,1,0,0.0,0.0,1.0,0,0,576,0,none,nan,nan,nan,nan,nan,3,2,2.0,585,0.55,0,very_low_score+low_score_streak
963,269.26738848500827,510.12603759765625,-133.0,219.0,473.0,619.6260375976562,103.5,103587.0,0.205190047621727,LOST,0.04119667099439539,0.0,8.866177603270136,1,1,0,12.87396240234375,0.008766117731050006,1.0,0,0,577,0,none,nan,nan,nan,nan,nan,3,2,2.0,586,0.55,0,very_low_score+low_score_streak
964,269.3798980600113,522.8739624023438,-133.0,219.0,473.0,632.3739624023438,103.5,103587.0,0.22782382369041443,LOST,0.04058347799582407,0.0,8.888132409822061,1,1,0,12.7479248046875,0.008680296413178806,1.0,0,0,578,0,none,nan,nan,nan,nan,nan,3,2,2.0,587,0.55,0,very_low_score+low_score_streak
965,269.48979611000686,510.12603759765625,-133.0,219.0,473.0,619.6260375976562,103.5,103587.0,0.20170246064662933,LOST,0.03595872499863617,0.0,9.099342527375322,1,1,0,12.7479248046875,0.008680296413178806,1.0,0,0,579,0,none,nan,nan,nan,nan,nan,3,2,2.0,588,0.55,0,very_low_score+low_score_streak
966,269.6214088780107,522.8739624023438,-133.0,219.0,473.0,632.3739624023438,103.5,103587.0,0.2324150800704956,LOST,0.04582444400875829,0.0,7.5980470220858285,1,1,0,12.7479248046875,0.008680296413178806,1.0,0,0,580,0,none,nan,nan,nan,nan,nan,3,2,2.0,589,0.55,0,very_low_score+low_score_streak
967,269.740950559004,523.0,-145.8739776611328,219.0,473.0,632.5,90.62602233886719,103587.0,0.21353234350681305,LOST,0.04403320098936092,0.0,8.365283068557646,1,1,0,12.874594607030144,0.00876654821084619,1.0,0,0,581,0,none,nan,nan,nan,nan,nan,3,2,2.0,590,0.55,0,very_low_score+low_score_streak
968,269.85664953800733,523.0,-146.0,219.0,473.0,632.5,90.5,103587.0,0.21205221116542816,LOST,0.044225653997273184,0.0,8.643118622256841,1,1,0,0.1260223388671875,8.581092788114133e-05,1.0,0,0,582,0,none,nan,nan,nan,nan,nan,3,2,2.0,591,0.55,0,very_low_score+low_score_streak
969,269.97138000201085,510.12603759765625,-146.0,219.0,473.0,619.6260375976562,90.5,103587.0,0.20318074524402618,LOST,0.04029096999147441,0.0,8.716080848146552,1,1,0,12.87396240234375,0.008766117731050006,1.0,0,0,583,0,none,nan,nan,nan,nan,nan,3,2,2.0,592,0.55,0,very_low_score+low_score_streak
970,270.08654766601103,510.0,-158.8739776611328,219.0,473.0,619.5,77.62602233886719,103587.0,0.22267784178256989,LOST,0.041866479004966095,0.0,8.682992823388483,1,1,0,12.874594607030144,0.00876654821084619,1.0,0,0,584,0,none,nan,nan,nan,nan,nan,3,2,2.0,593,0.55,0,very_low_score+low_score_streak
971,270.1965861880017,510.0,-159.0,219.0,473.0,619.5,77.5,103587.0,0.20937977731227875,LOST,0.03783773099712562,0.0,9.087726569837148,1,1,0,0.1260223388671875,8.581092788114133e-05,1.0,0,0,585,0,none,nan,nan,nan,nan,nan,3,2,2.0,594,0.55,0,very_low_score+low_score_streak
972,270.30987604400434,522.8739624023438,-171.8739776611328,219.0,473.0,632.3739624023438,64.62602233886719,103587.0,0.20784097909927368,LOST,0.03848144500807393,0.0,8.826915624082591,1,1,0,18.20654302047226,0.012397169931444784,1.0,0,0,586,0,none,nan,nan,nan,nan,nan,3,2,2.0,595,0.55,0,very_low_score+low_score_streak
973,270.4131317380088,523.0,-184.8739776611328,219.0,473.0,632.5,51.62602233886719,103587.0,0.210088312625885,LOST,0.043408758006989956,0.0,9.684695935089726,1,1,0,13.000610965490159,0.008852355066558118,1.0,0,0,587,0,none,nan,nan,nan,nan,nan,3,2,2.0,596,0.55,0,very_low_score+low_score_streak
974,270.52578381600324,535.8739624023438,-159.25204467773438,219.0,473.0,645.3739624023438,77.24795532226562,103587.0,0.19170860946178436,LOST,0.03950699299457483,0.0,8.876889071229398,1,1,0,28.67441991989936,0.01952493979954778,1.0,0,0,588,0,none,nan,nan,nan,nan,nan,3,2,2.0,597,0.55,0,very_low_score+low_score_streak
975,270.6385897529981,510.2520751953125,-171.8739776611328,219.0,473.0,619.7520751953125,64.62602233886719,103587.0,0.20813114941120148,LOST,0.03758079800172709,0.0,8.864781647491562,1,1,0,28.562112952077495,0.019448467920014836,1.0,0,0,589,0,none,nan,nan,nan,nan,nan,3,2,2.0,598,0.55,0,very_low_score+low_score_streak
976,270.75969574401097,522.8739624023438,-197.74795532226562,219.0,473.0,632.3739624023438,38.752044677734375,103587.0,0.21390023827552795,LOST,0.045881736994488165,0.0,8.257229816926454,1,1,0,28.78844832004356,0.019602583834003356,1.0,0,0,590,0,none,nan,nan,nan,nan,nan,3,2,2.0,599,0.55,0,very_low_score+low_score_streak
977,270.8792120600119,535.8739624023438,-210.8739776611328,219.0,473.0,645.3739624023438,25.626022338867188,103587.0,0.1808314025402069,LOST,0.044655612990027294,0.0,8.367058435703589,1,1,0,18.47410247997018,0.012579356087401546,1.0,0,0,591,0,none,nan,nan,nan,nan,nan,3,2,2.0,600,0.55,0,very_low_score+low_score_streak
978,270.9995175619988,510.2520751953125,-198.1260223388672,219.0,473.0,619.7520751953125,38.37397766113281,103587.0,0.1882859766483307,LOST,0.04298525799822528,0.0,8.312171791686469,1,1,0,28.6180269925848,0.0194865408183648,1.0,0,0,592,0,none,nan,nan,nan,nan,nan,3,2,2.0,601,0.55,0,very_low_score+low_score_streak
979,271.11520716499945,522.8739624023438,-210.8739776611328,219.0,473.0,632.3739624023438,25.626022338867188,103587.0,0.20331111550331116,LOST,0.04160214999865275,0.0,8.643819099235841,1,1,0,17.939409175485675,0.012215273584235152,1.0,0,0,593,0,none,nan,nan,nan,nan,nan,3,2,2.0,602,0.55,0,very_low_score+low_score_streak
980,271.2254390779999,535.8739624023438,-198.1260223388672,219.0,473.0,645.3739624023438,38.37397766113281,103587.0,0.1883820742368698,LOST,0.03752756799804047,0.0,9.071783050665301,1,1,0,18.207426092077938,0.012397771231139346,1.0,0,0,594,0,none,nan,nan,nan,nan,nan,3,2,2.0,603,0.55,0,very_low_score+low_score_streak
981,271.3468707550055,510.2520751953125,-210.8739776611328,219.0,473.0,619.7520751953125,25.626022338867188,103587.0,0.2055390626192093,LOST,0.04454316200281028,0.0,8.235083502584413,1,1,0,28.6180269925848,0.0194865408183648,1.0,0,0,595,0,none,nan,nan,nan,nan,nan,3,2,2.0,604,0.55,0,very_low_score+low_score_streak
982,271.4622414440091,522.8739624023438,-198.1260223388672,219.0,473.0,632.3739624023438,38.37397766113281,103587.0,0.187328040599823,LOST,0.04105708400311414,0.0,8.66771281888325,1,1,0,17.939409175485675,0.012215273584235152,1.0,0,0,596,0,none,nan,nan,nan,nan,nan,3,2,2.0,605,0.55,0,very_low_score+low_score_streak
983,271.5746378390031,535.8739624023438,-210.8739776611328,219.0,473.0,645.3739624023438,25.626022338867188,103587.0,0.17635056376457214,LOST,0.037726895010564476,0.0,8.897082509216071,1,1,0,18.207426092077938,0.012397771231139346,1.0,0,0,597,0,none,nan,nan,nan,nan,nan,3,2,2.0,606,0.55,0,very_low_score+low_score_streak
984,271.68890714600275,497.3780517578125,-159.5041046142578,219.0,473.0,606.8780517578125,76.99589538574219,103587.0,0.1806579828262329,LOST,0.038607074005994946,0.0,8.751256363208952,1,1,0,64.19344976867802,0.0437105003609479,1.0,0,0,598,0,none,nan,nan,nan,nan,nan,3,2,2.0,607,0.55,0,very_low_score+low_score_streak
985,271.7935790740012,509.87396240234375,-147.1260223388672,219.0,473.0,619.3739624023438,89.37397766113281,103587.0,0.22831758856773376,LOST,0.04654373400262557,0.0,9.553659888781754,1,1,0,17.58876640507938,0.011976514474113506,1.0,0,0,599,0,none,nan,nan,nan,nan,nan,3,2,2.0,608,0.55,0,very_low_score+low_score_streak
986,271.9185185480019,510.0,-147.0,219.0,473.0,619.5,89.5,103587.0,0.21635425090789795,LOST,0.04885832400759682,0.0,8.00387554052214,1,1,0,0.17823329070775468,0.00012136232506413064,1.0,0,0,600,0,none,nan,nan,nan,nan,nan,3,2,2.0,609,0.55,0,very_low_score+low_score_streak
987,272.03605997000705,497.12603759765625,-147.0,219.0,473.0,606.6260375976562,89.5,103587.0,0.20149923861026764,LOST,0.04176986300444696,0.0,8.507639119391413,1,1,0,12.87396240234375,0.008766117731050006,1.0,0,0,601,0,none,nan,nan,nan,nan,nan,3,2,2.0,610,0.55,0,very_low_score+low_score_streak
988,272.1521991160116,497.0,-147.0,219.0,473.0,606.5,89.5,103587.0,0.21267570555210114,LOST,0.04306020798685495,0.0,8.610361229629198,1,1,0,0.12603759765625,8.582131787119837e-05,1.0,0,0,602,0,none,nan,nan,nan,nan,nan,3,2,2.0,611,0.55,0,very_low_score+low_score_streak
989,272.262302276009,497.0,-147.0,219.0,473.0,606.5,89.5,103587.0,0.21242031455039978,LOST,0.03715511001064442,0.0,9.082391459280563,1,1,0,0.0,0.0,1.0,0,0,603,0,none,nan,nan,nan,nan,nan,3,2,2.0,612,0.55,0,very_low_score+low_score_streak
990,272.39473860600265,497.0,-147.0,219.0,473.0,606.5,89.5,103587.0,0.2093651443719864,LOST,0.050822488992707804,0.0,7.550798183911704,1,1,0,0.0,0.0,1.0,0,0,604,0,none,nan,nan,nan,nan,nan,3,2,2.0,613,0.55,0,very_low_score+low_score_streak
991,272.52354474100866,497.0,-147.0,219.0,473.0,606.5,89.5,103587.0,0.20508158206939697,LOST,0.04672576900338754,0.0,7.763605358962857,1,1,0,0.0,0.0,1.0,0,0,605,0,none,nan,nan,nan,nan,nan,3,2,2.0,614,0.55,0,very_low_score+low_score_streak
992,272.6386304230109,522.7479248046875,-211.369873046875,219.0,473.0,632.2479248046875,25.130126953125,103587.0,0.19654755294322968,LOST,0.04063748999033123,0.0,8.689178207072613,1,1,0,69.32846592719794,0.04720702728790512,1.0,0,0,606,0,none,nan,nan,nan,nan,nan,3,2,2.0,615,0.55,0,very_low_score+low_score_streak
993,272.7579028260079,523.0,-185.25204467773438,219.0,473.0,632.5,51.247955322265625,103587.0,0.1633973866701126,LOST,0.04274743999121711,0.0,8.384169136133275,1,1,0,26.119044787740204,0.017784937882855335,1.0,0,0,607,0,none,nan,nan,nan,nan,nan,3,2,2.0,616,0.55,0,very_low_score+low_score_streak
994,272.8772456470033,523.0,-236.4958953857422,219.0,473.0,632.5,0.0041046142578125,103587.0,0.1599406749010086,LOST,0.0436053260054905,0.0,8.379222073515328,1,1,0,51.24385070800781,0.034892880238407906,1.0,0,0,608,0,none,nan,nan,nan,nan,nan,3,2,2.0,617,0.55,0,very_low_score+low_score_streak
995,272.99767021500156,523.0,-223.1260223388672,219.0,473.0,632.5,13.373977661132812,103587.0,0.13318362832069397,LOST,0.046035231003770605,0.0,8.303953392752563,1,1,0,13.369873046875,0.009103792407903993,1.0,0,0,609,0,none,nan,nan,nan,nan,nan,3,2,2.0,618,0.55,0,very_low_score+low_score_streak
996,273.11869193300663,523.0,-223.0,219.0,473.0,632.5,13.5,103587.0,0.1569792628288269,LOST,0.04337677800504025,0.0,8.262979707147489,1,1,0,0.1260223388671875,8.581092788114133e-05,1.0,0,0,610,0,none,nan,nan,nan,nan,nan,3,2,2.0,619,0.55,0,very_low_score+low_score_streak
997,273.2142935790034,523.0,-210.1260223388672,219.0,473.0,632.5,26.373977661132812,103587.0,0.1662452518939972,LOST,0.03816878198995255,0.0,10.460070949338403,1,1,0,12.873977661132812,0.008766128121040061,1.0,0,0,611,0,none,nan,nan,nan,nan,nan,3,2,2.0,620,0.55,0,very_low_score+low_score_streak
998,273.33161452600325,510.12603759765625,-197.1260223388672,219.0,473.0,619.6260375976562,39.37397766113281,103587.0,0.16919997334480286,LOST,0.04030841900384985,0.0,8.52362707233762,1,1,0,18.295871335822202,0.012457995223969438,1.0,0,0,612,0,none,nan,nan,nan,nan,nan,3,2,2.0,621,0.55,0,very_low_score+low_score_streak
999,273.45396841299953,497.12603759765625,-171.25204467773438,219.0,473.0,606.6260375976562,65.24795532226562,103587.0,0.1619759500026703,LOST,0.04305973900773097,0.0,8.173013743571612,1,1,0,28.956220748032706,0.01971682316528408,1.0,0,0,613,0,none,nan,nan,nan,nan,nan,3,2,2.0,622,0.55,0,very_low_score+low_score_streak
1000,273.5724842870113,509.87396240234375,-222.4958953857422,219.0,473.0,619.3739624023438,14.004104614257812,103587.0,0.16689953207969666,LOST,0.042371231989818625,0.0,8.437688270353629,1,1,0,52.80569876642633,0.03595637130123842,1.0,0,0,614,0,none,nan,nan,nan,nan,nan,3,2,2.0,623,0.55,0,very_low_score+low_score_streak
1001,273.6913685030013,497.12603759765625,-209.1260223388672,219.0,473.0,606.6260375976562,27.373977661132812,103587.0,0.1723049432039261,LOST,0.04117406700970605,0.0,8.411545567028089,1,1,0,18.473307557541542,0.01257881481010255,1.0,0,0,615,0,none,nan,nan,nan,nan,nan,3,2,2.0,624,0.55,0,very_low_score+low_score_streak
1002,273.8105198090052,484.12603759765625,-170.37808227539062,219.0,473.0,593.6260375976562,66.12191772460938,103587.0,0.17338323593139648,LOST,0.04176689399173483,0.0,8.392690214970445,1,1,0,40.87056225650403,0.027829517383824085,1.0,0,0,616,0,none,nan,nan,nan,nan,nan,3,2,2.0,625,0.55,0,very_low_score+low_score_streak
1003,273.92843769800675,484.0,-144.25204467773438,219.0,473.0,593.5,92.24795532226562,103587.0,0.1689789593219757,LOST,0.04141974900267087,0.0,8.48047746162489,1,1,0,26.126341612062163,0.017789906424712922,1.0,0,0,617,0,none,nan,nan,nan,nan,nan,3,2,2.0,626,0.55,0,very_low_score+low_score_streak
1004,274.04780791600933,857.34521484375,-66.75616455078125,219.0,473.0,966.84521484375,169.74383544921875,103587.0,0.22172696888446808,LOST,0.041152033998514526,0.0,8.377298933795455,1,1,0,381.30337119330187,0.2596364769962527,1.0,0,0,618,0,none,nan,nan,nan,nan,nan,3,2,2.0,627,0.55,0,very_low_score+low_score_streak
1005,274.1690228160005,882.7479248046875,-105.62191772460938,219.0,473.0,992.2479248046875,130.87808227539062,103587.0,0.2754670977592468,LOST,0.04024445899995044,0.0,8.249810873686474,1,0,0,46.43107195756355,0.031615770688032854,1.0,0,0,619,0,none,nan,nan,nan,nan,nan,3,2,2.0,628,0.55,0,low_score_streak
1006,274.2861487580085,870.1260375976562,-93.12602233886719,219.0,473.0,979.6260375976562,143.3739776611328,103587.0,0.25753065943717957,LOST,0.03607581200776622,0.0,8.537818205396393,1,0,0,17.761177837025112,0.012093912588492033,1.0,0,0,620,0,none,nan,nan,nan,nan,nan,3,2,2.0,629,0.55,0,low_score_streak
1007,274.4010965720081,882.8739624023438,-144.4958953857422,219.0,473.0,992.3739624023438,92.00410461425781,103587.0,0.21945960819721222,LOST,0.03847206999489572,0.0,8.699599976763587,1,1,0,52.928002453125146,0.036039650130478135,1.0,0,0,621,0,none,nan,nan,nan,nan,nan,3,2,2.0,630,0.55,0,very_low_score+low_score_streak
1008,274.5203661100095,857.2520751953125,-79.630126953125,219.0,473.0,966.7520751953125,156.869873046875,103587.0,0.2655867040157318,LOST,0.03849748799984809,0.0,8.384370533810102,1,0,0,69.7427345205488,0.04748911039084543,1.0,0,0,622,0,none,nan,nan,nan,nan,nan,3,2,2.0,631,0.55,0,low_score_streak
1009,274.61758800600364,792.630126953125,-28.504104614257812,219.0,473.0,902.130126953125,207.9958953857422,103587.0,0.22638651728630066,LOST,0.03843373598647304,0.0,10.28574879942829,1,1,0,82.40064535433146,0.056108114636024164,1.0,0,0,623,0,none,nan,nan,nan,nan,nan,3,2,2.0,632,0.55,0,very_low_score+low_score_streak
1010,274.7419731950067,780.1260375976562,-54.747955322265625,219.0,473.0,889.6260375976562,181.75204467773438,103587.0,0.23946025967597961,LOST,0.04701494300388731,0.0,8.03954239258544,1,1,0,29.070465262767108,0.01979461435613812,1.0,0,0,624,0,none,nan,nan,nan,nan,nan,3,2,2.0,633,0.55,0,very_low_score+low_score_streak
1011,274.8629932460026,780.0,-42.12602233886719,219.0,473.0,889.5,194.3739776611328,103587.0,0.24683795869350433,LOST,0.042285187999368645,0.0,8.26309352682518,1,1,0,12.622562248348167,0.008594934743353213,1.0,0,0,625,0,none,nan,nan,nan,nan,nan,3,2,2.0,634,0.55,0,very_low_score+low_score_streak
1012,274.97753953900246,780.0,-29.126022338867188,219.0,473.0,889.5,207.3739776611328,103587.0,0.3180849254131317,LOST,0.0395247010019375,0.0,8.730094827259794,1,0,0,13.0,0.008851939048921204,1.0,0,0,626,0,none,nan,nan,nan,nan,nan,3,2,2.0,635,0.55,0,low_score_streak
1013,275.0895792070078,792.8739624023438,-106.24383544921875,219.0,473.0,902.3739624023438,130.25616455078125,103587.0,0.27951353788375854,LOST,0.037789293011883274,0.0,8.925410239100444,1,0,0,78.18501139515215,0.053237611954545884,1.0,0,0,627,0,none,nan,nan,nan,nan,nan,3,2,2.0,636,0.55,0,low_score_streak
1014,275.20561387100315,780.1260375976562,-118.87397766113281,219.0,473.0,889.6260375976562,117.62602233886719,103587.0,0.30721113085746765,LOST,0.038990938002825715,0.0,8.618114325214293,1,0,0,17.945196547241835,0.012219214312084304,1.0,0,0,628,0,none,nan,nan,nan,nan,nan,3,2,2.0,637,0.55,0,low_score_streak
1015,275.32448199301143,780.0,-131.8739776611328,219.0,473.0,889.5,104.62602233886719,103587.0,0.3099336624145508,LOST,0.04184705199440941,0.0,8.412684436373478,1,0,0,13.000610965490159,0.008852355066558118,1.0,0,0,629,0,none,nan,nan,nan,nan,nan,3,2,2.0,638,0.55,0,low_score_streak
1016,275.44645592301094,767.1260375976562,-119.12602233886719,219.0,473.0,876.6260375976562,117.37397766113281,103587.0,0.33820030093193054,LOST,0.046944680987508036,0.0,8.19847323115682,1,0,0,18.117650864155678,0.012336641627626202,1.0,0,0,630,0,none,nan,nan,nan,nan,nan,3,2,2.0,639,0.55,0,low_score_streak
1017,275.56741925400274,779.8739624023438,-106.12602233886719,219.0,473.0,889.3739624023438,130.3739776611328,103587.0,0.35329994559288025,LOST,0.043435737999971025,0.0,8.266968111747826,1,0,0,18.207404725165166,0.012397756682015535,1.0,0,0,631,0,none,nan,nan,nan,nan,nan,3,2,2.0,640,0.55,0,low_score_streak
1018,275.6898922590044,767.1260375976562,-93.12602233886719,219.0,473.0,876.6260375976562,143.3739776611328,103587.0,0.34317177534103394,LOST,0.046970046998467296,0.0,8.165064619639216,1,0,0,18.207404725165166,0.012397756682015535,1.0,0,0,632,0,none,nan,nan,nan,nan,nan,3,2,2.0,641,0.55,0,low_score_streak
1019,275.8066527230112,767.0,-80.12602233886719,219.0,473.0,876.5,156.3739776611328,103587.0,0.34008467197418213,LOST,0.04219528999237809,0.0,8.564542874219336,1,0,0,13.000610965490159,0.008852355066558118,1.0,0,0,633,0,none,nan,nan,nan,nan,nan,3,2,2.0,642,0.55,0,low_score_streak
1020,275.93884238100145,754.1260375976562,-92.87397766113281,219.0,473.0,863.6260375976562,143.6260223388672,103587.0,0.3444792628288269,LOST,0.047610218985937536,0.0,7.564888321852257,1,0,0,18.117650864155678,0.012336641627626202,1.0,0,0,634,0,none,nan,nan,nan,nan,nan,3,2,2.0,643,0.55,0,low_score_streak
1021,276.05216755000583,754.0,-105.87397766113281,219.0,473.0,863.5,130.6260223388672,103587.0,0.31586718559265137,LOST,0.05261956500180531,0.0,8.82416508870434,1,0,0,13.000610965490159,0.008852355066558118,1.0,0,0,635,0,none,nan,nan,nan,nan,nan,3,2,2.0,644,0.55,0,low_score_streak
1022,276.1755425050069,754.0,-93.12602233886719,219.0,473.0,863.5,143.3739776611328,103587.0,0.3180932104587555,LOST,0.04391502100042999,0.0,8.105372763795167,1,0,0,12.747955322265625,0.008680317193158921,1.0,0,0,636,0,none,nan,nan,nan,nan,nan,3,2,2.0,645,0.55,0,low_score_streak
1023,276.30081063300895,754.0,-105.87397766113281,219.0,473.0,863.5,130.6260223388672,103587.0,0.27570366859436035,LOST,0.04449217098590452,0.0,7.982876538105014,1,0,0,12.747955322265625,0.008680317193158921,1.0,0,0,637,0,none,nan,nan,nan,nan,nan,3,2,2.0,646,0.55,0,low_score_streak
1024,276.42582859800314,766.8739624023438,-106.0,219.0,473.0,876.3739624023438,130.5,103587.0,0.2978174090385437,LOST,0.04424378000840079,0.0,7.998850405591776,1,0,0,12.874579199603147,0.00876653771964583,1.0,0,0,638,0,none,nan,nan,nan,nan,nan,3,2,2.0,647,0.55,0,low_score_streak
1025,276.5486261430051,767.0,-93.12602233886719,219.0,473.0,876.5,143.3739776611328,103587.0,0.3852192163467407,LOST,0.04110224099713378,0.0,8.143485278830704,1,0,0,12.874594607030144,0.00876654821084619,1.0,0,0,639,0,none,nan,nan,nan,nan,nan,3,2,2.0,648,0.55,0,low_score_streak
1026,276.6781547950086,767.0,-80.12602233886719,219.0,473.0,876.5,156.3739776611328,103587.0,0.3454563319683075,LOST,0.046453939998173155,0.0,7.720299598060931,1,0,0,13.0,0.008851939048921204,1.0,0,0,640,0,none,nan,nan,nan,nan,nan,3,2,2.0,649,0.55,0,low_score_streak
1027,276.8018333000073,767.0,-80.0,219.0,473.0,876.5,156.5,103587.0,0.3104636073112488,LOST,0.04231888700451236,0.0,8.085479364507831,1,0,0,0.1260223388671875,8.581092788114133e-05,1.0,0,0,641,0,none,nan,nan,nan,nan,nan,3,2,2.0,650,0.55,0,low_score_streak
1028,276.925767852008,754.1260375976562,-67.12602233886719,219.0,473.0,863.6260375976562,169.3739776611328,103587.0,0.3280562162399292,LOST,0.041557566000847146,0.0,8.068774880423964,1,0,0,18.20654302047226,0.012397169931444784,1.0,0,0,642,0,none,nan,nan,nan,nan,nan,3,2,2.0,651,0.55,0,low_score_streak
1029,277.0529057149979,651.0081787109375,48.86578369140625,219.0,473.0,760.5081787109375,285.36578369140625,103587.0,0.29721879959106445,LOST,0.041901531993062235,0.0,7.8654774941383785,1,0,0,155.20113365419022,0.10567930580233578,1.0,0,0,643,0,none,nan,nan,nan,nan,nan,3,2,2.0,652,0.55,0,low_score_streak
1030,277.17909417900955,651.0,139.1177978515625,219.0,473.0,760.5,375.6177978515625,103587.0,0.3285093903541565,LOST,0.04199710799730383,0.0,7.92465466500722,1,0,0,90.25201453073697,0.061454256282187265,1.0,0,0,644,0,none,nan,nan,nan,nan,nan,3,2,2.0,653,0.55,0,low_score_streak
1031,277.29911186201207,651.0,48.8822021484375,219.0,473.0,760.5,285.3822021484375,103587.0,0.35289618372917175,LOST,0.03926271501404699,0.0,8.332105527974898,1,0,0,90.235595703125,0.061443076400550654,1.0,0,0,645,0,none,nan,nan,nan,nan,nan,3,2,2.0,654,0.55,0,low_score_streak
1032,277.4297459070076,651.0,113.369873046875,219.0,473.0,760.5,349.869873046875,103587.0,0.3234133720397949,LOST,0.045783923007547855,0.0,7.654972331555734,1,0,0,64.4876708984375,0.04391084093845064,1.0,0,0,646,0,none,nan,nan,nan,nan,nan,3,2,2.0,655,0.55,0,low_score_streak
1033,277.53309967700625,702.4959106445312,-67.23562622070312,219.0,473.0,811.9959106445312,169.26437377929688,103587.0,0.3097441792488098,LOST,0.04370715100958478,0.0,9.67550578961057,1,0,0,187.80355475549632,0.12787889383587608,1.0,0,0,647,0,none,nan,nan,nan,nan,nan,3,2,2.0,656,0.55,0,low_score_streak
1034,277.6645731180033,689.1260375976562,48.86578369140625,219.0,473.0,798.6260375976562,285.36578369140625,103587.0,0.31159478425979614,LOST,0.04858243200578727,0.0,7.606098938433415,1,0,0,116.86869079813123,0.07957804059017506,1.0,0,0,648,0,none,nan,nan,nan,nan,nan,3,2,2.0,657,0.55,0,low_score_streak
1035,277.79204307300097,701.8739624023438,74.74795532226562,219.0,473.0,811.3739624023438,311.2479553222656,103587.0,0.2948693037033081,LOST,0.04352120899420697,0.0,7.844985902901064,1,0,0,28.85128065017615,0.019645367522975306,1.0,0,0,649,0,none,nan,nan,nan,nan,nan,3,2,2.0,658,0.55,0,low_score_streak
1036,277.91465670699836,714.8739624023438,100.74795532226562,219.0,473.0,824.3739624023438,337.2479553222656,103587.0,0.3049706518650055,LOST,0.03617873101029545,0.0,8.155699879356757,1,0,0,29.068883707497267,0.019793537446072648,1.0,0,0,650,0,none,nan,nan,nan,nan,nan,3,2,2.0,659,0.55,0,low_score_streak
1037,278.0442909350095,727.8739624023438,88.12603759765625,219.0,473.0,837.3739624023438,324.62603759765625,103587.0,0.2989672124385834,LOST,0.04360746100428514,0.0,7.714012073371254,1,0,0,18.11940415816172,0.012337835477755152,1.0,0,0,651,0,none,nan,nan,nan,nan,nan,3,2,2.0,660,0.55,0,low_score_streak
1038,278.17549254700134,740.8739624023438,126.62191772460938,219.0,473.0,850.3739624023438,363.1219177246094,103587.0,0.3164820671081543,LOST,0.040390088004642166,0.0,7.621857573381626,1,0,0,40.63167221206561,0.027666852759765395,1.0,0,0,652,0,none,nan,nan,nan,nan,nan,3,2,2.0,661,0.55,0,low_score_streak
1039,278.31103109200194,728.1260375976562,229.99179077148438,219.0,473.0,837.6260375976562,466.4917907714844,103587.0,0.31290704011917114,LOST,0.04280316999938805,0.0,7.377975025448115,1,0,0,104.15296558693382,0.07091966947230198,1.0,0,0,653,0,none,nan,nan,nan,nan,nan,3,2,2.0,662,0.55,0,low_score_streak
1040,278.44457151400275,753.7479248046875,114.13421630859375,219.0,473.0,863.2479248046875,350.63421630859375,103587.0,0.30974867939949036,LOST,0.04559235498891212,0.0,7.488369326809267,1,0,0,118.6568947194982,0.08079566152240447,1.0,0,0,654,0,none,nan,nan,nan,nan,nan,3,2,2.0,663,0.55,0,low_score_streak
1041,278.5737668770016,754.0,216.99179077148438,219.0,473.0,863.5,453.4917907714844,103587.0,0.3263108730316162,LOST,0.0403611290093977,0.0,7.740215877629739,1,0,0,102.85788334538671,0.07003782415957004,1.0,0,0,655,0,none,nan,nan,nan,nan,nan,3,2,2.0,664,0.55,0,low_score_streak
1042,278.70248207201075,805.4959106445312,-1.8575592041015625,219.0,473.0,914.9959106445312,234.64244079589844,103587.0,0.29299744963645935,LOST,0.041134116996545345,0.0,7.769090509702638,1,0,0,224.826303616472,0.1530883643236356,1.0,0,0,656,0,none,nan,nan,nan,nan,nan,3,2,2.0,665,0.55,0,low_score_streak
1043,278.83419062400935,779.2520751953125,242.60549926757812,219.0,473.0,888.7520751953125,479.1054992675781,103587.0,0.29576122760772705,LOST,0.04459628800395876,0.0,7.592521402943021,1,0,0,245.8676999046714,0.16741583797343085,1.0,0,0,657,0,none,nan,nan,nan,nan,nan,3,2,2.0,666,0.55,0,low_score_streak
1044,278.9726101790002,830.4959106445312,11.268463134765625,219.0,473.0,939.9959106445312,247.76846313476562,103587.0,0.3100992739200592,LOST,0.049880017002578825,0.0,7.22441276498995,1,0,0,236.94462424427527,0.161339951675374,1.0,0,0,658,0,none,nan,nan,nan,nan,nan,3,2,2.0,667,0.55,0,low_score_streak
1045,279.07200108800316,791.3780517578125,255.60549926757812,219.0,473.0,900.8780517578125,492.1054992675781,103587.0,0.29092442989349365,LOST,0.0407331169990357,0.0,10.061282365070666,1,0,0,247.44856861588138,0.168492280548506,1.0,0,0,659,0,none,nan,nan,nan,nan,nan,3,2,2.0,668,0.55,0,low_score_streak
1046,279.19648060201143,842.4959106445312,50.01641845703125,219.0,473.0,951.9959106445312,286.51641845703125,103587.0,0.29758018255233765,LOST,0.03960845299297944,0.0,8.033450387133993,1,0,0,211.84878013736133,0.14425172995109473,1.0,0,0,660,0,none,nan,nan,nan,nan,nan,3,2,2.0,669,0.55,0,low_score_streak
1047,279.32265911799914,803.3780517578125,281.7315673828125,219.0,473.0,912.8780517578125,518.2315673828125,103587.0,0.2913130521774292,LOST,0.041331204993184656,0.0,7.9252794516734735,1,0,0,234.99386614458308,0.16001164461401518,1.0,0,0,661,0,none,nan,nan,nan,nan,nan,3,2,2.0,670,0.55,0,low_score_streak
1048,279.4485086670029,803.0,294.87396240234375,219.0,473.0,912.5,531.3739624023438,103587.0,0.26159629225730896,LOST,0.0411284389992943,0.0,7.945995896815812,1,0,0,13.147831379394281,0.008952600153530136,1.0,0,0,662,0,none,nan,nan,nan,nan,nan,3,2,2.0,671,0.55,0,low_score_streak
1049,279.5748759370035,815.8739624023438,295.0,219.0,473.0,925.3739624023438,531.5,103587.0,0.261249303817749,LOST,0.0428306700050598,0.0,7.913441510567007,1,0,0,12.874579348972278,0.008766537821354017,1.0,0,0,663,0,none,nan,nan,nan,nan,nan,3,2,2.0,672,0.55,0,low_score_streak
1050,279.710680218006,816.0,333.6219482421875,219.0,473.0,925.5,570.1219482421875,103587.0,0.26263877749443054,LOST,0.05061649301205762,0.0,7.363538119845024,1,0,0,38.62215389511871,0.026298534785972726,1.0,0,0,664,0,none,nan,nan,nan,nan,nan,3,2,2.0,673,0.55,0,low_score_streak
1051,279.84756869300327,816.0,346.87396240234375,219.0,473.0,925.5,583.3739624023438,103587.0,0.27356767654418945,LOST,0.04105791699839756,0.0,7.3052168929494865,1,0,0,13.25201416015625,0.009023540124703373,1.0,0,0,665,0,none,nan,nan,nan,nan,nan,3,2,2.0,674,0.55,0,low_score_streak
1052,279.97526719600137,816.0,359.87396240234375,219.0,473.0,925.5,596.3739624023438,103587.0,0.2752029597759247,LOST,0.042006743999081664,0.0,7.830945363665494,1,0,0,13.0,0.008851939048921204,1.0,0,0,666,0,none,nan,nan,nan,nan,nan,3,2,2.0,675,0.55,0,low_score_streak
1053,280.10180770000443,816.0,360.0,219.0,473.0,925.5,596.5,103587.0,0.2660815715789795,LOST,0.042140392994042486,0.0,7.90260800585888,1,0,0,0.12603759765625,8.582131787119837e-05,1.0,0,0,667,0,none,nan,nan,nan,nan,nan,3,2,2.0,676,0.55,0,low_score_streak
1054,280.22258128700196,828.8739624023438,372.87396240234375,219.0,473.0,938.3739624023438,609.3739624023438,103587.0,0.25632941722869873,LOST,0.039170057003502734,0.0,8.279956113421187,1,0,0,18.206532230875844,0.012397162584610181,1.0,0,0,668,0,none,nan,nan,nan,nan,nan,3,2,2.0,677,0.55,0,low_score_streak
1055,280.3474186220119,829.0,373.0,219.0,473.0,938.5,609.5,103587.0,0.28883808851242065,LOST,0.04123010899638757,0.0,8.010424124484508,1,0,0,0.17824407997439218,0.00012136967167418124,1.0,0,0,669,0,none,nan,nan,nan,nan,nan,3,2,2.0,678,0.55,0,low_score_streak
1056,280.4749200360093,829.0,385.87396240234375,219.0,473.0,938.5,622.3739624023438,103587.0,0.2635795474052429,LOST,0.0402394589909818,0.0,7.843050274097789,1,0,0,12.87396240234375,0.008766117731050006,1.0,0,0,670,0,none,nan,nan,nan,nan,nan,3,2,2.0,679,0.55,0,low_score_streak
1057,280.578293286002,829.0,386.0,219.0,473.0,938.5,622.5,103587.0,0.2737322747707367,LOST,0.04416159000538755,0.0,9.673682505583841,1,0,0,0.12603759765625,8.582131787119837e-05,1.0,0,0,671,0,none,nan,nan,nan,nan,nan,3,2,2.0,680,0.55,0,low_score_streak
1058,280.70178506700904,829.0,386.0,219.0,473.0,938.5,622.5,103587.0,0.2694379687309265,LOST,0.04331912100315094,0.0,8.09770489862034,1,0,0,0.0,0.0,1.0,0,0,672,0,none,nan,nan,nan,nan,nan,3,2,2.0,681,0.55,0,low_score_streak
1059,280.82881032300065,829.0,386.0,219.0,473.0,938.5,622.5,103587.0,0.25382766127586365,LOST,0.04519916800200008,0.0,7.87245018475725,1,0,0,0.0,0.0,1.0,0,0,673,0,none,nan,nan,nan,nan,nan,3,2,2.0,682,0.55,0,low_score_streak
1060,280.95269263400405,829.0,386.0,219.0,473.0,938.5,622.5,103587.0,0.26005470752716064,LOST,0.04314994999731425,0.0,8.072177471508116,1,0,0,0.0,0.0,1.0,0,0,674,0,none,nan,nan,nan,nan,nan,3,2,2.0,683,0.55,0,low_score_streak
1061,281.07619759200315,816.1260375976562,398.87396240234375,219.0,473.0,925.6260375976562,635.3739624023438,103587.0,0.23688168823719025,LOST,0.04351152200251818,0.0,8.096840938217758,1,1,0,18.206532230875844,0.012397162584610181,1.0,0,0,675,0,none,nan,nan,nan,nan,nan,3,2,2.0,684,0.55,0,very_low_score+low_score_streak
1062,281.2030666470091,816.0,399.0,219.0,473.0,925.5,635.5,103587.0,0.24034488201141357,LOST,0.04404809800325893,0.0,7.882142733332925,1,1,0,0.17824407997439218,0.00012136967167418124,1.0,0,0,676,0,none,nan,nan,nan,nan,nan,3,2,2.0,685,0.55,0,very_low_score+low_score_streak
1063,281.3251331830106,816.0,386.12603759765625,219.0,473.0,925.5,622.6260375976562,103587.0,0.2622295320034027,LOST,0.04180142599216197,0.0,8.192253444364265,1,0,0,12.87396240234375,0.008766117731050006,1.0,0,0,677,0,none,nan,nan,nan,nan,nan,3,2,2.0,686,0.55,0,low_score_streak
1064,281.4491102890024,816.0,386.0,219.0,473.0,925.5,622.5,103587.0,0.2662222683429718,LOST,0.04192543899989687,0.0,8.066005348327407,1,0,0,0.12603759765625,8.582131787119837e-05,1.0,0,0,678,0,none,nan,nan,nan,nan,nan,3,2,2.0,687,0.55,0,low_score_streak
1065,281.5770901520009,803.1260375976562,373.12603759765625,219.0,473.0,912.6260375976562,609.6260375976562,103587.0,0.2808249294757843,LOST,0.043605482002021745,0.0,7.8137292584219695,1,0,0,18.206532230875844,0.012397162584610181,1.0,0,0,679,0,none,nan,nan,nan,nan,nan,3,2,2.0,688,0.55,0,low_score_streak
1066,281.7011728330108,790.1260375976562,373.0,219.0,473.0,899.6260375976562,609.5,103587.0,0.2843807339668274,LOST,0.0398755960050039,0.0,8.059142435198135,1,0,0,13.000610965490159,0.008852355066558118,1.0,0,0,680,0,none,nan,nan,nan,nan,nan,3,2,2.0,689,0.55,0,low_score_streak
1067,281.82653002601,777.1260375976562,360.12603759765625,219.0,473.0,886.6260375976562,596.6260375976562,103587.0,0.2952573299407959,LOST,0.043545166990952566,0.0,7.9772047863758475,1,0,0,18.295871335822202,0.012457995223969438,1.0,0,0,681,0,none,nan,nan,nan,nan,nan,3,2,2.0,690,0.55,0,low_score_streak
1068,281.9484777570033,764.1260375976562,347.12603759765625,219.0,473.0,873.6260375976562,583.6260375976562,103587.0,0.25561094284057617,LOST,0.03734021799755283,0.0,8.200234574722739,1,0,0,18.384776310850235,0.01251853225628436,1.0,0,0,682,0,none,nan,nan,nan,nan,nan,3,2,2.0,691,0.55,0,low_score_streak
1069,282.0482532590104,738.2520751953125,334.12603759765625,219.0,473.0,847.7520751953125,570.6260375976562,103587.0,0.23032139241695404,LOST,0.040757754002697766,0.0,10.022500312038382,1,1,0,28.956207113465293,0.01971681388125641,1.0,0,0,683,0,none,nan,nan,nan,nan,nan,3,2,2.0,692,0.55,0,very_low_score+low_score_streak
1070,282.165609624004,750.8739624023438,308.2520751953125,219.0,473.0,860.3739624023438,544.7520751953125,103587.0,0.23172447085380554,LOST,0.03546194099180866,0.0,8.521054653102437,1,1,0,28.788434606017,0.019602574495870488,1.0,0,0,684,0,none,nan,nan,nan,nan,nan,3,2,2.0,693,0.55,0,very_low_score+low_score_streak
1071,282.2874131330027,789.6219482421875,11.898590087890625,219.0,473.0,899.1219482421875,248.39859008789062,103587.0,0.21418234705924988,LOST,0.03764746600063518,0.0,8.209944099480689,1,1,0,298.87588484513043,0.20351008583396052,1.0,0,0,685,0,none,nan,nan,nan,nan,nan,3,2,2.0,694,0.55,0,very_low_score+low_score_streak
1072,282.4176156050089,777.1260375976562,-0.8739776611328125,219.0,473.0,886.6260375976562,235.6260223388672,103587.0,0.2111075222492218,LOST,0.04302546700637322,0.0,7.680345730704361,1,1,0,17.86858331652241,0.01216704695449436,1.0,0,0,686,0,none,nan,nan,nan,nan,nan,3,2,2.0,695,0.55,0,very_low_score+low_score_streak
1073,282.5470901420049,699.7561645507812,269.35345458984375,219.0,473.0,809.2561645507812,505.85345458984375,103587.0,0.24603964388370514,LOST,0.044123203988419846,0.0,7.7235263643461085,1,1,0,281.0853293863728,0.191396169482624,1.0,0,0,687,0,none,nan,nan,nan,nan,nan,3,2,2.0,696,0.55,0,very_low_score+low_score_streak
1074,282.6779420570092,751.4959106445312,-39.975372314453125,219.0,473.0,860.9959106445312,196.52462768554688,103587.0,0.25990211963653564,LOST,0.04043899499811232,0.0,7.642226710759503,1,0,0,313.6260902409654,0.21355377192034514,1.0,0,0,688,0,none,nan,nan,nan,nan,nan,3,2,2.0,697,0.55,0,low_score_streak
1075,282.8059860370122,738.1260375976562,-52.87397766113281,219.0,473.0,847.6260375976562,183.6260223388672,103587.0,0.24405494332313538,LOST,0.03943652199814096,0.0,7.809816595646941,1,1,0,18.577608166256184,0.012649835012495426,1.0,0,0,689,0,none,nan,nan,nan,nan,nan,3,2,2.0,698,0.55,0,very_low_score+low_score_streak
1076,282.9357142259978,686.5040893554688,101.4876708984375,219.0,473.0,796.0040893554688,337.9876708984375,103587.0,0.2816369831562042,LOST,0.04207664099521935,0.0,7.708424882975345,1,0,0,162.76468931051164,0.11082946993024965,1.0,0,0,690,0,none,nan,nan,nan,nan,nan,3,2,2.0,699,0.55,0,low_score_streak
1077,283.06667807200574,712.7479248046875,-92.10960388183594,219.0,473.0,822.2479248046875,144.39039611816406,103587.0,0.3125573694705963,LOST,0.041038230003323406,0.0,7.635695121074417,1,0,0,195.36796999875483,0.13302964327234185,1.0,0,0,691,0,none,nan,nan,nan,nan,nan,3,2,2.0,700,0.55,0,low_score_streak
1078,283.197536289008,700.1260375976562,-92.0,219.0,473.0,809.6260375976562,144.5,103587.0,0.352326363325119,LOST,0.04165501600073185,0.0,7.64185866893531,1,0,0,12.622363078201031,0.008594799124737611,1.0,0,0,692,0,none,nan,nan,nan,nan,nan,3,2,2.0,701,0.55,0,low_score_streak
1079,283.3299284520035,700.0,-117.7479476928711,219.0,473.0,809.5,118.7520523071289,103587.0,0.364892840385437,LOST,0.042044713991344906,0.0,7.553317185653717,1,0,0,25.748256171454578,0.01753246109582501,1.0,0,0,693,0,none,nan,nan,nan,nan,nan,3,2,2.0,702,0.55,0,low_score_streak
1080,283.496811022007,687.1260375976562,-143.74795532226562,219.0,473.0,796.6260375976562,92.75204467773438,103587.0,0.36823421716690063,LOST,0.05912941800488625,0.0,5.992237535525583,1,0,0,29.012743832073767,0.019755310772575505,1.0,0,0,694,0,none,nan,nan,nan,nan,nan,3,2,2.0,703,0.55,0,low_score_streak
1081,283.60117268199974,661.2520751953125,-156.8739776611328,219.0,473.0,770.7520751953125,79.62602233886719,103587.0,0.34640204906463623,LOST,0.045276773991645314,0.0,9.582062992000763,1,0,0,29.013003857552192,0.01975548782870521,1.0,0,0,695,0,none,nan,nan,nan,nan,nan,3,2,2.0,704,0.55,0,low_score_streak
1082,283.72305338000297,673.8739624023438,-182.74795532226562,219.0,473.0,783.3739624023438,53.752044677734375,103587.0,0.30472028255462646,LOST,0.03953011801058892,0.0,8.204744609959052,1,0,0,28.78844832004356,0.019602583834003356,1.0,0,0,696,0,none,nan,nan,nan,nan,nan,3,2,2.0,705,0.55,0,low_score_streak
1083,283.85003978000896,661.1260375976562,-183.0,219.0,473.0,770.6260375976562,53.5,103587.0,0.3318082392215729,LOST,0.04477254299854394,0.0,7.874859039651741,1,0,0,12.750416202835932,0.008681992851990847,1.0,0,0,697,0,none,nan,nan,nan,nan,nan,3,2,2.0,706,0.55,0,low_score_streak
1084,283.9714921870036,635.2520751953125,-195.8739776611328,219.0,473.0,744.7520751953125,40.62602233886719,103587.0,0.3354429006576538,LOST,0.041699131004861556,0.0,8.233677905157176,1,0,0,28.899848290557593,0.019678438122391187,1.0,0,0,698,0,none,nan,nan,nan,nan,nan,3,2,2.0,707,0.55,0,low_score_streak
1085,284.10115891600435,596.3780517578125,-208.8739776611328,219.0,473.0,705.8780517578125,27.626022338867188,103587.0,0.3259173333644867,LOST,0.045323858998017386,0.0,7.7120785548175945,1,0,0,40.99011707984376,0.02791092446145546,1.0,0,0,699,0,none,nan,nan,nan,nan,nan,3,2,2.0,708,0.55,0,low_score_streak
1086,284.2204219950072,583.1260375976562,-221.8739776611328,219.0,473.0,692.6260375976562,14.626022338867188,103587.0,0.31745851039886475,LOST,0.03937985299853608,0.0,8.38482461094362,1,0,0,18.563832559603142,0.0126404549486143,1.0,0,0,700,0,none,nan,nan,nan,nan,nan,3,2,2.0,709,0.55,0,low_score_streak
1087,284.3432078210026,595.8739624023438,-222.0,219.0,473.0,705.3739624023438,14.5,103587.0,0.271079421043396,LOST,0.04123651600093581,0.0,8.144262514776205,1,0,0,12.74854769986999,0.008680720553962596,1.0,0,0,701,0,none,nan,nan,nan,nan,nan,3,2,2.0,710,0.55,0,low_score_streak
1088,284.4666386099998,570.2520751953125,-222.0,219.0,473.0,679.7520751953125,14.5,103587.0,0.30043068528175354,LOST,0.04379611100011971,0.0,8.101706293253878,1,0,0,25.62188720703125,0.01744641414422881,1.0,0,0,702,0,none,nan,nan,nan,nan,nan,3,2,2.0,711,0.55,0,low_score_streak
1089,284.58776465400297,570.0,-222.0,219.0,473.0,679.5,14.5,103587.0,0.2751603126525879,LOST,0.03996096199261956,0.0,8.255862793420176,1,0,0,0.2520751953125,0.00017164263574239675,1.0,0,0,703,0,none,nan,nan,nan,nan,nan,3,2,2.0,712,0.55,0,low_score_streak
1090,284.7126988150121,570.0,-222.0,219.0,473.0,679.5,14.5,103587.0,0.29049360752105713,LOST,0.045193127007223666,0.0,8.004215915987597,1,0,0,0.0,0.0,1.0,0,0,704,0,none,nan,nan,nan,nan,nan,3,2,2.0,713,0.55,0,low_score_streak
1091,284.830006011005,557.1260375976562,-222.0,219.0,473.0,666.6260375976562,14.5,103587.0,0.3056306540966034,LOST,0.03973350899468642,0.0,8.524626230606184,1,0,0,12.87396240234375,0.008766117731050006,1.0,0,0,705,0,none,nan,nan,nan,nan,nan,3,2,2.0,714,0.55,0,low_score_streak
1092,284.9539558770048,557.0,-222.0,219.0,473.0,666.5,14.5,103587.0,0.30683434009552,LOST,0.04277910701057408,0.0,8.06777798373766,1,0,0,0.12603759765625,8.582131787119837e-05,1.0,0,0,706,0,none,nan,nan,nan,nan,nan,3,2,2.0,715,0.55,0,low_score_streak
1093,285.05661728500854,544.1260375976562,-222.0,219.0,473.0,653.6260375976562,14.5,103587.0,0.3075050115585327,LOST,0.044724833001964726,0.0,9.740758669151393,1,0,0,12.87396240234375,0.008766117731050006,1.0,0,0,707,0,none,nan,nan,nan,nan,nan,3,2,2.0,716,0.55,0,low_score_streak
1094,285.1796010320104,544.0,-222.0,219.0,473.0,653.5,14.5,103587.0,0.3122882544994354,LOST,0.042859734006924555,0.0,8.131155737066026,1,0,0,0.12603759765625,8.582131787119837e-05,1.0,0,0,708,0,none,nan,nan,nan,nan,nan,3,2,2.0,717,0.55,0,low_score_streak
1095,285.2992999039998,544.0,-222.0,219.0,473.0,653.5,14.5,103587.0,0.30262476205825806,LOST,0.03942011499020737,0.0,8.354297608491072,1,0,0,0.0,0.0,1.0,0,0,709,0,none,nan,nan,nan,nan,nan,3,2,2.0,718,0.55,0,low_score_streak
1096,285.4255839950056,544.0,-209.1260223388672,219.0,473.0,653.5,27.373977661132812,103587.0,0.3044542670249939,LOST,0.044106068002292886,0.0,7.918653822784926,1,0,0,12.873977661132812,0.008766128121040061,1.0,0,0,710,0,none,nan,nan,nan,nan,nan,3,2,2.0,719,0.55,0,low_score_streak
1097,285.548877542009,544.0,-209.0,219.0,473.0,653.5,27.5,103587.0,0.30195730924606323,LOST,0.04419174700160511,0.0,8.11072456186465,1,0,0,0.1260223388671875,8.581092788114133e-05,1.0,0,0,711,0,none,nan,nan,nan,nan,nan,3,2,2.0,720,0.55,0,low_score_streak
1098,285.66815452800074,544.0,-209.0,219.0,473.0,653.5,27.5,103587.0,0.3053562641143799,LOST,0.03912359800597187,0.0,8.383846990141071,1,0,0,0.0,0.0,1.0,0,0,712,0,none,nan,nan,nan,nan,nan,3,2,2.0,721,0.55,0,low_score_streak
1099,285.78821606500424,544.0,-209.0,219.0,473.0,653.5,27.5,103587.0,0.3090311586856842,LOST,0.04109359599533491,0.0,8.329062120626519,1,0,0,0.0,0.0,1.0,0,0,713,0,none,nan,nan,nan,nan,nan,3,2,2.0,722,0.55,0,low_score_streak
1100,285.91388446401106,544.0,-209.0,219.0,473.0,653.5,27.5,103587.0,0.3124874234199524,LOST,0.04577058900031261,0.0,7.95744998665636,1,0,0,0.0,0.0,1.0,0,0,714,0,none,nan,nan,nan,nan,nan,3,2,2.0,723,0.55,0,low_score_streak
1101,286.0329758720036,544.0,-209.0,219.0,473.0,653.5,27.5,103587.0,0.3149500787258148,LOST,0.03891359199769795,0.0,8.396911388122502,1,0,0,0.0,0.0,1.0,0,0,715,0,none,nan,nan,nan,nan,nan,3,2,2.0,724,0.55,0,low_score_streak
1102,286.1619877930061,531.1260375976562,-209.0,219.0,473.0,640.6260375976562,27.5,103587.0,0.30471915006637573,LOST,0.0489348359988071,0.0,7.751221687338434,1,0,0,12.87396240234375,0.008766117731050006,1.0,0,0,716,0,none,nan,nan,nan,nan,nan,3,2,2.0,725,0.55,0,low_score_streak
1103,286.2837893750111,543.8739624023438,-196.1260223388672,219.0,473.0,653.3739624023438,40.37397766113281,103587.0,0.29292309284210205,LOST,0.04240805500012357,0.0,8.210073987044114,1,0,0,18.117640233907768,0.012336634389294927,1.0,0,0,717,0,none,nan,nan,nan,nan,nan,3,2,2.0,726,0.55,0,low_score_streak
1104,286.4115145960095,531.1260375976562,-196.0,219.0,473.0,640.6260375976562,40.5,103587.0,0.3281230032444,LOST,0.046480555000016466,0.0,7.829307259625159,1,0,0,12.74854769986999,0.008680720553962596,1.0,0,0,718,0,none,nan,nan,nan,nan,nan,3,2,2.0,727,0.55,0,low_score_streak
1105,286.51852700000745,518.1260375976562,-196.0,219.0,473.0,627.6260375976562,40.5,103587.0,0.3278850018978119,LOST,0.047309533998486586,0.0,9.344711104884931,1,0,0,13.0,0.008851939048921204,1.0,0,0,719,0,none,nan,nan,nan,nan,nan,3,2,2.0,728,0.55,0,low_score_streak
1106,286.6405514520011,518.0,-196.0,219.0,473.0,627.5,40.5,103587.0,0.32571956515312195,LOST,0.042386544999317266,0.0,8.19507880315768,1,0,0,0.12603759765625,8.582131787119837e-05,1.0,0,0,720,0,none,nan,nan,nan,nan,nan,3,2,2.0,729,0.55,0,low_score_streak
1107,286.7641011509986,518.0,-196.0,219.0,473.0,627.5,40.5,103587.0,0.2937208116054535,LOST,0.042204560988466255,0.0,8.09390883275287,1,0,0,0.0,0.0,1.0,0,0,721,0,none,nan,nan,nan,nan,nan,3,2,2.0,730,0.55,0,low_score_streak
1108,286.8816002270032,518.0,-183.1260223388672,219.0,473.0,627.5,53.37397766113281,103587.0,0.25620967149734497,LOST,0.03868327400414273,0.0,8.510705224275993,1,0,0,12.873977661132812,0.008766128121040061,1.0,0,0,722,0,none,nan,nan,nan,nan,nan,3,2,2.0,731,0.55,0,low_score_streak
1109,287.0029964340065,518.0,-183.0,219.0,473.0,627.5,53.5,103587.0,0.2567269802093506,LOST,0.04221857100492343,0.0,8.23748966038985,1,0,0,0.1260223388671875,8.581092788114133e-05,1.0,0,0,723,0,none,nan,nan,nan,nan,nan,3,2,2.0,732,0.55,0,low_score_streak
1110,287.1328391050047,518.0,-183.0,219.0,473.0,627.5,53.5,103587.0,0.2451748549938202,LOST,0.04285686899675056,0.0,7.701628380811456,1,1,0,0.0,0.0,1.0,0,0,724,0,none,nan,nan,nan,nan,nan,3,2,2.0,733,0.55,0,very_low_score+low_score_streak
1111,287.266472340998,518.0,-183.0,219.0,473.0,627.5,53.5,103587.0,0.24770291149616241,LOST,0.04665670500253327,0.0,7.483168334335008,1,1,0,0.0,0.0,1.0,0,0,725,0,none,nan,nan,nan,nan,nan,3,2,2.0,734,0.55,0,very_low_score+low_score_streak
1112,287.38587605000066,518.0,-183.0,219.0,473.0,627.5,53.5,103587.0,0.25417017936706543,LOST,0.03979663499922026,0.0,8.37494922354357,1,0,0,0.0,0.0,1.0,0,0,726,0,none,nan,nan,nan,nan,nan,3,2,2.0,735,0.55,0,low_score_streak
1113,287.50981430000684,518.0,-170.1260223388672,219.0,473.0,627.5,66.37397766113281,103587.0,0.26049795746803284,LOST,0.04235081499791704,0.0,8.068534128488698,1,0,0,12.873977661132812,0.008766128121040061,1.0,0,0,727,0,none,nan,nan,nan,nan,nan,3,2,2.0,736,0.55,0,low_score_streak
1114,287.63451626800816,505.12603759765625,-170.0,219.0,473.0,614.6260375976562,66.5,103587.0,0.2652486264705658,LOST,0.044381491010426544,0.0,8.01911963401756,1,0,0,12.874579199603147,0.00876653771964583,1.0,0,0,728,0,none,nan,nan,nan,nan,nan,3,2,2.0,737,0.55,0,low_score_streak
1115,287.754919428,505.0,-170.0,219.0,473.0,614.5,66.5,103587.0,0.2677311301231384,LOST,0.04166428699682001,0.0,8.305429858051804,1,0,0,0.12603759765625,8.582131787119837e-05,1.0,0,0,729,0,none,nan,nan,nan,nan,nan,3,2,2.0,738,0.55,0,low_score_streak
1116,287.8773133170034,505.0,-170.0,219.0,473.0,614.5,66.5,103587.0,0.25816360116004944,LOST,0.04067457400378771,0.0,8.170342556661051,1,0,0,0.0,0.0,1.0,0,0,730,0,none,nan,nan,nan,nan,nan,3,2,2.0,739,0.55,0,low_score_streak
1117,287.97030119800183,492.12603759765625,-170.0,219.0,473.0,601.6260375976562,66.5,103587.0,0.2749255895614624,LOST,0.03542543099320028,0.0,10.754089557295385,1,0,0,12.87396240234375,0.008766117731050006,1.0,0,0,731,0,none,nan,nan,nan,nan,nan,3,2,2.0,740,0.55,0,low_score_streak
1118,288.0916787580063,492.0,-170.0,219.0,473.0,601.5,66.5,103587.0,0.2539900839328766,LOST,0.041323964993353,0.0,8.238755169927021,1,0,0,0.12603759765625,8.582131787119837e-05,1.0,0,0,732,0,none,nan,nan,nan,nan,nan,3,2,2.0,741,0.55,0,low_score_streak
1119,288.2121033260046,401.8822021484375,-182.8739776611328,219.0,473.0,511.3822021484375,53.62602233886719,103587.0,0.2530979514122009,LOST,0.0398923669999931,0.0,8.303953392752563,1,0,0,91.03272373402011,0.06198585553467913,1.0,0,0,733,0,none,nan,nan,nan,nan,nan,3,2,2.0,742,0.55,0,low_score_streak
1120,288.33563594100997,389.12603759765625,-183.0,219.0,473.0,498.62603759765625,53.5,103587.0,0.2690271735191345,LOST,0.04358282599423546,0.0,8.09502818309468,1,0,0,12.756787043629041,0.008686330874636307,1.0,0,0,734,0,none,nan,nan,nan,nan,nan,3,2,2.0,743,0.55,0,low_score_streak
