frame_index,timestamp_s,x,y,w,h,center_x,center_y,area,score,state,track_time_s,init_time_s,fps,is_low_score,is_out_of_frame,consecutive_low_score,manual_reinitializations
0,1.3831209200002377,nan,nan,nan,nan,nan,nan,nan,,READY,0.0,0.0,0.7230019040211182,0,0,0,0
1,1.4795504220001021,nan,nan,nan,nan,nan,nan,nan,,READY,0.0,0.0,10.370270293435777,0,0,0,0
2,1.9337323290001223,nan,nan,nan,nan,nan,nan,nan,,READY,0.0,0.0,2.2017609785586543,0,0,0,0
3,1.9694226669998898,nan,nan,nan,nan,nan,nan,nan,,READY,0.0,0.0,28.01878760594854,0,0,0,0
4,2.0005355710000003,nan,nan,nan,nan,nan,nan,nan,,READY,0.0,0.0,32.14100490254609,0,0,0,0
5,2.0330639200001315,nan,nan,nan,nan,nan,nan,nan,,READY,0.0,0.0,30.742414870055924,0,0,0,0
6,2.0682534140000826,nan,nan,nan,nan,nan,nan,nan,,READY,0.0,0.0,28.41757258576637,0,0,0,0
7,2.0994760600001428,nan,nan,nan,nan,nan,nan,nan,,READY,0.0,0.0,32.02803503579011,0,0,0,0
8,2.13664444799997,nan,nan,nan,nan,nan,nan,nan,,READY,0.0,0.0,26.90458354030979,0,0,0,0
9,2.168019648000154,nan,nan,nan,nan,nan,nan,nan,,READY,0.0,0.0,31.872306789889198,0,0,0,0
10,2.4554607220002254,nan,nan,nan,nan,nan,nan,nan,,READY,0.0,0.0,3.4789739200590106,0,0,0,0
11,2.4698348590000023,nan,nan,nan,nan,nan,nan,nan,,READY,0.0,0.0,69.56939397582731,0,0,0,0
12,2.500495982999837,nan,nan,nan,nan,nan,nan,nan,,READY,0.0,0.0,32.61459038505542,0,0,0,0
13,2.535615216000224,nan,nan,nan,nan,nan,nan,nan,,READY,0.0,0.0,28.474425964513053,0,0,0,0
14,2.5694975490000616,nan,nan,nan,nan,nan,nan,nan,,READY,0.0,0.0,29.513906259193867,0,0,0,0
15,2.6003103950001787,nan,nan,nan,nan,nan,nan,nan,,READY,0.0,0.0,32.45399662193484,0,0,0,0
16,2.6356595799998104,nan,nan,nan,nan,nan,nan,nan,,READY,0.0,0.0,28.289195352323375,0,0,0,0
17,2.668128657000125,nan,nan,nan,nan,nan,nan,nan,,READY,0.0,0.0,30.798534864120594,0,0,0,0
18,2.703975507999985,nan,nan,nan,nan,nan,nan,nan,,READY,0.0,0.0,27.89645316415382,0,0,0,0
19,2.7359426480002185,nan,nan,nan,nan,nan,nan,nan,,READY,0.0,0.0,31.28212282965245,0,0,0,0
20,2.767781346999982,nan,nan,nan,nan,nan,nan,nan,,READY,0.0,0.0,31.40831853736957,0,0,0,0
21,2.804270763000204,nan,nan,nan,nan,nan,nan,nan,,READY,0.0,0.0,27.405207033017707,0,0,0,0
22,2.8360563890000776,nan,nan,nan,nan,nan,nan,nan,,READY,0.0,0.0,31.46076154057754,0,0,0,0
23,2.8685126519999358,nan,nan,nan,nan,nan,nan,nan,,READY,0.0,0.0,30.810694379829567,0,0,0,0
24,2.904368618999797,nan,nan,nan,nan,nan,nan,nan,,READY,0.0,0.0,27.889360786277752,0,0,0,0
25,2.9373714029998155,nan,nan,nan,nan,nan,nan,nan,,READY,0.0,0.0,30.300474044839408,0,0,0,0
26,2.9687121759998263,nan,nan,nan,nan,nan,nan,nan,,READY,0.0,0.0,31.90731766570196,0,0,0,0
27,3.004293084999972,nan,nan,nan,nan,nan,nan,nan,,READY,0.0,0.0,28.10495931950202,0,0,0,0
28,3.036091522999868,nan,nan,nan,nan,nan,nan,nan,,READY,0.0,0.0,31.44808559474735,0,0,0,0
29,3.06812522600012,nan,nan,nan,nan,nan,nan,nan,,READY,0.0,0.0,31.217121542025087,0,0,0,0
30,9.976162024000132,nan,nan,nan,nan,nan,nan,nan,,READY,0.0,0.0,0.14475892778821273,0,0,0,0
31,9.988114290999874,nan,nan,nan,nan,nan,nan,nan,,READY,0.0,0.0,83.66613630883268,0,0,0,0
32,10.021261035999942,nan,nan,nan,nan,nan,nan,nan,,READY,0.0,0.0,30.16887480197435,0,0,0,0
33,10.052664934999939,nan,nan,nan,nan,nan,nan,nan,,READY,0.0,0.0,31.843179727462815,0,0,0,0
34,10.084198263999951,nan,nan,nan,nan,nan,nan,nan,,READY,0.0,0.0,31.71247793087753,0,0,0,0
35,10.12307606000013,nan,nan,nan,nan,nan,nan,nan,,READY,0.0,0.0,25.721622696806104,0,0,0,0
36,10.153429781999876,nan,nan,nan,nan,nan,nan,nan,,READY,0.0,0.0,32.944888933501964,0,0,0,0
37,10.18529738799998,nan,nan,nan,nan,nan,nan,nan,,READY,0.0,0.0,31.379828155170983,0,0,0,0
38,10.220722407999801,nan,nan,nan,nan,nan,nan,nan,,READY,0.0,0.0,28.228636144879154,0,0,0,0
39,10.252812621999965,nan,nan,nan,nan,nan,nan,nan,,READY,0.0,0.0,31.16214806155246,0,0,0,0
40,10.36106730399979,nan,nan,nan,nan,nan,nan,nan,,READY,0.0,0.0,9.237475751872086,0,0,0,0
41,10.388916237000103,nan,nan,nan,nan,nan,nan,nan,,READY,0.0,0.0,35.90801845042771,0,0,0,0
42,10.420160965999912,nan,nan,nan,nan,nan,nan,nan,,READY,0.0,0.0,32.00539841475702,0,0,0,0
43,10.451931017999868,nan,nan,nan,nan,nan,nan,nan,,READY,0.0,0.0,31.476183923192156,0,0,0,0
44,10.487527343000238,nan,nan,nan,nan,nan,nan,nan,,READY,0.0,0.0,28.092787668098165,0,0,0,0
45,10.519975638000233,nan,nan,nan,nan,nan,nan,nan,,READY,0.0,0.0,30.818260250659204,0,0,0,0
46,10.552562997000223,nan,nan,nan,nan,nan,nan,nan,,READY,0.0,0.0,30.686745740896146,0,0,0,0
47,10.588070102000074,nan,nan,nan,nan,nan,nan,nan,,READY,0.0,0.0,28.16337744246353,0,0,0,0
48,10.620291361,nan,nan,nan,nan,nan,nan,nan,,READY,0.0,0.0,31.03541050342934,0,0,0,0
49,10.653181904000121,nan,nan,nan,nan,nan,nan,nan,,READY,0.0,0.0,30.403876275204976,0,0,0,0
50,10.688003266000123,nan,nan,nan,nan,nan,nan,nan,,READY,0.0,0.0,28.718003620878783,0,0,0,0
51,10.720062176999818,nan,nan,nan,nan,nan,nan,nan,,READY,0.0,0.0,31.19257544367398,0,0,0,0
52,10.752000565999879,nan,nan,nan,nan,nan,nan,nan,,READY,0.0,0.0,31.310283057736402,0,0,0,0
53,10.78877576900004,nan,nan,nan,nan,nan,nan,nan,,READY,0.0,0.0,27.192236029142208,0,0,0,0
54,10.820426494999992,nan,nan,nan,nan,nan,nan,nan,,READY,0.0,0.0,31.59485188432957,0,0,0,0
55,10.855908027000169,nan,nan,nan,nan,nan,nan,nan,,READY,0.0,0.0,28.183675947110547,0,0,0,0
56,10.887855425999987,nan,nan,nan,nan,nan,nan,nan,,READY,0.0,0.0,31.30145274129125,0,0,0,0
57,10.919671729000129,nan,nan,nan,nan,nan,nan,nan,,READY,0.0,0.0,31.430427350266086,0,0,0,0
58,10.960068304999822,nan,nan,nan,nan,nan,nan,nan,,READY,0.0,0.0,24.7545732590699,0,0,0,0
59,10.987658118000127,nan,nan,nan,nan,nan,nan,nan,,READY,0.0,0.0,36.24526197364844,0,0,0,0
60,11.01978135399986,nan,nan,nan,nan,nan,nan,nan,,READY,0.0,0.0,31.13011403982726,0,0,0,0
61,11.05607659899988,nan,nan,nan,nan,nan,nan,nan,,READY,0.0,0.0,27.551818426889444,0,0,0,0
62,11.087678209999922,nan,nan,nan,nan,nan,nan,nan,,READY,0.0,0.0,31.643956379270495,0,0,0,0
63,11.120594430999972,nan,nan,nan,nan,nan,nan,nan,,READY,0.0,0.0,30.38015815966444,0,0,0,0
64,11.156031273999815,nan,nan,nan,nan,nan,nan,nan,,READY,0.0,0.0,28.219218060830887,0,0,0,0
65,11.18758704999982,nan,nan,nan,nan,nan,nan,nan,,READY,0.0,0.0,31.689919461966365,0,0,0,0
66,11.220624679000139,nan,nan,nan,nan,nan,nan,nan,,READY,0.0,0.0,30.26851593951713,0,0,0,0
67,11.2559151129999,nan,nan,nan,nan,nan,nan,nan,,READY,0.0,0.0,28.33629079219426,0,0,0,0
68,11.28998916899991,nan,nan,nan,nan,nan,nan,nan,,READY,0.0,0.0,29.34784165406515,0,0,0,0
69,11.322443400999873,nan,nan,nan,nan,nan,nan,nan,,READY,0.0,0.0,30.812622526427973,0,0,0,0
70,11.363803225000083,nan,nan,nan,nan,nan,nan,nan,,READY,0.0,0.0,24.17805259507191,0,0,0,0
71,11.388829029000135,nan,nan,nan,nan,nan,nan,nan,,READY,0.0,0.0,39.95875617014875,0,0,0,0
72,11.420016048999969,nan,nan,nan,nan,nan,nan,nan,,READY,0.0,0.0,32.06462175627319,0,0,0,0
73,11.457339230999878,nan,nan,nan,nan,nan,nan,nan,,READY,0.0,0.0,26.792999589435716,0,0,0,0
74,11.488027491000139,nan,nan,nan,nan,nan,nan,nan,,READY,0.0,0.0,32.585751032854176,0,0,0,0
75,11.523863144000188,nan,nan,nan,nan,nan,nan,nan,,READY,0.0,0.0,27.905170306192744,0,0,0,0
76,11.555921899000168,nan,nan,nan,nan,nan,nan,nan,,READY,0.0,0.0,31.192727228509764,0,0,0,0
77,11.59156775700012,nan,nan,nan,nan,nan,nan,nan,,READY,0.0,0.0,28.053750312345706,0,0,0,0
78,11.623607448999792,nan,nan,nan,nan,nan,nan,nan,,READY,0.0,0.0,31.21128630107515,0,0,0,0
79,11.657286810000187,nan,nan,nan,nan,nan,nan,nan,,READY,0.0,0.0,29.691774733738782,0,0,0,0
80,11.687966735999908,nan,nan,nan,nan,nan,nan,nan,,READY,0.0,0.0,32.594602738256526,0,0,0,0
81,11.723878900999807,nan,nan,nan,nan,nan,nan,nan,,READY,0.0,0.0,27.84571746099945,0,0,0,0
82,11.755686297000011,nan,nan,nan,nan,nan,nan,nan,,READY,0.0,0.0,31.43922878797089,0,0,0,0
83,11.787717499999872,nan,nan,nan,nan,nan,nan,nan,,READY,0.0,0.0,31.219558004248494,0,0,0,0
84,11.823975661000077,nan,nan,nan,nan,nan,nan,nan,,READY,0.0,0.0,27.579997782963623,0,0,0,0
85,11.856508644999849,nan,nan,nan,nan,nan,nan,nan,,READY,0.0,0.0,30.73803497419741,0,0,0,0
86,11.887838531999932,nan,nan,nan,nan,nan,nan,nan,,READY,0.0,0.0,31.918404301851883,0,0,0,0
87,11.924000127999989,nan,nan,nan,nan,nan,nan,nan,,READY,0.0,0.0,27.653646702939852,0,0,0,0
88,11.955968465999831,nan,nan,nan,nan,nan,nan,nan,,READY,0.0,0.0,31.280950545659646,0,0,0,0
89,11.987917063000168,nan,nan,nan,nan,nan,nan,nan,,READY,0.0,0.0,31.30027900722685,0,0,0,0
90,12.024408874000073,nan,nan,nan,nan,nan,nan,nan,,READY,0.0,0.0,27.403408397642846,0,0,0,0
91,12.056891180000093,nan,nan,nan,nan,nan,nan,nan,,READY,0.0,0.0,30.78599161030586,0,0,0,0
92,12.093038297000021,nan,nan,nan,nan,nan,nan,nan,,READY,0.0,0.0,27.664723579531966,0,0,0,0
93,12.12389333100009,nan,nan,nan,nan,nan,nan,nan,,READY,0.0,0.0,32.40962236495201,0,0,0,0
94,12.15631709299987,nan,nan,nan,nan,nan,nan,nan,,READY,0.0,0.0,30.841578469727768,0,0,0,0
95,12.192664423000224,nan,nan,nan,nan,nan,nan,nan,,READY,0.0,0.0,27.5123372195503,0,0,0,0
96,12.223869515999922,nan,nan,nan,nan,nan,nan,nan,,READY,0.0,0.0,32.04605094462179,0,0,0,0
97,12.256171817999984,nan,nan,nan,nan,nan,nan,nan,,READY,0.0,0.0,30.957545997746035,0,0,0,0
98,12.292477687999963,nan,nan,nan,nan,nan,nan,nan,,READY,0.0,0.0,27.543755321125683,0,0,0,0
99,12.324281855000208,nan,nan,nan,nan,nan,nan,nan,,READY,0.0,0.0,31.442420736637168,0,0,0,0
100,12.355888466000124,nan,nan,nan,nan,nan,nan,nan,,READY,0.0,0.0,31.638950471553915,0,0,0,0
101,12.393067166000037,nan,nan,nan,nan,nan,nan,nan,,READY,0.0,0.0,26.897121201180727,0,0,0,0
102,12.42383735500016,nan,nan,nan,nan,nan,nan,nan,,READY,0.0,0.0,32.498987900139795,0,0,0,0
103,12.456096791000164,nan,nan,nan,nan,nan,nan,nan,,READY,0.0,0.0,30.998682060029772,0,0,0,0
104,12.492298076000225,nan,nan,nan,nan,nan,nan,nan,,READY,0.0,0.0,27.623328840352325,0,0,0,0
105,12.524729912000112,nan,nan,nan,nan,nan,nan,nan,,READY,0.0,0.0,30.833900368868576,0,0,0,0
106,12.555924276000042,nan,nan,nan,nan,nan,nan,nan,,READY,0.0,0.0,32.05707287387704,0,0,0,0
107,12.599961756000084,nan,nan,nan,nan,nan,nan,nan,,READY,0.0,0.0,22.707929699860898,0,0,0,0
108,12.625274598000033,nan,nan,nan,nan,nan,nan,nan,,READY,0.0,0.0,39.505639074507606,0,0,0,0
109,12.659813142000075,nan,nan,nan,nan,nan,nan,nan,,READY,0.0,0.0,28.953160272151667,0,0,0,0
110,12.693878291000146,nan,nan,nan,nan,nan,nan,nan,,READY,0.0,0.0,29.355515221668835,0,0,0,0
111,12.724055082000177,nan,nan,nan,nan,nan,nan,nan,,READY,0.0,0.0,33.13804970180493,0,0,0,0
112,12.759631979999995,nan,nan,nan,nan,nan,nan,nan,,READY,0.0,0.0,28.108127920684126,0,0,0,0
113,12.79188152000006,nan,nan,nan,nan,nan,nan,nan,,READY,0.0,0.0,31.008194225342365,0,0,0,0
114,12.823811523000131,nan,nan,nan,nan,nan,nan,nan,,READY,0.0,0.0,31.31850629634436,0,0,0,0
115,12.860181510000075,nan,nan,nan,nan,nan,nan,nan,,READY,0.0,0.0,27.495198169896224,0,0,0,0
116,12.892072969999845,nan,nan,nan,nan,nan,nan,nan,,READY,0.0,0.0,31.35635684309281,0,0,0,0
117,12.924289957999918,nan,nan,nan,nan,nan,nan,nan,,READY,0.0,0.0,31.039524861782162,0,0,0,0
118,12.959852845000114,nan,nan,nan,nan,nan,nan,nan,,READY,0.0,0.0,28.119201908283618,0,0,0,0
119,12.99184040099999,nan,nan,nan,nan,nan,nan,nan,,READY,0.0,0.0,31.26215707145196,0,0,0,0
120,13.024083899999823,nan,nan,nan,nan,nan,nan,nan,,READY,0.0,0.0,31.014003784303473,0,0,0,0
121,13.062633929000185,nan,nan,nan,nan,nan,nan,nan,,READY,0.0,0.0,25.940317710023262,0,0,0,0
122,13.092460243999994,nan,nan,nan,nan,nan,nan,nan,,READY,0.0,0.0,33.52744045003197,0,0,0,0
123,13.130030513999827,nan,nan,nan,nan,nan,nan,nan,,READY,0.0,0.0,26.616790350573734,0,0,0,0
124,13.161463163999997,nan,nan,nan,nan,nan,nan,nan,,READY,0.0,0.0,31.81405322155776,0,0,0,0
125,13.19256710899981,nan,nan,nan,nan,nan,nan,nan,,READY,0.0,0.0,32.15026261157546,0,0,0,0
126,13.23032805999992,nan,nan,nan,nan,nan,nan,nan,,READY,0.0,0.0,26.48238387844375,0,0,0,0
127,13.259996715999932,nan,nan,nan,nan,nan,nan,nan,,READY,0.0,0.0,33.70560499941678,0,0,0,0
128,13.293676129000232,nan,nan,nan,nan,nan,nan,nan,,READY,0.0,0.0,29.691728890616155,0,0,0,0
129,13.328345977000026,nan,nan,nan,nan,nan,nan,nan,,READY,0.0,0.0,28.843506899884353,0,0,0,0
130,13.366868558000078,nan,nan,nan,nan,nan,nan,nan,,READY,0.0,0.0,25.958800631729474,0,0,0,0
131,13.392668647999926,nan,nan,nan,nan,nan,nan,nan,,READY,0.0,0.0,38.7595547149602,0,0,0,0
132,13.427750224000192,nan,nan,nan,nan,nan,nan,nan,,READY,0.0,0.0,28.5049907675874,0,0,0,0
133,13.459770436999861,nan,nan,nan,nan,nan,nan,nan,,READY,0.0,0.0,31.23027320306538,0,0,0,0
134,13.491812577000019,nan,nan,nan,nan,nan,nan,nan,,READY,0.0,0.0,31.20890177731808,0,0,0,0
135,13.527705261999927,nan,nan,nan,nan,nan,nan,nan,,READY,0.0,0.0,27.86083013858018,0,0,0,0
136,13.559681516000182,nan,nan,nan,nan,nan,nan,nan,,READY,0.0,0.0,31.27320667367737,0,0,0,0
137,13.592256115000055,nan,nan,nan,nan,nan,nan,nan,,READY,0.0,0.0,30.69876623819442,0,0,0,0
138,13.628812199000095,nan,nan,nan,nan,nan,nan,nan,,READY,0.0,0.0,27.35522765509867,0,0,0,0
139,13.660199535000174,nan,nan,nan,nan,nan,nan,nan,,READY,0.0,0.0,31.859983274702167,0,0,0,0
140,13.693743370999982,nan,nan,nan,nan,nan,nan,nan,,READY,0.0,0.0,29.811736499240162,0,0,0,0
141,13.728556712000227,nan,nan,nan,nan,nan,nan,nan,,READY,0.0,0.0,28.724620253855306,0,0,0,0
142,13.767188982999869,nan,nan,nan,nan,nan,nan,nan,,READY,0.0,0.0,25.885094873383583,0,0,0,0
143,13.79605142499986,nan,nan,nan,nan,nan,nan,nan,,READY,0.0,0.0,34.6471029721022,0,0,0,0
144,13.838798828000108,nan,nan,nan,nan,nan,nan,nan,,READY,0.0,0.0,23.393233970124093,0,0,0,0
145,13.860316439000144,nan,nan,nan,nan,nan,nan,nan,,READY,0.0,0.0,46.473560656819274,0,0,0,0
146,13.895942088000083,nan,nan,nan,nan,nan,nan,nan,,READY,0.0,0.0,28.06966407830762,0,0,0,0
147,13.927768181999909,nan,nan,nan,nan,nan,nan,nan,,READY,0.0,0.0,31.420758073720464,0,0,0,0
148,13.959903605999898,nan,nan,nan,nan,nan,nan,nan,,READY,0.0,0.0,31.118307323417852,0,0,0,0
149,13.995672433999971,nan,nan,nan,nan,nan,nan,nan,,READY,0.0,0.0,27.957304052510747,0,0,0,0
150,14.027805201999854,nan,nan,nan,nan,nan,nan,nan,,READY,0.0,0.0,31.12087947118776,0,0,0,0
151,14.059844842000075,nan,nan,nan,nan,nan,nan,nan,,READY,0.0,0.0,31.21133695613007,0,0,0,0
152,14.095889874000022,nan,nan,nan,nan,nan,nan,nan,,READY,0.0,0.0,27.743074274464888,0,0,0,0
153,14.128311918000236,nan,nan,nan,nan,nan,nan,nan,,READY,0.0,0.0,30.843212722597332,0,0,0,0
154,14.160027281000112,nan,nan,nan,nan,nan,nan,nan,,READY,0.0,0.0,31.530460490202202,0,0,0,0
155,14.196298567000213,nan,nan,nan,nan,nan,nan,nan,,READY,0.0,0.0,27.570017782033222,0,0,0,0
156,14.229041137999957,nan,nan,nan,nan,nan,nan,nan,,READY,0.0,0.0,30.541279119706648,0,0,0,0
157,14.26250825399984,nan,nan,nan,nan,nan,nan,nan,,READY,0.0,0.0,29.88007690903167,0,0,0,0
158,14.299418615999912,nan,nan,nan,nan,nan,nan,nan,,READY,0.0,0.0,27.092663030453714,0,0,0,0
159,14.330284119000225,nan,nan,nan,nan,nan,nan,nan,,READY,0.0,0.0,32.39862962835352,0,0,0,0
160,14.372733078000238,nan,nan,nan,nan,nan,nan,nan,,READY,0.0,0.0,23.557703735437062,0,0,0,0
161,14.396349897000164,nan,nan,nan,nan,nan,nan,nan,,READY,0.0,0.0,42.34270500202105,0,0,0,0
162,14.42957909200004,nan,nan,nan,nan,nan,nan,nan,,READY,0.0,0.0,30.09401822715614,0,0,0,0
163,14.464591708000171,nan,nan,nan,nan,nan,nan,nan,,READY,0.0,0.0,28.56113350674111,0,0,0,0
164,14.496183838999968,nan,nan,nan,nan,nan,nan,nan,,READY,0.0,0.0,31.65345193100172,0,0,0,0
165,14.52798977700013,nan,nan,nan,nan,nan,nan,nan,,READY,0.0,0.0,31.4406699778804,0,0,0,0
166,14.563711625999986,nan,nan,nan,nan,nan,nan,nan,,READY,0.0,0.0,27.994071639573722,0,0,0,0
167,14.595717410999896,nan,nan,nan,nan,nan,nan,nan,,READY,0.0,0.0,31.244351607148655,0,0,0,0
168,14.62773366600004,nan,nan,nan,nan,nan,nan,nan,,READY,0.0,0.0,31.23413403583578,0,0,0,0
169,14.663997711999855,nan,nan,nan,nan,nan,nan,nan,,READY,0.0,0.0,27.57552204751532,0,0,0,0
170,14.695976206000068,nan,nan,nan,nan,nan,nan,nan,,READY,0.0,0.0,31.27101607703345,0,0,0,0
171,14.728114338000069,nan,nan,nan,nan,nan,nan,nan,,READY,0.0,0.0,31.11568525513551,0,0,0,0
172,14.763776288999907,nan,nan,nan,nan,nan,nan,nan,,READY,0.0,0.0,28.04109062918454,0,0,0,0
173,14.796049372000198,nan,nan,nan,nan,nan,nan,nan,,READY,0.0,0.0,30.985573953098335,0,0,0,0
174,14.828422977000173,nan,nan,nan,nan,nan,nan,nan,,READY,0.0,0.0,30.88936187368585,0,0,0,0
175,14.863944144000016,nan,nan,nan,nan,nan,nan,nan,,READY,0.0,0.0,28.152228219428515,0,0,0,0
176,14.89602373300022,nan,nan,nan,nan,nan,nan,nan,,READY,0.0,0.0,31.17246919820646,0,0,0,0
177,14.928198377000172,nan,nan,nan,nan,nan,nan,nan,,READY,0.0,0.0,31.08037496860904,0,0,0,0
178,14.965027903000191,nan,nan,nan,nan,nan,nan,nan,,READY,0.0,0.0,27.152127887811247,0,0,0,0
179,15.001790552999864,nan,nan,nan,nan,nan,nan,nan,,READY,0.0,0.0,27.201521109302256,0,0,0,0
180,15.032968561999951,nan,nan,nan,nan,nan,nan,nan,,READY,0.0,0.0,32.07388900289375,0,0,0,0
181,15.066240100999948,nan,nan,nan,nan,nan,nan,nan,,READY,0.0,0.0,30.05571819205817,0,0,0,0
182,15.096998675000123,nan,nan,nan,nan,nan,nan,nan,,READY,0.0,0.0,32.51126011219958,0,0,0,0
183,15.132701147999796,nan,nan,nan,nan,nan,nan,nan,,READY,0.0,0.0,28.009264232456317,0,0,0,0
184,15.163861603999976,nan,nan,nan,nan,nan,nan,nan,,READY,0.0,0.0,32.091956548846184,0,0,0,0
185,15.195904057000007,nan,nan,nan,nan,nan,nan,nan,,READY,0.0,0.0,31.20859691981242,0,0,0,0
186,15.231784189999871,nan,nan,nan,nan,nan,nan,nan,,READY,0.0,0.0,27.87057673403235,0,0,0,0
187,15.26538458999994,nan,nan,nan,nan,nan,nan,nan,,READY,0.0,0.0,29.761550457671994,0,0,0,0
188,15.29668760200002,nan,nan,nan,nan,nan,nan,nan,,READY,0.0,0.0,31.945807642965264,0,0,0,0
189,15.33175157200003,nan,nan,nan,nan,nan,nan,nan,,READY,0.0,0.0,28.519303433116967,0,0,0,0
190,15.364212575000238,nan,nan,nan,nan,nan,nan,nan,,READY,0.0,0.0,30.80619535981686,0,0,0,0
191,15.39591819899988,nan,nan,nan,nan,nan,nan,nan,,READY,0.0,0.0,31.540145685550826,0,0,0,0
192,15.43170187099986,nan,nan,nan,nan,nan,nan,nan,,READY,0.0,0.0,27.945706634036082,0,0,0,0
193,15.464351054999952,nan,nan,nan,nan,nan,nan,nan,,READY,0.0,0.0,30.628636844251986,0,0,0,0
194,15.496758307000164,nan,nan,nan,nan,nan,nan,nan,,READY,0.0,0.0,30.857290830875197,0,0,0,0
195,15.53272026400009,nan,nan,nan,nan,nan,nan,nan,,READY,0.0,0.0,27.807162997331773,0,0,0,0
196,15.564099838999937,nan,nan,nan,nan,nan,nan,nan,,READY,0.0,0.0,31.867863092629534,0,0,0,0
197,15.6001039329999,nan,nan,nan,nan,nan,nan,nan,,READY,0.0,0.0,27.774619186390673,0,0,0,0
198,15.633476359999804,nan,nan,nan,nan,nan,nan,nan,,READY,0.0,0.0,29.964856916246504,0,0,0,0
199,15.664024044000143,nan,nan,nan,nan,nan,nan,nan,,READY,0.0,0.0,32.73570592091011,0,0,0,0
200,15.702535946999888,nan,nan,nan,nan,nan,nan,nan,,READY,0.0,0.0,25.96599809691684,0,0,0,0
201,15.732235489000232,nan,nan,nan,nan,nan,nan,nan,,READY,0.0,0.0,33.6705528990452,0,0,0,0
202,15.764076739999837,nan,nan,nan,nan,nan,nan,nan,,READY,0.0,0.0,31.405801236025617,0,0,0,0
203,15.799948122999922,nan,nan,nan,nan,nan,nan,nan,,READY,0.0,0.0,27.877375120932058,0,0,0,0
204,15.83188250100011,nan,nan,nan,nan,nan,nan,nan,,READY,0.0,0.0,31.31421567046446,0,0,0,0
205,15.863984851000168,nan,nan,nan,nan,nan,nan,nan,,READY,0.0,0.0,31.150367496403064,0,0,0,0
206,15.900038111999947,nan,nan,nan,nan,nan,nan,nan,,READY,0.0,0.0,27.736742038567037,0,0,0,0
207,15.931875873000081,nan,nan,nan,nan,nan,nan,nan,,READY,0.0,0.0,31.409243884826193,0,0,0,0
208,15.96416916499993,nan,nan,nan,nan,nan,nan,nan,,READY,0.0,0.0,30.966183317720166,0,0,0,0
209,16.000272687000233,nan,nan,nan,nan,nan,nan,nan,,READY,0.0,0.0,27.698128730809195,0,0,0,0
210,16.032057322000128,nan,nan,nan,nan,nan,nan,nan,,READY,0.0,0.0,31.46174244263997,0,0,0,0
211,16.064484366000215,nan,nan,nan,nan,nan,nan,nan,,READY,0.0,0.0,30.838456937280707,0,0,0,0
212,16.105176519999986,nan,nan,nan,nan,nan,nan,nan,,READY,0.0,0.0,24.574762004626862,0,0,0,0
213,16.131965015999867,nan,nan,nan,nan,nan,nan,nan,,READY,0.0,0.0,37.329456644540365,0,0,0,0
214,16.16802395400009,nan,nan,nan,nan,nan,nan,nan,,READY,0.0,0.0,27.732375257246673,0,0,0,0
215,16.20187284900021,nan,nan,nan,nan,nan,nan,nan,,READY,0.0,0.0,29.54306189305375,0,0,0,0
216,16.23398280299989,nan,nan,nan,nan,nan,nan,nan,,READY,0.0,0.0,31.142990737700337,0,0,0,0
217,16.267872532000183,nan,nan,nan,nan,nan,nan,nan,,READY,0.0,0.0,29.507465226155848,0,0,0,0
218,16.303370417000224,nan,nan,nan,nan,nan,nan,nan,,READY,0.0,0.0,28.170692422910648,0,0,0,0
219,16.332121607999852,nan,nan,nan,nan,nan,nan,nan,,READY,0.0,0.0,34.7811678484181,0,0,0,0
220,16.375818248000087,nan,nan,nan,nan,nan,nan,nan,,READY,0.0,0.0,22.885054777544163,0,0,0,0
221,16.39994148300002,nan,nan,nan,nan,nan,nan,nan,,READY,0.0,0.0,41.453809988699746,0,0,0,0
222,16.433478497000124,nan,nan,nan,nan,nan,nan,nan,,READY,0.0,0.0,29.8178007140684,0,0,0,0
223,16.467723128000216,nan,nan,nan,nan,nan,nan,nan,,READY,0.0,0.0,29.201657918209236,0,0,0,0
224,16.499838656000065,nan,nan,nan,nan,nan,nan,nan,,READY,0.0,0.0,31.137585531979816,0,0,0,0
225,16.532037100999787,nan,nan,nan,nan,nan,nan,nan,,READY,0.0,0.0,31.057400443053808,0,0,0,0
226,16.567925462999938,nan,nan,nan,nan,nan,nan,nan,,READY,0.0,0.0,27.864186166975294,0,0,0,0
227,16.60037729900023,nan,nan,nan,nan,nan,nan,nan,,READY,0.0,0.0,30.81489749889732,0,0,0,0
228,16.63191354399987,nan,nan,nan,nan,nan,nan,nan,,READY,0.0,0.0,31.709545635865226,0,0,0,0
229,16.672053760999916,nan,nan,nan,nan,nan,nan,nan,,READY,0.0,0.0,24.912670501978337,0,0,0,0
230,16.70068000099991,nan,nan,nan,nan,nan,nan,nan,,READY,0.0,0.0,34.93298456242261,0,0,0,0
231,16.73733275199993,nan,nan,nan,nan,nan,nan,nan,,READY,0.0,0.0,27.28308169827319,0,0,0,0
232,16.76989245499999,nan,nan,nan,nan,nan,nan,nan,,READY,0.0,0.0,30.712810863112956,0,0,0,0
233,16.80011096599992,nan,nan,nan,nan,nan,nan,nan,,READY,0.0,0.0,33.09229895550831,0,0,0,0
234,16.836519338000016,nan,nan,nan,nan,nan,nan,nan,,READY,0.0,0.0,27.466210244098683,0,0,0,0
235,16.867990009000096,nan,nan,nan,nan,nan,nan,nan,,READY,0.0,0.0,31.775617367595515,0,0,0,0
236,16.901837392999823,nan,nan,nan,nan,nan,nan,nan,,READY,0.0,0.0,29.544380741744867,0,0,0,0
237,16.935915303,nan,nan,nan,nan,nan,nan,nan,,READY,0.0,0.0,29.34452259527564,0,0,0,0
238,16.967946402000052,nan,nan,nan,nan,nan,nan,nan,,READY,0.0,0.0,31.21965936911549,0,0,0,0
239,16.999974895999912,nan,nan,nan,nan,nan,nan,nan,,READY,0.0,0.0,31.222198583685163,0,0,0,0
240,17.036636084999827,nan,nan,nan,nan,nan,nan,nan,,READY,0.0,0.0,27.276802179065214,0,0,0,0
241,17.06773846799979,nan,nan,nan,nan,nan,nan,nan,,READY,0.0,0.0,32.15187723722794,0,0,0,0
242,17.09974513899988,nan,nan,nan,nan,nan,nan,nan,,READY,0.0,0.0,31.243486709292068,0,0,0,0
243,17.135553082000115,nan,nan,nan,nan,nan,nan,nan,,READY,0.0,0.0,27.926764740253354,0,0,0,0
244,17.168905040000027,nan,nan,nan,nan,nan,nan,nan,,READY,0.0,0.0,29.983247160560687,0,0,0,0
245,17.20002804800015,nan,nan,nan,nan,nan,nan,nan,,READY,0.0,0.0,32.130570412604996,0,0,0,0
246,17.23736331300006,nan,nan,nan,nan,nan,nan,nan,,READY,0.0,0.0,26.78432843592767,0,0,0,0
247,17.268072615000165,nan,nan,nan,nan,nan,nan,nan,,READY,0.0,0.0,32.56342329098158,0,0,0,0
248,17.306567643000108,nan,nan,nan,nan,nan,nan,nan,,READY,0.0,0.0,25.97738076723782,0,0,0,0
249,17.336699901999964,nan,nan,nan,nan,nan,nan,nan,,READY,0.0,0.0,33.18702391363256,0,0,0,0
250,17.375198575000013,nan,nan,nan,nan,nan,nan,nan,,READY,0.0,0.0,25.974921265434862,0,0,0,0
251,17.406123193999974,nan,nan,nan,nan,nan,nan,nan,,READY,0.0,0.0,32.33669588625339,0,0,0,0
252,17.436068261999935,nan,nan,nan,nan,nan,nan,nan,,READY,0.0,0.0,33.39448085411949,0,0,0,0
253,17.469120266000118,nan,nan,nan,nan,nan,nan,nan,,READY,0.0,0.0,30.25535153615694,0,0,0,0
254,17.503742768999928,nan,nan,nan,nan,nan,nan,nan,,READY,0.0,0.0,28.882949335162216,0,0,0,0
255,17.535802774999866,nan,nan,nan,nan,nan,nan,nan,,READY,0.0,0.0,31.191510070270677,0,0,0,0
256,17.567943459000162,nan,nan,nan,nan,nan,nan,nan,,READY,0.0,0.0,31.113214640695766,0,0,0,0
257,17.603837757999827,nan,nan,nan,nan,nan,nan,nan,,READY,0.0,0.0,27.859577366571106,0,0,0,0
258,17.635880887999974,nan,nan,nan,nan,nan,nan,nan,,READY,0.0,0.0,31.207937551525124,0,0,0,0
259,17.668214544999955,nan,nan,nan,nan,nan,nan,nan,,READY,0.0,0.0,30.927525457469493,0,0,0,0
260,17.704203950000192,nan,nan,nan,nan,nan,nan,nan,,READY,0.0,0.0,27.785955338617637,0,0,0,0
261,17.73582509300013,nan,nan,nan,nan,nan,nan,nan,,READY,0.0,0.0,31.62441028782376,0,0,0,0
262,17.767924890999893,nan,nan,nan,nan,nan,nan,nan,,READY,0.0,0.0,31.15284401501184,0,0,0,0
263,17.803913255000225,nan,nan,nan,nan,nan,nan,nan,,READY,0.0,0.0,27.786759075538438,0,0,0,0
264,17.836311600000045,nan,nan,nan,nan,nan,nan,nan,,READY,0.0,0.0,30.865774162401518,0,0,0,0
265,17.86808774600013,nan,nan,nan,nan,nan,nan,nan,,READY,0.0,0.0,31.47014744951644,0,0,0,0
266,17.90519274600001,nan,nan,nan,nan,nan,nan,nan,,READY,0.0,0.0,26.95054574863628,0,0,0,0
267,17.93598928900019,nan,nan,nan,nan,nan,nan,nan,,READY,0.0,0.0,32.47117704068925,0,0,0,0
268,17.972414328000013,nan,nan,nan,nan,nan,nan,nan,,READY,0.0,0.0,27.453642534325112,0,0,0,0
269,18.003873853000187,nan,nan,nan,nan,nan,nan,nan,,READY,0.0,0.0,31.786875357924202,0,0,0,0
270,18.036220374000095,nan,nan,nan,nan,nan,nan,nan,,READY,0.0,0.0,30.91522578279215,0,0,0,0
271,18.07361449500013,nan,nan,nan,nan,nan,nan,nan,,READY,0.0,0.0,26.742171583578415,0,0,0,0
272,18.103858005999882,nan,nan,nan,nan,nan,nan,nan,,READY,0.0,0.0,33.064944080340425,0,0,0,0
273,18.135954783000216,nan,nan,nan,nan,nan,nan,nan,,READY,0.0,0.0,31.155776169975216,0,0,0,0
274,18.171676786999797,nan,nan,nan,nan,nan,nan,nan,,READY,0.0,0.0,27.993950171768965,0,0,0,0
275,18.203726688000188,nan,nan,nan,nan,nan,nan,nan,,READY,0.0,0.0,31.201344428108772,0,0,0,0
276,18.23592997800006,nan,nan,nan,nan,nan,nan,nan,,READY,0.0,0.0,31.052727842528725,0,0,0,0
277,18.271649377999893,nan,nan,nan,nan,nan,nan,nan,,READY,0.0,0.0,27.995990974222284,0,0,0,0
278,18.303911574999802,nan,nan,nan,nan,nan,nan,nan,,READY,0.0,0.0,30.996029191775705,0,0,0,0
279,18.335868349000066,nan,nan,nan,nan,nan,nan,nan,,READY,0.0,0.0,31.292269989196644,0,0,0,0
280,18.373099340999943,nan,nan,nan,nan,nan,nan,nan,,READY,0.0,0.0,26.859343420215705,0,0,0,0
281,18.40410880499985,nan,nan,nan,nan,nan,nan,nan,,READY,0.0,0.0,32.24821944690725,0,0,0,0
282,18.439114701000108,nan,nan,nan,nan,nan,nan,nan,,READY,0.0,0.0,28.566616320652294,0,0,0,0
283,18.47191888799989,nan,nan,nan,nan,nan,nan,nan,,READY,0.0,0.0,30.483913532336796,0,0,0,0
284,18.50574408400007,nan,nan,nan,nan,nan,nan,nan,,READY,0.0,0.0,29.56376069468105,0,0,0,0
285,18.539927516999796,nan,nan,nan,nan,nan,nan,nan,,READY,0.0,0.0,29.2539371340506,0,0,0,0
286,18.572435186999883,nan,nan,nan,nan,nan,nan,nan,,READY,0.0,0.0,30.76197094400624,0,0,0,0
287,18.609686335999868,nan,nan,nan,nan,nan,nan,nan,,READY,0.0,0.0,26.844809538637275,0,0,0,0
288,18.639878439999848,nan,nan,nan,nan,nan,nan,nan,,READY,0.0,0.0,33.12124256065994,0,0,0,0
289,18.672578145999978,nan,nan,nan,nan,nan,nan,nan,,READY,0.0,0.0,30.581314706499576,0,0,0,0
290,18.707310077999864,nan,nan,nan,nan,nan,nan,nan,,READY,0.0,0.0,28.79194857352831,0,0,0,0
291,18.740192547999868,nan,nan,nan,nan,nan,nan,nan,,READY,0.0,0.0,30.411340753899424,0,0,0,0
292,18.771981662000144,nan,nan,nan,nan,nan,nan,nan,,READY,0.0,0.0,31.457309568027792,0,0,0,0
293,18.80394192599988,nan,nan,nan,nan,nan,nan,nan,,READY,0.0,0.0,31.288852933388544,0,0,0,0
294,18.84000237500004,nan,nan,nan,nan,nan,nan,nan,,READY,0.0,0.0,27.73121321910181,0,0,0,0
295,18.871910137000214,nan,nan,nan,nan,nan,nan,nan,,READY,0.0,0.0,31.340336561196658,0,0,0,0
296,18.90396628899998,nan,nan,nan,nan,nan,nan,nan,,READY,0.0,0.0,31.195260117534737,0,0,0,0
297,18.940153614999872,nan,nan,nan,nan,nan,nan,nan,,READY,0.0,0.0,27.633984340347094,0,0,0,0
298,18.972484667000117,nan,nan,nan,nan,nan,nan,nan,,READY,0.0,0.0,30.93001737130047,0,0,0,0
299,19.0043631059998,nan,nan,nan,nan,nan,nan,nan,,READY,0.0,0.0,31.369164594600328,0,0,0,0
300,19.049158570000145,nan,nan,nan,nan,nan,nan,nan,,READY,0.0,0.0,22.323688844752436,0,0,0,0
301,19.072125897000205,nan,nan,nan,nan,nan,nan,nan,,READY,0.0,0.0,43.54011243874281,0,0,0,0
302,19.11016388400003,nan,nan,nan,nan,nan,nan,nan,,READY,0.0,0.0,26.28950895862598,0,0,0,0
303,19.140282497000044,nan,nan,nan,nan,nan,nan,nan,,READY,0.0,0.0,33.20206013469342,0,0,0,0
304,19.17204109000022,nan,nan,nan,nan,nan,nan,nan,,READY,0.0,0.0,31.48754102533539,0,0,0,0
305,19.209018640000068,nan,nan,nan,nan,nan,nan,nan,,READY,0.0,0.0,27.043435814545383,0,0,0,0
306,19.240178106999792,nan,nan,nan,nan,nan,nan,nan,,READY,0.0,0.0,32.092975146488584,0,0,0,0
307,19.27299588699998,nan,nan,nan,nan,nan,nan,nan,,READY,0.0,0.0,30.471287210600753,0,0,0,0
308,19.30788100000018,nan,nan,nan,nan,nan,nan,nan,,READY,0.0,0.0,28.66552274015155,0,0,0,0
309,19.34010121700021,nan,nan,nan,nan,nan,nan,nan,,READY,0.0,0.0,31.036414186752335,0,0,0,0
310,19.373184262999985,nan,nan,nan,nan,nan,nan,nan,,READY,0.0,0.0,30.226962777454823,0,0,0,0
311,19.407966925999972,nan,nan,nan,nan,nan,nan,nan,,READY,0.0,0.0,28.749955114143138,0,0,0,0
312,19.440026462999867,nan,nan,nan,nan,nan,nan,nan,,READY,0.0,0.0,31.19196637191796,0,0,0,0
313,19.472000111999932,nan,nan,nan,nan,nan,nan,nan,,READY,0.0,0.0,31.27575460648753,0,0,0,0
314,19.507845504000215,nan,nan,nan,nan,nan,nan,nan,,READY,0.0,0.0,27.89758862149155,0,0,0,0
315,19.5411966810002,nan,nan,nan,nan,nan,nan,nan,,READY,0.0,0.0,29.98394929211711,0,0,0,0
316,19.572373491000235,nan,nan,nan,nan,nan,nan,nan,,READY,0.0,0.0,32.075122502877065,0,0,0,0
317,19.60864847499988,nan,nan,nan,nan,nan,nan,nan,,READY,0.0,0.0,27.56720719738255,0,0,0,0
318,19.64099176799982,nan,nan,nan,nan,nan,nan,nan,,READY,0.0,0.0,30.918311255500758,0,0,0,0
319,19.676268033999804,nan,nan,nan,nan,nan,nan,nan,,READY,0.0,0.0,28.34767149109529,0,0,0,0
320,19.708338925000135,nan,nan,nan,nan,nan,nan,nan,,READY,0.0,0.0,31.180923535604183,0,0,0,0
321,19.740334606000033,nan,nan,nan,nan,nan,nan,nan,,READY,0.0,0.0,31.25421834288113,0,0,0,0
322,19.776133434999792,nan,nan,nan,nan,nan,nan,nan,,READY,0.0,0.0,27.93387459703568,0,0,0,0
323,19.80883366099988,nan,nan,nan,nan,nan,nan,nan,,READY,0.0,0.0,30.58082840153167,0,0,0,0
324,19.839999013000124,nan,nan,nan,nan,nan,nan,nan,,READY,0.0,0.0,32.086914981489045,0,0,0,0
325,19.87613430700003,nan,nan,nan,nan,nan,nan,nan,,READY,0.0,0.0,27.673775118658945,0,0,0,0
326,19.907968317999803,nan,nan,nan,nan,nan,nan,nan,,READY,0.0,0.0,31.412943848235663,0,0,0,0
327,19.944580236000093,nan,nan,nan,nan,nan,nan,nan,,READY,0.0,0.0,27.313510316287893,0,0,0,0
328,19.975797933000194,nan,nan,nan,nan,nan,nan,nan,,READY,0.0,0.0,32.0331125001545,0,0,0,0
329,20.008111224000004,nan,nan,nan,nan,nan,nan,nan,,READY,0.0,0.0,30.94701805538466,0,0,0,0
330,20.040489205000085,nan,nan,nan,nan,nan,nan,nan,,READY,0.0,0.0,30.885187065786564,0,0,0,0
331,20.076290325000173,nan,nan,nan,nan,nan,nan,nan,,READY,0.0,0.0,27.932087040784168,0,0,0,0
332,20.108136107000064,nan,nan,nan,nan,nan,nan,nan,,READY,0.0,0.0,31.401332835959778,0,0,0,0
333,20.14013913200006,nan,nan,nan,nan,nan,nan,nan,,READY,0.0,0.0,31.247046177671365,0,0,0,0
334,20.176122339999893,nan,nan,nan,nan,nan,nan,nan,,READY,0.0,0.0,27.790740614472448,0,0,0,0
335,20.20924611600003,nan,nan,nan,nan,nan,nan,nan,,READY,0.0,0.0,30.189794786554998,0,0,0,0
336,20.244280919000175,nan,nan,nan,nan,nan,nan,nan,,READY,0.0,0.0,28.54304618170352,0,0,0,0
337,20.279974173000028,nan,nan,nan,nan,nan,nan,nan,,READY,0.0,0.0,28.01649857993148,0,0,0,0
338,20.309666006000043,nan,nan,nan,nan,nan,nan,nan,,READY,0.0,0.0,33.679294909124806,0,0,0,0
339,20.345337019999988,nan,nan,nan,nan,nan,nan,nan,,READY,0.0,0.0,28.033966177735856,0,0,0,0
340,20.3832129729999,nan,nan,nan,nan,nan,nan,nan,,READY,0.0,0.0,26.401975945062972,0,0,0,0
341,20.419960934999835,nan,nan,nan,nan,nan,nan,nan,,READY,0.0,0.0,27.212393438355768,0,0,0,0
342,20.447952162000092,nan,nan,nan,nan,nan,nan,nan,,READY,0.0,0.0,35.725479272159866,0,0,0,0
343,20.476586891999887,nan,nan,nan,nan,nan,nan,nan,,READY,0.0,0.0,34.922627173617016,0,0,0,0
344,20.508160481000232,nan,nan,nan,nan,nan,nan,nan,,READY,0.0,0.0,31.67204083099535,0,0,0,0
345,20.543948736999937,nan,nan,nan,nan,nan,nan,nan,,READY,0.0,0.0,27.942127160603718,0,0,0,0
346,20.576015565000034,nan,nan,nan,nan,nan,nan,nan,,READY,0.0,0.0,31.184874288063842,0,0,0,0
347,20.60810624800024,nan,nan,nan,nan,nan,nan,nan,,READY,0.0,0.0,31.16169263189518,0,0,0,0
348,20.64425008399985,nan,nan,nan,nan,nan,nan,nan,,READY,0.0,0.0,27.667234878190285,0,0,0,0
349,20.676126334999935,nan,nan,nan,nan,nan,nan,nan,,READY,0.0,0.0,31.37131778756943,0,0,0,0
350,20.708256446000178,nan,nan,nan,nan,nan,nan,nan,,READY,0.0,0.0,31.123453012423706,0,0,0,0
351,20.743953918999978,nan,nan,nan,nan,nan,nan,nan,,READY,0.0,0.0,28.013187376193276,0,0,0,0
352,20.776226584000142,nan,nan,nan,nan,nan,nan,nan,,READY,0.0,0.0,30.985975282639796,0,0,0,0
353,20.812175416000173,nan,nan,nan,nan,nan,nan,nan,,READY,0.0,0.0,27.81731545545454,0,0,0,0
354,20.84456506300012,nan,nan,nan,nan,nan,nan,nan,,READY,0.0,0.0,30.874062937508572,0,0,0,0
355,20.87790009399987,nan,nan,nan,nan,nan,nan,nan,,READY,0.0,0.0,29.99847217803577,0,0,0,0
356,20.91268853800011,nan,nan,nan,nan,nan,nan,nan,,READY,0.0,0.0,28.745177565086028,0,0,0,0
357,20.945923358000073,nan,nan,nan,nan,nan,nan,nan,,READY,0.0,0.0,30.088924808413562,0,0,0,0
358,20.977569239999866,nan,nan,nan,nan,nan,nan,nan,,READY,0.0,0.0,31.599688073365446,0,0,0,0
359,21.013625001000037,nan,nan,nan,nan,nan,nan,nan,,READY,0.0,0.0,27.734818854475662,0,0,0,0
360,21.04518932000019,nan,nan,nan,nan,nan,nan,nan,,READY,0.0,0.0,31.681342467585893,0,0,0,0
361,21.076794941000117,nan,nan,nan,nan,nan,nan,nan,,READY,0.0,0.0,31.639941515540553,0,0,0,0
362,21.112556165000115,nan,nan,nan,nan,nan,nan,nan,,READY,0.0,0.0,27.96324868522551,0,0,0,0
363,21.144634191000023,nan,nan,nan,nan,nan,nan,nan,,READY,0.0,0.0,31.173988075290524,0,0,0,0
364,21.176596120999875,nan,nan,nan,nan,nan,nan,nan,,READY,0.0,0.0,31.287222017088016,0,0,0,0
365,21.211873690000175,nan,nan,nan,nan,nan,nan,nan,,READY,0.0,0.0,28.34662445112066,0,0,0,0
366,21.243801505000192,nan,nan,nan,nan,nan,nan,nan,,READY,0.0,0.0,31.320652540722204,0,0,0,0
367,21.275961095000184,nan,nan,nan,nan,nan,nan,nan,,READY,0.0,0.0,31.094923784794773,0,0,0,0
368,21.311910500000067,nan,nan,nan,nan,nan,nan,nan,,READY,0.0,0.0,27.816872073494828,0,0,0,0
369,21.344589476000237,nan,nan,nan,nan,nan,nan,nan,,READY,0.0,0.0,30.600714049142514,0,0,0,0
370,21.376914851000038,nan,nan,nan,nan,nan,nan,nan,,READY,0.0,0.0,30.93544931825784,0,0,0,0
371,21.411886319000132,nan,nan,nan,nan,nan,nan,nan,,READY,0.0,0.0,28.594739002586422,0,0,0,0
372,21.447354412000095,nan,nan,nan,nan,nan,nan,nan,,READY,0.0,0.0,28.194354852995335,0,0,0,0
373,21.479959689000225,nan,nan,nan,nan,nan,nan,nan,,READY,0.0,0.0,30.669882056086244,0,0,0,0
374,21.512150998999914,nan,nan,nan,nan,nan,nan,nan,,READY,0.0,0.0,31.064284119212843,0,0,0,0
375,21.54396292599995,nan,nan,nan,nan,nan,nan,nan,,READY,0.0,0.0,31.43475087186303,0,0,0,0
376,21.58014790800007,nan,nan,nan,nan,nan,nan,nan,,READY,0.0,0.0,27.63577442146063,0,0,0,0
377,21.612055878999854,nan,nan,nan,nan,nan,nan,nan,,READY,0.0,0.0,31.34013127963617,0,0,0,0
378,21.64471178099984,nan,nan,nan,nan,nan,nan,nan,,READY,0.0,0.0,30.62233589506659,0,0,0,0
379,21.680900200999986,nan,nan,nan,nan,nan,nan,nan,,READY,0.0,0.0,27.633148946431426,0,0,0,0
380,21.71243071700019,nan,nan,nan,nan,nan,nan,nan,,READY,0.0,0.0,31.715307164448998,0,0,0,0
381,21.744323218999853,nan,nan,nan,nan,nan,nan,nan,,READY,0.0,0.0,31.355332360268648,0,0,0,0
382,21.779881781999848,nan,nan,nan,nan,nan,nan,nan,,READY,0.0,0.0,28.1226212656608,0,0,0,0
383,21.812628780000068,nan,nan,nan,nan,nan,nan,nan,,READY,0.0,0.0,30.537150305907815,0,0,0,0
384,21.84395434399994,nan,nan,nan,nan,nan,nan,nan,,READY,0.0,0.0,31.92280911539538,0,0,0,0
385,21.87973296400014,nan,nan,nan,nan,nan,nan,nan,,READY,0.0,0.0,27.94965261361061,0,0,0,0
386,21.911960784999792,nan,nan,nan,nan,nan,nan,nan,,READY,0.0,0.0,31.02909129384901,0,0,0,0
387,21.94394641300005,nan,nan,nan,nan,nan,nan,nan,,READY,0.0,0.0,31.264041462370855,0,0,0,0
388,21.980517028000122,nan,nan,nan,nan,nan,nan,nan,,READY,0.0,0.0,27.34435830510358,0,0,0,0
389,22.012559481000153,nan,nan,nan,nan,nan,nan,nan,,READY,0.0,0.0,31.20859691981242,0,0,0,0
390,22.048440603000017,nan,nan,nan,nan,nan,nan,nan,,READY,0.0,0.0,27.869808530619053,0,0,0,0
391,22.08013877800022,nan,nan,nan,nan,nan,nan,nan,,READY,0.0,0.0,31.547557548459647,0,0,0,0
392,22.116517513999952,nan,nan,nan,nan,nan,nan,nan,,READY,0.0,0.0,27.488585639900585,0,0,0,0
393,22.14821558499989,nan,nan,nan,nan,nan,nan,nan,,READY,0.0,0.0,31.547661054894668,0,0,0,0
394,22.181422696000027,nan,nan,nan,nan,nan,nan,nan,,READY,0.0,0.0,30.114031901054133,0,0,0,0
395,22.213375824000195,nan,nan,nan,nan,nan,nan,nan,,READY,0.0,0.0,31.295840582328307,0,0,0,0
396,22.248770426000192,nan,nan,nan,nan,nan,nan,nan,,READY,0.0,0.0,28.252895738172,0,0,0,0
397,22.281655082999805,nan,nan,nan,nan,nan,nan,nan,,READY,0.0,0.0,30.409318242600683,0,0,0,0
398,22.31239672799984,nan,nan,nan,nan,nan,nan,nan,,READY,0.0,0.0,32.529163614987866,0,0,0,0
399,22.348704890000135,nan,nan,nan,nan,nan,nan,nan,,READY,0.0,0.0,27.5420165854678,0,0,0,0
400,22.380364157999793,nan,nan,nan,nan,nan,nan,nan,,READY,0.0,0.0,31.586327264762396,0,0,0,0
401,22.412179367000135,nan,nan,nan,nan,nan,nan,nan,,READY,0.0,0.0,31.431508118939004,0,0,0,0
402,22.44860800000015,nan,nan,nan,nan,nan,nan,nan,,READY,0.0,0.0,27.45093399468526,0,0,0,0
403,22.480016533999787,nan,nan,nan,nan,nan,nan,nan,,READY,0.0,0.0,31.838480586566703,0,0,0,0
404,22.512816552999993,nan,nan,nan,nan,nan,nan,nan,,READY,0.0,0.0,30.487787217249046,0,0,0,0
405,22.548690436000015,nan,nan,nan,nan,nan,nan,nan,,READY,0.0,0.0,27.87543238626791,0,0,0,0
406,22.581458684000154,nan,nan,nan,nan,nan,nan,nan,,READY,0.0,0.0,30.517347158620492,0,0,0,0
407,22.61594457000001,nan,nan,nan,nan,nan,nan,nan,,READY,0.0,0.0,28.997370112635515,0,0,0,0
408,22.647924989999865,nan,nan,nan,nan,nan,nan,nan,,READY,0.0,0.0,31.2691328007748,0,0,0,0
409,22.68011442499983,nan,nan,nan,nan,nan,nan,nan,,READY,0.0,0.0,31.06609358011792,0,0,0,0
410,22.71620029099995,nan,nan,nan,nan,nan,nan,nan,,READY,0.0,0.0,27.711680800362064,0,0,0,0
411,22.748375922999912,nan,nan,nan,nan,nan,nan,nan,,READY,0.0,0.0,31.079420600073206,0,0,0,0
412,22.78024670600007,nan,nan,nan,nan,nan,nan,nan,,READY,0.0,0.0,31.376700095351442,0,0,0,0
413,22.816369758999826,nan,nan,nan,nan,nan,nan,nan,,READY,0.0,0.0,27.683152916415057,0,0,0,0
414,22.848860346000038,nan,nan,nan,nan,nan,nan,nan,,READY,0.0,0.0,30.77814506686194,0,0,0,0
415,22.881786879000174,nan,nan,nan,nan,nan,nan,nan,,READY,0.0,0.0,30.370643638547115,0,0,0,0
416,22.915847808999843,nan,nan,nan,nan,nan,nan,nan,,READY,0.0,0.0,29.359151379886868,0,0,0,0
417,22.94807463999996,nan,nan,nan,nan,nan,nan,nan,,READY,0.0,0.0,31.030044499143873,0,0,0,0
418,22.979981465000037,nan,nan,nan,nan,nan,nan,nan,,READY,0.0,0.0,31.34125692536151,0,0,0,0
419,23.01588013899982,nan,nan,nan,nan,nan,nan,nan,,READY,0.0,0.0,27.856182097591674,0,0,0,0
420,23.048267702999965,nan,nan,nan,nan,nan,nan,nan,,READY,0.0,0.0,30.876048596785157,0,0,0,0
421,23.080044786000144,nan,nan,nan,nan,nan,nan,nan,,READY,0.0,0.0,31.469219499925885,0,0,0,0
422,23.116658057000222,nan,nan,nan,nan,nan,nan,nan,,READY,0.0,0.0,27.312500978070467,0,0,0,0
423,23.148039402999984,nan,nan,nan,nan,nan,nan,nan,,READY,0.0,0.0,31.866064636220173,0,0,0,0
424,23.184254125999814,nan,nan,nan,nan,nan,nan,nan,,READY,0.0,0.0,27.613078802361542,0,0,0,0
425,23.21648616499988,nan,nan,nan,nan,nan,nan,nan,,READY,0.0,0.0,31.025030715494328,0,0,0,0
426,23.24946462600019,nan,nan,nan,nan,nan,nan,nan,,READY,0.0,0.0,30.322821916721637,0,0,0,0
427,23.284643598999992,nan,nan,nan,nan,nan,nan,nan,,READY,0.0,0.0,28.426071449147617,0,0,0,0
428,23.318017901000076,nan,nan,nan,nan,nan,nan,nan,,READY,0.0,0.0,29.963173461949488,0,0,0,0
429,23.351779293000163,nan,nan,nan,nan,nan,nan,nan,,READY,0.0,0.0,29.619631797095444,0,0,0,0
430,23.39313479400016,nan,nan,nan,nan,nan,nan,nan,,READY,0.0,0.0,24.180579991040222,0,0,0,0
431,23.422860325999864,nan,nan,nan,nan,nan,nan,nan,,READY,0.0,0.0,33.641113639615355,0,0,0,0
432,23.449524339000163,nan,nan,nan,nan,nan,nan,nan,,READY,0.0,0.0,37.50373208971802,0,0,0,0
433,23.48436658699984,nan,nan,nan,nan,nan,nan,nan,,READY,0.0,0.0,28.70078876682322,0,0,0,0
434,23.516052418000072,nan,nan,nan,nan,nan,nan,nan,,READY,0.0,0.0,31.559847680582767,0,0,0,0
435,23.548062266000215,nan,nan,nan,nan,nan,nan,nan,,READY,0.0,0.0,31.240385771138943,0,0,0,0
436,23.58387619899986,nan,nan,nan,nan,nan,nan,nan,,READY,0.0,0.0,27.92209389596835,0,0,0,0
437,23.615945005999947,nan,nan,nan,nan,nan,nan,nan,,READY,0.0,0.0,31.182949836496512,0,0,0,0
438,23.648312153000006,nan,nan,nan,nan,nan,nan,nan,,READY,0.0,0.0,30.895525021039873,0,0,0,0
439,23.684120409000116,nan,nan,nan,nan,nan,nan,nan,,READY,0.0,0.0,27.92652063247495,0,0,0,0
440,23.716346094000073,nan,nan,nan,nan,nan,nan,nan,,READY,0.0,0.0,31.031147980293234,0,0,0,0
441,23.752677172999938,nan,nan,nan,nan,nan,nan,nan,,READY,0.0,0.0,27.52464357041849,0,0,0,0
442,23.784037476999856,nan,nan,nan,nan,nan,nan,nan,,READY,0.0,0.0,31.887445989127404,0,0,0,0
443,23.81660775199998,nan,nan,nan,nan,nan,nan,nan,,READY,0.0,0.0,30.70284177815954,0,0,0,0
444,23.851964124000006,nan,nan,nan,nan,nan,nan,nan,,READY,0.0,0.0,28.283444919046723,0,0,0,0
445,23.88504399300018,nan,nan,nan,nan,nan,nan,nan,,READY,0.0,0.0,30.229865783165263,0,0,0,0
446,23.917025299000215,nan,nan,nan,nan,nan,nan,nan,,READY,0.0,0.0,31.268266530420284,0,0,0,0
447,23.952766887000053,nan,nan,nan,nan,nan,nan,nan,,READY,0.0,0.0,27.978611358973716,0,0,0,0
448,23.98611582300009,nan,nan,nan,nan,nan,nan,nan,,READY,0.0,0.0,29.98596416985672,0,0,0,0
449,24.01617006000015,nan,nan,nan,nan,nan,nan,nan,,READY,0.0,0.0,33.27317875340019,0,0,0,0
450,24.059079393000047,nan,nan,nan,nan,nan,nan,nan,,READY,0.0,0.0,23.30495326045695,0,0,0,0
451,24.084042071000113,nan,nan,nan,nan,nan,nan,nan,,READY,0.0,0.0,40.05980448080859,0,0,0,0
452,24.116348643000038,nan,nan,nan,nan,nan,nan,nan,,READY,0.0,0.0,30.953454300330094,0,0,0,0
453,24.151970644999892,nan,nan,nan,nan,nan,nan,nan,,READY,0.0,0.0,28.07253786589769,0,0,0,0
454,24.184039557000233,nan,nan,nan,nan,nan,nan,nan,,READY,0.0,0.0,31.182847737066144,0,0,0,0
455,24.215880494999965,nan,nan,nan,nan,nan,nan,nan,,READY,0.0,0.0,31.406109958457176,0,0,0,0
456,24.251764482,nan,nan,nan,nan,nan,nan,nan,,READY,0.0,0.0,27.86758338751649,0,0,0,0
457,24.28406777300006,nan,nan,nan,nan,nan,nan,nan,,READY,0.0,0.0,30.95659819917668,0,0,0,0
458,24.32026869299989,nan,nan,nan,nan,nan,nan,nan,,READY,0.0,0.0,27.62360735596615,0,0,0,0
459,24.352022598000076,nan,nan,nan,nan,nan,nan,nan,,READY,0.0,0.0,31.492189700577395,0,0,0,0
460,24.3843270870002,nan,nan,nan,nan,nan,nan,nan,,READY,0.0,0.0,30.955450185146454,0,0,0,0
461,24.420160499999838,nan,nan,nan,nan,nan,nan,nan,,READY,0.0,0.0,27.90691470025879,0,0,0,0
462,24.452253734999886,nan,nan,nan,nan,nan,nan,nan,,READY,0.0,0.0,31.159214706729244,0,0,0,0
463,24.485813665000023,nan,nan,nan,nan,nan,nan,nan,,READY,0.0,0.0,29.797439982619075,0,0,0,0
464,24.523745035000047,nan,nan,nan,nan,nan,nan,nan,,READY,0.0,0.0,26.36340316733538,0,0,0,0
465,24.552223407999918,nan,nan,nan,nan,nan,nan,nan,,READY,0.0,0.0,35.11436555748946,0,0,0,0
466,24.584823267000047,nan,nan,nan,nan,nan,nan,nan,,READY,0.0,0.0,30.674979299635645,0,0,0,0
467,24.620483498999874,nan,nan,nan,nan,nan,nan,nan,,READY,0.0,0.0,28.042442348800222,0,0,0,0
468,24.65217308000001,nan,nan,nan,nan,nan,nan,nan,,READY,0.0,0.0,31.556113032724472,0,0,0,0
469,24.684194125999966,nan,nan,nan,nan,nan,nan,nan,,READY,0.0,0.0,31.229460774061693,0,0,0,0
470,24.72840218300007,nan,nan,nan,nan,nan,nan,nan,,READY,0.0,0.0,22.62031104415237,0,0,0,0
471,24.752294319000157,nan,nan,nan,nan,nan,nan,nan,,READY,0.0,0.0,41.85477598136916,0,0,0,0
472,24.784066765999796,nan,nan,nan,nan,nan,nan,nan,,READY,0.0,0.0,31.4738112557511,0,0,0,0
473,24.819938095999987,nan,nan,nan,nan,nan,nan,nan,,READY,0.0,0.0,27.877416309757045,0,0,0,0
474,24.851852212999802,nan,nan,nan,nan,nan,nan,nan,,READY,0.0,0.0,31.334095817402858,0,0,0,0
475,24.884044095999798,nan,nan,nan,nan,nan,nan,nan,,READY,0.0,0.0,31.063731189633373,0,0,0,0
476,24.919997459000115,nan,nan,nan,nan,nan,nan,nan,,READY,0.0,0.0,27.813809795517095,0,0,0,0
477,24.952118401999996,nan,nan,nan,nan,nan,nan,nan,,READY,0.0,0.0,31.132336307924835,0,0,0,0
478,24.98917584899982,nan,nan,nan,nan,nan,nan,nan,,READY,0.0,0.0,26.985129331891997,0,0,0,0
479,25.020369170999857,nan,nan,nan,nan,nan,nan,nan,,READY,0.0,0.0,32.058143727008634,0,0,0,0
480,25.05253152200021,nan,nan,nan,nan,nan,nan,nan,,READY,0.0,0.0,31.09225441849876,0,0,0,0
481,25.08813836699983,nan,nan,nan,nan,nan,nan,nan,,READY,0.0,0.0,28.084487687990045,0,0,0,0
482,25.12126886199985,nan,nan,nan,nan,nan,nan,nan,,READY,0.0,0.0,30.183672172700817,0,0,0,0
483,25.16005024900005,nan,nan,nan,nan,nan,nan,nan,,READY,0.0,0.0,25.785565637321433,0,0,0,0
484,25.19298574000004,nan,nan,nan,nan,nan,nan,nan,,READY,0.0,0.0,30.362383241844665,0,0,0,0
485,25.22317128099985,nan,nan,nan,nan,nan,nan,nan,,READY,0.0,0.0,33.128443846883606,0,0,0,0
486,25.25229555199985,nan,nan,nan,nan,nan,nan,nan,,READY,0.0,0.0,34.33562337062376,0,0,0,0
487,25.288532565999958,nan,nan,nan,nan,nan,nan,nan,,READY,0.0,0.0,27.596092768488894,0,0,0,0
488,25.320051153999884,nan,nan,nan,nan,nan,nan,nan,,READY,0.0,0.0,31.72730961178655,0,0,0,0
489,25.352134232000026,nan,nan,nan,nan,nan,nan,nan,,READY,0.0,0.0,31.169079225989112,0,0,0,0
490,25.38920704400016,nan,nan,nan,nan,nan,nan,nan,,READY,0.0,0.0,26.97394521884148,0,0,0,0
491,25.420044212999983,nan,nan,nan,nan,nan,nan,nan,,READY,0.0,0.0,32.428398339864145,0,0,0,0
492,25.452595269000085,nan,nan,nan,nan,nan,nan,nan,,READY,0.0,0.0,30.720969543871732,0,0,0,0
493,25.48793408900019,nan,nan,nan,nan,nan,nan,nan,,READY,0.0,0.0,28.297492672279112,0,0,0,0
494,25.5199809679998,nan,nan,nan,nan,nan,nan,nan,,READY,0.0,0.0,31.204286695506852,0,0,0,0
495,25.556823099000212,nan,nan,nan,nan,nan,nan,nan,,READY,0.0,0.0,27.142838181342118,0,0,0,0
496,25.588344550999864,nan,nan,nan,nan,nan,nan,nan,,READY,0.0,0.0,31.724426908095865,0,0,0,0
497,25.620146165999813,nan,nan,nan,nan,nan,nan,nan,,READY,0.0,0.0,31.44494391248972,0,0,0,0
498,25.65641432700022,nan,nan,nan,nan,nan,nan,nan,,READY,0.0,0.0,27.572393317344282,0,0,0,0
499,25.68979779500023,nan,nan,nan,nan,nan,nan,nan,,READY,0.0,0.0,29.954946562162842,0,0,0,0
500,25.72062012000015,nan,nan,nan,nan,nan,nan,nan,,READY,0.0,0.0,32.44401582303354,0,0,0,0
501,25.757172920999892,nan,nan,nan,nan,nan,nan,nan,,READY,0.0,0.0,27.357684572709534,0,0,0,0
502,25.78852728799984,nan,nan,nan,nan,nan,nan,nan,,READY,0.0,0.0,31.893483928462892,0,0,0,0
503,25.820278275999954,nan,nan,nan,nan,nan,nan,nan,,READY,0.0,0.0,31.495082924551987,0,0,0,0
504,25.85600486400017,nan,nan,nan,nan,nan,nan,nan,,READY,0.0,0.0,27.99035832903926,0,0,0,0
505,25.88793877299986,nan,nan,nan,nan,nan,nan,nan,,READY,0.0,0.0,31.3146755697745,0,0,0,0
506,25.920091800000137,nan,nan,nan,nan,nan,nan,nan,,READY,0.0,0.0,31.10127080698784,0,0,0,0
507,25.95592307700008,nan,nan,nan,nan,nan,nan,nan,,READY,0.0,0.0,27.908578307203307,0,0,0,0
508,25.987913289000062,nan,nan,nan,nan,nan,nan,nan,,READY,0.0,0.0,31.259561518396612,0,0,0,0
509,26.02063309899995,nan,nan,nan,nan,nan,nan,nan,,READY,0.0,0.0,30.562524660240253,0,0,0,0
510,26.06043179800008,nan,nan,nan,nan,nan,nan,nan,,READY,0.0,0.0,25.126449485113408,0,0,0,0
511,26.088307344999976,nan,nan,nan,nan,nan,nan,nan,,READY,0.0,0.0,35.87373550028624,0,0,0,0
512,26.124456180999914,nan,nan,nan,nan,nan,nan,nan,,READY,0.0,0.0,27.663408027901717,0,0,0,0
513,26.15670670999998,nan,nan,nan,nan,nan,nan,nan,,READY,0.0,0.0,31.007243322983754,0,0,0,0
514,26.188013210999998,nan,nan,nan,nan,nan,nan,nan,,READY,0.0,0.0,31.942247394541063,0,0,0,0
515,26.225786348999918,nan,nan,nan,nan,nan,nan,nan,,READY,0.0,0.0,26.473839690049218,0,0,0,0
516,26.256054548000066,nan,nan,nan,nan,nan,nan,nan,,READY,0.0,0.0,33.03797493848673,0,0,0,0
517,26.289130614999976,nan,nan,nan,nan,nan,nan,nan,,READY,0.0,0.0,30.233340620657703,0,0,0,0
518,26.324878244000047,nan,nan,nan,nan,nan,nan,nan,,READY,0.0,0.0,27.973883246858954,0,0,0,0
519,26.3616095389998,nan,nan,nan,nan,nan,nan,nan,,READY,0.0,0.0,27.22474119158327,0,0,0,0
520,26.394578780999836,nan,nan,nan,nan,nan,nan,nan,,READY,0.0,0.0,30.33130091370983,0,0,0,0
521,26.42476359300008,nan,nan,nan,nan,nan,nan,nan,,READY,0.0,0.0,33.12924393870471,0,0,0,0
522,26.45672479399991,nan,nan,nan,nan,nan,nan,nan,,READY,0.0,0.0,31.28793564438616,0,0,0,0
523,26.488704797000082,nan,nan,nan,nan,nan,nan,nan,,READY,0.0,0.0,31.269540531144894,0,0,0,0
524,26.52411533700024,nan,nan,nan,nan,nan,nan,nan,,READY,0.0,0.0,28.24017933630949,0,0,0,0
525,26.556144508000216,nan,nan,nan,nan,nan,nan,nan,,READY,0.0,0.0,31.22153864053285,0,0,0,0
526,26.58810924999989,nan,nan,nan,nan,nan,nan,nan,,READY,0.0,0.0,31.284469620003176,0,0,0,0
527,26.62404844599996,nan,nan,nan,nan,nan,nan,nan,,READY,0.0,0.0,27.82477382070521,0,0,0,0
528,26.65713644000016,nan,nan,nan,nan,nan,nan,nan,,READY,0.0,0.0,30.22244261752532,0,0,0,0
529,26.692640784000105,nan,nan,nan,nan,nan,nan,nan,,READY,0.0,0.0,28.165567571154472,0,0,0,0
530,26.72455453600014,nan,nan,nan,nan,nan,nan,nan,,READY,0.0,0.0,31.33445418761316,0,0,0,0
531,26.75663084300004,nan,nan,nan,nan,nan,nan,nan,,READY,0.0,0.0,31.175658719166005,0,0,0,0
532,26.791891015000147,nan,nan,nan,nan,nan,nan,nan,,READY,0.0,0.0,28.36061037923892,0,0,0,0
533,26.833815381000022,nan,nan,nan,nan,nan,nan,nan,,READY,0.0,0.0,23.85247757838407,0,0,0,0
534,26.856715154000085,nan,nan,nan,nan,nan,nan,nan,,READY,0.0,0.0,43.66855514232632,0,0,0,0
535,26.89271502800011,nan,nan,nan,nan,nan,nan,nan,,READY,0.0,0.0,27.777875000319856,0,0,0,0
536,26.925456139999824,nan,nan,nan,nan,nan,nan,nan,,READY,0.0,0.0,30.54264009141739,0,0,0,0
537,26.95688118499993,nan,nan,nan,nan,nan,nan,nan,,READY,0.0,0.0,31.82175236333454,0,0,0,0
538,26.99653503699983,nan,nan,nan,nan,nan,nan,nan,,READY,0.0,0.0,25.218231005716436,0,0,0,0
539,27.02419604900024,nan,nan,nan,nan,nan,nan,nan,,READY,0.0,0.0,36.15196725214726,0,0,0,0
540,27.06201434400009,nan,nan,nan,nan,nan,nan,nan,,READY,0.0,0.0,26.4422285564148,0,0,0,0
541,27.09216978099994,nan,nan,nan,nan,nan,nan,nan,,READY,0.0,0.0,33.16151578254446,0,0,0,0
542,27.124190931000157,nan,nan,nan,nan,nan,nan,nan,,READY,0.0,0.0,31.229359345094352,0,0,0,0
543,27.156890948000182,nan,nan,nan,nan,nan,nan,nan,,READY,0.0,0.0,30.581023856937,0,0,0,0
544,27.19209320300024,nan,nan,nan,nan,nan,nan,nan,,READY,0.0,0.0,28.407271068241005,0,0,0,0
545,27.22408627899995,nan,nan,nan,nan,nan,nan,nan,,READY,0.0,0.0,31.25676318241901,0,0,0,0
546,27.260511578000205,nan,nan,nan,nan,nan,nan,nan,,READY,0.0,0.0,27.453446572750067,0,0,0,0
547,27.292120376000184,nan,nan,nan,nan,nan,nan,nan,,READY,0.0,0.0,31.63676138525278,0,0,0,0
548,27.324874509999972,nan,nan,nan,nan,nan,nan,nan,,READY,0.0,0.0,30.5304973108578,0,0,0,0
549,27.360125462999804,nan,nan,nan,nan,nan,nan,nan,,READY,0.0,0.0,28.368027383678964,0,0,0,0
550,27.392044475000148,nan,nan,nan,nan,nan,nan,nan,,READY,0.0,0.0,31.329290517802374,0,0,0,0
551,27.426704583000173,nan,nan,nan,nan,nan,nan,nan,,READY,0.0,0.0,28.85161234925362,0,0,0,0
552,27.461206511,nan,nan,nan,nan,nan,nan,nan,,READY,0.0,0.0,28.983887509272463,0,0,0,0
553,27.49223831900008,nan,nan,nan,nan,nan,nan,nan,,READY,0.0,0.0,32.224999587437175,0,0,0,0
554,27.528038710000146,nan,nan,nan,nan,nan,nan,nan,,READY,0.0,0.0,27.93265581926611,0,0,0,0
555,27.562007971000185,nan,nan,nan,nan,nan,nan,nan,,READY,0.0,0.0,29.438379598510252,0,0,0,0
556,27.592521123000097,nan,nan,nan,nan,nan,nan,nan,,READY,0.0,0.0,32.772753205007355,0,0,0,0
557,27.625485520999973,nan,nan,nan,nan,nan,nan,nan,,READY,0.0,0.0,30.335757989687846,0,0,0,0
558,27.660638139000184,nan,nan,nan,nan,nan,nan,nan,,READY,0.0,0.0,28.44738334976915,0,0,0,0
559,27.693158777999997,nan,nan,nan,nan,nan,nan,nan,,READY,0.0,0.0,30.74970328860241,0,0,0,0
560,27.72497778800016,nan,nan,nan,nan,nan,nan,nan,,READY,0.0,0.0,31.427753408886023,0,0,0,0
561,27.759906183000112,nan,nan,nan,nan,nan,nan,nan,,READY,0.0,0.0,28.63000146446416,0,0,0,0
562,27.792092180000054,nan,nan,nan,nan,nan,nan,nan,,READY,0.0,0.0,31.069411955820197,0,0,0,0
563,27.82422452999981,nan,nan,nan,nan,nan,nan,nan,,READY,0.0,0.0,31.121284313397247,0,0,0,0
564,27.860116901999845,nan,nan,nan,nan,nan,nan,nan,,READY,0.0,0.0,27.861073099293357,0,0,0,0
565,27.892746241000168,nan,nan,nan,nan,nan,nan,nan,,READY,0.0,0.0,30.64726502703909,0,0,0,0
566,27.92836678499998,nan,nan,nan,nan,nan,nan,nan,,READY,0.0,0.0,28.07368691520477,0,0,0,0
567,27.96090206000008,nan,nan,nan,nan,nan,nan,nan,,READY,0.0,0.0,30.735870528124302,0,0,0,0
568,27.99217689299985,nan,nan,nan,nan,nan,nan,nan,,READY,0.0,0.0,31.974591199490806,0,0,0,0
569,28.028378228999827,nan,nan,nan,nan,nan,nan,nan,,READY,0.0,0.0,27.623289925008592,0,0,0,0
570,28.06171206099998,nan,nan,nan,nan,nan,nan,nan,,READY,0.0,0.0,29.999551206576204,0,0,0,0
571,28.09506750799983,nan,nan,nan,nan,nan,nan,nan,,READY,0.0,0.0,29.98011089476717,0,0,0,0
572,28.128245347999837,nan,nan,nan,nan,nan,nan,nan,,READY,0.0,0.0,30.140599870267987,0,0,0,0
573,28.16005951399984,nan,nan,nan,nan,nan,nan,nan,,READY,0.0,0.0,31.432538574164795,0,0,0,0
574,28.19230483599995,nan,nan,nan,nan,nan,nan,nan,,READY,0.0,0.0,31.01225039702351,0,0,0,0
575,28.228123507999953,nan,nan,nan,nan,nan,nan,nan,,READY,0.0,0.0,27.91839965479077,0,0,0,0
576,28.260695657999804,nan,nan,nan,nan,nan,nan,nan,,READY,0.0,0.0,30.701074384238694,0,0,0,0
577,28.29281446699997,nan,nan,nan,nan,nan,nan,nan,,READY,0.0,0.0,31.13440476559396,0,0,0,0
578,28.327994167999805,nan,nan,nan,nan,nan,nan,nan,,READY,0.0,0.0,28.42548320705541,0,0,0,0
579,28.361092267000004,nan,nan,nan,nan,nan,nan,nan,,READY,0.0,0.0,30.213215568482877,0,0,0,0
580,28.39215027299997,nan,nan,nan,nan,nan,nan,nan,,READY,0.0,0.0,32.1978172069732,0,0,0,0
581,28.42812764600012,nan,nan,nan,nan,nan,nan,nan,,READY,0.0,0.0,27.795247863033566,0,0,0,0
582,28.460139734000222,nan,nan,nan,nan,nan,nan,nan,,READY,0.0,0.0,31.23819976993796,0,0,0,0
583,28.495922520000022,nan,nan,nan,nan,nan,nan,nan,,READY,0.0,0.0,27.946398584101264,0,0,0,0
584,28.528863270999864,nan,nan,nan,nan,nan,nan,nan,,READY,0.0,0.0,30.35753495737852,0,0,0,0
585,28.560759783999856,nan,nan,nan,nan,nan,nan,nan,,READY,0.0,0.0,31.35138941364023,0,0,0,0
586,28.61015158700002,nan,nan,nan,nan,nan,nan,nan,,READY,0.0,0.0,20.246274467783927,0,0,0,0
587,28.63599907400021,nan,nan,nan,nan,nan,nan,nan,,READY,0.0,0.0,38.68848062454101,0,0,0,0
588,28.66904628600014,nan,nan,nan,nan,nan,nan,nan,,READY,0.0,0.0,30.25973870359055,0,0,0,0
589,28.6969120939998,nan,nan,nan,nan,nan,nan,nan,,READY,0.0,0.0,35.88627324254118,0,0,0,0
590,28.731279539999832,nan,nan,nan,nan,nan,nan,nan,,READY,0.0,0.0,29.09730330263824,0,0,0,0
591,28.76159044799988,nan,nan,nan,nan,nan,nan,nan,,READY,0.0,0.0,32.991423417551765,0,0,0,0
592,28.797678865999842,nan,nan,nan,nan,nan,nan,nan,,READY,0.0,0.0,27.709721163200495,0,0,0,0
593,28.828392854999947,nan,nan,nan,nan,nan,nan,nan,,READY,0.0,0.0,32.55845406458177,0,0,0,0
594,28.860277231000055,nan,nan,nan,nan,nan,nan,nan,,READY,0.0,0.0,31.36332352863468,0,0,0,0
595,28.897649996999917,nan,nan,nan,nan,nan,nan,nan,,READY,0.0,0.0,26.757452204733468,0,0,0,0
596,28.92806080299988,nan,nan,nan,nan,nan,nan,nan,,READY,0.0,0.0,32.88304821651885,0,0,0,0
597,28.96010721399989,nan,nan,nan,nan,nan,nan,nan,,READY,0.0,0.0,31.204742396884306,0,0,0,0
598,28.995990938999967,nan,nan,nan,nan,nan,nan,nan,,READY,0.0,0.0,27.86778685874668,0,0,0,0
599,29.028288814000007,nan,nan,nan,nan,nan,nan,nan,,READY,0.0,0.0,30.961789281764037,0,0,0,0
600,29.06533605200002,nan,nan,nan,nan,nan,nan,nan,,READY,0.0,0.0,26.992565545632008,0,0,0,0
601,29.09622983600002,nan,nan,nan,nan,nan,nan,nan,,READY,0.0,0.0,32.3689710525588,0,0,0,0
602,29.128173901000082,nan,nan,nan,nan,nan,nan,nan,,READY,0.0,0.0,31.30471967165337,0,0,0,0
603,29.16552275999993,nan,nan,nan,nan,nan,nan,nan,,READY,0.0,0.0,26.77457964657099,0,0,0,0
604,29.197290520000024,nan,nan,nan,nan,nan,nan,nan,,READY,0.0,0.0,31.478454886245043,0,0,0,0
605,29.228434204000223,nan,nan,nan,nan,nan,nan,nan,,READY,0.0,0.0,32.10923922788374,0,0,0,0
606,29.267559192000135,nan,nan,nan,nan,nan,nan,nan,,READY,0.0,0.0,25.55911327058407,0,0,0,0
607,29.29700310399994,nan,nan,nan,nan,nan,nan,nan,,READY,0.0,0.0,33.96287830253632,0,0,0,0
608,29.33941966600014,nan,nan,nan,nan,nan,nan,nan,,READY,0.0,0.0,23.5756966817659,0,0,0,0
609,29.365373249000186,nan,nan,nan,nan,nan,nan,nan,,READY,0.0,0.0,38.53032546597636,0,0,0,0
610,29.39664433200005,nan,nan,nan,nan,nan,nan,nan,,READY,0.0,0.0,31.978425563461172,0,0,0,0
611,29.429621073999897,nan,nan,nan,nan,nan,nan,nan,,READY,0.0,0.0,30.324402574537718,0,0,0,0
612,29.46484119300021,nan,nan,nan,nan,nan,nan,nan,,READY,0.0,0.0,28.392862613299975,0,0,0,0
613,29.49702943000011,nan,nan,nan,nan,nan,nan,nan,,READY,0.0,0.0,31.067249815611174,0,0,0,0
614,29.528265563999867,nan,nan,nan,nan,nan,nan,nan,,READY,0.0,0.0,32.014205087218535,0,0,0,0
615,29.564749979000226,nan,nan,nan,nan,nan,nan,nan,,READY,0.0,0.0,27.40896352566311,0,0,0,0
616,29.597068374000173,nan,nan,nan,nan,nan,nan,nan,,READY,0.0,0.0,30.942130634941027,0,0,0,0
617,29.63272772099981,nan,nan,nan,nan,nan,nan,nan,,READY,0.0,0.0,28.0431383112591,0,0,0,0
618,29.664172296999823,nan,nan,nan,nan,nan,nan,nan,,READY,0.0,0.0,31.80198708990699,0,0,0,0
619,29.696476942000118,nan,nan,nan,nan,nan,nan,nan,,READY,0.0,0.0,30.95530070028236,0,0,0,0
620,29.7324151480002,nan,nan,nan,nan,nan,nan,nan,,READY,0.0,0.0,27.825540317669233,0,0,0,0
621,29.76571377099981,nan,nan,nan,nan,nan,nan,nan,,READY,0.0,0.0,30.03127186405657,0,0,0,0
622,29.79652437599998,nan,nan,nan,nan,nan,nan,nan,,READY,0.0,0.0,32.45635715347007,0,0,0,0
623,29.832989519999956,nan,nan,nan,nan,nan,nan,nan,,READY,0.0,0.0,27.423448540355537,0,0,0,0
624,29.868340474999968,nan,nan,nan,nan,nan,nan,nan,,READY,0.0,0.0,28.287778929866054,0,0,0,0
625,29.896551654000177,nan,nan,nan,nan,nan,nan,nan,,READY,0.0,0.0,35.44694108646039,0,0,0,0
626,29.933548057999815,nan,nan,nan,nan,nan,nan,nan,,READY,0.0,0.0,27.02965401744983,0,0,0,0
627,29.96492310199983,nan,nan,nan,nan,nan,nan,nan,,READY,0.0,0.0,31.872465262503702,0,0,0,0
628,29.997723850000057,nan,nan,nan,nan,nan,nan,nan,,READY,0.0,0.0,30.487109623020746,0,0,0,0
629,30.03211103600006,nan,nan,nan,nan,nan,nan,nan,,READY,0.0,0.0,29.08059996534454,0,0,0,0
630,30.065829458999815,nan,nan,nan,nan,nan,nan,nan,,READY,0.0,0.0,29.65737751161361,0,0,0,0
631,30.097393568999905,nan,nan,nan,nan,nan,nan,nan,,READY,0.0,0.0,31.681552243897873,0,0,0,0
632,30.132171282999934,nan,nan,nan,nan,nan,nan,nan,,READY,0.0,0.0,28.754046341262338,0,0,0,0
633,30.164188058000036,nan,nan,nan,nan,nan,nan,nan,,READY,0.0,0.0,31.23362674712918,0,0,0,0
634,30.200165066999944,nan,nan,nan,nan,nan,nan,nan,,READY,0.0,0.0,27.795529083659332,0,0,0,0
635,30.232158507999884,nan,nan,nan,nan,nan,nan,nan,,READY,0.0,0.0,31.25640658664567,0,0,0,0
636,30.26421710700015,nan,nan,nan,nan,nan,nan,nan,,READY,0.0,0.0,31.19287901482274,0,0,0,0
637,30.300306566000017,nan,nan,nan,nan,nan,nan,nan,,READY,0.0,0.0,27.708921876708086,0,0,0,0
638,30.332403862999854,nan,nan,nan,nan,nan,nan,nan,,READY,0.0,0.0,31.15527142379287,0,0,0,0
639,30.364316416999827,nan,nan,nan,nan,nan,nan,nan,,READY,0.0,0.0,31.335630485759328,0,0,0,0
640,30.409312040999794,nan,nan,nan,nan,nan,nan,nan,,READY,0.0,0.0,22.224383420057578,0,0,0,0
641,30.442662331000065,nan,nan,nan,nan,nan,nan,nan,,READY,0.0,0.0,29.98474675907957,0,0,0,0
642,30.468277105000197,nan,nan,nan,nan,nan,nan,nan,,READY,0.0,0.0,39.03996966730329,0,0,0,0
643,30.500331536999965,nan,nan,nan,nan,nan,nan,nan,,READY,0.0,0.0,31.196934015465885,0,0,0,0
644,30.543984425999952,nan,nan,nan,nan,nan,nan,nan,,READY,0.0,0.0,22.907991267206015,0,0,0,0
645,30.57033202699995,nan,nan,nan,nan,nan,nan,nan,,READY,0.0,0.0,37.954119617952635,0,0,0,0
646,30.600261886000226,nan,nan,nan,nan,nan,nan,nan,,READY,0.0,0.0,33.41145041781744,0,0,0,0
647,30.632811067000148,nan,nan,nan,nan,nan,nan,nan,,READY,0.0,0.0,30.722739229671962,0,0,0,0
648,30.66512977499997,nan,nan,nan,nan,nan,nan,nan,,READY,0.0,0.0,30.941830966929448,0,0,0,0
649,30.700594118000026,nan,nan,nan,nan,nan,nan,nan,,READY,0.0,0.0,28.197336124297262,0,0,0,0
650,30.73259063200021,nan,nan,nan,nan,nan,nan,nan,,READY,0.0,0.0,31.253404667591166,0,0,0,0
651,30.767962785000236,nan,nan,nan,nan,nan,nan,nan,,READY,0.0,0.0,28.27082648882789,0,0,0,0
652,30.799999612000192,nan,nan,nan,nan,nan,nan,nan,,READY,0.0,0.0,31.21407747406963,0,0,0,0
653,30.83228550700005,nan,nan,nan,nan,nan,nan,nan,,READY,0.0,0.0,30.973277959442257,0,0,0,0
654,30.868074907999926,nan,nan,nan,nan,nan,nan,nan,,READY,0.0,0.0,27.94123321604368,0,0,0,0
655,30.900300489000074,nan,nan,nan,nan,nan,nan,nan,,READY,0.0,0.0,31.031248125376212,0,0,0,0
656,30.93234695199999,nan,nan,nan,nan,nan,nan,nan,,READY,0.0,0.0,31.204691762789842,0,0,0,0
657,30.968171927000185,nan,nan,nan,nan,nan,nan,nan,,READY,0.0,0.0,27.913487727333493,0,0,0,0
658,31.000160054999924,nan,nan,nan,nan,nan,nan,nan,,READY,0.0,0.0,31.26159805313275,0,0,0,0
659,31.03265423499988,nan,nan,nan,nan,nan,nan,nan,,READY,0.0,0.0,30.77474181534346,0,0,0,0
660,31.069120055999974,nan,nan,nan,nan,nan,nan,nan,,READY,0.0,0.0,27.422939414896543,0,0,0,0
661,31.10120532100018,nan,nan,nan,nan,nan,nan,nan,,READY,0.0,0.0,31.16695467510095,0,0,0,0
662,31.135103592000178,nan,nan,nan,nan,nan,nan,nan,,READY,0.0,0.0,29.50002966228139,0,0,0,0
663,31.16817507499991,nan,nan,nan,nan,nan,nan,nan,,READY,0.0,0.0,30.237531229190683,0,0,0,0
664,31.201099210999928,nan,nan,nan,nan,nan,nan,nan,,READY,0.0,0.0,30.3728547348791,0,0,0,0
665,31.23245305599994,nan,nan,nan,nan,nan,nan,nan,,READY,0.0,0.0,31.89401491267197,0,0,0,0
666,31.26810542300018,nan,nan,nan,nan,nan,nan,nan,,READY,0.0,0.0,28.048628580349227,0,0,0,0
667,31.30018193900014,nan,nan,nan,nan,nan,nan,nan,,READY,0.0,0.0,31.175455588793266,0,0,0,0
668,31.332844039000065,nan,nan,nan,nan,nan,nan,nan,,READY,0.0,0.0,30.616524963253955,0,0,0,0
669,31.36813384700008,nan,nan,nan,nan,nan,nan,nan,,READY,0.0,0.0,28.336793444712114,0,0,0,0
670,31.400463753000167,nan,nan,nan,nan,nan,nan,nan,,READY,0.0,0.0,30.931113749521245,0,0,0,0
671,31.436736132000078,nan,nan,nan,nan,nan,nan,nan,,READY,0.0,0.0,27.56918701148489,0,0,0,0
672,31.46872748900023,nan,nan,nan,nan,nan,nan,nan,,READY,0.0,0.0,31.25844270986242,0,0,0,0
673,31.50008060500022,nan,nan,nan,nan,nan,nan,nan,,READY,0.0,0.0,31.89475648928428,0,0,0,0
674,31.536607885000194,nan,nan,nan,nan,nan,nan,nan,,READY,0.0,0.0,27.37679892947792,0,0,0,0
675,31.568347415000062,nan,nan,nan,nan,nan,nan,nan,,READY,0.0,0.0,31.506452679172007,0,0,0,0
676,31.6012243629998,nan,nan,nan,nan,nan,nan,nan,,READY,0.0,0.0,30.41644863166547,0,0,0,0
677,31.645870188000117,nan,nan,nan,nan,nan,nan,nan,,READY,0.0,0.0,22.398510946833653,0,0,0,0
678,31.669181322999975,nan,nan,nan,nan,nan,nan,nan,,READY,0.0,0.0,42.89795413248174,0,0,0,0
679,31.701248151000073,nan,nan,nan,nan,nan,nan,nan,,READY,0.0,0.0,31.184874288063842,0,0,0,0
680,31.736722493999878,nan,nan,nan,nan,nan,nan,nan,,READY,0.0,0.0,28.189387468162284,0,0,0,0
681,31.76833670899987,nan,nan,nan,nan,nan,nan,nan,,READY,0.0,0.0,31.631340521986715,0,0,0,0
682,31.801157769999918,nan,nan,nan,nan,nan,nan,nan,,READY,0.0,0.0,30.468241108917432,0,0,0,0
683,31.836366430999988,nan,nan,nan,nan,nan,nan,nan,,READY,0.0,0.0,28.40210253942973,0,0,0,0
684,31.868274869999823,nan,nan,nan,nan,nan,nan,nan,,READY,0.0,0.0,31.33967161493437,0,0,0,0
685,31.90028805100019,nan,nan,nan,nan,nan,nan,nan,,READY,0.0,0.0,31.237133229233642,0,0,0,0
686,31.936232610999923,nan,nan,nan,nan,nan,nan,nan,,READY,0.0,0.0,27.820621535147207,0,0,0,0
687,31.967992402000164,nan,nan,nan,nan,nan,nan,nan,,READY,0.0,0.0,31.486353294718697,0,0,0,0
688,32.00429920900024,nan,nan,nan,nan,nan,nan,nan,,READY,0.0,0.0,27.54304447642484,0,0,0,0
689,32.03609186499989,nan,nan,nan,nan,nan,nan,nan,,READY,0.0,0.0,31.453804929381796,0,0,0,0
690,32.069567000999996,nan,nan,nan,nan,nan,nan,nan,,READY,0.0,0.0,29.87291821598038,0,0,0,0
691,32.10402054299993,nan,nan,nan,nan,nan,nan,nan,,READY,0.0,0.0,29.02459201442382,0,0,0,0
692,32.13638196000011,nan,nan,nan,nan,nan,nan,nan,,READY,0.0,0.0,30.900995466131835,0,0,0,0
693,32.16862139500017,nan,nan,nan,nan,nan,nan,nan,,READY,0.0,0.0,31.01791331014282,0,0,0,0
694,32.20401532000005,nan,nan,nan,nan,nan,nan,nan,,READY,0.0,0.0,28.25343614768306,0,0,0,0
695,32.237277534999976,nan,nan,nan,nan,nan,nan,nan,,READY,0.0,0.0,30.064143353121008,0,0,0,0
696,32.268639557999904,nan,nan,nan,nan,nan,nan,nan,,READY,0.0,0.0,31.885698189886288,0,0,0,0
697,32.30434614500018,nan,nan,nan,nan,nan,nan,nan,,READY,0.0,0.0,28.006037093162682,0,0,0,0
698,32.34073529699981,nan,nan,nan,nan,nan,nan,nan,,READY,0.0,0.0,27.480717330544127,0,0,0,0
699,32.37370594499998,nan,nan,nan,nan,nan,nan,nan,,READY,0.0,0.0,30.330007465875273,0,0,0,0
700,32.409857800999816,nan,nan,nan,nan,nan,nan,nan,,READY,0.0,0.0,27.661097123329373,0,0,0,0
701,32.43715807699982,nan,nan,nan,nan,nan,nan,nan,,READY,0.0,0.0,36.62966630812825,0,0,0,0
702,32.468697238000004,nan,nan,nan,nan,nan,nan,nan,,READY,0.0,0.0,31.706613882157914,0,0,0,0
703,32.504040797000016,nan,nan,nan,nan,nan,nan,nan,,READY,0.0,0.0,28.293698435963055,0,0,0,0
704,32.53613075000021,nan,nan,nan,nan,nan,nan,nan,,READY,0.0,0.0,31.162401515325246,0,0,0,0
705,32.571957442999974,nan,nan,nan,nan,nan,nan,nan,,READY,0.0,0.0,27.912149190175782,0,0,0,0
706,32.60425156700012,nan,nan,nan,nan,nan,nan,nan,,READY,0.0,0.0,30.96538552943853,0,0,0,0
707,32.636508034000144,nan,nan,nan,nan,nan,nan,nan,,READY,0.0,0.0,31.001535289008366,0,0,0,0
708,32.672820779000176,nan,nan,nan,nan,nan,nan,nan,,READY,0.0,0.0,27.538540531681605,0,0,0,0
709,32.704052277999835,nan,nan,nan,nan,nan,nan,nan,,READY,0.0,0.0,32.01895624705386,0,0,0,0
710,32.7372934,nan,nan,nan,nan,nan,nan,nan,,READY,0.0,0.0,30.08322041581784,0,0,0,0
711,32.772218044000056,nan,nan,nan,nan,nan,nan,nan,,READY,0.0,0.0,28.63307640296541,0,0,0,0
712,32.80415783799981,nan,nan,nan,nan,nan,nan,nan,,READY,0.0,0.0,31.30890574960163,0,0,0,0
713,32.83696405499995,nan,nan,nan,nan,nan,nan,nan,,READY,0.0,0.0,30.48202723269308,0,0,0,0
714,32.87344279299987,nan,nan,nan,nan,nan,nan,nan,,READY,0.0,0.0,27.413229043240182,0,0,0,0
715,32.90415042699988,nan,nan,nan,nan,nan,nan,nan,,READY,0.0,0.0,32.56519209521949,0,0,0,0
716,32.93847568499996,nan,nan,nan,nan,nan,nan,nan,,READY,0.0,0.0,29.133065802379292,0,0,0,0
717,32.97219541000004,nan,nan,nan,nan,nan,nan,nan,,READY,0.0,0.0,29.656232368370375,0,0,0,0
718,33.00498313700018,nan,nan,nan,nan,nan,nan,nan,,READY,0.0,0.0,30.499216978221863,0,0,0,0
719,33.036291512999924,nan,nan,nan,nan,nan,nan,nan,,READY,0.0,0.0,31.940334433450733,0,0,0,0
720,33.074808935999954,nan,nan,nan,nan,nan,nan,nan,,READY,0.0,0.0,25.962276863621295,0,0,0,0
721,33.10441102799996,nan,nan,nan,nan,nan,nan,nan,,READY,0.0,0.0,33.7813962607725,0,0,0,0
722,33.140325015000144,nan,nan,nan,nan,nan,nan,nan,,READY,0.0,0.0,27.84430478283674,0,0,0,0
723,33.17200115800006,nan,nan,nan,nan,nan,nan,nan,,READY,0.0,0.0,31.5695001125212,0,0,0,0
724,33.20409605900022,nan,nan,nan,nan,nan,nan,nan,,READY,0.0,0.0,31.15759727674147,0,0,0,0
725,33.23981972899992,nan,nan,nan,nan,nan,nan,nan,,READY,0.0,0.0,27.992644652928135,0,0,0,0
726,33.27272521900022,nan,nan,nan,nan,nan,nan,nan,,READY,0.0,0.0,30.390065608832842,0,0,0,0
727,33.30445594699995,nan,nan,nan,nan,nan,nan,nan,,READY,0.0,0.0,31.515192466070342,0,0,0,0
728,33.34049545700009,nan,nan,nan,nan,nan,nan,nan,,READY,0.0,0.0,27.747325088387722,0,0,0,0
729,33.37275525699988,nan,nan,nan,nan,nan,nan,nan,,READY,0.0,0.0,30.99833228992225,0,0,0,0
730,33.405301990000225,nan,nan,nan,nan,nan,nan,nan,,READY,0.0,0.0,30.725050037722838,0,0,0,0
731,33.44034486600003,nan,nan,nan,nan,nan,nan,nan,,READY,0.0,0.0,28.53647057979818,0,0,0,0
732,33.475556807999965,nan,nan,nan,nan,nan,nan,nan,,READY,0.0,0.0,28.39945607095212,0,0,0,0
733,33.50989498199988,nan,nan,nan,nan,nan,nan,nan,,READY,0.0,0.0,29.12210765786585,0,0,0,0
734,33.54209561500011,nan,nan,nan,nan,nan,nan,nan,,READY,0.0,0.0,31.055290124044163,0,0,0,0
735,33.573332217999905,nan,nan,nan,nan,nan,nan,nan,,READY,0.0,0.0,32.013724411917764,0,0,0,0
736,33.60465215600016,nan,nan,nan,nan,nan,nan,nan,,READY,0.0,0.0,31.92854340873752,0,0,0,0
737,33.64032655500023,nan,nan,nan,nan,nan,nan,nan,,READY,0.0,0.0,28.03130614752538,0,0,0,0
738,33.67232661099979,nan,nan,nan,nan,nan,nan,nan,,READY,0.0,0.0,31.24994531302483,0,0,0,0
739,33.708145282999794,nan,nan,nan,nan,nan,nan,nan,,READY,0.0,0.0,27.91839965479077,0,0,0,0
740,33.74092071799987,nan,nan,nan,nan,nan,nan,nan,,READY,0.0,0.0,30.51065531236069,0,0,0,0
741,33.7722499800002,nan,nan,nan,nan,nan,nan,nan,,READY,0.0,0.0,31.919041054639965,0,0,0,0
742,33.808215477999966,nan,nan,nan,nan,nan,nan,nan,,READY,0.0,0.0,27.804425230159058,0,0,0,0
743,33.8401460529999,nan,nan,nan,nan,nan,nan,nan,,READY,0.0,0.0,31.317945260995074,0,0,0,0
744,33.87317519099997,nan,nan,nan,nan,nan,nan,nan,,READY,0.0,0.0,30.27629724995384,0,0,0,0
745,33.90828541200017,nan,nan,nan,nan,nan,nan,nan,,READY,0.0,0.0,28.48173470609693,0,0,0,0
746,33.940522555999905,nan,nan,nan,nan,nan,nan,nan,,READY,0.0,0.0,31.020117663281905,0,0,0,0
747,33.97259339399989,nan,nan,nan,nan,nan,nan,nan,,READY,0.0,0.0,31.180975065278258,0,0,0,0
748,34.0096505800002,nan,nan,nan,nan,nan,nan,nan,,READY,0.0,0.0,26.985319392346906,0,0,0,0
749,34.04175558599991,nan,nan,nan,nan,nan,nan,nan,,READY,0.0,0.0,31.14779047258286,0,0,0,0
750,34.07322662100023,nan,nan,nan,nan,nan,nan,nan,,READY,0.0,0.0,31.775249844492063,0,0,0,0
751,34.10845809400007,nan,nan,nan,nan,nan,nan,nan,,READY,0.0,0.0,28.38371248356685,0,0,0,0
752,34.14250079400017,nan,nan,nan,nan,nan,nan,nan,,READY,0.0,0.0,29.374873320772505,0,0,0,0
753,34.17321910600003,nan,nan,nan,nan,nan,nan,nan,,READY,0.0,0.0,32.55387210093028,0,0,0,0
754,34.2082086989999,nan,nan,nan,nan,nan,nan,nan,,READY,0.0,0.0,28.5799266085745,0,0,0,0
755,34.240178285000184,nan,nan,nan,nan,nan,nan,nan,,READY,0.0,0.0,31.2797294275576,0,0,0,0
756,34.276114980999864,nan,nan,nan,nan,nan,nan,nan,,READY,0.0,0.0,27.82670950075349,0,0,0,0
757,34.308138579000115,nan,nan,nan,nan,nan,nan,nan,,READY,0.0,0.0,31.22697205954711,0,0,0,0
758,34.34022082299998,nan,nan,nan,nan,nan,nan,nan,,READY,0.0,0.0,31.169889487909945,0,0,0,0
759,34.377264259000185,nan,nan,nan,nan,nan,nan,nan,,READY,0.0,0.0,26.995335961666793,0,0,0,0
760,34.408557999000095,nan,nan,nan,nan,nan,nan,nan,,READY,0.0,0.0,31.955272843797992,0,0,0,0
761,34.44052081400014,nan,nan,nan,nan,nan,nan,nan,,READY,0.0,0.0,31.28635572300709,0,0,0,0
762,34.47607505399992,nan,nan,nan,nan,nan,nan,nan,,READY,0.0,0.0,28.126040663676196,0,0,0,0
763,34.508236831999966,nan,nan,nan,nan,nan,nan,nan,,READY,0.0,0.0,31.09280836397154,0,0,0,0
764,34.541023933999895,nan,nan,nan,nan,nan,nan,nan,,READY,0.0,0.0,30.49979836589878,0,0,0,0
765,34.5764232749998,nan,nan,nan,nan,nan,nan,nan,,READY,0.0,0.0,28.24911345108845,0,0,0,0
766,34.60957158300016,nan,nan,nan,nan,nan,nan,nan,,READY,0.0,0.0,30.16745228712822,0,0,0,0
767,34.64123288200017,nan,nan,nan,nan,nan,nan,nan,,READY,0.0,0.0,31.58430107367953,0,0,0,0
768,34.67733984100005,nan,nan,nan,nan,nan,nan,nan,,READY,0.0,0.0,27.695492162696592,0,0,0,0
769,34.708403680000174,nan,nan,nan,nan,nan,nan,nan,,READY,0.0,0.0,32.19177127450177,0,0,0,0
770,34.7555535649999,nan,nan,nan,nan,nan,nan,nan,,READY,0.0,0.0,21.20895947054399,0,0,0,0
771,34.776815283999895,nan,nan,nan,nan,nan,nan,nan,,READY,0.0,0.0,47.032885722939554,0,0,0,0
772,34.809089719999974,nan,nan,nan,nan,nan,nan,nan,,READY,0.0,0.0,30.984274984620324,0,0,0,0
773,34.84047189900002,nan,nan,nan,nan,nan,nan,nan,,READY,0.0,0.0,31.865218791801784,0,0,0,0
774,34.876252238000234,nan,nan,nan,nan,nan,nan,nan,,READY,0.0,0.0,27.948309824400486,0,0,0,0
775,34.908249584999794,nan,nan,nan,nan,nan,nan,nan,,READY,0.0,0.0,31.25259103555502,0,0,0,0
776,34.944095600999844,nan,nan,nan,nan,nan,nan,nan,,READY,0.0,0.0,27.89710298624519,0,0,0,0
777,34.9762617020001,nan,nan,nan,nan,nan,nan,nan,,READY,0.0,0.0,31.088629610160226,0,0,0,0
778,35.00844389599979,nan,nan,nan,nan,nan,nan,nan,,READY,0.0,0.0,31.07308345756955,0,0,0,0
779,35.04434059100004,nan,nan,nan,nan,nan,nan,nan,,READY,0.0,0.0,27.857717820348746,0,0,0,0
780,35.076613308000105,nan,nan,nan,nan,nan,nan,nan,,READY,0.0,0.0,30.98592535601708,0,0,0,0
781,35.10824247099981,nan,nan,nan,nan,nan,nan,nan,,READY,0.0,0.0,31.6163914931695,0,0,0,0
782,35.14480006399981,nan,nan,nan,nan,nan,nan,nan,,READY,0.0,0.0,27.354098504244035,0,0,0,0
783,35.17648115500015,nan,nan,nan,nan,nan,nan,nan,,READY,0.0,0.0,31.564569540530222,0,0,0,0
784,35.20839443800014,nan,nan,nan,nan,nan,nan,nan,,READY,0.0,0.0,31.334914681143122,0,0,0,0
785,35.24984582500019,nan,nan,nan,nan,nan,nan,nan,,READY,0.0,0.0,24.12464509326908,0,0,0,0
786,35.27985157100011,nan,nan,nan,nan,nan,nan,nan,,READY,0.0,0.0,33.326950111582796,0,0,0,0
787,35.30976736699995,nan,nan,nan,nan,nan,nan,nan,,READY,0.0,0.0,33.427156676871064,0,0,0,0
788,35.34455971699981,nan,nan,nan,nan,nan,nan,nan,,READY,0.0,0.0,28.741950457614436,0,0,0,0
789,35.37721765000015,nan,nan,nan,nan,nan,nan,nan,,READY,0.0,0.0,30.62043148871924,0,0,0,0
790,35.41060033700023,nan,nan,nan,nan,nan,nan,nan,,READY,0.0,0.0,29.955647368872928,0,0,0,0
791,35.448739107000165,nan,nan,nan,nan,nan,nan,nan,,READY,0.0,0.0,26.220038034833742,0,0,0,0
792,35.47774103099982,nan,nan,nan,nan,nan,nan,nan,,READY,0.0,0.0,34.48047102019115,0,0,0,0
793,35.51218327000015,nan,nan,nan,nan,nan,nan,nan,,READY,0.0,0.0,29.034117090659944,0,0,0,0
794,35.54418264800006,nan,nan,nan,nan,nan,nan,nan,,READY,0.0,0.0,31.25060743377039,0,0,0,0
795,35.57613603600021,nan,nan,nan,nan,nan,nan,nan,,READY,0.0,0.0,31.29558593271524,0,0,0,0
796,35.6122352870002,nan,nan,nan,nan,nan,nan,nan,,READY,0.0,0.0,27.701405771552178,0,0,0,0
797,35.6444476380002,nan,nan,nan,nan,nan,nan,nan,,READY,0.0,0.0,31.04399303236366,0,0,0,0
798,35.67765886300003,nan,nan,nan,nan,nan,nan,nan,,READY,0.0,0.0,30.110301562350255,0,0,0,0
799,35.71351170300022,nan,nan,nan,nan,nan,nan,nan,,READY,0.0,0.0,27.891793230180255,0,0,0,0
800,35.74491382999986,nan,nan,nan,nan,nan,nan,nan,,READY,0.0,0.0,31.844976616123706,0,0,0,0
801,35.777060451000125,nan,nan,nan,nan,nan,nan,nan,,READY,0.0,0.0,31.107468495421116,0,0,0,0
802,35.81366804500021,nan,nan,nan,nan,nan,nan,nan,,READY,0.0,0.0,27.31673652186998,0,0,0,0
803,35.845462939999834,nan,nan,nan,nan,nan,nan,nan,,READY,0.0,0.0,31.451589949013147,0,0,0,0
804,35.881564846999936,nan,nan,nan,nan,nan,nan,nan,,READY,0.0,0.0,27.699367792321127,0,0,0,0
805,35.91234180599986,nan,nan,nan,nan,nan,nan,nan,,READY,0.0,0.0,32.49183910608316,0,0,0,0
806,35.94499182199979,nan,nan,nan,nan,nan,nan,nan,,READY,0.0,0.0,30.62785635394537,0,0,0,0
807,35.97640400199998,nan,nan,nan,nan,nan,nan,nan,,READY,0.0,0.0,31.834785105459037,0,0,0,0
808,36.012574763999964,nan,nan,nan,nan,nan,nan,nan,,READY,0.0,0.0,27.646639017460007,0,0,0,0
809,36.044288981000136,nan,nan,nan,nan,nan,nan,nan,,READY,0.0,0.0,31.53159984982723,0,0,0,0
810,36.08292395799981,nan,nan,nan,nan,nan,nan,nan,,READY,0.0,0.0,25.883281877155902,0,0,0,0
811,36.11249651800017,nan,nan,nan,nan,nan,nan,nan,,READY,0.0,0.0,33.81513132403158,0,0,0,0
812,36.144302143000004,nan,nan,nan,nan,nan,nan,nan,,READY,0.0,0.0,31.440979386672456,0,0,0,0
813,36.18073035799989,nan,nan,nan,nan,nan,nan,nan,,READY,0.0,0.0,27.45124898387413,0,0,0,0
814,36.21224790499991,nan,nan,nan,nan,nan,nan,nan,,READY,0.0,0.0,31.728357539986355,0,0,0,0
815,36.24427426300008,nan,nan,nan,nan,nan,nan,nan,,READY,0.0,0.0,31.224280949922587,0,0,0,0
816,36.280684716999986,nan,nan,nan,nan,nan,nan,nan,,READY,0.0,0.0,27.464639688441597,0,0,0,0
817,36.312836078000146,nan,nan,nan,nan,nan,nan,nan,,READY,0.0,0.0,31.102882394154815,0,0,0,0
818,36.34442070900013,nan,nan,nan,nan,nan,nan,nan,,READY,0.0,0.0,31.66096827284169,0,0,0,0
819,36.38016114999982,nan,nan,nan,nan,nan,nan,nan,,READY,0.0,0.0,27.979509262594302,0,0,0,0
820,36.414728078999815,nan,nan,nan,nan,nan,nan,nan,,READY,0.0,0.0,28.929385077864314,0,0,0,0
821,36.44601879799984,nan,nan,nan,nan,nan,nan,nan,,READY,0.0,0.0,31.95835800382756,0,0,0,0
822,36.4822172690001,nan,nan,nan,nan,nan,nan,nan,,READY,0.0,0.0,27.625476225025423,0,0,0,0
823,36.51240817500002,nan,nan,nan,nan,nan,nan,nan,,READY,0.0,0.0,33.12255683889638,0,0,0,0
824,36.55328876900012,nan,nan,nan,nan,nan,nan,nan,,READY,0.0,0.0,24.4614840967709,0,0,0,0
825,36.58163703399987,nan,nan,nan,nan,nan,nan,nan,,READY,0.0,0.0,35.27552744440747,0,0,0,0
826,36.61238487799983,nan,nan,nan,nan,nan,nan,nan,,READY,0.0,0.0,32.522605487437026,0,0,0,0
827,36.6482738640002,nan,nan,nan,nan,nan,nan,nan,,READY,0.0,0.0,27.863701693595125,0,0,0,0
828,36.680408037000234,nan,nan,nan,nan,nan,nan,nan,,READY,0.0,0.0,31.119518775200035,0,0,0,0
829,36.71232553800019,nan,nan,nan,nan,nan,nan,nan,,READY,0.0,0.0,31.330773671832418,0,0,0,0
830,36.748384319999786,nan,nan,nan,nan,nan,nan,nan,,READY,0.0,0.0,27.732495235449054,0,0,0,0
831,36.78058208699986,nan,nan,nan,nan,nan,nan,nan,,READY,0.0,0.0,31.0580544296071,0,0,0,0
832,36.813284448000104,nan,nan,nan,nan,nan,nan,nan,,READY,0.0,0.0,30.57883190734901,0,0,0,0
833,36.84816674800004,nan,nan,nan,nan,nan,nan,nan,,READY,0.0,0.0,28.667834403174247,0,0,0,0
834,36.880339671,nan,nan,nan,nan,nan,nan,nan,,READY,0.0,0.0,31.082037525815878,0,0,0,0
835,36.9131085959998,nan,nan,nan,nan,nan,nan,nan,,READY,0.0,0.0,30.51671667612217,0,0,0,0
836,36.949788275000174,nan,nan,nan,nan,nan,nan,nan,,READY,0.0,0.0,27.263052110948482,0,0,0,0
837,36.98052330600012,nan,nan,nan,nan,nan,nan,nan,,READY,0.0,0.0,32.53616370198721,0,0,0,0
838,37.012869305000095,nan,nan,nan,nan,nan,nan,nan,,READY,0.0,0.0,30.915724692901524,0,0,0,0
839,37.048500630000035,nan,nan,nan,nan,nan,nan,nan,,READY,0.0,0.0,28.06519263602116,0,0,0,0
840,37.08364152900003,nan,nan,nan,nan,nan,nan,nan,,READY,0.0,0.0,28.456870155770687,0,0,0,0
841,37.1133840399998,nan,nan,nan,nan,nan,nan,nan,,READY,0.0,0.0,33.62190905831103,0,0,0,0
842,37.1566598899999,nan,nan,nan,nan,nan,nan,nan,,READY,0.0,0.0,23.107576165406073,0,0,0,0
843,37.180585672000234,nan,nan,nan,nan,nan,nan,nan,,READY,0.0,0.0,41.795917056590945,0,0,0,0
844,37.21635548899985,nan,nan,nan,nan,nan,nan,nan,,READY,0.0,0.0,27.95653106110858,0,0,0,0
845,37.24841226499984,nan,nan,nan,nan,nan,nan,nan,,READY,0.0,0.0,31.194652887124427,0,0,0,0
846,37.280465134000224,nan,nan,nan,nan,nan,nan,nan,,READY,0.0,0.0,31.198455276752536,0,0,0,0
847,37.31636375500011,nan,nan,nan,nan,nan,nan,nan,,READY,0.0,0.0,27.85622322381503,0,0,0,0
848,37.34825156900024,nan,nan,nan,nan,nan,nan,nan,,READY,0.0,0.0,31.359942076805865,0,0,0,0
849,37.38070272699997,nan,nan,nan,nan,nan,nan,nan,,READY,0.0,0.0,30.81554131314206,0,0,0,0
850,37.41665181899998,nan,nan,nan,nan,nan,nan,nan,,READY,0.0,0.0,27.817114268135793,0,0,0,0
851,37.44917094699986,nan,nan,nan,nan,nan,nan,nan,,READY,0.0,0.0,30.751132072293156,0,0,0,0
852,37.48118662800016,nan,nan,nan,nan,nan,nan,nan,,READY,0.0,0.0,31.23469402354879,0,0,0,0
853,37.517374733999986,nan,nan,nan,nan,nan,nan,nan,,READY,0.0,0.0,27.63338871630325,0,0,0,0
854,37.54919113999995,nan,nan,nan,nan,nan,nan,nan,,READY,0.0,0.0,31.430325599981444,0,0,0,0
855,37.582280956999966,nan,nan,nan,nan,nan,nan,nan,,READY,0.0,0.0,30.220777588448104,0,0,0,0
856,37.616457616999924,nan,nan,nan,nan,nan,nan,nan,,READY,0.0,0.0,29.259734567428424,0,0,0,0
857,37.65061880900021,nan,nan,nan,nan,nan,nan,nan,,READY,0.0,0.0,29.272983214160263,0,0,0,0
858,37.68286188999991,nan,nan,nan,nan,nan,nan,nan,,READY,0.0,0.0,31.014405850641964,0,0,0,0
859,37.718067061000056,nan,nan,nan,nan,nan,nan,nan,,READY,0.0,0.0,28.404918129667067,0,0,0,0
860,37.74904376299992,nan,nan,nan,nan,nan,nan,nan,,READY,0.0,0.0,32.28232624649535,0,0,0,0
861,37.78506556399998,nan,nan,nan,nan,nan,nan,nan,,READY,0.0,0.0,27.760966199283374,0,0,0,0
862,37.81670446699991,nan,nan,nan,nan,nan,nan,nan,,READY,0.0,0.0,31.60665842308795,0,0,0,0
863,37.84903749800014,nan,nan,nan,nan,nan,nan,nan,,READY,0.0,0.0,30.928124245225852,0,0,0,0
864,37.88422219899985,nan,nan,nan,nan,nan,nan,nan,,READY,0.0,0.0,28.421443740798583,0,0,0,0
865,37.916202671000065,nan,nan,nan,nan,nan,nan,nan,,READY,0.0,0.0,31.269081957055256,0,0,0,0
866,37.948292779999974,nan,nan,nan,nan,nan,nan,nan,,READY,0.0,0.0,31.162250025477118,0,0,0,0
867,37.98441437500014,nan,nan,nan,nan,nan,nan,nan,,READY,0.0,0.0,27.68427030964033,0,0,0,0
868,38.016818501000216,nan,nan,nan,nan,nan,nan,nan,,READY,0.0,0.0,30.860267609060507,0,0,0,0
869,38.048352556999816,nan,nan,nan,nan,nan,nan,nan,,READY,0.0,0.0,31.711746817874523,0,0,0,0
870,38.084914733999994,nan,nan,nan,nan,nan,nan,nan,,READY,0.0,0.0,27.35066897124671,0,0,0,0
871,38.11645587400017,nan,nan,nan,nan,nan,nan,nan,,READY,0.0,0.0,31.704624499765753,0,0,0,0
872,38.14868744400019,nan,nan,nan,nan,nan,nan,nan,,READY,0.0,0.0,31.025482159240934,0,0,0,0
873,38.18455278400006,nan,nan,nan,nan,nan,nan,nan,,READY,0.0,0.0,27.882072218011658,0,0,0,0
874,38.22210524000002,nan,nan,nan,nan,nan,nan,nan,,READY,0.0,0.0,26.629416728459226,0,0,0,0
875,38.25002698700018,nan,nan,nan,nan,nan,nan,nan,,READY,0.0,0.0,35.81437794684284,0,0,0,0
876,38.288651130999824,nan,nan,nan,nan,nan,nan,nan,,READY,0.0,0.0,25.89054141910025,0,0,0,0
877,38.31771925300018,nan,nan,nan,nan,nan,nan,nan,,READY,0.0,0.0,34.40194725988284,0,0,0,0
878,38.35018978700009,nan,nan,nan,nan,nan,nan,nan,,READY,0.0,0.0,30.79715288953017,0,0,0,0
879,38.38767239800018,nan,nan,nan,nan,nan,nan,nan,,READY,0.0,0.0,26.679037914346075,0,0,0,0
880,38.41836133400011,nan,nan,nan,nan,nan,nan,nan,,READY,0.0,0.0,32.5850332511423,0,0,0,0
881,38.4532283210001,nan,nan,nan,nan,nan,nan,nan,,READY,0.0,0.0,28.68042483855521,0,0,0,0
882,38.48522072000014,nan,nan,nan,nan,nan,nan,nan,,READY,0.0,0.0,31.25742461509554,0,0,0,0
883,38.51625997500014,nan,nan,nan,nan,nan,nan,nan,,READY,0.0,0.0,32.217268101316456,0,0,0,0
884,38.55222089000017,nan,nan,nan,nan,nan,nan,nan,,READY,0.0,0.0,27.807968734919537,0,0,0,0
885,38.58421037200014,nan,nan,nan,nan,nan,nan,nan,,READY,0.0,0.0,31.260274861621166,0,0,0,0
886,38.6164224109998,nan,nan,nan,nan,nan,nan,nan,,READY,0.0,0.0,31.04429371920727,0,0,0,0
887,38.65232092799988,nan,nan,nan,nan,nan,nan,nan,,READY,0.0,0.0,27.856303924695037,0,0,0,0
888,38.68432587999996,nan,nan,nan,nan,nan,nan,nan,,READY,0.0,0.0,31.245164810668065,0,0,0,0
889,38.716670265000175,nan,nan,nan,nan,nan,nan,nan,,READY,0.0,0.0,30.917267401849,0,0,0,0
890,38.752604251999855,nan,nan,nan,nan,nan,nan,nan,,READY,0.0,0.0,27.828807307380046,0,0,0,0
891,38.78510332799988,nan,nan,nan,nan,nan,nan,nan,,READY,0.0,0.0,30.7701055869812,0,0,0,0
892,38.81736870099985,nan,nan,nan,nan,nan,nan,nan,,READY,0.0,0.0,30.99297813792018,0,0,0,0
893,38.85323721800023,nan,nan,nan,nan,nan,nan,nan,,READY,0.0,0.0,27.879602604963537,0,0,0,0
894,38.88731272999985,nan,nan,nan,nan,nan,nan,nan,,READY,0.0,0.0,29.34658766128669,0,0,0,0
895,38.91664393100018,nan,nan,nan,nan,nan,nan,nan,,READY,0.0,0.0,34.09338744733581,0,0,0,0
896,38.95243697800015,nan,nan,nan,nan,nan,nan,nan,,READY,0.0,0.0,27.938387028096137,0,0,0,0
897,38.98546491800016,nan,nan,nan,nan,nan,nan,nan,,READY,0.0,0.0,30.2773954415465,0,0,0,0
898,39.02100066799994,nan,nan,nan,nan,nan,nan,nan,,READY,0.0,0.0,28.140675235675843,0,0,0,0
899,39.05235743000003,nan,nan,nan,nan,nan,nan,nan,,READY,0.0,0.0,31.8910479340065,0,0,0,0
900,39.085320107999905,nan,nan,nan,nan,nan,nan,nan,,READY,0.0,0.0,30.33734091640723,0,0,0,0
901,39.12032313899999,nan,nan,nan,nan,nan,nan,nan,,READY,0.0,0.0,28.568954499897455,0,0,0,0
902,39.15248778100022,nan,nan,nan,nan,nan,nan,nan,,READY,0.0,0.0,31.090039801872997,0,0,0,0
903,39.184332521000215,nan,nan,nan,nan,nan,nan,nan,,READY,0.0,0.0,31.402360327014758,0,0,0,0
904,39.22034276000022,nan,nan,nan,nan,nan,nan,nan,,READY,0.0,0.0,27.769879561194195,0,0,0,0
905,39.25225307400024,nan,nan,nan,nan,nan,nan,nan,,READY,0.0,0.0,31.33783014480909,0,0,0,0
906,39.2851259590002,nan,nan,nan,nan,nan,nan,nan,,READY,0.0,0.0,30.420208022544923,0,0,0,0
907,39.32197329700011,nan,nan,nan,nan,nan,nan,nan,,READY,0.0,0.0,27.139002551616677,0,0,0,0
908,39.353688607000095,nan,nan,nan,nan,nan,nan,nan,,READY,0.0,0.0,31.530513181191875,0,0,0,0
909,39.38558689000001,nan,nan,nan,nan,nan,nan,nan,,READY,0.0,0.0,31.349649760225404,0,0,0,0
910,39.42040148000024,nan,nan,nan,nan,nan,nan,nan,,READY,0.0,0.0,28.723589736187467,0,0,0,0
911,39.46362222400012,nan,nan,nan,nan,nan,nan,nan,,READY,0.0,0.0,23.137038085293742,0,0,0,0
912,39.48624199100004,nan,nan,nan,nan,nan,nan,nan,,READY,0.0,0.0,44.20912027976996,0,0,0,0
913,39.52385455300009,nan,nan,nan,nan,nan,nan,nan,,READY,0.0,0.0,26.58686212331634,0,0,0,0
914,39.55336507999982,nan,nan,nan,nan,nan,nan,nan,,READY,0.0,0.0,33.886212876143205,0,0,0,0
915,39.59436234399982,nan,nan,nan,nan,nan,nan,nan,,READY,0.0,0.0,24.391871613677765,0,0,0,0
916,39.640744348000226,nan,nan,nan,nan,nan,nan,nan,,READY,0.0,0.0,21.560086105620485,0,0,0,0
917,39.65729248600019,nan,nan,nan,nan,nan,nan,nan,,READY,0.0,0.0,60.42975952957981,0,0,0,0
918,39.689246654999806,nan,nan,nan,nan,nan,nan,nan,,READY,0.0,0.0,31.29482102982985,0,0,0,0
919,39.72586784299983,nan,nan,nan,nan,nan,nan,nan,,READY,0.0,0.0,27.306596388934125,0,0,0,0
920,39.7594369389999,nan,nan,nan,nan,nan,nan,nan,,READY,0.0,0.0,29.789303828678356,0,0,0,0
921,39.7891992939999,nan,nan,nan,nan,nan,nan,nan,,READY,0.0,0.0,33.59949170688655,0,0,0,0
922,39.82033646799982,nan,nan,nan,nan,nan,nan,nan,,READY,0.0,0.0,32.11595246256033,0,0,0,0
923,39.85253137100017,nan,nan,nan,nan,nan,nan,nan,,READY,0.0,0.0,31.060817297361545,0,0,0,0
924,39.88822108300019,nan,nan,nan,nan,nan,nan,nan,,READY,0.0,0.0,28.01927905720855,0,0,0,0
925,39.9211899070001,nan,nan,nan,nan,nan,nan,nan,,READY,0.0,0.0,30.33168547360898,0,0,0,0
926,39.952463437999995,nan,nan,nan,nan,nan,nan,nan,,READY,0.0,0.0,31.975922386355798,0,0,0,0
927,39.99095961000012,nan,nan,nan,nan,nan,nan,nan,,READY,0.0,0.0,25.976608791045706,0,0,0,0
928,40.02444912200008,nan,nan,nan,nan,nan,nan,nan,,READY,0.0,0.0,29.860094706700767,0,0,0,0
929,40.054288354000164,nan,nan,nan,nan,nan,nan,nan,,READY,0.0,0.0,33.51292687416104,0,0,0,0
930,40.094580551000035,nan,nan,nan,nan,nan,nan,nan,,READY,0.0,0.0,24.818701248859394,0,0,0,0
931,40.132827292,nan,nan,nan,nan,nan,nan,nan,,READY,0.0,0.0,26.14601855883307,0,0,0,0
932,40.16073737099987,nan,nan,nan,nan,nan,nan,nan,,READY,0.0,0.0,35.82935039362598,0,0,0,0
933,40.19047482999986,nan,nan,nan,nan,nan,nan,nan,,READY,0.0,0.0,33.62762097462224,0,0,0,0
934,40.22262509700022,nan,nan,nan,nan,nan,nan,nan,,READY,0.0,0.0,31.103940753859675,0,0,0,0
935,40.25690082199981,nan,nan,nan,nan,nan,nan,nan,,READY,0.0,0.0,29.175166973477815,0,0,0,0
936,40.289127548000124,nan,nan,nan,nan,nan,nan,nan,,READY,0.0,0.0,31.030145599964285,0,0,0,0
937,40.32228059499994,nan,nan,nan,nan,nan,nan,nan,,READY,0.0,0.0,30.16314005785359,0,0,0,0
938,40.35610823900015,nan,nan,nan,nan,nan,nan,nan,,READY,0.0,0.0,29.561621258451716,0,0,0,0
939,40.38838798699999,nan,nan,nan,nan,nan,nan,nan,,READY,0.0,0.0,30.979176169685267,0,0,0,0
940,40.421235714999966,nan,nan,nan,nan,nan,nan,nan,,READY,0.0,0.0,30.443505864413055,0,0,0,0
941,40.45662739999989,nan,nan,nan,nan,nan,nan,nan,,READY,0.0,0.0,28.255224355726373,0,0,0,0
942,40.48906392199979,nan,nan,nan,nan,nan,nan,nan,,READY,0.0,0.0,30.82944589445013,0,0,0,0
943,40.52056172799985,nan,nan,nan,nan,nan,nan,nan,,READY,0.0,0.0,31.748243036294514,0,0,0,0
944,40.55784292899989,nan,nan,nan,nan,nan,nan,nan,,READY,0.0,0.0,26.823170208462,0,0,0,0
945,40.58834144399998,nan,nan,nan,nan,nan,nan,nan,,READY,0.0,0.0,32.788481668600596,0,0,0,0
946,40.62390313200012,nan,nan,nan,nan,nan,nan,nan,,READY,0.0,0.0,28.120149977019242,0,0,0,0
947,40.657011125999816,nan,nan,nan,nan,nan,nan,nan,,READY,0.0,0.0,30.204185732584286,0,0,0,0
948,40.69600142299987,nan,nan,nan,nan,nan,nan,nan,,READY,0.0,0.0,25.647406584222562,0,0,0,0
949,40.72905472799994,nan,nan,nan,nan,nan,nan,nan,,READY,0.0,0.0,30.254160665566737,0,0,0,0
950,40.760716912000134,nan,nan,nan,nan,nan,nan,nan,,READY,0.0,0.0,31.583418250420536,0,0,0,0
951,40.790182387000186,nan,nan,nan,nan,nan,nan,nan,,READY,0.0,0.0,33.93802407727151,0,0,0,0
952,40.82523380400016,nan,nan,nan,nan,nan,nan,nan,,READY,0.0,0.0,28.529517080597856,0,0,0,0
953,40.85783538199985,nan,nan,nan,nan,nan,nan,nan,,READY,0.0,0.0,30.673361884803825,0,0,0,0
954,40.88918688300009,nan,nan,nan,nan,nan,nan,nan,,READY,0.0,0.0,31.89639947357523,0,0,0,0
955,40.924339447999955,nan,nan,nan,nan,nan,nan,nan,,READY,0.0,0.0,28.44742624055808,0,0,0,0
956,40.956396379000125,nan,nan,nan,nan,nan,nan,nan,,READY,0.0,0.0,31.1945020561916,0,0,0,0
957,40.98832497500007,nan,nan,nan,nan,nan,nan,nan,,READY,0.0,0.0,31.319886411597118,0,0,0,0
958,41.024348703000214,nan,nan,nan,nan,nan,nan,nan,,READY,0.0,0.0,27.75948119517106,0,0,0,0
959,41.05650334500024,nan,nan,nan,nan,nan,nan,nan,,READY,0.0,0.0,31.099708713885846,0,0,0,0
960,41.08918700799995,nan,nan,nan,nan,nan,nan,nan,,READY,0.0,0.0,30.596325754817883,0,0,0,0
961,41.124379365000095,nan,nan,nan,nan,nan,nan,nan,,READY,0.0,0.0,28.41526073391365,0,0,0,0
962,41.15641629599986,nan,nan,nan,nan,nan,nan,nan,,READY,0.0,0.0,31.213976145446242,0,0,0,0
963,41.18916907499988,nan,nan,nan,nan,nan,nan,nan,,READY,0.0,0.0,30.531760373657995,0,0,0,0
964,41.22442487099988,nan,nan,nan,nan,nan,nan,nan,,READY,0.0,0.0,28.364130538988928,0,0,0,0
965,41.26017489600008,nan,nan,nan,nan,nan,nan,nan,,READY,0.0,0.0,27.97200841102829,0,0,0,0
966,41.293430080000235,nan,nan,nan,nan,nan,nan,nan,,READY,0.0,0.0,30.07049968496224,0,0,0,0
967,41.32449766899981,nan,nan,nan,nan,nan,nan,nan,,READY,0.0,0.0,32.18788558113199,0,0,0,0
968,41.357162582,nan,nan,nan,nan,nan,nan,nan,,READY,0.0,0.0,30.613888363767956,0,0,0,0
969,41.39260332899994,nan,nan,nan,nan,nan,nan,nan,,READY,0.0,0.0,28.21610955327012,0,0,0,0
970,41.427350626000134,nan,nan,nan,nan,nan,nan,nan,,READY,0.0,0.0,28.779216984688098,0,0,0,0
971,41.46357810800009,nan,nan,nan,nan,nan,nan,nan,,READY,0.0,0.0,27.603353719177843,0,0,0,0
972,41.49388984899997,nan,nan,nan,nan,nan,nan,nan,,READY,0.0,0.0,32.99051677711406,0,0,0,0
973,41.52454399299995,nan,nan,nan,nan,nan,nan,nan,,READY,0.0,0.0,32.6220167818286,0,0,0,0
974,41.55624773999989,nan,nan,nan,nan,nan,nan,nan,,READY,0.0,0.0,31.542012999345612,0,0,0,0
975,41.59282236499985,nan,nan,nan,nan,nan,nan,nan,,READY,0.0,0.0,27.341360301060185,0,0,0,0
976,41.62448001800021,nan,nan,nan,nan,nan,nan,nan,,READY,0.0,0.0,31.587938625407396,0,0,0,0
977,41.65663163799991,nan,nan,nan,nan,nan,nan,nan,,READY,0.0,0.0,31.102631842796338,0,0,0,0
978,41.693417882000176,nan,nan,nan,nan,nan,nan,nan,,READY,0.0,0.0,27.184074568545494,0,0,0,0
979,41.72517496299997,nan,nan,nan,nan,nan,nan,nan,,READY,0.0,0.0,31.48904019252976,0,0,0,0
980,41.75701048400015,nan,nan,nan,nan,nan,nan,nan,,READY,0.0,0.0,31.411453891220663,0,0,0,0
981,41.79872062599998,nan,nan,nan,nan,nan,nan,nan,,READY,0.0,0.0,23.974984309669857,0,0,0,0
982,41.82539010800019,nan,nan,nan,nan,nan,nan,nan,,READY,0.0,0.0,37.4960413551305,0,0,0,0
983,41.8588125350002,nan,nan,nan,nan,nan,nan,nan,,READY,0.0,0.0,29.92002944609173,0,0,0,0
984,41.89301497699989,nan,nan,nan,nan,nan,nan,nan,,READY,0.0,0.0,29.237678409304447,0,0,0,0
985,41.92513691000022,nan,nan,nan,nan,nan,nan,nan,,READY,0.0,0.0,31.131376806926678,0,0,0,0
986,41.9628262440001,nan,nan,nan,nan,nan,nan,nan,,READY,0.0,0.0,26.532705513003165,0,0,0,0
987,41.99252495200017,nan,nan,nan,nan,nan,nan,nan,,READY,0.0,0.0,33.67149843682345,0,0,0,0
988,42.02455334100023,nan,nan,nan,nan,nan,nan,nan,,READY,0.0,0.0,31.22230094052172,0,0,0,0
989,42.063502491000236,nan,nan,nan,nan,nan,nan,nan,,READY,0.0,0.0,25.67450124071523,0,0,0,0
990,42.0931495320001,nan,nan,nan,nan,nan,nan,nan,,READY,0.0,0.0,33.7301790085782,0,0,0,0
991,42.12455863800005,nan,nan,nan,nan,nan,nan,nan,,READY,0.0,0.0,31.837900766784536,0,0,0,0
992,42.16106675099991,nan,nan,nan,nan,nan,nan,nan,,READY,0.0,0.0,27.391171929482894,0,0,0,0
993,42.19243887699986,nan,nan,nan,nan,nan,nan,nan,,READY,0.0,0.0,31.87542980037626,0,0,0,0
994,42.224435859000096,nan,nan,nan,nan,nan,nan,nan,,READY,0.0,0.0,31.25294754338368,0,0,0,0
995,42.26050474500016,nan,nan,nan,nan,nan,nan,nan,,READY,0.0,0.0,27.724726513542965,0,0,0,0
996,42.292262086999926,nan,nan,nan,nan,nan,nan,nan,,READY,0.0,0.0,31.488781397618894,0,0,0,0
997,42.324507407000056,nan,nan,nan,nan,nan,nan,nan,,READY,0.0,0.0,31.012252320522638,0,0,0,0
998,42.360899216000234,nan,nan,nan,nan,nan,nan,nan,,READY,0.0,0.0,27.47871093726294,0,0,0,0
999,42.39380829899983,nan,nan,nan,nan,nan,nan,nan,,READY,0.0,0.0,30.386747634758215,0,0,0,0
1000,42.424675520000164,nan,nan,nan,nan,nan,nan,nan,,READY,0.0,0.0,32.39682639357599,0,0,0,0
1001,42.46239474999993,nan,nan,nan,nan,nan,nan,nan,,READY,0.0,0.0,26.51167587477806,0,0,0,0
1002,42.49790956200013,nan,nan,nan,nan,nan,nan,nan,,READY,0.0,0.0,28.157265762643785,0,0,0,0
1003,42.53098375299987,nan,nan,nan,nan,nan,nan,nan,,READY,0.0,0.0,30.235055485040245,0,0,0,0
1004,42.561469820000184,nan,nan,nan,nan,nan,nan,nan,,READY,0.0,0.0,32.80186978496777,0,0,0,0
1005,42.59283153000024,nan,nan,nan,nan,nan,nan,nan,,READY,0.0,0.0,31.886016419328755,0,0,0,0
1006,42.632873045,nan,nan,nan,nan,nan,nan,nan,,READY,0.0,0.0,24.974080026843822,0,0,0,0
1007,42.66219992300012,nan,nan,nan,nan,nan,nan,nan,,READY,0.0,0.0,34.098413066536146,0,0,0,0
1008,42.69313490500008,nan,nan,nan,nan,nan,nan,nan,,READY,0.0,0.0,32.32586332202207,0,0,0,0
1009,42.72907956900008,nan,nan,nan,nan,nan,nan,nan,,READY,0.0,0.0,27.820541040529275,0,0,0,0
1010,42.76311455999985,nan,nan,nan,nan,nan,nan,nan,,READY,0.0,0.0,29.381526794196034,0,0,0,0
1011,42.79365193100011,nan,nan,nan,nan,nan,nan,nan,,READY,0.0,0.0,32.746761336833856,0,0,0,0
1012,42.82912887700013,nan,nan,nan,nan,nan,nan,nan,,READY,0.0,0.0,28.187319167763746,0,0,0,0
1013,42.86116617300013,nan,nan,nan,nan,nan,nan,nan,,READY,0.0,0.0,31.213620525279147,0,0,0,0
1014,42.89255038300007,nan,nan,nan,nan,nan,nan,nan,,READY,0.0,0.0,31.863156663871717,0,0,0,0
1015,42.928250927000136,nan,nan,nan,nan,nan,nan,nan,,READY,0.0,0.0,28.010777650844307,0,0,0,0
1016,42.9604107250002,nan,nan,nan,nan,nan,nan,nan,,READY,0.0,0.0,31.094722672012598,0,0,0,0
1017,42.993266891000076,nan,nan,nan,nan,nan,nan,nan,,READY,0.0,0.0,30.435687475033845,0,0,0,0
1018,43.02795595799989,nan,nan,nan,nan,nan,nan,nan,,READY,0.0,0.0,28.82752655196125,0,0,0,0
1019,43.060589618999984,nan,nan,nan,nan,nan,nan,nan,,READY,0.0,0.0,30.64320610541421,0,0,0,0
1020,43.09811483500016,nan,nan,nan,nan,nan,nan,nan,,READY,0.0,0.0,26.648747338197815,0,0,0,0
1021,43.12870402899989,nan,nan,nan,nan,nan,nan,nan,,READY,0.0,0.0,32.69128307234236,0,0,0,0
1022,43.160610802000065,nan,nan,nan,nan,nan,nan,nan,,READY,0.0,0.0,31.34130800361932,0,0,0,0
1023,43.204211292999844,nan,nan,nan,nan,nan,nan,nan,,READY,0.0,0.0,22.935521528990705,0,0,0,0
1024,43.22859338599983,nan,nan,nan,nan,nan,nan,nan,,READY,0.0,0.0,41.01370624747391,0,0,0,0
1025,43.26070412099989,nan,nan,nan,nan,nan,nan,nan,,READY,0.0,0.0,31.142233274888422,0,0,0,0
1026,43.296370602000025,nan,nan,nan,nan,nan,nan,nan,,READY,0.0,0.0,28.037529129835384,0,0,0,0
1027,43.32829300000003,nan,nan,nan,nan,nan,nan,nan,,READY,0.0,0.0,31.325967428882063,0,0,0,0
1028,43.360476130999814,nan,nan,nan,nan,nan,nan,nan,,READY,0.0,0.0,31.0721787761027,0,0,0,0
1029,43.396264385999984,nan,nan,nan,nan,nan,nan,nan,,READY,0.0,0.0,27.9421279410029,0,0,0,0
1030,43.43069719799996,nan,nan,nan,nan,nan,nan,nan,,READY,0.0,0.0,29.042066038656962,0,0,0,0
1031,43.46049106400005,nan,nan,nan,nan,nan,nan,nan,,READY,0.0,0.0,33.56395574837277,0,0,0,0
1032,43.496207285999844,nan,nan,nan,nan,nan,nan,nan,,READY,0.0,0.0,27.998482034461286,0,0,0,0
1033,43.528350000000046,nan,nan,nan,nan,nan,nan,nan,,READY,0.0,0.0,31.111249659681206,0,0,0,0
1034,43.561104132999844,nan,nan,nan,nan,nan,nan,nan,,READY,0.0,0.0,30.530498242959236,0,0,0,0
1035,43.59742354399987,nan,nan,nan,nan,nan,nan,nan,,READY,0.0,0.0,27.533486157013613,0,0,0,0
1036,43.62852269599989,nan,nan,nan,nan,nan,nan,nan,,READY,0.0,0.0,32.15521760848069,0,0,0,0
1037,43.664990338999814,nan,nan,nan,nan,nan,nan,nan,,READY,0.0,0.0,27.421569307402077,0,0,0,0
1038,43.697606135000115,nan,nan,nan,nan,nan,nan,nan,,READY,0.0,0.0,30.65999063738308,0,0,0,0
1039,43.72886648900021,nan,nan,nan,nan,nan,nan,nan,,READY,0.0,0.0,31.989401015641594,0,0,0,0
1040,43.76571768099984,nan,nan,nan,nan,nan,nan,nan,,READY,0.0,0.0,27.136164279571144,0,0,0,0
1041,43.81846960199982,nan,nan,nan,nan,nan,nan,nan,,READY,0.0,0.0,18.95665562587496,0,0,0,0
1042,43.8394083459998,nan,nan,nan,nan,nan,nan,nan,,READY,0.0,0.0,47.75835647071686,0,0,0,0
1043,43.86479962600015,nan,nan,nan,nan,nan,nan,nan,,READY,0.0,0.0,39.38359940838951,0,0,0,0
1044,43.89744250600006,nan,nan,nan,nan,nan,nan,nan,,READY,0.0,0.0,30.63455185335033,0,0,0,0
1045,43.92845196899998,nan,nan,nan,nan,nan,nan,nan,,READY,0.0,0.0,32.24822048684394,0,0,0,0
1046,43.96438215399985,nan,nan,nan,nan,nan,nan,nan,,READY,0.0,0.0,27.83175204924815,0,0,0,0
1047,43.99642908499982,nan,nan,nan,nan,nan,nan,nan,,READY,0.0,0.0,31.204236062448466,0,0,0,0
1048,44.03098752400001,nan,nan,nan,nan,nan,nan,nan,,READY,0.0,0.0,28.936492183411705,0,0,0,0
1049,44.064355991999946,nan,nan,nan,nan,nan,nan,nan,,READY,0.0,0.0,29.96841209497377,0,0,0,0
1050,44.09729044000005,nan,nan,nan,nan,nan,nan,nan,,READY,0.0,0.0,30.363344787099436,0,0,0,0
1051,44.12931674599986,nan,nan,nan,nan,nan,nan,nan,,READY,0.0,0.0,31.224331648052956,0,0,0,0
1052,44.16430779700022,nan,nan,nan,nan,nan,nan,nan,,READY,0.0,0.0,28.578735745596266,0,0,0,0
1053,44.196417802999804,nan,nan,nan,nan,nan,nan,nan,,READY,0.0,0.0,31.14294030380897,0,0,0,0
1054,44.23283060099993,nan,nan,nan,nan,nan,nan,nan,,READY,0.0,0.0,27.46287170781191,0,0,0,0
1055,44.26457283899981,nan,nan,nan,nan,nan,nan,nan,,READY,0.0,0.0,31.503764794524464,0,0,0,0
1056,44.296495912999944,nan,nan,nan,nan,nan,nan,nan,,READY,0.0,0.0,31.32530407302981,0,0,0,0
1057,44.332436461999805,nan,nan,nan,nan,nan,nan,nan,,READY,0.0,0.0,27.823726343297484,0,0,0,0
1058,44.37142910300008,nan,nan,nan,nan,nan,nan,nan,,READY,0.0,0.0,25.64586481825867,0,0,0,0
1059,44.397138513999835,nan,nan,nan,nan,nan,nan,nan,,READY,0.0,0.0,38.89626254018925,0,0,0,0
1060,44.43406210300009,nan,nan,nan,nan,nan,nan,nan,,READY,0.0,0.0,27.082957726377913,0,0,0,0
1061,44.46464905799985,nan,nan,nan,nan,nan,nan,nan,,READY,0.0,0.0,32.6936761115243,0,0,0,0
1062,44.49670359299989,nan,nan,nan,nan,nan,nan,nan,,READY,0.0,0.0,31.19683377090511,0,0,0,0
1063,44.53256752700008,nan,nan,nan,nan,nan,nan,nan,,READY,0.0,0.0,27.88316529900765,0,0,0,0
1064,44.5645843530001,nan,nan,nan,nan,nan,nan,nan,,READY,0.0,0.0,31.23357699477953,0,0,0,0
1065,44.59654638700022,nan,nan,nan,nan,nan,nan,nan,,READY,0.0,0.0,31.287120212573257,0,0,0,0
1066,44.63343929800021,nan,nan,nan,nan,nan,nan,nan,,READY,0.0,0.0,27.105478339731057,0,0,0,0
1067,44.664732257000196,nan,nan,nan,nan,nan,nan,nan,,READY,0.0,0.0,31.956070373546726,0,0,0,0
1068,44.69777853000005,nan,nan,nan,nan,nan,nan,nan,,READY,0.0,0.0,30.260598525116755,0,0,0,0
1069,44.732345198000075,nan,nan,nan,nan,nan,nan,nan,,READY,0.0,0.0,28.929603512819874,0,0,0,0
1070,44.76500953799996,nan,nan,nan,nan,nan,nan,nan,,READY,0.0,0.0,30.614425394898035,0,0,0,0
1071,44.79706021899983,nan,nan,nan,nan,nan,nan,nan,,READY,0.0,0.0,31.200585098455576,0,0,0,0
1072,44.83290404699983,nan,nan,nan,nan,nan,nan,nan,,READY,0.0,0.0,27.898805897631114,0,0,0,0
1073,44.8654842699998,nan,nan,nan,nan,nan,nan,nan,,READY,0.0,0.0,30.693467015280376,0,0,0,0
1074,44.91121818900001,nan,nan,nan,nan,nan,nan,nan,,READY,0.0,0.0,21.865609199057296,0,0,0,0
1075,44.93352420000019,nan,nan,nan,nan,nan,nan,nan,,READY,0.0,0.0,44.83096506999029,0,0,0,0
1076,44.96635526099999,nan,nan,nan,nan,nan,nan,nan,,READY,0.0,0.0,30.4589607995362,0,0,0,0
1077,45.001498555000126,nan,nan,nan,nan,nan,nan,nan,,READY,0.0,0.0,28.454930832497713,0,0,0,0
1078,45.03326813700005,nan,nan,nan,nan,nan,nan,nan,,READY,0.0,0.0,31.476649582685074,0,0,0,0
1079,45.06603211299989,nan,nan,nan,nan,nan,nan,nan,,READY,0.0,0.0,30.521326227464716,0,0,0,0
1080,45.10060086500016,nan,nan,nan,nan,nan,nan,nan,,READY,0.0,0.0,28.927859472399664,0,0,0,0
1081,45.132618525,nan,nan,nan,nan,nan,nan,nan,,READY,0.0,0.0,31.232763418846698,0,0,0,0
1082,45.16459592299998,nan,nan,nan,nan,nan,nan,nan,,READY,0.0,0.0,31.272087866579934,0,0,0,0
1083,45.20046897100019,nan,nan,nan,nan,nan,nan,nan,,READY,0.0,0.0,27.876081229397684,0,0,0,0
1084,45.232381472999805,nan,nan,nan,nan,nan,nan,nan,,READY,0.0,0.0,31.335681546125972,0,0,0,0
1085,45.265014561000044,nan,nan,nan,nan,nan,nan,nan,,READY,0.0,0.0,30.643744165206883,0,0,0,0
1086,45.301384336999945,nan,nan,nan,nan,nan,nan,nan,,READY,0.0,0.0,27.495357683883267,0,0,0,0
1087,45.3328415699998,nan,nan,nan,nan,nan,nan,nan,,READY,0.0,0.0,31.78919137625977,0,0,0,0
1088,45.36469615299984,nan,nan,nan,nan,nan,nan,nan,,READY,0.0,0.0,31.39265706283881,0,0,0,0
1089,45.400891134000176,nan,nan,nan,nan,nan,nan,nan,,READY,0.0,0.0,27.628139934394156,0,0,0,0
1090,45.432899888000065,nan,nan,nan,nan,nan,nan,nan,,READY,0.0,0.0,31.241453509982104,0,0,0,0
1091,45.46862439100005,nan,nan,nan,nan,nan,nan,nan,,READY,0.0,0.0,27.99199193899138,0,0,0,0
1092,45.50423972599992,nan,nan,nan,nan,nan,nan,nan,,READY,0.0,0.0,28.07779289464812,0,0,0,0
1093,45.532808098999794,nan,nan,nan,nan,nan,nan,nan,,READY,0.0,0.0,35.00374347550413,0,0,0,0
1094,45.56871317900004,nan,nan,nan,nan,nan,nan,nan,,READY,0.0,0.0,27.851212140262533,0,0,0,0
1095,45.60130720400002,nan,nan,nan,nan,nan,nan,nan,,READY,0.0,0.0,30.680469810052724,0,0,0,0
1096,45.634618534999845,nan,nan,nan,nan,nan,nan,nan,,READY,0.0,0.0,30.019815179565406,0,0,0,0
1097,45.67104466699993,nan,nan,nan,nan,nan,nan,nan,,READY,0.0,0.0,27.452818762024723,0,0,0,0
1098,45.7042926109998,nan,nan,nan,nan,nan,nan,nan,,READY,0.0,0.0,30.07704777185544,0,0,0,0
1099,45.73258832300007,nan,nan,nan,nan,nan,nan,nan,,READY,0.0,0.0,35.34104390058769,0,0,0,0
1100,45.77502660400023,nan,nan,nan,nan,nan,nan,nan,,READY,0.0,0.0,23.56363114698863,0,0,0,0
1101,45.80067304500017,nan,nan,nan,nan,nan,nan,nan,,READY,0.0,0.0,38.99176497832674,0,0,0,0
1102,45.83264075499983,nan,nan,nan,nan,nan,nan,nan,,READY,0.0,0.0,31.28156505456782,0,0,0,0
1103,45.869279130999985,nan,nan,nan,nan,nan,nan,nan,,READY,0.0,0.0,27.29378616551559,0,0,0,0
1104,45.90118730899985,nan,nan,nan,nan,nan,nan,nan,,READY,0.0,0.0,31.33992796467951,0,0,0,0
1105,45.93258401899993,nan,nan,nan,nan,nan,nan,nan,,READY,0.0,0.0,31.850470956906705,0,0,0,0
1106,45.968352220999805,nan,nan,nan,nan,nan,nan,nan,,READY,0.0,0.0,27.957793349623213,0,0,0,0
1107,46.0007117629998,nan,nan,nan,nan,nan,nan,nan,,READY,0.0,0.0,30.902785954144967,0,0,0,0
1108,46.03983617699987,nan,nan,nan,nan,nan,nan,nan,,READY,0.0,0.0,25.559488251969466,0,0,0,0
1109,46.069067636,nan,nan,nan,nan,nan,nan,nan,,READY,0.0,0.0,34.209719056293544,0,0,0,0
1110,46.102227348999804,nan,nan,nan,nan,nan,nan,nan,,READY,0.0,0.0,30.157076450145894,0,0,0,0
1111,46.13717240999995,nan,nan,nan,nan,nan,nan,nan,,READY,0.0,0.0,28.616347242772814,0,0,0,0
1112,46.1697260699998,nan,nan,nan,nan,nan,nan,nan,,READY,0.0,0.0,30.718512142863524,0,0,0,0
1113,46.200550528999884,nan,nan,nan,nan,nan,nan,nan,,READY,0.0,0.0,32.44176969974345,0,0,0,0
1114,46.2408448619999,nan,nan,nan,nan,nan,nan,nan,,READY,0.0,0.0,24.81738561101155,0,0,0,0
1115,46.26850212299996,nan,nan,nan,nan,nan,nan,nan,,READY,0.0,0.0,36.156870342218085,0,0,0,0
1116,46.30219028500005,nan,nan,nan,nan,nan,nan,nan,,READY,0.0,0.0,29.68401778634712,0,0,0,0
1117,46.33640335200016,nan,nan,nan,nan,nan,nan,nan,,READY,0.0,0.0,29.228598535079964,0,0,0,0
1118,46.36840658400024,nan,nan,nan,nan,nan,nan,nan,,READY,0.0,0.0,31.246844068671777,0,0,0,0
1119,46.40026299100009,nan,nan,nan,nan,nan,nan,nan,,READY,0.0,0.0,31.39085961592291,0,0,0,0
1120,46.43711131800001,nan,nan,nan,nan,nan,nan,nan,,READY,0.0,0.0,27.13827414748786,0,0,0,0
1121,46.46853688300007,nan,nan,nan,nan,nan,nan,nan,,READY,0.0,0.0,31.821225807650187,0,0,0,0
1122,46.50058756399994,nan,nan,nan,nan,nan,nan,nan,,READY,0.0,0.0,31.200585098455576,0,0,0,0
1123,46.536872755999866,nan,nan,nan,nan,nan,nan,nan,,READY,0.0,0.0,27.559451800671823,0,0,0,0
1124,46.5688227579999,nan,nan,nan,nan,nan,nan,nan,,READY,0.0,0.0,31.298902579068542,0,0,0,0
1125,46.60476913999992,nan,nan,nan,nan,nan,nan,nan,,READY,0.0,0.0,27.81921140212222,0,0,0,0
1126,46.63740472900008,nan,nan,nan,nan,nan,nan,nan,,READY,0.0,0.0,30.64139580857396,0,0,0,0
1127,46.669316396999875,nan,nan,nan,nan,nan,nan,nan,,READY,0.0,0.0,31.33650049275011,0,0,0,0
1128,46.710849556000085,nan,nan,nan,nan,nan,nan,nan,,READY,0.0,0.0,24.077147611019686,0,0,0,0
1129,46.737380909999956,nan,nan,nan,nan,nan,nan,nan,,READY,0.0,0.0,37.69125390301767,0,0,0,0
1130,46.77049385200007,nan,nan,nan,nan,nan,nan,nan,,READY,0.0,0.0,30.19967238176819,0,0,0,0
1131,46.80509432300005,nan,nan,nan,nan,nan,nan,nan,,READY,0.0,0.0,28.901340678301484,0,0,0,0
1132,46.83656113799998,nan,nan,nan,nan,nan,nan,nan,,READY,0.0,0.0,31.77951120894199,0,0,0,0
1133,46.871931415999825,nan,nan,nan,nan,nan,nan,nan,,READY,0.0,0.0,28.27232514271904,0,0,0,0
1134,46.90434048899988,nan,nan,nan,nan,nan,nan,nan,,READY,0.0,0.0,30.85555702251497,0,0,0,0
1135,46.93655242400018,nan,nan,nan,nan,nan,nan,nan,,READY,0.0,0.0,31.044393948719105,0,0,0,0
1136,46.96858956300002,nan,nan,nan,nan,nan,nan,nan,,READY,0.0,0.0,31.213773489730016,0,0,0,0
1137,47.004372974000034,nan,nan,nan,nan,nan,nan,nan,,READY,0.0,0.0,27.94591046671558,0,0,0,0
1138,47.03649922900013,nan,nan,nan,nan,nan,nan,nan,,READY,0.0,0.0,31.12718864981555,0,0,0,0
1139,47.06910830700008,nan,nan,nan,nan,nan,nan,nan,,READY,0.0,0.0,30.666307094040544,0,0,0,0
1140,47.10475614200004,nan,nan,nan,nan,nan,nan,nan,,READY,0.0,0.0,28.052194474111186,0,0,0,0
1141,47.136513536000166,nan,nan,nan,nan,nan,nan,nan,,READY,0.0,0.0,31.488729837092386,0,0,0,0
1142,47.17239845899985,nan,nan,nan,nan,nan,nan,nan,,READY,0.0,0.0,27.866856507084602,0,0,0,0
1143,47.205579682999996,nan,nan,nan,nan,nan,nan,nan,,READY,0.0,0.0,30.13752596937402,0,0,0,0
1144,47.23882288799996,nan,nan,nan,nan,nan,nan,nan,,READY,0.0,0.0,30.081335418806006,0,0,0,0
1145,47.272329535000154,nan,nan,nan,nan,nan,nan,nan,,READY,0.0,0.0,29.844824520764092,0,0,0,0
1146,47.30579868099994,nan,nan,nan,nan,nan,nan,nan,,READY,0.0,0.0,29.878264596483003,0,0,0,0
1147,47.33654449300002,nan,nan,nan,nan,nan,nan,nan,,READY,0.0,0.0,32.52475491613238,0,0,0,0
1148,47.37604229999988,nan,nan,nan,nan,nan,nan,nan,,READY,0.0,0.0,25.31786131831336,0,0,0,0
1149,47.40473801899998,nan,nan,nan,nan,nan,nan,nan,,READY,0.0,0.0,34.84840369382621,0,0,0,0
1150,47.441469677999976,nan,nan,nan,nan,nan,nan,nan,,READY,0.0,0.0,27.224471402178523,0,0,0,0
1151,47.476290049,nan,nan,nan,nan,nan,nan,nan,,READY,0.0,0.0,28.718820945340497,0,0,0,0
1152,47.50445810200017,nan,nan,nan,nan,nan,nan,nan,,READY,0.0,0.0,35.50121124785891,0,0,0,0
1153,47.53667451499996,nan,nan,nan,nan,nan,nan,nan,,READY,0.0,0.0,31.040078856904486,0,0,0,0
1154,47.572418236999965,nan,nan,nan,nan,nan,nan,nan,,READY,0.0,0.0,27.976940957626557,0,0,0,0
1155,47.60443126200016,nan,nan,nan,nan,nan,nan,nan,,READY,0.0,0.0,31.237285448465343,0,0,0,0
1156,47.63647136999998,nan,nan,nan,nan,nan,nan,nan,,READY,0.0,0.0,31.210881062125143,0,0,0,0
1157,47.67233894899982,nan,nan,nan,nan,nan,nan,nan,,READY,0.0,0.0,27.88033170581207,0,0,0,0
1158,47.70437785900003,nan,nan,nan,nan,nan,nan,nan,,READY,0.0,0.0,31.212048100058205,0,0,0,0
1159,47.740767374999905,nan,nan,nan,nan,nan,nan,nan,,READY,0.0,0.0,27.480442444013793,0,0,0,0
1160,47.77362390500002,nan,nan,nan,nan,nan,nan,nan,,READY,0.0,0.0,30.435350294033743,0,0,0,0
1161,47.804507793000084,nan,nan,nan,nan,nan,nan,nan,,READY,0.0,0.0,32.37934291168223,0,0,0,0
1162,47.842471141999795,nan,nan,nan,nan,nan,nan,nan,,READY,0.0,0.0,26.34119555699966,0,0,0,0
1163,47.87367357699986,nan,nan,nan,nan,nan,nan,nan,,READY,0.0,0.0,32.04878080822247,0,0,0,0
1164,47.91065904300012,nan,nan,nan,nan,nan,nan,nan,,READY,0.0,0.0,27.03764770715515,0,0,0,0
1165,47.94085520899989,nan,nan,nan,nan,nan,nan,nan,,READY,0.0,0.0,33.11678707845425,0,0,0,0
1166,47.97475780100012,nan,nan,nan,nan,nan,nan,nan,,READY,0.0,0.0,29.49626978353676,0,0,0,0
1167,48.00574064900002,nan,nan,nan,nan,nan,nan,nan,,READY,0.0,0.0,32.27592247179525,0,0,0,0
1168,48.040411590000076,nan,nan,nan,nan,nan,nan,nan,,READY,0.0,0.0,28.842597609286468,0,0,0,0
1169,48.075159772000006,nan,nan,nan,nan,nan,nan,nan,,READY,0.0,0.0,28.778484008228332,0,0,0,0
1170,48.10539802099993,nan,nan,nan,nan,nan,nan,nan,,READY,0.0,0.0,33.070697976016625,0,0,0,0
1171,48.14053313800014,nan,nan,nan,nan,nan,nan,nan,,READY,0.0,0.0,28.461553151909293,0,0,0,0
1172,48.17666040899985,nan,nan,nan,nan,nan,nan,nan,,READY,0.0,0.0,27.67992080021549,0,0,0,0
1173,48.20458637399997,nan,nan,nan,nan,nan,nan,nan,,READY,0.0,0.0,35.80896846342187,0,0,0,0
1174,48.2403176480002,nan,nan,nan,nan,nan,nan,nan,,READY,0.0,0.0,27.986687516197808,0,0,0,0
1175,48.273197512000024,nan,nan,nan,nan,nan,nan,nan,,READY,0.0,0.0,30.413751103269544,0,0,0,0
1176,48.30447796999988,nan,nan,nan,nan,nan,nan,nan,,READY,0.0,0.0,31.968841377086527,0,0,0,0
1177,48.34177427499981,nan,nan,nan,nan,nan,nan,nan,,READY,0.0,0.0,26.812307546336157,0,0,0,0
1178,48.37278326900014,nan,nan,nan,nan,nan,nan,nan,,READY,0.0,0.0,32.24870822927471,0,0,0,0
1179,48.409082002000105,nan,nan,nan,nan,nan,nan,nan,,READY,0.0,0.0,27.549170931142754,0,0,0,0
1180,48.441137058000095,nan,nan,nan,nan,nan,nan,nan,,READY,0.0,0.0,31.19632671988804,0,0,0,0
1181,48.47559138099996,nan,nan,nan,nan,nan,nan,nan,,READY,0.0,0.0,29.023934093958587,0,0,0,0
1182,48.51019737200022,nan,nan,nan,nan,nan,nan,nan,,READY,0.0,0.0,28.89673062656754,0,0,0,0
1183,48.54041666300009,nan,nan,nan,nan,nan,nan,nan,,READY,0.0,0.0,33.091444799430036,0,0,0,0
1184,48.57292073899998,nan,nan,nan,nan,nan,nan,nan,,READY,0.0,0.0,30.76537231832748,0,0,0,0
1185,48.60999105000019,nan,nan,nan,nan,nan,nan,nan,,READY,0.0,0.0,26.97576505345261,0,0,0,0
1186,48.642034074000094,nan,nan,nan,nan,nan,nan,nan,,READY,0.0,0.0,31.20804078925237,0,0,0,0
1187,48.67346515999998,nan,nan,nan,nan,nan,nan,nan,,READY,0.0,0.0,31.815636278163847,0,0,0,0
1188,48.70877423799993,nan,nan,nan,nan,nan,nan,nan,,READY,0.0,0.0,28.321328583014303,0,0,0,0
1189,48.741336804000184,nan,nan,nan,nan,nan,nan,nan,,READY,0.0,0.0,30.710110499039764,0,0,0,0
1190,48.775358461999986,nan,nan,nan,nan,nan,nan,nan,,READY,0.0,0.0,29.393041338721286,0,0,0,0
1191,48.808404579000126,nan,nan,nan,nan,nan,nan,nan,,READY,0.0,0.0,30.260741375326052,0,0,0,0
1192,48.84061672200005,nan,nan,nan,nan,nan,nan,nan,,READY,0.0,0.0,31.044193489466114,0,0,0,0
1193,48.87265250700011,nan,nan,nan,nan,nan,nan,nan,,READY,0.0,0.0,31.215092747003656,0,0,0,0
1194,48.908452428000146,nan,nan,nan,nan,nan,nan,nan,,READY,0.0,0.0,27.93302253373799,0,0,0,0
1195,48.94052623500011,nan,nan,nan,nan,nan,nan,nan,,READY,0.0,0.0,31.17808871273768,0,0,0,0
1196,48.97749477300022,nan,nan,nan,nan,nan,nan,nan,,READY,0.0,0.0,27.050028324004074,0,0,0,0
1197,49.008836169000006,nan,nan,nan,nan,nan,nan,nan,,READY,0.0,0.0,31.9066834166142,0,0,0,0
1198,49.040602157000194,nan,nan,nan,nan,nan,nan,nan,,READY,0.0,0.0,31.480210846710325,0,0,0,0
1199,49.07882212599998,nan,nan,nan,nan,nan,nan,nan,,READY,0.0,0.0,26.16433310047085,0,0,0,0
1200,49.11230241800013,nan,nan,nan,nan,nan,nan,nan,,READY,0.0,0.0,29.86831775527941,0,0,0,0
1201,49.142247380999834,nan,nan,nan,nan,nan,nan,nan,,READY,0.0,0.0,33.394597949905055,0,0,0,0
1202,49.182053371000165,nan,nan,nan,nan,nan,nan,nan,,READY,0.0,0.0,25.12184723936434,0,0,0,0
1203,49.208735716999854,nan,nan,nan,nan,nan,nan,nan,,READY,0.0,0.0,37.47796389461678,0,0,0,0
1204,49.24119708299986,nan,nan,nan,nan,nan,nan,nan,,READY,0.0,0.0,30.805850868992696,0,0,0,0
1205,49.2764226700001,nan,nan,nan,nan,nan,nan,nan,,READY,0.0,0.0,28.38845524400092,0,0,0,0
1206,49.31170206100023,nan,nan,nan,nan,nan,nan,nan,,READY,0.0,0.0,28.345160493169704,0,0,0,0
1207,49.34174343199993,nan,nan,nan,nan,nan,nan,nan,,READY,0.0,0.0,33.28742885969063,0,0,0,0
1208,49.38168322599995,nan,nan,nan,nan,nan,nan,nan,,READY,0.0,0.0,25.037685472276138,0,0,0,0
1209,49.4085914100001,nan,nan,nan,nan,nan,nan,nan,,READY,0.0,0.0,37.16341466947234,0,0,0,0
1210,49.442572649999875,nan,nan,nan,nan,nan,nan,nan,,READY,0.0,0.0,29.428002038966465,0,0,0,0
1211,49.47641852300012,nan,nan,nan,nan,nan,nan,nan,,READY,0.0,0.0,29.545699707398253,0,0,0,0
1212,49.50854113200012,nan,nan,nan,nan,nan,nan,nan,,READY,0.0,0.0,31.130721667099216,0,0,0,0
1213,49.54511101600019,nan,nan,nan,nan,nan,nan,nan,,READY,0.0,0.0,27.344904894912926,0,0,0,0
1214,49.57665444800023,nan,nan,nan,nan,nan,nan,nan,,READY,0.0,0.0,31.702320787379506,0,0,0,0
1215,49.6090052909999,nan,nan,nan,nan,nan,nan,nan,,READY,0.0,0.0,30.911095578251338,0,0,0,0
1216,49.64487245300006,nan,nan,nan,nan,nan,nan,nan,,READY,0.0,0.0,27.88065584881165,0,0,0,0
1217,49.680702999999994,nan,nan,nan,nan,nan,nan,nan,,READY,0.0,0.0,27.90914690757834,0,0,0,0
1218,49.710159099000066,nan,nan,nan,nan,nan,nan,nan,,READY,0.0,0.0,33.948826692820425,0,0,0,0
1219,49.747486394000134,nan,nan,nan,nan,nan,nan,nan,,READY,0.0,0.0,26.79004733662515,0,0,0,0
1220,49.78134752799997,nan,nan,nan,nan,nan,nan,nan,,READY,0.0,0.0,29.532383646834408,0,0,0,0
1221,49.813237268000194,nan,nan,nan,nan,nan,nan,nan,,READY,0.0,0.0,31.358048074175816,0,0,0,0
1222,49.85215782400019,nan,nan,nan,nan,nan,nan,nan,,READY,0.0,0.0,25.693363681653537,0,0,0,0
1223,49.87800749799999,nan,nan,nan,nan,nan,nan,nan,,READY,0.0,0.0,38.68520740368731,0,0,0,0
1224,49.910985384000014,nan,nan,nan,nan,nan,nan,nan,,READY,0.0,0.0,30.323350623481755,0,0,0,0
1225,49.94452963599997,nan,nan,nan,nan,nan,nan,nan,,READY,0.0,0.0,29.811366788006207,0,0,0,0
1226,49.97655771300015,nan,nan,nan,nan,nan,nan,nan,,READY,0.0,0.0,31.22260509097891,0,0,0,0
1227,50.00856406999992,nan,nan,nan,nan,nan,nan,nan,,READY,0.0,0.0,31.24379322542386,0,0,0,0
1228,50.0447015499999,nan,nan,nan,nan,nan,nan,nan,,READY,0.0,0.0,27.672101098376807,0,0,0,0
1229,50.07642410000017,nan,nan,nan,nan,nan,nan,nan,,READY,0.0,0.0,31.523317009242888,0,0,0,0
1230,50.11407525499999,nan,nan,nan,nan,nan,nan,nan,,READY,0.0,0.0,26.559610190039223,0,0,0,0
1231,50.145372536000195,nan,nan,nan,nan,nan,nan,nan,,READY,0.0,0.0,31.951657397759245,0,0,0,0
1232,50.17657616899987,nan,nan,nan,nan,nan,nan,nan,,READY,0.0,0.0,32.0475503608937,0,0,0,0
1233,50.21353845700014,nan,nan,nan,nan,nan,nan,nan,,READY,0.0,0.0,27.054602247370315,0,0,0,0
1234,50.24460995199979,nan,nan,nan,nan,nan,nan,nan,,READY,0.0,0.0,32.183839239509894,0,0,0,0
1235,50.27754315099992,nan,nan,nan,nan,nan,nan,nan,,READY,0.0,0.0,30.364496324701392,0,0,0,0
1236,50.31247987799998,nan,nan,nan,nan,nan,nan,nan,,READY,0.0,0.0,28.62317354451454,0,0,0,0
1237,50.34790010400002,nan,nan,nan,nan,nan,nan,nan,,READY,0.0,0.0,28.23245678892093,0,0,0,0
1238,50.37955322500011,nan,nan,nan,nan,nan,nan,nan,,READY,0.0,0.0,31.592461293063216,0,0,0,0
1239,50.41325529300002,nan,nan,nan,nan,nan,nan,nan,,READY,0.0,0.0,29.671769696821855,0,0,0,0
1240,50.455180906999885,nan,nan,nan,nan,nan,nan,nan,,READY,0.0,0.0,23.851767561548797,0,0,0,0
1241,50.48270097900013,nan,nan,nan,nan,nan,nan,nan,,READY,0.0,0.0,36.33711423397318,0,0,0,0
1242,50.513087669000015,nan,nan,nan,nan,nan,nan,nan,,READY,0.0,0.0,32.909145418725515,0,0,0,0
1243,50.54649087600001,nan,nan,nan,nan,nan,nan,nan,,READY,0.0,0.0,29.937245247147565,0,0,0,0
1244,50.577528621000056,nan,nan,nan,nan,nan,nan,nan,,READY,0.0,0.0,32.218835485581494,0,0,0,0
1245,50.61322796700006,nan,nan,nan,nan,nan,nan,nan,,READY,0.0,0.0,28.011717637627456,0,0,0,0
1246,50.64447316399992,nan,nan,nan,nan,nan,nan,nan,,READY,0.0,0.0,32.004919028176346,0,0,0,0
1247,50.68030532500006,nan,nan,nan,nan,nan,nan,nan,,READY,0.0,0.0,27.90788978638442,0,0,0,0
1248,50.71262694899997,nan,nan,nan,nan,nan,nan,nan,,READY,0.0,0.0,30.93903944934579,0,0,0,0
1249,50.74450075200002,nan,nan,nan,nan,nan,nan,nan,,READY,0.0,0.0,31.373727195287373,0,0,0,0
1250,50.78185851599983,nan,nan,nan,nan,nan,nan,nan,,READY,0.0,0.0,26.768197368695642,0,0,0,0
1251,50.812832509000145,nan,nan,nan,nan,nan,nan,nan,,READY,0.0,0.0,32.28514967346297,0,0,0,0
1252,50.844572610999876,nan,nan,nan,nan,nan,nan,nan,,READY,0.0,0.0,31.505884889988366,0,0,0,0
1253,50.88553773800004,nan,nan,nan,nan,nan,nan,nan,,READY,0.0,0.0,24.411006952230768,0,0,0,0
1254,50.91329130399981,nan,nan,nan,nan,nan,nan,nan,,READY,0.0,0.0,36.03140583837581,0,0,0,0
1255,50.94708925900022,nan,nan,nan,nan,nan,nan,nan,,READY,0.0,0.0,29.587588952878676,0,0,0,0
1256,50.98246594200009,nan,nan,nan,nan,nan,nan,nan,,READY,0.0,0.0,28.267206397042422,0,0,0,0
1257,51.014067865000015,nan,nan,nan,nan,nan,nan,nan,,READY,0.0,0.0,31.643643964399082,0,0,0,0
1258,51.049624656000105,nan,nan,nan,nan,nan,nan,nan,,READY,0.0,0.0,28.124022778024834,0,0,0,0
1259,51.0857786470001,nan,nan,nan,nan,nan,nan,nan,,READY,0.0,0.0,27.659463653686885,0,0,0,0
1260,51.112964179999835,nan,nan,nan,nan,nan,nan,nan,,READY,0.0,0.0,36.784270516588386,0,0,0,0
1261,51.14503356000023,nan,nan,nan,nan,nan,nan,nan,,READY,0.0,0.0,31.182392674498942,0,0,0,0
1262,51.18065686299997,nan,nan,nan,nan,nan,nan,nan,,READY,0.0,0.0,28.071512627769085,0,0,0,0
1263,51.21251993599981,nan,nan,nan,nan,nan,nan,nan,,READY,0.0,0.0,31.384292406605287,0,0,0,0
1264,51.24835522300009,nan,nan,nan,nan,nan,nan,nan,,READY,0.0,0.0,27.90545531258437,0,0,0,0
1265,51.280495488999804,nan,nan,nan,nan,nan,nan,nan,,READY,0.0,0.0,31.113619283949763,0,0,0,0
1266,51.3132604540001,nan,nan,nan,nan,nan,nan,nan,,READY,0.0,0.0,30.520404950560504,0,0,0,0
1267,51.34861328399984,nan,nan,nan,nan,nan,nan,nan,,READY,0.0,0.0,28.2862786375918,0,0,0,0
1268,51.381049961999906,nan,nan,nan,nan,nan,nan,nan,,READY,0.0,0.0,30.82929762406385,0,0,0,0
1269,51.413393929999984,nan,nan,nan,nan,nan,nan,nan,,READY,0.0,0.0,30.917666008005135,0,0,0,0
1270,51.44883040600007,nan,nan,nan,nan,nan,nan,nan,,READY,0.0,0.0,28.21951031467028,0,0,0,0
1271,51.48249919199998,nan,nan,nan,nan,nan,nan,nan,,READY,0.0,0.0,29.701100598125215,0,0,0,0
1272,51.512925101999826,nan,nan,nan,nan,nan,nan,nan,,READY,0.0,0.0,32.86672444653141,0,0,0,0
1273,51.549063884000134,nan,nan,nan,nan,nan,nan,nan,,READY,0.0,0.0,27.67110413382205,0,0,0,0
1274,51.5807241399998,nan,nan,nan,nan,nan,nan,nan,,READY,0.0,0.0,31.585341571795297,0,0,0,0
1275,51.612798468000165,nan,nan,nan,nan,nan,nan,nan,,READY,0.0,0.0,31.177582270428097,0,0,0,0
1276,51.65795075999995,nan,nan,nan,nan,nan,nan,nan,,READY,0.0,0.0,22.147269954862516,0,0,0,0
1277,51.68067933100019,nan,nan,nan,nan,nan,nan,nan,,READY,0.0,0.0,43.997486687099304,0,0,0,0
1278,51.713647113000206,nan,nan,nan,nan,nan,nan,nan,,READY,0.0,0.0,30.332644155423232,0,0,0,0
1279,51.74855326699981,nan,nan,nan,nan,nan,nan,nan,,READY,0.0,0.0,28.648243516356956,0,0,0,0
1280,51.78449819100024,nan,nan,nan,nan,nan,nan,nan,,READY,0.0,0.0,27.820339806198266,0,0,0,0
1281,51.81330156900003,nan,nan,nan,nan,nan,nan,nan,,READY,0.0,0.0,34.71815007278595,0,0,0,0
1282,51.848391580000225,nan,nan,nan,nan,nan,nan,nan,,READY,0.0,0.0,28.4981386866621,0,0,0,0
1283,51.88152707400013,nan,nan,nan,nan,nan,nan,nan,,READY,0.0,0.0,30.17911850062644,0,0,0,0
1284,51.91647479099993,nan,nan,nan,nan,nan,nan,nan,,READY,0.0,0.0,28.614172422360383,0,0,0,0
1285,51.948583494000104,nan,nan,nan,nan,nan,nan,nan,,READY,0.0,0.0,31.144204111717272,0,0,0,0
1286,51.980580736999855,nan,nan,nan,nan,nan,nan,nan,,READY,0.0,0.0,31.252692615041692,0,0,0,0
1287,52.016902543000015,nan,nan,nan,nan,nan,nan,nan,,READY,0.0,0.0,27.531670644229393,0,0,0,0
1288,52.04906504900009,nan,nan,nan,nan,nan,nan,nan,,READY,0.0,0.0,31.09210457660254,0,0,0,0
1289,52.08984996400022,nan,nan,nan,nan,nan,nan,nan,,READY,0.0,0.0,24.518869292648628,0,0,0,0
1290,52.12055317100021,nan,nan,nan,nan,nan,nan,nan,,READY,0.0,0.0,32.569887569086816,0,0,0,0
1291,52.15351928600012,nan,nan,nan,nan,nan,nan,nan,,READY,0.0,0.0,30.33417798860379,0,0,0,0
1292,52.18083023899999,nan,nan,nan,nan,nan,nan,nan,,READY,0.0,0.0,36.61534623141088,0,0,0,0
1293,52.218384830000105,nan,nan,nan,nan,nan,nan,nan,,READY,0.0,0.0,26.627902830759044,0,0,0,0
1294,52.249433668000165,nan,nan,nan,nan,nan,nan,nan,,READY,0.0,0.0,32.20732447372256,0,0,0,0
1295,52.281050225999934,nan,nan,nan,nan,nan,nan,nan,,READY,0.0,0.0,31.628996426724115,0,0,0,0
1296,52.31747625400021,nan,nan,nan,nan,nan,nan,nan,,READY,0.0,0.0,27.45289714245988,0,0,0,0
1297,52.34849316400005,nan,nan,nan,nan,nan,nan,nan,,READY,0.0,0.0,32.240477855638346,0,0,0,0
1298,52.38070702599998,nan,nan,nan,nan,nan,nan,nan,,READY,0.0,0.0,31.04253690544824,0,0,0,0
1299,52.41655710399982,nan,nan,nan,nan,nan,nan,nan,,READY,0.0,0.0,27.893942099776726,0,0,0,0
1300,52.449036178999904,nan,nan,nan,nan,nan,nan,nan,,READY,0.0,0.0,30.789054183268636,0,0,0,0
1301,52.48432796499992,nan,nan,nan,nan,nan,nan,nan,,READY,0.0,0.0,28.335205251429965,0,0,0,0
1302,52.516759383000135,nan,nan,nan,nan,nan,nan,nan,,READY,0.0,0.0,30.83429777857317,0,0,0,0
1303,52.54884943900015,nan,nan,nan,nan,nan,nan,nan,,READY,0.0,0.0,31.16230149300824,0,0,0,0
1304,52.584648578999804,nan,nan,nan,nan,nan,nan,nan,,READY,0.0,0.0,27.933631925506514,0,0,0,0
1305,52.616794105999816,nan,nan,nan,nan,nan,nan,nan,,READY,0.0,0.0,31.10852716770337,0,0,0,0
1306,52.649211982,nan,nan,nan,nan,nan,nan,nan,,READY,0.0,0.0,30.847178266534293,0,0,0,0
1307,52.684279076000166,nan,nan,nan,nan,nan,nan,nan,,READY,0.0,0.0,28.516762751860078,0,0,0,0
1308,52.71655069899998,nan,nan,nan,nan,nan,nan,nan,,READY,0.0,0.0,30.986975771430284,0,0,0,0
1309,52.75327058599987,nan,nan,nan,nan,nan,nan,nan,,READY,0.0,0.0,27.23319927436028,0,0,0,0
1310,52.789441400000214,nan,nan,nan,nan,nan,nan,nan,,READY,0.0,0.0,27.646599271736566,0,0,0,0
1311,52.818098628999905,nan,nan,nan,nan,nan,nan,nan,,READY,0.0,0.0,34.895209163830096,0,0,0,0
1312,52.85262581699999,nan,nan,nan,nan,nan,nan,nan,,READY,0.0,0.0,28.96268297312761,0,0,0,0
1313,52.8847074360001,nan,nan,nan,nan,nan,nan,nan,,READY,0.0,0.0,31.17049672576008,0,0,0,0
1314,52.917438547000074,nan,nan,nan,nan,nan,nan,nan,,READY,0.0,0.0,30.551972403281653,0,0,0,0
1315,52.94943573699993,nan,nan,nan,nan,nan,nan,nan,,READY,0.0,0.0,31.252744381756322,0,0,0,0
1316,52.98453527999982,nan,nan,nan,nan,nan,nan,nan,,READY,0.0,0.0,28.490399433497053,0,0,0,0
1317,53.01660471100013,nan,nan,nan,nan,nan,nan,nan,,READY,0.0,0.0,31.182343085237804,0,0,0,0
1318,53.052390725999885,nan,nan,nan,nan,nan,nan,nan,,READY,0.0,0.0,27.943876958827893,0,0,0,0
1319,53.08458015999986,nan,nan,nan,nan,nan,nan,nan,,READY,0.0,0.0,31.06609454520991,0,0,0,0
1320,53.11727658200016,nan,nan,nan,nan,nan,nan,nan,,READY,0.0,0.0,30.584386266816868,0,0,0,0
1321,53.15252899300003,nan,nan,nan,nan,nan,nan,nan,,READY,0.0,0.0,28.3668541139945,0,0,0,0
1322,53.1843637840002,nan,nan,nan,nan,nan,nan,nan,,READY,0.0,0.0,31.41217418373571,0,0,0,0
1323,53.21780615899979,nan,nan,nan,nan,nan,nan,nan,,READY,0.0,0.0,29.902182485906376,0,0,0,0
1324,53.252871743000014,nan,nan,nan,nan,nan,nan,nan,,READY,0.0,0.0,28.51799074538935,0,0,0,0
1325,53.28564191699979,nan,nan,nan,nan,nan,nan,nan,,READY,0.0,0.0,30.51555356424831,0,0,0,0
1326,53.31720149500006,nan,nan,nan,nan,nan,nan,nan,,READY,0.0,0.0,31.686101759391693,0,0,0,0
1327,53.35318443999995,nan,nan,nan,nan,nan,nan,nan,,READY,0.0,0.0,27.79094373746066,0,0,0,0
1328,53.386704993999956,nan,nan,nan,nan,nan,nan,nan,,READY,0.0,0.0,29.832442506762224,0,0,0,0
1329,53.42244876799987,nan,nan,nan,nan,nan,nan,nan,,READY,0.0,0.0,27.97690025688054,0,0,0,0
1330,53.453409114999886,nan,nan,nan,nan,nan,nan,nan,,READY,0.0,0.0,32.299379590267726,0,0,0,0
1331,53.4854759939999,nan,nan,nan,nan,nan,nan,nan,,READY,0.0,0.0,31.18482469090939,0,0,0,0
1332,53.5169019760001,nan,nan,nan,nan,nan,nan,nan,,READY,0.0,0.0,31.82080356291212,0,0,0,0
1333,53.552822003000074,nan,nan,nan,nan,nan,nan,nan,,READY,0.0,0.0,27.83962272636114,0,0,0,0
1334,53.58475080700009,nan,nan,nan,nan,nan,nan,nan,,READY,0.0,0.0,31.319682378314415,0,0,0,0
1335,53.62064776099987,nan,nan,nan,nan,nan,nan,nan,,READY,0.0,0.0,27.85751682457753,0,0,0,0
1336,53.652649483000005,nan,nan,nan,nan,nan,nan,nan,,READY,0.0,0.0,31.248318449734672,0,0,0,0
1337,53.68564835899997,nan,nan,nan,nan,nan,nan,nan,,READY,0.0,0.0,30.30406247779645,0,0,0,0
1338,53.72148828099989,nan,nan,nan,nan,nan,nan,nan,,READY,0.0,0.0,27.901846438230358,0,0,0,0
1339,53.75254300500001,nan,nan,nan,nan,nan,nan,nan,,READY,0.0,0.0,32.20122001394448,0,0,0,0
1340,53.785212865000176,nan,nan,nan,nan,nan,nan,nan,,READY,0.0,0.0,30.60925268718087,0,0,0,0
1341,53.82117226899982,nan,nan,nan,nan,nan,nan,nan,,READY,0.0,0.0,27.809137215121407,0,0,0,0
1342,53.85339467199992,nan,nan,nan,nan,nan,nan,nan,,READY,0.0,0.0,31.034308645346325,0,0,0,0
1343,53.88567655499992,nan,nan,nan,nan,nan,nan,nan,,READY,0.0,0.0,30.977127325569064,0,0,0,0
1344,53.92482513599998,nan,nan,nan,nan,nan,nan,nan,,READY,0.0,0.0,25.543710000584372,0,0,0,0
1345,53.95691873399983,nan,nan,nan,nan,nan,nan,nan,,READY,0.0,0.0,31.15886227542257,0,0,0,0
1346,53.98558450500013,nan,nan,nan,nan,nan,nan,nan,,READY,0.0,0.0,34.884810877381994,0,0,0,0
1347,54.03067778500008,nan,nan,nan,nan,nan,nan,nan,,READY,0.0,0.0,22.17625331315861,0,0,0,0
1348,54.053055046999816,nan,nan,nan,nan,nan,nan,nan,,READY,0.0,0.0,44.68821967637452,0,0,0,0
1349,54.086427473000185,nan,nan,nan,nan,nan,nan,nan,,READY,0.0,0.0,29.96485781372137,0,0,0,0
1350,54.1236640369998,nan,nan,nan,nan,nan,nan,nan,,READY,0.0,0.0,26.85532424555567,0,0,0,0
1351,54.15395369399994,nan,nan,nan,nan,nan,nan,nan,,READY,0.0,0.0,33.0145699568469,0,0,0,0
1352,54.18926490700005,nan,nan,nan,nan,nan,nan,nan,,READY,0.0,0.0,28.31961620793887,0,0,0,0
1353,54.22053437500017,nan,nan,nan,nan,nan,nan,nan,,READY,0.0,0.0,31.980077179317714,0,0,0,0
1354,54.25257260799981,nan,nan,nan,nan,nan,nan,nan,,READY,0.0,0.0,31.212707642498984,0,0,0,0
1355,54.28851716700001,nan,nan,nan,nan,nan,nan,nan,,READY,0.0,0.0,27.82062230877406,0,0,0,0
1356,54.32121140199979,nan,nan,nan,nan,nan,nan,nan,,READY,0.0,0.0,30.58643213418837,0,0,0,0
1357,54.35291280499996,nan,nan,nan,nan,nan,nan,nan,,READY,0.0,0.0,31.544345213826475,0,0,0,0
1358,54.38846886800002,nan,nan,nan,nan,nan,nan,nan,,READY,0.0,0.0,28.124598609198188,0,0,0,0
1359,54.421524152000075,nan,nan,nan,nan,nan,nan,nan,,READY,0.0,0.0,30.252349367147875,0,0,0,0
1360,54.45285336000006,nan,nan,nan,nan,nan,nan,nan,,READY,0.0,0.0,31.91909607163941,0,0,0,0
1361,54.48868166700004,nan,nan,nan,nan,nan,nan,nan,,READY,0.0,0.0,27.910891798507734,0,0,0,0
1362,54.52068854500021,nan,nan,nan,nan,nan,nan,nan,,READY,0.0,0.0,31.243284646335695,0,0,0,0
1363,54.552780841000185,nan,nan,nan,nan,nan,nan,nan,,READY,0.0,0.0,31.16012640544098,0,0,0,0
1364,54.589412809999885,nan,nan,nan,nan,nan,nan,nan,,READY,0.0,0.0,27.298559900184248,0,0,0,0
1365,54.627582360999895,nan,nan,nan,nan,nan,nan,nan,,READY,0.0,0.0,26.19889345828928,0,0,0,0
1366,54.65466700700017,nan,nan,nan,nan,nan,nan,nan,,READY,0.0,0.0,36.921287433101995,0,0,0,0
1367,54.691817162999996,nan,nan,nan,nan,nan,nan,nan,,READY,0.0,0.0,26.917787370925403,0,0,0,0
1368,54.72229343800018,nan,nan,nan,nan,nan,nan,nan,,READY,0.0,0.0,32.812408996637615,0,0,0,0
1369,54.75676208300001,nan,nan,nan,nan,nan,nan,nan,,READY,0.0,0.0,29.011874415278896,0,0,0,0
1370,54.796589999999924,nan,nan,nan,nan,nan,nan,nan,,READY,0.0,0.0,25.108016570442906,0,0,0,0
1371,54.82659178599988,nan,nan,nan,nan,nan,nan,nan,,READY,0.0,0.0,33.33134900707015,0,0,0,0
1372,54.85674899300011,nan,nan,nan,nan,nan,nan,nan,,READY,0.0,0.0,33.159569451918856,0,0,0,0
1373,54.88943072800021,nan,nan,nan,nan,nan,nan,nan,,READY,0.0,0.0,30.59813072950523,0,0,0,0
1374,54.92141437600003,nan,nan,nan,nan,nan,nan,nan,,READY,0.0,0.0,31.26597691437618,0,0,0,0
1375,54.956593712000085,nan,nan,nan,nan,nan,nan,nan,,READY,0.0,0.0,28.42577813289082,0,0,0,0
1376,54.98870304000002,nan,nan,nan,nan,nan,nan,nan,,READY,0.0,0.0,31.14359789784706,0,0,0,0
1377,55.02125149099993,nan,nan,nan,nan,nan,nan,nan,,READY,0.0,0.0,30.72342828243104,0,0,0,0
1378,55.05716865400018,nan,nan,nan,nan,nan,nan,nan,,READY,0.0,0.0,27.841842630863127,0,0,0,0
1379,55.08853708200013,nan,nan,nan,nan,nan,nan,nan,,READY,0.0,0.0,31.879187570431426,0,0,0,0
1380,55.12146231099996,nan,nan,nan,nan,nan,nan,nan,,READY,0.0,0.0,30.37184646476357,0,0,0,0
1381,55.15745926699992,nan,nan,nan,nan,nan,nan,nan,,READY,0.0,0.0,27.780126741856648,0,0,0,0
1382,55.188971031000165,nan,nan,nan,nan,nan,nan,nan,,READY,0.0,0.0,31.734180288742273,0,0,0,0
1383,55.22153922200005,nan,nan,nan,nan,nan,nan,nan,,READY,0.0,0.0,30.70480641689989,0,0,0,0
1384,55.25683152900001,nan,nan,nan,nan,nan,nan,nan,,READY,0.0,0.0,28.33478695515822,0,0,0,0
1385,55.28867324800012,nan,nan,nan,nan,nan,nan,nan,,READY,0.0,0.0,31.40533964251295,0,0,0,0
1386,55.320633457999975,nan,nan,nan,nan,nan,nan,nan,,READY,0.0,0.0,31.28890579894915,0,0,0,0
1387,55.357109174000016,nan,nan,nan,nan,nan,nan,nan,,READY,0.0,0.0,27.415500219348132,0,0,0,0
1388,55.38949600700016,nan,nan,nan,nan,nan,nan,nan,,READY,0.0,0.0,30.876745497020103,0,0,0,0
1389,55.424670394999794,nan,nan,nan,nan,nan,nan,nan,,READY,0.0,0.0,28.42977680266851,0,0,0,0
1390,55.45736843199984,nan,nan,nan,nan,nan,nan,nan,,READY,0.0,0.0,30.582875663104968,0,0,0,0
1391,55.48888754000018,nan,nan,nan,nan,nan,nan,nan,,READY,0.0,0.0,31.726786176475954,0,0,0,0
1392,55.52469142000018,nan,nan,nan,nan,nan,nan,nan,,READY,0.0,0.0,27.929933850742234,0,0,0,0
1393,55.556558451,nan,nan,nan,nan,nan,nan,nan,,READY,0.0,0.0,31.38039436449722,0,0,0,0
1394,55.58928154100022,nan,nan,nan,nan,nan,nan,nan,,READY,0.0,0.0,30.55946122427145,0,0,0,0
1395,55.6250008359998,nan,nan,nan,nan,nan,nan,nan,,READY,0.0,0.0,27.996073271091763,0,0,0,0
1396,55.656454578000194,nan,nan,nan,nan,nan,nan,nan,,READY,0.0,0.0,31.792719606699276,0,0,0,0
1397,55.688604792000206,nan,nan,nan,nan,nan,nan,nan,,READY,0.0,0.0,31.103992029403756,0,0,0,0
1398,55.72679085300024,nan,nan,nan,nan,nan,nan,nan,,READY,0.0,0.0,26.187566190687587,0,0,0,0
1399,55.75653383300005,nan,nan,nan,nan,nan,nan,nan,,READY,0.0,0.0,33.621378893654615,0,0,0,0
1400,55.7992103470001,nan,nan,nan,nan,nan,nan,nan,,READY,0.0,0.0,23.43209194637672,0,0,0,0
1401,55.82549060200017,nan,nan,nan,nan,nan,nan,nan,,READY,0.0,0.0,38.05138116038732,0,0,0,0
1402,55.85762539899997,nan,nan,nan,nan,nan,nan,nan,,READY,0.0,0.0,31.118914490303577,0,0,0,0
1403,55.89165372300022,nan,nan,nan,nan,nan,nan,nan,,READY,0.0,0.0,29.387283369958517,0,0,0,0
1404,55.924852759999794,nan,nan,nan,nan,nan,nan,nan,,READY,0.0,0.0,30.121355628862265,0,0,0,0
1405,55.95729370900017,nan,nan,nan,nan,nan,nan,nan,,READY,0.0,0.0,30.825238805081042,0,0,0,0
1406,55.99244528400004,nan,nan,nan,nan,nan,nan,nan,,READY,0.0,0.0,28.448227426612494,0,0,0,0
1407,56.02476992899983,nan,nan,nan,nan,nan,nan,nan,,READY,0.0,0.0,30.93614794552296,0,0,0,0
1408,56.05673680600012,nan,nan,nan,nan,nan,nan,nan,,READY,0.0,0.0,31.282380195946036,0,0,0,0
1409,56.09249365300002,nan,nan,nan,nan,nan,nan,nan,,READY,0.0,0.0,27.966671669980613,0,0,0,0
1410,56.124876528000186,nan,nan,nan,nan,nan,nan,nan,,READY,0.0,0.0,30.880519410177538,0,0,0,0
1411,56.15680382099981,nan,nan,nan,nan,nan,nan,nan,,READY,0.0,0.0,31.3211646227482,0,0,0,0
1412,56.19273103600017,nan,nan,nan,nan,nan,nan,nan,,READY,0.0,0.0,27.834052820127717,0,0,0,0
1413,56.22540865600013,nan,nan,nan,nan,nan,nan,nan,,READY,0.0,0.0,30.601983865448844,0,0,0,0
1414,56.25736772099981,nan,nan,nan,nan,nan,nan,nan,,READY,0.0,0.0,31.290026789267195,0,0,0,0
1415,56.29276440500007,nan,nan,nan,nan,nan,nan,nan,,READY,0.0,0.0,28.25123392893577,0,0,0,0
1416,56.32841390600015,nan,nan,nan,nan,nan,nan,nan,,READY,0.0,0.0,28.050883517212725,0,0,0,0
1417,56.35718368900007,nan,nan,nan,nan,nan,nan,nan,,READY,0.0,0.0,34.75869108929037,0,0,0,0
1418,56.39275902300005,nan,nan,nan,nan,nan,nan,nan,,READY,0.0,0.0,28.109363639435692,0,0,0,0
1419,56.426002643000174,nan,nan,nan,nan,nan,nan,nan,,READY,0.0,0.0,30.08095989535302,0,0,0,0
1420,56.46080535700003,nan,nan,nan,nan,nan,nan,nan,,READY,0.0,0.0,28.73339130977684,0,0,0,0
1421,56.49624719900021,nan,nan,nan,nan,nan,nan,nan,,READY,0.0,0.0,28.215237797032746,0,0,0,0
1422,56.52517057900013,nan,nan,nan,nan,nan,nan,nan,,READY,0.0,0.0,34.57410579270594,0,0,0,0
1423,56.56137759100011,nan,nan,nan,nan,nan,nan,nan,,READY,0.0,0.0,27.61895955403976,0,0,0,0
1424,56.59256783799992,nan,nan,nan,nan,nan,nan,nan,,READY,0.0,0.0,32.06130429188305,0,0,0,0
1425,56.62484711700017,nan,nan,nan,nan,nan,nan,nan,,READY,0.0,0.0,30.979626279517273,0,0,0,0
1426,56.660728394000216,nan,nan,nan,nan,nan,nan,nan,,READY,0.0,0.0,27.869688138434203,0,0,0,0
1427,56.692576778999864,nan,nan,nan,nan,nan,nan,nan,,READY,0.0,0.0,31.398766374214713,0,0,0,0
1428,56.726060769000014,nan,nan,nan,nan,nan,nan,nan,,READY,0.0,0.0,29.86501907316083,0,0,0,0
1429,56.7623017410001,nan,nan,nan,nan,nan,nan,nan,,READY,0.0,0.0,27.593078905212636,0,0,0,0
1430,56.79578026199988,nan,nan,nan,nan,nan,nan,nan,,READY,0.0,0.0,29.869897777342118,0,0,0,0
1431,56.82469114200012,nan,nan,nan,nan,nan,nan,nan,,READY,0.0,0.0,34.58905436263835,0,0,0,0
1432,56.860635700999865,nan,nan,nan,nan,nan,nan,nan,,READY,0.0,0.0,27.820622309126026,0,0,0,0
1433,56.89259096400019,nan,nan,nan,nan,nan,nan,nan,,READY,0.0,0.0,31.293749639605817,0,0,0,0
1434,56.92617865400007,nan,nan,nan,nan,nan,nan,nan,,READY,0.0,0.0,29.772812599010944,0,0,0,0
1435,56.96110569299981,nan,nan,nan,nan,nan,nan,nan,,READY,0.0,0.0,28.631112989779727,0,0,0,0
1436,56.99416488299994,nan,nan,nan,nan,nan,nan,nan,,READY,0.0,0.0,30.248775000114644,0,0,0,0
1437,57.02793585800009,nan,nan,nan,nan,nan,nan,nan,,READY,0.0,0.0,29.61122680039566,0,0,0,0
1438,57.061419484,nan,nan,nan,nan,nan,nan,nan,,READY,0.0,0.0,29.865343735555765,0,0,0,0
1439,57.09371095000006,nan,nan,nan,nan,nan,nan,nan,,READY,0.0,0.0,30.967934376163754,0,0,0,0
1440,57.13730555600023,nan,nan,nan,nan,nan,nan,nan,,READY,0.0,0.0,22.938617681189882,0,0,0,0
1441,57.16468661399995,nan,nan,nan,nan,nan,nan,nan,,READY,0.0,0.0,36.52159825271419,0,0,0,0
1442,57.19651005000014,nan,nan,nan,nan,nan,nan,nan,,READY,0.0,0.0,31.423382440345716,0,0,0,0
1443,57.22923506699999,nan,nan,nan,nan,nan,nan,nan,,READY,0.0,0.0,30.557661742533206,0,0,0,0
1444,57.26139929200008,nan,nan,nan,nan,nan,nan,nan,,READY,0.0,0.0,31.090442875501328,0,0,0,0
1445,57.292780584999946,nan,nan,nan,nan,nan,nan,nan,,READY,0.0,0.0,31.866118454845683,0,0,0,0
1446,57.32866988200021,nan,nan,nan,nan,nan,nan,nan,,READY,0.0,0.0,27.863460239763334,0,0,0,0
1447,57.36067410399983,nan,nan,nan,nan,nan,nan,nan,,READY,0.0,0.0,31.24587749741464,0,0,0,0
1448,57.392620094999984,nan,nan,nan,nan,nan,nan,nan,,READY,0.0,0.0,31.30283233333057,0,0,0,0
1449,57.42856007099999,nan,nan,nan,nan,nan,nan,nan,,READY,0.0,0.0,27.824169943790626,0,0,0,0
1450,57.46178660800024,nan,nan,nan,nan,nan,nan,nan,,READY,0.0,0.0,30.09642563691171,0,0,0,0
1451,57.49280784199982,nan,nan,nan,nan,nan,nan,nan,,READY,0.0,0.0,32.235983907458106,0,0,0,0
1452,57.52967377300001,nan,nan,nan,nan,nan,nan,nan,,READY,0.0,0.0,27.12531524009966,0,0,0,0
1453,57.56159861800006,nan,nan,nan,nan,nan,nan,nan,,READY,0.0,0.0,31.32356633206757,0,0,0,0
1454,57.595449646999896,nan,nan,nan,nan,nan,nan,nan,,READY,0.0,0.0,29.54119947151106,0,0,0,0
1455,57.62864977700019,nan,nan,nan,nan,nan,nan,nan,,READY,0.0,0.0,30.120363986258237,0,0,0,0
1456,57.66061420699998,nan,nan,nan,nan,nan,nan,nan,,READY,0.0,0.0,31.28477498289822,0,0,0,0
1457,57.69707393199997,nan,nan,nan,nan,nan,nan,nan,,READY,0.0,0.0,27.427524480790304,0,0,0,0
1458,57.728541164000035,nan,nan,nan,nan,nan,nan,nan,,READY,0.0,0.0,31.779090070516318,0,0,0,0
1459,57.763310961000116,nan,nan,nan,nan,nan,nan,nan,,READY,0.0,0.0,28.760593569116153,0,0,0,0
1460,57.798432691000016,nan,nan,nan,nan,nan,nan,nan,,READY,0.0,0.0,28.472401558887533,0,0,0,0
1461,57.82969570000023,nan,nan,nan,nan,nan,nan,nan,,READY,0.0,0.0,31.986684326936825,0,0,0,0
1462,57.86154887700013,nan,nan,nan,nan,nan,nan,nan,,READY,0.0,0.0,31.394042735613354,0,0,0,0
1463,57.8973977579999,nan,nan,nan,nan,nan,nan,nan,,READY,0.0,0.0,27.89487348312346,0,0,0,0
1464,57.92946229300014,nan,nan,nan,nan,nan,nan,nan,,READY,0.0,0.0,31.187104381596566,0,0,0,0
1465,57.960820928999965,nan,nan,nan,nan,nan,nan,nan,,READY,0.0,0.0,31.889142117203622,0,0,0,0
1466,57.99670173699997,nan,nan,nan,nan,nan,nan,nan,,READY,0.0,0.0,27.870052424682086,0,0,0,0
1467,58.0286222069999,nan,nan,nan,nan,nan,nan,nan,,READY,0.0,0.0,31.327859520932375,0,0,0,0
1468,58.060838828000215,nan,nan,nan,nan,nan,nan,nan,,READY,0.0,0.0,31.039878452497824,0,0,0,0
1469,58.097442150000006,nan,nan,nan,nan,nan,nan,nan,,READY,0.0,0.0,27.319924678030365,0,0,0,0
1470,58.141115506999995,nan,nan,nan,nan,nan,nan,nan,,READY,0.0,0.0,22.897255184671458,0,0,0,0
1471,58.16260754299992,nan,nan,nan,nan,nan,nan,nan,,READY,0.0,0.0,46.528863063667025,0,0,0,0
1472,58.19738848599991,nan,nan,nan,nan,nan,nan,nan,,READY,0.0,0.0,28.751376867509695,0,0,0,0
1473,58.22899285599988,nan,nan,nan,nan,nan,nan,nan,,READY,0.0,0.0,31.641193923530405,0,0,0,0
1474,58.26096004500005,nan,nan,nan,nan,nan,nan,nan,,READY,0.0,0.0,31.28207487979881,0,0,0,0
1475,58.29779597600009,nan,nan,nan,nan,nan,nan,nan,,READY,0.0,0.0,27.147406699151286,0,0,0,0
1476,58.32880158399985,nan,nan,nan,nan,nan,nan,nan,,READY,0.0,0.0,32.25222998393583,0,0,0,0
1477,58.36476218600001,nan,nan,nan,nan,nan,nan,nan,,READY,0.0,0.0,27.808210774546293,0,0,0,0
1478,58.39742147200013,nan,nan,nan,nan,nan,nan,nan,,READY,0.0,0.0,30.619162954026457,0,0,0,0
1479,58.4336821830002,nan,nan,nan,nan,nan,nan,nan,,READY,0.0,0.0,27.57805824596549,0,0,0,0
1480,58.46882605000019,nan,nan,nan,nan,nan,nan,nan,,READY,0.0,0.0,28.454466891772125,0,0,0,0
1481,58.49772708599994,nan,nan,nan,nan,nan,nan,nan,,READY,0.0,0.0,34.60083576272436,0,0,0,0
1482,58.52885983199985,nan,nan,nan,nan,nan,nan,nan,,READY,0.0,0.0,32.120520303696516,0,0,0,0
1483,58.564700795000135,nan,nan,nan,nan,nan,nan,nan,,READY,0.0,0.0,27.901036029420247,0,0,0,0
1484,58.59682272700002,nan,nan,nan,nan,nan,nan,nan,,READY,0.0,0.0,31.131377776519802,0,0,0,0
1485,58.62924258200019,nan,nan,nan,nan,nan,nan,nan,,READY,0.0,0.0,30.845295267197304,0,0,0,0
1486,58.6656430879998,nan,nan,nan,nan,nan,nan,nan,,READY,0.0,0.0,27.47214557980994,0,0,0,0
1487,58.696785312999964,nan,nan,nan,nan,nan,nan,nan,,READY,0.0,0.0,32.11074353212204,0,0,0,0
1488,58.72874869999987,nan,nan,nan,nan,nan,nan,nan,,READY,0.0,0.0,31.285795838938032,0,0,0,0
1489,58.770058312999936,nan,nan,nan,nan,nan,nan,nan,,READY,0.0,0.0,24.207440529602255,0,0,0,0
1490,58.802490615999886,nan,nan,nan,nan,nan,nan,nan,,READY,0.0,0.0,30.833456384565935,0,0,0,0
1491,58.83904841599997,nan,nan,nan,nan,nan,nan,nan,,READY,0.0,0.0,27.353943617989795,0,0,0,0
1492,58.87044548999984,nan,nan,nan,nan,nan,nan,nan,,READY,0.0,0.0,31.85010170069216,0,0,0,0
1493,58.90110098700006,nan,nan,nan,nan,nan,nan,nan,,READY,0.0,0.0,32.62057698795915,0,0,0,0
1494,58.933539853000184,nan,nan,nan,nan,nan,nan,nan,,READY,0.0,0.0,30.827218189325308,0,0,0,0
1495,58.96652180199999,nan,nan,nan,nan,nan,nan,nan,,READY,0.0,0.0,30.319615132687556,0,0,0,0
1496,58.99678968699982,nan,nan,nan,nan,nan,nan,nan,,READY,0.0,0.0,33.038317675834044,0,0,0,0
1497,59.03269794400012,nan,nan,nan,nan,nan,nan,nan,,READY,0.0,0.0,27.848747991071107,0,0,0,0
1498,59.06465023700002,nan,nan,nan,nan,nan,nan,nan,,READY,0.0,0.0,31.296658427706845,0,0,0,0
1499,59.09674430399991,nan,nan,nan,nan,nan,nan,nan,,READY,0.0,0.0,31.158406941801967,0,0,0,0
1500,59.13289240899985,nan,nan,nan,nan,nan,nan,nan,,READY,0.0,0.0,27.663967447303392,0,0,0,0
1501,59.16505126899983,nan,nan,nan,nan,nan,nan,nan,,READY,0.0,0.0,31.095629633655534,0,0,0,0
1502,59.196743766000054,nan,nan,nan,nan,nan,nan,nan,,READY,0.0,0.0,31.553209581214055,0,0,0,0
1503,59.23269019999998,nan,nan,nan,nan,nan,nan,nan,,READY,0.0,0.0,27.819171159010896,0,0,0,0
1504,59.26528745399992,nan,nan,nan,nan,nan,nan,nan,,READY,0.0,0.0,30.677430681795762,0,0,0,0
1505,59.29678911300016,nan,nan,nan,nan,nan,nan,nan,,READY,0.0,0.0,31.74435987616824,0,0,0,0
1506,59.33370410799989,nan,nan,nan,nan,nan,nan,nan,,READY,0.0,0.0,27.089262778099155,0,0,0,0
1507,59.36480815599998,nan,nan,nan,nan,nan,nan,nan,,READY,0.0,0.0,32.15015614678703,0,0,0,0
1508,59.39778265699988,nan,nan,nan,nan,nan,nan,nan,,READY,0.0,0.0,30.326463469547907,0,0,0,0
1509,59.4329605339999,nan,nan,nan,nan,nan,nan,nan,,READY,0.0,0.0,28.426957090086066,0,0,0,0
1510,59.46670098799996,nan,nan,nan,nan,nan,nan,nan,,READY,0.0,0.0,29.638012576784426,0,0,0,0
1511,59.50140859500016,nan,nan,nan,nan,nan,nan,nan,,READY,0.0,0.0,28.812127554464556,0,0,0,0
1512,59.532879525000226,nan,nan,nan,nan,nan,nan,nan,,READY,0.0,0.0,31.775355860084833,0,0,0,0
1513,59.56953060900014,nan,nan,nan,nan,nan,nan,nan,,READY,0.0,0.0,27.284322613823786,0,0,0,0
1514,59.60066325099979,nan,nan,nan,nan,nan,nan,nan,,READY,0.0,0.0,32.1206276040215,0,0,0,0
1515,59.633382642000015,nan,nan,nan,nan,nan,nan,nan,,READY,0.0,0.0,30.562916039391876,0,0,0,0
1516,59.66560452400017,nan,nan,nan,nan,nan,nan,nan,,READY,0.0,0.0,31.034810443260085,0,0,0,0
1517,59.701432205999936,nan,nan,nan,nan,nan,nan,nan,,READY,0.0,0.0,27.911378693341728,0,0,0,0
1518,59.73347642899989,nan,nan,nan,nan,nan,nan,nan,,READY,0.0,0.0,31.206873076664642,0,0,0,0
1519,59.76552877599988,nan,nan,nan,nan,nan,nan,nan,,READY,0.0,0.0,31.198963370773363,0,0,0,0
1520,59.80303633499989,nan,nan,nan,nan,nan,nan,nan,,READY,0.0,0.0,26.661292461070666,0,0,0,0
1521,59.83314853999991,nan,nan,nan,nan,nan,nan,nan,,READY,0.0,0.0,33.209125668453474,0,0,0,0
1522,59.86479129600002,nan,nan,nan,nan,nan,nan,nan,,READY,0.0,0.0,31.602809818351982,0,0,0,0
1523,59.90152748499986,nan,nan,nan,nan,nan,nan,nan,,READY,0.0,0.0,27.221114307866195,0,0,0,0
1524,59.93310102099986,nan,nan,nan,nan,nan,nan,nan,,READY,0.0,0.0,31.672093996697715,0,0,0,0
1525,59.96509649200016,nan,nan,nan,nan,nan,nan,nan,,READY,0.0,0.0,31.25442347732946,0,0,0,0
1526,60.00162262599997,nan,nan,nan,nan,nan,nan,nan,,READY,0.0,0.0,27.37765787107628,0,0,0,0
1527,60.03356221000013,nan,nan,nan,nan,nan,nan,nan,,READY,0.0,0.0,31.309111602552818,0,0,0,0
1528,60.07414534999998,nan,nan,nan,nan,nan,nan,nan,,READY,0.0,0.0,24.640774469486953,0,0,0,0
1529,60.10284955899988,nan,nan,nan,nan,nan,nan,nan,,READY,0.0,0.0,34.8380963921899,0,0,0,0
1530,60.137028197999825,nan,nan,nan,nan,nan,nan,nan,,READY,0.0,0.0,29.258040380178706,0,0,0,0
1531,60.17008379400022,nan,nan,nan,nan,nan,nan,nan,,READY,0.0,0.0,30.252063825684896,0,0,0,0
1532,60.20078991699984,nan,nan,nan,nan,nan,nan,nan,,READY,0.0,0.0,32.56679457749981,0,0,0,0
1533,60.23281934799979,nan,nan,nan,nan,nan,nan,nan,,READY,0.0,0.0,31.221285198647255,0,0,0,0
1534,60.2687128120001,nan,nan,nan,nan,nan,nan,nan,,READY,0.0,0.0,27.860225471449787,0,0,0,0
1535,60.30077083700007,nan,nan,nan,nan,nan,nan,nan,,READY,0.0,0.0,31.193437524643397,0,0,0,0
1536,60.33309469999995,nan,nan,nan,nan,nan,nan,nan,,READY,0.0,0.0,30.936896372933354,0,0,0,0
1537,60.36937936999993,nan,nan,nan,nan,nan,nan,nan,,READY,0.0,0.0,27.55984827753362,0,0,0,0
1538,60.40072456799999,nan,nan,nan,nan,nan,nan,nan,,READY,0.0,0.0,31.902813311253887,0,0,0,0
1539,60.4336211509999,nan,nan,nan,nan,nan,nan,nan,,READY,0.0,0.0,30.398293950551565,0,0,0,0
1540,60.46887064400016,nan,nan,nan,nan,nan,nan,nan,,READY,0.0,0.0,28.369202359661866,0,0,0,0
1541,60.501089140000204,nan,nan,nan,nan,nan,nan,nan,,READY,0.0,0.0,31.038072044043176,0,0,0,0
1542,60.534289271000034,nan,nan,nan,nan,nan,nan,nan,,READY,0.0,0.0,30.120363079444093,0,0,0,0
1543,60.56953121200013,nan,nan,nan,nan,nan,nan,nan,,READY,0.0,0.0,28.37528159976517,0,0,0,0
1544,60.6009883910001,nan,nan,nan,nan,nan,nan,nan,,READY,0.0,0.0,31.789245946081063,0,0,0,0
1545,60.63686222000024,nan,nan,nan,nan,nan,nan,nan,,READY,0.0,0.0,27.87547434638614,0,0,0,0
1546,60.66868154199983,nan,nan,nan,nan,nan,nan,nan,,READY,0.0,0.0,31.427445248922176,0,0,0,0
1547,60.70324513700007,nan,nan,nan,nan,nan,nan,nan,,READY,0.0,0.0,28.932175602484907,0,0,0,0
1548,60.738391972000045,nan,nan,nan,nan,nan,nan,nan,,READY,0.0,0.0,28.452064033664303,0,0,0,0
1549,60.769770763999986,nan,nan,nan,nan,nan,nan,nan,,READY,0.0,0.0,31.86865829640192,0,0,0,0
1550,60.802816152000105,nan,nan,nan,nan,nan,nan,nan,,READY,0.0,0.0,30.261408944461728,0,0,0,0
1551,60.83702333300016,nan,nan,nan,nan,nan,nan,nan,,READY,0.0,0.0,29.233627874754088,0,0,0,0
1552,60.868617233999885,nan,nan,nan,nan,nan,nan,nan,,READY,0.0,0.0,31.651678594825796,0,0,0,0
1553,60.90143115899991,nan,nan,nan,nan,nan,nan,nan,,READY,0.0,0.0,30.47486699622666,0,0,0,0
1554,60.93654617099992,nan,nan,nan,nan,nan,nan,nan,,READY,0.0,0.0,28.477848733181087,0,0,0,0
1555,60.9688020640001,nan,nan,nan,nan,nan,nan,nan,,READY,0.0,0.0,31.002086967312238,0,0,0,0
1556,61.000845347999984,nan,nan,nan,nan,nan,nan,nan,,READY,0.0,0.0,31.207787566457036,0,0,0,0
1557,61.03662115399993,nan,nan,nan,nan,nan,nan,nan,,READY,0.0,0.0,27.95185103590634,0,0,0,0
1558,61.06891532899999,nan,nan,nan,nan,nan,nan,nan,,READY,0.0,0.0,30.965336627986726,0,0,0,0
1559,61.10131283999999,nan,nan,nan,nan,nan,nan,nan,,READY,0.0,0.0,30.866568731160374,0,0,0,0
1560,61.14444582099986,nan,nan,nan,nan,nan,nan,nan,,READY,0.0,0.0,23.18411519025265,0,0,0,0
1561,61.16933979900023,nan,nan,nan,nan,nan,nan,nan,,READY,0.0,0.0,40.17035766583322,0,0,0,0
1562,61.207062569999835,nan,nan,nan,nan,nan,nan,nan,,READY,0.0,0.0,26.509187249536847,0,0,0,0
1563,61.240555674999996,nan,nan,nan,nan,nan,nan,nan,,READY,0.0,0.0,29.856891440646653,0,0,0,0
1564,61.26921597599994,nan,nan,nan,nan,nan,nan,nan,,READY,0.0,0.0,34.891468864960906,0,0,0,0
1565,61.30851607000022,nan,nan,nan,nan,nan,nan,nan,,READY,0.0,0.0,25.445231759313895,0,0,0,0
1566,61.33686287599994,nan,nan,nan,nan,nan,nan,nan,,READY,0.0,0.0,35.277343063270045,0,0,0,0
1567,61.36901225700012,nan,nan,nan,nan,nan,nan,nan,,READY,0.0,0.0,31.104797942901758,0,0,0,0
1568,61.408601523000016,nan,nan,nan,nan,nan,nan,nan,,READY,0.0,0.0,25.259372073296056,0,0,0,0
1569,61.43719234399987,nan,nan,nan,nan,nan,nan,nan,,READY,0.0,0.0,34.97626038808613,0,0,0,0
1570,61.47001090399999,nan,nan,nan,nan,nan,nan,nan,,READY,0.0,0.0,30.47056299838384,0,0,0,0
1571,61.50479611699984,nan,nan,nan,nan,nan,nan,nan,,READY,0.0,0.0,28.747847540974117,0,0,0,0
1572,61.53722560799997,nan,nan,nan,nan,nan,nan,nan,,READY,0.0,0.0,30.836129990322497,0,0,0,0
1573,61.5689064889998,nan,nan,nan,nan,nan,nan,nan,,READY,0.0,0.0,31.564778770053458,0,0,0,0
1574,61.60482167300006,nan,nan,nan,nan,nan,nan,nan,,READY,0.0,0.0,27.84337677325477,0,0,0,0
1575,61.63687152000011,nan,nan,nan,nan,nan,nan,nan,,READY,0.0,0.0,31.201396998817092,0,0,0,0
1576,61.66992367900002,nan,nan,nan,nan,nan,nan,nan,,READY,0.0,0.0,30.255209652198026,0,0,0,0
1577,61.70551760599983,nan,nan,nan,nan,nan,nan,nan,,READY,0.0,0.0,28.09468030895745,0,0,0,0
1578,61.73677348000001,nan,nan,nan,nan,nan,nan,nan,,READY,0.0,0.0,31.993986154225784,0,0,0,0
1579,61.769274376999874,nan,nan,nan,nan,nan,nan,nan,,READY,0.0,0.0,30.76838156202891,0,0,0,0
1580,61.81166833399993,nan,nan,nan,nan,nan,nan,nan,,READY,0.0,0.0,23.58826754479705,0,0,0,0
1581,61.84167048500012,nan,nan,nan,nan,nan,nan,nan,,READY,0.0,0.0,33.330943504473225,0,0,0,0
1582,61.873679706000075,nan,nan,nan,nan,nan,nan,nan,,READY,0.0,0.0,31.24099771129918,0,0,0,0
1583,61.9047234919999,nan,nan,nan,nan,nan,nan,nan,,READY,0.0,0.0,32.21256582575207,0,0,0,0
1584,61.93708303299991,nan,nan,nan,nan,nan,nan,nan,,READY,0.0,0.0,30.902786909117076,0,0,0,0
1585,61.972745138999926,nan,nan,nan,nan,nan,nan,nan,,READY,0.0,0.0,28.040968752644513,0,0,0,0
1586,62.004619721999916,nan,nan,nan,nan,nan,nan,nan,,READY,0.0,0.0,31.37295945174624,0,0,0,0
1587,62.03702806599995,nan,nan,nan,nan,nan,nan,nan,,READY,0.0,0.0,30.856251093823413,0,0,0,0
1588,62.07263595199993,nan,nan,nan,nan,nan,nan,nan,,READY,0.0,0.0,28.083666634985523,0,0,0,0
1589,62.10606707599982,nan,nan,nan,nan,nan,nan,nan,,READY,0.0,0.0,29.91224584621504,0,0,0,0
1590,62.13679741799979,nan,nan,nan,nan,nan,nan,nan,,READY,0.0,0.0,32.541128243902456,0,0,0,0
1591,62.17275192599982,nan,nan,nan,nan,nan,nan,nan,,READY,0.0,0.0,27.812924042768714,0,0,0,0
1592,62.20503620499994,nan,nan,nan,nan,nan,nan,nan,,READY,0.0,0.0,30.974828336608777,0,0,0,0
1593,62.237587260000055,nan,nan,nan,nan,nan,nan,nan,,READY,0.0,0.0,30.720970487639747,0,0,0,0
1594,62.273969796000074,nan,nan,nan,nan,nan,nan,nan,,READY,0.0,0.0,27.48571457469246,0,0,0,0
1595,62.304778368999905,nan,nan,nan,nan,nan,nan,nan,,READY,0.0,0.0,32.45849783453075,0,0,0,0
1596,62.338166054999874,nan,nan,nan,nan,nan,nan,nan,,READY,0.0,0.0,29.951162233912385,0,0,0,0
1597,62.37399514300023,nan,nan,nan,nan,nan,nan,nan,,READY,0.0,0.0,27.91028339850818,0,0,0,0
1598,62.40498299000001,nan,nan,nan,nan,nan,nan,nan,,READY,0.0,0.0,32.27071567789627,0,0,0,0
1599,62.44109500100012,nan,nan,nan,nan,nan,nan,nan,,READY,0.0,0.0,27.691617617109365,0,0,0,0
1600,62.47267806799982,nan,nan,nan,nan,nan,nan,nan,,READY,0.0,0.0,31.66253613081525,0,0,0,0
1601,62.50601184700008,nan,nan,nan,nan,nan,nan,nan,,READY,0.0,0.0,29.99959890512972,0,0,0,0
1602,62.54268032600021,nan,nan,nan,nan,nan,nan,nan,,READY,0.0,0.0,27.271379322729185,0,0,0,0
1603,62.57273909300011,nan,nan,nan,nan,nan,nan,nan,,READY,0.0,0.0,33.26816432634491,0,0,0,0
1604,62.60474477300022,nan,nan,nan,nan,nan,nan,nan,,READY,0.0,0.0,31.244454109287055,0,0,0,0
1605,62.64061068399997,nan,nan,nan,nan,nan,nan,nan,,READY,0.0,0.0,27.881628324095228,0,0,0,0
1606,62.67260672800012,nan,nan,nan,nan,nan,nan,nan,,READY,0.0,0.0,31.253863758758403,0,0,0,0
1607,62.70484038099994,nan,nan,nan,nan,nan,nan,nan,,READY,0.0,0.0,31.023477233733058,0,0,0,0
1608,62.74177568899995,nan,nan,nan,nan,nan,nan,nan,,READY,0.0,0.0,27.074364724390612,0,0,0,0
1609,62.7726171270001,nan,nan,nan,nan,nan,nan,nan,,READY,0.0,0.0,32.42390967616565,0,0,0,0
1610,62.80547647000003,nan,nan,nan,nan,nan,nan,nan,,READY,0.0,0.0,30.43274480570752,0,0,0,0
1611,62.84157196900014,nan,nan,nan,nan,nan,nan,nan,,READY,0.0,0.0,27.704285235034437,0,0,0,0
1612,62.87336436299984,nan,nan,nan,nan,nan,nan,nan,,READY,0.0,0.0,31.454064139039364,0,0,0,0
1613,62.90488883599983,nan,nan,nan,nan,nan,nan,nan,,READY,0.0,0.0,31.72138674611007,0,0,0,0
1614,62.94136199900004,nan,nan,nan,nan,nan,nan,nan,,READY,0.0,0.0,27.4174192129772,0,0,0,0
1615,62.98126861499986,nan,nan,nan,nan,nan,nan,nan,,READY,0.0,0.0,25.05850157789301,0,0,0,0
1616,63.009856519000095,nan,nan,nan,nan,nan,nan,nan,,READY,0.0,0.0,34.979829230987214,0,0,0,0
1617,63.04141765900022,nan,nan,nan,nan,nan,nan,nan,,READY,0.0,0.0,31.68453357502755,0,0,0,0
1618,63.07352906999995,nan,nan,nan,nan,nan,nan,nan,,READY,0.0,0.0,31.14157767805131,0,0,0,0
1619,63.109636861000126,nan,nan,nan,nan,nan,nan,nan,,READY,0.0,0.0,27.694853999656292,0,0,0,0
1620,63.14166483300005,nan,nan,nan,nan,nan,nan,nan,,READY,0.0,0.0,31.222707450924137,0,0,0,0
1621,63.173357589999796,nan,nan,nan,nan,nan,nan,nan,,READY,0.0,0.0,31.55295072650236,0,0,0,0
1622,63.20943793300012,nan,nan,nan,nan,nan,nan,nan,,READY,0.0,0.0,27.715922766895172,0,0,0,0
1623,63.24089839399994,nan,nan,nan,nan,nan,nan,nan,,READY,0.0,0.0,31.785929646917445,0,0,0,0
1624,63.2728196449998,nan,nan,nan,nan,nan,nan,nan,,READY,0.0,0.0,31.32709303919362,0,0,0,0
1625,63.308533574000194,nan,nan,nan,nan,nan,nan,nan,,READY,0.0,0.0,28.000279666484197,0,0,0,0
1626,63.340691444000186,nan,nan,nan,nan,nan,nan,nan,,READY,0.0,0.0,31.09658693191603,0,0,0,0
1627,63.372777126000074,nan,nan,nan,nan,nan,nan,nan,,READY,0.0,0.0,31.166549615603916,0,0,0,0
1628,63.40878996699985,nan,nan,nan,nan,nan,nan,nan,,READY,0.0,0.0,27.76787313187177,0,0,0,0
1629,63.44107794399997,nan,nan,nan,nan,nan,nan,nan,,READY,0.0,0.0,30.971280733883404,0,0,0,0
1630,63.473510611000165,nan,nan,nan,nan,nan,nan,nan,,READY,0.0,0.0,30.833110332678647,0,0,0,0
1631,63.50993965899988,nan,nan,nan,nan,nan,nan,nan,,READY,0.0,0.0,27.45062127365339,0,0,0,0
1632,63.541269232000104,nan,nan,nan,nan,nan,nan,nan,,READY,0.0,0.0,31.918724203261444,0,0,0,0
1633,63.57701206799993,nan,nan,nan,nan,nan,nan,nan,,READY,0.0,0.0,27.97763445533114,0,0,0,0
1634,63.60868602299979,nan,nan,nan,nan,nan,nan,nan,,READY,0.0,0.0,31.571680896951943,0,0,0,0
1635,63.64115889899995,nan,nan,nan,nan,nan,nan,nan,,READY,0.0,0.0,30.794931745349206,0,0,0,0
1636,63.6800140360001,nan,nan,nan,nan,nan,nan,nan,,READY,0.0,0.0,25.73662267607006,0,0,0,0
1637,63.7103839020001,nan,nan,nan,nan,nan,nan,nan,,READY,0.0,0.0,32.92737610366704,0,0,0,0
1638,63.74250994900012,nan,nan,nan,nan,nan,nan,nan,,READY,0.0,0.0,31.127390182781753,0,0,0,0
1639,63.777537093999854,nan,nan,nan,nan,nan,nan,nan,,READY,0.0,0.0,28.549286560685584,0,0,0,0
1640,63.810189401000116,nan,nan,nan,nan,nan,nan,nan,,READY,0.0,0.0,30.625707396171705,0,0,0,0
1641,63.841104017999896,nan,nan,nan,nan,nan,nan,nan,,READY,0.0,0.0,32.347157980547124,0,0,0,0
1642,63.877431657000216,nan,nan,nan,nan,nan,nan,nan,,READY,0.0,0.0,27.52724998151435,0,0,0,0
1643,63.908815658000094,nan,nan,nan,nan,nan,nan,nan,,READY,0.0,0.0,31.86336885484652,0,0,0,0
1644,63.94086524500017,nan,nan,nan,nan,nan,nan,nan,,READY,0.0,0.0,31.201650117915342,0,0,0,0
1645,63.976780011999836,nan,nan,nan,nan,nan,nan,nan,,READY,0.0,0.0,27.843700058231274,0,0,0,0
1646,64.00932179600022,nan,nan,nan,nan,nan,nan,nan,,READY,0.0,0.0,30.72972274624285,0,0,0,0
1647,64.0417122230001,nan,nan,nan,nan,nan,nan,nan,,READY,0.0,0.0,30.87331945341881,0,0,0,0
1648,64.07683822399986,nan,nan,nan,nan,nan,nan,nan,,READY,0.0,0.0,28.46893957575835,0,0,0,0
1649,64.1113464529999,nan,nan,nan,nan,nan,nan,nan,,READY,0.0,0.0,28.97859522141417,0,0,0,0
1650,64.14607583199995,nan,nan,nan,nan,nan,nan,nan,,READY,0.0,0.0,28.794065105466444,0,0,0,0
1651,64.1777443169999,nan,nan,nan,nan,nan,nan,nan,,READY,0.0,0.0,31.577134176182767,0,0,0,0
1652,64.20912883900019,nan,nan,nan,nan,nan,nan,nan,,READY,0.0,0.0,31.86283990532229,0,0,0,0
1653,64.24715932400022,nan,nan,nan,nan,nan,nan,nan,,READY,0.0,0.0,26.294694900658286,0,0,0,0
1654,64.27825837099999,nan,nan,nan,nan,nan,nan,nan,,READY,0.0,0.0,32.155326174701734,0,0,0,0
1655,64.31428246299993,nan,nan,nan,nan,nan,nan,nan,,READY,0.0,0.0,27.759200703846396,0,0,0,0
1656,64.34503650399984,nan,nan,nan,nan,nan,nan,nan,,READY,0.0,0.0,32.516052118255054,0,0,0,0
1657,64.37686103399983,nan,nan,nan,nan,nan,nan,nan,,READY,0.0,0.0,31.422302230391953,0,0,0,0
1658,64.4090429150001,nan,nan,nan,nan,nan,nan,nan,,READY,0.0,0.0,31.07338567287665,0,0,0,0
1659,64.44483267900023,nan,nan,nan,nan,nan,nan,nan,,READY,0.0,0.0,27.94094982007744,0,0,0,0
1660,64.47720284500019,nan,nan,nan,nan,nan,nan,nan,,READY,0.0,0.0,30.892643553360372,0,0,0,0
1661,64.50908774199979,nan,nan,nan,nan,nan,nan,nan,,READY,0.0,0.0,31.362811051657264,0,0,0,0
1662,64.54476318100023,nan,nan,nan,nan,nan,nan,nan,,READY,0.0,0.0,28.03048898676747,0,0,0,0
1663,64.57682120500021,nan,nan,nan,nan,nan,nan,nan,,READY,0.0,0.0,31.19343849766368,0,0,0,0
1664,64.60918517299979,nan,nan,nan,nan,nan,nan,nan,,READY,0.0,0.0,30.89855978145877,0,0,0,0
1665,64.6458007350002,nan,nan,nan,nan,nan,nan,nan,,READY,0.0,0.0,27.3107920612798,0,0,0,0
1666,64.676961398,nan,nan,nan,nan,nan,nan,nan,,READY,0.0,0.0,32.091743362652814,0,0,0,0
1667,64.71276657899989,nan,nan,nan,nan,nan,nan,nan,,READY,0.0,0.0,27.928919002061672,0,0,0,0
1668,64.74770841000009,nan,nan,nan,nan,nan,nan,nan,,READY,0.0,0.0,28.618992519149185,0,0,0,0
1669,64.77748222299988,nan,nan,nan,nan,nan,nan,nan,,READY,0.0,0.0,33.58656145274277,0,0,0,0
1670,64.81301578500006,nan,nan,nan,nan,nan,nan,nan,,READY,0.0,0.0,28.142408014002818,0,0,0,0
1671,64.84510719499985,nan,nan,nan,nan,nan,nan,nan,,READY,0.0,0.0,31.160986694147546,0,0,0,0
1672,64.88465849100021,nan,nan,nan,nan,nan,nan,nan,,READY,0.0,0.0,25.283621552907924,0,0,0,0
1673,64.91860634500017,nan,nan,nan,nan,nan,nan,nan,,READY,0.0,0.0,29.456942992659418,0,0,0,0
1674,64.94522400200003,nan,nan,nan,nan,nan,nan,nan,,READY,0.0,0.0,37.56904674236489,0,0,0,0
1675,64.97851595700013,nan,nan,nan,nan,nan,nan,nan,,READY,0.0,0.0,30.03728678586586,0,0,0,0
1676,65.01435363900009,nan,nan,nan,nan,nan,nan,nan,,READY,0.0,0.0,27.903590416394145,0,0,0,0
1677,65.04552758299997,nan,nan,nan,nan,nan,nan,nan,,READY,0.0,0.0,32.07807135356445,0,0,0,0
1678,65.07706049299986,nan,nan,nan,nan,nan,nan,nan,,READY,0.0,0.0,31.712899317040236,0,0,0,0
1679,65.11277213099993,nan,nan,nan,nan,nan,nan,nan,,READY,0.0,0.0,28.002075961851634,0,0,0,0
1680,65.14506969100012,nan,nan,nan,nan,nan,nan,nan,,READY,0.0,0.0,30.962091253771852,0,0,0,0
1681,65.17753079700014,nan,nan,nan,nan,nan,nan,nan,,READY,0.0,0.0,30.806097611065358,0,0,0,0
1682,65.21290633399985,nan,nan,nan,nan,nan,nan,nan,,READY,0.0,0.0,28.268122120894734,0,0,0,0
1683,65.24486638799999,nan,nan,nan,nan,nan,nan,nan,,READY,0.0,0.0,31.289058522732752,0,0,0,0
1684,65.27690133900023,nan,nan,nan,nan,nan,nan,nan,,READY,0.0,0.0,31.215905402585427,0,0,0,0
1685,65.313690081,nan,nan,nan,nan,nan,nan,nan,,READY,0.0,0.0,27.18222873742768,0,0,0,0
1686,65.34552799699986,nan,nan,nan,nan,nan,nan,nan,,READY,0.0,0.0,31.409090972048663,0,0,0,0
1687,65.38185152200003,nan,nan,nan,nan,nan,nan,nan,,READY,0.0,0.0,27.53036771610956,0,0,0,0
1688,65.41404684000008,nan,nan,nan,nan,nan,nan,nan,,READY,0.0,0.0,31.06041692144408,0,0,0,0
1689,65.44734301400013,nan,nan,nan,nan,nan,nan,nan,,READY,0.0,0.0,30.033480723602484,0,0,0,0
1690,65.48092460999987,nan,nan,nan,nan,nan,nan,nan,,READY,0.0,0.0,29.778215425123786,0,0,0,0
1691,65.51275075500007,nan,nan,nan,nan,nan,nan,nan,,READY,0.0,0.0,31.42070772296978,0,0,0,0
1692,65.545316706,nan,nan,nan,nan,nan,nan,nan,,READY,0.0,0.0,30.706918400827007,0,0,0,0
1693,65.58079802700013,nan,nan,nan,nan,nan,nan,nan,,READY,0.0,0.0,28.183843549574327,0,0,0,0
1694,65.61328454900013,nan,nan,nan,nan,nan,nan,nan,,READY,0.0,0.0,30.781996299881637,0,0,0,0
1695,65.64502095299986,nan,nan,nan,nan,nan,nan,nan,,READY,0.0,0.0,31.50955602936314,0,0,0,0
1696,65.68078769600015,nan,nan,nan,nan,nan,nan,nan,,READY,0.0,0.0,27.95893380595928,0,0,0,0
1697,65.7127869169999,nan,nan,nan,nan,nan,nan,nan,,READY,0.0,0.0,31.25076076095061,0,0,0,0
1698,65.74491301599983,nan,nan,nan,nan,nan,nan,nan,,READY,0.0,0.0,31.1273397994057,0,0,0,0
1699,65.78084757399984,nan,nan,nan,nan,nan,nan,nan,,READY,0.0,0.0,27.82836510747605,0,0,0,0
1700,65.81337732700013,nan,nan,nan,nan,nan,nan,nan,,READY,0.0,0.0,30.741088012291,0,0,0,0
1701,65.84510706399988,nan,nan,nan,nan,nan,nan,nan,,READY,0.0,0.0,31.516176765280616,0,0,0,0
1702,65.88106604999984,nan,nan,nan,nan,nan,nan,nan,,READY,0.0,0.0,27.809460478136675,0,0,0,0
1703,65.91450384100017,nan,nan,nan,nan,nan,nan,nan,,READY,0.0,0.0,29.906281787283984,0,0,0,0
1704,65.94866492700021,nan,nan,nan,nan,nan,nan,nan,,READY,0.0,0.0,29.273074046850457,0,0,0,0
1705,65.98083180799995,nan,nan,nan,nan,nan,nan,nan,,READY,0.0,0.0,31.08787575668625,0,0,0,0
1706,66.01311561800003,nan,nan,nan,nan,nan,nan,nan,,READY,0.0,0.0,30.97527832054196,0,0,0,0
1707,66.04944247599997,nan,nan,nan,nan,nan,nan,nan,,READY,0.0,0.0,27.52784179687912,0,0,0,0
1708,66.08171055699995,nan,nan,nan,nan,nan,nan,nan,,READY,0.0,0.0,30.99037714701727,0,0,0,0
1709,66.1137671749998,nan,nan,nan,nan,nan,nan,nan,,READY,0.0,0.0,31.19480663883259,0,0,0,0
1710,67.01109851899992,nan,nan,nan,nan,nan,nan,nan,,READY,0.0,0.0,1.1144155463713123,0,0,0,0
1711,67.01942513999984,nan,nan,nan,nan,nan,nan,nan,,READY,0.0,0.0,120.09673551962507,0,0,0,0
1712,67.04876207000007,nan,nan,nan,nan,nan,nan,nan,,READY,0.0,0.0,34.086729592778354,0,0,0,0
1713,67.0865277060002,nan,nan,nan,nan,nan,nan,nan,,READY,0.0,0.0,26.479098617497925,0,0,0,0
1714,67.12107947699997,nan,nan,nan,nan,nan,nan,nan,,READY,0.0,0.0,28.942076514881833,0,0,0,0
1715,67.14925695700003,nan,nan,nan,nan,nan,nan,nan,,READY,0.0,0.0,35.48933403546383,0,0,0,0
1716,67.18974170899992,nan,nan,nan,nan,nan,nan,nan,,READY,0.0,0.0,24.700657669901698,0,0,0,0
1717,67.21717453800011,nan,nan,nan,nan,nan,nan,nan,,READY,0.0,0.0,36.452675004574246,0,0,0,0
1718,67.25133005199996,nan,nan,nan,nan,nan,nan,nan,,READY,0.0,0.0,29.277849544422583,0,0,0,0
1719,67.28545514799998,nan,nan,nan,nan,nan,nan,nan,,READY,0.0,0.0,29.303946866530744,0,0,0,0
1720,67.32153168800005,nan,nan,nan,nan,nan,nan,nan,,READY,0.0,0.0,27.718844434586405,0,0,0,0
1721,67.34979109699998,nan,nan,nan,nan,nan,nan,nan,,READY,0.0,0.0,35.38644421058141,0,0,0,0
1722,67.38581185500016,nan,nan,nan,nan,nan,nan,nan,,READY,0.0,0.0,27.76177003257638,0,0,0,0
1723,67.41800290299989,nan,nan,nan,nan,nan,nan,nan,,READY,0.0,0.0,31.064536948543722,0,0,0,0
1724,67.44904809499985,nan,nan,nan,nan,nan,nan,nan,,READY,0.0,0.0,32.2111069566304,0,0,0,0
1725,67.48465905300009,nan,nan,nan,nan,nan,nan,nan,,READY,0.0,0.0,28.081243980951886,0,0,0,0
1726,67.51688801799992,nan,nan,nan,nan,nan,nan,nan,,READY,0.0,0.0,31.027989884417366,0,0,0,0
1727,67.54905661800012,nan,nan,nan,nan,nan,nan,nan,,READY,0.0,0.0,31.086214507116864,0,0,0,0
1728,67.58489294499986,nan,nan,nan,nan,nan,nan,nan,,READY,0.0,0.0,27.904645473493495,0,0,0,0
1729,67.61764863999997,nan,nan,nan,nan,nan,nan,nan,,READY,0.0,0.0,30.52904235421609,0,0,0,0
1730,67.91736842199998,nan,nan,nan,nan,nan,nan,nan,,READY,0.0,0.0,3.3364497776124873,0,0,0,0
1731,67.93681463700023,nan,nan,nan,nan,nan,nan,nan,,READY,0.0,0.0,51.42388891552772,0,0,0,0
1732,67.95609715,nan,nan,nan,nan,nan,nan,nan,,READY,0.0,0.0,51.86046030470244,0,0,0,0
1733,67.99114153500022,nan,nan,nan,nan,nan,nan,nan,,READY,0.0,0.0,28.53524180817387,0,0,0,0
1734,68.01762444999986,nan,nan,nan,nan,nan,nan,nan,,READY,0.0,0.0,37.76019369521276,0,0,0,0
1735,68.05388490099995,nan,nan,nan,nan,nan,nan,nan,,READY,0.0,0.0,27.578255990184434,0,0,0,0
1736,68.08615095000005,nan,nan,nan,nan,nan,nan,nan,,READY,0.0,0.0,30.992328809669395,0,0,0,0
1737,68.1167793630002,nan,nan,nan,nan,nan,nan,nan,,READY,0.0,0.0,32.64942261274919,0,0,0,0
1738,68.15305892800006,nan,nan,nan,nan,nan,nan,nan,,READY,0.0,0.0,27.563726301676734,0,0,0,0
1739,68.1856245150002,nan,nan,nan,nan,nan,nan,nan,,READY,0.0,0.0,30.707261625464856,0,0,0,0
1740,68.21707664199994,nan,nan,nan,nan,nan,nan,nan,,READY,0.0,0.0,31.7943520960701,0,0,0,0
1741,68.25421570300023,nan,nan,nan,nan,nan,nan,nan,,READY,0.0,0.0,26.92582884613632,0,0,0,0
1742,68.28519193500006,nan,nan,nan,nan,nan,nan,nan,,READY,0.0,0.0,32.28281606379662,0,0,0,0
1743,68.32526969999981,nan,nan,nan,nan,nan,nan,nan,,READY,0.0,0.0,24.95149118236054,0,0,0,0
1744,68.35387411500005,nan,nan,nan,nan,nan,nan,nan,,READY,0.0,0.0,34.95963822337994,0,0,0,0
1745,68.38590062899993,nan,nan,nan,nan,nan,nan,nan,,READY,0.0,0.0,31.224128857849344,0,0,0,0
1746,68.42079808400013,nan,nan,nan,nan,nan,nan,nan,,READY,0.0,0.0,28.655384754977675,0,0,0,0
1747,68.45347971399997,nan,nan,nan,nan,nan,nan,nan,,READY,0.0,0.0,30.598229035847144,0,0,0,0
1748,68.48488579800005,nan,nan,nan,nan,nan,nan,nan,,READY,0.0,0.0,31.8409643175312,0,0,0,0
1749,68.52178568799991,nan,nan,nan,nan,nan,nan,nan,,READY,0.0,0.0,27.100351789770347,0,0,0,0
1750,68.55343953800002,nan,nan,nan,nan,nan,nan,nan,,READY,0.0,0.0,31.591733706846895,0,0,0,0
1751,68.58518880600013,nan,nan,nan,nan,nan,nan,nan,,READY,0.0,0.0,31.49678915420857,0,0,0,0
1752,68.62101518600002,nan,nan,nan,nan,nan,nan,nan,,READY,0.0,0.0,27.91239304677406,0,0,0,0
1753,68.65303977199983,nan,nan,nan,nan,nan,nan,nan,,READY,0.0,0.0,31.22600866740432,0,0,0,0
1754,68.68718153500004,nan,nan,nan,nan,nan,nan,nan,,READY,0.0,0.0,29.289641545280986,0,0,0,0
1755,68.7215998659999,nan,nan,nan,nan,nan,nan,nan,,READY,0.0,0.0,29.05428505536143,0,0,0,0
1756,68.75453618900019,nan,nan,nan,nan,nan,nan,nan,,READY,0.0,0.0,30.36161626151566,0,0,0,0
1757,68.78524882200009,nan,nan,nan,nan,nan,nan,nan,,READY,0.0,0.0,32.55989156004507,0,0,0,0
1758,68.8238850480002,nan,nan,nan,nan,nan,nan,nan,,READY,0.0,0.0,25.8824451435088,0,0,0,0
1759,68.85467138100012,nan,nan,nan,nan,nan,nan,nan,,READY,0.0,0.0,32.481945803759125,0,0,0,0
1760,68.88929731999997,nan,nan,nan,nan,nan,nan,nan,,READY,0.0,0.0,28.880083223281478,0,0,0,0
1761,68.92107200600003,nan,nan,nan,nan,nan,nan,nan,,READY,0.0,0.0,31.471593456439916,0,0,0,0
1762,68.95307794600012,nan,nan,nan,nan,nan,nan,nan,,READY,0.0,0.0,31.244200295232275,0,0,0,0
1763,68.9949398079998,nan,nan,nan,nan,nan,nan,nan,,READY,0.0,0.0,23.888091743451284,0,0,0,0
1764,69.0218353350001,nan,nan,nan,nan,nan,nan,nan,,READY,0.0,0.0,37.18090372382799,0,0,0,0
1765,69.05440743200006,nan,nan,nan,nan,nan,nan,nan,,READY,0.0,0.0,30.701124339686626,0,0,0,0
1766,69.09040964799988,nan,nan,nan,nan,nan,nan,nan,,READY,0.0,0.0,27.77606800662304,0,0,0,0
1767,69.12090498599991,nan,nan,nan,nan,nan,nan,nan,,READY,0.0,0.0,32.79189756804094,0,0,0,0
1768,69.15289545699989,nan,nan,nan,nan,nan,nan,nan,,READY,0.0,0.0,31.25930843596767,0,0,0,0
1769,69.18885090100002,nan,nan,nan,nan,nan,nan,nan,,READY,0.0,0.0,27.812200010551273,0,0,0,0
1770,69.22195660199986,nan,nan,nan,nan,nan,nan,nan,,READY,0.0,0.0,30.206277764812253,0,0,0,0
1771,69.25388550900016,nan,nan,nan,nan,nan,nan,nan,,READY,0.0,0.0,31.319581343352677,0,0,0,0
1772,69.28891577900004,nan,nan,nan,nan,nan,nan,nan,,READY,0.0,0.0,28.546739719775136,0,0,0,0
1773,69.32142063499987,nan,nan,nan,nan,nan,nan,nan,,READY,0.0,0.0,30.764634059759004,0,0,0,0
1774,69.35367064299999,nan,nan,nan,nan,nan,nan,nan,,READY,0.0,0.0,31.007744246026427,0,0,0,0
1775,69.39347517299984,nan,nan,nan,nan,nan,nan,nan,,READY,0.0,0.0,25.1227686899864,0,0,0,0
1776,69.42103310899984,nan,nan,nan,nan,nan,nan,nan,,READY,0.0,0.0,36.287187835846105,0,0,0,0
1777,69.45921838899994,nan,nan,nan,nan,nan,nan,nan,,READY,0.0,0.0,26.188101802506033,0,0,0,0
1778,69.48896824299982,nan,nan,nan,nan,nan,nan,nan,,READY,0.0,0.0,33.61361033920467,0,0,0,0
1779,69.5210768930001,nan,nan,nan,nan,nan,nan,nan,,READY,0.0,0.0,31.14425551965639,0,0,0,0
1780,69.56529124899998,nan,nan,nan,nan,nan,nan,nan,,READY,0.0,0.0,22.617088440745892,0,0,0,0
1781,69.58980844899997,nan,nan,nan,nan,nan,nan,nan,,READY,0.0,0.0,40.78769190610517,0,0,0,0
1782,69.62108989499984,nan,nan,nan,nan,nan,nan,nan,,READY,0.0,0.0,31.967831666230367,0,0,0,0
1783,69.65700861999994,nan,nan,nan,nan,nan,nan,nan,,READY,0.0,0.0,27.840631870902346,0,0,0,0
1784,69.68884690100003,nan,nan,nan,nan,nan,nan,nan,,READY,0.0,0.0,31.408730892133736,0,0,0,0
1785,69.72108794999986,nan,nan,nan,nan,nan,nan,nan,,READY,0.0,0.0,31.016360541045756,0,0,0,0
1786,69.75699875800001,nan,nan,nan,nan,nan,nan,nan,,READY,0.0,0.0,27.84676969662532,0,0,0,0
1787,69.7886871390001,nan,nan,nan,nan,nan,nan,nan,,READY,0.0,0.0,31.557308023941555,0,0,0,0
1788,69.82248717699986,nan,nan,nan,nan,nan,nan,nan,,READY,0.0,0.0,29.58576555468023,0,0,0,0
1789,69.85807323900008,nan,nan,nan,nan,nan,nan,nan,,READY,0.0,0.0,28.100889612169123,0,0,0,0
1790,69.89336419099982,nan,nan,nan,nan,nan,nan,nan,,READY,0.0,0.0,28.335874872611445,0,0,0,0
1791,69.9221166819998,nan,nan,nan,nan,nan,nan,nan,,READY,0.0,0.0,34.7795952705727,0,0,0,0
1792,69.96326467600011,nan,nan,nan,nan,nan,nan,nan,,READY,0.0,0.0,24.302521284328478,0,0,0,0
1793,69.98900252400017,nan,nan,nan,nan,nan,nan,nan,,READY,0.0,0.0,38.85328719003901,0,0,0,0
1794,70.03010098599998,nan,nan,nan,nan,nan,nan,nan,,READY,0.0,0.0,24.331810762277406,0,0,0,0
1795,70.05861034700001,nan,nan,nan,nan,nan,nan,nan,,READY,0.0,0.0,35.07619830549128,0,0,0,0
1796,70.08921985400002,nan,nan,nan,nan,nan,nan,nan,,READY,0.0,0.0,32.66958856932026,0,0,0,0
1797,70.12705038700005,nan,nan,nan,nan,nan,nan,nan,,READY,0.0,0.0,26.43367461936439,0,0,0,0
1798,70.15757421399985,nan,nan,nan,nan,nan,nan,nan,,READY,0.0,0.0,32.76129169539079,0,0,0,0
1799,70.18993662000003,nan,nan,nan,nan,nan,nan,nan,,READY,0.0,0.0,30.90005112705768,0,0,0,0
1800,70.22714068200003,nan,nan,nan,nan,nan,nan,nan,,READY,0.0,0.0,26.878785440148473,0,0,0,0
1801,70.25755450799988,nan,nan,nan,nan,nan,nan,nan,,READY,0.0,0.0,32.87978303041077,0,0,0,0
1802,70.288890799,nan,nan,nan,nan,nan,nan,nan,,READY,0.0,0.0,31.911881338997556,0,0,0,0
1803,70.3249956210002,nan,nan,nan,nan,nan,nan,nan,,READY,0.0,0.0,27.697131424565036,0,0,0,0
1804,70.35713380300012,nan,nan,nan,nan,nan,nan,nan,,READY,0.0,0.0,31.115636845989048,0,0,0,0
1805,70.3902973700001,nan,nan,nan,nan,nan,nan,nan,,READY,0.0,0.0,30.153571839868125,0,0,0,0
1806,70.42503159299986,nan,nan,nan,nan,nan,nan,nan,,READY,0.0,0.0,28.790049514190308,0,0,0,0
1807,70.46021238599997,nan,nan,nan,nan,nan,nan,nan,,READY,0.0,0.0,28.42460088938049,0,0,0,0
1808,70.49005000299985,nan,nan,nan,nan,nan,nan,nan,,READY,0.0,0.0,33.514740805335315,0,0,0,0
1809,70.52508657499993,nan,nan,nan,nan,nan,nan,nan,,READY,0.0,0.0,28.54160504051853,0,0,0,0
1810,70.55713480700024,nan,nan,nan,nan,nan,nan,nan,,READY,0.0,0.0,31.20296932418716,0,0,0,0
1811,70.60173156700012,nan,nan,nan,nan,nan,nan,nan,,READY,0.0,0.0,22.42315361032428,0,0,0,0
1812,70.62564224400012,nan,nan,nan,nan,nan,nan,nan,,READY,0.0,0.0,41.82232063106595,0,0,0,0
1813,70.6593280080001,nan,nan,nan,nan,nan,nan,nan,,READY,0.0,0.0,29.68613091276454,0,0,0,0
1814,70.69351946000006,nan,nan,nan,nan,nan,nan,nan,,READY,0.0,0.0,29.247076140586138,0,0,0,0
1815,70.72672396500002,nan,nan,nan,nan,nan,nan,nan,,READY,0.0,0.0,30.116395350608872,0,0,0,0
1816,70.75752972500004,nan,nan,nan,nan,nan,nan,nan,,READY,0.0,0.0,32.46146175258506,0,0,0,0
1817,70.79287552200003,nan,nan,nan,nan,nan,nan,nan,,READY,0.0,0.0,28.29190695573391,0,0,0,0
1818,70.8250875079998,nan,nan,nan,nan,nan,nan,nan,,READY,0.0,0.0,31.04434479784254,0,0,0,0
1819,70.85712766699999,nan,nan,nan,nan,nan,nan,nan,,READY,0.0,0.0,31.210831381769722,0,0,0,0
1820,70.89344077499982,nan,nan,nan,nan,nan,nan,nan,,READY,0.0,0.0,27.53826524583494,0,0,0,0
1821,70.92490368300014,nan,nan,nan,nan,nan,nan,nan,,READY,0.0,0.0,31.78345752369051,0,0,0,0
1822,70.95741853900017,nan,nan,nan,nan,nan,nan,nan,,READY,0.0,0.0,30.75517234334188,0,0,0,0
1823,70.99290512000016,nan,nan,nan,nan,nan,nan,nan,,READY,0.0,0.0,28.179665998265126,0,0,0,0
1824,71.02763132200016,nan,nan,nan,nan,nan,nan,nan,,READY,0.0,0.0,28.796699391426465,0,0,0,0
1825,71.05819447300019,nan,nan,nan,nan,nan,nan,nan,,READY,0.0,0.0,32.71913946304872,0,0,0,0
1826,71.09400402900019,nan,nan,nan,nan,nan,nan,nan,,READY,0.0,0.0,27.925506811642514,0,0,0,0
1827,71.13133028099992,nan,nan,nan,nan,nan,nan,nan,,READY,0.0,0.0,26.790795925806883,0,0,0,0
1828,71.16441842999984,nan,nan,nan,nan,nan,nan,nan,,READY,0.0,0.0,30.222301042053807,0,0,0,0
1829,71.19655645600005,nan,nan,nan,nan,nan,nan,nan,,READY,0.0,0.0,31.115787882971336,0,0,0,0
1830,71.23210996499984,nan,nan,nan,nan,nan,nan,nan,,READY,0.0,0.0,28.12661895077938,0,0,0,0
1831,71.26748539800019,nan,nan,nan,nan,nan,nan,nan,,READY,0.0,0.0,28.2682052256433,0,0,0,0
1832,71.29474535999998,nan,nan,nan,nan,nan,nan,nan,,READY,0.0,0.0,36.68383690365149,0,0,0,0
1833,71.32637551100015,nan,nan,nan,nan,nan,nan,nan,,READY,0.0,0.0,31.615403922496483,0,0,0,0
1834,71.36423443000012,nan,nan,nan,nan,nan,nan,nan,,READY,0.0,0.0,26.413855081301037,0,0,0,0
1835,71.3934057309998,nan,nan,nan,nan,nan,nan,nan,,READY,0.0,0.0,34.28026744542611,0,0,0,0
1836,71.42506265400016,nan,nan,nan,nan,nan,nan,nan,,READY,0.0,0.0,31.588667034657185,0,0,0,0
1837,71.46167816300022,nan,nan,nan,nan,nan,nan,nan,,READY,0.0,0.0,27.31083159320357,0,0,0,0
1838,71.49407197500022,nan,nan,nan,nan,nan,nan,nan,,READY,0.0,0.0,30.870093337570502,0,0,0,0
1839,71.52525196099987,nan,nan,nan,nan,nan,nan,nan,,READY,0.0,0.0,32.07185532448476,0,0,0,0
1840,71.56115323799986,nan,nan,nan,nan,nan,nan,nan,,READY,0.0,0.0,27.854162402083332,0,0,0,0
1841,71.59306099900004,nan,nan,nan,nan,nan,nan,nan,,READY,0.0,0.0,31.340337543402995,0,0,0,0
1842,71.62482365300002,nan,nan,nan,nan,nan,nan,nan,,READY,0.0,0.0,31.483515199981117,0,0,0,0
1843,71.66091816200014,nan,nan,nan,nan,nan,nan,nan,,READY,0.0,0.0,27.70504510801381,0,0,0,0
1844,71.69377021199989,nan,nan,nan,nan,nan,nan,nan,,READY,0.0,0.0,30.43950073154373,0,0,0,0
1845,71.72699284300006,nan,nan,nan,nan,nan,nan,nan,,READY,0.0,0.0,30.099964087577437,0,0,0,0
1846,71.7607968389998,nan,nan,nan,nan,nan,nan,nan,,READY,0.0,0.0,29.582301453588318,0,0,0,0
1847,71.79457505299979,nan,nan,nan,nan,nan,nan,nan,,READY,0.0,0.0,29.60488082644522,0,0,0,0
1848,71.8301695529999,nan,nan,nan,nan,nan,nan,nan,,READY,0.0,0.0,28.09422804075772,0,0,0,0
1849,71.86259623000024,nan,nan,nan,nan,nan,nan,nan,,READY,0.0,0.0,30.838805961826026,0,0,0,0
1850,71.89540926900008,nan,nan,nan,nan,nan,nan,nan,,READY,0.0,0.0,30.475689862333052,0,0,0,0
1851,71.93089131900024,nan,nan,nan,nan,nan,nan,nan,,READY,0.0,0.0,28.183264495586574,0,0,0,0
1852,71.9645578640002,nan,nan,nan,nan,nan,nan,nan,,READY,0.0,0.0,29.703077639870305,0,0,0,0
1853,71.99390802300013,nan,nan,nan,nan,nan,nan,nan,,READY,0.0,0.0,34.07136567819977,0,0,0,0
1854,72.02978638200011,nan,nan,nan,nan,nan,nan,nan,,READY,0.0,0.0,27.871954790366807,0,0,0,0
1855,72.06183018699994,nan,nan,nan,nan,nan,nan,nan,,READY,0.0,0.0,31.20728015931004,0,0,0,0
1856,72.09380701200007,nan,nan,nan,nan,nan,nan,nan,,READY,0.0,0.0,31.272648238090227,0,0,0,0
1857,72.12945646099979,nan,nan,nan,nan,nan,nan,nan,,READY,0.0,0.0,28.050924433862775,0,0,0,0
1858,72.16180188599992,nan,nan,nan,nan,nan,nan,nan,,READY,0.0,0.0,30.916273321372827,0,0,0,0
1859,72.19433684700016,nan,nan,nan,nan,nan,nan,nan,,READY,0.0,0.0,30.736167164690773,0,0,0,0
1860,72.22946534799985,nan,nan,nan,nan,nan,nan,nan,,READY,0.0,0.0,28.466913518707347,0,0,0,0
1861,72.26121638699988,nan,nan,nan,nan,nan,nan,nan,,READY,0.0,0.0,31.495032335764492,0,0,0,0
1862,72.29377160800004,nan,nan,nan,nan,nan,nan,nan,,READY,0.0,0.0,30.717039211464705,0,0,0,0
1863,72.33029086599981,nan,nan,nan,nan,nan,nan,nan,,READY,0.0,0.0,27.382812652060693,0,0,0,0
1864,72.36267134399986,nan,nan,nan,nan,nan,nan,nan,,READY,0.0,0.0,30.88280537422746,0,0,0,0
1865,72.39752322499999,nan,nan,nan,nan,nan,nan,nan,,READY,0.0,0.0,28.692855917776395,0,0,0,0
1866,72.43003506000014,nan,nan,nan,nan,nan,nan,nan,,READY,0.0,0.0,30.758030114122338,0,0,0,0
1867,72.46804908700005,nan,nan,nan,nan,nan,nan,nan,,READY,0.0,0.0,26.306079069238645,0,0,0,0
1868,72.50209714999983,nan,nan,nan,nan,nan,nan,nan,,READY,0.0,0.0,29.370246407458556,0,0,0,0
1869,72.52947643700008,nan,nan,nan,nan,nan,nan,nan,,READY,0.0,0.0,36.52396061265493,0,0,0,0
1870,72.56133784199983,nan,nan,nan,nan,nan,nan,nan,,READY,0.0,0.0,31.385935429024666,0,0,0,0
1871,72.59724807800012,nan,nan,nan,nan,nan,nan,nan,,READY,0.0,0.0,27.847213256741153,0,0,0,0
1872,72.62979814299979,nan,nan,nan,nan,nan,nan,nan,,READY,0.0,0.0,30.721904856724176,0,0,0,0
1873,72.6611845389998,nan,nan,nan,nan,nan,nan,nan,,READY,0.0,0.0,31.860937458365157,0,0,0,0
1874,72.69706175300007,nan,nan,nan,nan,nan,nan,nan,,READY,0.0,0.0,27.87284430704667,0,0,0,0
1875,72.72911649600019,nan,nan,nan,nan,nan,nan,nan,,READY,0.0,0.0,31.196631337719648,0,0,0,0
1876,72.76146405700001,nan,nan,nan,nan,nan,nan,nan,,READY,0.0,0.0,30.91423183359757,0,0,0,0
1877,72.79778841400002,nan,nan,nan,nan,nan,nan,nan,,READY,0.0,0.0,27.529737140279263,0,0,0,0
1878,72.82907527799989,nan,nan,nan,nan,nan,nan,nan,,READY,0.0,0.0,31.962295741888795,0,0,0,0
1879,72.8619079,nan,nan,nan,nan,nan,nan,nan,,READY,0.0,0.0,30.457512653010554,0,0,0,0
1880,72.89716041400015,nan,nan,nan,nan,nan,nan,nan,,READY,0.0,0.0,28.366771232138927,0,0,0,0
1881,72.9295103190002,nan,nan,nan,nan,nan,nan,nan,,READY,0.0,0.0,30.91199185897347,0,0,0,0
1882,72.96639505299981,nan,nan,nan,nan,nan,nan,nan,,READY,0.0,0.0,27.111487370641576,0,0,0,0
1883,73.00017821500023,nan,nan,nan,nan,nan,nan,nan,,READY,0.0,0.0,29.600544791740464,0,0,0,0
1884,73.03213670600007,nan,nan,nan,nan,nan,nan,nan,,READY,0.0,0.0,31.290588782961315,0,0,0,0
1885,73.06833944600021,nan,nan,nan,nan,nan,nan,nan,,READY,0.0,0.0,27.622218649645426,0,0,0,0
1886,73.09784710800022,nan,nan,nan,nan,nan,nan,nan,,READY,0.0,0.0,33.88950300432164,0,0,0,0
1887,73.13663406600017,nan,nan,nan,nan,nan,nan,nan,,READY,0.0,0.0,25.781862037270145,0,0,0,0
1888,73.16510504100006,nan,nan,nan,nan,nan,nan,nan,,READY,0.0,0.0,35.12348979983393,0,0,0,0
1889,73.19823412799997,nan,nan,nan,nan,nan,nan,nan,,READY,0.0,0.0,30.184954991449658,0,0,0,0
1890,73.23138920500014,nan,nan,nan,nan,nan,nan,nan,,READY,0.0,0.0,30.161293246121858,0,0,0,0
1891,73.26565805300015,nan,nan,nan,nan,nan,nan,nan,,READY,0.0,0.0,29.18102178397389,0,0,0,0
1892,73.29763717000014,nan,nan,nan,nan,nan,nan,nan,,READY,0.0,0.0,31.27040687209282,0,0,0,0
1893,73.32908815100018,nan,nan,nan,nan,nan,nan,nan,,READY,0.0,0.0,31.795510607408477,0,0,0,0
1894,73.36485676800021,nan,nan,nan,nan,nan,nan,nan,,READY,0.0,0.0,27.957468973406023,0,0,0,0
1895,73.39683463500023,nan,nan,nan,nan,nan,nan,nan,,READY,0.0,0.0,31.271629217773434,0,0,0,0
1896,73.42911375699987,nan,nan,nan,nan,nan,nan,nan,,READY,0.0,0.0,30.97977695958623,0,0,0,0
1897,73.46589317600001,nan,nan,nan,nan,nan,nan,nan,,READY,0.0,0.0,27.1891190014769,0,0,0,0
1898,73.49726816600014,nan,nan,nan,nan,nan,nan,nan,,READY,0.0,0.0,31.87252011859821,0,0,0,0
1899,73.53370117099985,nan,nan,nan,nan,nan,nan,nan,,READY,0.0,0.0,27.447639853150104,0,0,0,0
1900,73.56889107999996,nan,nan,nan,nan,nan,nan,nan,,READY,0.0,0.0,28.417237452841405,0,0,0,0
1901,73.59751481800004,nan,nan,nan,nan,nan,nan,nan,,READY,0.0,0.0,34.93603805335486,0,0,0,0
1902,73.63556207400006,nan,nan,nan,nan,nan,nan,nan,,READY,0.0,0.0,26.283104358413844,0,0,0,0
1903,73.66915231600024,nan,nan,nan,nan,nan,nan,nan,,READY,0.0,0.0,29.770550625829046,0,0,0,0
1904,73.69805251800017,nan,nan,nan,nan,nan,nan,nan,,READY,0.0,0.0,34.60183427099807,0,0,0,0
1905,73.73549111600005,nan,nan,nan,nan,nan,nan,nan,,READY,0.0,0.0,26.710401922721296,0,0,0,0
1906,73.76649531700014,nan,nan,nan,nan,nan,nan,nan,,READY,0.0,0.0,32.253693620332044,0,0,0,0
1907,73.79772853399982,nan,nan,nan,nan,nan,nan,nan,,READY,0.0,0.0,32.01719502701953,0,0,0,0
1908,73.83308089299999,nan,nan,nan,nan,nan,nan,nan,,READY,0.0,0.0,28.286655495752097,0,0,0,0
1909,73.86510631300007,nan,nan,nan,nan,nan,nan,nan,,READY,0.0,0.0,31.225195485256585,0,0,0,0
1910,73.89822597200009,nan,nan,nan,nan,nan,nan,nan,,READY,0.0,0.0,30.19354758451294,0,0,0,0
1911,73.93302571699996,nan,nan,nan,nan,nan,nan,nan,,READY,0.0,0.0,28.73584274837794,0,0,0,0
1912,73.96524759800013,nan,nan,nan,nan,nan,nan,nan,,READY,0.0,0.0,31.03481140640939,0,0,0,0
1913,73.9974364059999,nan,nan,nan,nan,nan,nan,nan,,READY,0.0,0.0,31.066698711149513,0,0,0,0
1914,74.03311642800008,nan,nan,nan,nan,nan,nan,nan,,READY,0.0,0.0,28.02688854830277,0,0,0,0
1915,74.06532685100001,nan,nan,nan,nan,nan,nan,nan,,READY,0.0,0.0,31.045851214135187,0,0,0,0
1916,74.10172933600006,nan,nan,nan,nan,nan,nan,nan,,READY,0.0,0.0,27.470652072201567,0,0,0,0
1917,74.1330970859999,nan,nan,nan,nan,nan,nan,nan,,READY,0.0,0.0,31.879876625035177,0,0,0,0
1918,74.16902200899995,nan,nan,nan,nan,nan,nan,nan,,READY,0.0,0.0,27.835828625128105,0,0,0,0
1919,74.20121435800002,nan,nan,nan,nan,nan,nan,nan,,READY,0.0,0.0,31.0632815268568,0,0,0,0
1920,74.2431538259998,nan,nan,nan,nan,nan,nan,nan,,READY,0.0,0.0,23.843888530135693,0,0,0,0
1921,74.26610047399981,nan,nan,nan,nan,nan,nan,nan,,READY,0.0,0.0,43.57934980304409,0,0,0,0
1922,74.3033350579999,nan,nan,nan,nan,nan,nan,nan,,READY,0.0,0.0,26.85675231385991,0,0,0,0
1923,74.3362417960002,nan,nan,nan,nan,nan,nan,nan,,READY,0.0,0.0,30.388913054557708,0,0,0,0
1924,74.36540590899995,nan,nan,nan,nan,nan,nan,nan,,READY,0.0,0.0,34.28871641007974,0,0,0,0
1925,74.40148156399982,nan,nan,nan,nan,nan,nan,nan,,READY,0.0,0.0,27.719524427301828,0,0,0,0
1926,74.43372928000008,nan,nan,nan,nan,nan,nan,nan,,READY,0.0,0.0,31.009948115148717,0,0,0,0
1927,74.46572766700001,nan,nan,nan,nan,nan,nan,nan,,READY,0.0,0.0,31.251575274784052,0,0,0,0
1928,74.50159347399995,nan,nan,nan,nan,nan,nan,nan,,READY,0.0,0.0,27.88170917224228,0,0,0,0
1929,74.53291330699994,nan,nan,nan,nan,nan,nan,nan,,READY,0.0,0.0,31.928650449702975,0,0,0,0
1930,74.56647307899993,nan,nan,nan,nan,nan,nan,nan,,READY,0.0,0.0,29.797580269624884,0,0,0,0
1931,74.60088427400024,nan,nan,nan,nan,nan,nan,nan,,READY,0.0,0.0,29.060310169153034,0,0,0,0
1932,74.63319443899991,nan,nan,nan,nan,nan,nan,nan,,READY,0.0,0.0,30.950012171406918,0,0,0,0
1933,74.66963603900012,nan,nan,nan,nan,nan,nan,nan,,READY,0.0,0.0,27.441166139633197,0,0,0,0
1934,74.70150895500001,nan,nan,nan,nan,nan,nan,nan,,READY,0.0,0.0,31.374600303393777,0,0,0,0
1935,74.74338477599986,nan,nan,nan,nan,nan,nan,nan,,READY,0.0,0.0,23.880128821918838,0,0,0,0
1936,74.76903074700022,nan,nan,nan,nan,nan,nan,nan,,READY,0.0,0.0,38.99247955891514,0,0,0,0
1937,74.8042276870001,nan,nan,nan,nan,nan,nan,nan,,READY,0.0,0.0,28.41156077782523,0,0,0,0
1938,74.8393605629999,nan,nan,nan,nan,nan,nan,nan,,READY,0.0,0.0,28.463368612506915,0,0,0,0
1939,74.87117102999991,nan,nan,nan,nan,nan,nan,nan,,READY,0.0,0.0,31.436193627700074,0,0,0,0
1940,74.90163678299996,nan,nan,nan,nan,nan,nan,nan,,READY,0.0,0.0,32.82374146467195,0,0,0,0
1941,74.93665950100012,nan,nan,nan,nan,nan,nan,nan,,READY,0.0,0.0,28.552895294857493,0,0,0,0
1942,74.96891242499987,nan,nan,nan,nan,nan,nan,nan,,READY,0.0,0.0,31.004940823590818,0,0,0,0
1943,75.00614716500013,nan,nan,nan,nan,nan,nan,nan,,READY,0.0,0.0,26.856639793726675,0,0,0,0
1944,75.03620567100006,nan,nan,nan,nan,nan,nan,nan,,READY,0.0,0.0,33.26845319598583,0,0,0,0
1945,75.0688318309999,nan,nan,nan,nan,nan,nan,nan,,READY,0.0,0.0,30.650251209612897,0,0,0,0
1946,75.10107215000016,nan,nan,nan,nan,nan,nan,nan,,READY,0.0,0.0,31.017062827193136,0,0,0,0
1947,75.13326236400007,nan,nan,nan,nan,nan,nan,nan,,READY,0.0,0.0,31.065341783772013,0,0,0,0
1948,75.16891509400011,nan,nan,nan,nan,nan,nan,nan,,READY,0.0,0.0,28.048343002034752,0,0,0,0
1949,75.20174683100004,nan,nan,nan,nan,nan,nan,nan,,READY,0.0,0.0,30.45833365448541,0,0,0,0
1950,75.2335789660001,nan,nan,nan,nan,nan,nan,nan,,READY,0.0,0.0,31.4147951432775,0,0,0,0
1951,75.26907429699986,nan,nan,nan,nan,nan,nan,nan,,READY,0.0,0.0,28.172719392491608,0,0,0,0
1952,75.30289178200019,nan,nan,nan,nan,nan,nan,nan,,READY,0.0,0.0,29.570501768251855,0,0,0,0
1953,75.33764387000019,nan,nan,nan,nan,nan,nan,nan,,READY,0.0,0.0,28.775249418102987,0,0,0,0
1954,75.36895307699979,nan,nan,nan,nan,nan,nan,nan,,READY,0.0,0.0,31.939486682398186,0,0,0,0
1955,75.40189314999998,nan,nan,nan,nan,nan,nan,nan,,READY,0.0,0.0,30.3581598011094,0,0,0,0
1956,75.44721794399993,nan,nan,nan,nan,nan,nan,nan,,READY,0.0,0.0,22.062979480966664,0,0,0,0
1957,75.46977979199983,nan,nan,nan,nan,nan,nan,nan,,READY,0.0,0.0,44.32261045303662,0,0,0,0
1958,75.50781928800006,nan,nan,nan,nan,nan,nan,nan,,READY,0.0,0.0,26.288466072046567,0,0,0,0
1959,75.54084878899994,nan,nan,nan,nan,nan,nan,nan,,READY,0.0,0.0,30.275964508329327,0,0,0,0
1960,75.57132115700006,nan,nan,nan,nan,nan,nan,nan,,READY,0.0,0.0,32.816616023936795,0,0,0,0
1961,75.60132669299992,nan,nan,nan,nan,nan,nan,nan,,READY,0.0,0.0,33.327183357250746,0,0,0,0
1962,75.63702801799991,nan,nan,nan,nan,nan,nan,nan,,READY,0.0,0.0,28.010164888845296,0,0,0,0
1963,75.66906802099993,nan,nan,nan,nan,nan,nan,nan,,READY,0.0,0.0,31.210983344769765,0,0,0,0
1964,75.70110531499995,nan,nan,nan,nan,nan,nan,nan,,READY,0.0,0.0,31.213622473838875,0,0,0,0
1965,75.73704851999992,nan,nan,nan,nan,nan,nan,nan,,READY,0.0,0.0,27.821670326864915,0,0,0,0
1966,75.76977171299995,nan,nan,nan,nan,nan,nan,nan,,READY,0.0,0.0,30.559365035033057,0,0,0,0
1967,75.80106409700011,nan,nan,nan,nan,nan,nan,nan,,READY,0.0,0.0,31.956657568662944,0,0,0,0
1968,75.83758345900014,nan,nan,nan,nan,nan,nan,nan,,READY,0.0,0.0,27.382734670967928,0,0,0,0
1969,75.86975560000019,nan,nan,nan,nan,nan,nan,nan,,READY,0.0,0.0,31.082793028867986,0,0,0,0
1970,75.90545593500019,nan,nan,nan,nan,nan,nan,nan,,READY,0.0,0.0,28.010941634020014,0,0,0,0
1971,75.94455295099988,nan,nan,nan,nan,nan,nan,nan,,READY,0.0,0.0,25.577399564406903,0,0,0,0
1972,75.97029335100024,nan,nan,nan,nan,nan,nan,nan,,READY,0.0,0.0,38.849435128671495,0,0,0,0
1973,76.00489819599989,nan,nan,nan,nan,nan,nan,nan,,READY,0.0,0.0,28.897687592883297,0,0,0,0
1974,76.0394592900002,nan,nan,nan,nan,nan,nan,nan,,READY,0.0,0.0,28.93426926795302,0,0,0,0
1975,76.0710070959999,nan,nan,nan,nan,nan,nan,nan,,READY,0.0,0.0,31.69792536473907,0,0,0,0
1976,76.10710462599991,nan,nan,nan,nan,nan,nan,nan,,READY,0.0,0.0,27.702726474632016,0,0,0,0
1977,76.14179119099981,nan,nan,nan,nan,nan,nan,nan,,READY,0.0,0.0,28.82960592963969,0,0,0,0
1978,76.16943022199985,nan,nan,nan,nan,nan,nan,nan,,READY,0.0,0.0,36.18071849185767,0,0,0,0
1979,76.2051547760002,nan,nan,nan,nan,nan,nan,nan,,READY,0.0,0.0,27.99195197762615,0,0,0,0
1980,76.24063651300003,nan,nan,nan,nan,nan,nan,nan,,READY,0.0,0.0,28.18351311281261,0,0,0,0
1981,76.2693694200002,nan,nan,nan,nan,nan,nan,nan,,READY,0.0,0.0,34.80330061952564,0,0,0,0
1982,76.30510262000007,nan,nan,nan,nan,nan,nan,nan,,READY,0.0,0.0,27.985179049279097,0,0,0,0
1983,76.33726616700005,nan,nan,nan,nan,nan,nan,nan,,READY,0.0,0.0,31.09109825482128,0,0,0,0
1984,76.36918429300022,nan,nan,nan,nan,nan,nan,nan,,READY,0.0,0.0,31.330160172776303,0,0,0,0
1985,76.40587173099993,nan,nan,nan,nan,nan,nan,nan,,READY,0.0,0.0,27.25728626806025,0,0,0,0
1986,76.43809819499984,nan,nan,nan,nan,nan,nan,nan,,READY,0.0,0.0,31.030397874335634,0,0,0,0
1987,76.47338232399989,nan,nan,nan,nan,nan,nan,nan,,READY,0.0,0.0,28.341354267202377,0,0,0,0
1988,76.5050509140001,nan,nan,nan,nan,nan,nan,nan,,READY,0.0,0.0,31.577029479159517,0,0,0,0
1989,76.5417771020002,nan,nan,nan,nan,nan,nan,nan,,READY,0.0,0.0,27.22852695730936,0,0,0,0
1990,76.57514541199998,nan,nan,nan,nan,nan,nan,nan,,READY,0.0,0.0,29.968553996482974,0,0,0,0
1991,76.60512469800005,nan,nan,nan,nan,nan,nan,nan,,READY,0.0,0.0,33.35636479126425,0,0,0,0
1992,76.63724558800004,nan,nan,nan,nan,nan,nan,nan,,READY,0.0,0.0,31.132387676692392,0,0,0,0
1993,76.68358597499991,nan,nan,nan,nan,nan,nan,nan,,READY,0.0,0.0,21.579448613641134,0,0,0,0
1994,76.70522285700008,nan,nan,nan,nan,nan,nan,nan,,READY,0.0,0.0,46.217380119386775,0,0,0,0
1995,76.7387386700002,nan,nan,nan,nan,nan,nan,nan,,READY,0.0,0.0,29.83666247321419,0,0,0,0
1996,76.77330648299994,nan,nan,nan,nan,nan,nan,nan,,READY,0.0,0.0,28.928645269156444,0,0,0,0
1997,76.80487579999999,nan,nan,nan,nan,nan,nan,nan,,READY,0.0,0.0,31.676326732011976,0,0,0,0
1998,76.83718143299984,nan,nan,nan,nan,nan,nan,nan,,READY,0.0,0.0,30.954353997787905,0,0,0,0
1999,76.87279364100004,nan,nan,nan,nan,nan,nan,nan,,READY,0.0,0.0,28.080258320245612,0,0,0,0
2000,76.905048179,nan,nan,nan,nan,nan,nan,nan,,READY,0.0,0.0,31.003389352568256,0,0,0,0
2001,76.93733511400023,nan,nan,nan,nan,nan,nan,nan,,READY,0.0,0.0,30.972280273519267,0,0,0,0
2002,76.97291617600013,nan,nan,nan,nan,nan,nan,nan,,READY,0.0,0.0,28.10483846724519,0,0,0,0
2003,77.00486852099993,nan,nan,nan,nan,nan,nan,nan,,READY,0.0,0.0,31.296607494879858,0,0,0,0
2004,77.0407598490001,nan,nan,nan,nan,nan,nan,nan,,READY,0.0,0.0,27.861883516695112,0,0,0,0
2005,77.07357262699998,nan,nan,nan,nan,nan,nan,nan,,READY,0.0,0.0,30.475932272594328,0,0,0,0
2006,77.10704265799995,nan,nan,nan,nan,nan,nan,nan,,READY,0.0,0.0,29.877474568237773,0,0,0,0
2007,77.14127249600006,nan,nan,nan,nan,nan,nan,nan,,READY,0.0,0.0,29.214277905640245,0,0,0,0
2008,77.17575077499987,nan,nan,nan,nan,nan,nan,nan,,READY,0.0,0.0,29.00376785063459,0,0,0,0
2009,77.20680133199994,nan,nan,nan,nan,nan,nan,nan,,READY,0.0,0.0,32.20554143353048,0,0,0,0
2010,77.24411034400009,nan,nan,nan,nan,nan,nan,nan,,READY,0.0,0.0,26.80317559725144,0,0,0,0
2011,77.27953062200004,nan,nan,nan,nan,nan,nan,nan,,READY,0.0,0.0,28.23241534133359,0,0,0,0
2012,77.31044471699988,nan,nan,nan,nan,nan,nan,nan,,READY,0.0,0.0,32.34770417846802,0,0,0,0
2013,77.34177335200002,nan,nan,nan,nan,nan,nan,nan,,READY,0.0,0.0,31.91967987100779,0,0,0,0
2014,77.37380793800003,nan,nan,nan,nan,nan,nan,nan,,READY,0.0,0.0,31.216261074818433,0,0,0,0
2015,77.40533110700017,nan,nan,nan,nan,nan,nan,nan,,READY,0.0,0.0,31.72269894551569,0,0,0,0
2016,77.44211521399984,nan,nan,nan,nan,nan,nan,nan,,READY,0.0,0.0,27.185653847973416,0,0,0,0
2017,77.47461053799998,nan,nan,nan,nan,nan,nan,nan,,READY,0.0,0.0,30.773658388381058,0,0,0,0
2018,77.50731018900024,nan,nan,nan,nan,nan,nan,nan,,READY,0.0,0.0,30.581366143391918,0,0,0,0
2019,77.54262593300018,nan,nan,nan,nan,nan,nan,nan,,READY,0.0,0.0,28.315982809297694,0,0,0,0
2020,77.57797016699988,nan,nan,nan,nan,nan,nan,nan,,READY,0.0,0.0,28.29315808651114,0,0,0,0
2021,77.61241495700006,nan,nan,nan,nan,nan,nan,nan,,READY,0.0,0.0,29.03196680818158,0,0,0,0
2022,77.64138083699982,nan,nan,nan,nan,nan,nan,nan,,READY,0.0,0.0,34.52337715989634,0,0,0,0
2023,77.67485300299995,nan,nan,nan,nan,nan,nan,nan,,READY,0.0,0.0,29.875568853114647,0,0,0,0
2024,77.70916414400017,nan,nan,nan,nan,nan,nan,nan,,READY,0.0,0.0,29.145052331360457,0,0,0,0
2025,77.74723838,nan,nan,nan,nan,nan,nan,nan,,READY,0.0,0.0,26.264479739120198,0,0,0,0
2026,77.77335503799986,nan,nan,nan,nan,nan,nan,nan,,READY,0.0,0.0,38.289738296729695,0,0,0,0
2027,77.80931943999985,nan,nan,nan,nan,nan,nan,nan,,READY,0.0,0.0,27.805272558133005,0,0,0,0
2028,77.97818774899997,nan,nan,nan,nan,nan,nan,nan,,READY,0.0,0.0,5.921774227035712,0,0,0,0
2029,78.01251686000023,nan,nan,nan,nan,nan,nan,nan,,READY,0.0,0.0,29.129795991291356,0,0,0,0
2030,78.066563804,nan,nan,nan,nan,nan,nan,nan,,READY,0.0,0.0,18.502433736204342,0,0,0,0
2031,78.09024796599988,nan,nan,nan,nan,nan,nan,nan,,READY,0.0,0.0,42.22230873125301,0,0,0,0
2032,78.11197766299983,nan,nan,nan,nan,nan,nan,nan,,READY,0.0,0.0,46.01996981375589,0,0,0,0
2033,78.141372822,nan,nan,nan,nan,nan,nan,nan,,READY,0.0,0.0,34.01920703999475,0,0,0,0
2034,78.17831599400006,nan,nan,nan,nan,nan,nan,nan,,READY,0.0,0.0,27.068601472506092,0,0,0,0
2035,78.20924868300017,nan,nan,nan,nan,nan,nan,nan,,READY,0.0,0.0,32.32825959606795,0,0,0,0
2036,78.24814835200004,nan,nan,nan,nan,nan,nan,nan,,READY,0.0,0.0,25.707159616273785,0,0,0,0
2037,78.28412093099996,nan,nan,nan,nan,nan,nan,nan,,READY,0.0,0.0,27.798952085206192,0,0,0,0
2038,78.31223992000014,nan,nan,nan,nan,nan,nan,nan,,READY,0.0,0.0,35.56315627114855,0,0,0,0
2039,78.34138101200006,nan,nan,nan,nan,nan,nan,nan,,READY,0.0,0.0,34.315803951437864,0,0,0,0
2040,78.37748744800001,nan,nan,nan,nan,nan,nan,nan,,READY,0.0,0.0,27.695893330520317,0,0,0,0
2041,78.41009720200009,nan,nan,nan,nan,nan,nan,nan,,READY,0.0,0.0,30.665671381563545,0,0,0,0
2042,78.44361212900003,nan,nan,nan,nan,nan,nan,nan,,READY,0.0,0.0,29.837451234840277,0,0,0,0
2043,78.47747117800009,nan,nan,nan,nan,nan,nan,nan,,READY,0.0,0.0,29.53420221573019,0,0,0,0
2044,78.50921768599983,nan,nan,nan,nan,nan,nan,nan,,READY,0.0,0.0,31.499527444345397,0,0,0,0
2045,78.54111169599992,nan,nan,nan,nan,nan,nan,nan,,READY,0.0,0.0,31.353849829396275,0,0,0,0
2046,78.577801894,nan,nan,nan,nan,nan,nan,nan,,READY,0.0,0.0,27.255235853390975,0,0,0,0
2047,78.61100259700015,nan,nan,nan,nan,nan,nan,nan,,READY,0.0,0.0,30.119844148949174,0,0,0,0
2048,78.64124105400015,nan,nan,nan,nan,nan,nan,nan,,READY,0.0,0.0,33.070470493918975,0,0,0,0
2049,78.67715305999991,nan,nan,nan,nan,nan,nan,nan,,READY,0.0,0.0,27.84584074770488,0,0,0,0
2050,78.71021490500016,nan,nan,nan,nan,nan,nan,nan,,READY,0.0,0.0,30.246345900917273,0,0,0,0
2051,78.76161075600021,nan,nan,nan,nan,nan,nan,nan,,READY,0.0,0.0,19.456823470030432,0,0,0,0
2052,78.78477511600022,nan,nan,nan,nan,nan,nan,nan,,READY,0.0,0.0,43.16976596804653,0,0,0,0
2053,78.81058682000003,nan,nan,nan,nan,nan,nan,nan,,READY,0.0,0.0,38.74211481766102,0,0,0,0
2054,78.84585782400018,nan,nan,nan,nan,nan,nan,nan,,READY,0.0,0.0,28.351900614899268,0,0,0,0
2055,78.8774426609998,nan,nan,nan,nan,nan,nan,nan,,READY,0.0,0.0,31.660761776665034,0,0,0,0
2056,78.90946474700013,nan,nan,nan,nan,nan,nan,nan,,READY,0.0,0.0,31.228446516253257,0,0,0,0
2057,78.94517414500024,nan,nan,nan,nan,nan,nan,nan,,READY,0.0,0.0,28.003832492414745,0,0,0,0
2058,78.9775948319998,nan,nan,nan,nan,nan,nan,nan,,READY,0.0,0.0,30.84450369647131,0,0,0,0
2059,79.00947332099986,nan,nan,nan,nan,nan,nan,nan,,READY,0.0,0.0,31.369115393078488,0,0,0,0
2060,79.04560356000002,nan,nan,nan,nan,nan,nan,nan,,READY,0.0,0.0,27.677646970329146,0,0,0,0
2061,79.07794914199985,nan,nan,nan,nan,nan,nan,nan,,READY,0.0,0.0,30.916123259279114,0,0,0,0
2062,79.10955965699986,nan,nan,nan,nan,nan,nan,nan,,READY,0.0,0.0,31.635042959586237,0,0,0,0
2063,79.1456855209999,nan,nan,nan,nan,nan,nan,nan,,READY,0.0,0.0,27.680998854417766,0,0,0,0
2064,79.17819959600001,nan,nan,nan,nan,nan,nan,nan,,READY,0.0,0.0,30.75591109378538,0,0,0,0
2065,79.2100703760002,nan,nan,nan,nan,nan,nan,nan,,READY,0.0,0.0,31.376703048812413,0,0,0,0
2066,79.2472433439998,nan,nan,nan,nan,nan,nan,nan,,READY,0.0,0.0,26.901268685645213,0,0,0,0
2067,79.27968371999987,nan,nan,nan,nan,nan,nan,nan,,READY,0.0,0.0,30.825783276923513,0,0,0,0
2068,79.3589516269999,nan,nan,nan,nan,nan,nan,nan,,READY,0.0,0.0,12.615445996317483,0,0,0,0
2069,79.40316947200017,nan,nan,nan,nan,nan,nan,nan,,READY,0.0,0.0,22.615303843816108,0,0,0,0
2070,79.43953049699985,nan,nan,nan,nan,nan,nan,nan,,READY,0.0,0.0,27.501974985822052,0,0,0,0
2071,79.46844267799997,nan,nan,nan,nan,nan,nan,nan,,READY,0.0,0.0,34.587497912929244,0,0,0,0
2072,79.50011225700018,nan,nan,nan,nan,nan,nan,nan,,READY,0.0,0.0,31.576043369361265,0,0,0,0
2073,79.53024065999989,nan,nan,nan,nan,nan,nan,nan,,READY,0.0,0.0,33.19127137305286,0,0,0,0
2074,79.55264687999988,nan,nan,nan,nan,nan,nan,nan,,READY,0.0,0.0,44.630464219323514,0,0,0,0
2075,79.57966251400012,nan,nan,nan,nan,nan,nan,nan,,READY,0.0,0.0,37.01560363126288,0,0,0,0
2076,79.6147454410002,nan,nan,nan,nan,nan,nan,nan,,READY,0.0,0.0,28.50389307590662,0,0,0,0
2077,79.64688820599986,nan,nan,nan,nan,nan,nan,nan,,READY,0.0,0.0,31.11120029687894,0,0,0,0
2078,79.6826157810001,nan,nan,nan,nan,nan,nan,nan,,READY,0.0,0.0,27.989585075207568,0,0,0,0
2079,79.71362154500002,nan,nan,nan,nan,nan,nan,nan,,READY,0.0,0.0,32.25206771238737,0,0,0,0
2080,79.88384524499997,nan,nan,nan,nan,nan,nan,nan,,READY,0.0,0.0,5.874622628930553,0,0,0,0
2081,79.91708875999984,nan,nan,nan,nan,nan,nan,nan,,READY,0.0,0.0,30.081054906618355,0,0,0,0
2082,79.95080056699999,nan,nan,nan,nan,nan,nan,nan,,READY,0.0,0.0,29.663197822522328,0,0,0,0
2083,79.98165757800007,nan,nan,nan,nan,nan,nan,nan,,READY,0.0,0.0,32.40754588956799,0,0,0,0
2084,80.0178735479999,nan,nan,nan,nan,nan,nan,nan,,READY,0.0,0.0,27.612128019895387,0,0,0,0
2085,80.0629108879998,nan,nan,nan,nan,nan,nan,nan,,READY,0.0,0.0,22.203798004101547,0,0,0,0
2086,80.0964833170001,nan,nan,nan,nan,nan,nan,nan,,READY,0.0,0.0,29.78634640917535,0,0,0,0
2087,80.13319283800001,nan,nan,nan,nan,nan,nan,nan,,READY,0.0,0.0,27.24088935952506,0,0,0,0
2088,80.16130047200022,nan,nan,nan,nan,nan,nan,nan,,READY,0.0,0.0,35.577523173690956,0,0,0,0
2089,80.19417851200024,nan,nan,nan,nan,nan,nan,nan,,READY,0.0,0.0,30.415438389866598,0,0,0,0
2090,80.23087511699987,nan,nan,nan,nan,nan,nan,nan,,READY,0.0,0.0,27.25047725831819,0,0,0,0
2091,80.26298173499981,nan,nan,nan,nan,nan,nan,nan,,READY,0.0,0.0,31.146226612898392,0,0,0,0
2092,80.29593175599985,nan,nan,nan,nan,nan,nan,nan,,READY,0.0,0.0,30.34899431472257,0,0,0,0
2093,80.32127277300015,nan,nan,nan,nan,nan,nan,nan,,READY,0.0,0.0,39.46171536794007,0,0,0,0
2094,80.34921951800015,nan,nan,nan,nan,nan,nan,nan,,READY,0.0,0.0,35.782342451677295,0,0,0,0
2095,80.3829038240001,nan,nan,nan,nan,nan,nan,nan,,READY,0.0,0.0,29.687415854782696,0,0,0,0
2096,80.41485538799998,nan,nan,nan,nan,nan,nan,nan,,READY,0.0,0.0,31.297372485543217,0,0,0,0
2097,80.446808358,nan,nan,nan,nan,nan,nan,nan,,READY,0.0,0.0,31.295995333121308,0,0,0,0
2098,80.48472936100006,nan,nan,nan,nan,nan,nan,nan,,READY,0.0,0.0,26.37061050305782,0,0,0,0
2099,80.51362445799987,nan,nan,nan,nan,nan,nan,nan,,READY,0.0,0.0,34.60794750080888,0,0,0,0
2100,80.55235037300008,nan,nan,nan,nan,nan,nan,nan,,READY,0.0,0.0,25.822501546948118,0,0,0,0
2101,80.5818274090002,nan,nan,nan,nan,nan,nan,nan,,READY,0.0,0.0,33.92471346155845,0,0,0,0
2102,80.62262399000019,nan,nan,nan,nan,nan,nan,nan,,READY,0.0,0.0,24.511857991240028,0,0,0,0
2103,80.66033618700021,nan,nan,nan,nan,nan,nan,nan,,READY,0.0,0.0,26.51662007385828,0,0,0,0
2104,80.71296914499999,nan,nan,nan,nan,nan,nan,nan,,READY,0.0,0.0,18.99950217512472,0,0,0,0
2105,80.73064423100004,nan,nan,nan,nan,nan,nan,nan,,READY,0.0,0.0,56.57681099808811,0,0,0,0
2106,80.75604123899984,nan,nan,nan,nan,nan,nan,nan,,READY,0.0,0.0,39.37471689609586,0,0,0,0
2107,80.78330224199999,nan,nan,nan,nan,nan,nan,nan,,READY,0.0,0.0,36.682436078912524,0,0,0,0
2108,80.8149712999998,nan,nan,nan,nan,nan,nan,nan,,READY,0.0,0.0,31.576562839542127,0,0,0,0
2109,80.8519031689998,nan,nan,nan,nan,nan,nan,nan,,READY,0.0,0.0,27.076885819128186,0,0,0,0
2110,80.89130008700022,nan,nan,nan,nan,nan,nan,nan,,READY,0.0,0.0,25.38269617916115,0,0,0,0
2111,80.91551524900024,nan,nan,nan,nan,nan,nan,nan,,READY,0.0,0.0,41.29644063497207,0,0,0,0
2112,80.9497836290002,nan,nan,nan,nan,nan,nan,nan,,READY,0.0,0.0,29.181420306452615,0,0,0,0
2113,80.98230197400017,nan,nan,nan,nan,nan,nan,nan,,READY,0.0,0.0,30.75187251998472,0,0,0,0
2114,81.01708276,nan,nan,nan,nan,nan,nan,nan,,READY,0.0,0.0,28.75150665096915,0,0,0,0
2115,81.0511310830002,nan,nan,nan,nan,nan,nan,nan,,READY,0.0,0.0,29.370022129839903,0,0,0,0
2116,81.08145745799993,nan,nan,nan,nan,nan,nan,nan,,READY,0.0,0.0,32.97459719497826,0,0,0,0
2117,81.12518966900006,nan,nan,nan,nan,nan,nan,nan,,READY,0.0,0.0,22.866440482438747,0,0,0,0
2118,81.17365811899981,nan,nan,nan,nan,nan,nan,nan,,READY,0.0,0.0,20.631978121958674,0,0,0,0
2119,81.21280378099982,nan,nan,nan,nan,nan,nan,nan,,READY,0.0,0.0,25.545614735031098,0,0,0,0
2120,81.25419490500008,nan,nan,nan,nan,nan,nan,nan,,READY,0.0,0.0,24.15976913296216,0,0,0,0
2121,81.28825932200016,nan,nan,nan,nan,nan,nan,nan,,READY,0.0,0.0,29.35614603348735,0,0,0,0
2122,81.32350318999988,nan,nan,nan,nan,nan,nan,nan,,READY,0.0,0.0,28.373730148115573,0,0,0,0
2123,81.35981119300004,nan,nan,nan,nan,nan,nan,nan,,READY,0.0,0.0,27.54213719756602,0,0,0,0
2124,81.38875248900013,nan,nan,nan,nan,nan,nan,nan,,READY,0.0,0.0,34.55270282288252,0,0,0,0
2125,81.43224917399994,nan,nan,nan,nan,nan,nan,nan,,READY,0.0,0.0,22.990257763422417,0,0,0,0
2126,81.50142188400014,nan,nan,nan,nan,nan,nan,nan,,READY,0.0,0.0,14.456568204383933,0,0,0,0
2127,81.53261759899988,nan,nan,nan,nan,nan,nan,nan,,READY,0.0,0.0,32.05568457104905,0,0,0,0
2128,81.565204644,nan,nan,nan,nan,nan,nan,nan,,READY,0.0,0.0,30.68704142999422,0,0,0,0
2129,81.59146380399989,nan,nan,nan,nan,nan,nan,nan,,READY,0.0,0.0,38.08194930852767,0,0,0,0
2130,81.62384693800004,nan,nan,nan,nan,nan,nan,nan,,READY,0.0,0.0,30.880272428084897,0,0,0,0
2131,81.65731764600014,nan,nan,nan,nan,nan,nan,nan,,READY,0.0,0.0,29.87687024717708,0,0,0,0
2132,81.6868057239999,nan,nan,nan,nan,nan,nan,nan,,READY,0.0,0.0,33.91201013535686,0,0,0,0
2133,81.7184910840001,nan,nan,nan,nan,nan,nan,nan,,READY,0.0,0.0,31.560316814874653,0,0,0,0
2134,81.75097515800007,nan,nan,nan,nan,nan,nan,nan,,READY,0.0,0.0,30.78431603132689,0,0,0,0
2135,81.78633631999992,nan,nan,nan,nan,nan,nan,nan,,READY,0.0,0.0,28.27961366214136,0,0,0,0
2136,81.82863371099984,nan,nan,nan,nan,nan,nan,nan,,READY,0.0,0.0,23.64212014877917,0,0,0,0
2137,81.8599086459999,nan,nan,nan,nan,nan,nan,nan,,READY,0.0,0.0,31.97448691734177,0,0,0,0
2138,81.89245131500002,nan,nan,nan,nan,nan,nan,nan,,READY,0.0,0.0,30.728887049683696,0,0,0,0
2139,81.91992726999979,nan,nan,nan,nan,nan,nan,nan,,READY,0.0,0.0,36.39545923001692,0,0,0,0
2140,81.95424132800008,nan,nan,nan,nan,nan,nan,nan,,READY,0.0,0.0,29.142574742734315,0,0,0,0
2141,81.98556876400016,nan,nan,nan,nan,nan,nan,nan,,READY,0.0,0.0,31.920901538106804,0,0,0,0
2142,82.01944687600007,nan,nan,nan,nan,nan,nan,nan,,READY,0.0,0.0,29.517583506501815,0,0,0,0
2143,82.06329533899998,nan,nan,nan,nan,nan,nan,nan,,READY,0.0,0.0,22.805816477585374,0,0,0,0
2144,82.09055733200012,nan,nan,nan,nan,nan,nan,nan,,READY,0.0,0.0,36.68110398219699,0,0,0,0
2145,82.12286931900007,nan,nan,nan,nan,nan,nan,nan,,READY,0.0,0.0,30.94826696981902,0,0,0,0
2146,82.15212900699998,nan,nan,nan,nan,nan,nan,nan,,READY,0.0,0.0,34.1767143929574,0,0,0,0
2147,82.18638082300004,nan,nan,nan,nan,nan,nan,nan,,READY,0.0,0.0,29.195532289397857,0,0,0,0
2148,82.22169021299987,nan,nan,nan,nan,nan,nan,nan,,READY,0.0,0.0,28.32107833085123,0,0,0,0
2149,82.26110947500001,nan,nan,nan,nan,nan,nan,nan,,READY,0.0,0.0,25.368308518726387,0,0,0,0
2150,82.30070566699987,nan,nan,nan,nan,nan,nan,nan,,READY,0.0,0.0,25.254953809787292,0,0,0,0
2151,82.32242187400016,nan,nan,nan,nan,nan,nan,nan,,READY,0.0,0.0,46.04855718989235,0,0,0,0
2152,82.35601997999993,nan,nan,nan,nan,nan,nan,nan,,READY,0.0,0.0,29.763582506906296,0,0,0,0
2153,82.38874577700017,nan,nan,nan,nan,nan,nan,nan,,READY,0.0,0.0,30.556933418388226,0,0,0,0
2154,82.42321093200007,nan,nan,nan,nan,nan,nan,nan,,READY,0.0,0.0,29.014812206783795,0,0,0,0
2155,82.4548426450001,nan,nan,nan,nan,nan,nan,nan,,READY,0.0,0.0,31.61384272799994,0,0,0,0
2156,82.49532625099982,nan,nan,nan,nan,nan,nan,nan,,READY,0.0,0.0,24.701356890164135,0,0,0,0
2157,82.52689395200014,nan,nan,nan,nan,nan,nan,nan,,READY,0.0,0.0,31.677948292468017,0,0,0,0
2158,82.56667368999979,nan,nan,nan,nan,nan,nan,nan,,READY,0.0,0.0,25.1384259999086,0,0,0,0
2159,82.59655943200005,nan,nan,nan,nan,nan,nan,nan,,READY,0.0,0.0,33.46077202939392,0,0,0,0
2160,82.62570099200002,nan,nan,nan,nan,nan,nan,nan,,READY,0.0,0.0,34.31525285540643,0,0,0,0
2161,82.66176591700014,nan,nan,nan,nan,nan,nan,nan,,READY,0.0,0.0,27.72777151198028,0,0,0,0
2162,82.70915668999987,nan,nan,nan,nan,nan,nan,nan,,READY,0.0,0.0,21.101154015901393,0,0,0,0
2163,82.73782996,nan,nan,nan,nan,nan,nan,nan,,READY,0.0,0.0,34.875687356049134,0,0,0,0
2164,82.76657291899983,nan,nan,nan,nan,nan,nan,nan,,READY,0.0,0.0,34.79112919466555,0,0,0,0
2165,82.79698481600008,nan,nan,nan,nan,nan,nan,nan,,READY,0.0,0.0,32.88186856583814,0,0,0,0
2166,82.82970691599985,nan,nan,nan,nan,nan,nan,nan,,READY,0.0,0.0,30.560385794521814,0,0,0,0
2167,82.8611427400001,nan,nan,nan,nan,nan,nan,nan,,READY,0.0,0.0,31.81084103257146,0,0,0,0
2168,82.89513626999997,nan,nan,nan,nan,nan,nan,nan,,READY,0.0,0.0,29.417362657072523,0,0,0,0
2169,82.92917662499985,nan,nan,nan,nan,nan,nan,nan,,READY,0.0,0.0,29.376896921412357,0,0,0,0
2170,82.9613887139999,nan,nan,nan,nan,nan,nan,nan,,READY,0.0,0.0,31.04424553150652,0,0,0,0
2171,82.99289141500003,nan,nan,nan,nan,nan,nan,nan,,READY,0.0,0.0,31.743309883037885,0,0,0,0
2172,83.02407171300001,nan,nan,nan,nan,nan,nan,nan,,READY,0.0,0.0,32.07153440292987,0,0,0,0
2173,83.05905734599992,nan,nan,nan,nan,nan,nan,nan,,READY,0.0,0.0,28.583161550991427,0,0,0,0
2174,83.0994744919999,nan,nan,nan,nan,nan,nan,nan,,READY,0.0,0.0,24.74197460653099,0,0,0,0
2175,83.12407752599984,nan,nan,nan,nan,nan,nan,nan,,READY,0.0,0.0,40.64539357229372,0,0,0,0
2176,83.15468864700006,nan,nan,nan,nan,nan,nan,nan,,READY,0.0,0.0,32.667866034465476,0,0,0,0
2177,83.18608920999986,nan,nan,nan,nan,nan,nan,nan,,READY,0.0,0.0,31.846562751316423,0,0,0,0
2178,83.23307601499982,nan,nan,nan,nan,nan,nan,nan,,READY,0.0,0.0,21.28257071322134,0,0,0,0
2179,83.26958506400024,nan,nan,nan,nan,nan,nan,nan,,READY,0.0,0.0,27.39046968844995,0,0,0,0
2180,83.31148187400004,nan,nan,nan,nan,nan,nan,nan,,READY,0.0,0.0,23.868165619406696,0,0,0,0
2181,83.34367807799981,nan,nan,nan,nan,nan,nan,nan,,READY,0.0,0.0,31.059562177174993,0,0,0,0
2182,83.37149549800006,nan,nan,nan,nan,nan,nan,nan,,READY,0.0,0.0,35.948696895367306,0,0,0,0
2183,83.40043726300019,nan,nan,nan,nan,nan,nan,nan,,READY,0.0,0.0,34.552142897836916,0,0,0,0
2184,83.43595931300024,nan,nan,nan,nan,nan,nan,nan,,READY,0.0,0.0,28.151528416813658,0,0,0,0
2185,83.46917876499992,nan,nan,nan,nan,nan,nan,nan,,READY,0.0,0.0,30.10284456256208,0,0,0,0
2186,83.50322604700023,nan,nan,nan,nan,nan,nan,nan,,READY,0.0,0.0,29.370920121939392,0,0,0,0
2187,83.52932718300008,nan,nan,nan,nan,nan,nan,nan,,READY,0.0,0.0,38.31250869715675,0,0,0,0
2188,83.56211449200009,nan,nan,nan,nan,nan,nan,nan,,READY,0.0,0.0,30.499605807831788,0,0,0,0
2189,83.59479133000013,nan,nan,nan,nan,nan,nan,nan,,READY,0.0,0.0,30.60271621136299,0,0,0,0
2190,83.63096995600017,nan,nan,nan,nan,nan,nan,nan,,READY,0.0,0.0,27.640629580542175,0,0,0,0
2191,83.66470452300018,nan,nan,nan,nan,nan,nan,nan,,READY,0.0,0.0,29.643184689451946,0,0,0,0
2192,83.75009416400007,nan,nan,nan,nan,nan,nan,nan,,READY,0.0,0.0,11.711022417827705,0,0,0,0
2193,83.78365685300014,nan,nan,nan,nan,nan,nan,nan,,READY,0.0,0.0,29.794990502641003,0,0,0,0
2194,83.81846175300007,nan,nan,nan,nan,nan,nan,nan,,READY,0.0,0.0,28.731586644470006,0,0,0,0
2195,83.84681642299984,nan,nan,nan,nan,nan,nan,nan,,READY,0.0,0.0,35.26755910077814,0,0,0,0
2196,83.87911924399987,nan,nan,nan,nan,nan,nan,nan,,READY,0.0,0.0,30.95704861191733,0,0,0,0
2197,83.90939494099985,nan,nan,nan,nan,nan,nan,nan,,READY,0.0,0.0,33.02979284013477,0,0,0,0
2198,83.94791668500011,nan,nan,nan,nan,nan,nan,nan,,READY,0.0,0.0,25.95936466410144,0,0,0,0
2199,84.86574148599993,nan,nan,nan,nan,nan,nan,nan,,INITIALIZING,0.0,0.0,1.0895325544817038,0,0,0,1
2200,84.89996007299987,nan,nan,nan,nan,nan,nan,nan,,INITIALIZING,0.0,0.0,29.223883499389352,0,0,0,1
2201,84.93792342100005,nan,nan,nan,nan,nan,nan,nan,,INITIALIZING,0.0,0.0,26.341196250535393,0,0,0,1
2202,84.97246941000003,nan,nan,nan,nan,nan,nan,nan,,INITIALIZING,0.0,0.0,28.946920581737395,0,0,0,1
2203,85.53540616600003,nan,nan,nan,nan,nan,nan,nan,,INITIALIZING,0.0,0.0,1.7763984840954345,0,0,0,1
2204,85.5924100430002,nan,nan,nan,nan,nan,nan,nan,,INITIALIZING,0.0,0.0,17.542666439986434,0,0,0,1
2205,85.63492868799995,nan,nan,nan,nan,nan,nan,nan,,INITIALIZING,0.0,0.0,23.519093800049056,0,0,0,1
2206,85.66701572300008,nan,nan,nan,nan,nan,nan,nan,,INITIALIZING,0.0,0.0,31.16523542907295,0,0,0,1
2207,85.69657380199988,nan,nan,nan,nan,nan,nan,nan,,INITIALIZING,0.0,0.0,33.831697926202125,0,0,0,1
2208,85.7259913050002,nan,nan,nan,nan,nan,nan,nan,,INITIALIZING,0.0,0.0,33.9933678255672,0,0,0,1
2209,85.76612672600004,nan,nan,nan,nan,nan,nan,nan,,INITIALIZING,0.0,0.0,24.91564745276232,0,0,0,1
2210,85.80129376900004,nan,nan,nan,nan,nan,nan,nan,,INITIALIZING,0.0,0.0,28.4357146547682,0,0,0,1
2211,85.83180171100003,nan,nan,nan,nan,nan,nan,nan,,INITIALIZING,0.0,0.0,32.77834997852267,0,0,0,1
2212,85.87122201400007,nan,nan,nan,nan,nan,nan,nan,,INITIALIZING,0.0,0.0,25.367638599807787,0,0,0,1
2213,85.9059015480002,nan,nan,nan,nan,nan,nan,nan,,INITIALIZING,0.0,0.0,28.83545090300661,0,0,0,1
2214,85.951034359,nan,nan,nan,nan,nan,nan,nan,,INITIALIZING,0.0,0.0,22.156829540361755,0,0,0,1
2215,85.99185458500006,nan,nan,nan,nan,nan,nan,nan,,INITIALIZING,0.0,0.0,24.49765956706748,0,0,0,1
2216,86.03257048700016,nan,nan,nan,nan,nan,nan,nan,,INITIALIZING,0.0,0.0,24.560428502787445,0,0,0,1
2217,86.06513273900009,nan,nan,nan,nan,nan,nan,nan,,INITIALIZING,0.0,0.0,30.710406639013165,0,0,0,1
2218,86.10885239800018,nan,nan,nan,nan,nan,nan,nan,,INITIALIZING,0.0,0.0,22.873005482452506,0,0,0,1
2219,86.144333405,nan,nan,nan,nan,nan,nan,nan,,INITIALIZING,0.0,0.0,28.184092971351376,0,0,0,1
2220,86.96739009800012,nan,nan,nan,nan,nan,nan,nan,,INITIALIZING,0.0,0.0,1.2149831336100283,0,0,0,1
2221,86.99647155299999,nan,nan,nan,nan,nan,nan,nan,,INITIALIZING,0.0,0.0,34.386174969736516,0,0,0,1
2222,87.02839400099992,nan,nan,nan,nan,nan,nan,nan,,INITIALIZING,0.0,0.0,31.325918363219785,0,0,0,1
2223,87.06040238900005,nan,nan,nan,nan,nan,nan,nan,,INITIALIZING,0.0,0.0,31.24181074024054,0,0,0,1
2224,87.0962772580001,nan,nan,nan,nan,nan,nan,nan,,INITIALIZING,0.0,0.0,27.87466624612617,0,0,0,1
2225,87.12861127699989,nan,nan,nan,nan,nan,nan,nan,,INITIALIZING,0.0,0.0,30.927179204245306,0,0,0,1
2226,87.16091779499993,nan,nan,nan,nan,nan,nan,nan,,INITIALIZING,0.0,0.0,30.953506038587108,0,0,0,1
2227,87.19620806900002,nan,nan,nan,nan,nan,nan,nan,,INITIALIZING,0.0,0.0,28.336419263773635,0,0,0,1
2228,87.23157834499989,nan,nan,nan,nan,nan,nan,nan,,INITIALIZING,0.0,0.0,28.272326741350962,0,0,0,1
2229,87.26388918600014,nan,nan,nan,nan,nan,nan,nan,,INITIALIZING,0.0,0.0,30.949364641798127,0,0,0,1
2230,87.30646569700002,nan,nan,nan,nan,nan,nan,nan,,INITIALIZING,0.0,0.0,23.487128853814163,0,0,0,1
2231,87.35259733000021,nan,nan,nan,nan,nan,nan,nan,,INITIALIZING,0.0,0.0,21.677099529426133,0,0,0,1
2232,87.37842366899986,nan,nan,nan,nan,nan,nan,nan,,INITIALIZING,0.0,0.0,38.720160840975204,0,0,0,1
2233,87.4105366939998,nan,nan,nan,nan,nan,nan,nan,,INITIALIZING,0.0,0.0,31.140012502769157,0,0,0,1
2234,87.4426923760002,nan,nan,nan,nan,nan,nan,nan,,INITIALIZING,0.0,0.0,31.09870286650319,0,0,0,1
2235,87.47964721400012,nan,nan,nan,nan,nan,nan,nan,,INITIALIZING,0.0,0.0,27.06005638563289,0,0,0,1
2236,87.50357132799991,nan,nan,nan,nan,nan,nan,nan,,INITIALIZING,0.0,0.0,41.798831087708,0,0,0,1
2237,87.53076993400009,nan,nan,nan,nan,nan,nan,nan,,INITIALIZING,0.0,0.0,36.76659016985091,0,0,0,1
2238,87.56986976200005,nan,nan,nan,nan,nan,nan,nan,,INITIALIZING,0.0,0.0,25.575560076657325,0,0,0,1
2239,87.60400532699987,nan,nan,nan,nan,nan,nan,nan,,INITIALIZING,0.0,0.0,29.294959670520196,0,0,0,1
2240,87.63146800000004,nan,nan,nan,nan,nan,nan,nan,,INITIALIZING,0.0,0.0,36.4130614668757,0,0,0,1
2241,87.66577455700008,nan,nan,nan,nan,nan,nan,nan,,INITIALIZING,0.0,0.0,29.148946657600845,0,0,0,1
2242,87.70443156400006,nan,nan,nan,nan,nan,nan,nan,,INITIALIZING,0.0,0.0,25.868531415285947,0,0,0,1
2243,87.81263878800019,nan,nan,nan,nan,nan,nan,nan,,INITIALIZING,0.0,0.0,9.241527164571215,0,0,0,1
2244,87.8803140189998,nan,nan,nan,nan,nan,nan,nan,,INITIALIZING,0.0,0.0,14.776454919019574,0,0,0,1
2245,87.93775530099992,nan,nan,nan,nan,nan,nan,nan,,INITIALIZING,0.0,0.0,17.409082199763358,0,0,0,1
2246,87.97302302300022,nan,nan,nan,nan,nan,nan,nan,,INITIALIZING,0.0,0.0,28.354539031228814,0,0,0,1
2247,88.03363087600019,nan,nan,nan,nan,nan,nan,nan,,INITIALIZING,0.0,0.0,16.499512035190854,0,0,0,1
2248,88.11580295400017,nan,nan,nan,nan,nan,nan,nan,,INITIALIZING,0.0,0.0,12.169583930933108,0,0,0,1
2249,88.15302498500023,nan,nan,nan,nan,nan,nan,nan,,INITIALIZING,0.0,0.0,26.865809659835676,0,0,0,1
2250,88.19018112999993,nan,nan,nan,nan,nan,nan,nan,,INITIALIZING,0.0,0.0,26.91344863704521,0,0,0,1
2251,88.23421412700009,nan,nan,nan,nan,nan,nan,nan,,INITIALIZING,0.0,0.0,22.710241594420665,0,0,0,1
2252,88.2689071509999,nan,nan,nan,nan,nan,nan,nan,,INITIALIZING,0.0,0.0,28.82423855601499,0,0,0,1
2253,88.37799241199991,nan,nan,nan,nan,nan,nan,nan,,INITIALIZING,0.0,0.0,9.167141287766013,0,0,0,1
2254,88.40887619400019,nan,nan,nan,nan,nan,nan,nan,,INITIALIZING,0.0,0.0,32.37945404455775,0,0,0,1
2255,88.44380318000003,nan,nan,nan,nan,nan,nan,nan,,INITIALIZING,0.0,0.0,28.63115643601241,0,0,0,1
2256,88.47423393200006,nan,nan,nan,nan,nan,nan,nan,,INITIALIZING,0.0,0.0,32.8614948457086,0,0,0,1
2257,88.53950156400015,nan,nan,nan,nan,nan,nan,nan,,INITIALIZING,0.0,0.0,15.321530280103858,0,0,0,1
2258,88.56625823400009,nan,nan,nan,nan,nan,nan,nan,,INITIALIZING,0.0,0.0,37.3738585557253,0,0,0,1
2259,88.59803630499982,nan,nan,nan,nan,nan,nan,nan,,INITIALIZING,0.0,0.0,31.46824110275092,0,0,0,1
2260,102.53578264899988,nan,nan,nan,nan,nan,nan,nan,,INITIALIZING,0.0,0.0,0.07174761079150227,0,0,0,1
2261,102.57543040400014,nan,nan,nan,nan,nan,nan,nan,,INITIALIZING,0.0,0.0,25.222109044848576,0,0,0,1
2262,102.62524268100015,nan,nan,nan,nan,nan,nan,nan,,INITIALIZING,0.0,0.0,20.075372181841473,0,0,0,1
2263,102.65939501599996,nan,nan,nan,nan,nan,nan,nan,,INITIALIZING,0.0,0.0,29.280574812977196,0,0,0,1
2264,102.68440404700004,nan,nan,nan,nan,nan,nan,nan,,INITIALIZING,0.0,0.0,39.985555617758365,0,0,0,1
2265,102.72472822200007,nan,nan,nan,nan,nan,nan,nan,,INITIALIZING,0.0,0.0,24.79901944675669,0,0,0,1
2266,102.76351314800013,nan,nan,nan,nan,nan,nan,nan,,INITIALIZING,0.0,0.0,25.783212787318416,0,0,0,1
2267,102.79502678500012,nan,nan,nan,nan,nan,nan,nan,,INITIALIZING,0.0,0.0,31.732294181098354,0,0,0,1
2268,102.82725434299982,nan,nan,nan,nan,nan,nan,nan,,INITIALIZING,0.0,0.0,31.02934451344978,0,0,0,1
2269,102.85547395799995,nan,nan,nan,nan,nan,nan,nan,,INITIALIZING,0.0,0.0,35.436344542459324,0,0,0,1
2270,102.88048772899992,nan,nan,nan,nan,nan,nan,nan,,INITIALIZING,0.0,0.0,39.97797853034431,0,0,0,1
2271,102.90454241799989,nan,nan,nan,nan,nan,nan,nan,,INITIALIZING,0.0,0.0,41.57193634893139,0,0,0,1
2272,102.93706774200018,nan,nan,nan,nan,nan,nan,nan,,INITIALIZING,0.0,0.0,30.74527405141613,0,0,0,1
2273,102.9679366270002,nan,nan,nan,nan,nan,nan,nan,,INITIALIZING,0.0,0.0,32.395080029596635,0,0,0,1
2274,102.99864306200016,nan,nan,nan,nan,nan,nan,nan,,INITIALIZING,0.0,0.0,32.56646367451708,0,0,0,1
2275,103.03259653800023,nan,nan,nan,nan,nan,nan,nan,,INITIALIZING,0.0,0.0,29.45206552630072,0,0,0,1
2276,103.06575531199996,nan,nan,nan,nan,nan,nan,nan,,INITIALIZING,0.0,0.0,30.15793044725154,0,0,0,1
2277,103.09892148200015,nan,nan,nan,nan,nan,nan,nan,,INITIALIZING,0.0,0.0,30.151205279186385,0,0,0,1
2278,103.13435071699996,nan,nan,nan,nan,nan,nan,nan,,INITIALIZING,0.0,0.0,28.225277796863256,0,0,0,1
2279,103.16597102300011,nan,nan,nan,nan,nan,nan,nan,,INITIALIZING,0.0,0.0,31.62524739625418,0,0,0,1
2280,103.19927584200013,nan,nan,nan,nan,nan,nan,nan,,INITIALIZING,0.0,0.0,30.025684871589267,0,0,0,1
2281,103.23776623100002,nan,nan,nan,nan,nan,nan,nan,,INITIALIZING,0.0,0.0,25.980511654555364,0,0,0,1
2282,103.26836552699979,nan,nan,nan,nan,nan,nan,nan,,INITIALIZING,0.0,0.0,32.68049042722151,0,0,0,1
2283,103.30873819199996,nan,nan,nan,nan,nan,nan,nan,,INITIALIZING,0.0,0.0,24.769234332081133,0,0,0,1
2284,103.34364199999982,nan,nan,nan,nan,nan,nan,nan,,INITIALIZING,0.0,0.0,28.650169059037754,0,0,0,1
2285,103.37246876200015,nan,nan,nan,nan,nan,nan,nan,,INITIALIZING,0.0,0.0,34.68998703317315,0,0,0,1
2286,103.40466689200002,nan,nan,nan,nan,nan,nan,nan,,INITIALIZING,0.0,0.0,31.05770428295204,0,0,0,1
2287,103.43655845400008,nan,nan,nan,nan,nan,nan,nan,,INITIALIZING,0.0,0.0,31.356256554579133,0,0,0,1
2288,103.46931404299994,nan,nan,nan,nan,nan,nan,nan,,INITIALIZING,0.0,0.0,30.529141149139782,0,0,0,1
2289,103.50398128400002,nan,nan,nan,nan,nan,nan,nan,,INITIALIZING,0.0,0.0,28.845675950898848,0,0,0,1
2290,103.54350070300006,nan,nan,nan,nan,nan,nan,nan,,INITIALIZING,0.0,0.0,25.304015729555395,0,0,0,1
2291,103.59274786500009,nan,nan,nan,nan,nan,nan,nan,,INITIALIZING,0.0,0.0,20.30573863321131,0,0,0,1
2292,103.61725823999996,nan,nan,nan,nan,nan,nan,nan,,INITIALIZING,0.0,0.0,40.79904938237675,0,0,0,1
2293,103.66857903600021,nan,nan,nan,nan,nan,nan,nan,,INITIALIZING,0.0,0.0,19.485278443363164,0,0,0,1
2294,103.70175333099996,nan,nan,nan,nan,nan,nan,nan,,INITIALIZING,0.0,0.0,30.14382069030964,0,0,0,1
2295,103.73849113300003,nan,nan,nan,nan,nan,nan,nan,,INITIALIZING,0.0,0.0,27.219919144817815,0,0,0,1
2296,103.77751179300003,nan,nan,nan,nan,nan,nan,nan,,INITIALIZING,0.0,0.0,25.62744966384107,0,0,0,1
2297,103.80833682299999,nan,nan,nan,nan,nan,nan,nan,,INITIALIZING,0.0,0.0,32.44116875154052,0,0,0,1
2298,103.86523772800001,nan,nan,nan,nan,nan,nan,nan,,INITIALIZING,0.0,0.0,17.57441292013969,0,0,0,1
2299,103.89816155000017,nan,nan,nan,nan,nan,nan,nan,,INITIALIZING,0.0,0.0,30.373144405750608,0,0,0,1
2300,103.92405518099986,nan,nan,nan,nan,nan,nan,nan,,INITIALIZING,0.0,0.0,38.61953543757462,0,0,0,1
2301,103.96062391800024,nan,nan,nan,nan,nan,nan,nan,,INITIALIZING,0.0,0.0,27.345762583750567,0,0,0,1
2302,103.99001100299984,nan,nan,nan,nan,nan,nan,nan,,INITIALIZING,0.0,0.0,34.028553700160096,0,0,0,1
2303,104.01600937600006,nan,nan,nan,nan,nan,nan,nan,,INITIALIZING,0.0,0.0,38.46394541656589,0,0,0,1
2304,104.04500744400002,nan,nan,nan,nan,nan,nan,nan,,INITIALIZING,0.0,0.0,34.485056038948095,0,0,0,1
2305,104.07339820800007,nan,nan,nan,nan,nan,nan,nan,,INITIALIZING,0.0,0.0,35.22272243178149,0,0,0,1
2306,104.10207850899997,nan,nan,nan,nan,nan,nan,nan,,INITIALIZING,0.0,0.0,34.86713755213612,0,0,0,1
2307,104.13380053599985,nan,nan,nan,nan,nan,nan,nan,,INITIALIZING,0.0,0.0,31.523836733496303,0,0,0,1
2308,104.17746456699979,nan,nan,nan,nan,nan,nan,nan,,INITIALIZING,0.0,0.0,22.90214570435547,0,0,0,1
2309,104.20922930300003,nan,nan,nan,nan,nan,nan,nan,,INITIALIZING,0.0,0.0,31.481451632162464,0,0,0,1
2310,104.24274792799997,nan,nan,nan,nan,nan,nan,nan,,INITIALIZING,0.0,0.0,29.83415936667206,0,0,0,1
2311,104.29477436300022,nan,nan,nan,nan,nan,nan,nan,,INITIALIZING,0.0,0.0,19.220997940668422,0,0,0,1
2312,104.36509162399989,nan,nan,nan,nan,nan,nan,nan,,INITIALIZING,0.0,0.0,14.221259272380564,0,0,0,1
2313,104.4396304259999,nan,nan,nan,nan,nan,nan,nan,,INITIALIZING,0.0,0.0,13.415831394766904,0,0,0,1
2314,104.46942215499985,nan,nan,nan,nan,nan,nan,nan,,INITIALIZING,0.0,0.0,33.566363335326095,0,0,0,1
2315,104.49414831600006,nan,nan,nan,nan,nan,nan,nan,,INITIALIZING,0.0,0.0,40.442994769435714,0,0,0,1
2316,104.56446031699988,nan,nan,nan,nan,nan,nan,nan,,INITIALIZING,0.0,0.0,14.222323156505784,0,0,0,1
2317,104.59637750399997,nan,nan,nan,nan,nan,nan,nan,,INITIALIZING,0.0,0.0,31.331081902586796,0,0,0,1
2318,104.628411099,nan,nan,nan,nan,nan,nan,nan,,INITIALIZING,0.0,0.0,31.217226789533516,0,0,0,1
2319,104.74360710400015,nan,nan,nan,nan,nan,nan,nan,,INITIALIZING,0.0,0.0,8.680856597403308,0,0,0,1
2320,104.78459519699982,nan,nan,nan,nan,nan,nan,nan,,INITIALIZING,0.0,0.0,24.397329244082627,0,0,0,1
2321,104.86068845699992,nan,nan,nan,nan,nan,nan,nan,,INITIALIZING,0.0,0.0,13.14176840364829,0,0,0,1
2322,104.90769567899997,nan,nan,nan,nan,nan,nan,nan,,INITIALIZING,0.0,0.0,21.273326894301263,0,0,0,1
2323,104.95448133399987,nan,nan,nan,nan,nan,nan,nan,,INITIALIZING,0.0,0.0,21.37407288627811,0,0,0,1
2324,104.99114856200003,nan,nan,nan,nan,nan,nan,nan,,INITIALIZING,0.0,0.0,27.272309758331872,0,0,0,1
2325,105.01931812400016,nan,nan,nan,nan,nan,nan,nan,,INITIALIZING,0.0,0.0,35.499309502766906,0,0,0,1
2326,105.05241522899996,nan,nan,nan,nan,nan,nan,nan,,INITIALIZING,0.0,0.0,30.214122957465104,0,0,0,1
2327,105.10870685200007,nan,nan,nan,nan,nan,nan,nan,,INITIALIZING,0.0,0.0,17.764632581265392,0,0,0,1
2328,105.13735725600009,nan,nan,nan,nan,nan,nan,nan,,INITIALIZING,0.0,0.0,34.903521779286805,0,0,0,1
2329,105.16339276600002,nan,nan,nan,nan,nan,nan,nan,,INITIALIZING,0.0,0.0,38.40908052128559,0,0,0,1
2330,105.19171899699995,nan,nan,nan,nan,nan,nan,nan,,INITIALIZING,0.0,0.0,35.30296706265705,0,0,0,1
2331,105.21749934499985,nan,nan,nan,nan,nan,nan,nan,,INITIALIZING,0.0,0.0,38.789235894098184,0,0,0,1
2332,105.25630812500003,nan,nan,nan,nan,nan,nan,nan,,INITIALIZING,0.0,0.0,25.767365013672904,0,0,0,1
2333,105.28747873500015,nan,nan,nan,nan,nan,nan,nan,,INITIALIZING,0.0,0.0,32.08150241513503,0,0,0,1
2334,105.31988285899979,nan,nan,nan,nan,nan,nan,nan,,INITIALIZING,0.0,0.0,30.8602695141858,0,0,0,1
2335,105.360231096,nan,nan,nan,nan,nan,nan,nan,,INITIALIZING,0.0,0.0,24.784230349262383,0,0,0,1
2336,105.38613045700004,nan,nan,nan,nan,nan,nan,nan,,INITIALIZING,0.0,0.0,38.61099121321507,0,0,0,1
2337,105.41369005900015,nan,nan,nan,nan,nan,nan,nan,,INITIALIZING,0.0,0.0,36.28499424614322,0,0,0,1
2338,105.44657689999985,nan,nan,nan,nan,nan,nan,nan,,INITIALIZING,0.0,0.0,30.407298773660365,0,0,0,1
2339,105.48870793300011,nan,nan,nan,nan,nan,nan,nan,,INITIALIZING,0.0,0.0,23.73547308925072,0,0,0,1
2340,105.53277921200015,nan,nan,nan,nan,nan,nan,nan,,INITIALIZING,0.0,0.0,22.690514609280562,0,0,0,1
2341,105.57237535100012,nan,nan,nan,nan,nan,nan,nan,,INITIALIZING,0.0,0.0,25.254987613837763,0,0,0,1
2342,105.60986618900006,nan,nan,nan,nan,nan,nan,nan,,INITIALIZING,0.0,0.0,26.673183458892243,0,0,0,1
2343,105.64203994399986,nan,nan,nan,nan,nan,nan,nan,,INITIALIZING,0.0,0.0,31.081233757331468,0,0,0,1
2344,105.81393476499989,nan,nan,nan,nan,nan,nan,nan,,INITIALIZING,0.0,0.0,5.817510930127809,0,0,0,1
2345,105.84344773900011,nan,nan,nan,nan,nan,nan,nan,,INITIALIZING,0.0,0.0,33.88340327858248,0,0,0,1
2346,105.87833373400008,nan,nan,nan,nan,nan,nan,nan,,INITIALIZING,0.0,0.0,28.664798008510946,0,0,0,1
2347,105.91290592099995,nan,nan,nan,nan,nan,nan,nan,,INITIALIZING,0.0,0.0,28.924985278016916,0,0,0,1
2348,105.94787551099989,nan,nan,nan,nan,nan,nan,nan,,INITIALIZING,0.0,0.0,28.596274648960513,0,0,0,1
2349,105.9863376180001,nan,nan,nan,nan,nan,nan,nan,,INITIALIZING,0.0,0.0,25.99961567353644,0,0,0,1
2350,106.01874028300017,nan,nan,nan,nan,nan,nan,nan,,INITIALIZING,0.0,0.0,30.861659064093867,0,0,0,1
2351,106.05054559300015,nan,nan,nan,nan,nan,nan,nan,,INITIALIZING,0.0,0.0,31.441290778193334,0,0,0,1
2352,106.07624442899987,nan,nan,nan,nan,nan,nan,nan,,INITIALIZING,0.0,0.0,38.912268244791974,0,0,0,1
2353,106.1181082170001,nan,nan,nan,nan,nan,nan,nan,,INITIALIZING,0.0,0.0,23.886992739275176,0,0,0,1
2354,106.15076421999993,nan,nan,nan,nan,nan,nan,nan,,INITIALIZING,0.0,0.0,30.622241185035236,0,0,0,1
2355,106.19271915599984,nan,nan,nan,nan,nan,nan,nan,,INITIALIZING,0.0,0.0,23.83509773443874,0,0,0,1
2356,106.22184462199994,nan,nan,nan,nan,nan,nan,nan,,INITIALIZING,0.0,0.0,34.33421460095117,0,0,0,1
2357,106.25666379299992,nan,nan,nan,nan,nan,nan,nan,,INITIALIZING,0.0,0.0,28.719810704296943,0,0,0,1
2358,106.30531297400012,nan,nan,nan,nan,nan,nan,nan,,INITIALIZING,0.0,0.0,20.555330623055568,0,0,0,1
2359,106.34612741799992,nan,nan,nan,nan,nan,nan,nan,,INITIALIZING,0.0,0.0,24.50113004123572,0,0,0,1
2360,106.38053647700008,nan,nan,nan,nan,nan,nan,nan,,INITIALIZING,0.0,0.0,29.062114136731196,0,0,0,1
2361,106.40912021299982,nan,nan,nan,nan,nan,nan,nan,,INITIALIZING,0.0,0.0,34.98492989191097,0,0,0,1
2362,106.44194590699999,nan,nan,nan,nan,nan,nan,nan,,INITIALIZING,0.0,0.0,30.4639408383849,0,0,0,1
2363,106.4846682540001,nan,nan,nan,nan,nan,nan,nan,,INITIALIZING,0.0,0.0,23.40695374243997,0,0,0,1
2364,106.51969373100019,nan,nan,nan,nan,nan,nan,nan,,INITIALIZING,0.0,0.0,28.550646148157394,0,0,0,1
2365,106.54462614500017,nan,nan,nan,nan,nan,nan,nan,,INITIALIZING,0.0,0.0,40.108430736025674,0,0,0,1
2366,106.57458193999992,nan,nan,nan,nan,nan,nan,nan,,INITIALIZING,0.0,0.0,33.38252248048579,0,0,0,1
2367,106.6082554630002,nan,nan,nan,nan,nan,nan,nan,,INITIALIZING,0.0,0.0,29.69692241561498,0,0,0,1
2368,106.64259415600009,nan,nan,nan,nan,nan,nan,nan,,INITIALIZING,0.0,0.0,29.12166750212223,0,0,0,1
2369,106.67935221900007,nan,nan,nan,nan,nan,nan,nan,,INITIALIZING,0.0,0.0,27.204915558269843,0,0,0,1
2370,106.708784982,nan,nan,nan,nan,nan,nan,nan,,INITIALIZING,0.0,0.0,33.97574328996311,0,0,0,1
2371,106.74194287099999,nan,nan,nan,nan,nan,nan,nan,,INITIALIZING,0.0,0.0,30.15873537667499,0,0,0,1
2372,106.81009686100015,nan,nan,nan,nan,nan,nan,nan,,INITIALIZING,0.0,0.0,14.672655261969565,0,0,0,1
2373,106.836500033,nan,nan,nan,nan,nan,nan,nan,,INITIALIZING,0.0,0.0,37.874237232020675,0,0,0,1
2374,106.87472562499988,nan,nan,nan,nan,nan,nan,nan,,INITIALIZING,0.0,0.0,26.16048431644655,0,0,0,1
2375,106.90999027299995,nan,nan,nan,nan,nan,nan,nan,,INITIALIZING,0.0,0.0,28.357010681012166,0,0,0,1
2376,106.94885171099986,nan,nan,nan,nan,nan,nan,nan,,INITIALIZING,0.0,0.0,25.732449735963172,0,0,0,1
2377,106.98797633000004,nan,nan,nan,nan,nan,nan,nan,,INITIALIZING,0.0,0.0,25.55935432867694,0,0,0,1
2378,107.02074738800002,nan,nan,nan,nan,nan,nan,nan,,INITIALIZING,0.0,0.0,30.514730406342156,0,0,0,1
2379,107.04879850999987,nan,nan,nan,nan,nan,nan,nan,,INITIALIZING,0.0,0.0,35.64919791818988,0,0,0,1
2380,107.08600210199984,nan,nan,nan,nan,nan,nan,nan,,INITIALIZING,0.0,0.0,26.879125004941333,0,0,0,1
2381,107.1216628000002,nan,nan,nan,nan,nan,nan,nan,,INITIALIZING,0.0,0.0,28.042075900758064,0,0,0,1
2382,107.14927865300024,nan,nan,nan,nan,nan,nan,nan,,INITIALIZING,0.0,0.0,36.21108498797569,0,0,0,1
2383,107.1826407120002,nan,nan,nan,nan,nan,nan,nan,,INITIALIZING,0.0,0.0,29.974169160282777,0,0,0,1
2384,107.21705362500006,nan,nan,nan,nan,nan,nan,nan,,INITIALIZING,0.0,0.0,29.05885938815474,0,0,0,1
2385,107.24686712499988,nan,nan,nan,nan,nan,nan,nan,,INITIALIZING,0.0,0.0,33.54185184584482,0,0,0,1
2386,107.30419631899986,nan,nan,nan,nan,nan,nan,nan,,INITIALIZING,0.0,0.0,17.44311981780895,0,0,0,1
2387,107.32807605700009,nan,nan,nan,nan,nan,nan,nan,,INITIALIZING,0.0,0.0,41.87650634987139,0,0,0,1
2388,107.35616915899982,nan,nan,nan,nan,nan,nan,nan,,INITIALIZING,0.0,0.0,35.59592671573334,0,0,0,1
2389,107.3863957919998,nan,nan,nan,nan,nan,nan,nan,,INITIALIZING,0.0,0.0,33.0834069411745,0,0,0,1
2390,107.42191388299989,nan,nan,nan,nan,nan,nan,nan,,INITIALIZING,0.0,0.0,28.15466630787098,0,0,0,1
2391,107.45378940199998,nan,nan,nan,nan,nan,nan,nan,,INITIALIZING,0.0,0.0,31.372038208915086,0,0,0,1
2392,107.48258449700006,nan,nan,nan,nan,nan,nan,nan,,INITIALIZING,0.0,0.0,34.72813685793714,0,0,0,1
2393,107.51271961800012,nan,nan,nan,nan,nan,nan,nan,,INITIALIZING,0.0,0.0,33.18387206734926,0,0,0,1
2394,107.5461156880001,nan,nan,nan,nan,nan,nan,nan,,INITIALIZING,0.0,0.0,29.943643069396444,0,0,0,1
2395,107.58556567799997,nan,nan,nan,nan,nan,nan,nan,,INITIALIZING,0.0,0.0,25.348548884382154,0,0,0,1
2396,107.6124714130001,nan,nan,nan,nan,nan,nan,nan,,INITIALIZING,0.0,0.0,37.16679733875537,0,0,0,1
2397,107.64272705700023,nan,nan,nan,nan,nan,nan,nan,,INITIALIZING,0.0,0.0,33.0516845053943,0,0,0,1
2398,107.69213739899988,nan,nan,nan,nan,nan,nan,nan,,INITIALIZING,0.0,0.0,20.23867796760358,0,0,0,1
2399,107.72054936099994,nan,nan,nan,nan,nan,nan,nan,,INITIALIZING,0.0,0.0,35.19644296292367,0,0,0,1
2400,107.75358610100011,nan,nan,nan,nan,nan,nan,nan,,INITIALIZING,0.0,0.0,30.269330448308093,0,0,0,1
2401,107.78308032399991,nan,nan,nan,nan,nan,nan,nan,,INITIALIZING,0.0,0.0,33.90494470753587,0,0,0,1
2402,107.82717962400011,nan,nan,nan,nan,nan,nan,nan,,INITIALIZING,0.0,0.0,22.676096899395393,0,0,0,1
2403,107.85532152899987,nan,nan,nan,nan,nan,nan,nan,,INITIALIZING,0.0,0.0,35.53419713443873,0,0,0,1
2404,107.88631677100011,nan,nan,nan,nan,nan,nan,nan,,INITIALIZING,0.0,0.0,32.263016368515785,0,0,0,1
2405,107.9231287409998,nan,nan,nan,nan,nan,nan,nan,,INITIALIZING,0.0,0.0,27.165077011864124,0,0,0,1
2406,107.95677804500019,nan,nan,nan,nan,nan,nan,nan,,INITIALIZING,0.0,0.0,29.718296699045048,0,0,0,1
2407,107.98024214999987,nan,nan,nan,nan,nan,nan,nan,,INITIALIZING,0.0,0.0,42.6182886589468,0,0,0,1
2408,108.01127754900017,nan,nan,nan,nan,nan,nan,nan,,INITIALIZING,0.0,0.0,32.221270942585925,0,0,0,1
2409,108.04486903999987,nan,nan,nan,nan,nan,nan,nan,,INITIALIZING,0.0,0.0,29.76944369659007,0,0,0,1
2410,108.08545780199984,nan,nan,nan,nan,nan,nan,nan,,INITIALIZING,0.0,0.0,24.637361445040668,0,0,0,1
2411,108.12956043599979,nan,nan,nan,nan,nan,nan,nan,,INITIALIZING,0.0,0.0,22.67438266841418,0,0,0,1
2412,108.15720003900014,nan,nan,nan,nan,nan,nan,nan,,INITIALIZING,0.0,0.0,36.17996973354669,0,0,0,1
2413,108.18500037500007,nan,nan,nan,nan,nan,nan,nan,,INITIALIZING,0.0,0.0,35.97078826682557,0,0,0,1
2414,108.20950189599989,nan,nan,nan,nan,nan,nan,nan,,INITIALIZING,0.0,0.0,40.813792744023694,0,0,0,1
2415,108.25034514300023,nan,nan,nan,nan,nan,nan,nan,,INITIALIZING,0.0,0.0,24.483851638722534,0,0,0,1
2416,108.28339750800023,nan,nan,nan,nan,nan,nan,nan,,INITIALIZING,0.0,0.0,30.255021085477647,0,0,0,1
2417,108.31621372300015,nan,nan,nan,nan,nan,nan,nan,,INITIALIZING,0.0,0.0,30.472740381628213,0,0,0,1
2418,108.35020485699988,nan,nan,nan,nan,nan,nan,nan,,INITIALIZING,0.0,0.0,29.419436256754974,0,0,0,1
2419,108.3859890990002,nan,nan,nan,nan,nan,nan,nan,,INITIALIZING,0.0,0.0,27.945261492226443,0,0,0,1
2420,108.42441740200002,nan,nan,nan,nan,nan,nan,nan,,INITIALIZING,0.0,0.0,26.022486603291277,0,0,0,1
2421,108.45446767800013,nan,nan,nan,nan,nan,nan,nan,,INITIALIZING,0.0,0.0,33.277564571996265,0,0,0,1
2422,108.48385648200019,nan,nan,nan,nan,nan,nan,nan,,INITIALIZING,0.0,0.0,34.0265633129483,0,0,0,1
2423,108.52891877000002,nan,nan,nan,nan,nan,nan,nan,,INITIALIZING,0.0,0.0,22.191505233907634,0,0,0,1
2424,108.57154601000002,nan,nan,nan,nan,nan,nan,nan,,INITIALIZING,0.0,0.0,23.459177746435426,0,0,0,1
2425,108.60043105400018,nan,nan,nan,nan,nan,nan,nan,,INITIALIZING,0.0,0.0,34.61999226985342,0,0,0,1
2426,108.62746976000017,nan,nan,nan,nan,nan,nan,nan,,INITIALIZING,0.0,0.0,36.984018392025185,0,0,0,1
2427,108.66229554600022,nan,nan,nan,nan,nan,nan,nan,,INITIALIZING,0.0,0.0,28.714355506531778,0,0,0,1
2428,108.6931540139999,nan,nan,nan,nan,nan,nan,nan,,INITIALIZING,0.0,0.0,32.40601574940214,0,0,0,1
2429,108.72879814899989,nan,nan,nan,nan,nan,nan,nan,,INITIALIZING,0.0,0.0,28.055106401107683,0,0,0,1
2430,109.02979950600002,nan,nan,nan,nan,nan,nan,nan,,INITIALIZING,0.0,0.0,3.3222441585190645,0,0,0,1
2431,109.05698321499995,nan,nan,nan,nan,nan,nan,nan,,INITIALIZING,0.0,0.0,36.78673870451772,0,0,0,1
2432,109.08660858700023,nan,nan,nan,nan,nan,nan,nan,,INITIALIZING,0.0,0.0,33.75485040290697,0,0,0,1
2433,109.12114535599994,nan,nan,nan,nan,nan,nan,nan,,INITIALIZING,0.0,0.0,28.954648305643786,0,0,0,1
2434,109.14822552099986,nan,nan,nan,nan,nan,nan,nan,,INITIALIZING,0.0,0.0,36.92739686051071,0,0,0,1
2435,109.17886559999988,nan,nan,nan,nan,nan,nan,nan,,INITIALIZING,0.0,0.0,32.63699156909043,0,0,0,1
2436,109.21584304199996,nan,nan,nan,nan,nan,nan,nan,,INITIALIZING,0.0,0.0,27.043514800127358,0,0,0,1
2437,109.2458988379999,nan,nan,nan,nan,nan,nan,nan,,INITIALIZING,0.0,0.0,33.27145286725789,0,0,0,1
2438,109.28793090999989,nan,nan,nan,nan,nan,nan,nan,,INITIALIZING,0.0,0.0,23.79135627671151,0,0,0,1
2439,109.3144509079998,nan,nan,nan,nan,nan,nan,nan,,INITIALIZING,0.0,0.0,37.70739349238644,0,0,0,1
2440,109.357072367,nan,nan,nan,nan,nan,nan,nan,,INITIALIZING,0.0,0.0,23.462359653039183,0,0,0,1
2441,109.38954341899989,nan,nan,nan,nan,nan,nan,nan,,INITIALIZING,0.0,0.0,30.796661592711473,0,0,0,1
2442,109.42767093600014,nan,nan,nan,nan,nan,nan,nan,,INITIALIZING,0.0,0.0,26.227776647335585,0,0,0,1
2443,109.45530449699982,nan,nan,nan,nan,nan,nan,nan,,INITIALIZING,0.0,0.0,36.187880382545075,0,0,0,1
2444,109.48228799400022,nan,nan,nan,nan,nan,nan,nan,,INITIALIZING,0.0,0.0,37.0596887417939,0,0,0,1
2445,109.52233705900017,nan,nan,nan,nan,nan,nan,nan,,INITIALIZING,0.0,0.0,24.969371944171247,0,0,0,1
2446,109.55762821799999,nan,nan,nan,nan,nan,nan,nan,,INITIALIZING,0.0,0.0,28.335708668704775,0,0,0,1
2447,109.58787229900008,nan,nan,nan,nan,nan,nan,nan,,INITIALIZING,0.0,0.0,33.064320916114745,0,0,0,1
2448,109.62121680500013,nan,nan,nan,nan,nan,nan,nan,,INITIALIZING,0.0,0.0,29.98994796919599,0,0,0,1
2449,109.65342524800008,nan,nan,nan,nan,nan,nan,nan,,INITIALIZING,0.0,0.0,31.047759744291543,0,0,0,1
2450,109.72968981299982,nan,nan,nan,nan,nan,nan,nan,,INITIALIZING,0.0,0.0,13.112249443805547,0,0,0,1
2451,109.76129079600014,nan,nan,nan,nan,nan,nan,nan,,INITIALIZING,0.0,0.0,31.644585232996576,0,0,0,1
2452,109.79421534599987,nan,nan,nan,nan,nan,nan,nan,,INITIALIZING,0.0,0.0,30.372472820678624,0,0,0,1
2453,109.8274304749998,nan,nan,nan,nan,nan,nan,nan,,INITIALIZING,0.0,0.0,30.106762493747524,0,0,0,1
2454,109.86955952800008,nan,nan,nan,nan,nan,nan,nan,,INITIALIZING,0.0,0.0,23.73658861957655,0,0,0,1
2455,109.89567790399997,nan,nan,nan,nan,nan,nan,nan,,INITIALIZING,0.0,0.0,38.287219695603355,0,0,0,1
2456,109.92616282300014,nan,nan,nan,nan,nan,nan,nan,,INITIALIZING,0.0,0.0,32.80310503676644,0,0,0,1
2457,109.95707275099994,nan,nan,nan,nan,nan,nan,nan,,INITIALIZING,0.0,0.0,32.352065006636145,0,0,0,1
2458,109.99300860999983,nan,nan,nan,nan,nan,nan,nan,,INITIALIZING,0.0,0.0,27.827357626347744,0,0,0,1
2459,110.02704083800018,nan,nan,nan,nan,nan,nan,nan,,INITIALIZING,0.0,0.0,29.38391221373901,0,0,0,1
2460,110.06562195800007,nan,nan,nan,nan,nan,nan,nan,,INITIALIZING,0.0,0.0,25.91941343338029,0,0,0,1
2461,110.09392527199998,nan,nan,nan,nan,nan,nan,nan,,INITIALIZING,0.0,0.0,35.331551633955684,0,0,0,1
2462,110.1231896979998,nan,nan,nan,nan,nan,nan,nan,,INITIALIZING,0.0,0.0,34.17118107855299,0,0,0,1
2463,110.16232588100002,nan,nan,nan,nan,nan,nan,nan,,INITIALIZING,0.0,0.0,25.55180202409217,0,0,0,1
2464,110.1958774220002,nan,nan,nan,nan,nan,nan,nan,,INITIALIZING,0.0,0.0,29.804890332597996,0,0,0,1
2465,110.22618145300021,nan,nan,nan,nan,nan,nan,nan,,INITIALIZING,0.0,0.0,32.99891027697044,0,0,0,1
2466,110.26710282600015,nan,nan,nan,nan,nan,nan,nan,,INITIALIZING,0.0,0.0,24.437107718778353,0,0,0,1
2467,110.30632973899992,nan,nan,nan,nan,nan,nan,nan,,INITIALIZING,0.0,0.0,25.49270191121007,0,0,0,1
2468,110.33646814099984,nan,nan,nan,nan,nan,nan,nan,,INITIALIZING,0.0,0.0,33.18025952413267,0,0,0,1
2469,110.36812188500016,nan,nan,nan,nan,nan,nan,nan,,INITIALIZING,0.0,0.0,31.591839498979773,0,0,0,1
2470,110.39946635300021,nan,nan,nan,nan,nan,nan,nan,,INITIALIZING,0.0,0.0,31.903556314901525,0,0,0,1
2471,110.43276955600004,nan,nan,nan,nan,nan,nan,nan,,INITIALIZING,0.0,0.0,30.02714183392632,0,0,0,1
2472,110.45921793800017,nan,nan,nan,nan,nan,nan,nan,,INITIALIZING,0.0,0.0,37.80949624802137,0,0,0,1
2473,110.50211924599989,nan,nan,nan,nan,nan,nan,nan,,INITIALIZING,0.0,0.0,23.309312620639677,0,0,0,1
2474,110.55044368100016,nan,nan,nan,nan,nan,nan,nan,,INITIALIZING,0.0,0.0,20.693464910545927,0,0,0,1
2475,110.57455233000019,nan,nan,nan,nan,nan,nan,nan,,INITIALIZING,0.0,0.0,41.47889000328791,0,0,0,1
2476,110.59551992800016,nan,nan,nan,nan,nan,nan,nan,,INITIALIZING,0.0,0.0,47.69263508397208,0,0,0,1
2477,110.63555034599995,nan,nan,nan,nan,nan,nan,nan,,INITIALIZING,0.0,0.0,24.981003196252146,0,0,0,1
2478,110.66440528600015,nan,nan,nan,nan,nan,nan,nan,,INITIALIZING,0.0,0.0,34.65611087713329,0,0,0,1
2479,110.68970515499996,nan,nan,nan,nan,nan,nan,nan,,INITIALIZING,0.0,0.0,39.52589635968208,0,0,0,1
2480,110.72228162600004,nan,nan,nan,nan,nan,nan,nan,,INITIALIZING,0.0,0.0,30.69700213990097,0,0,0,1
2481,110.76515652699982,nan,nan,nan,nan,nan,nan,nan,,INITIALIZING,0.0,0.0,23.32366901570674,0,0,0,1
2482,110.81466103699995,nan,nan,nan,nan,nan,nan,nan,,INITIALIZING,0.0,0.0,20.200179741144883,0,0,0,1
2483,110.8481786719999,nan,nan,nan,nan,nan,nan,nan,,INITIALIZING,0.0,0.0,29.83504056898425,0,0,0,1
2484,110.8817569329999,nan,nan,nan,nan,nan,nan,nan,,INITIALIZING,0.0,0.0,29.78117300356707,0,0,0,1
2485,110.91946334800014,nan,nan,nan,nan,nan,nan,nan,,INITIALIZING,0.0,0.0,26.52068620137732,0,0,0,1
2486,110.95105469500004,nan,nan,nan,nan,nan,nan,nan,,INITIALIZING,0.0,0.0,31.65423747214909,0,0,0,1
2487,110.9869221150002,nan,nan,nan,nan,nan,nan,nan,,INITIALIZING,0.0,0.0,27.88045529886382,0,0,0,1
2488,111.01818397699981,nan,nan,nan,nan,nan,nan,nan,,INITIALIZING,0.0,0.0,31.987857921337874,0,0,0,1
2489,111.05290205199981,nan,nan,nan,nan,nan,nan,nan,,INITIALIZING,0.0,0.0,28.803440282906827,0,0,0,1
2490,111.09369753700003,nan,nan,nan,nan,nan,nan,nan,,INITIALIZING,0.0,0.0,24.51251651977371,0,0,0,1
2491,111.11880662200019,nan,nan,nan,nan,nan,nan,nan,,INITIALIZING,0.0,0.0,39.82622226151742,0,0,0,1
2492,111.16698495999981,nan,nan,nan,nan,nan,nan,nan,,INITIALIZING,0.0,0.0,20.756216206710416,0,0,0,1
2493,111.20425048100014,nan,nan,nan,nan,nan,nan,nan,,INITIALIZING,0.0,0.0,26.834456440069285,0,0,0,1
2494,111.23587021399999,nan,nan,nan,nan,nan,nan,nan,,INITIALIZING,0.0,0.0,31.62582049649065,0,0,0,1
2495,111.25999308200016,nan,nan,nan,nan,nan,nan,nan,,INITIALIZING,0.0,0.0,41.45444065741561,0,0,0,1
2496,111.29624603100001,nan,nan,nan,nan,nan,nan,nan,,INITIALIZING,0.0,0.0,27.58396289372963,0,0,0,1
2497,111.32648307999989,nan,nan,nan,nan,nan,nan,nan,,INITIALIZING,0.0,0.0,33.072010433425255,0,0,0,1
2498,111.3632415080001,nan,nan,nan,nan,nan,nan,nan,,INITIALIZING,0.0,0.0,27.204645421567875,0,0,0,1
2499,111.40364203799982,nan,nan,nan,nan,nan,nan,nan,,INITIALIZING,0.0,0.0,24.752150528892788,0,0,0,1
2500,111.433367567,nan,nan,nan,nan,nan,nan,nan,,INITIALIZING,0.0,0.0,33.641117034238725,0,0,0,1
2501,111.4633827900002,nan,nan,nan,nan,nan,nan,nan,,INITIALIZING,0.0,0.0,33.31642746727638,0,0,0,1
2502,111.5023479790002,nan,nan,nan,nan,nan,nan,nan,,INITIALIZING,0.0,0.0,25.66393300439925,0,0,0,1
2503,111.53433282300011,nan,nan,nan,nan,nan,nan,nan,,INITIALIZING,0.0,0.0,31.264807794681886,0,0,0,1
2504,111.56362261499999,nan,nan,nan,nan,nan,nan,nan,,INITIALIZING,0.0,0.0,34.141587622211915,0,0,0,1
2505,111.59411018999981,nan,nan,nan,nan,nan,nan,nan,,INITIALIZING,0.0,0.0,32.80024731405348,0,0,0,1
2506,111.63385898900015,nan,nan,nan,nan,nan,nan,nan,,INITIALIZING,0.0,0.0,25.157992823671425,0,0,0,1
2507,111.66403395399993,nan,nan,nan,nan,nan,nan,nan,,INITIALIZING,0.0,0.0,33.14005500941087,0,0,0,1
2508,111.68932299000016,nan,nan,nan,nan,nan,nan,nan,,INITIALIZING,0.0,0.0,39.54282796666746,0,0,0,1
2509,111.7223927519999,nan,nan,nan,nan,nan,nan,nan,,INITIALIZING,0.0,0.0,30.239104835645193,0,0,0,1
2510,114.5436981429998,nan,nan,nan,nan,nan,nan,nan,,INITIALIZING,0.0,0.0,0.35444585445802834,0,0,0,1
2511,114.5841790909999,nan,nan,nan,nan,nan,nan,nan,,INITIALIZING,0.0,0.0,24.702978793818136,0,0,0,1
2512,114.63397152300013,nan,nan,nan,nan,nan,nan,nan,,INITIALIZING,0.0,0.0,20.083373312541887,0,0,0,1
2513,114.66330485700018,nan,nan,nan,nan,nan,nan,nan,,INITIALIZING,0.0,0.0,34.090908316049216,0,0,0,1
2514,114.69408030300019,nan,nan,nan,nan,nan,nan,nan,,INITIALIZING,0.0,0.0,32.493436488289234,0,0,0,1
2515,114.7766305109999,nan,nan,nan,nan,nan,nan,nan,,INITIALIZING,0.0,0.0,12.113839858569548,0,0,0,1
2516,114.80101968600002,nan,nan,nan,nan,nan,nan,nan,,INITIALIZING,0.0,0.0,41.00179690354094,0,0,0,1
2517,114.83052958600001,nan,nan,nan,nan,nan,nan,nan,,INITIALIZING,0.0,0.0,33.88693285982722,0,0,0,1
2518,114.85917801100004,nan,nan,nan,nan,nan,nan,nan,,INITIALIZING,0.0,0.0,34.90593287411105,0,0,0,1
2519,114.89479579099998,nan,nan,nan,nan,nan,nan,nan,,INITIALIZING,0.0,0.0,28.0758654807156,0,0,0,1
2520,130.7795777450001,nan,nan,nan,nan,nan,nan,nan,,INITIALIZING,0.0,0.0,0.06295333501560461,0,0,0,1
2521,131.19421787900046,nan,nan,nan,nan,nan,nan,nan,,INITIALIZING,0.0,0.0,2.411729878514654,0,0,0,1
2522,131.22085209800025,nan,nan,nan,nan,nan,nan,nan,,INITIALIZING,0.0,0.0,37.545685120631404,0,0,0,1
2523,131.2467294779999,nan,nan,nan,nan,nan,nan,nan,,INITIALIZING,0.0,0.0,38.643788513879265,0,0,0,1
2524,131.26757368800008,nan,nan,nan,nan,nan,nan,nan,,INITIALIZING,0.0,0.0,47.974953236005675,0,0,0,1
2525,131.29736307199983,nan,nan,nan,nan,nan,nan,nan,,INITIALIZING,0.0,0.0,33.569005656803135,0,0,0,1
2526,131.32998068800043,nan,nan,nan,nan,nan,nan,nan,,INITIALIZING,0.0,0.0,30.658279868810393,0,0,0,1
2527,131.36176755999986,nan,nan,nan,nan,nan,nan,nan,,INITIALIZING,0.0,0.0,31.459528324081404,0,0,0,1
2528,131.3974116420004,nan,nan,nan,nan,nan,nan,nan,,INITIALIZING,0.0,0.0,28.05514811644529,0,0,0,1
2529,131.42938606900043,nan,nan,nan,nan,nan,nan,nan,,INITIALIZING,0.0,0.0,31.27499360658709,0,0,0,1
2530,136.08239245599998,nan,nan,nan,nan,nan,nan,nan,,INITIALIZING,0.0,0.0,0.2149148135265813,0,0,0,1
2531,136.1086612500003,nan,nan,nan,nan,nan,nan,nan,,INITIALIZING,0.0,0.0,38.06798286925414,0,0,0,1
2532,136.14159413299967,nan,nan,nan,nan,nan,nan,nan,,INITIALIZING,0.0,0.0,30.364787681022655,0,0,0,1
2533,136.1886274999997,nan,nan,nan,nan,nan,nan,nan,,INITIALIZING,0.0,0.0,21.261501435760472,0,0,0,1
2534,136.21528505199967,nan,nan,nan,nan,nan,nan,nan,,INITIALIZING,0.0,0.0,37.51282188257495,0,0,0,1
2535,136.24206323100043,nan,nan,nan,nan,nan,nan,nan,,INITIALIZING,0.0,0.0,37.34383880142527,0,0,0,1
2536,136.27378020499964,nan,nan,nan,nan,nan,nan,nan,,INITIALIZING,0.0,0.0,31.528858964443483,0,0,0,1
2537,136.3104261819999,nan,nan,nan,nan,nan,nan,nan,,INITIALIZING,0.0,0.0,27.28812496915688,0,0,0,1
2538,136.34411397500025,nan,nan,nan,nan,nan,nan,nan,,INITIALIZING,0.0,0.0,29.684342930672134,0,0,0,1
2539,136.38160491599956,nan,nan,nan,nan,nan,nan,nan,,INITIALIZING,0.0,0.0,26.673110179297268,0,0,0,1
2540,136.41102637600034,nan,nan,nan,nan,nan,nan,nan,,INITIALIZING,0.0,0.0,33.988795932411755,0,0,0,1
2541,136.4463179510003,nan,nan,nan,nan,nan,nan,nan,,INITIALIZING,0.0,0.0,28.335374660970555,0,0,0,1
2542,136.49222900400036,nan,nan,nan,nan,nan,nan,nan,,INITIALIZING,0.0,0.0,21.78124731747746,0,0,0,1
2543,136.52887899100006,nan,nan,nan,nan,nan,nan,nan,,INITIALIZING,0.0,0.0,27.28513928281662,0,0,0,1
2544,136.56001131799985,nan,nan,nan,nan,nan,nan,nan,,INITIALIZING,0.0,0.0,32.120952603593196,0,0,0,1
2545,136.58943444499982,nan,nan,nan,nan,nan,nan,nan,,INITIALIZING,0.0,0.0,33.98687026028629,0,0,0,1
2546,136.6180653170004,nan,nan,nan,nan,nan,nan,nan,,INITIALIZING,0.0,0.0,34.92733298447458,0,0,0,1
2547,136.66050593799991,nan,nan,nan,nan,nan,nan,nan,,INITIALIZING,0.0,0.0,23.562331946355112,0,0,0,1
2548,136.68955858899972,nan,nan,nan,nan,nan,nan,nan,,INITIALIZING,0.0,0.0,34.42026684610728,0,0,0,1
2549,136.72690025599968,nan,nan,nan,nan,nan,nan,nan,,INITIALIZING,0.0,0.0,26.779736426897017,0,0,0,1
2550,136.76103785000032,nan,nan,nan,nan,nan,nan,nan,,INITIALIZING,0.0,0.0,29.293218496337193,0,0,0,1
2551,136.80664915800025,nan,nan,nan,nan,nan,nan,nan,,INITIALIZING,0.0,0.0,21.9243876979245,0,0,0,1
2552,136.82808405600008,nan,nan,nan,nan,nan,nan,nan,,INITIALIZING,0.0,0.0,46.65289286695785,0,0,0,1
2553,136.85313819099974,nan,nan,nan,nan,nan,nan,nan,,INITIALIZING,0.0,0.0,39.91357115356083,0,0,0,1
2554,136.8893304610001,nan,nan,nan,nan,nan,nan,nan,,INITIALIZING,0.0,0.0,27.630209433952654,0,0,0,1
2555,136.9166243789996,nan,nan,nan,nan,nan,nan,nan,,INITIALIZING,0.0,0.0,36.63819903096419,0,0,0,1
2556,136.94638063799994,nan,nan,nan,nan,nan,nan,nan,,INITIALIZING,0.0,0.0,33.606375048295206,0,0,0,1
2557,136.99629546699998,nan,nan,nan,nan,nan,nan,nan,,INITIALIZING,0.0,0.0,20.034126531798826,0,0,0,1
2558,137.0251077490002,nan,nan,nan,nan,nan,nan,nan,,INITIALIZING,0.0,0.0,34.70742095306648,0,0,0,1
2559,137.0486770110001,nan,nan,nan,nan,nan,nan,nan,,INITIALIZING,0.0,0.0,42.428142213524595,0,0,0,1
2560,137.08115550999992,nan,nan,nan,nan,nan,nan,nan,,INITIALIZING,0.0,0.0,30.789600221546998,0,0,0,1
2561,137.13100408799983,nan,nan,nan,nan,nan,nan,nan,,INITIALIZING,0.0,0.0,20.060752786203942,0,0,0,1
2562,137.16919587600023,nan,nan,nan,nan,nan,nan,nan,,INITIALIZING,0.0,0.0,26.18363926793436,0,0,0,1
2563,137.2071664619998,nan,nan,nan,nan,nan,nan,nan,,INITIALIZING,0.0,0.0,26.336175059590182,0,0,0,1
2564,137.23920667099992,nan,nan,nan,nan,nan,nan,nan,,INITIALIZING,0.0,0.0,31.21078267611806,0,0,0,1
2565,137.26653293399977,nan,nan,nan,nan,nan,nan,nan,,INITIALIZING,0.0,0.0,36.59483186579498,0,0,0,1
2566,137.2985168920004,nan,nan,nan,nan,nan,nan,nan,,INITIALIZING,0.0,0.0,31.26567387251048,0,0,0,1
2567,137.32203683100033,nan,nan,nan,nan,nan,nan,nan,,INITIALIZING,0.0,0.0,42.51711707259018,0,0,0,1
2568,137.35314051099976,nan,nan,nan,nan,nan,nan,nan,,INITIALIZING,0.0,0.0,32.150536528740034,0,0,0,1
2569,137.38233368599958,nan,nan,nan,nan,nan,nan,nan,,INITIALIZING,0.0,0.0,34.25458176461517,0,0,0,1
2570,137.41891903600026,nan,nan,nan,nan,nan,nan,nan,,INITIALIZING,0.0,0.0,27.33334517727647,0,0,0,1
2571,137.45792078700015,nan,nan,nan,nan,nan,nan,nan,,INITIALIZING,0.0,0.0,25.6398744764792,0,0,0,1
2572,137.48908728199967,nan,nan,nan,nan,nan,nan,nan,,INITIALIZING,0.0,0.0,32.08573822674797,0,0,0,1
2573,137.5277749650004,nan,nan,nan,nan,nan,nan,nan,,INITIALIZING,0.0,0.0,25.848019897740386,0,0,0,1
2574,137.56287742099994,nan,nan,nan,nan,nan,nan,nan,,INITIALIZING,0.0,0.0,28.488035139559354,0,0,0,1
2575,137.59520570899986,nan,nan,nan,nan,nan,nan,nan,,INITIALIZING,0.0,0.0,30.93266182244384,0,0,0,1
2576,137.6290553810004,nan,nan,nan,nan,nan,nan,nan,,INITIALIZING,0.0,0.0,29.542383748474077,0,0,0,1
2577,137.6652002540004,nan,nan,nan,nan,nan,nan,nan,,INITIALIZING,0.0,0.0,27.666441102163166,0,0,0,1
2578,137.69833209900025,nan,nan,nan,nan,nan,nan,nan,,INITIALIZING,0.0,0.0,30.182442299990388,0,0,0,1
2579,137.8143146250004,nan,nan,nan,nan,nan,nan,nan,,INITIALIZING,0.0,0.0,8.621988453663135,0,0,0,1
2580,137.85431524999967,nan,nan,nan,nan,nan,nan,nan,,INITIALIZING,0.0,0.0,24.999609381562337,0,0,0,1
2581,137.89321877099974,nan,nan,nan,nan,nan,nan,nan,,INITIALIZING,0.0,0.0,25.70461424297076,0,0,0,1
2582,137.918904741,nan,nan,nan,nan,nan,nan,nan,,INITIALIZING,0.0,0.0,38.93175924403759,0,0,0,1
2583,137.9482131779996,nan,nan,nan,nan,nan,nan,nan,,INITIALIZING,0.0,0.0,34.119867941564564,0,0,0,1
2584,137.98458779500015,nan,nan,nan,nan,nan,nan,nan,,INITIALIZING,0.0,0.0,27.491698400149804,0,0,0,1
2585,138.01717317099974,nan,nan,nan,nan,nan,nan,nan,,INITIALIZING,0.0,0.0,30.688613199143195,0,0,0,1
2586,138.04584815900034,nan,nan,nan,nan,nan,nan,nan,,INITIALIZING,0.0,0.0,34.873597853954806,0,0,0,1
2587,138.07943568999963,nan,nan,nan,nan,nan,nan,nan,,INITIALIZING,0.0,0.0,29.772953541041968,0,0,0,1
2588,138.11511435600005,nan,nan,nan,nan,nan,nan,nan,,INITIALIZING,0.0,0.0,28.02795373538287,0,0,0,1
2589,138.1506861959997,nan,nan,nan,nan,nan,nan,nan,,INITIALIZING,0.0,0.0,28.112124647190186,0,0,0,1
2590,138.185235465,nan,nan,nan,nan,nan,nan,nan,,INITIALIZING,0.0,0.0,28.944172450973515,0,0,0,1
2591,138.21528266699988,nan,nan,nan,nan,nan,nan,nan,,INITIALIZING,0.0,0.0,33.28096905675492,0,0,0,1
2592,138.24952500200015,nan,nan,nan,nan,nan,nan,nan,,INITIALIZING,0.0,0.0,29.203615933085782,0,0,0,1
2593,138.28573034500005,nan,nan,nan,nan,nan,nan,nan,,INITIALIZING,0.0,0.0,27.62023273755408,0,0,0,1
2594,138.32121952800026,nan,nan,nan,nan,nan,nan,nan,,INITIALIZING,0.0,0.0,28.177599918096583,0,0,0,1
2595,138.34873272099958,nan,nan,nan,nan,nan,nan,nan,,INITIALIZING,0.0,0.0,36.34619944056059,0,0,0,1
2596,138.38138403599987,nan,nan,nan,nan,nan,nan,nan,,INITIALIZING,0.0,0.0,30.626637854891936,0,0,0,1
2597,138.42507410899998,nan,nan,nan,nan,nan,nan,nan,,INITIALIZING,0.0,0.0,22.888494601452123,0,0,0,1
2598,138.4637576770001,nan,nan,nan,nan,nan,nan,nan,,INITIALIZING,0.0,0.0,25.8507695049431,0,0,0,1
2599,138.49251428000025,nan,nan,nan,nan,nan,nan,nan,,INITIALIZING,0.0,0.0,34.774622023153526,0,0,0,1
2600,138.525865609,nan,nan,nan,nan,nan,nan,nan,,INITIALIZING,0.0,0.0,29.983812639301874,0,0,0,1
2601,138.55598755200026,nan,nan,nan,nan,nan,nan,nan,,INITIALIZING,0.0,0.0,33.198389625500575,0,0,0,1
2602,138.58407867299957,nan,nan,nan,nan,nan,nan,nan,,INITIALIZING,0.0,0.0,35.598436958948334,0,0,0,1
2603,138.61414769800012,nan,nan,nan,nan,nan,nan,nan,,INITIALIZING,0.0,0.0,33.25681494433111,0,0,0,1
2604,138.67308921400036,nan,nan,nan,nan,nan,nan,nan,,INITIALIZING,0.0,0.0,16.965970132089367,0,0,0,1
2605,138.7055621919999,nan,nan,nan,nan,nan,nan,nan,,INITIALIZING,0.0,0.0,30.794835016806978,0,0,0,1
2606,138.73172129700015,nan,nan,nan,nan,nan,nan,nan,,INITIALIZING,0.0,0.0,38.22760755729342,0,0,0,1
2607,138.77425431499978,nan,nan,nan,nan,nan,nan,nan,,INITIALIZING,0.0,0.0,23.511146093810687,0,0,0,1
2608,138.80685979600003,nan,nan,nan,nan,nan,nan,nan,,INITIALIZING,0.0,0.0,30.669690166277658,0,0,0,1
2609,138.8332363010004,nan,nan,nan,nan,nan,nan,nan,,INITIALIZING,0.0,0.0,37.912528592621534,0,0,0,1
2610,138.86375705400042,nan,nan,nan,nan,nan,nan,nan,,INITIALIZING,0.0,0.0,32.7645913585219,0,0,0,1
2611,138.89464671899987,nan,nan,nan,nan,nan,nan,nan,,INITIALIZING,0.0,0.0,32.373287312045086,0,0,0,1
2612,138.93038273000002,nan,nan,nan,nan,nan,nan,nan,,INITIALIZING,0.0,0.0,27.982977730662213,0,0,0,1
2613,138.96178714600046,nan,nan,nan,nan,nan,nan,nan,,INITIALIZING,0.0,0.0,31.842655503797435,0,0,0,1
2614,138.99249394300023,nan,nan,nan,nan,nan,nan,nan,,INITIALIZING,0.0,0.0,32.56607975125565,0,0,0,1
2615,139.0213067980003,nan,nan,nan,nan,nan,nan,nan,,INITIALIZING,0.0,0.0,34.706730728266834,0,0,0,1
2616,139.05671238499963,nan,nan,nan,nan,nan,nan,nan,,INITIALIZING,0.0,0.0,28.244129945335324,0,0,0,1
2617,139.0876718440004,nan,nan,nan,nan,nan,nan,nan,,INITIALIZING,0.0,0.0,32.30030602198691,0,0,0,1
2618,139.126154263,nan,nan,nan,nan,nan,nan,nan,,INITIALIZING,0.0,0.0,25.985892415198474,0,0,0,1
2619,139.15588276000017,nan,nan,nan,nan,nan,nan,nan,,INITIALIZING,0.0,0.0,33.63775841052448,0,0,0,1
2620,139.19300707900038,nan,nan,nan,nan,nan,nan,nan,,INITIALIZING,0.0,0.0,26.936521044177393,0,0,0,1
2621,139.22372866899968,nan,nan,nan,nan,nan,nan,nan,,INITIALIZING,0.0,0.0,32.550398596645,0,0,0,1
2622,139.25832611500027,nan,nan,nan,nan,nan,nan,nan,,INITIALIZING,0.0,0.0,28.90386764337958,0,0,0,1
2623,139.29000485899996,nan,nan,nan,nan,nan,nan,nan,,INITIALIZING,0.0,0.0,31.56690808226924,0,0,0,1
2624,139.32666187700033,nan,nan,nan,nan,nan,nan,nan,,INITIALIZING,0.0,0.0,27.279905855678987,0,0,0,1
2625,139.36290623100012,nan,nan,nan,nan,nan,nan,nan,,INITIALIZING,0.0,0.0,27.590504165304225,0,0,0,1
2626,139.38878350800042,nan,nan,nan,nan,nan,nan,nan,,INITIALIZING,0.0,0.0,38.64394232781018,0,0,0,1
2627,139.41994062699996,nan,nan,nan,nan,nan,nan,nan,,INITIALIZING,0.0,0.0,32.095393672778634,0,0,0,1
2628,139.45197286700022,nan,nan,nan,nan,nan,nan,nan,,INITIALIZING,0.0,0.0,31.218547313325843,0,0,0,1
2629,139.48303013999976,nan,nan,nan,nan,nan,nan,nan,,INITIALIZING,0.0,0.0,32.19857712604197,0,0,0,1
2630,139.51618167299966,nan,nan,nan,nan,nan,nan,nan,,INITIALIZING,0.0,0.0,30.164517580611957,0,0,0,1
2631,139.55066963900026,nan,nan,nan,nan,nan,nan,nan,,INITIALIZING,0.0,0.0,28.995621254749643,0,0,0,1
2632,139.59249665399966,nan,nan,nan,nan,nan,nan,nan,,INITIALIZING,0.0,0.0,23.907993434730557,0,0,0,1
2633,139.63966455399986,nan,nan,nan,nan,nan,nan,nan,,INITIALIZING,0.0,0.0,21.200859058717324,0,0,0,1
2634,139.6631462109999,nan,nan,nan,nan,nan,nan,nan,,INITIALIZING,0.0,0.0,42.58643246505025,0,0,0,1
2635,139.69269199599967,nan,nan,nan,nan,nan,nan,nan,,INITIALIZING,0.0,0.0,33.8457752944558,0,0,0,1
2636,139.72148432999984,nan,nan,nan,nan,nan,nan,nan,,INITIALIZING,0.0,0.0,34.73146706321227,0,0,0,1
2637,139.75339891099975,nan,nan,nan,nan,nan,nan,nan,,INITIALIZING,0.0,0.0,31.3336402568726,0,0,0,1
2638,139.78866647500035,nan,nan,nan,nan,nan,nan,nan,,INITIALIZING,0.0,0.0,28.35466606037297,0,0,0,1
2639,139.83506883999962,nan,nan,nan,nan,nan,nan,nan,,INITIALIZING,0.0,0.0,21.5506257065949,0,0,0,1
2640,139.86590225500004,nan,nan,nan,nan,nan,nan,nan,,INITIALIZING,0.0,0.0,32.43234653010437,0,0,0,1
2641,139.9228942540003,nan,nan,nan,nan,nan,nan,nan,,INITIALIZING,0.0,0.0,17.546322598636753,0,0,0,1
2642,139.96858457300004,nan,nan,nan,nan,nan,nan,nan,,INITIALIZING,0.0,0.0,21.88647446313225,0,0,0,1
2643,140.0502986170004,nan,nan,nan,nan,nan,nan,nan,,INITIALIZING,0.0,0.0,12.237798437628964,0,0,0,1
2644,140.08693787500033,nan,nan,nan,nan,nan,nan,nan,,INITIALIZING,0.0,0.0,27.29312913493242,0,0,0,1
2645,140.11912756600032,nan,nan,nan,nan,nan,nan,nan,,INITIALIZING,0.0,0.0,31.065846515906753,0,0,0,1
2646,140.15243691399974,nan,nan,nan,nan,nan,nan,nan,,INITIALIZING,0.0,0.0,30.02160234470515,0,0,0,1
2647,140.18509484399965,nan,nan,nan,nan,nan,nan,nan,,INITIALIZING,0.0,0.0,30.620434301948602,0,0,0,1
2648,140.22529526499966,nan,nan,nan,nan,nan,nan,nan,,INITIALIZING,0.0,0.0,24.875361379916516,0,0,0,1
2649,140.25458682600038,nan,nan,nan,nan,nan,nan,nan,,INITIALIZING,0.0,0.0,34.139525714436,0,0,0,1
2650,140.28784591400017,nan,nan,nan,nan,nan,nan,nan,,INITIALIZING,0.0,0.0,30.066969966409154,0,0,0,1
2651,140.31749201399998,nan,nan,nan,nan,nan,nan,nan,,INITIALIZING,0.0,0.0,33.73124964182286,0,0,0,1
2652,140.3495027429999,nan,nan,nan,nan,nan,nan,nan,,INITIALIZING,0.0,0.0,31.239525972759168,0,0,0,1
2653,140.38529458799985,nan,nan,nan,nan,nan,nan,nan,,INITIALIZING,0.0,0.0,27.93932528489186,0,0,0,1
2654,140.41730703600024,nan,nan,nan,nan,nan,nan,nan,,INITIALIZING,0.0,0.0,31.237848476564892,0,0,0,1
2655,140.44950693600003,nan,nan,nan,nan,nan,nan,nan,,INITIALIZING,0.0,0.0,31.055997068510738,0,0,0,1
2656,140.48530612499962,nan,nan,nan,nan,nan,nan,nan,,INITIALIZING,0.0,0.0,27.93359369150652,0,0,0,1
2657,140.51764446499965,nan,nan,nan,nan,nan,nan,nan,,INITIALIZING,0.0,0.0,30.923046761190005,0,0,0,1
2658,140.54966081899966,nan,nan,nan,nan,nan,nan,nan,,INITIALIZING,0.0,0.0,31.234037454726767,0,0,0,1
2659,140.5854798520004,nan,nan,nan,nan,nan,nan,nan,,INITIALIZING,0.0,0.0,27.918118280286638,0,0,0,1
2660,140.8164456659997,nan,nan,nan,nan,nan,nan,nan,,INITIALIZING,0.0,0.0,4.329645079002682,0,0,0,1
2661,140.85173270999985,nan,nan,nan,nan,nan,nan,nan,,INITIALIZING,0.0,0.0,28.339013038212045,0,0,0,1
2662,140.87884251000014,nan,nan,nan,nan,nan,nan,nan,,INITIALIZING,0.0,0.0,36.88702978219408,0,0,0,1
2663,140.91213649400015,nan,nan,nan,nan,nan,nan,nan,,INITIALIZING,0.0,0.0,30.03545625539061,0,0,0,1
2664,140.9411389349998,nan,nan,nan,nan,nan,nan,nan,,INITIALIZING,0.0,0.0,34.47985636837081,0,0,0,1
2665,140.96315493800012,nan,nan,nan,nan,nan,nan,nan,,INITIALIZING,0.0,0.0,45.421505437912366,0,0,0,1
2666,140.99346318599964,nan,nan,nan,nan,nan,nan,nan,,INITIALIZING,0.0,0.0,32.994318906707015,0,0,0,1
2667,141.03702950600018,nan,nan,nan,nan,nan,nan,nan,,INITIALIZING,0.0,0.0,22.95351087692707,0,0,0,1
2668,141.07857656800024,nan,nan,nan,nan,nan,nan,nan,,INITIALIZING,0.0,0.0,24.069090613398277,0,0,0,1
2669,141.11744222299967,nan,nan,nan,nan,nan,nan,nan,,INITIALIZING,0.0,0.0,25.729657714883558,0,0,0,1
2670,141.14804558099968,nan,nan,nan,nan,nan,nan,nan,,INITIALIZING,0.0,0.0,32.67615272806835,0,0,0,1
2671,141.17560059799962,nan,nan,nan,nan,nan,nan,nan,,INITIALIZING,0.0,0.0,36.291031865527685,0,0,0,1
2672,141.21554710800046,nan,nan,nan,nan,nan,nan,nan,,INITIALIZING,0.0,0.0,25.03347601527222,0,0,0,1
2673,141.25486193800043,nan,nan,nan,nan,nan,nan,nan,,INITIALIZING,0.0,0.0,25.435694367770367,0,0,0,1
2674,141.27563578100035,nan,nan,nan,nan,nan,nan,nan,,INITIALIZING,0.0,0.0,48.13745824516313,0,0,0,1
2675,141.29646634399978,nan,nan,nan,nan,nan,nan,nan,,INITIALIZING,0.0,0.0,48.0063836981791,0,0,0,1
2676,141.32049025099968,nan,nan,nan,nan,nan,nan,nan,,INITIALIZING,0.0,0.0,41.625202761737945,0,0,0,1
2677,141.35365907600044,nan,nan,nan,nan,nan,nan,nan,,INITIALIZING,0.0,0.0,30.148791824165215,0,0,0,1
2678,141.38562381500014,nan,nan,nan,nan,nan,nan,nan,,INITIALIZING,0.0,0.0,31.284472556126516,0,0,0,1
2679,141.42163977899963,nan,nan,nan,nan,nan,nan,nan,,INITIALIZING,0.0,0.0,27.765465336820842,0,0,0,1
2680,141.4752775449997,nan,nan,nan,nan,nan,nan,nan,,INITIALIZING,0.0,0.0,18.64358034595964,0,0,0,1
2681,141.50172274899978,nan,nan,nan,nan,nan,nan,nan,,INITIALIZING,0.0,0.0,37.81403992938944,0,0,0,1
2682,141.53529444699961,nan,nan,nan,nan,nan,nan,nan,,INITIALIZING,0.0,0.0,29.786994986222993,0,0,0,1
2683,141.56194147800034,nan,nan,nan,nan,nan,nan,nan,,INITIALIZING,0.0,0.0,37.52763300245165,0,0,0,1
2684,141.58952404800038,nan,nan,nan,nan,nan,nan,nan,,INITIALIZING,0.0,0.0,36.25477973945871,0,0,0,1
2685,141.6294081599999,nan,nan,nan,nan,nan,nan,nan,,INITIALIZING,0.0,0.0,25.07264045422058,0,0,0,1
2686,141.66781344100036,nan,nan,nan,nan,nan,nan,nan,,INITIALIZING,0.0,0.0,26.038085751495224,0,0,0,1
2687,141.7142238790002,nan,nan,nan,nan,nan,nan,nan,,INITIALIZING,0.0,0.0,21.54687701942117,0,0,0,1
2688,141.75255436800035,nan,nan,nan,nan,nan,nan,nan,,INITIALIZING,0.0,0.0,26.088892317450085,0,0,0,1
2689,141.79190242799996,nan,nan,nan,nan,nan,nan,nan,,INITIALIZING,0.0,0.0,25.414213559954067,0,0,0,1
2690,142.05447583800014,nan,nan,nan,nan,nan,nan,nan,,INITIALIZING,0.0,0.0,3.8084587468292774,0,0,0,1
2691,142.1103187509998,nan,nan,nan,nan,nan,nan,nan,,INITIALIZING,0.0,0.0,17.907375283346102,0,0,0,1
2692,142.42805448800027,nan,nan,nan,nan,nan,nan,nan,,INITIALIZING,0.0,0.0,3.1472695185008512,0,0,0,1
2693,142.47003707899967,nan,nan,nan,nan,nan,nan,nan,,INITIALIZING,0.0,0.0,23.81939694990206,0,0,0,1
2694,142.52028384200003,nan,nan,nan,nan,nan,nan,nan,,INITIALIZING,0.0,0.0,19.901779543347864,0,0,0,1
2695,142.55316333799965,nan,nan,nan,nan,nan,nan,nan,,INITIALIZING,0.0,0.0,30.414091505887594,0,0,0,1
2696,142.5801394379996,nan,nan,nan,nan,nan,nan,nan,,INITIALIZING,0.0,0.0,37.06985071977133,0,0,0,1
2697,142.6159247200003,nan,nan,nan,nan,nan,nan,nan,,INITIALIZING,0.0,0.0,27.944449340395458,0,0,0,1
2698,142.6396996120002,nan,nan,nan,nan,nan,nan,nan,,INITIALIZING,0.0,0.0,42.06117949997573,0,0,0,1
2699,142.68959246099985,nan,nan,nan,nan,nan,nan,nan,,INITIALIZING,0.0,0.0,20.042952448090993,0,0,0,1
2700,143.13967625199984,nan,nan,nan,nan,nan,nan,nan,,INITIALIZING,0.0,0.0,2.2218085165391037,0,0,0,1
2701,143.17471771800047,nan,nan,nan,nan,nan,nan,nan,,INITIALIZING,0.0,0.0,28.53761883085263,0,0,0,1
2702,143.20599463100007,nan,nan,nan,nan,nan,nan,nan,,INITIALIZING,0.0,0.0,31.97246480216082,0,0,0,1
2703,143.23330615400027,nan,nan,nan,nan,nan,nan,nan,,INITIALIZING,0.0,0.0,36.61458205726558,0,0,0,1
2704,143.26168592700014,nan,nan,nan,nan,nan,nan,nan,,INITIALIZING,0.0,0.0,35.236363589116614,0,0,0,1
2705,143.29286809800033,nan,nan,nan,nan,nan,nan,nan,,INITIALIZING,0.0,0.0,32.06960798188665,0,0,0,1
2706,143.34512948300016,nan,nan,nan,nan,nan,nan,nan,,INITIALIZING,0.0,0.0,19.13458665519679,0,0,0,1
2707,143.44411678100005,nan,nan,nan,nan,nan,nan,nan,,INITIALIZING,0.0,0.0,10.10230625752787,0,0,0,1
2708,143.4689954960004,nan,nan,nan,nan,nan,nan,nan,,INITIALIZING,0.0,0.0,40.19500203231147,0,0,0,1
2709,143.50078736700016,nan,nan,nan,nan,nan,nan,nan,,INITIALIZING,0.0,0.0,31.454581581791263,0,0,0,1
2710,146.8108408119997,nan,nan,nan,nan,nan,nan,nan,,INITIALIZING,0.0,0.0,0.30210992559974786,0,0,0,1
2711,146.8354111360004,nan,nan,nan,nan,nan,nan,nan,,INITIALIZING,0.0,0.0,40.69950400211512,0,0,0,1
2712,146.86578365599962,nan,nan,nan,nan,nan,nan,nan,,INITIALIZING,0.0,0.0,32.924498857049926,0,0,0,1
2713,146.89766339299968,nan,nan,nan,nan,nan,nan,nan,,INITIALIZING,0.0,0.0,31.367887382455834,0,0,0,1
2714,146.93357227100023,nan,nan,nan,nan,nan,nan,nan,,INITIALIZING,0.0,0.0,27.848266380936348,0,0,0,1
2715,146.9657793059996,nan,nan,nan,nan,nan,nan,nan,,INITIALIZING,0.0,0.0,31.049117064624095,0,0,0,1
2716,146.9981146250002,nan,nan,nan,nan,nan,nan,nan,,INITIALIZING,0.0,0.0,30.92593581592967,0,0,0,1
2717,147.0336194849997,nan,nan,nan,nan,nan,nan,nan,,INITIALIZING,0.0,0.0,28.16515823507878,0,0,0,1
2718,147.06561240199972,nan,nan,nan,nan,nan,nan,nan,,INITIALIZING,0.0,0.0,31.25691852353498,0,0,0,1
2719,147.10147310200045,nan,nan,nan,nan,nan,nan,nan,,INITIALIZING,0.0,0.0,27.885679866242874,0,0,0,1
2720,147.1567452749996,nan,nan,nan,nan,nan,nan,nan,,INITIALIZING,0.0,0.0,18.092286692176504,0,0,0,1
2721,147.19695553899965,nan,nan,nan,nan,nan,nan,nan,,INITIALIZING,0.0,0.0,24.8692721838062,0,0,0,1
2722,147.22416914400037,nan,nan,nan,nan,nan,nan,nan,,INITIALIZING,0.0,0.0,36.74632596355267,0,0,0,1
2723,147.26604397200026,nan,nan,nan,nan,nan,nan,nan,,INITIALIZING,0.0,0.0,23.880695104051693,0,0,0,1
2724,147.30378127099993,nan,nan,nan,nan,nan,nan,nan,,INITIALIZING,0.0,0.0,26.498981816601844,0,0,0,1
2725,147.34303271499994,nan,nan,nan,nan,nan,nan,nan,,INITIALIZING,0.0,0.0,25.47676972087869,0,0,0,1
2726,147.37245552900004,nan,nan,nan,nan,nan,nan,nan,,INITIALIZING,0.0,0.0,33.98723181258647,0,0,0,1
2727,147.4046039169998,nan,nan,nan,nan,nan,nan,nan,,INITIALIZING,0.0,0.0,31.105758708872052,0,0,0,1
2728,147.4364145899999,nan,nan,nan,nan,nan,nan,nan,,INITIALIZING,0.0,0.0,31.435990052664735,0,0,0,1
2729,147.46849131,nan,nan,nan,nan,nan,nan,nan,,INITIALIZING,0.0,0.0,31.175257320498766,0,0,0,1
2730,147.51736736899966,nan,nan,nan,nan,nan,nan,nan,,INITIALIZING,0.0,0.0,20.459914740810163,0,0,0,1
2731,147.5869760200003,nan,nan,nan,nan,nan,nan,nan,,INITIALIZING,0.0,0.0,14.366030452032081,0,0,0,1
2732,147.6338217780003,nan,nan,nan,nan,nan,nan,nan,,INITIALIZING,0.0,0.0,21.34664999976354,0,0,0,1
2733,147.6670470629997,nan,nan,nan,nan,nan,nan,nan,,INITIALIZING,0.0,0.0,30.097559735556274,0,0,0,1
2734,147.70521567200012,nan,nan,nan,nan,nan,nan,nan,,INITIALIZING,0.0,0.0,26.19954004582499,0,0,0,1
2735,147.74458091999986,nan,nan,nan,nan,nan,nan,nan,,INITIALIZING,0.0,0.0,25.403116982944095,0,0,0,1
2736,147.78106699700038,nan,nan,nan,nan,nan,nan,nan,,INITIALIZING,0.0,0.0,27.407715002788688,0,0,0,1
2737,147.81445077399985,nan,nan,nan,nan,nan,nan,nan,,INITIALIZING,0.0,0.0,29.954669299876652,0,0,0,1
2738,147.8473278749998,nan,nan,nan,nan,nan,nan,nan,,INITIALIZING,0.0,0.0,30.416307082605144,0,0,0,1
2739,147.90069277099974,nan,nan,nan,nan,nan,nan,nan,,INITIALIZING,0.0,0.0,18.738910312895026,0,0,0,1
2740,147.92403864300013,nan,nan,nan,nan,nan,nan,nan,,INITIALIZING,0.0,0.0,42.83412502147077,0,0,0,1
2741,147.96027820499967,nan,nan,nan,nan,nan,nan,nan,,INITIALIZING,0.0,0.0,27.59415249038554,0,0,0,1
2742,147.9874271210001,nan,nan,nan,nan,nan,nan,nan,,INITIALIZING,0.0,0.0,36.83388316438547,0,0,0,1
2743,148.01200676700046,nan,nan,nan,nan,nan,nan,nan,,INITIALIZING,0.0,0.0,40.68406843556085,0,0,0,1
2744,148.05296063999958,nan,nan,nan,nan,nan,nan,nan,,INITIALIZING,0.0,0.0,24.417715023469317,0,0,0,1
2745,148.0978005779998,nan,nan,nan,nan,nan,nan,nan,,INITIALIZING,0.0,0.0,22.301547339227564,0,0,0,1
2746,148.13114732299982,nan,nan,nan,nan,nan,nan,nan,,INITIALIZING,0.0,0.0,29.987934354597037,0,0,0,1
2747,148.16276268000001,nan,nan,nan,nan,nan,nan,nan,,INITIALIZING,0.0,0.0,31.630197944433785,0,0,0,1
2748,148.19412902099975,nan,nan,nan,nan,nan,nan,nan,,INITIALIZING,0.0,0.0,31.881308693555436,0,0,0,1
2749,148.22593083999982,nan,nan,nan,nan,nan,nan,nan,,INITIALIZING,0.0,0.0,31.444742201631076,0,0,0,1
2750,148.2582308459996,nan,nan,nan,nan,nan,nan,nan,,INITIALIZING,0.0,0.0,30.959746571149395,0,0,0,1
2751,148.28577299799963,nan,nan,nan,nan,nan,nan,nan,,INITIALIZING,0.0,0.0,36.307983486517024,0,0,0,1
2752,148.3168450109997,nan,nan,nan,nan,nan,nan,nan,,INITIALIZING,0.0,0.0,32.183302703860186,0,0,0,1
2753,148.35205736599983,nan,nan,nan,nan,nan,nan,nan,,INITIALIZING,0.0,0.0,28.399122978193503,0,0,0,1
2754,148.3782606900004,nan,nan,nan,nan,nan,nan,nan,,INITIALIZING,0.0,0.0,38.16309716960136,0,0,0,1
2755,148.41120826000042,nan,nan,nan,nan,nan,nan,nan,,INITIALIZING,0.0,0.0,30.351252004290394,0,0,0,1
2756,148.44531595700028,nan,nan,nan,nan,nan,nan,nan,,INITIALIZING,0.0,0.0,29.318895380250453,0,0,0,1
2757,148.47873150600026,nan,nan,nan,nan,nan,nan,nan,,INITIALIZING,0.0,0.0,29.926187955209375,0,0,0,1
2758,148.52069123100046,nan,nan,nan,nan,nan,nan,nan,,INITIALIZING,0.0,0.0,23.832377356984665,0,0,0,1
2759,148.5584705629999,nan,nan,nan,nan,nan,nan,nan,,INITIALIZING,0.0,0.0,26.469499249343087,0,0,0,1
2760,148.590136754,nan,nan,nan,nan,nan,nan,nan,,INITIALIZING,0.0,0.0,31.57942172446413,0,0,0,1
2761,148.6212325690003,nan,nan,nan,nan,nan,nan,nan,,INITIALIZING,0.0,0.0,32.15866829637325,0,0,0,1
2762,148.65321366300032,nan,nan,nan,nan,nan,nan,nan,,INITIALIZING,0.0,0.0,31.268473805177592,0,0,0,1
2763,148.68899029899967,nan,nan,nan,nan,nan,nan,nan,,INITIALIZING,0.0,0.0,27.9512025674531,0,0,0,1
2764,148.72056680100013,nan,nan,nan,nan,nan,nan,nan,,INITIALIZING,0.0,0.0,31.669119017216396,0,0,0,1
2765,148.74859500399998,nan,nan,nan,nan,nan,nan,nan,,INITIALIZING,0.0,0.0,35.678348697752476,0,0,0,1
2766,148.7881715579997,nan,nan,nan,nan,nan,nan,nan,,INITIALIZING,0.0,0.0,25.267485390643248,0,0,0,1
2767,148.8244248179999,nan,nan,nan,nan,nan,nan,nan,,INITIALIZING,0.0,0.0,27.58372626336625,0,0,0,1
2768,148.85182946799978,nan,nan,nan,nan,nan,nan,nan,,INITIALIZING,0.0,0.0,36.49015769237579,0,0,0,1
2769,148.88144265000028,nan,nan,nan,nan,nan,nan,nan,,INITIALIZING,0.0,0.0,33.768745283199024,0,0,0,1
2770,148.92085998200037,nan,nan,nan,nan,nan,nan,nan,,INITIALIZING,0.0,0.0,25.369550633154333,0,0,0,1
2771,148.95204486199964,nan,nan,nan,nan,nan,nan,nan,,INITIALIZING,0.0,0.0,32.066822127367786,0,0,0,1
2772,149.0087001869997,nan,nan,nan,nan,nan,nan,nan,,INITIALIZING,0.0,0.0,17.650591537491827,0,0,0,1
2773,149.0459644040002,nan,nan,nan,nan,nan,nan,nan,,INITIALIZING,0.0,0.0,26.835395467641728,0,0,0,1
2774,149.07913921900035,nan,nan,nan,nan,nan,nan,nan,,INITIALIZING,0.0,0.0,30.143348199379595,0,0,0,1
2775,149.11048128899984,nan,nan,nan,nan,nan,nan,nan,,INITIALIZING,0.0,0.0,31.90599727511684,0,0,0,1
2776,149.14597552400028,nan,nan,nan,nan,nan,nan,nan,,INITIALIZING,0.0,0.0,28.173589316336685,0,0,0,1
2777,149.18668642299963,nan,nan,nan,nan,nan,nan,nan,,INITIALIZING,0.0,0.0,24.56344675699641,0,0,0,1
2778,149.22363120699993,nan,nan,nan,nan,nan,nan,nan,,INITIALIZING,0.0,0.0,27.067420396663927,0,0,0,1
2779,149.25490973399974,nan,nan,nan,nan,nan,nan,nan,,INITIALIZING,0.0,0.0,31.97081499413247,0,0,0,1
2780,149.28606586299975,nan,nan,nan,nan,nan,nan,nan,,INITIALIZING,0.0,0.0,32.09641351785647,0,0,0,1
2781,149.32208911900034,nan,nan,nan,nan,nan,nan,nan,,INITIALIZING,0.0,0.0,27.759844917506307,0,0,0,1
2782,149.35254044199974,nan,nan,nan,nan,nan,nan,nan,,INITIALIZING,0.0,0.0,32.8392956857669,0,0,0,1
2783,149.38585874900036,nan,nan,nan,nan,nan,nan,nan,,INITIALIZING,0.0,0.0,30.013529798533234,0,0,0,1
2784,149.41831099699994,nan,nan,nan,nan,nan,nan,nan,,INITIALIZING,0.0,0.0,30.81450628668881,0,0,0,1
2785,149.45866454600036,nan,nan,nan,nan,nan,nan,nan,,INITIALIZING,0.0,0.0,24.78096783976485,0,0,0,1
2786,149.49262505299976,nan,nan,nan,nan,nan,nan,nan,,INITIALIZING,0.0,0.0,29.445967930275486,0,0,0,1
2787,149.52444072599974,nan,nan,nan,nan,nan,nan,nan,,INITIALIZING,0.0,0.0,31.431049721957514,0,0,0,1
2788,149.55435031999968,nan,nan,nan,nan,nan,nan,nan,,INITIALIZING,0.0,0.0,33.43408807226881,0,0,0,1
2789,149.58454174300005,nan,nan,nan,nan,nan,nan,nan,,INITIALIZING,0.0,0.0,33.12198964547195,0,0,0,1
2790,149.6339560409997,nan,nan,nan,nan,nan,nan,nan,,INITIALIZING,0.0,0.0,20.23705770356482,0,0,0,1
2791,149.67004127699965,nan,nan,nan,nan,nan,nan,nan,,INITIALIZING,0.0,0.0,27.712164609399707,0,0,0,1
2792,149.71139151199986,nan,nan,nan,nan,nan,nan,nan,,INITIALIZING,0.0,0.0,24.183659415598097,0,0,0,1
2793,149.74915068599967,nan,nan,nan,nan,nan,nan,nan,,INITIALIZING,0.0,0.0,26.483630177006308,0,0,0,1
2794,149.8076276089996,nan,nan,nan,nan,nan,nan,nan,,INITIALIZING,0.0,0.0,17.100762979628072,0,0,0,1
2795,149.8418090060004,nan,nan,nan,nan,nan,nan,nan,,INITIALIZING,0.0,0.0,29.255679631139405,0,0,0,1
2796,149.8742319310004,nan,nan,nan,nan,nan,nan,nan,,INITIALIZING,0.0,0.0,30.842374646959122,0,0,0,1
2797,149.90795748500022,nan,nan,nan,nan,nan,nan,nan,,INITIALIZING,0.0,0.0,29.65110669509101,0,0,0,1
2798,149.94327718499972,nan,nan,nan,nan,nan,nan,nan,,INITIALIZING,0.0,0.0,28.3128112643771,0,0,0,1
2799,149.98180403100014,nan,nan,nan,nan,nan,nan,nan,,INITIALIZING,0.0,0.0,25.955926939595038,0,0,0,1
2800,150.016504188,nan,nan,nan,nan,nan,nan,nan,,INITIALIZING,0.0,0.0,28.818313415815492,0,0,0,1
2801,150.04212234399984,nan,nan,nan,nan,nan,nan,nan,,INITIALIZING,0.0,0.0,39.03481577699709,0,0,0,1
2802,150.0779017929999,nan,nan,nan,nan,nan,nan,nan,,INITIALIZING,0.0,0.0,27.949005027940064,0,0,0,1
2803,150.11163187799957,nan,nan,nan,nan,nan,nan,nan,,INITIALIZING,0.0,0.0,29.647123628951817,0,0,0,1
2804,150.14670110499992,nan,nan,nan,nan,nan,nan,nan,,INITIALIZING,0.0,0.0,28.515028289333053,0,0,0,1
2805,150.20322975999989,nan,nan,nan,nan,nan,nan,nan,,INITIALIZING,0.0,0.0,17.69014316722395,0,0,0,1
2806,150.23440677500002,nan,nan,nan,nan,nan,nan,nan,,INITIALIZING,0.0,0.0,32.074911597390894,0,0,0,1
2807,150.27459927899963,nan,nan,nan,nan,nan,nan,nan,,INITIALIZING,0.0,0.0,24.8802612549297,0,0,0,1
2808,150.32101784099996,nan,nan,nan,nan,nan,nan,nan,,INITIALIZING,0.0,0.0,21.543105966810636,0,0,0,1
2809,150.35371863599994,nan,nan,nan,nan,nan,nan,nan,,INITIALIZING,0.0,0.0,30.58029628944912,0,0,0,1
2810,150.387945554,nan,nan,nan,nan,nan,nan,nan,,INITIALIZING,0.0,0.0,29.21677026246683,0,0,0,1
2811,150.42251596900041,nan,nan,nan,nan,nan,nan,nan,,INITIALIZING,0.0,0.0,28.926467905807513,0,0,0,1
2812,150.4584996399999,nan,nan,nan,nan,nan,nan,nan,,INITIALIZING,0.0,0.0,27.790383032745794,0,0,0,1
2813,150.4938593930001,nan,nan,nan,nan,nan,nan,nan,,INITIALIZING,0.0,0.0,28.280740535561126,0,0,0,1
2814,150.53010426699984,nan,nan,nan,nan,nan,nan,nan,,INITIALIZING,0.0,0.0,27.590108328337028,0,0,0,1
2815,150.56160993499998,nan,nan,nan,nan,nan,nan,nan,,INITIALIZING,0.0,0.0,31.740320503462318,0,0,0,1
2816,150.5935667040003,nan,nan,nan,nan,nan,nan,nan,,INITIALIZING,0.0,0.0,31.292274885176436,0,0,0,1
2817,150.63310377800008,nan,nan,nan,nan,nan,nan,nan,,INITIALIZING,0.0,0.0,25.292716400953818,0,0,0,1
2818,150.65781493800023,nan,nan,nan,nan,nan,nan,nan,,INITIALIZING,0.0,0.0,40.46754583734071,0,0,0,1
2819,150.6820680159999,nan,nan,nan,nan,nan,nan,nan,,INITIALIZING,0.0,0.0,41.231879929361384,0,0,0,1
2820,150.77717966399996,nan,nan,nan,nan,nan,nan,nan,,INITIALIZING,0.0,0.0,10.51395934175598,0,0,0,1
2821,150.80325808999987,nan,nan,nan,nan,nan,nan,nan,,INITIALIZING,0.0,0.0,38.34587256160884,0,0,0,1
2822,150.83411681800044,nan,nan,nan,nan,nan,nan,nan,,INITIALIZING,0.0,0.0,32.40574271180696,0,0,0,1
2823,150.8649702849998,nan,nan,nan,nan,nan,nan,nan,,INITIALIZING,0.0,0.0,32.41126840042728,0,0,0,1
2824,150.91350071099987,nan,nan,nan,nan,nan,nan,nan,,INITIALIZING,0.0,0.0,20.605629960852838,0,0,0,1
2825,150.94870556499973,nan,nan,nan,nan,nan,nan,nan,,INITIALIZING,0.0,0.0,28.40517390028208,0,0,0,1
2826,150.9859598339999,nan,nan,nan,nan,nan,nan,nan,,INITIALIZING,0.0,0.0,26.842561318140337,0,0,0,1
2827,151.03135519999978,nan,nan,nan,nan,nan,nan,nan,,INITIALIZING,0.0,0.0,22.028680196188986,0,0,0,1
2828,151.06187376399976,nan,nan,nan,nan,nan,nan,nan,,INITIALIZING,0.0,0.0,32.76694145900102,0,0,0,1
2829,151.0932592729996,nan,nan,nan,nan,nan,nan,nan,,INITIALIZING,0.0,0.0,31.861837894834746,0,0,0,1
2830,151.13196575799975,nan,nan,nan,nan,nan,nan,nan,,INITIALIZING,0.0,0.0,25.835464005480674,0,0,0,1
2831,151.16460519700013,nan,nan,nan,nan,nan,nan,nan,,INITIALIZING,0.0,0.0,30.63778148847622,0,0,0,1
2832,151.19205328499993,nan,nan,nan,nan,nan,nan,nan,,INITIALIZING,0.0,0.0,36.43241015575486,0,0,0,1
2833,151.21967835600026,nan,nan,nan,nan,nan,nan,nan,,INITIALIZING,0.0,0.0,36.19900198584351,0,0,0,1
2834,151.25198643400017,nan,nan,nan,nan,nan,nan,nan,,INITIALIZING,0.0,0.0,30.9520114444024,0,0,0,1
2835,151.2896753470004,nan,nan,nan,nan,nan,nan,nan,,INITIALIZING,0.0,0.0,26.533001893519153,0,0,0,1
2836,151.3363515709998,nan,nan,nan,nan,nan,nan,nan,,INITIALIZING,0.0,0.0,21.424183756020952,0,0,0,1
2837,151.3732884379997,nan,nan,nan,nan,nan,nan,nan,,INITIALIZING,0.0,0.0,27.073221992619104,0,0,0,1
2838,151.40567839300002,nan,nan,nan,nan,nan,nan,nan,,INITIALIZING,0.0,0.0,30.873769351946628,0,0,0,1
2839,151.44768046300032,nan,nan,nan,nan,nan,nan,nan,,INITIALIZING,0.0,0.0,23.80835039779397,0,0,0,1
2840,151.48112820000006,nan,nan,nan,nan,nan,nan,nan,,INITIALIZING,0.0,0.0,29.897388872914835,0,0,0,1
2841,151.5148070340001,nan,nan,nan,nan,nan,nan,nan,,INITIALIZING,0.0,0.0,29.692239345290798,0,0,0,1
2842,151.55834262400003,nan,nan,nan,nan,nan,nan,nan,,INITIALIZING,0.0,0.0,22.969712825801828,0,0,0,1
2843,151.58769106100044,nan,nan,nan,nan,nan,nan,nan,,INITIALIZING,0.0,0.0,34.073364792343035,0,0,0,1
2844,151.62713011300002,nan,nan,nan,nan,nan,nan,nan,,INITIALIZING,0.0,0.0,25.355579033965146,0,0,0,1
2845,151.65752221599996,nan,nan,nan,nan,nan,nan,nan,,INITIALIZING,0.0,0.0,32.90328411962709,0,0,0,1
2846,151.68795119599963,nan,nan,nan,nan,nan,nan,nan,,INITIALIZING,0.0,0.0,32.86340850106905,0,0,0,1
2847,151.72011994900004,nan,nan,nan,nan,nan,nan,nan,,INITIALIZING,0.0,0.0,31.08606665565783,0,0,0,1
2848,151.7519449450001,nan,nan,nan,nan,nan,nan,nan,,INITIALIZING,0.0,0.0,31.421842126793912,0,0,0,1
2849,151.7790327140001,nan,nan,nan,nan,nan,nan,nan,,INITIALIZING,0.0,0.0,36.91703070859563,0,0,0,1
2850,151.82857982699988,nan,nan,nan,nan,nan,nan,nan,,INITIALIZING,0.0,0.0,20.182810651434885,0,0,0,1
2851,151.8705968969998,nan,nan,nan,nan,nan,nan,nan,,INITIALIZING,0.0,0.0,23.7998508701747,0,0,0,1
2852,151.90619582100044,nan,nan,nan,nan,nan,nan,nan,,INITIALIZING,0.0,0.0,28.090736674582544,0,0,0,1
2853,151.9370035060001,nan,nan,nan,nan,nan,nan,nan,,INITIALIZING,0.0,0.0,32.45943341768898,0,0,0,1
2854,151.96793249500024,nan,nan,nan,nan,nan,nan,nan,,INITIALIZING,0.0,0.0,32.33212698920632,0,0,0,1
2855,151.9929856409999,nan,nan,nan,nan,nan,nan,nan,,INITIALIZING,0.0,0.0,39.91514678489576,0,0,0,1
2856,152.0297975049998,nan,nan,nan,nan,nan,nan,nan,,INITIALIZING,0.0,0.0,27.16515523372265,0,0,0,1
2857,152.05139625999982,nan,nan,nan,nan,nan,nan,nan,,INITIALIZING,0.0,0.0,46.29896491716162,0,0,0,1
2858,152.090477232,nan,nan,nan,nan,nan,nan,nan,,INITIALIZING,0.0,0.0,25.587899911882253,0,0,0,1
2859,152.12238301100024,nan,nan,nan,nan,nan,nan,nan,,INITIALIZING,0.0,0.0,31.342284417907837,0,0,0,1
2860,152.3751807059998,nan,nan,nan,nan,nan,nan,nan,,INITIALIZING,0.0,0.0,3.9557322704294977,0,0,0,1
2861,152.3965939890004,nan,nan,nan,nan,nan,nan,nan,,INITIALIZING,0.0,0.0,46.69998523686155,0,0,0,1
2862,152.4348043179998,nan,nan,nan,nan,nan,nan,nan,,INITIALIZING,0.0,0.0,26.170934042870662,0,0,0,1
2863,152.45626859200001,nan,nan,nan,nan,nan,nan,nan,,INITIALIZING,0.0,0.0,46.589043728674795,0,0,0,1
2864,152.48249821799982,nan,nan,nan,nan,nan,nan,nan,,INITIALIZING,0.0,0.0,38.124828772147914,0,0,0,1
2865,152.5143539439996,nan,nan,nan,nan,nan,nan,nan,,INITIALIZING,0.0,0.0,31.39153067825327,0,0,0,1
2866,152.550852417,nan,nan,nan,nan,nan,nan,nan,,INITIALIZING,0.0,0.0,27.398406502903416,0,0,0,1
2867,152.59502307099956,nan,nan,nan,nan,nan,nan,nan,,INITIALIZING,0.0,0.0,22.63946556031721,0,0,0,1
2868,152.63735811599963,nan,nan,nan,nan,nan,nan,nan,,INITIALIZING,0.0,0.0,23.62109217076032,0,0,0,1
2869,152.67015526700015,nan,nan,nan,nan,nan,nan,nan,,INITIALIZING,0.0,0.0,30.490453270897284,0,0,0,1
2870,152.71775317599986,nan,nan,nan,nan,nan,nan,nan,,INITIALIZING,0.0,0.0,21.009326271164337,0,0,0,1
2871,152.74655566500041,nan,nan,nan,nan,nan,nan,nan,,INITIALIZING,0.0,0.0,34.71922166104286,0,0,0,1
2872,152.7797740220003,nan,nan,nan,nan,nan,nan,nan,,INITIALIZING,0.0,0.0,30.103836863548942,0,0,0,1
2873,152.8143831870002,nan,nan,nan,nan,nan,nan,nan,,INITIALIZING,0.0,0.0,28.894080513156133,0,0,0,1
2874,152.8426689480002,nan,nan,nan,nan,nan,nan,nan,,INITIALIZING,0.0,0.0,35.35347696672441,0,0,0,1
2875,152.88081359900025,nan,nan,nan,nan,nan,nan,nan,,INITIALIZING,0.0,0.0,26.215995527105097,0,0,0,1
2876,152.91963357500026,nan,nan,nan,nan,nan,nan,nan,,INITIALIZING,0.0,0.0,25.7599334940252,0,0,0,1
2877,152.9461272689996,nan,nan,nan,nan,nan,nan,nan,,INITIALIZING,0.0,0.0,37.744830902983075,0,0,0,1
2878,152.98214526399988,nan,nan,nan,nan,nan,nan,nan,,INITIALIZING,0.0,0.0,27.763899683807075,0,0,0,1
2879,153.0198846989997,nan,nan,nan,nan,nan,nan,nan,,INITIALIZING,0.0,0.0,26.497482010653755,0,0,0,1
2880,153.05540106900025,nan,nan,nan,nan,nan,nan,nan,,INITIALIZING,0.0,0.0,28.15603058489647,0,0,0,1
2881,153.09254262800005,nan,nan,nan,nan,nan,nan,nan,,INITIALIZING,0.0,0.0,26.924017917653686,0,0,0,1
2882,153.12771690800037,nan,nan,nan,nan,nan,nan,nan,,INITIALIZING,0.0,0.0,28.429864093619518,0,0,0,1
2883,153.15829016099997,nan,nan,nan,nan,nan,nan,nan,,INITIALIZING,0.0,0.0,32.7083284206955,0,0,0,1
2884,153.19080225400012,nan,nan,nan,nan,nan,nan,nan,,INITIALIZING,0.0,0.0,30.757786033503773,0,0,0,1
2885,153.21872285100017,nan,nan,nan,nan,nan,nan,nan,,INITIALIZING,0.0,0.0,35.81585307786565,0,0,0,1
2886,153.24911589299973,nan,nan,nan,nan,nan,nan,nan,,INITIALIZING,0.0,0.0,32.90226756553337,0,0,0,1
2887,153.28321874599987,nan,nan,nan,nan,nan,nan,nan,,INITIALIZING,0.0,0.0,29.32305986234104,0,0,0,1
2888,153.31458201399982,nan,nan,nan,nan,nan,nan,nan,,INITIALIZING,0.0,0.0,31.884432451413957,0,0,0,1
2889,153.3463358629997,nan,nan,nan,nan,nan,nan,nan,,INITIALIZING,0.0,0.0,31.49224523943868,0,0,0,1
2890,153.38239151499965,nan,nan,nan,nan,nan,nan,nan,,INITIALIZING,0.0,0.0,27.734902699891126,0,0,0,1
2891,153.42444155500016,nan,nan,nan,nan,nan,nan,nan,,INITIALIZING,0.0,0.0,23.781190219748083,0,0,0,1
2892,153.47221180999986,nan,nan,nan,nan,nan,nan,nan,,INITIALIZING,0.0,0.0,20.933528615373312,0,0,0,1
2893,153.5094449850003,nan,nan,nan,nan,nan,nan,nan,,INITIALIZING,0.0,0.0,26.85776864283646,0,0,0,1
2894,153.54797141400013,nan,nan,nan,nan,nan,nan,nan,,INITIALIZING,0.0,0.0,25.956207880164616,0,0,0,1
2895,153.57822304599995,nan,nan,nan,nan,nan,nan,nan,,INITIALIZING,0.0,0.0,33.05606785134861,0,0,0,1
2896,153.60452902900033,nan,nan,nan,nan,nan,nan,nan,,INITIALIZING,0.0,0.0,38.014165826283794,0,0,0,1
2897,153.63024338499963,nan,nan,nan,nan,nan,nan,nan,,INITIALIZING,0.0,0.0,38.88878259394438,0,0,0,1
2898,153.6554282520001,nan,nan,nan,nan,nan,nan,nan,,INITIALIZING,0.0,0.0,39.70638399566125,0,0,0,1
2899,153.69047919599961,nan,nan,nan,nan,nan,nan,nan,,INITIALIZING,0.0,0.0,28.52990207663547,0,0,0,1
2900,153.7253899819998,nan,nan,nan,nan,nan,nan,nan,,INITIALIZING,0.0,0.0,28.644442436637746,0,0,0,1
2901,153.75337052800023,nan,nan,nan,nan,nan,nan,nan,,INITIALIZING,0.0,0.0,35.73911674148311,0,0,0,1
2902,153.8217986870004,nan,nan,nan,nan,nan,nan,nan,,INITIALIZING,0.0,0.0,14.613866785418082,0,0,0,1
2903,153.86286027000006,nan,nan,nan,nan,nan,nan,nan,,INITIALIZING,0.0,0.0,24.35366410517158,0,0,0,1
2904,153.89469427699987,nan,nan,nan,nan,nan,nan,nan,,INITIALIZING,0.0,0.0,31.412947795286584,0,0,0,1
2905,153.92414104900035,nan,nan,nan,nan,nan,nan,nan,,INITIALIZING,0.0,0.0,33.95957967764995,0,0,0,1
2906,153.9609060900002,nan,nan,nan,nan,nan,nan,nan,,INITIALIZING,0.0,0.0,27.19975206892853,0,0,0,1
2907,153.9897444649996,nan,nan,nan,nan,nan,nan,nan,,INITIALIZING,0.0,0.0,34.676017633481884,0,0,0,1
2908,154.03792467699986,nan,nan,nan,nan,nan,nan,nan,,INITIALIZING,0.0,0.0,20.75540888019708,0,0,0,1
2909,154.07758821100015,nan,nan,nan,nan,nan,nan,nan,,INITIALIZING,0.0,0.0,25.21207515177196,0,0,0,1
2910,165.99093128300046,nan,nan,nan,nan,nan,nan,nan,,INITIALIZING,0.0,0.0,0.08393949489713591,0,0,0,1
2911,168.0763650939998,nan,nan,nan,nan,nan,nan,nan,,INITIALIZING,0.0,0.0,0.4795165373869124,0,0,0,1
2912,168.09712284200032,nan,nan,nan,nan,nan,nan,nan,,INITIALIZING,0.0,0.0,48.17478273537377,0,0,0,1
2913,168.12051637199966,nan,nan,nan,nan,nan,nan,nan,,INITIALIZING,0.0,0.0,42.74686206093104,0,0,0,1
2914,168.1467367790001,nan,nan,nan,nan,nan,nan,nan,,INITIALIZING,0.0,0.0,38.13823332274452,0,0,0,1
2915,168.1825255499998,nan,nan,nan,nan,nan,nan,nan,,INITIALIZING,0.0,0.0,27.94172507370934,0,0,0,1
2916,168.2146107589997,nan,nan,nan,nan,nan,nan,nan,,INITIALIZING,0.0,0.0,31.167009072731652,0,0,0,1
2917,168.24666523900032,nan,nan,nan,nan,nan,nan,nan,,INITIALIZING,0.0,0.0,31.19688729876492,0,0,0,1
2918,168.28256390800016,nan,nan,nan,nan,nan,nan,nan,,INITIALIZING,0.0,0.0,27.856185977385586,0,0,0,1
2919,168.31469135800035,nan,nan,nan,nan,nan,nan,nan,,INITIALIZING,0.0,0.0,31.126030855051155,0,0,0,1
2920,177.1029413639999,nan,nan,nan,nan,nan,nan,nan,,INITIALIZING,0.0,0.0,0.11378829679598579,0,0,0,1
2921,177.12390510600017,nan,nan,nan,nan,nan,nan,nan,,INITIALIZING,0.0,0.0,47.701407505721804,0,0,0,1
2922,177.14759822399992,nan,nan,nan,nan,nan,nan,nan,,INITIALIZING,0.0,0.0,42.20634869628894,0,0,0,1
2923,177.1776356849996,nan,nan,nan,nan,nan,nan,nan,,INITIALIZING,0.0,0.0,33.29176191060709,0,0,0,1
2924,177.20449855199968,nan,nan,nan,nan,nan,nan,nan,,INITIALIZING,0.0,0.0,37.22610844168722,0,0,0,1
2925,177.23447455400037,nan,nan,nan,nan,nan,nan,nan,,INITIALIZING,0.0,0.0,33.360019123859104,0,0,0,1
2926,177.27297582499978,nan,nan,nan,nan,nan,nan,nan,,INITIALIZING,0.0,0.0,25.973168522552683,0,0,0,1
2927,177.30537598800038,nan,nan,nan,nan,nan,nan,nan,,INITIALIZING,0.0,0.0,30.864042257485234,0,0,0,1
2928,177.35095198100043,nan,nan,nan,nan,nan,nan,nan,,INITIALIZING,0.0,0.0,21.941376022213152,0,0,0,1
2929,177.38318708899988,nan,nan,nan,nan,nan,nan,nan,,INITIALIZING,0.0,0.0,31.022076923624898,0,0,0,1
2930,178.05260066400024,nan,nan,nan,nan,nan,nan,nan,,INITIALIZING,0.0,0.0,1.4938448178309778,0,0,0,1
2931,178.07828918500036,nan,nan,nan,nan,nan,nan,nan,,INITIALIZING,0.0,0.0,38.92789312375458,0,0,0,1
2932,178.10596628799976,nan,nan,nan,nan,nan,nan,nan,,INITIALIZING,0.0,0.0,36.1309491105876,0,0,0,1
2933,178.13939308499994,nan,nan,nan,nan,nan,nan,nan,,INITIALIZING,0.0,0.0,29.916117897708645,0,0,0,1
2934,178.17159069199988,nan,nan,nan,nan,nan,nan,nan,,INITIALIZING,0.0,0.0,31.058208766935675,0,0,0,1
2935,178.2061004799998,nan,nan,nan,nan,nan,nan,nan,,INITIALIZING,0.0,0.0,28.977286096403475,0,0,0,1
2936,178.24162164100017,nan,nan,nan,nan,nan,nan,nan,,INITIALIZING,0.0,0.0,28.152232974306344,0,0,0,1
2937,178.27530484999988,nan,nan,nan,nan,nan,nan,nan,,INITIALIZING,0.0,0.0,29.68838271936469,0,0,0,1
2938,178.30621987999984,nan,nan,nan,nan,nan,nan,nan,,INITIALIZING,0.0,0.0,32.34672584827803,0,0,0,1
2939,178.34029715900033,nan,nan,nan,nan,nan,nan,nan,,INITIALIZING,0.0,0.0,29.345065959807766,0,0,0,1
2940,178.3897996349997,nan,nan,nan,nan,nan,nan,nan,,INITIALIZING,0.0,0.0,20.201009743692506,0,0,0,1
2941,178.42316471199956,nan,nan,nan,nan,nan,nan,nan,,INITIALIZING,0.0,0.0,29.971457881061067,0,0,0,1
2942,178.45509825200043,nan,nan,nan,nan,nan,nan,nan,,INITIALIZING,0.0,0.0,31.31503741749093,0,0,0,1
2943,178.48609286699957,nan,nan,nan,nan,nan,nan,nan,,INITIALIZING,0.0,0.0,32.263669028558525,0,0,0,1
2944,178.5151075470003,nan,nan,nan,nan,nan,nan,nan,,INITIALIZING,0.0,0.0,34.46531204117762,0,0,0,1
2945,178.5427608990003,nan,nan,nan,nan,nan,nan,nan,,INITIALIZING,0.0,0.0,36.161981375691134,0,0,0,1
2946,178.57119796400002,nan,nan,nan,nan,nan,nan,nan,,INITIALIZING,0.0,0.0,35.16537307947553,0,0,0,1
2947,178.6107127969999,nan,nan,nan,nan,nan,nan,nan,,INITIALIZING,0.0,0.0,25.306952455117766,0,0,0,1
2948,178.6583495069999,nan,nan,nan,nan,nan,nan,nan,,INITIALIZING,0.0,0.0,20.992213777984905,0,0,0,1
2949,178.68740241700016,nan,nan,nan,nan,nan,nan,nan,,INITIALIZING,0.0,0.0,34.41995999683116,0,0,0,1
2950,178.72107125100047,nan,nan,nan,nan,nan,nan,nan,,INITIALIZING,0.0,0.0,29.701058254372985,0,0,0,1
2951,178.75361350000003,nan,nan,nan,nan,nan,nan,nan,,INITIALIZING,0.0,0.0,30.729283646421255,0,0,0,1
2952,178.7882300600004,nan,nan,nan,nan,nan,nan,nan,,INITIALIZING,0.0,0.0,28.88790798362509,0,0,0,1
2953,178.84404432599968,nan,nan,nan,nan,nan,nan,nan,,INITIALIZING,0.0,0.0,17.916566349054083,0,0,0,1
2954,178.87561468100012,nan,nan,nan,nan,nan,nan,nan,,INITIALIZING,0.0,0.0,31.675285247380394,0,0,0,1
2955,178.90848829100014,nan,nan,nan,nan,nan,nan,nan,,INITIALIZING,0.0,0.0,30.419537130216725,0,0,0,1
2956,178.94313026800046,nan,nan,nan,nan,nan,nan,nan,,INITIALIZING,0.0,0.0,28.866712774238557,0,0,0,1
2957,178.98454383599983,nan,nan,nan,nan,nan,nan,nan,,INITIALIZING,0.0,0.0,24.146675795121023,0,0,0,1
2958,179.02056063199961,nan,nan,nan,nan,nan,nan,nan,,INITIALIZING,0.0,0.0,27.764823945082806,0,0,0,1
2959,179.04846648900002,nan,nan,nan,nan,nan,nan,nan,,INITIALIZING,0.0,0.0,35.834771173143814,0,0,0,1
2960,179.0796296489998,nan,nan,nan,nan,nan,nan,nan,,INITIALIZING,0.0,0.0,32.08917195839957,0,0,0,1
2961,179.11589223099963,nan,nan,nan,nan,nan,nan,nan,,INITIALIZING,0.0,0.0,27.57663533182859,0,0,0,1
2962,179.15218559500045,nan,nan,nan,nan,nan,nan,nan,,INITIALIZING,0.0,0.0,27.553246372466845,0,0,0,1
2963,179.19815112600008,nan,nan,nan,nan,nan,nan,nan,,INITIALIZING,0.0,0.0,21.75543234794522,0,0,0,1
2964,179.2352084639997,nan,nan,nan,nan,nan,nan,nan,,INITIALIZING,0.0,0.0,26.98520870577485,0,0,0,1
2965,179.26581603900013,nan,nan,nan,nan,nan,nan,nan,,INITIALIZING,0.0,0.0,32.6716507265249,0,0,0,1
2966,179.3190238999996,nan,nan,nan,nan,nan,nan,nan,,INITIALIZING,0.0,0.0,18.7942153887763,0,0,0,1
2967,179.35105895200013,nan,nan,nan,nan,nan,nan,nan,,INITIALIZING,0.0,0.0,31.2158069848994,0,0,0,1
2968,179.46938516499995,nan,nan,nan,nan,nan,nan,nan,,INITIALIZING,0.0,0.0,8.45121275031032,0,0,0,1
2969,179.49917465199997,nan,nan,nan,nan,nan,nan,nan,,INITIALIZING,0.0,0.0,33.56888958844609,0,0,0,1
2970,179.52710748899972,nan,nan,nan,nan,nan,nan,nan,,INITIALIZING,0.0,0.0,35.80015878834097,0,0,0,1
2971,179.5582189810002,nan,nan,nan,nan,nan,nan,nan,,INITIALIZING,0.0,0.0,32.14246362675934,0,0,0,1
2972,179.59196182600044,nan,nan,nan,nan,nan,nan,nan,,INITIALIZING,0.0,0.0,29.63591244286248,0,0,0,1
2973,179.62083962900033,nan,nan,nan,nan,nan,nan,nan,,INITIALIZING,0.0,0.0,34.62867310244917,0,0,0,1
2974,179.65162705199964,nan,nan,nan,nan,nan,nan,nan,,INITIALIZING,0.0,0.0,32.480795811406495,0,0,0,1
2975,179.6804685520001,nan,nan,nan,nan,nan,nan,nan,,INITIALIZING,0.0,0.0,34.672260457475524,0,0,0,1
2976,179.7097780820004,nan,nan,nan,nan,nan,nan,nan,,INITIALIZING,0.0,0.0,34.1185955554089,0,0,0,1
2977,179.74489360999996,nan,nan,nan,nan,nan,nan,nan,,INITIALIZING,0.0,0.0,28.477430269958834,0,0,0,1
2978,179.78306149000036,nan,nan,nan,nan,nan,nan,nan,,INITIALIZING,0.0,0.0,26.200040452587157,0,0,0,1
2979,179.81251654300013,nan,nan,nan,nan,nan,nan,nan,,INITIALIZING,0.0,0.0,33.95003227486901,0,0,0,1
2980,179.89904578299956,nan,nan,nan,nan,nan,nan,nan,,INITIALIZING,0.0,0.0,11.556787046858593,0,0,0,1
2981,179.92832494699996,nan,nan,nan,nan,nan,nan,nan,,INITIALIZING,0.0,0.0,34.15398062548325,0,0,0,1
2982,179.96488513900022,nan,nan,nan,nan,nan,nan,nan,,INITIALIZING,0.0,0.0,27.352153949112505,0,0,0,1
2983,179.9850277200003,nan,nan,nan,nan,nan,nan,nan,,INITIALIZING,0.0,0.0,49.64607067964054,0,0,0,1
2984,180.01370556999973,nan,nan,nan,nan,nan,nan,nan,,INITIALIZING,0.0,0.0,34.870117530412315,0,0,0,1
2985,180.04242800500015,nan,nan,nan,nan,nan,nan,nan,,INITIALIZING,0.0,0.0,34.81598966053698,0,0,0,1
2986,180.07432472100027,nan,nan,nan,nan,nan,nan,nan,,INITIALIZING,0.0,0.0,31.351189884132854,0,0,0,1
2987,180.1104591760004,nan,nan,nan,nan,nan,nan,nan,,INITIALIZING,0.0,0.0,27.674417671338613,0,0,0,1
2988,180.1428937139999,nan,nan,nan,nan,nan,nan,nan,,INITIALIZING,0.0,0.0,30.83133171236208,0,0,0,1
2989,180.17615379000017,nan,nan,nan,nan,nan,nan,nan,,INITIALIZING,0.0,0.0,30.066076818109643,0,0,0,1
2990,180.2107732149998,nan,nan,nan,nan,nan,nan,nan,,INITIALIZING,0.0,0.0,28.88551730743684,0,0,0,1
2991,180.24978845500027,nan,nan,nan,nan,nan,nan,nan,,INITIALIZING,0.0,0.0,25.63100983071424,0,0,0,1
2992,180.285593007,nan,nan,nan,nan,nan,nan,nan,,INITIALIZING,0.0,0.0,27.929409646233964,0,0,0,1
2993,180.352119356,nan,nan,nan,nan,nan,nan,nan,,INITIALIZING,0.0,0.0,15.031638065690107,0,0,0,1
2994,180.41262626499974,nan,nan,nan,nan,nan,nan,nan,,INITIALIZING,0.0,0.0,16.527038259453537,0,0,0,1
2995,180.45089638599984,nan,nan,nan,nan,nan,nan,nan,,INITIALIZING,0.0,0.0,26.13004542100853,0,0,0,1
2996,180.47344781599986,nan,nan,nan,nan,nan,nan,nan,,INITIALIZING,0.0,0.0,44.343086003816744,0,0,0,1
2997,180.50398455699997,nan,nan,nan,nan,nan,nan,nan,,INITIALIZING,0.0,0.0,32.747436931680056,0,0,0,1
2998,180.5265196319997,nan,nan,nan,nan,nan,nan,nan,,INITIALIZING,0.0,0.0,44.375268332245575,0,0,0,1
2999,180.56714464299966,nan,nan,nan,nan,nan,nan,nan,,INITIALIZING,0.0,0.0,24.61537795031304,0,0,0,1
3000,180.5956788450003,nan,nan,nan,nan,nan,nan,nan,,INITIALIZING,0.0,0.0,35.04566204367592,0,0,0,1
3001,180.62235676100045,nan,nan,nan,nan,nan,nan,nan,,INITIALIZING,0.0,0.0,37.48418729537389,0,0,0,1
3002,180.6639425200001,nan,nan,nan,nan,nan,nan,nan,,INITIALIZING,0.0,0.0,24.046693484866758,0,0,0,1
3003,180.70452002900038,nan,nan,nan,nan,nan,nan,nan,,INITIALIZING,0.0,0.0,24.64419390537123,0,0,0,1
3004,180.72857497800032,nan,nan,nan,nan,nan,nan,nan,,INITIALIZING,0.0,0.0,41.571487015092735,0,0,0,1
3005,180.75771044199973,nan,nan,nan,nan,nan,nan,nan,,INITIALIZING,0.0,0.0,34.32243262095502,0,0,0,1
3006,180.79919895900002,nan,nan,nan,nan,nan,nan,nan,,INITIALIZING,0.0,0.0,24.103054828231976,0,0,0,1
3007,180.83529018300032,nan,nan,nan,nan,nan,nan,nan,,INITIALIZING,0.0,0.0,27.70756680326607,0,0,0,1
3008,180.86475153900028,nan,nan,nan,nan,nan,nan,nan,,INITIALIZING,0.0,0.0,33.942768961533496,0,0,0,1
3009,180.9143384959998,nan,nan,nan,nan,nan,nan,nan,,INITIALIZING,0.0,0.0,20.166593404989417,0,0,0,1
3010,186.02366549999988,nan,nan,nan,nan,nan,nan,nan,,INITIALIZING,0.0,0.0,0.1957204929762966,0,0,0,1
3011,186.04486461099987,nan,nan,nan,nan,nan,nan,nan,,INITIALIZING,0.0,0.0,47.17178942082077,0,0,0,1
3012,186.0679551659996,nan,nan,nan,nan,nan,nan,nan,,INITIALIZING,0.0,0.0,43.307750723699186,0,0,0,1
3013,186.09908295999958,nan,nan,nan,nan,nan,nan,nan,,INITIALIZING,0.0,0.0,32.12563023259752,0,0,0,1
3014,186.12311613699967,nan,nan,nan,nan,nan,nan,nan,,INITIALIZING,0.0,0.0,41.609147221616496,0,0,0,1
3015,186.17071487700014,nan,nan,nan,nan,nan,nan,nan,,INITIALIZING,0.0,0.0,21.008959480654113,0,0,0,1
3016,186.21050893400025,nan,nan,nan,nan,nan,nan,nan,,INITIALIZING,0.0,0.0,25.129380500140474,0,0,0,1
3017,186.2358782829997,nan,nan,nan,nan,nan,nan,nan,,INITIALIZING,0.0,0.0,39.41764528611975,0,0,0,1
3018,186.2739815770001,nan,nan,nan,nan,nan,nan,nan,,INITIALIZING,0.0,0.0,26.2444501514666,0,0,0,1
3019,186.3044355559996,nan,nan,nan,nan,nan,nan,nan,,INITIALIZING,0.0,0.0,32.83643165368669,0,0,0,1
3020,186.35025801200027,nan,nan,nan,nan,nan,nan,nan,,INITIALIZING,0.0,0.0,21.823361017253113,0,0,0,1
3021,186.38791801699972,nan,nan,nan,nan,nan,nan,nan,,INITIALIZING,0.0,0.0,26.553368753258148,0,0,0,1
3022,186.45322324799963,nan,nan,nan,nan,nan,nan,nan,,INITIALIZING,0.0,0.0,15.312709023284224,0,0,0,1
3023,186.48079737999979,nan,nan,nan,nan,nan,nan,nan,,INITIALIZING,0.0,0.0,36.26587411688616,0,0,0,1
3024,186.50896313700014,nan,nan,nan,nan,nan,nan,nan,,INITIALIZING,0.0,0.0,35.50410521497832,0,0,0,1
3025,186.5479967629999,nan,nan,nan,nan,nan,nan,nan,,INITIALIZING,0.0,0.0,25.618936862438776,0,0,0,1
3026,186.57577537700035,nan,nan,nan,nan,nan,nan,nan,,INITIALIZING,0.0,0.0,35.99891628803612,0,0,0,1
3027,186.60554418599986,nan,nan,nan,nan,nan,nan,nan,,INITIALIZING,0.0,0.0,33.59220719970976,0,0,0,1
3028,186.63508064800044,nan,nan,nan,nan,nan,nan,nan,,INITIALIZING,0.0,0.0,33.85645850137417,0,0,0,1
3029,186.669482151,nan,nan,nan,nan,nan,nan,nan,,INITIALIZING,0.0,0.0,29.06849738549071,0,0,0,1
3030,186.7531002400001,nan,nan,nan,nan,nan,nan,nan,,INITIALIZING,0.0,0.0,11.959134823076429,0,0,0,1
3031,186.7844070479996,nan,nan,nan,nan,nan,nan,nan,,INITIALIZING,0.0,0.0,31.941934163840607,0,0,0,1
3032,186.956228731,nan,nan,nan,nan,nan,nan,nan,,INITIALIZING,0.0,0.0,5.819987224764729,0,0,0,1
3033,186.98415307699997,nan,nan,nan,nan,nan,nan,nan,,INITIALIZING,0.0,0.0,35.811044598907,0,0,0,1
3034,187.0209883260004,nan,nan,nan,nan,nan,nan,nan,,INITIALIZING,0.0,0.0,27.14790932968185,0,0,0,1
3035,187.04916283399962,nan,nan,nan,nan,nan,nan,nan,,INITIALIZING,0.0,0.0,35.49307764408939,0,0,0,1
3036,187.07785828899978,nan,nan,nan,nan,nan,nan,nan,,INITIALIZING,0.0,0.0,34.84872430126613,0,0,0,1
3037,187.10646842999995,nan,nan,nan,nan,nan,nan,nan,,INITIALIZING,0.0,0.0,34.952641442556605,0,0,0,1
3038,187.13720850800019,nan,nan,nan,nan,nan,nan,nan,,INITIALIZING,0.0,0.0,32.53082181484195,0,0,0,1
3039,187.16525223200006,nan,nan,nan,nan,nan,nan,nan,,INITIALIZING,0.0,0.0,35.65860225997692,0,0,0,1
3040,187.19371377599964,nan,nan,nan,nan,nan,nan,nan,,INITIALIZING,0.0,0.0,35.135128298543584,0,0,0,1
3041,187.22732625400022,nan,nan,nan,nan,nan,nan,nan,,INITIALIZING,0.0,0.0,29.750856214255244,0,0,0,1
3042,187.25944063000043,nan,nan,nan,nan,nan,nan,nan,,INITIALIZING,0.0,0.0,31.138702492413387,0,0,0,1
3043,187.31101048999972,nan,nan,nan,nan,nan,nan,nan,,INITIALIZING,0.0,0.0,19.391171510137198,0,0,0,1
3044,187.3378731490002,nan,nan,nan,nan,nan,nan,nan,,INITIALIZING,0.0,0.0,37.22639668628668,0,0,0,1
3045,187.3659599980001,nan,nan,nan,nan,nan,nan,nan,,INITIALIZING,0.0,0.0,35.60385146809715,0,0,0,1
3046,187.3920233709996,nan,nan,nan,nan,nan,nan,nan,,INITIALIZING,0.0,0.0,38.36801936647447,0,0,0,1
3047,187.42761364800026,nan,nan,nan,nan,nan,nan,nan,,INITIALIZING,0.0,0.0,28.09756158911921,0,0,0,1
3048,187.46165290499994,nan,nan,nan,nan,nan,nan,nan,,INITIALIZING,0.0,0.0,29.37784452843672,0,0,0,1
3049,187.49832799500018,nan,nan,nan,nan,nan,nan,nan,,INITIALIZING,0.0,0.0,27.26646342226663,0,0,0,1
3050,187.53031356700012,nan,nan,nan,nan,nan,nan,nan,,INITIALIZING,0.0,0.0,31.264096199432963,0,0,0,1
3051,187.56311009100045,nan,nan,nan,nan,nan,nan,nan,,INITIALIZING,0.0,0.0,30.49103618389157,0,0,0,1
3052,187.5921168550003,nan,nan,nan,nan,nan,nan,nan,,INITIALIZING,0.0,0.0,34.474717690151074,0,0,0,1
3053,187.6274831689998,nan,nan,nan,nan,nan,nan,nan,,INITIALIZING,0.0,0.0,28.27549401995475,0,0,0,1
3054,187.67963564399997,nan,nan,nan,nan,nan,nan,nan,,INITIALIZING,0.0,0.0,19.17454540741283,0,0,0,1
3055,187.71052994399997,nan,nan,nan,nan,nan,nan,nan,,INITIALIZING,0.0,0.0,32.36843042244046,0,0,0,1
3056,187.7346524450004,nan,nan,nan,nan,nan,nan,nan,,INITIALIZING,0.0,0.0,41.45507134532146,0,0,0,1
3057,187.761852611,nan,nan,nan,nan,nan,nan,nan,,INITIALIZING,0.0,0.0,36.7644815114226,0,0,0,1
3058,187.79935271700015,nan,nan,nan,nan,nan,nan,nan,,INITIALIZING,0.0,0.0,26.666591288993654,0,0,0,1
3059,187.8370926710004,nan,nan,nan,nan,nan,nan,nan,,INITIALIZING,0.0,0.0,26.49711761687696,0,0,0,1
3060,187.87343067100028,nan,nan,nan,nan,nan,nan,nan,,INITIALIZING,0.0,0.0,27.519401177915977,0,0,0,1
3061,187.90886318499997,nan,nan,nan,nan,nan,nan,nan,,INITIALIZING,0.0,0.0,28.222665769880802,0,0,0,1
3062,187.9358931910001,nan,nan,nan,nan,nan,nan,nan,,INITIALIZING,0.0,0.0,36.99592223527892,0,0,0,1
3063,187.96824553999977,nan,nan,nan,nan,nan,nan,nan,,INITIALIZING,0.0,0.0,30.909656668525802,0,0,0,1
3064,188.0000124620001,nan,nan,nan,nan,nan,nan,nan,,INITIALIZING,0.0,0.0,31.479285276366145,0,0,0,1
3065,188.02792389099977,nan,nan,nan,nan,nan,nan,nan,,INITIALIZING,0.0,0.0,35.827617425507576,0,0,0,1
3066,188.05878975300038,nan,nan,nan,nan,nan,nan,nan,,INITIALIZING,0.0,0.0,32.398252800464135,0,0,0,1
3067,188.09421580799972,nan,nan,nan,nan,nan,nan,nan,,INITIALIZING,0.0,0.0,28.227811423507227,0,0,0,1
3068,188.12698826999986,nan,nan,nan,nan,nan,nan,nan,,INITIALIZING,0.0,0.0,30.513423129325982,0,0,0,1
3069,188.15975208500004,nan,nan,nan,nan,nan,nan,nan,,INITIALIZING,0.0,0.0,30.521476207654576,0,0,0,1
3070,188.20231354000043,nan,nan,nan,nan,nan,nan,nan,,INITIALIZING,0.0,0.0,23.49543736206161,0,0,0,1
3071,188.23131332400044,nan,nan,nan,nan,nan,nan,nan,,INITIALIZING,0.0,0.0,34.483015459693135,0,0,0,1
3072,188.26647713399962,nan,nan,nan,nan,nan,nan,nan,,INITIALIZING,0.0,0.0,28.438329066828448,0,0,0,1
3073,188.29938678599956,nan,nan,nan,nan,nan,nan,nan,,INITIALIZING,0.0,0.0,30.38622225484806,0,0,0,1
3074,188.34480454700042,nan,nan,nan,nan,nan,nan,nan,,INITIALIZING,0.0,0.0,22.017818095018,0,0,0,1
3075,188.38011830800042,nan,nan,nan,nan,nan,nan,nan,,INITIALIZING,0.0,0.0,28.317572857789564,0,0,0,1
3076,188.40848250599993,nan,nan,nan,nan,nan,nan,nan,,INITIALIZING,0.0,0.0,35.25571214872141,0,0,0,1
3077,188.44157700600044,nan,nan,nan,nan,nan,nan,nan,,INITIALIZING,0.0,0.0,30.21650123085145,0,0,0,1
3078,188.4731344439997,nan,nan,nan,nan,nan,nan,nan,,INITIALIZING,0.0,0.0,31.68825048546838,0,0,0,1
3079,188.49985407900022,nan,nan,nan,nan,nan,nan,nan,,INITIALIZING,0.0,0.0,37.42566094112505,0,0,0,1
3080,188.53056571900015,nan,nan,nan,nan,nan,nan,nan,,INITIALIZING,0.0,0.0,32.56094431955077,0,0,0,1
3081,188.56929788100024,nan,nan,nan,nan,nan,nan,nan,,INITIALIZING,0.0,0.0,25.81833670936674,0,0,0,1
3082,188.60629495600006,nan,nan,nan,nan,nan,nan,nan,,INITIALIZING,0.0,0.0,27.02916379213587,0,0,0,1
3083,188.63914366900008,nan,nan,nan,nan,nan,nan,nan,,INITIALIZING,0.0,0.0,30.44259298680449,0,0,0,1
3084,188.67672799499996,nan,nan,nan,nan,nan,nan,nan,,INITIALIZING,0.0,0.0,26.606836051895588,0,0,0,1
3085,188.71343246099968,nan,nan,nan,nan,nan,nan,nan,,INITIALIZING,0.0,0.0,27.244641020186833,0,0,0,1
3086,188.74890554800004,nan,nan,nan,nan,nan,nan,nan,,INITIALIZING,0.0,0.0,28.19038557287084,0,0,0,1
3087,188.78325725899958,nan,nan,nan,nan,nan,nan,nan,,INITIALIZING,0.0,0.0,29.110631491201623,0,0,0,1
3088,188.82663805300035,nan,nan,nan,nan,nan,nan,nan,,INITIALIZING,0.0,0.0,23.05167581723588,0,0,0,1
3089,188.85325888399984,nan,nan,nan,nan,nan,nan,nan,,INITIALIZING,0.0,0.0,37.56456738781466,0,0,0,1
3090,188.88012378300027,nan,nan,nan,nan,nan,nan,nan,,INITIALIZING,0.0,0.0,37.22329274284691,0,0,0,1
3091,188.91053395899962,nan,nan,nan,nan,nan,nan,nan,,INITIALIZING,0.0,0.0,32.88372944705658,0,0,0,1
3092,188.94219775300007,nan,nan,nan,nan,nan,nan,nan,,INITIALIZING,0.0,0.0,31.581812337010263,0,0,0,1
3093,188.9751010509999,nan,nan,nan,nan,nan,nan,nan,,INITIALIZING,0.0,0.0,30.392090179073918,0,0,0,1
3094,189.0107370579999,nan,nan,nan,nan,nan,nan,nan,,INITIALIZING,0.0,0.0,28.061505319610497,0,0,0,1
3095,189.04769470500014,nan,nan,nan,nan,nan,nan,nan,,INITIALIZING,0.0,0.0,27.057999660898904,0,0,0,1
3096,189.09529084099995,nan,nan,nan,nan,nan,nan,nan,,INITIALIZING,0.0,0.0,21.010108887914182,0,0,0,1
3097,189.1188832280004,nan,nan,nan,nan,nan,nan,nan,,INITIALIZING,0.0,0.0,42.386554611044275,0,0,0,1
3098,189.14589922300001,nan,nan,nan,nan,nan,nan,nan,,INITIALIZING,0.0,0.0,37.01510901281832,0,0,0,1
3099,189.1892823600001,nan,nan,nan,nan,nan,nan,nan,,INITIALIZING,0.0,0.0,23.050430862062537,0,0,0,1
3100,189.22660293199988,nan,nan,nan,nan,nan,nan,nan,,INITIALIZING,0.0,0.0,26.79487334776452,0,0,0,1
3101,189.2538296599996,nan,nan,nan,nan,nan,nan,nan,,INITIALIZING,0.0,0.0,36.728614617585855,0,0,0,1
3102,189.29839625800014,nan,nan,nan,nan,nan,nan,nan,,INITIALIZING,0.0,0.0,22.438329261482682,0,0,0,1
3103,189.33744139400005,nan,nan,nan,nan,nan,nan,nan,,INITIALIZING,0.0,0.0,25.6113847318196,0,0,0,1
3104,189.37582511100027,nan,nan,nan,nan,nan,nan,nan,,INITIALIZING,0.0,0.0,26.052713967081196,0,0,0,1
3105,189.73434142099995,nan,nan,nan,nan,nan,nan,nan,,INITIALIZING,0.0,0.0,2.7892733806193513,0,0,0,1
3106,189.7770469930001,nan,nan,nan,nan,nan,nan,nan,,INITIALIZING,0.0,0.0,23.416148131589868,0,0,0,1
3107,189.80382938999992,nan,nan,nan,nan,nan,nan,nan,,INITIALIZING,0.0,0.0,37.33795746539173,0,0,0,1
3108,189.83191301100032,nan,nan,nan,nan,nan,nan,nan,,INITIALIZING,0.0,0.0,35.607943861141145,0,0,0,1
3109,189.86381852799968,nan,nan,nan,nan,nan,nan,nan,,INITIALIZING,0.0,0.0,31.342541793636883,0,0,0,1
3110,189.92306593299963,nan,nan,nan,nan,nan,nan,nan,,INITIALIZING,0.0,0.0,16.8783763609702,0,0,0,1
3111,189.94834246699975,nan,nan,nan,nan,nan,nan,nan,,INITIALIZING,0.0,0.0,39.562386203564024,0,0,0,1
3112,190.0100075749997,nan,nan,nan,nan,nan,nan,nan,,INITIALIZING,0.0,0.0,16.216626102413166,0,0,0,1
3113,190.0530048720002,nan,nan,nan,nan,nan,nan,nan,,INITIALIZING,0.0,0.0,23.257275916393418,0,0,0,1
3114,190.0852810739998,nan,nan,nan,nan,nan,nan,nan,,INITIALIZING,0.0,0.0,30.982579673178257,0,0,0,1
3115,190.11983659100042,nan,nan,nan,nan,nan,nan,nan,,INITIALIZING,0.0,0.0,28.938939040671045,0,0,0,1
3116,190.1486474129997,nan,nan,nan,nan,nan,nan,nan,,INITIALIZING,0.0,0.0,34.709179766712936,0,0,0,1
3117,190.19811447099983,nan,nan,nan,nan,nan,nan,nan,,INITIALIZING,0.0,0.0,20.21547349748607,0,0,0,1
3118,190.22053782399962,nan,nan,nan,nan,nan,nan,nan,,INITIALIZING,0.0,0.0,44.596363443467204,0,0,0,1
3119,190.2448039740002,nan,nan,nan,nan,nan,nan,nan,,INITIALIZING,0.0,0.0,41.209668611456074,0,0,0,1
3120,190.2791838109997,nan,nan,nan,nan,nan,nan,nan,,INITIALIZING,0.0,0.0,29.08681620609136,0,0,0,1
3121,190.38534697399973,nan,nan,nan,nan,nan,nan,nan,,INITIALIZING,0.0,0.0,9.41946313336405,0,0,0,1
3122,190.42110183800014,nan,nan,nan,nan,nan,nan,nan,,INITIALIZING,0.0,0.0,27.968222728760505,0,0,0,1
3123,190.49454738399982,nan,nan,nan,nan,nan,nan,nan,,INITIALIZING,0.0,0.0,13.615529524478202,0,0,0,1
3124,190.5230574699999,nan,nan,nan,nan,nan,nan,nan,,INITIALIZING,0.0,0.0,35.07530633182273,0,0,0,1
3125,190.55266695400041,nan,nan,nan,nan,nan,nan,nan,,INITIALIZING,0.0,0.0,33.772962743390835,0,0,0,1
3126,190.5860390099997,nan,nan,nan,nan,nan,nan,nan,,INITIALIZING,0.0,0.0,29.965190038683257,0,0,0,1
3127,190.6179370279997,nan,nan,nan,nan,nan,nan,nan,,INITIALIZING,0.0,0.0,31.349910204459484,0,0,0,1
3128,190.6533117279996,nan,nan,nan,nan,nan,nan,nan,,INITIALIZING,0.0,0.0,28.268790972142632,0,0,0,1
3129,190.68907242499972,nan,nan,nan,nan,nan,nan,nan,,INITIALIZING,0.0,0.0,27.96366077531441,0,0,0,1
3130,190.72451670900045,nan,nan,nan,nan,nan,nan,nan,,INITIALIZING,0.0,0.0,28.213293855204963,0,0,0,1
3131,190.7511853019996,nan,nan,nan,nan,nan,nan,nan,,INITIALIZING,0.0,0.0,37.49729129060418,0,0,0,1
3132,190.7830684749997,nan,nan,nan,nan,nan,nan,nan,,INITIALIZING,0.0,0.0,31.364506913943945,0,0,0,1
3133,190.8684645149997,nan,nan,nan,nan,nan,nan,nan,,INITIALIZING,0.0,0.0,11.710144873231357,0,0,0,1
3134,190.89457288799986,nan,nan,nan,nan,nan,nan,nan,,INITIALIZING,0.0,0.0,38.30188882292607,0,0,0,1
3135,190.9161796110002,nan,nan,nan,nan,nan,nan,nan,,INITIALIZING,0.0,0.0,46.28189105699378,0,0,0,1
3136,190.93627448200004,nan,nan,nan,nan,nan,nan,nan,,INITIALIZING,0.0,0.0,49.76394225208932,0,0,0,1
3137,190.9668647139997,nan,nan,nan,nan,nan,nan,nan,,INITIALIZING,0.0,0.0,32.690173778703816,0,0,0,1
3138,190.99956941399978,nan,nan,nan,nan,nan,nan,nan,,INITIALIZING,0.0,0.0,30.5766449469934,0,0,0,1
3139,191.0357805880003,nan,nan,nan,nan,nan,nan,nan,,INITIALIZING,0.0,0.0,27.61578511609239,0,0,0,1
3140,191.1878923029999,nan,nan,nan,nan,nan,nan,nan,,INITIALIZING,0.0,0.0,6.574115609719374,0,0,0,1
3141,191.21874977900006,nan,nan,nan,nan,nan,nan,nan,,INITIALIZING,0.0,0.0,32.407057531039186,0,0,0,1
3142,191.244363195,nan,nan,nan,nan,nan,nan,nan,,INITIALIZING,0.0,0.0,39.04203953124671,0,0,0,1
3143,191.27220842499992,nan,nan,nan,nan,nan,nan,nan,,INITIALIZING,0.0,0.0,35.91279368147334,0,0,0,1
3144,191.3049522399997,nan,nan,nan,nan,nan,nan,nan,,INITIALIZING,0.0,0.0,30.540118798216966,0,0,0,1
3145,191.33582362299967,nan,nan,nan,nan,nan,nan,nan,,INITIALIZING,0.0,0.0,32.3924587376204,0,0,0,1
3146,191.36661005600035,nan,nan,nan,nan,nan,nan,nan,,INITIALIZING,0.0,0.0,32.481840295618134,0,0,0,1
3147,191.4031455080003,nan,nan,nan,nan,nan,nan,nan,,INITIALIZING,0.0,0.0,27.37067547436644,0,0,0,1
3148,191.4346590389996,nan,nan,nan,nan,nan,nan,nan,,INITIALIZING,0.0,0.0,31.732400917640582,0,0,0,1
3149,191.46880475600028,nan,nan,nan,nan,nan,nan,nan,,INITIALIZING,0.0,0.0,29.28624986788202,0,0,0,1
3150,194.32137269000032,nan,nan,nan,nan,nan,nan,nan,,INITIALIZING,0.0,0.0,0.35056132689458597,0,0,0,1
3151,194.35979317799956,nan,nan,nan,nan,nan,nan,nan,,INITIALIZING,0.0,0.0,26.027779762183318,0,0,0,1
3152,194.39629336800044,nan,nan,nan,nan,nan,nan,nan,,INITIALIZING,0.0,0.0,27.39711765817963,0,0,0,1
3153,194.42847748500026,nan,nan,nan,nan,nan,nan,nan,,INITIALIZING,0.0,0.0,31.07122684166675,0,0,0,1
3154,194.4589033909997,nan,nan,nan,nan,nan,nan,nan,,INITIALIZING,0.0,0.0,32.86672876786381,0,0,0,1
3155,214.03902769399974,230.89999389648438,77.4075927734375,179.1999969482422,336.0,320.49999237060547,245.4075927734375,60211.198974609375,0.6176289916038513,LOW_SCORE,19.200345393000134,110.00621369100008,0.05107219875242472,1,0,1,1
3156,214.29850993299988,221.08480834960938,77.5,179.1999969482422,336.0,310.68480682373047,245.5,60211.198974609375,0.6769567131996155,LOW_SCORE,0.20065057300053013,0.0,3.85382831539186,1,0,2,1
3157,214.43285942399962,220.89999389648438,77.5,179.1999969482422,336.0,310.49999237060547,245.5,60211.198974609375,0.6619368195533752,LOW_SCORE,0.10208646699993551,0.0,7.443273454619514,1,0,3,1
3158,214.52702479900017,220.89999389648438,77.5,179.1999969482422,336.0,310.49999237060547,245.5,60211.198974609375,0.6373785138130188,LOW_SCORE,0.06242715299958945,0.0,10.619614693767042,1,0,4,1
3159,214.60934119400008,225.80758666992188,77.5,179.1999969482422,336.0,315.40758514404297,245.5,60211.198974609375,0.6407382488250732,LOW_SCORE,0.060083878000114055,0.0,12.14824823172989,1,0,5,1
3160,214.74027113899956,225.89999389648438,77.5,179.1999969482422,336.0,315.49999237060547,245.5,60211.198974609375,0.6273645162582397,LOW_SCORE,0.06928098499975022,0.0,7.637672191827273,1,0,6,1
3161,214.8436875790003,225.89999389648438,77.5,179.1999969482422,336.0,315.49999237060547,245.5,60211.198974609375,0.6189453601837158,LOW_SCORE,0.048968818000503234,0.0,9.669642466835601,1,0,7,1
3162,214.93354531800014,225.89999389648438,77.5,179.1999969482422,336.0,315.49999237060547,245.5,60211.198974609375,0.6058530807495117,LOW_SCORE,0.057296739999401325,0.0,11.128702003080994,1,0,8,1
3163,215.0150427389999,225.89999389648438,77.5,179.1999969482422,336.0,315.49999237060547,245.5,60211.198974609375,0.6090385913848877,LOW_SCORE,0.05951667999943311,0.0,12.270326934675104,1,0,9,1
3164,215.1836984700003,225.89999389648438,77.5,179.1999969482422,336.0,315.49999237060547,245.5,60211.198974609375,0.6210574507713318,LOST,0.14426494399958756,0.0,5.929238182826017,1,0,10,1
3165,215.2671817620003,225.89999389648438,77.5,179.1999969482422,336.0,315.49999237060547,245.5,60211.198974609375,0.6373611092567444,LOST,0.05738543999996182,0.0,11.978444740777691,1,0,11,1
3166,215.3537293319996,220.99240112304688,77.5,179.1999969482422,336.0,310.59239959716797,245.5,60211.198974609375,0.6545560956001282,LOST,0.054943361000368895,0.0,11.554339422908791,1,0,12,1
3167,215.43615369800045,220.89999389648438,72.5924072265625,179.1999969482422,336.0,310.49999237060547,240.5924072265625,60211.198974609375,0.6734883785247803,LOST,0.05499023699940153,0.0,12.13233475146998,1,0,13,1
3168,215.51102885300043,220.89999389648438,72.5,179.1999969482422,336.0,310.49999237060547,240.5,60211.198974609375,0.6769291758537292,LOST,0.05331426700013253,0.0,13.355565006848641,1,0,14,1
3169,215.58378776999962,220.89999389648438,72.5,179.1999969482422,336.0,310.49999237060547,240.5,60211.198974609375,0.6750726103782654,LOST,0.0505330670002877,0.0,13.744019856852887,1,0,15,1
3170,215.65467878500021,220.89999389648438,72.5,179.1999969482422,336.0,310.49999237060547,240.5,60211.198974609375,0.6731866598129272,LOST,0.04614022100031434,0.0,14.106159997731291,1,0,16,1
3171,215.7396675760001,220.89999389648438,72.5,179.1999969482422,336.0,310.49999237060547,240.5,60211.198974609375,0.664493978023529,LOST,0.056642405000275176,0.0,11.766257505667186,1,0,17,1
3172,215.80593855299958,220.89999389648438,72.5,179.1999969482422,336.0,310.49999237060547,240.5,60211.198974609375,0.6766316890716553,LOST,0.04554942899994785,0.0,15.089561755033474,1,0,18,1
3173,215.88642668299963,220.89999389648438,72.5,179.1999969482422,336.0,310.49999237060547,240.5,60211.198974609375,0.6668072938919067,LOST,0.057584037000196986,0.0,12.424192238028057,1,0,19,1
3174,215.97398521000014,220.89999389648438,72.5,179.1999969482422,336.0,310.49999237060547,240.5,60211.198974609375,0.6642980575561523,LOST,0.06399447500007227,0.0,11.420932195377969,1,0,20,1
3175,216.05187328899956,220.89999389648438,72.5,179.1999969482422,336.0,310.49999237060547,240.5,60211.198974609375,0.6701829433441162,LOST,0.0555219150000994,0.0,12.838935211220486,1,0,21,1
3176,216.13197755700003,220.89999389648438,72.5,179.1999969482422,336.0,310.49999237060547,240.5,60211.198974609375,0.6761913895606995,LOST,0.05838785600008123,0.0,12.483729331302948,1,0,22,1
3177,216.19932636799967,220.89999389648438,72.5,179.1999969482422,336.0,310.49999237060547,240.5,60211.198974609375,0.6768819093704224,LOST,0.045921363000161364,0.0,14.848072076658369,1,0,23,1
3178,216.27029967700037,220.89999389648438,72.5,179.1999969482422,336.0,310.49999237060547,240.5,60211.198974609375,0.6760571002960205,LOST,0.04819458400015719,0.0,14.089803816111328,1,0,24,1
3179,216.50374818,220.89999389648438,72.5,179.1999969482422,336.0,310.49999237060547,240.5,60211.198974609375,0.6707898378372192,LOST,0.20903990299939323,0.0,4.283599968090436,1,0,25,1
3180,216.57282957700045,220.89999389648438,72.5,179.1999969482422,336.0,310.49999237060547,240.5,60211.198974609375,0.6962262988090515,LOST,0.046892526999727124,0.0,14.475677149284488,1,0,26,1
3181,216.65291722999973,220.89999389648438,72.5,179.1999969482422,336.0,310.49999237060547,240.5,60211.198974609375,0.6913493275642395,LOST,0.05624260599961417,0.0,12.4863192083924,1,0,27,1
3182,216.73378765899997,220.89999389648438,72.5,179.1999969482422,336.0,310.49999237060547,240.5,60211.198974609375,0.695836067199707,LOST,0.055211023000083514,0.0,12.365459320081042,1,0,28,1
3183,216.8096871050002,220.89999389648438,72.5,179.1999969482422,336.0,310.49999237060547,240.5,60211.198974609375,0.6970192790031433,LOST,0.052979989999585086,0.0,13.175326734230492,1,0,29,1
3184,216.89580159399975,220.89999389648438,72.5,179.1999969482422,336.0,310.49999237060547,240.5,60211.198974609375,0.696367084980011,LOST,0.0618657360000725,0.0,11.612447703256517,1,0,30,1
3185,216.9670551170002,220.89999389648438,72.5,179.1999969482422,336.0,310.49999237060547,240.5,60211.198974609375,0.6983574032783508,LOST,0.049509454000144615,0.0,14.034393779991444,1,0,31,1
3186,217.0377775349998,220.89999389648438,72.5,179.1999969482422,336.0,310.49999237060547,240.5,60211.198974609375,0.6975585222244263,LOST,0.044491908000054536,0.0,14.139788037303674,1,0,32,1
3187,217.10834234699996,220.89999389648438,72.5,179.1999969482422,336.0,310.49999237060547,240.5,60211.198974609375,0.6980555653572083,LOST,0.04885990999991918,0.0,14.171369152060883,1,0,33,1
3188,217.19099249699957,220.89999389648438,72.5,179.1999969482422,336.0,310.49999237060547,240.5,60211.198974609375,0.6974289417266846,LOST,0.05380677700031811,0.0,12.099191592571072,1,0,34,1
3189,217.27725969699986,220.89999389648438,72.5,179.1999969482422,336.0,310.49999237060547,240.5,60211.198974609375,0.698099672794342,LOST,0.06506366299981892,0.0,11.591891240200244,1,0,35,1
3190,217.35791725699983,220.89999389648438,72.5,179.1999969482422,336.0,310.49999237060547,240.5,60211.198974609375,0.699891209602356,LOST,0.0532321820001016,0.0,12.398093867462087,1,0,36,1
3191,217.4261593150004,220.89999389648438,72.5,179.1999969482422,336.0,310.49999237060547,240.5,60211.198974609375,0.6998376846313477,LOST,0.04601303099934739,0.0,14.653719851056168,1,0,37,1
3192,217.4975255999998,220.89999389648438,72.5,179.1999969482422,336.0,310.49999237060547,240.5,60211.198974609375,0.700421154499054,LOST,0.050358428999970783,0.0,14.012218795032053,1,0,38,1
3193,217.57462074700015,220.89999389648438,72.5,179.1999969482422,336.0,310.49999237060547,240.5,60211.198974609375,0.6983013153076172,LOST,0.048717926999415795,0.0,12.970985060775371,1,0,39,1
3194,217.63951706199987,220.89999389648438,72.5,179.1999969482422,336.0,310.49999237060547,240.5,60211.198974609375,0.6981989145278931,LOST,0.04171430100086582,0.0,15.409195422026677,1,0,40,1
3195,217.71902657900046,220.89999389648438,72.5,179.1999969482422,336.0,310.49999237060547,240.5,60211.198974609375,0.7002906799316406,LOST,0.05158131699954538,0.0,12.577110737480714,1,0,41,1
3196,217.7895004510001,220.89999389648438,72.5,179.1999969482422,336.0,310.49999237060547,240.5,60211.198974609375,0.7007551789283752,LOST,0.04546750000008615,0.0,14.189655990593641,1,0,42,1
3197,217.8582740290003,220.89999389648438,72.5,179.1999969482422,336.0,310.49999237060547,240.5,60211.198974609375,0.6990289688110352,LOST,0.04812088399921777,0.0,14.540467852302553,1,0,43,1
3198,217.94039984699975,220.89999389648438,72.5,179.1999969482422,336.0,310.49999237060547,240.5,60211.198974609375,0.6978134512901306,LOST,0.0617599010001868,0.0,12.176438839328414,1,0,44,1
3199,218.01942951,220.89999389648438,72.5,179.1999969482422,336.0,310.49999237060547,240.5,60211.198974609375,0.7051354050636292,LOST,0.04938080500051001,0.0,12.653476707812393,1,0,45,1
3200,218.08637065699986,220.89999389648438,72.5,179.1999969482422,336.0,310.49999237060547,240.5,60211.198974609375,0.701296865940094,LOST,0.044342164999761735,0.0,14.938495153096312,1,0,46,1
3201,218.16666409499976,220.89999389648438,77.4075927734375,179.1999969482422,336.0,310.49999237060547,245.4075927734375,60211.198974609375,0.7187275886535645,LOST,0.05572733499957394,0.0,12.454317873414029,1,0,47,1
3202,218.2383838249998,220.89999389648438,77.5,179.1999969482422,336.0,310.49999237060547,245.5,60211.198974609375,0.7074432373046875,LOST,0.049400596999475965,0.0,13.943164593612275,1,0,48,1
3203,218.32169680100014,220.89999389648438,77.5,179.1999969482422,336.0,310.49999237060547,245.5,60211.198974609375,0.7223510146141052,TRACKING,0.05902865000007296,0.0,12.002932172245083,0,0,0,1
3204,218.4560236340003,220.89999389648438,72.5924072265625,179.1999969482422,336.0,310.49999237060547,240.5924072265625,60211.198974609375,0.7031781673431396,LOW_SCORE,0.10857534299975669,0.0,7.444528972099078,1,0,1,1
3205,218.53479756399975,220.89999389648438,72.5,179.1999969482422,336.0,310.49999237060547,240.5,60211.198974609375,0.7409120202064514,TRACKING,0.05342244599978585,0.0,12.694555165739144,0,0,0,1
3206,218.59593995199975,220.89999389648438,72.5,179.1999969482422,336.0,310.49999237060547,240.5,60211.198974609375,0.7338857054710388,TRACKING,0.03940701699957572,0.0,16.355265679186058,0,0,0,1
3207,218.66669096500027,220.89999389648438,72.5,179.1999969482422,336.0,310.49999237060547,240.5,60211.198974609375,0.7376000881195068,TRACKING,0.04531765299998369,0.0,14.13407324631076,0,0,0,1
3208,218.73371784200026,220.89999389648438,72.5,179.1999969482422,336.0,310.49999237060547,240.5,60211.198974609375,0.7229093909263611,TRACKING,0.04430279000007431,0.0,14.919388232874988,0,0,0,1
3209,218.81071923699983,220.89999389648438,72.5,179.1999969482422,336.0,310.49999237060547,240.5,60211.198974609375,0.728888988494873,TRACKING,0.04707622900059505,0.0,12.986777707151719,0,0,0,1
3210,218.87773569799992,220.89999389648438,72.5,179.1999969482422,336.0,310.49999237060547,240.5,60211.198974609375,0.724328339099884,TRACKING,0.04358433800007333,0.0,14.921707071320876,0,0,0,1
3211,218.95619779800018,220.89999389648438,72.5,179.1999969482422,336.0,310.49999237060547,240.5,60211.198974609375,0.7287207245826721,TRACKING,0.05359531400063133,0.0,12.745006824910275,0,0,0,1
3212,219.0341655660004,220.89999389648438,72.5,179.1999969482422,336.0,310.49999237060547,240.5,60211.198974609375,0.723228931427002,TRACKING,0.051610640000035346,0.0,12.825812840980454,0,0,0,1
3213,219.10310414800006,220.89999389648438,72.5,179.1999969482422,336.0,310.49999237060547,240.5,60211.198974609375,0.7207321524620056,TRACKING,0.045384529000330076,0.0,14.505665347238144,0,0,0,1
3214,219.16700914099965,220.89999389648438,72.5,179.1999969482422,336.0,310.49999237060547,240.5,60211.198974609375,0.7133763432502747,LOW_SCORE,0.04379090400016139,0.0,15.648229552365608,1,0,1,1
3215,219.24334312700012,220.89999389648438,72.5,179.1999969482422,336.0,310.49999237060547,240.5,60211.198974609375,0.7091095447540283,LOW_SCORE,0.05389396600003238,0.0,13.100324670506899,1,0,2,1
3216,219.3154959379999,220.89999389648438,72.5,179.1999969482422,336.0,310.49999237060547,240.5,60211.198974609375,0.7061451077461243,LOW_SCORE,0.04972372900010669,0.0,13.859473888035,1,0,3,1
3217,219.38134940800046,220.89999389648438,72.5,179.1999969482422,336.0,310.49999237060547,240.5,60211.198974609375,0.7068294882774353,LOW_SCORE,0.0399607780000224,0.0,15.185228659806167,1,0,4,1
3218,219.44144875500024,220.89999389648438,72.5,179.1999969482422,336.0,310.49999237060547,240.5,60211.198974609375,0.7135283946990967,LOW_SCORE,0.03769125500002701,0.0,16.639115895946464,1,0,5,1
3219,219.5044994609998,220.89999389648438,72.5,179.1999969482422,336.0,310.49999237060547,240.5,60211.198974609375,0.7132485508918762,LOW_SCORE,0.041392576999896846,0.0,15.860250637114367,1,0,6,1
3220,219.57514031499977,220.89999389648438,72.5,179.1999969482422,336.0,310.49999237060547,240.5,60211.198974609375,0.715244472026825,LOW_SCORE,0.04760535300010815,0.0,14.156114250832026,1,0,7,1
3221,219.63919749999968,220.89999389648438,72.5,179.1999969482422,336.0,310.49999237060547,240.5,60211.198974609375,0.7140876054763794,LOW_SCORE,0.042002537000371376,0.0,15.611051281778877,1,0,8,1
3222,219.70199700400008,220.89999389648438,72.5,179.1999969482422,336.0,310.49999237060547,240.5,60211.198974609375,0.7191818356513977,LOW_SCORE,0.04102251799940859,0.0,15.923692645625135,1,0,9,1
3223,219.76674170099977,220.89999389648438,72.5,179.1999969482422,336.0,310.49999237060547,240.5,60211.198974609375,0.7220063805580139,TRACKING,0.042544162000012875,0.0,15.445280406589754,0,0,0,1
3224,219.82677516199965,220.89999389648438,72.5,179.1999969482422,336.0,310.49999237060547,240.5,60211.198974609375,0.7251195907592773,TRACKING,0.03924159799953486,0.0,16.657377125101544,0,0,0,1
3225,219.89200742100002,220.89999389648438,72.5,179.1999969482422,336.0,310.49999237060547,240.5,60211.198974609375,0.7194222807884216,LOW_SCORE,0.03131800600021961,0.0,15.329838569508409,1,0,1,1
3226,219.95054725800037,220.89999389648438,72.5,179.1999969482422,336.0,310.49999237060547,240.5,60211.198974609375,0.7213303446769714,TRACKING,0.03751776100034476,0.0,17.082384428128275,0,0,0,1
3227,220.00832629999968,220.89999389648438,72.5,179.1999969482422,336.0,310.49999237060547,240.5,60211.198974609375,0.7396144866943359,TRACKING,0.03671857999961503,0.0,17.307313610563664,0,0,0,1
3228,220.06393092399958,220.89999389648438,72.5,179.1999969482422,336.0,310.49999237060547,240.5,60211.198974609375,0.7554838061332703,TRACKING,0.03460494499995548,0.0,17.984115853419656,0,0,0,1
3229,220.1602499339997,220.89999389648438,72.5,179.1999969482422,336.0,310.49999237060547,240.5,60211.198974609375,0.7406295537948608,TRACKING,0.07524500599993189,0.0,10.382166511042826,0,0,0,1
3230,220.23144746599974,220.89999389648438,72.5,179.1999969482422,336.0,310.49999237060547,240.5,60211.198974609375,0.7895075082778931,TRACKING,0.04639241399945604,0.0,14.04543067587526,0,0,0,1
3231,220.29342924499997,220.89999389648438,72.5,179.1999969482422,336.0,310.49999237060547,240.5,60211.198974609375,0.7785049676895142,TRACKING,0.04088173400032247,0.0,16.133773765935608,0,0,0,1
3232,220.35185569500027,220.89999389648438,72.5,179.1999969482422,336.0,310.49999237060547,240.5,60211.198974609375,0.7767923474311829,TRACKING,0.038918725999792514,0.0,17.11553585738841,0,0,0,1
3233,220.40973838399987,220.89999389648438,72.5,179.1999969482422,336.0,310.49999237060547,240.5,60211.198974609375,0.7694056630134583,TRACKING,0.0370088459994804,0.0,17.27632245984537,0,0,0,1
3234,220.46949209899958,220.89999389648438,72.5,179.1999969482422,336.0,310.49999237060547,240.5,60211.198974609375,0.7582574486732483,TRACKING,0.038580699000704044,0.0,16.73536114038712,0,0,0,1
3235,220.52634299799956,220.89999389648438,72.5,179.1999969482422,336.0,310.49999237060547,240.5,60211.198974609375,0.7363118529319763,TRACKING,0.035971481000160566,0.0,17.58987135806425,0,0,0,1
3236,220.58603759699963,220.89999389648438,72.5,179.1999969482422,336.0,310.49999237060547,240.5,60211.198974609375,0.7389993071556091,TRACKING,0.037822090000190656,0.0,16.751934291389848,0,0,0,1
3237,220.64547750400016,220.89999389648438,72.5,179.1999969482422,336.0,310.49999237060547,240.5,60211.198974609375,0.7447896003723145,TRACKING,0.03854241700082639,0.0,16.823714074639913,0,0,0,1
3238,220.70096467799976,220.89999389648438,72.5,179.1999969482422,336.0,310.49999237060547,240.5,60211.198974609375,0.7401576042175293,TRACKING,0.03436249200058228,0.0,18.022182928383604,0,0,0,1
3239,220.75785484799962,220.89999389648438,72.5,179.1999969482422,336.0,310.49999237060547,240.5,60211.198974609375,0.7383700013160706,TRACKING,0.03580642599990824,0.0,17.577729157822024,0,0,0,1
3240,220.8309471040002,220.89999389648438,72.5,179.1999969482422,336.0,310.49999237060547,240.5,60211.198974609375,0.739050030708313,TRACKING,0.050102330000299844,0.0,13.68133992186924,0,0,0,1
3241,220.89868441199997,220.89999389648438,72.5,179.1999969482422,336.0,310.49999237060547,240.5,60211.198974609375,0.743105411529541,TRACKING,0.04265739299989946,0.0,14.76291322358544,0,0,0,1
3242,220.95749488,220.89999389648438,72.5,179.1999969482422,336.0,310.49999237060547,240.5,60211.198974609375,0.7437106966972351,TRACKING,0.03775146400039375,0.0,17.003775586332715,0,0,0,1
3243,221.01505824000014,220.89999389648438,72.5,179.1999969482422,336.0,310.49999237060547,240.5,60211.198974609375,0.7336432337760925,TRACKING,0.036795299999539566,0.0,17.372161736175983,0,0,0,1
3244,221.0730729630004,220.89999389648438,72.5,179.1999969482422,336.0,310.49999237060547,240.5,60211.198974609375,0.7305631041526794,TRACKING,0.03716806699958397,0.0,17.23700378601059,0,0,0,1
3245,221.13207864299966,220.89999389648438,72.5,179.1999969482422,336.0,310.49999237060547,240.5,60211.198974609375,0.7310755252838135,TRACKING,0.03810042900022381,0.0,16.947520984637237,0,0,0,1
3246,221.19076473299992,220.89999389648438,72.5,179.1999969482422,336.0,310.49999237060547,240.5,60211.198974609375,0.7322674989700317,TRACKING,0.03785854899979313,0.0,17.039813011831043,0,0,0,1
3247,221.24793110599967,220.89999389648438,72.5,179.1999969482422,336.0,310.49999237060547,240.5,60211.198974609375,0.7335918545722961,TRACKING,0.036148047000096994,0.0,17.49280123131923,0,0,0,1
3248,221.30783893900025,220.89999389648438,72.5,179.1999969482422,336.0,310.49999237060547,240.5,60211.198974609375,0.7341755628585815,TRACKING,0.039257690999875194,0.0,16.69230799902787,0,0,0,1
3249,221.36995525200018,220.89999389648438,72.5,179.1999969482422,336.0,310.49999237060547,240.5,60211.198974609375,0.7461254596710205,TRACKING,0.04054391400040913,0.0,16.09883059223229,0,0,0,1
3250,221.62710270499974,220.89999389648438,72.5,179.1999969482422,336.0,310.49999237060547,240.5,60211.198974609375,0.741040050983429,TRACKING,0.04489967599965894,0.0,3.888819384890841,0,0,0,1
3251,221.69313623000016,220.89999389648438,72.5,179.1999969482422,336.0,310.49999237060547,240.5,60211.198974609375,0.7451142072677612,TRACKING,0.04397231399980228,0.0,15.143822777803027,0,0,0,1
3252,221.75757279699974,220.89999389648438,72.5,179.1999969482422,336.0,310.49999237060547,240.5,60211.198974609375,0.740620493888855,TRACKING,0.04071501100042951,0.0,15.519138380022566,0,0,0,1
3253,221.82091444599973,220.89999389648438,72.5,179.1999969482422,336.0,310.49999237060547,240.5,60211.198974609375,0.7387074828147888,TRACKING,0.038775389999500476,0.0,15.787400798487054,0,0,0,1
3254,221.98351479899975,220.89999389648438,72.5,179.1999969482422,336.0,310.49999237060547,240.5,60211.198974609375,0.7314740419387817,TRACKING,0.1405144009995638,0.0,6.150048149033849,0,0,0,1
3255,222.05130460800046,220.89999389648438,72.5,179.1999969482422,336.0,310.49999237060547,240.5,60211.198974609375,0.7814257144927979,TRACKING,0.03977733699957753,0.0,14.751479827734233,0,0,0,1
3256,222.11905597799978,220.89999389648438,72.5,179.1999969482422,336.0,310.49999237060547,240.5,60211.198974609375,0.7698893547058105,TRACKING,0.04428867499973421,0.0,14.75984913677941,0,0,0,1
3257,222.18802002899974,220.89999389648438,72.5,179.1999969482422,336.0,310.49999237060547,240.5,60211.198974609375,0.7685654163360596,TRACKING,0.0476772299998629,0.0,14.500308283811359,0,0,0,1
3258,222.2543607990001,220.89999389648438,72.5,179.1999969482422,336.0,310.49999237060547,240.5,60211.198974609375,0.7704838514328003,TRACKING,0.04314750599951367,0.0,15.073686964964343,0,0,0,1
3259,222.32172820400046,220.89999389648438,72.5,179.1999969482422,336.0,310.49999237060547,240.5,60211.198974609375,0.7717592716217041,TRACKING,0.045714952000707854,0.0,14.843973877196737,0,0,0,1
3260,222.39419133400042,220.89999389648438,72.5,179.1999969482422,336.0,310.49999237060547,240.5,60211.198974609375,0.767638087272644,TRACKING,0.0490754869997545,0.0,13.800121523877742,0,0,0,1
3261,222.46627929900023,220.89999389648438,72.5,179.1999969482422,336.0,310.49999237060547,240.5,60211.198974609375,0.7767081260681152,TRACKING,0.048074997999719926,0.0,13.871941037628693,0,0,0,1
3262,222.53217589399992,220.89999389648438,72.5,179.1999969482422,336.0,310.49999237060547,240.5,60211.198974609375,0.7791139483451843,TRACKING,0.04453644000022905,0.0,15.175290923677817,0,0,0,1
3263,222.5956492129999,220.89999389648438,72.5,179.1999969482422,336.0,310.49999237060547,240.5,60211.198974609375,0.7716031670570374,TRACKING,0.04169070700027078,0.0,15.754651178718193,0,0,0,1
3264,222.67611702900012,220.89999389648438,72.5,179.1999969482422,336.0,310.49999237060547,240.5,60211.198974609375,0.7871034145355225,TRACKING,0.05292899899995973,0.0,12.427328709866531,0,0,0,1
3265,222.77203087500038,220.89999389648438,72.5,179.1999969482422,336.0,310.49999237060547,240.5,60211.198974609375,0.7854540348052979,TRACKING,0.06544268000016018,0.0,10.426023370987673,0,0,0,1
3266,222.86415183499957,220.89999389648438,72.5,179.1999969482422,336.0,310.49999237060547,240.5,60211.198974609375,0.7907756567001343,TRACKING,0.06420630200045707,0.0,10.855292867212466,0,0,0,1
3267,222.9495458929996,220.89999389648438,72.5,179.1999969482422,336.0,310.49999237060547,240.5,60211.198974609375,0.8062007427215576,TRACKING,0.05686121100006858,0.0,11.710416666224802,0,0,0,1
3268,223.020523055,220.89999389648438,72.5,179.1999969482422,336.0,310.49999237060547,240.5,60211.198974609375,0.8014734983444214,TRACKING,0.044942228999389044,0.0,14.089038950220587,0,0,0,1
3269,223.090343373,220.89999389648438,72.5,179.1999969482422,336.0,310.49999237060547,240.5,60211.198974609375,0.7984093427658081,TRACKING,0.0468205469996974,0.0,14.322478451046784,0,0,0,1
3270,223.17763007200028,220.89999389648438,72.5,179.1999969482422,336.0,310.49999237060547,240.5,60211.198974609375,0.8033161759376526,TRACKING,0.05692152499977965,0.0,11.456499231305617,0,0,0,1
3271,223.24509169700013,220.89999389648438,72.5,179.1999969482422,336.0,310.49999237060547,240.5,60211.198974609375,0.8031457662582397,TRACKING,0.047261491999961436,0.0,14.823242102487336,0,0,0,1
3272,223.33285720700042,220.89999389648438,72.5,179.1999969482422,336.0,310.49999237060547,240.5,60211.198974609375,0.8057642579078674,TRACKING,0.06616259000020364,0.0,11.393997482573688,0,0,0,1
3273,223.4289796510002,220.89999389648438,72.5,179.1999969482422,336.0,310.49999237060547,240.5,60211.198974609375,0.8041692972183228,TRACKING,0.061441300000296906,0.0,10.40339756656979,0,0,0,1
3274,223.50385334800012,220.89999389648438,72.5,179.1999969482422,336.0,310.49999237060547,240.5,60211.198974609375,0.8077722191810608,TRACKING,0.049518723999426584,0.0,13.355825077008491,0,0,0,1
3275,223.59845623100045,220.89999389648438,72.5,179.1999969482422,336.0,310.49999237060547,240.5,60211.198974609375,0.8055545091629028,TRACKING,0.06517585200072062,0.0,10.570502380952457,0,0,0,1
3276,223.68568386599964,220.89999389648438,72.5,179.1999969482422,336.0,310.49999237060547,240.5,60211.198974609375,0.8096887469291687,TRACKING,0.06479016699995555,0.0,11.464256711871098,0,0,0,1
3277,223.7725779530001,220.89999389648438,72.5,179.1999969482422,336.0,310.49999237060547,240.5,60211.198974609375,0.8055442571640015,TRACKING,0.05614859300021635,0.0,11.508262926964761,0,0,0,1
3278,223.8572184550003,220.89999389648438,72.5,179.1999969482422,336.0,310.49999237060547,240.5,60211.198974609375,0.8049957156181335,TRACKING,0.054831327999636414,0.0,11.814674728628466,0,0,0,1
3279,223.97888801000045,220.89999389648438,72.5,179.1999969482422,336.0,310.49999237060547,240.5,60211.198974609375,0.7973418235778809,TRACKING,0.09333666099973925,0.0,8.2189829657776,0,0,0,1
3280,224.0733920370003,220.89999389648438,72.5,179.1999969482422,336.0,310.49999237060547,240.5,60211.198974609375,0.821552038192749,TRACKING,0.06869841999923665,0.0,10.581559662018545,0,0,0,1
3281,224.16943046800043,220.89999389648438,72.5,179.1999969482422,336.0,310.49999237060547,240.5,60211.198974609375,0.8226803541183472,TRACKING,0.06578440500015859,0.0,10.412498304961929,0,0,0,1
3282,224.2452793929997,220.89999389648438,72.5,179.1999969482422,336.0,310.49999237060547,240.5,60211.198974609375,0.8218572735786438,TRACKING,0.054495227000188606,0.0,13.184102477519748,0,0,0,1
3283,224.32993129999977,220.89999389648438,72.5,179.1999969482422,336.0,310.49999237060547,240.5,60211.198974609375,0.8168479800224304,TRACKING,0.05987955100044928,0.0,11.813082958651606,0,0,0,1
3284,224.3922005329996,220.89999389648438,72.5,179.1999969482422,336.0,310.49999237060547,240.5,60211.198974609375,0.8234808444976807,TRACKING,0.03854470800069976,0.0,16.059295286370705,0,0,0,1
3285,224.4685533210004,220.89999389648438,72.5,179.1999969482422,336.0,310.49999237060547,240.5,60211.198974609375,0.8219774961471558,TRACKING,0.049148404999868944,0.0,13.097098693887485,0,0,0,1
3286,224.53511196,220.89999389648438,72.5,179.1999969482422,336.0,310.49999237060547,240.5,60211.198974609375,0.8164264559745789,TRACKING,0.040901993999796105,0.0,15.024345675188505,0,0,0,1
3287,224.59909909100043,220.89999389648438,72.5,179.1999969482422,336.0,310.49999237060547,240.5,60211.198974609375,0.8185047507286072,TRACKING,0.037926519000393455,0.0,15.628142477481369,0,0,0,1
3288,224.66783850200045,220.89999389648438,72.5,179.1999969482422,336.0,310.49999237060547,240.5,60211.198974609375,0.8205516338348389,TRACKING,0.04622475399992254,0.0,14.54769520791572,0,0,0,1
3289,224.77474302999963,220.89999389648438,72.5,179.1999969482422,336.0,310.49999237060547,240.5,60211.198974609375,0.8177250623703003,TRACKING,0.05657099699965329,0.0,9.354140733942524,0,0,0,1
3290,224.8488007220003,220.89999389648438,72.5,179.1999969482422,336.0,310.49999237060547,240.5,60211.198974609375,0.8216344118118286,TRACKING,0.04620569100006833,0.0,13.50298629331892,0,0,0,1
3291,224.9157808789996,220.89999389648438,72.5,179.1999969482422,336.0,310.49999237060547,240.5,60211.198974609375,0.8225554823875427,TRACKING,0.044697692999761784,0.0,14.92979480490539,0,0,0,1
3292,224.98859469200033,220.89999389648438,72.5,179.1999969482422,336.0,310.49999237060547,240.5,60211.198974609375,0.8232883214950562,TRACKING,0.04559859599976335,0.0,13.733657925455686,0,0,0,1
3293,225.05628616600006,220.89999389648438,72.5,179.1999969482422,336.0,310.49999237060547,240.5,60211.198974609375,0.8182276487350464,TRACKING,0.045357496999713476,0.0,14.772909214593074,0,0,0,1
3294,225.13452638699982,220.89999389648438,72.5,179.1999969482422,336.0,310.49999237060547,240.5,60211.198974609375,0.8243801593780518,TRACKING,0.056462401000317186,0.0,12.781149991934054,0,0,0,1
3295,225.21105610500035,220.89999389648438,72.5,179.1999969482422,336.0,310.49999237060547,240.5,60211.198974609375,0.8244157433509827,TRACKING,0.05480341000020417,0.0,13.066819349747066,0,0,0,1
3296,225.28576464199978,220.89999389648438,72.5,179.1999969482422,336.0,310.49999237060547,240.5,60211.198974609375,0.8229327201843262,TRACKING,0.049596849999943515,0.0,13.385351128047287,0,0,0,1
3297,225.35814875899996,220.89999389648438,72.5,179.1999969482422,336.0,310.49999237060547,240.5,60211.198974609375,0.8209455013275146,TRACKING,0.05013680899992323,0.0,13.815185450110103,0,0,0,1
3298,225.4361280889998,220.89999389648438,72.5,179.1999969482422,336.0,310.49999237060547,240.5,60211.198974609375,0.8214194178581238,TRACKING,0.050302073000239034,0.0,12.823911156996619,0,0,0,1
3299,225.5001230329999,220.89999389648438,72.5,179.1999969482422,336.0,310.49999237060547,240.5,60211.198974609375,0.8206369280815125,TRACKING,0.04274348800026928,0.0,15.626234472495339,0,0,0,1
3300,225.57781954500024,220.89999389648438,72.5,179.1999969482422,336.0,310.49999237060547,240.5,60211.198974609375,0.8301912546157837,TRACKING,0.05415209500006313,0.0,12.870590638557324,0,0,0,1
3301,225.64907676500025,220.89999389648438,72.5,179.1999969482422,336.0,310.49999237060547,240.5,60211.198974609375,0.8242392539978027,TRACKING,0.045703494000008504,0.0,14.033665641178604,0,0,0,1
3302,225.72817137699985,220.89999389648438,72.5,179.1999969482422,336.0,310.49999237060547,240.5,60211.198974609375,0.817785918712616,TRACKING,0.057382158000109484,0.0,12.643086232030036,0,0,0,1
3303,225.80048325299958,220.89999389648438,72.5,179.1999969482422,336.0,310.49999237060547,240.5,60211.198974609375,0.8152936697006226,TRACKING,0.04514129499966657,0.0,13.828987094785457,0,0,0,1
3304,225.91930332599986,220.89999389648438,72.5,179.1999969482422,336.0,310.49999237060547,240.5,60211.198974609375,0.8217834234237671,TRACKING,0.09143006100021012,0.0,8.416086396426058,0,0,0,1
3305,225.99093472000004,220.89999389648438,72.5,179.1999969482422,336.0,310.49999237060547,240.5,60211.198974609375,0.8267698287963867,TRACKING,0.044768734999706794,0.0,13.960359336264089,0,0,0,1
3306,226.07357544299975,220.89999389648438,72.5,179.1999969482422,336.0,310.49999237060547,240.5,60211.198974609375,0.8247317671775818,TRACKING,0.060318152999570884,0.0,12.100571772629245,0,0,0,1
3307,226.1367245880001,220.89999389648438,72.5,179.1999969482422,336.0,310.49999237060547,240.5,60211.198974609375,0.8247445821762085,TRACKING,0.04049906899945199,0.0,15.835527147587213,0,0,0,1
3308,226.20210263199988,220.89999389648438,72.5,179.1999969482422,336.0,310.49999237060547,240.5,60211.198974609375,0.8246534466743469,TRACKING,0.039956663000339177,0.0,15.29565491441578,0,0,0,1
3309,226.26709295900037,220.89999389648438,72.5,179.1999969482422,336.0,310.49999237060547,240.5,60211.198974609375,0.8279545903205872,TRACKING,0.04221379099999467,0.0,15.386905192714392,0,0,0,1
3310,226.34014839100018,220.89999389648438,72.5,179.1999969482422,336.0,310.49999237060547,240.5,60211.198974609375,0.8267808556556702,TRACKING,0.04813947900038329,0.0,13.68823607808487,0,0,0,1
3311,226.40979183000036,220.89999389648438,72.5,179.1999969482422,336.0,310.49999237060547,240.5,60211.198974609375,0.825996994972229,TRACKING,0.04678351399979874,0.0,14.35885439255089,0,0,0,1
3312,226.49801979699987,220.89999389648438,72.5,179.1999969482422,336.0,310.49999237060547,240.5,60211.198974609375,0.8284628391265869,TRACKING,0.05907531600041693,0.0,11.334274539110005,0,0,0,1
3313,226.58458090800013,220.89999389648438,72.5,179.1999969482422,336.0,310.49999237060547,240.5,60211.198974609375,0.8294538855552673,TRACKING,0.05758388100002776,0.0,11.552531944708319,0,0,0,1
3314,226.65169221399992,220.89999389648438,72.5,179.1999969482422,336.0,310.49999237060547,240.5,60211.198974609375,0.8248692750930786,TRACKING,0.042246760000125505,0.0,14.900618980699926,0,0,0,1
3315,226.72114507599963,220.89999389648438,72.5,179.1999969482422,336.0,310.49999237060547,240.5,60211.198974609375,0.8295317888259888,TRACKING,0.046330121000210056,0.0,14.398254747287668,0,0,0,1
3316,226.78994235200025,220.89999389648438,72.5,179.1999969482422,336.0,310.49999237060547,240.5,60211.198974609375,0.8320310115814209,TRACKING,0.04645210200033034,0.0,14.535459223573632,0,0,0,1
3317,226.85464746599973,220.89999389648438,72.5,179.1999969482422,336.0,310.49999237060547,240.5,60211.198974609375,0.8296422958374023,TRACKING,0.0415691420002986,0.0,15.454728972551305,0,0,0,1
3318,226.92359682799997,220.89999389648438,72.5,179.1999969482422,336.0,310.49999237060547,240.5,60211.198974609375,0.8311516046524048,TRACKING,0.04386585300017032,0.0,14.503397435302253,0,0,0,1
3319,226.98839871499968,220.89999389648438,72.5,179.1999969482422,336.0,310.49999237060547,240.5,60211.198974609375,0.8361679315567017,TRACKING,0.04378564299986465,0.0,15.43164939015713,0,0,0,1
3320,227.05670139799986,220.89999389648438,72.5,179.1999969482422,336.0,310.49999237060547,240.5,60211.198974609375,0.8324445486068726,TRACKING,0.04378767500020331,0.0,14.640713308396858,0,0,0,1
3321,227.12478985800044,220.89999389648438,72.5,179.1999969482422,336.0,310.49999237060547,240.5,60211.198974609375,0.8299500942230225,TRACKING,0.04360433800047758,0.0,14.686776584335515,0,0,0,1
3322,227.2011022810002,220.89999389648438,72.5,179.1999969482422,336.0,310.49999237060547,240.5,60211.198974609375,0.8171436190605164,TRACKING,0.05371880599977885,0.0,13.10402632613443,0,0,0,1
3323,227.27211418299976,220.89999389648438,72.5,179.1999969482422,336.0,310.49999237060547,240.5,60211.198974609375,0.8173142671585083,TRACKING,0.04975669699979335,0.0,14.082146398589254,0,0,0,1
3324,227.33816395800022,220.89999389648438,72.5,179.1999969482422,336.0,310.49999237060547,240.5,60211.198974609375,0.8164165019989014,TRACKING,0.04424065199964389,0.0,15.140096994924773,0,0,0,1
3325,227.4103618219997,220.89999389648438,72.5,179.1999969482422,336.0,310.49999237060547,240.5,60211.198974609375,0.8095031976699829,TRACKING,0.04313568399993528,0.0,13.850825282136267,0,0,0,1
3326,227.48024943200016,220.89999389648438,72.5,179.1999969482422,336.0,310.49999237060547,240.5,60211.198974609375,0.8152143955230713,TRACKING,0.04474618299991562,0.0,14.308687906098923,0,0,0,1
3327,227.5585636120004,220.89999389648438,72.5,179.1999969482422,336.0,310.49999237060547,240.5,60211.198974609375,0.8236528635025024,TRACKING,0.05631786699996155,0.0,12.769079622579351,0,0,0,1
3328,227.63347803800025,220.89999389648438,72.5,179.1999969482422,336.0,310.49999237060547,240.5,60211.198974609375,0.8224413394927979,TRACKING,0.048102030000336526,0.0,13.348563866751105,0,0,0,1
3329,227.75507191500037,220.89999389648438,72.5,179.1999969482422,336.0,310.49999237060547,240.5,60211.198974609375,0.8274516463279724,TRACKING,0.09359286300059466,0.0,8.22409832362684,0,0,0,1
3330,227.82703336800023,220.89999389648438,72.5,179.1999969482422,336.0,310.49999237060547,240.5,60211.198974609375,0.8493704795837402,TRACKING,0.04873324000072898,0.0,13.896328635859717,0,0,0,1
3331,227.90339896800015,220.89999389648438,72.5,179.1999969482422,336.0,310.49999237060547,240.5,60211.198974609375,0.8474218249320984,TRACKING,0.053736253999886685,0.0,13.094901369217064,0,0,0,1
3332,227.98475440499988,220.89999389648438,72.5,179.1999969482422,336.0,310.49999237060547,240.5,60211.198974609375,0.8436802625656128,TRACKING,0.04612303300018539,0.0,12.291741485001541,0,0,0,1
3333,228.06115750699973,220.89999389648438,72.5,179.1999969482422,336.0,310.49999237060547,240.5,60211.198974609375,0.8443109393119812,TRACKING,0.05056363999938185,0.0,13.08847381617901,0,0,0,1
3334,228.1263661189996,220.89999389648438,72.5,179.1999969482422,336.0,310.49999237060547,240.5,60211.198974609375,0.8517352342605591,TRACKING,0.04426471499937179,0.0,15.33539772326182,0,0,0,1
3335,228.2103271799997,220.89999389648438,72.5,179.1999969482422,336.0,310.49999237060547,240.5,60211.198974609375,0.8416801691055298,TRACKING,0.06231199400008336,0.0,11.91028302988007,0,0,0,1
3336,228.27918565599975,220.89999389648438,72.5,179.1999969482422,336.0,310.49999237060547,240.5,60211.198974609375,0.8377612233161926,TRACKING,0.04688476699993771,0.0,14.522540405906406,0,0,0,1
3337,228.35405320599966,220.89999389648438,72.5,179.1999969482422,336.0,310.49999237060547,240.5,60211.198974609375,0.8409326672554016,TRACKING,0.04871000999992248,0.0,13.356921656995958,0,0,0,1
3338,228.42814178299977,220.89999389648438,72.5,179.1999969482422,336.0,310.49999237060547,240.5,60211.198974609375,0.8460392951965332,TRACKING,0.04763550999996369,0.0,13.497357359131035,0,0,0,1
3339,228.50667195700044,220.89999389648438,72.5,179.1999969482422,336.0,310.49999237060547,240.5,60211.198974609375,0.8403659462928772,TRACKING,0.05251008399955026,0.0,12.73395879641849,0,0,0,1
3340,228.57978593200005,220.89999389648438,72.5,179.1999969482422,336.0,310.49999237060547,240.5,60211.198974609375,0.8343175053596497,TRACKING,0.04540234199976112,0.0,13.677275787635283,0,0,0,1
3341,228.6661322480004,220.89999389648438,72.5,179.1999969482422,336.0,310.49999237060547,240.5,60211.198974609375,0.8247844576835632,TRACKING,0.05341004999991128,0.0,11.581270010361607,0,0,0,1
3342,228.7349520759999,220.89999389648438,72.5,179.1999969482422,336.0,310.49999237060547,240.5,60211.198974609375,0.8240265250205994,TRACKING,0.04042724500050099,0.0,14.530696008237536,0,0,0,1
3343,228.8073401519996,220.89999389648438,72.5,179.1999969482422,336.0,310.49999237060547,240.5,60211.198974609375,0.8278575539588928,TRACKING,0.04898788000082277,0.0,13.814429879365509,0,0,0,1
3344,228.8895983149996,220.89999389648438,72.5,179.1999969482422,336.0,310.49999237060547,240.5,60211.198974609375,0.8391355276107788,TRACKING,0.05718590400010726,0.0,12.156848190251083,0,0,0,1
3345,228.961887638,220.89999389648438,72.5,179.1999969482422,336.0,310.49999237060547,240.5,60211.198974609375,0.8427073359489441,TRACKING,0.04579078699953243,0.0,13.833301495912497,0,0,0,1
3346,229.0377466660002,220.89999389648438,72.5,179.1999969482422,336.0,310.49999237060547,240.5,60211.198974609375,0.8360173106193542,TRACKING,0.046868307999829995,0.0,13.18234660213975,0,0,0,1
3347,229.10764177599958,220.89999389648438,72.5,179.1999969482422,336.0,310.49999237060547,240.5,60211.198974609375,0.8318794369697571,TRACKING,0.043395740000050864,0.0,14.30715253197086,0,0,0,1
3348,229.17627503899985,220.89999389648438,72.5,179.1999969482422,336.0,310.49999237060547,240.5,60211.198974609375,0.8253657817840576,TRACKING,0.0467107530002977,0.0,14.570194629914866,0,0,0,1
3349,229.2557678359999,220.89999389648438,72.5,179.1999969482422,336.0,310.49999237060547,240.5,60211.198974609375,0.8258318901062012,TRACKING,0.05073020500003622,0.0,12.579756125567965,0,0,0,1
3350,229.33674659900043,220.89999389648438,72.5,179.1999969482422,336.0,310.49999237060547,240.5,60211.198974609375,0.8371790051460266,TRACKING,0.04852589199981594,0.0,12.348916715280662,0,0,0,1
3351,229.41666034100035,220.89999389648438,72.5,179.1999969482422,336.0,310.49999237060547,240.5,60211.198974609375,0.8398925065994263,TRACKING,0.05561530100021628,0.0,12.513492360313187,0,0,0,1
3352,229.48877955700027,220.89999389648438,72.5,179.1999969482422,336.0,310.49999237060547,240.5,60211.198974609375,0.8400378227233887,TRACKING,0.05062249500042526,0.0,13.865929990158541,0,0,0,1
3353,229.57904251200034,220.89999389648438,72.5,179.1999969482422,336.0,310.49999237060547,240.5,60211.198974609375,0.8444578647613525,TRACKING,0.04608027199992648,0.0,11.078742104102535,0,0,0,1
3354,229.6890817880003,220.89999389648438,72.5,179.1999969482422,336.0,310.49999237060547,240.5,60211.198974609375,0.8482599854469299,TRACKING,0.08561395700053254,0.0,9.087664299067491,0,0,0,1
3355,229.75427988000047,220.89999389648438,72.5,179.1999969482422,336.0,310.49999237060547,240.5,60211.198974609375,0.8560214638710022,TRACKING,0.0442143499994927,0.0,15.337872157322353,0,0,0,1
3356,229.8216810869999,220.89999389648438,72.5,179.1999969482422,336.0,310.49999237060547,240.5,60211.198974609375,0.8424346446990967,TRACKING,0.04545551999945019,0.0,14.83652955960562,0,0,0,1
3357,229.89625967400025,220.89999389648438,72.5,179.1999969482422,336.0,310.49999237060547,240.5,60211.198974609375,0.8363053202629089,TRACKING,0.05199762699976418,0.0,13.408674530065461,0,0,0,1
3358,229.9612002599997,220.89999389648438,72.5,179.1999969482422,336.0,310.49999237060547,240.5,60211.198974609375,0.8421301245689392,TRACKING,0.04287843799920665,0.0,15.398690735686083,0,0,0,1
3359,230.03748778600038,220.89999389648438,72.5,179.1999969482422,336.0,310.49999237060547,240.5,60211.198974609375,0.844318151473999,TRACKING,0.04525098500016611,0.0,13.108302922173994,0,0,0,1
3360,230.1098333079999,220.89999389648438,72.5,179.1999969482422,336.0,310.49999237060547,240.5,60211.198974609375,0.843701958656311,TRACKING,0.04525140100031422,0.0,13.822555596552235,0,0,0,1
3361,230.18374808000044,220.89999389648438,72.5,179.1999969482422,336.0,310.49999237060547,240.5,60211.198974609375,0.8339318633079529,TRACKING,0.051155474999177386,0.0,13.529095374775205,0,0,0,1
3362,230.28288178000003,220.89999389648438,72.5,179.1999969482422,336.0,310.49999237060547,240.5,60211.198974609375,0.8399266600608826,TRACKING,0.06825236999975459,0.0,10.087387033916809,0,0,0,1
3363,230.3524654769999,220.89999389648438,72.5,179.1999969482422,336.0,310.49999237060547,240.5,60211.198974609375,0.8443981409072876,TRACKING,0.045608074999108794,0.0,14.37118237626632,0,0,0,1
3364,230.41984527800014,220.89999389648438,72.5,179.1999969482422,336.0,310.49999237060547,240.5,60211.198974609375,0.8450126051902771,TRACKING,0.04253051500018046,0.0,14.841243000946164,0,0,0,1
3365,230.49236460599968,220.89999389648438,72.5,179.1999969482422,336.0,310.49999237060547,240.5,60211.198974609375,0.8430336713790894,TRACKING,0.0478503059994182,0.0,13.789427282148718,0,0,0,1
3366,230.5601458199999,220.89999389648438,72.5,179.1999969482422,336.0,310.49999237060547,240.5,60211.198974609375,0.843462347984314,TRACKING,0.04586787199968967,0.0,14.753350389931928,0,0,0,1
3367,230.63059823300046,220.89999389648438,72.5,179.1999969482422,336.0,310.49999237060547,240.5,60211.198974609375,0.8329882025718689,TRACKING,0.044588523999664176,0.0,14.193977997488288,0,0,0,1
3368,230.69844793799984,220.89999389648438,72.5,179.1999969482422,336.0,310.49999237060547,240.5,60211.198974609375,0.8362470269203186,TRACKING,0.04548177099968598,0.0,14.738457595489912,0,0,0,1
3369,230.76726323599996,220.89999389648438,72.5,179.1999969482422,336.0,310.49999237060547,240.5,60211.198974609375,0.8410699963569641,TRACKING,0.047385870000653085,0.0,14.531652540373925,0,0,0,1
3370,230.8453212129998,220.89999389648438,72.5,179.1999969482422,336.0,310.49999237060547,240.5,60211.198974609375,0.8371130228042603,TRACKING,0.05475674199988134,0.0,12.810990477014272,0,0,0,1
3371,230.9151510089996,220.89999389648438,72.5,179.1999969482422,336.0,310.49999237060547,240.5,60211.198974609375,0.8332380652427673,TRACKING,0.04527416199925938,0.0,14.320534460718513,0,0,0,1
3372,230.99113045600006,220.89999389648438,72.5,179.1999969482422,336.0,310.49999237060547,240.5,60211.198974609375,0.833195686340332,TRACKING,0.04894912899999326,0.0,13.161454044195649,0,0,0,1
3373,231.06341623800017,220.89999389648438,72.5,179.1999969482422,336.0,310.49999237060547,240.5,60211.198974609375,0.8356199860572815,TRACKING,0.04919408199930331,0.0,13.833979135737977,0,0,0,1
3374,231.1363055720003,220.89999389648438,72.5,179.1999969482422,336.0,310.49999237060547,240.5,60211.198974609375,0.8391527533531189,TRACKING,0.04823239699999249,0.0,13.719428414562138,0,0,0,1
3375,231.20769894099976,220.89999389648438,72.5,179.1999969482422,336.0,310.49999237060547,240.5,60211.198974609375,0.8287910223007202,TRACKING,0.04616246099976706,0.0,14.006903078179107,0,0,0,1
3376,231.27813650900043,220.89999389648438,72.5,179.1999969482422,336.0,310.49999237060547,240.5,60211.198974609375,0.8351518511772156,TRACKING,0.048049633000118774,0.0,14.196969435266132,0,0,0,1
3377,231.3510727720004,220.89999389648438,72.5,179.1999969482422,336.0,310.49999237060547,240.5,60211.198974609375,0.8328108191490173,TRACKING,0.04257030700046016,0.0,13.710600994190704,0,0,0,1
3378,231.42796494499999,220.89999389648438,72.5,179.1999969482422,336.0,310.49999237060547,240.5,60211.198974609375,0.8317803740501404,TRACKING,0.04677372300011484,0.0,13.005224862164916,0,0,0,1
3379,231.54190289100006,220.89999389648438,72.5,179.1999969482422,336.0,310.49999237060547,240.5,60211.198974609375,0.8346862196922302,TRACKING,0.0866516860005504,0.0,8.776707278884187,0,0,0,1
3380,231.61469670299994,220.89999389648438,72.5,179.1999969482422,336.0,310.49999237060547,240.5,60211.198974609375,0.8435489535331726,TRACKING,0.047265659000004234,0.0,13.73743141795831,0,0,0,1
3381,231.69654157700006,220.89999389648438,72.5,179.1999969482422,336.0,310.49999237060547,240.5,60211.198974609375,0.8475894331932068,TRACKING,0.05630979399938951,0.0,12.218236171986314,0,0,0,1
3382,231.77955027499956,220.89999389648438,72.5,179.1999969482422,336.0,310.49999237060547,240.5,60211.198974609375,0.8431597948074341,TRACKING,0.057674142999530886,0.0,12.046930310917377,0,0,0,1
3383,231.84940340499998,220.89999389648438,72.5,179.1999969482422,336.0,310.49999237060547,240.5,60211.198974609375,0.8462139964103699,TRACKING,0.04444909399990138,0.0,14.315750775865332,0,0,0,1
3384,231.92242050300047,220.89999389648438,72.5,179.1999969482422,336.0,310.49999237060547,240.5,60211.198974609375,0.8453613519668579,TRACKING,0.04889876400011417,0.0,13.695422406314618,0,0,0,1
3385,231.99561229200026,220.89999389648438,72.5,179.1999969482422,336.0,310.49999237060547,240.5,60211.198974609375,0.8530816435813904,TRACKING,0.04833453399987775,0.0,13.662734763906746,0,0,0,1
3386,232.0584032529996,220.89999389648438,72.5,179.1999969482422,336.0,310.49999237060547,240.5,60211.198974609375,0.85487961769104,TRACKING,0.04134111599978496,0.0,15.925859137759717,0,0,0,1
3387,232.13084851700023,220.89999389648438,72.5,179.1999969482422,336.0,310.49999237060547,240.5,60211.198974609375,0.8565462231636047,TRACKING,0.042214987999614095,0.0,13.803524823806809,0,0,0,1
3388,232.1958161350003,220.89999389648438,72.5,179.1999969482422,336.0,310.49999237060547,240.5,60211.198974609375,0.8544222116470337,TRACKING,0.04271739300020272,0.0,15.392283583472786,0,0,0,1
3389,232.27049227499992,220.89999389648438,72.5,179.1999969482422,336.0,310.49999237060547,240.5,60211.198974609375,0.8615595102310181,TRACKING,0.05263211700003012,0.0,13.391158139738053,0,0,0,1
3390,232.35952369500046,220.89999389648438,72.5,179.1999969482422,336.0,310.49999237060547,240.5,60211.198974609375,0.859332799911499,TRACKING,0.06005596000068181,0.0,11.231989785111367,0,0,0,1
3391,232.43207687700033,220.89999389648438,72.5,179.1999969482422,336.0,310.49999237060547,240.5,60211.198974609375,0.8644651770591736,TRACKING,0.04633715199997823,0.0,13.782993005073989,0,0,0,1
3392,232.50046737499997,220.89999389648438,72.5,179.1999969482422,336.0,310.49999237060547,240.5,60211.198974609375,0.8711575865745544,TRACKING,0.0473908180001672,0.0,14.621914289982263,0,0,0,1
3393,232.56577171800018,220.89999389648438,72.5,179.1999969482422,336.0,310.49999237060547,240.5,60211.198974609375,0.8728095889091492,TRACKING,0.0426289020006152,0.0,15.312917243449304,0,0,0,1
3394,232.6360906379996,220.89999389648438,72.5,179.1999969482422,336.0,310.49999237060547,240.5,60211.198974609375,0.867902934551239,TRACKING,0.046812004999992496,0.0,14.220923757196656,0,0,0,1
3395,232.71625329200015,220.89999389648438,72.5,179.1999969482422,336.0,310.49999237060547,240.5,60211.198974609375,0.8705459833145142,TRACKING,0.051815591000377026,0.0,12.474636880074033,0,0,0,1
3396,232.78386023199982,220.89999389648438,72.5,179.1999969482422,336.0,310.49999237060547,240.5,60211.198974609375,0.8616632223129272,TRACKING,0.04311156800031313,0.0,14.791380884932334,0,0,0,1
3397,232.8647752959996,220.89999389648438,72.5,179.1999969482422,336.0,310.49999237060547,240.5,60211.198974609375,0.8503371477127075,TRACKING,0.053492551000090316,0.0,12.358638188838222,0,0,0,1
3398,232.9346832709998,220.89999389648438,72.5,179.1999969482422,336.0,310.49999237060547,240.5,60211.198974609375,0.8483831286430359,TRACKING,0.0475597269996797,0.0,14.304519620215842,0,0,0,1
3399,233.0222699220003,220.89999389648438,72.5,179.1999969482422,336.0,310.49999237060547,240.5,60211.198974609375,0.8423637747764587,TRACKING,0.05648839099922043,0.0,11.417264943654214,0,0,0,1
3400,233.115866223,220.89999389648438,72.5,179.1999969482422,336.0,310.49999237060547,240.5,60211.198974609375,0.8472638130187988,TRACKING,0.06864472100005514,0.0,10.684182914484339,0,0,0,1
3401,233.18052107400035,220.89999389648438,72.5,179.1999969482422,336.0,310.49999237060547,240.5,60211.198974609375,0.8558133244514465,TRACKING,0.04156273600074201,0.0,15.466743554860582,0,0,0,1
3402,233.26945384600003,220.89999389648438,72.5,179.1999969482422,336.0,310.49999237060547,240.5,60211.198974609375,0.8612089157104492,TRACKING,0.06369535399971937,0.0,11.244448784342385,0,0,0,1
3403,233.347147597,220.89999389648438,72.5,179.1999969482422,336.0,310.49999237060547,240.5,60211.198974609375,0.8575037717819214,TRACKING,0.054917942999964,0.0,12.871048020327773,0,0,0,1
3404,233.4550190709997,220.89999389648438,72.5,179.1999969482422,336.0,310.49999237060547,240.5,60211.198974609375,0.8545685410499573,TRACKING,0.08267447300022468,0.0,9.270291421092816,0,0,0,1
3405,233.52065680600026,220.89999389648438,72.5,179.1999969482422,336.0,310.49999237060547,240.5,60211.198974609375,0.8645101189613342,TRACKING,0.0440359090007405,0.0,15.235138750467323,0,0,0,1
3406,233.59301946400046,220.89999389648438,72.5,179.1999969482422,336.0,310.49999237060547,240.5,60211.198974609375,0.8681389689445496,TRACKING,0.04601896799977112,0.0,13.819282315434151,0,0,0,1
3407,233.6731085219999,220.89999389648438,72.5,179.1999969482422,336.0,310.49999237060547,240.5,60211.198974609375,0.8602667450904846,TRACKING,0.045394893999400665,0.0,12.486100161236935,0,0,0,1
3408,233.763203556,220.89999389648438,72.5,179.1999969482422,336.0,310.49999237060547,240.5,60211.198974609375,0.8614034056663513,TRACKING,0.06490563800070959,0.0,11.099390894272027,0,0,0,1
3409,233.83369638600016,220.89999389648438,72.5,179.1999969482422,336.0,310.49999237060547,240.5,60211.198974609375,0.85661381483078,TRACKING,0.04449435500009713,0.0,14.185839893190485,0,0,0,1
3410,233.89839545700033,220.89999389648438,72.5,179.1999969482422,336.0,310.49999237060547,240.5,60211.198974609375,0.8499330282211304,TRACKING,0.04307875399990735,0.0,15.456172469574698,0,0,0,1
3411,233.96836713100038,220.89999389648438,72.5,179.1999969482422,336.0,310.49999237060547,240.5,60211.198974609375,0.855388343334198,TRACKING,0.04415835899999365,0.0,14.291497442227424,0,0,0,1
3412,234.03213191299983,220.89999389648438,72.5,179.1999969482422,336.0,310.49999237060547,240.5,60211.198974609375,0.859076201915741,TRACKING,0.03918253299980279,0.0,15.682638105915322,0,0,0,1
3413,234.10766635100026,220.89999389648438,72.5,179.1999969482422,336.0,310.49999237060547,240.5,60211.198974609375,0.8578099012374878,TRACKING,0.05020285099999455,0.0,13.238994377561726,0,0,0,1
3414,234.18194800499987,220.89999389648438,72.5,179.1999969482422,336.0,310.49999237060547,240.5,60211.198974609375,0.8572160005569458,TRACKING,0.04956721500002459,0.0,13.462274278455205,0,0,0,1
3415,234.25505218699982,220.89999389648438,72.5,179.1999969482422,336.0,310.49999237060547,240.5,60211.198974609375,0.8622395396232605,TRACKING,0.04646710199995141,0.0,13.679107988660059,0,0,0,1
3416,234.33135315100026,220.89999389648438,72.5,179.1999969482422,336.0,310.49999237060547,240.5,60211.198974609375,0.8600693345069885,TRACKING,0.05084203099977458,0.0,13.105994309511665,0,0,0,1
3417,234.42248148599992,220.89999389648438,72.5,179.1999969482422,336.0,310.49999237060547,240.5,60211.198974609375,0.8584625124931335,TRACKING,0.04807145599988871,0.0,10.973535289585387,0,0,0,1
3418,234.49189153499992,220.89999389648438,72.5,179.1999969482422,336.0,310.49999237060547,240.5,60211.198974609375,0.8560656309127808,TRACKING,0.04924934399969061,0.0,14.4071357736691,0,0,0,1
3419,234.55997254700014,220.89999389648438,72.5,179.1999969482422,336.0,310.49999237060547,240.5,60211.198974609375,0.8623782396316528,TRACKING,0.04538973699982307,0.0,14.688383304242876,0,0,0,1
3420,234.6357191240004,220.89999389648438,72.5,179.1999969482422,336.0,310.49999237060547,240.5,60211.198974609375,0.87083899974823,TRACKING,0.0473242019997997,0.0,13.201916701750887,0,0,0,1
3421,234.70379893799964,220.89999389648438,72.5,179.1999969482422,336.0,310.49999237060547,240.5,60211.198974609375,0.8735000491142273,TRACKING,0.047089405999940936,0.0,14.688641775828769,0,0,0,1
3422,234.7750627209998,220.89999389648438,72.5,179.1999969482422,336.0,310.49999237060547,240.5,60211.198974609375,0.8753786087036133,TRACKING,0.042601766000188945,0.0,14.032373218209864,0,0,0,1
3423,234.84357514699968,220.89999389648438,72.5,179.1999969482422,336.0,310.49999237060547,240.5,60211.198974609375,0.8685498237609863,TRACKING,0.04582677700000204,0.0,14.595892429818424,0,0,0,1
3424,234.91278185800002,220.89999389648438,72.5,179.1999969482422,336.0,310.49999237060547,240.5,60211.198974609375,0.8703489303588867,TRACKING,0.047688583999843104,0.0,14.449465746106323,0,0,0,1
3425,234.97621965500002,220.89999389648438,72.5,179.1999969482422,336.0,310.49999237060547,240.5,60211.198974609375,0.8728145360946655,TRACKING,0.03851272800056904,0.0,15.763472997019523,0,0,0,1
3426,235.0452184449996,220.89999389648438,72.5,179.1999969482422,336.0,310.49999237060547,240.5,60211.198974609375,0.8734598755836487,TRACKING,0.046957058999396395,0.0,14.493007776024088,0,0,0,1
3427,235.12510744700012,220.89999389648438,72.5,179.1999969482422,336.0,310.49999237060547,240.5,60211.198974609375,0.8666078448295593,TRACKING,0.048076039999614295,0.0,12.517367534437323,0,0,0,1
3428,235.2143857459996,220.89999389648438,72.5,179.1999969482422,336.0,310.49999237060547,240.5,60211.198974609375,0.860914945602417,TRACKING,0.06706552299965551,0.0,11.200930250762614,0,0,0,1
3429,235.33786189799957,220.89999389648438,72.5,179.1999969482422,336.0,310.49999237060547,240.5,60211.198974609375,0.8596878051757812,TRACKING,0.10350003399980778,0.0,8.09872986647876,0,0,0,1
3430,235.40775195599963,220.89999389648438,72.5,179.1999969482422,336.0,310.49999237060547,240.5,60211.198974609375,0.86656653881073,TRACKING,0.04727170099977229,0.0,14.30818672377131,0,0,0,1
3431,235.48939552299998,220.89999389648438,72.5,179.1999969482422,336.0,310.49999237060547,240.5,60211.198974609375,0.8683974146842957,TRACKING,0.05782576000001427,0.0,12.24836244594315,0,0,0,1
3432,235.5704706939996,220.89999389648438,72.5,179.1999969482422,336.0,310.49999237060547,240.5,60211.198974609375,0.8738996386528015,TRACKING,0.05950891800057434,0.0,12.334232387925475,0,0,0,1
3433,235.6400842359999,220.89999389648438,72.5,179.1999969482422,336.0,310.49999237060547,240.5,60211.198974609375,0.8668279051780701,TRACKING,0.04854193400024087,0.0,14.365021104596675,0,0,0,1
3434,235.70468398200046,220.89999389648438,72.5,179.1999969482422,336.0,310.49999237060547,240.5,60211.198974609375,0.863986074924469,TRACKING,0.04260556900044321,0.0,15.479937026241819,0,0,0,1
3435,235.7755480169999,220.89999389648438,72.5,179.1999969482422,336.0,310.49999237060547,240.5,60211.198974609375,0.8667593002319336,TRACKING,0.04625235799994698,0.0,14.111530623510602,0,0,0,1
3436,235.8469255509999,220.89999389648438,72.5,179.1999969482422,336.0,310.49999237060547,240.5,60211.198974609375,0.8674487471580505,TRACKING,0.049817844000244804,0.0,14.010010488730309,0,0,0,1
3437,235.9216621100004,220.89999389648438,72.5,179.1999969482422,336.0,310.49999237060547,240.5,60211.198974609375,0.8667259216308594,TRACKING,0.04382923799948912,0.0,13.380332375130015,0,0,0,1
3438,236.00257305800005,220.89999389648438,72.5,179.1999969482422,336.0,310.49999237060547,240.5,60211.198974609375,0.8640387058258057,TRACKING,0.056573027999547776,0.0,12.359266881958465,0,0,0,1
3439,236.0652770910001,220.89999389648438,72.5,179.1999969482422,336.0,310.49999237060547,240.5,60211.198974609375,0.8628913760185242,TRACKING,0.0406255300003977,0.0,15.947937511440054,0,0,0,1
3440,236.15592901000036,220.89999389648438,72.5,179.1999969482422,336.0,310.49999237060547,240.5,60211.198974609375,0.869617760181427,TRACKING,0.06602425300025061,0.0,11.031206079565413,0,0,0,1
3441,236.2364758900003,220.89999389648438,72.5,179.1999969482422,336.0,310.49999237060547,240.5,60211.198974609375,0.8681338429450989,TRACKING,0.05573134399946866,0.0,12.415130170167762,0,0,0,1
3442,236.3096835639999,220.89999389648438,72.5,179.1999969482422,336.0,310.49999237060547,240.5,60211.198974609375,0.8652446269989014,TRACKING,0.043230006999692705,0.0,13.659770149307041,0,0,0,1
3443,236.3876112779999,220.89999389648438,72.5,179.1999969482422,336.0,310.49999237060547,240.5,60211.198974609375,0.8623509407043457,TRACKING,0.05437767300009,0.0,12.832405169745261,0,0,0,1
3444,236.46846331899997,220.89999389648438,72.5,179.1999969482422,336.0,310.49999237060547,240.5,60211.198974609375,0.8679953813552856,TRACKING,0.05557066399978794,0.0,12.368271569039566,0,0,0,1
3445,236.54717656899993,220.89999389648438,72.5,179.1999969482422,336.0,310.49999237060547,240.5,60211.198974609375,0.8658693432807922,TRACKING,0.0513289150003402,0.0,12.70434139106762,0,0,0,1
3446,236.62405509600012,220.89999389648438,72.5,179.1999969482422,336.0,310.49999237060547,240.5,60211.198974609375,0.8624973893165588,TRACKING,0.054325692000020354,0.0,13.00753329987097,0,0,0,1
3447,236.7023875570003,220.89999389648438,72.5,179.1999969482422,336.0,310.49999237060547,240.5,60211.198974609375,0.8556546568870544,TRACKING,0.04954856800031848,0.0,12.76609961223859,0,0,0,1
3448,236.7767550460003,220.89999389648438,72.5,179.1999969482422,336.0,310.49999237060547,240.5,60211.198974609375,0.8690497279167175,TRACKING,0.05333145400072681,0.0,13.446736113411683,0,0,0,1
3449,236.86379621800006,220.89999389648438,72.5,179.1999969482422,336.0,310.49999237060547,240.5,60211.198974609375,0.8933297991752625,TRACKING,0.052488884999547736,0.0,11.48881589051467,0,0,0,1
3450,236.96561418799956,220.89999389648438,72.5,179.1999969482422,336.0,310.49999237060547,240.5,60211.198974609375,0.8640004992485046,TRACKING,0.06137046399999235,0.0,9.82144900359823,0,0,0,1
3451,237.03874482900028,220.89999389648438,72.5,179.1999969482422,336.0,310.49999237060547,240.5,60211.198974609375,0.8518471717834473,TRACKING,0.05090651099999377,0.0,13.674158824755871,0,0,0,1
3452,237.11396999099998,220.89999389648438,72.5,179.1999969482422,336.0,310.49999237060547,240.5,60211.198974609375,0.8235118389129639,TRACKING,0.0494859099999303,0.0,13.293424346550822,0,0,0,1
3453,237.18404041600024,220.89999389648438,72.5,179.1999969482422,336.0,310.49999237060547,240.5,60211.198974609375,0.813198447227478,TRACKING,0.048058799000500585,0.0,14.271356281857654,0,0,0,1
3454,237.30586278600003,220.89999389648438,72.5,179.1999969482422,336.0,310.49999237060547,240.5,60211.198974609375,0.834544837474823,TRACKING,0.09951172800083441,0.0,8.208673004816095,0,0,0,1
3455,237.38403560900042,220.89999389648438,72.5,179.1999969482422,336.0,310.49999237060547,240.5,60211.198974609375,0.8573200106620789,TRACKING,0.05456564399992203,0.0,12.792169472951704,0,0,0,1
3456,237.44906781099962,220.89999389648438,72.5,179.1999969482422,336.0,310.49999237060547,240.5,60211.198974609375,0.8547133803367615,TRACKING,0.043424178000350366,0.0,15.376997383731126,0,0,0,1
3457,237.52261663799982,220.89999389648438,72.5,179.1999969482422,336.0,310.49999237060547,240.5,60211.198974609375,0.8420459628105164,TRACKING,0.0516859530007423,0.0,13.596409905998181,0,0,0,1
3458,237.58904032600003,220.89999389648438,72.5,179.1999969482422,336.0,310.49999237060547,240.5,60211.198974609375,0.8396866321563721,TRACKING,0.042462024000087695,0.0,15.05487018421477,0,0,0,1
3459,237.6788310310003,220.89999389648438,72.5,179.1999969482422,336.0,310.49999237060547,240.5,60211.198974609375,0.8316171169281006,TRACKING,0.0620136019997517,0.0,11.137010228363929,0,0,0,1
3460,237.74682386400036,220.89999389648438,72.5,179.1999969482422,336.0,310.49999237060547,240.5,60211.198974609375,0.8456482291221619,TRACKING,0.04544859199995699,0.0,14.707432473053252,0,0,0,1
3461,237.81805769699986,220.89999389648438,72.5,179.1999969482422,336.0,310.49999237060547,240.5,60211.198974609375,0.8421852588653564,TRACKING,0.04936205399917526,0.0,14.038273077444394,0,0,0,1
3462,237.88001447500028,220.89999389648438,72.5,179.1999969482422,336.0,310.49999237060547,240.5,60211.198974609375,0.8409386277198792,TRACKING,0.03631273700011661,0.0,16.14028411860269,0,0,0,1
3463,237.93471319499986,220.89999389648438,72.5,179.1999969482422,336.0,310.49999237060547,240.5,60211.198974609375,0.817939043045044,TRACKING,0.03451020299962693,0.0,18.281963453764718,0,0,0,1
3464,237.9889632610002,220.89999389648438,72.5,179.1999969482422,336.0,310.49999237060547,240.5,60211.198974609375,0.8312257528305054,TRACKING,0.03291965100015659,0.0,18.433157297791173,0,0,0,1
3465,238.05991755800005,220.89999389648438,72.5,179.1999969482422,336.0,310.49999237060547,240.5,60211.198974609375,0.8139253258705139,TRACKING,0.04698549700060539,0.0,14.093579138726462,0,0,0,1
3466,238.1443838360001,220.89999389648438,72.5,179.1999969482422,336.0,310.49999237060547,240.5,60211.198974609375,0.8122147917747498,TRACKING,0.053381403000457794,0.0,11.839044215960016,0,0,0,1
3467,238.2171934300004,220.89999389648438,72.5,179.1999969482422,336.0,310.49999237060547,240.5,60211.198974609375,0.8345969319343567,TRACKING,0.05071015300018189,0.0,13.734453731408308,0,0,0,1
3468,238.29661398499957,220.89999389648438,72.5,179.1999969482422,336.0,310.49999237060547,240.5,60211.198974609375,0.8457351922988892,TRACKING,0.05028780199972971,0.0,12.591198840282264,0,0,0,1
3469,238.37683820199982,215.99240112304688,67.5924072265625,179.1999969482422,336.0,305.59239959716797,235.5924072265625,60211.198974609375,0.8456104397773743,TRACKING,0.0581154540004718,0.0,12.465064009249014,0,0,0,1
3470,238.4631926940001,215.89999389648438,67.5,179.1999969482422,336.0,305.49999237060547,235.5,60211.198974609375,0.8592172861099243,TRACKING,0.06473964499946305,0.0,11.580173501532851,0,0,0,1
3471,238.52787520200036,215.89999389648438,67.5,179.1999969482422,336.0,305.49999237060547,235.5,60211.198974609375,0.873721718788147,TRACKING,0.04170659299961699,0.0,15.460130271942774,0,0,0,1
3472,238.604742687,215.89999389648438,67.5,179.1999969482422,336.0,305.49999237060547,235.5,60211.198974609375,0.8791901469230652,TRACKING,0.0550676860002568,0.0,13.009401829716433,0,0,0,1
3473,238.68104177500027,215.89999389648438,67.5,179.1999969482422,336.0,305.49999237060547,235.5,60211.198974609375,0.8647940754890442,TRACKING,0.050364572999569646,0.0,13.10631655251862,0,0,0,1
3474,238.75741133300016,215.89999389648438,67.5,179.1999969482422,336.0,305.49999237060547,235.5,60211.198974609375,0.8681041598320007,TRACKING,0.05391552800028876,0.0,13.094222700638825,0,0,0,1
3475,238.83119354999963,215.89999389648438,67.5,179.1999969482422,336.0,305.49999237060547,235.5,60211.198974609375,0.8557312488555908,TRACKING,0.04872438599977613,0.0,13.553401356959743,0,0,0,1
3476,238.89723400099956,215.89999389648438,67.5,179.1999969482422,336.0,305.49999237060547,235.5,60211.198974609375,0.8507934808731079,TRACKING,0.040765845000350964,0.0,15.142234567734555,0,0,0,1
3477,238.97759348100044,215.89999389648438,67.5,179.1999969482422,336.0,305.49999237060547,235.5,60211.198974609375,0.8396669626235962,TRACKING,0.04923449999932927,0.0,12.444082515081664,0,0,0,1
3478,239.04701029999978,215.89999389648438,67.5,179.1999969482422,336.0,305.49999237060547,235.5,60211.198974609375,0.8217732906341553,TRACKING,0.04808051800046087,0.0,14.405730692002166,0,0,0,1
3479,239.18773975600016,215.89999389648438,67.5,179.1999969482422,336.0,305.49999237060547,235.5,60211.198974609375,0.8244709968566895,TRACKING,0.1034474810003303,0.0,7.105832911038585,0,0,0,1
3480,239.27798395900027,215.89999389648438,67.5,179.1999969482422,336.0,305.49999237060547,235.5,60211.198974609375,0.8139063715934753,TRACKING,0.06750011500025721,0.0,11.081044175200574,0,0,0,1
3481,239.3731706540002,215.89999389648438,67.5,179.1999969482422,336.0,305.49999237060547,235.5,60211.198974609375,0.8157078623771667,TRACKING,0.05342234100044152,0.0,10.505669936335602,0,0,0,1
3482,239.44160927699977,215.89999389648438,67.5,179.1999969482422,336.0,305.49999237060547,235.5,60211.198974609375,0.812116801738739,TRACKING,0.04190550200019061,0.0,14.611632382000908,0,0,0,1
3483,239.50881173000016,215.89999389648438,67.5,179.1999969482422,336.0,305.49999237060547,235.5,60211.198974609375,0.8062748908996582,TRACKING,0.04142523200061987,0.0,14.880409201643017,0,0,0,1
3484,239.58258503999969,215.89999389648438,67.5,179.1999969482422,336.0,305.49999237060547,235.5,60211.198974609375,0.7961726188659668,TRACKING,0.05172840199975326,0.0,13.555037723079707,0,0,0,1
3485,239.6524575450003,215.89999389648438,67.5,179.1999969482422,336.0,305.49999237060547,235.5,60211.198974609375,0.7847334742546082,TRACKING,0.047793534000447835,0.0,14.311781150416264,0,0,0,1
3486,239.72557141499965,215.89999389648438,67.5,179.1999969482422,336.0,305.49999237060547,235.5,60211.198974609375,0.8052112460136414,TRACKING,0.044228671999917424,0.0,13.677295429837637,0,0,0,1
3487,239.80054011300035,215.89999389648438,67.5,179.1999969482422,336.0,305.49999237060547,235.5,60211.198974609375,0.8141471147537231,TRACKING,0.05411454199929722,0.0,13.338900456702964,0,0,0,1
3488,239.8725864099997,215.89999389648438,67.5,179.1999969482422,336.0,305.49999237060547,235.5,60211.198974609375,0.8102781176567078,TRACKING,0.04611167800067051,0.0,13.879963879460401,0,0,0,1
3489,239.94418275000044,215.89999389648438,67.5,179.1999969482422,336.0,305.49999237060547,235.5,60211.198974609375,0.7980194091796875,TRACKING,0.048677822000172455,0.0,13.967194412310567,0,0,0,1
3490,240.04189126500023,215.89999389648438,67.5,179.1999969482422,336.0,305.49999237060547,235.5,60211.198974609375,0.8086196184158325,TRACKING,0.053364632000011625,0.0,10.234522549054205,0,0,0,1
3491,240.12173016199995,215.89999389648438,67.5,179.1999969482422,336.0,305.49999237060547,235.5,60211.198974609375,0.8151432871818542,TRACKING,0.04944148199956544,0.0,12.52522313783388,0,0,0,1
3492,240.19038295599967,215.89999389648438,67.5,179.1999969482422,336.0,305.49999237060547,235.5,60211.198974609375,0.8117112517356873,TRACKING,0.04048078699997859,0.0,14.566049562441876,0,0,0,1
3493,240.26922917699994,215.89999389648438,67.5,179.1999969482422,336.0,305.49999237060547,235.5,60211.198974609375,0.803019106388092,TRACKING,0.05230586099969514,0.0,12.682916027091471,0,0,0,1
3494,240.33770582099987,215.89999389648438,67.5,179.1999969482422,336.0,305.49999237060547,235.5,60211.198974609375,0.8083472847938538,TRACKING,0.046249858000010136,0.0,14.60351941314518,0,0,0,1
3495,240.40724441299972,215.89999389648438,67.5,179.1999969482422,336.0,305.49999237060547,235.5,60211.198974609375,0.8008474111557007,TRACKING,0.045338955000261194,0.0,14.380503994130889,0,0,0,1
3496,240.48650637100036,215.89999389648438,67.5,179.1999969482422,336.0,305.49999237060547,235.5,60211.198974609375,0.7937512397766113,TRACKING,0.0569469409992962,0.0,12.616392847523233,0,0,0,1
3497,240.55111346099966,215.89999389648438,67.5,179.1999969482422,336.0,305.49999237060547,235.5,60211.198974609375,0.7812570333480835,TRACKING,0.043637723999381706,0.0,15.478177395249453,0,0,0,1
3498,240.616264624,215.89999389648438,67.5,179.1999969482422,336.0,305.49999237060547,235.5,60211.198974609375,0.7850756049156189,TRACKING,0.043079640000541986,0.0,15.348920171921229,0,0,0,1
3499,240.6843878239997,215.89999389648438,67.5,179.1999969482422,336.0,305.49999237060547,235.5,60211.198974609375,0.7991538047790527,TRACKING,0.043976115999612375,0.0,14.679286939018407,0,0,0,1
3500,240.74883511900043,215.89999389648438,67.5,179.1999969482422,336.0,305.49999237060547,235.5,60211.198974609375,0.8076978325843811,TRACKING,0.04155237000031775,0.0,15.516555039103693,0,0,0,1
3501,240.82761785000002,215.89999389648438,67.5,179.1999969482422,336.0,305.49999237060547,235.5,60211.198974609375,0.8100851774215698,TRACKING,0.05699293099951319,0.0,12.693137027773007,0,0,0,1
3502,240.89583818699975,215.89999389648438,67.5,179.1999969482422,336.0,305.49999237060547,235.5,60211.198974609375,0.8097805380821228,TRACKING,0.041929930000151217,0.0,14.65838551932048,0,0,0,1
3503,240.96320809099961,215.89999389648438,67.5,179.1999969482422,336.0,305.49999237060547,235.5,60211.198974609375,0.8036558628082275,TRACKING,0.04764691600030346,0.0,14.843423259176138,0,0,0,1
3504,241.07301527900017,215.89999389648438,67.5,179.1999969482422,336.0,305.49999237060547,235.5,60211.198974609375,0.7938957214355469,TRACKING,0.08765019400016172,0.0,9.106871947170783,0,0,0,1
3505,241.148690344,215.89999389648438,67.5,179.1999969482422,336.0,305.49999237060547,235.5,60211.198974609375,0.8225311636924744,TRACKING,0.047675927999989653,0.0,13.214392349745046,0,0,0,1
3506,241.22140332100025,215.89999389648438,67.5,179.1999969482422,336.0,305.49999237060547,235.5,60211.198974609375,0.8193408846855164,TRACKING,0.04632386899993435,0.0,13.752703317268365,0,0,0,1
3507,241.28914093999992,215.89999389648438,67.5,179.1999969482422,336.0,305.49999237060547,235.5,60211.198974609375,0.8362557291984558,TRACKING,0.04136299199944915,0.0,14.762845443457946,0,0,0,1
3508,241.367666999,215.89999389648438,67.5,179.1999969482422,336.0,305.49999237060547,235.5,60211.198974609375,0.8331204056739807,TRACKING,0.05402823799977341,0.0,12.734626093983938,0,0,0,1
3509,241.44299888099977,215.89999389648438,67.5,179.1999969482422,336.0,305.49999237060547,235.5,60211.198974609375,0.84212327003479,TRACKING,0.05128448700088484,0.0,13.274592024702276,0,0,0,1
3510,241.5166825010001,215.89999389648438,67.5,179.1999969482422,336.0,305.49999237060547,235.5,60211.198974609375,0.8657744526863098,TRACKING,0.049498411000058695,0.0,13.571537337544099,0,0,0,1
3511,241.59344795299967,215.89999389648438,67.5,179.1999969482422,336.0,305.49999237060547,235.5,60211.198974609375,0.8595625162124634,TRACKING,0.05296644700047182,0.0,13.026693309976102,0,0,0,1
3512,241.6601683130002,215.89999389648438,67.5,179.1999969482422,336.0,305.49999237060547,235.5,60211.198974609375,0.8670518398284912,TRACKING,0.04709534299945517,0.0,14.987928722084698,0,0,0,1
3513,241.7300338900004,215.89999389648438,67.5,179.1999969482422,336.0,305.49999237060547,235.5,60211.198974609375,0.849224328994751,TRACKING,0.04769212599967432,0.0,14.31320033322174,0,0,0,1
3514,241.80219633599972,215.89999389648438,67.5,179.1999969482422,336.0,305.49999237060547,235.5,60211.198974609375,0.8539894819259644,TRACKING,0.0463947050002389,0.0,13.857623396102033,0,0,0,1
3515,241.88153266999961,210.99240112304688,67.5,179.1999969482422,336.0,300.59239959716797,235.5,60211.198974609375,0.8069689273834229,TRACKING,0.05714730900035647,0.0,12.604565267678998,0,0,0,1
3516,241.94812682999964,210.89999389648438,67.5,179.1999969482422,336.0,300.49999237060547,235.5,60211.198974609375,0.8158197402954102,TRACKING,0.04036135800015472,0.0,15.016331762419766,0,0,0,1
3517,242.02129721100027,205.99240112304688,67.5,179.1999969482422,336.0,295.59239959716797,235.5,60211.198974609375,0.7818053960800171,TRACKING,0.050517128000137745,0.0,13.666732171195068,0,0,0,1
3518,242.0901912600002,205.89999389648438,67.5,179.1999969482422,336.0,295.49999237060547,235.5,60211.198974609375,0.7591537237167358,TRACKING,0.04676351299985981,0.0,14.515041785407584,0,0,0,1
3519,242.17761306400007,200.99240112304688,67.5,179.1999969482422,336.0,290.59239959716797,235.5,60211.198974609375,0.7374005317687988,TRACKING,0.06449146300019493,0.0,11.438793919210436,0,0,0,1
3520,242.27127285400002,195.99240112304688,67.5,179.1999969482422,336.0,285.59239959716797,235.5,60211.198974609375,0.7079343199729919,LOW_SCORE,0.0629677349998019,0.0,10.67694044584732,1,0,1,1
3521,242.34350066499974,195.89999389648438,72.4075927734375,179.1999969482422,336.0,285.49999237060547,240.4075927734375,60211.198974609375,0.705187201499939,LOW_SCORE,0.0495477859994935,0.0,13.84508247112555,1,0,2,1
3522,242.4102546719996,195.89999389648438,72.5,179.1999969482422,336.0,285.49999237060547,240.5,60211.198974609375,0.6801437735557556,LOW_SCORE,0.044703474000016286,0.0,14.98037413697,1,0,3,1
3523,242.48273123800027,195.89999389648438,72.5,179.1999969482422,336.0,285.49999237060547,240.5,60211.198974609375,0.6653540730476379,LOW_SCORE,0.049371013000381936,0.0,13.797563201199383,1,0,4,1
3524,242.57484125799965,190.99240112304688,72.5,179.1999969482422,336.0,280.59239959716797,240.5,60211.198974609375,0.6771273612976074,LOW_SCORE,0.06788470600076835,0.0,10.856582161275325,1,0,5,1
3525,242.6548971379998,190.89999389648438,72.5,179.1999969482422,336.0,280.49999237060547,240.5,60211.198974609375,0.681147575378418,LOW_SCORE,0.049235749000217766,0.0,12.491274844498413,1,0,6,1
3526,242.7187814529998,190.89999389648438,72.5,179.1999969482422,336.0,280.49999237060547,240.5,60211.198974609375,0.6786494255065918,LOW_SCORE,0.04227660299966374,0.0,15.65329455281891,1,0,7,1
3527,242.7869933009997,190.89999389648438,72.5,179.1999969482422,336.0,280.49999237060547,240.5,60211.198974609375,0.6702512502670288,LOW_SCORE,0.045978707000358554,0.0,14.66020976298997,1,0,8,1
3528,242.86140464399978,190.89999389648438,72.5,179.1999969482422,336.0,280.49999237060547,240.5,60211.198974609375,0.6613895893096924,LOW_SCORE,0.05191897799977596,0.0,13.438811338200457,1,0,9,1
3529,243.00643480800045,190.89999389648438,72.5,179.1999969482422,336.0,280.49999237060547,240.5,60211.198974609375,0.6497629880905151,LOST,0.12175096099963412,0.0,6.89511734948711,1,0,10,1
3530,243.08693064399995,190.89999389648438,72.5,179.1999969482422,336.0,280.49999237060547,240.5,60211.198974609375,0.670375406742096,LOST,0.05532331599988538,0.0,12.4230028495662,1,0,11,1
3531,243.1640961029998,190.89999389648438,72.5,179.1999969482422,336.0,280.49999237060547,240.5,60211.198974609375,0.6749864220619202,LOST,0.05135750899989944,0.0,12.959166095312534,1,0,12,1
3532,243.2320457579999,190.89999389648438,72.5,179.1999969482422,336.0,280.49999237060547,240.5,60211.198974609375,0.6717391014099121,LOST,0.045200827000371646,0.0,14.716778179348049,1,0,13,1
3533,243.2996670729999,190.89999389648438,72.5,179.1999969482422,336.0,280.49999237060547,240.5,60211.198974609375,0.6730765700340271,LOST,0.0462085550007032,0.0,14.788236519802211,1,0,14,1
3534,243.37135596700045,190.89999389648438,72.5,179.1999969482422,336.0,280.49999237060547,240.5,60211.198974609375,0.6741207242012024,LOST,0.04600469700017129,0.0,13.949162055595421,1,0,15,1
3535,243.44072653500007,190.89999389648438,72.5,179.1999969482422,336.0,280.49999237060547,240.5,60211.198974609375,0.6755869388580322,LOST,0.0453419240002404,0.0,14.415335333647278,1,0,16,1
3536,243.5084032679997,190.89999389648438,72.5,179.1999969482422,336.0,280.49999237060547,240.5,60211.198974609375,0.67164546251297,LOST,0.04313979800008383,0.0,14.776126974173893,1,0,17,1
3537,243.57545582199964,190.89999389648438,72.5,179.1999969482422,336.0,280.49999237060547,240.5,60211.198974609375,0.672322154045105,LOST,0.045344630999352376,0.0,14.913675025727729,1,0,18,1
3538,243.64576620000025,190.89999389648438,72.5,179.1999969482422,336.0,280.49999237060547,240.5,60211.198974609375,0.686996579170227,LOST,0.04312161899997591,0.0,14.222651455397946,1,0,19,1
3539,243.72287457400034,190.89999389648438,72.5,179.1999969482422,336.0,280.49999237060547,240.5,60211.198974609375,0.6818263530731201,LOST,0.047861815999567625,0.0,12.968760046721092,1,0,20,1
3540,243.807755756,190.89999389648438,72.5,179.1999969482422,336.0,280.49999237060547,240.5,60211.198974609375,0.6892516016960144,LOST,0.06240251599956537,0.0,11.781174300847676,1,0,21,1
3541,243.8827719029996,190.89999389648438,72.5,179.1999969482422,336.0,280.49999237060547,240.5,60211.198974609375,0.6854627728462219,LOST,0.048612821000460826,0.0,13.330463373512114,1,0,22,1
3542,243.9592670359998,190.89999389648438,72.5,179.1999969482422,336.0,280.49999237060547,240.5,60211.198974609375,0.6898064613342285,LOST,0.04493243600063579,0.0,13.072727123662686,1,0,23,1
3543,244.03129510399958,190.89999389648438,72.5,179.1999969482422,336.0,280.49999237060547,240.5,60211.198974609375,0.6800938844680786,LOST,0.05031650000000809,0.0,13.883476646951515,1,0,24,1
3544,244.10235945400018,190.89999389648438,72.5,179.1999969482422,336.0,280.49999237060547,240.5,60211.198974609375,0.6815311908721924,LOST,0.04904084900044836,0.0,14.071753277017189,1,0,25,1
3545,244.20878475300015,190.89999389648438,72.5,179.1999969482422,336.0,280.49999237060547,240.5,60211.198974609375,0.686203122138977,LOST,0.05236476800018863,0.0,9.396262067352243,1,0,26,1
3546,244.28884886200012,190.89999389648438,72.5,179.1999969482422,336.0,280.49999237060547,240.5,60211.198974609375,0.6765379905700684,LOST,0.05807628500042483,0.0,12.48999098959916,1,0,27,1
3547,244.3567085149998,190.89999389648438,72.5,179.1999969482422,336.0,280.49999237060547,240.5,60211.198974609375,0.6787278056144714,LOST,0.042053318000398576,0.0,14.73629698643784,1,0,28,1
3548,244.42135638699983,190.89999389648438,72.5,179.1999969482422,336.0,280.49999237060547,240.5,60211.198974609375,0.6737351417541504,LOST,0.044681962999675306,0.0,15.468413252637939,1,0,29,1
3549,244.4869236000004,190.89999389648438,72.5,179.1999969482422,336.0,280.49999237060547,240.5,60211.198974609375,0.6702620387077332,LOST,0.0447114420003345,0.0,15.251525179073901,1,0,30,1
3550,244.57055147600022,190.89999389648438,72.5,179.1999969482422,336.0,280.49999237060547,240.5,60211.198974609375,0.6831442713737488,LOST,0.049027046999981394,0.0,11.957735241324055,1,0,31,1
3551,244.64505292499962,190.89999389648438,72.5,179.1999969482422,336.0,280.49999237060547,240.5,60211.198974609375,0.6903305053710938,LOST,0.052395863000128884,0.0,13.422557727810972,1,0,32,1
3552,244.72591835099956,190.89999389648438,72.5,179.1999969482422,336.0,280.49999237060547,240.5,60211.198974609375,0.6860201358795166,LOST,0.05132318599953578,0.0,12.366224349089203,1,0,33,1
3553,244.80121320099988,190.89999389648438,72.5,179.1999969482422,336.0,280.49999237060547,240.5,60211.198974609375,0.6874688863754272,LOST,0.05343609200008359,0.0,13.281120820292083,1,0,34,1
3554,244.92788561199995,190.89999389648438,72.5,179.1999969482422,336.0,280.49999237060547,240.5,60211.198974609375,0.6848589181900024,LOST,0.10464385799969023,0.0,7.894378832020724,1,0,35,1
3555,245.00837639600013,190.89999389648438,72.5,179.1999969482422,336.0,280.49999237060547,240.5,60211.198974609375,0.7758405804634094,TRACKING,0.060437372999331274,0.0,12.423782578609405,0,0,0,1
3556,245.07326333499987,190.89999389648438,72.5,179.1999969482422,336.0,280.49999237060547,240.5,60211.198974609375,0.7729778289794922,TRACKING,0.04372538200004783,0.0,15.411422012126248,0,0,0,1
3557,245.15887447899968,190.89999389648438,72.5,179.1999969482422,336.0,280.49999237060547,240.5,60211.198974609375,0.7689149379730225,TRACKING,0.06146989399985614,0.0,11.680722313466381,0,0,0,1
3558,245.23801747699963,190.89999389648438,72.5,179.1999969482422,336.0,280.49999237060547,240.5,60211.198974609375,0.7730569243431091,TRACKING,0.056963191000249935,0.0,12.635356573181696,0,0,0,1
3559,245.3065366210003,190.89999389648438,72.5,179.1999969482422,336.0,280.49999237060547,240.5,60211.198974609375,0.7750741839408875,TRACKING,0.045742243999484344,0.0,14.594461366740846,0,0,0,1
3560,245.38091697399977,190.89999389648438,72.5,179.1999969482422,336.0,280.49999237060547,240.5,60211.198974609375,0.7794870734214783,TRACKING,0.0477294170004825,0.0,13.444410515329695,0,0,0,1
3561,245.4544516850001,190.89999389648438,72.5,179.1999969482422,336.0,280.49999237060547,240.5,60211.198974609375,0.7810035943984985,TRACKING,0.045490155999686976,0.0,13.59901992401443,0,0,0,1
3562,245.54164129699984,190.89999389648438,72.5,179.1999969482422,336.0,280.49999237060547,240.5,60211.198974609375,0.7785428762435913,TRACKING,0.05797784599963052,0.0,11.469256222896123,0,0,0,1
3563,245.6196250539997,190.89999389648438,72.5,179.1999969482422,336.0,280.49999237060547,240.5,60211.198974609375,0.7788138389587402,TRACKING,0.04798978700000589,0.0,12.823183166230926,0,0,0,1
3564,245.68664364800043,190.89999389648438,72.5,179.1999969482422,336.0,280.49999237060547,240.5,60211.198974609375,0.7772241830825806,TRACKING,0.04578734899951087,0.0,14.921232158184758,0,0,0,1
3565,245.74961060199985,190.89999389648438,72.5,179.1999969482422,336.0,280.49999237060547,240.5,60211.198974609375,0.7756469249725342,TRACKING,0.041055433999645174,0.0,15.881346269492308,0,0,0,1
3566,245.82817817199975,190.89999389648438,72.5,179.1999969482422,336.0,280.49999237060547,240.5,60211.198974609375,0.7786353230476379,TRACKING,0.05655438099984167,0.0,12.727897782777466,0,0,0,1
3567,245.89068209499965,190.89999389648438,72.5,179.1999969482422,336.0,280.49999237060547,240.5,60211.198974609375,0.7804884314537048,TRACKING,0.04164982000020245,0.0,15.998995775060143,0,0,0,1
3568,245.9788273510003,190.89999389648438,72.5,179.1999969482422,336.0,280.49999237060547,240.5,60211.198974609375,0.7777882218360901,TRACKING,0.058435406999706174,0.0,11.344910042495052,0,0,0,1
3569,246.04788567299966,190.89999389648438,72.5,179.1999969482422,336.0,280.49999237060547,240.5,60211.198974609375,0.7765652537345886,TRACKING,0.045509321999816166,0.0,14.48051402131097,0,0,0,1
3570,246.12192601900006,190.89999389648438,72.5,179.1999969482422,336.0,280.49999237060547,240.5,60211.198974609375,0.7720879316329956,TRACKING,0.04791733799993381,0.0,13.50614974158243,0,0,0,1
3571,246.19226077199983,190.89999389648438,72.5,179.1999969482422,336.0,280.49999237060547,240.5,60211.198974609375,0.774038553237915,TRACKING,0.04767675999937637,0.0,14.217722496349284,0,0,0,1
3572,246.26237093800046,190.89999389648438,72.5,179.1999969482422,336.0,280.49999237060547,240.5,60211.198974609375,0.7788044214248657,TRACKING,0.048179269999309327,0.0,14.263266756364429,0,0,0,1
3573,246.33301981099976,190.89999389648438,72.5,179.1999969482422,336.0,280.49999237060547,240.5,60211.198974609375,0.7782944440841675,TRACKING,0.048650216999703844,0.0,14.154507461285494,0,0,0,1
3574,246.4015804669998,190.89999389648438,72.5,179.1999969482422,336.0,280.49999237060547,240.5,60211.198974609375,0.7774603962898254,TRACKING,0.046815701999548764,0.0,14.585624734969597,0,0,0,1
3575,246.4671816910004,190.89999389648438,72.5,179.1999969482422,336.0,280.49999237060547,240.5,60211.198974609375,0.7721754312515259,TRACKING,0.04413955600011832,0.0,15.24361801528005,0,0,0,1
3576,246.5395900780004,190.89999389648438,72.5,179.1999969482422,336.0,280.49999237060547,240.5,60211.198974609375,0.778014600276947,TRACKING,0.04784264899990376,0.0,13.810554846361336,0,0,0,1
3577,246.60341408000022,190.89999389648438,72.5,179.1999969482422,336.0,280.49999237060547,240.5,60211.198974609375,0.7740763425827026,TRACKING,0.041896179000104894,0.0,15.668086748976211,0,0,0,1
3578,246.67801839500044,190.89999389648438,72.5,179.1999969482422,336.0,280.49999237060547,240.5,60211.198974609375,0.7780906558036804,TRACKING,0.04680971200014028,0.0,13.404050422513983,0,0,0,1
3579,246.78426483600015,190.89999389648438,72.5,179.1999969482422,336.0,280.49999237060547,240.5,60211.198974609375,0.7758203148841858,TRACKING,0.08225805800066155,0.0,9.412079977368007,0,0,0,1
3580,246.86067001999982,190.89999389648438,72.5,179.1999969482422,336.0,280.49999237060547,240.5,60211.198974609375,0.8029038906097412,TRACKING,0.053922559000056935,0.0,13.088117162368752,0,0,0,1
3581,246.93571366600008,190.89999389648438,72.5,179.1999969482422,336.0,280.49999237060547,240.5,60211.198974609375,0.8037452697753906,TRACKING,0.04993414799992024,0.0,13.325578557263006,0,0,0,1
3582,247.014019147,190.89999389648438,72.5,179.1999969482422,336.0,280.49999237060547,240.5,60211.198974609375,0.8047582507133484,TRACKING,0.04822427100043569,0.0,12.770498146880369,0,0,0,1
3583,247.0817983300003,190.89999389648438,72.5,179.1999969482422,336.0,280.49999237060547,240.5,60211.198974609375,0.8068992495536804,TRACKING,0.04277291600010358,0.0,14.753792473352808,0,0,0,1
3584,247.16345632400044,190.89999389648438,72.5,179.1999969482422,336.0,280.49999237060547,240.5,60211.198974609375,0.7919983267784119,TRACKING,0.05602364199967269,0.0,12.246198455456453,0,0,0,1
3585,247.23415405299966,190.89999389648438,72.5,179.1999969482422,336.0,280.49999237060547,240.5,60211.198974609375,0.780683159828186,TRACKING,0.0466260630000761,0.0,14.144725921974365,0,0,0,1
3586,247.31034740900031,190.89999389648438,72.5,179.1999969482422,336.0,280.49999237060547,240.5,60211.198974609375,0.7790005207061768,TRACKING,0.050258164000297256,0.0,13.124503926449451,0,0,0,1
3587,247.3810340959999,190.89999389648438,72.5,179.1999969482422,336.0,280.49999237060547,240.5,60211.198974609375,0.781471848487854,TRACKING,0.04855854800007364,0.0,14.146935476067117,0,0,0,1
3588,247.45385145,190.89999389648438,72.5,179.1999969482422,336.0,280.49999237060547,240.5,60211.198974609375,0.785398542881012,TRACKING,0.04769847900024615,0.0,13.732990078141489,0,0,0,1
3589,247.53129425800034,190.89999389648438,72.5,179.1999969482422,336.0,280.49999237060547,240.5,60211.198974609375,0.7871686816215515,TRACKING,0.050494211000113864,0.0,12.912754919676814,0,0,0,1
3590,247.6301500339996,190.89999389648438,72.5,179.1999969482422,336.0,280.49999237060547,240.5,60211.198974609375,0.7873803973197937,TRACKING,0.0727302690002034,0.0,10.115746802771957,0,0,0,1
3591,247.70468101400002,190.89999389648438,72.5,179.1999969482422,336.0,280.49999237060547,240.5,60211.198974609375,0.7802465558052063,TRACKING,0.049171788999956334,0.0,13.417239381454433,0,0,0,1
3592,247.77378761900036,190.89999389648438,72.5,179.1999969482422,336.0,280.49999237060547,240.5,60211.198974609375,0.7761586904525757,TRACKING,0.04456821100029629,0.0,14.47039685996786,0,0,0,1
3593,247.84118726199995,190.89999389648438,72.5,179.1999969482422,336.0,280.49999237060547,240.5,60211.198974609375,0.7791782021522522,TRACKING,0.041982794999967155,0.0,14.836873839318253,0,0,0,1
3594,247.91805735100024,190.89999389648438,72.5,179.1999969482422,336.0,280.49999237060547,240.5,60211.198974609375,0.781818687915802,TRACKING,0.05371703400032857,0.0,13.008961131763051,0,0,0,1
3595,247.98970337900028,190.89999389648438,72.5,179.1999969482422,336.0,280.49999237060547,240.5,60211.198974609375,0.7837064862251282,TRACKING,0.04943736799941689,0.0,13.957507874680145,0,0,0,1
3596,248.06607564600017,190.89999389648438,72.5,179.1999969482422,336.0,280.49999237060547,240.5,60211.198974609375,0.7739809155464172,TRACKING,0.05304254200018477,0.0,13.093758235582415,0,0,0,1
3597,248.13561955000023,190.89999389648438,72.5,179.1999969482422,336.0,280.49999237060547,240.5,60211.198974609375,0.779308557510376,TRACKING,0.045244005000313336,0.0,14.379405562264488,0,0,0,1
3598,248.2057487259999,190.89999389648438,72.5,179.1999969482422,336.0,280.49999237060547,240.5,60211.198974609375,0.7793104648590088,TRACKING,0.041629299000305764,0.0,14.259400395700268,0,0,0,1
3599,248.2762949930002,190.89999389648438,72.5,179.1999969482422,336.0,280.49999237060547,240.5,60211.198974609375,0.7789198756217957,TRACKING,0.04521093200037285,0.0,14.17509448084627,0,0,0,1
3600,248.35564815100042,190.89999389648438,72.5,179.1999969482422,336.0,280.49999237060547,240.5,60211.198974609375,0.7770006060600281,TRACKING,0.054286262999994506,0.0,12.601892920217367,0,0,0,1
3601,248.43394758999966,190.89999389648438,72.5,179.1999969482422,336.0,280.49999237060547,240.5,60211.198974609375,0.7859583497047424,TRACKING,0.04884673099968495,0.0,12.771483586360427,0,0,0,1
3602,248.49837577000017,190.89999389648438,72.5,179.1999969482422,336.0,280.49999237060547,240.5,60211.198974609375,0.7853836417198181,TRACKING,0.04415226400033134,0.0,15.521158598491642,0,0,0,1
3603,248.57259773399983,190.89999389648438,72.5,179.1999969482422,336.0,280.49999237060547,240.5,60211.198974609375,0.7562656998634338,TRACKING,0.046888255000339996,0.0,13.473100765759234,0,0,0,1
3604,248.69244766799966,185.99240112304688,72.5,179.1999969482422,336.0,275.59239959716797,240.5,60211.198974609375,0.7398934960365295,TRACKING,0.0982765990002008,0.0,8.34376763195725,0,0,0,1
3605,248.77745088400025,180.99240112304688,67.5924072265625,179.1999969482422,336.0,270.59239959716797,235.5924072265625,60211.198974609375,0.7674133777618408,TRACKING,0.06285028499951295,0.0,11.764260778005129,0,0,0,1
3606,248.85795911599962,175.99240112304688,67.5,179.1999969482422,336.0,265.59239959716797,235.5,60211.198974609375,0.7820006608963013,TRACKING,0.05721184100002574,0.0,12.42109005707355,0,0,0,1
3607,248.94053165900004,170.99240112304688,67.5,179.1999969482422,336.0,260.59239959716797,235.5,60211.198974609375,0.7771507501602173,TRACKING,0.05910292000044137,0.0,12.11056319283838,0,0,0,1
3608,249.0157493710003,165.99240112304688,67.5,179.1999969482422,336.0,255.59239959716797,235.5,60211.198974609375,0.73811274766922,TRACKING,0.05291571599991585,0.0,13.294741004571497,0,0,0,1
3609,249.11306886799957,156.08480834960938,67.5,179.1999969482422,336.0,245.68480682373047,235.5,60211.198974609375,0.7101423740386963,LOW_SCORE,0.05618400900038978,0.0,10.27543329788875,1,0,1,1
3610,249.1869880129998,150.99240112304688,62.5924072265625,179.1999969482422,336.0,240.59239959716797,230.5924072265625,60211.198974609375,0.7181744575500488,LOW_SCORE,0.0517633500003285,0.0,13.528295003913387,1,0,2,1
3611,249.26794088899987,141.08480834960938,62.5,179.1999969482422,336.0,230.68480682373047,230.5,60211.198974609375,0.7076728343963623,LOW_SCORE,0.05263493000074959,0.0,12.35286563505136,1,0,3,1
3612,249.33971874300005,135.99240112304688,62.5,179.1999969482422,336.0,225.59239959716797,230.5,60211.198974609375,0.6881957650184631,LOW_SCORE,0.04986347000067326,0.0,13.931873750329288,1,0,4,1
3613,249.42096120800034,130.99240112304688,57.5924072265625,179.1999969482422,336.0,220.59239959716797,225.5924072265625,60211.198974609375,0.6584462523460388,LOW_SCORE,0.0499784190005812,0.0,12.308833809959735,1,0,5,1
3614,249.50080416699984,125.9924087524414,57.5,179.1999969482422,336.0,215.5924072265625,225.5,60211.198974609375,0.7008959650993347,LOW_SCORE,0.0532672850004019,0.0,12.52458591879315,1,0,6,1
3615,249.56795693099957,116.0848159790039,57.5,179.1999969482422,336.0,205.684814453125,225.5,60211.198974609375,0.6610043048858643,LOW_SCORE,0.04700190399944404,0.0,14.891419808185859,1,0,7,1
3616,249.63928519300043,110.9924087524414,57.5,179.1999969482422,336.0,200.5924072265625,225.5,60211.198974609375,0.61876380443573,LOW_SCORE,0.04957403700063878,0.0,14.019688296736083,1,0,8,1
3617,249.70662624099987,110.9000015258789,57.5,179.1999969482422,336.0,200.5,225.5,60211.198974609375,0.5957481265068054,LOW_SCORE,0.045288172000255145,0.0,14.849783745693967,1,0,9,1
3618,249.7908700150001,105.9924087524414,57.5,179.1999969482422,336.0,195.5924072265625,225.5,60211.198974609375,0.6018815040588379,LOST,0.05298123800002941,0.0,11.870313407340019,1,0,10,1
3619,249.88241528399976,100.9924087524414,57.5,179.1999969482422,336.0,190.5924072265625,225.5,60211.198974609375,0.5676614046096802,LOST,0.06405983900003775,0.0,10.923557393269476,1,0,11,1
3620,249.9607279009997,95.9924087524414,57.5,179.1999969482422,336.0,185.5924072265625,225.5,60211.198974609375,0.603336751461029,LOST,0.05571941699963645,0.0,12.769334473917466,1,0,12,1
3621,250.03519309900003,95.9000015258789,57.5,179.1999969482422,336.0,185.5,225.5,60211.198974609375,0.5630633234977722,LOST,0.05227028699937364,0.0,13.429092070575427,1,0,13,1
3622,250.1215367040004,90.9924087524414,52.5924072265625,179.1999969482422,336.0,180.5924072265625,220.5924072265625,60211.198974609375,0.5390334725379944,LOST,0.06163854199985508,0.0,11.581633636860138,1,0,14,1
3623,250.20839396599968,85.9924087524414,52.5,179.1999969482422,336.0,175.5924072265625,220.5,60211.198974609375,0.5807062983512878,LOST,0.06362556000021868,0.0,11.513142102133449,1,0,15,1
3624,250.28243660299995,85.9000015258789,52.5,179.1999969482422,336.0,175.5,220.5,60211.198974609375,0.5575292706489563,LOST,0.05118844300068304,0.0,13.505731839295299,1,0,16,1
3625,250.3539885150003,85.9000015258789,52.5,179.1999969482422,336.0,175.5,220.5,60211.198974609375,0.5576140284538269,LOST,0.050065245000041614,0.0,13.975866920159737,1,0,17,1
3626,250.45090404500024,80.9924087524414,52.5,179.1999969482422,336.0,170.5924072265625,220.5,60211.198974609375,0.5736557245254517,LOST,0.06666442200003075,0.0,10.318263749893255,1,0,18,1
3627,250.5293039549997,80.9000015258789,52.5,179.1999969482422,336.0,170.5,220.5,60211.198974609375,0.5210655927658081,LOST,0.050867394999841054,0.0,12.755116683257244,1,0,19,1
3628,250.6108091340002,80.9000015258789,52.5,179.1999969482422,336.0,170.5,220.5,60211.198974609375,0.5105361342430115,LOST,0.05609322600048472,0.0,12.269158994105414,1,0,20,1
3629,250.72502078100024,80.9000015258789,52.5,179.1999969482422,336.0,170.5,220.5,60211.198974609375,0.49607187509536743,LOST,0.09018701399963902,0.0,8.75567445410874,1,0,21,1
3630,250.81249612800002,80.9000015258789,52.5,179.1999969482422,336.0,170.5,220.5,60211.198974609375,0.5747827291488647,LOST,0.06187604700062366,0.0,11.431792319754958,1,0,22,1
3631,250.87690675500016,80.9000015258789,52.5,179.1999969482422,336.0,170.5,220.5,60211.198974609375,0.5807604789733887,LOST,0.04154299499987246,0.0,15.525388380364314,1,0,23,1
3632,250.95220176099974,80.9000015258789,52.5,179.1999969482422,336.0,170.5,220.5,60211.198974609375,0.5778634548187256,LOST,0.04941361700002744,0.0,13.28109330392511,1,0,24,1
3633,251.03093922900007,80.9000015258789,52.5,179.1999969482422,336.0,170.5,220.5,60211.198974609375,0.5743927359580994,LOST,0.04810088300018833,0.0,12.700433801044376,1,0,25,1
3634,251.10677101599958,80.9000015258789,52.5,179.1999969482422,336.0,170.5,220.5,60211.198974609375,0.5770409107208252,LOST,0.05150792799940973,0.0,13.187082087441663,1,0,26,1
3635,251.18696632499996,80.9000015258789,52.5,179.1999969482422,336.0,170.5,220.5,60211.198974609375,0.5813294053077698,LOST,0.05858556600014708,0.0,12.46955729038144,1,0,27,1
3636,251.2608368760002,80.9000015258789,52.5,179.1999969482422,336.0,170.5,220.5,60211.198974609375,0.5805708169937134,LOST,0.04816525999922305,0.0,13.537194273758063,1,0,28,1
3637,251.3285804320003,80.9000015258789,52.5,179.1999969482422,336.0,170.5,220.5,60211.198974609375,0.5867624878883362,LOST,0.04603870800019649,0.0,14.761551637451467,1,0,29,1
3638,251.40040531799968,80.9000015258789,52.5,179.1999969482422,336.0,170.5,220.5,60211.198974609375,0.5919515490531921,LOST,0.04684611899938318,0.0,13.922750953042682,1,0,30,1
3639,251.4685854979998,80.9000015258789,52.5,179.1999969482422,336.0,170.5,220.5,60211.198974609375,0.5911577343940735,LOST,0.0465960619994803,0.0,14.667019066217506,1,0,31,1
3640,251.55042047400002,80.9000015258789,52.5,179.1999969482422,336.0,170.5,220.5,60211.198974609375,0.5944743156433105,LOST,0.0552114909996817,0.0,12.21971397654522,1,0,32,1
3641,251.6093682869996,80.9000015258789,52.5,179.1999969482422,336.0,170.5,220.5,60211.198974609375,0.5874571204185486,LOST,0.03874257600000419,0.0,16.96415777133544,1,0,33,1
3642,251.67899609899996,80.9000015258789,52.5,179.1999969482422,336.0,170.5,220.5,60211.198974609375,0.585747241973877,LOST,0.045871621000515006,0.0,14.362077038910718,1,0,34,1
3643,251.75154605100033,80.9000015258789,52.5,179.1999969482422,336.0,170.5,220.5,60211.198974609375,0.588606595993042,LOST,0.04474435900010576,0.0,13.783606638290657,1,0,35,1
3644,251.8278425340004,80.9000015258789,52.5,179.1999969482422,336.0,170.5,220.5,60211.198974609375,0.5938908457756042,LOST,0.05449434099955397,0.0,13.10676404309454,1,0,36,1
3645,251.89863255700038,80.9000015258789,52.5,179.1999969482422,336.0,170.5,220.5,60211.198974609375,0.5867953896522522,LOST,0.046820649999972375,0.0,14.126284434183495,1,0,37,1
3646,251.9763428690003,80.9000015258789,52.5,179.1999969482422,336.0,170.5,220.5,60211.198974609375,0.5924064517021179,LOST,0.05501950699999725,0.0,12.868305045554058,1,0,38,1
3647,252.05149365299985,80.9000015258789,52.5,179.1999969482422,336.0,170.5,220.5,60211.198974609375,0.5892091989517212,LOST,0.053530676000264066,0.0,13.306581073137444,1,0,39,1
3648,252.12028832400028,80.9000015258789,52.5,179.1999969482422,336.0,170.5,220.5,60211.198974609375,0.5802887678146362,LOST,0.04688507800074149,0.0,14.53600962774736,1,0,40,1
3649,252.18696873499994,80.9000015258789,52.5,179.1999969482422,336.0,170.5,220.5,60211.198974609375,0.5805197954177856,LOST,0.045124626999495376,0.0,14.996908162506974,1,0,41,1
3650,252.26331084400044,80.9000015258789,52.5,179.1999969482422,336.0,170.5,220.5,60211.198974609375,0.5876989960670471,LOST,0.0456041669995102,0.0,13.09893076170272,1,0,42,1
3651,252.3423123800003,80.9000015258789,52.5,179.1999969482422,336.0,170.5,220.5,60211.198974609375,0.584568202495575,LOST,0.04991456400057359,0.0,12.657981738505578,1,0,43,1
3652,252.41467988099976,80.9000015258789,52.5,179.1999969482422,336.0,170.5,220.5,60211.198974609375,0.5866135358810425,LOST,0.050597702999766625,0.0,13.818357497344442,1,0,44,1
3653,252.48533937899992,80.9000015258789,52.5,179.1999969482422,336.0,170.5,220.5,60211.198974609375,0.6003493070602417,LOST,0.04917267500059097,0.0,14.152379061589413,1,0,45,1
3654,252.62383696800043,80.9000015258789,52.5,179.1999969482422,336.0,170.5,220.5,60211.198974609375,0.5886234641075134,LOST,0.11600761899990175,0.0,7.220342297773371,1,0,46,1
3655,252.69458235300044,80.9000015258789,52.5,179.1999969482422,336.0,170.5,220.5,60211.198974609375,0.704341471195221,LOST,0.04667569899993396,0.0,14.135197652820308,1,0,47,1
3656,252.75936616499985,80.9000015258789,52.5,179.1999969482422,336.0,170.5,220.5,60211.198974609375,0.6953734159469604,LOST,0.04186258500067197,0.0,15.435954895787647,1,0,48,1
3657,252.82346564,80.9000015258789,52.5,179.1999969482422,336.0,170.5,220.5,60211.198974609375,0.6931688785552979,LOST,0.042684424000071886,0.0,15.600751800193176,1,0,49,1
3658,252.9062155820002,80.9000015258789,52.5,179.1999969482422,336.0,170.5,220.5,60211.198974609375,0.6946479082107544,LOST,0.05562826899949869,0.0,12.084600615160399,1,0,50,1
3659,252.9855570210002,80.9000015258789,52.5,179.1999969482422,336.0,170.5,220.5,60211.198974609375,0.6982827186584473,LOST,0.05078770699947199,0.0,12.603754262634096,1,0,51,1
3660,253.05958908499997,80.9000015258789,52.5,179.1999969482422,336.0,170.5,220.5,60211.198974609375,0.696736752986908,LOST,0.052403674000743194,0.0,13.50766068069043,1,0,52,1
3661,253.12483373899977,80.9000015258789,52.5,179.1999969482422,336.0,170.5,220.5,60211.198974609375,0.693939208984375,LOST,0.04376303799926973,0.0,15.326926249054726,1,0,53,1
3662,253.18986073199994,80.9000015258789,52.5,179.1999969482422,336.0,170.5,220.5,60211.198974609375,0.6971572041511536,LOST,0.04283395800030121,0.0,15.378229160885887,1,0,54,1
3663,253.2631546570001,80.9000015258789,52.5,179.1999969482422,336.0,170.5,220.5,60211.198974609375,0.6951361894607544,LOST,0.051422196999737935,0.0,13.643695572287063,1,0,55,1
3664,253.34135940600027,80.9000015258789,52.5,179.1999969482422,336.0,170.5,220.5,60211.198974609375,0.6948820352554321,LOST,0.05641427400041721,0.0,12.786947247893027,1,0,56,1
3665,253.41509760999998,80.9000015258789,52.5,179.1999969482422,336.0,170.5,220.5,60211.198974609375,0.6954159140586853,LOST,0.05223236900019401,0.0,13.56149113699503,1,0,57,1
3666,253.48707312399983,80.9000015258789,52.5,179.1999969482422,336.0,170.5,220.5,60211.198974609375,0.6979230642318726,LOST,0.047710928000014974,0.0,13.893613875434768,1,0,58,1
3667,253.56116081500022,80.9000015258789,52.5,179.1999969482422,336.0,170.5,220.5,60211.198974609375,0.6872961521148682,LOST,0.05179512200083991,0.0,13.497518771300168,1,0,59,1
3668,253.64341189300012,80.9000015258789,52.5,179.1999969482422,336.0,170.5,220.5,60211.198974609375,0.6942863464355469,LOST,0.05440064100002928,0.0,12.157895365228217,1,0,60,1
3669,253.70721131000028,80.9000015258789,52.5,179.1999969482422,336.0,170.5,220.5,60211.198974609375,0.694994330406189,LOST,0.04302677399937238,0.0,15.67412442025252,1,0,61,1
3670,253.78253959700032,80.9000015258789,52.5,179.1999969482422,336.0,170.5,220.5,60211.198974609375,0.691008985042572,LOST,0.04680981699948461,0.0,13.275225547069304,1,0,62,1
3671,253.8547346989999,80.9000015258789,52.5,179.1999969482422,336.0,170.5,220.5,60211.198974609375,0.6924033164978027,LOST,0.04867917599949578,0.0,13.851355179274845,1,0,63,1
3672,253.93179286299983,80.9000015258789,52.5,179.1999969482422,336.0,170.5,220.5,60211.198974609375,0.6936950087547302,LOST,0.05381974400006584,0.0,12.977210305722126,1,0,64,1
3673,254.00726912200025,80.9000015258789,52.5,179.1999969482422,336.0,170.5,220.5,60211.198974609375,0.6936373710632324,LOST,0.05169204599951627,0.0,13.249199327623964,1,0,65,1
3674,254.10832082599973,80.9000015258789,52.5,179.1999969482422,336.0,170.5,220.5,60211.198974609375,0.699712872505188,LOST,0.05694350300018414,0.0,9.895924169722134,1,0,66,1
3675,254.19531736099998,80.9000015258789,52.5,179.1999969482422,336.0,170.5,220.5,60211.198974609375,0.7029221653938293,LOST,0.06242230699990614,0.0,11.494710680110318,1,0,67,1
3676,254.25445923999996,80.9000015258789,52.5,179.1999969482422,336.0,170.5,220.5,60211.198974609375,0.706939160823822,LOST,0.03746958299961989,0.0,16.90849220398166,1,0,68,1
3677,254.32389736099958,80.9000015258789,52.5,179.1999969482422,336.0,170.5,220.5,60211.198974609375,0.7025994658470154,LOST,0.04771181300020544,0.0,14.401311348926908,1,0,69,1
3678,254.40285634300017,80.9000015258789,52.5,179.1999969482422,336.0,170.5,220.5,60211.198974609375,0.708385169506073,LOST,0.05539425400002074,0.0,12.664803606416566,1,0,70,1
3679,254.51419882000027,80.9000015258789,52.5,179.1999969482422,336.0,170.5,220.5,60211.198974609375,0.6923909783363342,LOST,0.08849255299992365,0.0,8.981298305399068,1,0,71,1
3680,254.59341431899975,80.9000015258789,52.5,179.1999969482422,336.0,170.5,220.5,60211.198974609375,0.7875178456306458,TRACKING,0.05634531399937259,0.0,12.62379222034109,0,0,0,1
3681,254.66035916199962,80.9000015258789,52.5,179.1999969482422,336.0,170.5,220.5,60211.198974609375,0.8037899136543274,TRACKING,0.04018552100023953,0.0,14.937670404304109,0,0,0,1
3682,254.73132059300042,80.9000015258789,52.5,179.1999969482422,336.0,170.5,220.5,60211.198974609375,0.8049219250679016,TRACKING,0.04584406800040597,0.0,14.092162261902194,0,0,0,1
3683,254.81137569099974,85.8075942993164,52.5,179.1999969482422,336.0,175.4075927734375,220.5,60211.198974609375,0.84126216173172,TRACKING,0.05519638599980681,0.0,12.491396862801778,0,0,0,1
3684,254.8952720090001,90.8075942993164,52.5,179.1999969482422,336.0,180.4075927734375,220.5,60211.198974609375,0.8265658020973206,TRACKING,0.058555772999170586,0.0,11.919474225264416,0,0,0,1
3685,254.96756086299956,95.8075942993164,52.5,179.1999969482422,336.0,185.4075927734375,220.5,60211.198974609375,0.7568191289901733,TRACKING,0.04838114900030632,0.0,13.83339124462492,0,0,0,1
3686,255.0467024010004,95.9000015258789,52.5,179.1999969482422,336.0,185.5,220.5,60211.198974609375,0.7750707864761353,TRACKING,0.054546059999665886,0.0,12.635589669604137,0,0,0,1
3687,255.1170168409999,95.9000015258789,52.5,179.1999969482422,336.0,185.5,220.5,60211.198974609375,0.7539292573928833,TRACKING,0.04788608699982433,0.0,14.221829826237911,0,0,0,1
3688,255.19477231099972,100.8075942993164,52.5,179.1999969482422,336.0,190.4075927734375,220.5,60211.198974609375,0.7454091310501099,TRACKING,0.05623796800045966,0.0,12.860831527379338,0,0,0,1
3689,255.28303360999962,105.8075942993164,52.5,179.1999969482422,336.0,195.4075927734375,220.5,60211.198974609375,0.808391809463501,TRACKING,0.06508381799994822,0.0,11.329994134815275,0,0,0,1
3690,255.36320605299989,110.8075942993164,52.5,179.1999969482422,336.0,200.4075927734375,220.5,60211.198974609375,0.8305831551551819,TRACKING,0.05727788399963174,0.0,12.473113735559911,0,0,0,1
3691,255.45152417600002,115.8075942993164,52.5,179.1999969482422,336.0,205.4075927734375,220.5,60211.198974609375,0.838370144367218,TRACKING,0.05772815299951617,0.0,11.322704401207275,0,0,0,1
3692,255.52644849700027,120.8075942993164,52.5,179.1999969482422,336.0,210.4075927734375,220.5,60211.198974609375,0.7901283502578735,TRACKING,0.05221002500002214,0.0,13.346800967293648,0,0,0,1
3693,255.60196793399973,125.8075942993164,52.5,179.1999969482422,336.0,215.4075927734375,220.5,60211.198974609375,0.7473030686378479,TRACKING,0.05445980900003633,0.0,13.24162413985145,0,0,0,1
3694,255.66849547699985,125.9000015258789,52.5,179.1999969482422,336.0,215.5,220.5,60211.198974609375,0.7381374835968018,TRACKING,0.04136632500012638,0.0,15.031368286037456,0,0,0,1
3695,255.74741904300026,130.80758666992188,57.4075927734375,179.1999969482422,336.0,220.40758514404297,225.4075927734375,60211.198974609375,0.7234888672828674,TRACKING,0.05358744800014392,0.0,12.670486784578067,0,0,0,1
3696,255.83239355899968,135.80758666992188,57.5,179.1999969482422,336.0,225.40758514404297,225.5,60211.198974609375,0.7235878705978394,TRACKING,0.057235330999901635,0.0,11.768234137477476,0,0,0,1
3697,255.91482120300043,135.89999389648438,57.5,179.1999969482422,336.0,225.49999237060547,225.5,60211.198974609375,0.7082269191741943,LOW_SCORE,0.05681178099985118,0.0,12.131852270228169,1,0,1,1
3698,255.9912058130003,135.89999389648438,57.5,179.1999969482422,336.0,225.49999237060547,225.5,60211.198974609375,0.6901465058326721,LOW_SCORE,0.05193080099979852,0.0,13.091642413329158,1,0,2,1
3699,256.06044596100037,135.89999389648438,57.5,179.1999969482422,336.0,225.49999237060547,225.5,60211.198974609375,0.6841235160827637,LOW_SCORE,0.045701095999902464,0.0,14.442487904547743,1,0,3,1
3700,256.14620778399967,135.89999389648438,57.5,179.1999969482422,336.0,225.49999237060547,225.5,60211.198974609375,0.6907404065132141,LOW_SCORE,0.06258710199927009,0.0,11.660199900463123,1,0,4,1
3701,256.2312903230004,130.99240112304688,57.5,179.1999969482422,336.0,220.59239959716797,225.5,60211.198974609375,0.6892648935317993,LOW_SCORE,0.057465335999950184,0.0,11.75329288176863,1,0,5,1
3702,256.3060533910002,130.89999389648438,57.5,179.1999969482422,336.0,220.49999237060547,225.5,60211.198974609375,0.7289958000183105,TRACKING,0.05334775599931163,0.0,13.375588064450854,0,0,0,1
3703,256.37468519400045,130.89999389648438,57.5,179.1999969482422,336.0,220.49999237060547,225.5,60211.198974609375,0.7503747344017029,TRACKING,0.04272140400007629,0.0,14.570504580747286,0,0,0,1
3704,256.49374990399974,130.89999389648438,57.5,179.1999969482422,336.0,220.49999237060547,225.5,60211.198974609375,0.7530495524406433,TRACKING,0.09373786400010431,0.0,8.398794235554247,0,0,0,1
3705,256.5753631050002,125.9924087524414,52.5924072265625,179.1999969482422,336.0,215.5924072265625,220.5924072265625,60211.198974609375,0.8431360721588135,TRACKING,0.059247557999697165,0.0,12.25291972060561,0,0,0,1
3706,256.6488991180004,125.9000015258789,52.5,179.1999969482422,336.0,215.5,220.5,60211.198974609375,0.8970010876655579,TRACKING,0.04817484300019714,0.0,13.598779145088637,0,0,0,1
3707,256.7189651669996,125.9000015258789,52.5,179.1999969482422,336.0,215.5,220.5,60211.198974609375,0.8950642943382263,TRACKING,0.04626704600013909,0.0,14.27224760469486,0,0,0,1
3708,256.78605610700015,125.9000015258789,52.5,179.1999969482422,336.0,215.5,220.5,60211.198974609375,0.8926845788955688,TRACKING,0.04220061199976044,0.0,14.905142184506044,0,0,0,1
3709,256.87473538300037,120.9924087524414,52.5,179.1999969482422,336.0,210.5924072265625,220.5,60211.198974609375,0.8481695652008057,TRACKING,0.06394962800004578,0.0,11.276591838633296,0,0,0,1
3710,256.97051896300036,120.9000015258789,52.5,179.1999969482422,336.0,210.5,220.5,60211.198974609375,0.8419967293739319,TRACKING,0.06647545799933141,0.0,10.440202798852589,0,0,0,1
3711,257.0394158230001,125.8075942993164,52.5,179.1999969482422,336.0,215.4075927734375,220.5,60211.198974609375,0.8573744893074036,TRACKING,0.04902491099983308,0.0,14.514449570029296,0,0,0,1
3712,257.10878326500006,125.9000015258789,52.5,179.1999969482422,336.0,215.5,220.5,60211.198974609375,0.847749650478363,TRACKING,0.04770478099999309,0.0,14.415984951571561,0,0,0,1
3713,257.1948178020002,130.80758666992188,52.5,179.1999969482422,336.0,220.40758514404297,220.5,60211.198974609375,0.8159050941467285,TRACKING,0.05663589300002059,0.0,11.623239164966328,0,0,0,1
3714,257.27232410000033,130.89999389648438,52.5,179.1999969482422,336.0,220.49999237060547,220.5,60211.198974609375,0.8076743483543396,TRACKING,0.05430068999976356,0.0,12.902177317235495,0,0,0,1
3715,257.3386666919996,130.89999389648438,52.5,179.1999969482422,336.0,220.49999237060547,220.5,60211.198974609375,0.8341230154037476,TRACKING,0.04272463300003437,0.0,15.073272988956386,0,0,0,1
3716,257.415039687,135.80758666992188,52.5,179.1999969482422,336.0,225.40758514404297,220.5,60211.198974609375,0.8388081789016724,TRACKING,0.050815049999982875,0.0,13.09363342363329,0,0,0,1
3717,257.4981931780003,140.80758666992188,52.5,179.1999969482422,336.0,230.40758514404297,220.5,60211.198974609375,0.8290311098098755,TRACKING,0.05924083900026744,0.0,12.02595330599358,0,0,0,1
3718,257.5863613499996,140.89999389648438,57.4075927734375,179.1999969482422,336.0,230.49999237060547,225.4075927734375,60211.198974609375,0.8462207317352295,TRACKING,0.05638698199982173,0.0,11.341961360022088,0,0,0,1
3719,257.65956881500006,145.80758666992188,57.5,179.1999969482422,336.0,235.40758514404297,225.5,60211.198974609375,0.8096473813056946,TRACKING,0.05144704099984665,0.0,13.659809146428506,0,0,0,1
3720,257.7343240179998,145.89999389648438,57.5,179.1999969482422,336.0,235.49999237060547,225.5,60211.198974609375,0.844811737537384,TRACKING,0.05267868000009912,0.0,13.37699531099001,0,0,0,1
3721,257.83562697599973,150.80758666992188,62.4075927734375,179.1999969482422,336.0,240.40758514404297,230.4075927734375,60211.198974609375,0.8447687029838562,TRACKING,0.0702438649996111,0.0,9.871380063758174,0,0,0,1
3722,257.91283149799983,155.80758666992188,62.5,179.1999969482422,336.0,245.40758514404297,230.5,60211.198974609375,0.8136900067329407,TRACKING,0.055284095000388334,0.0,12.95260917487036,0,0,0,1
3723,257.97472999300044,155.89999389648438,62.5,179.1999969482422,336.0,245.49999237060547,230.5,60211.198974609375,0.8385298848152161,TRACKING,0.04074594800022169,0.0,16.155481647659172,0,0,0,1
3724,258.0434314840004,155.89999389648438,62.5,179.1999969482422,336.0,245.49999237060547,230.5,60211.198974609375,0.8048141002655029,TRACKING,0.042120662000343145,0.0,14.555724853200614,0,0,0,1
3725,258.13315286299985,160.80758666992188,62.5,179.1999969482422,336.0,250.40758514404297,230.5,60211.198974609375,0.7833417654037476,TRACKING,0.06272351000006893,0.0,11.14561558406337,0,0,0,1
3726,258.2099954510004,160.89999389648438,62.5,179.1999969482422,336.0,250.49999237060547,230.5,60211.198974609375,0.7981076836585999,TRACKING,0.05425714900047751,0.0,13.013616876007672,0,0,0,1
3727,258.28670001499995,160.89999389648438,62.5,179.1999969482422,336.0,250.49999237060547,230.5,60211.198974609375,0.7956416010856628,TRACKING,0.047138468000412104,0.0,13.037033885047448,0,0,0,1
3728,258.3548894129999,160.89999389648438,67.4075927734375,179.1999969482422,336.0,250.49999237060547,235.4075927734375,60211.198974609375,0.8174554109573364,TRACKING,0.04749899599937635,0.0,14.665036344808428,0,0,0,1
3729,258.4617920640003,160.89999389648438,67.5,179.1999969482422,336.0,250.49999237060547,235.5,60211.198974609375,0.7803348302841187,TRACKING,0.0861147979994712,0.0,9.354304974124764,0,0,0,1
3730,258.5430370280001,160.89999389648438,67.5,179.1999969482422,336.0,250.49999237060547,235.5,60211.198974609375,0.6747992038726807,LOW_SCORE,0.053841671000554925,0.0,12.308455204715395,1,0,1,1
3731,258.6125869739999,160.89999389648438,67.5,179.1999969482422,336.0,250.49999237060547,235.5,60211.198974609375,0.6607003808021545,LOW_SCORE,0.04238400000031106,0.0,14.37815638278889,1,0,2,1
3732,258.6933988569999,160.89999389648438,67.5,179.1999969482422,336.0,250.49999237060547,235.5,60211.198974609375,0.6585482954978943,LOW_SCORE,0.0507020269997156,0.0,12.374417757345212,1,0,3,1
3733,258.7792925570002,155.99240112304688,67.5,179.1999969482422,336.0,245.59239959716797,235.5,60211.198974609375,0.6371216773986816,LOW_SCORE,0.06322581199947308,0.0,11.642297397793547,1,0,4,1
3734,258.85260429499976,155.89999389648438,67.5,179.1999969482422,336.0,245.49999237060547,235.5,60211.198974609375,0.6611880660057068,LOW_SCORE,0.043717151999771886,0.0,13.640380480487332,1,0,5,1
3735,258.92830962100015,155.89999389648438,67.5,179.1999969482422,336.0,245.49999237060547,235.5,60211.198974609375,0.6515074372291565,LOW_SCORE,0.051506366000467096,0.0,13.209110281023914,1,0,6,1
3736,259.0236831410002,150.99240112304688,62.5924072265625,179.1999969482422,336.0,240.59239959716797,230.5924072265625,60211.198974609375,0.6824214458465576,LOW_SCORE,0.060151482000037504,0.0,10.485090620533905,1,0,7,1
3737,259.1004429659997,150.89999389648438,67.4075927734375,179.1999969482422,336.0,240.49999237060547,235.4075927734375,60211.198974609375,0.6548683047294617,LOW_SCORE,0.05463085300016246,0.0,13.027648252279462,1,0,8,1
3738,259.1796900270001,150.89999389648438,67.5,179.1999969482422,336.0,240.49999237060547,235.5,60211.198974609375,0.6700764298439026,LOW_SCORE,0.04357642000013584,0.0,12.618764498977578,1,0,9,1
3739,259.25851608999983,150.89999389648438,67.5,179.1999969482422,336.0,240.49999237060547,235.5,60211.198974609375,0.6387999057769775,LOST,0.05035561400018196,0.0,12.686159398871691,1,0,10,1
3740,259.3399823609998,150.89999389648438,67.5,179.1999969482422,336.0,240.49999237060547,235.5,60211.198974609375,0.63643878698349,LOST,0.05579400100032217,0.0,12.275018700691069,1,0,11,1
3741,259.4235463289997,145.99240112304688,67.5,179.1999969482422,336.0,235.59239959716797,235.5,60211.198974609375,0.6732566952705383,LOST,0.05688412600011361,0.0,11.966880270705976,1,0,12,1
3742,259.49639561000004,145.89999389648438,67.5,179.1999969482422,336.0,235.49999237060547,235.5,60211.198974609375,0.6532216668128967,LOST,0.050598900000295544,0.0,13.726971443894843,1,0,13,1
3743,259.5827714549996,145.89999389648438,67.5,179.1999969482422,336.0,235.49999237060547,235.5,60211.198974609375,0.6560485363006592,LOST,0.06259116500041273,0.0,11.57731076326984,1,0,14,1
3744,259.6532907419996,145.89999389648438,67.5,179.1999969482422,336.0,235.49999237060547,235.5,60211.198974609375,0.6581913232803345,LOST,0.04910402699988481,0.0,14.180517735518947,1,0,15,1
3745,259.72299365900017,145.89999389648438,67.5,179.1999969482422,336.0,235.49999237060547,235.5,60211.198974609375,0.6636756062507629,LOST,0.0444741459996294,0.0,14.346601878831583,1,0,16,1
3746,259.79464807299973,145.89999389648438,67.5,179.1999969482422,336.0,235.49999237060547,235.5,60211.198974609375,0.6733782291412354,LOST,0.05012899599933007,0.0,13.955874372317583,1,0,17,1
3747,259.88782274799996,150.80758666992188,67.5,179.1999969482422,336.0,240.40758514404297,235.5,60211.198974609375,0.675214409828186,LOST,0.05843681300029857,0.0,10.732530057094994,1,0,18,1
3748,259.9757358630004,160.71517944335938,67.5,179.1999969482422,336.0,250.31517791748047,235.5,60211.198974609375,0.6670492887496948,LOST,0.0620037050002793,0.0,11.374867105947926,1,0,19,1
3749,260.05447942499995,170.71517944335938,67.5,179.1999969482422,336.0,260.31517791748047,235.5,60211.198974609375,0.7003455758094788,LOST,0.05523409400029777,0.0,12.699450908834672,1,0,20,1
3750,260.13531417299964,180.71517944335938,72.4075927734375,179.1999969482422,336.0,270.31517791748047,240.4075927734375,60211.198974609375,0.6588533520698547,LOST,0.056138226999792096,0.0,12.370917516856197,1,0,21,1
3751,260.21655695000027,190.71517944335938,72.5,179.1999969482422,336.0,280.31517791748047,240.5,60211.198974609375,0.6617471575737,LOST,0.055678998999610485,0.0,12.308786539784386,1,0,22,1
3752,260.2873558780002,200.71517944335938,77.4075927734375,179.1999969482422,336.0,290.31517791748047,245.4075927734375,60211.198974609375,0.6424435973167419,LOST,0.05006394200063369,0.0,14.124507647926167,1,0,23,1
3753,260.363623923,210.71517944335938,77.5,179.1999969482422,336.0,300.31517791748047,245.5,60211.198974609375,0.6190725564956665,LOST,0.05411323899988929,0.0,13.111651150923041,1,0,24,1
3754,260.4793491930004,220.71517944335938,77.5,179.1999969482422,336.0,310.31517791748047,245.5,60211.198974609375,0.6205182671546936,LOST,0.0948617390004074,0.0,8.641155038966035,1,0,25,1
3755,260.5466039889998,235.62277221679688,82.4075927734375,179.1999969482422,336.0,325.22277069091797,250.4075927734375,60211.198974609375,0.5917245745658875,LOST,0.045704273999945144,0.0,14.868828090854729,1,0,26,1
3756,260.6379469630001,255.53036499023438,87.4075927734375,179.1999969482422,336.0,345.13036346435547,255.4075927734375,60211.198974609375,0.5945485234260559,LOST,0.06819377400006488,0.0,10.947749522545916,1,0,27,1
3757,260.71267195699966,265.7151794433594,92.4075927734375,179.1999969482422,336.0,355.31517791748047,260.4075927734375,60211.198974609375,0.645484447479248,LOST,0.05318796099982137,0.0,13.38240321579666,1,0,28,1
3758,260.7864487549996,275.7151794433594,97.4075927734375,179.1999969482422,336.0,365.31517791748047,265.4075927734375,60211.198974609375,0.7187440991401672,LOST,0.04780608500004746,0.0,13.55439687150695,1,0,29,1
3759,260.8641854739999,280.8075866699219,97.5,179.1999969482422,336.0,370.40758514404297,265.5,60211.198974609375,0.6781189441680908,LOST,0.05321264900067035,0.0,12.863933709319138,1,0,30,1
3760,260.96524306300034,285.8075866699219,97.5,179.1999969482422,336.0,375.40758514404297,265.5,60211.198974609375,0.6290408968925476,LOST,0.07468895100009831,0.0,9.895347889168146,1,0,31,1
3761,261.04703694399996,290.8075866699219,97.5,179.1999969482422,336.0,380.40758514404297,265.5,60211.198974609375,0.6820213794708252,LOST,0.05509799700030271,0.0,12.225853423005344,1,0,32,1
3762,261.12630744299986,295.8075866699219,102.4075927734375,179.1999969482422,336.0,385.40758514404297,270.4075927734375,60211.198974609375,0.6671538352966309,LOST,0.053643283000383235,0.0,12.615033494379967,1,0,33,1
3763,261.1996582439997,300.8075866699219,102.5,179.1999969482422,336.0,390.40758514404297,270.5,60211.198974609375,0.6250392198562622,LOST,0.052164138999614806,0.0,13.633116290063072,1,0,34,1
3764,261.27713042600044,300.8999938964844,107.4075927734375,179.1999969482422,336.0,390.49999237060547,275.4075927734375,60211.198974609375,0.6167088747024536,LOST,0.05227450599977601,0.0,12.907858978211769,1,0,35,1
3765,261.354310103,300.8999938964844,107.5,179.1999969482422,336.0,390.49999237060547,275.5,60211.198974609375,0.6350082159042358,LOST,0.054637000000184344,0.0,12.956778764516518,1,0,36,1
3766,261.4363949279996,300.8999938964844,107.5,179.1999969482422,336.0,390.49999237060547,275.5,60211.198974609375,0.6257896423339844,LOST,0.05871760000081849,0.0,12.182519728891128,1,0,37,1
3767,261.50438880100046,300.8999938964844,107.5,179.1999969482422,336.0,390.49999237060547,275.5,60211.198974609375,0.6163522601127625,LOST,0.04704799799947068,0.0,14.707207515402942,1,0,38,1
3768,261.57753459800006,300.8999938964844,102.5924072265625,179.1999969482422,336.0,390.49999237060547,270.5924072265625,60211.198974609375,0.6086623072624207,LOST,0.05190772799960541,0.0,13.671325503576186,1,0,39,1
3769,261.6588264379998,300.8999938964844,102.5,179.1999969482422,336.0,390.49999237060547,270.5,60211.198974609375,0.6381768584251404,LOST,0.05146032299944636,0.0,12.301357676286147,1,0,40,1
3770,261.7798321749997,305.8075866699219,102.5,179.1999969482422,336.0,395.40758514404297,270.5,60211.198974609375,0.6381554007530212,LOST,0.07783380399996531,0.0,8.264070983682252,1,0,41,1
3771,261.8772923509996,315.7151794433594,102.5,179.1999969482422,336.0,405.31517791748047,270.5,60211.198974609375,0.6522576808929443,LOST,0.0740801370002373,0.0,10.260601212139107,1,0,42,1
3772,261.9741985569999,315.8999938964844,102.5,179.1999969482422,336.0,405.49999237060547,270.5,60211.198974609375,0.6151582598686218,LOST,0.06065664700054185,0.0,10.319256539635603,1,0,43,1
3773,262.08071343899974,315.8999938964844,97.5924072265625,179.1999969482422,336.0,405.49999237060547,265.5924072265625,60211.198974609375,0.625977098941803,LOST,0.08568937400013965,0.0,9.388359459494215,1,0,44,1
3774,262.17386165599964,310.9924011230469,92.5924072265625,179.1999969482422,336.0,400.59239959716797,260.5924072265625,60211.198974609375,0.6312313079833984,LOST,0.06794850799997221,0.0,10.735578545759997,1,0,45,1
3775,262.2626066619996,305.9924011230469,87.5924072265625,179.1999969482422,336.0,395.59239959716797,255.5924072265625,60211.198974609375,0.7054852843284607,LOST,0.06154411300030915,0.0,11.268239702417976,1,0,46,1
3776,262.40558079400034,305.8999938964844,82.5924072265625,179.1999969482422,336.0,395.49999237060547,250.5924072265625,60211.198974609375,0.7476609945297241,TRACKING,0.1054087669999717,0.0,6.994272222577915,0,0,0,1
3777,262.50422463799987,300.9924011230469,77.5924072265625,179.1999969482422,336.0,390.59239959716797,245.5924072265625,60211.198974609375,0.7296634316444397,TRACKING,0.06821122100063803,0.0,10.137480043912433,0,0,0,1
3778,262.5895161919998,300.8999938964844,72.5924072265625,179.1999969482422,336.0,390.49999237060547,240.5924072265625,60211.198974609375,0.7246367335319519,TRACKING,0.059519750999243115,0.0,11.724490328795067,0,0,0,1
3779,262.746505909,300.8999938964844,67.5924072265625,179.1999969482422,336.0,390.49999237060547,235.5924072265625,60211.198974609375,0.7284350991249084,TRACKING,0.11725524699977541,0.0,6.369843956076629,0,0,0,1
3780,262.8520187410004,300.8999938964844,67.5,179.1999969482422,336.0,390.49999237060547,235.5,60211.198974609375,0.718722939491272,LOW_SCORE,0.058204413000567,0.0,9.477520231817321,1,0,1,1
3781,262.9435283840003,300.8999938964844,67.5,179.1999969482422,336.0,390.49999237060547,235.5,60211.198974609375,0.7233421802520752,TRACKING,0.06951916299931327,0.0,10.927810088837287,0,0,0,1
3782,263.03037335299996,300.8999938964844,67.5,179.1999969482422,336.0,390.49999237060547,235.5,60211.198974609375,0.7257356643676758,TRACKING,0.05916937899928598,0.0,11.514771799891209,0,0,0,1
3783,263.10681530700003,300.8999938964844,67.5,179.1999969482422,336.0,390.49999237060547,235.5,60211.198974609375,0.7462027072906494,TRACKING,0.047666290999586636,0.0,13.081821534795221,0,0,0,1
3784,263.1955612499996,295.9924011230469,67.5,179.1999969482422,336.0,385.59239959716797,235.5,60211.198974609375,0.7502356171607971,TRACKING,0.06414364300053421,0.0,11.268120729807016,0,0,0,1
3785,263.26081387199974,295.8999938964844,67.5,179.1999969482422,336.0,385.49999237060547,235.5,60211.198974609375,0.7231646180152893,TRACKING,0.042603640999914205,0.0,15.325054677468996,0,0,0,1
3786,263.3414415850002,290.9924011230469,67.5,179.1999969482422,336.0,380.59239959716797,235.5,60211.198974609375,0.7421860098838806,TRACKING,0.05837920799967833,0.0,12.402683429631741,0,0,0,1
3787,263.41547443000036,290.8999938964844,67.5,179.1999969482422,336.0,380.49999237060547,235.5,60211.198974609375,0.7393489480018616,TRACKING,0.04479477599943493,0.0,13.507518183287614,0,0,0,1
3788,263.49185607100026,290.8999938964844,67.5,179.1999969482422,336.0,380.49999237060547,235.5,60211.198974609375,0.718631386756897,LOW_SCORE,0.05280816100002994,0.0,13.092151293284395,1,0,1,1
3789,263.5737454219998,285.9924011230469,67.5,179.1999969482422,336.0,375.59239959716797,235.5,60211.198974609375,0.7341931462287903,TRACKING,0.05795378200036794,0.0,12.2116000162938,0,0,0,1
3790,263.65994048300036,280.9924011230469,67.5,179.1999969482422,336.0,370.59239959716797,235.5,60211.198974609375,0.6947413086891174,LOW_SCORE,0.06341394100036268,0.0,11.60159281044263,1,0,1,1
3791,263.74228229100027,275.9924011230469,67.5,179.1999969482422,336.0,365.59239959716797,235.5,60211.198974609375,0.7098633646965027,LOW_SCORE,0.05576092699993751,0.0,12.144498940332861,1,0,2,1
3792,263.83021905199985,270.9924011230469,67.5,179.1999969482422,336.0,360.59239959716797,235.5,60211.198974609375,0.7287362217903137,TRACKING,0.05862238899953809,0.0,11.371808429522984,0,0,0,1
3793,263.9049524840002,270.8999938964844,67.5,179.1999969482422,336.0,360.49999237060547,235.5,60211.198974609375,0.7334241271018982,TRACKING,0.0526309710003261,0.0,13.380892235689341,0,0,0,1
3794,263.9810923490004,265.9924011230469,67.5,179.1999969482422,336.0,355.59239959716797,235.5,60211.198974609375,0.6900293231010437,LOW_SCORE,0.05242700800044986,0.0,13.133724363676636,1,0,1,1
3795,264.07747427400045,260.9924011230469,67.5,179.1999969482422,336.0,350.59239959716797,235.5,60211.198974609375,0.7111242413520813,LOW_SCORE,0.07432936100030929,0.0,10.375389368902733,1,0,2,1
3796,264.1717415740004,255.99240112304688,72.4075927734375,179.1999969482422,336.0,345.59239959716797,240.4075927734375,60211.198974609375,0.7768060564994812,TRACKING,0.05802987800052506,0.0,10.60813240647041,0,0,0,1
3797,264.2437592240003,255.89999389648438,72.5,179.1999969482422,336.0,345.49999237060547,240.5,60211.198974609375,0.7167481184005737,LOW_SCORE,0.04527754599985201,0.0,13.885485016538185,1,0,1,1
3798,264.3163782390002,250.99240112304688,72.5,179.1999969482422,336.0,340.59239959716797,240.5,60211.198974609375,0.7360045909881592,TRACKING,0.05320488800043677,0.0,13.770497988739594,0,0,0,1
3799,264.3857153150002,250.89999389648438,72.5,179.1999969482422,336.0,340.49999237060547,240.5,60211.198974609375,0.7483999729156494,TRACKING,0.04717180199986615,0.0,14.422298396313186,0,0,0,1
3800,264.4792248929998,250.89999389648438,72.5,179.1999969482422,336.0,340.49999237060547,240.5,60211.198974609375,0.7400222420692444,TRACKING,0.06418458000007377,0.0,10.69409167908074,0,0,0,1
3801,264.56025334199967,255.80758666992188,67.5924072265625,179.1999969482422,336.0,345.40758514404297,235.5924072265625,60211.198974609375,0.6995968222618103,LOW_SCORE,0.056462608000401815,0.0,12.341344457941375,1,0,1,1
3802,264.6488068859999,260.8075866699219,67.5,179.1999969482422,336.0,350.40758514404297,235.5,60211.198974609375,0.6641841530799866,LOW_SCORE,0.04949356499946589,0.0,11.292602812120936,1,0,2,1
3803,264.71207941800003,260.8999938964844,67.5,179.1999969482422,336.0,350.49999237060547,235.5,60211.198974609375,0.6413000226020813,LOW_SCORE,0.041066734999731125,0.0,15.804646477519546,1,0,3,1
3804,264.83368073899965,265.8075866699219,62.5924072265625,179.1999969482422,336.0,355.40758514404297,230.5924072265625,60211.198974609375,0.6626763343811035,LOW_SCORE,0.09942323500035855,0.0,8.22359487363756,1,0,4,1
3805,264.90442753000025,275.7151794433594,67.4075927734375,179.1999969482422,336.0,365.31517791748047,235.4075927734375,60211.198974609375,0.6629055142402649,LOW_SCORE,0.049433251999289496,0.0,14.134916734124316,1,0,5,1
3806,264.9860050010002,290.6227722167969,67.5,179.1999969482422,336.0,380.22277069091797,235.5,60211.198974609375,0.680661678314209,LOW_SCORE,0.053071135999744,0.0,12.258286359485973,1,0,6,1
3807,265.0574002430003,300.7151794433594,72.4075927734375,179.1999969482422,336.0,390.31517791748047,240.4075927734375,60211.198974609375,0.6827352046966553,LOW_SCORE,0.04980706199967244,0.0,14.006535617576445,1,0,7,1
3808,265.13278175899995,310.7151794433594,72.5,179.1999969482422,336.0,400.31517791748047,240.5,60211.198974609375,0.6828446388244629,LOW_SCORE,0.05312842900002579,0.0,13.26585153852061,1,0,8,1
3809,265.2147350710002,320.7151794433594,62.684814453125,179.1999969482422,336.0,410.31517791748047,230.684814453125,60211.198974609375,0.640275776386261,LOW_SCORE,0.05656646399984311,0.0,12.202069392842528,1,0,9,1
3810,265.3087935650001,311.0848083496094,67.4075927734375,179.1999969482422,336.0,400.68480682373047,235.4075927734375,60211.198974609375,0.6171124577522278,LOST,0.0700984969998899,0.0,10.631682025452784,1,0,10,1
3811,265.3783266350001,296.1772155761719,72.4075927734375,179.1999969482422,336.0,385.77721405029297,240.4075927734375,60211.198974609375,0.6412696838378906,LOST,0.0490431410007659,0.0,14.381646028278489,1,0,11,1
3812,265.4492724929996,281.1772155761719,72.5,179.1999969482422,336.0,370.77721405029297,240.5,60211.198974609375,0.6589781641960144,LOST,0.04954997300046671,0.0,14.095255568083848,1,0,12,1
3813,265.536574189,271.0848083496094,72.5,179.1999969482422,336.0,360.68480682373047,240.5,60211.198974609375,0.7026243805885315,LOST,0.06053695700029493,0.0,11.45453119256095,1,0,13,1
3814,265.63162983799975,256.1772155761719,72.5,179.1999969482422,336.0,345.77721405029297,240.5,60211.198974609375,0.6669193506240845,LOST,0.06928030499966553,0.0,10.520153305174047,1,0,14,1
3815,265.70405119299994,246.08480834960938,72.5,179.1999969482422,336.0,335.68480682373047,240.5,60211.198974609375,0.7243961691856384,TRACKING,0.05044493900004454,0.0,13.808081884099067,0,0,0,1
3816,265.79619964999983,240.99240112304688,67.5924072265625,179.1999969482422,336.0,330.59239959716797,235.5924072265625,60211.198974609375,0.7838336229324341,TRACKING,0.0670439069999702,0.0,10.852053659467703,0,0,0,1
3817,265.8761499020002,231.08480834960938,67.5,179.1999969482422,336.0,320.68480682373047,235.5,60211.198974609375,0.7631796598434448,TRACKING,0.05794466699990153,0.0,12.50777796167163,0,0,0,1
3818,265.95207481499983,225.99240112304688,67.5,179.1999969482422,336.0,315.59239959716797,235.5,60211.198974609375,0.7900894284248352,TRACKING,0.05486163800014765,0.0,13.170907420131863,0,0,0,1
3819,266.0279076939996,216.08480834960938,62.5924072265625,179.1999969482422,336.0,305.68480682373047,230.5924072265625,60211.198974609375,0.7615522146224976,TRACKING,0.04996914799994556,0.0,13.186892192274064,0,0,0,1
3820,266.1059864509998,206.08480834960938,62.5,179.1999969482422,336.0,295.68480682373047,230.5,60211.198974609375,0.7784233093261719,TRACKING,0.055625559999498364,0.0,12.807580940327117,0,0,0,1
3821,266.19560329700016,196.08480834960938,62.5,179.1999969482422,336.0,285.68480682373047,230.5,60211.198974609375,0.8070888519287109,TRACKING,0.06427739500031748,0.0,11.158616316357008,0,0,0,1
3822,266.2837408429996,181.17721557617188,62.5,179.1999969482422,336.0,270.77721405029297,230.5,60211.198974609375,0.8208010196685791,TRACKING,0.06078956700002891,0.0,11.34590246030478,0,0,0,1
3823,266.35196055399956,171.08480834960938,57.5924072265625,179.1999969482422,336.0,260.68480682373047,225.5924072265625,60211.198974609375,0.8222454786300659,TRACKING,0.047037788999659824,0.0,14.65852002803477,0,0,0,1
3824,266.426092619,165.99240112304688,57.5,179.1999969482422,336.0,255.59239959716797,225.5,60211.198974609375,0.8122424483299255,TRACKING,0.052180961999511055,0.0,13.489439421314286,0,0,0,1
3825,266.5241402009997,165.89999389648438,52.5924072265625,179.1999969482422,336.0,255.49999237060547,220.5924072265625,60211.198974609375,0.7483696937561035,TRACKING,0.06742495599974063,0.0,10.199129643023488,0,0,0,1
3826,266.5921825129999,165.89999389648438,52.5,179.1999969482422,336.0,255.49999237060547,220.5,60211.198974609375,0.7467077374458313,TRACKING,0.04691299500063906,0.0,14.696737524098607,0,0,0,1
3827,266.65886120400046,165.89999389648438,52.5,179.1999969482422,336.0,255.49999237060547,220.5,60211.198974609375,0.7146927118301392,LOW_SCORE,0.04415705599967623,0.0,14.99729501275877,1,0,1,1
3828,266.73974288000045,165.89999389648438,47.5924072265625,179.1999969482422,336.0,255.49999237060547,215.5924072265625,60211.198974609375,0.7226239442825317,TRACKING,0.058750099999997474,0.0,12.363739841396512,0,0,0,1
3829,266.8680493310003,165.89999389648438,47.5,179.1999969482422,336.0,255.49999237060547,215.5,60211.198974609375,0.7112174034118652,LOW_SCORE,0.10262715099997877,0.0,7.793840389219528,1,0,1,1
3830,266.94347032800033,170.80758666992188,47.5,179.1999969482422,336.0,260.40758514404297,215.5,60211.198974609375,0.6903219223022461,LOW_SCORE,0.052741180999873905,0.0,13.2589071979452,1,0,2,1
3831,267.00898305900046,170.89999389648438,47.5,179.1999969482422,336.0,260.49999237060547,215.5,60211.198974609375,0.6880367398262024,LOW_SCORE,0.042910520999612345,0.0,15.264208723004897,1,0,3,1
3832,267.08876914099983,170.89999389648438,42.5924072265625,179.1999969482422,336.0,260.49999237060547,210.5924072265625,60211.198974609375,0.689338207244873,LOW_SCORE,0.05629312499968364,0.0,12.533514304009298,1,0,4,1
3833,267.1639417469996,175.80758666992188,42.5,179.1999969482422,336.0,265.40758514404297,210.5,60211.198974609375,0.7046937346458435,LOW_SCORE,0.049601536000409396,0.0,13.30271828014994,1,0,5,1
3834,267.23052434300007,175.89999389648438,42.5,179.1999969482422,336.0,265.49999237060547,210.5,60211.198974609375,0.7101230621337891,LOW_SCORE,0.04368355699989479,0.0,15.01893978410411,1,0,6,1
3835,267.30343029100004,175.89999389648438,42.5,179.1999969482422,336.0,265.49999237060547,210.5,60211.198974609375,0.717250645160675,LOW_SCORE,0.04944481500024267,0.0,13.716301995008752,1,0,7,1
3836,267.3735728519996,175.89999389648438,42.5,179.1999969482422,336.0,265.49999237060547,210.5,60211.198974609375,0.7242157459259033,TRACKING,0.04428882899992459,0.0,14.256679336335031,0,0,0,1
3837,267.4514575940002,175.89999389648438,42.5,179.1999969482422,336.0,265.49999237060547,210.5,60211.198974609375,0.7347115874290466,TRACKING,0.0566183920000185,0.0,12.83948529985784,0,0,0,1
3838,267.52671879599984,175.89999389648438,42.5,179.1999969482422,336.0,265.49999237060547,210.5,60211.198974609375,0.719523012638092,LOW_SCORE,0.04634465000071941,0.0,13.287058583050717,1,0,1,1
3839,267.60041720699974,175.89999389648438,42.5,179.1999969482422,336.0,265.49999237060547,210.5,60211.198974609375,0.7190946936607361,LOW_SCORE,0.052225909999833675,0.0,13.568813580002628,1,0,2,1
3840,267.67135410599985,175.89999389648438,42.5,179.1999969482422,336.0,265.49999237060547,210.5,60211.198974609375,0.713151216506958,LOW_SCORE,0.04746264100049302,0.0,14.097035733100697,1,0,3,1
3841,267.74622748799993,175.89999389648438,42.5,179.1999969482422,336.0,265.49999237060547,210.5,60211.198974609375,0.7013295888900757,LOW_SCORE,0.0466951260004862,0.0,13.35588126630848,1,0,4,1
3842,267.8204153879997,180.80758666992188,42.5,179.1999969482422,336.0,270.40758514404297,210.5,60211.198974609375,0.7068673372268677,LOW_SCORE,0.05159069000001182,0.0,13.479287053595947,1,0,5,1
3843,267.8966771819996,180.89999389648438,42.5,179.1999969482422,336.0,270.49999237060547,210.5,60211.198974609375,0.6795069575309753,LOW_SCORE,0.05103172100007214,0.0,13.112725882119841,1,0,6,1
3844,267.96807659000024,175.99240112304688,47.4075927734375,179.1999969482422,336.0,265.59239959716797,215.4075927734375,60211.198974609375,0.7123309373855591,LOW_SCORE,0.04843239900037588,0.0,14.005718366619694,1,0,7,1
3845,268.02642334899974,175.89999389648438,47.5,179.1999969482422,336.0,265.49999237060547,215.5,60211.198974609375,0.7130112648010254,LOW_SCORE,0.03714426300030027,0.0,17.13891254882691,1,0,8,1
3846,268.09313448899957,175.89999389648438,47.5,179.1999969482422,336.0,265.49999237060547,215.5,60211.198974609375,0.6756801605224609,LOW_SCORE,0.04183221999937814,0.0,14.990000170925367,1,0,9,1
3847,268.16086465900025,170.99240112304688,47.5,179.1999969482422,336.0,260.59239959716797,215.5,60211.198974609375,0.7171041369438171,LOST,0.04566416800025763,0.0,14.764469068804411,1,0,10,1
3848,268.23031486200034,170.89999389648438,47.5,179.1999969482422,336.0,260.49999237060547,215.5,60211.198974609375,0.6906778812408447,LOST,0.04491139300080249,0.0,14.398806004911721,1,0,11,1
3849,268.313510385,170.89999389648438,47.5,179.1999969482422,336.0,260.49999237060547,215.5,60211.198974609375,0.6802595853805542,LOST,0.058891299999231705,0.0,12.019877560051333,1,0,12,1
3850,268.3973420660004,165.99240112304688,47.5,179.1999969482422,336.0,255.59239959716797,215.5,60211.198974609375,0.6942108869552612,LOST,0.0615422379996744,0.0,11.928664534290638,1,0,13,1
3851,268.4615665430001,165.89999389648438,47.5,179.1999969482422,336.0,255.49999237060547,215.5,60211.198974609375,0.7004469633102417,LOST,0.042501658999754,0.0,15.57038759544442,1,0,14,1
3852,268.55152037399967,165.89999389648438,52.4075927734375,179.1999969482422,336.0,255.49999237060547,220.4075927734375,60211.198974609375,0.6660887002944946,LOST,0.060231743000258575,0.0,11.116813913184277,1,0,15,1
3853,268.6287828129998,160.99240112304688,52.5,179.1999969482422,336.0,250.59239959716797,220.5,60211.198974609375,0.7061849236488342,LOST,0.054840232000060496,0.0,12.94289971868536,1,0,16,1
3854,268.7418486030001,155.99240112304688,52.5,179.1999969482422,336.0,245.59239959716797,220.5,60211.198974609375,0.6898975968360901,LOST,0.09104859200033388,0.0,8.844408198071415,1,0,17,1
3855,268.8227552790004,150.99240112304688,47.5924072265625,179.1999969482422,336.0,240.59239959716797,215.5924072265625,60211.198974609375,0.720546305179596,TRACKING,0.05848556399996596,0.0,12.35991947063415,0,0,0,1
3856,268.895683363,145.99240112304688,47.5,179.1999969482422,336.0,235.59239959716797,215.5,60211.198974609375,0.6972733736038208,LOW_SCORE,0.05101474099956249,0.0,13.712138659851512,1,0,1,1
3857,268.97002095300013,140.99240112304688,47.5,179.1999969482422,336.0,230.59239959716797,215.5,60211.198974609375,0.7085309028625488,LOW_SCORE,0.05272867999974551,0.0,13.45214446685859,1,0,2,1
3858,269.04873175299963,131.08480834960938,47.5,179.1999969482422,336.0,220.68480682373047,215.5,60211.198974609375,0.6951543688774109,LOW_SCORE,0.05659516200012149,0.0,12.704736834162134,1,0,3,1
3859,269.1277453189996,125.9924087524414,47.5,179.1999969482422,336.0,215.5924072265625,215.5,60211.198974609375,0.7053213119506836,LOW_SCORE,0.055692280000585015,0.0,12.656054531199544,1,0,4,1
3860,269.22450938699967,120.9924087524414,47.5,179.1999969482422,336.0,210.5924072265625,215.5,60211.198974609375,0.7082688212394714,LOW_SCORE,0.07089257500047097,0.0,10.334414630016703,1,0,5,1
3861,269.30698114500046,115.9924087524414,42.5924072265625,179.1999969482422,336.0,205.5924072265625,210.5924072265625,60211.198974609375,0.6886982917785645,LOW_SCORE,0.06073836699943058,0.0,12.125362963529739,1,0,6,1
3862,269.3892815469999,110.9924087524414,42.5,179.1999969482422,336.0,200.5924072265625,210.5,60211.198974609375,0.6624500155448914,LOW_SCORE,0.056830792000255315,0.0,12.150608936358092,1,0,7,1
3863,269.4694016450003,105.9924087524414,42.5,179.1999969482422,336.0,195.5924072265625,210.5,60211.198974609375,0.6643335223197937,LOW_SCORE,0.05688896999981807,0.0,12.481262816165325,1,0,8,1
3864,269.53156858199964,105.9000015258789,42.5,179.1999969482422,336.0,195.5,210.5,60211.198974609375,0.6556001901626587,LOW_SCORE,0.04075792699950398,0.0,16.0857209357203,1,0,9,1
3865,269.6122484309999,105.9000015258789,42.5,179.1999969482422,336.0,195.5,210.5,60211.198974609375,0.6799871325492859,LOST,0.048856626000088,0.0,12.394668710854331,1,0,10,1
3866,269.70338910699957,105.9000015258789,47.4075927734375,179.1999969482422,336.0,195.5,215.4075927734375,60211.198974609375,0.6656832098960876,LOST,0.04469550399971922,0.0,10.972049406388455,1,0,11,1
3867,269.7820116769999,105.9000015258789,47.5,179.1999969482422,336.0,195.5,215.5,60211.198974609375,0.7117086052894592,LOST,0.050864946000729105,0.0,12.718994049618944,1,0,12,1
3868,269.8856677009999,100.9924087524414,47.5,179.1999969482422,336.0,190.5924072265625,215.5,60211.198974609375,0.7623280882835388,TRACKING,0.06975406399942585,0.0,9.647292664826182,0,0,0,1
3869,269.9708222720001,95.9924087524414,42.5924072265625,179.1999969482422,336.0,185.5924072265625,210.5924072265625,60211.198974609375,0.7395514845848083,TRACKING,0.06310273599956417,0.0,11.74335080611959,0,0,0,1
3870,270.0620600860002,86.0848159790039,42.5,179.1999969482422,336.0,175.684814453125,210.5,60211.198974609375,0.7105721831321716,LOW_SCORE,0.05413974900056928,0.0,10.960367814146046,1,0,1,1
3871,270.1366377329996,80.9924087524414,42.5,179.1999969482422,336.0,170.5924072265625,210.5,60211.198974609375,0.6533183455467224,LOW_SCORE,0.051073491999886755,0.0,13.408843537370101,1,0,2,1
3872,270.2212255739996,71.0848159790039,37.5924072265625,179.1999969482422,336.0,160.684814453125,205.5924072265625,60211.198974609375,0.576131284236908,LOW_SCORE,0.053024832000119204,0.0,11.822030071670115,1,0,3,1
3873,270.2978445110002,61.084815979003906,37.5,179.1999969482422,336.0,150.684814453125,205.5,60211.198974609375,0.5899747610092163,LOW_SCORE,0.05154751200007013,0.0,13.05160367850219,1,0,4,1
3874,270.3723693439997,55.992408752441406,32.5924072265625,179.1999969482422,336.0,145.5924072265625,200.5924072265625,60211.198974609375,0.6107994318008423,LOW_SCORE,0.049821020000308636,0.0,13.418346070052781,1,0,5,1
3875,270.439981126,55.900001525878906,32.5,179.1999969482422,336.0,145.5,200.5,60211.198974609375,0.6245656609535217,LOW_SCORE,0.04632933700031572,0.0,14.790321603938398,1,0,6,1
3876,270.51401016900036,55.900001525878906,32.5,179.1999969482422,336.0,145.5,200.5,60211.198974609375,0.6433243751525879,LOW_SCORE,0.05140860299979977,0.0,13.508211905365954,1,0,7,1
3877,270.6135462689999,60.807594299316406,27.5924072265625,179.1999969482422,336.0,150.4075927734375,195.5924072265625,60211.198974609375,0.6609476804733276,LOW_SCORE,0.06982984600017517,0.0,10.046606206234095,1,0,8,1
3878,270.7062239549996,65.8075942993164,27.5,179.1999969482422,336.0,155.4075927734375,195.5,60211.198974609375,0.7075175046920776,LOW_SCORE,0.062212146999627294,0.0,10.790083818058001,1,0,9,1
3879,270.8088412090001,65.9000015258789,27.5,179.1999969482422,336.0,155.5,195.5,60211.198974609375,0.6414748430252075,LOST,0.08131616299942834,0.0,9.744949908668044,1,0,10,1
3880,270.87940867399993,60.992408752441406,32.4075927734375,179.1999969482422,336.0,150.5924072265625,200.4075927734375,60211.198974609375,0.7082942128181458,LOST,0.04828015700059041,0.0,14.170836376257347,1,0,11,1
3881,270.9599778949996,55.992408752441406,32.5,179.1999969482422,336.0,145.5924072265625,200.5,60211.198974609375,0.6977878212928772,LOST,0.057133244999931776,0.0,12.411687584816034,1,0,12,1
3882,271.0426668979999,50.992408752441406,32.5,179.1999969482422,336.0,140.5924072265625,200.5,60211.198974609375,0.6636860966682434,LOST,0.06009220899977663,0.0,12.093506557295779,1,0,13,1
3883,271.11691516300016,45.992408752441406,32.5,179.1999969482422,336.0,135.5924072265625,200.5,60211.198974609375,0.7112390995025635,LOST,0.05170704699958151,0.0,13.468328182432941,1,0,14,1
3884,271.18450465299975,40.992408752441406,32.5,179.1999969482422,336.0,130.5924072265625,200.5,60211.198974609375,0.7252609133720398,TRACKING,0.04665819799993187,0.0,14.795199667966882,0,0,0,1
3885,271.2570803340004,35.992408752441406,32.5,179.1999969482422,336.0,125.5924072265625,200.5,60211.198974609375,0.7140560150146484,LOW_SCORE,0.050671660999796586,0.0,13.778720174747628,1,0,1,1
3886,271.33718215000044,30.992408752441406,37.4075927734375,179.1999969482422,336.0,120.5924072265625,205.4075927734375,60211.198974609375,0.6867834329605103,LOW_SCORE,0.05470059400067839,0.0,12.4841114713267,1,0,2,1
3887,271.4124171020003,25.992408752441406,37.5,179.1999969482422,336.0,115.5924072265625,205.5,60211.198974609375,0.6835736632347107,LOW_SCORE,0.05357103999995161,0.0,13.291694530516159,1,0,3,1
3888,271.50297719399987,16.084815979003906,37.5,179.1999969482422,336.0,105.684814453125,205.5,60211.198974609375,0.677707314491272,LOW_SCORE,0.06489126100041176,0.0,11.042391608929275,1,0,4,1
3889,271.58225102600045,10.992408752441406,37.5,179.1999969482422,336.0,100.5924072265625,205.5,60211.198974609375,0.6227951049804688,LOW_SCORE,0.054472777000228234,0.0,12.61450310605233,1,0,5,1
3890,271.66434470399963,5.992408752441406,37.5,179.1999969482422,336.0,95.5924072265625,205.5,60211.198974609375,0.5629823803901672,LOW_SCORE,0.05452512099964224,0.0,12.181205963386823,1,0,6,1
3891,271.7396152809997,0.9924087524414062,37.5,179.1999969482422,336.0,90.5924072265625,205.5,60211.198974609375,0.5774641633033752,LOW_SCORE,0.051385112999923876,0.0,13.285403671063893,1,0,7,1
3892,271.81154881400016,0.9000015258789062,32.5924072265625,179.1999969482422,336.0,90.5,200.5924072265625,60211.198974609375,0.5310521721839905,LOW_SCORE,0.04797004699958052,0.0,13.90172230236192,1,0,8,1
3893,271.88165366500016,0.9000015258789062,27.5924072265625,179.1999969482422,336.0,90.5,195.5924072265625,60211.198974609375,0.4763592481613159,LOW_SCORE,0.04867927900068025,0.0,14.26434812620957,1,0,9,1
3894,271.9510163670002,0.9000015258789062,27.5,179.1999969482422,336.0,90.5,195.5,60211.198974609375,0.5368541479110718,LOST,0.03945347400076571,0.0,14.416970088614724,1,0,10,1
3895,272.0253248420004,10.715187072753906,27.5,179.1999969482422,336.0,100.315185546875,195.5,60211.198974609375,0.5805751085281372,LOST,0.05123234999973647,0.0,13.457415187131469,1,0,11,1
3896,272.1103913380002,20.715187072753906,22.5924072265625,179.1999969482422,336.0,110.315185546875,190.5924072265625,60211.198974609375,0.5934329032897949,LOST,0.05882051800017507,0.0,11.755509478158322,1,0,12,1
3897,272.18146287499985,40.530372619628906,27.4075927734375,179.1999969482422,336.0,130.13037109375,195.4075927734375,60211.198974609375,0.6270684599876404,LOST,0.05020269400029065,0.0,14.070330292776347,1,0,13,1
3898,272.26066982999964,45.807594299316406,27.5,179.1999969482422,336.0,135.4075927734375,195.5,60211.198974609375,0.6225027441978455,LOST,0.05532149099963135,0.0,12.625153940113535,1,0,14,1
3899,272.3354106050001,60.622779846191406,27.5,179.1999969482422,336.0,150.2227783203125,195.5,60211.198974609375,0.6249651908874512,LOST,0.04700924600001599,0.0,13.37957761334146,1,0,15,1
3900,272.4159404510001,70.7151870727539,27.5,179.1999969482422,336.0,160.315185546875,195.5,60211.198974609375,0.6667467951774597,LOST,0.05316191800011438,0.0,12.417756268900847,1,0,16,1
3901,272.4991163369996,100.3455581665039,32.4075927734375,179.1999969482422,336.0,189.945556640625,200.4075927734375,60211.198974609375,0.6625036597251892,LOST,0.056753549999484676,0.0,12.022715333699526,1,0,17,1
3902,272.5812337139996,114.6227798461914,37.4075927734375,179.1999969482422,336.0,204.2227783203125,205.4075927734375,60211.198974609375,0.7270563244819641,TRACKING,0.059990226999616425,0.0,12.17769047834562,0,0,0,1
3903,272.69873688200005,134.53036499023438,37.5,179.1999969482422,336.0,224.13036346435547,205.5,60211.198974609375,0.7028851509094238,LOW_SCORE,0.09119500099950528,0.0,8.510408842732307,1,0,1,1
3904,272.8447748230001,154.53036499023438,42.4075927734375,179.1999969482422,336.0,244.13036346435547,210.4075927734375,60211.198974609375,0.7497012615203857,TRACKING,0.1215105900000708,0.0,6.847535600353232,0,0,0,1
3905,272.9408650229998,169.62277221679688,42.5,179.1999969482422,336.0,259.22277069091797,210.5,60211.198974609375,0.7636438012123108,TRACKING,0.06947426700025972,0.0,10.406888527685883,0,0,0,1
3906,273.04687479099994,174.80758666992188,42.5,179.1999969482422,336.0,264.40758514404297,210.5,60211.198974609375,0.7786509990692139,TRACKING,0.07228567499987548,0.0,9.43309299571898,0,0,0,1
3907,273.1289534159996,179.80758666992188,42.5,179.1999969482422,336.0,269.40758514404297,210.5,60211.198974609375,0.7685021162033081,TRACKING,0.060086114999649,0.0,12.18343996386458,0,0,0,1
3908,273.20105320200037,184.80758666992188,42.5,179.1999969482422,336.0,274.40758514404297,210.5,60211.198974609375,0.7713560461997986,TRACKING,0.05133651800042571,0.0,13.869666686519981,0,0,0,1
3909,273.28054063200034,189.80758666992188,42.5,179.1999969482422,336.0,279.40758514404297,210.5,60211.198974609375,0.7763211131095886,TRACKING,0.054885389000446594,0.0,12.580605512096103,0,0,0,1
3910,273.36478466399967,194.80758666992188,47.4075927734375,179.1999969482422,336.0,284.40758514404297,215.4075927734375,60211.198974609375,0.803328275680542,TRACKING,0.05927672400048323,0.0,11.87027705425968,0,0,0,1
3911,273.44770471300035,199.80758666992188,47.5,179.1999969482422,336.0,289.40758514404297,215.5,60211.198974609375,0.8061316013336182,TRACKING,0.05691860600018117,0.0,12.059809564172303,0,0,0,1
3912,273.5275005860003,204.80758666992188,42.5924072265625,179.1999969482422,336.0,294.40758514404297,210.5924072265625,60211.198974609375,0.7592988610267639,TRACKING,0.05256206299964106,0.0,12.531976434425642,0,0,0,1
3913,273.6062332089996,219.62277221679688,52.315185546875,179.1999969482422,336.0,309.22277069091797,220.315185546875,60211.198974609375,0.6951932311058044,LOW_SCORE,0.056230571000014606,0.0,12.701215352742524,1,0,1,1
3914,273.70268956200016,229.71517944335938,57.4075927734375,179.1999969482422,336.0,319.31517791748047,225.4075927734375,60211.198974609375,0.6844763159751892,LOW_SCORE,0.07435545499993168,0.0,10.36738347337294,1,0,2,1
3915,273.78399197399995,239.71517944335938,57.5,179.1999969482422,336.0,329.31517791748047,225.5,60211.198974609375,0.6907806396484375,LOW_SCORE,0.05696516900025017,0.0,12.299758093310059,1,0,3,1
3916,273.8637474819998,254.62277221679688,57.5,179.1999969482422,336.0,344.22277069091797,225.5,60211.198974609375,0.6638479232788086,LOW_SCORE,0.05242211199947633,0.0,12.538318983587605,1,0,4,1
3917,273.9369016110004,264.7151794433594,57.5,179.1999969482422,336.0,354.31517791748047,225.5,60211.198974609375,0.6409040689468384,LOW_SCORE,0.05164964899995539,0.0,13.66976838712158,1,0,5,1
3918,274.011284358,274.7151794433594,57.5,179.1999969482422,336.0,364.31517791748047,225.5,60211.198974609375,0.6334673762321472,LOW_SCORE,0.05221419200006494,0.0,13.443977808525142,1,0,6,1
3919,274.0922468689996,289.6227722167969,57.5,179.1999969482422,336.0,379.22277069091797,225.5,60211.198974609375,0.5884393453598022,LOW_SCORE,0.051184484000259545,0.0,12.351395573748555,1,0,7,1
3920,274.1794007489998,294.8075866699219,52.5924072265625,179.1999969482422,336.0,384.40758514404297,220.5924072265625,60211.198974609375,0.5854721069335938,LOW_SCORE,0.06064945900016028,0.0,11.47395847434276,1,0,8,1
3921,274.25019379100013,304.7151794433594,52.5,179.1999969482422,336.0,394.31517791748047,220.5,60211.198974609375,0.6011413931846619,LOW_SCORE,0.048664642999938224,0.0,14.125682012581228,1,0,9,1
3922,274.3397627180002,314.7151794433594,52.5,179.1999969482422,336.0,404.31517791748047,220.5,60211.198974609375,0.610939621925354,LOST,0.06726297400018666,0.0,11.164586129285492,1,0,10,1
3923,274.40833040399957,319.8075866699219,47.5924072265625,179.1999969482422,336.0,409.40758514404297,215.5924072265625,60211.198974609375,0.6181446313858032,LOST,0.04592344399952708,0.0,14.584129323092522,1,0,11,1
3924,274.48947156400027,324.8075866699219,47.5,179.1999969482422,336.0,414.40758514404297,215.5,60211.198974609375,0.6488962173461914,LOST,0.054560694999963744,0.0,12.324201428614051,1,0,12,1
3925,274.5655116349999,334.7151794433594,47.5,179.1999969482422,336.0,424.31517791748047,215.5,60211.198974609375,0.6357167959213257,LOST,0.050728121000247484,0.0,13.150960892776325,1,0,13,1
3926,274.6412340950001,339.8075866699219,47.5,179.1999969482422,336.0,429.40758514404297,215.5,60211.198974609375,0.6283255219459534,LOST,0.05144860400014295,0.0,13.206121407012324,1,0,14,1
3927,274.7250617130003,349.7151794433594,47.5,179.1999969482422,336.0,439.31517791748047,215.5,60211.198974609375,0.7084139585494995,LOST,0.05569556099999318,0.0,11.929242698956891,1,0,15,1
3928,274.80821707799987,359.7151794433594,47.5,179.1999969482422,336.0,449.31517791748047,215.5,60211.198974609375,0.7098390460014343,LOST,0.06121139700007916,0.0,12.025682287667223,1,0,16,1
3929,274.91656756799966,369.7151794433594,47.5,179.1999969482422,336.0,459.31517791748047,215.5,60211.198974609375,0.6890397071838379,LOST,0.08656209800028591,0.0,9.229307592442888,1,0,17,1
3930,275.0414435880002,394.4379577636719,47.5,179.1999969482422,336.0,484.03795623779297,215.5,60211.198974609375,0.6566066741943359,LOST,0.05638682499920833,0.0,8.007942597750514,1,0,18,1
3931,275.12596621899957,404.7151794433594,52.4075927734375,179.1999969482422,336.0,494.31517791748047,220.4075927734375,60211.198974609375,0.6673624515533447,LOST,0.05604187000062666,0.0,11.831150878487794,1,0,19,1
3932,275.19957014900046,409.8075866699219,52.5,179.1999969482422,336.0,499.40758514404297,220.5,60211.198974609375,0.675212025642395,LOST,0.05199465599980613,0.0,13.58623106113731,1,0,20,1
3933,275.26826966000044,409.8999938964844,52.5,179.1999969482422,336.0,499.49999237060547,220.5,60211.198974609375,0.7017328143119812,LOST,0.047128311000051326,0.0,14.55614436615617,1,0,21,1
3934,275.33469209600025,409.8999938964844,52.5,179.1999969482422,336.0,499.49999237060547,220.5,60211.198974609375,0.7300624847412109,TRACKING,0.044812172999627364,0.0,15.05515395434815,0,0,0,1
3935,275.4072834540002,400.0848083496094,57.4075927734375,179.1999969482422,336.0,489.68480682373047,225.4075927734375,60211.198974609375,0.7045674920082092,LOW_SCORE,0.05072285999995074,0.0,13.775744490144831,1,0,1,1
3936,275.5007811559999,390.0848083496094,57.5,179.1999969482422,336.0,479.68480682373047,225.5,60211.198974609375,0.699011504650116,LOW_SCORE,0.06437229200037109,0.0,10.695450033662457,1,0,2,1
3937,275.57932762899964,380.0848083496094,57.5,179.1999969482422,336.0,469.68480682373047,225.5,60211.198974609375,0.7036454677581787,LOW_SCORE,0.055525505999867164,0.0,12.731316401735823,1,0,3,1
3938,275.66280076099974,370.0848083496094,57.5,179.1999969482422,336.0,459.68480682373047,225.5,60211.198974609375,0.6998433470726013,LOW_SCORE,0.05719621500065841,0.0,11.979902706881807,1,0,4,1
3939,275.74304367399964,350.2696228027344,52.5924072265625,179.1999969482422,336.0,439.86962127685547,220.5924072265625,60211.198974609375,0.6228843927383423,LOW_SCORE,0.057830863000162935,0.0,12.462159742397898,1,0,5,1
3940,275.82282876499994,330.2696228027344,52.5,179.1999969482422,336.0,419.86962127685547,220.5,60211.198974609375,0.5846571326255798,LOW_SCORE,0.055569934000232024,0.0,12.53366998097672,1,0,6,1
3941,275.9006245999999,310.2696228027344,57.4075927734375,179.1999969482422,336.0,399.86962127685547,225.4075927734375,60211.198974609375,0.6197928190231323,LOW_SCORE,0.05483804399955261,0.0,12.854158580604013,1,0,7,1
3942,275.97983754399957,295.1772155761719,57.5,179.1999969482422,336.0,384.77721405029297,225.5,60211.198974609375,0.6185170412063599,LOW_SCORE,0.05657792200054246,0.0,12.62419939857605,1,0,8,1
3943,276.051573834,285.0848083496094,52.5924072265625,179.1999969482422,336.0,374.68480682373047,220.5924072265625,60211.198974609375,0.6109156608581543,LOW_SCORE,0.049559140000383195,0.0,13.939945876679749,1,0,9,1
3944,276.1284759,270.1772155761719,52.5,179.1999969482422,336.0,359.77721405029297,220.5,60211.198974609375,0.6359731554985046,LOST,0.05505976800031931,0.0,13.003551816149765,1,0,10,1
3945,276.20774504400015,255.17721557617188,47.5924072265625,179.1999969482422,336.0,344.77721405029297,215.5924072265625,60211.198974609375,0.6821154356002808,LOST,0.05153824099943449,0.0,12.615249131468868,1,0,11,1
3946,276.28792759099997,240.17721557617188,47.5,179.1999969482422,336.0,329.77721405029297,215.5,60211.198974609375,0.6954881548881531,LOST,0.05841155200050707,0.0,12.4715419678826,1,0,12,1
3947,276.3751632960002,220.26962280273438,42.5924072265625,179.1999969482422,336.0,309.86962127685547,210.5924072265625,60211.198974609375,0.7056431770324707,LOST,0.061427079000168305,0.0,11.463196176350698,1,0,13,1
3948,276.456386801,205.17721557617188,42.5,179.1999969482422,336.0,294.77721405029297,210.5,60211.198974609375,0.750377357006073,TRACKING,0.05971829499958403,0.0,12.311707060689965,0,0,0,1
3949,276.53058048099956,195.08480834960938,37.5924072265625,179.1999969482422,336.0,284.68480682373047,205.5924072265625,60211.198974609375,0.7796621322631836,TRACKING,0.05296774699945672,0.0,13.478236960426102,0,0,0,1
3950,276.61355047800043,185.08480834960938,37.5,179.1999969482422,336.0,274.68480682373047,205.5,60211.198974609375,0.7717972993850708,TRACKING,0.06019325200031744,0.0,12.052549549802622,0,0,0,1
3951,276.6985025969998,175.08480834960938,32.5924072265625,179.1999969482422,336.0,264.68480682373047,200.5924072265625,60211.198974609375,0.749778687953949,TRACKING,0.05637484500039136,0.0,11.771336745674422,0,0,0,1
3952,276.77525263000007,169.99240112304688,37.4075927734375,179.1999969482422,336.0,259.59239959716797,205.4075927734375,60211.198974609375,0.7317106127738953,TRACKING,0.05019738099963433,0.0,13.029310358685407,0,0,0,1
3953,276.8490368749999,164.99240112304688,37.5,179.1999969482422,336.0,254.59239959716797,205.5,60211.198974609375,0.7064937949180603,LOW_SCORE,0.05059181599972362,0.0,13.553028834301074,1,0,1,1
3954,276.9673426629997,159.99240112304688,32.5924072265625,179.1999969482422,336.0,249.59239959716797,200.5924072265625,60211.198974609375,0.6494791507720947,LOW_SCORE,0.091434640999978,0.0,8.452671816881484,1,0,2,1
3955,277.04412462300024,159.89999389648438,37.4075927734375,179.1999969482422,336.0,249.49999237060547,205.4075927734375,60211.198974609375,0.6302711963653564,LOW_SCORE,0.050627232999431726,0.0,13.023892591349174,1,0,3,1
3956,277.1302115030003,154.99240112304688,32.5924072265625,179.1999969482422,336.0,244.59239959716797,200.5924072265625,60211.198974609375,0.667213499546051,LOW_SCORE,0.06184390999987954,0.0,11.61617194164253,1,0,4,1
3957,277.1991613319997,154.89999389648438,32.5,179.1999969482422,336.0,244.49999237060547,200.5,60211.198974609375,0.6612969040870667,LOW_SCORE,0.046853357999680156,0.0,14.50329920337868,1,0,5,1
3958,277.272346191,154.89999389648438,32.5,179.1999969482422,336.0,244.49999237060547,200.5,60211.198974609375,0.6710428595542908,LOW_SCORE,0.046896274999198795,0.0,13.664028511629894,1,0,6,1
3959,277.338364921,154.89999389648438,32.5,179.1999969482422,336.0,244.49999237060547,200.5,60211.198974609375,0.6714735627174377,LOW_SCORE,0.04315109799972561,0.0,15.147216555060336,1,0,7,1
3960,277.4320817930002,154.89999389648438,32.5,179.1999969482422,336.0,244.49999237060547,200.5,60211.198974609375,0.6701484322547913,LOW_SCORE,0.07045558699974208,0.0,10.670437229253777,1,0,8,1
3961,277.5056089509999,159.80758666992188,32.5,179.1999969482422,336.0,249.40758514404297,200.5,60211.198974609375,0.672527551651001,LOW_SCORE,0.051018282999393705,0.0,13.6004168691519,1,0,9,1
3962,277.5793673099997,159.89999389648438,32.5,179.1999969482422,336.0,249.49999237060547,200.5,60211.198974609375,0.6786853671073914,LOST,0.04794509800012747,0.0,13.557785362363843,1,0,10,1
3963,277.6444799809997,159.89999389648438,32.5,179.1999969482422,336.0,249.49999237060547,200.5,60211.198974609375,0.6878017783164978,LOST,0.04173211299985269,0.0,15.35799383810783,1,0,11,1
3964,277.71355507299995,159.89999389648438,32.5,179.1999969482422,336.0,249.49999237060547,200.5,60211.198974609375,0.693734884262085,LOST,0.04679512700022315,0.0,14.476998452582732,1,0,12,1
3965,277.783865761,159.89999389648438,32.5,179.1999969482422,336.0,249.49999237060547,200.5,60211.198974609375,0.6916561722755432,LOST,0.04494019599951571,0.0,14.222588747803188,1,0,13,1
3966,277.8509565439999,159.89999389648438,32.5,179.1999969482422,336.0,249.49999237060547,200.5,60211.198974609375,0.6866552233695984,LOST,0.045326297000428895,0.0,14.905177064356316,1,0,14,1
3967,277.9256062229997,159.89999389648438,32.5,179.1999969482422,336.0,249.49999237060547,200.5,60211.198974609375,0.6722263097763062,LOST,0.047124873000029766,0.0,13.395904890669332,1,0,15,1
3968,277.98563660699983,159.89999389648438,32.5,179.1999969482422,336.0,249.49999237060547,200.5,60211.198974609375,0.6679448485374451,LOST,0.039451130999623274,0.0,16.65823093848365,1,0,16,1
3969,278.04781375200037,159.89999389648438,32.5,179.1999969482422,336.0,249.49999237060547,200.5,60211.198974609375,0.6696762442588806,LOST,0.036842382999566325,0.0,16.083080044788705,1,0,17,1
3970,278.12233223099975,159.89999389648438,32.5,179.1999969482422,336.0,249.49999237060547,200.5,60211.198974609375,0.6673941612243652,LOST,0.05359416600003897,0.0,13.419490218101737,1,0,18,1
3971,278.17820513900006,159.89999389648438,32.5,179.1999969482422,336.0,249.49999237060547,200.5,60211.198974609375,0.6738502979278564,LOST,0.03503875299975334,0.0,17.897761827511182,1,0,19,1
3972,278.2527323160002,159.89999389648438,32.5,179.1999969482422,336.0,249.49999237060547,200.5,60211.198974609375,0.6682382225990295,LOST,0.05089182199935749,0.0,13.417924041290389,1,0,20,1
3973,278.31926412899975,159.89999389648438,32.5,179.1999969482422,336.0,249.49999237060547,200.5,60211.198974609375,0.6659489870071411,LOST,0.04543624699999782,0.0,15.03040357561107,1,0,21,1
3974,278.38922829999956,159.89999389648438,32.5,179.1999969482422,336.0,249.49999237060547,200.5,60211.198974609375,0.6713101863861084,LOST,0.047593892999429954,0.0,14.29303007110181,1,0,22,1
3975,278.46074796999983,159.89999389648438,32.5,179.1999969482422,336.0,249.49999237060547,200.5,60211.198974609375,0.6740551590919495,LOST,0.04685143100050482,0.0,13.982167423258733,1,0,23,1
3976,278.52590585100006,159.89999389648438,32.5,179.1999969482422,336.0,249.49999237060547,200.5,60211.198974609375,0.7056280374526978,LOST,0.04098439000063081,0.0,15.347337645870333,1,0,24,1
3977,278.6049114469997,159.89999389648438,32.5,179.1999969482422,336.0,249.49999237060547,200.5,60211.198974609375,0.7115246057510376,LOST,0.05663443299999926,0.0,12.657331260488109,1,0,25,1
3978,278.68180919099996,159.89999389648438,37.4075927734375,179.1999969482422,336.0,249.49999237060547,205.4075927734375,60211.198974609375,0.7301583290100098,TRACKING,0.05719408000004478,0.0,13.004282674364935,0,0,0,1
3979,278.7908937049997,159.89999389648438,37.5,179.1999969482422,336.0,249.49999237060547,205.5,60211.198974609375,0.7321853637695312,TRACKING,0.08740940600000613,0.0,9.167204063469999,0,0,0,1
3980,278.86700195400044,159.89999389648438,37.5,179.1999969482422,336.0,249.49999237060547,205.5,60211.198974609375,0.7594877481460571,TRACKING,0.05443084899980022,0.0,13.139180221976924,0,0,0,1
3981,278.93983644200034,159.89999389648438,37.5,179.1999969482422,336.0,249.49999237060547,205.5,60211.198974609375,0.7826351523399353,TRACKING,0.04866677899917704,0.0,13.729759451338394,0,0,0,1
3982,279.00939305300017,159.89999389648438,37.5,179.1999969482422,336.0,249.49999237060547,205.5,60211.198974609375,0.834643542766571,TRACKING,0.04209998500027723,0.0,14.376778650163258,0,0,0,1
3983,279.09037415700004,154.99240112304688,37.5,179.1999969482422,336.0,244.59239959716797,205.5,60211.198974609375,0.8539671301841736,TRACKING,0.055292115999691305,0.0,12.348559733163736,0,0,0,1
3984,279.1550243190004,154.89999389648438,37.5,179.1999969482422,336.0,244.49999237060547,205.5,60211.198974609375,0.8558992743492126,TRACKING,0.03955566400054522,0.0,15.467865339523858,0,0,0,1
3985,279.22607122000045,149.99240112304688,37.5,179.1999969482422,336.0,239.59239959716797,205.5,60211.198974609375,0.8605906963348389,TRACKING,0.04833880299975135,0.0,14.075209276184532,0,0,0,1
3986,279.30014448099973,144.99240112304688,32.5924072265625,179.1999969482422,336.0,234.59239959716797,200.5924072265625,60211.198974609375,0.8335955739021301,TRACKING,0.049193924000064726,0.0,13.500148184506914,0,0,0,1
3987,279.38327776299957,139.99240112304688,37.4075927734375,179.1999969482422,336.0,229.59239959716797,205.4075927734375,60211.198974609375,0.8583137392997742,TRACKING,0.05560472499928437,0.0,12.02887671392527,0,0,0,1
3988,279.47959531000015,130.08480834960938,37.5,179.1999969482422,336.0,219.68480682373047,205.5,60211.198974609375,0.8400309681892395,TRACKING,0.06933421099984116,0.0,10.382324209253063,0,0,0,1
3989,279.5572503080002,124.9924087524414,32.5924072265625,179.1999969482422,336.0,214.5924072265625,200.5924072265625,60211.198974609375,0.7941709756851196,TRACKING,0.055754051999429066,0.0,12.877471196368928,0,0,0,1
3990,279.64727710900024,115.0848159790039,32.5,179.1999969482422,336.0,204.684814453125,200.5,60211.198974609375,0.7995348572731018,TRACKING,0.0674286530002064,0.0,11.107803330696575,0,0,0,1
3991,279.72369765500025,100.1772232055664,32.5,179.1999969482422,336.0,189.7772216796875,200.5,60211.198974609375,0.6882666349411011,LOW_SCORE,0.05378125300012471,0.0,13.085486198958709,1,0,1,1
3992,279.79967116199987,85.1772232055664,32.5,179.1999969482422,336.0,174.7772216796875,200.5,60211.198974609375,0.6916177272796631,LOW_SCORE,0.04969007900035649,0.0,13.162483074593935,1,0,2,1
3993,279.8804391370004,79.9924087524414,32.5,179.1999969482422,336.0,169.5924072265625,200.5,60211.198974609375,0.7080202102661133,LOW_SCORE,0.05448834999970131,0.0,12.381144878195636,1,0,3,1
3994,279.98482350799986,65.1772232055664,32.5,179.1999969482422,336.0,154.7772216796875,200.5,60211.198974609375,0.6835623383522034,LOW_SCORE,0.06506652400003077,0.0,9.579978213453884,1,0,4,1
3995,280.06779501500023,59.992408752441406,32.5,179.1999969482422,336.0,149.5924072265625,200.5,60211.198974609375,0.7125167846679688,LOW_SCORE,0.05619536199992581,0.0,12.05233020530278,1,0,5,1
3996,280.1530967239996,50.084815979003906,32.5,179.1999969482422,336.0,139.684814453125,200.5,60211.198974609375,0.7208544611930847,TRACKING,0.056337187999815797,0.0,11.723094551447812,0,0,0,1
3997,280.2281140140003,40.084815979003906,27.5924072265625,179.1999969482422,336.0,129.684814453125,195.5924072265625,60211.198974609375,0.751131534576416,TRACKING,0.045582604000628635,0.0,13.330260263878333,0,0,0,1
3998,280.3037862130004,34.992408752441406,27.5,179.1999969482422,336.0,124.5924072265625,195.5,60211.198974609375,0.7267566919326782,TRACKING,0.049495492999994894,0.0,13.214892830041196,0,0,0,1
3999,280.3814277729998,34.900001525878906,27.5,179.1999969482422,336.0,124.5,195.5,60211.198974609375,0.7576999664306641,TRACKING,0.04785254399939731,0.0,12.87969999582472,0,0,0,1
4000,280.4692976039996,29.992408752441406,27.5,179.1999969482422,336.0,119.5924072265625,195.5,60211.198974609375,0.7231176495552063,TRACKING,0.06426353999995627,0.0,11.380470277701964,0,0,0,1
4001,280.5429084090001,29.900001525878906,27.5,179.1999969482422,336.0,119.5,195.5,60211.198974609375,0.8021590709686279,TRACKING,0.04559947899997496,0.0,13.584962153222286,0,0,0,1
4002,280.62450978499965,29.900001525878906,27.5,179.1999969482422,336.0,119.5,195.5,60211.198974609375,0.7957423329353333,TRACKING,0.058043575999363384,0.0,12.254695313052215,0,0,0,1
4003,280.7088679340004,34.807594299316406,32.4075927734375,179.1999969482422,336.0,124.4075927734375,200.4075927734375,60211.198974609375,0.7834926843643188,TRACKING,0.058700671999758924,0.0,11.85421932374248,0,0,0,1
4004,280.82997247300045,39.807594299316406,32.5,179.1999969482422,336.0,129.4075927734375,200.5,60211.198974609375,0.7840051054954529,TRACKING,0.100805654999931,0.0,8.257328819026677,0,0,0,1
4005,280.9083606619997,49.715187072753906,37.4075927734375,179.1999969482422,336.0,139.315185546875,205.4075927734375,60211.198974609375,0.6592638492584229,LOW_SCORE,0.052636229999734496,0.0,12.757023893093304,1,0,1,1
4006,280.9860851399999,59.715187072753906,42.4075927734375,179.1999969482422,336.0,149.315185546875,210.4075927734375,60211.198974609375,0.6646358966827393,LOW_SCORE,0.055113675000029616,0.0,12.865959678724282,1,0,2,1
4007,281.0833206750003,69.7151870727539,52.315185546875,179.1999969482422,336.0,159.315185546875,220.315185546875,60211.198974609375,0.6177161931991577,LOW_SCORE,0.06790444399939588,0.0,10.284306040950074,1,0,3,1
4008,281.17024465400027,74.8075942993164,57.4075927734375,179.1999969482422,336.0,164.4075927734375,225.4075927734375,60211.198974609375,0.7187346816062927,LOW_SCORE,0.05846238499998435,0.0,11.504305388511893,1,0,4,1
4009,281.24542866699994,74.9000015258789,47.684814453125,179.1999969482422,336.0,164.5,215.684814453125,60211.198974609375,0.6966782212257385,LOW_SCORE,0.049497627999699034,0.0,13.30069997732601,1,0,5,1
4010,281.32252823700037,69.9924087524414,42.5924072265625,179.1999969482422,336.0,159.5924072265625,210.5924072265625,60211.198974609375,0.7019910216331482,LOW_SCORE,0.054526736000298115,0.0,12.97024094939118,1,0,6,1
4011,281.41468638100014,64.9924087524414,37.5924072265625,179.1999969482422,336.0,154.5924072265625,205.5924072265625,60211.198974609375,0.6901113986968994,LOW_SCORE,0.05664438100029656,0.0,10.850912969802394,1,0,7,1
4012,281.4996476659999,59.992408752441406,37.5,179.1999969482422,336.0,149.5924072265625,205.5,60211.198974609375,0.6347603797912598,LOW_SCORE,0.061729218999971636,0.0,11.770066801639256,1,0,8,1
4013,281.57221855399985,69.7151870727539,37.5,179.1999969482422,336.0,159.315185546875,205.5,60211.198974609375,0.6653923392295837,LOW_SCORE,0.04778873999930511,0.0,13.779630201030105,1,0,9,1
4014,281.6470225590001,84.6227798461914,37.5,179.1999969482422,336.0,174.2227783203125,205.5,60211.198974609375,0.6598737835884094,LOST,0.053659271000469744,0.0,13.368268182920463,1,0,10,1
4015,281.728177729,94.7151870727539,37.5,179.1999969482422,336.0,184.315185546875,205.5,60211.198974609375,0.683771014213562,LOST,0.06015241800014337,0.0,12.32207387405567,1,0,11,1
4016,281.8016234779998,119.4379653930664,42.4075927734375,179.1999969482422,336.0,209.0379638671875,210.4075927734375,60211.198974609375,0.6897640824317932,LOST,0.0513849039998604,0.0,13.615491891881907,1,0,12,1
4017,281.88073240999984,139.53036499023438,42.5,179.1999969482422,336.0,229.13036346435547,210.5,60211.198974609375,0.7952696681022644,TRACKING,0.05738366599962319,0.0,12.640797628254171,0,0,0,1
4018,281.95140065800024,159.53036499023438,42.5,179.1999969482422,336.0,249.13036346435547,210.5,60211.198974609375,0.8478385210037231,TRACKING,0.04965351699956955,0.0,14.150626742498444,0,0,0,1
4019,282.0337086620002,179.53036499023438,42.5,179.1999969482422,336.0,269.13036346435547,210.5,60211.198974609375,0.846878707408905,TRACKING,0.06056086300031893,0.0,12.149486701200656,0,0,0,1
4020,282.1356877779999,204.43795776367188,42.5,179.1999969482422,336.0,294.03795623779297,210.5,60211.198974609375,0.8297151327133179,TRACKING,0.0747391079994486,0.0,9.805929284607958,0,0,0,1
4021,282.21187535100034,229.43795776367188,42.5,179.1999969482422,336.0,319.03795623779297,210.5,60211.198974609375,0.8288882374763489,TRACKING,0.05405490400062263,0.0,13.125500138906158,0,0,0,1
4022,282.279951517,239.71517944335938,42.5,179.1999969482422,336.0,329.31517791748047,210.5,60211.198974609375,0.8227969408035278,TRACKING,0.048117079999428825,0.0,14.689428896531375,0,0,0,1
4023,282.35454916399976,254.62277221679688,47.4075927734375,179.1999969482422,336.0,344.22277069091797,215.4075927734375,60211.198974609375,0.7937201857566833,TRACKING,0.053597447000356624,0.0,13.40524855968711,0,0,0,1
4024,282.44704377200014,264.7151794433594,47.5,179.1999969482422,336.0,354.31517791748047,215.5,60211.198974609375,0.7159648537635803,LOW_SCORE,0.06692619499972352,0.0,10.811441030118209,1,0,1,1
4025,282.52148427999964,274.7151794433594,47.5,179.1999969482422,336.0,364.31517791748047,215.5,60211.198974609375,0.7041476964950562,LOW_SCORE,0.0516038670002672,0.0,13.43354615482673,1,0,2,1
4026,282.60140343700004,279.8075866699219,52.4075927734375,179.1999969482422,336.0,369.40758514404297,220.4075927734375,60211.198974609375,0.754909098148346,TRACKING,0.05226856700028293,0.0,12.512644496424604,0,0,0,1
4027,282.66897563400016,279.8999938964844,52.5,179.1999969482422,336.0,369.49999237060547,220.5,60211.198974609375,0.7427390217781067,TRACKING,0.04560239599959459,0.0,14.798986038566389,0,0,0,1
4028,282.753549516,284.8075866699219,52.5,179.1999969482422,336.0,374.40758514404297,220.5,60211.198974609375,0.715832531452179,LOW_SCORE,0.05659443300010025,0.0,11.823981309048467,1,0,1,1
4029,282.8715643080004,289.8075866699219,57.4075927734375,179.1999969482422,336.0,379.40758514404297,225.4075927734375,60211.198974609375,0.7516312599182129,TRACKING,0.09590540499993949,0.0,8.47351406590333,0,0,0,1
4030,282.9553820809997,289.8999938964844,62.4075927734375,179.1999969482422,336.0,379.49999237060547,230.4075927734375,60211.198974609375,0.7642955780029297,TRACKING,0.057555388999389834,0.0,11.930643874403156,0,0,0,1
4031,283.03905688299983,284.9924011230469,67.4075927734375,179.1999969482422,336.0,374.59239959716797,235.4075927734375,60211.198974609375,0.7478739619255066,TRACKING,0.06185250299949985,0.0,11.951029176004726,0,0,0,1
4032,283.12243449200014,284.8999938964844,67.5,179.1999969482422,336.0,374.49999237060547,235.5,60211.198974609375,0.7425970435142517,TRACKING,0.056321042000490706,0.0,11.993627689615094,0,0,0,1
4033,283.1882781659997,284.8999938964844,67.5,179.1999969482422,336.0,374.49999237060547,235.5,60211.198974609375,0.7501180768013,TRACKING,0.043994448000375996,0.0,15.187487867198904,0,0,0,1
4034,283.26137255400045,279.9924011230469,72.4075927734375,179.1999969482422,336.0,369.59239959716797,240.4075927734375,60211.198974609375,0.7515456676483154,TRACKING,0.04894584700014093,0.0,13.680940867713113,0,0,0,1
4035,283.3355082649996,274.9924011230469,77.4075927734375,179.1999969482422,336.0,364.59239959716797,245.4075927734375,60211.198974609375,0.7462261915206909,TRACKING,0.05273159700027463,0.0,13.488776009871215,0,0,0,1
4036,283.4205115300001,269.9924011230469,77.5,179.1999969482422,336.0,359.59239959716797,245.5,60211.198974609375,0.7919313311576843,TRACKING,0.06313633000081609,0.0,11.764253996524069,0,0,0,1
4037,283.4929116860003,264.9924011230469,72.5924072265625,179.1999969482422,336.0,354.59239959716797,240.5924072265625,60211.198974609375,0.7903403639793396,TRACKING,0.05055353300031129,0.0,13.812124935165079,0,0,0,1
4038,283.57940992800013,250.17721557617188,72.5,179.1999969482422,336.0,339.77721405029297,240.5,60211.198974609375,0.7863836288452148,TRACKING,0.057222985999942466,0.0,11.56092860247862,0,0,0,1
4039,283.6534415220003,240.08480834960938,72.5,179.1999969482422,336.0,329.68480682373047,240.5,60211.198974609375,0.7551395893096924,TRACKING,0.05286097499993048,0.0,13.507746435899302,0,0,0,1
4040,283.75393706700015,230.08480834960938,72.5,179.1999969482422,336.0,319.68480682373047,240.5,60211.198974609375,0.7441291213035583,TRACKING,0.07391060200006905,0.0,9.950689853979952,0,0,0,1
4041,283.8343296180001,224.99240112304688,67.5924072265625,179.1999969482422,336.0,314.59239959716797,235.5924072265625,60211.198974609375,0.7204853892326355,TRACKING,0.05893583200031571,0.0,12.438963405960953,0,0,0,1
4042,283.9097753019996,219.99240112304688,62.5924072265625,179.1999969482422,336.0,309.59239959716797,230.5924072265625,60211.198974609375,0.7283883094787598,TRACKING,0.049580858999433985,0.0,13.25456867759583,0,0,0,1
4043,283.97935957000027,219.89999389648438,62.5,179.1999969482422,336.0,309.49999237060547,230.5,60211.198974609375,0.7173945903778076,LOW_SCORE,0.04466065799988428,0.0,14.371064447938261,1,0,1,1
4044,284.0487503439999,214.99240112304688,62.5,179.1999969482422,336.0,304.59239959716797,230.5,60211.198974609375,0.7253058552742004,TRACKING,0.04763660200023878,0.0,14.41113771126022,0,0,0,1
4045,284.58752788899983,214.89999389648438,62.5,179.1999969482422,336.0,304.49999237060547,230.5,60211.198974609375,0.7352433204650879,TRACKING,0.03905841499999951,0.0,1.8560535962948879,0,0,0,1
4046,284.655669838,214.89999389648438,62.5,179.1999969482422,336.0,304.49999237060547,230.5,60211.198974609375,0.713495135307312,LOW_SCORE,0.04602729999987787,0.0,14.675247988542074,1,0,1,1
4047,284.72748472199964,219.80758666992188,62.5,179.1999969482422,336.0,309.40758514404297,230.5,60211.198974609375,0.7364059090614319,TRACKING,0.04993102099979296,0.0,13.924690040644931,0,0,0,1
4048,284.79524608999964,219.89999389648438,62.5,179.1999969482422,336.0,309.49999237060547,230.5,60211.198974609375,0.7316125631332397,TRACKING,0.0459950079994087,0.0,14.757671362244558,0,0,0,1
4049,284.8832150369999,224.80758666992188,62.5,179.1999969482422,336.0,314.40758514404297,230.5,60211.198974609375,0.722339391708374,TRACKING,0.056611150999742677,0.0,11.367647722292375,0,0,0,1
4050,284.9674598499996,224.89999389648438,62.5,179.1999969482422,336.0,314.49999237060547,230.5,60211.198974609375,0.7328406572341919,TRACKING,0.05992532999971445,0.0,11.870167009610405,0,0,0,1
4051,285.04943196299973,229.80758666992188,62.5,179.1999969482422,336.0,319.40758514404297,230.5,60211.198974609375,0.7445446252822876,TRACKING,0.052040073000171105,0.0,12.199270744656024,0,0,0,1
4052,285.1206406370002,234.80758666992188,62.5,179.1999969482422,336.0,324.40758514404297,230.5,60211.198974609375,0.7337192893028259,TRACKING,0.05001034599990817,0.0,14.043232991443547,0,0,0,1
4053,285.2014325700002,234.89999389648438,67.4075927734375,179.1999969482422,336.0,324.49999237060547,235.4075927734375,60211.198974609375,0.6749808192253113,LOW_SCORE,0.05799617800039414,0.0,12.377473379675106,1,0,1,1
4054,285.33003324499987,239.80758666992188,67.5,179.1999969482422,336.0,329.40758514404297,235.5,60211.198974609375,0.7101843953132629,LOW_SCORE,0.09570883699961996,0.0,7.776008951760332,1,0,2,1
4055,285.4129144369999,244.80758666992188,67.5,179.1999969482422,336.0,334.40758514404297,235.5,60211.198974609375,0.6598202586174011,LOW_SCORE,0.055954211999960535,0.0,12.065463537243634,1,0,3,1
4056,285.4837461249999,244.89999389648438,67.5,179.1999969482422,336.0,334.49999237060547,235.5,60211.198974609375,0.6775382161140442,LOW_SCORE,0.0467388770002799,0.0,14.117974994468897,1,0,4,1
4057,285.5594096779996,244.89999389648438,72.4075927734375,179.1999969482422,336.0,334.49999237060547,240.4075927734375,60211.198974609375,0.6826437711715698,LOW_SCORE,0.050404259999595524,0.0,13.216402882959445,1,0,5,1
4058,285.65388656400046,239.99240112304688,72.5,179.1999969482422,336.0,329.59239959716797,240.5,60211.198974609375,0.6609848737716675,LOW_SCORE,0.06750714400004654,0.0,10.584599496548012,1,0,6,1
4059,285.74040475400034,239.89999389648438,72.5,179.1999969482422,336.0,329.49999237060547,240.5,60211.198974609375,0.704558253288269,LOW_SCORE,0.05007092000050761,0.0,11.558263065852403,1,0,7,1
4060,285.81201786400015,239.89999389648438,72.5,179.1999969482422,336.0,329.49999237060547,240.5,60211.198974609375,0.7040075659751892,LOW_SCORE,0.047720248999212345,0.0,13.963923644742732,1,0,8,1
4061,285.88486682999974,239.89999389648438,72.5,179.1999969482422,336.0,329.49999237060547,240.5,60211.198974609375,0.6911260485649109,LOW_SCORE,0.045728752999821154,0.0,13.727030799664664,1,0,9,1
4062,285.9502449749998,234.99240112304688,72.5,179.1999969482422,336.0,324.59239959716797,240.5,60211.198974609375,0.7012447714805603,LOST,0.04785931399965193,0.0,15.295631284720018,1,0,10,1
4063,286.0174118519999,234.89999389648438,77.4075927734375,179.1999969482422,336.0,324.49999237060547,245.4075927734375,60211.198974609375,0.7000100016593933,LOST,0.05077932000040164,0.0,14.888290846076572,1,0,11,1
4064,286.0767702960002,234.89999389648438,82.4075927734375,179.1999969482422,336.0,324.49999237060547,250.4075927734375,60211.198974609375,0.6907793283462524,LOST,0.04162169299979723,0.0,16.846802790101076,1,0,12,1
4065,286.12972288699984,234.89999389648438,82.5,179.1999969482422,336.0,324.49999237060547,250.5,60211.198974609375,0.7137908339500427,LOST,0.03833230700001877,0.0,18.88481717554292,1,0,13,1
4066,286.192438948,229.99240112304688,82.5,179.1999969482422,336.0,319.59239959716797,250.5,60211.198974609375,0.6941615343093872,LOST,0.047330399000202306,0.0,15.944878936150484,1,0,14,1
4067,286.2486998840004,229.89999389648438,87.4075927734375,179.1999969482422,336.0,319.49999237060547,255.4075927734375,60211.198974609375,0.6595564484596252,LOST,0.04171414400025242,0.0,17.77432213344103,1,0,15,1
4068,286.29476614299983,229.89999389648438,87.5,179.1999969482422,336.0,319.49999237060547,255.5,60211.198974609375,0.6340044736862183,LOST,0.03156154999942373,0.0,21.70786214727468,1,0,16,1
4069,286.3472721629996,229.89999389648438,87.5,179.1999969482422,336.0,319.49999237060547,255.5,60211.198974609375,0.6468609571456909,LOST,0.03403883800001495,0.0,19.045435171131682,1,0,17,1
4070,286.4041207150003,234.80758666992188,87.5,179.1999969482422,336.0,324.40758514404297,255.5,60211.198974609375,0.6350404024124146,LOST,0.04088251200028026,0.0,17.59059755801095,1,0,18,1
4071,286.45244394400015,234.89999389648438,87.5,179.1999969482422,336.0,324.49999237060547,255.5,60211.198974609375,0.6018542051315308,LOST,0.03341804499996215,0.0,20.693981356325196,1,0,19,1
4072,286.5070154209998,229.99240112304688,82.5924072265625,179.1999969482422,336.0,319.59239959716797,250.5924072265625,60211.198974609375,0.6144726276397705,LOST,0.0396573329999228,0.0,18.324591068092992,1,0,20,1
4073,286.56046885399974,234.80758666992188,87.4075927734375,179.1999969482422,336.0,324.40758514404297,255.4075927734375,60211.198974609375,0.615837037563324,LOST,0.03840256799958297,0.0,18.70787232694244,1,0,21,1
4074,286.6066694909996,234.89999389648438,87.5,179.1999969482422,336.0,324.49999237060547,255.5,60211.198974609375,0.6105870604515076,LOST,0.031839889000366384,0.0,21.64472321026899,1,0,22,1
4075,286.65262205,234.89999389648438,87.5,179.1999969482422,336.0,324.49999237060547,255.5,60211.198974609375,0.6159675121307373,LOST,0.03133118099958665,0.0,21.761573713258155,1,0,23,1
4076,286.7017171179996,234.89999389648438,87.5,179.1999969482422,336.0,324.49999237060547,255.5,60211.198974609375,0.6180546879768372,LOST,0.034653016999982356,0.0,20.3686447691324,1,0,24,1
4077,286.7591269300001,234.89999389648438,87.5,179.1999969482422,336.0,324.49999237060547,255.5,60211.198974609375,0.6126146912574768,LOST,0.0370385839996743,0.0,17.41862523415049,1,0,25,1
4078,286.8236166200004,229.99240112304688,87.5,179.1999969482422,336.0,319.59239959716797,255.5,60211.198974609375,0.6023358702659607,LOST,0.049264757999480935,0.0,15.50635458156708,1,0,26,1
4079,286.9522367219997,229.89999389648438,87.5,179.1999969482422,336.0,319.49999237060547,255.5,60211.198974609375,0.6187207698822021,LOST,0.07110283900055947,0.0,7.7748344501017295,1,0,27,1
4080,287.02981880100015,229.89999389648438,82.5924072265625,179.1999969482422,336.0,319.49999237060547,250.5924072265625,60211.198974609375,0.6490293145179749,LOST,0.05547633800051699,0.0,12.88957466574933,1,0,28,1
4081,287.1091513829997,229.89999389648438,87.4075927734375,179.1999969482422,336.0,319.49999237060547,255.4075927734375,60211.198974609375,0.657305896282196,LOST,0.05002732599950832,0.0,12.605161395171178,1,0,29,1
4082,287.18919793700024,229.89999389648438,87.5,179.1999969482422,336.0,319.49999237060547,255.5,60211.198974609375,0.6897226572036743,LOST,0.05891786299980595,0.0,12.492730167911748,1,0,30,1
4083,287.2610046959999,229.89999389648438,82.5924072265625,179.1999969482422,336.0,319.49999237060547,250.5924072265625,60211.198974609375,0.6994376182556152,LOST,0.05032931000005192,0.0,13.926265631974555,1,0,31,1
4084,287.33576244899996,229.89999389648438,82.5,179.1999969482422,336.0,319.49999237060547,250.5,60211.198974609375,0.7051033973693848,LOST,0.04847703499945055,0.0,13.37653901928885,1,0,32,1
4085,287.41200033600035,229.89999389648438,82.5,179.1999969482422,336.0,319.49999237060547,250.5,60211.198974609375,0.7021203637123108,LOST,0.04559015600079874,0.0,13.11683782624908,1,0,33,1
4086,287.48288900399984,229.89999389648438,82.5,179.1999969482422,336.0,319.49999237060547,250.5,60211.198974609375,0.6975265741348267,LOST,0.04898845099978644,0.0,14.106627028273232,1,0,34,1
4087,287.55239113399966,229.89999389648438,82.5,179.1999969482422,336.0,319.49999237060547,250.5,60211.198974609375,0.7177316546440125,LOST,0.044624148000366404,0.0,14.388048251220592,1,0,35,1
4088,287.63036269999975,229.89999389648438,77.5924072265625,179.1999969482422,336.0,319.49999237060547,245.5924072265625,60211.198974609375,0.7179216742515564,LOST,0.059088125999551266,0.0,12.82518809483547,1,0,36,1
4089,287.69586053500007,229.89999389648438,77.5,179.1999969482422,336.0,319.49999237060547,245.5,60211.198974609375,0.735735297203064,TRACKING,0.04373272399971029,0.0,15.267680221723262,0,0,0,1
4090,287.77776160400026,229.89999389648438,77.5,179.1999969482422,336.0,319.49999237060547,245.5,60211.198974609375,0.7222505211830139,TRACKING,0.05751752299966029,0.0,12.209852840841513,0,0,0,1
4091,287.8612313499998,229.89999389648438,77.5,179.1999969482422,336.0,319.49999237060547,245.5,60211.198974609375,0.7250927686691284,TRACKING,0.052047156000298855,0.0,11.980388678857954,0,0,0,1
4092,287.93414969199966,229.89999389648438,77.5,179.1999969482422,336.0,319.49999237060547,245.5,60211.198974609375,0.7218459844589233,TRACKING,0.050814892999369476,0.0,13.713970622121858,0,0,0,1
4093,288.01169421899976,229.89999389648438,77.5,179.1999969482422,336.0,319.49999237060547,245.5,60211.198974609375,0.7119554877281189,LOW_SCORE,0.05479147999994893,0.0,12.89581661899504,1,0,1,1
