frame_index,timestamp_s,tracker_x,tracker_y,tracker_w,tracker_h,final_x,final_y,final_w,final_h,control_x,control_y,control_w,control_h,control_source,det_x,det_y,det_w,det_h,tracker_score,det_conf,det_count,best_detector_iou,best_center_distance_ratio,best_area_ratio,state,track_time_s,detect_time_s,init_time_s,fps,is_low_score,is_very_low_score,is_out_of_frame,center_delta_px,center_delta_ratio,area_ratio,is_large_jump,is_large_area_change,consecutive_suspicious,ambiguous_detection,soft_reinitializations,hard_reinitializations,background_lock_events,identity_state,identity_score,identity_face_found,identity_candidate_index,identity_target_ready,recognition_time_s,identity_reinit_blocks,eco_ready_warmed,eco_standby_warmed,eco_first_live_handoff_mode,wheel_control_enabled,wheel_control_allowed,wheel_center_error_norm,wheel_distance_error_norm,wheel_linear_cmd,wheel_angular_cmd,wheel_left_cmd,wheel_right_cmd,wheel_control_reason
0,1.6776929959887639,nan,nan,nan,nan,198.0,22.0,325.0,458.0,198.0,22.0,325.0,458.0,detector,198.0,22.0,325.0,458.0,,0.9749,1,nan,nan,nan,DETECTOR_CONFIRMED,0.0,0.45991914000478573,0.0,0.5960566101133663,0,0,0,0.0,0.0,1.0,0,0,0,0,0,0,0,VERIFIED,1.0,1,0,1,1.1948516050033504,0,1,0,adopt_standby,1,1,0.1265625,-0.25416666666666676,-0.11437500000000005,0.082265625,-0.19664062500000004,-0.03210937500000005,ok
1,1.841035760997329,175.0,37.5,385.0,442.0,175.0,37.5,385.0,442.0,189.95000000000002,27.425,346.0,452.4,tracker,nan,nan,nan,nan,0.8374605178833008,nan,0,nan,nan,nan,TRACKING,0.12469047599006444,0.0,0.0,6.122095459493195,0,0,0,0.0,0.0,1.0,0,0,0,0,0,0,0,VERIFIED,1.0,1,0,1,0.0,0,1,0,adopt_standby,1,1,0.13421875000000014,-0.24250000000000005,-0.10912500000000003,0.0872421875000001,-0.19636718750000012,-0.021882812499999932,ok
2,1.9175690169940935,175.0,37.5,385.0,442.0,175.0,37.5,385.0,442.0,184.7175,30.95125,359.65,448.76,tracker,nan,nan,nan,nan,0.8367591500282288,nan,0,nan,nan,nan,TRACKING,0.0627806129923556,0.0,0.0,13.066215293940637,0,0,0,0.0,0.0,1.0,0,0,0,0,0,0,0,VERIFIED,1.0,1,0,1,0.0,0,1,0,adopt_standby,1,1,0.13919531250000006,-0.23491666666666666,-0.1057125,0.09047695312500004,-0.19618945312500002,-0.015235546874999964,ok
3,1.984767555986764,175.0,37.5,385.0,442.0,175.0,37.5,385.0,442.0,181.316375,33.2433125,368.5225,446.394,tracker,nan,nan,nan,nan,0.8444018363952637,nan,0,nan,nan,nan,TRACKING,0.05373053898802027,0.0,0.0,14.881275917458181,0,0,0,0.0,0.0,1.0,0,0,0,0,0,0,0,VERIFIED,1.0,1,0,1,0.0,0,1,0,adopt_standby,1,1,0.14243007812500003,-0.2299875,-0.10349437500000001,0.09257955078125002,-0.19607392578125005,-0.010914824218749994,ok
4,2.057959320998634,175.0,37.5,385.0,442.0,175.0,37.5,385.0,442.0,179.10564374999998,34.733153125,374.289625,444.8561,tracker,nan,nan,nan,nan,0.8375934958457947,nan,0,nan,nan,nan,TRACKING,0.05931766099820379,0.0,0.0,13.66273924174146,0,0,0,0.0,0.0,1.0,0,0,0,0,0,0,0,VERIFIED,1.0,1,0,1,0.0,0,1,0,adopt_standby,1,1,0.14453267578124987,-0.2267835416666668,-0.10205259375000007,0.09394623925781243,-0.1959988330078125,-0.008106354492187648,ok
5,2.234630915991147,175.0,37.5,385.0,442.0,175.0,37.5,385.0,442.0,177.66866843749997,35.70154953125,378.03825625,443.856465,tracker,nan,nan,nan,nan,0.8413415551185608,nan,0,nan,nan,nan,TRACKING,0.1631331759999739,0.0,0.0,5.660219459966832,0,0,0,0.0,0.0,1.0,0,0,0,0,0,0,0,VERIFIED,1.0,1,0,1,0.0,0,1,0,adopt_standby,1,1,0.14589936425781252,-0.22470096875000012,-0.10111543593750005,0.09483458676757814,-0.1959500227050782,-0.006280849169921915,ok
6,2.3036705429985886,175.0,37.5,385.0,442.0,175.0,37.5,385.0,442.0,176.734634484375,36.3310071953125,380.4748665625,443.20670225000003,tracker,nan,nan,nan,nan,0.8385398387908936,nan,0,nan,nan,nan,TRACKING,0.05522594100330025,0.0,0.0,14.48443514754523,0,0,0,0.0,0.0,1.0,0,0,0,0,0,0,0,VERIFIED,1.0,1,0,1,0.0,0,1,0,adopt_standby,1,1,0.146787711767578,-0.22334729635416684,-0.10050628335937507,0.0954120126489257,-0.19591829600830077,-0.005094270710449378,ok
7,2.3796814949891996,175.0,37.5,385.0,442.0,175.0,37.5,385.0,442.0,176.12751241484375,36.740154676953125,382.058663265625,442.7843564625,tracker,nan,nan,nan,nan,0.8312808275222778,nan,0,nan,nan,nan,TRACKING,0.06120843799726572,0.0,0.0,13.155998889785288,0,0,0,0.0,0.0,1.0,0,0,0,0,0,0,0,VERIFIED,1.0,1,0,1,0.0,0,1,0,adopt_standby,1,1,0.14736513764892578,-0.22246740929687503,-0.10011033418359376,0.09578733947180176,-0.1958976736553955,-0.004322994711791997,ok
8,2.459290922997752,175.0,37.5,385.0,442.0,175.0,37.5,385.0,442.0,175.73288306964844,37.00610054001953,383.08813112265625,442.509831700625,tracker,nan,nan,nan,nan,0.8326231837272644,nan,0,nan,nan,nan,TRACKING,0.06474175699986517,0.0,0.0,12.561326277743982,0,0,0,0.0,0.0,1.0,0,0,0,0,0,0,0,VERIFIED,1.0,1,0,1,0.0,0,1,0,adopt_standby,1,1,0.14774046447180175,-0.22189548270963544,-0.09985296721933595,0.09603130190667114,-0.1958842691260071,-0.0038216653126648126,ok
9,2.522025024998584,175.0,37.5,385.0,442.0,175.0,37.5,385.0,442.0,175.47637399527147,37.17896535101269,383.75728522972656,442.3313906054062,tracker,nan,nan,nan,nan,0.841399073600769,nan,0,nan,nan,nan,TRACKING,0.04892098899290431,0.0,0.0,15.94029352626652,0,0,0,0.0,0.0,1.0,0,0,0,0,0,0,0,VERIFIED,1.0,1,0,1,0.0,0,1,0,adopt_standby,1,1,0.14798442690667102,-0.22152373042792972,-0.09968567869256838,0.09618987748933616,-0.19587555618190455,-0.0034958012032322155,ok
10,2.95534713199595,175.0,37.5,385.0,442.0,175.0,37.5,385.0,442.0,191.0,25.0,344.0,455.0,detector,191.0,25.0,344.0,455.0,0.8316577076911926,0.969121,1,0.8706267679023374,0.009375,1.0872093023255813,DETECTOR_CONFIRMED,0.05381173900968861,0.36393788699933793,0.0,2.3077520944623267,0,0,0,0.0,0.0,1.0,0,0,0,0,0,0,0,VERIFIED,1.0,1,0,1,0.0,0,1,0,adopt_standby,1,1,0.134375,-0.24791666666666667,-0.11156250000000001,0.08734375,-0.19890625,-0.02421875000000001,ok
11,3.038585037997109,175.0,37.5,385.0,442.0,175.0,37.5,385.0,442.0,185.4,29.375,358.35,450.45,tracker,nan,nan,nan,nan,0.8372892737388611,nan,0,nan,nan,nan,TRACKING,0.06600981099472847,0.0,0.0,12.013757289690544,0,0,0,0.0,0.0,1.0,0,0,0,0,0,0,0,VERIFIED,1.0,1,0,1,0.0,0,1,0,adopt_standby,1,1,0.13929687500000015,-0.23843749999999997,-0.10729687499999999,0.0905429687500001,-0.19783984375000008,-0.01675390624999988,ok
12,3.12351507198764,175.0,37.5,385.0,442.0,175.0,37.5,385.0,442.0,181.76,32.21875,367.6775,447.4925,tracker,nan,nan,nan,nan,0.840655505657196,nan,0,nan,nan,nan,TRACKING,0.06833679700503126,0.0,0.0,11.77439773674751,0,0,0,0.0,0.0,1.0,0,0,0,0,0,0,0,VERIFIED,1.0,1,0,1,0.0,0,1,0,adopt_standby,1,1,0.14249609375,-0.2322760416666667,-0.10452421875000002,0.0926224609375,-0.19714667968750002,-0.011901757812500025,ok
13,3.1913136779912747,175.0,37.5,385.0,442.0,175.0,37.5,385.0,442.0,179.39399999999998,34.0671875,373.740375,445.570125,tracker,nan,nan,nan,nan,0.8264641761779785,nan,0,nan,nan,nan,TRACKING,0.053592098003719,0.0,0.0,14.749565794116634,0,0,0,0.0,0.0,1.0,0,0,0,0,0,0,0,VERIFIED,1.0,1,0,1,0.0,0,1,0,adopt_standby,1,1,0.1445755859374998,-0.2282710937500001,-0.10272199218750004,0.09397413085937488,-0.19669612304687492,-0.008747861328125162,ok
14,3.2516411039978266,175.0,37.5,385.0,442.0,175.0,37.5,385.0,442.0,177.85609999999997,35.268671875,377.68124375,444.32058125000003,tracker,nan,nan,nan,nan,0.8272947072982788,nan,0,nan,nan,nan,TRACKING,0.04615216799720656,0.0,0.0,16.57620863670523,0,0,0,0.0,0.0,1.0,0,0,0,0,0,0,0,VERIFIED,1.0,1,0,1,0.0,0,1,0,adopt_standby,1,1,0.14592725585937494,-0.22566787760416673,-0.10155054492187503,0.09485271630859371,-0.19640326123046875,-0.0066978286132813175,ok
15,3.3107906349905534,175.0,37.5,385.0,442.0,175.0,37.5,385.0,442.0,176.856465,36.04963671875,380.2428084375,443.50837781250004,tracker,nan,nan,nan,nan,0.8380721807479858,nan,0,nan,nan,nan,TRACKING,0.04455983500520233,0.0,0.0,16.90630480439419,0,0,0,0.0,0.0,1.0,0,0,0,0,0,0,0,VERIFIED,1.0,1,0,1,0.0,0,1,0,adopt_standby,1,1,0.1468058413085938,-0.22397578710937516,-0.10078910419921883,0.09542379685058598,-0.19621290104980482,-0.0053653073486328445,ok
16,3.393404463000479,175.0,37.5,385.0,442.0,175.0,37.5,385.0,442.0,176.20670224999998,36.5572638671875,381.907825484375,442.980445578125,tracker,nan,nan,nan,nan,0.8283935189247131,nan,0,nan,nan,nan,TRACKING,0.06910999299725518,0.0,0.0,12.104511122276687,0,0,0,0.0,0.0,1.0,0,0,0,0,0,0,0,VERIFIED,1.0,1,0,1,0.0,0,1,0,adopt_standby,1,1,0.14737692185058576,-0.22287592828776048,-0.10029416772949222,0.09579499920288075,-0.19608916693237297,-0.0044991685266114745,ok
17,3.453791421998176,175.0,37.5,385.0,442.0,175.0,37.5,385.0,442.0,175.78435646249997,36.887221513671875,382.99008656484375,442.63728962578125,tracker,nan,nan,nan,nan,0.8405781388282776,nan,0,nan,nan,nan,TRACKING,0.0451821439928608,0.0,0.0,16.559866842079984,0,0,0,0.0,0.0,1.0,0,0,0,0,0,0,0,VERIFIED,1.0,1,0,1,0.0,0,1,0,adopt_standby,1,1,0.14774812420288086,-0.22216102005371097,-0.09997245902416994,0.09603628073187256,-0.1960087397560425,-0.003936178292297379,ok
18,3.532412127999123,175.0,37.5,385.0,442.0,175.0,37.5,385.0,442.0,175.50983170062497,37.10169398388672,383.69355626714844,442.4142382567578,tracker,nan,nan,nan,nan,0.8350173234939575,nan,0,nan,nan,nan,TRACKING,0.06286368799919728,0.0,0.0,12.719295601186154,0,0,0,0.0,0.0,1.0,0,0,0,0,0,0,0,VERIFIED,1.0,1,0,1,0.0,0,1,0,adopt_standby,1,1,0.1479894057318724,-0.22169632970157882,-0.09976334836571048,0.09619311372571705,-0.19595646209142753,-0.003570234639993425,ok
19,3.6008964809880126,175.0,37.5,385.0,442.0,175.0,37.5,385.0,442.0,175.33139060540623,37.24110108952637,384.1508115736465,442.2692548668926,tracker,nan,nan,nan,nan,0.8320980668067932,nan,0,nan,nan,nan,TRACKING,0.05418836300668772,0.0,0.0,14.601875557796903,0,0,0,0.0,0.0,1.0,0,0,0,0,0,0,0,VERIFIED,1.0,1,0,1,0.0,0,1,0,adopt_standby,1,1,0.14814623872571708,-0.22139428097269298,-0.09962742643771184,0.0962950551717161,-0.19592248160942793,-0.00333237126599574,ok
20,4.072457010988728,175.0,37.5,385.0,442.0,175.0,37.5,385.0,442.0,200.0,25.0,324.0,455.0,detector,200.0,25.0,324.0,455.0,0.8169865012168884,0.971458,1,0.821231549127777,0.010174262872562316,1.154320987654321,DETECTOR_CONFIRMED,0.12160143800429069,0.3339049849892035,0.0,2.1206185343766637,0,0,0,0.0,0.0,1.0,0,0,0,0,0,0,0,VERIFIED,1.0,1,0,1,0.0,0,1,0,adopt_standby,1,1,0.13125,-0.24791666666666667,-0.11156250000000001,0.08531250000000001,-0.19687500000000002,-0.026249999999999996,ok
21,4.1483345219894545,175.0,37.5,385.0,442.0,175.0,37.5,385.0,442.0,191.25,29.375,345.35,450.45,tracker,nan,nan,nan,nan,0.8230586051940918,nan,0,nan,nan,nan,TRACKING,0.05976814099994954,0.0,0.0,13.179135514743322,0,0,0,0.0,0.0,1.0,0,0,0,0,0,0,0,VERIFIED,1.0,1,0,1,0.0,0,1,0,adopt_standby,1,1,0.13726562500000003,-0.23843749999999997,-0.10729687499999999,0.08922265625000002,-0.19651953125,-0.018074218749999968,ok
22,4.237731856992468,175.0,37.5,385.0,442.0,175.0,37.5,385.0,442.0,185.5625,32.21875,359.2275,447.4925,tracker,nan,nan,nan,nan,0.8235994577407837,nan,0,nan,nan,nan,TRACKING,0.07182829298835713,0.0,0.0,11.186015779623503,0,0,0,0.0,0.0,1.0,0,0,0,0,0,0,0,VERIFIED,1.0,1,0,1,0.0,0,1,0,adopt_standby,1,1,0.14117578124999994,-0.2322760416666667,-0.10452421875000002,0.09176425781249996,-0.19628847656249998,-0.012759960937500064,ok
23,4.320460791990627,175.0,37.5,385.0,442.0,175.0,37.5,385.0,442.0,181.865625,34.0671875,368.247875,445.570125,tracker,nan,nan,nan,nan,0.824206531047821,nan,0,nan,nan,nan,TRACKING,0.06739521100826096,0.0,0.0,12.08766920572906,0,0,0,0.0,0.0,1.0,0,0,0,0,0,0,0,VERIFIED,1.0,1,0,1,0.0,0,1,0,adopt_standby,1,1,0.1437173828125001,-0.2282710937500001,-0.10272199218750004,0.09341629882812506,-0.1961382910156251,-0.009305693359374978,ok
24,4.3889569679886336,175.0,37.5,385.0,442.0,175.0,37.5,385.0,442.0,179.46265624999998,35.268671875,374.11111875000006,444.32058125000003,tracker,nan,nan,nan,nan,0.8245954513549805,nan,0,nan,nan,nan,TRACKING,0.05446878699876834,0.0,0.0,14.599355152747465,0,0,0,0.0,0.0,1.0,0,0,0,0,0,0,0,VERIFIED,1.0,1,0,1,0.0,0,1,0,adopt_standby,1,1,0.14536942382812512,-0.22566787760416673,-0.10155054492187503,0.09449012548828133,-0.19604067041015635,-0.007060419433593701,ok
25,4.45503573899623,175.0,37.5,385.0,442.0,175.0,37.5,385.0,442.0,177.90072656249998,36.04963671875,377.9222271875001,443.50837781250004,tracker,nan,nan,nan,nan,0.8216142058372498,nan,0,nan,nan,nan,TRACKING,0.052253522007958964,0.0,0.0,15.13345337317243,0,0,0,0.0,0.0,1.0,0,0,0,0,0,0,0,VERIFIED,1.0,1,0,1,0.0,0,1,0,adopt_standby,1,1,0.14644325048828133,-0.22397578710937516,-0.10078910419921883,0.09518811281738286,-0.1959772170166017,-0.005600991381835965,ok
26,4.645508310990408,175.0,37.5,385.0,442.0,175.0,37.5,385.0,442.0,176.885472265625,36.5572638671875,380.39944767187507,442.980445578125,tracker,nan,nan,nan,nan,0.8270699381828308,nan,0,nan,nan,nan,TRACKING,0.1479487250035163,0.0,0.0,5.250099736305162,0,0,0,0.0,0.0,1.0,0,0,0,0,0,0,0,VERIFIED,1.0,1,0,1,0.0,0,1,0,adopt_standby,1,1,0.14714123781738292,-0.22287592828776048,-0.10029416772949222,0.0956418045812989,-0.19593597231079113,-0.004652363148193325,ok
27,4.7137878149951575,175.0,37.5,385.0,442.0,175.0,37.5,385.0,442.0,176.22555697265625,36.887221513671875,382.0096409867188,442.63728962578125,tracker,nan,nan,nan,nan,0.841353714466095,nan,0,nan,nan,nan,TRACKING,0.054532226000446826,0.0,0.0,14.645683423980946,0,0,0,0.0,0.0,1.0,0,0,0,0,0,0,0,VERIFIED,1.0,1,0,1,0.0,0,1,0,adopt_standby,1,1,0.14759492958129883,-0.22216102005371097,-0.09997245902416994,0.09593670422784424,-0.19590916325201418,-0.004035754796325702,ok
28,4.773880911991,175.0,37.5,385.0,442.0,175.0,37.5,385.0,442.0,175.79661203222656,37.10169398388672,383.05626664136724,442.4142382567578,tracker,nan,nan,nan,nan,0.8469711542129517,nan,0,nan,nan,nan,TRACKING,0.04619128300691955,0.0,0.0,16.640846453115604,0,0,0,0.0,0.0,1.0,0,0,0,0,0,0,0,VERIFIED,1.0,1,0,1,0.0,0,1,0,adopt_standby,1,1,0.1478898292278444,-0.22169632970157882,-0.09976334836571048,0.09612838899809888,-0.19589173736380935,-0.003634959367611601,ok
29,4.831361754986574,175.0,37.5,385.0,442.0,175.0,37.5,385.0,442.0,175.51779782094727,37.24110108952637,383.7365733168887,442.2692548668926,tracker,nan,nan,nan,nan,0.8478411436080933,nan,0,nan,nan,nan,TRACKING,0.04352954900241457,0.0,0.0,17.397100457921322,0,0,0,0.0,0.0,1.0,0,0,0,0,0,0,0,VERIFIED,1.0,1,0,1,0.0,0,1,0,adopt_standby,1,1,0.14808151399809882,-0.22139428097269298,-0.09962742643771184,0.09625298409876423,-0.1958804105364761,-0.0033744423389476114,ok
30,5.6495001459989,175.0,37.5,385.0,442.0,175.0,37.5,385.0,442.0,174.0,27.0,386.0,453.0,detector,174.0,27.0,386.0,453.0,0.8350152373313904,0.973043,1,0.9731896739068272,0.006281172263200557,1.0275489216665687,DETECTOR_CONFIRMED,0.06598621599550825,0.42067636699357536,0.0,1.2222870983509857,0,0,0,0.0,0.0,1.0,0,0,0,0,0,0,0,VERIFIED,0.718689,1,0,1,0.22701444299309514,0,1,0,adopt_standby,1,1,0.146875,-0.24375000000000002,-0.10968750000000001,0.09546875,-0.20515625,-0.014218750000000002,ok
31,5.735568385993247,175.0,37.5,385.0,442.0,175.0,37.5,385.0,442.0,174.35,30.675,385.65,449.15,tracker,nan,nan,nan,nan,0.8489953279495239,nan,0,nan,nan,nan,TRACKING,0.07239617200684734,0.0,0.0,11.61868768393172,0,0,0,0.0,0.0,1.0,0,0,0,0,0,0,0,VERIFIED,0.718689,1,0,1,0.0,0,1,0,adopt_standby,1,1,0.14742187499999987,-0.23572916666666666,-0.106078125,0.09582421874999991,-0.2019023437499999,-0.010253906250000083,ok
32,5.805882993998239,175.0,37.5,385.0,442.0,175.0,37.5,385.0,442.0,174.5775,33.06375,385.4225,446.6475,tracker,nan,nan,nan,nan,0.8468327522277832,nan,0,nan,nan,nan,TRACKING,0.05545740500383545,0.0,0.0,14.221795845452288,0,0,0,0.0,0.0,1.0,0,0,0,0,0,0,0,VERIFIED,0.718689,1,0,1,0.0,0,1,0,adopt_standby,1,1,0.14777734374999998,-0.230515625,-0.10373203125000001,0.09605527343749999,-0.1997873046875,-0.007676757812500018,ok
33,5.879798682988621,175.0,37.5,385.0,442.0,175.0,37.5,385.0,442.0,174.72537499999999,34.6164375,385.274625,445.020875,tracker,nan,nan,nan,nan,0.849642813205719,nan,0,nan,nan,nan,TRACKING,0.060211224990780465,0.0,0.0,13.528927534317035,0,0,0,0.0,0.0,1.0,0,0,0,0,0,0,0,VERIFIED,0.718689,1,0,1,0.0,0,1,0,adopt_standby,1,1,0.14800839843749997,-0.22712682291666664,-0.1022070703125,0.09620545898437498,-0.19841252929687497,-0.006001611328125017,ok
34,5.956646947990521,175.0,37.5,385.0,442.0,175.0,37.5,385.0,442.0,174.82149374999997,35.625684375000006,385.17850625000005,443.96356875,tracker,nan,nan,nan,nan,0.8570123314857483,nan,0,nan,nan,nan,TRACKING,0.06296686800487805,0.0,0.0,13.012655522870707,0,0,0,0.0,0.0,1.0,0,0,0,0,0,0,0,VERIFIED,0.718689,1,0,1,0.0,0,1,0,adopt_standby,1,1,0.14815858398437493,-0.22492410156249998,-0.10121584570312499,0.0963030795898437,-0.1975189252929687,-0.004912766113281286,ok
35,6.025550060992828,175.0,37.5,385.0,442.0,175.0,37.5,385.0,442.0,174.88397093749998,36.28169484375,385.11602906250005,443.2763196875,tracker,nan,nan,nan,nan,0.855501115322113,nan,0,nan,nan,nan,TRACKING,0.05486098398978356,0.0,0.0,14.513132374244417,0,0,0,0.0,0.0,1.0,0,0,0,0,0,0,0,VERIFIED,0.718689,1,0,1,0.0,0,1,0,adopt_standby,1,1,0.14825620458984368,-0.22349233268229174,-0.10057154970703129,0.0963665329833984,-0.19693808269042967,-0.004205016723632896,ok
36,6.087349920999259,175.0,37.5,385.0,442.0,175.0,37.5,385.0,442.0,174.924581109375,36.708101648437506,385.07541889062503,442.829607796875,tracker,nan,nan,nan,nan,0.8559548258781433,nan,0,nan,nan,nan,TRACKING,0.04712359899713192,0.0,0.0,16.18126642836952,0,0,0,0.0,0.0,1.0,0,0,0,0,0,0,0,VERIFIED,0.718689,1,0,1,0.0,0,1,0,adopt_standby,1,1,0.14831965798339847,-0.22256168291015632,-0.10015275730957035,0.09640777768920901,-0.19656053499877935,-0.003744979620361341,ok
37,6.1467812819901155,175.0,37.5,385.0,442.0,175.0,37.5,385.0,442.0,174.95097772109375,36.985266071484375,385.04902227890625,442.53924506796875,tracker,nan,nan,nan,nan,0.8554536700248718,nan,0,nan,nan,nan,TRACKING,0.04589513000973966,0.0,0.0,16.826133262434375,0,0,0,0.0,0.0,1.0,0,0,0,0,0,0,0,VERIFIED,0.718689,1,0,1,0.0,0,1,0,adopt_standby,1,1,0.14836090268920898,-0.2219567605582683,-0.09988054225122074,0.09643458674798584,-0.19631512899920658,-0.0034459555032348987,ok
38,6.208867450986872,175.0,37.5,385.0,442.0,175.0,37.5,385.0,442.0,174.96813551871094,37.165422946464844,385.03186448128906,442.3505092941797,tracker,nan,nan,nan,nan,0.8607813715934753,nan,0,nan,nan,nan,TRACKING,0.04853530200489331,0.0,0.0,16.106646877378367,0,0,0,0.0,0.0,1.0,0,0,0,0,0,0,0,VERIFIED,0.718689,1,0,1,0.0,0,1,0,adopt_standby,1,1,0.14838771174798585,-0.2215635610295411,-0.0997036024632935,0.0964520126361908,-0.19615561509948432,-0.003251589827102705,ok
39,6.262915028986754,175.0,37.5,385.0,442.0,175.0,37.5,385.0,442.0,174.9792880871621,37.282524915202146,385.0207119128379,442.2278310412168,tracker,nan,nan,nan,nan,0.863538384437561,nan,0,nan,nan,nan,TRACKING,0.04073604098812211,0.0,0.0,18.502216695116164,0,0,0,0.0,0.0,1.0,0,0,0,0,0,0,0,VERIFIED,0.718689,1,0,1,0.0,0,1,0,adopt_standby,1,1,0.1484051376361908,-0.22130798133586838,-0.09958859160114077,0.09646333946352402,-0.1960519310646648,-0.0031252521376167464,ok
40,6.510374316989328,175.0,37.5,385.0,442.0,175.0,37.5,385.0,442.0,177.0,30.0,382.0,450.0,detector,177.0,30.0,382.0,450.0,0.8533398509025574,0.968069,1,0.9747035664392182,0.004419417382415922,1.0101663042839513,DETECTOR_CONFIRMED,0.04974173901428003,0.1826445079932455,0.0,4.041068767601072,0,0,0,0.0,0.0,1.0,0,0,0,0,0,0,0,VERIFIED,0.718689,1,0,1,0.0,0,1,0,adopt_standby,1,1,0.15,-0.23750000000000004,-0.10687500000000003,0.0975,-0.20437500000000003,-0.009375000000000022,ok
41,6.588842517987359,175.0,37.5,385.0,442.0,175.0,37.5,385.0,442.0,176.29999999999998,32.625,383.05,447.2,tracker,nan,nan,nan,nan,0.8410369753837585,nan,0,nan,nan,nan,TRACKING,0.06247393900412135,0.0,0.0,12.744015885174763,0,0,0,0.0,0.0,1.0,0,0,0,0,0,0,0,VERIFIED,0.718689,1,0,1,0.0,0,1,0,adopt_standby,1,1,0.14945312499999996,-0.2316666666666667,-0.10425000000000001,0.09714453124999999,-0.20139453125,-0.007105468750000024,ok
42,6.67126243498933,175.0,37.5,385.0,442.0,175.0,37.5,385.0,442.0,175.845,34.33125,383.7325,445.38,tracker,nan,nan,nan,nan,0.8350425362586975,nan,0,nan,nan,nan,TRACKING,0.06908770199515857,0.0,0.0,12.132989650742857,0,0,0,0.0,0.0,1.0,0,0,0,0,0,0,0,VERIFIED,0.718689,1,0,1,0.0,0,1,0,adopt_standby,1,1,0.14909765625000002,-0.22787500000000005,-0.10254375000000003,0.09691347656250002,-0.19945722656250003,-0.0056302734375000135,ok
43,6.731695436988957,175.0,37.5,385.0,442.0,175.0,37.5,385.0,442.0,175.54925,35.4403125,384.176125,444.197,tracker,nan,nan,nan,nan,0.8332592248916626,nan,0,nan,nan,nan,TRACKING,0.04678374600189272,0.0,0.0,16.54725012677964,0,0,0,0.0,0.0,1.0,0,0,0,0,0,0,0,VERIFIED,0.718689,1,0,1,0.0,0,1,0,adopt_standby,1,1,0.14886660156250003,-0.22541041666666672,-0.10143468750000002,0.09676329101562503,-0.19819797851562504,-0.004671396484374993,ok
44,6.789887391991215,175.0,37.5,385.0,442.0,175.0,37.5,385.0,442.0,175.3570125,36.161203125,384.46448125,443.42805,tracker,nan,nan,nan,nan,0.8403092622756958,nan,0,nan,nan,nan,TRACKING,0.04518453899072483,0.0,0.0,17.184506001924223,0,0,0,0.0,0.0,1.0,0,0,0,0,0,0,0,VERIFIED,0.718689,1,0,1,0.0,0,1,0,adopt_standby,1,1,0.14871641601562507,-0.2238084375,-0.10071379687500001,0.0966656704101563,-0.19737946728515632,-0.004048126464843704,ok
45,6.894217919994844,175.0,37.5,385.0,442.0,175.0,37.5,385.0,442.0,175.23205812499998,36.62978203125,384.6519128125,442.9282325,tracker,nan,nan,nan,nan,0.8294554352760315,nan,0,nan,nan,nan,TRACKING,0.09090409200871363,0.0,0.0,9.58492225751233,0,0,0,0.0,0.0,1.0,0,0,0,0,0,0,0,VERIFIED,0.718689,1,0,1,0.0,0,1,0,adopt_standby,1,1,0.14861879541015616,-0.22276715104166667,-0.10024521796875001,0.0966022170166015,-0.1968474349853515,-0.0036430009521485063,ok
46,6.949127811996732,175.0,37.5,385.0,442.0,175.0,37.5,385.0,442.0,175.15083778124998,36.9343583203125,384.77374332812497,442.60335112499996,tracker,nan,nan,nan,nan,0.8524063229560852,nan,0,nan,nan,nan,TRACKING,0.041033026995137334,0.0,0.0,18.211654831985836,0,0,0,0.0,0.0,1.0,0,0,0,0,0,0,0,VERIFIED,0.718689,1,0,1,0.0,0,1,0,adopt_standby,1,1,0.14855534201660134,-0.22209031484374997,-0.09994064167968748,0.09656097231079087,-0.19650161399047836,-0.0033796693688966095,ok
47,7.005395185988164,175.0,37.5,385.0,442.0,175.0,37.5,385.0,442.0,175.09804455781247,37.132332908203125,384.85293316328125,442.39217823125,tracker,nan,nan,nan,nan,0.8304857611656189,nan,0,nan,nan,nan,TRACKING,0.04267858900129795,0.0,0.0,17.772288434009358,0,0,0,0.0,0.0,1.0,0,0,0,0,0,0,0,VERIFIED,0.718689,1,0,1,0.0,0,1,0,adopt_standby,1,1,0.14851409731079102,-0.22165037131510423,-0.09974266709179691,0.09653416325201417,-0.19627683034381108,-0.0032085038397827448,ok
48,7.061459117991035,175.0,37.5,385.0,442.0,175.0,37.5,385.0,442.0,175.0637289625781,37.26101639033203,384.9044065561328,442.2549158503125,tracker,nan,nan,nan,nan,0.813618004322052,nan,0,nan,nan,nan,TRACKING,0.042682756000431255,0.0,0.0,17.836779624175936,0,0,0,0.0,0.0,1.0,0,0,0,0,0,0,0,VERIFIED,0.718689,1,0,1,0.0,0,1,0,adopt_standby,1,1,0.148487288252014,-0.22136440802148438,-0.09961398360966797,0.0965167373638091,-0.19613072097347706,-0.003097246245858873,ok
49,7.117976498993812,175.0,37.5,385.0,442.0,175.0,37.5,385.0,442.0,175.04142382567576,37.34466065371582,384.9378642614863,442.1656953027031,tracker,nan,nan,nan,nan,0.8146516680717468,nan,0,nan,nan,nan,TRACKING,0.04292312700999901,0.0,0.0,17.69367196882071,0,0,0,0.0,0.0,1.0,0,0,0,0,0,0,0,VERIFIED,0.718689,1,0,1,0.0,0,1,0,adopt_standby,1,1,0.1484698623638092,-0.22117853188063152,-0.09953033934628419,0.09650541053647599,-0.19603574988276018,-0.0030249288098082028,ok
50,7.447232666992932,175.0,37.5,385.0,442.0,175.0,37.5,385.0,442.0,156.0,27.0,412.0,453.0,detector,156.0,27.0,412.0,453.0,0.8178045153617859,0.976641,1,0.9117747915729013,0.009291292967074066,1.0967620614679439,DETECTOR_CONFIRMED,0.06336583600204904,0.250453375003417,0.0,3.0371488743156188,0,0,0,0.0,0.0,1.0,0,0,0,0,0,0,0,VERIFIED,0.718689,1,0,1,0.0,0,1,0,adopt_standby,1,1,0.13125,-0.24375000000000002,-0.10968750000000001,0.08531250000000001,-0.195,-0.024374999999999994,ok
51,7.513303988991538,166.74966430664062,37.5,385.0,442.0,166.74966430664062,37.5,385.0,442.0,159.76238250732422,30.675,402.55,449.15,tracker,nan,nan,nan,nan,0.8206600546836853,nan,0,nan,nan,nan,TRACKING,0.050558114002342336,0.0,0.0,15.135159548057656,0,0,0,8.250335693359375,0.010312919616699218,1.0,0,0,0,0,0,0,0,VERIFIED,0.718689,1,0,1,0.0,0,1,0,adopt_standby,1,1,0.1282418203353881,-0.23572916666666666,-0.106078125,0.08335718321800227,-0.18943530821800225,-0.022720941781997725,ok
52,7.564574777992675,167.0,37.5,385.0,442.0,167.0,37.5,385.0,442.0,162.29554862976073,33.06375,396.4075,446.6475,tracker,nan,nan,nan,nan,0.8304333686828613,nan,0,nan,nan,nan,TRACKING,0.03791633200307842,0.0,0.0,19.50428342301936,0,0,0,0.250335693359375,0.00031291961669921875,1.0,0,0,0,0,0,0,0,VERIFIED,0.718689,1,0,1,0.0,0,1,0,adopt_standby,1,1,0.12656030821800232,-0.230515625,-0.10373203125000001,0.08226420034170151,-0.18599623159170153,-0.0214678309082985,ok
53,7.619895617986913,167.0,37.5,385.0,442.0,167.0,37.5,385.0,442.0,163.94210660934448,34.6164375,392.41487500000005,445.020875,tracker,nan,nan,nan,nan,0.8126089572906494,nan,0,nan,nan,nan,TRACKING,0.0415922599931946,0.0,0.0,18.07637049806475,0,0,0,0.0,0.0,1.0,0,0,0,0,0,0,0,VERIFIED,0.718689,1,0,1,0.0,0,1,0,adopt_standby,1,1,0.12546732534170157,-0.22712682291666664,-0.1022070703125,0.08155376147210602,-0.183760831784606,-0.020653308840393972,ok
54,7.675727615991491,167.0,37.5,385.0,442.0,167.0,37.5,385.0,442.0,165.0123692960739,35.625684375000006,389.81966875,443.96356875,tracker,nan,nan,nan,nan,0.8195152282714844,nan,0,nan,nan,nan,TRACKING,0.042256808999809437,0.0,0.0,17.910876123723945,0,0,0,0.0,0.0,1.0,0,0,0,0,0,0,0,VERIFIED,0.718689,1,0,1,0.0,0,1,0,adopt_standby,1,1,0.12475688647210603,-0.22492410156249998,-0.10121584570312499,0.08109197620686892,-0.1823078219099939,-0.020123869496256067,ok
55,7.731304139990243,167.0,37.5,385.0,442.0,167.0,37.5,385.0,442.0,165.70804004244803,36.28169484375,388.1327846875,443.2763196875,tracker,nan,nan,nan,nan,0.8337489366531372,nan,0,nan,nan,nan,TRACKING,0.042210505009279586,0.0,0.0,17.993208787624994,0,0,0,0.0,0.0,1.0,0,0,0,0,0,0,0,VERIFIED,0.718689,1,0,1,0.0,0,1,0,adopt_standby,1,1,0.12429510120686889,-0.22349233268229174,-0.10057154970703129,0.08079181578446477,-0.18136336549149606,-0.019779733922566517,ok
56,7.8029318019980565,167.0,37.5,385.0,442.0,167.0,37.5,385.0,442.0,166.16022602759122,36.708101648437506,387.03631004687503,442.829607796875,tracker,nan,nan,nan,nan,0.8468498587608337,nan,0,nan,nan,nan,TRACKING,0.05766168000991456,0.0,0.0,13.961086708245723,0,0,0,0.0,0.0,1.0,0,0,0,0,0,0,0,VERIFIED,0.718689,1,0,1,0.0,0,1,0,adopt_standby,1,1,0.1239949407844648,-0.22256168291015632,-0.10015275730957035,0.08059671150990212,-0.18074946881947246,-0.01955604579966823,ok
57,7.870309563993942,167.0,37.5,385.0,442.0,167.0,37.5,385.0,442.0,166.45414691793428,36.985266071484375,386.32360153046875,442.53924506796875,tracker,nan,nan,nan,nan,0.8544958233833313,nan,0,nan,nan,nan,TRACKING,0.05375501899106894,0.0,0.0,14.84169213072209,0,0,0,0.0,0.0,1.0,0,0,0,0,0,0,0,VERIFIED,0.718689,1,0,1,0.0,0,1,0,adopt_standby,1,1,0.12379983650990205,-0.2219567605582683,-0.09988054225122074,0.08046989373143633,-0.18035043598265707,-0.019410648519784413,ok
58,7.930900433988427,167.0,37.5,385.0,442.0,167.0,37.5,385.0,442.0,166.6451954966573,37.165422946464844,385.8603409948047,442.3505092941797,tracker,nan,nan,nan,nan,0.8501431941986084,nan,0,nan,nan,nan,TRACKING,0.046692546995473094,0.0,0.0,16.504136680840254,0,0,0,0.0,0.0,1.0,0,0,0,0,0,0,0,VERIFIED,0.718689,1,0,1,0.0,0,1,0,adopt_standby,1,1,0.12367301873143646,-0.2215635610295411,-0.0997036024632935,0.0803874621754337,-0.1800910646387272,-0.0193161402878598,ok
59,7.990545758992084,167.0,37.5,385.0,442.0,167.0,37.5,385.0,442.0,166.76937707282724,37.282524915202146,385.5592216466231,442.2278310412168,tracker,nan,nan,nan,nan,0.8511386513710022,nan,0,nan,nan,nan,TRACKING,0.04500432699569501,0.0,0.0,16.765773343320358,0,0,0,0.0,0.0,1.0,0,0,0,0,0,0,0,VERIFIED,0.718689,1,0,1,0.0,0,1,0,adopt_standby,1,1,0.1235905871754337,-0.22130798133586838,-0.09958859160114077,0.08033388166403191,-0.1799224732651727,-0.019254709937108858,ok
60,8.381969608992222,167.0,37.5,385.0,442.0,167.0,37.5,385.0,442.0,143.0,33.0,414.0,447.0,detector,143.0,33.0,414.0,447.0,0.8302261829376221,0.97685,1,0.9195495466286245,0.01213530489934225,1.0874889816066287,DETECTOR_CONFIRMED,0.06664529599947855,0.19238251700880937,0.0,2.5547753413586034,0,0,0,0.0,0.0,1.0,0,0,0,0,0,0,0,VERIFIED,0.710033,1,0,1,0.11226354399695992,0,1,0,adopt_standby,1,1,0.09375,-0.23125000000000007,-0.10406250000000003,0.060937500000000006,-0.16500000000000004,-0.043125000000000024,ok
61,8.439535088997218,167.0,37.5,385.0,442.0,167.0,37.5,385.0,442.0,151.4,34.575,403.85,445.25,tracker,nan,nan,nan,nan,0.8496696352958679,nan,0,nan,nan,nan,TRACKING,0.042565670009935275,0.0,0.0,17.37152195922297,0,0,0,0.0,0.0,1.0,0,0,0,0,0,0,0,VERIFIED,0.710033,1,0,1,0.0,0,1,0,adopt_standby,1,1,0.10414062500000014,-0.22760416666666672,-0.10242187500000002,0.0676914062500001,-0.17011328125000014,-0.034730468749999924,ok
62,8.49884191599267,167.0,37.5,385.0,442.0,167.0,37.5,385.0,442.0,156.86,35.59875,397.2525,444.1125,tracker,nan,nan,nan,nan,0.8363068699836731,nan,0,nan,nan,nan,TRACKING,0.0453408969915472,0.0,0.0,16.861465208325363,0,0,0,0.0,0.0,1.0,0,0,0,0,0,0,0,VERIFIED,0.710033,1,0,1,0.0,0,1,0,adopt_standby,1,1,0.11089453125000012,-0.2252343750000001,-0.10135546875000005,0.07208144531250008,-0.1734369140625001,-0.029274023437499977,ok
63,8.570206133998,167.0,37.5,385.0,442.0,167.0,37.5,385.0,442.0,160.40900000000002,36.264187500000006,392.964125,443.373125,tracker,nan,nan,nan,nan,0.8448144197463989,nan,0,nan,nan,nan,TRACKING,0.05729708800208755,0.0,0.0,14.012624645103442,0,0,0,0.0,0.0,1.0,0,0,0,0,0,0,0,VERIFIED,0.710033,1,0,1,0.0,0,1,0,adopt_standby,1,1,0.1152845703125001,-0.2236940104166667,-0.10066230468750002,0.07493497070312506,-0.17559727539062508,-0.02572733398437496,ok
64,8.6343777209986,167.0,37.5,385.0,442.0,167.0,37.5,385.0,442.0,162.71585000000002,36.69672187500001,390.17668125,442.89253125,tracker,nan,nan,nan,nan,0.8521965742111206,nan,0,nan,nan,nan,TRACKING,0.05041180799889844,0.0,0.0,15.583220654814639,0,0,0,0.0,0.0,1.0,0,0,0,0,0,0,0,VERIFIED,0.710033,1,0,1,0.0,0,1,0,adopt_standby,1,1,0.11813809570312514,-0.22269277343750005,-0.10021174804687502,0.07678976220703135,-0.17700151025390637,-0.023421985839843673,ok
65,8.692013202991802,167.0,37.5,385.0,442.0,167.0,37.5,385.0,442.0,164.2153025,36.97786921875,388.3648428125,442.5801453125,tracker,nan,nan,nan,nan,0.8444905877113342,nan,0,nan,nan,nan,TRACKING,0.043645749989082105,0.0,0.0,17.350423132020413,0,0,0,0.0,0.0,1.0,0,0,0,0,0,0,0,VERIFIED,0.710033,1,0,1,0.0,0,1,0,adopt_standby,1,1,0.11999288720703127,-0.2220419694010417,-0.09991888623046877,0.07799537668457034,-0.1779142629150391,-0.02192350954589843,ok
66,8.753844156992272,167.0,37.5,385.0,442.0,167.0,37.5,385.0,442.0,165.189946625,37.160614992187504,387.18714782812503,442.377094453125,tracker,nan,nan,nan,nan,0.8465937376022339,nan,0,nan,nan,nan,TRACKING,0.048058726999443024,0.0,0.0,16.173129076940896,0,0,0,0.0,0.0,1.0,0,0,0,0,0,0,0,VERIFIED,0.710033,1,0,1,0.0,0,1,0,adopt_standby,1,1,0.12119850168457039,-0.22161894677734373,-0.09972852604980469,0.07877902609497076,-0.17850755214477543,-0.02094949995483393,ok
67,8.815522606993909,167.0,37.5,385.0,442.0,167.0,37.5,385.0,442.0,165.82346530625,37.279399744921875,386.42164608828125,442.24511139453125,tracker,nan,nan,nan,nan,0.8486895561218262,nan,0,nan,nan,nan,TRACKING,0.04801372600195464,0.0,0.0,16.213118195633434,0,0,0,0.0,0.0,1.0,0,0,0,0,0,0,0,VERIFIED,0.710033,1,0,1,0.0,0,1,0,adopt_standby,1,1,0.12198215109497071,-0.22134398207194017,-0.09960479193237308,0.07928839821173096,-0.17889319014410404,-0.020316393720642117,ok
68,8.875247048999881,167.0,37.5,385.0,442.0,167.0,37.5,385.0,442.0,166.2352524490625,37.35660983419922,385.9240699573828,442.1593224064453,tracker,nan,nan,nan,nan,0.8501661419868469,nan,0,nan,nan,nan,TRACKING,0.04526855199947022,0.0,0.0,16.743563713830948,0,0,0,0.0,0.0,1.0,0,0,0,0,0,0,0,VERIFIED,0.710033,1,0,1,0.0,0,1,0,adopt_standby,1,1,0.12249152321173096,-0.22116525501342776,-0.0995243647560425,0.07961949008762513,-0.17914385484366763,-0.019904874668417366,ok
69,8.930242827991606,167.0,37.5,385.0,442.0,167.0,37.5,385.0,442.0,166.50291409189063,37.406796392229495,385.6006454722989,442.1035595641894,tracker,nan,nan,nan,nan,0.8487203121185303,nan,0,nan,nan,nan,TRACKING,0.041519915001117624,0.0,0.0,18.183213663551847,0,0,0,0.0,0.0,1.0,0,0,0,0,0,0,0,VERIFIED,0.710033,1,0,1,0.0,0,1,0,adopt_standby,1,1,0.1228226150876253,-0.22104908242539467,-0.0994720870914276,0.07983469980695646,-0.17930678689838406,-0.019637387284471147,ok
70,9.317030726000667,167.0,37.5,385.0,442.0,167.0,37.5,385.0,442.0,142.0,34.0,412.0,446.0,detector,142.0,34.0,412.0,446.0,0.8438327312469482,0.976945,1,0.9260851582567808,0.014496766880929001,1.079814303343715,DETECTOR_CONFIRMED,0.08692878199508414,0.2844105960102752,0.0,2.585396298972555,0,0,0,0.0,0.0,1.0,0,0,0,0,0,0,0,VERIFIED,0.710033,1,0,1,0.0,0,1,0,adopt_standby,1,1,0.0875,-0.22916666666666674,-0.10312500000000004,0.056874999999999995,-0.16000000000000003,-0.04625000000000004,ok
71,9.375851655000588,167.0,37.5,385.0,442.0,167.0,37.5,385.0,442.0,150.75,35.225,402.55,444.6,tracker,nan,nan,nan,nan,0.8684260845184326,nan,0,nan,nan,nan,TRACKING,0.04380429600132629,0.0,0.0,17.000751552246612,0,0,0,0.0,0.0,1.0,0,0,0,0,0,0,0,VERIFIED,0.710033,1,0,1,0.0,0,1,0,adopt_standby,1,1,0.10007812499999993,-0.22625000000000006,-0.10181250000000003,0.06505078124999995,-0.16686328125,-0.036761718750000075,ok
72,9.443849744988256,167.0,37.5,385.0,442.0,167.0,37.5,385.0,442.0,156.4375,36.02125,396.4075,443.69,tracker,nan,nan,nan,nan,0.8693549633026123,nan,0,nan,nan,nan,TRACKING,0.05466228100704029,0.0,0.0,14.70629542949449,0,0,0,0.0,0.0,1.0,0,0,0,0,0,0,0,VERIFIED,0.710033,1,0,1,0.0,0,1,0,adopt_standby,1,1,0.10825390625000005,-0.22435416666666674,-0.10095937500000003,0.07036503906250004,-0.17132441406250007,-0.030594335937499995,ok
73,9.508206909988075,167.0,37.5,385.0,442.0,167.0,37.5,385.0,442.0,160.134375,36.538812500000006,392.41487500000005,443.0985,tracker,nan,nan,nan,nan,0.8655102849006653,nan,0,nan,nan,nan,TRACKING,0.05083228800504003,0.0,0.0,15.538285441920987,0,0,0,0.0,0.0,1.0,0,0,0,0,0,0,0,VERIFIED,0.710033,1,0,1,0.0,0,1,0,adopt_standby,1,1,0.11356816406250018,-0.22312187500000003,-0.10040484375000001,0.07381930664062512,-0.17422415039062514,-0.02658553710937489,ok
74,9.562624757993035,167.0,37.5,385.0,442.0,167.0,37.5,385.0,442.0,162.53734375,36.87522812500001,389.81966875,442.714025,tracker,nan,nan,nan,nan,0.869121789932251,nan,0,nan,nan,nan,TRACKING,0.04082755299168639,0.0,0.0,18.376323883826906,0,0,0,0.0,0.0,1.0,0,0,0,0,0,0,0,VERIFIED,0.710033,1,0,1,0.0,0,1,0,adopt_standby,1,1,0.11702243164062498,-0.22232088541666672,-0.10004439843750003,0.07606458056640623,-0.17610897900390626,-0.023979817871093795,ok
75,9.617149691999657,167.0,37.5,385.0,442.0,167.0,37.5,385.0,442.0,164.0992734375,37.093898281250006,388.1327846875,442.46411625,tracker,nan,nan,nan,nan,0.8705478310585022,nan,0,nan,nan,nan,TRACKING,0.04053822299465537,0.0,0.0,18.340233110205137,0,0,0,0.0,0.0,1.0,0,0,0,0,0,0,0,VERIFIED,0.710033,1,0,1,0.0,0,1,0,adopt_standby,1,1,0.11926770556640634,-0.22180024218750005,-0.09981010898437502,0.07752400861816412,-0.17733411760253914,-0.022286100366210898,ok
76,9.664616632988327,167.0,37.5,385.0,442.0,167.0,37.5,385.0,442.0,165.114527734375,37.23603388281251,387.03631004687503,442.3016755625,tracker,nan,nan,nan,nan,0.8673577308654785,nan,0,nan,nan,nan,TRACKING,0.03383227001177147,0.0,0.0,21.06729397705848,0,0,0,0.0,0.0,1.0,0,0,0,0,0,0,0,VERIFIED,0.710033,1,0,1,0.0,0,1,0,adopt_standby,1,1,0.12072713361816412,-0.22146182408854176,-0.0996578208398438,0.07847263685180668,-0.17813045769165048,-0.02118518398803712,ok
77,9.717660851994879,167.0,37.5,385.0,442.0,167.0,37.5,385.0,442.0,165.77444302734375,37.328422023828125,386.32360153046875,442.196089115625,tracker,nan,nan,nan,nan,0.8667210936546326,nan,0,nan,nan,nan,TRACKING,0.039487310001277365,0.0,0.0,18.852195747787164,0,0,0,0.0,0.0,1.0,0,0,0,0,0,0,0,VERIFIED,0.710033,1,0,1,0.0,0,1,0,adopt_standby,1,1,0.12167576185180665,-0.22124185232421878,-0.09955883354589845,0.07908924520367432,-0.17864807874957278,-0.020469588342224135,ok
78,9.76778030899004,167.0,37.5,385.0,442.0,167.0,37.5,385.0,442.0,166.20338796777344,37.38847431548828,385.8603409948047,442.12745792515625,tracker,nan,nan,nan,nan,0.8669476509094238,nan,0,nan,nan,nan,TRACKING,0.03669135399104562,0.0,0.0,19.952331089631034,0,0,0,0.0,0.0,1.0,0,0,0,0,0,0,0,VERIFIED,0.710033,1,0,1,0.0,0,1,0,adopt_standby,1,1,0.12229237020367431,-0.22109887067740885,-0.09949449180483398,0.0794900406323883,-0.1789845324372223,-0.020004451172445675,ok
79,9.818327953995322,167.0,37.5,385.0,442.0,167.0,37.5,385.0,442.0,166.48220217905273,37.427508305067384,385.5592216466231,442.0828476513516,tracker,nan,nan,nan,nan,0.8662051558494568,nan,0,nan,nan,nan,TRACKING,0.03693292199750431,0.0,0.0,19.78331532350365,0,0,0,0.0,0.0,1.0,0,0,0,0,0,0,0,VERIFIED,0.710033,1,0,1,0.0,0,1,0,adopt_standby,1,1,0.12269316563238845,-0.22100593260698254,-0.09945266967314215,0.0797505576610525,-0.17920322733419464,-0.019702112012089643,ok
80,10.06233715399867,167.0,37.5,385.0,442.0,167.0,37.5,385.0,442.0,143.0,34.0,412.0,446.0,detector,143.0,34.0,412.0,446.0,0.8625442385673523,0.977666,1,0.9260851582567808,0.013258252147247766,1.079814303343715,DETECTOR_CONFIRMED,0.03794398999889381,0.191111443011323,0.0,4.098206133155151,0,0,0,0.0,0.0,1.0,0,0,0,0,0,0,0,VERIFIED,0.710033,1,0,1,0.0,0,1,0,adopt_standby,1,1,0.090625,-0.22916666666666674,-0.10312500000000004,0.05890625,-0.16203125000000004,-0.044218750000000036,ok
81,10.123079433993553,167.0,37.5,385.0,442.0,167.0,37.5,385.0,442.0,151.4,35.225,402.55,444.6,tracker,nan,nan,nan,nan,0.8694906234741211,nan,0,nan,nan,nan,TRACKING,0.04632316199422348,0.0,0.0,16.462997439085786,0,0,0,0.0,0.0,1.0,0,0,0,0,0,0,0,VERIFIED,0.710033,1,0,1,0.0,0,1,0,adopt_standby,1,1,0.10210937500000003,-0.22625000000000006,-0.10181250000000003,0.06637109375000003,-0.16818359375000005,-0.03544140625,ok
82,10.17834428299102,167.0,37.5,385.0,442.0,167.0,37.5,385.0,442.0,156.86,36.02125,396.4075,443.69,tracker,nan,nan,nan,nan,0.8752880692481995,nan,0,nan,nan,nan,TRACKING,0.04178210899408441,0.0,0.0,18.0946843814923,0,0,0,0.0,0.0,1.0,0,0,0,0,0,0,0,VERIFIED,0.710033,1,0,1,0.0,0,1,0,adopt_standby,1,1,0.10957421875000009,-0.22435416666666674,-0.10095937500000003,0.07122324218750006,-0.1721826171875001,-0.02973613281249997,ok
83,10.234365608994267,167.0,37.5,385.0,442.0,167.0,37.5,385.0,442.0,160.40900000000002,36.538812500000006,392.41487500000005,443.0985,tracker,nan,nan,nan,nan,0.8661629557609558,nan,0,nan,nan,nan,TRACKING,0.042399624988320284,0.0,0.0,17.850345062200795,0,0,0,0.0,0.0,1.0,0,0,0,0,0,0,0,VERIFIED,0.710033,1,0,1,0.0,0,1,0,adopt_standby,1,1,0.11442636718750024,-0.22312187500000003,-0.10040484375000001,0.07437713867187516,-0.17478198242187518,-0.026027705078124852,ok
84,10.289529725996545,167.0,37.5,385.0,442.0,167.0,37.5,385.0,442.0,162.71585000000002,36.87522812500001,389.81966875,442.714025,tracker,nan,nan,nan,nan,0.8689345717430115,nan,0,nan,nan,nan,TRACKING,0.041373713000211865,0.0,0.0,18.12772603536302,0,0,0,0.0,0.0,1.0,0,0,0,0,0,0,0,VERIFIED,0.710033,1,0,1,0.0,0,1,0,adopt_standby,1,1,0.11758026367187498,-0.22232088541666672,-0.10004439843750003,0.07642717138671874,-0.17647156982421877,-0.023617227050781286,ok
85,10.341281307992176,167.0,37.5,385.0,442.0,167.0,37.5,385.0,442.0,164.2153025,37.093898281250006,388.1327846875,442.46411625,tracker,nan,nan,nan,nan,0.8755522966384888,nan,0,nan,nan,nan,TRACKING,0.03816352700232528,0.0,0.0,19.3230807917024,0,0,0,0.0,0.0,1.0,0,0,0,0,0,0,0,VERIFIED,0.710033,1,0,1,0.0,0,1,0,adopt_standby,1,1,0.1196302963867188,-0.22180024218750005,-0.09981010898437502,0.07775969265136723,-0.17756980163574226,-0.02205041633300779,ok
86,10.392182034993311,167.0,37.5,385.0,442.0,167.0,37.5,385.0,442.0,165.189946625,37.23603388281251,387.03631004687503,442.3016755625,tracker,nan,nan,nan,nan,0.8773884177207947,nan,0,nan,nan,nan,TRACKING,0.037180012004682794,0.0,0.0,19.646084818743297,0,0,0,0.0,0.0,1.0,0,0,0,0,0,0,0,VERIFIED,0.710033,1,0,1,0.0,0,1,0,adopt_standby,1,1,0.12096281765136715,-0.22146182408854176,-0.0996578208398438,0.07862583147338865,-0.17828365231323245,-0.021031989366455145,ok
87,10.448675403997186,167.0,37.5,385.0,442.0,167.0,37.5,385.0,442.0,165.82346530625,37.328422023828125,386.32360153046875,442.196089115625,tracker,nan,nan,nan,nan,0.8777323961257935,nan,0,nan,nan,nan,TRACKING,0.042932398995617405,0.0,0.0,17.701192505113674,0,0,0,0.0,0.0,1.0,0,0,0,0,0,0,0,VERIFIED,0.710033,1,0,1,0.0,0,1,0,adopt_standby,1,1,0.12182895647338868,-0.22124185232421878,-0.09955883354589845,0.07918882170770264,-0.1787476552536011,-0.020370011838195812,ok
88,10.498286149988417,167.0,37.5,385.0,442.0,167.0,37.5,385.0,442.0,166.2352524490625,37.38847431548828,385.8603409948047,442.12745792515625,tracker,nan,nan,nan,nan,0.8726308941841125,nan,0,nan,nan,nan,TRACKING,0.03605732700088993,0.0,0.0,20.156923263696886,0,0,0,0.0,0.0,1.0,0,0,0,0,0,0,0,VERIFIED,0.710033,1,0,1,0.0,0,1,0,adopt_standby,1,1,0.12239194670770263,-0.22109887067740885,-0.09949449180483398,0.07955476536000672,-0.1790492571648407,-0.019939726444827263,ok
89,10.550938379994477,167.0,37.5,385.0,442.0,167.0,37.5,385.0,442.0,166.50291409189063,37.427508305067384,385.5592216466231,442.0828476513516,tracker,nan,nan,nan,nan,0.8721206188201904,nan,0,nan,nan,nan,TRACKING,0.039084175004973076,0.0,0.0,18.99254789179669,0,0,0,0.0,0.0,1.0,0,0,0,0,0,0,0,VERIFIED,0.710033,1,0,1,0.0,0,1,0,adopt_standby,1,1,0.12275789036000688,-0.22100593260698254,-0.09945266967314215,0.07979262873400447,-0.17924529840714662,-0.019660040939137674,ok
90,11.030704434000654,167.0,37.5,385.0,442.0,167.0,37.5,385.0,442.0,144.0,33.0,408.0,447.0,detector,144.0,33.0,408.0,447.0,0.8705186247825623,0.978344,1,0.9330723340790454,0.01459077191241094,1.0717282717282717,DETECTOR_CONFIRMED,0.07300608299556188,0.1943730889906874,0.0,2.0843492190615156,0,0,0,0.0,0.0,1.0,0,0,0,0,0,0,0,VERIFIED,0.677048,1,0,1,0.12799681001342833,0,1,0,adopt_standby,1,1,0.0875,-0.23125000000000007,-0.10406250000000003,0.056874999999999995,-0.1609375,-0.047187500000000035,ok
91,11.08987807999074,167.0,37.5,385.0,442.0,167.0,37.5,385.0,442.0,152.05,34.575,399.95,445.25,tracker,nan,nan,nan,nan,0.872890293598175,nan,0,nan,nan,nan,TRACKING,0.043736221006838605,0.0,0.0,16.899414989023057,0,0,0,0.0,0.0,1.0,0,0,0,0,0,0,0,VERIFIED,0.677048,1,0,1,0.0,0,1,0,adopt_standby,1,1,0.10007812499999993,-0.22760416666666672,-0.10242187500000002,0.06505078124999995,-0.16747265624999996,-0.03737109375000007,ok
92,11.140554634999717,167.0,37.5,385.0,442.0,167.0,37.5,385.0,442.0,157.2825,35.59875,394.71750000000003,444.1125,tracker,nan,nan,nan,nan,0.8701270818710327,nan,0,nan,nan,nan,TRACKING,0.03717610499006696,0.0,0.0,19.732990922979322,0,0,0,0.0,0.0,1.0,0,0,0,0,0,0,0,VERIFIED,0.677048,1,0,1,0.0,0,1,0,adopt_standby,1,1,0.10825390625000005,-0.2252343750000001,-0.10135546875000005,0.07036503906250004,-0.1717205078125001,-0.030990429687500015,ok
93,11.191823078988818,167.0,37.5,385.0,442.0,167.0,37.5,385.0,442.0,160.683625,36.264187500000006,391.31637500000005,443.373125,tracker,nan,nan,nan,nan,0.8714813590049744,nan,0,nan,nan,nan,TRACKING,0.03771981799218338,0.0,0.0,19.505175546434984,0,0,0,0.0,0.0,1.0,0,0,0,0,0,0,0,VERIFIED,0.677048,1,0,1,0.0,0,1,0,adopt_standby,1,1,0.11356816406250018,-0.2236940104166667,-0.10066230468750002,0.07381930664062512,-0.17448161132812515,-0.0268429980468749,ok
94,11.243369447998703,167.0,37.5,385.0,442.0,167.0,37.5,385.0,442.0,162.89435625000002,36.69672187500001,389.10564375,442.89253125,tracker,nan,nan,nan,nan,0.8698385953903198,nan,0,nan,nan,nan,TRACKING,0.03807336800673511,0.0,0.0,19.400008559443805,0,0,0,0.0,0.0,1.0,0,0,0,0,0,0,0,VERIFIED,0.677048,1,0,1,0.0,0,1,0,adopt_standby,1,1,0.11702243164062516,-0.22269277343750005,-0.10021174804687502,0.07606458056640636,-0.17627632861328138,-0.024147167480468662,ok
95,11.345011573997908,167.0,37.5,385.0,442.0,167.0,37.5,385.0,442.0,164.3313315625,36.97786921875,387.66866843750006,442.5801453125,tracker,nan,nan,nan,nan,0.8761582374572754,nan,0,nan,nan,nan,TRACKING,0.08717332000378519,0.0,0.0,9.83844041207692,0,0,0,0.0,0.0,1.0,0,0,0,0,0,0,0,VERIFIED,0.677048,1,0,1,0.0,0,1,0,adopt_standby,1,1,0.11926770556640634,-0.2220419694010417,-0.09991888623046877,0.07752400861816412,-0.1774428948486329,-0.022394877612304645,ok
96,11.403292020986555,167.0,37.5,385.0,442.0,167.0,37.5,385.0,442.0,165.265365515625,37.160614992187504,386.7346344843751,442.377094453125,tracker,nan,nan,nan,nan,0.8782475590705872,nan,0,nan,nan,nan,TRACKING,0.044345664005959406,0.0,0.0,17.158413355937398,0,0,0,0.0,0.0,1.0,0,0,0,0,0,0,0,VERIFIED,0.677048,1,0,1,0.0,0,1,0,adopt_standby,1,1,0.12072713361816412,-0.22161894677734373,-0.09972852604980469,0.07847263685180668,-0.17820116290161137,-0.021255889197998007,ok
97,11.477049476990942,167.0,37.5,385.0,442.0,167.0,37.5,385.0,442.0,165.87248758515625,37.279399744921875,386.1275124148438,442.24511139453125,tracker,nan,nan,nan,nan,0.8843339681625366,nan,0,nan,nan,nan,TRACKING,0.05896358900645282,0.0,0.0,13.557951347190235,0,0,0,0.0,0.0,1.0,0,0,0,0,0,0,0,VERIFIED,0.677048,1,0,1,0.0,0,1,0,adopt_standby,1,1,0.12167576185180665,-0.22134398207194017,-0.09960479193237308,0.07908924520367432,-0.1786940371360474,-0.020515546728698764,ok
98,11.533058198998333,167.0,37.5,385.0,442.0,167.0,37.5,385.0,442.0,166.26711693035156,37.35660983419922,385.7328830696485,442.1593224064453,tracker,nan,nan,nan,nan,0.8830844163894653,nan,0,nan,nan,nan,TRACKING,0.04165215799002908,0.0,0.0,17.854362037898984,0,0,0,0.0,0.0,1.0,0,0,0,0,0,0,0,VERIFIED,0.677048,1,0,1,0.0,0,1,0,adopt_standby,1,1,0.12229237020367449,-0.22116525501342776,-0.0995243647560425,0.07949004063238842,-0.17901440538843091,-0.02003432412365408,ok
99,11.591148275998421,167.0,37.5,385.0,442.0,167.0,37.5,385.0,442.0,166.52362600472853,37.406796392229495,385.4763739952715,442.1035595641894,tracker,nan,nan,nan,nan,0.8826198577880859,nan,0,nan,nan,nan,TRACKING,0.043607624000287615,0.0,0.0,17.21464407765347,0,0,0,0.0,0.0,1.0,0,0,0,0,0,0,0,VERIFIED,0.677048,1,0,1,0.0,0,1,0,adopt_standby,1,1,0.12269316563238845,-0.22104908242539467,-0.0994720870914276,0.0797505576610525,-0.17922264475248012,-0.019721529430375098,ok
100,11.823501605991623,167.0,37.5,385.0,442.0,167.0,37.5,385.0,442.0,143.0,31.0,412.0,449.0,detector,143.0,31.0,412.0,449.0,0.8796524405479431,0.976758,1,0.9198975068653101,0.013650206042400971,1.0870776282540988,DETECTOR_CONFIRMED,0.04049087800376583,0.17641341099806596,0.0,4.303790266441439,0,0,0,0.0,0.0,1.0,0,0,0,0,0,0,0,VERIFIED,0.677048,1,0,1,0.0,0,1,0,adopt_standby,1,1,0.090625,-0.23541666666666672,-0.10593750000000003,0.05890625,-0.16484375000000004,-0.04703125000000003,ok
101,11.875470848986879,167.0,37.5,385.0,442.0,167.0,37.5,385.0,442.0,151.4,33.275000000000006,402.55,446.55,tracker,nan,nan,nan,nan,0.8773992657661438,nan,0,nan,nan,nan,TRACKING,0.036479941991274245,0.0,0.0,19.24215059456017,0,0,0,0.0,0.0,1.0,0,0,0,0,0,0,0,VERIFIED,0.677048,1,0,1,0.0,0,1,0,adopt_standby,1,1,0.10210937500000003,-0.23031250000000003,-0.10364062500000001,0.06637109375000003,-0.17001171875000004,-0.03726953124999999,ok
102,11.922539863997372,167.0,37.5,385.0,442.0,167.0,37.5,385.0,442.0,156.86,34.753750000000004,396.4075,444.9575,tracker,nan,nan,nan,nan,0.8801390528678894,nan,0,nan,nan,nan,TRACKING,0.03372455899079796,0.0,0.0,21.24539890577856,0,0,0,0.0,0.0,1.0,0,0,0,0,0,0,0,VERIFIED,0.677048,1,0,1,0.0,0,1,0,adopt_standby,1,1,0.10957421875000009,-0.2269947916666667,-0.10214765625000001,0.07122324218750006,-0.1733708984375001,-0.030924414062499947,ok
103,11.986865620987373,167.0,37.5,385.0,442.0,167.0,37.5,385.0,442.0,160.40900000000002,35.714937500000005,392.41487500000005,443.922375,tracker,nan,nan,nan,nan,0.8800898194313049,nan,0,nan,nan,nan,TRACKING,0.050734211996314116,0.0,0.0,15.545872241432539,0,0,0,0.0,0.0,1.0,0,0,0,0,0,0,0,VERIFIED,0.677048,1,0,1,0.0,0,1,0,adopt_standby,1,1,0.11442636718750024,-0.22483828125000005,-0.10117722656250003,0.07437713867187516,-0.17555436523437518,-0.026800087890624866,ok
104,12.03995181999926,167.0,37.5,385.0,442.0,167.0,37.5,385.0,442.0,162.71585000000002,36.339709375000005,389.81966875,443.24954375,tracker,nan,nan,nan,nan,0.8811298608779907,nan,0,nan,nan,nan,TRACKING,0.03926365901133977,0.0,0.0,18.837287630558947,0,0,0,0.0,0.0,1.0,0,0,0,0,0,0,0,VERIFIED,0.677048,1,0,1,0.0,0,1,0,adopt_standby,1,1,0.11758026367187498,-0.2234365494791667,-0.10054644726562502,0.07642717138671874,-0.17697361865234376,-0.024119275878906277,ok
105,12.1077489679883,167.0,37.5,385.0,442.0,167.0,37.5,385.0,442.0,164.2153025,36.74581109375001,388.1327846875,442.8122034375,tracker,nan,nan,nan,nan,0.8734071850776672,nan,0,nan,nan,nan,TRACKING,0.0514312089944724,0.0,0.0,14.749882991562641,0,0,0,0.0,0.0,1.0,0,0,0,0,0,0,0,VERIFIED,0.677048,1,0,1,0.0,0,1,0,adopt_standby,1,1,0.1196302963867188,-0.222525423828125,-0.10013644072265626,0.07775969265136723,-0.1778961333740235,-0.022376748071289032,ok
106,12.184507542988285,167.0,37.5,385.0,442.0,167.0,37.5,385.0,442.0,165.189946625,37.0097772109375,387.03631004687503,442.527932234375,tracker,nan,nan,nan,nan,0.8746623396873474,nan,0,nan,nan,nan,TRACKING,0.058413886989001185,0.0,0.0,13.02786040517547,0,0,0,0.0,0.0,1.0,0,0,0,0,0,0,0,VERIFIED,0.677048,1,0,1,0.0,0,1,0,adopt_standby,1,1,0.12096281765136715,-0.2219331921549479,-0.09986993646972656,0.07862583147338865,-0.17849576794311522,-0.0212441049963379,ok
107,12.254784805991221,167.0,37.5,385.0,442.0,167.0,37.5,385.0,442.0,165.82346530625,37.181355187109375,386.32360153046875,442.34315595234375,tracker,nan,nan,nan,nan,0.8508316278457642,nan,0,nan,nan,nan,TRACKING,0.056012419998296537,0.0,0.0,14.229353239869708,0,0,0,0.0,0.0,1.0,0,0,0,0,0,0,0,VERIFIED,0.677048,1,0,1,0.0,0,1,0,adopt_standby,1,1,0.12182895647338868,-0.22154824156738284,-0.09969670870532228,0.07918882170770264,-0.1788855304130249,-0.020507886997619643,ok
108,12.306343570991885,167.0,37.5,385.0,442.0,167.0,37.5,385.0,442.0,166.2352524490625,37.292880871621094,385.8603409948047,442.22305136902344,tracker,nan,nan,nan,nan,0.8437021374702454,nan,0,nan,nan,nan,TRACKING,0.037609136998071335,0.0,0.0,19.395344321903895,0,0,0,0.0,0.0,1.0,0,0,0,0,0,0,0,VERIFIED,0.677048,1,0,1,0.0,0,1,0,adopt_standby,1,1,0.12239194670770263,-0.22129802368546558,-0.09958411065845951,0.07955476536000672,-0.17913887601846623,-0.020029345298452794,ok
109,12.367848734997096,167.0,37.5,385.0,442.0,167.0,37.5,385.0,442.0,166.50291409189063,37.36537256655372,385.5592216466231,442.1449833898652,tracker,nan,nan,nan,nan,0.8456781506538391,nan,0,nan,nan,nan,TRACKING,0.04777918900072109,0.0,0.0,16.25879739000885,0,0,0,0.0,0.0,1.0,0,0,0,0,0,0,0,VERIFIED,0.677048,1,0,1,0.0,0,1,0,adopt_standby,1,1,0.12275789036000688,-0.22113538206221928,-0.09951092192799868,0.07979262873400447,-0.17930355066200315,-0.019718293193994207,ok
110,12.696727653994458,167.0,37.5,385.0,442.0,167.0,37.5,385.0,442.0,140.0,31.0,414.0,449.0,detector,140.0,31.0,414.0,449.0,0.8474867939949036,0.978226,1,0.9154535575567821,0.01606870016522805,1.09235470411941,DETECTOR_CONFIRMED,0.03869432199280709,0.27486764400964603,0.0,3.040632713853037,0,0,0,0.0,0.0,1.0,0,0,0,0,0,0,0,VERIFIED,0.677048,1,0,1,0.0,0,1,0,adopt_standby,1,1,0.084375,-0.23541666666666672,-0.10593750000000003,0.054843750000000004,-0.16078125000000004,-0.05109375000000003,ok
111,12.764248127990868,167.0,37.5,385.0,442.0,167.0,37.5,385.0,442.0,149.45,33.275000000000006,403.85,446.55,tracker,nan,nan,nan,nan,0.8517941832542419,nan,0,nan,nan,nan,TRACKING,0.051897211000323296,0.0,0.0,14.810322570501606,0,0,0,0.0,0.0,1.0,0,0,0,0,0,0,0,VERIFIED,0.677048,1,0,1,0.0,0,1,0,adopt_standby,1,1,0.098046875,-0.23031250000000003,-0.10364062500000001,0.06373046875,-0.16737109375000003,-0.03991015625000001,ok
112,12.825664071991923,167.0,37.5,385.0,442.0,167.0,37.5,385.0,442.0,155.5925,34.753750000000004,397.2525,444.9575,tracker,nan,nan,nan,nan,0.8559972643852234,nan,0,nan,nan,nan,TRACKING,0.04502156699891202,0.0,0.0,16.28241682620423,0,0,0,0.0,0.0,1.0,0,0,0,0,0,0,0,VERIFIED,0.677048,1,0,1,0.0,0,1,0,adopt_standby,1,1,0.10693359375,-0.2269947916666667,-0.10214765625000001,0.0695068359375,-0.1716544921875,-0.03264082031250001,ok
113,12.883316690000356,167.0,37.5,385.0,442.0,167.0,37.5,385.0,442.0,159.585125,35.714937500000005,392.964125,443.922375,tracker,nan,nan,nan,nan,0.856208860874176,nan,0,nan,nan,nan,TRACKING,0.04305740100971889,0.0,0.0,17.345266087547472,0,0,0,0.0,0.0,1.0,0,0,0,0,0,0,0,VERIFIED,0.677048,1,0,1,0.0,0,1,0,adopt_standby,1,1,0.11270996093750014,-0.22483828125000005,-0.10117722656250003,0.0732614746093751,-0.17443870117187513,-0.02791575195312493,ok
114,12.937083062992315,167.0,37.5,385.0,442.0,167.0,37.5,385.0,442.0,162.18033125,36.339709375000005,390.17668125,443.24954375,tracker,nan,nan,nan,nan,0.852821409702301,nan,0,nan,nan,nan,TRACKING,0.03972955599601846,0.0,0.0,18.598985655021984,0,0,0,0.0,0.0,1.0,0,0,0,0,0,0,0,VERIFIED,0.677048,1,0,1,0.0,0,1,0,adopt_standby,1,1,0.11646459960937498,-0.2234365494791667,-0.10054644726562502,0.07570198974609374,-0.17624843701171877,-0.02484445751953128,ok
115,12.989958995996858,167.0,37.5,385.0,442.0,167.0,37.5,385.0,442.0,163.8672153125,36.74581109375001,388.3648428125,442.8122034375,tracker,nan,nan,nan,nan,0.8502218723297119,nan,0,nan,nan,nan,TRACKING,0.03869260200008284,0.0,0.0,18.9121958361298,0,0,0,0.0,0.0,1.0,0,0,0,0,0,0,0,VERIFIED,0.677048,1,0,1,0.0,0,1,0,adopt_standby,1,1,0.11890511474609369,-0.222525423828125,-0.10013644072265626,0.0772883245849609,-0.17742476530761717,-0.022848116137695357,ok
116,13.042797011992661,167.0,37.5,385.0,442.0,167.0,37.5,385.0,442.0,164.963689953125,37.0097772109375,387.18714782812503,442.527932234375,tracker,nan,nan,nan,nan,0.8553101420402527,nan,0,nan,nan,nan,TRACKING,0.03888625299441628,0.0,0.0,18.925767388378585,0,0,0,0.0,0.0,1.0,0,0,0,0,0,0,0,VERIFIED,0.677048,1,0,1,0.0,0,1,0,adopt_standby,1,1,0.12049144958496108,-0.2219331921549479,-0.09986993646972656,0.0783194422302247,-0.17818937869995127,-0.021550494239501852,ok
117,13.092521824000869,167.0,37.5,385.0,442.0,167.0,37.5,385.0,442.0,165.67639846953125,37.181355187109375,386.42164608828125,442.34315595234375,tracker,nan,nan,nan,nan,0.853840708732605,nan,0,nan,nan,nan,TRACKING,0.03584325900010299,0.0,0.0,20.110684376945223,0,0,0,0.0,0.0,1.0,0,0,0,0,0,0,0,VERIFIED,0.677048,1,0,1,0.0,0,1,0,adopt_standby,1,1,0.12152256723022462,-0.22154824156738284,-0.09969670870532228,0.078989668699646,-0.1786863774049683,-0.020707040005676275,ok
118,13.141794591996586,167.0,37.5,385.0,442.0,167.0,37.5,385.0,442.0,166.1396590051953,37.292880871621094,385.9240699573828,442.22305136902344,tracker,nan,nan,nan,nan,0.8691639304161072,nan,0,nan,nan,nan,TRACKING,0.035508979999576695,0.0,0.0,20.295186178436822,0,0,0,0.0,0.0,1.0,0,0,0,0,0,0,0,VERIFIED,0.677048,1,0,1,0.0,0,1,0,adopt_standby,1,1,0.122192793699646,-0.22129802368546558,-0.09958411065845951,0.07942531590476991,-0.17900942656322943,-0.020158794753689604,ok
119,13.198956520995125,167.0,37.5,385.0,442.0,167.0,37.5,385.0,442.0,166.44077835337694,37.36537256655372,385.6006454722989,442.1449833898652,tracker,nan,nan,nan,nan,0.863545835018158,nan,0,nan,nan,nan,TRACKING,0.04297630599467084,0.0,0.0,17.494161192942858,0,0,0,0.0,0.0,1.0,0,0,0,0,0,0,0,VERIFIED,0.677048,1,0,1,0.0,0,1,0,adopt_standby,1,1,0.12262844090477003,-0.22113538206221928,-0.09951092192799868,0.07970848658810052,-0.1792194085160992,-0.01980243533989816,ok
120,13.601838735994534,167.0,37.5,385.0,442.0,167.0,37.5,385.0,442.0,138.0,32.0,421.0,448.0,detector,138.0,32.0,421.0,448.0,0.8564629554748535,0.974448,1,0.9022416864608076,0.014100642715848098,1.1083504730563554,DETECTOR_CONFIRMED,0.08403980200819205,0.1960133910033619,0.0,2.4821150270966124,0,0,0,0.0,0.0,1.0,0,0,0,0,0,0,0,VERIFIED,0.676494,1,0,1,0.10465939099958632,0,1,0,adopt_standby,1,1,0.0890625,-0.2333333333333334,-0.10500000000000002,0.057890625,-0.162890625,-0.04710937500000002,ok
121,13.670403767988319,167.0,37.5,385.0,442.0,167.0,37.5,385.0,442.0,148.15,33.925,408.40000000000003,445.9,tracker,nan,nan,nan,nan,0.8664566874504089,nan,0,nan,nan,nan,TRACKING,0.04888145699806046,0.0,0.0,14.584693843512605,0,0,0,0.0,0.0,1.0,0,0,0,0,0,0,0,VERIFIED,0.676494,1,0,1,0.0,0,1,0,adopt_standby,1,1,0.10109375000000007,-0.22895833333333337,-0.10303125000000002,0.06571093750000004,-0.16874218750000006,-0.03732031249999998,ok
122,13.722803282988025,167.0,37.5,385.0,442.0,167.0,37.5,385.0,442.0,154.7475,35.176249999999996,400.21000000000004,444.53499999999997,tracker,nan,nan,nan,nan,0.8702457547187805,nan,0,nan,nan,nan,TRACKING,0.038678174998494796,0.0,0.0,19.084146103367654,0,0,0,0.0,0.0,1.0,0,0,0,0,0,0,0,VERIFIED,0.676494,1,0,1,0.0,0,1,0,adopt_standby,1,1,0.10891406250000006,-0.22611458333333334,-0.1017515625,0.07079414062500004,-0.17254570312500006,-0.03095742187499996,ok
123,13.771364574990002,167.0,37.5,385.0,442.0,167.0,37.5,385.0,442.0,159.035875,35.9895625,394.8865,443.64775,tracker,nan,nan,nan,nan,0.8917733430862427,nan,0,nan,nan,nan,TRACKING,0.03493974599405192,0.0,0.0,20.59253283374909,0,0,0,0.0,0.0,1.0,0,0,0,0,0,0,0,VERIFIED,0.676494,1,0,1,0.0,0,1,0,adopt_standby,1,1,0.11399726562500004,-0.22426614583333337,-0.10091976562500002,0.07409822265625003,-0.17501798828125004,-0.026821542968749987,ok
124,13.822071495000273,167.0,37.5,385.0,442.0,167.0,37.5,385.0,442.0,161.82331875,36.518215624999996,391.42622500000004,443.0710375,tracker,nan,nan,nan,nan,0.8967500329017639,nan,0,nan,nan,nan,TRACKING,0.03686088899848983,0.0,0.0,19.721174147383685,0,0,0,0.0,0.0,1.0,0,0,0,0,0,0,0,VERIFIED,0.676494,1,0,1,0.0,0,1,0,adopt_standby,1,1,0.11730134765625007,-0.22306466145833337,-0.10037909765625001,0.07624587597656254,-0.17662497363281254,-0.02413322167968747,ok
125,13.871837557991967,167.0,37.5,385.0,442.0,167.0,37.5,385.0,442.0,163.6351571875,36.86184015625,389.17704625000005,442.696174375,tracker,nan,nan,nan,nan,0.8906867504119873,nan,0,nan,nan,nan,TRACKING,0.036352231007185765,0.0,0.0,20.094014673551907,0,0,0,0.0,0.0,1.0,0,0,0,0,0,0,0,VERIFIED,0.676494,1,0,1,0.0,0,1,0,adopt_standby,1,1,0.11944900097656266,-0.22228369661458336,-0.10002766347656251,0.07764185063476574,-0.17766951411132825,-0.022385812841796776,ok
126,13.922021026999573,167.0,37.5,385.0,442.0,167.0,37.5,385.0,442.0,164.812852171875,37.0851961015625,387.7150800625001,442.45251334375,tracker,nan,nan,nan,nan,0.8771383762359619,nan,0,nan,nan,nan,TRACKING,0.03625951900903601,0.0,0.0,19.926880699467464,0,0,0,0.0,0.0,1.0,0,0,0,0,0,0,0,VERIFIED,0.676494,1,0,1,0.0,0,1,0,adopt_standby,1,1,0.12084497563476582,-0.22177606946614592,-0.09979923125976567,0.07854923416259778,-0.17834846542236343,-0.02124999709716789,ok
127,13.981897294986993,167.0,37.5,385.0,442.0,167.0,37.5,385.0,442.0,165.57835391171875,37.230377466015625,386.76480204062506,442.2941336734375,tracker,nan,nan,nan,nan,0.8715869784355164,nan,0,nan,nan,nan,TRACKING,0.04542595199018251,0.0,0.0,16.70110769445588,0,0,0,0.0,0.0,1.0,0,0,0,0,0,0,0,VERIFIED,0.676494,1,0,1,0.0,0,1,0,adopt_standby,1,1,0.12175235916259766,-0.22144611181966145,-0.09965075031884765,0.07913903345568848,-0.17878978377453614,-0.02051171686315917,ok
128,14.03706318300101,167.0,37.5,385.0,442.0,167.0,37.5,385.0,442.0,166.0759300426172,37.324745352910156,386.1471213264063,442.1911868877344,tracker,nan,nan,nan,nan,0.8701879978179932,nan,0,nan,nan,nan,TRACKING,0.04130610699940007,0.0,0.0,18.127144073995833,0,0,0,0.0,0.0,1.0,0,0,0,0,0,0,0,VERIFIED,0.676494,1,0,1,0.0,0,1,0,adopt_standby,1,1,0.12234215845568848,-0.22123163934944667,-0.09955423770725101,0.07952240299619752,-0.17907664070344853,-0.020031834711053492,ok
129,14.08929998599342,167.0,37.5,385.0,442.0,167.0,37.5,385.0,442.0,166.39935452770118,37.3860844793916,385.7456288621641,442.1242714770273,tracker,nan,nan,nan,nan,0.8700478076934814,nan,0,nan,nan,nan,TRACKING,0.03803805500501767,0.0,0.0,19.143591160149704,0,0,0,0.0,0.0,1.0,0,0,0,0,0,0,0,VERIFIED,0.676494,1,0,1,0.0,0,1,0,adopt_standby,1,1,0.12272552799619767,-0.22109223224380692,-0.09949150450971311,0.07977159319752848,-0.17926309770724158,-0.019719911312184632,ok
130,14.363303858001018,167.0,37.5,385.0,442.0,167.0,37.5,385.0,442.0,151.0,32.0,407.0,448.0,detector,151.0,32.0,407.0,448.0,0.8653672933578491,0.975162,1,0.933277027027027,0.0069877124296868435,1.0714932126696832,DETECTOR_CONFIRMED,0.04277546799858101,0.21486663199902978,0.0,3.6495834627193635,0,0,0,0.0,0.0,1.0,0,0,0,0,0,0,0,VERIFIED,0.676494,1,0,1,0.0,0,1,0,adopt_standby,1,1,0.1078125,-0.2333333333333334,-0.10500000000000002,0.070078125,-0.17507812500000003,-0.03492187500000002,ok
131,14.415705455990974,167.0,37.5,385.0,442.0,167.0,37.5,385.0,442.0,156.6,33.925,399.3,445.9,tracker,nan,nan,nan,nan,0.8807363510131836,nan,0,nan,nan,nan,TRACKING,0.0368209919979563,0.0,0.0,19.08338749882542,0,0,0,0.0,0.0,1.0,0,0,0,0,0,0,0,VERIFIED,0.676494,1,0,1,0.0,0,1,0,adopt_standby,1,1,0.11328125,-0.22895833333333337,-0.10303125000000002,0.0736328125,-0.17666406250000002,-0.029398437500000013,ok
132,14.464548213989474,167.0,37.5,385.0,442.0,167.0,37.5,385.0,442.0,160.24,35.176249999999996,394.295,444.53499999999997,tracker,nan,nan,nan,nan,0.8783756494522095,nan,0,nan,nan,nan,TRACKING,0.03514423099113628,0.0,0.0,20.473864314351584,0,0,0,0.0,0.0,1.0,0,0,0,0,0,0,0,VERIFIED,0.676494,1,0,1,0.0,0,1,0,adopt_standby,1,1,0.11683593750000014,-0.22611458333333334,-0.1017515625,0.07594335937500009,-0.17769492187500008,-0.025808203124999915,ok
133,14.516875070999959,167.0,37.5,385.0,442.0,167.0,37.5,385.0,442.0,162.606,35.9895625,391.04175000000004,443.64775,tracker,nan,nan,nan,nan,0.8793067336082458,nan,0,nan,nan,nan,TRACKING,0.03836650100129191,0.0,0.0,19.110645223725765,0,0,0,0.0,0.0,1.0,0,0,0,0,0,0,0,VERIFIED,0.676494,1,0,1,0.0,0,1,0,adopt_standby,1,1,0.11914648437500013,-0.22426614583333337,-0.10091976562500002,0.07744521484375008,-0.1783649804687501,-0.023474550781249937,ok
134,14.565891895996174,167.0,37.5,385.0,442.0,167.0,37.5,385.0,442.0,164.1439,36.518215624999996,388.9271375000001,443.0710375,tracker,nan,nan,nan,nan,0.885845422744751,nan,0,nan,nan,nan,TRACKING,0.035479552010656334,0.0,0.0,20.401158175324746,0,0,0,0.0,0.0,1.0,0,0,0,0,0,0,0,VERIFIED,0.676494,1,0,1,0.0,0,1,0,adopt_standby,1,1,0.1206483398437502,-0.22306466145833337,-0.10037909765625001,0.07842142089843764,-0.17880051855468765,-0.021957676757812378,ok
135,14.624826733997907,167.0,37.5,385.0,442.0,167.0,37.5,385.0,442.0,165.143535,36.86184015625,387.55263937500007,442.696174375,tracker,nan,nan,nan,nan,0.8877092003822327,nan,0,nan,nan,nan,TRACKING,0.04489015700528398,0.0,0.0,16.967892572651163,0,0,0,0.0,0.0,1.0,0,0,0,0,0,0,0,VERIFIED,0.676494,1,0,1,0.0,0,1,0,adopt_standby,1,1,0.12162454589843766,-0.22228369661458336,-0.10002766347656251,0.07905595483398448,-0.17908361831054698,-0.020971708642578038,ok
136,14.680917957986821,167.0,37.5,385.0,442.0,167.0,37.5,385.0,442.0,165.79329775000002,37.0851961015625,386.65921559375005,442.45251334375,tracker,nan,nan,nan,nan,0.8867010474205017,nan,0,nan,nan,nan,TRACKING,0.041750337011762895,0.0,0.0,17.828100884331334,0,0,0,0.0,0.0,1.0,0,0,0,0,0,0,0,VERIFIED,0.676494,1,0,1,0.0,0,1,0,adopt_standby,1,1,0.12225907983398443,-0.22177606946614592,-0.09979923125976567,0.07946840189208988,-0.17926763315185557,-0.020330829367675787,ok
137,14.734974337989115,167.0,37.5,385.0,442.0,167.0,37.5,385.0,442.0,166.2156435375,37.230377466015625,386.0784901359375,442.2941336734375,tracker,nan,nan,nan,nan,0.8811021447181702,nan,0,nan,nan,nan,TRACKING,0.0400433670001803,0.0,0.0,18.499203978467808,0,0,0,0.0,0.0,1.0,0,0,0,0,0,0,0,VERIFIED,0.676494,1,0,1,0.0,0,1,0,adopt_standby,1,1,0.12267152689208985,-0.22144611181966145,-0.09965075031884765,0.07973649247985841,-0.17938724279870605,-0.019914257838989244,ok
138,14.791430831988691,167.0,37.5,385.0,442.0,167.0,37.5,385.0,442.0,166.490168299375,37.324745352910156,385.7010185883594,442.1911868877344,tracker,nan,nan,nan,nan,0.8829019069671631,nan,0,nan,nan,nan,TRACKING,0.042381812003441155,0.0,0.0,17.712754178598246,0,0,0,0.0,0.0,1.0,0,0,0,0,0,0,0,VERIFIED,0.676494,1,0,1,0.0,0,1,0,adopt_standby,1,1,0.1229396174798584,-0.22123163934944667,-0.09955423770725101,0.07991075136190796,-0.17946498906915898,-0.019643486345343047,ok
139,14.844243586994708,167.0,37.5,385.0,442.0,167.0,37.5,385.0,442.0,166.66860939459374,37.3860844793916,385.4556620824336,442.1242714770273,tracker,nan,nan,nan,nan,0.8755179643630981,nan,0,nan,nan,nan,TRACKING,0.03877047001151368,0.0,0.0,18.93481981551774,0,0,0,0.0,0.0,1.0,0,0,0,0,0,0,0,VERIFIED,0.676494,1,0,1,0.0,0,1,0,adopt_standby,1,1,0.12311387636190788,-0.22109223224380692,-0.09949150450971311,0.08002401963524013,-0.17951552414495325,-0.019467484874472987,ok
140,15.129779315990163,167.0,37.5,385.0,442.0,167.0,37.5,385.0,442.0,144.0,34.0,414.0,446.0,detector,144.0,34.0,414.0,446.0,0.8795919418334961,0.975626,1,0.9216113169125453,0.010789172813520043,1.085056120350238,DETECTOR_CONFIRMED,0.048117269994691014,0.22079647200007457,0.0,3.502188687622753,0,0,0,0.0,0.0,1.0,0,0,0,0,0,0,0,VERIFIED,0.676494,1,0,1,0.0,0,1,0,adopt_standby,1,1,0.096875,-0.22916666666666674,-0.10312500000000004,0.06296875,-0.16609375000000004,-0.04015625000000003,ok
141,15.179683194990503,167.0,37.5,385.0,442.0,167.0,37.5,385.0,442.0,152.05,35.225,403.85,444.6,tracker,nan,nan,nan,nan,0.8634655475616455,nan,0,nan,nan,nan,TRACKING,0.035418457002379,0.0,0.0,20.03852245620413,0,0,0,0.0,0.0,1.0,0,0,0,0,0,0,0,VERIFIED,0.676494,1,0,1,0.0,0,1,0,adopt_standby,1,1,0.10617187500000007,-0.22625000000000006,-0.10181250000000003,0.06901171875000005,-0.1708242187500001,-0.03280078124999998,ok
142,15.228828146995511,167.0,37.5,385.0,442.0,167.0,37.5,385.0,442.0,157.2825,36.02125,397.2525,443.69,tracker,nan,nan,nan,nan,0.8624987602233887,nan,0,nan,nan,nan,TRACKING,0.03539392400125507,0.0,0.0,20.34796981586415,0,0,0,0.0,0.0,1.0,0,0,0,0,0,0,0,VERIFIED,0.676494,1,0,1,0.0,0,1,0,adopt_standby,1,1,0.11221484374999999,-0.22435416666666674,-0.10095937500000003,0.07293964843749999,-0.17389902343750002,-0.02801972656250004,ok
143,15.279719186990405,167.0,37.5,385.0,442.0,167.0,37.5,385.0,442.0,160.683625,36.538812500000006,392.964125,443.0985,tracker,nan,nan,nan,nan,0.8625885844230652,nan,0,nan,nan,nan,TRACKING,0.037285640006302856,0.0,0.0,19.649824411140383,0,0,0,0.0,0.0,1.0,0,0,0,0,0,0,0,VERIFIED,0.676494,1,0,1,0.0,0,1,0,adopt_standby,1,1,0.11614277343749997,-0.22312187500000003,-0.10040484375000001,0.07549280273437499,-0.175897646484375,-0.024912041015625025,ok
144,15.344998717991984,167.0,37.5,385.0,442.0,167.0,37.5,385.0,442.0,162.89435625000002,36.87522812500001,390.17668125,442.714025,tracker,nan,nan,nan,nan,0.8598519563674927,nan,0,nan,nan,nan,TRACKING,0.051160004004486836,0.0,0.0,15.318737507103283,0,0,0,0.0,0.0,1.0,0,0,0,0,0,0,0,VERIFIED,0.676494,1,0,1,0.0,0,1,0,adopt_standby,1,1,0.11869592773437496,-0.22232088541666672,-0.10004439843750003,0.07715235302734372,-0.17719675146484376,-0.02289204541015631,ok
145,15.444137551996391,167.0,37.5,385.0,442.0,167.0,37.5,385.0,442.0,164.3313315625,37.093898281250006,388.3648428125,442.46411625,tracker,nan,nan,nan,nan,0.8615860939025879,nan,0,nan,nan,nan,TRACKING,0.08506139100063592,0.0,0.0,10.0868646483733,0,0,0,0.0,0.0,1.0,0,0,0,0,0,0,0,VERIFIED,0.676494,1,0,1,0.0,0,1,0,adopt_standby,1,1,0.12035547802734374,-0.22180024218750005,-0.09981010898437502,0.07823106071777343,-0.17804116970214845,-0.02157904826660159,ok
146,15.503846211999189,167.0,37.5,385.0,442.0,167.0,37.5,385.0,442.0,165.265365515625,37.23603388281251,387.18714782812503,442.3016755625,tracker,nan,nan,nan,nan,0.8843057751655579,nan,0,nan,nan,nan,TRACKING,0.045884348000981845,0.0,0.0,16.74798931935739,0,0,0,0.0,0.0,1.0,0,0,0,0,0,0,0,VERIFIED,0.676494,1,0,1,0.0,0,1,0,adopt_standby,1,1,0.1214341857177736,-0.22146182408854176,-0.0996578208398438,0.07893222071655284,-0.17859004155639663,-0.020725600123290958,ok
147,15.55580118499347,167.0,37.5,385.0,442.0,167.0,37.5,385.0,442.0,165.87248758515625,37.328422023828125,386.42164608828125,442.196089115625,tracker,nan,nan,nan,nan,0.8868117332458496,nan,0,nan,nan,nan,TRACKING,0.03800487700209487,0.0,0.0,19.247435661453938,0,0,0,0.0,0.0,1.0,0,0,0,0,0,0,0,VERIFIED,0.676494,1,0,1,0.0,0,1,0,adopt_standby,1,1,0.12213534571655274,-0.22124185232421878,-0.09955883354589845,0.07938797471575929,-0.17894680826165774,-0.020170858830139166,ok
148,15.608590969990473,167.0,37.5,385.0,442.0,167.0,37.5,385.0,442.0,166.26711693035156,37.38847431548828,385.9240699573828,442.12745792515625,tracker,nan,nan,nan,nan,0.8799708485603333,nan,0,nan,nan,nan,TRACKING,0.03855004700017162,0.0,0.0,18.94305877655629,0,0,0,0.0,0.0,1.0,0,0,0,0,0,0,0,VERIFIED,0.676494,1,0,1,0.0,0,1,0,adopt_standby,1,1,0.12259109971575928,-0.22109887067740885,-0.09949449180483398,0.07968421481524353,-0.1791787066200775,-0.019810276989590453,ok
149,15.661501435999526,167.0,37.5,385.0,442.0,167.0,37.5,385.0,442.0,166.52362600472853,37.427508305067384,385.6006454722989,442.0828476513516,tracker,nan,nan,nan,nan,0.8820740580558777,nan,0,nan,nan,nan,TRACKING,0.038533483995706774,0.0,0.0,18.899852438058467,0,0,0,0.0,0.0,1.0,0,0,0,0,0,0,0,VERIFIED,0.676494,1,0,1,0.0,0,1,0,adopt_standby,1,1,0.12288733981524373,-0.22100593260698254,-0.09945266967314215,0.07987677087990842,-0.17932944055305056,-0.019575898793233723,ok
150,16.072095462994184,167.0,37.5,385.0,442.0,167.0,37.5,385.0,442.0,143.0,34.0,414.0,446.0,detector,143.0,34.0,414.0,446.0,0.8844157457351685,0.974977,1,0.9216113169125453,0.01202211503854459,1.085056120350238,DETECTOR_CONFIRMED,0.05465384299168363,0.1667918109887978,0.0,2.4354957311958385,0,0,0,0.0,0.0,1.0,0,0,0,0,0,0,0,VERIFIED,0.649963,1,0,1,0.17239351700118277,0,1,0,adopt_standby,1,1,0.09375,-0.22916666666666674,-0.10312500000000004,0.060937500000000006,-0.16406250000000006,-0.04218750000000003,ok
151,16.13116113799333,167.0,37.5,385.0,442.0,167.0,37.5,385.0,442.0,151.4,35.225,403.85,444.6,tracker,nan,nan,nan,nan,0.9028812050819397,nan,0,nan,nan,nan,TRACKING,0.04349746499792673,0.0,0.0,16.93030681549726,0,0,0,0.0,0.0,1.0,0,0,0,0,0,0,0,VERIFIED,0.649963,1,0,1,0.0,0,1,0,adopt_standby,1,1,0.10414062500000014,-0.22625000000000006,-0.10181250000000003,0.0676914062500001,-0.1695039062500001,-0.03412109374999993,ok
152,16.189240849998896,167.0,37.5,385.0,442.0,167.0,37.5,385.0,442.0,156.86,36.02125,397.2525,443.69,tracker,nan,nan,nan,nan,0.9009066820144653,nan,0,nan,nan,nan,TRACKING,0.04228087099909317,0.0,0.0,17.217716229450044,0,0,0,0.0,0.0,1.0,0,0,0,0,0,0,0,VERIFIED,0.649963,1,0,1,0.0,0,1,0,adopt_standby,1,1,0.11089453125000012,-0.22435416666666674,-0.10095937500000003,0.07208144531250008,-0.17304082031250012,-0.028877929687499956,ok
153,16.243801148986677,167.0,37.5,385.0,442.0,167.0,37.5,385.0,442.0,160.40900000000002,36.538812500000006,392.964125,443.0985,tracker,nan,nan,nan,nan,0.8938503861427307,nan,0,nan,nan,nan,TRACKING,0.03979257900209632,0.0,0.0,18.328345308810707,0,0,0,0.0,0.0,1.0,0,0,0,0,0,0,0,VERIFIED,0.649963,1,0,1,0.0,0,1,0,adopt_standby,1,1,0.1152845703125001,-0.22312187500000003,-0.10040484375000001,0.07493497070312506,-0.17533981445312508,-0.025469873046874952,ok
154,16.300588328987942,167.0,37.5,385.0,442.0,167.0,37.5,385.0,442.0,162.71585000000002,36.87522812500001,390.17668125,442.714025,tracker,nan,nan,nan,nan,0.8935160636901855,nan,0,nan,nan,nan,TRACKING,0.04311537099420093,0.0,0.0,17.609608365439477,0,0,0,0.0,0.0,1.0,0,0,0,0,0,0,0,VERIFIED,0.649963,1,0,1,0.0,0,1,0,adopt_standby,1,1,0.11813809570312514,-0.22232088541666672,-0.10004439843750003,0.07678976220703135,-0.1768341606445314,-0.02325463623046868,ok
155,16.35038355899451,167.0,37.5,385.0,442.0,167.0,37.5,385.0,442.0,164.2153025,37.093898281250006,388.3648428125,442.46411625,tracker,nan,nan,nan,nan,0.887911856174469,nan,0,nan,nan,nan,TRACKING,0.03592310500971507,0.0,0.0,20.082244822810026,0,0,0,0.0,0.0,1.0,0,0,0,0,0,0,0,VERIFIED,0.649963,1,0,1,0.0,0,1,0,adopt_standby,1,1,0.11999288720703127,-0.22180024218750005,-0.09981010898437502,0.07799537668457034,-0.17780548566894536,-0.021814732299804684,ok
156,16.400785522986553,167.0,37.5,385.0,442.0,167.0,37.5,385.0,442.0,165.189946625,37.23603388281251,387.18714782812503,442.3016755625,tracker,nan,nan,nan,nan,0.887435257434845,nan,0,nan,nan,nan,TRACKING,0.03658234000613447,0.0,0.0,19.840496694887612,0,0,0,0.0,0.0,1.0,0,0,0,0,0,0,0,VERIFIED,0.649963,1,0,1,0.0,0,1,0,adopt_standby,1,1,0.12119850168457039,-0.22146182408854176,-0.0996578208398438,0.07877902609497076,-0.17843684693481454,-0.020878794744873044,ok
157,16.45391172298696,167.0,37.5,385.0,442.0,167.0,37.5,385.0,442.0,165.82346530625,37.328422023828125,386.42164608828125,442.196089115625,tracker,nan,nan,nan,nan,0.8924506306648254,nan,0,nan,nan,nan,TRACKING,0.03938095399644226,0.0,0.0,18.823104230913433,0,0,0,0.0,0.0,1.0,0,0,0,0,0,0,0,VERIFIED,0.649963,1,0,1,0.0,0,1,0,adopt_standby,1,1,0.12198215109497071,-0.22124185232421878,-0.09955883354589845,0.07928839821173096,-0.1788472317576294,-0.02027043533416749,ok
158,16.507008651999058,167.0,37.5,385.0,442.0,167.0,37.5,385.0,442.0,166.2352524490625,37.38847431548828,385.9240699573828,442.12745792515625,tracker,nan,nan,nan,nan,0.8841360807418823,nan,0,nan,nan,nan,TRACKING,0.03941059000499081,0.0,0.0,18.833480930170715,0,0,0,0.0,0.0,1.0,0,0,0,0,0,0,0,VERIFIED,0.649963,1,0,1,0.0,0,1,0,adopt_standby,1,1,0.12249152321173096,-0.22109887067740885,-0.09949449180483398,0.07961949008762513,-0.1791139818924591,-0.01987500171720885,ok
159,16.559585254988633,167.0,37.5,385.0,442.0,167.0,37.5,385.0,442.0,166.50291409189063,37.427508305067384,385.6006454722989,442.0828476513516,tracker,nan,nan,nan,nan,0.8855070471763611,nan,0,nan,nan,nan,TRACKING,0.03871296800207347,0.0,0.0,19.0198670727792,0,0,0,0.0,0.0,1.0,0,0,0,0,0,0,0,VERIFIED,0.649963,1,0,1,0.0,0,1,0,adopt_standby,1,1,0.1228226150876253,-0.22100593260698254,-0.09945266967314215,0.07983469980695646,-0.1792873694800986,-0.01961796986618569,ok
160,16.83620127699396,167.0,37.5,385.0,442.0,167.0,37.5,385.0,442.0,143.0,33.0,418.0,447.0,detector,143.0,33.0,418.0,447.0,0.8877710700035095,0.972232,1,0.9107500294360061,0.009702609185162515,1.0979961215255334,DETECTOR_CONFIRMED,0.03980054799467325,0.221394298991072,0.0,3.6151195897855066,0,0,0,0.0,0.0,1.0,0,0,0,0,0,0,0,VERIFIED,0.649963,1,0,1,0.0,0,1,0,adopt_standby,1,1,0.1,-0.23125000000000007,-0.10406250000000003,0.065,-0.16906250000000003,-0.03906250000000003,ok
161,16.916275300987763,167.0,37.5,385.0,442.0,167.0,37.5,385.0,442.0,151.4,34.575,406.45,445.25,tracker,nan,nan,nan,nan,0.9032939076423645,nan,0,nan,nan,nan,TRACKING,0.0639658000000054,0.0,0.0,12.488444443324095,0,0,0,0.0,0.0,1.0,0,0,0,0,0,0,0,VERIFIED,0.649963,1,0,1,0.0,0,1,0,adopt_standby,1,1,0.108203125,-0.22760416666666672,-0.10242187500000002,0.07033203125,-0.17275390625000003,-0.03208984375000003,ok
162,16.96783536799194,167.0,37.5,385.0,442.0,167.0,37.5,385.0,442.0,156.86,35.59875,398.9425,444.1125,tracker,nan,nan,nan,nan,0.901377260684967,nan,0,nan,nan,nan,TRACKING,0.03718532499624416,0.0,0.0,19.394854547396687,0,0,0,0.0,0.0,1.0,0,0,0,0,0,0,0,VERIFIED,0.649963,1,0,1,0.0,0,1,0,adopt_standby,1,1,0.11353515625000003,-0.2252343750000001,-0.10135546875000005,0.07379785156250003,-0.17515332031250008,-0.027557617187500022,ok
163,17.01694516299176,167.0,37.5,385.0,442.0,167.0,37.5,385.0,442.0,160.40900000000002,36.264187500000006,394.062625,443.373125,tracker,nan,nan,nan,nan,0.9053718447685242,nan,0,nan,nan,nan,TRACKING,0.03536517400061712,0.0,0.0,20.362536638640492,0,0,0,0.0,0.0,1.0,0,0,0,0,0,0,0,VERIFIED,0.649963,1,0,1,0.0,0,1,0,adopt_standby,1,1,0.11700097656250001,-0.2236940104166667,-0.10066230468750002,0.07605063476562501,-0.17671293945312505,-0.02461166992187501,ok
164,17.068200169989723,167.0,37.5,385.0,442.0,167.0,37.5,385.0,442.0,162.71585000000002,36.69672187500001,390.89070625000005,442.89253125,tracker,nan,nan,nan,nan,0.9049676656723022,nan,0,nan,nan,nan,TRACKING,0.037325744997360744,0.0,0.0,19.51028901507618,0,0,0,0.0,0.0,1.0,0,0,0,0,0,0,0,VERIFIED,0.649963,1,0,1,0.0,0,1,0,adopt_standby,1,1,0.11925375976562513,-0.22269277343750005,-0.10021174804687502,0.07751494384765634,-0.17772669189453136,-0.022696804199218684,ok
165,17.11831759598863,167.0,37.5,385.0,442.0,167.0,37.5,385.0,442.0,164.2153025,36.97786921875,388.8289590625001,442.5801453125,tracker,nan,nan,nan,nan,0.9000576734542847,nan,0,nan,nan,nan,TRACKING,0.036533068006974645,0.0,0.0,19.95313965289908,0,0,0,0.0,0.0,1.0,0,0,0,0,0,0,0,VERIFIED,0.649963,1,0,1,0.0,0,1,0,adopt_standby,1,1,0.12071806884765639,-0.2220419694010417,-0.09991888623046877,0.07846674475097666,-0.17838563098144544,-0.021452141479492107,ok
166,17.169565310992766,167.0,37.5,385.0,442.0,167.0,37.5,385.0,442.0,165.189946625,37.160614992187504,387.48882339062504,442.377094453125,tracker,nan,nan,nan,nan,0.8933972716331482,nan,0,nan,nan,nan,TRACKING,0.037481060993741266,0.0,0.0,19.513065117523006,0,0,0,0.0,0.0,1.0,0,0,0,0,0,0,0,VERIFIED,0.649963,1,0,1,0.0,0,1,0,adopt_standby,1,1,0.12166986975097664,-0.22161894677734373,-0.09972852604980469,0.07908541533813482,-0.1788139413879395,-0.020643110711669868,ok
167,17.219121627989807,167.0,37.5,385.0,442.0,167.0,37.5,385.0,442.0,165.82346530625,37.279399744921875,386.61773520390625,442.24511139453125,tracker,nan,nan,nan,nan,0.8867409229278564,nan,0,nan,nan,nan,TRACKING,0.035928208992118016,0.0,0.0,20.17906213772323,0,0,0,0.0,0.0,1.0,0,0,0,0,0,0,0,VERIFIED,0.649963,1,0,1,0.0,0,1,0,adopt_standby,1,1,0.12228854033813477,-0.22134398207194017,-0.09960479193237308,0.07948755121978761,-0.1790923431521607,-0.02011724071258547,ok
168,17.275684895997983,167.0,37.5,385.0,442.0,167.0,37.5,385.0,442.0,166.2352524490625,37.35660983419922,386.05152788253906,442.1593224064453,tracker,nan,nan,nan,nan,0.878974437713623,nan,0,nan,nan,nan,TRACKING,0.042035552993183956,0.0,0.0,17.679317960473035,0,0,0,0.0,0.0,1.0,0,0,0,0,0,0,0,VERIFIED,0.649963,1,0,1,0.0,0,1,0,adopt_standby,1,1,0.1226906762197876,-0.22116525501342776,-0.0995243647560425,0.07974893954286194,-0.17927330429890442,-0.019775425213180556,ok
169,17.33520162399509,167.0,37.5,385.0,442.0,167.0,37.5,385.0,442.0,166.50291409189063,37.406796392229495,385.6834931236504,442.1035595641894,tracker,nan,nan,nan,nan,0.8818351626396179,nan,0,nan,nan,nan,TRACKING,0.044356028010952286,0.0,0.0,16.80199892790841,0,0,0,0.0,0.0,1.0,0,0,0,0,0,0,0,VERIFIED,0.649963,1,0,1,0.0,0,1,0,adopt_standby,1,1,0.12295206454286198,-0.22104908242539467,-0.0994720870914276,0.07991884195286028,-0.17939092904428788,-0.01955324513856732,ok
170,17.688995449992944,167.0,37.5,385.0,442.0,167.0,37.5,385.0,442.0,141.0,34.0,416.0,446.0,detector,141.0,34.0,416.0,446.0,0.8874919414520264,0.975651,1,0.9171804932735426,0.013258252147247766,1.090297937356761,DETECTOR_CONFIRMED,0.09527467199950479,0.24065145799249876,0.0,2.8265049486930955,0,0,0,0.0,0.0,1.0,0,0,0,0,0,0,0,VERIFIED,0.649963,1,0,1,0.0,0,1,0,adopt_standby,1,1,0.090625,-0.22916666666666674,-0.10312500000000004,0.05890625,-0.16203125000000004,-0.044218750000000036,ok
171,17.74827701599861,167.0,37.5,385.0,442.0,167.0,37.5,385.0,442.0,150.1,35.225,405.15000000000003,444.6,tracker,nan,nan,nan,nan,0.9014192223548889,nan,0,nan,nan,nan,TRACKING,0.04061759900650941,0.0,0.0,16.86865019565147,0,0,0,0.0,0.0,1.0,0,0,0,0,0,0,0,VERIFIED,0.649963,1,0,1,0.0,0,1,0,adopt_standby,1,1,0.10210937500000003,-0.22625000000000006,-0.10181250000000003,0.06637109375000003,-0.16818359375000005,-0.03544140625,ok
172,17.80156822099525,167.0,37.5,385.0,442.0,167.0,37.5,385.0,442.0,156.015,36.02125,398.0975,443.69,tracker,nan,nan,nan,nan,0.9082218408584595,nan,0,nan,nan,nan,TRACKING,0.039787317989976145,0.0,0.0,18.764822451716984,0,0,0,0.0,0.0,1.0,0,0,0,0,0,0,0,VERIFIED,0.649963,1,0,1,0.0,0,1,0,adopt_standby,1,1,0.10957421875000009,-0.22435416666666674,-0.10095937500000003,0.07122324218750006,-0.1721826171875001,-0.02973613281249997,ok
173,17.852988908998668,167.0,37.5,385.0,442.0,167.0,37.5,385.0,442.0,159.85975,36.538812500000006,393.51337500000005,443.0985,tracker,nan,nan,nan,nan,0.9051498174667358,nan,0,nan,nan,nan,TRACKING,0.03784127900144085,0.0,0.0,19.447425517401246,0,0,0,0.0,0.0,1.0,0,0,0,0,0,0,0,VERIFIED,0.649963,1,0,1,0.0,0,1,0,adopt_standby,1,1,0.11442636718750006,-0.22312187500000003,-0.10040484375000001,0.07437713867187504,-0.17478198242187504,-0.026027705078124977,ok
174,17.910984920992632,167.0,37.5,385.0,442.0,167.0,37.5,385.0,442.0,162.3588375,36.87522812500001,390.53369375000005,442.714025,tracker,nan,nan,nan,nan,0.9080736637115479,nan,0,nan,nan,nan,TRACKING,0.04396627900132444,0.0,0.0,17.24256488711797,0,0,0,0.0,0.0,1.0,0,0,0,0,0,0,0,VERIFIED,0.649963,1,0,1,0.0,0,1,0,adopt_standby,1,1,0.11758026367187498,-0.22232088541666672,-0.10004439843750003,0.07642717138671874,-0.17647156982421877,-0.023617227050781286,ok
175,17.968305030997726,167.0,37.5,385.0,442.0,167.0,37.5,385.0,442.0,163.983244375,37.093898281250006,388.59690093750004,442.46411625,tracker,nan,nan,nan,nan,0.9033998847007751,nan,0,nan,nan,nan,TRACKING,0.04254665900953114,0.0,0.0,17.44588417417788,0,0,0,0.0,0.0,1.0,0,0,0,0,0,0,0,VERIFIED,0.649963,1,0,1,0.0,0,1,0,adopt_standby,1,1,0.1196302963867188,-0.22180024218750005,-0.09981010898437502,0.07775969265136723,-0.17756980163574226,-0.02205041633300779,ok
176,18.027882176989806,167.0,37.5,385.0,442.0,167.0,37.5,385.0,442.0,165.03910884375,37.23603388281251,387.33798560937504,442.3016755625,tracker,nan,nan,nan,nan,0.9036412239074707,nan,0,nan,nan,nan,TRACKING,0.045077192000462674,0.0,0.0,16.78495979201389,0,0,0,0.0,0.0,1.0,0,0,0,0,0,0,0,VERIFIED,0.649963,1,0,1,0.0,0,1,0,adopt_standby,1,1,0.12096281765136715,-0.22146182408854176,-0.0996578208398438,0.07862583147338865,-0.17828365231323245,-0.021031989366455145,ok
177,18.08482206899498,167.0,37.5,385.0,442.0,167.0,37.5,385.0,442.0,165.7254207484375,37.328422023828125,386.51969064609375,442.196089115625,tracker,nan,nan,nan,nan,0.9047518372535706,nan,0,nan,nan,nan,TRACKING,0.04188471600355115,0.0,0.0,17.56237963902546,0,0,0,0.0,0.0,1.0,0,0,0,0,0,0,0,VERIFIED,0.649963,1,0,1,0.0,0,1,0,adopt_standby,1,1,0.12182895647338868,-0.22124185232421878,-0.09955883354589845,0.07918882170770264,-0.1787476552536011,-0.020370011838195812,ok
178,18.141765553998994,167.0,37.5,385.0,442.0,167.0,37.5,385.0,442.0,166.17152348648438,37.38847431548828,385.98779891996094,442.12745792515625,tracker,nan,nan,nan,nan,0.9088749885559082,nan,0,nan,nan,nan,TRACKING,0.04302849400846753,0.0,0.0,17.561271494527176,0,0,0,0.0,0.0,1.0,0,0,0,0,0,0,0,VERIFIED,0.649963,1,0,1,0.0,0,1,0,adopt_standby,1,1,0.12239194670770263,-0.22109887067740885,-0.09949449180483398,0.07955476536000672,-0.1790492571648407,-0.019939726444827263,ok
179,18.197467288991902,167.0,37.5,385.0,442.0,167.0,37.5,385.0,442.0,166.46149026621484,37.427508305067384,385.6420692979746,442.0828476513516,tracker,nan,nan,nan,nan,0.9004074931144714,nan,0,nan,nan,nan,TRACKING,0.04061942300177179,0.0,0.0,17.952762155924145,0,0,0,0.0,0.0,1.0,0,0,0,0,0,0,0,VERIFIED,0.649963,1,0,1,0.0,0,1,0,adopt_standby,1,1,0.1227578903600067,-0.22100593260698254,-0.09945266967314215,0.07979262873400436,-0.1792452984071465,-0.019660040939137785,ok
180,18.54488287899585,167.0,37.5,385.0,442.0,167.0,37.5,385.0,442.0,142.0,34.0,414.0,446.0,detector,142.0,34.0,414.0,446.0,0.8943265676498413,0.975025,1,0.9216113169125453,0.013258252147247766,1.085056120350238,DETECTOR_CONFIRMED,0.04451988700020593,0.18803662499703933,0.0,2.878397022967901,0,0,0,0.0,0.0,1.0,0,0,0,0,0,0,0,VERIFIED,0.663328,1,0,1,0.09771426700172015,0,1,0,adopt_standby,1,1,0.090625,-0.22916666666666674,-0.10312500000000004,0.05890625,-0.16203125000000004,-0.044218750000000036,ok
181,18.613773283999762,167.0,37.5,385.0,442.0,167.0,37.5,385.0,442.0,150.75,35.225,403.85,444.6,tracker,nan,nan,nan,nan,0.8980149626731873,nan,0,nan,nan,nan,TRACKING,0.052399098000023514,0.0,0.0,14.515809566560153,0,0,0,0.0,0.0,1.0,0,0,0,0,0,0,0,VERIFIED,0.663328,1,0,1,0.0,0,1,0,adopt_standby,1,1,0.10210937500000003,-0.22625000000000006,-0.10181250000000003,0.06637109375000003,-0.16818359375000005,-0.03544140625,ok
182,18.666383221992874,167.0,37.5,385.0,442.0,167.0,37.5,385.0,442.0,156.4375,36.02125,397.2525,443.69,tracker,nan,nan,nan,nan,0.9036527276039124,nan,0,nan,nan,nan,TRACKING,0.03843514800246339,0.0,0.0,19.007815598089913,0,0,0,0.0,0.0,1.0,0,0,0,0,0,0,0,VERIFIED,0.663328,1,0,1,0.0,0,1,0,adopt_standby,1,1,0.10957421875000009,-0.22435416666666674,-0.10095937500000003,0.07122324218750006,-0.1721826171875001,-0.02973613281249997,ok
183,18.71995323599549,167.0,37.5,385.0,442.0,167.0,37.5,385.0,442.0,160.134375,36.538812500000006,392.964125,443.0985,tracker,nan,nan,nan,nan,0.9056945443153381,nan,0,nan,nan,nan,TRACKING,0.03913183200347703,0.0,0.0,18.667159578325982,0,0,0,0.0,0.0,1.0,0,0,0,0,0,0,0,VERIFIED,0.663328,1,0,1,0.0,0,1,0,adopt_standby,1,1,0.11442636718750006,-0.22312187500000003,-0.10040484375000001,0.07437713867187504,-0.17478198242187504,-0.026027705078124977,ok
184,18.790360918996157,167.0,37.5,385.0,442.0,167.0,37.5,385.0,442.0,162.53734375,36.87522812500001,390.17668125,442.714025,tracker,nan,nan,nan,nan,0.9009460806846619,nan,0,nan,nan,nan,TRACKING,0.0385955169913359,0.0,0.0,14.202995431486167,0,0,0,0.0,0.0,1.0,0,0,0,0,0,0,0,VERIFIED,0.663328,1,0,1,0.0,0,1,0,adopt_standby,1,1,0.11758026367187498,-0.22232088541666672,-0.10004439843750003,0.07642717138671874,-0.17647156982421877,-0.023617227050781286,ok
185,18.841368055000203,167.0,37.5,385.0,442.0,167.0,37.5,385.0,442.0,164.0992734375,37.093898281250006,388.3648428125,442.46411625,tracker,nan,nan,nan,nan,0.8935115933418274,nan,0,nan,nan,nan,TRACKING,0.03709120700659696,0.0,0.0,19.605099959360302,0,0,0,0.0,0.0,1.0,0,0,0,0,0,0,0,VERIFIED,0.663328,1,0,1,0.0,0,1,0,adopt_standby,1,1,0.11963029638671863,-0.22180024218750005,-0.09981010898437502,0.0777596926513671,-0.17756980163574212,-0.022050416333007916,ok
186,18.88680635098717,167.0,37.5,385.0,442.0,167.0,37.5,385.0,442.0,165.114527734375,37.23603388281251,387.18714782812503,442.3016755625,tracker,nan,nan,nan,nan,0.8955575227737427,nan,0,nan,nan,nan,TRACKING,0.031734457006677985,0.0,0.0,22.0078675548657,0,0,0,0.0,0.0,1.0,0,0,0,0,0,0,0,VERIFIED,0.663328,1,0,1,0.0,0,1,0,adopt_standby,1,1,0.12096281765136715,-0.22146182408854176,-0.0996578208398438,0.07862583147338865,-0.17828365231323245,-0.021031989366455145,ok
187,18.939890882989857,167.0,37.5,385.0,442.0,167.0,37.5,385.0,442.0,165.77444302734375,37.328422023828125,386.42164608828125,442.196089115625,tracker,nan,nan,nan,nan,0.8982823491096497,nan,0,nan,nan,nan,TRACKING,0.0392170949926367,0.0,0.0,18.8378791763561,0,0,0,0.0,0.0,1.0,0,0,0,0,0,0,0,VERIFIED,0.663328,1,0,1,0.0,0,1,0,adopt_standby,1,1,0.12182895647338868,-0.22124185232421878,-0.09955883354589845,0.07918882170770264,-0.1787476552536011,-0.020370011838195812,ok
188,18.991359176987316,167.0,37.5,385.0,442.0,167.0,37.5,385.0,442.0,166.20338796777344,37.38847431548828,385.9240699573828,442.12745792515625,tracker,nan,nan,nan,nan,0.898248553276062,nan,0,nan,nan,nan,TRACKING,0.03762971099058632,0.0,0.0,19.429437471725176,0,0,0,0.0,0.0,1.0,0,0,0,0,0,0,0,VERIFIED,0.663328,1,0,1,0.0,0,1,0,adopt_standby,1,1,0.12239194670770263,-0.22109887067740885,-0.09949449180483398,0.07955476536000672,-0.1790492571648407,-0.019939726444827263,ok
189,19.03980536200106,167.0,37.5,385.0,442.0,167.0,37.5,385.0,442.0,166.48220217905273,37.427508305067384,385.6006454722989,442.0828476513516,tracker,nan,nan,nan,nan,0.8976483941078186,nan,0,nan,nan,nan,TRACKING,0.03468807399622165,0.0,0.0,20.641460204065265,0,0,0,0.0,0.0,1.0,0,0,0,0,0,0,0,VERIFIED,0.663328,1,0,1,0.0,0,1,0,adopt_standby,1,1,0.12275789036000688,-0.22100593260698254,-0.09945266967314215,0.07979262873400447,-0.17924529840714662,-0.019660040939137674,ok
190,19.273724772996502,167.0,37.5,385.0,442.0,167.0,37.5,385.0,442.0,139.0,32.0,415.0,448.0,detector,139.0,32.0,415.0,448.0,0.9017925262451172,0.976097,1,0.9152861445783133,0.01654775286859216,1.0925545043192102,DETECTOR_CONFIRMED,0.03747428998758551,0.18109337500936817,0.0,4.274976564554925,0,0,0,0.0,0.0,1.0,0,0,0,0,0,0,0,VERIFIED,0.663328,1,0,1,0.0,0,1,0,adopt_standby,1,1,0.0828125,-0.2333333333333334,-0.10500000000000002,0.053828125,-0.15882812500000001,-0.051171875000000026,ok
191,19.332520076000947,167.0,37.5,385.0,442.0,167.0,37.5,385.0,442.0,148.8,33.925,404.5,445.9,tracker,nan,nan,nan,nan,0.8793308734893799,nan,0,nan,nan,nan,TRACKING,0.04386872399481945,0.0,0.0,17.008161347929544,0,0,0,0.0,0.0,1.0,0,0,0,0,0,0,0,VERIFIED,0.663328,1,0,1,0.0,0,1,0,adopt_standby,1,1,0.09703125000000004,-0.22895833333333337,-0.10303125000000002,0.06307031250000003,-0.16610156250000005,-0.03996093749999999,ok
192,19.384431036989554,167.0,37.5,385.0,442.0,167.0,37.5,385.0,442.0,155.17000000000002,35.176249999999996,397.675,444.53499999999997,tracker,nan,nan,nan,nan,0.892289936542511,nan,0,nan,nan,nan,TRACKING,0.03801013799966313,0.0,0.0,19.263754339270793,0,0,0,0.0,0.0,1.0,0,0,0,0,0,0,0,VERIFIED,0.663328,1,0,1,0.0,0,1,0,adopt_standby,1,1,0.10627343750000015,-0.22611458333333334,-0.1017515625,0.0690777343750001,-0.1708292968750001,-0.0326738281249999,ok
193,19.434770603998913,167.0,37.5,385.0,442.0,167.0,37.5,385.0,442.0,159.31050000000002,35.9895625,393.23875000000004,443.64775,tracker,nan,nan,nan,nan,0.8899213075637817,nan,0,nan,nan,nan,TRACKING,0.036340510996524245,0.0,0.0,19.865089419900468,0,0,0,0.0,0.0,1.0,0,0,0,0,0,0,0,VERIFIED,0.663328,1,0,1,0.0,0,1,0,adopt_standby,1,1,0.11228085937500012,-0.22426614583333337,-0.10091976562500002,0.07298255859375008,-0.1739023242187501,-0.02793720703124994,ok
194,19.48433832799492,167.0,37.5,385.0,442.0,167.0,37.5,385.0,442.0,162.00182500000003,36.518215624999996,390.35518750000006,443.0710375,tracker,nan,nan,nan,nan,0.8801480531692505,nan,0,nan,nan,nan,TRACKING,0.035651013997267,0.0,0.0,20.174418338848433,0,0,0,0.0,0.0,1.0,0,0,0,0,0,0,0,VERIFIED,0.663328,1,0,1,0.0,0,1,0,adopt_standby,1,1,0.11618568359375026,-0.22306466145833337,-0.10037909765625001,0.07552069433593767,-0.1758997919921877,-0.024858403320312347,ok
195,19.5770367889927,167.0,37.5,385.0,442.0,167.0,37.5,385.0,442.0,163.75118625000002,36.86184015625,388.48087187500005,442.696174375,tracker,nan,nan,nan,nan,0.8782944083213806,nan,0,nan,nan,nan,TRACKING,0.07894144298916217,0.0,0.0,10.787665612096195,0,0,0,0.0,0.0,1.0,0,0,0,0,0,0,0,VERIFIED,0.663328,1,0,1,0.0,0,1,0,adopt_standby,1,1,0.11872381933593772,-0.22228369661458336,-0.10002766347656251,0.07717048256835952,-0.17719814604492204,-0.02285718090820299,ok
196,19.628784151995205,167.0,37.5,385.0,442.0,167.0,37.5,385.0,442.0,164.88827106250002,37.0851961015625,387.26256671875,442.45251334375,tracker,nan,nan,nan,nan,0.8780628442764282,nan,0,nan,nan,nan,TRACKING,0.03798940799606498,0.0,0.0,19.324656213913524,0,0,0,0.0,0.0,1.0,0,0,0,0,0,0,0,VERIFIED,0.663328,1,0,1,0.0,0,1,0,adopt_standby,1,1,0.12037360756835938,-0.22177606946614592,-0.09979923125976567,0.0782428449194336,-0.17804207617919926,-0.021556386340332065,ok
197,19.676979965995997,167.0,37.5,385.0,442.0,167.0,37.5,385.0,442.0,165.62737619062503,37.230377466015625,386.4706683671875,442.2941336734375,tracker,nan,nan,nan,nan,0.8858672976493835,nan,0,nan,nan,nan,TRACKING,0.03442905700649135,0.0,0.0,20.748689917003368,0,0,0,0.0,0.0,1.0,0,0,0,0,0,0,0,VERIFIED,0.663328,1,0,1,0.0,0,1,0,adopt_standby,1,1,0.1214459699194336,-0.22144611181966145,-0.09965075031884765,0.07893988044763184,-0.1785906307664795,-0.020710869871215815,ok
198,19.725687407990335,167.0,37.5,385.0,442.0,167.0,37.5,385.0,442.0,166.10779452390628,37.324745352910156,385.9559344386719,442.1911868877344,tracker,nan,nan,nan,nan,0.8894165754318237,nan,0,nan,nan,nan,TRACKING,0.03495235099398997,0.0,0.0,20.53074353845638,0,0,0,0.0,0.0,1.0,0,0,0,0,0,0,0,VERIFIED,0.663328,1,0,1,0.0,0,1,0,adopt_standby,1,1,0.12214300544763183,-0.22123163934944667,-0.09955423770725101,0.0793929535409607,-0.1789471912482117,-0.020161284166290316,ok
199,19.775662329993793,167.0,37.5,385.0,442.0,167.0,37.5,385.0,442.0,166.42006644053907,37.3860844793916,385.6213573851367,442.1242714770273,tracker,nan,nan,nan,nan,0.8917398452758789,nan,0,nan,nan,nan,TRACKING,0.036055816992302425,0.0,0.0,20.010036232389094,0,0,0,0.0,0.0,1.0,0,0,0,0,0,0,0,VERIFIED,0.663328,1,0,1,0.0,0,1,0,adopt_standby,1,1,0.12259607854096082,-0.22109223224380692,-0.09949150450971311,0.07968745105162453,-0.17917895556133764,-0.019804053458088583,ok
200,19.9757665549987,167.0,37.5,385.0,442.0,167.0,37.5,385.0,442.0,144.0,31.0,413.0,449.0,detector,144.0,31.0,413.0,449.0,0.8998493552207947,0.976191,1,0.9176701521271375,0.011858541225631423,1.0897161661867545,DETECTOR_CONFIRMED,0.03734991200326476,0.1475396010064287,0.0,4.9973957320265425,0,0,0,0.0,0.0,1.0,0,0,0,0,0,0,0,VERIFIED,0.663328,1,0,1,0.0,0,1,0,adopt_standby,1,1,0.0953125,-0.23541666666666672,-0.10593750000000003,0.061953125,-0.16789062500000002,-0.043984375000000034,ok
201,20.023388186993543,167.0,37.5,385.0,442.0,167.0,37.5,385.0,442.0,152.05,33.275000000000006,403.2,446.55,tracker,nan,nan,nan,nan,0.9083447456359863,nan,0,nan,nan,nan,TRACKING,0.03321433800738305,0.0,0.0,20.99886035212487,0,0,0,0.0,0.0,1.0,0,0,0,0,0,0,0,VERIFIED,0.663328,1,0,1,0.0,0,1,0,adopt_standby,1,1,0.10515624999999992,-0.23031250000000003,-0.10364062500000001,0.06835156249999995,-0.17199218749999995,-0.035289062500000065,ok
202,20.07433563399536,167.0,37.5,385.0,442.0,167.0,37.5,385.0,442.0,157.2825,34.753750000000004,396.83,444.9575,tracker,nan,nan,nan,nan,0.9061960577964783,nan,0,nan,nan,nan,TRACKING,0.03701610100688413,0.0,0.0,19.628068899395945,0,0,0,0.0,0.0,1.0,0,0,0,0,0,0,0,VERIFIED,0.663328,1,0,1,0.0,0,1,0,adopt_standby,1,1,0.11155468749999997,-0.2269947916666667,-0.10214765625000001,0.07251054687499998,-0.174658203125,-0.029637109375000026,ok
203,20.12487103899184,167.0,37.5,385.0,442.0,167.0,37.5,385.0,442.0,160.683625,35.714937500000005,392.6895,443.922375,tracker,nan,nan,nan,nan,0.9130630493164062,nan,0,nan,nan,nan,TRACKING,0.03694292300497182,0.0,0.0,19.78810697311397,0,0,0,0.0,0.0,1.0,0,0,0,0,0,0,0,VERIFIED,0.663328,1,0,1,0.0,0,1,0,adopt_standby,1,1,0.11571367187499995,-0.22483828125000005,-0.10117722656250003,0.07521388671874997,-0.17639111328125,-0.025963339843750058,ok
204,20.178179536000243,167.0,37.5,385.0,442.0,167.0,37.5,385.0,442.0,162.89435625000002,36.339709375000005,389.998175,443.24954375,tracker,nan,nan,nan,nan,0.9082781076431274,nan,0,nan,nan,nan,TRACKING,0.03919037600280717,0.0,0.0,18.758735588482093,0,0,0,0.0,0.0,1.0,0,0,0,0,0,0,0,VERIFIED,0.663328,1,0,1,0.0,0,1,0,adopt_standby,1,1,0.11841701171875005,-0.2234365494791667,-0.10054644726562502,0.07697105761718753,-0.17751750488281254,-0.023575389648437486,ok
205,20.229419177994714,167.0,37.5,385.0,442.0,167.0,37.5,385.0,442.0,164.3313315625,36.74581109375001,388.24881375,442.8122034375,tracker,nan,nan,nan,nan,0.9044754505157471,nan,0,nan,nan,nan,TRACKING,0.037470643990673125,0.0,0.0,19.516139478646437,0,0,0,0.0,0.0,1.0,0,0,0,0,0,0,0,VERIFIED,0.663328,1,0,1,0.0,0,1,0,adopt_standby,1,1,0.1201741826171876,-0.222525423828125,-0.10013644072265626,0.07811321870117194,-0.1782496594238282,-0.022023222021484323,ok
206,20.28000380299636,167.0,37.5,385.0,442.0,167.0,37.5,385.0,442.0,165.265365515625,37.0097772109375,387.1117289375,442.527932234375,tracker,nan,nan,nan,nan,0.9065022468566895,nan,0,nan,nan,nan,TRACKING,0.03697031899355352,0.0,0.0,19.768852689279214,0,0,0,0.0,0.0,1.0,0,0,0,0,0,0,0,VERIFIED,0.663328,1,0,1,0.0,0,1,0,adopt_standby,1,1,0.1213163437011719,-0.2219331921549479,-0.09986993646972656,0.07885562340576174,-0.1787255598754883,-0.021014313063964812,ok
207,20.32998169399798,167.0,37.5,385.0,442.0,167.0,37.5,385.0,442.0,165.87248758515625,37.181355187109375,386.372623809375,442.34315595234375,tracker,nan,nan,nan,nan,0.9071908593177795,nan,0,nan,nan,nan,TRACKING,0.03654801700031385,0.0,0.0,20.008847511545355,0,0,0,0.0,0.0,1.0,0,0,0,0,0,0,0,VERIFIED,0.663328,1,0,1,0.0,0,1,0,adopt_standby,1,1,0.12205874840576172,-0.22154824156738284,-0.09969670870532228,0.07933818646374512,-0.1790348951690674,-0.020358522241577165,ok
208,20.384686111996416,167.0,37.5,385.0,442.0,167.0,37.5,385.0,442.0,166.26711693035156,37.292880871621094,385.89220547609375,442.22305136902344,tracker,nan,nan,nan,nan,0.9004237651824951,nan,0,nan,nan,nan,TRACKING,0.04089265900256578,0.0,0.0,18.28005920890292,0,0,0,0.0,0.0,1.0,0,0,0,0,0,0,0,VERIFIED,0.663328,1,0,1,0.0,0,1,0,adopt_standby,1,1,0.12254131146374511,-0.22129802368546558,-0.09958411065845951,0.07965185245143433,-0.17923596310989384,-0.019932258207025183,ok
209,20.445616104989313,167.0,37.5,385.0,442.0,167.0,37.5,385.0,442.0,166.52362600472853,37.36537256655372,385.579933559461,442.1449833898652,tracker,nan,nan,nan,nan,0.9080930948257446,nan,0,nan,nan,nan,TRACKING,0.04580710698792245,0.0,0.0,16.41227827018761,0,0,0,0.0,0.0,1.0,0,0,0,0,0,0,0,VERIFIED,0.663328,1,0,1,0.0,0,1,0,adopt_standby,1,1,0.12285497745143452,-0.22113538206221928,-0.09951092192799868,0.07985573534343245,-0.17936665727143114,-0.019655186584566234,ok
210,20.820230983998044,167.0,37.5,385.0,442.0,167.0,37.5,385.0,442.0,143.0,32.0,417.0,448.0,detector,143.0,32.0,417.0,448.0,0.9059425592422485,0.972005,1,0.9108962829736211,0.010476909133900132,1.097819827231592,DETECTOR_CONFIRMED,0.0549093180015916,0.1930307100119535,0.0,2.669408120270341,0,0,0,0.0,0.0,1.0,0,0,0,0,0,0,0,VERIFIED,0.719849,1,0,1,0.10150889400392771,0,1,0,adopt_standby,1,1,0.0984375,-0.2333333333333334,-0.10500000000000002,0.063984375,-0.16898437500000002,-0.04101562500000003,ok
211,20.90224005699565,167.0,37.5,385.0,442.0,167.0,37.5,385.0,442.0,151.4,33.925,405.8,445.9,tracker,nan,nan,nan,nan,0.8976681232452393,nan,0,nan,nan,nan,TRACKING,0.05821497600118164,0.0,0.0,12.193772755231317,0,0,0,0.0,0.0,1.0,0,0,0,0,0,0,0,VERIFIED,0.719849,1,0,1,0.0,0,1,0,adopt_standby,1,1,0.10718750000000003,-0.22895833333333337,-0.10303125000000002,0.06967187500000002,-0.17270312500000004,-0.033359375,ok
212,20.96926478999376,167.0,37.5,385.0,442.0,167.0,37.5,385.0,442.0,156.86,35.176249999999996,398.52000000000004,444.53499999999997,tracker,nan,nan,nan,nan,0.8955045938491821,nan,0,nan,nan,nan,TRACKING,0.05329000701021869,0.0,0.0,14.919865477543176,0,0,0,0.0,0.0,1.0,0,0,0,0,0,0,0,VERIFIED,0.719849,1,0,1,0.0,0,1,0,adopt_standby,1,1,0.11287500000000002,-0.22611458333333334,-0.1017515625,0.07336875000000001,-0.1751203125,-0.028382812499999993,ok
213,21.034027849993436,167.0,37.5,385.0,442.0,167.0,37.5,385.0,442.0,160.40900000000002,35.9895625,393.788,443.64775,tracker,nan,nan,nan,nan,0.8957831859588623,nan,0,nan,nan,nan,TRACKING,0.05092020600568503,0.0,0.0,15.440901032239397,0,0,0,0.0,0.0,1.0,0,0,0,0,0,0,0,VERIFIED,0.719849,1,0,1,0.0,0,1,0,adopt_standby,1,1,0.11657187499999999,-0.22426614583333337,-0.10091976562500002,0.07577171875,-0.176691484375,-0.025148046875000024,ok
214,21.101658691986813,167.0,37.5,385.0,442.0,167.0,37.5,385.0,442.0,162.71585000000002,36.518215624999996,390.71220000000005,443.0710375,tracker,nan,nan,nan,nan,0.9004266262054443,nan,0,nan,nan,nan,TRACKING,0.05370147500070743,0.0,0.0,14.786153336637753,0,0,0,0.0,0.0,1.0,0,0,0,0,0,0,0,VERIFIED,0.719849,1,0,1,0.0,0,1,0,adopt_standby,1,1,0.11897484375000004,-0.22306466145833337,-0.10037909765625001,0.07733364843750003,-0.17771274609375004,-0.023045449218749986,ok
215,21.163294849000522,167.0,37.5,385.0,442.0,167.0,37.5,385.0,442.0,164.2153025,36.86184015625,388.71293000000003,442.696174375,tracker,nan,nan,nan,nan,0.8981693387031555,nan,0,nan,nan,nan,TRACKING,0.047753355000168085,0.0,0.0,16.224243178846894,0,0,0,0.0,0.0,1.0,0,0,0,0,0,0,0,VERIFIED,0.719849,1,0,1,0.0,0,1,0,adopt_standby,1,1,0.12053677343750006,-0.22228369661458336,-0.10002766347656251,0.07834890273437504,-0.17837656621093756,-0.02167876074218747,ok
216,21.217185130997677,167.0,37.5,385.0,442.0,167.0,37.5,385.0,442.0,165.189946625,37.0851961015625,387.41340450000007,442.45251334375,tracker,nan,nan,nan,nan,0.9002928137779236,nan,0,nan,nan,nan,TRACKING,0.03971908699895721,0.0,0.0,18.556221324890917,0,0,0,0.0,0.0,1.0,0,0,0,0,0,0,0,VERIFIED,0.719849,1,0,1,0.0,0,1,0,adopt_standby,1,1,0.12155202773437512,-0.22177606946614592,-0.09979923125976567,0.07900881802734383,-0.1788080492871095,-0.02079041323242184,ok
217,21.273274063991266,167.0,37.5,385.0,442.0,167.0,37.5,385.0,442.0,165.82346530625,37.230377466015625,386.56871292500006,442.2941336734375,tracker,nan,nan,nan,nan,0.9011334776878357,nan,0,nan,nan,nan,TRACKING,0.042276028005289845,0.0,0.0,17.828829086734476,0,0,0,0.0,0.0,1.0,0,0,0,0,0,0,0,VERIFIED,0.719849,1,0,1,0.0,0,1,0,adopt_standby,1,1,0.12221194302734376,-0.22144611181966145,-0.09965075031884765,0.07943776296777344,-0.1790885132866211,-0.020212987351074213,ok
218,21.322542925991,167.0,37.5,385.0,442.0,167.0,37.5,385.0,442.0,166.2352524490625,37.324745352910156,386.01966340125006,442.1911868877344,tracker,nan,nan,nan,nan,0.9028363823890686,nan,0,nan,nan,nan,TRACKING,0.035472781004500575,0.0,0.0,20.296795164568117,0,0,0,0.0,0.0,1.0,0,0,0,0,0,0,0,VERIFIED,0.719849,1,0,1,0.0,0,1,0,adopt_standby,1,1,0.12264088796777343,-0.22123163934944667,-0.09955423770725101,0.07971657717905274,-0.17927081488630375,-0.01983766052819827,ok
219,21.37779553499422,167.0,37.5,385.0,442.0,167.0,37.5,385.0,442.0,166.50291409189063,37.3860844793916,385.66278121081257,442.1242714770273,tracker,nan,nan,nan,nan,0.9071885347366333,nan,0,nan,nan,nan,TRACKING,0.04104896500939503,0.0,0.0,18.09869285886108,0,0,0,0.0,0.0,1.0,0,0,0,0,0,0,0,VERIFIED,0.719849,1,0,1,0.0,0,1,0,adopt_standby,1,1,0.12291970217905294,-0.22109223224380692,-0.09949150450971311,0.07989780641638441,-0.17938931092609753,-0.0195936980933287,ok
220,21.68577772298886,167.0,37.5,385.0,442.0,167.0,37.5,385.0,442.0,139.0,32.0,420.0,448.0,detector,139.0,32.0,420.0,448.0,0.9042896628379822,0.970887,1,0.9043898809523809,0.013491895715576813,1.1057178116001645,DETECTOR_CONFIRMED,0.08049273298820481,0.2124732899974333,0.0,3.2469410212041403,0,0,0,0.0,0.0,1.0,0,0,0,0,0,0,0,VERIFIED,0.719849,1,0,1,0.0,0,1,0,adopt_standby,1,1,0.090625,-0.2333333333333334,-0.10500000000000002,0.05890625,-0.16390625000000003,-0.046093750000000024,ok
221,21.770023258999572,167.0,37.5,385.0,442.0,167.0,37.5,385.0,442.0,148.8,33.925,407.75,445.9,tracker,nan,nan,nan,nan,0.9250041842460632,nan,0,nan,nan,nan,TRACKING,0.05618685200170148,0.0,0.0,11.870065137609703,0,0,0,0.0,0.0,1.0,0,0,0,0,0,0,0,VERIFIED,0.719849,1,0,1,0.0,0,1,0,adopt_standby,1,1,0.10210937500000003,-0.22895833333333337,-0.10303125000000002,0.06637109375000003,-0.16940234375000005,-0.03666015624999999,ok
222,21.842260364996037,167.0,37.5,385.0,442.0,167.0,37.5,385.0,442.0,155.17000000000002,35.176249999999996,399.7875,444.53499999999997,tracker,nan,nan,nan,nan,0.9256236553192139,nan,0,nan,nan,nan,TRACKING,0.05863118499109987,0.0,0.0,13.843300976771475,0,0,0,0.0,0.0,1.0,0,0,0,0,0,0,0,VERIFIED,0.719849,1,0,1,0.0,0,1,0,adopt_standby,1,1,0.10957421875000009,-0.22611458333333334,-0.1017515625,0.07122324218750006,-0.17297480468750007,-0.03052832031249994,ok
223,21.894960928999353,167.0,37.5,385.0,442.0,167.0,37.5,385.0,442.0,159.31050000000002,35.9895625,394.611875,443.64775,tracker,nan,nan,nan,nan,0.926282525062561,nan,0,nan,nan,nan,TRACKING,0.038967454005614854,0.0,0.0,18.97512899363023,0,0,0,0.0,0.0,1.0,0,0,0,0,0,0,0,VERIFIED,0.719849,1,0,1,0.0,0,1,0,adopt_standby,1,1,0.11442636718750006,-0.22426614583333337,-0.10091976562500002,0.07437713867187504,-0.17529690429687506,-0.02654262695312498,ok
224,21.950265570994816,167.0,37.5,385.0,442.0,167.0,37.5,385.0,442.0,162.00182500000003,36.518215624999996,391.24771875,443.0710375,tracker,nan,nan,nan,nan,0.9282898306846619,nan,0,nan,nan,nan,TRACKING,0.04155928999534808,0.0,0.0,18.081664828099672,0,0,0,0.0,0.0,1.0,0,0,0,0,0,0,0,VERIFIED,0.719849,1,0,1,0.0,0,1,0,adopt_standby,1,1,0.11758026367187498,-0.22306466145833337,-0.10037909765625001,0.07642717138671874,-0.17680626904296876,-0.02395192626953127,ok
225,22.00450200799969,167.0,37.5,385.0,442.0,167.0,37.5,385.0,442.0,163.75118625000002,36.86184015625,389.0610171875,442.696174375,tracker,nan,nan,nan,nan,0.9320279359817505,nan,0,nan,nan,nan,TRACKING,0.040508742997189984,0.0,0.0,18.437789339113955,0,0,0,0.0,0.0,1.0,0,0,0,0,0,0,0,VERIFIED,0.719849,1,0,1,0.0,0,1,0,adopt_standby,1,1,0.1196302963867188,-0.22228369661458336,-0.10002766347656251,0.07775969265136723,-0.17778735612792973,-0.022267970825195285,ok
226,22.0549814219994,167.0,37.5,385.0,442.0,167.0,37.5,385.0,442.0,164.88827106250002,37.0851961015625,387.639661171875,442.45251334375,tracker,nan,nan,nan,nan,0.9366564154624939,nan,0,nan,nan,nan,TRACKING,0.036976933988626115,0.0,0.0,19.81005563982459,0,0,0,0.0,0.0,1.0,0,0,0,0,0,0,0,VERIFIED,0.719849,1,0,1,0.0,0,1,0,adopt_standby,1,1,0.12096281765136715,-0.22177606946614592,-0.09979923125976567,0.07862583147338865,-0.17842506273315434,-0.021173399786377015,ok
227,22.10541041799297,167.0,37.5,385.0,442.0,167.0,37.5,385.0,442.0,165.62737619062503,37.230377466015625,386.71577976171875,442.2941336734375,tracker,nan,nan,nan,nan,0.9357718825340271,nan,0,nan,nan,nan,TRACKING,0.03672916701179929,0.0,0.0,19.829861378312938,0,0,0,0.0,0.0,1.0,0,0,0,0,0,0,0,VERIFIED,0.719849,1,0,1,0.0,0,1,0,adopt_standby,1,1,0.12182895647338868,-0.22144611181966145,-0.09965075031884765,0.07918882170770264,-0.1788395720265503,-0.020461928611145014,ok
228,22.157191791993682,167.0,37.5,385.0,442.0,167.0,37.5,385.0,442.0,166.10779452390628,37.324745352910156,386.1152568451172,442.1911868877344,tracker,nan,nan,nan,nan,0.9367311596870422,nan,0,nan,nan,nan,TRACKING,0.03804961699643172,0.0,0.0,19.311963409589364,0,0,0,0.0,0.0,1.0,0,0,0,0,0,0,0,VERIFIED,0.719849,1,0,1,0.0,0,1,0,adopt_standby,1,1,0.12239194670770281,-0.22123163934944667,-0.09955423770725101,0.07955476536000683,-0.17910900306725785,-0.019999472347244182,ok
229,22.213977668987354,167.0,37.5,385.0,442.0,167.0,37.5,385.0,442.0,166.42006644053907,37.3860844793916,385.72491694932614,442.1242714770273,tracker,nan,nan,nan,nan,0.934694230556488,nan,0,nan,nan,nan,TRACKING,0.04293489900010172,0.0,0.0,17.610012435159472,0,0,0,0.0,0.0,1.0,0,0,0,0,0,0,0,VERIFIED,0.719849,1,0,1,0.0,0,1,0,adopt_standby,1,1,0.1227578903600067,-0.22109223224380692,-0.09949150450971311,0.07979262873400436,-0.17928413324371748,-0.019698875775708752,ok
230,22.465346067998325,167.0,37.5,385.0,442.0,167.0,37.5,385.0,442.0,141.0,31.0,410.0,449.0,detector,141.0,31.0,410.0,449.0,0.9406923651695251,0.976862,1,0.9197754319034097,0.017286645857424163,1.0818005523887877,DETECTOR_CONFIRMED,0.04568944800121244,0.1902853799983859,0.0,3.9782248044486854,0,0,0,0.0,0.0,1.0,0,0,0,0,0,0,0,VERIFIED,0.719849,1,0,1,0.0,0,1,0,adopt_standby,1,1,0.08125,-0.23541666666666672,-0.10593750000000003,0.052812500000000005,-0.15875000000000003,-0.053125000000000026,ok
231,22.53115529999195,167.0,37.5,385.0,442.0,167.0,37.5,385.0,442.0,150.1,33.275000000000006,401.25,446.55,tracker,nan,nan,nan,nan,0.9384461045265198,nan,0,nan,nan,nan,TRACKING,0.04968741399352439,0.0,0.0,15.195436410758564,0,0,0,0.0,0.0,1.0,0,0,0,0,0,0,0,VERIFIED,0.719849,1,0,1,0.0,0,1,0,adopt_standby,1,1,0.09601562500000008,-0.23031250000000003,-0.10364062500000001,0.06241015625000005,-0.16605078125000006,-0.041230468749999964,ok
232,22.592332070998964,167.0,37.5,385.0,442.0,167.0,37.5,385.0,442.0,156.015,34.753750000000004,395.5625,444.9575,tracker,nan,nan,nan,nan,0.9340525269508362,nan,0,nan,nan,nan,TRACKING,0.04602320599951781,0.0,0.0,16.346073575628434,0,0,0,0.0,0.0,1.0,0,0,0,0,0,0,0,VERIFIED,0.719849,1,0,1,0.0,0,1,0,adopt_standby,1,1,0.10561328124999995,-0.2269947916666667,-0.10214765625000001,0.06864863281249997,-0.1707962890625,-0.03349902343750004,ok
233,22.64527227699,167.0,37.5,385.0,442.0,167.0,37.5,385.0,442.0,159.85975,35.714937500000005,391.865625,443.922375,tracker,nan,nan,nan,nan,0.9408094882965088,nan,0,nan,nan,nan,TRACKING,0.038812604994745925,0.0,0.0,18.889235152755845,0,0,0,0.0,0.0,1.0,0,0,0,0,0,0,0,VERIFIED,0.719849,1,0,1,0.0,0,1,0,adopt_standby,1,1,0.11185175781250009,-0.22483828125000005,-0.10117722656250003,0.07270364257812506,-0.1738808691406251,-0.028473583984374967,ok
234,22.69540006799798,167.0,37.5,385.0,442.0,167.0,37.5,385.0,442.0,162.3588375,36.339709375000005,389.46265625,443.24954375,tracker,nan,nan,nan,nan,0.9463812708854675,nan,0,nan,nan,nan,TRACKING,0.036452440996072255,0.0,0.0,19.949013908089285,0,0,0,0.0,0.0,1.0,0,0,0,0,0,0,0,VERIFIED,0.719849,1,0,1,0.0,0,1,0,adopt_standby,1,1,0.11590676757812499,-0.2234365494791667,-0.10054644726562502,0.07533939892578125,-0.17588584619140626,-0.025207048339843774,ok
235,22.750306573987473,167.0,37.5,385.0,442.0,167.0,37.5,385.0,442.0,163.983244375,36.74581109375001,387.90072656250004,442.8122034375,tracker,nan,nan,nan,nan,0.9475321769714355,nan,0,nan,nan,nan,TRACKING,0.04128173198841978,0.0,0.0,18.212777920914583,0,0,0,0.0,0.0,1.0,0,0,0,0,0,0,0,VERIFIED,0.719849,1,0,1,0.0,0,1,0,adopt_standby,1,1,0.11854252392578139,-0.222525423828125,-0.10013644072265626,0.07705264055175791,-0.17718908127441418,-0.023083800170898353,ok
236,22.804678118991433,167.0,37.5,385.0,442.0,167.0,37.5,385.0,442.0,165.03910884375,37.0097772109375,386.885472265625,442.527932234375,tracker,nan,nan,nan,nan,0.9380701780319214,nan,0,nan,nan,nan,TRACKING,0.04082703200401738,0.0,0.0,18.39197322656859,0,0,0,0.0,0.0,1.0,0,0,0,0,0,0,0,VERIFIED,0.719849,1,0,1,0.0,0,1,0,adopt_standby,1,1,0.12025576555175785,-0.2219331921549479,-0.09986993646972656,0.0781662476086426,-0.17803618407836916,-0.021703688861083953,ok
237,22.85392687599233,167.0,37.5,385.0,442.0,167.0,37.5,385.0,442.0,165.7254207484375,37.181355187109375,386.22555697265625,442.34315595234375,tracker,nan,nan,nan,nan,0.9398401379585266,nan,0,nan,nan,nan,TRACKING,0.0353661630069837,0.0,0.0,20.30508099893371,0,0,0,0.0,0.0,1.0,0,0,0,0,0,0,0,VERIFIED,0.719849,1,0,1,0.0,0,1,0,adopt_standby,1,1,0.12136937260864258,-0.22154824156738284,-0.09969670870532228,0.07889009219561768,-0.17858680090093998,-0.020806616509704598,ok
238,22.91395919099159,167.0,37.5,385.0,442.0,167.0,37.5,385.0,442.0,166.17152348648438,37.292880871621094,385.79661203222656,442.22305136902344,tracker,nan,nan,nan,nan,0.9419535994529724,nan,0,nan,nan,nan,TRACKING,0.04596778898849152,0.0,0.0,16.657695109913643,0,0,0,0.0,0.0,1.0,0,0,0,0,0,0,0,VERIFIED,0.719849,1,0,1,0.0,0,1,0,adopt_standby,1,1,0.12209321719561768,-0.22129802368546558,-0.09958411065845951,0.0793605911771515,-0.178944701835611,-0.020223519481308017,ok
239,22.981901966995792,167.0,37.5,385.0,442.0,167.0,37.5,385.0,442.0,166.46149026621484,37.36537256655372,385.5177978209473,442.1449833898652,tracker,nan,nan,nan,nan,0.943881630897522,nan,0,nan,nan,nan,TRACKING,0.05306921899318695,0.0,0.0,14.718268207618685,0,0,0,0.0,0.0,1.0,0,0,0,0,0,0,0,VERIFIED,0.719849,1,0,1,0.0,0,1,0,adopt_standby,1,1,0.1225637161771516,-0.22113538206221928,-0.09951092192799868,0.07966641551514854,-0.17917733744314723,-0.01984450641285014,ok
240,23.42318755899032,167.0,37.5,385.0,442.0,167.0,37.5,385.0,442.0,145.0,31.0,410.0,449.0,detector,145.0,31.0,410.0,449.0,0.9432262182235718,0.976192,1,0.9243848117768483,0.012453036778232047,1.0818005523887877,DETECTOR_CONFIRMED,0.049923462996957824,0.27392006799345836,0.0,2.2661061637661595,0,0,0,0.0,0.0,1.0,0,0,0,0,0,0,0,VERIFIED,0.712325,1,0,1,0.09930534899467602,0,1,0,adopt_standby,1,1,0.09375,-0.23541666666666672,-0.10593750000000003,0.060937500000000006,-0.16687500000000005,-0.045000000000000026,ok
241,23.480467667992343,167.0,37.5,385.0,442.0,167.0,37.5,385.0,442.0,152.7,33.275000000000006,401.25,446.55,tracker,nan,nan,nan,nan,0.9506596326828003,nan,0,nan,nan,nan,TRACKING,0.03967726300470531,0.0,0.0,17.458067336511153,0,0,0,0.0,0.0,1.0,0,0,0,0,0,0,0,VERIFIED,0.712325,1,0,1,0.0,0,1,0,adopt_standby,1,1,0.10414062499999996,-0.23031250000000003,-0.10364062500000001,0.06769140624999997,-0.17133203125,-0.03594921875000004,ok
242,23.529237662995,167.0,37.5,385.0,442.0,167.0,37.5,385.0,442.0,157.70499999999998,34.753750000000004,395.5625,444.9575,tracker,nan,nan,nan,nan,0.9509347081184387,nan,0,nan,nan,nan,TRACKING,0.03536756998801138,0.0,0.0,20.504410548852775,0,0,0,0.0,0.0,1.0,0,0,0,0,0,0,0,VERIFIED,0.712325,1,0,1,0.0,0,1,0,adopt_standby,1,1,0.11089453124999996,-0.2269947916666667,-0.10214765625000001,0.07208144531249998,-0.1742291015625,-0.030066210937500032,ok
243,23.57967139899847,167.0,37.5,385.0,442.0,167.0,37.5,385.0,442.0,160.95825,35.714937500000005,391.865625,443.922375,tracker,nan,nan,nan,nan,0.9525189399719238,nan,0,nan,nan,nan,TRACKING,0.036458274989854544,0.0,0.0,19.82799767067035,0,0,0,0.0,0.0,1.0,0,0,0,0,0,0,0,VERIFIED,0.712325,1,0,1,0.0,0,1,0,adopt_standby,1,1,0.11528457031249992,-0.22483828125000005,-0.10117722656250003,0.07493497070312495,-0.176112197265625,-0.026242255859375077,ok
244,23.647345887991833,167.0,37.5,385.0,442.0,167.0,37.5,385.0,442.0,163.07286249999999,36.339709375000005,389.46265625,443.24954375,tracker,nan,nan,nan,nan,0.9429458379745483,nan,0,nan,nan,nan,TRACKING,0.05384304199833423,0.0,0.0,14.77661693312665,0,0,0,0.0,0.0,1.0,0,0,0,0,0,0,0,VERIFIED,0.712325,1,0,1,0.0,0,1,0,adopt_standby,1,1,0.11813809570312497,-0.2234365494791667,-0.10054644726562502,0.07678976220703124,-0.17733620947265627,-0.023756685058593782,ok
245,23.74854664898885,167.0,37.5,385.0,442.0,167.0,37.5,385.0,442.0,164.447360625,36.74581109375001,387.90072656250004,442.8122034375,tracker,nan,nan,nan,nan,0.943499743938446,nan,0,nan,nan,nan,TRACKING,0.08668882900383323,0.0,0.0,9.881348619794242,0,0,0,0.0,0.0,1.0,0,0,0,0,0,0,0,VERIFIED,0.712325,1,0,1,0.0,0,1,0,adopt_standby,1,1,0.11999288720703127,-0.222525423828125,-0.10013644072265626,0.07799537668457034,-0.1781318174072266,-0.022141064038085925,ok
246,23.80432526099321,167.0,37.5,385.0,442.0,167.0,37.5,385.0,442.0,165.34078440624998,37.0097772109375,386.885472265625,442.527932234375,tracker,nan,nan,nan,nan,0.9505185484886169,nan,0,nan,nan,nan,TRACKING,0.041526736997184344,0.0,0.0,17.92801871659751,0,0,0,0.0,0.0,1.0,0,0,0,0,0,0,0,VERIFIED,0.712325,1,0,1,0.0,0,1,0,adopt_standby,1,1,0.1211985016845702,-0.2219331921549479,-0.09986993646972656,0.07877902609497063,-0.1786489625646972,-0.021090910374755925,ok
247,23.861553909999202,167.0,37.5,385.0,442.0,167.0,37.5,385.0,442.0,165.9215098640625,37.181355187109375,386.22555697265625,442.34315595234375,tracker,nan,nan,nan,nan,0.9482842683792114,nan,0,nan,nan,nan,TRACKING,0.0428106250037672,0.0,0.0,17.473765629087126,0,0,0,0.0,0.0,1.0,0,0,0,0,0,0,0,VERIFIED,0.712325,1,0,1,0.0,0,1,0,adopt_standby,1,1,0.12198215109497071,-0.22154824156738284,-0.09969670870532228,0.07928839821173096,-0.17898510691705324,-0.02040831049359132,ok
248,23.937576892989455,167.0,37.5,385.0,442.0,167.0,37.5,385.0,442.0,166.29898141164063,37.292880871621094,385.79661203222656,442.22305136902344,tracker,nan,nan,nan,nan,0.9523271322250366,nan,0,nan,nan,nan,TRACKING,0.0450508380017709,0.0,0.0,13.15391689021482,0,0,0,0.0,0.0,1.0,0,0,0,0,0,0,0,VERIFIED,0.712325,1,0,1,0.0,0,1,0,adopt_standby,1,1,0.12249152321173096,-0.22129802368546558,-0.09958411065845951,0.07961949008762513,-0.17920360074608466,-0.019964620570834382,ok
249,23.99272960399685,167.0,37.5,385.0,442.0,167.0,37.5,385.0,442.0,166.5443379175664,37.36537256655372,385.5177978209473,442.1449833898652,tracker,nan,nan,nan,nan,0.9517261385917664,nan,0,nan,nan,nan,TRACKING,0.04026368400081992,0.0,0.0,18.131474985262663,0,0,0,0.0,0.0,1.0,0,0,0,0,0,0,0,VERIFIED,0.712325,1,0,1,0.0,0,1,0,adopt_standby,1,1,0.12282261508762513,-0.22113538206221928,-0.09951092192799868,0.07983469980695633,-0.179345621734955,-0.01967622212104235,ok
250,24.228679743988323,167.0,37.5,385.0,442.0,167.0,37.5,385.0,442.0,142.0,33.0,410.0,447.0,detector,142.0,33.0,410.0,447.0,0.953875720500946,0.976329,1,0.9285207617176843,0.015823736126465204,1.0769818416877242,DETECTOR_CONFIRMED,0.0411615719931433,0.17725822499778587,0.0,4.238183541811576,0,0,0,0.0,0.0,1.0,0,0,0,0,0,0,0,VERIFIED,0.712325,1,0,1,0.0,0,1,0,adopt_standby,1,1,0.084375,-0.23125000000000007,-0.10406250000000003,0.054843750000000004,-0.15890625000000003,-0.049218750000000026,ok
251,24.292404964988236,167.0,37.5,385.0,442.0,167.0,37.5,385.0,442.0,150.75,34.575,401.25,445.25,tracker,nan,nan,nan,nan,0.9538671374320984,nan,0,nan,nan,nan,TRACKING,0.049901482998393476,0.0,0.0,15.692373981745167,0,0,0,0.0,0.0,1.0,0,0,0,0,0,0,0,VERIFIED,0.712325,1,0,1,0.0,0,1,0,adopt_standby,1,1,0.098046875,-0.22760416666666672,-0.10242187500000002,0.06373046875,-0.16615234375000004,-0.03869140625000002,ok
252,24.353594495987636,167.0,37.5,385.0,442.0,167.0,37.5,385.0,442.0,156.4375,35.59875,395.5625,444.1125,tracker,nan,nan,nan,nan,0.9539492726325989,nan,0,nan,nan,nan,TRACKING,0.04775715700816363,0.0,0.0,16.34266489164315,0,0,0,0.0,0.0,1.0,0,0,0,0,0,0,0,VERIFIED,0.712325,1,0,1,0.0,0,1,0,adopt_standby,1,1,0.10693359375,-0.2252343750000001,-0.10135546875000005,0.0695068359375,-0.17086230468750005,-0.031848632812500055,ok
253,24.407843016990228,167.0,37.5,385.0,442.0,167.0,37.5,385.0,442.0,160.134375,36.264187500000006,391.865625,443.373125,tracker,nan,nan,nan,nan,0.9570217728614807,nan,0,nan,nan,nan,TRACKING,0.03974137900513597,0.0,0.0,18.433682274070247,0,0,0,0.0,0.0,1.0,0,0,0,0,0,0,0,VERIFIED,0.712325,1,0,1,0.0,0,1,0,adopt_standby,1,1,0.11270996093750014,-0.2236940104166667,-0.10066230468750002,0.0732614746093751,-0.17392377929687514,-0.027400830078124924,ok
254,24.471355575995403,167.0,37.5,385.0,442.0,167.0,37.5,385.0,442.0,162.53734375,36.69672187500001,389.46265625,442.89253125,tracker,nan,nan,nan,nan,0.9557812809944153,nan,0,nan,nan,nan,TRACKING,0.04917583899805322,0.0,0.0,15.74491747244051,0,0,0,0.0,0.0,1.0,0,0,0,0,0,0,0,VERIFIED,0.712325,1,0,1,0.0,0,1,0,adopt_standby,1,1,0.11646459960937498,-0.22269277343750005,-0.10021174804687502,0.07570198974609374,-0.17591373779296876,-0.02450975830078128,ok
255,24.53878969399375,167.0,37.5,385.0,442.0,167.0,37.5,385.0,442.0,164.0992734375,36.97786921875,387.90072656250004,442.5801453125,tracker,nan,nan,nan,nan,0.95218825340271,nan,0,nan,nan,nan,TRACKING,0.05353376299899537,0.0,0.0,14.829288640277483,0,0,0,0.0,0.0,1.0,0,0,0,0,0,0,0,VERIFIED,0.712325,1,0,1,0.0,0,1,0,adopt_standby,1,1,0.11890511474609369,-0.2220419694010417,-0.09991888623046877,0.0772883245849609,-0.17720721081542967,-0.022630561645507863,ok
256,24.605429520990583,167.0,37.5,385.0,442.0,167.0,37.5,385.0,442.0,165.114527734375,37.160614992187504,386.885472265625,442.377094453125,tracker,nan,nan,nan,nan,0.9517447352409363,nan,0,nan,nan,nan,TRACKING,0.05284848499286454,0.0,0.0,15.00604135793313,0,0,0,0.0,0.0,1.0,0,0,0,0,0,0,0,VERIFIED,0.712325,1,0,1,0.0,0,1,0,adopt_standby,1,1,0.12049144958496108,-0.22161894677734373,-0.09972852604980469,0.0783194422302247,-0.1780479682800294,-0.021409083819579983,ok
257,24.6616446019907,167.0,37.5,385.0,442.0,167.0,37.5,385.0,442.0,165.77444302734375,37.279399744921875,386.22555697265625,442.24511139453125,tracker,nan,nan,nan,nan,0.9539960622787476,nan,0,nan,nan,nan,TRACKING,0.042393270996399224,0.0,0.0,17.78882076142329,0,0,0,0.0,0.0,1.0,0,0,0,0,0,0,0,VERIFIED,0.712325,1,0,1,0.0,0,1,0,adopt_standby,1,1,0.12152256723022462,-0.22134398207194017,-0.09960479193237308,0.078989668699646,-0.1785944606320191,-0.020615123232727073,ok
258,24.712335167991114,167.0,37.5,385.0,442.0,167.0,37.5,385.0,442.0,166.20338796777344,37.35660983419922,385.79661203222656,442.1593224064453,tracker,nan,nan,nan,nan,0.9517709016799927,nan,0,nan,nan,nan,TRACKING,0.037018497998360544,0.0,0.0,19.72753667796623,0,0,0,0.0,0.0,1.0,0,0,0,0,0,0,0,VERIFIED,0.712325,1,0,1,0.0,0,1,0,adopt_standby,1,1,0.122192793699646,-0.22116525501342776,-0.0995243647560425,0.07942531590476991,-0.1789496806608124,-0.02009904885127259,ok
259,24.75990575698961,167.0,37.5,385.0,442.0,167.0,37.5,385.0,442.0,166.48220217905273,37.406796392229495,385.5177978209473,442.1035595641894,tracker,nan,nan,nan,nan,0.9485098719596863,nan,0,nan,nan,nan,TRACKING,0.03405097400536761,0.0,0.0,21.021392020847273,0,0,0,0.0,0.0,1.0,0,0,0,0,0,0,0,VERIFIED,0.712325,1,0,1,0.0,0,1,0,adopt_standby,1,1,0.12262844090477003,-0.22104908242539467,-0.0994720870914276,0.07970848658810052,-0.1791805736795281,-0.01976360050332708,ok
260,25.070672807996743,167.0,37.5,385.0,442.0,167.0,37.5,385.0,442.0,143.0,33.0,415.0,447.0,detector,143.0,33.0,415.0,447.0,0.9520394206047058,0.974612,1,0.9173337645885555,0.011524430571616109,1.0901157665863548,DETECTOR_CONFIRMED,0.03795107301266398,0.2577738230029354,0.0,3.217844352415106,0,0,0,0.0,0.0,1.0,0,0,0,0,0,0,0,VERIFIED,0.712325,1,0,1,0.0,0,1,0,adopt_standby,1,1,0.0953125,-0.23125000000000007,-0.10406250000000003,0.061953125,-0.16601562500000003,-0.04210937500000003,ok
261,25.13342888999614,167.0,37.5,385.0,442.0,167.0,37.5,385.0,442.0,151.4,34.575,404.5,445.25,tracker,nan,nan,nan,nan,0.9528295993804932,nan,0,nan,nan,nan,TRACKING,0.047154589992715046,0.0,0.0,15.93471051952582,0,0,0,0.0,0.0,1.0,0,0,0,0,0,0,0,VERIFIED,0.712325,1,0,1,0.0,0,1,0,adopt_standby,1,1,0.10515624999999992,-0.22760416666666672,-0.10242187500000002,0.06835156249999995,-0.17077343749999996,-0.034070312500000074,ok
262,25.187600220990134,167.0,37.5,385.0,442.0,167.0,37.5,385.0,442.0,156.86,35.59875,397.675,444.1125,tracker,nan,nan,nan,nan,0.9514972567558289,nan,0,nan,nan,nan,TRACKING,0.03986643499229103,0.0,0.0,18.459948863188366,0,0,0,0.0,0.0,1.0,0,0,0,0,0,0,0,VERIFIED,0.712325,1,0,1,0.0,0,1,0,adopt_standby,1,1,0.11155468749999997,-0.2252343750000001,-0.10135546875000005,0.07251054687499998,-0.17386601562500004,-0.028844921875000068,ok
263,25.243701809988124,167.0,37.5,385.0,442.0,167.0,37.5,385.0,442.0,160.40900000000002,36.264187500000006,393.23875000000004,443.373125,tracker,nan,nan,nan,nan,0.9453052878379822,nan,0,nan,nan,nan,TRACKING,0.042106804001377895,0.0,0.0,17.82480706626384,0,0,0,0.0,0.0,1.0,0,0,0,0,0,0,0,VERIFIED,0.712325,1,0,1,0.0,0,1,0,adopt_standby,1,1,0.11571367187500012,-0.2236940104166667,-0.10066230468750002,0.07521388671875008,-0.1758761914062501,-0.025448417968749942,ok
264,25.297272657000576,167.0,37.5,385.0,442.0,167.0,37.5,385.0,442.0,162.71585000000002,36.69672187500001,390.35518750000006,442.89253125,tracker,nan,nan,nan,nan,0.9479901194572449,nan,0,nan,nan,nan,TRACKING,0.04001393799262587,0.0,0.0,18.66686930986107,0,0,0,0.0,0.0,1.0,0,0,0,0,0,0,0,VERIFIED,0.712325,1,0,1,0.0,0,1,0,adopt_standby,1,1,0.11841701171875023,-0.22269277343750005,-0.10021174804687502,0.07697105761718766,-0.1771828056640627,-0.023240690429687363,ok
265,25.351116792997345,167.0,37.5,385.0,442.0,167.0,37.5,385.0,442.0,164.2153025,36.97786921875,388.48087187500005,442.5801453125,tracker,nan,nan,nan,nan,0.9441412687301636,nan,0,nan,nan,nan,TRACKING,0.04004128299129661,0.0,0.0,18.57212454964461,0,0,0,0.0,0.0,1.0,0,0,0,0,0,0,0,VERIFIED,0.712325,1,0,1,0.0,0,1,0,adopt_standby,1,1,0.1201741826171876,-0.2220419694010417,-0.09991888623046877,0.07811321870117194,-0.1780321049316407,-0.02180566752929683,ok
266,25.397836735995952,167.0,37.5,385.0,442.0,167.0,37.5,385.0,442.0,165.189946625,37.160614992187504,387.26256671875,442.377094453125,tracker,nan,nan,nan,nan,0.9409520030021667,nan,0,nan,nan,nan,TRACKING,0.03329558900441043,0.0,0.0,21.40413570345799,0,0,0,0.0,0.0,1.0,0,0,0,0,0,0,0,VERIFIED,0.712325,1,0,1,0.0,0,1,0,adopt_standby,1,1,0.1213163437011719,-0.22161894677734373,-0.09972852604980469,0.07885562340576174,-0.17858414945556644,-0.020872902644042943,ok
267,25.447895201999927,167.0,37.5,385.0,442.0,167.0,37.5,385.0,442.0,165.82346530625,37.279399744921875,386.4706683671875,442.24511139453125,tracker,nan,nan,nan,nan,0.9418375492095947,nan,0,nan,nan,nan,TRACKING,0.03649280699028168,0.0,0.0,19.976640912659906,0,0,0,0.0,0.0,1.0,0,0,0,0,0,0,0,VERIFIED,0.712325,1,0,1,0.0,0,1,0,adopt_standby,1,1,0.12205874840576172,-0.22134398207194017,-0.09960479193237308,0.07933818646374512,-0.1789429783961182,-0.020266605468627963,ok
268,25.495840488991234,167.0,37.5,385.0,442.0,167.0,37.5,385.0,442.0,166.2352524490625,37.35660983419922,385.9559344386719,442.1593224064453,tracker,nan,nan,nan,nan,0.942371666431427,nan,0,nan,nan,nan,TRACKING,0.03423978100181557,0.0,0.0,20.857107397882512,0,0,0,0.0,0.0,1.0,0,0,0,0,0,0,0,VERIFIED,0.712325,1,0,1,0.0,0,1,0,adopt_standby,1,1,0.12254131146374511,-0.22116525501342776,-0.0995243647560425,0.07965185245143433,-0.17917621720747684,-0.019872512304608167,ok
269,25.54445282398956,167.0,37.5,385.0,442.0,167.0,37.5,385.0,442.0,166.50291409189063,37.406796392229495,385.6213573851367,442.1035595641894,tracker,nan,nan,nan,nan,0.9410057663917542,nan,0,nan,nan,nan,TRACKING,0.034776408996549435,0.0,0.0,20.57091065538132,0,0,0,0.0,0.0,1.0,0,0,0,0,0,0,0,VERIFIED,0.712325,1,0,1,0.0,0,1,0,adopt_standby,1,1,0.12285497745143434,-0.22104908242539467,-0.0994720870914276,0.07985573534343232,-0.17932782243485992,-0.01961635174799528,ok
270,26.026568937988486,167.0,37.5,385.0,442.0,167.0,37.5,385.0,442.0,142.0,35.0,418.0,445.0,detector,142.0,35.0,418.0,445.0,0.937069296836853,0.971946,1,0.914843287995269,0.010698276730389806,1.0930833872010342,DETECTOR_CONFIRMED,0.07930171300540678,0.21685626699763816,0.0,2.0741891236645644,0,0,0,0.0,0.0,1.0,0,0,0,0,0,0,0,VERIFIED,0.669809,1,0,1,0.16894613699696492,0,1,0,adopt_standby,1,1,0.096875,-0.22708333333333341,-0.10218750000000004,0.06296875,-0.16515625000000006,-0.03921875000000004,ok
271,26.0837679499964,167.0,37.5,385.0,442.0,167.0,37.5,385.0,442.0,150.75,35.875,406.45,443.95,tracker,nan,nan,nan,nan,0.926120400428772,nan,0,nan,nan,nan,TRACKING,0.043630125001072884,0.0,0.0,17.482819456071176,0,0,0,0.0,0.0,1.0,0,0,0,0,0,0,0,VERIFIED,0.669809,1,0,1,0.0,0,1,0,adopt_standby,1,1,0.10617187500000007,-0.2248958333333334,-0.10120312500000003,0.06901171875000005,-0.17021484375000007,-0.032191406249999985,ok
272,26.133878552995156,167.0,37.5,385.0,442.0,167.0,37.5,385.0,442.0,156.4375,36.44375,398.9425,443.2675,tracker,nan,nan,nan,nan,0.9306816458702087,nan,0,nan,nan,nan,TRACKING,0.036874483004794456,0.0,0.0,19.955856448680315,0,0,0,0.0,0.0,1.0,0,0,0,0,0,0,0,VERIFIED,0.669809,1,0,1,0.0,0,1,0,adopt_standby,1,1,0.11221484374999999,-0.2234739583333334,-0.10056328125000003,0.07293964843749999,-0.17350292968750003,-0.027623632812500035,ok
273,26.19050963499467,167.0,37.5,385.0,442.0,167.0,37.5,385.0,442.0,160.134375,36.813437500000006,394.062625,442.823875,tracker,nan,nan,nan,nan,0.9280037879943848,nan,0,nan,nan,nan,TRACKING,0.042403479004860856,0.0,0.0,17.658147517093358,0,0,0,0.0,0.0,1.0,0,0,0,0,0,0,0,VERIFIED,0.669809,1,0,1,0.0,0,1,0,adopt_standby,1,1,0.11614277343749997,-0.22254973958333335,-0.1001473828125,0.07549280273437499,-0.175640185546875,-0.024654580078125016,ok
274,26.238087672987604,167.0,37.5,385.0,442.0,167.0,37.5,385.0,442.0,162.53734375,37.053734375000005,390.89070625000005,442.53551875,tracker,nan,nan,nan,nan,0.9359062910079956,nan,0,nan,nan,nan,TRACKING,0.03425618800974917,0.0,0.0,21.018100833592577,0,0,0,0.0,0.0,1.0,0,0,0,0,0,0,0,VERIFIED,0.669809,1,0,1,0.0,0,1,0,adopt_standby,1,1,0.11869592773437496,-0.2219489973958334,-0.09987704882812504,0.07715235302734372,-0.17702940185546875,-0.02272469580078132,ok
275,26.287778888989124,167.0,37.5,385.0,442.0,167.0,37.5,385.0,442.0,164.0992734375,37.20992734375,388.8289590625001,442.34808718749997,tracker,nan,nan,nan,nan,0.9349865317344666,nan,0,nan,nan,nan,TRACKING,0.03606633699382655,0.0,0.0,20.124281119814263,0,0,0,0.0,0.0,1.0,0,0,0,0,0,0,0,VERIFIED,0.669809,1,0,1,0.0,0,1,0,adopt_standby,1,1,0.12035547802734392,-0.2215585149739583,-0.09970133173828123,0.07823106071777355,-0.1779323924560548,-0.021470271020507678,ok
276,26.336051527992822,167.0,37.5,385.0,442.0,167.0,37.5,385.0,442.0,165.114527734375,37.3114527734375,387.48882339062504,442.226256671875,tracker,nan,nan,nan,nan,0.9273583292961121,nan,0,nan,nan,nan,TRACKING,0.03475588701257948,0.0,0.0,20.715668764729823,0,0,0,0.0,0.0,1.0,0,0,0,0,0,0,0,VERIFIED,0.669809,1,0,1,0.0,0,1,0,adopt_standby,1,1,0.1214341857177736,-0.22130470139973957,-0.0995871156298828,0.07893222071655284,-0.17851933634643563,-0.02065489491332996,ok
277,26.38570555699698,167.0,37.5,385.0,442.0,167.0,37.5,385.0,442.0,165.77444302734375,37.377444302734375,386.61773520390625,442.14706683671875,tracker,nan,nan,nan,nan,0.9288342595100403,nan,0,nan,nan,nan,TRACKING,0.03608862900000531,0.0,0.0,20.139352637753376,0,0,0,0.0,0.0,1.0,0,0,0,0,0,0,0,VERIFIED,0.669809,1,0,1,0.0,0,1,0,adopt_standby,1,1,0.12213534571655274,-0.2211397225764974,-0.09951287515942382,0.07938797471575929,-0.17890084987518312,-0.020124900443664537,ok
278,26.435307135994663,167.0,37.5,385.0,442.0,167.0,37.5,385.0,442.0,166.20338796777344,37.420338796777344,386.05152788253906,442.0955934438672,tracker,nan,nan,nan,nan,0.9287177324295044,nan,0,nan,nan,nan,TRACKING,0.036107797001022846,0.0,0.0,20.160648515781205,0,0,0,0.0,0.0,1.0,0,0,0,0,0,0,0,VERIFIED,0.669809,1,0,1,0.0,0,1,0,adopt_standby,1,1,0.12259109971575928,-0.22103248634139006,-0.09946461885362552,0.07968421481524353,-0.17914883366886905,-0.019780404038381993,ok
279,26.48834510499728,167.0,37.5,385.0,442.0,167.0,37.5,385.0,442.0,166.48220217905273,37.44822021790527,385.6834931236504,442.0621357385137,tracker,nan,nan,nan,nan,0.9348506331443787,nan,0,nan,nan,nan,TRACKING,0.03895609900064301,0.0,0.0,18.854417293970396,0,0,0,0.0,0.0,1.0,0,0,0,0,0,0,0,VERIFIED,0.669809,1,0,1,0.0,0,1,0,adopt_standby,1,1,0.12288733981524355,-0.22096278278857018,-0.09943325225485658,0.07987677087990831,-0.1793100231347649,-0.019556481374948267,ok
280,26.795779882988427,167.0,37.5,385.0,442.0,167.0,37.5,385.0,442.0,141.0,33.0,417.0,447.0,detector,141.0,33.0,417.0,447.0,0.9271590113639832,0.97441,1,0.9129340822643899,0.012747548783981962,1.095369336545807,DETECTOR_CONFIRMED,0.03473047001170926,0.257483189998311,0.0,3.252722436069982,0,0,0,0.0,0.0,1.0,0,0,0,0,0,0,0,VERIFIED,0.669809,1,0,1,0.0,0,1,0,adopt_standby,1,1,0.0921875,-0.23125000000000007,-0.10406250000000003,0.059921875000000006,-0.16398437500000004,-0.044140625000000024,ok
281,26.849249841994606,167.0,37.5,385.0,442.0,167.0,37.5,385.0,442.0,150.1,34.575,405.8,445.25,tracker,nan,nan,nan,nan,0.9315553903579712,nan,0,nan,nan,nan,TRACKING,0.03921287599951029,0.0,0.0,18.70209026875142,0,0,0,0.0,0.0,1.0,0,0,0,0,0,0,0,VERIFIED,0.669809,1,0,1,0.0,0,1,0,adopt_standby,1,1,0.103125,-0.22760416666666672,-0.10242187500000002,0.06703125,-0.16945312500000004,-0.03539062500000002,ok
282,26.90093657899706,167.0,37.5,385.0,442.0,167.0,37.5,385.0,442.0,156.015,35.59875,398.52000000000004,444.1125,tracker,nan,nan,nan,nan,0.9338047504425049,nan,0,nan,nan,nan,TRACKING,0.037651587001164444,0.0,0.0,19.347323085078674,0,0,0,0.0,0.0,1.0,0,0,0,0,0,0,0,VERIFIED,0.669809,1,0,1,0.0,0,1,0,adopt_standby,1,1,0.11023437499999993,-0.2252343750000001,-0.10135546875000005,0.07165234374999996,-0.17300781250000002,-0.029703125000000094,ok
283,26.952256222997676,167.0,37.5,385.0,442.0,167.0,37.5,385.0,442.0,159.85975,36.264187500000006,393.788,443.373125,tracker,nan,nan,nan,nan,0.9342764019966125,nan,0,nan,nan,nan,TRACKING,0.03748512400488835,0.0,0.0,19.48571583988452,0,0,0,0.0,0.0,1.0,0,0,0,0,0,0,0,VERIFIED,0.669809,1,0,1,0.0,0,1,0,adopt_standby,1,1,0.1148554687499999,-0.2236940104166667,-0.10066230468750002,0.07465605468749993,-0.17531835937499995,-0.026006250000000092,ok
284,27.001218149991473,167.0,37.5,385.0,442.0,167.0,37.5,385.0,442.0,162.3588375,36.69672187500001,390.71220000000005,442.89253125,tracker,nan,nan,nan,nan,0.9322704076766968,nan,0,nan,nan,nan,TRACKING,0.03517928399378434,0.0,0.0,20.42403274133143,0,0,0,0.0,0.0,1.0,0,0,0,0,0,0,0,VERIFIED,0.669809,1,0,1,0.0,0,1,0,adopt_standby,1,1,0.11785917968750007,-0.22269277343750005,-0.10021174804687502,0.07660846679687504,-0.17682021484375005,-0.023603281249999983,ok
285,27.057934077995014,167.0,37.5,385.0,442.0,167.0,37.5,385.0,442.0,163.983244375,36.97786921875,388.71293000000003,442.5801453125,tracker,nan,nan,nan,nan,0.9336643815040588,nan,0,nan,nan,nan,TRACKING,0.04290297000261489,0.0,0.0,17.631731247306092,0,0,0,0.0,0.0,1.0,0,0,0,0,0,0,0,VERIFIED,0.669809,1,0,1,0.0,0,1,0,adopt_standby,1,1,0.11981159179687495,-0.2220419694010417,-0.09991888623046877,0.07787753466796872,-0.1777964208984375,-0.022041351562500047,ok
286,27.12057437498879,167.0,37.5,385.0,442.0,167.0,37.5,385.0,442.0,165.03910884375,37.160614992187504,387.41340450000007,442.377094453125,tracker,nan,nan,nan,nan,0.936966598033905,nan,0,nan,nan,nan,TRACKING,0.04854905299725942,0.0,0.0,15.964164411598215,0,0,0,0.0,0.0,1.0,0,0,0,0,0,0,0,VERIFIED,0.669809,1,0,1,0.0,0,1,0,adopt_standby,1,1,0.12108065966796885,-0.22161894677734373,-0.09972852604980469,0.07870242878417975,-0.17843095483398444,-0.021026097265624932,ok
287,27.18261903298844,167.0,37.5,385.0,442.0,167.0,37.5,385.0,442.0,165.7254207484375,37.279399744921875,386.56871292500006,442.24511139453125,tracker,nan,nan,nan,nan,0.9379691481590271,nan,0,nan,nan,nan,TRACKING,0.04739667900139466,0.0,0.0,16.117423034319035,0,0,0,0.0,0.0,1.0,0,0,0,0,0,0,0,VERIFIED,0.669809,1,0,1,0.0,0,1,0,adopt_standby,1,1,0.1219055537841797,-0.22134398207194017,-0.09960479193237308,0.07923860995971681,-0.1788434018920899,-0.020366181972656272,ok
288,27.254197839996777,167.0,37.5,385.0,442.0,167.0,37.5,385.0,442.0,166.17152348648438,37.35660983419922,386.01966340125006,442.1593224064453,tracker,nan,nan,nan,nan,0.9347314834594727,nan,0,nan,nan,nan,TRACKING,0.05691239099542145,0.0,0.0,13.97061563045521,0,0,0,0.0,0.0,1.0,0,0,0,0,0,0,0,VERIFIED,0.669809,1,0,1,0.0,0,1,0,adopt_standby,1,1,0.1224417349597168,-0.22116525501342776,-0.0995243647560425,0.07958712772381592,-0.17911149247985841,-0.01993723703222658,ok
289,27.31715934399108,167.0,37.5,385.0,442.0,167.0,37.5,385.0,442.0,166.46149026621484,37.406796392229495,385.66278121081257,442.1035595641894,tracker,nan,nan,nan,nan,0.9382322430610657,nan,0,nan,nan,nan,TRACKING,0.04899734498758335,0.0,0.0,15.882720973287128,0,0,0,0.0,0.0,1.0,0,0,0,0,0,0,0,VERIFIED,0.669809,1,0,1,0.0,0,1,0,adopt_standby,1,1,0.12279025272381609,-0.22104908242539467,-0.0994720870914276,0.07981366427048046,-0.17928575136190805,-0.01965842282094714,ok
290,27.56024096799956,167.0,37.5,385.0,442.0,167.0,37.5,385.0,442.0,146.0,34.0,416.0,446.0,detector,146.0,34.0,416.0,446.0,0.9376586675643921,0.973056,1,0.9171804932735426,0.007126096406869612,1.090297937356761,DETECTOR_CONFIRMED,0.0392024600005243,0.18648418900556862,0.0,4.113844491861323,0,0,0,0.0,0.0,1.0,0,0,0,0,0,0,0,VERIFIED,0.669809,1,0,1,0.0,0,1,0,adopt_standby,1,1,0.10625,-0.22916666666666674,-0.10312500000000004,0.0690625,-0.17218750000000005,-0.03406250000000004,ok
291,27.613308676998713,167.0,37.5,385.0,442.0,167.0,37.5,385.0,442.0,153.35,35.225,405.15000000000003,444.6,tracker,nan,nan,nan,nan,0.9375475645065308,nan,0,nan,nan,nan,TRACKING,0.038337386009516194,0.0,0.0,18.843850975665664,0,0,0,0.0,0.0,1.0,0,0,0,0,0,0,0,VERIFIED,0.669809,1,0,1,0.0,0,1,0,adopt_standby,1,1,0.11226562500000004,-0.22625000000000006,-0.10181250000000003,0.07297265625000003,-0.17478515625000007,-0.028839843749999997,ok
292,27.662036900990643,167.0,37.5,385.0,442.0,167.0,37.5,385.0,442.0,158.1275,36.02125,398.0975,443.69,tracker,nan,nan,nan,nan,0.9323165416717529,nan,0,nan,nan,nan,TRACKING,0.034977716000867076,0.0,0.0,20.521987424898178,0,0,0,0.0,0.0,1.0,0,0,0,0,0,0,0,VERIFIED,0.669809,1,0,1,0.0,0,1,0,adopt_standby,1,1,0.11617578124999994,-0.22435416666666674,-0.10095937500000003,0.07551425781249997,-0.1764736328125,-0.02544511718750006,ok
293,27.719619204988703,167.0,37.5,385.0,442.0,167.0,37.5,385.0,442.0,161.232875,36.538812500000006,393.51337500000005,443.0985,tracker,nan,nan,nan,nan,0.9326032996177673,nan,0,nan,nan,nan,TRACKING,0.04372783500002697,0.0,0.0,17.366446469972473,0,0,0,0.0,0.0,1.0,0,0,0,0,0,0,0,VERIFIED,0.669809,1,0,1,0.0,0,1,0,adopt_standby,1,1,0.1187173828125001,-0.22312187500000003,-0.10040484375000001,0.07716629882812508,-0.1775711425781251,-0.023238544921874937,ok
294,27.7760075719998,167.0,37.5,385.0,442.0,167.0,37.5,385.0,442.0,163.25136875,36.87522812500001,390.53369375000005,442.714025,tracker,nan,nan,nan,nan,0.9337558746337891,nan,0,nan,nan,nan,TRACKING,0.04153392500302289,0.0,0.0,17.734154276949223,0,0,0,0.0,0.0,1.0,0,0,0,0,0,0,0,VERIFIED,0.669809,1,0,1,0.0,0,1,0,adopt_standby,1,1,0.12036942382812513,-0.22232088541666672,-0.10004439843750003,0.07824012548828134,-0.17828452392578137,-0.02180427294921869,ok
295,27.877589853000245,167.0,37.5,385.0,442.0,167.0,37.5,385.0,442.0,164.5633896875,37.093898281250006,388.59690093750004,442.46411625,tracker,nan,nan,nan,nan,0.9328235983848572,nan,0,nan,nan,nan,TRACKING,0.0873310320021119,0.0,0.0,9.844236515968806,0,0,0,0.0,0.0,1.0,0,0,0,0,0,0,0,VERIFIED,0.669809,1,0,1,0.0,0,1,0,adopt_standby,1,1,0.12144325048828133,-0.22180024218750005,-0.09981010898437502,0.07893811281738287,-0.1787482218017579,-0.020871996166992146,ok
296,27.942768496999633,167.0,37.5,385.0,442.0,167.0,37.5,385.0,442.0,165.416203296875,37.23603388281251,387.33798560937504,442.3016755625,tracker,nan,nan,nan,nan,0.9282236695289612,nan,0,nan,nan,nan,TRACKING,0.05085489300836343,0.0,0.0,15.342448670907956,0,0,0,0.0,0.0,1.0,0,0,0,0,0,0,0,VERIFIED,0.669809,1,0,1,0.0,0,1,0,adopt_standby,1,1,0.12214123781738291,-0.22146182408854176,-0.0996578208398438,0.0793918045812989,-0.1790496254211427,-0.020266016258544906,ok
297,27.998500961999525,167.0,37.5,385.0,442.0,167.0,37.5,385.0,442.0,165.97053214296875,37.328422023828125,386.51969064609375,442.196089115625,tracker,nan,nan,nan,nan,0.9261088371276855,nan,0,nan,nan,nan,TRACKING,0.04197497799759731,0.0,0.0,17.94286328447775,0,0,0,0.0,0.0,1.0,0,0,0,0,0,0,0,VERIFIED,0.669809,1,0,1,0.0,0,1,0,adopt_standby,1,1,0.12259492958129883,-0.22124185232421878,-0.09955883354589845,0.07968670422784424,-0.1792455377737427,-0.01987212931805421,ok
298,28.051283455992234,167.0,37.5,385.0,442.0,167.0,37.5,385.0,442.0,166.3308458929297,37.38847431548828,385.98779891996094,442.12745792515625,tracker,nan,nan,nan,nan,0.927351176738739,nan,0,nan,nan,nan,TRACKING,0.03888130599807482,0.0,0.0,18.945675438112872,0,0,0,0.0,0.0,1.0,0,0,0,0,0,0,0,VERIFIED,0.669809,1,0,1,0.0,0,1,0,adopt_standby,1,1,0.12288982922784424,-0.22109887067740885,-0.09949449180483398,0.07987838899809875,-0.17937288080293273,-0.01961610280673523,ok
299,28.112965030988562,167.0,37.5,385.0,442.0,167.0,37.5,385.0,442.0,166.5650498304043,37.427508305067384,385.6420692979746,442.0828476513516,tracker,nan,nan,nan,nan,0.9283294081687927,nan,0,nan,nan,nan,TRACKING,0.04699177300790325,0.0,0.0,16.212296784891304,0,0,0,0.0,0.0,1.0,0,0,0,0,0,0,0,VERIFIED,0.669809,1,0,1,0.0,0,1,0,adopt_standby,1,1,0.12308151399809866,-0.22100593260698254,-0.09945266967314215,0.08000298409876413,-0.17945565377190628,-0.01944968557437801,ok
