frame_index,timestamp_s,tracker_x,tracker_y,tracker_w,tracker_h,final_x,final_y,final_w,final_h,det_x,det_y,det_w,det_h,tracker_score,det_conf,det_count,best_detector_iou,best_center_distance_ratio,best_area_ratio,state,track_time_s,detect_time_s,init_time_s,fps,is_low_score,is_very_low_score,is_out_of_frame,center_delta_px,center_delta_ratio,area_ratio,is_large_jump,is_large_area_change,consecutive_suspicious,ambiguous_detection,soft_reinitializations,hard_reinitializations,background_lock_events
0,1.7321705459999635,nan,nan,nan,nan,nan,nan,nan,nan,nan,nan,nan,nan,,nan,0,nan,nan,nan,SEARCHING,0.0,0.7763691459999791,0.0,0.5773099771913534,0,0,0,0.0,0.0,1.0,0,0,0,0,0,0,0
1,2.008777039999984,nan,nan,nan,nan,nan,nan,nan,nan,nan,nan,nan,nan,,nan,0,nan,nan,nan,SEARCHING,0.0,0.0,0.0,3.6152441164303455,0,0,0,0.0,0.0,1.0,0,0,0,0,0,0,0
2,2.9350246399999946,nan,nan,nan,nan,nan,nan,nan,nan,nan,nan,nan,nan,,nan,0,nan,nan,nan,SEARCHING,0.0,0.0,0.0,1.0796249296624234,0,0,0,0.0,0.0,1.0,0,0,0,0,0,0,0
3,3.094989708000014,nan,nan,nan,nan,nan,nan,nan,nan,nan,nan,nan,nan,,nan,0,nan,nan,nan,SEARCHING,0.0,0.14142455600000403,0.0,6.251364829225578,0,0,0,0.0,0.0,1.0,0,0,0,0,0,0,0
4,3.125576604999992,nan,nan,nan,nan,nan,nan,nan,nan,nan,nan,nan,nan,,nan,0,nan,nan,nan,SEARCHING,0.0,0.0,0.0,32.69373810624609,0,0,0,0.0,0.0,1.0,0,0,0,0,0,0,0
5,3.155724807000013,nan,nan,nan,nan,nan,nan,nan,nan,nan,nan,nan,nan,,nan,0,nan,nan,nan,SEARCHING,0.0,0.0,0.0,33.16947392084314,0,0,0,0.0,0.0,1.0,0,0,0,0,0,0,0
6,3.40694298599999,nan,nan,nan,nan,nan,nan,nan,nan,nan,nan,nan,nan,,nan,0,nan,nan,nan,SEARCHING,0.0,0.22146554699997978,0.0,3.980603648910657,0,0,0,0.0,0.0,1.0,0,0,0,0,0,0,0
7,3.416974025000002,nan,nan,nan,nan,nan,nan,nan,nan,nan,nan,nan,nan,,nan,0,nan,nan,nan,SEARCHING,0.0,0.0,0.0,99.69057043829905,0,0,0,0.0,0.0,1.0,0,0,0,0,0,0,0
8,3.4268083449999835,nan,nan,nan,nan,nan,nan,nan,nan,nan,nan,nan,nan,,nan,0,nan,nan,nan,SEARCHING,0.0,0.0,0.0,101.68471231380069,0,0,0,0.0,0.0,1.0,0,0,0,0,0,0,0
9,3.591891180999994,nan,nan,nan,nan,nan,nan,nan,nan,nan,nan,nan,nan,,nan,0,nan,nan,nan,SEARCHING,0.0,0.1386539200000243,0.0,6.057564942729336,0,0,0,0.0,0.0,1.0,0,0,0,0,0,0,0
10,3.6016176379999933,nan,nan,nan,nan,nan,nan,nan,nan,nan,nan,nan,nan,,nan,0,nan,nan,nan,SEARCHING,0.0,0.0,0.0,102.81236014306874,0,0,0,0.0,0.0,1.0,0,0,0,0,0,0,0
11,3.621391903000017,nan,nan,nan,nan,nan,nan,nan,nan,nan,nan,nan,nan,,nan,0,nan,nan,nan,SEARCHING,0.0,0.0,0.0,50.57077974826389,0,0,0,0.0,0.0,1.0,0,0,0,0,0,0,0
12,3.7976235309999993,nan,nan,nan,nan,nan,nan,nan,nan,nan,nan,nan,nan,,nan,0,nan,nan,nan,SEARCHING,0.0,0.14433300299998564,0.0,5.6743503498707994,0,0,0,0.0,0.0,1.0,0,0,0,0,0,0,0
13,3.8103188779999755,nan,nan,nan,nan,nan,nan,nan,nan,nan,nan,nan,nan,,nan,0,nan,nan,nan,SEARCHING,0.0,0.0,0.0,78.76901671154589,0,0,0,0.0,0.0,1.0,0,0,0,0,0,0,0
14,3.821709491999968,nan,nan,nan,nan,nan,nan,nan,nan,nan,nan,nan,nan,,nan,0,nan,nan,nan,SEARCHING,0.0,0.0,0.0,87.79157997985415,0,0,0,0.0,0.0,1.0,0,0,0,0,0,0,0
15,4.003850827000008,nan,nan,nan,nan,nan,nan,nan,nan,nan,nan,nan,nan,,nan,0,nan,nan,nan,SEARCHING,0.0,0.15010562700001628,0.0,5.4902419596286665,0,0,0,0.0,0.0,1.0,0,0,0,0,0,0,0
16,4.022009893000018,nan,nan,nan,nan,nan,nan,nan,nan,nan,nan,nan,nan,,nan,0,nan,nan,nan,SEARCHING,0.0,0.0,0.0,55.06891158385927,0,0,0,0.0,0.0,1.0,0,0,0,0,0,0,0
17,4.0573418330000095,nan,nan,nan,nan,nan,nan,nan,nan,nan,nan,nan,nan,,nan,0,nan,nan,nan,SEARCHING,0.0,0.0,0.0,28.303002892007367,0,0,0,0.0,0.0,1.0,0,0,0,0,0,0,0
18,4.240696233999984,nan,nan,nan,nan,nan,nan,nan,nan,nan,nan,nan,nan,,nan,0,nan,nan,nan,SEARCHING,0.0,0.1513399429999822,0.0,5.453918719955574,0,0,0,0.0,0.0,1.0,0,0,0,0,0,0,0
19,4.250814563999995,nan,nan,nan,nan,nan,nan,nan,nan,nan,nan,nan,nan,,nan,0,nan,nan,nan,SEARCHING,0.0,0.0,0.0,98.83053824088091,0,0,0,0.0,0.0,1.0,0,0,0,0,0,0,0
20,4.514762344000019,nan,nan,nan,nan,nan,nan,nan,nan,nan,nan,nan,nan,,nan,0,nan,nan,nan,SEARCHING,0.0,0.0,0.0,3.7886281900151255,0,0,0,0.0,0.0,1.0,0,0,0,0,0,0,0
21,4.665166591000002,nan,nan,nan,nan,nan,nan,nan,nan,nan,nan,nan,nan,,nan,0,nan,nan,nan,SEARCHING,0.0,0.1378393090000145,0.0,6.64874842264336,0,0,0,0.0,0.0,1.0,0,0,0,0,0,0,0
22,4.674215973000003,nan,nan,nan,nan,nan,nan,nan,nan,nan,nan,nan,nan,,nan,0,nan,nan,nan,SEARCHING,0.0,0.0,0.0,110.50478364157166,0,0,0,0.0,0.0,1.0,0,0,0,0,0,0,0
23,4.689281625999968,nan,nan,nan,nan,nan,nan,nan,nan,nan,nan,nan,nan,,nan,0,nan,nan,nan,SEARCHING,0.0,0.0,0.0,66.37614712102534,0,0,0,0.0,0.0,1.0,0,0,0,0,0,0,0
24,4.90359399099998,nan,nan,nan,nan,nan,nan,nan,nan,nan,nan,nan,nan,,nan,0,nan,nan,nan,SEARCHING,0.0,0.17806962999998177,0.0,4.666086345507614,0,0,0,0.0,0.0,1.0,0,0,0,0,0,0,0
25,5.108183800000006,nan,nan,nan,nan,nan,nan,nan,nan,nan,nan,nan,nan,,nan,0,nan,nan,nan,SEARCHING,0.0,0.0,0.0,4.887828992498208,0,0,0,0.0,0.0,1.0,0,0,0,0,0,0,0
26,5.125565327000004,nan,nan,nan,nan,nan,nan,nan,nan,nan,nan,nan,nan,,nan,0,nan,nan,nan,SEARCHING,0.0,0.0,0.0,57.53234454027719,0,0,0,0.0,0.0,1.0,0,0,0,0,0,0,0
27,5.475817217999975,nan,nan,nan,nan,nan,nan,nan,nan,nan,nan,nan,nan,,nan,0,nan,nan,nan,SEARCHING,0.0,0.3114757829999917,0.0,2.8550880828794254,0,0,0,0.0,0.0,1.0,0,0,0,0,0,0,0
28,5.486534983000013,nan,nan,nan,nan,nan,nan,nan,nan,nan,nan,nan,nan,,nan,0,nan,nan,nan,SEARCHING,0.0,0.0,0.0,93.30303472752462,0,0,0,0.0,0.0,1.0,0,0,0,0,0,0,0
29,5.497108840999999,nan,nan,nan,nan,nan,nan,nan,nan,nan,nan,nan,nan,,nan,0,nan,nan,nan,SEARCHING,0.0,0.0,0.0,94.57286072891004,0,0,0,0.0,0.0,1.0,0,0,0,0,0,0,0
30,5.998850700999981,nan,nan,nan,nan,nan,nan,nan,nan,nan,nan,nan,nan,,nan,0,nan,nan,nan,SEARCHING,0.0,0.15709538799995926,0.0,1.9930567483447306,0,0,0,0.0,0.0,1.0,0,0,0,0,0,0,0
31,6.009260236999978,nan,nan,nan,nan,nan,nan,nan,nan,nan,nan,nan,nan,,nan,0,nan,nan,nan,SEARCHING,0.0,0.0,0.0,96.0657612404867,0,0,0,0.0,0.0,1.0,0,0,0,0,0,0,0
32,6.025455894000004,nan,nan,nan,nan,nan,nan,nan,nan,nan,nan,nan,nan,,nan,0,nan,nan,nan,SEARCHING,0.0,0.0,0.0,61.744948043689405,0,0,0,0.0,0.0,1.0,0,0,0,0,0,0,0
33,6.299521862000006,nan,nan,nan,nan,nan,nan,nan,nan,nan,nan,nan,nan,,nan,0,nan,nan,nan,SEARCHING,0.0,0.23827914999998256,0.0,3.6487565650617086,0,0,0,0.0,0.0,1.0,0,0,0,0,0,0,0
34,6.310174996000001,nan,nan,nan,nan,nan,nan,nan,nan,nan,nan,nan,nan,,nan,0,nan,nan,nan,SEARCHING,0.0,0.0,0.0,93.86909054185364,0,0,0,0.0,0.0,1.0,0,0,0,0,0,0,0
35,6.329217212000003,nan,nan,nan,nan,nan,nan,nan,nan,nan,nan,nan,nan,,nan,0,nan,nan,nan,SEARCHING,0.0,0.0,0.0,52.51489637549883,0,0,0,0.0,0.0,1.0,0,0,0,0,0,0,0
36,6.501020847999996,nan,nan,nan,nan,nan,nan,nan,nan,nan,nan,nan,nan,,nan,0,nan,nan,nan,SEARCHING,0.0,0.13975772300000244,0.0,5.820598581511056,0,0,0,0.0,0.0,1.0,0,0,0,0,0,0,0
37,6.510769246999985,nan,nan,nan,nan,nan,nan,nan,nan,nan,nan,nan,nan,,nan,0,nan,nan,nan,SEARCHING,0.0,0.0,0.0,102.58094688175564,0,0,0,0.0,0.0,1.0,0,0,0,0,0,0,0
38,6.529409380000004,nan,nan,nan,nan,nan,nan,nan,nan,nan,nan,nan,nan,,nan,0,nan,nan,nan,SEARCHING,0.0,0.0,0.0,53.647685882872054,0,0,0,0.0,0.0,1.0,0,0,0,0,0,0,0
39,6.696229598999992,nan,nan,nan,nan,nan,nan,nan,nan,nan,nan,nan,nan,,nan,0,nan,nan,nan,SEARCHING,0.0,0.1349931590000324,0.0,5.994477204229514,0,0,0,0.0,0.0,1.0,0,0,0,0,0,0,0
40,6.7059197689999905,nan,nan,nan,nan,nan,nan,nan,nan,nan,nan,nan,nan,,nan,0,nan,nan,nan,SEARCHING,0.0,0.0,0.0,103.19736392654711,0,0,0,0.0,0.0,1.0,0,0,0,0,0,0,0
41,6.72924941499997,nan,nan,nan,nan,nan,nan,nan,nan,nan,nan,nan,nan,,nan,0,nan,nan,nan,SEARCHING,0.0,0.0,0.0,42.86391658068411,0,0,0,0.0,0.0,1.0,0,0,0,0,0,0,0
42,7.044566123999971,nan,nan,nan,nan,nan,nan,nan,nan,nan,nan,nan,nan,,nan,0,nan,nan,nan,SEARCHING,0.0,0.28326454500000864,0.0,3.1714145538668443,0,0,0,0.0,0.0,1.0,0,0,0,0,0,0,0
43,7.05514373799997,nan,nan,nan,nan,nan,nan,nan,nan,nan,nan,nan,nan,,nan,0,nan,nan,nan,SEARCHING,0.0,0.0,0.0,94.53927889598768,0,0,0,0.0,0.0,1.0,0,0,0,0,0,0,0
44,7.066479368999978,nan,nan,nan,nan,nan,nan,nan,nan,nan,nan,nan,nan,,nan,0,nan,nan,nan,SEARCHING,0.0,0.0,0.0,88.21740933515255,0,0,0,0.0,0.0,1.0,0,0,0,0,0,0,0
45,7.406497032000004,nan,nan,nan,nan,nan,nan,nan,nan,nan,nan,nan,nan,,nan,0,nan,nan,nan,SEARCHING,0.0,0.3091927859999828,0.0,2.941023684407605,0,0,0,0.0,0.0,1.0,0,0,0,0,0,0,0
46,7.416773714999977,nan,nan,nan,nan,nan,nan,nan,nan,nan,nan,nan,nan,,nan,0,nan,nan,nan,SEARCHING,0.0,0.0,0.0,97.30766240456133,0,0,0,0.0,0.0,1.0,0,0,0,0,0,0,0
47,7.429764190000014,nan,nan,nan,nan,nan,nan,nan,nan,nan,nan,nan,nan,,nan,0,nan,nan,nan,SEARCHING,0.0,0.0,0.0,76.97947919510948,0,0,0,0.0,0.0,1.0,0,0,0,0,0,0,0
48,7.738432272000011,nan,nan,nan,nan,nan,nan,nan,nan,nan,nan,nan,nan,,nan,0,nan,nan,nan,SEARCHING,0.0,0.27321914399999514,0.0,3.23972596557622,0,0,0,0.0,0.0,1.0,0,0,0,0,0,0,0
49,7.750366917000008,nan,nan,nan,nan,nan,nan,nan,nan,nan,nan,nan,nan,,nan,0,nan,nan,nan,SEARCHING,0.0,0.0,0.0,83.78967283905654,0,0,0,0.0,0.0,1.0,0,0,0,0,0,0,0
50,7.766861703000018,nan,nan,nan,nan,nan,nan,nan,nan,nan,nan,nan,nan,,nan,0,nan,nan,nan,SEARCHING,0.0,0.0,0.0,60.62521817496806,0,0,0,0.0,0.0,1.0,0,0,0,0,0,0,0
51,8.196513943000014,nan,nan,nan,nan,nan,nan,nan,nan,nan,nan,nan,nan,,nan,0,nan,nan,nan,SEARCHING,0.0,0.39818901800003914,0.0,2.3274637180991067,0,0,0,0.0,0.0,1.0,0,0,0,0,0,0,0
52,8.206950207999967,nan,nan,nan,nan,nan,nan,nan,nan,nan,nan,nan,nan,,nan,0,nan,nan,nan,SEARCHING,0.0,0.0,0.0,95.81972094465839,0,0,0,0.0,0.0,1.0,0,0,0,0,0,0,0
53,8.238123900999994,nan,nan,nan,nan,nan,nan,nan,nan,nan,nan,nan,nan,,nan,0,nan,nan,nan,SEARCHING,0.0,0.0,0.0,32.07832963515437,0,0,0,0.0,0.0,1.0,0,0,0,0,0,0,0
54,8.541986499000018,nan,nan,nan,nan,nan,nan,nan,nan,nan,nan,nan,nan,,nan,0,nan,nan,nan,SEARCHING,0.0,0.2756372289999831,0.0,3.290961133689521,0,0,0,0.0,0.0,1.0,0,0,0,0,0,0,0
55,8.552263342999993,nan,nan,nan,nan,nan,nan,nan,nan,nan,nan,nan,nan,,nan,0,nan,nan,nan,SEARCHING,0.0,0.0,0.0,97.30613795465177,0,0,0,0.0,0.0,1.0,0,0,0,0,0,0,0
56,8.565897156000005,nan,nan,nan,nan,nan,nan,nan,nan,nan,nan,nan,nan,,nan,0,nan,nan,nan,SEARCHING,0.0,0.0,0.0,73.34705265497422,0,0,0,0.0,0.0,1.0,0,0,0,0,0,0,0
57,8.959422258000018,nan,nan,nan,nan,nan,nan,nan,nan,nan,nan,nan,nan,,nan,0,nan,nan,nan,SEARCHING,0.0,0.3619897820000233,0.0,2.5411339579551617,0,0,0,0.0,0.0,1.0,0,0,0,0,0,0,0
58,8.969397852999975,nan,nan,nan,nan,nan,nan,nan,nan,nan,nan,nan,nan,,nan,0,nan,nan,nan,SEARCHING,0.0,0.0,0.0,100.24464706157889,0,0,0,0.0,0.0,1.0,0,0,0,0,0,0,0
59,8.979865060999998,nan,nan,nan,nan,nan,nan,nan,nan,nan,nan,nan,nan,,nan,0,nan,nan,nan,SEARCHING,0.0,0.0,0.0,95.53646015229899,0,0,0,0.0,0.0,1.0,0,0,0,0,0,0,0
60,9.23382584899997,nan,nan,nan,nan,nan,nan,nan,nan,nan,nan,nan,nan,,nan,0,nan,nan,nan,SEARCHING,0.0,0.23050669299999527,0.0,3.9376157550751882,0,0,0,0.0,0.0,1.0,0,0,0,0,0,0,0
61,9.245594979999964,nan,nan,nan,nan,nan,nan,nan,nan,nan,nan,nan,nan,,nan,0,nan,nan,nan,SEARCHING,0.0,0.0,0.0,84.96804054611177,0,0,0,0.0,0.0,1.0,0,0,0,0,0,0,0
62,9.269268917999966,nan,nan,nan,nan,nan,nan,nan,nan,nan,nan,nan,nan,,nan,0,nan,nan,nan,SEARCHING,0.0,0.0,0.0,42.24054316607263,0,0,0,0.0,0.0,1.0,0,0,0,0,0,0,0
63,9.549160897999968,nan,nan,nan,nan,nan,nan,nan,nan,nan,nan,nan,nan,,nan,0,nan,nan,nan,SEARCHING,0.0,0.2479464920000396,0.0,3.572806909294051,0,0,0,0.0,0.0,1.0,0,0,0,0,0,0,0
64,9.559440611000014,nan,nan,nan,nan,nan,nan,nan,nan,nan,nan,nan,nan,,nan,0,nan,nan,nan,SEARCHING,0.0,0.0,0.0,97.27898045359689,0,0,0,0.0,0.0,1.0,0,0,0,0,0,0,0
65,9.570649279000008,nan,nan,nan,nan,nan,nan,nan,nan,nan,nan,nan,nan,,nan,0,nan,nan,nan,SEARCHING,0.0,0.0,0.0,89.21666695814949,0,0,0,0.0,0.0,1.0,0,0,0,0,0,0,0
66,9.875422603000004,nan,nan,nan,nan,nan,nan,nan,nan,nan,nan,nan,nan,,nan,0,nan,nan,nan,SEARCHING,0.0,0.2732424159999596,0.0,3.2811270582198793,0,0,0,0.0,0.0,1.0,0,0,0,0,0,0,0
67,9.885696690999964,nan,nan,nan,nan,nan,nan,nan,nan,nan,nan,nan,nan,,nan,0,nan,nan,nan,SEARCHING,0.0,0.0,0.0,97.33224009799054,0,0,0,0.0,0.0,1.0,0,0,0,0,0,0,0
68,9.90168550300001,nan,nan,nan,nan,nan,nan,nan,nan,nan,nan,nan,nan,,nan,0,nan,nan,nan,SEARCHING,0.0,0.0,0.0,62.54373370561391,0,0,0,0.0,0.0,1.0,0,0,0,0,0,0,0
69,10.182826596999973,nan,nan,nan,nan,nan,nan,nan,nan,nan,nan,nan,nan,,nan,0,nan,nan,nan,SEARCHING,0.0,0.24538045600002079,0.0,3.5569328758467833,0,0,0,0.0,0.0,1.0,0,0,0,0,0,0,0
70,10.193633287000011,nan,nan,nan,nan,nan,nan,nan,nan,nan,nan,nan,nan,,nan,0,nan,nan,nan,SEARCHING,0.0,0.0,0.0,92.53527213202891,0,0,0,0.0,0.0,1.0,0,0,0,0,0,0,0
71,10.205113256999994,nan,nan,nan,nan,nan,nan,nan,nan,nan,nan,nan,nan,,nan,0,nan,nan,nan,SEARCHING,0.0,0.0,0.0,87.10824157219544,0,0,0,0.0,0.0,1.0,0,0,0,0,0,0,0
72,10.514824954000005,nan,nan,nan,nan,nan,nan,nan,nan,nan,nan,nan,nan,,nan,0,nan,nan,nan,SEARCHING,0.0,0.27214887700000645,0.0,3.228809275485526,0,0,0,0.0,0.0,1.0,0,0,0,0,0,0,0
73,10.52610341899998,nan,nan,nan,nan,nan,nan,nan,nan,nan,nan,nan,nan,,nan,0,nan,nan,nan,SEARCHING,0.0,0.0,0.0,88.66454787971492,0,0,0,0.0,0.0,1.0,0,0,0,0,0,0,0
74,10.541898280999987,nan,nan,nan,nan,nan,nan,nan,nan,nan,nan,nan,nan,,nan,0,nan,nan,nan,SEARCHING,0.0,0.0,0.0,63.31172757315359,0,0,0,0.0,0.0,1.0,0,0,0,0,0,0,0
75,10.815511544999993,nan,nan,nan,nan,nan,nan,nan,nan,nan,nan,nan,nan,,nan,0,nan,nan,nan,SEARCHING,0.0,0.2456742090000148,0.0,3.6547935775510556,0,0,0,0.0,0.0,1.0,0,0,0,0,0,0,0
76,10.826168397000004,nan,nan,nan,nan,nan,nan,nan,nan,nan,nan,nan,nan,,nan,0,nan,nan,nan,SEARCHING,0.0,0.0,0.0,93.83634116331625,0,0,0,0.0,0.0,1.0,0,0,0,0,0,0,0
77,10.842105445000016,nan,nan,nan,nan,nan,nan,nan,nan,nan,nan,nan,nan,,nan,0,nan,nan,nan,SEARCHING,0.0,0.0,0.0,62.74687758982991,0,0,0,0.0,0.0,1.0,0,0,0,0,0,0,0
78,11.121404112999983,nan,nan,nan,nan,nan,nan,nan,nan,nan,nan,nan,nan,,nan,0,nan,nan,nan,SEARCHING,0.0,0.2517571129999965,0.0,3.5803965953755195,0,0,0,0.0,0.0,1.0,0,0,0,0,0,0,0
79,11.132191172999967,nan,nan,nan,nan,nan,nan,nan,nan,nan,nan,nan,nan,,nan,0,nan,nan,nan,SEARCHING,0.0,0.0,0.0,92.70366531765515,0,0,0,0.0,0.0,1.0,0,0,0,0,0,0,0
80,11.145049322999967,nan,nan,nan,nan,nan,nan,nan,nan,nan,nan,nan,nan,,nan,0,nan,nan,nan,SEARCHING,0.0,0.0,0.0,77.7716856624035,0,0,0,0.0,0.0,1.0,0,0,0,0,0,0,0
81,11.419690666000008,nan,nan,nan,nan,nan,nan,nan,nan,nan,nan,nan,nan,,nan,0,nan,nan,nan,SEARCHING,0.0,0.24371172200000046,0.0,3.6411124016381193,0,0,0,0.0,0.0,1.0,0,0,0,0,0,0,0
82,11.430007418999992,nan,nan,nan,nan,nan,nan,nan,nan,nan,nan,nan,nan,,nan,0,nan,nan,nan,SEARCHING,0.0,0.0,0.0,96.92972197760098,0,0,0,0.0,0.0,1.0,0,0,0,0,0,0,0
83,11.443432292000011,nan,nan,nan,nan,nan,nan,nan,nan,nan,nan,nan,nan,,nan,0,nan,nan,nan,SEARCHING,0.0,0.0,0.0,74.48860037622318,0,0,0,0.0,0.0,1.0,0,0,0,0,0,0,0
84,11.727644194999982,nan,nan,nan,nan,nan,nan,nan,nan,nan,nan,nan,nan,,nan,0,nan,nan,nan,SEARCHING,0.0,0.254019038000024,0.0,3.5185014752886783,0,0,0,0.0,0.0,1.0,0,0,0,0,0,0,0
85,11.738080842999977,nan,nan,nan,nan,nan,nan,nan,nan,nan,nan,nan,nan,,nan,0,nan,nan,nan,SEARCHING,0.0,0.0,0.0,95.81620458986903,0,0,0,0.0,0.0,1.0,0,0,0,0,0,0,0
86,11.749569156999996,nan,nan,nan,nan,nan,nan,nan,nan,nan,nan,nan,nan,,nan,0,nan,nan,nan,SEARCHING,0.0,0.0,0.0,87.044974571409,0,0,0,0.0,0.0,1.0,0,0,0,0,0,0,0
87,12.146020136000004,nan,nan,nan,nan,nan,nan,nan,nan,nan,nan,nan,nan,,nan,0,nan,nan,nan,SEARCHING,0.0,0.37179862699997557,0.0,2.5223799485181244,0,0,0,0.0,0.0,1.0,0,0,0,0,0,0,0
88,12.156227306000005,nan,nan,nan,nan,nan,nan,nan,nan,nan,nan,nan,nan,,nan,0,nan,nan,nan,SEARCHING,0.0,0.0,0.0,97.97034829437521,0,0,0,0.0,0.0,1.0,0,0,0,0,0,0,0
89,12.173525244000018,nan,nan,nan,nan,nan,nan,nan,nan,nan,nan,nan,nan,,nan,0,nan,nan,nan,SEARCHING,0.0,0.0,0.0,57.810358668140374,0,0,0,0.0,0.0,1.0,0,0,0,0,0,0,0
90,12.447446454999977,nan,nan,nan,nan,nan,nan,nan,nan,nan,nan,nan,nan,,nan,0,nan,nan,nan,SEARCHING,0.0,0.23812523000003694,0.0,3.650684794906779,0,0,0,0.0,0.0,1.0,0,0,0,0,0,0,0
91,12.458015763999981,nan,nan,nan,nan,nan,nan,nan,nan,nan,nan,nan,nan,,nan,0,nan,nan,nan,SEARCHING,0.0,0.0,0.0,94.61356461425927,0,0,0,0.0,0.0,1.0,0,0,0,0,0,0,0
92,12.473424805999969,nan,nan,nan,nan,nan,nan,nan,nan,nan,nan,nan,nan,,nan,0,nan,nan,nan,SEARCHING,0.0,0.0,0.0,64.89696114792935,0,0,0,0.0,0.0,1.0,0,0,0,0,0,0,0
93,12.713207145000013,nan,nan,nan,nan,nan,nan,nan,nan,nan,nan,nan,nan,,nan,0,nan,nan,nan,SEARCHING,0.0,0.20403978199999528,0.0,4.170448933688217,0,0,0,0.0,0.0,1.0,0,0,0,0,0,0,0
94,12.723723225000015,nan,nan,nan,nan,nan,nan,nan,nan,nan,nan,nan,nan,,nan,0,nan,nan,nan,SEARCHING,0.0,0.0,0.0,95.0924679157819,0,0,0,0.0,0.0,1.0,0,0,0,0,0,0,0
95,12.741698670000005,nan,nan,nan,nan,nan,nan,nan,nan,nan,nan,nan,nan,,nan,0,nan,nan,nan,SEARCHING,0.0,0.0,0.0,55.63144612000033,0,0,0,0.0,0.0,1.0,0,0,0,0,0,0,0
96,13.019111167000005,nan,nan,nan,nan,nan,nan,nan,nan,nan,nan,nan,nan,,nan,0,nan,nan,nan,SEARCHING,0.0,0.24177139799996894,0.0,3.6047402723893835,0,0,0,0.0,0.0,1.0,0,0,0,0,0,0,0
97,13.029606882999985,nan,nan,nan,nan,nan,nan,nan,nan,nan,nan,nan,nan,,nan,0,nan,nan,nan,SEARCHING,0.0,0.0,0.0,95.27696824132015,0,0,0,0.0,0.0,1.0,0,0,0,0,0,0,0
98,13.047437275999982,nan,nan,nan,nan,nan,nan,nan,nan,nan,nan,nan,nan,,nan,0,nan,nan,nan,SEARCHING,0.0,0.0,0.0,56.084013403415625,0,0,0,0.0,0.0,1.0,0,0,0,0,0,0,0
99,13.323978179999983,nan,nan,nan,nan,nan,nan,nan,nan,nan,nan,nan,nan,,nan,0,nan,nan,nan,SEARCHING,0.0,0.2455407890000174,0.0,3.6161015804012737,0,0,0,0.0,0.0,1.0,0,0,0,0,0,0,0
100,13.334733950999976,nan,nan,nan,nan,nan,nan,nan,nan,nan,nan,nan,nan,,nan,0,nan,nan,nan,SEARCHING,0.0,0.0,0.0,92.97334426334568,0,0,0,0.0,0.0,1.0,0,0,0,0,0,0,0
101,13.351625446000014,nan,nan,nan,nan,nan,nan,nan,nan,nan,nan,nan,nan,,nan,0,nan,nan,nan,SEARCHING,0.0,0.0,0.0,59.20139099574789,0,0,0,0.0,0.0,1.0,0,0,0,0,0,0,0
102,13.654969332000007,nan,nan,nan,nan,nan,nan,nan,nan,nan,nan,nan,nan,,nan,0,nan,nan,nan,SEARCHING,0.0,0.27326594499999146,0.0,3.296588611645933,0,0,0,0.0,0.0,1.0,0,0,0,0,0,0,0
103,13.665908279999996,nan,nan,nan,nan,nan,nan,nan,nan,nan,nan,nan,nan,,nan,0,nan,nan,nan,SEARCHING,0.0,0.0,0.0,91.41646893293573,0,0,0,0.0,0.0,1.0,0,0,0,0,0,0,0
104,13.678303060000019,nan,nan,nan,nan,nan,nan,nan,nan,nan,nan,nan,nan,,nan,0,nan,nan,nan,SEARCHING,0.0,0.0,0.0,80.67912459908086,0,0,0,0.0,0.0,1.0,0,0,0,0,0,0,0
105,13.948507914000004,nan,nan,nan,nan,nan,nan,nan,nan,nan,nan,nan,nan,,nan,0,nan,nan,nan,SEARCHING,0.0,0.23885056000000304,0.0,3.700895765551478,0,0,0,0.0,0.0,1.0,0,0,0,0,0,0,0
106,13.958689362999962,nan,nan,nan,nan,nan,nan,nan,nan,nan,nan,nan,nan,,nan,0,nan,nan,nan,SEARCHING,0.0,0.0,0.0,98.21784698858617,0,0,0,0.0,0.0,1.0,0,0,0,0,0,0,0
107,13.977790595999977,nan,nan,nan,nan,nan,nan,nan,nan,nan,nan,nan,nan,,nan,0,nan,nan,nan,SEARCHING,0.0,0.0,0.0,52.35264131897775,0,0,0,0.0,0.0,1.0,0,0,0,0,0,0,0
108,14.626090027999965,nan,nan,nan,nan,nan,nan,nan,nan,nan,nan,nan,nan,,nan,0,nan,nan,nan,SEARCHING,0.0,0.6120988399999874,0.0,1.542497109576396,0,0,0,0.0,0.0,1.0,0,0,0,0,0,0,0
109,14.636578302999965,nan,nan,nan,nan,nan,nan,nan,nan,nan,nan,nan,nan,,nan,0,nan,nan,nan,SEARCHING,0.0,0.0,0.0,95.34456333381657,0,0,0,0.0,0.0,1.0,0,0,0,0,0,0,0
110,14.649795588000018,nan,nan,nan,nan,nan,nan,nan,nan,nan,nan,nan,nan,,nan,0,nan,nan,nan,SEARCHING,0.0,0.0,0.0,75.65850323996159,0,0,0,0.0,0.0,1.0,0,0,0,0,0,0,0
111,15.25562395899999,nan,nan,nan,nan,nan,nan,nan,nan,nan,nan,nan,nan,,nan,0,nan,nan,nan,SEARCHING,0.0,0.5699659939999719,0.0,1.650632502319778,0,0,0,0.0,0.0,1.0,0,0,0,0,0,0,0
112,15.267166972999973,nan,nan,nan,nan,nan,nan,nan,nan,nan,nan,nan,nan,,nan,0,nan,nan,nan,SEARCHING,0.0,0.0,0.0,86.63248610817504,0,0,0,0.0,0.0,1.0,0,0,0,0,0,0,0
113,15.281165250000015,nan,nan,nan,nan,nan,nan,nan,nan,nan,nan,nan,nan,,nan,0,nan,nan,nan,SEARCHING,0.0,0.0,0.0,71.43736332671753,0,0,0,0.0,0.0,1.0,0,0,0,0,0,0,0
114,15.524741929000015,nan,nan,nan,nan,nan,nan,nan,nan,nan,nan,nan,nan,,nan,0,nan,nan,nan,SEARCHING,0.0,0.2100209550000045,0.0,4.1054833496600835,0,0,0,0.0,0.0,1.0,0,0,0,0,0,0,0
115,15.535189531000015,nan,nan,nan,nan,nan,nan,nan,nan,nan,nan,nan,nan,,nan,0,nan,nan,nan,SEARCHING,0.0,0.0,0.0,95.7157441487596,0,0,0,0.0,0.0,1.0,0,0,0,0,0,0,0
116,15.55173530999997,nan,nan,nan,nan,nan,nan,nan,nan,nan,nan,nan,nan,,nan,0,nan,nan,nan,SEARCHING,0.0,0.0,0.0,60.43837524982768,0,0,0,0.0,0.0,1.0,0,0,0,0,0,0,0
117,15.803939642999978,nan,nan,nan,nan,nan,nan,nan,nan,nan,nan,nan,nan,,nan,0,nan,nan,nan,SEARCHING,0.0,0.22236178599996492,0.0,3.9650389353142685,0,0,0,0.0,0.0,1.0,0,0,0,0,0,0,0
118,15.813696880999998,nan,nan,nan,nan,nan,nan,nan,nan,nan,nan,nan,nan,,nan,0,nan,nan,nan,SEARCHING,0.0,0.0,0.0,102.48801966272983,0,0,0,0.0,0.0,1.0,0,0,0,0,0,0,0
119,15.827207191000014,nan,nan,nan,nan,nan,nan,nan,nan,nan,nan,nan,nan,,nan,0,nan,nan,nan,SEARCHING,0.0,0.0,0.0,74.01754659951403,0,0,0,0.0,0.0,1.0,0,0,0,0,0,0,0
120,16.122342559000003,nan,nan,nan,nan,nan,nan,nan,nan,nan,nan,nan,nan,,nan,0,nan,nan,nan,SEARCHING,0.0,0.2729116739999995,0.0,3.388275714891733,0,0,0,0.0,0.0,1.0,0,0,0,0,0,0,0
121,16.132740056999978,nan,nan,nan,nan,nan,nan,nan,nan,nan,nan,nan,nan,,nan,0,nan,nan,nan,SEARCHING,0.0,0.0,0.0,96.17698411698885,0,0,0,0.0,0.0,1.0,0,0,0,0,0,0,0
122,16.149516304999963,nan,nan,nan,nan,nan,nan,nan,nan,nan,nan,nan,nan,,nan,0,nan,nan,nan,SEARCHING,0.0,0.0,0.0,59.608084000718584,0,0,0,0.0,0.0,1.0,0,0,0,0,0,0,0
123,16.451826788000005,nan,nan,nan,nan,nan,nan,nan,nan,nan,nan,nan,nan,,nan,0,nan,nan,nan,SEARCHING,0.0,0.2704305409999961,0.0,3.3078575048945984,0,0,0,0.0,0.0,1.0,0,0,0,0,0,0,0
124,16.462125904999994,nan,nan,nan,nan,nan,nan,nan,nan,nan,nan,nan,nan,,nan,0,nan,nan,nan,SEARCHING,0.0,0.0,0.0,97.09570247635266,0,0,0,0.0,0.0,1.0,0,0,0,0,0,0,0
125,16.49145830599997,nan,nan,nan,nan,nan,nan,nan,nan,nan,nan,nan,nan,,nan,0,nan,nan,nan,SEARCHING,0.0,0.0,0.0,34.091992673930854,0,0,0,0.0,0.0,1.0,0,0,0,0,0,0,0
126,16.782408466999982,nan,nan,nan,nan,nan,nan,nan,nan,nan,nan,nan,nan,,nan,0,nan,nan,nan,SEARCHING,0.0,0.2597948950000273,0.0,3.4370147676253002,0,0,0,0.0,0.0,1.0,0,0,0,0,0,0,0
127,16.792640188000007,nan,nan,nan,nan,nan,nan,nan,nan,nan,nan,nan,nan,,nan,0,nan,nan,nan,SEARCHING,0.0,0.0,0.0,97.73526858263092,0,0,0,0.0,0.0,1.0,0,0,0,0,0,0,0
128,16.81832555799997,nan,nan,nan,nan,nan,nan,nan,nan,nan,nan,nan,nan,,nan,0,nan,nan,nan,SEARCHING,0.0,0.0,0.0,38.932668674870705,0,0,0,0.0,0.0,1.0,0,0,0,0,0,0,0
129,17.07059466999999,nan,nan,nan,nan,nan,nan,nan,nan,nan,nan,nan,nan,,nan,0,nan,nan,nan,SEARCHING,0.0,0.2172197300000107,0.0,3.9640207715953495,0,0,0,0.0,0.0,1.0,0,0,0,0,0,0,0
130,17.081625610000003,nan,nan,nan,nan,nan,nan,nan,nan,nan,nan,nan,nan,,nan,0,nan,nan,nan,SEARCHING,0.0,0.0,0.0,90.65410563369205,0,0,0,0.0,0.0,1.0,0,0,0,0,0,0,0
131,17.09604415399997,nan,nan,nan,nan,nan,nan,nan,nan,nan,nan,nan,nan,,nan,0,nan,nan,nan,SEARCHING,0.0,0.0,0.0,69.35513044884128,0,0,0,0.0,0.0,1.0,0,0,0,0,0,0,0
132,17.394066338000016,nan,nan,nan,nan,nan,nan,nan,nan,nan,nan,nan,nan,,nan,0,nan,nan,nan,SEARCHING,0.0,0.2664958749999755,0.0,3.355454908013972,0,0,0,0.0,0.0,1.0,0,0,0,0,0,0,0
133,17.406185928000014,nan,nan,nan,nan,nan,nan,nan,nan,nan,nan,nan,nan,,nan,0,nan,nan,nan,SEARCHING,0.0,0.0,0.0,82.51104204021794,0,0,0,0.0,0.0,1.0,0,0,0,0,0,0,0
134,17.42127958200001,nan,nan,nan,nan,nan,nan,nan,nan,nan,nan,nan,nan,,nan,0,nan,nan,nan,SEARCHING,0.0,0.0,0.0,66.25300937732935,0,0,0,0.0,0.0,1.0,0,0,0,0,0,0,0
135,17.73110303300001,nan,nan,nan,nan,nan,nan,nan,nan,nan,nan,nan,nan,,nan,0,nan,nan,nan,SEARCHING,0.0,0.27746827599997914,0.0,3.227644636880637,0,0,0,0.0,0.0,1.0,0,0,0,0,0,0,0
136,17.74170663299998,nan,nan,nan,nan,nan,nan,nan,nan,nan,nan,nan,nan,,nan,0,nan,nan,nan,SEARCHING,0.0,0.0,0.0,94.30759364772841,0,0,0,0.0,0.0,1.0,0,0,0,0,0,0,0
137,17.75410992100001,nan,nan,nan,nan,nan,nan,nan,nan,nan,nan,nan,nan,,nan,0,nan,nan,nan,SEARCHING,0.0,0.0,0.0,80.62378298380092,0,0,0,0.0,0.0,1.0,0,0,0,0,0,0,0
138,18.027834341000016,nan,nan,nan,nan,nan,nan,nan,nan,nan,nan,nan,nan,,nan,0,nan,nan,nan,SEARCHING,0.0,0.24207638199999337,0.0,3.6533094124374133,0,0,0,0.0,0.0,1.0,0,0,0,0,0,0,0
139,18.037692679999964,nan,nan,nan,nan,nan,nan,nan,nan,nan,nan,nan,nan,,nan,0,nan,nan,nan,SEARCHING,0.0,0.0,0.0,101.43696620752402,0,0,0,0.0,0.0,1.0,0,0,0,0,0,0,0
140,18.053462948999993,nan,nan,nan,nan,nan,nan,nan,nan,nan,nan,nan,nan,,nan,0,nan,nan,nan,SEARCHING,0.0,0.0,0.0,63.410459263449994,0,0,0,0.0,0.0,1.0,0,0,0,0,0,0,0
141,18.398764587000016,nan,nan,nan,nan,nan,nan,nan,nan,nan,nan,nan,nan,,nan,0,nan,nan,nan,SEARCHING,0.0,0.3091727639999817,0.0,2.8960186977159132,0,0,0,0.0,0.0,1.0,0,0,0,0,0,0,0
142,18.408678398000006,nan,nan,nan,nan,nan,nan,nan,nan,nan,nan,nan,nan,,nan,0,nan,nan,nan,SEARCHING,0.0,0.0,0.0,100.86938312632948,0,0,0,0.0,0.0,1.0,0,0,0,0,0,0,0
143,18.42214153399999,nan,nan,nan,nan,nan,nan,nan,nan,nan,nan,nan,nan,,nan,0,nan,nan,nan,SEARCHING,0.0,0.0,0.0,74.27689952780389,0,0,0,0.0,0.0,1.0,0,0,0,0,0,0,0
144,18.63931261199997,nan,nan,nan,nan,nan,nan,nan,nan,nan,nan,nan,nan,,nan,0,nan,nan,nan,SEARCHING,0.0,0.1853551119999679,0.0,4.604664715069007,0,0,0,0.0,0.0,1.0,0,0,0,0,0,0,0
145,18.649592465000012,nan,nan,nan,nan,nan,nan,nan,nan,nan,nan,nan,nan,,nan,0,nan,nan,nan,SEARCHING,0.0,0.0,0.0,97.27765562365936,0,0,0,0.0,0.0,1.0,0,0,0,0,0,0,0
146,18.660317213999974,nan,nan,nan,nan,nan,nan,nan,nan,nan,nan,nan,nan,,nan,0,nan,nan,nan,SEARCHING,0.0,0.0,0.0,93.24227541395344,0,0,0,0.0,0.0,1.0,0,0,0,0,0,0,0
147,18.925249585000017,nan,nan,nan,nan,nan,nan,nan,nan,nan,nan,nan,nan,,nan,0,nan,nan,nan,SEARCHING,0.0,0.23547515699999622,0.0,3.774548184600052,0,0,0,0.0,0.0,1.0,0,0,0,0,0,0,0
148,18.93516516599999,nan,nan,nan,nan,nan,nan,nan,nan,nan,nan,nan,nan,,nan,0,nan,nan,nan,SEARCHING,0.0,0.0,0.0,100.85137724181078,0,0,0,0.0,0.0,1.0,0,0,0,0,0,0,0
149,18.962121439999976,nan,nan,nan,nan,nan,nan,nan,nan,nan,nan,nan,nan,,nan,0,nan,nan,nan,SEARCHING,0.0,0.0,0.0,37.097115128023084,0,0,0,0.0,0.0,1.0,0,0,0,0,0,0,0
150,19.206669364999982,nan,nan,nan,nan,nan,nan,nan,nan,nan,nan,nan,nan,,nan,0,nan,nan,nan,SEARCHING,0.0,0.215367222999987,0.0,4.089178021036059,0,0,0,0.0,0.0,1.0,0,0,0,0,0,0,0
151,19.21661604100001,nan,nan,nan,nan,nan,nan,nan,nan,nan,nan,nan,nan,,nan,0,nan,nan,nan,SEARCHING,0.0,0.0,0.0,100.53609869239735,0,0,0,0.0,0.0,1.0,0,0,0,0,0,0,0
152,19.22702677899997,nan,nan,nan,nan,nan,nan,nan,nan,nan,nan,nan,nan,,nan,0,nan,nan,nan,SEARCHING,0.0,0.0,0.0,96.05466970772538,0,0,0,0.0,0.0,1.0,0,0,0,0,0,0,0
153,19.493798182999967,nan,nan,nan,nan,nan,nan,nan,nan,nan,nan,nan,nan,,nan,0,nan,nan,nan,SEARCHING,0.0,0.236477782999998,0.0,3.7485277095142227,0,0,0,0.0,0.0,1.0,0,0,0,0,0,0,0
154,19.50389595500002,nan,nan,nan,nan,nan,nan,nan,nan,nan,nan,nan,nan,,nan,0,nan,nan,nan,SEARCHING,0.0,0.0,0.0,99.03174680463209,0,0,0,0.0,0.0,1.0,0,0,0,0,0,0,0
155,19.532147082999984,nan,nan,nan,nan,nan,nan,nan,nan,nan,nan,nan,nan,,nan,0,nan,nan,nan,SEARCHING,0.0,0.0,0.0,35.39681672183948,0,0,0,0.0,0.0,1.0,0,0,0,0,0,0,0
156,19.872704580999994,nan,nan,nan,nan,nan,nan,nan,nan,nan,nan,nan,nan,,nan,0,nan,nan,nan,SEARCHING,0.0,0.3098693349999735,0.0,2.93636171827869,0,0,0,0.0,0.0,1.0,0,0,0,0,0,0,0
157,19.884402824000006,nan,nan,nan,nan,nan,nan,nan,nan,nan,nan,nan,nan,,nan,0,nan,nan,nan,SEARCHING,0.0,0.0,0.0,85.48292252084059,0,0,0,0.0,0.0,1.0,0,0,0,0,0,0,0
158,19.894333512999992,nan,nan,nan,nan,nan,nan,nan,nan,nan,nan,nan,nan,,nan,0,nan,nan,nan,SEARCHING,0.0,0.0,0.0,100.69794754435951,0,0,0,0.0,0.0,1.0,0,0,0,0,0,0,0
159,20.143578451999986,nan,nan,nan,nan,nan,nan,nan,nan,nan,nan,nan,nan,,nan,0,nan,nan,nan,SEARCHING,0.0,0.2176952119999669,0.0,4.012117574030366,0,0,0,0.0,0.0,1.0,0,0,0,0,0,0,0
160,20.153967214999966,nan,nan,nan,nan,nan,nan,nan,nan,nan,nan,nan,nan,,nan,0,nan,nan,nan,SEARCHING,0.0,0.0,0.0,96.25785091082444,0,0,0,0.0,0.0,1.0,0,0,0,0,0,0,0
161,20.164235820999977,nan,nan,nan,nan,nan,nan,nan,nan,nan,nan,nan,nan,,nan,0,nan,nan,nan,SEARCHING,0.0,0.0,0.0,97.38420190617191,0,0,0,0.0,0.0,1.0,0,0,0,0,0,0,0
162,20.461975201999962,nan,nan,nan,nan,nan,nan,nan,nan,nan,nan,nan,nan,,nan,0,nan,nan,nan,SEARCHING,0.0,0.2683542409999973,0.0,3.358642033315873,0,0,0,0.0,0.0,1.0,0,0,0,0,0,0,0
163,20.471380111999963,nan,nan,nan,nan,nan,nan,nan,nan,nan,nan,nan,nan,,nan,0,nan,nan,nan,SEARCHING,0.0,0.0,0.0,106.32743960334872,0,0,0,0.0,0.0,1.0,0,0,0,0,0,0,0
164,20.49672067199998,nan,nan,nan,nan,nan,nan,nan,nan,nan,nan,nan,nan,,nan,0,nan,nan,nan,SEARCHING,0.0,0.0,0.0,39.46242703394465,0,0,0,0.0,0.0,1.0,0,0,0,0,0,0,0
165,20.747381265,nan,nan,nan,nan,nan,nan,nan,nan,nan,nan,nan,nan,,nan,0,nan,nan,nan,SEARCHING,0.0,0.2219306529999585,0.0,3.9894583669157684,0,0,0,0.0,0.0,1.0,0,0,0,0,0,0,0
166,20.757745029999967,nan,nan,nan,nan,nan,nan,nan,nan,nan,nan,nan,nan,,nan,0,nan,nan,nan,SEARCHING,0.0,0.0,0.0,96.49003040915431,0,0,0,0.0,0.0,1.0,0,0,0,0,0,0,0
167,20.795635870000012,nan,nan,nan,nan,nan,nan,nan,nan,nan,nan,nan,nan,,nan,0,nan,nan,nan,SEARCHING,0.0,0.0,0.0,26.39160282534774,0,0,0,0.0,0.0,1.0,0,0,0,0,0,0,0
168,21.411528368000006,nan,nan,nan,nan,255.0,180.0,338.0,300.0,255.0,180.0,338.0,300.0,,0.726523,1,nan,nan,nan,DETECTED_INITIALIZING,0.0,0.24141208899999356,0.0,1.6236599784009873,0,0,0,0.0,0.0,1.0,0,0,0,0,0,0,0
169,21.424224380999988,nan,nan,nan,nan,nan,nan,nan,nan,nan,nan,nan,nan,,nan,0,nan,nan,nan,INITIALIZING,0.0,0.0,0.0,78.76488469265517,0,0,0,0.0,0.0,1.0,0,0,0,0,0,0,0
170,21.434624920999966,nan,nan,nan,nan,nan,nan,nan,nan,nan,nan,nan,nan,,nan,0,nan,nan,nan,INITIALIZING,0.0,0.0,0.0,96.14885380971889,0,0,0,0.0,0.0,1.0,0,0,0,0,0,0,0
171,21.462801379999974,nan,nan,nan,nan,nan,nan,nan,nan,nan,nan,nan,nan,,nan,0,nan,nan,nan,INITIALIZING,0.0,0.0,0.0,35.49062002431593,0,0,0,0.0,0.0,1.0,0,0,0,0,0,0,0
172,21.493996385000003,nan,nan,nan,nan,nan,nan,nan,nan,nan,nan,nan,nan,,nan,0,nan,nan,nan,INITIALIZING,0.0,0.0,0.0,32.056414159865206,0,0,0,0.0,0.0,1.0,0,0,0,0,0,0,0
173,21.529216813999994,nan,nan,nan,nan,nan,nan,nan,nan,nan,nan,nan,nan,,nan,0,nan,nan,nan,INITIALIZING,0.0,0.0,0.0,28.392612707818902,0,0,0,0.0,0.0,1.0,0,0,0,0,0,0,0
174,21.561651092999966,nan,nan,nan,nan,nan,nan,nan,nan,nan,nan,nan,nan,,nan,0,nan,nan,nan,INITIALIZING,0.0,0.0,0.0,30.83157791177869,0,0,0,0.0,0.0,1.0,0,0,0,0,0,0,0
175,22.063935664999974,nan,nan,nan,nan,nan,nan,nan,nan,nan,nan,nan,nan,,nan,0,nan,nan,nan,INITIALIZING,0.0,0.0,0.0,1.9909032762407533,0,0,0,0.0,0.0,1.0,0,0,0,0,0,0,0
176,22.073755734999963,nan,nan,nan,nan,nan,nan,nan,nan,nan,nan,nan,nan,,nan,0,nan,nan,nan,INITIALIZING,0.0,0.0,0.0,101.83226799820058,0,0,0,0.0,0.0,1.0,0,0,0,0,0,0,0
177,22.129951619999986,nan,nan,nan,nan,nan,nan,nan,nan,nan,nan,nan,nan,,nan,0,nan,nan,nan,INITIALIZING,0.0,0.0,0.0,17.79489725981897,0,0,0,0.0,0.0,1.0,0,0,0,0,0,0,0
178,22.139172729999984,nan,nan,nan,nan,nan,nan,nan,nan,nan,nan,nan,nan,,nan,0,nan,nan,nan,INITIALIZING,0.0,0.0,0.0,108.446813886848,0,0,0,0.0,0.0,1.0,0,0,0,0,0,0,0
179,22.165597466999998,nan,nan,nan,nan,nan,nan,nan,nan,nan,nan,nan,nan,,nan,0,nan,nan,nan,INITIALIZING,0.0,0.0,0.0,37.843328393372104,0,0,0,0.0,0.0,1.0,0,0,0,0,0,0,0
180,22.19939659099998,nan,nan,nan,nan,nan,nan,nan,nan,nan,nan,nan,nan,,nan,0,nan,nan,nan,INITIALIZING,0.0,0.0,0.0,29.586565616330198,0,0,0,0.0,0.0,1.0,0,0,0,0,0,0,0
181,22.229716542999995,nan,nan,nan,nan,nan,nan,nan,nan,nan,nan,nan,nan,,nan,0,nan,nan,nan,INITIALIZING,0.0,0.0,0.0,32.98158255658042,0,0,0,0.0,0.0,1.0,0,0,0,0,0,0,0
182,22.264960046,nan,nan,nan,nan,nan,nan,nan,nan,nan,nan,nan,nan,,nan,0,nan,nan,nan,INITIALIZING,0.0,0.0,0.0,28.374024000959626,0,0,0,0.0,0.0,1.0,0,0,0,0,0,0,0
183,22.29704948699998,nan,nan,nan,nan,nan,nan,nan,nan,nan,nan,nan,nan,,nan,0,nan,nan,nan,INITIALIZING,0.0,0.0,0.0,31.162898724242353,0,0,0,0.0,0.0,1.0,0,0,0,0,0,0,0
184,22.329403463000006,nan,nan,nan,nan,nan,nan,nan,nan,nan,nan,nan,nan,,nan,0,nan,nan,nan,INITIALIZING,0.0,0.0,0.0,30.908102299366387,0,0,0,0.0,0.0,1.0,0,0,0,0,0,0,0
185,22.36509504999998,nan,nan,nan,nan,nan,nan,nan,nan,nan,nan,nan,nan,,nan,0,nan,nan,nan,INITIALIZING,0.0,0.0,0.0,28.017807109578285,0,0,0,0.0,0.0,1.0,0,0,0,0,0,0,0
186,22.397243660000015,nan,nan,nan,nan,nan,nan,nan,nan,nan,nan,nan,nan,,nan,0,nan,nan,nan,INITIALIZING,0.0,0.0,0.0,31.10554390995103,0,0,0,0.0,0.0,1.0,0,0,0,0,0,0,0
187,22.429162217999988,nan,nan,nan,nan,nan,nan,nan,nan,nan,nan,nan,nan,,nan,0,nan,nan,nan,INITIALIZING,0.0,0.0,0.0,31.329736136603024,0,0,0,0.0,0.0,1.0,0,0,0,0,0,0,0
188,22.482002383999998,nan,nan,nan,nan,nan,nan,nan,nan,nan,nan,nan,nan,,nan,0,nan,nan,nan,INITIALIZING,0.0,0.0,0.0,18.92499732116306,0,0,0,0.0,0.0,1.0,0,0,0,0,0,0,0
189,22.497662417000015,nan,nan,nan,nan,nan,nan,nan,nan,nan,nan,nan,nan,,nan,0,nan,nan,nan,INITIALIZING,0.0,0.0,0.0,63.85682584442123,0,0,0,0.0,0.0,1.0,0,0,0,0,0,0,0
190,22.534118433000003,nan,nan,nan,nan,nan,nan,nan,nan,nan,nan,nan,nan,,nan,0,nan,nan,nan,INITIALIZING,0.0,0.0,0.0,27.430314930746185,0,0,0,0.0,0.0,1.0,0,0,0,0,0,0,0
191,22.566275012000006,nan,nan,nan,nan,nan,nan,nan,nan,nan,nan,nan,nan,,nan,0,nan,nan,nan,INITIALIZING,0.0,0.0,0.0,31.097835376080596,0,0,0,0.0,0.0,1.0,0,0,0,0,0,0,0
192,22.597572110999977,nan,nan,nan,nan,nan,nan,nan,nan,nan,nan,nan,nan,,nan,0,nan,nan,nan,INITIALIZING,0.0,0.0,0.0,31.9518432044107,0,0,0,0.0,0.0,1.0,0,0,0,0,0,0,0
193,22.643042416000014,nan,nan,nan,nan,nan,nan,nan,nan,nan,nan,nan,nan,,nan,0,nan,nan,nan,INITIALIZING,0.0,0.0,0.0,21.992375023637376,0,0,0,0.0,0.0,1.0,0,0,0,0,0,0,0
194,22.67055945499999,nan,nan,nan,nan,nan,nan,nan,nan,nan,nan,nan,nan,,nan,0,nan,nan,nan,INITIALIZING,0.0,0.0,0.0,36.341119406086214,0,0,0,0.0,0.0,1.0,0,0,0,0,0,0,0
195,22.699845350999965,nan,nan,nan,nan,nan,nan,nan,nan,nan,nan,nan,nan,,nan,0,nan,nan,nan,INITIALIZING,0.0,0.0,0.0,34.14612959087241,0,0,0,0.0,0.0,1.0,0,0,0,0,0,0,0
196,22.78424761499997,nan,nan,nan,nan,nan,nan,nan,nan,nan,nan,nan,nan,,nan,0,nan,nan,nan,INITIALIZING,0.0,0.0,0.0,11.848023413210132,0,0,0,0.0,0.0,1.0,0,0,0,0,0,0,0
197,22.79937301199999,nan,nan,nan,nan,nan,nan,nan,nan,nan,nan,nan,nan,,nan,0,nan,nan,nan,INITIALIZING,0.0,0.0,0.0,66.11396712421438,0,0,0,0.0,0.0,1.0,0,0,0,0,0,0,0
198,22.845170974999974,nan,nan,nan,nan,nan,nan,nan,nan,nan,nan,nan,nan,,nan,0,nan,nan,nan,INITIALIZING,0.0,0.0,0.0,21.835032269892615,0,0,0,0.0,0.0,1.0,0,0,0,0,0,0,0
199,22.865566279000006,nan,nan,nan,nan,nan,nan,nan,nan,nan,nan,nan,nan,,nan,0,nan,nan,nan,INITIALIZING,0.0,0.0,0.0,49.03089456270858,0,0,0,0.0,0.0,1.0,0,0,0,0,0,0,0
200,22.897526190999997,nan,nan,nan,nan,nan,nan,nan,nan,nan,nan,nan,nan,,nan,0,nan,nan,nan,INITIALIZING,0.0,0.0,0.0,31.289197542230113,0,0,0,0.0,0.0,1.0,0,0,0,0,0,0,0
201,22.936800024999968,nan,nan,nan,nan,nan,nan,nan,nan,nan,nan,nan,nan,,nan,0,nan,nan,nan,INITIALIZING,0.0,0.0,0.0,25.462245422760077,0,0,0,0.0,0.0,1.0,0,0,0,0,0,0,0
202,22.971139473999983,nan,nan,nan,nan,nan,nan,nan,nan,nan,nan,nan,nan,,nan,0,nan,nan,nan,INITIALIZING,0.0,0.0,0.0,29.121026374056303,0,0,0,0.0,0.0,1.0,0,0,0,0,0,0,0
203,22.999067137999987,nan,nan,nan,nan,nan,nan,nan,nan,nan,nan,nan,nan,,nan,0,nan,nan,nan,INITIALIZING,0.0,0.0,0.0,35.80678999861485,0,0,0,0.0,0.0,1.0,0,0,0,0,0,0,0
204,23.033082992000004,nan,nan,nan,nan,nan,nan,nan,nan,nan,nan,nan,nan,,nan,0,nan,nan,nan,INITIALIZING,0.0,0.0,0.0,29.3980565650207,0,0,0,0.0,0.0,1.0,0,0,0,0,0,0,0
205,23.064986862000012,nan,nan,nan,nan,nan,nan,nan,nan,nan,nan,nan,nan,,nan,0,nan,nan,nan,INITIALIZING,0.0,0.0,0.0,31.34415981508684,0,0,0,0.0,0.0,1.0,0,0,0,0,0,0,0
206,23.09712974399997,nan,nan,nan,nan,nan,nan,nan,nan,nan,nan,nan,nan,,nan,0,nan,nan,nan,INITIALIZING,0.0,0.0,0.0,31.111087051909536,0,0,0,0.0,0.0,1.0,0,0,0,0,0,0,0
207,23.13563956600001,nan,nan,nan,nan,nan,nan,nan,nan,nan,nan,nan,nan,,nan,0,nan,nan,nan,INITIALIZING,0.0,0.0,0.0,25.967401251530898,0,0,0,0.0,0.0,1.0,0,0,0,0,0,0,0
208,23.165703275999988,nan,nan,nan,nan,nan,nan,nan,nan,nan,nan,nan,nan,,nan,0,nan,nan,nan,INITIALIZING,0.0,0.0,0.0,33.26269445789289,0,0,0,0.0,0.0,1.0,0,0,0,0,0,0,0
209,23.199305795999976,nan,nan,nan,nan,nan,nan,nan,nan,nan,nan,nan,nan,,nan,0,nan,nan,nan,INITIALIZING,0.0,0.0,0.0,29.759672786456328,0,0,0,0.0,0.0,1.0,0,0,0,0,0,0,0
210,23.23335477500001,nan,nan,nan,nan,nan,nan,nan,nan,nan,nan,nan,nan,,nan,0,nan,nan,nan,INITIALIZING,0.0,0.0,0.0,29.36945627647222,0,0,0,0.0,0.0,1.0,0,0,0,0,0,0,0
211,23.266664794999997,nan,nan,nan,nan,nan,nan,nan,nan,nan,nan,nan,nan,,nan,0,nan,nan,nan,INITIALIZING,0.0,0.0,0.0,30.020996685092708,0,0,0,0.0,0.0,1.0,0,0,0,0,0,0,0
212,23.302389565999988,nan,nan,nan,nan,nan,nan,nan,nan,nan,nan,nan,nan,,nan,0,nan,nan,nan,INITIALIZING,0.0,0.0,0.0,27.99178194872825,0,0,0,0.0,0.0,1.0,0,0,0,0,0,0,0
213,23.337744026999985,nan,nan,nan,nan,nan,nan,nan,nan,nan,nan,nan,nan,,nan,0,nan,nan,nan,INITIALIZING,0.0,0.0,0.0,28.28497371237197,0,0,0,0.0,0.0,1.0,0,0,0,0,0,0,0
214,23.36690420299999,nan,nan,nan,nan,nan,nan,nan,nan,nan,nan,nan,nan,,nan,0,nan,nan,nan,INITIALIZING,0.0,0.0,0.0,34.29334582890834,0,0,0,0.0,0.0,1.0,0,0,0,0,0,0,0
215,23.401408505000006,nan,nan,nan,nan,nan,nan,nan,nan,nan,nan,nan,nan,,nan,0,nan,nan,nan,INITIALIZING,0.0,0.0,0.0,28.981893330273152,0,0,0,0.0,0.0,1.0,0,0,0,0,0,0,0
216,23.43351150000001,nan,nan,nan,nan,nan,nan,nan,nan,nan,nan,nan,nan,,nan,0,nan,nan,nan,INITIALIZING,0.0,0.0,0.0,31.14974163625304,0,0,0,0.0,0.0,1.0,0,0,0,0,0,0,0
217,23.465741787000013,nan,nan,nan,nan,nan,nan,nan,nan,nan,nan,nan,nan,,nan,0,nan,nan,nan,INITIALIZING,0.0,0.0,0.0,31.02671719925619,0,0,0,0.0,0.0,1.0,0,0,0,0,0,0,0
218,23.50266744999999,nan,nan,nan,nan,nan,nan,nan,nan,nan,nan,nan,nan,,nan,0,nan,nan,nan,INITIALIZING,0.0,0.0,0.0,27.081436560817565,0,0,0,0.0,0.0,1.0,0,0,0,0,0,0,0
219,23.532977835999986,nan,nan,nan,nan,nan,nan,nan,nan,nan,nan,nan,nan,,nan,0,nan,nan,nan,INITIALIZING,0.0,0.0,0.0,32.99199158994928,0,0,0,0.0,0.0,1.0,0,0,0,0,0,0,0
220,23.565142236999975,nan,nan,nan,nan,nan,nan,nan,nan,nan,nan,nan,nan,,nan,0,nan,nan,nan,INITIALIZING,0.0,0.0,0.0,31.09027275217572,0,0,0,0.0,0.0,1.0,0,0,0,0,0,0,0
221,23.601181752000002,nan,nan,nan,nan,nan,nan,nan,nan,nan,nan,nan,nan,,nan,0,nan,nan,nan,INITIALIZING,0.0,0.0,0.0,27.747321238902483,0,0,0,0.0,0.0,1.0,0,0,0,0,0,0,0
222,23.740334745999974,nan,nan,nan,nan,nan,nan,nan,nan,nan,nan,nan,nan,,nan,0,nan,nan,nan,INITIALIZING,0.0,0.0,0.0,7.186334776240644,0,0,0,0.0,0.0,1.0,0,0,0,0,0,0,0
223,23.762492143999964,nan,nan,nan,nan,nan,nan,nan,nan,nan,nan,nan,nan,,nan,0,nan,nan,nan,INITIALIZING,0.0,0.0,0.0,45.131653093943555,0,0,0,0.0,0.0,1.0,0,0,0,0,0,0,0
224,23.801537552000013,nan,nan,nan,nan,nan,nan,nan,nan,nan,nan,nan,nan,,nan,0,nan,nan,nan,INITIALIZING,0.0,0.0,0.0,25.611206316469577,0,0,0,0.0,0.0,1.0,0,0,0,0,0,0,0
225,23.837101960999973,nan,nan,nan,nan,nan,nan,nan,nan,nan,nan,nan,nan,,nan,0,nan,nan,nan,INITIALIZING,0.0,0.0,0.0,28.117998530528745,0,0,0,0.0,0.0,1.0,0,0,0,0,0,0,0
226,23.876732265999976,nan,nan,nan,nan,nan,nan,nan,nan,nan,nan,nan,nan,,nan,0,nan,nan,nan,INITIALIZING,0.0,0.0,0.0,25.233214833949113,0,0,0,0.0,0.0,1.0,0,0,0,0,0,0,0
227,23.901431752999997,nan,nan,nan,nan,nan,nan,nan,nan,nan,nan,nan,nan,,nan,0,nan,nan,nan,INITIALIZING,0.0,0.0,0.0,40.486670836489786,0,0,0,0.0,0.0,1.0,0,0,0,0,0,0,0
228,23.933808967000004,nan,nan,nan,nan,nan,nan,nan,nan,nan,nan,nan,nan,,nan,0,nan,nan,nan,INITIALIZING,0.0,0.0,0.0,30.88591872048572,0,0,0,0.0,0.0,1.0,0,0,0,0,0,0,0
229,23.97038499399997,nan,nan,nan,nan,nan,nan,nan,nan,nan,nan,nan,nan,,nan,0,nan,nan,nan,INITIALIZING,0.0,0.0,0.0,27.340312276150325,0,0,0,0.0,0.0,1.0,0,0,0,0,0,0,0
230,24.001654340000016,nan,nan,nan,nan,nan,nan,nan,nan,nan,nan,nan,nan,,nan,0,nan,nan,nan,INITIALIZING,0.0,0.0,0.0,31.980201952371292,0,0,0,0.0,0.0,1.0,0,0,0,0,0,0,0
231,24.033269260999987,nan,nan,nan,nan,nan,nan,nan,nan,nan,nan,nan,nan,,nan,0,nan,nan,nan,INITIALIZING,0.0,0.0,0.0,31.630634155338385,0,0,0,0.0,0.0,1.0,0,0,0,0,0,0,0
232,24.069056848000002,nan,nan,nan,nan,nan,nan,nan,nan,nan,nan,nan,nan,,nan,0,nan,nan,nan,INITIALIZING,0.0,0.0,0.0,27.94264950021807,0,0,0,0.0,0.0,1.0,0,0,0,0,0,0,0
233,24.102240053999992,nan,nan,nan,nan,nan,nan,nan,nan,nan,nan,nan,nan,,nan,0,nan,nan,nan,INITIALIZING,0.0,0.0,0.0,30.135725884964536,0,0,0,0.0,0.0,1.0,0,0,0,0,0,0,0
234,24.133182628999975,nan,nan,nan,nan,nan,nan,nan,nan,nan,nan,nan,nan,,nan,0,nan,nan,nan,INITIALIZING,0.0,0.0,0.0,32.31793087681108,0,0,0,0.0,0.0,1.0,0,0,0,0,0,0,0
235,24.169540060999964,nan,nan,nan,nan,nan,nan,nan,nan,nan,nan,nan,nan,,nan,0,nan,nan,nan,INITIALIZING,0.0,0.0,0.0,27.504692850702945,0,0,0,0.0,0.0,1.0,0,0,0,0,0,0,0
236,24.201103159000013,nan,nan,nan,nan,nan,nan,nan,nan,nan,nan,nan,nan,,nan,0,nan,nan,nan,INITIALIZING,0.0,0.0,0.0,31.682568041908986,0,0,0,0.0,0.0,1.0,0,0,0,0,0,0,0
237,24.297515482999984,nan,nan,nan,nan,nan,nan,nan,nan,nan,nan,nan,nan,,nan,0,nan,nan,nan,INITIALIZING,0.0,0.0,0.0,10.372117987740893,0,0,0,0.0,0.0,1.0,0,0,0,0,0,0,0
238,24.307030716999975,nan,nan,nan,nan,nan,nan,nan,nan,nan,nan,nan,nan,,nan,0,nan,nan,nan,INITIALIZING,0.0,0.0,0.0,105.0946303581091,0,0,0,0.0,0.0,1.0,0,0,0,0,0,0,0
239,24.33465761499997,nan,nan,nan,nan,nan,nan,nan,nan,nan,nan,nan,nan,,nan,0,nan,nan,nan,INITIALIZING,0.0,0.0,0.0,36.196608102734324,0,0,0,0.0,0.0,1.0,0,0,0,0,0,0,0
240,24.381052167999997,nan,nan,nan,nan,nan,nan,nan,nan,nan,nan,nan,nan,,nan,0,nan,nan,nan,INITIALIZING,0.0,0.0,0.0,21.55425444015831,0,0,0,0.0,0.0,1.0,0,0,0,0,0,0,0
241,24.404169314,nan,nan,nan,nan,nan,nan,nan,nan,nan,nan,nan,nan,,nan,0,nan,nan,nan,INITIALIZING,0.0,0.0,0.0,43.25793504093546,0,0,0,0.0,0.0,1.0,0,0,0,0,0,0,0
242,24.438494719999994,nan,nan,nan,nan,nan,nan,nan,nan,nan,nan,nan,nan,,nan,0,nan,nan,nan,INITIALIZING,0.0,0.0,0.0,29.132940190137518,0,0,0,0.0,0.0,1.0,0,0,0,0,0,0,0
243,24.47046152500002,nan,nan,nan,nan,nan,nan,nan,nan,nan,nan,nan,nan,,nan,0,nan,nan,nan,INITIALIZING,0.0,0.0,0.0,31.282450654647253,0,0,0,0.0,0.0,1.0,0,0,0,0,0,0,0
244,24.503917865999995,nan,nan,nan,nan,nan,nan,nan,nan,nan,nan,nan,nan,,nan,0,nan,nan,nan,INITIALIZING,0.0,0.0,0.0,29.889700131903798,0,0,0,0.0,0.0,1.0,0,0,0,0,0,0,0
245,24.54407646499999,nan,nan,nan,nan,nan,nan,nan,nan,nan,nan,nan,nan,,nan,0,nan,nan,nan,INITIALIZING,0.0,0.0,0.0,24.901267098489647,0,0,0,0.0,0.0,1.0,0,0,0,0,0,0,0
246,24.580123333000017,nan,nan,nan,nan,nan,nan,nan,nan,nan,nan,nan,nan,,nan,0,nan,nan,nan,INITIALIZING,0.0,0.0,0.0,27.741661217258056,0,0,0,0.0,0.0,1.0,0,0,0,0,0,0,0
247,24.610372842000004,nan,nan,nan,nan,nan,nan,nan,nan,nan,nan,nan,nan,,nan,0,nan,nan,nan,INITIALIZING,0.0,0.0,0.0,33.05838782376414,0,0,0,0.0,0.0,1.0,0,0,0,0,0,0,0
248,24.639891620000014,nan,nan,nan,nan,nan,nan,nan,nan,nan,nan,nan,nan,,nan,0,nan,nan,nan,INITIALIZING,0.0,0.0,0.0,33.876741103566076,0,0,0,0.0,0.0,1.0,0,0,0,0,0,0,0
249,24.66949071099998,nan,nan,nan,nan,nan,nan,nan,nan,nan,nan,nan,nan,,nan,0,nan,nan,nan,INITIALIZING,0.0,0.0,0.0,33.78482129742264,0,0,0,0.0,0.0,1.0,0,0,0,0,0,0,0
250,24.701859184,nan,nan,nan,nan,nan,nan,nan,nan,nan,nan,nan,nan,,nan,0,nan,nan,nan,INITIALIZING,0.0,0.0,0.0,30.89425936155209,0,0,0,0.0,0.0,1.0,0,0,0,0,0,0,0
251,24.738241731000016,nan,nan,nan,nan,nan,nan,nan,nan,nan,nan,nan,nan,,nan,0,nan,nan,nan,INITIALIZING,0.0,0.0,0.0,27.485706264587403,0,0,0,0.0,0.0,1.0,0,0,0,0,0,0,0
252,24.77072155899998,nan,nan,nan,nan,nan,nan,nan,nan,nan,nan,nan,nan,,nan,0,nan,nan,nan,INITIALIZING,0.0,0.0,0.0,30.788340381639525,0,0,0,0.0,0.0,1.0,0,0,0,0,0,0,0
253,24.801162317999967,nan,nan,nan,nan,nan,nan,nan,nan,nan,nan,nan,nan,,nan,0,nan,nan,nan,INITIALIZING,0.0,0.0,0.0,32.85069206061619,0,0,0,0.0,0.0,1.0,0,0,0,0,0,0,0
254,24.837558614999978,nan,nan,nan,nan,nan,nan,nan,nan,nan,nan,nan,nan,,nan,0,nan,nan,nan,INITIALIZING,0.0,0.0,0.0,27.47532255821846,0,0,0,0.0,0.0,1.0,0,0,0,0,0,0,0
255,24.86901474199999,nan,nan,nan,nan,nan,nan,nan,nan,nan,nan,nan,nan,,nan,0,nan,nan,nan,INITIALIZING,0.0,0.0,0.0,31.790309086671655,0,0,0,0.0,0.0,1.0,0,0,0,0,0,0,0
256,24.90117337099997,nan,nan,nan,nan,nan,nan,nan,nan,nan,nan,nan,nan,,nan,0,nan,nan,nan,INITIALIZING,0.0,0.0,0.0,31.0958529979814,0,0,0,0.0,0.0,1.0,0,0,0,0,0,0,0
257,24.937750448999964,nan,nan,nan,nan,nan,nan,nan,nan,nan,nan,nan,nan,,nan,0,nan,nan,nan,INITIALIZING,0.0,0.0,0.0,27.339526683902402,0,0,0,0.0,0.0,1.0,0,0,0,0,0,0,0
258,24.96950517099998,nan,nan,nan,nan,nan,nan,nan,nan,nan,nan,nan,nan,,nan,0,nan,nan,nan,INITIALIZING,0.0,0.0,0.0,31.491379455297402,0,0,0,0.0,0.0,1.0,0,0,0,0,0,0,0
259,25.001520518000007,nan,nan,nan,nan,nan,nan,nan,nan,nan,nan,nan,nan,,nan,0,nan,nan,nan,INITIALIZING,0.0,0.0,0.0,31.235019879658825,0,0,0,0.0,0.0,1.0,0,0,0,0,0,0,0
260,25.037468793000016,nan,nan,nan,nan,nan,nan,nan,nan,nan,nan,nan,nan,,nan,0,nan,nan,nan,INITIALIZING,0.0,0.0,0.0,27.817746470442014,0,0,0,0.0,0.0,1.0,0,0,0,0,0,0,0
261,25.06910778499997,nan,nan,nan,nan,nan,nan,nan,nan,nan,nan,nan,nan,,nan,0,nan,nan,nan,INITIALIZING,0.0,0.0,0.0,31.606569514016705,0,0,0,0.0,0.0,1.0,0,0,0,0,0,0,0
262,25.105398664000006,nan,nan,nan,nan,nan,nan,nan,nan,nan,nan,nan,nan,,nan,0,nan,nan,nan,INITIALIZING,0.0,0.0,0.0,27.55513306798229,0,0,0,0.0,0.0,1.0,0,0,0,0,0,0,0
263,25.137067447999982,nan,nan,nan,nan,nan,nan,nan,nan,nan,nan,nan,nan,,nan,0,nan,nan,nan,INITIALIZING,0.0,0.0,0.0,31.57683604147107,0,0,0,0.0,0.0,1.0,0,0,0,0,0,0,0
264,25.170013162999965,nan,nan,nan,nan,nan,nan,nan,nan,nan,nan,nan,nan,,nan,0,nan,nan,nan,INITIALIZING,0.0,0.0,0.0,30.35296092376594,0,0,0,0.0,0.0,1.0,0,0,0,0,0,0,0
265,25.205138986999998,nan,nan,nan,nan,nan,nan,nan,nan,nan,nan,nan,nan,,nan,0,nan,nan,nan,INITIALIZING,0.0,0.0,0.0,28.469083031306237,0,0,0,0.0,0.0,1.0,0,0,0,0,0,0,0
266,25.23772579399997,nan,nan,nan,nan,nan,nan,nan,nan,nan,nan,nan,nan,,nan,0,nan,nan,nan,INITIALIZING,0.0,0.0,0.0,30.68726555507059,0,0,0,0.0,0.0,1.0,0,0,0,0,0,0,0
267,25.270407706000015,nan,nan,nan,nan,nan,nan,nan,nan,nan,nan,nan,nan,,nan,0,nan,nan,nan,INITIALIZING,0.0,0.0,0.0,30.59796501498027,0,0,0,0.0,0.0,1.0,0,0,0,0,0,0,0
268,25.305961561000004,nan,nan,nan,nan,nan,nan,nan,nan,nan,nan,nan,nan,,nan,0,nan,nan,nan,INITIALIZING,0.0,0.0,0.0,28.126345230364016,0,0,0,0.0,0.0,1.0,0,0,0,0,0,0,0
269,25.337761864000015,nan,nan,nan,nan,nan,nan,nan,nan,nan,nan,nan,nan,,nan,0,nan,nan,nan,INITIALIZING,0.0,0.0,0.0,31.446241251212072,0,0,0,0.0,0.0,1.0,0,0,0,0,0,0,0
270,25.36968122999997,nan,nan,nan,nan,nan,nan,nan,nan,nan,nan,nan,nan,,nan,0,nan,nan,nan,INITIALIZING,0.0,0.0,0.0,31.328943062385274,0,0,0,0.0,0.0,1.0,0,0,0,0,0,0,0
271,25.405918369999995,nan,nan,nan,nan,nan,nan,nan,nan,nan,nan,nan,nan,,nan,0,nan,nan,nan,INITIALIZING,0.0,0.0,0.0,27.595996814298598,0,0,0,0.0,0.0,1.0,0,0,0,0,0,0,0
272,25.438152059999993,nan,nan,nan,nan,nan,nan,nan,nan,nan,nan,nan,nan,,nan,0,nan,nan,nan,INITIALIZING,0.0,0.0,0.0,31.023441622726274,0,0,0,0.0,0.0,1.0,0,0,0,0,0,0,0
273,25.470474863999982,nan,nan,nan,nan,nan,nan,nan,nan,nan,nan,nan,nan,,nan,0,nan,nan,nan,INITIALIZING,0.0,0.0,0.0,30.937909965989974,0,0,0,0.0,0.0,1.0,0,0,0,0,0,0,0
274,25.505995334999966,nan,nan,nan,nan,nan,nan,nan,nan,nan,nan,nan,nan,,nan,0,nan,nan,nan,INITIALIZING,0.0,0.0,0.0,28.15277984350076,0,0,0,0.0,0.0,1.0,0,0,0,0,0,0,0
275,25.53776720100001,nan,nan,nan,nan,nan,nan,nan,nan,nan,nan,nan,nan,,nan,0,nan,nan,nan,INITIALIZING,0.0,0.0,0.0,31.47438680493829,0,0,0,0.0,0.0,1.0,0,0,0,0,0,0,0
276,25.57053203800001,nan,nan,nan,nan,nan,nan,nan,nan,nan,nan,nan,nan,,nan,0,nan,nan,nan,INITIALIZING,0.0,0.0,0.0,30.52052418267606,0,0,0,0.0,0.0,1.0,0,0,0,0,0,0,0
277,37.825582311999995,nan,nan,nan,nan,nan,nan,nan,nan,nan,nan,nan,nan,,nan,0,nan,nan,nan,INITIALIZING,0.0,0.0,0.0,0.08159901245950624,0,0,0,0.0,0.0,1.0,0,0,0,0,0,0,0
278,41.607995570000014,nan,nan,nan,nan,nan,nan,nan,nan,nan,nan,nan,nan,,nan,0,nan,nan,nan,INITIALIZING,0.0,0.0,0.0,0.26438147600211137,0,0,0,0.0,0.0,1.0,0,0,0,0,0,0,0
279,41.825309344999994,nan,nan,nan,nan,nan,nan,nan,nan,nan,nan,nan,nan,,nan,0,nan,nan,nan,INITIALIZING,0.0,0.0,0.0,4.601641106276368,0,0,0,0.0,0.0,1.0,0,0,0,0,0,0,0
280,41.84114720499997,nan,nan,nan,nan,nan,nan,nan,nan,nan,nan,nan,nan,,nan,0,nan,nan,nan,INITIALIZING,0.0,0.0,0.0,63.139843388026364,0,0,0,0.0,0.0,1.0,0,0,0,0,0,0,0
281,41.87413413399997,nan,nan,nan,nan,nan,nan,nan,nan,nan,nan,nan,nan,,nan,0,nan,nan,nan,INITIALIZING,0.0,0.0,0.0,30.315037813914085,0,0,0,0.0,0.0,1.0,0,0,0,0,0,0,0
282,41.91031248799999,nan,nan,nan,nan,nan,nan,nan,nan,nan,nan,nan,nan,,nan,0,nan,nan,nan,INITIALIZING,0.0,0.0,0.0,27.640837391319526,0,0,0,0.0,0.0,1.0,0,0,0,0,0,0,0
283,41.941725082999994,nan,nan,nan,nan,nan,nan,nan,nan,nan,nan,nan,nan,,nan,0,nan,nan,nan,INITIALIZING,0.0,0.0,0.0,31.834364527980075,0,0,0,0.0,0.0,1.0,0,0,0,0,0,0,0
284,41.973835390999966,nan,nan,nan,nan,nan,nan,nan,nan,nan,nan,nan,nan,,nan,0,nan,nan,nan,INITIALIZING,0.0,0.0,0.0,31.142647401603377,0,0,0,0.0,0.0,1.0,0,0,0,0,0,0,0
285,42.01036609199997,nan,nan,nan,nan,nan,nan,nan,nan,nan,nan,nan,nan,,nan,0,nan,nan,nan,INITIALIZING,0.0,0.0,0.0,27.37423516728838,0,0,0,0.0,0.0,1.0,0,0,0,0,0,0,0
286,42.102575531000014,nan,nan,nan,nan,nan,nan,nan,nan,nan,nan,nan,nan,,nan,0,nan,nan,nan,INITIALIZING,0.0,0.0,0.0,10.84487673761386,0,0,0,0.0,0.0,1.0,0,0,0,0,0,0,0
287,42.161944188999996,nan,nan,nan,nan,nan,nan,nan,nan,nan,nan,nan,nan,,nan,0,nan,nan,nan,INITIALIZING,0.0,0.0,0.0,16.843904404918387,0,0,0,0.0,0.0,1.0,0,0,0,0,0,0,0
288,42.49985397299997,nan,nan,nan,nan,nan,nan,nan,nan,nan,nan,nan,nan,,nan,0,nan,nan,nan,INITIALIZING,0.0,0.0,0.0,2.9593697707198423,0,0,0,0.0,0.0,1.0,0,0,0,0,0,0,0
289,42.582875606000016,nan,nan,nan,nan,nan,nan,nan,nan,nan,nan,nan,nan,,nan,0,nan,nan,nan,INITIALIZING,0.0,0.0,0.0,12.045053365783236,0,0,0,0.0,0.0,1.0,0,0,0,0,0,0,0
290,42.60965979100001,nan,nan,nan,nan,nan,nan,nan,nan,nan,nan,nan,nan,,nan,0,nan,nan,nan,INITIALIZING,0.0,0.0,0.0,37.33546493948274,0,0,0,0.0,0.0,1.0,0,0,0,0,0,0,0
291,42.64048749099999,nan,nan,nan,nan,nan,nan,nan,nan,nan,nan,nan,nan,,nan,0,nan,nan,nan,INITIALIZING,0.0,0.0,0.0,32.438359008320994,0,0,0,0.0,0.0,1.0,0,0,0,0,0,0,0
292,42.666457451999975,nan,nan,nan,nan,nan,nan,nan,nan,nan,nan,nan,nan,,nan,0,nan,nan,nan,INITIALIZING,0.0,0.0,0.0,38.5060262508865,0,0,0,0.0,0.0,1.0,0,0,0,0,0,0,0
293,42.693814922,nan,nan,nan,nan,nan,nan,nan,nan,nan,nan,nan,nan,,nan,0,nan,nan,nan,INITIALIZING,0.0,0.0,0.0,36.55308769411141,0,0,0,0.0,0.0,1.0,0,0,0,0,0,0,0
294,42.72100093199998,nan,nan,nan,nan,nan,nan,nan,nan,nan,nan,nan,nan,,nan,0,nan,nan,nan,INITIALIZING,0.0,0.0,0.0,36.7836251072055,0,0,0,0.0,0.0,1.0,0,0,0,0,0,0,0
295,42.75753090899997,nan,nan,nan,nan,nan,nan,nan,nan,nan,nan,nan,nan,,nan,0,nan,nan,nan,INITIALIZING,0.0,0.0,0.0,27.374777706549597,0,0,0,0.0,0.0,1.0,0,0,0,0,0,0,0
296,42.869000696,nan,nan,nan,nan,nan,nan,nan,nan,nan,nan,nan,nan,,nan,0,nan,nan,nan,INITIALIZING,0.0,0.0,0.0,8.971040735905472,0,0,0,0.0,0.0,1.0,0,0,0,0,0,0,0
297,42.897216817000015,nan,nan,nan,nan,nan,nan,nan,nan,nan,nan,nan,nan,,nan,0,nan,nan,nan,INITIALIZING,0.0,0.0,0.0,35.440732622301375,0,0,0,0.0,0.0,1.0,0,0,0,0,0,0,0
298,42.93353590800001,nan,nan,nan,nan,nan,nan,nan,nan,nan,nan,nan,nan,,nan,0,nan,nan,nan,INITIALIZING,0.0,0.0,0.0,27.53372874888628,0,0,0,0.0,0.0,1.0,0,0,0,0,0,0,0
299,42.965798304999964,nan,nan,nan,nan,nan,nan,nan,nan,nan,nan,nan,nan,,nan,0,nan,nan,nan,INITIALIZING,0.0,0.0,0.0,30.995837042158545,0,0,0,0.0,0.0,1.0,0,0,0,0,0,0,0
300,62.50693898399999,nan,nan,nan,nan,nan,nan,nan,nan,nan,nan,nan,nan,,nan,0,nan,nan,nan,INITIALIZING,0.0,0.0,0.0,0.05117408530171704,0,0,0,0.0,0.0,1.0,0,0,0,0,0,0,0
301,66.463840436,nan,nan,nan,nan,nan,nan,nan,nan,nan,nan,nan,nan,,nan,0,nan,nan,nan,INITIALIZING,0.0,0.0,0.0,0.25272299857115504,0,0,0,0.0,0.0,1.0,0,0,0,0,0,0,0
302,66.53298596299999,nan,nan,nan,nan,nan,nan,nan,nan,nan,nan,nan,nan,,nan,0,nan,nan,nan,INITIALIZING,0.0,0.0,0.0,14.462251477238086,0,0,0,0.0,0.0,1.0,0,0,0,0,0,0,0
303,66.558078432,nan,nan,nan,nan,nan,nan,nan,nan,nan,nan,nan,nan,,nan,0,nan,nan,nan,INITIALIZING,0.0,0.0,0.0,39.85259481637353,0,0,0,0.0,0.0,1.0,0,0,0,0,0,0,0
304,66.580331812,nan,nan,nan,nan,nan,nan,nan,nan,nan,nan,nan,nan,,nan,0,nan,nan,nan,INITIALIZING,0.0,0.0,0.0,44.93699384094551,0,0,0,0.0,0.0,1.0,0,0,0,0,0,0,0
305,66.61313653799999,nan,nan,nan,nan,nan,nan,nan,nan,nan,nan,nan,nan,,nan,0,nan,nan,nan,INITIALIZING,0.0,0.0,0.0,30.483412664387355,0,0,0,0.0,0.0,1.0,0,0,0,0,0,0,0
306,66.64556266699998,nan,nan,nan,nan,nan,nan,nan,nan,nan,nan,nan,nan,,nan,0,nan,nan,nan,INITIALIZING,0.0,0.0,0.0,30.839327136470974,0,0,0,0.0,0.0,1.0,0,0,0,0,0,0,0
307,66.68159606899997,nan,nan,nan,nan,nan,nan,nan,nan,nan,nan,nan,nan,,nan,0,nan,nan,nan,INITIALIZING,0.0,0.0,0.0,27.75202852065884,0,0,0,0.0,0.0,1.0,0,0,0,0,0,0,0
308,66.72966213299998,nan,nan,nan,nan,nan,nan,nan,nan,nan,nan,nan,nan,,nan,0,nan,nan,nan,INITIALIZING,0.0,0.0,0.0,20.804699132422638,0,0,0,0.0,0.0,1.0,0,0,0,0,0,0,0
309,66.75523804299996,nan,nan,nan,nan,nan,nan,nan,nan,nan,nan,nan,nan,,nan,0,nan,nan,nan,INITIALIZING,0.0,0.0,0.0,39.09929304570326,0,0,0,0.0,0.0,1.0,0,0,0,0,0,0,0
310,66.79934058099997,nan,nan,nan,nan,nan,nan,nan,nan,nan,nan,nan,nan,,nan,0,nan,nan,nan,INITIALIZING,0.0,0.0,0.0,22.674432024748896,0,0,0,0.0,0.0,1.0,0,0,0,0,0,0,0
311,66.83394672999998,nan,nan,nan,nan,nan,nan,nan,nan,nan,nan,nan,nan,,nan,0,nan,nan,nan,INITIALIZING,0.0,0.0,0.0,28.89659869405405,0,0,0,0.0,0.0,1.0,0,0,0,0,0,0,0
312,66.87777546299998,nan,nan,nan,nan,nan,nan,nan,nan,nan,nan,nan,nan,,nan,0,nan,nan,nan,INITIALIZING,0.0,0.0,0.0,22.81608277382888,0,0,0,0.0,0.0,1.0,0,0,0,0,0,0,0
313,66.91907276699999,nan,nan,nan,nan,nan,nan,nan,nan,nan,nan,nan,nan,,nan,0,nan,nan,nan,INITIALIZING,0.0,0.0,0.0,24.214655755730004,0,0,0,0.0,0.0,1.0,0,0,0,0,0,0,0
314,66.95996475499999,nan,nan,nan,nan,nan,nan,nan,nan,nan,nan,nan,nan,,nan,0,nan,nan,nan,INITIALIZING,0.0,0.0,0.0,24.454668234766107,0,0,0,0.0,0.0,1.0,0,0,0,0,0,0,0
315,67.024303154,nan,nan,nan,nan,nan,nan,nan,nan,nan,nan,nan,nan,,nan,0,nan,nan,nan,INITIALIZING,0.0,0.0,0.0,15.542817594822086,0,0,0,0.0,0.0,1.0,0,0,0,0,0,0,0
316,67.176368083,nan,nan,nan,nan,nan,nan,nan,nan,nan,nan,nan,nan,,nan,0,nan,nan,nan,INITIALIZING,0.0,0.0,0.0,6.576138275775385,0,0,0,0.0,0.0,1.0,0,0,0,0,0,0,0
317,67.20999068200001,nan,nan,nan,nan,nan,nan,nan,nan,nan,nan,nan,nan,,nan,0,nan,nan,nan,INITIALIZING,0.0,0.0,0.0,29.741900678161556,0,0,0,0.0,0.0,1.0,0,0,0,0,0,0,0
318,67.255001978,nan,nan,nan,nan,nan,nan,nan,nan,nan,nan,nan,nan,,nan,0,nan,nan,nan,INITIALIZING,0.0,0.0,0.0,22.2166453505438,0,0,0,0.0,0.0,1.0,0,0,0,0,0,0,0
319,67.290998505,nan,nan,nan,nan,nan,nan,nan,nan,nan,nan,nan,nan,,nan,0,nan,nan,nan,INITIALIZING,0.0,0.0,0.0,27.780457820271195,0,0,0,0.0,0.0,1.0,0,0,0,0,0,0,0
320,67.31510440400001,nan,nan,nan,nan,nan,nan,nan,nan,nan,nan,nan,nan,,nan,0,nan,nan,nan,INITIALIZING,0.0,0.0,0.0,41.483621913448154,0,0,0,0.0,0.0,1.0,0,0,0,0,0,0,0
321,67.347452202,nan,nan,nan,nan,nan,nan,nan,nan,nan,nan,nan,nan,,nan,0,nan,nan,nan,INITIALIZING,0.0,0.0,0.0,30.914005336633114,0,0,0,0.0,0.0,1.0,0,0,0,0,0,0,0
322,67.41223363099999,nan,nan,nan,nan,nan,nan,nan,nan,nan,nan,nan,nan,,nan,0,nan,nan,nan,INITIALIZING,0.0,0.0,0.0,15.436522710854534,0,0,0,0.0,0.0,1.0,0,0,0,0,0,0,0
323,67.446204464,nan,nan,nan,nan,nan,nan,nan,nan,nan,nan,nan,nan,,nan,0,nan,nan,nan,INITIALIZING,0.0,0.0,0.0,29.43701733777452,0,0,0,0.0,0.0,1.0,0,0,0,0,0,0,0
324,67.48468544299999,nan,nan,nan,nan,nan,nan,nan,nan,nan,nan,nan,nan,,nan,0,nan,nan,nan,INITIALIZING,0.0,0.0,0.0,25.986864835231756,0,0,0,0.0,0.0,1.0,0,0,0,0,0,0,0
325,67.52387538599999,nan,nan,nan,nan,nan,nan,nan,nan,nan,nan,nan,nan,,nan,0,nan,nan,nan,INITIALIZING,0.0,0.0,0.0,25.516750560216046,0,0,0,0.0,0.0,1.0,0,0,0,0,0,0,0
326,67.559558423,nan,nan,nan,nan,nan,nan,nan,nan,nan,nan,nan,nan,,nan,0,nan,nan,nan,INITIALIZING,0.0,0.0,0.0,28.024520446498126,0,0,0,0.0,0.0,1.0,0,0,0,0,0,0,0
327,67.58862290899998,nan,nan,nan,nan,nan,nan,nan,nan,nan,nan,nan,nan,,nan,0,nan,nan,nan,INITIALIZING,0.0,0.0,0.0,34.40625098275036,0,0,0,0.0,0.0,1.0,0,0,0,0,0,0,0
328,67.62049939999997,nan,nan,nan,nan,nan,nan,nan,nan,nan,nan,nan,nan,,nan,0,nan,nan,nan,INITIALIZING,0.0,0.0,0.0,31.37108159114099,0,0,0,0.0,0.0,1.0,0,0,0,0,0,0,0
329,67.65376928899997,nan,nan,nan,nan,nan,nan,nan,nan,nan,nan,nan,nan,,nan,0,nan,nan,nan,INITIALIZING,0.0,0.0,0.0,30.057208787204505,0,0,0,0.0,0.0,1.0,0,0,0,0,0,0,0
330,68.260669506,nan,nan,nan,nan,nan,nan,nan,nan,nan,nan,nan,nan,,nan,0,nan,nan,nan,INITIALIZING,0.0,0.0,0.0,1.6477173215443879,0,0,0,0.0,0.0,1.0,0,0,0,0,0,0,0
331,68.289508678,nan,nan,nan,nan,nan,nan,nan,nan,nan,nan,nan,nan,,nan,0,nan,nan,nan,INITIALIZING,0.0,0.0,0.0,34.67505932555303,0,0,0,0.0,0.0,1.0,0,0,0,0,0,0,0
332,68.31596694399997,nan,nan,nan,nan,nan,nan,nan,nan,nan,nan,nan,nan,,nan,0,nan,nan,nan,INITIALIZING,0.0,0.0,0.0,37.79537177536081,0,0,0,0.0,0.0,1.0,0,0,0,0,0,0,0
333,68.34402366199998,nan,nan,nan,nan,nan,nan,nan,nan,nan,nan,nan,nan,,nan,0,nan,nan,nan,INITIALIZING,0.0,0.0,0.0,35.642087574156854,0,0,0,0.0,0.0,1.0,0,0,0,0,0,0,0
334,68.37429581800001,nan,nan,nan,nan,nan,nan,nan,nan,nan,nan,nan,nan,,nan,0,nan,nan,nan,INITIALIZING,0.0,0.0,0.0,33.03365640687168,0,0,0,0.0,0.0,1.0,0,0,0,0,0,0,0
335,68.40370754899999,nan,nan,nan,nan,nan,nan,nan,nan,nan,nan,nan,nan,,nan,0,nan,nan,nan,INITIALIZING,0.0,0.0,0.0,34.00003896406551,0,0,0,0.0,0.0,1.0,0,0,0,0,0,0,0
336,68.43892933299998,nan,nan,nan,nan,nan,nan,nan,nan,nan,nan,nan,nan,,nan,0,nan,nan,nan,INITIALIZING,0.0,0.0,0.0,28.391520429526764,0,0,0,0.0,0.0,1.0,0,0,0,0,0,0,0
337,68.469939308,nan,nan,nan,nan,nan,nan,nan,nan,nan,nan,nan,nan,,nan,0,nan,nan,nan,INITIALIZING,0.0,0.0,0.0,32.247688042297035,0,0,0,0.0,0.0,1.0,0,0,0,0,0,0,0
338,68.53217462399999,nan,nan,nan,nan,nan,nan,nan,nan,nan,nan,nan,nan,,nan,0,nan,nan,nan,INITIALIZING,0.0,0.0,0.0,16.06804728042223,0,0,0,0.0,0.0,1.0,0,0,0,0,0,0,0
339,68.56532727500002,nan,nan,nan,nan,nan,nan,nan,nan,nan,nan,nan,nan,,nan,0,nan,nan,nan,INITIALIZING,0.0,0.0,0.0,30.16350034871432,0,0,0,0.0,0.0,1.0,0,0,0,0,0,0,0
340,68.60477029700002,nan,nan,nan,nan,nan,nan,nan,nan,nan,nan,nan,nan,,nan,0,nan,nan,nan,INITIALIZING,0.0,0.0,0.0,25.353026956200015,0,0,0,0.0,0.0,1.0,0,0,0,0,0,0,0
341,68.63806789699998,nan,nan,nan,nan,nan,nan,nan,nan,nan,nan,nan,nan,,nan,0,nan,nan,nan,INITIALIZING,0.0,0.0,0.0,30.032194512545423,0,0,0,0.0,0.0,1.0,0,0,0,0,0,0,0
342,68.67082825299997,nan,nan,nan,nan,nan,nan,nan,nan,nan,nan,nan,nan,,nan,0,nan,nan,nan,INITIALIZING,0.0,0.0,0.0,30.524698815865143,0,0,0,0.0,0.0,1.0,0,0,0,0,0,0,0
343,68.70402892499999,nan,nan,nan,nan,nan,nan,nan,nan,nan,nan,nan,nan,,nan,0,nan,nan,nan,INITIALIZING,0.0,0.0,0.0,30.119872272445924,0,0,0,0.0,0.0,1.0,0,0,0,0,0,0,0
344,68.73875362199999,nan,nan,nan,nan,nan,nan,nan,nan,nan,nan,nan,nan,,nan,0,nan,nan,nan,INITIALIZING,0.0,0.0,0.0,28.797947466610225,0,0,0,0.0,0.0,1.0,0,0,0,0,0,0,0
345,68.775315992,nan,nan,nan,nan,nan,nan,nan,nan,nan,nan,nan,nan,,nan,0,nan,nan,nan,INITIALIZING,0.0,0.0,0.0,27.35052459672743,0,0,0,0.0,0.0,1.0,0,0,0,0,0,0,0
346,68.80613585999998,nan,nan,nan,nan,nan,nan,nan,nan,nan,nan,nan,nan,,nan,0,nan,nan,nan,INITIALIZING,0.0,0.0,0.0,32.44660230214591,0,0,0,0.0,0.0,1.0,0,0,0,0,0,0,0
347,68.85964651199998,nan,nan,nan,nan,nan,nan,nan,nan,nan,nan,nan,nan,,nan,0,nan,nan,nan,INITIALIZING,0.0,0.0,0.0,18.687867978136413,0,0,0,0.0,0.0,1.0,0,0,0,0,0,0,0
348,68.88506002899999,nan,nan,nan,nan,nan,nan,nan,nan,nan,nan,nan,nan,,nan,0,nan,nan,nan,INITIALIZING,0.0,0.0,0.0,39.34913849192304,0,0,0,0.0,0.0,1.0,0,0,0,0,0,0,0
349,69.176836482,nan,nan,nan,nan,nan,nan,nan,nan,nan,nan,nan,nan,,nan,0,nan,nan,nan,INITIALIZING,0.0,0.0,0.0,3.427281364613618,0,0,0,0.0,0.0,1.0,0,0,0,0,0,0,0
350,69.212678794,nan,nan,nan,nan,nan,nan,nan,nan,nan,nan,nan,nan,,nan,0,nan,nan,nan,INITIALIZING,0.0,0.0,0.0,27.899985916087292,0,0,0,0.0,0.0,1.0,0,0,0,0,0,0,0
351,69.24377403,nan,nan,nan,nan,nan,nan,nan,nan,nan,nan,nan,nan,,nan,0,nan,nan,nan,INITIALIZING,0.0,0.0,0.0,32.159267098022355,0,0,0,0.0,0.0,1.0,0,0,0,0,0,0,0
352,69.27918664999999,nan,nan,nan,nan,nan,nan,nan,nan,nan,nan,nan,nan,,nan,0,nan,nan,nan,INITIALIZING,0.0,0.0,0.0,28.23852061780044,0,0,0,0.0,0.0,1.0,0,0,0,0,0,0,0
353,69.38462461299997,nan,nan,nan,nan,nan,nan,nan,nan,nan,nan,nan,nan,,nan,0,nan,nan,nan,INITIALIZING,0.0,0.0,0.0,9.484249994474334,0,0,0,0.0,0.0,1.0,0,0,0,0,0,0,0
354,69.41768367099996,nan,nan,nan,nan,nan,nan,nan,nan,nan,nan,nan,nan,,nan,0,nan,nan,nan,INITIALIZING,0.0,0.0,0.0,30.248895779191265,0,0,0,0.0,0.0,1.0,0,0,0,0,0,0,0
355,69.450675177,nan,nan,nan,nan,nan,nan,nan,nan,nan,nan,nan,nan,,nan,0,nan,nan,nan,INITIALIZING,0.0,0.0,0.0,30.310832127490063,0,0,0,0.0,0.0,1.0,0,0,0,0,0,0,0
356,69.48162702799999,nan,nan,nan,nan,nan,nan,nan,nan,nan,nan,nan,nan,,nan,0,nan,nan,nan,INITIALIZING,0.0,0.0,0.0,32.3082454745624,0,0,0,0.0,0.0,1.0,0,0,0,0,0,0,0
357,69.51234387799997,nan,nan,nan,nan,nan,nan,nan,nan,nan,nan,nan,nan,,nan,0,nan,nan,nan,INITIALIZING,0.0,0.0,0.0,32.55542153576218,0,0,0,0.0,0.0,1.0,0,0,0,0,0,0,0
358,69.54558689599997,nan,nan,nan,nan,nan,nan,nan,nan,nan,nan,nan,nan,,nan,0,nan,nan,nan,INITIALIZING,0.0,0.0,0.0,30.081504633537712,0,0,0,0.0,0.0,1.0,0,0,0,0,0,0,0
359,69.57626634899998,nan,nan,nan,nan,nan,nan,nan,nan,nan,nan,nan,nan,,nan,0,nan,nan,nan,INITIALIZING,0.0,0.0,0.0,32.595105264746586,0,0,0,0.0,0.0,1.0,0,0,0,0,0,0,0
360,69.64915484199997,nan,nan,nan,nan,nan,nan,nan,nan,nan,nan,nan,nan,,nan,0,nan,nan,nan,INITIALIZING,0.0,0.0,0.0,13.719586711719892,0,0,0,0.0,0.0,1.0,0,0,0,0,0,0,0
361,69.676685932,nan,nan,nan,nan,nan,nan,nan,nan,nan,nan,nan,nan,,nan,0,nan,nan,nan,INITIALIZING,0.0,0.0,0.0,36.32257204488066,0,0,0,0.0,0.0,1.0,0,0,0,0,0,0,0
362,69.70833539400002,nan,nan,nan,nan,nan,nan,nan,nan,nan,nan,nan,nan,,nan,0,nan,nan,nan,INITIALIZING,0.0,0.0,0.0,31.596113703272916,0,0,0,0.0,0.0,1.0,0,0,0,0,0,0,0
363,69.74150085999997,nan,nan,nan,nan,nan,nan,nan,nan,nan,nan,nan,nan,,nan,0,nan,nan,nan,INITIALIZING,0.0,0.0,0.0,30.151845295986227,0,0,0,0.0,0.0,1.0,0,0,0,0,0,0,0
364,69.774643148,nan,nan,nan,nan,nan,nan,nan,nan,nan,nan,nan,nan,,nan,0,nan,nan,nan,INITIALIZING,0.0,0.0,0.0,30.17293193515611,0,0,0,0.0,0.0,1.0,0,0,0,0,0,0,0
365,69.80709558699999,nan,nan,nan,nan,nan,nan,nan,nan,nan,nan,nan,nan,,nan,0,nan,nan,nan,INITIALIZING,0.0,0.0,0.0,30.814324926397912,0,0,0,0.0,0.0,1.0,0,0,0,0,0,0,0
366,69.83842332699999,nan,nan,nan,nan,nan,nan,nan,nan,nan,nan,nan,nan,,nan,0,nan,nan,nan,INITIALIZING,0.0,0.0,0.0,31.92059178224055,0,0,0,0.0,0.0,1.0,0,0,0,0,0,0,0
367,69.87387245999997,nan,nan,nan,nan,nan,nan,nan,nan,nan,nan,nan,nan,,nan,0,nan,nan,nan,INITIALIZING,0.0,0.0,0.0,28.209434628496997,0,0,0,0.0,0.0,1.0,0,0,0,0,0,0,0
368,69.91242235099998,nan,nan,nan,nan,nan,nan,nan,nan,nan,nan,nan,nan,,nan,0,nan,nan,nan,INITIALIZING,0.0,0.0,0.0,25.940410570809085,0,0,0,0.0,0.0,1.0,0,0,0,0,0,0,0
369,69.94129131799997,nan,nan,nan,nan,nan,nan,nan,nan,nan,nan,nan,nan,,nan,0,nan,nan,nan,INITIALIZING,0.0,0.0,0.0,34.63927199058452,0,0,0,0.0,0.0,1.0,0,0,0,0,0,0,0
370,70.03145966,nan,nan,nan,nan,nan,nan,nan,nan,nan,nan,nan,nan,,nan,0,nan,nan,nan,INITIALIZING,0.0,0.0,0.0,11.090366949407844,0,0,0,0.0,0.0,1.0,0,0,0,0,0,0,0
371,70.07789254099998,nan,nan,nan,nan,nan,nan,nan,nan,nan,nan,nan,nan,,nan,0,nan,nan,nan,INITIALIZING,0.0,0.0,0.0,21.536462490886148,0,0,0,0.0,0.0,1.0,0,0,0,0,0,0,0
372,70.13872232699998,nan,nan,nan,nan,nan,nan,nan,nan,nan,nan,nan,nan,,nan,0,nan,nan,nan,INITIALIZING,0.0,0.0,0.0,16.439314779111847,0,0,0,0.0,0.0,1.0,0,0,0,0,0,0,0
373,70.181580279,nan,nan,nan,nan,nan,nan,nan,nan,nan,nan,nan,nan,,nan,0,nan,nan,nan,INITIALIZING,0.0,0.0,0.0,23.332892808306305,0,0,0,0.0,0.0,1.0,0,0,0,0,0,0,0
374,70.20962168699998,nan,nan,nan,nan,nan,nan,nan,nan,nan,nan,nan,nan,,nan,0,nan,nan,nan,INITIALIZING,0.0,0.0,0.0,35.661547380244265,0,0,0,0.0,0.0,1.0,0,0,0,0,0,0,0
375,70.243446898,nan,nan,nan,nan,nan,nan,nan,nan,nan,nan,nan,nan,,nan,0,nan,nan,nan,INITIALIZING,0.0,0.0,0.0,29.563747584586316,0,0,0,0.0,0.0,1.0,0,0,0,0,0,0,0
376,70.27751883100001,nan,nan,nan,nan,nan,nan,nan,nan,nan,nan,nan,nan,,nan,0,nan,nan,nan,INITIALIZING,0.0,0.0,0.0,29.34967029900519,0,0,0,0.0,0.0,1.0,0,0,0,0,0,0,0
377,70.311628735,nan,nan,nan,nan,nan,nan,nan,nan,nan,nan,nan,nan,,nan,0,nan,nan,nan,INITIALIZING,0.0,0.0,0.0,29.316998370921315,0,0,0,0.0,0.0,1.0,0,0,0,0,0,0,0
378,70.34696083799997,nan,nan,nan,nan,nan,nan,nan,nan,nan,nan,nan,nan,,nan,0,nan,nan,nan,INITIALIZING,0.0,0.0,0.0,28.302872319849005,0,0,0,0.0,0.0,1.0,0,0,0,0,0,0,0
379,70.38260294399998,nan,nan,nan,nan,nan,nan,nan,nan,nan,nan,nan,nan,,nan,0,nan,nan,nan,INITIALIZING,0.0,0.0,0.0,28.056703495569938,0,0,0,0.0,0.0,1.0,0,0,0,0,0,0,0
380,70.411447329,nan,nan,nan,nan,nan,nan,nan,nan,nan,nan,nan,nan,,nan,0,nan,nan,nan,INITIALIZING,0.0,0.0,0.0,34.668792557010015,0,0,0,0.0,0.0,1.0,0,0,0,0,0,0,0
381,70.44371705999998,nan,nan,nan,nan,nan,nan,nan,nan,nan,nan,nan,nan,,nan,0,nan,nan,nan,INITIALIZING,0.0,0.0,0.0,30.988792562307232,0,0,0,0.0,0.0,1.0,0,0,0,0,0,0,0
382,70.47812332000001,nan,nan,nan,nan,nan,nan,nan,nan,nan,nan,nan,nan,,nan,0,nan,nan,nan,INITIALIZING,0.0,0.0,0.0,29.06447838269123,0,0,0,0.0,0.0,1.0,0,0,0,0,0,0,0
383,70.518689483,nan,nan,nan,nan,nan,nan,nan,nan,nan,nan,nan,nan,,nan,0,nan,nan,nan,INITIALIZING,0.0,0.0,0.0,24.651086670438776,0,0,0,0.0,0.0,1.0,0,0,0,0,0,0,0
384,70.55157515600001,nan,nan,nan,nan,nan,nan,nan,nan,nan,nan,nan,nan,,nan,0,nan,nan,nan,INITIALIZING,0.0,0.0,0.0,30.408378748998167,0,0,0,0.0,0.0,1.0,0,0,0,0,0,0,0
385,70.579648389,nan,nan,nan,nan,nan,nan,nan,nan,nan,nan,nan,nan,,nan,0,nan,nan,nan,INITIALIZING,0.0,0.0,0.0,35.621119947263765,0,0,0,0.0,0.0,1.0,0,0,0,0,0,0,0
386,70.612113798,nan,nan,nan,nan,nan,nan,nan,nan,nan,nan,nan,nan,,nan,0,nan,nan,nan,INITIALIZING,0.0,0.0,0.0,30.802014537999533,0,0,0,0.0,0.0,1.0,0,0,0,0,0,0,0
387,70.64659891399998,nan,nan,nan,nan,nan,nan,nan,nan,nan,nan,nan,nan,,nan,0,nan,nan,nan,INITIALIZING,0.0,0.0,0.0,28.998017579538953,0,0,0,0.0,0.0,1.0,0,0,0,0,0,0,0
388,70.67587523099996,nan,nan,nan,nan,nan,nan,nan,nan,nan,nan,nan,nan,,nan,0,nan,nan,nan,INITIALIZING,0.0,0.0,0.0,34.15730195845947,0,0,0,0.0,0.0,1.0,0,0,0,0,0,0,0
389,70.714344342,nan,nan,nan,nan,nan,nan,nan,nan,nan,nan,nan,nan,,nan,0,nan,nan,nan,INITIALIZING,0.0,0.0,0.0,25.994881971640854,0,0,0,0.0,0.0,1.0,0,0,0,0,0,0,0
390,70.91087697,nan,nan,nan,nan,nan,nan,nan,nan,nan,nan,nan,nan,,nan,0,nan,nan,nan,INITIALIZING,0.0,0.0,0.0,5.088213647659565,0,0,0,0.0,0.0,1.0,0,0,0,0,0,0,0
391,70.938028632,nan,nan,nan,nan,nan,nan,nan,nan,nan,nan,nan,nan,,nan,0,nan,nan,nan,INITIALIZING,0.0,0.0,0.0,36.830157947613294,0,0,0,0.0,0.0,1.0,0,0,0,0,0,0,0
392,70.96975492000001,nan,nan,nan,nan,nan,nan,nan,nan,nan,nan,nan,nan,,nan,0,nan,nan,nan,INITIALIZING,0.0,0.0,0.0,31.519602923591417,0,0,0,0.0,0.0,1.0,0,0,0,0,0,0,0
393,71.00381763600001,nan,nan,nan,nan,nan,nan,nan,nan,nan,nan,nan,nan,,nan,0,nan,nan,nan,INITIALIZING,0.0,0.0,0.0,29.35761200017568,0,0,0,0.0,0.0,1.0,0,0,0,0,0,0,0
394,71.033546457,nan,nan,nan,nan,nan,nan,nan,nan,nan,nan,nan,nan,,nan,0,nan,nan,nan,INITIALIZING,0.0,0.0,0.0,33.63739180912254,0,0,0,0.0,0.0,1.0,0,0,0,0,0,0,0
395,71.071086132,nan,nan,nan,nan,nan,nan,nan,nan,nan,nan,nan,nan,,nan,0,nan,nan,nan,INITIALIZING,0.0,0.0,0.0,26.638483151488845,0,0,0,0.0,0.0,1.0,0,0,0,0,0,0,0
396,71.147200441,nan,nan,nan,nan,nan,nan,nan,nan,nan,nan,nan,nan,,nan,0,nan,nan,nan,INITIALIZING,0.0,0.0,0.0,13.138134118778176,0,0,0,0.0,0.0,1.0,0,0,0,0,0,0,0
397,71.256613136,nan,nan,nan,nan,nan,nan,nan,nan,nan,nan,nan,nan,,nan,0,nan,nan,nan,INITIALIZING,0.0,0.0,0.0,9.139707234155699,0,0,0,0.0,0.0,1.0,0,0,0,0,0,0,0
398,71.28929313200001,nan,nan,nan,nan,nan,nan,nan,nan,nan,nan,nan,nan,,nan,0,nan,nan,nan,INITIALIZING,0.0,0.0,0.0,30.599758947326713,0,0,0,0.0,0.0,1.0,0,0,0,0,0,0,0
399,71.31998623499999,nan,nan,nan,nan,nan,nan,nan,nan,nan,nan,nan,nan,,nan,0,nan,nan,nan,INITIALIZING,0.0,0.0,0.0,32.58060939621462,0,0,0,0.0,0.0,1.0,0,0,0,0,0,0,0
400,71.35789008299997,nan,nan,nan,nan,nan,nan,nan,nan,nan,nan,nan,nan,,nan,0,nan,nan,nan,INITIALIZING,0.0,0.0,0.0,26.38254564550802,0,0,0,0.0,0.0,1.0,0,0,0,0,0,0,0
401,71.39020023199998,nan,nan,nan,nan,nan,nan,nan,nan,nan,nan,nan,nan,,nan,0,nan,nan,nan,INITIALIZING,0.0,0.0,0.0,30.950027497541125,0,0,0,0.0,0.0,1.0,0,0,0,0,0,0,0
402,71.417984037,nan,nan,nan,nan,nan,nan,nan,nan,nan,nan,nan,nan,,nan,0,nan,nan,nan,INITIALIZING,0.0,0.0,0.0,35.99219041450733,0,0,0,0.0,0.0,1.0,0,0,0,0,0,0,0
403,71.45220191199996,nan,nan,nan,nan,nan,nan,nan,nan,nan,nan,nan,nan,,nan,0,nan,nan,nan,INITIALIZING,0.0,0.0,0.0,29.22449158520068,0,0,0,0.0,0.0,1.0,0,0,0,0,0,0,0
404,71.49533435199999,nan,nan,nan,nan,nan,nan,nan,nan,nan,nan,nan,nan,,nan,0,nan,nan,nan,INITIALIZING,0.0,0.0,0.0,23.184405983048645,0,0,0,0.0,0.0,1.0,0,0,0,0,0,0,0
405,71.52391889299997,nan,nan,nan,nan,nan,nan,nan,nan,nan,nan,nan,nan,,nan,0,nan,nan,nan,INITIALIZING,0.0,0.0,0.0,34.983944643381584,0,0,0,0.0,0.0,1.0,0,0,0,0,0,0,0
406,71.59288141999997,nan,nan,nan,nan,nan,nan,nan,nan,nan,nan,nan,nan,,nan,0,nan,nan,nan,INITIALIZING,0.0,0.0,0.0,14.500628725511332,0,0,0,0.0,0.0,1.0,0,0,0,0,0,0,0
407,71.65231031600001,nan,nan,nan,nan,nan,nan,nan,nan,nan,nan,nan,nan,,nan,0,nan,nan,nan,INITIALIZING,0.0,0.0,0.0,16.826831176525346,0,0,0,0.0,0.0,1.0,0,0,0,0,0,0,0
408,71.68270773899997,nan,nan,nan,nan,nan,nan,nan,nan,nan,nan,nan,nan,,nan,0,nan,nan,nan,INITIALIZING,0.0,0.0,0.0,32.89752555673929,0,0,0,0.0,0.0,1.0,0,0,0,0,0,0,0
409,71.750392702,nan,nan,nan,nan,nan,nan,nan,nan,nan,nan,nan,nan,,nan,0,nan,nan,nan,INITIALIZING,0.0,0.0,0.0,14.774330304347027,0,0,0,0.0,0.0,1.0,0,0,0,0,0,0,0
410,71.776259197,nan,nan,nan,nan,nan,nan,nan,nan,nan,nan,nan,nan,,nan,0,nan,nan,nan,INITIALIZING,0.0,0.0,0.0,38.66005038563995,0,0,0,0.0,0.0,1.0,0,0,0,0,0,0,0
411,71.80701089399997,nan,nan,nan,nan,nan,nan,nan,nan,nan,nan,nan,nan,,nan,0,nan,nan,nan,INITIALIZING,0.0,0.0,0.0,32.518530603398624,0,0,0,0.0,0.0,1.0,0,0,0,0,0,0,0
412,71.842191227,nan,nan,nan,nan,nan,nan,nan,nan,nan,nan,nan,nan,,nan,0,nan,nan,nan,INITIALIZING,0.0,0.0,0.0,28.42497255495576,0,0,0,0.0,0.0,1.0,0,0,0,0,0,0,0
413,71.87432392699998,nan,nan,nan,nan,nan,nan,nan,nan,nan,nan,nan,nan,,nan,0,nan,nan,nan,INITIALIZING,0.0,0.0,0.0,31.12094532985769,0,0,0,0.0,0.0,1.0,0,0,0,0,0,0,0
414,71.89643361499998,nan,nan,nan,nan,nan,nan,nan,nan,nan,nan,nan,nan,,nan,0,nan,nan,nan,INITIALIZING,0.0,0.0,0.0,45.22904167620905,0,0,0,0.0,0.0,1.0,0,0,0,0,0,0,0
415,71.91908549599998,nan,nan,nan,nan,nan,nan,nan,nan,nan,nan,nan,nan,,nan,0,nan,nan,nan,INITIALIZING,0.0,0.0,0.0,44.14644417388249,0,0,0,0.0,0.0,1.0,0,0,0,0,0,0,0
416,71.94642950499997,nan,nan,nan,nan,nan,nan,nan,nan,nan,nan,nan,nan,,nan,0,nan,nan,nan,INITIALIZING,0.0,0.0,0.0,36.57108217015236,0,0,0,0.0,0.0,1.0,0,0,0,0,0,0,0
417,72.002102896,nan,nan,nan,nan,nan,nan,nan,nan,nan,nan,nan,nan,,nan,0,nan,nan,nan,INITIALIZING,0.0,0.0,0.0,17.961902123035852,0,0,0,0.0,0.0,1.0,0,0,0,0,0,0,0
418,72.03124020299998,nan,nan,nan,nan,nan,nan,nan,nan,nan,nan,nan,nan,,nan,0,nan,nan,nan,INITIALIZING,0.0,0.0,0.0,34.320261649455674,0,0,0,0.0,0.0,1.0,0,0,0,0,0,0,0
419,72.05815889499996,nan,nan,nan,nan,nan,nan,nan,nan,nan,nan,nan,nan,,nan,0,nan,nan,nan,INITIALIZING,0.0,0.0,0.0,37.14890753238316,0,0,0,0.0,0.0,1.0,0,0,0,0,0,0,0
420,72.08375736599999,nan,nan,nan,nan,nan,nan,nan,nan,nan,nan,nan,nan,,nan,0,nan,nan,nan,INITIALIZING,0.0,0.0,0.0,39.0648332081664,0,0,0,0.0,0.0,1.0,0,0,0,0,0,0,0
421,72.11392374499997,nan,nan,nan,nan,nan,nan,nan,nan,nan,nan,nan,nan,,nan,0,nan,nan,nan,INITIALIZING,0.0,0.0,0.0,33.14948738132229,0,0,0,0.0,0.0,1.0,0,0,0,0,0,0,0
422,72.145594201,nan,nan,nan,nan,nan,nan,nan,nan,nan,nan,nan,nan,,nan,0,nan,nan,nan,INITIALIZING,0.0,0.0,0.0,31.57516898396052,0,0,0,0.0,0.0,1.0,0,0,0,0,0,0,0
423,72.17853904399999,nan,nan,nan,nan,nan,nan,nan,nan,nan,nan,nan,nan,,nan,0,nan,nan,nan,INITIALIZING,0.0,0.0,0.0,30.353764320568516,0,0,0,0.0,0.0,1.0,0,0,0,0,0,0,0
424,72.21160664899998,nan,nan,nan,nan,nan,nan,nan,nan,nan,nan,nan,nan,,nan,0,nan,nan,nan,INITIALIZING,0.0,0.0,0.0,30.241077332345302,0,0,0,0.0,0.0,1.0,0,0,0,0,0,0,0
425,72.24564905400001,nan,nan,nan,nan,nan,nan,nan,nan,nan,nan,nan,nan,,nan,0,nan,nan,nan,INITIALIZING,0.0,0.0,0.0,29.37512787357201,0,0,0,0.0,0.0,1.0,0,0,0,0,0,0,0
426,72.27763378399999,nan,nan,nan,nan,nan,nan,nan,nan,nan,nan,nan,nan,,nan,0,nan,nan,nan,INITIALIZING,0.0,0.0,0.0,31.26491922866741,0,0,0,0.0,0.0,1.0,0,0,0,0,0,0,0
427,72.316479883,nan,nan,nan,nan,nan,nan,nan,nan,nan,nan,nan,nan,,nan,0,nan,nan,nan,INITIALIZING,0.0,0.0,0.0,25.74261060292594,0,0,0,0.0,0.0,1.0,0,0,0,0,0,0,0
428,72.357851579,nan,nan,nan,nan,nan,nan,nan,nan,nan,nan,nan,nan,,nan,0,nan,nan,nan,INITIALIZING,0.0,0.0,0.0,24.171114474012118,0,0,0,0.0,0.0,1.0,0,0,0,0,0,0,0
429,72.41406680199998,nan,nan,nan,nan,nan,nan,nan,nan,nan,nan,nan,nan,,nan,0,nan,nan,nan,INITIALIZING,0.0,0.0,0.0,17.78877582679583,0,0,0,0.0,0.0,1.0,0,0,0,0,0,0,0
430,72.44097487099998,nan,nan,nan,nan,nan,nan,nan,nan,nan,nan,nan,nan,,nan,0,nan,nan,nan,INITIALIZING,0.0,0.0,0.0,37.16357349908549,0,0,0,0.0,0.0,1.0,0,0,0,0,0,0,0
431,72.49549877499999,nan,nan,nan,nan,nan,nan,nan,nan,nan,nan,nan,nan,,nan,0,nan,nan,nan,INITIALIZING,0.0,0.0,0.0,18.340579574050174,0,0,0,0.0,0.0,1.0,0,0,0,0,0,0,0
432,72.54108603200001,nan,nan,nan,nan,nan,nan,nan,nan,nan,nan,nan,nan,,nan,0,nan,nan,nan,INITIALIZING,0.0,0.0,0.0,21.935954602390492,0,0,0,0.0,0.0,1.0,0,0,0,0,0,0,0
433,72.569773285,nan,nan,nan,nan,nan,nan,nan,nan,nan,nan,nan,nan,,nan,0,nan,nan,nan,INITIALIZING,0.0,0.0,0.0,34.858687933642784,0,0,0,0.0,0.0,1.0,0,0,0,0,0,0,0
434,72.62145757899998,nan,nan,nan,nan,nan,nan,nan,nan,nan,nan,nan,nan,,nan,0,nan,nan,nan,INITIALIZING,0.0,0.0,0.0,19.348237590327205,0,0,0,0.0,0.0,1.0,0,0,0,0,0,0,0
435,72.64706625999997,nan,nan,nan,nan,nan,nan,nan,nan,nan,nan,nan,nan,,nan,0,nan,nan,nan,INITIALIZING,0.0,0.0,0.0,39.04925833549274,0,0,0,0.0,0.0,1.0,0,0,0,0,0,0,0
436,72.688479363,nan,nan,nan,nan,nan,nan,nan,nan,nan,nan,nan,nan,,nan,0,nan,nan,nan,INITIALIZING,0.0,0.0,0.0,24.146946921591443,0,0,0,0.0,0.0,1.0,0,0,0,0,0,0,0
437,72.72739556699997,nan,nan,nan,nan,nan,nan,nan,nan,nan,nan,nan,nan,,nan,0,nan,nan,nan,INITIALIZING,0.0,0.0,0.0,25.69623697112523,0,0,0,0.0,0.0,1.0,0,0,0,0,0,0,0
438,72.75953425799997,nan,nan,nan,nan,nan,nan,nan,nan,nan,nan,nan,nan,,nan,0,nan,nan,nan,INITIALIZING,0.0,0.0,0.0,31.1151440486483,0,0,0,0.0,0.0,1.0,0,0,0,0,0,0,0
439,72.787416242,nan,nan,nan,nan,nan,nan,nan,nan,nan,nan,nan,nan,,nan,0,nan,nan,nan,INITIALIZING,0.0,0.0,0.0,35.86545347701363,0,0,0,0.0,0.0,1.0,0,0,0,0,0,0,0
440,72.818283984,nan,nan,nan,nan,nan,nan,nan,nan,nan,nan,nan,nan,,nan,0,nan,nan,nan,INITIALIZING,0.0,0.0,0.0,32.3962795853374,0,0,0,0.0,0.0,1.0,0,0,0,0,0,0,0
441,72.84974454399998,nan,nan,nan,nan,nan,nan,nan,nan,nan,nan,nan,nan,,nan,0,nan,nan,nan,INITIALIZING,0.0,0.0,0.0,31.785829622896905,0,0,0,0.0,0.0,1.0,0,0,0,0,0,0,0
442,72.87825210699998,nan,nan,nan,nan,nan,nan,nan,nan,nan,nan,nan,nan,,nan,0,nan,nan,nan,INITIALIZING,0.0,0.0,0.0,35.07841059580647,0,0,0,0.0,0.0,1.0,0,0,0,0,0,0,0
443,72.91497099899999,nan,nan,nan,nan,nan,nan,nan,nan,nan,nan,nan,nan,,nan,0,nan,nan,nan,INITIALIZING,0.0,0.0,0.0,27.233937233174647,0,0,0,0.0,0.0,1.0,0,0,0,0,0,0,0
444,72.96428740599998,nan,nan,nan,nan,nan,nan,nan,nan,nan,nan,nan,nan,,nan,0,nan,nan,nan,INITIALIZING,0.0,0.0,0.0,20.27722741440107,0,0,0,0.0,0.0,1.0,0,0,0,0,0,0,0
445,72.990447238,nan,nan,nan,nan,nan,nan,nan,nan,nan,nan,nan,nan,,nan,0,nan,nan,nan,INITIALIZING,0.0,0.0,0.0,38.22654518573654,0,0,0,0.0,0.0,1.0,0,0,0,0,0,0,0
446,73.01856271399998,nan,nan,nan,nan,nan,nan,nan,nan,nan,nan,nan,nan,,nan,0,nan,nan,nan,INITIALIZING,0.0,0.0,0.0,35.567599851435304,0,0,0,0.0,0.0,1.0,0,0,0,0,0,0,0
447,73.06127124599999,nan,nan,nan,nan,nan,nan,nan,nan,nan,nan,nan,nan,,nan,0,nan,nan,nan,INITIALIZING,0.0,0.0,0.0,23.414525228819834,0,0,0,0.0,0.0,1.0,0,0,0,0,0,0,0
448,73.09269769100001,nan,nan,nan,nan,nan,nan,nan,nan,nan,nan,nan,nan,,nan,0,nan,nan,nan,INITIALIZING,0.0,0.0,0.0,31.820334753081017,0,0,0,0.0,0.0,1.0,0,0,0,0,0,0,0
449,73.13338219299999,nan,nan,nan,nan,nan,nan,nan,nan,nan,nan,nan,nan,,nan,0,nan,nan,nan,INITIALIZING,0.0,0.0,0.0,24.579384061296352,0,0,0,0.0,0.0,1.0,0,0,0,0,0,0,0
450,73.16913909599998,nan,nan,nan,nan,nan,nan,nan,nan,nan,nan,nan,nan,,nan,0,nan,nan,nan,INITIALIZING,0.0,0.0,0.0,27.966627870434337,0,0,0,0.0,0.0,1.0,0,0,0,0,0,0,0
451,73.197066081,nan,nan,nan,nan,nan,nan,nan,nan,nan,nan,nan,nan,,nan,0,nan,nan,nan,INITIALIZING,0.0,0.0,0.0,35.80766058345419,0,0,0,0.0,0.0,1.0,0,0,0,0,0,0,0
452,73.26484521599997,nan,nan,nan,nan,nan,nan,nan,nan,nan,nan,nan,nan,,nan,0,nan,nan,nan,INITIALIZING,0.0,0.0,0.0,14.753802921806146,0,0,0,0.0,0.0,1.0,0,0,0,0,0,0,0
453,73.29576316700002,nan,nan,nan,nan,nan,nan,nan,nan,nan,nan,nan,nan,,nan,0,nan,nan,nan,INITIALIZING,0.0,0.0,0.0,32.34366986345294,0,0,0,0.0,0.0,1.0,0,0,0,0,0,0,0
454,73.33356655099999,nan,nan,nan,nan,nan,nan,nan,nan,nan,nan,nan,nan,,nan,0,nan,nan,nan,INITIALIZING,0.0,0.0,0.0,26.45265831230216,0,0,0,0.0,0.0,1.0,0,0,0,0,0,0,0
455,73.37052336300002,nan,nan,nan,nan,nan,nan,nan,nan,nan,nan,nan,nan,,nan,0,nan,nan,nan,INITIALIZING,0.0,0.0,0.0,27.058611007876973,0,0,0,0.0,0.0,1.0,0,0,0,0,0,0,0
456,73.39815170100002,nan,nan,nan,nan,nan,nan,nan,nan,nan,nan,nan,nan,,nan,0,nan,nan,nan,INITIALIZING,0.0,0.0,0.0,36.194721521070754,0,0,0,0.0,0.0,1.0,0,0,0,0,0,0,0
457,73.42392543699998,nan,nan,nan,nan,nan,nan,nan,nan,nan,nan,nan,nan,,nan,0,nan,nan,nan,INITIALIZING,0.0,0.0,0.0,38.79918689325679,0,0,0,0.0,0.0,1.0,0,0,0,0,0,0,0
458,73.44885187400001,nan,nan,nan,nan,nan,nan,nan,nan,nan,nan,nan,nan,,nan,0,nan,nan,nan,INITIALIZING,0.0,0.0,0.0,40.11804815901547,0,0,0,0.0,0.0,1.0,0,0,0,0,0,0,0
459,73.48258245699998,nan,nan,nan,nan,nan,nan,nan,nan,nan,nan,nan,nan,,nan,0,nan,nan,nan,INITIALIZING,0.0,0.0,0.0,29.646685917081165,0,0,0,0.0,0.0,1.0,0,0,0,0,0,0,0
460,73.515173447,nan,nan,nan,nan,nan,nan,nan,nan,nan,nan,nan,nan,,nan,0,nan,nan,nan,INITIALIZING,0.0,0.0,0.0,30.683326894932595,0,0,0,0.0,0.0,1.0,0,0,0,0,0,0,0
461,73.54587400100002,nan,nan,nan,nan,nan,nan,nan,nan,nan,nan,nan,nan,,nan,0,nan,nan,nan,INITIALIZING,0.0,0.0,0.0,32.57270210822036,0,0,0,0.0,0.0,1.0,0,0,0,0,0,0,0
462,73.58169908399998,nan,nan,nan,nan,nan,nan,nan,nan,nan,nan,nan,nan,,nan,0,nan,nan,nan,INITIALIZING,0.0,0.0,0.0,27.913403578186358,0,0,0,0.0,0.0,1.0,0,0,0,0,0,0,0
463,73.61727484099998,nan,nan,nan,nan,nan,nan,nan,nan,nan,nan,nan,nan,,nan,0,nan,nan,nan,INITIALIZING,0.0,0.0,0.0,28.109029415730937,0,0,0,0.0,0.0,1.0,0,0,0,0,0,0,0
464,73.65165027500001,nan,nan,nan,nan,nan,nan,nan,nan,nan,nan,nan,nan,,nan,0,nan,nan,nan,INITIALIZING,0.0,0.0,0.0,29.0905418095738,0,0,0,0.0,0.0,1.0,0,0,0,0,0,0,0
465,73.68269536399998,nan,nan,nan,nan,nan,nan,nan,nan,nan,nan,nan,nan,,nan,0,nan,nan,nan,INITIALIZING,0.0,0.0,0.0,32.211213825182746,0,0,0,0.0,0.0,1.0,0,0,0,0,0,0,0
466,73.72696406900002,nan,nan,nan,nan,nan,nan,nan,nan,nan,nan,nan,nan,,nan,0,nan,nan,nan,INITIALIZING,0.0,0.0,0.0,22.58932128236391,0,0,0,0.0,0.0,1.0,0,0,0,0,0,0,0
467,73.751414512,nan,nan,nan,nan,nan,nan,nan,nan,nan,nan,nan,nan,,nan,0,nan,nan,nan,INITIALIZING,0.0,0.0,0.0,40.89905446706647,0,0,0,0.0,0.0,1.0,0,0,0,0,0,0,0
468,73.79408216000002,nan,nan,nan,nan,nan,nan,nan,nan,nan,nan,nan,nan,,nan,0,nan,nan,nan,INITIALIZING,0.0,0.0,0.0,23.436960949887357,0,0,0,0.0,0.0,1.0,0,0,0,0,0,0,0
469,73.82286811299997,nan,nan,nan,nan,nan,nan,nan,nan,nan,nan,nan,nan,,nan,0,nan,nan,nan,INITIALIZING,0.0,0.0,0.0,34.7391660092549,0,0,0,0.0,0.0,1.0,0,0,0,0,0,0,0
470,73.85332246799999,nan,nan,nan,nan,nan,nan,nan,nan,nan,nan,nan,nan,,nan,0,nan,nan,nan,INITIALIZING,0.0,0.0,0.0,32.836026243189934,0,0,0,0.0,0.0,1.0,0,0,0,0,0,0,0
471,73.88357963199996,nan,nan,nan,nan,nan,nan,nan,nan,nan,nan,nan,nan,,nan,0,nan,nan,nan,INITIALIZING,0.0,0.0,0.0,33.05002411993282,0,0,0,0.0,0.0,1.0,0,0,0,0,0,0,0
472,73.95660428999997,nan,nan,nan,nan,nan,nan,nan,nan,nan,nan,nan,nan,,nan,0,nan,nan,nan,INITIALIZING,0.0,0.0,0.0,13.694004564867448,0,0,0,0.0,0.0,1.0,0,0,0,0,0,0,0
473,73.99579159299998,nan,nan,nan,nan,nan,nan,nan,nan,nan,nan,nan,nan,,nan,0,nan,nan,nan,INITIALIZING,0.0,0.0,0.0,25.518469592047627,0,0,0,0.0,0.0,1.0,0,0,0,0,0,0,0
474,74.033408985,nan,nan,nan,nan,nan,nan,nan,nan,nan,nan,nan,nan,,nan,0,nan,nan,nan,INITIALIZING,0.0,0.0,0.0,26.5834484219317,0,0,0,0.0,0.0,1.0,0,0,0,0,0,0,0
475,74.07542089700001,nan,nan,nan,nan,nan,nan,nan,nan,nan,nan,nan,nan,,nan,0,nan,nan,nan,INITIALIZING,0.0,0.0,0.0,23.80277288973431,0,0,0,0.0,0.0,1.0,0,0,0,0,0,0,0
476,74.12481293299999,nan,nan,nan,nan,nan,nan,nan,nan,nan,nan,nan,nan,,nan,0,nan,nan,nan,INITIALIZING,0.0,0.0,0.0,20.246178958902746,0,0,0,0.0,0.0,1.0,0,0,0,0,0,0,0
477,74.16288173499998,nan,nan,nan,nan,nan,nan,nan,nan,nan,nan,nan,nan,,nan,0,nan,nan,nan,INITIALIZING,0.0,0.0,0.0,26.268228771686946,0,0,0,0.0,0.0,1.0,0,0,0,0,0,0,0
478,74.19084971199999,nan,nan,nan,nan,nan,nan,nan,nan,nan,nan,nan,nan,,nan,0,nan,nan,nan,INITIALIZING,0.0,0.0,0.0,35.75517814534436,0,0,0,0.0,0.0,1.0,0,0,0,0,0,0,0
479,74.22288632099998,nan,nan,nan,nan,nan,nan,nan,nan,nan,nan,nan,nan,,nan,0,nan,nan,nan,INITIALIZING,0.0,0.0,0.0,31.214289876945973,0,0,0,0.0,0.0,1.0,0,0,0,0,0,0,0
480,74.253180569,nan,nan,nan,nan,nan,nan,nan,nan,nan,nan,nan,nan,,nan,0,nan,nan,nan,INITIALIZING,0.0,0.0,0.0,33.00956670056291,0,0,0,0.0,0.0,1.0,0,0,0,0,0,0,0
481,74.30695275300002,nan,nan,nan,nan,nan,nan,nan,nan,nan,nan,nan,nan,,nan,0,nan,nan,nan,INITIALIZING,0.0,0.0,0.0,18.59697571516799,0,0,0,0.0,0.0,1.0,0,0,0,0,0,0,0
482,74.33305894199998,nan,nan,nan,nan,nan,nan,nan,nan,nan,nan,nan,nan,,nan,0,nan,nan,nan,INITIALIZING,0.0,0.0,0.0,38.305093095031786,0,0,0,0.0,0.0,1.0,0,0,0,0,0,0,0
483,74.367956935,nan,nan,nan,nan,nan,nan,nan,nan,nan,nan,nan,nan,,nan,0,nan,nan,nan,INITIALIZING,0.0,0.0,0.0,28.654942993413854,0,0,0,0.0,0.0,1.0,0,0,0,0,0,0,0
484,74.40224638000001,nan,nan,nan,nan,nan,nan,nan,nan,nan,nan,nan,nan,,nan,0,nan,nan,nan,INITIALIZING,0.0,0.0,0.0,29.16349331403931,0,0,0,0.0,0.0,1.0,0,0,0,0,0,0,0
485,74.43691447399999,nan,nan,nan,nan,nan,nan,nan,nan,nan,nan,nan,nan,,nan,0,nan,nan,nan,INITIALIZING,0.0,0.0,0.0,28.84496621015552,0,0,0,0.0,0.0,1.0,0,0,0,0,0,0,0
486,74.46489536899998,nan,nan,nan,nan,nan,nan,nan,nan,nan,nan,nan,nan,,nan,0,nan,nan,nan,INITIALIZING,0.0,0.0,0.0,35.7386709753404,0,0,0,0.0,0.0,1.0,0,0,0,0,0,0,0
487,74.49453627999998,nan,nan,nan,nan,nan,nan,nan,nan,nan,nan,nan,nan,,nan,0,nan,nan,nan,INITIALIZING,0.0,0.0,0.0,33.737154704858945,0,0,0,0.0,0.0,1.0,0,0,0,0,0,0,0
488,74.52212211900002,nan,nan,nan,nan,nan,nan,nan,nan,nan,nan,nan,nan,,nan,0,nan,nan,nan,INITIALIZING,0.0,0.0,0.0,36.25048344545806,0,0,0,0.0,0.0,1.0,0,0,0,0,0,0,0
489,74.55956112500002,nan,nan,nan,nan,nan,nan,nan,nan,nan,nan,nan,nan,,nan,0,nan,nan,nan,INITIALIZING,0.0,0.0,0.0,26.710110840015638,0,0,0,0.0,0.0,1.0,0,0,0,0,0,0,0
490,74.58937219399996,nan,nan,nan,nan,nan,nan,nan,nan,nan,nan,nan,nan,,nan,0,nan,nan,nan,INITIALIZING,0.0,0.0,0.0,33.54458707944217,0,0,0,0.0,0.0,1.0,0,0,0,0,0,0,0
491,74.63361491199998,nan,nan,nan,nan,nan,nan,nan,nan,nan,nan,nan,nan,,nan,0,nan,nan,nan,INITIALIZING,0.0,0.0,0.0,22.602589651013936,0,0,0,0.0,0.0,1.0,0,0,0,0,0,0,0
492,74.67028901599997,nan,nan,nan,nan,nan,nan,nan,nan,nan,nan,nan,nan,,nan,0,nan,nan,nan,INITIALIZING,0.0,0.0,0.0,27.267196493754955,0,0,0,0.0,0.0,1.0,0,0,0,0,0,0,0
493,74.71024867199998,nan,nan,nan,nan,nan,nan,nan,nan,nan,nan,nan,nan,,nan,0,nan,nan,nan,INITIALIZING,0.0,0.0,0.0,25.02524045752062,0,0,0,0.0,0.0,1.0,0,0,0,0,0,0,0
494,74.74252601399996,nan,nan,nan,nan,nan,nan,nan,nan,nan,nan,nan,nan,,nan,0,nan,nan,nan,INITIALIZING,0.0,0.0,0.0,30.981485402373806,0,0,0,0.0,0.0,1.0,0,0,0,0,0,0,0
495,74.781684256,nan,nan,nan,nan,nan,nan,nan,nan,nan,nan,nan,nan,,nan,0,nan,nan,nan,INITIALIZING,0.0,0.0,0.0,25.537407935701818,0,0,0,0.0,0.0,1.0,0,0,0,0,0,0,0
496,74.82130265899997,nan,nan,nan,nan,nan,nan,nan,nan,nan,nan,nan,nan,,nan,0,nan,nan,nan,INITIALIZING,0.0,0.0,0.0,25.240795294069052,0,0,0,0.0,0.0,1.0,0,0,0,0,0,0,0
497,74.86000573999996,nan,nan,nan,nan,nan,nan,nan,nan,nan,nan,nan,nan,,nan,0,nan,nan,nan,INITIALIZING,0.0,0.0,0.0,25.837736277381893,0,0,0,0.0,0.0,1.0,0,0,0,0,0,0,0
498,74.888001062,nan,nan,nan,nan,nan,nan,nan,nan,nan,nan,nan,nan,,nan,0,nan,nan,nan,INITIALIZING,0.0,0.0,0.0,35.72025354802649,0,0,0,0.0,0.0,1.0,0,0,0,0,0,0,0
499,74.919737462,nan,nan,nan,nan,nan,nan,nan,nan,nan,nan,nan,nan,,nan,0,nan,nan,nan,INITIALIZING,0.0,0.0,0.0,31.509560000504376,0,0,0,0.0,0.0,1.0,0,0,0,0,0,0,0
500,74.94982077200001,nan,nan,nan,nan,nan,nan,nan,nan,nan,nan,nan,nan,,nan,0,nan,nan,nan,INITIALIZING,0.0,0.0,0.0,33.24102301241779,0,0,0,0.0,0.0,1.0,0,0,0,0,0,0,0
501,74.99110549299996,nan,nan,nan,nan,nan,nan,nan,nan,nan,nan,nan,nan,,nan,0,nan,nan,nan,INITIALIZING,0.0,0.0,0.0,24.222036040914816,0,0,0,0.0,0.0,1.0,0,0,0,0,0,0,0
502,75.023228615,nan,nan,nan,nan,nan,nan,nan,nan,nan,nan,nan,nan,,nan,0,nan,nan,nan,INITIALIZING,0.0,0.0,0.0,31.130224515508385,0,0,0,0.0,0.0,1.0,0,0,0,0,0,0,0
503,75.058228171,nan,nan,nan,nan,nan,nan,nan,nan,nan,nan,nan,nan,,nan,0,nan,nan,nan,INITIALIZING,0.0,0.0,0.0,28.571791025004117,0,0,0,0.0,0.0,1.0,0,0,0,0,0,0,0
504,75.086021044,nan,nan,nan,nan,nan,nan,nan,nan,nan,nan,nan,nan,,nan,0,nan,nan,nan,INITIALIZING,0.0,0.0,0.0,35.980447217516684,0,0,0,0.0,0.0,1.0,0,0,0,0,0,0,0
505,75.125369079,nan,nan,nan,nan,nan,nan,nan,nan,nan,nan,nan,nan,,nan,0,nan,nan,nan,INITIALIZING,0.0,0.0,0.0,25.414229706776407,0,0,0,0.0,0.0,1.0,0,0,0,0,0,0,0
506,75.168997677,nan,nan,nan,nan,nan,nan,nan,nan,nan,nan,nan,nan,,nan,0,nan,nan,nan,INITIALIZING,0.0,0.0,0.0,22.92074569987435,0,0,0,0.0,0.0,1.0,0,0,0,0,0,0,0
507,75.20024922800002,nan,nan,nan,nan,nan,nan,nan,nan,nan,nan,nan,nan,,nan,0,nan,nan,nan,INITIALIZING,0.0,0.0,0.0,31.998411854796917,0,0,0,0.0,0.0,1.0,0,0,0,0,0,0,0
508,75.23485289500002,nan,nan,nan,nan,nan,nan,nan,nan,nan,nan,nan,nan,,nan,0,nan,nan,nan,INITIALIZING,0.0,0.0,0.0,28.898671346017473,0,0,0,0.0,0.0,1.0,0,0,0,0,0,0,0
509,75.27084933599997,nan,nan,nan,nan,nan,nan,nan,nan,nan,nan,nan,nan,,nan,0,nan,nan,nan,INITIALIZING,0.0,0.0,0.0,27.7805241913036,0,0,0,0.0,0.0,1.0,0,0,0,0,0,0,0
510,75.31434178799998,nan,nan,nan,nan,nan,nan,nan,nan,nan,nan,nan,nan,,nan,0,nan,nan,nan,INITIALIZING,0.0,0.0,0.0,22.992495341485494,0,0,0,0.0,0.0,1.0,0,0,0,0,0,0,0
511,75.34365233299997,nan,nan,nan,nan,nan,nan,nan,nan,nan,nan,nan,nan,,nan,0,nan,nan,nan,INITIALIZING,0.0,0.0,0.0,34.117414056969615,0,0,0,0.0,0.0,1.0,0,0,0,0,0,0,0
512,75.37299417999998,nan,nan,nan,nan,nan,nan,nan,nan,nan,nan,nan,nan,,nan,0,nan,nan,nan,INITIALIZING,0.0,0.0,0.0,34.08101746286088,0,0,0,0.0,0.0,1.0,0,0,0,0,0,0,0
513,75.40400468899998,nan,nan,nan,nan,nan,nan,nan,nan,nan,nan,nan,nan,,nan,0,nan,nan,nan,INITIALIZING,0.0,0.0,0.0,32.247132738132976,0,0,0,0.0,0.0,1.0,0,0,0,0,0,0,0
514,75.44318621399998,nan,nan,nan,nan,nan,nan,nan,nan,nan,nan,nan,nan,,nan,0,nan,nan,nan,INITIALIZING,0.0,0.0,0.0,25.52223273596186,0,0,0,0.0,0.0,1.0,0,0,0,0,0,0,0
515,75.48225070799998,nan,nan,nan,nan,nan,nan,nan,nan,nan,nan,nan,nan,,nan,0,nan,nan,nan,INITIALIZING,0.0,0.0,0.0,25.598693278862388,0,0,0,0.0,0.0,1.0,0,0,0,0,0,0,0
516,75.50830325200002,nan,nan,nan,nan,nan,nan,nan,nan,nan,nan,nan,nan,,nan,0,nan,nan,nan,INITIALIZING,0.0,0.0,0.0,38.3839674159478,0,0,0,0.0,0.0,1.0,0,0,0,0,0,0,0
517,75.57551124700001,nan,nan,nan,nan,nan,nan,nan,nan,nan,nan,nan,nan,,nan,0,nan,nan,nan,INITIALIZING,0.0,0.0,0.0,14.87918215682751,0,0,0,0.0,0.0,1.0,0,0,0,0,0,0,0
518,75.618158327,nan,nan,nan,nan,nan,nan,nan,nan,nan,nan,nan,nan,,nan,0,nan,nan,nan,INITIALIZING,0.0,0.0,0.0,23.44826421879584,0,0,0,0.0,0.0,1.0,0,0,0,0,0,0,0
519,75.658126267,nan,nan,nan,nan,nan,nan,nan,nan,nan,nan,nan,nan,,nan,0,nan,nan,nan,INITIALIZING,0.0,0.0,0.0,25.020053572940704,0,0,0,0.0,0.0,1.0,0,0,0,0,0,0,0
520,75.69851447100001,nan,nan,nan,nan,nan,nan,nan,nan,nan,nan,nan,nan,,nan,0,nan,nan,nan,INITIALIZING,0.0,0.0,0.0,24.75970459096809,0,0,0,0.0,0.0,1.0,0,0,0,0,0,0,0
521,75.75287197699998,nan,nan,nan,nan,nan,nan,nan,nan,nan,nan,nan,nan,,nan,0,nan,nan,nan,INITIALIZING,0.0,0.0,0.0,18.396723352253872,0,0,0,0.0,0.0,1.0,0,0,0,0,0,0,0
522,75.78856508299998,nan,nan,nan,nan,nan,nan,nan,nan,nan,nan,nan,nan,,nan,0,nan,nan,nan,INITIALIZING,0.0,0.0,0.0,28.016614749080595,0,0,0,0.0,0.0,1.0,0,0,0,0,0,0,0
523,75.819868251,nan,nan,nan,nan,nan,nan,nan,nan,nan,nan,nan,nan,,nan,0,nan,nan,nan,INITIALIZING,0.0,0.0,0.0,31.94564844041635,0,0,0,0.0,0.0,1.0,0,0,0,0,0,0,0
524,75.85483978799999,nan,nan,nan,nan,nan,nan,nan,nan,nan,nan,nan,nan,,nan,0,nan,nan,nan,INITIALIZING,0.0,0.0,0.0,28.594682584305318,0,0,0,0.0,0.0,1.0,0,0,0,0,0,0,0
525,75.902592959,nan,nan,nan,nan,nan,nan,nan,nan,nan,nan,nan,nan,,nan,0,nan,nan,nan,INITIALIZING,0.0,0.0,0.0,20.941017717960026,0,0,0,0.0,0.0,1.0,0,0,0,0,0,0,0
526,75.93657042399997,nan,nan,nan,nan,nan,nan,nan,nan,nan,nan,nan,nan,,nan,0,nan,nan,nan,INITIALIZING,0.0,0.0,0.0,29.43127157959133,0,0,0,0.0,0.0,1.0,0,0,0,0,0,0,0
527,75.96234056999998,nan,nan,nan,nan,nan,nan,nan,nan,nan,nan,nan,nan,,nan,0,nan,nan,nan,INITIALIZING,0.0,0.0,0.0,38.80459194912892,0,0,0,0.0,0.0,1.0,0,0,0,0,0,0,0
528,75.99450827699997,nan,nan,nan,nan,nan,nan,nan,nan,nan,nan,nan,nan,,nan,0,nan,nan,nan,INITIALIZING,0.0,0.0,0.0,31.087077484275287,0,0,0,0.0,0.0,1.0,0,0,0,0,0,0,0
529,76.02984841199998,nan,nan,nan,nan,nan,nan,nan,nan,nan,nan,nan,nan,,nan,0,nan,nan,nan,INITIALIZING,0.0,0.0,0.0,28.296439727795097,0,0,0,0.0,0.0,1.0,0,0,0,0,0,0,0
530,76.07835080899997,nan,nan,nan,nan,nan,nan,nan,nan,nan,nan,nan,nan,,nan,0,nan,nan,nan,INITIALIZING,0.0,0.0,0.0,20.61753772705596,0,0,0,0.0,0.0,1.0,0,0,0,0,0,0,0
531,76.10340938499996,nan,nan,nan,nan,nan,nan,nan,nan,nan,nan,nan,nan,,nan,0,nan,nan,nan,INITIALIZING,0.0,0.0,0.0,39.90649748015659,0,0,0,0.0,0.0,1.0,0,0,0,0,0,0,0
532,76.13226752999998,nan,nan,nan,nan,nan,nan,nan,nan,nan,nan,nan,nan,,nan,0,nan,nan,nan,INITIALIZING,0.0,0.0,0.0,34.65226195236994,0,0,0,0.0,0.0,1.0,0,0,0,0,0,0,0
533,76.163519968,nan,nan,nan,nan,nan,nan,nan,nan,nan,nan,nan,nan,,nan,0,nan,nan,nan,INITIALIZING,0.0,0.0,0.0,31.997503682728027,0,0,0,0.0,0.0,1.0,0,0,0,0,0,0,0
534,76.19382713699997,nan,nan,nan,nan,nan,nan,nan,nan,nan,nan,nan,nan,,nan,0,nan,nan,nan,INITIALIZING,0.0,0.0,0.0,32.995493574508565,0,0,0,0.0,0.0,1.0,0,0,0,0,0,0,0
535,76.24024867999998,nan,nan,nan,nan,nan,nan,nan,nan,nan,nan,nan,nan,,nan,0,nan,nan,nan,INITIALIZING,0.0,0.0,0.0,21.54172255755965,0,0,0,0.0,0.0,1.0,0,0,0,0,0,0,0
536,76.27980422000002,nan,nan,nan,nan,nan,nan,nan,nan,nan,nan,nan,nan,,nan,0,nan,nan,nan,INITIALIZING,0.0,0.0,0.0,25.28090881831091,0,0,0,0.0,0.0,1.0,0,0,0,0,0,0,0
537,76.30975164799997,nan,nan,nan,nan,nan,nan,nan,nan,nan,nan,nan,nan,,nan,0,nan,nan,nan,INITIALIZING,0.0,0.0,0.0,33.39184920993647,0,0,0,0.0,0.0,1.0,0,0,0,0,0,0,0
538,76.33883682699997,nan,nan,nan,nan,nan,nan,nan,nan,nan,nan,nan,nan,,nan,0,nan,nan,nan,INITIALIZING,0.0,0.0,0.0,34.38177224215385,0,0,0,0.0,0.0,1.0,0,0,0,0,0,0,0
539,76.369940724,nan,nan,nan,nan,nan,nan,nan,nan,nan,nan,nan,nan,,nan,0,nan,nan,nan,INITIALIZING,0.0,0.0,0.0,32.15031222611164,0,0,0,0.0,0.0,1.0,0,0,0,0,0,0,0
540,76.39720177099997,nan,nan,nan,nan,nan,nan,nan,nan,nan,nan,nan,nan,,nan,0,nan,nan,nan,INITIALIZING,0.0,0.0,0.0,36.682376872802635,0,0,0,0.0,0.0,1.0,0,0,0,0,0,0,0
541,76.45326841100001,nan,nan,nan,nan,nan,nan,nan,nan,nan,nan,nan,nan,,nan,0,nan,nan,nan,INITIALIZING,0.0,0.0,0.0,17.835918114573765,0,0,0,0.0,0.0,1.0,0,0,0,0,0,0,0
542,76.495896275,nan,nan,nan,nan,nan,nan,nan,nan,nan,nan,nan,nan,,nan,0,nan,nan,nan,INITIALIZING,0.0,0.0,0.0,23.45883434366039,0,0,0,0.0,0.0,1.0,0,0,0,0,0,0,0
543,76.53501103100001,nan,nan,nan,nan,nan,nan,nan,nan,nan,nan,nan,nan,,nan,0,nan,nan,nan,INITIALIZING,0.0,0.0,0.0,25.565799260000713,0,0,0,0.0,0.0,1.0,0,0,0,0,0,0,0
544,76.56961996199999,nan,nan,nan,nan,nan,nan,nan,nan,nan,nan,nan,nan,,nan,0,nan,nan,nan,INITIALIZING,0.0,0.0,0.0,28.894275873490145,0,0,0,0.0,0.0,1.0,0,0,0,0,0,0,0
545,76.633115998,nan,nan,nan,nan,nan,nan,nan,nan,nan,nan,nan,nan,,nan,0,nan,nan,nan,INITIALIZING,0.0,0.0,0.0,15.749014631400653,0,0,0,0.0,0.0,1.0,0,0,0,0,0,0,0
546,76.69139937799997,nan,nan,nan,nan,nan,nan,nan,nan,nan,nan,nan,nan,,nan,0,nan,nan,nan,INITIALIZING,0.0,0.0,0.0,17.157549888156534,0,0,0,0.0,0.0,1.0,0,0,0,0,0,0,0
547,76.722600307,nan,nan,nan,nan,nan,nan,nan,nan,nan,nan,nan,nan,,nan,0,nan,nan,nan,INITIALIZING,0.0,0.0,0.0,32.05032773220623,0,0,0,0.0,0.0,1.0,0,0,0,0,0,0,0
548,76.75820805000001,nan,nan,nan,nan,nan,nan,nan,nan,nan,nan,nan,nan,,nan,0,nan,nan,nan,INITIALIZING,0.0,0.0,0.0,28.08377941841479,0,0,0,0.0,0.0,1.0,0,0,0,0,0,0,0
549,76.79128665399998,nan,nan,nan,nan,nan,nan,nan,nan,nan,nan,nan,nan,,nan,0,nan,nan,nan,INITIALIZING,0.0,0.0,0.0,30.231021841216997,0,0,0,0.0,0.0,1.0,0,0,0,0,0,0,0
550,76.82243883299998,nan,nan,nan,nan,nan,nan,nan,nan,nan,nan,nan,nan,,nan,0,nan,nan,nan,INITIALIZING,0.0,0.0,0.0,32.100483243881826,0,0,0,0.0,0.0,1.0,0,0,0,0,0,0,0
551,76.854920295,nan,nan,nan,nan,nan,nan,nan,nan,nan,nan,nan,nan,,nan,0,nan,nan,nan,INITIALIZING,0.0,0.0,0.0,30.78679155511381,0,0,0,0.0,0.0,1.0,0,0,0,0,0,0,0
552,76.894536931,nan,nan,nan,nan,nan,nan,nan,nan,nan,nan,nan,nan,,nan,0,nan,nan,nan,INITIALIZING,0.0,0.0,0.0,25.24192109597263,0,0,0,0.0,0.0,1.0,0,0,0,0,0,0,0
553,76.924603526,nan,nan,nan,nan,nan,nan,nan,nan,nan,nan,nan,nan,,nan,0,nan,nan,nan,INITIALIZING,0.0,0.0,0.0,33.25950278041807,0,0,0,0.0,0.0,1.0,0,0,0,0,0,0,0
554,76.96496194100001,nan,nan,nan,nan,nan,nan,nan,nan,nan,nan,nan,nan,,nan,0,nan,nan,nan,INITIALIZING,0.0,0.0,0.0,24.777980007382524,0,0,0,0.0,0.0,1.0,0,0,0,0,0,0,0
555,76.99562661499999,nan,nan,nan,nan,nan,nan,nan,nan,nan,nan,nan,nan,,nan,0,nan,nan,nan,INITIALIZING,0.0,0.0,0.0,32.6108146462173,0,0,0,0.0,0.0,1.0,0,0,0,0,0,0,0
556,77.028996732,nan,nan,nan,nan,nan,nan,nan,nan,nan,nan,nan,nan,,nan,0,nan,nan,nan,INITIALIZING,0.0,0.0,0.0,29.966931191756963,0,0,0,0.0,0.0,1.0,0,0,0,0,0,0,0
557,77.06130079600001,nan,nan,nan,nan,nan,nan,nan,nan,nan,nan,nan,nan,,nan,0,nan,nan,nan,INITIALIZING,0.0,0.0,0.0,30.955857442565417,0,0,0,0.0,0.0,1.0,0,0,0,0,0,0,0
558,77.09789261099996,nan,nan,nan,nan,nan,nan,nan,nan,nan,nan,nan,nan,,nan,0,nan,nan,nan,INITIALIZING,0.0,0.0,0.0,27.32851595367225,0,0,0,0.0,0.0,1.0,0,0,0,0,0,0,0
559,77.14671517099998,nan,nan,nan,nan,nan,nan,nan,nan,nan,nan,nan,nan,,nan,0,nan,nan,nan,INITIALIZING,0.0,0.0,0.0,20.482334396221898,0,0,0,0.0,0.0,1.0,0,0,0,0,0,0,0
560,77.17580712099999,nan,nan,nan,nan,nan,nan,nan,nan,nan,nan,nan,nan,,nan,0,nan,nan,nan,INITIALIZING,0.0,0.0,0.0,34.37377006352971,0,0,0,0.0,0.0,1.0,0,0,0,0,0,0,0
561,77.20884994300002,nan,nan,nan,nan,nan,nan,nan,nan,nan,nan,nan,nan,,nan,0,nan,nan,nan,INITIALIZING,0.0,0.0,0.0,30.263758948892974,0,0,0,0.0,0.0,1.0,0,0,0,0,0,0,0
562,77.239303,nan,nan,nan,nan,nan,nan,nan,nan,nan,nan,nan,nan,,nan,0,nan,nan,nan,INITIALIZING,0.0,0.0,0.0,32.837425812468766,0,0,0,0.0,0.0,1.0,0,0,0,0,0,0,0
563,77.26791708100001,nan,nan,nan,nan,nan,nan,nan,nan,nan,nan,nan,nan,,nan,0,nan,nan,nan,INITIALIZING,0.0,0.0,0.0,34.947828658204266,0,0,0,0.0,0.0,1.0,0,0,0,0,0,0,0
564,77.29832623300001,nan,nan,nan,nan,nan,nan,nan,nan,nan,nan,nan,nan,,nan,0,nan,nan,nan,INITIALIZING,0.0,0.0,0.0,32.88483677545035,0,0,0,0.0,0.0,1.0,0,0,0,0,0,0,0
565,77.33707879999997,nan,nan,nan,nan,nan,nan,nan,nan,nan,nan,nan,nan,,nan,0,nan,nan,nan,INITIALIZING,0.0,0.0,0.0,25.804742173622227,0,0,0,0.0,0.0,1.0,0,0,0,0,0,0,0
566,77.365345015,nan,nan,nan,nan,nan,nan,nan,nan,nan,nan,nan,nan,,nan,0,nan,nan,nan,INITIALIZING,0.0,0.0,0.0,35.37792378636186,0,0,0,0.0,0.0,1.0,0,0,0,0,0,0,0
567,77.399807592,nan,nan,nan,nan,nan,nan,nan,nan,nan,nan,nan,nan,,nan,0,nan,nan,nan,INITIALIZING,0.0,0.0,0.0,29.016982682404148,0,0,0,0.0,0.0,1.0,0,0,0,0,0,0,0
568,77.437081708,nan,nan,nan,nan,nan,nan,nan,nan,nan,nan,nan,nan,,nan,0,nan,nan,nan,INITIALIZING,0.0,0.0,0.0,26.828268710657504,0,0,0,0.0,0.0,1.0,0,0,0,0,0,0,0
569,77.46951889999997,nan,nan,nan,nan,nan,nan,nan,nan,nan,nan,nan,nan,,nan,0,nan,nan,nan,INITIALIZING,0.0,0.0,0.0,30.828809102858692,0,0,0,0.0,0.0,1.0,0,0,0,0,0,0,0
570,77.50297417600001,nan,nan,nan,nan,nan,nan,nan,nan,nan,nan,nan,nan,,nan,0,nan,nan,nan,INITIALIZING,0.0,0.0,0.0,29.890651626929817,0,0,0,0.0,0.0,1.0,0,0,0,0,0,0,0
571,77.534818342,nan,nan,nan,nan,nan,nan,nan,nan,nan,nan,nan,nan,,nan,0,nan,nan,nan,INITIALIZING,0.0,0.0,0.0,31.402926363355714,0,0,0,0.0,0.0,1.0,0,0,0,0,0,0,0
572,77.564031441,nan,nan,nan,nan,nan,nan,nan,nan,nan,nan,nan,nan,,nan,0,nan,nan,nan,INITIALIZING,0.0,0.0,0.0,34.23121935813414,0,0,0,0.0,0.0,1.0,0,0,0,0,0,0,0
573,77.595477947,nan,nan,nan,nan,nan,nan,nan,nan,nan,nan,nan,nan,,nan,0,nan,nan,nan,INITIALIZING,0.0,0.0,0.0,31.800035272590158,0,0,0,0.0,0.0,1.0,0,0,0,0,0,0,0
574,77.62660622099997,nan,nan,nan,nan,nan,nan,nan,nan,nan,nan,nan,nan,,nan,0,nan,nan,nan,INITIALIZING,0.0,0.0,0.0,32.12513485331753,0,0,0,0.0,0.0,1.0,0,0,0,0,0,0,0
575,77.66512748399998,nan,nan,nan,nan,nan,nan,nan,nan,nan,nan,nan,nan,,nan,0,nan,nan,nan,INITIALIZING,0.0,0.0,0.0,25.959688808744943,0,0,0,0.0,0.0,1.0,0,0,0,0,0,0,0
576,77.697286341,nan,nan,nan,nan,nan,nan,nan,nan,nan,nan,nan,nan,,nan,0,nan,nan,nan,INITIALIZING,0.0,0.0,0.0,31.095632534439677,0,0,0,0.0,0.0,1.0,0,0,0,0,0,0,0
577,77.730538594,nan,nan,nan,nan,nan,nan,nan,nan,nan,nan,nan,nan,,nan,0,nan,nan,nan,INITIALIZING,0.0,0.0,0.0,30.073150231353736,0,0,0,0.0,0.0,1.0,0,0,0,0,0,0,0
578,77.76543211299997,nan,nan,nan,nan,nan,nan,nan,nan,nan,nan,nan,nan,,nan,0,nan,nan,nan,INITIALIZING,0.0,0.0,0.0,28.658617091632227,0,0,0,0.0,0.0,1.0,0,0,0,0,0,0,0
579,77.79671450299998,nan,nan,nan,nan,nan,nan,nan,nan,nan,nan,nan,nan,,nan,0,nan,nan,nan,INITIALIZING,0.0,0.0,0.0,31.966866981709554,0,0,0,0.0,0.0,1.0,0,0,0,0,0,0,0
580,77.83763792499997,nan,nan,nan,nan,nan,nan,nan,nan,nan,nan,nan,nan,,nan,0,nan,nan,nan,INITIALIZING,0.0,0.0,0.0,24.435884174109482,0,0,0,0.0,0.0,1.0,0,0,0,0,0,0,0
581,77.87969328499997,nan,nan,nan,nan,nan,nan,nan,nan,nan,nan,nan,nan,,nan,0,nan,nan,nan,INITIALIZING,0.0,0.0,0.0,23.778181901185782,0,0,0,0.0,0.0,1.0,0,0,0,0,0,0,0
582,77.90858919300001,nan,nan,nan,nan,nan,nan,nan,nan,nan,nan,nan,nan,,nan,0,nan,nan,nan,INITIALIZING,0.0,0.0,0.0,34.60697618495599,0,0,0,0.0,0.0,1.0,0,0,0,0,0,0,0
583,77.93592518999998,nan,nan,nan,nan,nan,nan,nan,nan,nan,nan,nan,nan,,nan,0,nan,nan,nan,INITIALIZING,0.0,0.0,0.0,36.58180091259312,0,0,0,0.0,0.0,1.0,0,0,0,0,0,0,0
584,77.970706,nan,nan,nan,nan,nan,nan,nan,nan,nan,nan,nan,nan,,nan,0,nan,nan,nan,INITIALIZING,0.0,0.0,0.0,28.751486811237502,0,0,0,0.0,0.0,1.0,0,0,0,0,0,0,0
585,78.00806985499997,nan,nan,nan,nan,nan,nan,nan,nan,nan,nan,nan,nan,,nan,0,nan,nan,nan,INITIALIZING,0.0,0.0,0.0,26.763833656909515,0,0,0,0.0,0.0,1.0,0,0,0,0,0,0,0
586,78.04350426499997,nan,nan,nan,nan,nan,nan,nan,nan,nan,nan,nan,nan,,nan,0,nan,nan,nan,INITIALIZING,0.0,0.0,0.0,28.22115565068486,0,0,0,0.0,0.0,1.0,0,0,0,0,0,0,0
587,78.07423003499997,nan,nan,nan,nan,nan,nan,nan,nan,nan,nan,nan,nan,,nan,0,nan,nan,nan,INITIALIZING,0.0,0.0,0.0,32.54597036949379,0,0,0,0.0,0.0,1.0,0,0,0,0,0,0,0
588,78.11103263500002,nan,nan,nan,nan,nan,nan,nan,nan,nan,nan,nan,nan,,nan,0,nan,nan,nan,INITIALIZING,0.0,0.0,0.0,27.171993283050703,0,0,0,0.0,0.0,1.0,0,0,0,0,0,0,0
589,78.144934165,nan,nan,nan,nan,nan,nan,nan,nan,nan,nan,nan,nan,,nan,0,nan,nan,nan,INITIALIZING,0.0,0.0,0.0,29.497193784486644,0,0,0,0.0,0.0,1.0,0,0,0,0,0,0,0
590,78.17882241399997,nan,nan,nan,nan,nan,nan,nan,nan,nan,nan,nan,nan,,nan,0,nan,nan,nan,INITIALIZING,0.0,0.0,0.0,29.508753904659677,0,0,0,0.0,0.0,1.0,0,0,0,0,0,0,0
591,78.21003298099998,nan,nan,nan,nan,nan,nan,nan,nan,nan,nan,nan,nan,,nan,0,nan,nan,nan,INITIALIZING,0.0,0.0,0.0,32.04043040933774,0,0,0,0.0,0.0,1.0,0,0,0,0,0,0,0
592,78.24271804,nan,nan,nan,nan,nan,nan,nan,nan,nan,nan,nan,nan,,nan,0,nan,nan,nan,INITIALIZING,0.0,0.0,0.0,30.59501896568404,0,0,0,0.0,0.0,1.0,0,0,0,0,0,0,0
593,78.27376829299999,nan,nan,nan,nan,nan,nan,nan,nan,nan,nan,nan,nan,,nan,0,nan,nan,nan,INITIALIZING,0.0,0.0,0.0,32.20585674455988,0,0,0,0.0,0.0,1.0,0,0,0,0,0,0,0
594,78.30844451999997,nan,nan,nan,nan,nan,nan,nan,nan,nan,nan,nan,nan,,nan,0,nan,nan,nan,INITIALIZING,0.0,0.0,0.0,28.83820088040887,0,0,0,0.0,0.0,1.0,0,0,0,0,0,0,0
595,78.34084624499997,nan,nan,nan,nan,nan,nan,nan,nan,nan,nan,nan,nan,,nan,0,nan,nan,nan,INITIALIZING,0.0,0.0,0.0,30.86255438560783,0,0,0,0.0,0.0,1.0,0,0,0,0,0,0,0
596,78.36572477099998,nan,nan,nan,nan,nan,nan,nan,nan,nan,nan,nan,nan,,nan,0,nan,nan,nan,INITIALIZING,0.0,0.0,0.0,40.19530739078496,0,0,0,0.0,0.0,1.0,0,0,0,0,0,0,0
597,78.39746961499998,nan,nan,nan,nan,nan,nan,nan,nan,nan,nan,nan,nan,,nan,0,nan,nan,nan,INITIALIZING,0.0,0.0,0.0,31.501178585093495,0,0,0,0.0,0.0,1.0,0,0,0,0,0,0,0
598,78.4287081,nan,nan,nan,nan,nan,nan,nan,nan,nan,nan,nan,nan,,nan,0,nan,nan,nan,INITIALIZING,0.0,0.0,0.0,32.01179570646436,0,0,0,0.0,0.0,1.0,0,0,0,0,0,0,0
599,78.46103545,nan,nan,nan,nan,nan,nan,nan,nan,nan,nan,nan,nan,,nan,0,nan,nan,nan,INITIALIZING,0.0,0.0,0.0,30.933559354537717,0,0,0,0.0,0.0,1.0,0,0,0,0,0,0,0
600,78.495007295,nan,nan,nan,nan,nan,nan,nan,nan,nan,nan,nan,nan,,nan,0,nan,nan,nan,INITIALIZING,0.0,0.0,0.0,29.436140427465926,0,0,0,0.0,0.0,1.0,0,0,0,0,0,0,0
601,78.53176963599998,nan,nan,nan,nan,nan,nan,nan,nan,nan,nan,nan,nan,,nan,0,nan,nan,nan,INITIALIZING,0.0,0.0,0.0,27.20174974712316,0,0,0,0.0,0.0,1.0,0,0,0,0,0,0,0
602,78.56407750699998,nan,nan,nan,nan,nan,nan,nan,nan,nan,nan,nan,nan,,nan,0,nan,nan,nan,INITIALIZING,0.0,0.0,0.0,30.952209757182285,0,0,0,0.0,0.0,1.0,0,0,0,0,0,0,0
603,78.60642896499996,nan,nan,nan,nan,nan,nan,nan,nan,nan,nan,nan,nan,,nan,0,nan,nan,nan,INITIALIZING,0.0,0.0,0.0,23.611937988070277,0,0,0,0.0,0.0,1.0,0,0,0,0,0,0,0
604,78.64280906300002,nan,nan,nan,nan,nan,nan,nan,nan,nan,nan,nan,nan,,nan,0,nan,nan,nan,INITIALIZING,0.0,0.0,0.0,27.487556520561668,0,0,0,0.0,0.0,1.0,0,0,0,0,0,0,0
605,78.67767992799998,nan,nan,nan,nan,nan,nan,nan,nan,nan,nan,nan,nan,,nan,0,nan,nan,nan,INITIALIZING,0.0,0.0,0.0,28.677235279399135,0,0,0,0.0,0.0,1.0,0,0,0,0,0,0,0
606,78.70922388399998,nan,nan,nan,nan,nan,nan,nan,nan,nan,nan,nan,nan,,nan,0,nan,nan,nan,INITIALIZING,0.0,0.0,0.0,31.701794156692646,0,0,0,0.0,0.0,1.0,0,0,0,0,0,0,0
607,78.74045736900001,nan,nan,nan,nan,nan,nan,nan,nan,nan,nan,nan,nan,,nan,0,nan,nan,nan,INITIALIZING,0.0,0.0,0.0,32.01692030201072,0,0,0,0.0,0.0,1.0,0,0,0,0,0,0,0
608,78.77085584600002,nan,nan,nan,nan,nan,nan,nan,nan,nan,nan,nan,nan,,nan,0,nan,nan,nan,INITIALIZING,0.0,0.0,0.0,32.89638490769832,0,0,0,0.0,0.0,1.0,0,0,0,0,0,0,0
609,78.81952898100002,nan,nan,nan,nan,nan,nan,nan,nan,nan,nan,nan,nan,,nan,0,nan,nan,nan,INITIALIZING,0.0,0.0,0.0,20.545214521315955,0,0,0,0.0,0.0,1.0,0,0,0,0,0,0,0
610,78.84099367199997,nan,nan,nan,nan,nan,nan,nan,nan,nan,nan,nan,nan,,nan,0,nan,nan,nan,INITIALIZING,0.0,0.0,0.0,46.58813863206267,0,0,0,0.0,0.0,1.0,0,0,0,0,0,0,0
611,78.86336977799999,nan,nan,nan,nan,nan,nan,nan,nan,nan,nan,nan,nan,,nan,0,nan,nan,nan,INITIALIZING,0.0,0.0,0.0,44.69052836981178,0,0,0,0.0,0.0,1.0,0,0,0,0,0,0,0
612,78.90251297599997,nan,nan,nan,nan,nan,nan,nan,nan,nan,nan,nan,nan,,nan,0,nan,nan,nan,INITIALIZING,0.0,0.0,0.0,25.547222789527794,0,0,0,0.0,0.0,1.0,0,0,0,0,0,0,0
613,78.927933591,nan,nan,nan,nan,nan,nan,nan,nan,nan,nan,nan,nan,,nan,0,nan,nan,nan,INITIALIZING,0.0,0.0,0.0,39.33815133893572,0,0,0,0.0,0.0,1.0,0,0,0,0,0,0,0
614,78.96762007500001,nan,nan,nan,nan,nan,nan,nan,nan,nan,nan,nan,nan,,nan,0,nan,nan,nan,INITIALIZING,0.0,0.0,0.0,25.197495449574873,0,0,0,0.0,0.0,1.0,0,0,0,0,0,0,0
615,78.99946226399999,nan,nan,nan,nan,nan,nan,nan,nan,nan,nan,nan,nan,,nan,0,nan,nan,nan,INITIALIZING,0.0,0.0,0.0,31.404876090673767,0,0,0,0.0,0.0,1.0,0,0,0,0,0,0,0
616,79.02665008399998,nan,nan,nan,nan,nan,nan,nan,nan,nan,nan,nan,nan,,nan,0,nan,nan,nan,INITIALIZING,0.0,0.0,0.0,36.78117627673704,0,0,0,0.0,0.0,1.0,0,0,0,0,0,0,0
617,79.06551822699998,nan,nan,nan,nan,nan,nan,nan,nan,nan,nan,nan,nan,,nan,0,nan,nan,nan,INITIALIZING,0.0,0.0,0.0,25.72801072590346,0,0,0,0.0,0.0,1.0,0,0,0,0,0,0,0
618,79.09585352599998,nan,nan,nan,nan,nan,nan,nan,nan,nan,nan,nan,nan,,nan,0,nan,nan,nan,INITIALIZING,0.0,0.0,0.0,32.96489676927117,0,0,0,0.0,0.0,1.0,0,0,0,0,0,0,0
619,79.13016250999999,nan,nan,nan,nan,nan,nan,nan,nan,nan,nan,nan,nan,,nan,0,nan,nan,nan,INITIALIZING,0.0,0.0,0.0,29.146884676031817,0,0,0,0.0,0.0,1.0,0,0,0,0,0,0,0
620,79.16284798800001,nan,nan,nan,nan,nan,nan,nan,nan,nan,nan,nan,nan,,nan,0,nan,nan,nan,INITIALIZING,0.0,0.0,0.0,30.594626763586554,0,0,0,0.0,0.0,1.0,0,0,0,0,0,0,0
621,79.19451892500001,nan,nan,nan,nan,nan,nan,nan,nan,nan,nan,nan,nan,,nan,0,nan,nan,nan,INITIALIZING,0.0,0.0,0.0,31.57468943845776,0,0,0,0.0,0.0,1.0,0,0,0,0,0,0,0
622,79.22638715599999,nan,nan,nan,nan,nan,nan,nan,nan,nan,nan,nan,nan,,nan,0,nan,nan,nan,INITIALIZING,0.0,0.0,0.0,31.379212733858957,0,0,0,0.0,0.0,1.0,0,0,0,0,0,0,0
623,79.26367069999998,nan,nan,nan,nan,nan,nan,nan,nan,nan,nan,nan,nan,,nan,0,nan,nan,nan,INITIALIZING,0.0,0.0,0.0,26.821484567032012,0,0,0,0.0,0.0,1.0,0,0,0,0,0,0,0
624,79.29617190699997,nan,nan,nan,nan,nan,nan,nan,nan,nan,nan,nan,nan,,nan,0,nan,nan,nan,INITIALIZING,0.0,0.0,0.0,30.768088089778704,0,0,0,0.0,0.0,1.0,0,0,0,0,0,0,0
625,79.32949557,nan,nan,nan,nan,nan,nan,nan,nan,nan,nan,nan,nan,,nan,0,nan,nan,nan,INITIALIZING,0.0,0.0,0.0,30.008705825617483,0,0,0,0.0,0.0,1.0,0,0,0,0,0,0,0
626,79.36544165499998,nan,nan,nan,nan,nan,nan,nan,nan,nan,nan,nan,nan,,nan,0,nan,nan,nan,INITIALIZING,0.0,0.0,0.0,27.819441254885444,0,0,0,0.0,0.0,1.0,0,0,0,0,0,0,0
627,79.39537148299996,nan,nan,nan,nan,nan,nan,nan,nan,nan,nan,nan,nan,,nan,0,nan,nan,nan,INITIALIZING,0.0,0.0,0.0,33.41148502426092,0,0,0,0.0,0.0,1.0,0,0,0,0,0,0,0
628,79.42620959999999,nan,nan,nan,nan,nan,nan,nan,nan,nan,nan,nan,nan,,nan,0,nan,nan,nan,INITIALIZING,0.0,0.0,0.0,32.4274014525277,0,0,0,0.0,0.0,1.0,0,0,0,0,0,0,0
629,79.47246130799999,nan,nan,nan,nan,nan,nan,nan,nan,nan,nan,nan,nan,,nan,0,nan,nan,nan,INITIALIZING,0.0,0.0,0.0,21.620823170465506,0,0,0,0.0,0.0,1.0,0,0,0,0,0,0,0
630,79.50062663900002,nan,nan,nan,nan,nan,nan,nan,nan,nan,nan,nan,nan,,nan,0,nan,nan,nan,INITIALIZING,0.0,0.0,0.0,35.504642214185466,0,0,0,0.0,0.0,1.0,0,0,0,0,0,0,0
631,79.53860196299996,nan,nan,nan,nan,nan,nan,nan,nan,nan,nan,nan,nan,,nan,0,nan,nan,nan,INITIALIZING,0.0,0.0,0.0,26.33288922041747,0,0,0,0.0,0.0,1.0,0,0,0,0,0,0,0
632,79.57654468199996,nan,nan,nan,nan,nan,nan,nan,nan,nan,nan,nan,nan,,nan,0,nan,nan,nan,INITIALIZING,0.0,0.0,0.0,26.35551764226482,0,0,0,0.0,0.0,1.0,0,0,0,0,0,0,0
633,79.61238409999999,nan,nan,nan,nan,nan,nan,nan,nan,nan,nan,nan,nan,,nan,0,nan,nan,nan,INITIALIZING,0.0,0.0,0.0,27.902238814239457,0,0,0,0.0,0.0,1.0,0,0,0,0,0,0,0
634,79.64901857699999,nan,nan,nan,nan,nan,nan,nan,nan,nan,nan,nan,nan,,nan,0,nan,nan,nan,INITIALIZING,0.0,0.0,0.0,27.29669103778422,0,0,0,0.0,0.0,1.0,0,0,0,0,0,0,0
635,79.69320135800001,nan,nan,nan,nan,nan,nan,nan,nan,nan,nan,nan,nan,,nan,0,nan,nan,nan,INITIALIZING,0.0,0.0,0.0,22.633251628040323,0,0,0,0.0,0.0,1.0,0,0,0,0,0,0,0
636,79.729281507,nan,nan,nan,nan,nan,nan,nan,nan,nan,nan,nan,nan,,nan,0,nan,nan,nan,INITIALIZING,0.0,0.0,0.0,27.716071793395134,0,0,0,0.0,0.0,1.0,0,0,0,0,0,0,0
637,79.764996392,nan,nan,nan,nan,nan,nan,nan,nan,nan,nan,nan,nan,,nan,0,nan,nan,nan,INITIALIZING,0.0,0.0,0.0,27.999530167880323,0,0,0,0.0,0.0,1.0,0,0,0,0,0,0,0
638,79.80013199999996,nan,nan,nan,nan,nan,nan,nan,nan,nan,nan,nan,nan,,nan,0,nan,nan,nan,INITIALIZING,0.0,0.0,0.0,28.46115541820383,0,0,0,0.0,0.0,1.0,0,0,0,0,0,0,0
639,79.84464155500001,nan,nan,nan,nan,nan,nan,nan,nan,nan,nan,nan,nan,,nan,0,nan,nan,nan,INITIALIZING,0.0,0.0,0.0,22.467085999824878,0,0,0,0.0,0.0,1.0,0,0,0,0,0,0,0
640,79.87975487199998,nan,nan,nan,nan,nan,nan,nan,nan,nan,nan,nan,nan,,nan,0,nan,nan,nan,INITIALIZING,0.0,0.0,0.0,28.47922342400459,0,0,0,0.0,0.0,1.0,0,0,0,0,0,0,0
641,79.90592674499999,nan,nan,nan,nan,nan,nan,nan,nan,nan,nan,nan,nan,,nan,0,nan,nan,nan,INITIALIZING,0.0,0.0,0.0,38.20895814371506,0,0,0,0.0,0.0,1.0,0,0,0,0,0,0,0
642,79.93572480099999,nan,nan,nan,nan,nan,nan,nan,nan,nan,nan,nan,nan,,nan,0,nan,nan,nan,INITIALIZING,0.0,0.0,0.0,33.55923621325699,0,0,0,0.0,0.0,1.0,0,0,0,0,0,0,0
643,79.97318855700001,nan,nan,nan,nan,nan,nan,nan,nan,nan,nan,nan,nan,,nan,0,nan,nan,nan,INITIALIZING,0.0,0.0,0.0,26.692465112131377,0,0,0,0.0,0.0,1.0,0,0,0,0,0,0,0
644,80.01285098099999,nan,nan,nan,nan,nan,nan,nan,nan,nan,nan,nan,nan,,nan,0,nan,nan,nan,INITIALIZING,0.0,0.0,0.0,25.212780741810718,0,0,0,0.0,0.0,1.0,0,0,0,0,0,0,0
645,80.046813036,nan,nan,nan,nan,nan,nan,nan,nan,nan,nan,nan,nan,,nan,0,nan,nan,nan,INITIALIZING,0.0,0.0,0.0,29.44462577424949,0,0,0,0.0,0.0,1.0,0,0,0,0,0,0,0
646,80.07971455899997,nan,nan,nan,nan,nan,nan,nan,nan,nan,nan,nan,nan,,nan,0,nan,nan,nan,INITIALIZING,0.0,0.0,0.0,30.393729797890874,0,0,0,0.0,0.0,1.0,0,0,0,0,0,0,0
647,80.11221946500001,nan,nan,nan,nan,nan,nan,nan,nan,nan,nan,nan,nan,,nan,0,nan,nan,nan,INITIALIZING,0.0,0.0,0.0,30.764586736497414,0,0,0,0.0,0.0,1.0,0,0,0,0,0,0,0
648,80.14159444299997,nan,nan,nan,nan,nan,nan,nan,nan,nan,nan,nan,nan,,nan,0,nan,nan,nan,INITIALIZING,0.0,0.0,0.0,34.042578687249176,0,0,0,0.0,0.0,1.0,0,0,0,0,0,0,0
649,80.17870283100001,nan,nan,nan,nan,nan,nan,nan,nan,nan,nan,nan,nan,,nan,0,nan,nan,nan,INITIALIZING,0.0,0.0,0.0,26.948085160666135,0,0,0,0.0,0.0,1.0,0,0,0,0,0,0,0
650,80.21052366700002,nan,nan,nan,nan,nan,nan,nan,nan,nan,nan,nan,nan,,nan,0,nan,nan,nan,INITIALIZING,0.0,0.0,0.0,31.42594996560532,0,0,0,0.0,0.0,1.0,0,0,0,0,0,0,0
651,80.238836864,nan,nan,nan,nan,nan,nan,nan,nan,nan,nan,nan,nan,,nan,0,nan,nan,nan,INITIALIZING,0.0,0.0,0.0,35.319218808119885,0,0,0,0.0,0.0,1.0,0,0,0,0,0,0,0
652,80.27240568600001,nan,nan,nan,nan,nan,nan,nan,nan,nan,nan,nan,nan,,nan,0,nan,nan,nan,INITIALIZING,0.0,0.0,0.0,29.78954697903325,0,0,0,0.0,0.0,1.0,0,0,0,0,0,0,0
653,80.30046481900001,nan,nan,nan,nan,nan,nan,nan,nan,nan,nan,nan,nan,,nan,0,nan,nan,nan,INITIALIZING,0.0,0.0,0.0,35.63901992267634,0,0,0,0.0,0.0,1.0,0,0,0,0,0,0,0
654,80.333047174,nan,nan,nan,nan,nan,nan,nan,nan,nan,nan,nan,nan,,nan,0,nan,nan,nan,INITIALIZING,0.0,0.0,0.0,30.691458613116293,0,0,0,0.0,0.0,1.0,0,0,0,0,0,0,0
655,80.36804293899996,nan,nan,nan,nan,nan,nan,nan,nan,nan,nan,nan,nan,,nan,0,nan,nan,nan,INITIALIZING,0.0,0.0,0.0,28.574886132681343,0,0,0,0.0,0.0,1.0,0,0,0,0,0,0,0
656,80.39841469999999,nan,nan,nan,nan,nan,nan,nan,nan,nan,nan,nan,nan,,nan,0,nan,nan,nan,INITIALIZING,0.0,0.0,0.0,32.925321649908135,0,0,0,0.0,0.0,1.0,0,0,0,0,0,0,0
657,80.43117507799997,nan,nan,nan,nan,nan,nan,nan,nan,nan,nan,nan,nan,,nan,0,nan,nan,nan,INITIALIZING,0.0,0.0,0.0,30.524678317224602,0,0,0,0.0,0.0,1.0,0,0,0,0,0,0,0
658,80.46365420299998,nan,nan,nan,nan,nan,nan,nan,nan,nan,nan,nan,nan,,nan,0,nan,nan,nan,INITIALIZING,0.0,0.0,0.0,30.7890067851189,0,0,0,0.0,0.0,1.0,0,0,0,0,0,0,0
659,80.49934408899998,nan,nan,nan,nan,nan,nan,nan,nan,nan,nan,nan,nan,,nan,0,nan,nan,nan,INITIALIZING,0.0,0.0,0.0,28.019142453971323,0,0,0,0.0,0.0,1.0,0,0,0,0,0,0,0
660,80.53706581799997,nan,nan,nan,nan,nan,nan,nan,nan,nan,nan,nan,nan,,nan,0,nan,nan,nan,INITIALIZING,0.0,0.0,0.0,26.509919521453106,0,0,0,0.0,0.0,1.0,0,0,0,0,0,0,0
661,80.571840904,nan,nan,nan,nan,nan,nan,nan,nan,nan,nan,nan,nan,,nan,0,nan,nan,nan,INITIALIZING,0.0,0.0,0.0,28.756219323204288,0,0,0,0.0,0.0,1.0,0,0,0,0,0,0,0
662,80.60370148099997,nan,nan,nan,nan,nan,nan,nan,nan,nan,nan,nan,nan,,nan,0,nan,nan,nan,INITIALIZING,0.0,0.0,0.0,31.386751093703907,0,0,0,0.0,0.0,1.0,0,0,0,0,0,0,0
663,80.63978225699998,nan,nan,nan,nan,nan,nan,nan,nan,nan,nan,nan,nan,,nan,0,nan,nan,nan,INITIALIZING,0.0,0.0,0.0,27.715590152491234,0,0,0,0.0,0.0,1.0,0,0,0,0,0,0,0
664,80.68295409199999,nan,nan,nan,nan,nan,nan,nan,nan,nan,nan,nan,nan,,nan,0,nan,nan,nan,INITIALIZING,0.0,0.0,0.0,23.163249836375417,0,0,0,0.0,0.0,1.0,0,0,0,0,0,0,0
665,80.717106984,nan,nan,nan,nan,nan,nan,nan,nan,nan,nan,nan,nan,,nan,0,nan,nan,nan,INITIALIZING,0.0,0.0,0.0,29.28009727550291,0,0,0,0.0,0.0,1.0,0,0,0,0,0,0,0
666,80.74967860999999,nan,nan,nan,nan,nan,nan,nan,nan,nan,nan,nan,nan,,nan,0,nan,nan,nan,INITIALIZING,0.0,0.0,0.0,30.701568291378504,0,0,0,0.0,0.0,1.0,0,0,0,0,0,0,0
667,80.78542964299999,nan,nan,nan,nan,nan,nan,nan,nan,nan,nan,nan,nan,,nan,0,nan,nan,nan,INITIALIZING,0.0,0.0,0.0,27.971219740702004,0,0,0,0.0,0.0,1.0,0,0,0,0,0,0,0
668,80.816275002,nan,nan,nan,nan,nan,nan,nan,nan,nan,nan,nan,nan,,nan,0,nan,nan,nan,INITIALIZING,0.0,0.0,0.0,32.41978801412667,0,0,0,0.0,0.0,1.0,0,0,0,0,0,0,0
669,80.84753640600002,nan,nan,nan,nan,nan,nan,nan,nan,nan,nan,nan,nan,,nan,0,nan,nan,nan,INITIALIZING,0.0,0.0,0.0,31.98832656394334,0,0,0,0.0,0.0,1.0,0,0,0,0,0,0,0
670,80.88468859900001,nan,nan,nan,nan,nan,nan,nan,nan,nan,nan,nan,nan,,nan,0,nan,nan,nan,INITIALIZING,0.0,0.0,0.0,26.916311508181394,0,0,0,0.0,0.0,1.0,0,0,0,0,0,0,0
671,80.92107692999997,nan,nan,nan,nan,nan,nan,nan,nan,nan,nan,nan,nan,,nan,0,nan,nan,nan,INITIALIZING,0.0,0.0,0.0,27.481337355132727,0,0,0,0.0,0.0,1.0,0,0,0,0,0,0,0
672,80.95628394599999,nan,nan,nan,nan,nan,nan,nan,nan,nan,nan,nan,nan,,nan,0,nan,nan,nan,INITIALIZING,0.0,0.0,0.0,28.403429589135456,0,0,0,0.0,0.0,1.0,0,0,0,0,0,0,0
673,81.00833811000001,nan,nan,nan,nan,nan,nan,nan,nan,nan,nan,nan,nan,,nan,0,nan,nan,nan,INITIALIZING,0.0,0.0,0.0,19.210759008626084,0,0,0,0.0,0.0,1.0,0,0,0,0,0,0,0
674,81.03618270999999,nan,nan,nan,nan,nan,nan,nan,nan,nan,nan,nan,nan,,nan,0,nan,nan,nan,INITIALIZING,0.0,0.0,0.0,35.913606228881214,0,0,0,0.0,0.0,1.0,0,0,0,0,0,0,0
675,81.07372449000002,nan,nan,nan,nan,nan,nan,nan,nan,nan,nan,nan,nan,,nan,0,nan,nan,nan,INITIALIZING,0.0,0.0,0.0,26.636989508736587,0,0,0,0.0,0.0,1.0,0,0,0,0,0,0,0
676,81.11103824599996,nan,nan,nan,nan,nan,nan,nan,nan,nan,nan,nan,nan,,nan,0,nan,nan,nan,INITIALIZING,0.0,0.0,0.0,26.799767892608767,0,0,0,0.0,0.0,1.0,0,0,0,0,0,0,0
677,81.14561739199996,nan,nan,nan,nan,nan,nan,nan,nan,nan,nan,nan,nan,,nan,0,nan,nan,nan,INITIALIZING,0.0,0.0,0.0,28.919164169064164,0,0,0,0.0,0.0,1.0,0,0,0,0,0,0,0
678,81.17985950399998,nan,nan,nan,nan,nan,nan,nan,nan,nan,nan,nan,nan,,nan,0,nan,nan,nan,INITIALIZING,0.0,0.0,0.0,29.20380612035704,0,0,0,0.0,0.0,1.0,0,0,0,0,0,0,0
679,81.22005469499999,nan,nan,nan,nan,nan,nan,nan,nan,nan,nan,nan,nan,,nan,0,nan,nan,nan,INITIALIZING,0.0,0.0,0.0,24.87859803924722,0,0,0,0.0,0.0,1.0,0,0,0,0,0,0,0
680,81.26515222699999,nan,nan,nan,nan,nan,nan,nan,nan,nan,nan,nan,nan,,nan,0,nan,nan,nan,INITIALIZING,0.0,0.0,0.0,22.17416243531919,0,0,0,0.0,0.0,1.0,0,0,0,0,0,0,0
681,81.308206407,nan,nan,nan,nan,nan,nan,nan,nan,nan,nan,nan,nan,,nan,0,nan,nan,nan,INITIALIZING,0.0,0.0,0.0,23.226548502368463,0,0,0,0.0,0.0,1.0,0,0,0,0,0,0,0
682,81.35350930800001,nan,nan,nan,nan,nan,nan,nan,nan,nan,nan,nan,nan,,nan,0,nan,nan,nan,INITIALIZING,0.0,0.0,0.0,22.073641597470733,0,0,0,0.0,0.0,1.0,0,0,0,0,0,0,0
683,81.40880137099998,nan,nan,nan,nan,nan,nan,nan,nan,nan,nan,nan,nan,,nan,0,nan,nan,nan,INITIALIZING,0.0,0.0,0.0,18.08577842357928,0,0,0,0.0,0.0,1.0,0,0,0,0,0,0,0
684,81.440311425,nan,nan,nan,nan,nan,nan,nan,nan,nan,nan,nan,nan,,nan,0,nan,nan,nan,INITIALIZING,0.0,0.0,0.0,31.73590245193704,0,0,0,0.0,0.0,1.0,0,0,0,0,0,0,0
685,81.48072682899999,nan,nan,nan,nan,nan,nan,nan,nan,nan,nan,nan,nan,,nan,0,nan,nan,nan,INITIALIZING,0.0,0.0,0.0,24.743041044457453,0,0,0,0.0,0.0,1.0,0,0,0,0,0,0,0
686,81.51882819899998,nan,nan,nan,nan,nan,nan,nan,nan,nan,nan,nan,nan,,nan,0,nan,nan,nan,INITIALIZING,0.0,0.0,0.0,26.24577541437997,0,0,0,0.0,0.0,1.0,0,0,0,0,0,0,0
687,81.54573674900001,nan,nan,nan,nan,nan,nan,nan,nan,nan,nan,nan,nan,,nan,0,nan,nan,nan,INITIALIZING,0.0,0.0,0.0,37.16290918681537,0,0,0,0.0,0.0,1.0,0,0,0,0,0,0,0
688,81.57454448499999,nan,nan,nan,nan,nan,nan,nan,nan,nan,nan,nan,nan,,nan,0,nan,nan,nan,INITIALIZING,0.0,0.0,0.0,34.71289795216221,0,0,0,0.0,0.0,1.0,0,0,0,0,0,0,0
689,81.60617792599999,nan,nan,nan,nan,nan,nan,nan,nan,nan,nan,nan,nan,,nan,0,nan,nan,nan,INITIALIZING,0.0,0.0,0.0,31.61211579859751,0,0,0,0.0,0.0,1.0,0,0,0,0,0,0,0
690,82.15985929300001,nan,nan,nan,nan,nan,nan,nan,nan,nan,nan,nan,nan,,nan,0,nan,nan,nan,INITIALIZING,0.0,0.0,0.0,1.8060929256446447,0,0,0,0.0,0.0,1.0,0,0,0,0,0,0,0
691,82.18188019000002,nan,nan,nan,nan,nan,nan,nan,nan,nan,nan,nan,nan,,nan,0,nan,nan,nan,INITIALIZING,0.0,0.0,0.0,45.411410806735034,0,0,0,0.0,0.0,1.0,0,0,0,0,0,0,0
692,82.20535183099997,nan,nan,nan,nan,nan,nan,nan,nan,nan,nan,nan,nan,,nan,0,nan,nan,nan,INITIALIZING,0.0,0.0,0.0,42.60460527671661,0,0,0,0.0,0.0,1.0,0,0,0,0,0,0,0
693,82.233974982,nan,nan,nan,nan,nan,nan,nan,nan,nan,nan,nan,nan,,nan,0,nan,nan,nan,INITIALIZING,0.0,0.0,0.0,34.936754517307754,0,0,0,0.0,0.0,1.0,0,0,0,0,0,0,0
694,82.27473023300001,nan,nan,nan,nan,nan,nan,nan,nan,nan,nan,nan,nan,,nan,0,nan,nan,nan,INITIALIZING,0.0,0.0,0.0,24.5367155265421,0,0,0,0.0,0.0,1.0,0,0,0,0,0,0,0
695,82.31153554999997,nan,nan,nan,nan,nan,nan,nan,nan,nan,nan,nan,nan,,nan,0,nan,nan,nan,INITIALIZING,0.0,0.0,0.0,27.169987423314186,0,0,0,0.0,0.0,1.0,0,0,0,0,0,0,0
696,82.350728704,nan,nan,nan,nan,nan,nan,nan,nan,nan,nan,nan,nan,,nan,0,nan,nan,nan,INITIALIZING,0.0,0.0,0.0,25.514660034739695,0,0,0,0.0,0.0,1.0,0,0,0,0,0,0,0
697,82.38176516099998,nan,nan,nan,nan,nan,nan,nan,nan,nan,nan,nan,nan,,nan,0,nan,nan,nan,INITIALIZING,0.0,0.0,0.0,32.22017255387583,0,0,0,0.0,0.0,1.0,0,0,0,0,0,0,0
698,82.407648806,nan,nan,nan,nan,nan,nan,nan,nan,nan,nan,nan,nan,,nan,0,nan,nan,nan,INITIALIZING,0.0,0.0,0.0,38.63443498777553,0,0,0,0.0,0.0,1.0,0,0,0,0,0,0,0
699,82.439519856,nan,nan,nan,nan,nan,nan,nan,nan,nan,nan,nan,nan,,nan,0,nan,nan,nan,INITIALIZING,0.0,0.0,0.0,31.376437236921724,0,0,0,0.0,0.0,1.0,0,0,0,0,0,0,0
700,82.47068714699998,nan,nan,nan,nan,nan,nan,nan,nan,nan,nan,nan,nan,,nan,0,nan,nan,nan,INITIALIZING,0.0,0.0,0.0,32.08491876951465,0,0,0,0.0,0.0,1.0,0,0,0,0,0,0,0
701,82.50317424399998,nan,nan,nan,nan,nan,nan,nan,nan,nan,nan,nan,nan,,nan,0,nan,nan,nan,INITIALIZING,0.0,0.0,0.0,30.78145147902814,0,0,0,0.0,0.0,1.0,0,0,0,0,0,0,0
702,82.53387585499996,nan,nan,nan,nan,nan,nan,nan,nan,nan,nan,nan,nan,,nan,0,nan,nan,nan,INITIALIZING,0.0,0.0,0.0,32.571580690033976,0,0,0,0.0,0.0,1.0,0,0,0,0,0,0,0
703,82.57150977399999,nan,nan,nan,nan,nan,nan,nan,nan,nan,nan,nan,nan,,nan,0,nan,nan,nan,INITIALIZING,0.0,0.0,0.0,26.571774255006975,0,0,0,0.0,0.0,1.0,0,0,0,0,0,0,0
704,82.613933637,nan,nan,nan,nan,nan,nan,nan,nan,nan,nan,nan,nan,,nan,0,nan,nan,nan,INITIALIZING,0.0,0.0,0.0,23.571639386063307,0,0,0,0.0,0.0,1.0,0,0,0,0,0,0,0
705,82.64514900299997,nan,nan,nan,nan,nan,nan,nan,nan,nan,nan,nan,nan,,nan,0,nan,nan,nan,INITIALIZING,0.0,0.0,0.0,32.035504565315016,0,0,0,0.0,0.0,1.0,0,0,0,0,0,0,0
706,82.68523992600001,nan,nan,nan,nan,nan,nan,nan,nan,nan,nan,nan,nan,,nan,0,nan,nan,nan,INITIALIZING,0.0,0.0,0.0,24.943302003774956,0,0,0,0.0,0.0,1.0,0,0,0,0,0,0,0
707,82.718110308,nan,nan,nan,nan,nan,nan,nan,nan,nan,nan,nan,nan,,nan,0,nan,nan,nan,INITIALIZING,0.0,0.0,0.0,30.422524447693963,0,0,0,0.0,0.0,1.0,0,0,0,0,0,0,0
708,82.75256549799997,nan,nan,nan,nan,nan,nan,nan,nan,nan,nan,nan,nan,,nan,0,nan,nan,nan,INITIALIZING,0.0,0.0,0.0,29.02320376120862,0,0,0,0.0,0.0,1.0,0,0,0,0,0,0,0
709,82.78351304799997,nan,nan,nan,nan,nan,nan,nan,nan,nan,nan,nan,nan,,nan,0,nan,nan,nan,INITIALIZING,0.0,0.0,0.0,32.31273558002991,0,0,0,0.0,0.0,1.0,0,0,0,0,0,0,0
710,82.81497919700001,nan,nan,nan,nan,nan,nan,nan,nan,nan,nan,nan,nan,,nan,0,nan,nan,nan,INITIALIZING,0.0,0.0,0.0,31.780183841332526,0,0,0,0.0,0.0,1.0,0,0,0,0,0,0,0
711,82.85273587799998,nan,nan,nan,nan,nan,nan,nan,nan,nan,nan,nan,nan,,nan,0,nan,nan,nan,INITIALIZING,0.0,0.0,0.0,26.48537883933717,0,0,0,0.0,0.0,1.0,0,0,0,0,0,0,0
712,82.88382082499999,nan,nan,nan,nan,nan,nan,nan,nan,nan,nan,nan,nan,,nan,0,nan,nan,nan,INITIALIZING,0.0,0.0,0.0,32.16991169390298,0,0,0,0.0,0.0,1.0,0,0,0,0,0,0,0
713,82.91725975499998,nan,nan,nan,nan,nan,nan,nan,nan,nan,nan,nan,nan,,nan,0,nan,nan,nan,INITIALIZING,0.0,0.0,0.0,29.90526311698209,0,0,0,0.0,0.0,1.0,0,0,0,0,0,0,0
714,82.95958762800001,nan,nan,nan,nan,nan,nan,nan,nan,nan,nan,nan,nan,,nan,0,nan,nan,nan,INITIALIZING,0.0,0.0,0.0,23.62509450921882,0,0,0,0.0,0.0,1.0,0,0,0,0,0,0,0
715,82.98804150699999,nan,nan,nan,nan,nan,nan,nan,nan,nan,nan,nan,nan,,nan,0,nan,nan,nan,INITIALIZING,0.0,0.0,0.0,35.144593115075885,0,0,0,0.0,0.0,1.0,0,0,0,0,0,0,0
716,83.019792242,nan,nan,nan,nan,nan,nan,nan,nan,nan,nan,nan,nan,,nan,0,nan,nan,nan,INITIALIZING,0.0,0.0,0.0,31.495333887543442,0,0,0,0.0,0.0,1.0,0,0,0,0,0,0,0
717,83.046876629,nan,nan,nan,nan,nan,nan,nan,nan,nan,nan,nan,nan,,nan,0,nan,nan,nan,INITIALIZING,0.0,0.0,0.0,36.921640500850934,0,0,0,0.0,0.0,1.0,0,0,0,0,0,0,0
718,83.075282018,nan,nan,nan,nan,nan,nan,nan,nan,nan,nan,nan,nan,,nan,0,nan,nan,nan,INITIALIZING,0.0,0.0,0.0,35.204587411213254,0,0,0,0.0,0.0,1.0,0,0,0,0,0,0,0
719,83.10624675600002,nan,nan,nan,nan,nan,nan,nan,nan,nan,nan,nan,nan,,nan,0,nan,nan,nan,INITIALIZING,0.0,0.0,0.0,32.29479932945861,0,0,0,0.0,0.0,1.0,0,0,0,0,0,0,0
720,106.60112865499997,nan,nan,nan,nan,nan,nan,nan,nan,nan,nan,nan,nan,,nan,0,nan,nan,nan,INITIALIZING,0.0,0.0,0.0,0.0425624612329958,0,0,0,0.0,0.0,1.0,0,0,0,0,0,0,0
721,107.153860339,nan,nan,nan,nan,nan,nan,nan,nan,nan,nan,nan,nan,,nan,0,nan,nan,nan,INITIALIZING,0.0,0.0,0.0,1.809196087264528,0,0,0,0.0,0.0,1.0,0,0,0,0,0,0,0
722,107.17735449899999,nan,nan,nan,nan,nan,nan,nan,nan,nan,nan,nan,nan,,nan,0,nan,nan,nan,INITIALIZING,0.0,0.0,0.0,42.56376903880238,0,0,0,0.0,0.0,1.0,0,0,0,0,0,0,0
723,107.20656252200001,nan,nan,nan,nan,nan,nan,nan,nan,nan,nan,nan,nan,,nan,0,nan,nan,nan,INITIALIZING,0.0,0.0,0.0,34.23716832868783,0,0,0,0.0,0.0,1.0,0,0,0,0,0,0,0
724,107.23407167199997,nan,nan,nan,nan,nan,nan,nan,nan,nan,nan,nan,nan,,nan,0,nan,nan,nan,INITIALIZING,0.0,0.0,0.0,36.35154121452471,0,0,0,0.0,0.0,1.0,0,0,0,0,0,0,0
725,107.259409758,nan,nan,nan,nan,nan,nan,nan,nan,nan,nan,nan,nan,,nan,0,nan,nan,nan,INITIALIZING,0.0,0.0,0.0,39.46628012860489,0,0,0,0.0,0.0,1.0,0,0,0,0,0,0,0
726,107.289884201,nan,nan,nan,nan,nan,nan,nan,nan,nan,nan,nan,nan,,nan,0,nan,nan,nan,INITIALIZING,0.0,0.0,0.0,32.81438154587135,0,0,0,0.0,0.0,1.0,0,0,0,0,0,0,0
727,107.32688392299997,nan,nan,nan,nan,nan,nan,nan,nan,nan,nan,nan,nan,,nan,0,nan,nan,nan,INITIALIZING,0.0,0.0,0.0,27.027230096513478,0,0,0,0.0,0.0,1.0,0,0,0,0,0,0,0
728,107.35793743599999,nan,nan,nan,nan,nan,nan,nan,nan,nan,nan,nan,nan,,nan,0,nan,nan,nan,INITIALIZING,0.0,0.0,0.0,32.20247577140255,0,0,0,0.0,0.0,1.0,0,0,0,0,0,0,0
729,107.38987783199997,nan,nan,nan,nan,nan,nan,nan,nan,nan,nan,nan,nan,,nan,0,nan,nan,nan,INITIALIZING,0.0,0.0,0.0,31.30831565145813,0,0,0,0.0,0.0,1.0,0,0,0,0,0,0,0
730,107.425845617,nan,nan,nan,nan,nan,nan,nan,nan,nan,nan,nan,nan,,nan,0,nan,nan,nan,INITIALIZING,0.0,0.0,0.0,27.802657294556695,0,0,0,0.0,0.0,1.0,0,0,0,0,0,0,0
731,107.45827226899996,nan,nan,nan,nan,nan,nan,nan,nan,nan,nan,nan,nan,,nan,0,nan,nan,nan,INITIALIZING,0.0,0.0,0.0,30.83882973798641,0,0,0,0.0,0.0,1.0,0,0,0,0,0,0,0
732,107.49003537199997,nan,nan,nan,nan,nan,nan,nan,nan,nan,nan,nan,nan,,nan,0,nan,nan,nan,INITIALIZING,0.0,0.0,0.0,31.483070152179618,0,0,0,0.0,0.0,1.0,0,0,0,0,0,0,0
733,107.52801609400001,nan,nan,nan,nan,nan,nan,nan,nan,nan,nan,nan,nan,,nan,0,nan,nan,nan,INITIALIZING,0.0,0.0,0.0,26.329146665481193,0,0,0,0.0,0.0,1.0,0,0,0,0,0,0,0
734,107.56177942699998,nan,nan,nan,nan,nan,nan,nan,nan,nan,nan,nan,nan,,nan,0,nan,nan,nan,INITIALIZING,0.0,0.0,0.0,29.617929011953883,0,0,0,0.0,0.0,1.0,0,0,0,0,0,0,0
735,107.59618771599997,nan,nan,nan,nan,nan,nan,nan,nan,nan,nan,nan,nan,,nan,0,nan,nan,nan,INITIALIZING,0.0,0.0,0.0,29.062764498404842,0,0,0,0.0,0.0,1.0,0,0,0,0,0,0,0
736,107.633236345,nan,nan,nan,nan,nan,nan,nan,nan,nan,nan,nan,nan,,nan,0,nan,nan,nan,INITIALIZING,0.0,0.0,0.0,26.991552103029328,0,0,0,0.0,0.0,1.0,0,0,0,0,0,0,0
737,107.670747114,nan,nan,nan,nan,nan,nan,nan,nan,nan,nan,nan,nan,,nan,0,nan,nan,nan,INITIALIZING,0.0,0.0,0.0,26.659010909644913,0,0,0,0.0,0.0,1.0,0,0,0,0,0,0,0
738,108.543302423,nan,nan,nan,nan,nan,nan,nan,nan,nan,nan,nan,nan,,nan,0,nan,nan,nan,INITIALIZING,0.0,0.0,0.0,1.1460591548586783,0,0,0,0.0,0.0,1.0,0,0,0,0,0,0,0
739,108.57888035999997,nan,nan,nan,nan,nan,nan,nan,nan,nan,nan,nan,nan,,nan,0,nan,nan,nan,INITIALIZING,0.0,0.0,0.0,28.10730706507287,0,0,0,0.0,0.0,1.0,0,0,0,0,0,0,0
740,108.60833781299993,nan,nan,nan,nan,nan,nan,nan,nan,nan,nan,nan,nan,,nan,0,nan,nan,nan,INITIALIZING,0.0,0.0,0.0,33.947266248756655,0,0,0,0.0,0.0,1.0,0,0,0,0,0,0,0
741,108.64143088000003,nan,nan,nan,nan,nan,nan,nan,nan,nan,nan,nan,nan,,nan,0,nan,nan,nan,INITIALIZING,0.0,0.0,0.0,30.217809669835695,0,0,0,0.0,0.0,1.0,0,0,0,0,0,0,0
742,108.68025234100003,nan,nan,nan,nan,nan,nan,nan,nan,nan,nan,nan,nan,,nan,0,nan,nan,nan,INITIALIZING,0.0,0.0,0.0,25.75894812408164,0,0,0,0.0,0.0,1.0,0,0,0,0,0,0,0
743,108.709005048,nan,nan,nan,nan,nan,nan,nan,nan,nan,nan,nan,nan,,nan,0,nan,nan,nan,INITIALIZING,0.0,0.0,0.0,34.77933399457488,0,0,0,0.0,0.0,1.0,0,0,0,0,0,0,0
744,108.73490261899997,nan,nan,nan,nan,nan,nan,nan,nan,nan,nan,nan,nan,,nan,0,nan,nan,nan,INITIALIZING,0.0,0.0,0.0,38.61365994521405,0,0,0,0.0,0.0,1.0,0,0,0,0,0,0,0
745,108.767935373,nan,nan,nan,nan,nan,nan,nan,nan,nan,nan,nan,nan,,nan,0,nan,nan,nan,INITIALIZING,0.0,0.0,0.0,30.27298299133683,0,0,0,0.0,0.0,1.0,0,0,0,0,0,0,0
746,108.79775673699999,nan,nan,nan,nan,nan,nan,nan,nan,nan,nan,nan,nan,,nan,0,nan,nan,nan,INITIALIZING,0.0,0.0,0.0,33.53300673974792,0,0,0,0.0,0.0,1.0,0,0,0,0,0,0,0
747,108.83741555099994,nan,nan,nan,nan,nan,nan,nan,nan,nan,nan,nan,nan,,nan,0,nan,nan,nan,INITIALIZING,0.0,0.0,0.0,25.215075771082702,0,0,0,0.0,0.0,1.0,0,0,0,0,0,0,0
748,108.88463840500003,nan,nan,nan,nan,nan,nan,nan,nan,nan,nan,nan,nan,,nan,0,nan,nan,nan,INITIALIZING,0.0,0.0,0.0,21.176187275719226,0,0,0,0.0,0.0,1.0,0,0,0,0,0,0,0
749,108.91470867800001,nan,nan,nan,nan,nan,nan,nan,nan,nan,nan,nan,nan,,nan,0,nan,nan,nan,INITIALIZING,0.0,0.0,0.0,33.255434694614074,0,0,0,0.0,0.0,1.0,0,0,0,0,0,0,0
750,111.38631510300002,nan,nan,nan,nan,nan,nan,nan,nan,nan,nan,nan,nan,,nan,0,nan,nan,nan,INITIALIZING,0.0,0.0,0.0,0.4045951612219159,0,0,0,0.0,0.0,1.0,0,0,0,0,0,0,0
751,111.41155553299996,nan,nan,nan,nan,nan,nan,nan,nan,nan,nan,nan,nan,,nan,0,nan,nan,nan,INITIALIZING,0.0,0.0,0.0,39.61897638044933,0,0,0,0.0,0.0,1.0,0,0,0,0,0,0,0
752,111.43937083599997,nan,nan,nan,nan,nan,nan,nan,nan,nan,nan,nan,nan,,nan,0,nan,nan,nan,INITIALIZING,0.0,0.0,0.0,35.95143292164016,0,0,0,0.0,0.0,1.0,0,0,0,0,0,0,0
753,111.46880865599996,nan,nan,nan,nan,nan,nan,nan,nan,nan,nan,nan,nan,,nan,0,nan,nan,nan,INITIALIZING,0.0,0.0,0.0,33.96990673902002,0,0,0,0.0,0.0,1.0,0,0,0,0,0,0,0
754,111.502876474,nan,nan,nan,nan,nan,nan,nan,nan,nan,nan,nan,nan,,nan,0,nan,nan,nan,INITIALIZING,0.0,0.0,0.0,29.353215401081428,0,0,0,0.0,0.0,1.0,0,0,0,0,0,0,0
755,111.53506937600002,nan,nan,nan,nan,nan,nan,nan,nan,nan,nan,nan,nan,,nan,0,nan,nan,nan,INITIALIZING,0.0,0.0,0.0,31.062747931186365,0,0,0,0.0,0.0,1.0,0,0,0,0,0,0,0
756,111.56649325900003,nan,nan,nan,nan,nan,nan,nan,nan,nan,nan,nan,nan,,nan,0,nan,nan,nan,INITIALIZING,0.0,0.0,0.0,31.82292907594933,0,0,0,0.0,0.0,1.0,0,0,0,0,0,0,0
757,111.601810882,nan,nan,nan,nan,nan,nan,nan,nan,nan,nan,nan,nan,,nan,0,nan,nan,nan,INITIALIZING,0.0,0.0,0.0,28.314476316848335,0,0,0,0.0,0.0,1.0,0,0,0,0,0,0,0
758,111.64629584499994,nan,nan,nan,nan,nan,nan,nan,nan,nan,nan,nan,nan,,nan,0,nan,nan,nan,INITIALIZING,0.0,0.0,0.0,22.479506164841126,0,0,0,0.0,0.0,1.0,0,0,0,0,0,0,0
759,111.68988840199995,nan,nan,nan,nan,nan,nan,nan,nan,nan,nan,nan,nan,,nan,0,nan,nan,nan,INITIALIZING,0.0,0.0,0.0,22.939695875141048,0,0,0,0.0,0.0,1.0,0,0,0,0,0,0,0
760,111.71586550699999,nan,nan,nan,nan,nan,nan,nan,nan,nan,nan,nan,nan,,nan,0,nan,nan,nan,INITIALIZING,0.0,0.0,0.0,38.49543665464385,0,0,0,0.0,0.0,1.0,0,0,0,0,0,0,0
761,111.74458951700001,nan,nan,nan,nan,nan,nan,nan,nan,nan,nan,nan,nan,,nan,0,nan,nan,nan,INITIALIZING,0.0,0.0,0.0,34.81408062451372,0,0,0,0.0,0.0,1.0,0,0,0,0,0,0,0
762,111.78499693599997,nan,nan,nan,nan,nan,nan,nan,nan,nan,nan,nan,nan,,nan,0,nan,nan,nan,INITIALIZING,0.0,0.0,0.0,24.74793057188192,0,0,0,0.0,0.0,1.0,0,0,0,0,0,0,0
763,111.83432200300001,nan,nan,nan,nan,nan,nan,nan,nan,nan,nan,nan,nan,,nan,0,nan,nan,nan,INITIALIZING,0.0,0.0,0.0,20.273667342391548,0,0,0,0.0,0.0,1.0,0,0,0,0,0,0,0
764,111.86531567299994,nan,nan,nan,nan,nan,nan,nan,nan,nan,nan,nan,nan,,nan,0,nan,nan,nan,INITIALIZING,0.0,0.0,0.0,32.264652750134616,0,0,0,0.0,0.0,1.0,0,0,0,0,0,0,0
765,111.90084699700003,nan,nan,nan,nan,nan,nan,nan,nan,nan,nan,nan,nan,,nan,0,nan,nan,nan,INITIALIZING,0.0,0.0,0.0,28.144180610817585,0,0,0,0.0,0.0,1.0,0,0,0,0,0,0,0
766,111.94058383499998,nan,nan,nan,nan,nan,nan,nan,nan,nan,nan,nan,nan,,nan,0,nan,nan,nan,INITIALIZING,0.0,0.0,0.0,25.165565513823022,0,0,0,0.0,0.0,1.0,0,0,0,0,0,0,0
767,111.97570218500005,nan,nan,nan,nan,nan,nan,nan,nan,nan,nan,nan,nan,,nan,0,nan,nan,nan,INITIALIZING,0.0,0.0,0.0,28.475141912938575,0,0,0,0.0,0.0,1.0,0,0,0,0,0,0,0
768,112.02016225199998,nan,nan,nan,nan,nan,nan,nan,nan,nan,nan,nan,nan,,nan,0,nan,nan,nan,INITIALIZING,0.0,0.0,0.0,22.49209386035191,0,0,0,0.0,0.0,1.0,0,0,0,0,0,0,0
769,112.05909163299998,nan,nan,nan,nan,nan,nan,nan,nan,nan,nan,nan,nan,,nan,0,nan,nan,nan,INITIALIZING,0.0,0.0,0.0,25.687539187944754,0,0,0,0.0,0.0,1.0,0,0,0,0,0,0,0
770,112.09806351500004,nan,nan,nan,nan,nan,nan,nan,nan,nan,nan,nan,nan,,nan,0,nan,nan,nan,INITIALIZING,0.0,0.0,0.0,25.65952550093888,0,0,0,0.0,0.0,1.0,0,0,0,0,0,0,0
771,112.14859703299999,nan,nan,nan,nan,nan,nan,nan,nan,nan,nan,nan,nan,,nan,0,nan,nan,nan,INITIALIZING,0.0,0.0,0.0,19.788845890384085,0,0,0,0.0,0.0,1.0,0,0,0,0,0,0,0
772,112.18608988799997,nan,nan,nan,nan,nan,nan,nan,nan,nan,nan,nan,nan,,nan,0,nan,nan,nan,INITIALIZING,0.0,0.0,0.0,26.67174852383138,0,0,0,0.0,0.0,1.0,0,0,0,0,0,0,0
773,112.224405305,nan,nan,nan,nan,nan,nan,nan,nan,nan,nan,nan,nan,,nan,0,nan,nan,nan,INITIALIZING,0.0,0.0,0.0,26.099154812776266,0,0,0,0.0,0.0,1.0,0,0,0,0,0,0,0
774,112.54830700699995,nan,nan,nan,nan,nan,nan,nan,nan,nan,nan,nan,nan,,nan,0,nan,nan,nan,INITIALIZING,0.0,0.0,0.0,3.0873564227216495,0,0,0,0.0,0.0,1.0,0,0,0,0,0,0,0
775,112.58455323500004,nan,nan,nan,nan,nan,nan,nan,nan,nan,nan,nan,nan,,nan,0,nan,nan,nan,INITIALIZING,0.0,0.0,0.0,27.589077682714077,0,0,0,0.0,0.0,1.0,0,0,0,0,0,0,0
776,112.62003039199999,nan,nan,nan,nan,nan,nan,nan,nan,nan,nan,nan,nan,,nan,0,nan,nan,nan,INITIALIZING,0.0,0.0,0.0,28.187151524050556,0,0,0,0.0,0.0,1.0,0,0,0,0,0,0,0
777,112.649566703,nan,nan,nan,nan,nan,nan,nan,nan,nan,nan,nan,nan,,nan,0,nan,nan,nan,INITIALIZING,0.0,0.0,0.0,33.856631588131705,0,0,0,0.0,0.0,1.0,0,0,0,0,0,0,0
778,112.68779711900004,nan,nan,nan,nan,nan,nan,nan,nan,nan,nan,nan,nan,,nan,0,nan,nan,nan,INITIALIZING,0.0,0.0,0.0,26.15718332751427,0,0,0,0.0,0.0,1.0,0,0,0,0,0,0,0
779,112.71730853400004,nan,nan,nan,nan,nan,nan,nan,nan,nan,nan,nan,nan,,nan,0,nan,nan,nan,INITIALIZING,0.0,0.0,0.0,33.88519323793658,0,0,0,0.0,0.0,1.0,0,0,0,0,0,0,0
780,112.754349822,nan,nan,nan,nan,nan,nan,nan,nan,nan,nan,nan,nan,,nan,0,nan,nan,nan,INITIALIZING,0.0,0.0,0.0,26.996901403677384,0,0,0,0.0,0.0,1.0,0,0,0,0,0,0,0
781,112.78610808500002,nan,nan,nan,nan,nan,nan,nan,nan,nan,nan,nan,nan,,nan,0,nan,nan,nan,INITIALIZING,0.0,0.0,0.0,31.48786821241113,0,0,0,0.0,0.0,1.0,0,0,0,0,0,0,0
782,112.81390213700001,nan,nan,nan,nan,nan,nan,nan,nan,nan,nan,nan,nan,,nan,0,nan,nan,nan,INITIALIZING,0.0,0.0,0.0,35.97892095763342,0,0,0,0.0,0.0,1.0,0,0,0,0,0,0,0
783,112.85595249100004,nan,nan,nan,nan,nan,nan,nan,nan,nan,nan,nan,nan,,nan,0,nan,nan,nan,INITIALIZING,0.0,0.0,0.0,23.78101264021214,0,0,0,0.0,0.0,1.0,0,0,0,0,0,0,0
784,112.88759991899997,nan,nan,nan,nan,nan,nan,nan,nan,nan,nan,nan,nan,,nan,0,nan,nan,nan,INITIALIZING,0.0,0.0,0.0,31.598144405360948,0,0,0,0.0,0.0,1.0,0,0,0,0,0,0,0
785,112.91825764800001,nan,nan,nan,nan,nan,nan,nan,nan,nan,nan,nan,nan,,nan,0,nan,nan,nan,INITIALIZING,0.0,0.0,0.0,32.61820208531034,0,0,0,0.0,0.0,1.0,0,0,0,0,0,0,0
786,112.94878990799998,nan,nan,nan,nan,nan,nan,nan,nan,nan,nan,nan,nan,,nan,0,nan,nan,nan,INITIALIZING,0.0,0.0,0.0,32.75224303739373,0,0,0,0.0,0.0,1.0,0,0,0,0,0,0,0
787,112.99298226400003,nan,nan,nan,nan,nan,nan,nan,nan,nan,nan,nan,nan,,nan,0,nan,nan,nan,INITIALIZING,0.0,0.0,0.0,22.628347762196604,0,0,0,0.0,0.0,1.0,0,0,0,0,0,0,0
788,113.02582965299996,nan,nan,nan,nan,nan,nan,nan,nan,nan,nan,nan,nan,,nan,0,nan,nan,nan,INITIALIZING,0.0,0.0,0.0,30.443820055294378,0,0,0,0.0,0.0,1.0,0,0,0,0,0,0,0
789,113.05815453599996,nan,nan,nan,nan,nan,nan,nan,nan,nan,nan,nan,nan,,nan,0,nan,nan,nan,INITIALIZING,0.0,0.0,0.0,30.935920170228144,0,0,0,0.0,0.0,1.0,0,0,0,0,0,0,0
790,113.09759652699995,nan,nan,nan,nan,nan,nan,nan,nan,nan,nan,nan,nan,,nan,0,nan,nan,nan,INITIALIZING,0.0,0.0,0.0,25.353689675560787,0,0,0,0.0,0.0,1.0,0,0,0,0,0,0,0
791,113.12682069999994,nan,nan,nan,nan,nan,nan,nan,nan,nan,nan,nan,nan,,nan,0,nan,nan,nan,INITIALIZING,0.0,0.0,0.0,34.21824802366133,0,0,0,0.0,0.0,1.0,0,0,0,0,0,0,0
792,113.15621289499995,nan,nan,nan,nan,nan,nan,nan,nan,nan,nan,nan,nan,,nan,0,nan,nan,nan,INITIALIZING,0.0,0.0,0.0,34.02263764239193,0,0,0,0.0,0.0,1.0,0,0,0,0,0,0,0
793,113.20079801500003,nan,nan,nan,nan,nan,nan,nan,nan,nan,nan,nan,nan,,nan,0,nan,nan,nan,INITIALIZING,0.0,0.0,0.0,22.429007704773056,0,0,0,0.0,0.0,1.0,0,0,0,0,0,0,0
794,113.22943499400003,nan,nan,nan,nan,nan,nan,nan,nan,nan,nan,nan,nan,,nan,0,nan,nan,nan,INITIALIZING,0.0,0.0,0.0,34.919884531118576,0,0,0,0.0,0.0,1.0,0,0,0,0,0,0,0
795,113.270360804,nan,nan,nan,nan,nan,nan,nan,nan,nan,nan,nan,nan,,nan,0,nan,nan,nan,INITIALIZING,0.0,0.0,0.0,24.434458352823913,0,0,0,0.0,0.0,1.0,0,0,0,0,0,0,0
796,113.31379773599997,nan,nan,nan,nan,nan,nan,nan,nan,nan,nan,nan,nan,,nan,0,nan,nan,nan,INITIALIZING,0.0,0.0,0.0,23.021883773947167,0,0,0,0.0,0.0,1.0,0,0,0,0,0,0,0
797,113.34594990899996,nan,nan,nan,nan,nan,nan,nan,nan,nan,nan,nan,nan,,nan,0,nan,nan,nan,INITIALIZING,0.0,0.0,0.0,31.102096894055656,0,0,0,0.0,0.0,1.0,0,0,0,0,0,0,0
798,113.38641607900001,nan,nan,nan,nan,nan,nan,nan,nan,nan,nan,nan,nan,,nan,0,nan,nan,nan,INITIALIZING,0.0,0.0,0.0,24.712000171959605,0,0,0,0.0,0.0,1.0,0,0,0,0,0,0,0
799,113.41949946099999,nan,nan,nan,nan,nan,nan,nan,nan,nan,nan,nan,nan,,nan,0,nan,nan,nan,INITIALIZING,0.0,0.0,0.0,30.226655787513828,0,0,0,0.0,0.0,1.0,0,0,0,0,0,0,0
800,113.45438687299998,nan,nan,nan,nan,nan,nan,nan,nan,nan,nan,nan,nan,,nan,0,nan,nan,nan,INITIALIZING,0.0,0.0,0.0,28.663633748479587,0,0,0,0.0,0.0,1.0,0,0,0,0,0,0,0
801,113.48419016599996,nan,nan,nan,nan,nan,nan,nan,nan,nan,nan,nan,nan,,nan,0,nan,nan,nan,INITIALIZING,0.0,0.0,0.0,33.553339223301926,0,0,0,0.0,0.0,1.0,0,0,0,0,0,0,0
802,113.51437622499998,nan,nan,nan,nan,nan,nan,nan,nan,nan,nan,nan,nan,,nan,0,nan,nan,nan,INITIALIZING,0.0,0.0,0.0,33.127875354628735,0,0,0,0.0,0.0,1.0,0,0,0,0,0,0,0
803,113.565558033,nan,nan,nan,nan,nan,nan,nan,nan,nan,nan,nan,nan,,nan,0,nan,nan,nan,INITIALIZING,0.0,0.0,0.0,19.538192163894106,0,0,0,0.0,0.0,1.0,0,0,0,0,0,0,0
804,113.59531606500002,nan,nan,nan,nan,nan,nan,nan,nan,nan,nan,nan,nan,,nan,0,nan,nan,nan,INITIALIZING,0.0,0.0,0.0,33.60437276226458,0,0,0,0.0,0.0,1.0,0,0,0,0,0,0,0
805,113.61886147799999,nan,nan,nan,nan,nan,nan,nan,nan,nan,nan,nan,nan,,nan,0,nan,nan,nan,INITIALIZING,0.0,0.0,0.0,42.4711174104899,0,0,0,0.0,0.0,1.0,0,0,0,0,0,0,0
806,113.64580213700003,nan,nan,nan,nan,nan,nan,nan,nan,nan,nan,nan,nan,,nan,0,nan,nan,nan,INITIALIZING,0.0,0.0,0.0,37.11861688306323,0,0,0,0.0,0.0,1.0,0,0,0,0,0,0,0
807,113.67810717600003,nan,nan,nan,nan,nan,nan,nan,nan,nan,nan,nan,nan,,nan,0,nan,nan,nan,INITIALIZING,0.0,0.0,0.0,30.954923162302997,0,0,0,0.0,0.0,1.0,0,0,0,0,0,0,0
808,113.70935892299997,nan,nan,nan,nan,nan,nan,nan,nan,nan,nan,nan,nan,,nan,0,nan,nan,nan,INITIALIZING,0.0,0.0,0.0,31.998211172061982,0,0,0,0.0,0.0,1.0,0,0,0,0,0,0,0
809,113.740120144,nan,nan,nan,nan,nan,nan,nan,nan,nan,nan,nan,nan,,nan,0,nan,nan,nan,INITIALIZING,0.0,0.0,0.0,32.50846252165623,0,0,0,0.0,0.0,1.0,0,0,0,0,0,0,0
810,113.77675267899997,nan,nan,nan,nan,nan,nan,nan,nan,nan,nan,nan,nan,,nan,0,nan,nan,nan,INITIALIZING,0.0,0.0,0.0,27.298138116865267,0,0,0,0.0,0.0,1.0,0,0,0,0,0,0,0
811,113.81313099199997,nan,nan,nan,nan,nan,nan,nan,nan,nan,nan,nan,nan,,nan,0,nan,nan,nan,INITIALIZING,0.0,0.0,0.0,27.488905271665445,0,0,0,0.0,0.0,1.0,0,0,0,0,0,0,0
812,113.84304558899998,nan,nan,nan,nan,nan,nan,nan,nan,nan,nan,nan,nan,,nan,0,nan,nan,nan,INITIALIZING,0.0,0.0,0.0,33.42849646276313,0,0,0,0.0,0.0,1.0,0,0,0,0,0,0,0
813,113.87554609999995,nan,nan,nan,nan,nan,nan,nan,nan,nan,nan,nan,nan,,nan,0,nan,nan,nan,INITIALIZING,0.0,0.0,0.0,30.7687469898867,0,0,0,0.0,0.0,1.0,0,0,0,0,0,0,0
814,113.90931485299996,nan,nan,nan,nan,nan,nan,nan,nan,nan,nan,nan,nan,,nan,0,nan,nan,nan,INITIALIZING,0.0,0.0,0.0,29.61317523332543,0,0,0,0.0,0.0,1.0,0,0,0,0,0,0,0
815,113.94001982299994,nan,nan,nan,nan,nan,nan,nan,nan,nan,nan,nan,nan,,nan,0,nan,nan,nan,INITIALIZING,0.0,0.0,0.0,32.56801749034089,0,0,0,0.0,0.0,1.0,0,0,0,0,0,0,0
816,113.977263354,nan,nan,nan,nan,nan,nan,nan,nan,nan,nan,nan,nan,,nan,0,nan,nan,nan,INITIALIZING,0.0,0.0,0.0,26.850300525974163,0,0,0,0.0,0.0,1.0,0,0,0,0,0,0,0
817,114.01455902099997,nan,nan,nan,nan,nan,nan,nan,nan,nan,nan,nan,nan,,nan,0,nan,nan,nan,INITIALIZING,0.0,0.0,0.0,26.812766212249098,0,0,0,0.0,0.0,1.0,0,0,0,0,0,0,0
818,114.052885898,nan,nan,nan,nan,nan,nan,nan,nan,nan,nan,nan,nan,,nan,0,nan,nan,nan,INITIALIZING,0.0,0.0,0.0,26.091350985867756,0,0,0,0.0,0.0,1.0,0,0,0,0,0,0,0
819,114.085383439,nan,nan,nan,nan,nan,nan,nan,nan,nan,nan,nan,nan,,nan,0,nan,nan,nan,INITIALIZING,0.0,0.0,0.0,30.771558992726998,0,0,0,0.0,0.0,1.0,0,0,0,0,0,0,0
820,114.11787379400005,nan,nan,nan,nan,nan,nan,nan,nan,nan,nan,nan,nan,,nan,0,nan,nan,nan,INITIALIZING,0.0,0.0,0.0,30.778364840841636,0,0,0,0.0,0.0,1.0,0,0,0,0,0,0,0
821,114.15181801799997,nan,nan,nan,nan,nan,nan,nan,nan,nan,nan,nan,nan,,nan,0,nan,nan,nan,INITIALIZING,0.0,0.0,0.0,29.460093122241602,0,0,0,0.0,0.0,1.0,0,0,0,0,0,0,0
822,114.19264179599998,nan,nan,nan,nan,nan,nan,nan,nan,nan,nan,nan,nan,,nan,0,nan,nan,nan,INITIALIZING,0.0,0.0,0.0,24.495528071897514,0,0,0,0.0,0.0,1.0,0,0,0,0,0,0,0
823,114.22431495399996,nan,nan,nan,nan,nan,nan,nan,nan,nan,nan,nan,nan,,nan,0,nan,nan,nan,INITIALIZING,0.0,0.0,0.0,31.572475343327888,0,0,0,0.0,0.0,1.0,0,0,0,0,0,0,0
824,114.25713536399996,nan,nan,nan,nan,nan,nan,nan,nan,nan,nan,nan,nan,,nan,0,nan,nan,nan,INITIALIZING,0.0,0.0,0.0,30.468845453180496,0,0,0,0.0,0.0,1.0,0,0,0,0,0,0,0
825,114.28884591799999,nan,nan,nan,nan,nan,nan,nan,nan,nan,nan,nan,nan,,nan,0,nan,nan,nan,INITIALIZING,0.0,0.0,0.0,31.53524217833292,0,0,0,0.0,0.0,1.0,0,0,0,0,0,0,0
826,114.31983792300002,nan,nan,nan,nan,nan,nan,nan,nan,nan,nan,nan,nan,,nan,0,nan,nan,nan,INITIALIZING,0.0,0.0,0.0,32.26638612116349,0,0,0,0.0,0.0,1.0,0,0,0,0,0,0,0
827,114.34564320499999,nan,nan,nan,nan,nan,nan,nan,nan,nan,nan,nan,nan,,nan,0,nan,nan,nan,INITIALIZING,0.0,0.0,0.0,38.751756326528984,0,0,0,0.0,0.0,1.0,0,0,0,0,0,0,0
828,114.383931071,nan,nan,nan,nan,nan,nan,nan,nan,nan,nan,nan,nan,,nan,0,nan,nan,nan,INITIALIZING,0.0,0.0,0.0,26.117935118126194,0,0,0,0.0,0.0,1.0,0,0,0,0,0,0,0
829,114.41765388700003,nan,nan,nan,nan,nan,nan,nan,nan,nan,nan,nan,nan,,nan,0,nan,nan,nan,INITIALIZING,0.0,0.0,0.0,29.653514107461852,0,0,0,0.0,0.0,1.0,0,0,0,0,0,0,0
830,114.458853868,nan,nan,nan,nan,nan,nan,nan,nan,nan,nan,nan,nan,,nan,0,nan,nan,nan,INITIALIZING,0.0,0.0,0.0,24.2718558535393,0,0,0,0.0,0.0,1.0,0,0,0,0,0,0,0
831,114.487309127,nan,nan,nan,nan,nan,nan,nan,nan,nan,nan,nan,nan,,nan,0,nan,nan,nan,INITIALIZING,0.0,0.0,0.0,35.1428887011742,0,0,0,0.0,0.0,1.0,0,0,0,0,0,0,0
832,114.518476082,nan,nan,nan,nan,nan,nan,nan,nan,nan,nan,nan,nan,,nan,0,nan,nan,nan,INITIALIZING,0.0,0.0,0.0,32.08526466572988,0,0,0,0.0,0.0,1.0,0,0,0,0,0,0,0
833,114.55392766700004,nan,nan,nan,nan,nan,nan,nan,nan,nan,nan,nan,nan,,nan,0,nan,nan,nan,INITIALIZING,0.0,0.0,0.0,28.207483529977072,0,0,0,0.0,0.0,1.0,0,0,0,0,0,0,0
834,114.59029811599999,nan,nan,nan,nan,nan,nan,nan,nan,nan,nan,nan,nan,,nan,0,nan,nan,nan,INITIALIZING,0.0,0.0,0.0,27.49484890883462,0,0,0,0.0,0.0,1.0,0,0,0,0,0,0,0
835,114.62972005699999,nan,nan,nan,nan,nan,nan,nan,nan,nan,nan,nan,nan,,nan,0,nan,nan,nan,INITIALIZING,0.0,0.0,0.0,25.366584562642082,0,0,0,0.0,0.0,1.0,0,0,0,0,0,0,0
836,114.65586732099996,nan,nan,nan,nan,nan,nan,nan,nan,nan,nan,nan,nan,,nan,0,nan,nan,nan,INITIALIZING,0.0,0.0,0.0,38.24491923900726,0,0,0,0.0,0.0,1.0,0,0,0,0,0,0,0
837,114.681378537,nan,nan,nan,nan,nan,nan,nan,nan,nan,nan,nan,nan,,nan,0,nan,nan,nan,INITIALIZING,0.0,0.0,0.0,39.19844510737554,0,0,0,0.0,0.0,1.0,0,0,0,0,0,0,0
838,114.71060177300001,nan,nan,nan,nan,nan,nan,nan,nan,nan,nan,nan,nan,,nan,0,nan,nan,nan,INITIALIZING,0.0,0.0,0.0,34.219345181339854,0,0,0,0.0,0.0,1.0,0,0,0,0,0,0,0
839,114.75060913699997,nan,nan,nan,nan,nan,nan,nan,nan,nan,nan,nan,nan,,nan,0,nan,nan,nan,INITIALIZING,0.0,0.0,0.0,24.995398347188118,0,0,0,0.0,0.0,1.0,0,0,0,0,0,0,0
840,114.78351418399996,nan,nan,nan,nan,nan,nan,nan,nan,nan,nan,nan,nan,,nan,0,nan,nan,nan,INITIALIZING,0.0,0.0,0.0,30.390474749980946,0,0,0,0.0,0.0,1.0,0,0,0,0,0,0,0
841,114.82196481200003,nan,nan,nan,nan,nan,nan,nan,nan,nan,nan,nan,nan,,nan,0,nan,nan,nan,INITIALIZING,0.0,0.0,0.0,26.007377564755934,0,0,0,0.0,0.0,1.0,0,0,0,0,0,0,0
842,114.84763097799998,nan,nan,nan,nan,nan,nan,nan,nan,nan,nan,nan,nan,,nan,0,nan,nan,nan,INITIALIZING,0.0,0.0,0.0,38.961798969192145,0,0,0,0.0,0.0,1.0,0,0,0,0,0,0,0
843,114.87974570300003,nan,nan,nan,nan,nan,nan,nan,nan,nan,nan,nan,nan,,nan,0,nan,nan,nan,INITIALIZING,0.0,0.0,0.0,31.13836409929358,0,0,0,0.0,0.0,1.0,0,0,0,0,0,0,0
844,114.91453785399995,nan,nan,nan,nan,nan,nan,nan,nan,nan,nan,nan,nan,,nan,0,nan,nan,nan,INITIALIZING,0.0,0.0,0.0,28.742114852350188,0,0,0,0.0,0.0,1.0,0,0,0,0,0,0,0
845,114.95058335199997,nan,nan,nan,nan,nan,nan,nan,nan,nan,nan,nan,nan,,nan,0,nan,nan,nan,INITIALIZING,0.0,0.0,0.0,27.74271560901748,0,0,0,0.0,0.0,1.0,0,0,0,0,0,0,0
846,114.990980616,nan,nan,nan,nan,nan,nan,nan,nan,nan,nan,nan,nan,,nan,0,nan,nan,nan,INITIALIZING,0.0,0.0,0.0,24.754151667279746,0,0,0,0.0,0.0,1.0,0,0,0,0,0,0,0
847,115.02823586600005,nan,nan,nan,nan,nan,nan,nan,nan,nan,nan,nan,nan,,nan,0,nan,nan,nan,INITIALIZING,0.0,0.0,0.0,26.841854503696094,0,0,0,0.0,0.0,1.0,0,0,0,0,0,0,0
848,115.05911359899994,nan,nan,nan,nan,nan,nan,nan,nan,nan,nan,nan,nan,,nan,0,nan,nan,nan,INITIALIZING,0.0,0.0,0.0,32.38579723463895,0,0,0,0.0,0.0,1.0,0,0,0,0,0,0,0
849,115.09179520600003,nan,nan,nan,nan,nan,nan,nan,nan,nan,nan,nan,nan,,nan,0,nan,nan,nan,INITIALIZING,0.0,0.0,0.0,30.598250569421836,0,0,0,0.0,0.0,1.0,0,0,0,0,0,0,0
850,115.12421800799996,nan,nan,nan,nan,nan,nan,nan,nan,nan,nan,nan,nan,,nan,0,nan,nan,nan,INITIALIZING,0.0,0.0,0.0,30.84249165146845,0,0,0,0.0,0.0,1.0,0,0,0,0,0,0,0
851,115.15784675999998,nan,nan,nan,nan,nan,nan,nan,nan,nan,nan,nan,nan,,nan,0,nan,nan,nan,INITIALIZING,0.0,0.0,0.0,29.736458849237103,0,0,0,0.0,0.0,1.0,0,0,0,0,0,0,0
852,115.19226541700004,nan,nan,nan,nan,nan,nan,nan,nan,nan,nan,nan,nan,,nan,0,nan,nan,nan,INITIALIZING,0.0,0.0,0.0,29.054009864424724,0,0,0,0.0,0.0,1.0,0,0,0,0,0,0,0
853,115.22628870599999,nan,nan,nan,nan,nan,nan,nan,nan,nan,nan,nan,nan,,nan,0,nan,nan,nan,INITIALIZING,0.0,0.0,0.0,29.391632302260895,0,0,0,0.0,0.0,1.0,0,0,0,0,0,0,0
854,115.25853036000001,nan,nan,nan,nan,nan,nan,nan,nan,nan,nan,nan,nan,,nan,0,nan,nan,nan,INITIALIZING,0.0,0.0,0.0,31.015778532932963,0,0,0,0.0,0.0,1.0,0,0,0,0,0,0,0
855,115.293317979,nan,nan,nan,nan,nan,nan,nan,nan,nan,nan,nan,nan,,nan,0,nan,nan,nan,INITIALIZING,0.0,0.0,0.0,28.74585926678185,0,0,0,0.0,0.0,1.0,0,0,0,0,0,0,0
856,115.32259022699998,nan,nan,nan,nan,nan,nan,nan,nan,nan,nan,nan,nan,,nan,0,nan,nan,nan,INITIALIZING,0.0,0.0,0.0,34.162050007247544,0,0,0,0.0,0.0,1.0,0,0,0,0,0,0,0
857,115.35807399999999,nan,nan,nan,nan,nan,nan,nan,nan,nan,nan,nan,nan,,nan,0,nan,nan,nan,INITIALIZING,0.0,0.0,0.0,28.18189598946313,0,0,0,0.0,0.0,1.0,0,0,0,0,0,0,0
858,115.39023805,nan,nan,nan,nan,nan,nan,nan,nan,nan,nan,nan,nan,,nan,0,nan,nan,nan,INITIALIZING,0.0,0.0,0.0,31.09061203423762,0,0,0,0.0,0.0,1.0,0,0,0,0,0,0,0
859,115.41958607899994,nan,nan,nan,nan,nan,nan,nan,nan,nan,nan,nan,nan,,nan,0,nan,nan,nan,INITIALIZING,0.0,0.0,0.0,34.07383848509126,0,0,0,0.0,0.0,1.0,0,0,0,0,0,0,0
860,115.453988278,nan,nan,nan,nan,nan,nan,nan,nan,nan,nan,nan,nan,,nan,0,nan,nan,nan,INITIALIZING,0.0,0.0,0.0,29.06790929261191,0,0,0,0.0,0.0,1.0,0,0,0,0,0,0,0
861,115.48453496599996,nan,nan,nan,nan,nan,nan,nan,nan,nan,nan,nan,nan,,nan,0,nan,nan,nan,INITIALIZING,0.0,0.0,0.0,32.73677329605612,0,0,0,0.0,0.0,1.0,0,0,0,0,0,0,0
862,115.51748558700001,nan,nan,nan,nan,nan,nan,nan,nan,nan,nan,nan,nan,,nan,0,nan,nan,nan,INITIALIZING,0.0,0.0,0.0,30.348441687892475,0,0,0,0.0,0.0,1.0,0,0,0,0,0,0,0
863,115.55500552800004,nan,nan,nan,nan,nan,nan,nan,nan,nan,nan,nan,nan,,nan,0,nan,nan,nan,INITIALIZING,0.0,0.0,0.0,26.65249393647128,0,0,0,0.0,0.0,1.0,0,0,0,0,0,0,0
864,115.58667670800003,nan,nan,nan,nan,nan,nan,nan,nan,nan,nan,nan,nan,,nan,0,nan,nan,nan,INITIALIZING,0.0,0.0,0.0,31.574447178802174,0,0,0,0.0,0.0,1.0,0,0,0,0,0,0,0
865,115.63021562200004,nan,nan,nan,nan,nan,nan,nan,nan,nan,nan,nan,nan,,nan,0,nan,nan,nan,INITIALIZING,0.0,0.0,0.0,22.967959191627425,0,0,0,0.0,0.0,1.0,0,0,0,0,0,0,0
866,115.66403390799996,nan,nan,nan,nan,nan,nan,nan,nan,nan,nan,nan,nan,,nan,0,nan,nan,nan,INITIALIZING,0.0,0.0,0.0,29.569801379115813,0,0,0,0.0,0.0,1.0,0,0,0,0,0,0,0
867,115.71970076699995,nan,nan,nan,nan,nan,nan,nan,nan,nan,nan,nan,nan,,nan,0,nan,nan,nan,INITIALIZING,0.0,0.0,0.0,17.96400978902508,0,0,0,0.0,0.0,1.0,0,0,0,0,0,0,0
868,115.75715180099996,nan,nan,nan,nan,nan,nan,nan,nan,nan,nan,nan,nan,,nan,0,nan,nan,nan,INITIALIZING,0.0,0.0,0.0,26.701532459681065,0,0,0,0.0,0.0,1.0,0,0,0,0,0,0,0
869,115.787943284,nan,nan,nan,nan,nan,nan,nan,nan,nan,nan,nan,nan,,nan,0,nan,nan,nan,INITIALIZING,0.0,0.0,0.0,32.47651306690965,0,0,0,0.0,0.0,1.0,0,0,0,0,0,0,0
870,115.82266902799995,nan,nan,nan,nan,nan,nan,nan,nan,nan,nan,nan,nan,,nan,0,nan,nan,nan,INITIALIZING,0.0,0.0,0.0,28.79707919292524,0,0,0,0.0,0.0,1.0,0,0,0,0,0,0,0
871,115.85644257399997,nan,nan,nan,nan,nan,nan,nan,nan,nan,nan,nan,nan,,nan,0,nan,nan,nan,INITIALIZING,0.0,0.0,0.0,29.608972655681377,0,0,0,0.0,0.0,1.0,0,0,0,0,0,0,0
872,115.88192873799994,nan,nan,nan,nan,nan,nan,nan,nan,nan,nan,nan,nan,,nan,0,nan,nan,nan,INITIALIZING,0.0,0.0,0.0,39.23697579600875,0,0,0,0.0,0.0,1.0,0,0,0,0,0,0,0
873,115.91465977300004,nan,nan,nan,nan,nan,nan,nan,nan,nan,nan,nan,nan,,nan,0,nan,nan,nan,INITIALIZING,0.0,0.0,0.0,30.552043343482207,0,0,0,0.0,0.0,1.0,0,0,0,0,0,0,0
874,115.95099756699994,nan,nan,nan,nan,nan,nan,nan,nan,nan,nan,nan,nan,,nan,0,nan,nan,nan,INITIALIZING,0.0,0.0,0.0,27.519557186179277,0,0,0,0.0,0.0,1.0,0,0,0,0,0,0,0
875,115.99696088199994,nan,nan,nan,nan,nan,nan,nan,nan,nan,nan,nan,nan,,nan,0,nan,nan,nan,INITIALIZING,0.0,0.0,0.0,21.756481228564986,0,0,0,0.0,0.0,1.0,0,0,0,0,0,0,0
876,116.02622250399997,nan,nan,nan,nan,nan,nan,nan,nan,nan,nan,nan,nan,,nan,0,nan,nan,nan,INITIALIZING,0.0,0.0,0.0,34.17445553765913,0,0,0,0.0,0.0,1.0,0,0,0,0,0,0,0
877,116.05274513699999,nan,nan,nan,nan,nan,nan,nan,nan,nan,nan,nan,nan,,nan,0,nan,nan,nan,INITIALIZING,0.0,0.0,0.0,37.70364729623568,0,0,0,0.0,0.0,1.0,0,0,0,0,0,0,0
878,116.08676446799996,nan,nan,nan,nan,nan,nan,nan,nan,nan,nan,nan,nan,,nan,0,nan,nan,nan,INITIALIZING,0.0,0.0,0.0,29.395051889790253,0,0,0,0.0,0.0,1.0,0,0,0,0,0,0,0
879,116.13011343100004,nan,nan,nan,nan,nan,nan,nan,nan,nan,nan,nan,nan,,nan,0,nan,nan,nan,INITIALIZING,0.0,0.0,0.0,23.068602586826362,0,0,0,0.0,0.0,1.0,0,0,0,0,0,0,0
880,116.16047746100003,nan,nan,nan,nan,nan,nan,nan,nan,nan,nan,nan,nan,,nan,0,nan,nan,nan,INITIALIZING,0.0,0.0,0.0,32.933704781625764,0,0,0,0.0,0.0,1.0,0,0,0,0,0,0,0
881,116.190591176,nan,nan,nan,nan,nan,nan,nan,nan,nan,nan,nan,nan,,nan,0,nan,nan,nan,INITIALIZING,0.0,0.0,0.0,33.20746045451327,0,0,0,0.0,0.0,1.0,0,0,0,0,0,0,0
882,116.22887159499999,nan,nan,nan,nan,nan,nan,nan,nan,nan,nan,nan,nan,,nan,0,nan,nan,nan,INITIALIZING,0.0,0.0,0.0,26.12301605163446,0,0,0,0.0,0.0,1.0,0,0,0,0,0,0,0
883,116.261632265,nan,nan,nan,nan,nan,nan,nan,nan,nan,nan,nan,nan,,nan,0,nan,nan,nan,INITIALIZING,0.0,0.0,0.0,30.524406246865848,0,0,0,0.0,0.0,1.0,0,0,0,0,0,0,0
884,116.28886011500003,nan,nan,nan,nan,nan,nan,nan,nan,nan,nan,nan,nan,,nan,0,nan,nan,nan,INITIALIZING,0.0,0.0,0.0,36.727101111503714,0,0,0,0.0,0.0,1.0,0,0,0,0,0,0,0
885,116.32193292499994,nan,nan,nan,nan,nan,nan,nan,nan,nan,nan,nan,nan,,nan,0,nan,nan,nan,INITIALIZING,0.0,0.0,0.0,30.236317990602785,0,0,0,0.0,0.0,1.0,0,0,0,0,0,0,0
886,116.349201505,nan,nan,nan,nan,nan,nan,nan,nan,nan,nan,nan,nan,,nan,0,nan,nan,nan,INITIALIZING,0.0,0.0,0.0,36.67224329239005,0,0,0,0.0,0.0,1.0,0,0,0,0,0,0,0
887,116.37989303899997,nan,nan,nan,nan,nan,nan,nan,nan,nan,nan,nan,nan,,nan,0,nan,nan,nan,INITIALIZING,0.0,0.0,0.0,32.58227496875723,0,0,0,0.0,0.0,1.0,0,0,0,0,0,0,0
888,116.41742402299997,nan,nan,nan,nan,nan,nan,nan,nan,nan,nan,nan,nan,,nan,0,nan,nan,nan,INITIALIZING,0.0,0.0,0.0,26.64465178957206,0,0,0,0.0,0.0,1.0,0,0,0,0,0,0,0
889,116.44762159300001,nan,nan,nan,nan,nan,nan,nan,nan,nan,nan,nan,nan,,nan,0,nan,nan,nan,INITIALIZING,0.0,0.0,0.0,33.11524735263916,0,0,0,0.0,0.0,1.0,0,0,0,0,0,0,0
890,116.48817828699998,nan,nan,nan,nan,nan,nan,nan,nan,nan,nan,nan,nan,,nan,0,nan,nan,nan,INITIALIZING,0.0,0.0,0.0,24.656842098634343,0,0,0,0.0,0.0,1.0,0,0,0,0,0,0,0
891,116.52822591300003,nan,nan,nan,nan,nan,nan,nan,nan,nan,nan,nan,nan,,nan,0,nan,nan,nan,INITIALIZING,0.0,0.0,0.0,24.970269149009038,0,0,0,0.0,0.0,1.0,0,0,0,0,0,0,0
892,116.57864735099997,nan,nan,nan,nan,nan,nan,nan,nan,nan,nan,nan,nan,,nan,0,nan,nan,nan,INITIALIZING,0.0,0.0,0.0,19.832833803770377,0,0,0,0.0,0.0,1.0,0,0,0,0,0,0,0
893,116.618198721,nan,nan,nan,nan,nan,nan,nan,nan,nan,nan,nan,nan,,nan,0,nan,nan,nan,INITIALIZING,0.0,0.0,0.0,25.283574247853608,0,0,0,0.0,0.0,1.0,0,0,0,0,0,0,0
894,116.65951417400004,nan,nan,nan,nan,nan,nan,nan,nan,nan,nan,nan,nan,,nan,0,nan,nan,nan,INITIALIZING,0.0,0.0,0.0,24.204018772324037,0,0,0,0.0,0.0,1.0,0,0,0,0,0,0,0
895,116.69367428700002,nan,nan,nan,nan,nan,nan,nan,nan,nan,nan,nan,nan,,nan,0,nan,nan,nan,INITIALIZING,0.0,0.0,0.0,29.273907846863832,0,0,0,0.0,0.0,1.0,0,0,0,0,0,0,0
896,116.723836076,nan,nan,nan,nan,nan,nan,nan,nan,nan,nan,nan,nan,,nan,0,nan,nan,nan,INITIALIZING,0.0,0.0,0.0,33.154532047180346,0,0,0,0.0,0.0,1.0,0,0,0,0,0,0,0
897,116.76124132899997,nan,nan,nan,nan,nan,nan,nan,nan,nan,nan,nan,nan,,nan,0,nan,nan,nan,INITIALIZING,0.0,0.0,0.0,26.734212972725608,0,0,0,0.0,0.0,1.0,0,0,0,0,0,0,0
898,116.79403116699996,nan,nan,nan,nan,nan,nan,nan,nan,nan,nan,nan,nan,,nan,0,nan,nan,nan,INITIALIZING,0.0,0.0,0.0,30.497253447865564,0,0,0,0.0,0.0,1.0,0,0,0,0,0,0,0
899,116.82657912799993,nan,nan,nan,nan,nan,nan,nan,nan,nan,nan,nan,nan,,nan,0,nan,nan,nan,INITIALIZING,0.0,0.0,0.0,30.723890814564143,0,0,0,0.0,0.0,1.0,0,0,0,0,0,0,0
900,116.85929151699997,nan,nan,nan,nan,nan,nan,nan,nan,nan,nan,nan,nan,,nan,0,nan,nan,nan,INITIALIZING,0.0,0.0,0.0,30.569457950588586,0,0,0,0.0,0.0,1.0,0,0,0,0,0,0,0
901,116.89606817000004,nan,nan,nan,nan,nan,nan,nan,nan,nan,nan,nan,nan,,nan,0,nan,nan,nan,INITIALIZING,0.0,0.0,0.0,27.19116391582306,0,0,0,0.0,0.0,1.0,0,0,0,0,0,0,0
902,116.93395368899996,nan,nan,nan,nan,nan,nan,nan,nan,nan,nan,nan,nan,,nan,0,nan,nan,nan,INITIALIZING,0.0,0.0,0.0,26.395309511317144,0,0,0,0.0,0.0,1.0,0,0,0,0,0,0,0
903,116.96952459900001,nan,nan,nan,nan,nan,nan,nan,nan,nan,nan,nan,nan,,nan,0,nan,nan,nan,INITIALIZING,0.0,0.0,0.0,28.112859637234067,0,0,0,0.0,0.0,1.0,0,0,0,0,0,0,0
904,117.00307387299995,nan,nan,nan,nan,nan,nan,nan,nan,nan,nan,nan,nan,,nan,0,nan,nan,nan,INITIALIZING,0.0,0.0,0.0,29.806904316374904,0,0,0,0.0,0.0,1.0,0,0,0,0,0,0,0
905,117.02988505199994,nan,nan,nan,nan,nan,nan,nan,nan,nan,nan,nan,nan,,nan,0,nan,nan,nan,INITIALIZING,0.0,0.0,0.0,37.29787489018276,0,0,0,0.0,0.0,1.0,0,0,0,0,0,0,0
906,117.05612669300001,nan,nan,nan,nan,nan,nan,nan,nan,nan,nan,nan,nan,,nan,0,nan,nan,nan,INITIALIZING,0.0,0.0,0.0,38.10737293438874,0,0,0,0.0,0.0,1.0,0,0,0,0,0,0,0
907,117.08993529299994,nan,nan,nan,nan,nan,nan,nan,nan,nan,nan,nan,nan,,nan,0,nan,nan,nan,INITIALIZING,0.0,0.0,0.0,29.578272983858827,0,0,0,0.0,0.0,1.0,0,0,0,0,0,0,0
908,117.118096122,nan,nan,nan,nan,nan,nan,nan,nan,nan,nan,nan,nan,,nan,0,nan,nan,nan,INITIALIZING,0.0,0.0,0.0,35.510318250856606,0,0,0,0.0,0.0,1.0,0,0,0,0,0,0,0
909,117.14911370100003,nan,nan,nan,nan,nan,nan,nan,nan,nan,nan,nan,nan,,nan,0,nan,nan,nan,INITIALIZING,0.0,0.0,0.0,32.239782479440024,0,0,0,0.0,0.0,1.0,0,0,0,0,0,0,0
910,117.18494914500002,nan,nan,nan,nan,nan,nan,nan,nan,nan,nan,nan,nan,,nan,0,nan,nan,nan,INITIALIZING,0.0,0.0,0.0,27.905333055184087,0,0,0,0.0,0.0,1.0,0,0,0,0,0,0,0
911,117.22004156100002,nan,nan,nan,nan,nan,nan,nan,nan,nan,nan,nan,nan,,nan,0,nan,nan,nan,INITIALIZING,0.0,0.0,0.0,28.496185614580256,0,0,0,0.0,0.0,1.0,0,0,0,0,0,0,0
912,117.25369859599994,nan,nan,nan,nan,nan,nan,nan,nan,nan,nan,nan,nan,,nan,0,nan,nan,nan,INITIALIZING,0.0,0.0,0.0,29.71147042519936,0,0,0,0.0,0.0,1.0,0,0,0,0,0,0,0
913,117.28417721100004,nan,nan,nan,nan,nan,nan,nan,nan,nan,nan,nan,nan,,nan,0,nan,nan,nan,INITIALIZING,0.0,0.0,0.0,32.80988981935396,0,0,0,0.0,0.0,1.0,0,0,0,0,0,0,0
914,117.332399667,nan,nan,nan,nan,nan,nan,nan,nan,nan,nan,nan,nan,,nan,0,nan,nan,nan,INITIALIZING,0.0,0.0,0.0,20.73722665641052,0,0,0,0.0,0.0,1.0,0,0,0,0,0,0,0
915,117.370599825,nan,nan,nan,nan,nan,nan,nan,nan,nan,nan,nan,nan,,nan,0,nan,nan,nan,INITIALIZING,0.0,0.0,0.0,26.177902196114694,0,0,0,0.0,0.0,1.0,0,0,0,0,0,0,0
916,117.40618714300001,nan,nan,nan,nan,nan,nan,nan,nan,nan,nan,nan,nan,,nan,0,nan,nan,nan,INITIALIZING,0.0,0.0,0.0,28.099897834382222,0,0,0,0.0,0.0,1.0,0,0,0,0,0,0,0
917,117.43967787400004,nan,nan,nan,nan,nan,nan,nan,nan,nan,nan,nan,nan,,nan,0,nan,nan,nan,INITIALIZING,0.0,0.0,0.0,29.859007855013225,0,0,0,0.0,0.0,1.0,0,0,0,0,0,0,0
918,117.47910460900005,nan,nan,nan,nan,nan,nan,nan,nan,nan,nan,nan,nan,,nan,0,nan,nan,nan,INITIALIZING,0.0,0.0,0.0,25.363500173165196,0,0,0,0.0,0.0,1.0,0,0,0,0,0,0,0
919,117.50642876300003,nan,nan,nan,nan,nan,nan,nan,nan,nan,nan,nan,nan,,nan,0,nan,nan,nan,INITIALIZING,0.0,0.0,0.0,36.5976564178554,0,0,0,0.0,0.0,1.0,0,0,0,0,0,0,0
920,117.536957014,nan,nan,nan,nan,nan,nan,nan,nan,nan,nan,nan,nan,,nan,0,nan,nan,nan,INITIALIZING,0.0,0.0,0.0,32.75654409422835,0,0,0,0.0,0.0,1.0,0,0,0,0,0,0,0
921,117.56316584299998,nan,nan,nan,nan,nan,nan,nan,nan,nan,nan,nan,nan,,nan,0,nan,nan,nan,INITIALIZING,0.0,0.0,0.0,38.15508125145991,0,0,0,0.0,0.0,1.0,0,0,0,0,0,0,0
922,117.58991431300001,nan,nan,nan,nan,nan,nan,nan,nan,nan,nan,nan,nan,,nan,0,nan,nan,nan,INITIALIZING,0.0,0.0,0.0,37.385315870361744,0,0,0,0.0,0.0,1.0,0,0,0,0,0,0,0
923,117.621096061,nan,nan,nan,nan,nan,nan,nan,nan,nan,nan,nan,nan,,nan,0,nan,nan,nan,INITIALIZING,0.0,0.0,0.0,32.070043026458166,0,0,0,0.0,0.0,1.0,0,0,0,0,0,0,0
924,117.65795526800002,nan,nan,nan,nan,nan,nan,nan,nan,nan,nan,nan,nan,,nan,0,nan,nan,nan,INITIALIZING,0.0,0.0,0.0,27.13026354580677,0,0,0,0.0,0.0,1.0,0,0,0,0,0,0,0
925,117.69586964199993,nan,nan,nan,nan,nan,nan,nan,nan,nan,nan,nan,nan,,nan,0,nan,nan,nan,INITIALIZING,0.0,0.0,0.0,26.375221176073012,0,0,0,0.0,0.0,1.0,0,0,0,0,0,0,0
926,117.72684779400004,nan,nan,nan,nan,nan,nan,nan,nan,nan,nan,nan,nan,,nan,0,nan,nan,nan,INITIALIZING,0.0,0.0,0.0,32.28081520152308,0,0,0,0.0,0.0,1.0,0,0,0,0,0,0,0
927,117.75849267199999,nan,nan,nan,nan,nan,nan,nan,nan,nan,nan,nan,nan,,nan,0,nan,nan,nan,INITIALIZING,0.0,0.0,0.0,31.600690639462137,0,0,0,0.0,0.0,1.0,0,0,0,0,0,0,0
928,117.790929538,nan,nan,nan,nan,nan,nan,nan,nan,nan,nan,nan,nan,,nan,0,nan,nan,nan,INITIALIZING,0.0,0.0,0.0,30.829118941380933,0,0,0,0.0,0.0,1.0,0,0,0,0,0,0,0
929,117.82211581800004,nan,nan,nan,nan,nan,nan,nan,nan,nan,nan,nan,nan,,nan,0,nan,nan,nan,INITIALIZING,0.0,0.0,0.0,32.065382597688235,0,0,0,0.0,0.0,1.0,0,0,0,0,0,0,0
930,117.85060446299997,nan,nan,nan,nan,nan,nan,nan,nan,nan,nan,nan,nan,,nan,0,nan,nan,nan,INITIALIZING,0.0,0.0,0.0,35.10170455641667,0,0,0,0.0,0.0,1.0,0,0,0,0,0,0,0
931,118.13803287500002,nan,nan,nan,nan,nan,nan,nan,nan,nan,nan,nan,nan,,nan,0,nan,nan,nan,INITIALIZING,0.0,0.0,0.0,3.4791271782826136,0,0,0,0.0,0.0,1.0,0,0,0,0,0,0,0
932,118.19054839900002,nan,nan,nan,nan,nan,nan,nan,nan,nan,nan,nan,nan,,nan,0,nan,nan,nan,INITIALIZING,0.0,0.0,0.0,19.04198842231857,0,0,0,0.0,0.0,1.0,0,0,0,0,0,0,0
933,118.23196666499996,nan,nan,nan,nan,nan,nan,nan,nan,nan,nan,nan,nan,,nan,0,nan,nan,nan,INITIALIZING,0.0,0.0,0.0,24.14393688044601,0,0,0,0.0,0.0,1.0,0,0,0,0,0,0,0
934,118.26348800100004,nan,nan,nan,nan,nan,nan,nan,nan,nan,nan,nan,nan,,nan,0,nan,nan,nan,INITIALIZING,0.0,0.0,0.0,31.72454365504625,0,0,0,0.0,0.0,1.0,0,0,0,0,0,0,0
935,118.29300546000002,nan,nan,nan,nan,nan,nan,nan,nan,nan,nan,nan,nan,,nan,0,nan,nan,nan,INITIALIZING,0.0,0.0,0.0,33.87825489994961,0,0,0,0.0,0.0,1.0,0,0,0,0,0,0,0
936,118.32657197399999,nan,nan,nan,nan,nan,nan,nan,nan,nan,nan,nan,nan,,nan,0,nan,nan,nan,INITIALIZING,0.0,0.0,0.0,29.79159527858142,0,0,0,0.0,0.0,1.0,0,0,0,0,0,0,0
937,118.361176,nan,nan,nan,nan,nan,nan,nan,nan,nan,nan,nan,nan,,nan,0,nan,nan,nan,INITIALIZING,0.0,0.0,0.0,28.898371536297116,0,0,0,0.0,0.0,1.0,0,0,0,0,0,0,0
938,118.39779270400004,nan,nan,nan,nan,nan,nan,nan,nan,nan,nan,nan,nan,,nan,0,nan,nan,nan,INITIALIZING,0.0,0.0,0.0,27.309940293886942,0,0,0,0.0,0.0,1.0,0,0,0,0,0,0,0
939,118.42762943799994,nan,nan,nan,nan,nan,nan,nan,nan,nan,nan,nan,nan,,nan,0,nan,nan,nan,INITIALIZING,0.0,0.0,0.0,33.515732653692545,0,0,0,0.0,0.0,1.0,0,0,0,0,0,0,0
940,118.46007213799999,nan,nan,nan,nan,nan,nan,nan,nan,nan,nan,nan,nan,,nan,0,nan,nan,nan,INITIALIZING,0.0,0.0,0.0,30.82357510313736,0,0,0,0.0,0.0,1.0,0,0,0,0,0,0,0
941,118.50463043900004,nan,nan,nan,nan,nan,nan,nan,nan,nan,nan,nan,nan,,nan,0,nan,nan,nan,INITIALIZING,0.0,0.0,0.0,22.442507401681134,0,0,0,0.0,0.0,1.0,0,0,0,0,0,0,0
942,118.553963845,nan,nan,nan,nan,nan,nan,nan,nan,nan,nan,nan,nan,,nan,0,nan,nan,nan,INITIALIZING,0.0,0.0,0.0,20.270240412770537,0,0,0,0.0,0.0,1.0,0,0,0,0,0,0,0
943,118.58514710400004,nan,nan,nan,nan,nan,nan,nan,nan,nan,nan,nan,nan,,nan,0,nan,nan,nan,INITIALIZING,0.0,0.0,0.0,32.06848905685449,0,0,0,0.0,0.0,1.0,0,0,0,0,0,0,0
944,118.61317329799999,nan,nan,nan,nan,nan,nan,nan,nan,nan,nan,nan,nan,,nan,0,nan,nan,nan,INITIALIZING,0.0,0.0,0.0,35.680906226575615,0,0,0,0.0,0.0,1.0,0,0,0,0,0,0,0
945,118.64651423600003,nan,nan,nan,nan,nan,nan,nan,nan,nan,nan,nan,nan,,nan,0,nan,nan,nan,INITIALIZING,0.0,0.0,0.0,29.99315736104585,0,0,0,0.0,0.0,1.0,0,0,0,0,0,0,0
946,118.67913110500001,nan,nan,nan,nan,nan,nan,nan,nan,nan,nan,nan,nan,,nan,0,nan,nan,nan,INITIALIZING,0.0,0.0,0.0,30.658982013282788,0,0,0,0.0,0.0,1.0,0,0,0,0,0,0,0
947,118.72041364099994,nan,nan,nan,nan,nan,nan,nan,nan,nan,nan,nan,nan,,nan,0,nan,nan,nan,INITIALIZING,0.0,0.0,0.0,24.223318063642978,0,0,0,0.0,0.0,1.0,0,0,0,0,0,0,0
948,118.755656112,nan,nan,nan,nan,nan,nan,nan,nan,nan,nan,nan,nan,,nan,0,nan,nan,nan,INITIALIZING,0.0,0.0,0.0,28.37485487320918,0,0,0,0.0,0.0,1.0,0,0,0,0,0,0,0
949,118.79861168699995,nan,nan,nan,nan,nan,nan,nan,nan,nan,nan,nan,nan,,nan,0,nan,nan,nan,INITIALIZING,0.0,0.0,0.0,23.279865302726,0,0,0,0.0,0.0,1.0,0,0,0,0,0,0,0
950,118.831174337,nan,nan,nan,nan,nan,nan,nan,nan,nan,nan,nan,nan,,nan,0,nan,nan,nan,INITIALIZING,0.0,0.0,0.0,30.710031278124113,0,0,0,0.0,0.0,1.0,0,0,0,0,0,0,0
951,118.872218277,nan,nan,nan,nan,nan,nan,nan,nan,nan,nan,nan,nan,,nan,0,nan,nan,nan,INITIALIZING,0.0,0.0,0.0,24.36413268316319,0,0,0,0.0,0.0,1.0,0,0,0,0,0,0,0
952,118.90807768100001,nan,nan,nan,nan,nan,nan,nan,nan,nan,nan,nan,nan,,nan,0,nan,nan,nan,INITIALIZING,0.0,0.0,0.0,27.88668768727451,0,0,0,0.0,0.0,1.0,0,0,0,0,0,0,0
953,118.94319744099994,nan,nan,nan,nan,nan,nan,nan,nan,nan,nan,nan,nan,,nan,0,nan,nan,nan,INITIALIZING,0.0,0.0,0.0,28.473998683419413,0,0,0,0.0,0.0,1.0,0,0,0,0,0,0,0
954,118.97754636000002,nan,nan,nan,nan,nan,nan,nan,nan,nan,nan,nan,nan,,nan,0,nan,nan,nan,INITIALIZING,0.0,0.0,0.0,29.112997704458845,0,0,0,0.0,0.0,1.0,0,0,0,0,0,0,0
955,119.01169725599993,nan,nan,nan,nan,nan,nan,nan,nan,nan,nan,nan,nan,,nan,0,nan,nan,nan,INITIALIZING,0.0,0.0,0.0,29.281808594494866,0,0,0,0.0,0.0,1.0,0,0,0,0,0,0,0
956,119.04602638300003,nan,nan,nan,nan,nan,nan,nan,nan,nan,nan,nan,nan,,nan,0,nan,nan,nan,INITIALIZING,0.0,0.0,0.0,29.12978241472103,0,0,0,0.0,0.0,1.0,0,0,0,0,0,0,0
957,119.08833476400002,nan,nan,nan,nan,nan,nan,nan,nan,nan,nan,nan,nan,,nan,0,nan,nan,nan,INITIALIZING,0.0,0.0,0.0,23.635978885603,0,0,0,0.0,0.0,1.0,0,0,0,0,0,0,0
958,119.12937068300005,nan,nan,nan,nan,nan,nan,nan,nan,nan,nan,nan,nan,,nan,0,nan,nan,nan,INITIALIZING,0.0,0.0,0.0,24.368894967343746,0,0,0,0.0,0.0,1.0,0,0,0,0,0,0,0
959,119.16446106800004,nan,nan,nan,nan,nan,nan,nan,nan,nan,nan,nan,nan,,nan,0,nan,nan,nan,INITIALIZING,0.0,0.0,0.0,28.497834948242915,0,0,0,0.0,0.0,1.0,0,0,0,0,0,0,0
960,119.20353123699999,nan,nan,nan,nan,nan,nan,nan,nan,nan,nan,nan,nan,,nan,0,nan,nan,nan,INITIALIZING,0.0,0.0,0.0,25.59497503072298,0,0,0,0.0,0.0,1.0,0,0,0,0,0,0,0
961,119.25346871199997,nan,nan,nan,nan,nan,nan,nan,nan,nan,nan,nan,nan,,nan,0,nan,nan,nan,INITIALIZING,0.0,0.0,0.0,20.02504131417186,0,0,0,0.0,0.0,1.0,0,0,0,0,0,0,0
962,119.30714378100004,nan,nan,nan,nan,nan,nan,nan,nan,nan,nan,nan,nan,,nan,0,nan,nan,nan,INITIALIZING,0.0,0.0,0.0,18.630623465035487,0,0,0,0.0,0.0,1.0,0,0,0,0,0,0,0
963,119.34155900300004,nan,nan,nan,nan,nan,nan,nan,nan,nan,nan,nan,nan,,nan,0,nan,nan,nan,INITIALIZING,0.0,0.0,0.0,29.056909759286146,0,0,0,0.0,0.0,1.0,0,0,0,0,0,0,0
964,119.37238246699997,nan,nan,nan,nan,nan,nan,nan,nan,nan,nan,nan,nan,,nan,0,nan,nan,nan,INITIALIZING,0.0,0.0,0.0,32.4428169397997,0,0,0,0.0,0.0,1.0,0,0,0,0,0,0,0
965,119.40125221100004,nan,nan,nan,nan,nan,nan,nan,nan,nan,nan,nan,nan,,nan,0,nan,nan,nan,INITIALIZING,0.0,0.0,0.0,34.638339709467694,0,0,0,0.0,0.0,1.0,0,0,0,0,0,0,0
966,119.43040149000001,nan,nan,nan,nan,nan,nan,nan,nan,nan,nan,nan,nan,,nan,0,nan,nan,nan,INITIALIZING,0.0,0.0,0.0,34.306165857520774,0,0,0,0.0,0.0,1.0,0,0,0,0,0,0,0
967,119.47588990600002,nan,nan,nan,nan,nan,nan,nan,nan,nan,nan,nan,nan,,nan,0,nan,nan,nan,INITIALIZING,0.0,0.0,0.0,21.983618862431634,0,0,0,0.0,0.0,1.0,0,0,0,0,0,0,0
968,119.50623706299996,nan,nan,nan,nan,nan,nan,nan,nan,nan,nan,nan,nan,,nan,0,nan,nan,nan,INITIALIZING,0.0,0.0,0.0,32.95201590060192,0,0,0,0.0,0.0,1.0,0,0,0,0,0,0,0
969,119.53872726400004,nan,nan,nan,nan,nan,nan,nan,nan,nan,nan,nan,nan,,nan,0,nan,nan,nan,INITIALIZING,0.0,0.0,0.0,30.778510726890378,0,0,0,0.0,0.0,1.0,0,0,0,0,0,0,0
970,119.568254411,nan,nan,nan,nan,nan,nan,nan,nan,nan,nan,nan,nan,,nan,0,nan,nan,nan,INITIALIZING,0.0,0.0,0.0,33.86713928039096,0,0,0,0.0,0.0,1.0,0,0,0,0,0,0,0
971,119.59535424,nan,nan,nan,nan,nan,nan,nan,nan,nan,nan,nan,nan,,nan,0,nan,nan,nan,INITIALIZING,0.0,0.0,0.0,36.9006018451152,0,0,0,0.0,0.0,1.0,0,0,0,0,0,0,0
972,119.62844304199996,nan,nan,nan,nan,nan,nan,nan,nan,nan,nan,nan,nan,,nan,0,nan,nan,nan,INITIALIZING,0.0,0.0,0.0,30.2217046117732,0,0,0,0.0,0.0,1.0,0,0,0,0,0,0,0
973,119.66449072900002,nan,nan,nan,nan,nan,nan,nan,nan,nan,nan,nan,nan,,nan,0,nan,nan,nan,INITIALIZING,0.0,0.0,0.0,27.741030929341672,0,0,0,0.0,0.0,1.0,0,0,0,0,0,0,0
974,119.69778604299995,nan,nan,nan,nan,nan,nan,nan,nan,nan,nan,nan,nan,,nan,0,nan,nan,nan,INITIALIZING,0.0,0.0,0.0,30.034256472311142,0,0,0,0.0,0.0,1.0,0,0,0,0,0,0,0
975,119.73251559200003,nan,nan,nan,nan,nan,nan,nan,nan,nan,nan,nan,nan,,nan,0,nan,nan,nan,INITIALIZING,0.0,0.0,0.0,28.793924159447318,0,0,0,0.0,0.0,1.0,0,0,0,0,0,0,0
976,119.76814181700001,nan,nan,nan,nan,nan,nan,nan,nan,nan,nan,nan,nan,,nan,0,nan,nan,nan,INITIALIZING,0.0,0.0,0.0,28.06921025172771,0,0,0,0.0,0.0,1.0,0,0,0,0,0,0,0
977,119.81355247199997,nan,nan,nan,nan,nan,nan,nan,nan,nan,nan,nan,nan,,nan,0,nan,nan,nan,INITIALIZING,0.0,0.0,0.0,22.02126351185616,0,0,0,0.0,0.0,1.0,0,0,0,0,0,0,0
978,119.854262242,nan,nan,nan,nan,nan,nan,nan,nan,nan,nan,nan,nan,,nan,0,nan,nan,nan,INITIALIZING,0.0,0.0,0.0,24.56412797220769,0,0,0,0.0,0.0,1.0,0,0,0,0,0,0,0
979,119.88415408100002,nan,nan,nan,nan,nan,nan,nan,nan,nan,nan,nan,nan,,nan,0,nan,nan,nan,INITIALIZING,0.0,0.0,0.0,33.45394707898321,0,0,0,0.0,0.0,1.0,0,0,0,0,0,0,0
980,119.90884258200003,nan,nan,nan,nan,nan,nan,nan,nan,nan,nan,nan,nan,,nan,0,nan,nan,nan,INITIALIZING,0.0,0.0,0.0,40.50468677703136,0,0,0,0.0,0.0,1.0,0,0,0,0,0,0,0
981,119.93485146199998,nan,nan,nan,nan,nan,nan,nan,nan,nan,nan,nan,nan,,nan,0,nan,nan,nan,INITIALIZING,0.0,0.0,0.0,38.44840685188851,0,0,0,0.0,0.0,1.0,0,0,0,0,0,0,0
982,119.96645430900003,nan,nan,nan,nan,nan,nan,nan,nan,nan,nan,nan,nan,,nan,0,nan,nan,nan,INITIALIZING,0.0,0.0,0.0,31.642718771463418,0,0,0,0.0,0.0,1.0,0,0,0,0,0,0,0
983,119.99820486600004,nan,nan,nan,nan,nan,nan,nan,nan,nan,nan,nan,nan,,nan,0,nan,nan,nan,INITIALIZING,0.0,0.0,0.0,31.495510456704874,0,0,0,0.0,0.0,1.0,0,0,0,0,0,0,0
984,120.07141166099996,nan,nan,nan,nan,nan,nan,nan,nan,nan,nan,nan,nan,,nan,0,nan,nan,nan,INITIALIZING,0.0,0.0,0.0,13.659934163230407,0,0,0,0.0,0.0,1.0,0,0,0,0,0,0,0
985,120.11076120799999,nan,nan,nan,nan,nan,nan,nan,nan,nan,nan,nan,nan,,nan,0,nan,nan,nan,INITIALIZING,0.0,0.0,0.0,25.413253169071183,0,0,0,0.0,0.0,1.0,0,0,0,0,0,0,0
986,120.14408417799996,nan,nan,nan,nan,nan,nan,nan,nan,nan,nan,nan,nan,,nan,0,nan,nan,nan,INITIALIZING,0.0,0.0,0.0,30.009329900691355,0,0,0,0.0,0.0,1.0,0,0,0,0,0,0,0
987,120.18097343800002,nan,nan,nan,nan,nan,nan,nan,nan,nan,nan,nan,nan,,nan,0,nan,nan,nan,INITIALIZING,0.0,0.0,0.0,27.108161020259075,0,0,0,0.0,0.0,1.0,0,0,0,0,0,0,0
988,120.207680762,nan,nan,nan,nan,nan,nan,nan,nan,nan,nan,nan,nan,,nan,0,nan,nan,nan,INITIALIZING,0.0,0.0,0.0,37.442912663247604,0,0,0,0.0,0.0,1.0,0,0,0,0,0,0,0
989,120.23338599299996,nan,nan,nan,nan,nan,nan,nan,nan,nan,nan,nan,nan,,nan,0,nan,nan,nan,INITIALIZING,0.0,0.0,0.0,38.90258757065925,0,0,0,0.0,0.0,1.0,0,0,0,0,0,0,0
990,120.26439185499999,nan,nan,nan,nan,nan,nan,nan,nan,nan,nan,nan,nan,,nan,0,nan,nan,nan,INITIALIZING,0.0,0.0,0.0,32.25196577340962,0,0,0,0.0,0.0,1.0,0,0,0,0,0,0,0
991,120.295104692,nan,nan,nan,nan,nan,nan,nan,nan,nan,nan,nan,nan,,nan,0,nan,nan,nan,INITIALIZING,0.0,0.0,0.0,32.55967529146438,0,0,0,0.0,0.0,1.0,0,0,0,0,0,0,0
992,120.32207196800005,nan,nan,nan,nan,nan,nan,nan,nan,nan,nan,nan,nan,,nan,0,nan,nan,nan,INITIALIZING,0.0,0.0,0.0,37.08198039720933,0,0,0,0.0,0.0,1.0,0,0,0,0,0,0,0
993,120.35412753000003,nan,nan,nan,nan,nan,nan,nan,nan,nan,nan,nan,nan,,nan,0,nan,nan,nan,INITIALIZING,0.0,0.0,0.0,31.195834283003773,0,0,0,0.0,0.0,1.0,0,0,0,0,0,0,0
994,120.38827373899994,nan,nan,nan,nan,nan,nan,nan,nan,nan,nan,nan,nan,,nan,0,nan,nan,nan,INITIALIZING,0.0,0.0,0.0,29.28582789388178,0,0,0,0.0,0.0,1.0,0,0,0,0,0,0,0
995,120.43902361999994,nan,nan,nan,nan,nan,nan,nan,nan,nan,nan,nan,nan,,nan,0,nan,nan,nan,INITIALIZING,0.0,0.0,0.0,19.704479701143917,0,0,0,0.0,0.0,1.0,0,0,0,0,0,0,0
996,120.47260216699999,nan,nan,nan,nan,nan,nan,nan,nan,nan,nan,nan,nan,,nan,0,nan,nan,nan,INITIALIZING,0.0,0.0,0.0,29.78091934706375,0,0,0,0.0,0.0,1.0,0,0,0,0,0,0,0
997,120.50554872700002,nan,nan,nan,nan,nan,nan,nan,nan,nan,nan,nan,nan,,nan,0,nan,nan,nan,INITIALIZING,0.0,0.0,0.0,30.352182443300975,0,0,0,0.0,0.0,1.0,0,0,0,0,0,0,0
998,120.53613255300002,nan,nan,nan,nan,nan,nan,nan,nan,nan,nan,nan,nan,,nan,0,nan,nan,nan,INITIALIZING,0.0,0.0,0.0,32.697020967883084,0,0,0,0.0,0.0,1.0,0,0,0,0,0,0,0
999,120.56576074400004,nan,nan,nan,nan,nan,nan,nan,nan,nan,nan,nan,nan,,nan,0,nan,nan,nan,INITIALIZING,0.0,0.0,0.0,33.75163876859795,0,0,0,0.0,0.0,1.0,0,0,0,0,0,0,0
1000,120.59539023699995,nan,nan,nan,nan,nan,nan,nan,nan,nan,nan,nan,nan,,nan,0,nan,nan,nan,INITIALIZING,0.0,0.0,0.0,33.75015563051662,0,0,0,0.0,0.0,1.0,0,0,0,0,0,0,0
1001,120.62480139399997,nan,nan,nan,nan,nan,nan,nan,nan,nan,nan,nan,nan,,nan,0,nan,nan,nan,INITIALIZING,0.0,0.0,0.0,34.0007025224845,0,0,0,0.0,0.0,1.0,0,0,0,0,0,0,0
1002,120.66001396900003,nan,nan,nan,nan,nan,nan,nan,nan,nan,nan,nan,nan,,nan,0,nan,nan,nan,INITIALIZING,0.0,0.0,0.0,28.39894554710378,0,0,0,0.0,0.0,1.0,0,0,0,0,0,0,0
1003,120.69402033300003,nan,nan,nan,nan,nan,nan,nan,nan,nan,nan,nan,nan,,nan,0,nan,nan,nan,INITIALIZING,0.0,0.0,0.0,29.406260545826612,0,0,0,0.0,0.0,1.0,0,0,0,0,0,0,0
1004,120.723805556,nan,nan,nan,nan,nan,nan,nan,nan,nan,nan,nan,nan,,nan,0,nan,nan,nan,INITIALIZING,0.0,0.0,0.0,33.573695251527866,0,0,0,0.0,0.0,1.0,0,0,0,0,0,0,0
1005,120.75588471100002,nan,nan,nan,nan,nan,nan,nan,nan,nan,nan,nan,nan,,nan,0,nan,nan,nan,INITIALIZING,0.0,0.0,0.0,31.17289093180271,0,0,0,0.0,0.0,1.0,0,0,0,0,0,0,0
1006,120.79445904199997,nan,nan,nan,nan,nan,nan,nan,nan,nan,nan,nan,nan,,nan,0,nan,nan,nan,INITIALIZING,0.0,0.0,0.0,25.92397519483363,0,0,0,0.0,0.0,1.0,0,0,0,0,0,0,0
1007,120.83741977499994,nan,nan,nan,nan,nan,nan,nan,nan,nan,nan,nan,nan,,nan,0,nan,nan,nan,INITIALIZING,0.0,0.0,0.0,23.277070249258497,0,0,0,0.0,0.0,1.0,0,0,0,0,0,0,0
1008,120.88168448099998,nan,nan,nan,nan,nan,nan,nan,nan,nan,nan,nan,nan,,nan,0,nan,nan,nan,INITIALIZING,0.0,0.0,0.0,22.591362066184292,0,0,0,0.0,0.0,1.0,0,0,0,0,0,0,0
1009,120.91247195599999,nan,nan,nan,nan,nan,nan,nan,nan,nan,nan,nan,nan,,nan,0,nan,nan,nan,INITIALIZING,0.0,0.0,0.0,32.48074095065096,0,0,0,0.0,0.0,1.0,0,0,0,0,0,0,0
1010,120.94223452300002,nan,nan,nan,nan,nan,nan,nan,nan,nan,nan,nan,nan,,nan,0,nan,nan,nan,INITIALIZING,0.0,0.0,0.0,33.59925237627677,0,0,0,0.0,0.0,1.0,0,0,0,0,0,0,0
1011,120.97255714799996,nan,nan,nan,nan,nan,nan,nan,nan,nan,nan,nan,nan,,nan,0,nan,nan,nan,INITIALIZING,0.0,0.0,0.0,32.97867516423748,0,0,0,0.0,0.0,1.0,0,0,0,0,0,0,0
1012,120.99942770400003,nan,nan,nan,nan,nan,nan,nan,nan,nan,nan,nan,nan,,nan,0,nan,nan,nan,INITIALIZING,0.0,0.0,0.0,37.21545620409455,0,0,0,0.0,0.0,1.0,0,0,0,0,0,0,0
1013,121.03061257900004,nan,nan,nan,nan,nan,nan,nan,nan,nan,nan,nan,nan,,nan,0,nan,nan,nan,INITIALIZING,0.0,0.0,0.0,32.06682726801823,0,0,0,0.0,0.0,1.0,0,0,0,0,0,0,0
1014,121.06081900499998,nan,nan,nan,nan,nan,nan,nan,nan,nan,nan,nan,nan,,nan,0,nan,nan,nan,INITIALIZING,0.0,0.0,0.0,33.105538536788984,0,0,0,0.0,0.0,1.0,0,0,0,0,0,0,0
1015,121.09184132500002,nan,nan,nan,nan,nan,nan,nan,nan,nan,nan,nan,nan,,nan,0,nan,nan,nan,INITIALIZING,0.0,0.0,0.0,32.234855420191465,0,0,0,0.0,0.0,1.0,0,0,0,0,0,0,0
1016,121.12991044199998,nan,nan,nan,nan,nan,nan,nan,nan,nan,nan,nan,nan,,nan,0,nan,nan,nan,INITIALIZING,0.0,0.0,0.0,26.268011417258652,0,0,0,0.0,0.0,1.0,0,0,0,0,0,0,0
1017,121.17807336800001,nan,nan,nan,nan,nan,nan,nan,nan,nan,nan,nan,nan,,nan,0,nan,nan,nan,INITIALIZING,0.0,0.0,0.0,20.76285813696908,0,0,0,0.0,0.0,1.0,0,0,0,0,0,0,0
1018,121.21689968099997,nan,nan,nan,nan,nan,nan,nan,nan,nan,nan,nan,nan,,nan,0,nan,nan,nan,INITIALIZING,0.0,0.0,0.0,25.755729110849778,0,0,0,0.0,0.0,1.0,0,0,0,0,0,0,0
1019,121.24149151400002,nan,nan,nan,nan,nan,nan,nan,nan,nan,nan,nan,nan,,nan,0,nan,nan,nan,INITIALIZING,0.0,0.0,0.0,40.66390659037784,0,0,0,0.0,0.0,1.0,0,0,0,0,0,0,0
1020,121.27672773500001,nan,nan,nan,nan,nan,nan,nan,nan,nan,nan,nan,nan,,nan,0,nan,nan,nan,INITIALIZING,0.0,0.0,0.0,28.379887843258075,0,0,0,0.0,0.0,1.0,0,0,0,0,0,0,0
1021,121.313508609,nan,nan,nan,nan,nan,nan,nan,nan,nan,nan,nan,nan,,nan,0,nan,nan,nan,INITIALIZING,0.0,0.0,0.0,27.188043438020127,0,0,0,0.0,0.0,1.0,0,0,0,0,0,0,0
1022,121.34512291600004,nan,nan,nan,nan,nan,nan,nan,nan,nan,nan,nan,nan,,nan,0,nan,nan,nan,INITIALIZING,0.0,0.0,0.0,31.63124847236762,0,0,0,0.0,0.0,1.0,0,0,0,0,0,0,0
1023,121.37350374899995,nan,nan,nan,nan,nan,nan,nan,nan,nan,nan,nan,nan,,nan,0,nan,nan,nan,INITIALIZING,0.0,0.0,0.0,35.235047540817654,0,0,0,0.0,0.0,1.0,0,0,0,0,0,0,0
1024,121.40614900499997,nan,nan,nan,nan,nan,nan,nan,nan,nan,nan,nan,nan,,nan,0,nan,nan,nan,INITIALIZING,0.0,0.0,0.0,30.6323221971144,0,0,0,0.0,0.0,1.0,0,0,0,0,0,0,0
1025,121.43656673600003,nan,nan,nan,nan,nan,nan,nan,nan,nan,nan,nan,nan,,nan,0,nan,nan,nan,INITIALIZING,0.0,0.0,0.0,32.87556195424738,0,0,0,0.0,0.0,1.0,0,0,0,0,0,0,0
1026,121.470637528,nan,nan,nan,nan,nan,nan,nan,nan,nan,nan,nan,nan,,nan,0,nan,nan,nan,INITIALIZING,0.0,0.0,0.0,29.350653192946073,0,0,0,0.0,0.0,1.0,0,0,0,0,0,0,0
1027,121.50768028000005,nan,nan,nan,nan,nan,nan,nan,nan,nan,nan,nan,nan,,nan,0,nan,nan,nan,INITIALIZING,0.0,0.0,0.0,26.9958344347287,0,0,0,0.0,0.0,1.0,0,0,0,0,0,0,0
1028,121.538292232,nan,nan,nan,nan,nan,nan,nan,nan,nan,nan,nan,nan,,nan,0,nan,nan,nan,INITIALIZING,0.0,0.0,0.0,32.66697922436832,0,0,0,0.0,0.0,1.0,0,0,0,0,0,0,0
1029,121.56969914000001,nan,nan,nan,nan,nan,nan,nan,nan,nan,nan,nan,nan,,nan,0,nan,nan,nan,INITIALIZING,0.0,0.0,0.0,31.840128929589046,0,0,0,0.0,0.0,1.0,0,0,0,0,0,0,0
1030,121.60739783700001,nan,nan,nan,nan,nan,nan,nan,nan,nan,nan,nan,nan,,nan,0,nan,nan,nan,INITIALIZING,0.0,0.0,0.0,26.526115743472552,0,0,0,0.0,0.0,1.0,0,0,0,0,0,0,0
1031,121.63735134399997,nan,nan,nan,nan,nan,nan,nan,nan,nan,nan,nan,nan,,nan,0,nan,nan,nan,INITIALIZING,0.0,0.0,0.0,33.385072405757384,0,0,0,0.0,0.0,1.0,0,0,0,0,0,0,0
1032,121.67606083299995,nan,nan,nan,nan,nan,nan,nan,nan,nan,nan,nan,nan,,nan,0,nan,nan,nan,INITIALIZING,0.0,0.0,0.0,25.833459077705815,0,0,0,0.0,0.0,1.0,0,0,0,0,0,0,0
1033,121.73154383999997,nan,nan,nan,nan,nan,nan,nan,nan,nan,nan,nan,nan,,nan,0,nan,nan,nan,INITIALIZING,0.0,0.0,0.0,18.023536467654434,0,0,0,0.0,0.0,1.0,0,0,0,0,0,0,0
1034,121.76911222299998,nan,nan,nan,nan,nan,nan,nan,nan,nan,nan,nan,nan,,nan,0,nan,nan,nan,INITIALIZING,0.0,0.0,0.0,26.6181272694066,0,0,0,0.0,0.0,1.0,0,0,0,0,0,0,0
1035,121.79798467599994,nan,nan,nan,nan,nan,nan,nan,nan,nan,nan,nan,nan,,nan,0,nan,nan,nan,INITIALIZING,0.0,0.0,0.0,34.635089716876266,0,0,0,0.0,0.0,1.0,0,0,0,0,0,0,0
1036,121.83090540299997,nan,nan,nan,nan,nan,nan,nan,nan,nan,nan,nan,nan,,nan,0,nan,nan,nan,INITIALIZING,0.0,0.0,0.0,30.3759998981497,0,0,0,0.0,0.0,1.0,0,0,0,0,0,0,0
1037,121.86301138199997,nan,nan,nan,nan,nan,nan,nan,nan,nan,nan,nan,nan,,nan,0,nan,nan,nan,INITIALIZING,0.0,0.0,0.0,31.14684651105641,0,0,0,0.0,0.0,1.0,0,0,0,0,0,0,0
1038,121.89142028899994,nan,nan,nan,nan,nan,nan,nan,nan,nan,nan,nan,nan,,nan,0,nan,nan,nan,INITIALIZING,0.0,0.0,0.0,35.20022787223122,0,0,0,0.0,0.0,1.0,0,0,0,0,0,0,0
1039,121.93895685400003,nan,nan,nan,nan,nan,nan,nan,nan,nan,nan,nan,nan,,nan,0,nan,nan,nan,INITIALIZING,0.0,0.0,0.0,21.036437950410917,0,0,0,0.0,0.0,1.0,0,0,0,0,0,0,0
1040,122.00253541899997,nan,nan,nan,nan,nan,nan,nan,nan,nan,nan,nan,nan,,nan,0,nan,nan,nan,INITIALIZING,0.0,0.0,0.0,15.728571413980326,0,0,0,0.0,0.0,1.0,0,0,0,0,0,0,0
1041,122.03827518799994,nan,nan,nan,nan,nan,nan,nan,nan,nan,nan,nan,nan,,nan,0,nan,nan,nan,INITIALIZING,0.0,0.0,0.0,27.980035349437156,0,0,0,0.0,0.0,1.0,0,0,0,0,0,0,0
1042,122.07540830599999,nan,nan,nan,nan,nan,nan,nan,nan,nan,nan,nan,nan,,nan,0,nan,nan,nan,INITIALIZING,0.0,0.0,0.0,26.93013821244033,0,0,0,0.0,0.0,1.0,0,0,0,0,0,0,0
1043,122.10676797400004,nan,nan,nan,nan,nan,nan,nan,nan,nan,nan,nan,nan,,nan,0,nan,nan,nan,INITIALIZING,0.0,0.0,0.0,31.888092692767128,0,0,0,0.0,0.0,1.0,0,0,0,0,0,0,0
1044,122.13594277499999,nan,nan,nan,nan,nan,nan,nan,nan,nan,nan,nan,nan,,nan,0,nan,nan,nan,INITIALIZING,0.0,0.0,0.0,34.27615495994594,0,0,0,0.0,0.0,1.0,0,0,0,0,0,0,0
1045,122.17140670699996,nan,nan,nan,nan,nan,nan,nan,nan,nan,nan,nan,nan,,nan,0,nan,nan,nan,INITIALIZING,0.0,0.0,0.0,28.19766291004704,0,0,0,0.0,0.0,1.0,0,0,0,0,0,0,0
1046,122.21326789800003,nan,nan,nan,nan,nan,nan,nan,nan,nan,nan,nan,nan,,nan,0,nan,nan,nan,INITIALIZING,0.0,0.0,0.0,23.888474649429227,0,0,0,0.0,0.0,1.0,0,0,0,0,0,0,0
1047,122.24540262699998,nan,nan,nan,nan,nan,nan,nan,nan,nan,nan,nan,nan,,nan,0,nan,nan,nan,INITIALIZING,0.0,0.0,0.0,31.11898034060205,0,0,0,0.0,0.0,1.0,0,0,0,0,0,0,0
1048,122.276163226,nan,nan,nan,nan,nan,nan,nan,nan,nan,nan,nan,nan,,nan,0,nan,nan,nan,INITIALIZING,0.0,0.0,0.0,32.509119864649016,0,0,0,0.0,0.0,1.0,0,0,0,0,0,0,0
1049,122.305826314,nan,nan,nan,nan,nan,nan,nan,nan,nan,nan,nan,nan,,nan,0,nan,nan,nan,INITIALIZING,0.0,0.0,0.0,33.71193181235134,0,0,0,0.0,0.0,1.0,0,0,0,0,0,0,0
1050,122.34421705,nan,nan,nan,nan,nan,nan,nan,nan,nan,nan,nan,nan,,nan,0,nan,nan,nan,INITIALIZING,0.0,0.0,0.0,26.047950734783704,0,0,0,0.0,0.0,1.0,0,0,0,0,0,0,0
1051,122.37642756100001,nan,nan,nan,nan,nan,nan,nan,nan,nan,nan,nan,nan,,nan,0,nan,nan,nan,INITIALIZING,0.0,0.0,0.0,31.045766395928485,0,0,0,0.0,0.0,1.0,0,0,0,0,0,0,0
1052,122.40556949699999,nan,nan,nan,nan,nan,nan,nan,nan,nan,nan,nan,nan,,nan,0,nan,nan,nan,INITIALIZING,0.0,0.0,0.0,34.314810107362305,0,0,0,0.0,0.0,1.0,0,0,0,0,0,0,0
1053,122.44047686099998,nan,nan,nan,nan,nan,nan,nan,nan,nan,nan,nan,nan,,nan,0,nan,nan,nan,INITIALIZING,0.0,0.0,0.0,28.647250477012342,0,0,0,0.0,0.0,1.0,0,0,0,0,0,0,0
1054,122.47862910499998,nan,nan,nan,nan,nan,nan,nan,nan,nan,nan,nan,nan,,nan,0,nan,nan,nan,INITIALIZING,0.0,0.0,0.0,26.21077806065435,0,0,0,0.0,0.0,1.0,0,0,0,0,0,0,0
1055,122.50868250899998,nan,nan,nan,nan,nan,nan,nan,nan,nan,nan,nan,nan,,nan,0,nan,nan,nan,INITIALIZING,0.0,0.0,0.0,33.2741009970116,0,0,0,0.0,0.0,1.0,0,0,0,0,0,0,0
1056,122.54409717099998,nan,nan,nan,nan,nan,nan,nan,nan,nan,nan,nan,nan,,nan,0,nan,nan,nan,INITIALIZING,0.0,0.0,0.0,28.236892392201174,0,0,0,0.0,0.0,1.0,0,0,0,0,0,0,0
1057,122.57189232099995,nan,nan,nan,nan,nan,nan,nan,nan,nan,nan,nan,nan,,nan,0,nan,nan,nan,INITIALIZING,0.0,0.0,0.0,35.97749967173838,0,0,0,0.0,0.0,1.0,0,0,0,0,0,0,0
1058,122.59583914799998,nan,nan,nan,nan,nan,nan,nan,nan,nan,nan,nan,nan,,nan,0,nan,nan,nan,INITIALIZING,0.0,0.0,0.0,41.75918588290135,0,0,0,0.0,0.0,1.0,0,0,0,0,0,0,0
1059,122.64577844899998,nan,nan,nan,nan,nan,nan,nan,nan,nan,nan,nan,nan,,nan,0,nan,nan,nan,INITIALIZING,0.0,0.0,0.0,20.02430911077635,0,0,0,0.0,0.0,1.0,0,0,0,0,0,0,0
1060,122.67249718100004,nan,nan,nan,nan,nan,nan,nan,nan,nan,nan,nan,nan,,nan,0,nan,nan,nan,INITIALIZING,0.0,0.0,0.0,37.42692579863599,0,0,0,0.0,0.0,1.0,0,0,0,0,0,0,0
1061,122.70248084499997,nan,nan,nan,nan,nan,nan,nan,nan,nan,nan,nan,nan,,nan,0,nan,nan,nan,INITIALIZING,0.0,0.0,0.0,33.351494333794086,0,0,0,0.0,0.0,1.0,0,0,0,0,0,0,0
1062,122.73446317699995,nan,nan,nan,nan,nan,nan,nan,nan,nan,nan,nan,nan,,nan,0,nan,nan,nan,INITIALIZING,0.0,0.0,0.0,31.26726343784113,0,0,0,0.0,0.0,1.0,0,0,0,0,0,0,0
1063,122.77636640000003,nan,nan,nan,nan,nan,nan,nan,nan,nan,nan,nan,nan,,nan,0,nan,nan,nan,INITIALIZING,0.0,0.0,0.0,23.864512760705082,0,0,0,0.0,0.0,1.0,0,0,0,0,0,0,0
1064,122.81183746800002,nan,nan,nan,nan,nan,nan,nan,nan,nan,nan,nan,nan,,nan,0,nan,nan,nan,INITIALIZING,0.0,0.0,0.0,28.1919901594226,0,0,0,0.0,0.0,1.0,0,0,0,0,0,0,0
1065,122.84265582900002,nan,nan,nan,nan,nan,nan,nan,nan,nan,nan,nan,nan,,nan,0,nan,nan,nan,INITIALIZING,0.0,0.0,0.0,32.44818892218028,0,0,0,0.0,0.0,1.0,0,0,0,0,0,0,0
1066,122.88176693699995,nan,nan,nan,nan,nan,nan,nan,nan,nan,nan,nan,nan,,nan,0,nan,nan,nan,INITIALIZING,0.0,0.0,0.0,25.56818385206096,0,0,0,0.0,0.0,1.0,0,0,0,0,0,0,0
1067,122.915423767,nan,nan,nan,nan,nan,nan,nan,nan,nan,nan,nan,nan,,nan,0,nan,nan,nan,INITIALIZING,0.0,0.0,0.0,29.711651394346614,0,0,0,0.0,0.0,1.0,0,0,0,0,0,0,0
1068,122.94166983799994,nan,nan,nan,nan,nan,nan,nan,nan,nan,nan,nan,nan,,nan,0,nan,nan,nan,INITIALIZING,0.0,0.0,0.0,38.10094089900392,0,0,0,0.0,0.0,1.0,0,0,0,0,0,0,0
1069,122.96917081799995,nan,nan,nan,nan,nan,nan,nan,nan,nan,nan,nan,nan,,nan,0,nan,nan,nan,INITIALIZING,0.0,0.0,0.0,36.36234054202836,0,0,0,0.0,0.0,1.0,0,0,0,0,0,0,0
1070,123.002149411,nan,nan,nan,nan,nan,nan,nan,nan,nan,nan,nan,nan,,nan,0,nan,nan,nan,INITIALIZING,0.0,0.0,0.0,30.322700546939828,0,0,0,0.0,0.0,1.0,0,0,0,0,0,0,0
1071,123.03338616199994,nan,nan,nan,nan,nan,nan,nan,nan,nan,nan,nan,nan,,nan,0,nan,nan,nan,INITIALIZING,0.0,0.0,0.0,32.0135727304673,0,0,0,0.0,0.0,1.0,0,0,0,0,0,0,0
1072,123.06924390099994,nan,nan,nan,nan,nan,nan,nan,nan,nan,nan,nan,nan,,nan,0,nan,nan,nan,INITIALIZING,0.0,0.0,0.0,27.88798256354581,0,0,0,0.0,0.0,1.0,0,0,0,0,0,0,0
1073,123.10106440799996,nan,nan,nan,nan,nan,nan,nan,nan,nan,nan,nan,nan,,nan,0,nan,nan,nan,INITIALIZING,0.0,0.0,0.0,31.426274886171985,0,0,0,0.0,0.0,1.0,0,0,0,0,0,0,0
1074,123.13093577899997,nan,nan,nan,nan,nan,nan,nan,nan,nan,nan,nan,nan,,nan,0,nan,nan,nan,INITIALIZING,0.0,0.0,0.0,33.476869876497055,0,0,0,0.0,0.0,1.0,0,0,0,0,0,0,0
1075,123.16308217599999,nan,nan,nan,nan,nan,nan,nan,nan,nan,nan,nan,nan,,nan,0,nan,nan,nan,INITIALIZING,0.0,0.0,0.0,31.107685256279026,0,0,0,0.0,0.0,1.0,0,0,0,0,0,0,0
1076,123.199703882,nan,nan,nan,nan,nan,nan,nan,nan,nan,nan,nan,nan,,nan,0,nan,nan,nan,INITIALIZING,0.0,0.0,0.0,27.306210147606276,0,0,0,0.0,0.0,1.0,0,0,0,0,0,0,0
1077,123.23731028600002,nan,nan,nan,nan,nan,nan,nan,nan,nan,nan,nan,nan,,nan,0,nan,nan,nan,INITIALIZING,0.0,0.0,0.0,26.591215687604667,0,0,0,0.0,0.0,1.0,0,0,0,0,0,0,0
1078,123.29796215299996,nan,nan,nan,nan,nan,nan,nan,nan,nan,nan,nan,nan,,nan,0,nan,nan,nan,INITIALIZING,0.0,0.0,0.0,16.487538627641943,0,0,0,0.0,0.0,1.0,0,0,0,0,0,0,0
1079,123.33338171100002,nan,nan,nan,nan,nan,nan,nan,nan,nan,nan,nan,nan,,nan,0,nan,nan,nan,INITIALIZING,0.0,0.0,0.0,28.23298924278976,0,0,0,0.0,0.0,1.0,0,0,0,0,0,0,0
1080,123.44782115199996,nan,nan,nan,nan,nan,nan,nan,nan,nan,nan,nan,nan,,nan,0,nan,nan,nan,INITIALIZING,0.0,0.0,0.0,8.738246108703738,0,0,0,0.0,0.0,1.0,0,0,0,0,0,0,0
1081,123.48056333700004,nan,nan,nan,nan,nan,nan,nan,nan,nan,nan,nan,nan,,nan,0,nan,nan,nan,INITIALIZING,0.0,0.0,0.0,30.541639172758945,0,0,0,0.0,0.0,1.0,0,0,0,0,0,0,0
1082,123.50444147099995,nan,nan,nan,nan,nan,nan,nan,nan,nan,nan,nan,nan,,nan,0,nan,nan,nan,INITIALIZING,0.0,0.0,0.0,41.87931938080084,0,0,0,0.0,0.0,1.0,0,0,0,0,0,0,0
1083,123.53136219800001,nan,nan,nan,nan,nan,nan,nan,nan,nan,nan,nan,nan,,nan,0,nan,nan,nan,INITIALIZING,0.0,0.0,0.0,37.146099360457356,0,0,0,0.0,0.0,1.0,0,0,0,0,0,0,0
1084,123.56889369500004,nan,nan,nan,nan,nan,nan,nan,nan,nan,nan,nan,nan,,nan,0,nan,nan,nan,INITIALIZING,0.0,0.0,0.0,26.64428759660595,0,0,0,0.0,0.0,1.0,0,0,0,0,0,0,0
1085,123.59923334099994,nan,nan,nan,nan,nan,nan,nan,nan,nan,nan,nan,nan,,nan,0,nan,nan,nan,INITIALIZING,0.0,0.0,0.0,32.96017362902737,0,0,0,0.0,0.0,1.0,0,0,0,0,0,0,0
1086,123.63283690599997,nan,nan,nan,nan,nan,nan,nan,nan,nan,nan,nan,nan,,nan,0,nan,nan,nan,INITIALIZING,0.0,0.0,0.0,29.758747323367842,0,0,0,0.0,0.0,1.0,0,0,0,0,0,0,0
1087,123.66651109600002,nan,nan,nan,nan,nan,nan,nan,nan,nan,nan,nan,nan,,nan,0,nan,nan,nan,INITIALIZING,0.0,0.0,0.0,29.69633419536843,0,0,0,0.0,0.0,1.0,0,0,0,0,0,0,0
1088,123.70633109100004,nan,nan,nan,nan,nan,nan,nan,nan,nan,nan,nan,nan,,nan,0,nan,nan,nan,INITIALIZING,0.0,0.0,0.0,25.113011691729067,0,0,0,0.0,0.0,1.0,0,0,0,0,0,0,0
1089,123.74231508100002,nan,nan,nan,nan,nan,nan,nan,nan,nan,nan,nan,nan,,nan,0,nan,nan,nan,INITIALIZING,0.0,0.0,0.0,27.7901366691309,0,0,0,0.0,0.0,1.0,0,0,0,0,0,0,0
1090,123.78723155399996,nan,nan,nan,nan,nan,nan,nan,nan,nan,nan,nan,nan,,nan,0,nan,nan,nan,INITIALIZING,0.0,0.0,0.0,22.26354682838188,0,0,0,0.0,0.0,1.0,0,0,0,0,0,0,0
1091,123.83143604400004,nan,nan,nan,nan,nan,nan,nan,nan,nan,nan,nan,nan,,nan,0,nan,nan,nan,INITIALIZING,0.0,0.0,0.0,22.622136348549784,0,0,0,0.0,0.0,1.0,0,0,0,0,0,0,0
1092,123.86998968,nan,nan,nan,nan,nan,nan,nan,nan,nan,nan,nan,nan,,nan,0,nan,nan,nan,INITIALIZING,0.0,0.0,0.0,25.937890786773618,0,0,0,0.0,0.0,1.0,0,0,0,0,0,0,0
1093,123.912860884,nan,nan,nan,nan,nan,nan,nan,nan,nan,nan,nan,nan,,nan,0,nan,nan,nan,INITIALIZING,0.0,0.0,0.0,23.325680333124016,0,0,0,0.0,0.0,1.0,0,0,0,0,0,0,0
1094,123.940750417,nan,nan,nan,nan,nan,nan,nan,nan,nan,nan,nan,nan,,nan,0,nan,nan,nan,INITIALIZING,0.0,0.0,0.0,35.85574559458397,0,0,0,0.0,0.0,1.0,0,0,0,0,0,0,0
1095,123.96880052300003,nan,nan,nan,nan,nan,nan,nan,nan,nan,nan,nan,nan,,nan,0,nan,nan,nan,INITIALIZING,0.0,0.0,0.0,35.65048916389721,0,0,0,0.0,0.0,1.0,0,0,0,0,0,0,0
1096,124.004321022,nan,nan,nan,nan,nan,nan,nan,nan,nan,nan,nan,nan,,nan,0,nan,nan,nan,INITIALIZING,0.0,0.0,0.0,28.15275765131532,0,0,0,0.0,0.0,1.0,0,0,0,0,0,0,0
1097,124.03509504499993,nan,nan,nan,nan,nan,nan,nan,nan,nan,nan,nan,nan,,nan,0,nan,nan,nan,INITIALIZING,0.0,0.0,0.0,32.4949389945572,0,0,0,0.0,0.0,1.0,0,0,0,0,0,0,0
1098,124.068250014,nan,nan,nan,nan,nan,nan,nan,nan,nan,nan,nan,nan,,nan,0,nan,nan,nan,INITIALIZING,0.0,0.0,0.0,30.161391494530427,0,0,0,0.0,0.0,1.0,0,0,0,0,0,0,0
1099,124.11047460199995,nan,nan,nan,nan,nan,nan,nan,nan,nan,nan,nan,nan,,nan,0,nan,nan,nan,INITIALIZING,0.0,0.0,0.0,23.68288353698318,0,0,0,0.0,0.0,1.0,0,0,0,0,0,0,0
1100,124.14447775099995,nan,nan,nan,nan,nan,nan,nan,nan,nan,nan,nan,nan,,nan,0,nan,nan,nan,INITIALIZING,0.0,0.0,0.0,29.409040909710935,0,0,0,0.0,0.0,1.0,0,0,0,0,0,0,0
1101,124.17314520399998,nan,nan,nan,nan,nan,nan,nan,nan,nan,nan,nan,nan,,nan,0,nan,nan,nan,INITIALIZING,0.0,0.0,0.0,34.88276408787034,0,0,0,0.0,0.0,1.0,0,0,0,0,0,0,0
1102,124.20639829799995,nan,nan,nan,nan,nan,nan,nan,nan,nan,nan,nan,nan,,nan,0,nan,nan,nan,INITIALIZING,0.0,0.0,0.0,30.07238965495286,0,0,0,0.0,0.0,1.0,0,0,0,0,0,0,0
1103,124.23544679400004,nan,nan,nan,nan,nan,nan,nan,nan,nan,nan,nan,nan,,nan,0,nan,nan,nan,INITIALIZING,0.0,0.0,0.0,34.42519020595813,0,0,0,0.0,0.0,1.0,0,0,0,0,0,0,0
1104,124.26482127999998,nan,nan,nan,nan,nan,nan,nan,nan,nan,nan,nan,nan,,nan,0,nan,nan,nan,INITIALIZING,0.0,0.0,0.0,34.04314887423445,0,0,0,0.0,0.0,1.0,0,0,0,0,0,0,0
1105,124.29849057399997,nan,nan,nan,nan,nan,nan,nan,nan,nan,nan,nan,nan,,nan,0,nan,nan,nan,INITIALIZING,0.0,0.0,0.0,29.700652469880577,0,0,0,0.0,0.0,1.0,0,0,0,0,0,0,0
1106,124.33063405099995,nan,nan,nan,nan,nan,nan,nan,nan,nan,nan,nan,nan,,nan,0,nan,nan,nan,INITIALIZING,0.0,0.0,0.0,31.110511162209338,0,0,0,0.0,0.0,1.0,0,0,0,0,0,0,0
1107,124.36403402300004,nan,nan,nan,nan,nan,nan,nan,nan,nan,nan,nan,nan,,nan,0,nan,nan,nan,INITIALIZING,0.0,0.0,0.0,29.940144859914298,0,0,0,0.0,0.0,1.0,0,0,0,0,0,0,0
1108,124.39998495099996,nan,nan,nan,nan,nan,nan,nan,nan,nan,nan,nan,nan,,nan,0,nan,nan,nan,INITIALIZING,0.0,0.0,0.0,27.81569365892921,0,0,0,0.0,0.0,1.0,0,0,0,0,0,0,0
1109,124.43212332400003,nan,nan,nan,nan,nan,nan,nan,nan,nan,nan,nan,nan,,nan,0,nan,nan,nan,INITIALIZING,0.0,0.0,0.0,31.115451924026807,0,0,0,0.0,0.0,1.0,0,0,0,0,0,0,0
1110,124.63988458100005,nan,nan,nan,nan,nan,nan,nan,nan,nan,nan,nan,nan,,nan,0,nan,nan,nan,INITIALIZING,0.0,0.0,0.0,4.813216931970743,0,0,0,0.0,0.0,1.0,0,0,0,0,0,0,0
1111,124.66594484400002,nan,nan,nan,nan,nan,nan,nan,nan,nan,nan,nan,nan,,nan,0,nan,nan,nan,INITIALIZING,0.0,0.0,0.0,38.37259815838757,0,0,0,0.0,0.0,1.0,0,0,0,0,0,0,0
1112,124.698071604,nan,nan,nan,nan,nan,nan,nan,nan,nan,nan,nan,nan,,nan,0,nan,nan,nan,INITIALIZING,0.0,0.0,0.0,31.126699362168317,0,0,0,0.0,0.0,1.0,0,0,0,0,0,0,0
1113,124.730181905,nan,nan,nan,nan,nan,nan,nan,nan,nan,nan,nan,nan,,nan,0,nan,nan,nan,INITIALIZING,0.0,0.0,0.0,31.1426541906396,0,0,0,0.0,0.0,1.0,0,0,0,0,0,0,0
1114,124.765813267,nan,nan,nan,nan,nan,nan,nan,nan,nan,nan,nan,nan,,nan,0,nan,nan,nan,INITIALIZING,0.0,0.0,0.0,28.06516349276504,0,0,0,0.0,0.0,1.0,0,0,0,0,0,0,0
1115,124.79794018300004,nan,nan,nan,nan,nan,nan,nan,nan,nan,nan,nan,nan,,nan,0,nan,nan,nan,INITIALIZING,0.0,0.0,0.0,31.126548218907967,0,0,0,0.0,0.0,1.0,0,0,0,0,0,0,0
1116,124.83008985699996,nan,nan,nan,nan,nan,nan,nan,nan,nan,nan,nan,nan,,nan,0,nan,nan,nan,INITIALIZING,0.0,0.0,0.0,31.10451446575604,0,0,0,0.0,0.0,1.0,0,0,0,0,0,0,0
1117,124.86719801499999,nan,nan,nan,nan,nan,nan,nan,nan,nan,nan,nan,nan,,nan,0,nan,nan,nan,INITIALIZING,0.0,0.0,0.0,26.94825218754762,0,0,0,0.0,0.0,1.0,0,0,0,0,0,0,0
1118,125.47896465299993,nan,nan,nan,nan,nan,nan,nan,nan,nan,nan,nan,nan,,nan,0,nan,nan,nan,INITIALIZING,0.0,0.0,0.0,1.6346102220763519,0,0,0,0.0,0.0,1.0,0,0,0,0,0,0,0
1119,125.53430963699998,nan,nan,nan,nan,nan,nan,nan,nan,nan,nan,nan,nan,,nan,0,nan,nan,nan,INITIALIZING,0.0,0.0,0.0,18.06848476095333,0,0,0,0.0,0.0,1.0,0,0,0,0,0,0,0
1120,125.57439963399997,nan,nan,nan,nan,nan,nan,nan,nan,nan,nan,nan,nan,,nan,0,nan,nan,nan,INITIALIZING,0.0,0.0,0.0,24.943878144967496,0,0,0,0.0,0.0,1.0,0,0,0,0,0,0,0
1121,125.61054660699995,nan,nan,nan,nan,nan,nan,nan,nan,nan,nan,nan,nan,,nan,0,nan,nan,nan,INITIALIZING,0.0,0.0,0.0,27.664833788454647,0,0,0,0.0,0.0,1.0,0,0,0,0,0,0,0
1122,125.64088429799995,nan,nan,nan,nan,nan,nan,nan,nan,nan,nan,nan,nan,,nan,0,nan,nan,nan,INITIALIZING,0.0,0.0,0.0,32.96229762508983,0,0,0,0.0,0.0,1.0,0,0,0,0,0,0,0
1123,125.72880659700002,nan,nan,nan,nan,nan,nan,nan,nan,nan,nan,nan,nan,,nan,0,nan,nan,nan,INITIALIZING,0.0,0.0,0.0,11.373678934387343,0,0,0,0.0,0.0,1.0,0,0,0,0,0,0,0
1124,125.75445161699997,nan,nan,nan,nan,nan,nan,nan,nan,nan,nan,nan,nan,,nan,0,nan,nan,nan,INITIALIZING,0.0,0.0,0.0,38.993925526348,0,0,0,0.0,0.0,1.0,0,0,0,0,0,0,0
1125,125.79114689400001,nan,nan,nan,nan,nan,nan,nan,nan,nan,nan,nan,nan,,nan,0,nan,nan,nan,INITIALIZING,0.0,0.0,0.0,27.251463451251198,0,0,0,0.0,0.0,1.0,0,0,0,0,0,0,0
1126,125.82008538799994,nan,nan,nan,nan,nan,nan,nan,nan,nan,nan,nan,nan,,nan,0,nan,nan,nan,INITIALIZING,0.0,0.0,0.0,34.556048424717225,0,0,0,0.0,0.0,1.0,0,0,0,0,0,0,0
1127,125.84722027800001,nan,nan,nan,nan,nan,nan,nan,nan,nan,nan,nan,nan,,nan,0,nan,nan,nan,INITIALIZING,0.0,0.0,0.0,36.852922565649216,0,0,0,0.0,0.0,1.0,0,0,0,0,0,0,0
1128,125.88186987999995,nan,nan,nan,nan,nan,nan,nan,nan,nan,nan,nan,nan,,nan,0,nan,nan,nan,INITIALIZING,0.0,0.0,0.0,28.860360358586203,0,0,0,0.0,0.0,1.0,0,0,0,0,0,0,0
1129,125.92080509300001,nan,nan,nan,nan,nan,nan,nan,nan,nan,nan,nan,nan,,nan,0,nan,nan,nan,INITIALIZING,0.0,0.0,0.0,25.683691521052886,0,0,0,0.0,0.0,1.0,0,0,0,0,0,0,0
1130,125.96639756399998,nan,nan,nan,nan,nan,nan,nan,nan,nan,nan,nan,nan,,nan,0,nan,nan,nan,INITIALIZING,0.0,0.0,0.0,21.933445984991675,0,0,0,0.0,0.0,1.0,0,0,0,0,0,0,0
1131,126.002811554,nan,nan,nan,nan,nan,nan,nan,nan,nan,nan,nan,nan,,nan,0,nan,nan,nan,INITIALIZING,0.0,0.0,0.0,27.461972719804265,0,0,0,0.0,0.0,1.0,0,0,0,0,0,0,0
1132,126.02452630899995,nan,nan,nan,nan,nan,nan,nan,nan,nan,nan,nan,nan,,nan,0,nan,nan,nan,INITIALIZING,0.0,0.0,0.0,46.05163631836458,0,0,0,0.0,0.0,1.0,0,0,0,0,0,0,0
1133,126.047901551,nan,nan,nan,nan,nan,nan,nan,nan,nan,nan,nan,nan,,nan,0,nan,nan,nan,INITIALIZING,0.0,0.0,0.0,42.780305761034185,0,0,0,0.0,0.0,1.0,0,0,0,0,0,0,0
1134,126.08433684199997,nan,nan,nan,nan,nan,nan,nan,nan,nan,nan,nan,nan,,nan,0,nan,nan,nan,INITIALIZING,0.0,0.0,0.0,27.445917750476593,0,0,0,0.0,0.0,1.0,0,0,0,0,0,0,0
1135,126.11617935100003,nan,nan,nan,nan,nan,nan,nan,nan,nan,nan,nan,nan,,nan,0,nan,nan,nan,INITIALIZING,0.0,0.0,0.0,31.40456048856573,0,0,0,0.0,0.0,1.0,0,0,0,0,0,0,0
1136,126.14517742500004,nan,nan,nan,nan,nan,nan,nan,nan,nan,nan,nan,nan,,nan,0,nan,nan,nan,INITIALIZING,0.0,0.0,0.0,34.48504890357529,0,0,0,0.0,0.0,1.0,0,0,0,0,0,0,0
1137,126.17200014399998,nan,nan,nan,nan,nan,nan,nan,nan,nan,nan,nan,nan,,nan,0,nan,nan,nan,INITIALIZING,0.0,0.0,0.0,37.281828139880744,0,0,0,0.0,0.0,1.0,0,0,0,0,0,0,0
1138,126.20319138499997,nan,nan,nan,nan,nan,nan,nan,nan,nan,nan,nan,nan,,nan,0,nan,nan,nan,INITIALIZING,0.0,0.0,0.0,32.060282564595425,0,0,0,0.0,0.0,1.0,0,0,0,0,0,0,0
1139,126.238118213,nan,nan,nan,nan,nan,nan,nan,nan,nan,nan,nan,nan,,nan,0,nan,nan,nan,INITIALIZING,0.0,0.0,0.0,28.631285955852906,0,0,0,0.0,0.0,1.0,0,0,0,0,0,0,0
1140,126.427906936,nan,nan,nan,nan,nan,nan,nan,nan,nan,nan,nan,nan,,nan,0,nan,nan,nan,INITIALIZING,0.0,0.0,0.0,5.2690169583997895,0,0,0,0.0,0.0,1.0,0,0,0,0,0,0,0
1141,126.45645352099996,nan,nan,nan,nan,nan,nan,nan,nan,nan,nan,nan,nan,,nan,0,nan,nan,nan,INITIALIZING,0.0,0.0,0.0,35.03045986066157,0,0,0,0.0,0.0,1.0,0,0,0,0,0,0,0
1142,126.47998140000004,nan,nan,nan,nan,nan,nan,nan,nan,nan,nan,nan,nan,,nan,0,nan,nan,nan,INITIALIZING,0.0,0.0,0.0,42.502768736459245,0,0,0,0.0,0.0,1.0,0,0,0,0,0,0,0
1143,126.52463113399995,nan,nan,nan,nan,nan,nan,nan,nan,nan,nan,nan,nan,,nan,0,nan,nan,nan,INITIALIZING,0.0,0.0,0.0,22.396549999651672,0,0,0,0.0,0.0,1.0,0,0,0,0,0,0,0
1144,126.55391122399999,nan,nan,nan,nan,nan,nan,nan,nan,nan,nan,nan,nan,,nan,0,nan,nan,nan,INITIALIZING,0.0,0.0,0.0,34.15290048625306,0,0,0,0.0,0.0,1.0,0,0,0,0,0,0,0
1145,126.58888764200003,nan,nan,nan,nan,nan,nan,nan,nan,nan,nan,nan,nan,,nan,0,nan,nan,nan,INITIALIZING,0.0,0.0,0.0,28.590692162896676,0,0,0,0.0,0.0,1.0,0,0,0,0,0,0,0
1146,126.620127841,nan,nan,nan,nan,nan,nan,nan,nan,nan,nan,nan,nan,,nan,0,nan,nan,nan,INITIALIZING,0.0,0.0,0.0,32.01003937270223,0,0,0,0.0,0.0,1.0,0,0,0,0,0,0,0
1147,126.65165042299998,nan,nan,nan,nan,nan,nan,nan,nan,nan,nan,nan,nan,,nan,0,nan,nan,nan,INITIALIZING,0.0,0.0,0.0,31.72328967216732,0,0,0,0.0,0.0,1.0,0,0,0,0,0,0,0
1148,126.68506561699996,nan,nan,nan,nan,nan,nan,nan,nan,nan,nan,nan,nan,,nan,0,nan,nan,nan,INITIALIZING,0.0,0.0,0.0,29.926505888322264,0,0,0,0.0,0.0,1.0,0,0,0,0,0,0,0
1149,126.72095021899997,nan,nan,nan,nan,nan,nan,nan,nan,nan,nan,nan,nan,,nan,0,nan,nan,nan,INITIALIZING,0.0,0.0,0.0,27.867105785364956,0,0,0,0.0,0.0,1.0,0,0,0,0,0,0,0
1150,126.75364060599998,nan,nan,nan,nan,nan,nan,nan,nan,nan,nan,nan,nan,,nan,0,nan,nan,nan,INITIALIZING,0.0,0.0,0.0,30.590032476517557,0,0,0,0.0,0.0,1.0,0,0,0,0,0,0,0
1151,126.77945404699994,nan,nan,nan,nan,nan,nan,nan,nan,nan,nan,nan,nan,,nan,0,nan,nan,nan,INITIALIZING,0.0,0.0,0.0,38.73950784016838,0,0,0,0.0,0.0,1.0,0,0,0,0,0,0,0
1152,126.81018921999998,nan,nan,nan,nan,nan,nan,nan,nan,nan,nan,nan,nan,,nan,0,nan,nan,nan,INITIALIZING,0.0,0.0,0.0,32.53601338110986,0,0,0,0.0,0.0,1.0,0,0,0,0,0,0,0
1153,126.84208084499994,nan,nan,nan,nan,nan,nan,nan,nan,nan,nan,nan,nan,,nan,0,nan,nan,nan,INITIALIZING,0.0,0.0,0.0,31.35619461226369,0,0,0,0.0,0.0,1.0,0,0,0,0,0,0,0
1154,126.87733683299996,nan,nan,nan,nan,nan,nan,nan,nan,nan,nan,nan,nan,,nan,0,nan,nan,nan,INITIALIZING,0.0,0.0,0.0,28.363976071228326,0,0,0,0.0,0.0,1.0,0,0,0,0,0,0,0
1155,126.906259493,nan,nan,nan,nan,nan,nan,nan,nan,nan,nan,nan,nan,,nan,0,nan,nan,nan,INITIALIZING,0.0,0.0,0.0,34.57496647952847,0,0,0,0.0,0.0,1.0,0,0,0,0,0,0,0
1156,126.93966484399994,nan,nan,nan,nan,nan,nan,nan,nan,nan,nan,nan,nan,,nan,0,nan,nan,nan,INITIALIZING,0.0,0.0,0.0,29.93532383484707,0,0,0,0.0,0.0,1.0,0,0,0,0,0,0,0
1157,126.97207727599994,nan,nan,nan,nan,nan,nan,nan,nan,nan,nan,nan,nan,,nan,0,nan,nan,nan,INITIALIZING,0.0,0.0,0.0,30.852359366306406,0,0,0,0.0,0.0,1.0,0,0,0,0,0,0,0
1158,127.00684474599996,nan,nan,nan,nan,nan,nan,nan,nan,nan,nan,nan,nan,,nan,0,nan,nan,nan,INITIALIZING,0.0,0.0,0.0,28.76251852664088,0,0,0,0.0,0.0,1.0,0,0,0,0,0,0,0
1159,127.04369716400004,nan,nan,nan,nan,nan,nan,nan,nan,nan,nan,nan,nan,,nan,0,nan,nan,nan,INITIALIZING,0.0,0.0,0.0,27.135261517923123,0,0,0,0.0,0.0,1.0,0,0,0,0,0,0,0
1160,127.07820777200004,nan,nan,nan,nan,nan,nan,nan,nan,nan,nan,nan,nan,,nan,0,nan,nan,nan,INITIALIZING,0.0,0.0,0.0,28.976597572545046,0,0,0,0.0,0.0,1.0,0,0,0,0,0,0,0
1161,127.112700829,nan,nan,nan,nan,nan,nan,nan,nan,nan,nan,nan,nan,,nan,0,nan,nan,nan,INITIALIZING,0.0,0.0,0.0,28.991341648873394,0,0,0,0.0,0.0,1.0,0,0,0,0,0,0,0
1162,127.14491321900005,nan,nan,nan,nan,nan,nan,nan,nan,nan,nan,nan,nan,,nan,0,nan,nan,nan,INITIALIZING,0.0,0.0,0.0,31.04395544691776,0,0,0,0.0,0.0,1.0,0,0,0,0,0,0,0
1163,127.18563242100004,nan,nan,nan,nan,nan,nan,nan,nan,nan,nan,nan,nan,,nan,0,nan,nan,nan,INITIALIZING,0.0,0.0,0.0,24.55843805583955,0,0,0,0.0,0.0,1.0,0,0,0,0,0,0,0
1164,127.21644217400001,nan,nan,nan,nan,nan,nan,nan,nan,nan,nan,nan,nan,,nan,0,nan,nan,nan,INITIALIZING,0.0,0.0,0.0,32.45725468818039,0,0,0,0.0,0.0,1.0,0,0,0,0,0,0,0
1165,127.23987078699997,nan,nan,nan,nan,nan,nan,nan,nan,nan,nan,nan,nan,,nan,0,nan,nan,nan,INITIALIZING,0.0,0.0,0.0,42.682851093298275,0,0,0,0.0,0.0,1.0,0,0,0,0,0,0,0
1166,127.28642773599995,nan,nan,nan,nan,nan,nan,nan,nan,nan,nan,nan,nan,,nan,0,nan,nan,nan,INITIALIZING,0.0,0.0,0.0,21.479070718325488,0,0,0,0.0,0.0,1.0,0,0,0,0,0,0,0
1167,127.31502608599999,nan,nan,nan,nan,nan,nan,nan,nan,nan,nan,nan,nan,,nan,0,nan,nan,nan,INITIALIZING,0.0,0.0,0.0,34.967052294928095,0,0,0,0.0,0.0,1.0,0,0,0,0,0,0,0
1168,127.34498785999995,nan,nan,nan,nan,nan,nan,nan,nan,nan,nan,nan,nan,,nan,0,nan,nan,nan,INITIALIZING,0.0,0.0,0.0,33.37586085528232,0,0,0,0.0,0.0,1.0,0,0,0,0,0,0,0
1169,127.37729238400004,nan,nan,nan,nan,nan,nan,nan,nan,nan,nan,nan,nan,,nan,0,nan,nan,nan,INITIALIZING,0.0,0.0,0.0,30.95541664681429,0,0,0,0.0,0.0,1.0,0,0,0,0,0,0,0
1170,127.407939801,nan,nan,nan,nan,nan,nan,nan,nan,nan,nan,nan,nan,,nan,0,nan,nan,nan,INITIALIZING,0.0,0.0,0.0,32.6291771995493,0,0,0,0.0,0.0,1.0,0,0,0,0,0,0,0
1171,127.43982497000002,nan,nan,nan,nan,nan,nan,nan,nan,nan,nan,nan,nan,,nan,0,nan,nan,nan,INITIALIZING,0.0,0.0,0.0,31.362543507276637,0,0,0,0.0,0.0,1.0,0,0,0,0,0,0,0
1172,127.484159535,nan,nan,nan,nan,nan,nan,nan,nan,nan,nan,nan,nan,,nan,0,nan,nan,nan,INITIALIZING,0.0,0.0,0.0,22.555764334223777,0,0,0,0.0,0.0,1.0,0,0,0,0,0,0,0
1173,127.51174611099998,nan,nan,nan,nan,nan,nan,nan,nan,nan,nan,nan,nan,,nan,0,nan,nan,nan,INITIALIZING,0.0,0.0,0.0,36.249514981521024,0,0,0,0.0,0.0,1.0,0,0,0,0,0,0,0
1174,127.53808347699999,nan,nan,nan,nan,nan,nan,nan,nan,nan,nan,nan,nan,,nan,0,nan,nan,nan,INITIALIZING,0.0,0.0,0.0,37.968869020528984,0,0,0,0.0,0.0,1.0,0,0,0,0,0,0,0
1175,127.57373872300002,nan,nan,nan,nan,nan,nan,nan,nan,nan,nan,nan,nan,,nan,0,nan,nan,nan,INITIALIZING,0.0,0.0,0.0,28.046363780495987,0,0,0,0.0,0.0,1.0,0,0,0,0,0,0,0
1176,127.61956316399994,nan,nan,nan,nan,nan,nan,nan,nan,nan,nan,nan,nan,,nan,0,nan,nan,nan,INITIALIZING,0.0,0.0,0.0,21.82241568427845,0,0,0,0.0,0.0,1.0,0,0,0,0,0,0,0
1177,127.646576643,nan,nan,nan,nan,nan,nan,nan,nan,nan,nan,nan,nan,,nan,0,nan,nan,nan,INITIALIZING,0.0,0.0,0.0,37.01855655088844,0,0,0,0.0,0.0,1.0,0,0,0,0,0,0,0
1178,127.67891892499995,nan,nan,nan,nan,nan,nan,nan,nan,nan,nan,nan,nan,,nan,0,nan,nan,nan,INITIALIZING,0.0,0.0,0.0,30.919277743039256,0,0,0,0.0,0.0,1.0,0,0,0,0,0,0,0
1179,127.70763513400004,nan,nan,nan,nan,nan,nan,nan,nan,nan,nan,nan,nan,,nan,0,nan,nan,nan,INITIALIZING,0.0,0.0,0.0,34.8235381626001,0,0,0,0.0,0.0,1.0,0,0,0,0,0,0,0
1180,127.75945183499994,nan,nan,nan,nan,nan,nan,nan,nan,nan,nan,nan,nan,,nan,0,nan,nan,nan,INITIALIZING,0.0,0.0,0.0,19.29879711952443,0,0,0,0.0,0.0,1.0,0,0,0,0,0,0,0
1181,127.78955156999996,nan,nan,nan,nan,nan,nan,nan,nan,nan,nan,nan,nan,,nan,0,nan,nan,nan,INITIALIZING,0.0,0.0,0.0,33.22288385593036,0,0,0,0.0,0.0,1.0,0,0,0,0,0,0,0
1182,127.81990395000003,nan,nan,nan,nan,nan,nan,nan,nan,nan,nan,nan,nan,,nan,0,nan,nan,nan,INITIALIZING,0.0,0.0,0.0,32.946345558330975,0,0,0,0.0,0.0,1.0,0,0,0,0,0,0,0
1183,127.84924585700003,nan,nan,nan,nan,nan,nan,nan,nan,nan,nan,nan,nan,,nan,0,nan,nan,nan,INITIALIZING,0.0,0.0,0.0,34.08094777206905,0,0,0,0.0,0.0,1.0,0,0,0,0,0,0,0
1184,127.87655182200001,nan,nan,nan,nan,nan,nan,nan,nan,nan,nan,nan,nan,,nan,0,nan,nan,nan,INITIALIZING,0.0,0.0,0.0,36.62203478253374,0,0,0,0.0,0.0,1.0,0,0,0,0,0,0,0
1185,127.90617668499999,nan,nan,nan,nan,nan,nan,nan,nan,nan,nan,nan,nan,,nan,0,nan,nan,nan,INITIALIZING,0.0,0.0,0.0,33.755430362687065,0,0,0,0.0,0.0,1.0,0,0,0,0,0,0,0
1186,127.93953568899997,nan,nan,nan,nan,nan,nan,nan,nan,nan,nan,nan,nan,,nan,0,nan,nan,nan,INITIALIZING,0.0,0.0,0.0,29.97691417887391,0,0,0,0.0,0.0,1.0,0,0,0,0,0,0,0
1187,127.98149302499996,nan,nan,nan,nan,nan,nan,nan,nan,nan,nan,nan,nan,,nan,0,nan,nan,nan,INITIALIZING,0.0,0.0,0.0,23.833734343860606,0,0,0,0.0,0.0,1.0,0,0,0,0,0,0,0
1188,128.029017382,nan,nan,nan,nan,nan,nan,nan,nan,nan,nan,nan,nan,,nan,0,nan,nan,nan,INITIALIZING,0.0,0.0,0.0,21.041841765457143,0,0,0,0.0,0.0,1.0,0,0,0,0,0,0,0
1189,128.055200173,nan,nan,nan,nan,nan,nan,nan,nan,nan,nan,nan,nan,,nan,0,nan,nan,nan,INITIALIZING,0.0,0.0,0.0,38.19302533485189,0,0,0,0.0,0.0,1.0,0,0,0,0,0,0,0
1190,128.08669723599996,nan,nan,nan,nan,nan,nan,nan,nan,nan,nan,nan,nan,,nan,0,nan,nan,nan,INITIALIZING,0.0,0.0,0.0,31.748991961607597,0,0,0,0.0,0.0,1.0,0,0,0,0,0,0,0
1191,128.114988778,nan,nan,nan,nan,nan,nan,nan,nan,nan,nan,nan,nan,,nan,0,nan,nan,nan,INITIALIZING,0.0,0.0,0.0,35.34625295428623,0,0,0,0.0,0.0,1.0,0,0,0,0,0,0,0
1192,128.14397044199995,nan,nan,nan,nan,nan,nan,nan,nan,nan,nan,nan,nan,,nan,0,nan,nan,nan,INITIALIZING,0.0,0.0,0.0,34.50457503066346,0,0,0,0.0,0.0,1.0,0,0,0,0,0,0,0
1193,128.180044888,nan,nan,nan,nan,nan,nan,nan,nan,nan,nan,nan,nan,,nan,0,nan,nan,nan,INITIALIZING,0.0,0.0,0.0,27.72045342009688,0,0,0,0.0,0.0,1.0,0,0,0,0,0,0,0
1194,128.21751103600002,nan,nan,nan,nan,nan,nan,nan,nan,nan,nan,nan,nan,,nan,0,nan,nan,nan,INITIALIZING,0.0,0.0,0.0,26.690760950376596,0,0,0,0.0,0.0,1.0,0,0,0,0,0,0,0
1195,128.25169645799997,nan,nan,nan,nan,nan,nan,nan,nan,nan,nan,nan,nan,,nan,0,nan,nan,nan,INITIALIZING,0.0,0.0,0.0,29.25223506094058,0,0,0,0.0,0.0,1.0,0,0,0,0,0,0,0
1196,128.28027060099998,nan,nan,nan,nan,nan,nan,nan,nan,nan,nan,nan,nan,,nan,0,nan,nan,nan,INITIALIZING,0.0,0.0,0.0,34.99667514086064,0,0,0,0.0,0.0,1.0,0,0,0,0,0,0,0
1197,128.31052464899994,nan,nan,nan,nan,nan,nan,nan,nan,nan,nan,nan,nan,,nan,0,nan,nan,nan,INITIALIZING,0.0,0.0,0.0,33.05342809006252,0,0,0,0.0,0.0,1.0,0,0,0,0,0,0,0
1198,128.344014066,nan,nan,nan,nan,nan,nan,nan,nan,nan,nan,nan,nan,,nan,0,nan,nan,nan,INITIALIZING,0.0,0.0,0.0,29.860179411255505,0,0,0,0.0,0.0,1.0,0,0,0,0,0,0,0
1199,128.38823016799995,nan,nan,nan,nan,nan,nan,nan,nan,nan,nan,nan,nan,,nan,0,nan,nan,nan,INITIALIZING,0.0,0.0,0.0,22.616195339904095,0,0,0,0.0,0.0,1.0,0,0,0,0,0,0,0
1200,129.293857947,nan,nan,nan,nan,nan,nan,nan,nan,nan,nan,nan,nan,,nan,0,nan,nan,nan,INITIALIZING,0.0,0.0,0.0,1.1042064114951948,0,0,0,0.0,0.0,1.0,0,0,0,0,0,0,0
1201,129.31712736099996,nan,nan,nan,nan,nan,nan,nan,nan,nan,nan,nan,nan,,nan,0,nan,nan,nan,INITIALIZING,0.0,0.0,0.0,42.97486821117691,0,0,0,0.0,0.0,1.0,0,0,0,0,0,0,0
1202,129.34837057999994,nan,nan,nan,nan,nan,nan,nan,nan,nan,nan,nan,nan,,nan,0,nan,nan,nan,INITIALIZING,0.0,0.0,0.0,32.00694525108912,0,0,0,0.0,0.0,1.0,0,0,0,0,0,0,0
1203,129.37648664799997,nan,nan,nan,nan,nan,nan,nan,nan,nan,nan,nan,nan,,nan,0,nan,nan,nan,INITIALIZING,0.0,0.0,0.0,35.56685095507987,0,0,0,0.0,0.0,1.0,0,0,0,0,0,0,0
1204,129.42527636299997,nan,nan,nan,nan,nan,nan,nan,nan,nan,nan,nan,nan,,nan,0,nan,nan,nan,INITIALIZING,0.0,0.0,0.0,20.496123004613565,0,0,0,0.0,0.0,1.0,0,0,0,0,0,0,0
1205,129.45745761199998,nan,nan,nan,nan,nan,nan,nan,nan,nan,nan,nan,nan,,nan,0,nan,nan,nan,INITIALIZING,0.0,0.0,0.0,31.07399591605125,0,0,0,0.0,0.0,1.0,0,0,0,0,0,0,0
1206,129.485726591,nan,nan,nan,nan,nan,nan,nan,nan,nan,nan,nan,nan,,nan,0,nan,nan,nan,INITIALIZING,0.0,0.0,0.0,35.374464709156086,0,0,0,0.0,0.0,1.0,0,0,0,0,0,0,0
1207,129.543953794,nan,nan,nan,nan,nan,nan,nan,nan,nan,nan,nan,nan,,nan,0,nan,nan,nan,INITIALIZING,0.0,0.0,0.0,17.174103313875097,0,0,0,0.0,0.0,1.0,0,0,0,0,0,0,0
1208,129.57759039400003,nan,nan,nan,nan,nan,nan,nan,nan,nan,nan,nan,nan,,nan,0,nan,nan,nan,INITIALIZING,0.0,0.0,0.0,29.729520819563497,0,0,0,0.0,0.0,1.0,0,0,0,0,0,0,0
1209,129.60614008899995,nan,nan,nan,nan,nan,nan,nan,nan,nan,nan,nan,nan,,nan,0,nan,nan,nan,INITIALIZING,0.0,0.0,0.0,35.026643892435786,0,0,0,0.0,0.0,1.0,0,0,0,0,0,0,0
1210,129.65042552900002,nan,nan,nan,nan,nan,nan,nan,nan,nan,nan,nan,nan,,nan,0,nan,nan,nan,INITIALIZING,0.0,0.0,0.0,22.5807850164408,0,0,0,0.0,0.0,1.0,0,0,0,0,0,0,0
1211,129.67893585000002,nan,nan,nan,nan,nan,nan,nan,nan,nan,nan,nan,nan,,nan,0,nan,nan,nan,INITIALIZING,0.0,0.0,0.0,35.075017219204256,0,0,0,0.0,0.0,1.0,0,0,0,0,0,0,0
1212,129.71408108000003,nan,nan,nan,nan,nan,nan,nan,nan,nan,nan,nan,nan,,nan,0,nan,nan,nan,INITIALIZING,0.0,0.0,0.0,28.45336337248785,0,0,0,0.0,0.0,1.0,0,0,0,0,0,0,0
1213,129.75542222599995,nan,nan,nan,nan,nan,nan,nan,nan,nan,nan,nan,nan,,nan,0,nan,nan,nan,INITIALIZING,0.0,0.0,0.0,24.18897628048037,0,0,0,0.0,0.0,1.0,0,0,0,0,0,0,0
1214,129.78601974499998,nan,nan,nan,nan,nan,nan,nan,nan,nan,nan,nan,nan,,nan,0,nan,nan,nan,INITIALIZING,0.0,0.0,0.0,32.68238839884928,0,0,0,0.0,0.0,1.0,0,0,0,0,0,0,0
1215,129.81796079599997,nan,nan,nan,nan,nan,nan,nan,nan,nan,nan,nan,nan,,nan,0,nan,nan,nan,INITIALIZING,0.0,0.0,0.0,31.307673626654296,0,0,0,0.0,0.0,1.0,0,0,0,0,0,0,0
1216,129.847958811,nan,nan,nan,nan,nan,nan,nan,nan,nan,nan,nan,nan,,nan,0,nan,nan,nan,INITIALIZING,0.0,0.0,0.0,33.33553903478112,0,0,0,0.0,0.0,1.0,0,0,0,0,0,0,0
1217,129.87792115000002,nan,nan,nan,nan,nan,nan,nan,nan,nan,nan,nan,nan,,nan,0,nan,nan,nan,INITIALIZING,0.0,0.0,0.0,33.3752314864249,0,0,0,0.0,0.0,1.0,0,0,0,0,0,0,0
1218,129.935731498,nan,nan,nan,nan,nan,nan,nan,nan,nan,nan,nan,nan,,nan,0,nan,nan,nan,INITIALIZING,0.0,0.0,0.0,17.297941192127492,0,0,0,0.0,0.0,1.0,0,0,0,0,0,0,0
1219,129.96769947500002,nan,nan,nan,nan,nan,nan,nan,nan,nan,nan,nan,nan,,nan,0,nan,nan,nan,INITIALIZING,0.0,0.0,0.0,31.28130378720272,0,0,0,0.0,0.0,1.0,0,0,0,0,0,0,0
1220,129.99476965400004,nan,nan,nan,nan,nan,nan,nan,nan,nan,nan,nan,nan,,nan,0,nan,nan,nan,INITIALIZING,0.0,0.0,0.0,36.94101911920311,0,0,0,0.0,0.0,1.0,0,0,0,0,0,0,0
1221,130.03168027200002,nan,nan,nan,nan,nan,nan,nan,nan,nan,nan,nan,nan,,nan,0,nan,nan,nan,INITIALIZING,0.0,0.0,0.0,27.092475124653014,0,0,0,0.0,0.0,1.0,0,0,0,0,0,0,0
1222,130.05790278099994,nan,nan,nan,nan,nan,nan,nan,nan,nan,nan,nan,nan,,nan,0,nan,nan,nan,INITIALIZING,0.0,0.0,0.0,38.135176157360696,0,0,0,0.0,0.0,1.0,0,0,0,0,0,0,0
1223,130.09107039100002,nan,nan,nan,nan,nan,nan,nan,nan,nan,nan,nan,nan,,nan,0,nan,nan,nan,INITIALIZING,0.0,0.0,0.0,30.149896239061434,0,0,0,0.0,0.0,1.0,0,0,0,0,0,0,0
1224,130.14494508400003,nan,nan,nan,nan,nan,nan,nan,nan,nan,nan,nan,nan,,nan,0,nan,nan,nan,INITIALIZING,0.0,0.0,0.0,18.561590689710012,0,0,0,0.0,0.0,1.0,0,0,0,0,0,0,0
1225,130.16994363799995,nan,nan,nan,nan,nan,nan,nan,nan,nan,nan,nan,nan,,nan,0,nan,nan,nan,INITIALIZING,0.0,0.0,0.0,40.002313733951866,0,0,0,0.0,0.0,1.0,0,0,0,0,0,0,0
1226,130.193266226,nan,nan,nan,nan,nan,nan,nan,nan,nan,nan,nan,nan,,nan,0,nan,nan,nan,INITIALIZING,0.0,0.0,0.0,42.87688827664436,0,0,0,0.0,0.0,1.0,0,0,0,0,0,0,0
1227,130.22070998200002,nan,nan,nan,nan,nan,nan,nan,nan,nan,nan,nan,nan,,nan,0,nan,nan,nan,INITIALIZING,0.0,0.0,0.0,36.438161015536075,0,0,0,0.0,0.0,1.0,0,0,0,0,0,0,0
1228,130.251001525,nan,nan,nan,nan,nan,nan,nan,nan,nan,nan,nan,nan,,nan,0,nan,nan,nan,INITIALIZING,0.0,0.0,0.0,33.01251441700416,0,0,0,0.0,0.0,1.0,0,0,0,0,0,0,0
1229,130.28478990500003,nan,nan,nan,nan,nan,nan,nan,nan,nan,nan,nan,nan,,nan,0,nan,nan,nan,INITIALIZING,0.0,0.0,0.0,29.595973526964954,0,0,0,0.0,0.0,1.0,0,0,0,0,0,0,0
1230,130.31434178799998,nan,nan,nan,nan,nan,nan,nan,nan,nan,nan,nan,nan,,nan,0,nan,nan,nan,INITIALIZING,0.0,0.0,0.0,33.83879125406549,0,0,0,0.0,0.0,1.0,0,0,0,0,0,0,0
1231,130.35025594499996,nan,nan,nan,nan,nan,nan,nan,nan,nan,nan,nan,nan,,nan,0,nan,nan,nan,INITIALIZING,0.0,0.0,0.0,27.84417298171799,0,0,0,0.0,0.0,1.0,0,0,0,0,0,0,0
1232,130.39195890999997,nan,nan,nan,nan,nan,nan,nan,nan,nan,nan,nan,nan,,nan,0,nan,nan,nan,INITIALIZING,0.0,0.0,0.0,23.97911035821278,0,0,0,0.0,0.0,1.0,0,0,0,0,0,0,0
1233,130.41565865300004,nan,nan,nan,nan,nan,nan,nan,nan,nan,nan,nan,nan,,nan,0,nan,nan,nan,INITIALIZING,0.0,0.0,0.0,42.19455037960672,0,0,0,0.0,0.0,1.0,0,0,0,0,0,0,0
1234,130.446257886,nan,nan,nan,nan,nan,nan,nan,nan,nan,nan,nan,nan,,nan,0,nan,nan,nan,INITIALIZING,0.0,0.0,0.0,32.68055771204479,0,0,0,0.0,0.0,1.0,0,0,0,0,0,0,0
1235,130.49111076500003,nan,nan,nan,nan,nan,nan,nan,nan,nan,nan,nan,nan,,nan,0,nan,nan,nan,INITIALIZING,0.0,0.0,0.0,22.295112873347414,0,0,0,0.0,0.0,1.0,0,0,0,0,0,0,0
1236,130.54115617699995,nan,nan,nan,nan,nan,nan,nan,nan,nan,nan,nan,nan,,nan,0,nan,nan,nan,INITIALIZING,0.0,0.0,0.0,19.981851683060295,0,0,0,0.0,0.0,1.0,0,0,0,0,0,0,0
1237,130.57221054599995,nan,nan,nan,nan,nan,nan,nan,nan,nan,nan,nan,nan,,nan,0,nan,nan,nan,INITIALIZING,0.0,0.0,0.0,32.201588124360185,0,0,0,0.0,0.0,1.0,0,0,0,0,0,0,0
1238,130.63341427199998,nan,nan,nan,nan,nan,nan,nan,nan,nan,nan,nan,nan,,nan,0,nan,nan,nan,INITIALIZING,0.0,0.0,0.0,16.338874531911653,0,0,0,0.0,0.0,1.0,0,0,0,0,0,0,0
1239,130.67155234099994,nan,nan,nan,nan,nan,nan,nan,nan,nan,nan,nan,nan,,nan,0,nan,nan,nan,INITIALIZING,0.0,0.0,0.0,26.220519974442187,0,0,0,0.0,0.0,1.0,0,0,0,0,0,0,0
1240,130.69618688699995,nan,nan,nan,nan,nan,nan,nan,nan,nan,nan,nan,nan,,nan,0,nan,nan,nan,INITIALIZING,0.0,0.0,0.0,40.59340082822566,0,0,0,0.0,0.0,1.0,0,0,0,0,0,0,0
1241,130.72084179699993,nan,nan,nan,nan,nan,nan,nan,nan,nan,nan,nan,nan,,nan,0,nan,nan,nan,INITIALIZING,0.0,0.0,0.0,40.55987225265744,0,0,0,0.0,0.0,1.0,0,0,0,0,0,0,0
1242,130.74983235000002,nan,nan,nan,nan,nan,nan,nan,nan,nan,nan,nan,nan,,nan,0,nan,nan,nan,INITIALIZING,0.0,0.0,0.0,34.493995336931434,0,0,0,0.0,0.0,1.0,0,0,0,0,0,0,0
1243,130.78604914999994,nan,nan,nan,nan,nan,nan,nan,nan,nan,nan,nan,nan,,nan,0,nan,nan,nan,INITIALIZING,0.0,0.0,0.0,27.611495217749933,0,0,0,0.0,0.0,1.0,0,0,0,0,0,0,0
1244,130.81739465199996,nan,nan,nan,nan,nan,nan,nan,nan,nan,nan,nan,nan,,nan,0,nan,nan,nan,INITIALIZING,0.0,0.0,0.0,31.902503906279748,0,0,0,0.0,0.0,1.0,0,0,0,0,0,0,0
1245,130.84681518599996,nan,nan,nan,nan,nan,nan,nan,nan,nan,nan,nan,nan,,nan,0,nan,nan,nan,INITIALIZING,0.0,0.0,0.0,33.98986571760147,0,0,0,0.0,0.0,1.0,0,0,0,0,0,0,0
1246,130.87948021399995,nan,nan,nan,nan,nan,nan,nan,nan,nan,nan,nan,nan,,nan,0,nan,nan,nan,INITIALIZING,0.0,0.0,0.0,30.613780585159784,0,0,0,0.0,0.0,1.0,0,0,0,0,0,0,0
1247,130.92281133699998,nan,nan,nan,nan,nan,nan,nan,nan,nan,nan,nan,nan,,nan,0,nan,nan,nan,INITIALIZING,0.0,0.0,0.0,23.07810023754309,0,0,0,0.0,0.0,1.0,0,0,0,0,0,0,0
1248,130.94935231,nan,nan,nan,nan,nan,nan,nan,nan,nan,nan,nan,nan,,nan,0,nan,nan,nan,INITIALIZING,0.0,0.0,0.0,37.67759380937611,0,0,0,0.0,0.0,1.0,0,0,0,0,0,0,0
1249,130.979343965,nan,nan,nan,nan,nan,nan,nan,nan,nan,nan,nan,nan,,nan,0,nan,nan,nan,INITIALIZING,0.0,0.0,0.0,33.342608135492526,0,0,0,0.0,0.0,1.0,0,0,0,0,0,0,0
1250,131.016215267,nan,nan,nan,nan,nan,nan,nan,nan,nan,nan,nan,nan,,nan,0,nan,nan,nan,INITIALIZING,0.0,0.0,0.0,27.12136392687639,0,0,0,0.0,0.0,1.0,0,0,0,0,0,0,0
1251,131.06097658800002,nan,nan,nan,nan,nan,nan,nan,nan,nan,nan,nan,nan,,nan,0,nan,nan,nan,INITIALIZING,0.0,0.0,0.0,22.340716888131553,0,0,0,0.0,0.0,1.0,0,0,0,0,0,0,0
1252,131.14117099199996,nan,nan,nan,nan,nan,nan,nan,nan,nan,nan,nan,nan,,nan,0,nan,nan,nan,INITIALIZING,0.0,0.0,0.0,12.469698010359306,0,0,0,0.0,0.0,1.0,0,0,0,0,0,0,0
1253,131.17438089099994,nan,nan,nan,nan,nan,nan,nan,nan,nan,nan,nan,nan,,nan,0,nan,nan,nan,INITIALIZING,0.0,0.0,0.0,30.11150380193729,0,0,0,0.0,0.0,1.0,0,0,0,0,0,0,0
1254,131.20353263599998,nan,nan,nan,nan,nan,nan,nan,nan,nan,nan,nan,nan,,nan,0,nan,nan,nan,INITIALIZING,0.0,0.0,0.0,34.30326383545064,0,0,0,0.0,0.0,1.0,0,0,0,0,0,0,0
1255,131.234022967,nan,nan,nan,nan,nan,nan,nan,nan,nan,nan,nan,nan,,nan,0,nan,nan,nan,INITIALIZING,0.0,0.0,0.0,32.79728252211079,0,0,0,0.0,0.0,1.0,0,0,0,0,0,0,0
1256,131.26576761800004,nan,nan,nan,nan,nan,nan,nan,nan,nan,nan,nan,nan,,nan,0,nan,nan,nan,INITIALIZING,0.0,0.0,0.0,31.50137010478743,0,0,0,0.0,0.0,1.0,0,0,0,0,0,0,0
1257,131.29259126399995,nan,nan,nan,nan,nan,nan,nan,nan,nan,nan,nan,nan,,nan,0,nan,nan,nan,INITIALIZING,0.0,0.0,0.0,37.28053971496997,0,0,0,0.0,0.0,1.0,0,0,0,0,0,0,0
1258,131.325787151,nan,nan,nan,nan,nan,nan,nan,nan,nan,nan,nan,nan,,nan,0,nan,nan,nan,INITIALIZING,0.0,0.0,0.0,30.12421388224965,0,0,0,0.0,0.0,1.0,0,0,0,0,0,0,0
1259,131.36245580900004,nan,nan,nan,nan,nan,nan,nan,nan,nan,nan,nan,nan,,nan,0,nan,nan,nan,INITIALIZING,0.0,0.0,0.0,27.271246196098794,0,0,0,0.0,0.0,1.0,0,0,0,0,0,0,0
1260,131.40332637200004,nan,nan,nan,nan,nan,nan,nan,nan,nan,nan,nan,nan,,nan,0,nan,nan,nan,INITIALIZING,0.0,0.0,0.0,24.4674877613023,0,0,0,0.0,0.0,1.0,0,0,0,0,0,0,0
1261,131.431487576,nan,nan,nan,nan,nan,nan,nan,nan,nan,nan,nan,nan,,nan,0,nan,nan,nan,INITIALIZING,0.0,0.0,0.0,35.509845388766685,0,0,0,0.0,0.0,1.0,0,0,0,0,0,0,0
1262,131.46168333000003,nan,nan,nan,nan,nan,nan,nan,nan,nan,nan,nan,nan,,nan,0,nan,nan,nan,INITIALIZING,0.0,0.0,0.0,33.1172389336231,0,0,0,0.0,0.0,1.0,0,0,0,0,0,0,0
1263,131.49767508900004,nan,nan,nan,nan,nan,nan,nan,nan,nan,nan,nan,nan,,nan,0,nan,nan,nan,INITIALIZING,0.0,0.0,0.0,27.78413803003234,0,0,0,0.0,0.0,1.0,0,0,0,0,0,0,0
1264,131.58958416999997,nan,nan,nan,nan,nan,nan,nan,nan,nan,nan,nan,nan,,nan,0,nan,nan,nan,INITIALIZING,0.0,0.0,0.0,10.880317691358528,0,0,0,0.0,0.0,1.0,0,0,0,0,0,0,0
1265,131.64175191200002,nan,nan,nan,nan,nan,nan,nan,nan,nan,nan,nan,nan,,nan,0,nan,nan,nan,INITIALIZING,0.0,0.0,0.0,19.168933936205505,0,0,0,0.0,0.0,1.0,0,0,0,0,0,0,0
1266,131.675166957,nan,nan,nan,nan,nan,nan,nan,nan,nan,nan,nan,nan,,nan,0,nan,nan,nan,INITIALIZING,0.0,0.0,0.0,29.926639332698972,0,0,0,0.0,0.0,1.0,0,0,0,0,0,0,0
1267,131.71688951499993,nan,nan,nan,nan,nan,nan,nan,nan,nan,nan,nan,nan,,nan,0,nan,nan,nan,INITIALIZING,0.0,0.0,0.0,23.9678497181615,0,0,0,0.0,0.0,1.0,0,0,0,0,0,0,0
1268,131.748300009,nan,nan,nan,nan,nan,nan,nan,nan,nan,nan,nan,nan,,nan,0,nan,nan,nan,INITIALIZING,0.0,0.0,0.0,31.83649387998205,0,0,0,0.0,0.0,1.0,0,0,0,0,0,0,0
1269,131.78348810399996,nan,nan,nan,nan,nan,nan,nan,nan,nan,nan,nan,nan,,nan,0,nan,nan,nan,INITIALIZING,0.0,0.0,0.0,28.418702404916893,0,0,0,0.0,0.0,1.0,0,0,0,0,0,0,0
1270,131.83039216199995,nan,nan,nan,nan,nan,nan,nan,nan,nan,nan,nan,nan,,nan,0,nan,nan,nan,INITIALIZING,0.0,0.0,0.0,21.320116907583888,0,0,0,0.0,0.0,1.0,0,0,0,0,0,0,0
1271,131.85865065400003,nan,nan,nan,nan,nan,nan,nan,nan,nan,nan,nan,nan,,nan,0,nan,nan,nan,INITIALIZING,0.0,0.0,0.0,35.387592515455765,0,0,0,0.0,0.0,1.0,0,0,0,0,0,0,0
1272,131.894125455,nan,nan,nan,nan,nan,nan,nan,nan,nan,nan,nan,nan,,nan,0,nan,nan,nan,INITIALIZING,0.0,0.0,0.0,28.189023526897785,0,0,0,0.0,0.0,1.0,0,0,0,0,0,0,0
1273,131.92435501,nan,nan,nan,nan,nan,nan,nan,nan,nan,nan,nan,nan,,nan,0,nan,nan,nan,INITIALIZING,0.0,0.0,0.0,33.0802090867637,0,0,0,0.0,0.0,1.0,0,0,0,0,0,0,0
1274,131.95697946300004,nan,nan,nan,nan,nan,nan,nan,nan,nan,nan,nan,nan,,nan,0,nan,nan,nan,INITIALIZING,0.0,0.0,0.0,30.651854913821552,0,0,0,0.0,0.0,1.0,0,0,0,0,0,0,0
1275,131.99913856599994,nan,nan,nan,nan,nan,nan,nan,nan,nan,nan,nan,nan,,nan,0,nan,nan,nan,INITIALIZING,0.0,0.0,0.0,23.719669747297225,0,0,0,0.0,0.0,1.0,0,0,0,0,0,0,0
1276,132.034374211,nan,nan,nan,nan,nan,nan,nan,nan,nan,nan,nan,nan,,nan,0,nan,nan,nan,INITIALIZING,0.0,0.0,0.0,28.380351771576226,0,0,0,0.0,0.0,1.0,0,0,0,0,0,0,0
1277,132.05871089000004,nan,nan,nan,nan,nan,nan,nan,nan,nan,nan,nan,nan,,nan,0,nan,nan,nan,INITIALIZING,0.0,0.0,0.0,41.09024078421736,0,0,0,0.0,0.0,1.0,0,0,0,0,0,0,0
1278,132.09196281599998,nan,nan,nan,nan,nan,nan,nan,nan,nan,nan,nan,nan,,nan,0,nan,nan,nan,INITIALIZING,0.0,0.0,0.0,30.073445971279135,0,0,0,0.0,0.0,1.0,0,0,0,0,0,0,0
1279,132.125576603,nan,nan,nan,nan,nan,nan,nan,nan,nan,nan,nan,nan,,nan,0,nan,nan,nan,INITIALIZING,0.0,0.0,0.0,29.7496976463538,0,0,0,0.0,0.0,1.0,0,0,0,0,0,0,0
1280,132.16974858899994,nan,nan,nan,nan,nan,nan,nan,nan,nan,nan,nan,nan,,nan,0,nan,nan,nan,INITIALIZING,0.0,0.0,0.0,22.638782870250004,0,0,0,0.0,0.0,1.0,0,0,0,0,0,0,0
1281,132.19990293800004,nan,nan,nan,nan,nan,nan,nan,nan,nan,nan,nan,nan,,nan,0,nan,nan,nan,INITIALIZING,0.0,0.0,0.0,33.162712283946185,0,0,0,0.0,0.0,1.0,0,0,0,0,0,0,0
1282,132.23476125499997,nan,nan,nan,nan,nan,nan,nan,nan,nan,nan,nan,nan,,nan,0,nan,nan,nan,INITIALIZING,0.0,0.0,0.0,28.687558266281304,0,0,0,0.0,0.0,1.0,0,0,0,0,0,0,0
1283,132.268107085,nan,nan,nan,nan,nan,nan,nan,nan,nan,nan,nan,nan,,nan,0,nan,nan,nan,INITIALIZING,0.0,0.0,0.0,29.98875721489295,0,0,0,0.0,0.0,1.0,0,0,0,0,0,0,0
1284,132.29672174099994,nan,nan,nan,nan,nan,nan,nan,nan,nan,nan,nan,nan,,nan,0,nan,nan,nan,INITIALIZING,0.0,0.0,0.0,34.9471263957154,0,0,0,0.0,0.0,1.0,0,0,0,0,0,0,0
1285,132.32889928099996,nan,nan,nan,nan,nan,nan,nan,nan,nan,nan,nan,nan,,nan,0,nan,nan,nan,INITIALIZING,0.0,0.0,0.0,31.077577714124814,0,0,0,0.0,0.0,1.0,0,0,0,0,0,0,0
1286,132.358086318,nan,nan,nan,nan,nan,nan,nan,nan,nan,nan,nan,nan,,nan,0,nan,nan,nan,INITIALIZING,0.0,0.0,0.0,34.26178546313372,0,0,0,0.0,0.0,1.0,0,0,0,0,0,0,0
1287,132.396549434,nan,nan,nan,nan,nan,nan,nan,nan,nan,nan,nan,nan,,nan,0,nan,nan,nan,INITIALIZING,0.0,0.0,0.0,25.998933627736548,0,0,0,0.0,0.0,1.0,0,0,0,0,0,0,0
1288,132.423728793,nan,nan,nan,nan,nan,nan,nan,nan,nan,nan,nan,nan,,nan,0,nan,nan,nan,INITIALIZING,0.0,0.0,0.0,36.7926263456008,0,0,0,0.0,0.0,1.0,0,0,0,0,0,0,0
1289,132.453635696,nan,nan,nan,nan,nan,nan,nan,nan,nan,nan,nan,nan,,nan,0,nan,nan,nan,INITIALIZING,0.0,0.0,0.0,33.43709644561244,0,0,0,0.0,0.0,1.0,0,0,0,0,0,0,0
1290,132.48265675000005,nan,nan,nan,nan,nan,nan,nan,nan,nan,nan,nan,nan,,nan,0,nan,nan,nan,INITIALIZING,0.0,0.0,0.0,34.457742299715434,0,0,0,0.0,0.0,1.0,0,0,0,0,0,0,0
1291,132.51509828999997,nan,nan,nan,nan,nan,nan,nan,nan,nan,nan,nan,nan,,nan,0,nan,nan,nan,INITIALIZING,0.0,0.0,0.0,30.82467725029049,0,0,0,0.0,0.0,1.0,0,0,0,0,0,0,0
1292,132.56006072399998,nan,nan,nan,nan,nan,nan,nan,nan,nan,nan,nan,nan,,nan,0,nan,nan,nan,INITIALIZING,0.0,0.0,0.0,22.24078883273348,0,0,0,0.0,0.0,1.0,0,0,0,0,0,0,0
1293,132.59482414800004,nan,nan,nan,nan,nan,nan,nan,nan,nan,nan,nan,nan,,nan,0,nan,nan,nan,INITIALIZING,0.0,0.0,0.0,28.76586610105575,0,0,0,0.0,0.0,1.0,0,0,0,0,0,0,0
1294,132.633693237,nan,nan,nan,nan,nan,nan,nan,nan,nan,nan,nan,nan,,nan,0,nan,nan,nan,INITIALIZING,0.0,0.0,0.0,25.727384554894225,0,0,0,0.0,0.0,1.0,0,0,0,0,0,0,0
1295,132.657435288,nan,nan,nan,nan,nan,nan,nan,nan,nan,nan,nan,nan,,nan,0,nan,nan,nan,INITIALIZING,0.0,0.0,0.0,42.11936028610295,0,0,0,0.0,0.0,1.0,0,0,0,0,0,0,0
1296,132.68199949300003,nan,nan,nan,nan,nan,nan,nan,nan,nan,nan,nan,nan,,nan,0,nan,nan,nan,INITIALIZING,0.0,0.0,0.0,40.70964234332387,0,0,0,0.0,0.0,1.0,0,0,0,0,0,0,0
1297,132.72305088899998,nan,nan,nan,nan,nan,nan,nan,nan,nan,nan,nan,nan,,nan,0,nan,nan,nan,INITIALIZING,0.0,0.0,0.0,24.35970752374359,0,0,0,0.0,0.0,1.0,0,0,0,0,0,0,0
1298,132.75864250799998,nan,nan,nan,nan,nan,nan,nan,nan,nan,nan,nan,nan,,nan,0,nan,nan,nan,INITIALIZING,0.0,0.0,0.0,28.096502156868848,0,0,0,0.0,0.0,1.0,0,0,0,0,0,0,0
1299,132.79557969799998,nan,nan,nan,nan,nan,nan,nan,nan,nan,nan,nan,nan,,nan,0,nan,nan,nan,INITIALIZING,0.0,0.0,0.0,27.07298524874012,0,0,0,0.0,0.0,1.0,0,0,0,0,0,0,0
1300,132.82829237199996,nan,nan,nan,nan,nan,nan,nan,nan,nan,nan,nan,nan,,nan,0,nan,nan,nan,INITIALIZING,0.0,0.0,0.0,30.569191622811807,0,0,0,0.0,0.0,1.0,0,0,0,0,0,0,0
1301,132.865597515,nan,nan,nan,nan,nan,nan,nan,nan,nan,nan,nan,nan,,nan,0,nan,nan,nan,INITIALIZING,0.0,0.0,0.0,26.805955414761552,0,0,0,0.0,0.0,1.0,0,0,0,0,0,0,0
1302,132.891700667,nan,nan,nan,nan,nan,nan,nan,nan,nan,nan,nan,nan,,nan,0,nan,nan,nan,INITIALIZING,0.0,0.0,0.0,38.309549743237156,0,0,0,0.0,0.0,1.0,0,0,0,0,0,0,0
1303,132.92850708000003,nan,nan,nan,nan,nan,nan,nan,nan,nan,nan,nan,nan,,nan,0,nan,nan,nan,INITIALIZING,0.0,0.0,0.0,27.169178371155056,0,0,0,0.0,0.0,1.0,0,0,0,0,0,0,0
1304,132.958955576,nan,nan,nan,nan,nan,nan,nan,nan,nan,nan,nan,nan,,nan,0,nan,nan,nan,INITIALIZING,0.0,0.0,0.0,32.842344659691086,0,0,0,0.0,0.0,1.0,0,0,0,0,0,0,0
1305,132.98831911599996,nan,nan,nan,nan,nan,nan,nan,nan,nan,nan,nan,nan,,nan,0,nan,nan,nan,INITIALIZING,0.0,0.0,0.0,34.05583931641962,0,0,0,0.0,0.0,1.0,0,0,0,0,0,0,0
1306,133.01778395500003,nan,nan,nan,nan,nan,nan,nan,nan,nan,nan,nan,nan,,nan,0,nan,nan,nan,INITIALIZING,0.0,0.0,0.0,33.93875663117033,0,0,0,0.0,0.0,1.0,0,0,0,0,0,0,0
1307,133.05144747500003,nan,nan,nan,nan,nan,nan,nan,nan,nan,nan,nan,nan,,nan,0,nan,nan,nan,INITIALIZING,0.0,0.0,0.0,29.705746754940158,0,0,0,0.0,0.0,1.0,0,0,0,0,0,0,0
1308,133.08185253499994,nan,nan,nan,nan,nan,nan,nan,nan,nan,nan,nan,nan,,nan,0,nan,nan,nan,INITIALIZING,0.0,0.0,0.0,32.88926251101131,0,0,0,0.0,0.0,1.0,0,0,0,0,0,0,0
1309,133.11772362199997,nan,nan,nan,nan,nan,nan,nan,nan,nan,nan,nan,nan,,nan,0,nan,nan,nan,INITIALIZING,0.0,0.0,0.0,27.877605158692297,0,0,0,0.0,0.0,1.0,0,0,0,0,0,0,0
1310,133.156776402,nan,nan,nan,nan,nan,nan,nan,nan,nan,nan,nan,nan,,nan,0,nan,nan,nan,INITIALIZING,0.0,0.0,0.0,25.606371684665934,0,0,0,0.0,0.0,1.0,0,0,0,0,0,0,0
1311,133.19337490700002,nan,nan,nan,nan,nan,nan,nan,nan,nan,nan,nan,nan,,nan,0,nan,nan,nan,INITIALIZING,0.0,0.0,0.0,27.32352045525375,0,0,0,0.0,0.0,1.0,0,0,0,0,0,0,0
1312,133.23233190999997,nan,nan,nan,nan,nan,nan,nan,nan,nan,nan,nan,nan,,nan,0,nan,nan,nan,INITIALIZING,0.0,0.0,0.0,25.66932574359667,0,0,0,0.0,0.0,1.0,0,0,0,0,0,0,0
1313,133.26289086999998,nan,nan,nan,nan,nan,nan,nan,nan,nan,nan,nan,nan,,nan,0,nan,nan,nan,INITIALIZING,0.0,0.0,0.0,32.72362672027295,0,0,0,0.0,0.0,1.0,0,0,0,0,0,0,0
1314,133.29424159799999,nan,nan,nan,nan,nan,nan,nan,nan,nan,nan,nan,nan,,nan,0,nan,nan,nan,INITIALIZING,0.0,0.0,0.0,31.897185928179592,0,0,0,0.0,0.0,1.0,0,0,0,0,0,0,0
1315,133.32214179999994,nan,nan,nan,nan,nan,nan,nan,nan,nan,nan,nan,nan,,nan,0,nan,nan,nan,INITIALIZING,0.0,0.0,0.0,35.842034405399794,0,0,0,0.0,0.0,1.0,0,0,0,0,0,0,0
1316,133.46522105299994,nan,nan,nan,nan,nan,nan,nan,nan,nan,nan,nan,nan,,nan,0,nan,nan,nan,INITIALIZING,0.0,0.0,0.0,6.989133497922485,0,0,0,0.0,0.0,1.0,0,0,0,0,0,0,0
1317,133.50462559200002,nan,nan,nan,nan,nan,nan,nan,nan,nan,nan,nan,nan,,nan,0,nan,nan,nan,INITIALIZING,0.0,0.0,0.0,25.377787061479346,0,0,0,0.0,0.0,1.0,0,0,0,0,0,0,0
1318,133.55271260200004,nan,nan,nan,nan,nan,nan,nan,nan,nan,nan,nan,nan,,nan,0,nan,nan,nan,INITIALIZING,0.0,0.0,0.0,20.79563690900384,0,0,0,0.0,0.0,1.0,0,0,0,0,0,0,0
1319,133.57946925499994,nan,nan,nan,nan,nan,nan,nan,nan,nan,nan,nan,nan,,nan,0,nan,nan,nan,INITIALIZING,0.0,0.0,0.0,37.37388230149702,0,0,0,0.0,0.0,1.0,0,0,0,0,0,0,0
1320,149.11066390400003,nan,nan,nan,nan,nan,nan,nan,nan,nan,nan,nan,nan,,nan,0,nan,nan,nan,INITIALIZING,0.0,0.0,0.0,0.06438654737125325,0,0,0,0.0,0.0,1.0,0,0,0,0,0,0,0
1321,149.62960408200001,nan,nan,nan,nan,nan,nan,nan,nan,nan,nan,nan,nan,,nan,0,nan,nan,nan,INITIALIZING,0.0,0.0,0.0,1.9270043877775038,0,0,0,0.0,0.0,1.0,0,0,0,0,0,0,0
1322,149.65972768799998,nan,nan,nan,nan,nan,nan,nan,nan,nan,nan,nan,nan,,nan,0,nan,nan,nan,INITIALIZING,0.0,0.0,0.0,33.19655687972066,0,0,0,0.0,0.0,1.0,0,0,0,0,0,0,0
1323,149.689110529,nan,nan,nan,nan,nan,nan,nan,nan,nan,nan,nan,nan,,nan,0,nan,nan,nan,INITIALIZING,0.0,0.0,0.0,34.033468717304146,0,0,0,0.0,0.0,1.0,0,0,0,0,0,0,0
1324,149.72111898900005,nan,nan,nan,nan,nan,nan,nan,nan,nan,nan,nan,nan,,nan,0,nan,nan,nan,INITIALIZING,0.0,0.0,0.0,31.241740464822865,0,0,0,0.0,0.0,1.0,0,0,0,0,0,0,0
1325,149.753258436,nan,nan,nan,nan,nan,nan,nan,nan,nan,nan,nan,nan,,nan,0,nan,nan,nan,INITIALIZING,0.0,0.0,0.0,31.11441214284569,0,0,0,0.0,0.0,1.0,0,0,0,0,0,0,0
1326,149.788872858,nan,nan,nan,nan,nan,nan,nan,nan,nan,nan,nan,nan,,nan,0,nan,nan,nan,INITIALIZING,0.0,0.0,0.0,28.0785126879371,0,0,0,0.0,0.0,1.0,0,0,0,0,0,0,0
1327,149.82113485499997,nan,nan,nan,nan,nan,nan,nan,nan,nan,nan,nan,nan,,nan,0,nan,nan,nan,INITIALIZING,0.0,0.0,0.0,30.996221343666008,0,0,0,0.0,0.0,1.0,0,0,0,0,0,0,0
1328,149.85328471799994,nan,nan,nan,nan,nan,nan,nan,nan,nan,nan,nan,nan,,nan,0,nan,nan,nan,INITIALIZING,0.0,0.0,0.0,31.104331611019923,0,0,0,0.0,0.0,1.0,0,0,0,0,0,0,0
1329,149.889096063,nan,nan,nan,nan,nan,nan,nan,nan,nan,nan,nan,nan,,nan,0,nan,nan,nan,INITIALIZING,0.0,0.0,0.0,27.924111758383898,0,0,0,0.0,0.0,1.0,0,0,0,0,0,0,0
1330,149.92115795999996,nan,nan,nan,nan,nan,nan,nan,nan,nan,nan,nan,nan,,nan,0,nan,nan,nan,INITIALIZING,0.0,0.0,0.0,31.189670405391215,0,0,0,0.0,0.0,1.0,0,0,0,0,0,0,0
1331,149.95325511600004,nan,nan,nan,nan,nan,nan,nan,nan,nan,nan,nan,nan,,nan,0,nan,nan,nan,INITIALIZING,0.0,0.0,0.0,31.155408285942755,0,0,0,0.0,0.0,1.0,0,0,0,0,0,0,0
1332,149.98998841900004,nan,nan,nan,nan,nan,nan,nan,nan,nan,nan,nan,nan,,nan,0,nan,nan,nan,INITIALIZING,0.0,0.0,0.0,27.223252970195794,0,0,0,0.0,0.0,1.0,0,0,0,0,0,0,0
1333,150.02118403299994,nan,nan,nan,nan,nan,nan,nan,nan,nan,nan,nan,nan,,nan,0,nan,nan,nan,INITIALIZING,0.0,0.0,0.0,32.05578835548032,0,0,0,0.0,0.0,1.0,0,0,0,0,0,0,0
1334,150.05316957699995,nan,nan,nan,nan,nan,nan,nan,nan,nan,nan,nan,nan,,nan,0,nan,nan,nan,INITIALIZING,0.0,0.0,0.0,31.264123567813648,0,0,0,0.0,0.0,1.0,0,0,0,0,0,0,0
1335,150.08917201199995,nan,nan,nan,nan,nan,nan,nan,nan,nan,nan,nan,nan,,nan,0,nan,nan,nan,INITIALIZING,0.0,0.0,0.0,27.775899046828105,0,0,0,0.0,0.0,1.0,0,0,0,0,0,0,0
1336,150.12150624599997,nan,nan,nan,nan,nan,nan,nan,nan,nan,nan,nan,nan,,nan,0,nan,nan,nan,INITIALIZING,0.0,0.0,0.0,30.92697355995629,0,0,0,0.0,0.0,1.0,0,0,0,0,0,0,0
1337,150.15351085199995,nan,nan,nan,nan,nan,nan,nan,nan,nan,nan,nan,nan,,nan,0,nan,nan,nan,INITIALIZING,0.0,0.0,0.0,31.245502600482354,0,0,0,0.0,0.0,1.0,0,0,0,0,0,0,0
1338,150.19187292200002,nan,nan,nan,nan,nan,nan,nan,nan,nan,nan,nan,nan,,nan,0,nan,nan,nan,INITIALIZING,0.0,0.0,0.0,26.067415027353437,0,0,0,0.0,0.0,1.0,0,0,0,0,0,0,0
1339,150.22300577600004,nan,nan,nan,nan,nan,nan,nan,nan,nan,nan,nan,nan,,nan,0,nan,nan,nan,INITIALIZING,0.0,0.0,0.0,32.12040887736615,0,0,0,0.0,0.0,1.0,0,0,0,0,0,0,0
1340,150.253947906,nan,nan,nan,nan,nan,nan,nan,nan,nan,nan,nan,nan,,nan,0,nan,nan,nan,INITIALIZING,0.0,0.0,0.0,32.31839566315987,0,0,0,0.0,0.0,1.0,0,0,0,0,0,0,0
1341,150.28938083399999,nan,nan,nan,nan,nan,nan,nan,nan,nan,nan,nan,nan,,nan,0,nan,nan,nan,INITIALIZING,0.0,0.0,0.0,28.222336014699003,0,0,0,0.0,0.0,1.0,0,0,0,0,0,0,0
1342,150.32647061900002,nan,nan,nan,nan,nan,nan,nan,nan,nan,nan,nan,nan,,nan,0,nan,nan,nan,INITIALIZING,0.0,0.0,0.0,26.961601422037496,0,0,0,0.0,0.0,1.0,0,0,0,0,0,0,0
1343,150.35710319700001,nan,nan,nan,nan,nan,nan,nan,nan,nan,nan,nan,nan,,nan,0,nan,nan,nan,INITIALIZING,0.0,0.0,0.0,32.644983389911125,0,0,0,0.0,0.0,1.0,0,0,0,0,0,0,0
1344,150.38942500999997,nan,nan,nan,nan,nan,nan,nan,nan,nan,nan,nan,nan,,nan,0,nan,nan,nan,INITIALIZING,0.0,0.0,0.0,30.93885853499148,0,0,0,0.0,0.0,1.0,0,0,0,0,0,0,0
1345,150.42180984200002,nan,nan,nan,nan,nan,nan,nan,nan,nan,nan,nan,nan,,nan,0,nan,nan,nan,INITIALIZING,0.0,0.0,0.0,30.878653315185325,0,0,0,0.0,0.0,1.0,0,0,0,0,0,0,0
1346,150.45765329899996,nan,nan,nan,nan,nan,nan,nan,nan,nan,nan,nan,nan,,nan,0,nan,nan,nan,INITIALIZING,0.0,0.0,0.0,27.89909466605371,0,0,0,0.0,0.0,1.0,0,0,0,0,0,0,0
1347,150.490324741,nan,nan,nan,nan,nan,nan,nan,nan,nan,nan,nan,nan,,nan,0,nan,nan,nan,INITIALIZING,0.0,0.0,0.0,30.607770541589915,0,0,0,0.0,0.0,1.0,0,0,0,0,0,0,0
1348,150.52122293799994,nan,nan,nan,nan,nan,nan,nan,nan,nan,nan,nan,nan,,nan,0,nan,nan,nan,INITIALIZING,0.0,0.0,0.0,32.3643479909805,0,0,0,0.0,0.0,1.0,0,0,0,0,0,0,0
1349,150.557836274,nan,nan,nan,nan,nan,nan,nan,nan,nan,nan,nan,nan,,nan,0,nan,nan,nan,INITIALIZING,0.0,0.0,0.0,27.31245248993436,0,0,0,0.0,0.0,1.0,0,0,0,0,0,0,0
1350,156.29191254,nan,nan,nan,nan,nan,nan,nan,nan,nan,nan,nan,nan,,nan,0,nan,nan,nan,INITIALIZING,0.0,0.0,0.0,0.17439600619361592,0,0,0,0.0,0.0,1.0,0,0,0,0,0,0,0
1351,157.16733977399997,nan,nan,nan,nan,nan,nan,nan,nan,nan,nan,nan,nan,,nan,0,nan,nan,nan,INITIALIZING,0.0,0.0,0.0,1.1422993952687934,0,0,0,0.0,0.0,1.0,0,0,0,0,0,0,0
1352,157.18668799,nan,nan,nan,nan,nan,nan,nan,nan,nan,nan,nan,nan,,nan,0,nan,nan,nan,INITIALIZING,0.0,0.0,0.0,51.6843516734911,0,0,0,0.0,0.0,1.0,0,0,0,0,0,0,0
1353,157.20813507699995,nan,nan,nan,nan,nan,nan,nan,nan,nan,nan,nan,nan,,nan,0,nan,nan,nan,INITIALIZING,0.0,0.0,0.0,46.62637867800211,0,0,0,0.0,0.0,1.0,0,0,0,0,0,0,0
1354,157.24159961700002,nan,nan,nan,nan,nan,nan,nan,nan,nan,nan,nan,nan,,nan,0,nan,nan,nan,INITIALIZING,0.0,0.0,0.0,29.882376987640153,0,0,0,0.0,0.0,1.0,0,0,0,0,0,0,0
1355,157.26943716899996,nan,nan,nan,nan,nan,nan,nan,nan,nan,nan,nan,nan,,nan,0,nan,nan,nan,INITIALIZING,0.0,0.0,0.0,35.922698950046176,0,0,0,0.0,0.0,1.0,0,0,0,0,0,0,0
1356,157.30552851000004,nan,nan,nan,nan,nan,nan,nan,nan,nan,nan,nan,nan,,nan,0,nan,nan,nan,INITIALIZING,0.0,0.0,0.0,27.707476981738445,0,0,0,0.0,0.0,1.0,0,0,0,0,0,0,0
1357,157.33748783600004,nan,nan,nan,nan,nan,nan,nan,nan,nan,nan,nan,nan,,nan,0,nan,nan,nan,INITIALIZING,0.0,0.0,0.0,31.289771254883522,0,0,0,0.0,0.0,1.0,0,0,0,0,0,0,0
1358,157.37306371900002,nan,nan,nan,nan,nan,nan,nan,nan,nan,nan,nan,nan,,nan,0,nan,nan,nan,INITIALIZING,0.0,0.0,0.0,28.108929861293998,0,0,0,0.0,0.0,1.0,0,0,0,0,0,0,0
1359,157.40518272999998,nan,nan,nan,nan,nan,nan,nan,nan,nan,nan,nan,nan,,nan,0,nan,nan,nan,INITIALIZING,0.0,0.0,0.0,31.134208958088397,0,0,0,0.0,0.0,1.0,0,0,0,0,0,0,0
1360,157.43770220399995,nan,nan,nan,nan,nan,nan,nan,nan,nan,nan,nan,nan,,nan,0,nan,nan,nan,INITIALIZING,0.0,0.0,0.0,30.75080488697202,0,0,0,0.0,0.0,1.0,0,0,0,0,0,0,0
1361,157.47360907099994,nan,nan,nan,nan,nan,nan,nan,nan,nan,nan,nan,nan,,nan,0,nan,nan,nan,INITIALIZING,0.0,0.0,0.0,27.849826051383445,0,0,0,0.0,0.0,1.0,0,0,0,0,0,0,0
1362,157.50569928000004,nan,nan,nan,nan,nan,nan,nan,nan,nan,nan,nan,nan,,nan,0,nan,nan,nan,INITIALIZING,0.0,0.0,0.0,31.162152917009628,0,0,0,0.0,0.0,1.0,0,0,0,0,0,0,0
1363,157.53772188699998,nan,nan,nan,nan,nan,nan,nan,nan,nan,nan,nan,nan,,nan,0,nan,nan,nan,INITIALIZING,0.0,0.0,0.0,31.2279384374346,0,0,0,0.0,0.0,1.0,0,0,0,0,0,0,0
1364,157.57359500400003,nan,nan,nan,nan,nan,nan,nan,nan,nan,nan,nan,nan,,nan,0,nan,nan,nan,INITIALIZING,0.0,0.0,0.0,27.876027611388707,0,0,0,0.0,0.0,1.0,0,0,0,0,0,0,0
1365,157.60577906699996,nan,nan,nan,nan,nan,nan,nan,nan,nan,nan,nan,nan,,nan,0,nan,nan,nan,INITIALIZING,0.0,0.0,0.0,31.071278974383343,0,0,0,0.0,0.0,1.0,0,0,0,0,0,0,0
1366,157.63770448699995,nan,nan,nan,nan,nan,nan,nan,nan,nan,nan,nan,nan,,nan,0,nan,nan,nan,INITIALIZING,0.0,0.0,0.0,31.32300217194363,0,0,0,0.0,0.0,1.0,0,0,0,0,0,0,0
1367,157.67298276999998,nan,nan,nan,nan,nan,nan,nan,nan,nan,nan,nan,nan,,nan,0,nan,nan,nan,INITIALIZING,0.0,0.0,0.0,28.346050741735027,0,0,0,0.0,0.0,1.0,0,0,0,0,0,0,0
1368,157.705191989,nan,nan,nan,nan,nan,nan,nan,nan,nan,nan,nan,nan,,nan,0,nan,nan,nan,INITIALIZING,0.0,0.0,0.0,31.04701172663742,0,0,0,0.0,0.0,1.0,0,0,0,0,0,0,0
1369,157.73792442699994,nan,nan,nan,nan,nan,nan,nan,nan,nan,nan,nan,nan,,nan,0,nan,nan,nan,INITIALIZING,0.0,0.0,0.0,30.550733801199847,0,0,0,0.0,0.0,1.0,0,0,0,0,0,0,0
1370,157.774931068,nan,nan,nan,nan,nan,nan,nan,nan,nan,nan,nan,nan,,nan,0,nan,nan,nan,INITIALIZING,0.0,0.0,0.0,27.022176911390858,0,0,0,0.0,0.0,1.0,0,0,0,0,0,0,0
1371,157.80748647899998,nan,nan,nan,nan,nan,nan,nan,nan,nan,nan,nan,nan,,nan,0,nan,nan,nan,INITIALIZING,0.0,0.0,0.0,30.716859940755956,0,0,0,0.0,0.0,1.0,0,0,0,0,0,0,0
1372,157.84068437899998,nan,nan,nan,nan,nan,nan,nan,nan,nan,nan,nan,nan,,nan,0,nan,nan,nan,INITIALIZING,0.0,0.0,0.0,30.12238725943085,0,0,0,0.0,0.0,1.0,0,0,0,0,0,0,0
1373,157.87473674399996,nan,nan,nan,nan,nan,nan,nan,nan,nan,nan,nan,nan,,nan,0,nan,nan,nan,INITIALIZING,0.0,0.0,0.0,29.36653592197196,0,0,0,0.0,0.0,1.0,0,0,0,0,0,0,0
1374,157.90500198300003,nan,nan,nan,nan,nan,nan,nan,nan,nan,nan,nan,nan,,nan,0,nan,nan,nan,INITIALIZING,0.0,0.0,0.0,33.04120611760529,0,0,0,0.0,0.0,1.0,0,0,0,0,0,0,0
1375,157.941514569,nan,nan,nan,nan,nan,nan,nan,nan,nan,nan,nan,nan,,nan,0,nan,nan,nan,INITIALIZING,0.0,0.0,0.0,27.387816354644137,0,0,0,0.0,0.0,1.0,0,0,0,0,0,0,0
1376,157.97317436899993,nan,nan,nan,nan,nan,nan,nan,nan,nan,nan,nan,nan,,nan,0,nan,nan,nan,INITIALIZING,0.0,0.0,0.0,31.58579649908712,0,0,0,0.0,0.0,1.0,0,0,0,0,0,0,0
1377,158.00498151099998,nan,nan,nan,nan,nan,nan,nan,nan,nan,nan,nan,nan,,nan,0,nan,nan,nan,INITIALIZING,0.0,0.0,0.0,31.4394798501071,0,0,0,0.0,0.0,1.0,0,0,0,0,0,0,0
1378,158.04076166100003,nan,nan,nan,nan,nan,nan,nan,nan,nan,nan,nan,nan,,nan,0,nan,nan,nan,INITIALIZING,0.0,0.0,0.0,27.948457454722462,0,0,0,0.0,0.0,1.0,0,0,0,0,0,0,0
1379,158.073546599,nan,nan,nan,nan,nan,nan,nan,nan,nan,nan,nan,nan,,nan,0,nan,nan,nan,INITIALIZING,0.0,0.0,0.0,30.501811533122808,0,0,0,0.0,0.0,1.0,0,0,0,0,0,0,0
1380,175.58562810699993,nan,nan,nan,nan,nan,nan,nan,nan,nan,nan,nan,nan,,nan,0,nan,nan,nan,INITIALIZING,0.0,0.0,0.0,0.057103434537075226,0,0,0,0.0,0.0,1.0,0,0,0,0,0,0,0
1381,176.69606246599994,nan,nan,nan,nan,nan,nan,nan,nan,nan,nan,nan,nan,,nan,0,nan,nan,nan,INITIALIZING,0.0,0.0,0.0,0.9005485032906759,0,0,0,0.0,0.0,1.0,0,0,0,0,0,0,0
1382,176.72322415199994,nan,nan,nan,nan,nan,nan,nan,nan,nan,nan,nan,nan,,nan,0,nan,nan,nan,INITIALIZING,0.0,0.0,0.0,36.81656580523094,0,0,0,0.0,0.0,1.0,0,0,0,0,0,0,0
1383,177.877092103,nan,nan,nan,nan,nan,nan,nan,nan,nan,nan,nan,nan,,nan,0,nan,nan,nan,INITIALIZING,0.0,0.0,0.0,0.8666502948914602,0,0,0,0.0,0.0,1.0,0,0,0,0,0,0,0
1384,177.89895112399995,nan,nan,nan,nan,nan,nan,nan,nan,nan,nan,nan,nan,,nan,0,nan,nan,nan,INITIALIZING,0.0,0.0,0.0,45.74770297361765,0,0,0,0.0,0.0,1.0,0,0,0,0,0,0,0
1385,177.92479105799998,nan,nan,nan,nan,nan,nan,nan,nan,nan,nan,nan,nan,,nan,0,nan,nan,nan,INITIALIZING,0.0,0.0,0.0,38.69978924863923,0,0,0,0.0,0.0,1.0,0,0,0,0,0,0,0
1386,177.954099197,nan,nan,nan,nan,nan,nan,nan,nan,nan,nan,nan,nan,,nan,0,nan,nan,nan,INITIALIZING,0.0,0.0,0.0,34.120214865885295,0,0,0,0.0,0.0,1.0,0,0,0,0,0,0,0
1387,177.98529930300003,nan,nan,nan,nan,nan,nan,nan,nan,nan,nan,nan,nan,,nan,0,nan,nan,nan,INITIALIZING,0.0,0.0,0.0,32.0511731594466,0,0,0,0.0,0.0,1.0,0,0,0,0,0,0,0
1388,178.01856845700001,nan,nan,nan,nan,nan,nan,nan,nan,nan,nan,nan,nan,,nan,0,nan,nan,nan,INITIALIZING,0.0,0.0,0.0,30.057872827200786,0,0,0,0.0,0.0,1.0,0,0,0,0,0,0,0
1389,178.05433473100004,nan,nan,nan,nan,nan,nan,nan,nan,nan,nan,nan,nan,,nan,0,nan,nan,nan,INITIALIZING,0.0,0.0,0.0,27.959300429205985,0,0,0,0.0,0.0,1.0,0,0,0,0,0,0,0
1390,178.08662498599995,nan,nan,nan,nan,nan,nan,nan,nan,nan,nan,nan,nan,,nan,0,nan,nan,nan,INITIALIZING,0.0,0.0,0.0,30.969095784560277,0,0,0,0.0,0.0,1.0,0,0,0,0,0,0,0
1391,178.11746144899996,nan,nan,nan,nan,nan,nan,nan,nan,nan,nan,nan,nan,,nan,0,nan,nan,nan,INITIALIZING,0.0,0.0,0.0,32.4291407869813,0,0,0,0.0,0.0,1.0,0,0,0,0,0,0,0
1392,178.15363547999993,nan,nan,nan,nan,nan,nan,nan,nan,nan,nan,nan,nan,,nan,0,nan,nan,nan,INITIALIZING,0.0,0.0,0.0,27.64414062675905,0,0,0,0.0,0.0,1.0,0,0,0,0,0,0,0
1393,178.18495511599997,nan,nan,nan,nan,nan,nan,nan,nan,nan,nan,nan,nan,,nan,0,nan,nan,nan,INITIALIZING,0.0,0.0,0.0,31.928851280356227,0,0,0,0.0,0.0,1.0,0,0,0,0,0,0,0
1394,178.21677662399998,nan,nan,nan,nan,nan,nan,nan,nan,nan,nan,nan,nan,,nan,0,nan,nan,nan,INITIALIZING,0.0,0.0,0.0,31.425286318919,0,0,0,0.0,0.0,1.0,0,0,0,0,0,0,0
1395,178.25642834099995,nan,nan,nan,nan,nan,nan,nan,nan,nan,nan,nan,nan,,nan,0,nan,nan,nan,INITIALIZING,0.0,0.0,0.0,25.219588851619303,0,0,0,0.0,0.0,1.0,0,0,0,0,0,0,0
1396,178.285344925,nan,nan,nan,nan,nan,nan,nan,nan,nan,nan,nan,nan,,nan,0,nan,nan,nan,INITIALIZING,0.0,0.0,0.0,34.58223142809679,0,0,0,0.0,0.0,1.0,0,0,0,0,0,0,0
1397,178.318535602,nan,nan,nan,nan,nan,nan,nan,nan,nan,nan,nan,nan,,nan,0,nan,nan,nan,INITIALIZING,0.0,0.0,0.0,30.128942534079794,0,0,0,0.0,0.0,1.0,0,0,0,0,0,0,0
1398,178.353704912,nan,nan,nan,nan,nan,nan,nan,nan,nan,nan,nan,nan,,nan,0,nan,nan,nan,INITIALIZING,0.0,0.0,0.0,28.433881699685887,0,0,0,0.0,0.0,1.0,0,0,0,0,0,0,0
1399,178.389711456,nan,nan,nan,nan,nan,nan,nan,nan,nan,nan,nan,nan,,nan,0,nan,nan,nan,INITIALIZING,0.0,0.0,0.0,27.77272931278024,0,0,0,0.0,0.0,1.0,0,0,0,0,0,0,0
1400,178.44830822400002,nan,nan,nan,nan,nan,nan,nan,nan,nan,nan,nan,nan,,nan,0,nan,nan,nan,INITIALIZING,0.0,0.0,0.0,17.06578765572015,0,0,0,0.0,0.0,1.0,0,0,0,0,0,0,0
1401,178.47725611500005,nan,nan,nan,nan,nan,nan,nan,nan,nan,nan,nan,nan,,nan,0,nan,nan,nan,INITIALIZING,0.0,0.0,0.0,34.544830917007744,0,0,0,0.0,0.0,1.0,0,0,0,0,0,0,0
1402,178.530684737,nan,nan,nan,nan,nan,nan,nan,nan,nan,nan,nan,nan,,nan,0,nan,nan,nan,INITIALIZING,0.0,0.0,0.0,18.716559824448165,0,0,0,0.0,0.0,1.0,0,0,0,0,0,0,0
1403,178.56661805299996,nan,nan,nan,nan,nan,nan,nan,nan,nan,nan,nan,nan,,nan,0,nan,nan,nan,INITIALIZING,0.0,0.0,0.0,27.829326967799187,0,0,0,0.0,0.0,1.0,0,0,0,0,0,0,0
1404,178.60409359899995,nan,nan,nan,nan,nan,nan,nan,nan,nan,nan,nan,nan,,nan,0,nan,nan,nan,INITIALIZING,0.0,0.0,0.0,26.684067524996326,0,0,0,0.0,0.0,1.0,0,0,0,0,0,0,0
1405,178.63847041400004,nan,nan,nan,nan,nan,nan,nan,nan,nan,nan,nan,nan,,nan,0,nan,nan,nan,INITIALIZING,0.0,0.0,0.0,29.089373171932046,0,0,0,0.0,0.0,1.0,0,0,0,0,0,0,0
1406,178.67257395000001,nan,nan,nan,nan,nan,nan,nan,nan,nan,nan,nan,nan,,nan,0,nan,nan,nan,INITIALIZING,0.0,0.0,0.0,29.322472602275937,0,0,0,0.0,0.0,1.0,0,0,0,0,0,0,0
1407,178.70549660799998,nan,nan,nan,nan,nan,nan,nan,nan,nan,nan,nan,nan,,nan,0,nan,nan,nan,INITIALIZING,0.0,0.0,0.0,30.374218266373735,0,0,0,0.0,0.0,1.0,0,0,0,0,0,0,0
1408,178.73739520899994,nan,nan,nan,nan,nan,nan,nan,nan,nan,nan,nan,nan,,nan,0,nan,nan,nan,INITIALIZING,0.0,0.0,0.0,31.349337232722494,0,0,0,0.0,0.0,1.0,0,0,0,0,0,0,0
1409,178.769650684,nan,nan,nan,nan,nan,nan,nan,nan,nan,nan,nan,nan,,nan,0,nan,nan,nan,INITIALIZING,0.0,0.0,0.0,31.00248872472825,0,0,0,0.0,0.0,1.0,0,0,0,0,0,0,0
1410,181.80367512500004,nan,nan,nan,nan,nan,nan,nan,nan,nan,nan,nan,nan,,nan,0,nan,nan,nan,INITIALIZING,0.0,0.0,0.0,0.329595235452484,0,0,0,0.0,0.0,1.0,0,0,0,0,0,0,0
1411,181.83220950399993,nan,nan,nan,nan,nan,nan,nan,nan,nan,nan,nan,nan,,nan,0,nan,nan,nan,INITIALIZING,0.0,0.0,0.0,35.045444654805316,0,0,0,0.0,0.0,1.0,0,0,0,0,0,0,0
1412,181.86088221599994,nan,nan,nan,nan,nan,nan,nan,nan,nan,nan,nan,nan,,nan,0,nan,nan,nan,INITIALIZING,0.0,0.0,0.0,34.87636607237987,0,0,0,0.0,0.0,1.0,0,0,0,0,0,0,0
1413,181.89308673200003,nan,nan,nan,nan,nan,nan,nan,nan,nan,nan,nan,nan,,nan,0,nan,nan,nan,INITIALIZING,0.0,0.0,0.0,31.051545689962428,0,0,0,0.0,0.0,1.0,0,0,0,0,0,0,0
1414,181.929059092,nan,nan,nan,nan,nan,nan,nan,nan,nan,nan,nan,nan,,nan,0,nan,nan,nan,INITIALIZING,0.0,0.0,0.0,27.799121325404265,0,0,0,0.0,0.0,1.0,0,0,0,0,0,0,0
1415,181.96465228800002,nan,nan,nan,nan,nan,nan,nan,nan,nan,nan,nan,nan,,nan,0,nan,nan,nan,INITIALIZING,0.0,0.0,0.0,28.09525730701405,0,0,0,0.0,0.0,1.0,0,0,0,0,0,0,0
1416,182.00213047299997,nan,nan,nan,nan,nan,nan,nan,nan,nan,nan,nan,nan,,nan,0,nan,nan,nan,INITIALIZING,0.0,0.0,0.0,26.68218858521508,0,0,0,0.0,0.0,1.0,0,0,0,0,0,0,0
1417,182.03132995299995,nan,nan,nan,nan,nan,nan,nan,nan,nan,nan,nan,nan,,nan,0,nan,nan,nan,INITIALIZING,0.0,0.0,0.0,34.24718522386006,0,0,0,0.0,0.0,1.0,0,0,0,0,0,0,0
1418,182.06129760499994,nan,nan,nan,nan,nan,nan,nan,nan,nan,nan,nan,nan,,nan,0,nan,nan,nan,INITIALIZING,0.0,0.0,0.0,33.36931435270931,0,0,0,0.0,0.0,1.0,0,0,0,0,0,0,0
1419,182.09350597499997,nan,nan,nan,nan,nan,nan,nan,nan,nan,nan,nan,nan,,nan,0,nan,nan,nan,INITIALIZING,0.0,0.0,0.0,31.047830113691507,0,0,0,0.0,0.0,1.0,0,0,0,0,0,0,0
1420,182.12958192899998,nan,nan,nan,nan,nan,nan,nan,nan,nan,nan,nan,nan,,nan,0,nan,nan,nan,INITIALIZING,0.0,0.0,0.0,27.719294685864018,0,0,0,0.0,0.0,1.0,0,0,0,0,0,0,0
1421,182.16806839000003,nan,nan,nan,nan,nan,nan,nan,nan,nan,nan,nan,nan,,nan,0,nan,nan,nan,INITIALIZING,0.0,0.0,0.0,25.983163273930547,0,0,0,0.0,0.0,1.0,0,0,0,0,0,0,0
1422,182.20514532799996,nan,nan,nan,nan,nan,nan,nan,nan,nan,nan,nan,nan,,nan,0,nan,nan,nan,INITIALIZING,0.0,0.0,0.0,26.97094350137431,0,0,0,0.0,0.0,1.0,0,0,0,0,0,0,0
1423,182.23912348,nan,nan,nan,nan,nan,nan,nan,nan,nan,nan,nan,nan,,nan,0,nan,nan,nan,INITIALIZING,0.0,0.0,0.0,29.43067651233865,0,0,0,0.0,0.0,1.0,0,0,0,0,0,0,0
1424,182.27866811399997,nan,nan,nan,nan,nan,nan,nan,nan,nan,nan,nan,nan,,nan,0,nan,nan,nan,INITIALIZING,0.0,0.0,0.0,25.28788103084951,0,0,0,0.0,0.0,1.0,0,0,0,0,0,0,0
1425,182.30628021500002,nan,nan,nan,nan,nan,nan,nan,nan,nan,nan,nan,nan,,nan,0,nan,nan,nan,INITIALIZING,0.0,0.0,0.0,36.21600543900529,0,0,0,0.0,0.0,1.0,0,0,0,0,0,0,0
1426,182.34660360600003,nan,nan,nan,nan,nan,nan,nan,nan,nan,nan,nan,nan,,nan,0,nan,nan,nan,INITIALIZING,0.0,0.0,0.0,24.799501609366608,0,0,0,0.0,0.0,1.0,0,0,0,0,0,0,0
1427,182.374046593,nan,nan,nan,nan,nan,nan,nan,nan,nan,nan,nan,nan,,nan,0,nan,nan,nan,INITIALIZING,0.0,0.0,0.0,36.43918207595311,0,0,0,0.0,0.0,1.0,0,0,0,0,0,0,0
1428,182.404043785,nan,nan,nan,nan,nan,nan,nan,nan,nan,nan,nan,nan,,nan,0,nan,nan,nan,INITIALIZING,0.0,0.0,0.0,33.33645362539692,0,0,0,0.0,0.0,1.0,0,0,0,0,0,0,0
1429,182.43278082799998,nan,nan,nan,nan,nan,nan,nan,nan,nan,nan,nan,nan,,nan,0,nan,nan,nan,INITIALIZING,0.0,0.0,0.0,34.798291529186095,0,0,0,0.0,0.0,1.0,0,0,0,0,0,0,0
1430,182.47500426099998,nan,nan,nan,nan,nan,nan,nan,nan,nan,nan,nan,nan,,nan,0,nan,nan,nan,INITIALIZING,0.0,0.0,0.0,23.683531369889113,0,0,0,0.0,0.0,1.0,0,0,0,0,0,0,0
1431,182.507018527,nan,nan,nan,nan,nan,nan,nan,nan,nan,nan,nan,nan,,nan,0,nan,nan,nan,INITIALIZING,0.0,0.0,0.0,31.236074567474798,0,0,0,0.0,0.0,1.0,0,0,0,0,0,0,0
1432,182.53835394199996,nan,nan,nan,nan,nan,nan,nan,nan,nan,nan,nan,nan,,nan,0,nan,nan,nan,INITIALIZING,0.0,0.0,0.0,31.91277345462904,0,0,0,0.0,0.0,1.0,0,0,0,0,0,0,0
1433,182.58746182000004,nan,nan,nan,nan,nan,nan,nan,nan,nan,nan,nan,nan,,nan,0,nan,nan,nan,INITIALIZING,0.0,0.0,0.0,20.363331520825326,0,0,0,0.0,0.0,1.0,0,0,0,0,0,0,0
1434,182.62291711,nan,nan,nan,nan,nan,nan,nan,nan,nan,nan,nan,nan,,nan,0,nan,nan,nan,INITIALIZING,0.0,0.0,0.0,28.204535909906753,0,0,0,0.0,0.0,1.0,0,0,0,0,0,0,0
1435,182.65617709900005,nan,nan,nan,nan,nan,nan,nan,nan,nan,nan,nan,nan,,nan,0,nan,nan,nan,INITIALIZING,0.0,0.0,0.0,30.066155463812194,0,0,0,0.0,0.0,1.0,0,0,0,0,0,0,0
1436,182.68281264099994,nan,nan,nan,nan,nan,nan,nan,nan,nan,nan,nan,nan,,nan,0,nan,nan,nan,INITIALIZING,0.0,0.0,0.0,37.54382020850041,0,0,0,0.0,0.0,1.0,0,0,0,0,0,0,0
1437,182.712425565,nan,nan,nan,nan,nan,nan,nan,nan,nan,nan,nan,nan,,nan,0,nan,nan,nan,INITIALIZING,0.0,0.0,0.0,33.76903949094562,0,0,0,0.0,0.0,1.0,0,0,0,0,0,0,0
1438,182.74496368300004,nan,nan,nan,nan,nan,nan,nan,nan,nan,nan,nan,nan,,nan,0,nan,nan,nan,INITIALIZING,0.0,0.0,0.0,30.733184998546456,0,0,0,0.0,0.0,1.0,0,0,0,0,0,0,0
1439,182.77648946099998,nan,nan,nan,nan,nan,nan,nan,nan,nan,nan,nan,nan,,nan,0,nan,nan,nan,INITIALIZING,0.0,0.0,0.0,31.72007364899053,0,0,0,0.0,0.0,1.0,0,0,0,0,0,0,0
1440,182.80397953099998,nan,nan,nan,nan,nan,nan,nan,nan,nan,nan,nan,nan,,nan,0,nan,nan,nan,INITIALIZING,0.0,0.0,0.0,36.376771685195386,0,0,0,0.0,0.0,1.0,0,0,0,0,0,0,0
1441,182.84551051999995,nan,nan,nan,nan,nan,nan,nan,nan,nan,nan,nan,nan,,nan,0,nan,nan,nan,INITIALIZING,0.0,0.0,0.0,24.078405645500364,0,0,0,0.0,0.0,1.0,0,0,0,0,0,0,0
1442,182.88053987499995,nan,nan,nan,nan,nan,nan,nan,nan,nan,nan,nan,nan,,nan,0,nan,nan,nan,INITIALIZING,0.0,0.0,0.0,28.547485387607843,0,0,0,0.0,0.0,1.0,0,0,0,0,0,0,0
1443,182.90796317399997,nan,nan,nan,nan,nan,nan,nan,nan,nan,nan,nan,nan,,nan,0,nan,nan,nan,INITIALIZING,0.0,0.0,0.0,36.465342845850486,0,0,0,0.0,0.0,1.0,0,0,0,0,0,0,0
1444,182.94190414900004,nan,nan,nan,nan,nan,nan,nan,nan,nan,nan,nan,nan,,nan,0,nan,nan,nan,INITIALIZING,0.0,0.0,0.0,29.46291318968036,0,0,0,0.0,0.0,1.0,0,0,0,0,0,0,0
1445,182.982199519,nan,nan,nan,nan,nan,nan,nan,nan,nan,nan,nan,nan,,nan,0,nan,nan,nan,INITIALIZING,0.0,0.0,0.0,24.81674693645491,0,0,0,0.0,0.0,1.0,0,0,0,0,0,0,0
1446,183.01292243700004,nan,nan,nan,nan,nan,nan,nan,nan,nan,nan,nan,nan,,nan,0,nan,nan,nan,INITIALIZING,0.0,0.0,0.0,32.54899160290613,0,0,0,0.0,0.0,1.0,0,0,0,0,0,0,0
1447,183.24646443799998,nan,nan,nan,nan,nan,nan,nan,nan,nan,nan,nan,nan,,nan,0,nan,nan,nan,INITIALIZING,0.0,0.0,0.0,4.2818850387442255,0,0,0,0.0,0.0,1.0,0,0,0,0,0,0,0
1448,183.271646863,nan,nan,nan,nan,nan,nan,nan,nan,nan,nan,nan,nan,,nan,0,nan,nan,nan,INITIALIZING,0.0,0.0,0.0,39.71023441940123,0,0,0,0.0,0.0,1.0,0,0,0,0,0,0,0
1449,183.30145911600005,nan,nan,nan,nan,nan,nan,nan,nan,nan,nan,nan,nan,,nan,0,nan,nan,nan,INITIALIZING,0.0,0.0,0.0,33.54325484888622,0,0,0,0.0,0.0,1.0,0,0,0,0,0,0,0
1450,183.34086330399998,nan,nan,nan,nan,nan,nan,nan,nan,nan,nan,nan,nan,,nan,0,nan,nan,nan,INITIALIZING,0.0,0.0,0.0,25.378013118850486,0,0,0,0.0,0.0,1.0,0,0,0,0,0,0,0
1451,183.37937635000003,nan,nan,nan,nan,nan,nan,nan,nan,nan,nan,nan,nan,,nan,0,nan,nan,nan,INITIALIZING,0.0,0.0,0.0,25.96522747119892,0,0,0,0.0,0.0,1.0,0,0,0,0,0,0,0
1452,183.41262900499999,nan,nan,nan,nan,nan,nan,nan,nan,nan,nan,nan,nan,,nan,0,nan,nan,nan,INITIALIZING,0.0,0.0,0.0,30.072786669254928,0,0,0,0.0,0.0,1.0,0,0,0,0,0,0,0
1453,183.44814274199996,nan,nan,nan,nan,nan,nan,nan,nan,nan,nan,nan,nan,,nan,0,nan,nan,nan,INITIALIZING,0.0,0.0,0.0,28.158118082609455,0,0,0,0.0,0.0,1.0,0,0,0,0,0,0,0
1454,183.47921363700004,nan,nan,nan,nan,nan,nan,nan,nan,nan,nan,nan,nan,,nan,0,nan,nan,nan,INITIALIZING,0.0,0.0,0.0,32.18446073076694,0,0,0,0.0,0.0,1.0,0,0,0,0,0,0,0
1455,183.50468877599997,nan,nan,nan,nan,nan,nan,nan,nan,nan,nan,nan,nan,,nan,0,nan,nan,nan,INITIALIZING,0.0,0.0,0.0,39.25395657323124,0,0,0,0.0,0.0,1.0,0,0,0,0,0,0,0
1456,183.54327989499996,nan,nan,nan,nan,nan,nan,nan,nan,nan,nan,nan,nan,,nan,0,nan,nan,nan,INITIALIZING,0.0,0.0,0.0,25.912697685710807,0,0,0,0.0,0.0,1.0,0,0,0,0,0,0,0
1457,183.577059318,nan,nan,nan,nan,nan,nan,nan,nan,nan,nan,nan,nan,,nan,0,nan,nan,nan,INITIALIZING,0.0,0.0,0.0,29.60382123751371,0,0,0,0.0,0.0,1.0,0,0,0,0,0,0,0
1458,183.60511507,nan,nan,nan,nan,nan,nan,nan,nan,nan,nan,nan,nan,,nan,0,nan,nan,nan,INITIALIZING,0.0,0.0,0.0,35.643314782651075,0,0,0,0.0,0.0,1.0,0,0,0,0,0,0,0
1459,183.63652726399994,nan,nan,nan,nan,nan,nan,nan,nan,nan,nan,nan,nan,,nan,0,nan,nan,nan,INITIALIZING,0.0,0.0,0.0,31.834770917381025,0,0,0,0.0,0.0,1.0,0,0,0,0,0,0,0
1460,183.66837586299994,nan,nan,nan,nan,nan,nan,nan,nan,nan,nan,nan,nan,,nan,0,nan,nan,nan,INITIALIZING,0.0,0.0,0.0,31.398555396424264,0,0,0,0.0,0.0,1.0,0,0,0,0,0,0,0
1461,183.70083320899994,nan,nan,nan,nan,nan,nan,nan,nan,nan,nan,nan,nan,,nan,0,nan,nan,nan,INITIALIZING,0.0,0.0,0.0,30.809666323302206,0,0,0,0.0,0.0,1.0,0,0,0,0,0,0,0
1462,183.73308841999994,nan,nan,nan,nan,nan,nan,nan,nan,nan,nan,nan,nan,,nan,0,nan,nan,nan,INITIALIZING,0.0,0.0,0.0,31.002742471590473,0,0,0,0.0,0.0,1.0,0,0,0,0,0,0,0
1463,183.76938699799996,nan,nan,nan,nan,nan,nan,nan,nan,nan,nan,nan,nan,,nan,0,nan,nan,nan,INITIALIZING,0.0,0.0,0.0,27.549288569915927,0,0,0,0.0,0.0,1.0,0,0,0,0,0,0,0
1464,183.803030015,nan,nan,nan,nan,nan,nan,nan,nan,nan,nan,nan,nan,,nan,0,nan,nan,nan,INITIALIZING,0.0,0.0,0.0,29.723850271783625,0,0,0,0.0,0.0,1.0,0,0,0,0,0,0,0
1465,183.84588851,nan,nan,nan,nan,nan,nan,nan,nan,nan,nan,nan,nan,,nan,0,nan,nan,nan,INITIALIZING,0.0,0.0,0.0,23.33259718988187,0,0,0,0.0,0.0,1.0,0,0,0,0,0,0,0
1466,183.88076105200003,nan,nan,nan,nan,nan,nan,nan,nan,nan,nan,nan,nan,,nan,0,nan,nan,nan,INITIALIZING,0.0,0.0,0.0,28.67585620800252,0,0,0,0.0,0.0,1.0,0,0,0,0,0,0,0
1467,183.930262588,nan,nan,nan,nan,nan,nan,nan,nan,nan,nan,nan,nan,,nan,0,nan,nan,nan,INITIALIZING,0.0,0.0,0.0,20.201393346671285,0,0,0,0.0,0.0,1.0,0,0,0,0,0,0,0
1468,183.95772745800002,nan,nan,nan,nan,nan,nan,nan,nan,nan,nan,nan,nan,,nan,0,nan,nan,nan,INITIALIZING,0.0,0.0,0.0,36.41014867353745,0,0,0,0.0,0.0,1.0,0,0,0,0,0,0,0
1469,183.98736544199994,nan,nan,nan,nan,nan,nan,nan,nan,nan,nan,nan,nan,,nan,0,nan,nan,nan,INITIALIZING,0.0,0.0,0.0,33.740486532509514,0,0,0,0.0,0.0,1.0,0,0,0,0,0,0,0
1470,184.01630025199995,nan,nan,nan,nan,nan,nan,nan,nan,nan,nan,nan,nan,,nan,0,nan,nan,nan,INITIALIZING,0.0,0.0,0.0,34.56044812458292,0,0,0,0.0,0.0,1.0,0,0,0,0,0,0,0
1471,184.04711521000002,nan,nan,nan,nan,nan,nan,nan,nan,nan,nan,nan,nan,,nan,0,nan,nan,nan,INITIALIZING,0.0,0.0,0.0,32.45177228532671,0,0,0,0.0,0.0,1.0,0,0,0,0,0,0,0
1472,184.08457065699997,nan,nan,nan,nan,nan,nan,nan,nan,nan,nan,nan,nan,,nan,0,nan,nan,nan,INITIALIZING,0.0,0.0,0.0,26.6983864857135,0,0,0,0.0,0.0,1.0,0,0,0,0,0,0,0
1473,184.10878918799995,nan,nan,nan,nan,nan,nan,nan,nan,nan,nan,nan,nan,,nan,0,nan,nan,nan,INITIALIZING,0.0,0.0,0.0,41.29069595513745,0,0,0,0.0,0.0,1.0,0,0,0,0,0,0,0
1474,184.362941547,nan,nan,nan,nan,nan,nan,nan,nan,nan,nan,nan,nan,,nan,0,nan,nan,nan,INITIALIZING,0.0,0.0,0.0,3.9346477205030475,0,0,0,0.0,0.0,1.0,0,0,0,0,0,0,0
1475,184.54282381500002,nan,nan,nan,nan,nan,nan,nan,nan,nan,nan,nan,nan,,nan,0,nan,nan,nan,INITIALIZING,0.0,0.0,0.0,5.559191637498375,0,0,0,0.0,0.0,1.0,0,0,0,0,0,0,0
1476,184.568189535,nan,nan,nan,nan,nan,nan,nan,nan,nan,nan,nan,nan,,nan,0,nan,nan,nan,INITIALIZING,0.0,0.0,0.0,39.42328465351125,0,0,0,0.0,0.0,1.0,0,0,0,0,0,0,0
1477,184.605312078,nan,nan,nan,nan,nan,nan,nan,nan,nan,nan,nan,nan,,nan,0,nan,nan,nan,INITIALIZING,0.0,0.0,0.0,26.93780972924576,0,0,0,0.0,0.0,1.0,0,0,0,0,0,0,0
1478,184.643873051,nan,nan,nan,nan,nan,nan,nan,nan,nan,nan,nan,nan,,nan,0,nan,nan,nan,INITIALIZING,0.0,0.0,0.0,25.932955581788896,0,0,0,0.0,0.0,1.0,0,0,0,0,0,0,0
1479,184.67299016000004,nan,nan,nan,nan,nan,nan,nan,nan,nan,nan,nan,nan,,nan,0,nan,nan,nan,INITIALIZING,0.0,0.0,0.0,34.34406898016905,0,0,0,0.0,0.0,1.0,0,0,0,0,0,0,0
1480,184.70858791800003,nan,nan,nan,nan,nan,nan,nan,nan,nan,nan,nan,nan,,nan,0,nan,nan,nan,INITIALIZING,0.0,0.0,0.0,28.09165678355801,0,0,0,0.0,0.0,1.0,0,0,0,0,0,0,0
1481,184.74618785400003,nan,nan,nan,nan,nan,nan,nan,nan,nan,nan,nan,nan,,nan,0,nan,nan,nan,INITIALIZING,0.0,0.0,0.0,26.595789950286186,0,0,0,0.0,0.0,1.0,0,0,0,0,0,0,0
1482,184.77349882600004,nan,nan,nan,nan,nan,nan,nan,nan,nan,nan,nan,nan,,nan,0,nan,nan,nan,INITIALIZING,0.0,0.0,0.0,36.61532075825272,0,0,0,0.0,0.0,1.0,0,0,0,0,0,0,0
1483,184.80055693400004,nan,nan,nan,nan,nan,nan,nan,nan,nan,nan,nan,nan,,nan,0,nan,nan,nan,INITIALIZING,0.0,0.0,0.0,36.957499023944756,0,0,0,0.0,0.0,1.0,0,0,0,0,0,0,0
1484,184.83282194599997,nan,nan,nan,nan,nan,nan,nan,nan,nan,nan,nan,nan,,nan,0,nan,nan,nan,INITIALIZING,0.0,0.0,0.0,30.993324905700216,0,0,0,0.0,0.0,1.0,0,0,0,0,0,0,0
1485,184.86857600500002,nan,nan,nan,nan,nan,nan,nan,nan,nan,nan,nan,nan,,nan,0,nan,nan,nan,INITIALIZING,0.0,0.0,0.0,27.9688524315086,0,0,0,0.0,0.0,1.0,0,0,0,0,0,0,0
1486,184.900807215,nan,nan,nan,nan,nan,nan,nan,nan,nan,nan,nan,nan,,nan,0,nan,nan,nan,INITIALIZING,0.0,0.0,0.0,31.025828692163007,0,0,0,0.0,0.0,1.0,0,0,0,0,0,0,0
1487,184.93283478,nan,nan,nan,nan,nan,nan,nan,nan,nan,nan,nan,nan,,nan,0,nan,nan,nan,INITIALIZING,0.0,0.0,0.0,31.223104222857305,0,0,0,0.0,0.0,1.0,0,0,0,0,0,0,0
1488,184.97024883099994,nan,nan,nan,nan,nan,nan,nan,nan,nan,nan,nan,nan,,nan,0,nan,nan,nan,INITIALIZING,0.0,0.0,0.0,26.727926361193212,0,0,0,0.0,0.0,1.0,0,0,0,0,0,0,0
1489,185.00179889799995,nan,nan,nan,nan,nan,nan,nan,nan,nan,nan,nan,nan,,nan,0,nan,nan,nan,INITIALIZING,0.0,0.0,0.0,31.69565376833023,0,0,0,0.0,0.0,1.0,0,0,0,0,0,0,0
1490,185.038657015,nan,nan,nan,nan,nan,nan,nan,nan,nan,nan,nan,nan,,nan,0,nan,nan,nan,INITIALIZING,0.0,0.0,0.0,27.131065865308035,0,0,0,0.0,0.0,1.0,0,0,0,0,0,0,0
1491,185.07913068799996,nan,nan,nan,nan,nan,nan,nan,nan,nan,nan,nan,nan,,nan,0,nan,nan,nan,INITIALIZING,0.0,0.0,0.0,24.707419067234227,0,0,0,0.0,0.0,1.0,0,0,0,0,0,0,0
1492,185.12706963999995,nan,nan,nan,nan,nan,nan,nan,nan,nan,nan,nan,nan,,nan,0,nan,nan,nan,INITIALIZING,0.0,0.0,0.0,20.859863603200786,0,0,0,0.0,0.0,1.0,0,0,0,0,0,0,0
1493,185.159973712,nan,nan,nan,nan,nan,nan,nan,nan,nan,nan,nan,nan,,nan,0,nan,nan,nan,INITIALIZING,0.0,0.0,0.0,30.39137526802243,0,0,0,0.0,0.0,1.0,0,0,0,0,0,0,0
1494,185.201601547,nan,nan,nan,nan,nan,nan,nan,nan,nan,nan,nan,nan,,nan,0,nan,nan,nan,INITIALIZING,0.0,0.0,0.0,24.022387904639864,0,0,0,0.0,0.0,1.0,0,0,0,0,0,0,0
1495,185.23478092999994,nan,nan,nan,nan,nan,nan,nan,nan,nan,nan,nan,nan,,nan,0,nan,nan,nan,INITIALIZING,0.0,0.0,0.0,30.139198188272495,0,0,0,0.0,0.0,1.0,0,0,0,0,0,0,0
1496,185.27071654999997,nan,nan,nan,nan,nan,nan,nan,nan,nan,nan,nan,nan,,nan,0,nan,nan,nan,INITIALIZING,0.0,0.0,0.0,27.827542699948093,0,0,0,0.0,0.0,1.0,0,0,0,0,0,0,0
1497,185.31260012300004,nan,nan,nan,nan,nan,nan,nan,nan,nan,nan,nan,nan,,nan,0,nan,nan,nan,INITIALIZING,0.0,0.0,0.0,23.875708980188445,0,0,0,0.0,0.0,1.0,0,0,0,0,0,0,0
1498,185.34016073600003,nan,nan,nan,nan,nan,nan,nan,nan,nan,nan,nan,nan,,nan,0,nan,nan,nan,INITIALIZING,0.0,0.0,0.0,36.283663211711215,0,0,0,0.0,0.0,1.0,0,0,0,0,0,0,0
1499,185.37338330499995,nan,nan,nan,nan,nan,nan,nan,nan,nan,nan,nan,nan,,nan,0,nan,nan,nan,INITIALIZING,0.0,0.0,0.0,30.100020260398193,0,0,0,0.0,0.0,1.0,0,0,0,0,0,0,0
1500,185.41484688100002,nan,nan,nan,nan,nan,nan,nan,nan,nan,nan,nan,nan,,nan,0,nan,nan,nan,INITIALIZING,0.0,0.0,0.0,24.117553198940932,0,0,0,0.0,0.0,1.0,0,0,0,0,0,0,0
1501,185.45048527300003,nan,nan,nan,nan,nan,nan,nan,nan,nan,nan,nan,nan,,nan,0,nan,nan,nan,INITIALIZING,0.0,0.0,0.0,28.059627381609243,0,0,0,0.0,0.0,1.0,0,0,0,0,0,0,0
1502,185.48478315,nan,nan,nan,nan,nan,nan,nan,nan,nan,nan,nan,nan,,nan,0,nan,nan,nan,INITIALIZING,0.0,0.0,0.0,29.1563235823845,0,0,0,0.0,0.0,1.0,0,0,0,0,0,0,0
1503,185.51807030099997,nan,nan,nan,nan,nan,nan,nan,nan,nan,nan,nan,nan,,nan,0,nan,nan,nan,INITIALIZING,0.0,0.0,0.0,30.041621765736878,0,0,0,0.0,0.0,1.0,0,0,0,0,0,0,0
1504,185.54567903999998,nan,nan,nan,nan,nan,nan,nan,nan,nan,nan,nan,nan,,nan,0,nan,nan,nan,INITIALIZING,0.0,0.0,0.0,36.22041557201983,0,0,0,0.0,0.0,1.0,0,0,0,0,0,0,0
1505,185.574281315,nan,nan,nan,nan,nan,nan,nan,nan,nan,nan,nan,nan,,nan,0,nan,nan,nan,INITIALIZING,0.0,0.0,0.0,34.96225387662705,0,0,0,0.0,0.0,1.0,0,0,0,0,0,0,0
1506,185.605260456,nan,nan,nan,nan,nan,nan,nan,nan,nan,nan,nan,nan,,nan,0,nan,nan,nan,INITIALIZING,0.0,0.0,0.0,32.279784646073914,0,0,0,0.0,0.0,1.0,0,0,0,0,0,0,0
1507,185.63682568800004,nan,nan,nan,nan,nan,nan,nan,nan,nan,nan,nan,nan,,nan,0,nan,nan,nan,INITIALIZING,0.0,0.0,0.0,31.68042610928617,0,0,0,0.0,0.0,1.0,0,0,0,0,0,0,0
1508,185.668833887,nan,nan,nan,nan,nan,nan,nan,nan,nan,nan,nan,nan,,nan,0,nan,nan,nan,INITIALIZING,0.0,0.0,0.0,31.241995215076788,0,0,0,0.0,0.0,1.0,0,0,0,0,0,0,0
1509,185.70528055599993,nan,nan,nan,nan,nan,nan,nan,nan,nan,nan,nan,nan,,nan,0,nan,nan,nan,INITIALIZING,0.0,0.0,0.0,27.43734962451434,0,0,0,0.0,0.0,1.0,0,0,0,0,0,0,0
1510,185.73959473499997,nan,nan,nan,nan,nan,nan,nan,nan,nan,nan,nan,nan,,nan,0,nan,nan,nan,INITIALIZING,0.0,0.0,0.0,29.1424719792653,0,0,0,0.0,0.0,1.0,0,0,0,0,0,0,0
1511,186.03652687299996,nan,nan,nan,nan,nan,nan,nan,nan,nan,nan,nan,nan,,nan,0,nan,nan,nan,INITIALIZING,0.0,0.0,0.0,3.367772874757125,0,0,0,0.0,0.0,1.0,0,0,0,0,0,0,0
1512,186.06248035800002,nan,nan,nan,nan,nan,nan,nan,nan,nan,nan,nan,nan,,nan,0,nan,nan,nan,INITIALIZING,0.0,0.0,0.0,38.53047095593221,0,0,0,0.0,0.0,1.0,0,0,0,0,0,0,0
1513,186.090270293,nan,nan,nan,nan,nan,nan,nan,nan,nan,nan,nan,nan,,nan,0,nan,nan,nan,INITIALIZING,0.0,0.0,0.0,35.984251132666046,0,0,0,0.0,0.0,1.0,0,0,0,0,0,0,0
1514,186.11446664999994,nan,nan,nan,nan,nan,nan,nan,nan,nan,nan,nan,nan,,nan,0,nan,nan,nan,INITIALIZING,0.0,0.0,0.0,41.328535531303395,0,0,0,0.0,0.0,1.0,0,0,0,0,0,0,0
1515,186.22067412,nan,nan,nan,nan,nan,nan,nan,nan,nan,nan,nan,nan,,nan,0,nan,nan,nan,INITIALIZING,0.0,0.0,0.0,9.415533577810683,0,0,0,0.0,0.0,1.0,0,0,0,0,0,0,0
1516,186.256576678,nan,nan,nan,nan,nan,nan,nan,nan,nan,nan,nan,nan,,nan,0,nan,nan,nan,INITIALIZING,0.0,0.0,0.0,27.853168568119585,0,0,0,0.0,0.0,1.0,0,0,0,0,0,0,0
1517,186.29869041300003,nan,nan,nan,nan,nan,nan,nan,nan,nan,nan,nan,nan,,nan,0,nan,nan,nan,INITIALIZING,0.0,0.0,0.0,23.74522231283845,0,0,0,0.0,0.0,1.0,0,0,0,0,0,0,0
1518,186.330797995,nan,nan,nan,nan,nan,nan,nan,nan,nan,nan,nan,nan,,nan,0,nan,nan,nan,INITIALIZING,0.0,0.0,0.0,31.145291476655142,0,0,0,0.0,0.0,1.0,0,0,0,0,0,0,0
1519,186.363684584,nan,nan,nan,nan,nan,nan,nan,nan,nan,nan,nan,nan,,nan,0,nan,nan,nan,INITIALIZING,0.0,0.0,0.0,30.407531775351437,0,0,0,0.0,0.0,1.0,0,0,0,0,0,0,0
1520,186.39267478299996,nan,nan,nan,nan,nan,nan,nan,nan,nan,nan,nan,nan,,nan,0,nan,nan,nan,INITIALIZING,0.0,0.0,0.0,34.49441654406236,0,0,0,0.0,0.0,1.0,0,0,0,0,0,0,0
1521,186.41710583199995,nan,nan,nan,nan,nan,nan,nan,nan,nan,nan,nan,nan,,nan,0,nan,nan,nan,INITIALIZING,0.0,0.0,0.0,40.931521196677494,0,0,0,0.0,0.0,1.0,0,0,0,0,0,0,0
1522,186.446033531,nan,nan,nan,nan,nan,nan,nan,nan,nan,nan,nan,nan,,nan,0,nan,nan,nan,INITIALIZING,0.0,0.0,0.0,34.56894376555056,0,0,0,0.0,0.0,1.0,0,0,0,0,0,0,0
1523,186.487926334,nan,nan,nan,nan,nan,nan,nan,nan,nan,nan,nan,nan,,nan,0,nan,nan,nan,INITIALIZING,0.0,0.0,0.0,23.870448582781467,0,0,0,0.0,0.0,1.0,0,0,0,0,0,0,0
1524,186.52580946599994,nan,nan,nan,nan,nan,nan,nan,nan,nan,nan,nan,nan,,nan,0,nan,nan,nan,INITIALIZING,0.0,0.0,0.0,26.39697266851522,0,0,0,0.0,0.0,1.0,0,0,0,0,0,0,0
1525,186.56223895799997,nan,nan,nan,nan,nan,nan,nan,nan,nan,nan,nan,nan,,nan,0,nan,nan,nan,INITIALIZING,0.0,0.0,0.0,27.45028670724588,0,0,0,0.0,0.0,1.0,0,0,0,0,0,0,0
1526,186.59461627899998,nan,nan,nan,nan,nan,nan,nan,nan,nan,nan,nan,nan,,nan,0,nan,nan,nan,INITIALIZING,0.0,0.0,0.0,30.885816649240642,0,0,0,0.0,0.0,1.0,0,0,0,0,0,0,0
1527,186.62581990599995,nan,nan,nan,nan,nan,nan,nan,nan,nan,nan,nan,nan,,nan,0,nan,nan,nan,INITIALIZING,0.0,0.0,0.0,32.0475565228691,0,0,0,0.0,0.0,1.0,0,0,0,0,0,0,0
1528,186.723707645,nan,nan,nan,nan,nan,nan,nan,nan,nan,nan,nan,nan,,nan,0,nan,nan,nan,INITIALIZING,0.0,0.0,0.0,10.215784021730814,0,0,0,0.0,0.0,1.0,0,0,0,0,0,0,0
1529,186.76049328199997,nan,nan,nan,nan,nan,nan,nan,nan,nan,nan,nan,nan,,nan,0,nan,nan,nan,INITIALIZING,0.0,0.0,0.0,27.18452313332362,0,0,0,0.0,0.0,1.0,0,0,0,0,0,0,0
1530,186.80354332000002,nan,nan,nan,nan,nan,nan,nan,nan,nan,nan,nan,nan,,nan,0,nan,nan,nan,INITIALIZING,0.0,0.0,0.0,23.228783212663256,0,0,0,0.0,0.0,1.0,0,0,0,0,0,0,0
1531,186.836391993,nan,nan,nan,nan,nan,nan,nan,nan,nan,nan,nan,nan,,nan,0,nan,nan,nan,INITIALIZING,0.0,0.0,0.0,30.44263005693775,0,0,0,0.0,0.0,1.0,0,0,0,0,0,0,0
1532,186.86971769499996,nan,nan,nan,nan,nan,nan,nan,nan,nan,nan,nan,nan,,nan,0,nan,nan,nan,INITIALIZING,0.0,0.0,0.0,30.006869772805004,0,0,0,0.0,0.0,1.0,0,0,0,0,0,0,0
1533,186.912318465,nan,nan,nan,nan,nan,nan,nan,nan,nan,nan,nan,nan,,nan,0,nan,nan,nan,INITIALIZING,0.0,0.0,0.0,23.473754112875593,0,0,0,0.0,0.0,1.0,0,0,0,0,0,0,0
1534,186.958061982,nan,nan,nan,nan,nan,nan,nan,nan,nan,nan,nan,nan,,nan,0,nan,nan,nan,INITIALIZING,0.0,0.0,0.0,21.861021311498266,0,0,0,0.0,0.0,1.0,0,0,0,0,0,0,0
1535,187.021546211,nan,nan,nan,nan,nan,nan,nan,nan,nan,nan,nan,nan,,nan,0,nan,nan,nan,INITIALIZING,0.0,0.0,0.0,15.751943683529293,0,0,0,0.0,0.0,1.0,0,0,0,0,0,0,0
1536,187.058153984,nan,nan,nan,nan,nan,nan,nan,nan,nan,nan,nan,nan,,nan,0,nan,nan,nan,INITIALIZING,0.0,0.0,0.0,27.316602952045457,0,0,0,0.0,0.0,1.0,0,0,0,0,0,0,0
1537,187.08866151999996,nan,nan,nan,nan,nan,nan,nan,nan,nan,nan,nan,nan,,nan,0,nan,nan,nan,INITIALIZING,0.0,0.0,0.0,32.778786198968646,0,0,0,0.0,0.0,1.0,0,0,0,0,0,0,0
1538,187.11783432200002,nan,nan,nan,nan,nan,nan,nan,nan,nan,nan,nan,nan,,nan,0,nan,nan,nan,INITIALIZING,0.0,0.0,0.0,34.27850365548974,0,0,0,0.0,0.0,1.0,0,0,0,0,0,0,0
1539,187.15236137299996,nan,nan,nan,nan,nan,nan,nan,nan,nan,nan,nan,nan,,nan,0,nan,nan,nan,INITIALIZING,0.0,0.0,0.0,28.962797894373065,0,0,0,0.0,0.0,1.0,0,0,0,0,0,0,0
1540,187.19182606100003,nan,nan,nan,nan,nan,nan,nan,nan,nan,nan,nan,nan,,nan,0,nan,nan,nan,INITIALIZING,0.0,0.0,0.0,25.33910821740988,0,0,0,0.0,0.0,1.0,0,0,0,0,0,0,0
1541,187.22194011,nan,nan,nan,nan,nan,nan,nan,nan,nan,nan,nan,nan,,nan,0,nan,nan,nan,INITIALIZING,0.0,0.0,0.0,33.20709214497343,0,0,0,0.0,0.0,1.0,0,0,0,0,0,0,0
1542,187.25374899500002,nan,nan,nan,nan,nan,nan,nan,nan,nan,nan,nan,nan,,nan,0,nan,nan,nan,INITIALIZING,0.0,0.0,0.0,31.43775709205109,0,0,0,0.0,0.0,1.0,0,0,0,0,0,0,0
1543,187.285899652,nan,nan,nan,nan,nan,nan,nan,nan,nan,nan,nan,nan,,nan,0,nan,nan,nan,INITIALIZING,0.0,0.0,0.0,31.1035634512963,0,0,0,0.0,0.0,1.0,0,0,0,0,0,0,0
1544,187.31713063099994,nan,nan,nan,nan,nan,nan,nan,nan,nan,nan,nan,nan,,nan,0,nan,nan,nan,INITIALIZING,0.0,0.0,0.0,32.01948936670457,0,0,0,0.0,0.0,1.0,0,0,0,0,0,0,0
1545,187.348018798,nan,nan,nan,nan,nan,nan,nan,nan,nan,nan,nan,nan,,nan,0,nan,nan,nan,INITIALIZING,0.0,0.0,0.0,32.37485733608416,0,0,0,0.0,0.0,1.0,0,0,0,0,0,0,0
1546,187.37680473299997,nan,nan,nan,nan,nan,nan,nan,nan,nan,nan,nan,nan,,nan,0,nan,nan,nan,INITIALIZING,0.0,0.0,0.0,34.73918773181835,0,0,0,0.0,0.0,1.0,0,0,0,0,0,0,0
1547,187.40803993099996,nan,nan,nan,nan,nan,nan,nan,nan,nan,nan,nan,nan,,nan,0,nan,nan,nan,INITIALIZING,0.0,0.0,0.0,32.01516443085491,0,0,0,0.0,0.0,1.0,0,0,0,0,0,0,0
1548,187.44163621300004,nan,nan,nan,nan,nan,nan,nan,nan,nan,nan,nan,nan,,nan,0,nan,nan,nan,INITIALIZING,0.0,0.0,0.0,29.76519842278203,0,0,0,0.0,0.0,1.0,0,0,0,0,0,0,0
1549,187.482508146,nan,nan,nan,nan,nan,nan,nan,nan,nan,nan,nan,nan,,nan,0,nan,nan,nan,INITIALIZING,0.0,0.0,0.0,24.46666762742197,0,0,0,0.0,0.0,1.0,0,0,0,0,0,0,0
1550,187.510612938,nan,nan,nan,nan,nan,nan,nan,nan,nan,nan,nan,nan,,nan,0,nan,nan,nan,INITIALIZING,0.0,0.0,0.0,35.58112082805025,0,0,0,0.0,0.0,1.0,0,0,0,0,0,0,0
1551,187.551955702,nan,nan,nan,nan,nan,nan,nan,nan,nan,nan,nan,nan,,nan,0,nan,nan,nan,INITIALIZING,0.0,0.0,0.0,24.18802961506222,0,0,0,0.0,0.0,1.0,0,0,0,0,0,0,0
1552,187.593470862,nan,nan,nan,nan,nan,nan,nan,nan,nan,nan,nan,nan,,nan,0,nan,nan,nan,INITIALIZING,0.0,0.0,0.0,24.08758631785559,0,0,0,0.0,0.0,1.0,0,0,0,0,0,0,0
1553,187.626388657,nan,nan,nan,nan,nan,nan,nan,nan,nan,nan,nan,nan,,nan,0,nan,nan,nan,INITIALIZING,0.0,0.0,0.0,30.378705499560592,0,0,0,0.0,0.0,1.0,0,0,0,0,0,0,0
1554,187.65449501199998,nan,nan,nan,nan,nan,nan,nan,nan,nan,nan,nan,nan,,nan,0,nan,nan,nan,INITIALIZING,0.0,0.0,0.0,35.579142154890334,0,0,0,0.0,0.0,1.0,0,0,0,0,0,0,0
1555,187.69032961899995,nan,nan,nan,nan,nan,nan,nan,nan,nan,nan,nan,nan,,nan,0,nan,nan,nan,INITIALIZING,0.0,0.0,0.0,27.90598484869232,0,0,0,0.0,0.0,1.0,0,0,0,0,0,0,0
1556,187.72598594600004,nan,nan,nan,nan,nan,nan,nan,nan,nan,nan,nan,nan,,nan,0,nan,nan,nan,INITIALIZING,0.0,0.0,0.0,28.045513493233948,0,0,0,0.0,0.0,1.0,0,0,0,0,0,0,0
1557,187.771476195,nan,nan,nan,nan,nan,nan,nan,nan,nan,nan,nan,nan,,nan,0,nan,nan,nan,INITIALIZING,0.0,0.0,0.0,21.982733046834078,0,0,0,0.0,0.0,1.0,0,0,0,0,0,0,0
1558,187.80706194899994,nan,nan,nan,nan,nan,nan,nan,nan,nan,nan,nan,nan,,nan,0,nan,nan,nan,INITIALIZING,0.0,0.0,0.0,28.101132829764158,0,0,0,0.0,0.0,1.0,0,0,0,0,0,0,0
1559,187.84057880499995,nan,nan,nan,nan,nan,nan,nan,nan,nan,nan,nan,nan,,nan,0,nan,nan,nan,INITIALIZING,0.0,0.0,0.0,29.835733996047587,0,0,0,0.0,0.0,1.0,0,0,0,0,0,0,0
1560,187.92760296300003,nan,nan,nan,nan,nan,nan,nan,nan,nan,nan,nan,nan,,nan,0,nan,nan,nan,INITIALIZING,0.0,0.0,0.0,11.491062056574224,0,0,0,0.0,0.0,1.0,0,0,0,0,0,0,0
1561,187.96663141299996,nan,nan,nan,nan,nan,nan,nan,nan,nan,nan,nan,nan,,nan,0,nan,nan,nan,INITIALIZING,0.0,0.0,0.0,25.62233447656081,0,0,0,0.0,0.0,1.0,0,0,0,0,0,0,0
1562,187.99155090499994,nan,nan,nan,nan,nan,nan,nan,nan,nan,nan,nan,nan,,nan,0,nan,nan,nan,INITIALIZING,0.0,0.0,0.0,40.129228958630726,0,0,0,0.0,0.0,1.0,0,0,0,0,0,0,0
1563,188.021575794,nan,nan,nan,nan,nan,nan,nan,nan,nan,nan,nan,nan,,nan,0,nan,nan,nan,INITIALIZING,0.0,0.0,0.0,33.305701812852405,0,0,0,0.0,0.0,1.0,0,0,0,0,0,0,0
1564,188.04896522399997,nan,nan,nan,nan,nan,nan,nan,nan,nan,nan,nan,nan,,nan,0,nan,nan,nan,INITIALIZING,0.0,0.0,0.0,36.51043486487511,0,0,0,0.0,0.0,1.0,0,0,0,0,0,0,0
1565,188.09305131199994,nan,nan,nan,nan,nan,nan,nan,nan,nan,nan,nan,nan,,nan,0,nan,nan,nan,INITIALIZING,0.0,0.0,0.0,22.68289261684183,0,0,0,0.0,0.0,1.0,0,0,0,0,0,0,0
1566,188.12900216900005,nan,nan,nan,nan,nan,nan,nan,nan,nan,nan,nan,nan,,nan,0,nan,nan,nan,INITIALIZING,0.0,0.0,0.0,27.815748592506335,0,0,0,0.0,0.0,1.0,0,0,0,0,0,0,0
1567,188.157731959,nan,nan,nan,nan,nan,nan,nan,nan,nan,nan,nan,nan,,nan,0,nan,nan,nan,INITIALIZING,0.0,0.0,0.0,34.8070765571897,0,0,0,0.0,0.0,1.0,0,0,0,0,0,0,0
1568,188.198072175,nan,nan,nan,nan,nan,nan,nan,nan,nan,nan,nan,nan,,nan,0,nan,nan,nan,INITIALIZING,0.0,0.0,0.0,24.789158293051706,0,0,0,0.0,0.0,1.0,0,0,0,0,0,0,0
1569,188.22351301799995,nan,nan,nan,nan,nan,nan,nan,nan,nan,nan,nan,nan,,nan,0,nan,nan,nan,INITIALIZING,0.0,0.0,0.0,39.30687359698495,0,0,0,0.0,0.0,1.0,0,0,0,0,0,0,0
1570,188.25179260200002,nan,nan,nan,nan,nan,nan,nan,nan,nan,nan,nan,nan,,nan,0,nan,nan,nan,INITIALIZING,0.0,0.0,0.0,35.361199089681335,0,0,0,0.0,0.0,1.0,0,0,0,0,0,0,0
1571,188.282484157,nan,nan,nan,nan,nan,nan,nan,nan,nan,nan,nan,nan,,nan,0,nan,nan,nan,INITIALIZING,0.0,0.0,0.0,32.582252675069384,0,0,0,0.0,0.0,1.0,0,0,0,0,0,0,0
1572,188.32543791499995,nan,nan,nan,nan,nan,nan,nan,nan,nan,nan,nan,nan,,nan,0,nan,nan,nan,INITIALIZING,0.0,0.0,0.0,23.28085007139743,0,0,0,0.0,0.0,1.0,0,0,0,0,0,0,0
1573,188.36198883099996,nan,nan,nan,nan,nan,nan,nan,nan,nan,nan,nan,nan,,nan,0,nan,nan,nan,INITIALIZING,0.0,0.0,0.0,27.359095460144484,0,0,0,0.0,0.0,1.0,0,0,0,0,0,0,0
1574,188.39665902399997,nan,nan,nan,nan,nan,nan,nan,nan,nan,nan,nan,nan,,nan,0,nan,nan,nan,INITIALIZING,0.0,0.0,0.0,28.84321988053794,0,0,0,0.0,0.0,1.0,0,0,0,0,0,0,0
1575,196.73443159099998,261.8686828613281,174.13131713867188,338.0,300.0,225.55403900146484,75.24596099853515,332.8,402.7,206.0,22.0,330.0,458.0,0.252523273229599,0.962926,1,0.48290724046448325,0.11813954099646373,1.4905325443786983,SOFT_REINITIALIZING,7.657747721999954,0.331801351000081,167.41633825399998,0.11993610907041184,1,0,0,9.03439221953249,0.011292990274415613,1.0,0,0,0,0,1,0,0
1576,196.768472105,225.55403900146484,75.24596099853515,332.8,402.7,225.55403900146484,75.24596099853515,332.8,402.7,nan,nan,nan,nan,,nan,0,nan,nan,nan,INITIALIZING,0.0,0.0,0.0,29.376759704605057,0,0,0,0.0,0.0,1.0,0,0,0,0,1,0,0
1577,196.80181256799995,225.55403900146484,75.24596099853515,332.8,402.7,225.55403900146484,75.24596099853515,332.8,402.7,nan,nan,nan,nan,,nan,0,nan,nan,nan,INITIALIZING,0.0,0.0,0.0,29.99358467222397,0,0,0,0.0,0.0,1.0,0,0,0,0,1,0,0
1578,196.835504228,225.55403900146484,75.24596099853515,332.8,402.7,225.55403900146484,75.24596099853515,332.8,402.7,nan,nan,nan,nan,,nan,0,nan,nan,nan,INITIALIZING,0.0,0.0,0.0,29.680935875485655,0,0,0,0.0,0.0,1.0,0,0,0,0,1,0,0
1579,196.869175628,225.55403900146484,75.24596099853515,332.8,402.7,225.55403900146484,75.24596099853515,332.8,402.7,nan,nan,nan,nan,,nan,0,nan,nan,nan,INITIALIZING,0.0,0.0,0.0,29.698794822903526,0,0,0,0.0,0.0,1.0,0,0,0,0,1,0,0
1580,196.91382315500005,225.55403900146484,75.24596099853515,332.8,402.7,225.55403900146484,75.24596099853515,332.8,402.7,nan,nan,nan,nan,,nan,0,nan,nan,nan,INITIALIZING,0.0,0.0,0.0,22.397657097532793,0,0,0,0.0,0.0,1.0,0,0,0,0,1,0,0
1581,196.94010467199996,225.55403900146484,75.24596099853515,332.8,402.7,225.55403900146484,75.24596099853515,332.8,402.7,nan,nan,nan,nan,,nan,0,nan,nan,nan,INITIALIZING,0.0,0.0,0.0,38.04955398895753,0,0,0,0.0,0.0,1.0,0,0,0,0,1,0,0
1582,196.96877680900002,225.55403900146484,75.24596099853515,332.8,402.7,225.55403900146484,75.24596099853515,332.8,402.7,nan,nan,nan,nan,,nan,0,nan,nan,nan,INITIALIZING,0.0,0.0,0.0,34.87706549386204,0,0,0,0.0,0.0,1.0,0,0,0,0,1,0,0
1583,196.998972278,225.55403900146484,75.24596099853515,332.8,402.7,225.55403900146484,75.24596099853515,332.8,402.7,nan,nan,nan,nan,,nan,0,nan,nan,nan,INITIALIZING,0.0,0.0,0.0,33.11755151081592,0,0,0,0.0,0.0,1.0,0,0,0,0,1,0,0
1584,197.03102295099995,225.55403900146484,75.24596099853515,332.8,402.7,225.55403900146484,75.24596099853515,332.8,402.7,nan,nan,nan,nan,,nan,0,nan,nan,nan,INITIALIZING,0.0,0.0,0.0,31.200592886187245,0,0,0,0.0,0.0,1.0,0,0,0,0,1,0,0
1585,197.06140076299994,225.55403900146484,75.24596099853515,332.8,402.7,225.55403900146484,75.24596099853515,332.8,402.7,nan,nan,nan,nan,,nan,0,nan,nan,nan,INITIALIZING,0.0,0.0,0.0,32.91876320784881,0,0,0,0.0,0.0,1.0,0,0,0,0,1,0,0
1586,197.16426563699997,225.55403900146484,75.24596099853515,332.8,402.7,225.55403900146484,75.24596099853515,332.8,402.7,nan,nan,nan,nan,,nan,0,nan,nan,nan,INITIALIZING,0.0,0.0,0.0,9.721491517110827,0,0,0,0.0,0.0,1.0,0,0,0,0,1,0,0
1587,197.206994677,225.55403900146484,75.24596099853515,332.8,402.7,225.55403900146484,75.24596099853515,332.8,402.7,nan,nan,nan,nan,,nan,0,nan,nan,nan,INITIALIZING,0.0,0.0,0.0,23.403287319328015,0,0,0,0.0,0.0,1.0,0,0,0,0,1,0,0
1588,197.24291664600003,225.55403900146484,75.24596099853515,332.8,402.7,225.55403900146484,75.24596099853515,332.8,402.7,nan,nan,nan,nan,,nan,0,nan,nan,nan,INITIALIZING,0.0,0.0,0.0,27.83811767109969,0,0,0,0.0,0.0,1.0,0,0,0,0,1,0,0
1589,197.27331784299997,225.55403900146484,75.24596099853515,332.8,402.7,225.55403900146484,75.24596099853515,332.8,402.7,nan,nan,nan,nan,,nan,0,nan,nan,nan,INITIALIZING,0.0,0.0,0.0,32.8934416628977,0,0,0,0.0,0.0,1.0,0,0,0,0,1,0,0
1590,197.30312305799998,225.55403900146484,75.24596099853515,332.8,402.7,225.55403900146484,75.24596099853515,332.8,402.7,nan,nan,nan,nan,,nan,0,nan,nan,nan,INITIALIZING,0.0,0.0,0.0,33.55117552413743,0,0,0,0.0,0.0,1.0,0,0,0,0,1,0,0
1591,197.346970802,225.55403900146484,75.24596099853515,332.8,402.7,225.55403900146484,75.24596099853515,332.8,402.7,nan,nan,nan,nan,,nan,0,nan,nan,nan,INITIALIZING,0.0,0.0,0.0,22.806190439350843,0,0,0,0.0,0.0,1.0,0,0,0,0,1,0,0
1592,197.382519184,225.55403900146484,75.24596099853515,332.8,402.7,225.55403900146484,75.24596099853515,332.8,402.7,nan,nan,nan,nan,,nan,0,nan,nan,nan,INITIALIZING,0.0,0.0,0.0,28.13067553960544,0,0,0,0.0,0.0,1.0,0,0,0,0,1,0,0
1593,197.41548600800002,225.55403900146484,75.24596099853515,332.8,402.7,225.55403900146484,75.24596099853515,332.8,402.7,nan,nan,nan,nan,,nan,0,nan,nan,nan,INITIALIZING,0.0,0.0,0.0,30.333525607415798,0,0,0,0.0,0.0,1.0,0,0,0,0,1,0,0
1594,197.45160006699996,225.55403900146484,75.24596099853515,332.8,402.7,225.55403900146484,75.24596099853515,332.8,402.7,nan,nan,nan,nan,,nan,0,nan,nan,nan,INITIALIZING,0.0,0.0,0.0,27.690047247295002,0,0,0,0.0,0.0,1.0,0,0,0,0,1,0,0
1595,197.48233069599996,225.55403900146484,75.24596099853515,332.8,402.7,225.55403900146484,75.24596099853515,332.8,402.7,nan,nan,nan,nan,,nan,0,nan,nan,nan,INITIALIZING,0.0,0.0,0.0,32.540824335221465,0,0,0,0.0,0.0,1.0,0,0,0,0,1,0,0
1596,197.516088717,225.55403900146484,75.24596099853515,332.8,402.7,225.55403900146484,75.24596099853515,332.8,402.7,nan,nan,nan,nan,,nan,0,nan,nan,nan,INITIALIZING,0.0,0.0,0.0,29.62258954690576,0,0,0,0.0,0.0,1.0,0,0,0,0,1,0,0
1597,197.55075960099998,225.55403900146484,75.24596099853515,332.8,402.7,225.55403900146484,75.24596099853515,332.8,402.7,nan,nan,nan,nan,,nan,0,nan,nan,nan,INITIALIZING,0.0,0.0,0.0,28.84264502747031,0,0,0,0.0,0.0,1.0,0,0,0,0,1,0,0
1598,197.58069179400002,225.55403900146484,75.24596099853515,332.8,402.7,225.55403900146484,75.24596099853515,332.8,402.7,nan,nan,nan,nan,,nan,0,nan,nan,nan,INITIALIZING,0.0,0.0,0.0,33.40884511865858,0,0,0,0.0,0.0,1.0,0,0,0,0,1,0,0
1599,197.610878414,225.55403900146484,75.24596099853515,332.8,402.7,225.55403900146484,75.24596099853515,332.8,402.7,nan,nan,nan,nan,,nan,0,nan,nan,nan,INITIALIZING,0.0,0.0,0.0,33.12725969320737,0,0,0,0.0,0.0,1.0,0,0,0,0,1,0,0
1600,197.644824298,225.55403900146484,75.24596099853515,332.8,402.7,225.55403900146484,75.24596099853515,332.8,402.7,nan,nan,nan,nan,,nan,0,nan,nan,nan,INITIALIZING,0.0,0.0,0.0,29.458652483472672,0,0,0,0.0,0.0,1.0,0,0,0,0,1,0,0
1601,197.686730796,225.55403900146484,75.24596099853515,332.8,402.7,225.55403900146484,75.24596099853515,332.8,402.7,nan,nan,nan,nan,,nan,0,nan,nan,nan,INITIALIZING,0.0,0.0,0.0,23.86264774498523,0,0,0,0.0,0.0,1.0,0,0,0,0,1,0,0
1602,197.72504167399995,225.55403900146484,75.24596099853515,332.8,402.7,225.55403900146484,75.24596099853515,332.8,402.7,nan,nan,nan,nan,,nan,0,nan,nan,nan,INITIALIZING,0.0,0.0,0.0,26.10224699108621,0,0,0,0.0,0.0,1.0,0,0,0,0,1,0,0
1603,197.75399751500004,225.55403900146484,75.24596099853515,332.8,402.7,225.55403900146484,75.24596099853515,332.8,402.7,nan,nan,nan,nan,,nan,0,nan,nan,nan,INITIALIZING,0.0,0.0,0.0,34.535346426205045,0,0,0,0.0,0.0,1.0,0,0,0,0,1,0,0
1604,197.79328823499998,225.55403900146484,75.24596099853515,332.8,402.7,225.55403900146484,75.24596099853515,332.8,402.7,nan,nan,nan,nan,,nan,0,nan,nan,nan,INITIALIZING,0.0,0.0,0.0,25.451302495895433,0,0,0,0.0,0.0,1.0,0,0,0,0,1,0,0
1605,197.836742855,225.55403900146484,75.24596099853515,332.8,402.7,225.55403900146484,75.24596099853515,332.8,402.7,nan,nan,nan,nan,,nan,0,nan,nan,nan,INITIALIZING,0.0,0.0,0.0,23.01251282370472,0,0,0,0.0,0.0,1.0,0,0,0,0,1,0,0
1606,197.86510025899997,225.55403900146484,75.24596099853515,332.8,402.7,225.55403900146484,75.24596099853515,332.8,402.7,nan,nan,nan,nan,,nan,0,nan,nan,nan,INITIALIZING,0.0,0.0,0.0,35.264158877213724,0,0,0,0.0,0.0,1.0,0,0,0,0,1,0,0
1607,197.89147516599996,225.55403900146484,75.24596099853515,332.8,402.7,225.55403900146484,75.24596099853515,332.8,402.7,nan,nan,nan,nan,,nan,0,nan,nan,nan,INITIALIZING,0.0,0.0,0.0,37.914825633332704,0,0,0,0.0,0.0,1.0,0,0,0,0,1,0,0
1608,197.91663345999996,225.55403900146484,75.24596099853515,332.8,402.7,225.55403900146484,75.24596099853515,332.8,402.7,nan,nan,nan,nan,,nan,0,nan,nan,nan,INITIALIZING,0.0,0.0,0.0,39.74832315737543,0,0,0,0.0,0.0,1.0,0,0,0,0,1,0,0
1609,197.94363461599994,225.55403900146484,75.24596099853515,332.8,402.7,225.55403900146484,75.24596099853515,332.8,402.7,nan,nan,nan,nan,,nan,0,nan,nan,nan,INITIALIZING,0.0,0.0,0.0,37.03545137106834,0,0,0,0.0,0.0,1.0,0,0,0,0,1,0,0
1610,197.97676794999995,225.55403900146484,75.24596099853515,332.8,402.7,225.55403900146484,75.24596099853515,332.8,402.7,nan,nan,nan,nan,,nan,0,nan,nan,nan,INITIALIZING,0.0,0.0,0.0,30.181085911837684,0,0,0,0.0,0.0,1.0,0,0,0,0,1,0,0
1611,198.005077229,225.55403900146484,75.24596099853515,332.8,402.7,225.55403900146484,75.24596099853515,332.8,402.7,nan,nan,nan,nan,,nan,0,nan,nan,nan,INITIALIZING,0.0,0.0,0.0,35.32410698268056,0,0,0,0.0,0.0,1.0,0,0,0,0,1,0,0
1612,198.03711186700002,225.55403900146484,75.24596099853515,332.8,402.7,225.55403900146484,75.24596099853515,332.8,402.7,nan,nan,nan,nan,,nan,0,nan,nan,nan,INITIALIZING,0.0,0.0,0.0,31.21621040322496,0,0,0,0.0,0.0,1.0,0,0,0,0,1,0,0
1613,198.06952660800005,225.55403900146484,75.24596099853515,332.8,402.7,225.55403900146484,75.24596099853515,332.8,402.7,nan,nan,nan,nan,,nan,0,nan,nan,nan,INITIALIZING,0.0,0.0,0.0,30.85016165945077,0,0,0,0.0,0.0,1.0,0,0,0,0,1,0,0
1614,198.10204364100002,225.55403900146484,75.24596099853515,332.8,402.7,225.55403900146484,75.24596099853515,332.8,402.7,nan,nan,nan,nan,,nan,0,nan,nan,nan,INITIALIZING,0.0,0.0,0.0,30.7531132991354,0,0,0,0.0,0.0,1.0,0,0,0,0,1,0,0
1615,198.163095161,225.55403900146484,75.24596099853515,332.8,402.7,225.55403900146484,75.24596099853515,332.8,402.7,nan,nan,nan,nan,,nan,0,nan,nan,nan,INITIALIZING,0.0,0.0,0.0,16.37960856667218,0,0,0,0.0,0.0,1.0,0,0,0,0,1,0,0
1616,198.19949437599996,225.55403900146484,75.24596099853515,332.8,402.7,225.55403900146484,75.24596099853515,332.8,402.7,nan,nan,nan,nan,,nan,0,nan,nan,nan,INITIALIZING,0.0,0.0,0.0,27.473119956050958,0,0,0,0.0,0.0,1.0,0,0,0,0,1,0,0
1617,198.22802542499994,225.55403900146484,75.24596099853515,332.8,402.7,225.55403900146484,75.24596099853515,332.8,402.7,nan,nan,nan,nan,,nan,0,nan,nan,nan,INITIALIZING,0.0,0.0,0.0,35.04953498207148,0,0,0,0.0,0.0,1.0,0,0,0,0,1,0,0
1618,198.26417026499996,225.55403900146484,75.24596099853515,332.8,402.7,225.55403900146484,75.24596099853515,332.8,402.7,nan,nan,nan,nan,,nan,0,nan,nan,nan,INITIALIZING,0.0,0.0,0.0,27.666466361434946,0,0,0,0.0,0.0,1.0,0,0,0,0,1,0,0
1619,198.29329548399994,225.55403900146484,75.24596099853515,332.8,402.7,225.55403900146484,75.24596099853515,332.8,402.7,nan,nan,nan,nan,,nan,0,nan,nan,nan,INITIALIZING,0.0,0.0,0.0,34.33450577661586,0,0,0,0.0,0.0,1.0,0,0,0,0,1,0,0
1620,199.15145279499995,217.77828979492188,75.14999389648438,332.79998779296875,402.70001220703125,227.02240142822268,39.30249786376953,271.17999572753905,434.74500427246096,232.0,20.0,238.0,452.0,0.47219741344451904,0.990039,1,0.6418891428912976,0.05633394442834058,1.245803517018,SOFT_REINITIALIZING,0.052773885000078735,0.1913219250000111,1.8434293349999962,1.1652875145172354,1,0,0,7.776347417338291,0.009720434271672865,1.0000000063668169,0,0,0,0,2,0,0
1621,199.17700604200002,227.02240142822268,39.30249786376953,271.17999572753905,434.74500427246096,227.02240142822268,39.30249786376953,271.17999572753905,434.74500427246096,nan,nan,nan,nan,,nan,0,nan,nan,nan,INITIALIZING,0.0,0.0,0.0,39.133969941181505,0,0,0,0.0,0.0,1.0,0,0,0,0,2,0,0
1622,199.205159493,227.02240142822268,39.30249786376953,271.17999572753905,434.74500427246096,227.02240142822268,39.30249786376953,271.17999572753905,434.74500427246096,nan,nan,nan,nan,,nan,0,nan,nan,nan,INITIALIZING,0.0,0.0,0.0,35.51962421945026,0,0,0,0.0,0.0,1.0,0,0,0,0,2,0,0
1623,199.24534948899998,227.02240142822268,39.30249786376953,271.17999572753905,434.74500427246096,227.02240142822268,39.30249786376953,271.17999572753905,434.74500427246096,nan,nan,nan,nan,,nan,0,nan,nan,nan,INITIALIZING,0.0,0.0,0.0,24.881813872299805,0,0,0,0.0,0.0,1.0,0,0,0,0,2,0,0
1624,199.27617835399997,227.02240142822268,39.30249786376953,271.17999572753905,434.74500427246096,227.02240142822268,39.30249786376953,271.17999572753905,434.74500427246096,nan,nan,nan,nan,,nan,0,nan,nan,nan,INITIALIZING,0.0,0.0,0.0,32.43713318671774,0,0,0,0.0,0.0,1.0,0,0,0,0,2,0,0
1625,199.30633842199995,227.02240142822268,39.30249786376953,271.17999572753905,434.74500427246096,227.02240142822268,39.30249786376953,271.17999572753905,434.74500427246096,nan,nan,nan,nan,,nan,0,nan,nan,nan,INITIALIZING,0.0,0.0,0.0,33.156423917891956,0,0,0,0.0,0.0,1.0,0,0,0,0,2,0,0
1626,199.33874838299994,227.02240142822268,39.30249786376953,271.17999572753905,434.74500427246096,227.02240142822268,39.30249786376953,271.17999572753905,434.74500427246096,nan,nan,nan,nan,,nan,0,nan,nan,nan,INITIALIZING,0.0,0.0,0.0,30.85471161166988,0,0,0,0.0,0.0,1.0,0,0,0,0,2,0,0
1627,199.37233912399995,227.02240142822268,39.30249786376953,271.17999572753905,434.74500427246096,227.02240142822268,39.30249786376953,271.17999572753905,434.74500427246096,nan,nan,nan,nan,,nan,0,nan,nan,nan,INITIALIZING,0.0,0.0,0.0,29.770108375985174,0,0,0,0.0,0.0,1.0,0,0,0,0,2,0,0
1628,199.419349849,227.02240142822268,39.30249786376953,271.17999572753905,434.74500427246096,227.02240142822268,39.30249786376953,271.17999572753905,434.74500427246096,nan,nan,nan,nan,,nan,0,nan,nan,nan,INITIALIZING,0.0,0.0,0.0,21.271741714228906,0,0,0,0.0,0.0,1.0,0,0,0,0,2,0,0
1629,199.451342727,227.02240142822268,39.30249786376953,271.17999572753905,434.74500427246096,227.02240142822268,39.30249786376953,271.17999572753905,434.74500427246096,nan,nan,nan,nan,,nan,0,nan,nan,nan,INITIALIZING,0.0,0.0,0.0,31.256956626426028,0,0,0,0.0,0.0,1.0,0,0,0,0,2,0,0
1630,199.483997844,227.02240142822268,39.30249786376953,271.17999572753905,434.74500427246096,227.02240142822268,39.30249786376953,271.17999572753905,434.74500427246096,nan,nan,nan,nan,,nan,0,nan,nan,nan,INITIALIZING,0.0,0.0,0.0,30.623072028812476,0,0,0,0.0,0.0,1.0,0,0,0,0,2,0,0
1631,199.51359796500003,227.02240142822268,39.30249786376953,271.17999572753905,434.74500427246096,227.02240142822268,39.30249786376953,271.17999572753905,434.74500427246096,nan,nan,nan,nan,,nan,0,nan,nan,nan,INITIALIZING,0.0,0.0,0.0,33.78364568166838,0,0,0,0.0,0.0,1.0,0,0,0,0,2,0,0
1632,199.54218881600002,227.02240142822268,39.30249786376953,271.17999572753905,434.74500427246096,227.02240142822268,39.30249786376953,271.17999572753905,434.74500427246096,nan,nan,nan,nan,,nan,0,nan,nan,nan,INITIALIZING,0.0,0.0,0.0,34.976223687792725,0,0,0,0.0,0.0,1.0,0,0,0,0,2,0,0
1633,199.57005097,227.02240142822268,39.30249786376953,271.17999572753905,434.74500427246096,227.02240142822268,39.30249786376953,271.17999572753905,434.74500427246096,nan,nan,nan,nan,,nan,0,nan,nan,nan,INITIALIZING,0.0,0.0,0.0,35.89097957036436,0,0,0,0.0,0.0,1.0,0,0,0,0,2,0,0
1634,199.602438119,227.02240142822268,39.30249786376953,271.17999572753905,434.74500427246096,227.02240142822268,39.30249786376953,271.17999572753905,434.74500427246096,nan,nan,nan,nan,,nan,0,nan,nan,nan,INITIALIZING,0.0,0.0,0.0,30.876444234112395,0,0,0,0.0,0.0,1.0,0,0,0,0,2,0,0
1635,199.63369558199997,227.02240142822268,39.30249786376953,271.17999572753905,434.74500427246096,227.02240142822268,39.30249786376953,271.17999572753905,434.74500427246096,nan,nan,nan,nan,,nan,0,nan,nan,nan,INITIALIZING,0.0,0.0,0.0,31.99235971264902,0,0,0,0.0,0.0,1.0,0,0,0,0,2,0,0
1636,199.66866189400002,227.02240142822268,39.30249786376953,271.17999572753905,434.74500427246096,227.02240142822268,39.30249786376953,271.17999572753905,434.74500427246096,nan,nan,nan,nan,,nan,0,nan,nan,nan,INITIALIZING,0.0,0.0,0.0,28.598955474587367,0,0,0,0.0,0.0,1.0,0,0,0,0,2,0,0
1637,199.70118628199998,227.02240142822268,39.30249786376953,271.17999572753905,434.74500427246096,227.02240142822268,39.30249786376953,271.17999572753905,434.74500427246096,nan,nan,nan,nan,,nan,0,nan,nan,nan,INITIALIZING,0.0,0.0,0.0,30.74615885166995,0,0,0,0.0,0.0,1.0,0,0,0,0,2,0,0
1638,199.73367582599997,227.02240142822268,39.30249786376953,271.17999572753905,434.74500427246096,227.02240142822268,39.30249786376953,271.17999572753905,434.74500427246096,nan,nan,nan,nan,,nan,0,nan,nan,nan,INITIALIZING,0.0,0.0,0.0,30.779133126658202,0,0,0,0.0,0.0,1.0,0,0,0,0,2,0,0
1639,199.77053286599994,227.02240142822268,39.30249786376953,271.17999572753905,434.74500427246096,227.02240142822268,39.30249786376953,271.17999572753905,434.74500427246096,nan,nan,nan,nan,,nan,0,nan,nan,nan,INITIALIZING,0.0,0.0,0.0,27.13185866257149,0,0,0,0.0,0.0,1.0,0,0,0,0,2,0,0
1640,199.805302095,227.02240142822268,39.30249786376953,271.17999572753905,434.74500427246096,227.02240142822268,39.30249786376953,271.17999572753905,434.74500427246096,nan,nan,nan,nan,,nan,0,nan,nan,nan,INITIALIZING,0.0,0.0,0.0,28.761063410356563,0,0,0,0.0,0.0,1.0,0,0,0,0,2,0,0
1641,199.838078149,227.02240142822268,39.30249786376953,271.17999572753905,434.74500427246096,227.02240142822268,39.30249786376953,271.17999572753905,434.74500427246096,nan,nan,nan,nan,,nan,0,nan,nan,nan,INITIALIZING,0.0,0.0,0.0,30.510079096150406,0,0,0,0.0,0.0,1.0,0,0,0,0,2,0,0
1642,199.869127747,227.02240142822268,39.30249786376953,271.17999572753905,434.74500427246096,227.02240142822268,39.30249786376953,271.17999572753905,434.74500427246096,nan,nan,nan,nan,,nan,0,nan,nan,nan,INITIALIZING,0.0,0.0,0.0,32.20653613617151,0,0,0,0.0,0.0,1.0,0,0,0,0,2,0,0
1643,199.90368130000002,227.02240142822268,39.30249786376953,271.17999572753905,434.74500427246096,227.02240142822268,39.30249786376953,271.17999572753905,434.74500427246096,nan,nan,nan,nan,,nan,0,nan,nan,nan,INITIALIZING,0.0,0.0,0.0,28.940583910410695,0,0,0,0.0,0.0,1.0,0,0,0,0,2,0,0
1644,199.93475334599998,227.02240142822268,39.30249786376953,271.17999572753905,434.74500427246096,227.02240142822268,39.30249786376953,271.17999572753905,434.74500427246096,nan,nan,nan,nan,,nan,0,nan,nan,nan,INITIALIZING,0.0,0.0,0.0,32.183268523778345,0,0,0,0.0,0.0,1.0,0,0,0,0,2,0,0
1645,199.97353324699998,227.02240142822268,39.30249786376953,271.17999572753905,434.74500427246096,227.02240142822268,39.30249786376953,271.17999572753905,434.74500427246096,nan,nan,nan,nan,,nan,0,nan,nan,nan,INITIALIZING,0.0,0.0,0.0,25.786553709872802,0,0,0,0.0,0.0,1.0,0,0,0,0,2,0,0
1646,200.003839878,227.02240142822268,39.30249786376953,271.17999572753905,434.74500427246096,227.02240142822268,39.30249786376953,271.17999572753905,434.74500427246096,nan,nan,nan,nan,,nan,0,nan,nan,nan,INITIALIZING,0.0,0.0,0.0,32.99607930683543,0,0,0,0.0,0.0,1.0,0,0,0,0,2,0,0
1647,200.03887426300003,227.02240142822268,39.30249786376953,271.17999572753905,434.74500427246096,227.02240142822268,39.30249786376953,271.17999572753905,434.74500427246096,nan,nan,nan,nan,,nan,0,nan,nan,nan,INITIALIZING,0.0,0.0,0.0,28.543386732762936,0,0,0,0.0,0.0,1.0,0,0,0,0,2,0,0
1648,200.07269953499997,227.02240142822268,39.30249786376953,271.17999572753905,434.74500427246096,227.02240142822268,39.30249786376953,271.17999572753905,434.74500427246096,nan,nan,nan,nan,,nan,0,nan,nan,nan,INITIALIZING,0.0,0.0,0.0,29.563694269824023,0,0,0,0.0,0.0,1.0,0,0,0,0,2,0,0
1649,200.108989908,227.02240142822268,39.30249786376953,271.17999572753905,434.74500427246096,227.02240142822268,39.30249786376953,271.17999572753905,434.74500427246096,nan,nan,nan,nan,,nan,0,nan,nan,nan,INITIALIZING,0.0,0.0,0.0,27.555517271724575,0,0,0,0.0,0.0,1.0,0,0,0,0,2,0,0
1650,200.14116127599993,227.02240142822268,39.30249786376953,271.17999572753905,434.74500427246096,227.02240142822268,39.30249786376953,271.17999572753905,434.74500427246096,nan,nan,nan,nan,,nan,0,nan,nan,nan,INITIALIZING,0.0,0.0,0.0,31.083539873169933,0,0,0,0.0,0.0,1.0,0,0,0,0,2,0,0
1651,200.171649624,227.02240142822268,39.30249786376953,271.17999572753905,434.74500427246096,227.02240142822268,39.30249786376953,271.17999572753905,434.74500427246096,nan,nan,nan,nan,,nan,0,nan,nan,nan,INITIALIZING,0.0,0.0,0.0,32.799415698021626,0,0,0,0.0,0.0,1.0,0,0,0,0,2,0,0
1652,200.20840781000004,227.02240142822268,39.30249786376953,271.17999572753905,434.74500427246096,227.02240142822268,39.30249786376953,271.17999572753905,434.74500427246096,nan,nan,nan,nan,,nan,0,nan,nan,nan,INITIALIZING,0.0,0.0,0.0,27.20482452531353,0,0,0,0.0,0.0,1.0,0,0,0,0,2,0,0
1653,200.24097943699996,227.02240142822268,39.30249786376953,271.17999572753905,434.74500427246096,227.02240142822268,39.30249786376953,271.17999572753905,434.74500427246096,nan,nan,nan,nan,,nan,0,nan,nan,nan,INITIALIZING,0.0,0.0,0.0,30.701567348855786,0,0,0,0.0,0.0,1.0,0,0,0,0,2,0,0
1654,200.27413158499996,227.02240142822268,39.30249786376953,271.17999572753905,434.74500427246096,227.02240142822268,39.30249786376953,271.17999572753905,434.74500427246096,nan,nan,nan,nan,,nan,0,nan,nan,nan,INITIALIZING,0.0,0.0,0.0,30.163958003566577,0,0,0,0.0,0.0,1.0,0,0,0,0,2,0,0
1655,200.30261233700003,227.02240142822268,39.30249786376953,271.17999572753905,434.74500427246096,227.02240142822268,39.30249786376953,271.17999572753905,434.74500427246096,nan,nan,nan,nan,,nan,0,nan,nan,nan,INITIALIZING,0.0,0.0,0.0,35.11143245086193,0,0,0,0.0,0.0,1.0,0,0,0,0,2,0,0
1656,200.34945656000002,227.02240142822268,39.30249786376953,271.17999572753905,434.74500427246096,227.02240142822268,39.30249786376953,271.17999572753905,434.74500427246096,nan,nan,nan,nan,,nan,0,nan,nan,nan,INITIALIZING,0.0,0.0,0.0,21.3473494906754,0,0,0,0.0,0.0,1.0,0,0,0,0,2,0,0
1657,200.377147573,227.02240142822268,39.30249786376953,271.17999572753905,434.74500427246096,227.02240142822268,39.30249786376953,271.17999572753905,434.74500427246096,nan,nan,nan,nan,,nan,0,nan,nan,nan,INITIALIZING,0.0,0.0,0.0,36.112799484825715,0,0,0,0.0,0.0,1.0,0,0,0,0,2,0,0
1658,200.41015628900004,227.02240142822268,39.30249786376953,271.17999572753905,434.74500427246096,227.02240142822268,39.30249786376953,271.17999572753905,434.74500427246096,nan,nan,nan,nan,,nan,0,nan,nan,nan,INITIALIZING,0.0,0.0,0.0,30.29502874328039,0,0,0,0.0,0.0,1.0,0,0,0,0,2,0,0
1659,200.44421427400005,227.02240142822268,39.30249786376953,271.17999572753905,434.74500427246096,227.02240142822268,39.30249786376953,271.17999572753905,434.74500427246096,nan,nan,nan,nan,,nan,0,nan,nan,nan,INITIALIZING,0.0,0.0,0.0,29.361690070621684,0,0,0,0.0,0.0,1.0,0,0,0,0,2,0,0
1660,200.47879246799994,227.02240142822268,39.30249786376953,271.17999572753905,434.74500427246096,227.02240142822268,39.30249786376953,271.17999572753905,434.74500427246096,nan,nan,nan,nan,,nan,0,nan,nan,nan,INITIALIZING,0.0,0.0,0.0,28.919960365863478,0,0,0,0.0,0.0,1.0,0,0,0,0,2,0,0
1661,200.51662591800005,227.02240142822268,39.30249786376953,271.17999572753905,434.74500427246096,227.02240142822268,39.30249786376953,271.17999572753905,434.74500427246096,nan,nan,nan,nan,,nan,0,nan,nan,nan,INITIALIZING,0.0,0.0,0.0,26.431636554349687,0,0,0,0.0,0.0,1.0,0,0,0,0,2,0,0
1662,200.565426753,227.02240142822268,39.30249786376953,271.17999572753905,434.74500427246096,227.02240142822268,39.30249786376953,271.17999572753905,434.74500427246096,nan,nan,nan,nan,,nan,0,nan,nan,nan,INITIALIZING,0.0,0.0,0.0,20.491452656516792,0,0,0,0.0,0.0,1.0,0,0,0,0,2,0,0
1663,200.60730145000002,227.02240142822268,39.30249786376953,271.17999572753905,434.74500427246096,227.02240142822268,39.30249786376953,271.17999572753905,434.74500427246096,nan,nan,nan,nan,,nan,0,nan,nan,nan,INITIALIZING,0.0,0.0,0.0,23.880769811883944,0,0,0,0.0,0.0,1.0,0,0,0,0,2,0,0
1664,200.6513738,227.02240142822268,39.30249786376953,271.17999572753905,434.74500427246096,227.02240142822268,39.30249786376953,271.17999572753905,434.74500427246096,nan,nan,nan,nan,,nan,0,nan,nan,nan,INITIALIZING,0.0,0.0,0.0,22.68996320824273,0,0,0,0.0,0.0,1.0,0,0,0,0,2,0,0
1665,200.74812078399998,227.02240142822268,39.30249786376953,271.17999572753905,434.74500427246096,227.02240142822268,39.30249786376953,271.17999572753905,434.74500427246096,nan,nan,nan,nan,,nan,0,nan,nan,nan,INITIALIZING,0.0,0.0,0.0,10.33623952556579,0,0,0,0.0,0.0,1.0,0,0,0,0,2,0,0
1666,200.82950668900003,227.02240142822268,39.30249786376953,271.17999572753905,434.74500427246096,227.02240142822268,39.30249786376953,271.17999572753905,434.74500427246096,nan,nan,nan,nan,,nan,0,nan,nan,nan,INITIALIZING,0.0,0.0,0.0,12.287139892336612,0,0,0,0.0,0.0,1.0,0,0,0,0,2,0,0
1667,200.86431326800005,227.02240142822268,39.30249786376953,271.17999572753905,434.74500427246096,227.02240142822268,39.30249786376953,271.17999572753905,434.74500427246096,nan,nan,nan,nan,,nan,0,nan,nan,nan,INITIALIZING,0.0,0.0,0.0,28.730200689916973,0,0,0,0.0,0.0,1.0,0,0,0,0,2,0,0
1668,200.90625645399996,227.02240142822268,39.30249786376953,271.17999572753905,434.74500427246096,227.02240142822268,39.30249786376953,271.17999572753905,434.74500427246096,nan,nan,nan,nan,,nan,0,nan,nan,nan,INITIALIZING,0.0,0.0,0.0,23.841774919103504,0,0,0,0.0,0.0,1.0,0,0,0,0,2,0,0
1669,200.96456035200003,227.02240142822268,39.30249786376953,271.17999572753905,434.74500427246096,227.02240142822268,39.30249786376953,271.17999572753905,434.74500427246096,nan,nan,nan,nan,,nan,0,nan,nan,nan,INITIALIZING,0.0,0.0,0.0,17.151511893744868,0,0,0,0.0,0.0,1.0,0,0,0,0,2,0,0
1670,201.02739184999996,227.02240142822268,39.30249786376953,271.17999572753905,434.74500427246096,227.02240142822268,39.30249786376953,271.17999572753905,434.74500427246096,nan,nan,nan,nan,,nan,0,nan,nan,nan,INITIALIZING,0.0,0.0,0.0,15.915584250453856,0,0,0,0.0,0.0,1.0,0,0,0,0,2,0,0
1671,201.164953427,226.91000366210938,39.12750244140625,271.17999267578125,434.7449951171875,226.91000366210938,39.12750244140625,271.17999267578125,434.7449951171875,nan,nan,nan,nan,0.8377482891082764,nan,0,nan,nan,nan,TRACKING,0.08205314400004227,0.0,1.8824194640000087,7.269471765358527,0,0,0,0.20798702084591536,0.0002599837760573942,1.0000000323125755,0,0,0,0,2,0,0
1672,201.24486298,226.91000366210938,39.12750244140625,271.17999267578125,434.7449951171875,226.91000366210938,39.12750244140625,271.17999267578125,434.7449951171875,nan,nan,nan,nan,0.8367316722869873,nan,0,nan,nan,nan,TRACKING,0.05269848800003274,0.0,0.0,12.51414833968707,0,0,0,0.0,0.0,1.0,0,0,0,0,2,0,0
1673,201.32138629400004,226.91000366210938,39.12750244140625,271.17999267578125,434.7449951171875,226.91000366210938,39.12750244140625,271.17999267578125,434.7449951171875,nan,nan,nan,nan,0.8395033478736877,nan,0,nan,nan,nan,TRACKING,0.051447506999920734,0.0,0.0,13.06791287161783,0,0,0,0.0,0.0,1.0,0,0,0,0,2,0,0
1674,201.39213758699998,226.91000366210938,39.12750244140625,271.17999267578125,434.7449951171875,226.91000366210938,39.12750244140625,271.17999267578125,434.7449951171875,nan,nan,nan,nan,0.8406866192817688,nan,0,nan,nan,nan,TRACKING,0.04379735800000617,0.0,0.0,14.134017310479306,0,0,0,0.0,0.0,1.0,0,0,0,0,2,0,0
1675,201.46657288699998,226.91000366210938,39.12750244140625,271.17999267578125,434.7449951171875,226.91000366210938,39.12750244140625,271.17999267578125,434.7449951171875,nan,nan,nan,nan,0.8386445045471191,nan,0,nan,nan,nan,TRACKING,0.05183084099996904,0.0,0.0,13.434486057017807,0,0,0,0.0,0.0,1.0,0,0,0,0,2,0,0
1676,201.53313069399996,226.91000366210938,39.12750244140625,271.17999267578125,434.7449951171875,226.91000366210938,39.12750244140625,271.17999267578125,434.7449951171875,nan,nan,nan,nan,0.8436192274093628,nan,0,nan,nan,nan,TRACKING,0.04304069199997684,0.0,0.0,15.02453348561026,0,0,0,0.0,0.0,1.0,0,0,0,0,2,0,0
1677,201.626241133,226.91000366210938,39.12750244140625,271.17999267578125,434.7449951171875,226.91000366210938,39.12750244140625,271.17999267578125,434.7449951171875,nan,nan,nan,nan,0.8431833386421204,nan,0,nan,nan,nan,TRACKING,0.059058699000047454,0.0,0.0,10.739934326800247,0,0,0,0.0,0.0,1.0,0,0,0,0,2,0,0
1678,201.69896185100004,226.91000366210938,39.12750244140625,271.17999267578125,434.7449951171875,226.91000366210938,39.12750244140625,271.17999267578125,434.7449951171875,nan,nan,nan,nan,0.8439795970916748,nan,0,nan,nan,nan,TRACKING,0.046876939000071616,0.0,0.0,13.751239364820602,0,0,0,0.0,0.0,1.0,0,0,0,0,2,0,0
1679,201.777049961,226.91000366210938,39.12750244140625,271.17999267578125,434.7449951171875,226.91000366210938,39.12750244140625,271.17999267578125,434.7449951171875,nan,nan,nan,nan,0.8407694101333618,nan,0,nan,nan,nan,TRACKING,0.04952146699997684,0.0,0.0,12.806046912911556,0,0,0,0.0,0.0,1.0,0,0,0,0,2,0,0
1680,202.15897655599997,226.91000366210938,39.12750244140625,271.17999267578125,434.7449951171875,226.91000366210938,39.12750244140625,271.17999267578125,434.7449951171875,233.0,20.0,244.0,456.0,0.8415172696113586,0.966889,1,0.861857844942673,0.014169730060943292,1.0595893064397421,DETECTOR_CONFIRMED,0.054100370000014664,0.2897072999999182,0.0,2.618304179629198,0,0,0,0.0,0.0,1.0,0,0,0,0,2,0,0
1681,202.25003236199996,226.91000366210938,39.12750244140625,271.17999267578125,434.7449951171875,226.91000366210938,39.12750244140625,271.17999267578125,434.7449951171875,nan,nan,nan,nan,0.840874969959259,nan,0,nan,nan,nan,TRACKING,0.05511094200005573,0.0,0.0,10.982276078036765,0,0,0,0.0,0.0,1.0,0,0,0,0,2,0,0
1682,202.32741891800003,226.91000366210938,39.12750244140625,271.17999267578125,434.7449951171875,226.91000366210938,39.12750244140625,271.17999267578125,434.7449951171875,nan,nan,nan,nan,0.8443791270256042,nan,0,nan,nan,nan,TRACKING,0.045736425999962194,0.0,0.0,12.92214115329004,0,0,0,0.0,0.0,1.0,0,0,0,0,2,0,0
1683,202.40540271700002,226.91000366210938,39.12750244140625,271.17999267578125,434.7449951171875,226.91000366210938,39.12750244140625,271.17999267578125,434.7449951171875,nan,nan,nan,nan,0.8451784253120422,nan,0,nan,nan,nan,TRACKING,0.04970095399994534,0.0,0.0,12.823176259985097,0,0,0,0.0,0.0,1.0,0,0,0,0,2,0,0
1684,202.47678058299994,226.91000366210938,39.12750244140625,271.17999267578125,434.7449951171875,226.91000366210938,39.12750244140625,271.17999267578125,434.7449951171875,nan,nan,nan,nan,0.8415005803108215,nan,0,nan,nan,nan,TRACKING,0.04740340399996512,0.0,0.0,14.00994532396235,0,0,0,0.0,0.0,1.0,0,0,0,0,2,0,0
1685,202.549460791,226.91000366210938,39.12750244140625,271.17999267578125,434.7449951171875,226.91000366210938,39.12750244140625,271.17999267578125,434.7449951171875,nan,nan,nan,nan,0.840488851070404,nan,0,nan,nan,nan,TRACKING,0.04454554099993402,0.0,0.0,13.758903937081499,0,0,0,0.0,0.0,1.0,0,0,0,0,2,0,0
1686,202.620144751,226.91000366210938,39.12750244140625,271.17999267578125,434.7449951171875,226.91000366210938,39.12750244140625,271.17999267578125,434.7449951171875,nan,nan,nan,nan,0.8408871293067932,nan,0,nan,nan,nan,TRACKING,0.04282892699995955,0.0,0.0,14.147481267320723,0,0,0,0.0,0.0,1.0,0,0,0,0,2,0,0
1687,202.698007404,226.91000366210938,39.12750244140625,271.17999267578125,434.7449951171875,226.91000366210938,39.12750244140625,271.17999267578125,434.7449951171875,nan,nan,nan,nan,0.843795895576477,nan,0,nan,nan,nan,TRACKING,0.051332254999920224,0.0,0.0,12.843127757281248,0,0,0,0.0,0.0,1.0,0,0,0,0,2,0,0
1688,202.76407652399996,226.91000366210938,39.12750244140625,271.17999267578125,434.7449951171875,226.91000366210938,39.12750244140625,271.17999267578125,434.7449951171875,nan,nan,nan,nan,0.8416509032249451,nan,0,nan,nan,nan,TRACKING,0.04323939599998994,0.0,0.0,15.135663983427174,0,0,0,0.0,0.0,1.0,0,0,0,0,2,0,0
1689,202.840036209,226.91000366210938,39.12750244140625,271.17999267578125,434.7449951171875,226.91000366210938,39.12750244140625,271.17999267578125,434.7449951171875,nan,nan,nan,nan,0.8380109071731567,nan,0,nan,nan,nan,TRACKING,0.052574753999920176,0.0,0.0,13.164878185045499,0,0,0,0.0,0.0,1.0,0,0,0,0,2,0,0
1690,202.90773069199997,226.91000366210938,39.12750244140625,271.17999267578125,434.7449951171875,226.91000366210938,39.12750244140625,271.17999267578125,434.7449951171875,nan,nan,nan,nan,0.8411074280738831,nan,0,nan,nan,nan,TRACKING,0.04218856299996787,0.0,0.0,14.772252563040729,0,0,0,0.0,0.0,1.0,0,0,0,0,2,0,0
1691,202.981015328,226.91000366210938,39.12750244140625,271.17999267578125,434.7449951171875,226.91000366210938,39.12750244140625,271.17999267578125,434.7449951171875,nan,nan,nan,nan,0.8390239477157593,nan,0,nan,nan,nan,TRACKING,0.050911890999941534,0.0,0.0,13.645424942814234,0,0,0,0.0,0.0,1.0,0,0,0,0,2,0,0
1692,203.046823302,226.91000366210938,39.12750244140625,271.17999267578125,434.7449951171875,226.91000366210938,39.12750244140625,271.17999267578125,434.7449951171875,nan,nan,nan,nan,0.8455145955085754,nan,0,nan,nan,nan,TRACKING,0.04046736699990561,0.0,0.0,15.195726888660614,0,0,0,0.0,0.0,1.0,0,0,0,0,2,0,0
1693,203.11283330699996,226.91000366210938,39.12750244140625,271.17999267578125,434.7449951171875,226.91000366210938,39.12750244140625,271.17999267578125,434.7449951171875,nan,nan,nan,nan,0.8419937491416931,nan,0,nan,nan,nan,TRACKING,0.04193252200002462,0.0,0.0,15.149218667696132,0,0,0,0.0,0.0,1.0,0,0,0,0,2,0,0
1694,203.178835812,226.91000366210938,39.12750244140625,271.17999267578125,434.7449951171875,226.91000366210938,39.12750244140625,271.17999267578125,434.7449951171875,nan,nan,nan,nan,0.8449746370315552,nan,0,nan,nan,nan,TRACKING,0.041936168000006546,0.0,0.0,15.150940104463718,0,0,0,0.0,0.0,1.0,0,0,0,0,2,0,0
1695,203.54915975699998,226.91000366210938,39.12750244140625,271.17999267578125,434.7449951171875,226.91000366210938,39.12750244140625,271.17999267578125,434.7449951171875,232.0,20.0,247.0,457.0,0.8421273231506348,0.961462,1,0.8702571497617666,0.013287682265918312,1.0444293853747062,DETECTOR_CONFIRMED,0.09117691799997374,0.2518388180000102,0.0,2.7003384833784163,0,0,0,0.0,0.0,1.0,0,0,0,0,2,0,0
1696,203.64588887000002,226.91000366210938,39.12750244140625,271.17999267578125,434.7449951171875,226.91000366210938,39.12750244140625,271.17999267578125,434.7449951171875,nan,nan,nan,nan,0.8495954871177673,nan,0,nan,nan,nan,TRACKING,0.062276268000005075,0.0,0.0,10.33814917748301,0,0,0,0.0,0.0,1.0,0,0,0,0,2,0,0
1697,203.71200518700005,226.91000366210938,39.12750244140625,271.17999267578125,434.7449951171875,226.91000366210938,39.12750244140625,271.17999267578125,434.7449951171875,nan,nan,nan,nan,0.8538243770599365,nan,0,nan,nan,nan,TRACKING,0.04262638300008348,0.0,0.0,15.124859420098108,0,0,0,0.0,0.0,1.0,0,0,0,0,2,0,0
1698,203.78787077000004,226.91000366210938,39.12750244140625,271.17999267578125,434.7449951171875,226.91000366210938,39.12750244140625,271.17999267578125,434.7449951171875,nan,nan,nan,nan,0.8530478477478027,nan,0,nan,nan,nan,TRACKING,0.050724502999969445,0.0,0.0,13.181207610308125,0,0,0,0.0,0.0,1.0,0,0,0,0,2,0,0
1699,203.85944864600003,226.91000366210938,39.12750244140625,271.17999267578125,434.7449951171875,226.91000366210938,39.12750244140625,271.17999267578125,434.7449951171875,nan,nan,nan,nan,0.8514582514762878,nan,0,nan,nan,nan,TRACKING,0.044187786999941636,0.0,0.0,13.970797345259454,0,0,0,0.0,0.0,1.0,0,0,0,0,2,0,0
1700,203.954604583,226.91000366210938,39.12750244140625,271.17999267578125,434.7449951171875,226.91000366210938,39.12750244140625,271.17999267578125,434.7449951171875,nan,nan,nan,nan,0.8526308536529541,nan,0,nan,nan,nan,TRACKING,0.06445751599994765,0.0,0.0,10.509065766442244,0,0,0,0.0,0.0,1.0,0,0,0,0,2,0,0
1701,204.02233506599998,226.91000366210938,39.12750244140625,271.17999267578125,434.7449951171875,226.91000366210938,39.12750244140625,271.17999267578125,434.7449951171875,nan,nan,nan,nan,0.8528801798820496,nan,0,nan,nan,nan,TRACKING,0.04308461100004024,0.0,0.0,14.764400838543114,0,0,0,0.0,0.0,1.0,0,0,0,0,2,0,0
1702,204.08753752899997,226.91000366210938,39.12750244140625,271.17999267578125,434.7449951171875,226.91000366210938,39.12750244140625,271.17999267578125,434.7449951171875,nan,nan,nan,nan,0.8623961806297302,nan,0,nan,nan,nan,TRACKING,0.04164435200004846,0.0,0.0,15.336843947139409,0,0,0,0.0,0.0,1.0,0,0,0,0,2,0,0
1703,204.16565936099994,226.91000366210938,39.12750244140625,271.17999267578125,434.7449951171875,226.91000366210938,39.12750244140625,271.17999267578125,434.7449951171875,nan,nan,nan,nan,0.866498589515686,nan,0,nan,nan,nan,TRACKING,0.046373463000008996,0.0,0.0,12.800519066174035,0,0,0,0.0,0.0,1.0,0,0,0,0,2,0,0
1704,204.24045509999996,226.91000366210938,39.12750244140625,271.17999267578125,434.7449951171875,226.91000366210938,39.12750244140625,271.17999267578125,434.7449951171875,nan,nan,nan,nan,0.869469940662384,nan,0,nan,nan,nan,TRACKING,0.03900055200006136,0.0,0.0,13.369745567988598,0,0,0,0.0,0.0,1.0,0,0,0,0,2,0,0
1705,204.315866627,226.91000366210938,39.12750244140625,271.17999267578125,434.7449951171875,226.91000366210938,39.12750244140625,271.17999267578125,434.7449951171875,nan,nan,nan,nan,0.8672119975090027,nan,0,nan,nan,nan,TRACKING,0.05094492600005651,0.0,0.0,13.26057221994223,0,0,0,0.0,0.0,1.0,0,0,0,0,2,0,0
1706,204.384398734,226.91000366210938,39.12750244140625,271.17999267578125,434.7449951171875,226.91000366210938,39.12750244140625,271.17999267578125,434.7449951171875,nan,nan,nan,nan,0.8716193437576294,nan,0,nan,nan,nan,TRACKING,0.04679664699995101,0.0,0.0,14.591700792153583,0,0,0,0.0,0.0,1.0,0,0,0,0,2,0,0
1707,204.47193958399998,226.91000366210938,39.12750244140625,271.17999267578125,434.7449951171875,226.91000366210938,39.12750244140625,271.17999267578125,434.7449951171875,nan,nan,nan,nan,0.8729223012924194,nan,0,nan,nan,nan,TRACKING,0.06284106800001155,0.0,0.0,11.423238408128366,0,0,0,0.0,0.0,1.0,0,0,0,0,2,0,0
1708,204.54624392799997,226.91000366210938,45.994659423828125,271.17999267578125,434.7449951171875,226.91000366210938,45.994659423828125,271.17999267578125,434.7449951171875,nan,nan,nan,nan,0.8609885573387146,nan,0,nan,nan,nan,TRACKING,0.05162263499994424,0.0,0.0,13.458163361219077,0,0,0,6.867156982421875,0.008583946228027344,1.0,0,0,0,0,2,0,0
1709,204.62314858399998,226.91000366210938,46.12750244140625,271.17999267578125,434.7449951171875,226.91000366210938,46.12750244140625,271.17999267578125,434.7449951171875,nan,nan,nan,nan,0.8328205347061157,nan,0,nan,nan,nan,TRACKING,0.05346508200000244,0.0,0.0,13.00311388168568,0,0,0,0.132843017578125,0.00016605377197265625,1.0,0,0,0,0,2,0,0
1710,204.99304759899996,226.91000366210938,46.12750244140625,271.17999267578125,434.7449951171875,226.91000366210938,46.12750244140625,271.17999267578125,434.7449951171875,241.0,39.0,205.0,436.0,0.8393883109092712,0.998042,1,0.73661475294649,0.025101357035029005,1.3190215326886492,DETECTOR_CONFIRMED,0.048417532000030405,0.2947152430000415,0.0,2.703440559310585,0,0,0,0.0,0.0,1.0,0,0,0,0,2,0,0
1711,205.08445943599997,226.91000366210938,39.260345458984375,271.17999267578125,434.7449951171875,226.91000366210938,39.260345458984375,271.17999267578125,434.7449951171875,nan,nan,nan,nan,0.6700026988983154,nan,0,nan,nan,nan,TRACKING,0.0678358580000804,0.0,0.0,10.939502287869944,0,0,0,6.867156982421875,0.008583946228027344,1.0,0,0,0,0,2,0,0
1712,205.151079773,226.91000366210938,39.12750244140625,271.17999267578125,434.7449951171875,226.91000366210938,39.12750244140625,271.17999267578125,434.7449951171875,nan,nan,nan,nan,0.6681451797485352,nan,0,nan,nan,nan,TRACKING,0.04320347200007291,0.0,0.0,15.010431424262178,0,0,0,0.132843017578125,0.00016605377197265625,1.0,0,0,0,0,2,0,0
1713,205.22330495200003,226.91000366210938,39.12750244140625,271.17999267578125,434.7449951171875,226.91000366210938,39.12750244140625,271.17999267578125,434.7449951171875,nan,nan,nan,nan,0.6525959372520447,nan,0,nan,nan,nan,TRACKING,0.04477701300004355,0.0,0.0,13.845587007813547,0,0,0,0.0,0.0,1.0,0,0,0,0,2,0,0
1714,205.29391450900005,226.91000366210938,32.26036071777344,271.17999267578125,434.7449951171875,226.91000366210938,32.26036071777344,271.17999267578125,434.7449951171875,nan,nan,nan,nan,0.6303612589836121,nan,0,nan,nan,nan,TRACKING,0.04789670200000273,0.0,0.0,14.16238881090609,0,0,0,6.8671417236328125,0.008583927154541015,1.0,0,0,0,0,2,0,0
1715,205.35945995999998,226.91000366210938,32.12750244140625,271.17999267578125,434.7449951171875,226.91000366210938,32.12750244140625,271.17999267578125,434.7449951171875,nan,nan,nan,nan,0.6099720597267151,nan,0,nan,nan,nan,TRACKING,0.042480562000037025,0.0,0.0,15.256588897389687,0,0,0,0.1328582763671875,0.00016607284545898436,1.0,0,0,0,0,2,0,0
1716,205.427706973,226.91000366210938,32.12750244140625,271.17999267578125,434.7449951171875,226.91000366210938,32.12750244140625,271.17999267578125,434.7449951171875,nan,nan,nan,nan,0.5275635719299316,nan,0,nan,nan,nan,TRACKING,0.04065113499996187,0.0,0.0,14.65265593381693,0,0,0,0.0,0.0,1.0,0,0,0,0,2,0,0
1717,205.73744668200004,226.91000366210938,32.12750244140625,271.17999267578125,434.7449951171875,203.5685012817383,11.244625854492186,276.9129974365234,463.5107482910156,191.0,0.0,280.0,479.0,0.4989020824432373,0.987569,1,0.7273400376129042,0.04131150717415185,1.1376307149475624,SOFT_REINITIALIZING,0.04486800899996979,0.23531420799997704,0.0,3.2285172709317247,1,0,0,0.0,0.0,1.0,0,0,0,0,3,0,0
1718,205.759864957,203.5685012817383,11.244625854492186,276.9129974365234,463.5107482910156,203.5685012817383,11.244625854492186,276.9129974365234,463.5107482910156,nan,nan,nan,nan,,nan,0,nan,nan,nan,INITIALIZING,0.0,0.0,0.0,44.606465038109825,0,0,0,0.0,0.0,1.0,0,0,0,0,3,0,0
1719,205.79015442799994,203.5685012817383,11.244625854492186,276.9129974365234,463.5107482910156,203.5685012817383,11.244625854492186,276.9129974365234,463.5107482910156,nan,nan,nan,nan,,nan,0,nan,nan,nan,INITIALIZING,0.0,0.0,0.0,33.014772691202495,0,0,0,0.0,0.0,1.0,0,0,0,0,3,0,0
1720,205.81643067100003,203.5685012817383,11.244625854492186,276.9129974365234,463.5107482910156,203.5685012817383,11.244625854492186,276.9129974365234,463.5107482910156,nan,nan,nan,nan,,nan,0,nan,nan,nan,INITIALIZING,0.0,0.0,0.0,38.0571910526283,0,0,0,0.0,0.0,1.0,0,0,0,0,3,0,0
1721,205.854763994,203.5685012817383,11.244625854492186,276.9129974365234,463.5107482910156,203.5685012817383,11.244625854492186,276.9129974365234,463.5107482910156,nan,nan,nan,nan,,nan,0,nan,nan,nan,INITIALIZING,0.0,0.0,0.0,26.086963553903857,0,0,0,0.0,0.0,1.0,0,0,0,0,3,0,0
1722,205.883595184,203.5685012817383,11.244625854492186,276.9129974365234,463.5107482910156,203.5685012817383,11.244625854492186,276.9129974365234,463.5107482910156,nan,nan,nan,nan,,nan,0,nan,nan,nan,INITIALIZING,0.0,0.0,0.0,34.68465921801406,0,0,0,0.0,0.0,1.0,0,0,0,0,3,0,0
1723,205.91875324800003,203.5685012817383,11.244625854492186,276.9129974365234,463.5107482910156,203.5685012817383,11.244625854492186,276.9129974365234,463.5107482910156,nan,nan,nan,nan,,nan,0,nan,nan,nan,INITIALIZING,0.0,0.0,0.0,28.442976837381224,0,0,0,0.0,0.0,1.0,0,0,0,0,3,0,0
1724,205.949750375,203.5685012817383,11.244625854492186,276.9129974365234,463.5107482910156,203.5685012817383,11.244625854492186,276.9129974365234,463.5107482910156,nan,nan,nan,nan,,nan,0,nan,nan,nan,INITIALIZING,0.0,0.0,0.0,32.26105438741842,0,0,0,0.0,0.0,1.0,0,0,0,0,3,0,0
1725,206.00385483900004,203.5685012817383,11.244625854492186,276.9129974365234,463.5107482910156,203.5685012817383,11.244625854492186,276.9129974365234,463.5107482910156,nan,nan,nan,nan,,nan,0,nan,nan,nan,INITIALIZING,0.0,0.0,0.0,18.482763270686462,0,0,0,0.0,0.0,1.0,0,0,0,0,3,0,0
1726,206.04588977599997,203.5685012817383,11.244625854492186,276.9129974365234,463.5107482910156,203.5685012817383,11.244625854492186,276.9129974365234,463.5107482910156,nan,nan,nan,nan,,nan,0,nan,nan,nan,INITIALIZING,0.0,0.0,0.0,23.78973471523856,0,0,0,0.0,0.0,1.0,0,0,0,0,3,0,0
1727,206.08265778700002,203.5685012817383,11.244625854492186,276.9129974365234,463.5107482910156,203.5685012817383,11.244625854492186,276.9129974365234,463.5107482910156,nan,nan,nan,nan,,nan,0,nan,nan,nan,INITIALIZING,0.0,0.0,0.0,27.197554961530585,0,0,0,0.0,0.0,1.0,0,0,0,0,3,0,0
1728,206.11830605900002,203.5685012817383,11.244625854492186,276.9129974365234,463.5107482910156,203.5685012817383,11.244625854492186,276.9129974365234,463.5107482910156,nan,nan,nan,nan,,nan,0,nan,nan,nan,INITIALIZING,0.0,0.0,0.0,28.051850591801852,0,0,0,0.0,0.0,1.0,0,0,0,0,3,0,0
1729,206.16158948400005,203.5685012817383,11.244625854492186,276.9129974365234,463.5107482910156,203.5685012817383,11.244625854492186,276.9129974365234,463.5107482910156,nan,nan,nan,nan,,nan,0,nan,nan,nan,INITIALIZING,0.0,0.0,0.0,23.103532125735853,0,0,0,0.0,0.0,1.0,0,0,0,0,3,0,0
1730,206.21667374100002,203.5685012817383,11.244625854492186,276.9129974365234,463.5107482910156,203.5685012817383,11.244625854492186,276.9129974365234,463.5107482910156,nan,nan,nan,nan,,nan,0,nan,nan,nan,INITIALIZING,0.0,0.0,0.0,18.15400723296382,0,0,0,0.0,0.0,1.0,0,0,0,0,3,0,0
1731,206.24090154700002,203.5685012817383,11.244625854492186,276.9129974365234,463.5107482910156,203.5685012817383,11.244625854492186,276.9129974365234,463.5107482910156,nan,nan,nan,nan,,nan,0,nan,nan,nan,INITIALIZING,0.0,0.0,0.0,41.27488886117227,0,0,0,0.0,0.0,1.0,0,0,0,0,3,0,0
1732,206.27228810099996,203.5685012817383,11.244625854492186,276.9129974365234,463.5107482910156,203.5685012817383,11.244625854492186,276.9129974365234,463.5107482910156,nan,nan,nan,nan,,nan,0,nan,nan,nan,INITIALIZING,0.0,0.0,0.0,31.860777070398004,0,0,0,0.0,0.0,1.0,0,0,0,0,3,0,0
1733,206.30008590900002,203.5685012817383,11.244625854492186,276.9129974365234,463.5107482910156,203.5685012817383,11.244625854492186,276.9129974365234,463.5107482910156,nan,nan,nan,nan,,nan,0,nan,nan,nan,INITIALIZING,0.0,0.0,0.0,35.97405953727949,0,0,0,0.0,0.0,1.0,0,0,0,0,3,0,0
1734,206.33863829999996,203.5685012817383,11.244625854492186,276.9129974365234,463.5107482910156,203.5685012817383,11.244625854492186,276.9129974365234,463.5107482910156,nan,nan,nan,nan,,nan,0,nan,nan,nan,INITIALIZING,0.0,0.0,0.0,25.938728417689482,0,0,0,0.0,0.0,1.0,0,0,0,0,3,0,0
1735,206.37444725399996,203.5685012817383,11.244625854492186,276.9129974365234,463.5107482910156,203.5685012817383,11.244625854492186,276.9129974365234,463.5107482910156,nan,nan,nan,nan,,nan,0,nan,nan,nan,INITIALIZING,0.0,0.0,0.0,27.92597627956114,0,0,0,0.0,0.0,1.0,0,0,0,0,3,0,0
1736,206.40196641700004,203.5685012817383,11.244625854492186,276.9129974365234,463.5107482910156,203.5685012817383,11.244625854492186,276.9129974365234,463.5107482910156,nan,nan,nan,nan,,nan,0,nan,nan,nan,INITIALIZING,0.0,0.0,0.0,36.338314504591835,0,0,0,0.0,0.0,1.0,0,0,0,0,3,0,0
1737,206.43073703799996,203.5685012817383,11.244625854492186,276.9129974365234,463.5107482910156,203.5685012817383,11.244625854492186,276.9129974365234,463.5107482910156,nan,nan,nan,nan,,nan,0,nan,nan,nan,INITIALIZING,0.0,0.0,0.0,34.757678675157216,0,0,0,0.0,0.0,1.0,0,0,0,0,3,0,0
1738,206.45624885799998,203.5685012817383,11.244625854492186,276.9129974365234,463.5107482910156,203.5685012817383,11.244625854492186,276.9129974365234,463.5107482910156,nan,nan,nan,nan,,nan,0,nan,nan,nan,INITIALIZING,0.0,0.0,0.0,39.19751707244826,0,0,0,0.0,0.0,1.0,0,0,0,0,3,0,0
1739,206.48529593700005,203.5685012817383,11.244625854492186,276.9129974365234,463.5107482910156,203.5685012817383,11.244625854492186,276.9129974365234,463.5107482910156,nan,nan,nan,nan,,nan,0,nan,nan,nan,INITIALIZING,0.0,0.0,0.0,34.42686956570565,0,0,0,0.0,0.0,1.0,0,0,0,0,3,0,0
1740,206.954762491,204.0435028076172,3.5793609619140625,276.9129943847656,463.5107727050781,204.0435028076172,3.5793609619140625,276.9129943847656,463.5107727050781,203.0,0.0,289.0,480.0,0.5876273512840271,0.987054,1,0.9252606401337924,0.008548079336538334,1.080776547303904,DETECTOR_CONFIRMED,0.07011358500005826,0.35864927600005103,0.7683277950000047,2.130077193955132,0,0,0,7.679955972092783,0.00959994496511598,1.0000000416514145,0,0,0,0,3,0,0
1741,207.04572024000004,196.8782501220703,3.7446136474609375,276.9129943847656,463.5107727050781,196.8782501220703,3.7446136474609375,276.9129943847656,463.5107727050781,nan,nan,nan,nan,0.5393139719963074,nan,0,nan,nan,nan,TRACKING,0.06040743999994902,0.0,0.0,10.994115520598013,0,0,0,7.16715804889338,0.008958947561116724,1.0,0,0,0,0,3,0,0
1742,207.11697267800002,197.0435028076172,3.7446136474609375,276.9129943847656,463.5107727050781,197.0435028076172,3.7446136474609375,276.9129943847656,463.5107727050781,nan,nan,nan,nan,0.5595394372940063,nan,0,nan,nan,nan,TRACKING,0.04615598400005183,0.0,0.0,14.034607489503342,0,0,0,0.165252685546875,0.00020656585693359374,1.0,0,0,0,0,3,0,0
1743,207.19721115699997,197.0435028076172,10.909866333007812,276.9129943847656,463.5107727050781,197.0435028076172,10.909866333007812,276.9129943847656,463.5107727050781,nan,nan,nan,nan,0.5364995002746582,nan,0,nan,nan,nan,TRACKING,0.051757024000039564,0.0,0.0,12.462848404699752,0,0,0,7.165252685546875,0.008956565856933593,1.0,0,0,0,0,3,0,0
1744,207.501585471,197.0435028076172,10.744613647460938,276.9129943847656,463.5107727050781,178.81522598266602,3.760614776611328,237.31954803466797,466.4287704467773,169.0,0.0,216.0,468.0,0.4774217903614044,0.960196,1,0.5989302811505354,0.07389287008906881,1.2697071462424785,SOFT_REINITIALIZING,0.03996197399999346,0.23643124900002022,0.0,3.2854283492525767,1,0,0,0.165252685546875,0.00020656585693359374,1.0,0,0,0,0,4,0,0
1745,207.527738388,178.81522598266602,3.760614776611328,237.31954803466797,466.4287704467773,178.81522598266602,3.760614776611328,237.31954803466797,466.4287704467773,nan,nan,nan,nan,,nan,0,nan,nan,nan,INITIALIZING,0.0,0.0,0.0,38.23665253097272,0,0,0,0.0,0.0,1.0,0,0,0,0,4,0,0
1746,207.56016833599995,178.81522598266602,3.760614776611328,237.31954803466797,466.4287704467773,178.81522598266602,3.760614776611328,237.31954803466797,466.4287704467773,nan,nan,nan,nan,,nan,0,nan,nan,nan,INITIALIZING,0.0,0.0,0.0,30.835695450430297,0,0,0,0.0,0.0,1.0,0,0,0,0,4,0,0
1747,207.59311364899997,178.81522598266602,3.760614776611328,237.31954803466797,466.4287704467773,178.81522598266602,3.760614776611328,237.31954803466797,466.4287704467773,nan,nan,nan,nan,,nan,0,nan,nan,nan,INITIALIZING,0.0,0.0,0.0,30.353331291742975,0,0,0,0.0,0.0,1.0,0,0,0,0,4,0,0
1748,207.62877125299997,178.81522598266602,3.760614776611328,237.31954803466797,466.4287704467773,178.81522598266602,3.760614776611328,237.31954803466797,466.4287704467773,nan,nan,nan,nan,,nan,0,nan,nan,nan,INITIALIZING,0.0,0.0,0.0,28.044509103869647,0,0,0,0.0,0.0,1.0,0,0,0,0,4,0,0
1749,207.656898232,178.81522598266602,3.760614776611328,237.31954803466797,466.4287704467773,178.81522598266602,3.760614776611328,237.31954803466797,466.4287704467773,nan,nan,nan,nan,,nan,0,nan,nan,nan,INITIALIZING,0.0,0.0,0.0,35.553053884626244,0,0,0,0.0,0.0,1.0,0,0,0,0,4,0,0
1750,207.68639849299996,178.81522598266602,3.760614776611328,237.31954803466797,466.4287704467773,178.81522598266602,3.760614776611328,237.31954803466797,466.4287704467773,nan,nan,nan,nan,,nan,0,nan,nan,nan,INITIALIZING,0.0,0.0,0.0,33.89800517363553,0,0,0,0.0,0.0,1.0,0,0,0,0,4,0,0
1751,207.721917243,178.81522598266602,3.760614776611328,237.31954803466797,466.4287704467773,178.81522598266602,3.760614776611328,237.31954803466797,466.4287704467773,nan,nan,nan,nan,,nan,0,nan,nan,nan,INITIALIZING,0.0,0.0,0.0,28.15414393802037,0,0,0,0.0,0.0,1.0,0,0,0,0,4,0,0
1752,207.75487375299997,178.81522598266602,3.760614776611328,237.31954803466797,466.4287704467773,178.81522598266602,3.760614776611328,237.31954803466797,466.4287704467773,nan,nan,nan,nan,,nan,0,nan,nan,nan,INITIALIZING,0.0,0.0,0.0,30.343018723800913,0,0,0,0.0,0.0,1.0,0,0,0,0,4,0,0
1753,207.804913597,178.81522598266602,3.760614776611328,237.31954803466797,466.4287704467773,178.81522598266602,3.760614776611328,237.31954803466797,466.4287704467773,nan,nan,nan,nan,,nan,0,nan,nan,nan,INITIALIZING,0.0,0.0,0.0,19.984075090231958,0,0,0,0.0,0.0,1.0,0,0,0,0,4,0,0
1754,207.85344370199994,178.81522598266602,3.760614776611328,237.31954803466797,466.4287704467773,178.81522598266602,3.760614776611328,237.31954803466797,466.4287704467773,nan,nan,nan,nan,,nan,0,nan,nan,nan,INITIALIZING,0.0,0.0,0.0,20.605766255836905,0,0,0,0.0,0.0,1.0,0,0,0,0,4,0,0
1755,207.89830255599998,178.81522598266602,3.760614776611328,237.31954803466797,466.4287704467773,178.81522598266602,3.760614776611328,237.31954803466797,466.4287704467773,nan,nan,nan,nan,,nan,0,nan,nan,nan,INITIALIZING,0.0,0.0,0.0,22.292143263381327,0,0,0,0.0,0.0,1.0,0,0,0,0,4,0,0
1756,207.94461239999998,178.81522598266602,3.760614776611328,237.31954803466797,466.4287704467773,178.81522598266602,3.760614776611328,237.31954803466797,466.4287704467773,nan,nan,nan,nan,,nan,0,nan,nan,nan,INITIALIZING,0.0,0.0,0.0,21.593681032478866,0,0,0,0.0,0.0,1.0,0,0,0,0,4,0,0
1757,207.98505896300003,178.81522598266602,3.760614776611328,237.31954803466797,466.4287704467773,178.81522598266602,3.760614776611328,237.31954803466797,466.4287704467773,nan,nan,nan,nan,,nan,0,nan,nan,nan,INITIALIZING,0.0,0.0,0.0,24.723979637005627,0,0,0,0.0,0.0,1.0,0,0,0,0,4,0,0
1758,208.03272313000002,178.81522598266602,3.760614776611328,237.31954803466797,466.4287704467773,178.81522598266602,3.760614776611328,237.31954803466797,466.4287704467773,nan,nan,nan,nan,,nan,0,nan,nan,nan,INITIALIZING,0.0,0.0,0.0,20.98012118831607,0,0,0,0.0,0.0,1.0,0,0,0,0,4,0,0
1759,208.08490844200003,178.81522598266602,3.760614776611328,237.31954803466797,466.4287704467773,178.81522598266602,3.760614776611328,237.31954803466797,466.4287704467773,nan,nan,nan,nan,,nan,0,nan,nan,nan,INITIALIZING,0.0,0.0,0.0,19.16248004802358,0,0,0,0.0,0.0,1.0,0,0,0,0,4,0,0
1760,208.11207766099994,178.81522598266602,3.760614776611328,237.31954803466797,466.4287704467773,178.81522598266602,3.760614776611328,237.31954803466797,466.4287704467773,nan,nan,nan,nan,,nan,0,nan,nan,nan,INITIALIZING,0.0,0.0,0.0,36.80635795983317,0,0,0,0.0,0.0,1.0,0,0,0,0,4,0,0
1761,208.14734229700002,178.81522598266602,3.760614776611328,237.31954803466797,466.4287704467773,178.81522598266602,3.760614776611328,237.31954803466797,466.4287704467773,nan,nan,nan,nan,,nan,0,nan,nan,nan,INITIALIZING,0.0,0.0,0.0,28.35702033044548,0,0,0,0.0,0.0,1.0,0,0,0,0,4,0,0
1762,208.192862505,178.81522598266602,3.760614776611328,237.31954803466797,466.4287704467773,178.81522598266602,3.760614776611328,237.31954803466797,466.4287704467773,nan,nan,nan,nan,,nan,0,nan,nan,nan,INITIALIZING,0.0,0.0,0.0,21.968265171385887,0,0,0,0.0,0.0,1.0,0,0,0,0,4,0,0
1763,208.23403807800003,178.81522598266602,3.760614776611328,237.31954803466797,466.4287704467773,178.81522598266602,3.760614776611328,237.31954803466797,466.4287704467773,nan,nan,nan,nan,,nan,0,nan,nan,nan,INITIALIZING,0.0,0.0,0.0,24.286243691113082,0,0,0,0.0,0.0,1.0,0,0,0,0,4,0,0
1764,208.268359068,178.81522598266602,3.760614776611328,237.31954803466797,466.4287704467773,178.81522598266602,3.760614776611328,237.31954803466797,466.4287704467773,nan,nan,nan,nan,,nan,0,nan,nan,nan,INITIALIZING,0.0,0.0,0.0,29.13668865615171,0,0,0,0.0,0.0,1.0,0,0,0,0,4,0,0
1765,208.38331876999996,172.18612670898438,3.285614013671875,237.3195343017578,466.42877197265625,172.18612670898438,3.285614013671875,237.3195343017578,466.42877197265625,nan,nan,nan,nan,0.5157667994499207,nan,0,nan,nan,nan,TRACKING,0.06894480099992961,0.0,0.8080906330000062,8.698700349800033,0,0,0,6.646102107039783,0.00830762763379973,1.0000000545953416,0,0,0,0,4,0,0
1766,208.45857685299995,171.84024047851562,3.285614013671875,237.3195343017578,466.42877197265625,171.84024047851562,3.285614013671875,237.3195343017578,466.42877197265625,nan,nan,nan,nan,0.5196831822395325,nan,0,nan,nan,nan,TRACKING,0.048581099999978505,0.0,0.0,13.287609252551334,0,0,0,0.34588623046875,0.0004323577880859375,1.0,0,0,0,0,4,0,0
1767,208.53916301000004,171.84024047851562,3.285614013671875,237.3195343017578,466.42877197265625,171.84024047851562,3.285614013671875,237.3195343017578,466.42877197265625,nan,nan,nan,nan,0.5202057957649231,nan,0,nan,nan,nan,TRACKING,0.05283099600001151,0.0,0.0,12.409079142450654,0,0,0,0.0,0.0,1.0,0,0,0,0,4,0,0
1768,208.65091927499998,171.84024047851562,3.285614013671875,237.3195343017578,466.42877197265625,171.84024047851562,3.285614013671875,237.3195343017578,466.42877197265625,nan,nan,nan,nan,0.511581540107727,nan,0,nan,nan,nan,TRACKING,0.05602615300006164,0.0,0.0,8.948044210322681,0,0,0,0.0,0.0,1.0,0,0,0,0,4,0,0
1769,208.72961095200003,171.84024047851562,3.285614013671875,237.3195343017578,466.42877197265625,171.84024047851562,3.285614013671875,237.3195343017578,466.42877197265625,nan,nan,nan,nan,0.5122015476226807,nan,0,nan,nan,nan,TRACKING,0.05059318400003576,0.0,0.0,12.707824234059007,0,0,0,0.0,0.0,1.0,0,0,0,0,4,0,0
1770,209.05815729899996,171.84024047851562,3.285614013671875,237.3195343017578,466.42877197265625,122.0,5.0,157.0,449.0,122.0,5.0,157.0,449.0,0.512111485004425,0.994064,1,0.36157208142467656,0.11283977421887773,1.5702645503736763,SOFT_REINITIALIZING,0.05654032000006737,0.24642643999993652,0.0,3.043710603180797,0,0,0,0.0,0.0,1.0,0,0,0,0,5,0,0
1771,209.08232907299998,122.0,5.0,157.0,449.0,122.0,5.0,157.0,449.0,nan,nan,nan,nan,,nan,0,nan,nan,nan,INITIALIZING,0.0,0.0,0.0,41.37056717471405,0,0,0,0.0,0.0,1.0,0,0,0,0,5,0,0
1772,209.114345223,122.0,5.0,157.0,449.0,122.0,5.0,157.0,449.0,nan,nan,nan,nan,,nan,0,nan,nan,nan,INITIALIZING,0.0,0.0,0.0,31.23423647127698,0,0,0,0.0,0.0,1.0,0,0,0,0,5,0,0
1773,209.152810541,122.0,5.0,157.0,449.0,122.0,5.0,157.0,449.0,nan,nan,nan,nan,,nan,0,nan,nan,nan,INITIALIZING,0.0,0.0,0.0,25.997445283032462,0,0,0,0.0,0.0,1.0,0,0,0,0,5,0,0
1774,209.18304351300003,122.0,5.0,157.0,449.0,122.0,5.0,157.0,449.0,nan,nan,nan,nan,,nan,0,nan,nan,nan,INITIALIZING,0.0,0.0,0.0,33.07647028546466,0,0,0,0.0,0.0,1.0,0,0,0,0,5,0,0
1775,209.21358148599995,122.0,5.0,157.0,449.0,122.0,5.0,157.0,449.0,nan,nan,nan,nan,,nan,0,nan,nan,nan,INITIALIZING,0.0,0.0,0.0,32.74611579499785,0,0,0,0.0,0.0,1.0,0,0,0,0,5,0,0
1776,209.24170815699995,122.0,5.0,157.0,449.0,122.0,5.0,157.0,449.0,nan,nan,nan,nan,,nan,0,nan,nan,nan,INITIALIZING,0.0,0.0,0.0,35.553443206988916,0,0,0,0.0,0.0,1.0,0,0,0,0,5,0,0
1777,209.27104232700003,122.0,5.0,157.0,449.0,122.0,5.0,157.0,449.0,nan,nan,nan,nan,,nan,0,nan,nan,nan,INITIALIZING,0.0,0.0,0.0,34.089936752843,0,0,0,0.0,0.0,1.0,0,0,0,0,5,0,0
1778,209.306973482,122.0,5.0,157.0,449.0,122.0,5.0,157.0,449.0,nan,nan,nan,nan,,nan,0,nan,nan,nan,INITIALIZING,0.0,0.0,0.0,27.831000701235006,0,0,0,0.0,0.0,1.0,0,0,0,0,5,0,0
1779,209.34502609599997,122.0,5.0,157.0,449.0,122.0,5.0,157.0,449.0,nan,nan,nan,nan,,nan,0,nan,nan,nan,INITIALIZING,0.0,0.0,0.0,26.279403564772743,0,0,0,0.0,0.0,1.0,0,0,0,0,5,0,0
1780,209.40042303799999,122.0,5.0,157.0,449.0,122.0,5.0,157.0,449.0,nan,nan,nan,nan,,nan,0,nan,nan,nan,INITIALIZING,0.0,0.0,0.0,18.051537935067163,0,0,0,0.0,0.0,1.0,0,0,0,0,5,0,0
1781,209.440299923,122.0,5.0,157.0,449.0,122.0,5.0,157.0,449.0,nan,nan,nan,nan,,nan,0,nan,nan,nan,INITIALIZING,0.0,0.0,0.0,25.077184439047556,0,0,0,0.0,0.0,1.0,0,0,0,0,5,0,0
1782,209.46970566000005,122.0,5.0,157.0,449.0,122.0,5.0,157.0,449.0,nan,nan,nan,nan,,nan,0,nan,nan,nan,INITIALIZING,0.0,0.0,0.0,34.00696945627958,0,0,0,0.0,0.0,1.0,0,0,0,0,5,0,0
1783,209.493032749,122.0,5.0,157.0,449.0,122.0,5.0,157.0,449.0,nan,nan,nan,nan,,nan,0,nan,nan,nan,INITIALIZING,0.0,0.0,0.0,42.86861511102323,0,0,0,0.0,0.0,1.0,0,0,0,0,5,0,0
1784,209.52843994599993,122.0,5.0,157.0,449.0,122.0,5.0,157.0,449.0,nan,nan,nan,nan,,nan,0,nan,nan,nan,INITIALIZING,0.0,0.0,0.0,28.242845656550216,0,0,0,0.0,0.0,1.0,0,0,0,0,5,0,0
1785,209.566228497,122.0,5.0,157.0,449.0,122.0,5.0,157.0,449.0,nan,nan,nan,nan,,nan,0,nan,nan,nan,INITIALIZING,0.0,0.0,0.0,26.46304167625662,0,0,0,0.0,0.0,1.0,0,0,0,0,5,0,0
1786,209.59954116200004,122.0,5.0,157.0,449.0,122.0,5.0,157.0,449.0,nan,nan,nan,nan,,nan,0,nan,nan,nan,INITIALIZING,0.0,0.0,0.0,30.018613040980497,0,0,0,0.0,0.0,1.0,0,0,0,0,5,0,0
1787,209.63523101500004,122.0,5.0,157.0,449.0,122.0,5.0,157.0,449.0,nan,nan,nan,nan,,nan,0,nan,nan,nan,INITIALIZING,0.0,0.0,0.0,28.0191683613764,0,0,0,0.0,0.0,1.0,0,0,0,0,5,0,0
1788,209.66082216799998,122.0,5.0,157.0,449.0,122.0,5.0,157.0,449.0,nan,nan,nan,nan,,nan,0,nan,nan,nan,INITIALIZING,0.0,0.0,0.0,39.07600411761345,0,0,0,0.0,0.0,1.0,0,0,0,0,5,0,0
1789,209.696371031,122.0,5.0,157.0,449.0,122.0,5.0,157.0,449.0,nan,nan,nan,nan,,nan,0,nan,nan,nan,INITIALIZING,0.0,0.0,0.0,28.13029491264265,0,0,0,0.0,0.0,1.0,0,0,0,0,5,0,0
1790,209.74114567799995,122.0,5.0,157.0,449.0,122.0,5.0,157.0,449.0,nan,nan,nan,nan,,nan,0,nan,nan,nan,INITIALIZING,0.0,0.0,0.0,22.334067759402693,0,0,0,0.0,0.0,1.0,0,0,0,0,5,0,0
1791,209.77465037499996,122.0,5.0,157.0,449.0,122.0,5.0,157.0,449.0,nan,nan,nan,nan,,nan,0,nan,nan,nan,INITIALIZING,0.0,0.0,0.0,29.846561513439084,0,0,0,0.0,0.0,1.0,0,0,0,0,5,0,0
1792,209.81734168799994,122.0,5.0,157.0,449.0,122.0,5.0,157.0,449.0,nan,nan,nan,nan,,nan,0,nan,nan,nan,INITIALIZING,0.0,0.0,0.0,23.423969180814993,0,0,0,0.0,0.0,1.0,0,0,0,0,5,0,0
1793,209.85004674799995,122.0,5.0,157.0,449.0,122.0,5.0,157.0,449.0,nan,nan,nan,nan,,nan,0,nan,nan,nan,INITIALIZING,0.0,0.0,0.0,30.576308375512273,0,0,0,0.0,0.0,1.0,0,0,0,0,5,0,0
1794,209.88393279900004,122.0,5.0,157.0,449.0,122.0,5.0,157.0,449.0,nan,nan,nan,nan,,nan,0,nan,nan,nan,INITIALIZING,0.0,0.0,0.0,29.51066797360363,0,0,0,0.0,0.0,1.0,0,0,0,0,5,0,0
1795,209.91604838,122.0,5.0,157.0,449.0,122.0,5.0,157.0,449.0,nan,nan,nan,nan,,nan,0,nan,nan,nan,INITIALIZING,0.0,0.0,0.0,31.13753414583736,0,0,0,0.0,0.0,1.0,0,0,0,0,5,0,0
1796,209.95210641100005,122.0,5.0,157.0,449.0,122.0,5.0,157.0,449.0,nan,nan,nan,nan,,nan,0,nan,nan,nan,INITIALIZING,0.0,0.0,0.0,27.733072834701574,0,0,0,0.0,0.0,1.0,0,0,0,0,5,0,0
1797,209.98231438699997,122.0,5.0,157.0,449.0,122.0,5.0,157.0,449.0,nan,nan,nan,nan,,nan,0,nan,nan,nan,INITIALIZING,0.0,0.0,0.0,33.103839860120345,0,0,0,0.0,0.0,1.0,0,0,0,0,5,0,0
1798,210.07148665,116.68989562988281,-0.3101043701171875,157.0,449.0,116.68989562988281,-0.3101043701171875,157.0,449.0,nan,nan,nan,nan,0.6389061212539673,nan,0,nan,nan,nan,TRACKING,0.05668662999994467,0.0,0.936096310000039,11.214249435384865,0,0,0,7.509621617836368,0.00938702702229546,1.0,0,0,0,0,5,0,0
1799,210.16815297699998,117.0,5.3101043701171875,157.0,449.0,117.0,5.3101043701171875,157.0,449.0,nan,nan,nan,nan,0.6334184408187866,nan,0,nan,nan,nan,TRACKING,0.06508991199996217,0.0,0.0,10.344863935920602,0,0,0,5.628757500920842,0.007035946876151052,1.0,0,0,0,0,5,0,0
1800,210.57449686899997,117.0,-0.3101043701171875,157.0,449.0,117.0,-0.3101043701171875,157.0,449.0,118.0,1.0,158.0,419.0,0.6363446712493896,0.974016,1,0.9163477310005468,0.017214784813727547,1.064816772907163,DETECTOR_CONFIRMED,0.07691246800004592,0.3010699060000661,0.0,2.46096968525372,0,0,0,5.620208740234375,0.007025260925292969,1.0,0,0,0,0,5,0,0
1801,210.64961418999997,117.0,5.3101043701171875,157.0,449.0,117.0,5.3101043701171875,157.0,449.0,nan,nan,nan,nan,0.615161120891571,nan,0,nan,nan,nan,TRACKING,0.04542371499996989,0.0,0.0,13.312508842003144,0,0,0,5.620208740234375,0.007025260925292969,1.0,0,0,0,0,5,0,0
1802,210.73080281499995,117.0,-0.3101043701171875,157.0,449.0,117.0,-0.3101043701171875,157.0,449.0,nan,nan,nan,nan,0.6145050525665283,nan,0,nan,nan,nan,TRACKING,0.05862398099998245,0.0,0.0,12.316996377266234,0,0,0,5.620208740234375,0.007025260925292969,1.0,0,0,0,0,5,0,0
1803,210.80455591600003,117.0,0.0,157.0,449.0,117.0,0.0,157.0,449.0,nan,nan,nan,nan,0.6000624895095825,nan,0,nan,nan,nan,TRACKING,0.04553246499995112,0.0,0.0,13.55875192283676,0,0,0,0.3101043701171875,0.00038763046264648436,1.0,0,0,0,0,5,0,0
1804,210.871406879,117.0,0.0,157.0,449.0,117.0,0.0,157.0,449.0,nan,nan,nan,nan,0.6112534999847412,nan,0,nan,nan,nan,TRACKING,0.03877657700002146,0.0,0.0,14.958647641325898,0,0,0,0.0,0.0,1.0,0,0,0,0,5,0,0
1805,210.95051560699994,117.0,0.0,157.0,449.0,117.0,0.0,157.0,449.0,nan,nan,nan,nan,0.6069271564483643,nan,0,nan,nan,nan,TRACKING,0.05330335400003605,0.0,0.0,12.640830225468816,0,0,0,0.0,0.0,1.0,0,0,0,0,5,0,0
1806,211.031959648,111.68989562988281,0.0,157.0,449.0,111.68989562988281,0.0,157.0,449.0,nan,nan,nan,nan,0.6103388071060181,nan,0,nan,nan,nan,TRACKING,0.052095749000045544,0.0,0.0,12.278369144273343,0,0,0,5.3101043701171875,0.006637630462646485,1.0,0,0,0,0,5,0,0
1807,211.114706919,112.0,0.0,157.0,449.0,112.0,0.0,157.0,449.0,nan,nan,nan,nan,0.5926934480667114,nan,0,nan,nan,nan,TRACKING,0.05332095799997205,0.0,0.0,12.084990694131774,0,0,0,0.3101043701171875,0.00038763046264648436,1.0,0,0,0,0,5,0,0
1808,211.18426804,112.0,0.0,157.0,449.0,112.0,0.0,157.0,449.0,nan,nan,nan,nan,0.5637282729148865,nan,0,nan,nan,nan,TRACKING,0.04207319300007839,0.0,0.0,14.375846530709424,0,0,0,0.0,0.0,1.0,0,0,0,0,5,0,0
1809,211.254017858,112.0,0.0,157.0,449.0,112.0,0.0,157.0,449.0,nan,nan,nan,nan,0.5337584614753723,nan,0,nan,nan,nan,TRACKING,0.04811376800000744,0.0,0.0,14.336954972414796,0,0,0,0.0,0.0,1.0,0,0,0,0,5,0,0
1810,211.32557080799995,112.0,0.0,157.0,449.0,112.0,0.0,157.0,449.0,nan,nan,nan,nan,0.5191214084625244,nan,0,nan,nan,nan,TRACKING,0.04625846100009312,0.0,0.0,13.975664175979219,0,0,0,0.0,0.0,1.0,0,0,0,0,5,0,0
1811,211.45393009099996,117.31010437011719,0.0,157.0,449.0,117.31010437011719,0.0,157.0,449.0,nan,nan,nan,nan,0.5409052968025208,nan,0,nan,nan,nan,TRACKING,0.10393682300002638,0.0,0.0,7.790632485847797,0,0,0,5.3101043701171875,0.006637630462646485,1.0,0,0,0,0,5,0,0
1812,211.52657205499997,117.0,0.0,157.0,449.0,117.0,0.0,157.0,449.0,nan,nan,nan,nan,0.5031064748764038,nan,0,nan,nan,nan,TRACKING,0.04583783600003244,0.0,0.0,13.766147622327772,0,0,0,0.3101043701171875,0.00038763046264648436,1.0,0,0,0,0,5,0,0
1813,211.999143698,117.0,0.0,157.0,449.0,117.0,0.0,157.0,449.0,nan,nan,nan,nan,0.48328253626823425,nan,0,nan,nan,nan,SUSPECTED_LOST,0.05174231700004839,0.3878966009999658,0.0,2.116081264740467,1,0,0,0.0,0.0,1.0,0,0,0,0,5,0,0
1814,212.33553298799995,117.0,0.0,157.0,449.0,109.19999999999999,0.65,166.75,412.6,105.0,1.0,172.0,393.0,0.4426611065864563,0.954912,1,0.8077315808765775,0.034215539232927486,1.0428575655364223,SOFT_REINITIALIZING,0.056559977000006256,0.2468230990000393,0.0,2.9727462488480834,1,0,0,0.0,0.0,1.0,0,0,0,0,6,0,0
1815,212.367469518,109.19999999999999,0.65,166.75,412.6,109.19999999999999,0.65,166.75,412.6,nan,nan,nan,nan,,nan,0,nan,nan,nan,INITIALIZING,0.0,0.0,0.0,31.312105604408178,0,0,0,0.0,0.0,1.0,0,0,0,0,6,0,0
1816,212.40151729900003,109.19999999999999,0.65,166.75,412.6,109.19999999999999,0.65,166.75,412.6,nan,nan,nan,nan,,nan,0,nan,nan,nan,INITIALIZING,0.0,0.0,0.0,29.370489665661886,0,0,0,0.0,0.0,1.0,0,0,0,0,6,0,0
1817,212.44151388599994,109.19999999999999,0.65,166.75,412.6,109.19999999999999,0.65,166.75,412.6,nan,nan,nan,nan,,nan,0,nan,nan,nan,INITIALIZING,0.0,0.0,0.0,25.002133307083778,0,0,0,0.0,0.0,1.0,0,0,0,0,6,0,0
1818,212.47089640399997,109.19999999999999,0.65,166.75,412.6,109.19999999999999,0.65,166.75,412.6,nan,nan,nan,nan,,nan,0,nan,nan,nan,INITIALIZING,0.0,0.0,0.0,34.033842844879494,0,0,0,0.0,0.0,1.0,0,0,0,0,6,0,0
1819,212.50311850799994,109.19999999999999,0.65,166.75,412.6,109.19999999999999,0.65,166.75,412.6,nan,nan,nan,nan,,nan,0,nan,nan,nan,INITIALIZING,0.0,0.0,0.0,31.034596623514066,0,0,0,0.0,0.0,1.0,0,0,0,0,6,0,0
1820,212.534871652,109.19999999999999,0.65,166.75,412.6,109.19999999999999,0.65,166.75,412.6,nan,nan,nan,nan,,nan,0,nan,nan,nan,INITIALIZING,0.0,0.0,0.0,31.492944446648984,0,0,0,0.0,0.0,1.0,0,0,0,0,6,0,0
1821,212.56621052599996,109.19999999999999,0.65,166.75,412.6,109.19999999999999,0.65,166.75,412.6,nan,nan,nan,nan,,nan,0,nan,nan,nan,INITIALIZING,0.0,0.0,0.0,31.90925111096613,0,0,0,0.0,0.0,1.0,0,0,0,0,6,0,0
1822,212.62100488199997,109.19999999999999,0.65,166.75,412.6,109.19999999999999,0.65,166.75,412.6,nan,nan,nan,nan,,nan,0,nan,nan,nan,INITIALIZING,0.0,0.0,0.0,18.250054804913862,0,0,0,0.0,0.0,1.0,0,0,0,0,6,0,0
1823,212.67581465499995,109.19999999999999,0.65,166.75,412.6,109.19999999999999,0.65,166.75,412.6,nan,nan,nan,nan,,nan,0,nan,nan,nan,INITIALIZING,0.0,0.0,0.0,18.24492139385829,0,0,0,0.0,0.0,1.0,0,0,0,0,6,0,0
1824,212.720686246,109.19999999999999,0.65,166.75,412.6,109.19999999999999,0.65,166.75,412.6,nan,nan,nan,nan,,nan,0,nan,nan,nan,INITIALIZING,0.0,0.0,0.0,22.285815539695495,0,0,0,0.0,0.0,1.0,0,0,0,0,6,0,0
1825,212.75958319699998,109.19999999999999,0.65,166.75,412.6,109.19999999999999,0.65,166.75,412.6,nan,nan,nan,nan,,nan,0,nan,nan,nan,INITIALIZING,0.0,0.0,0.0,25.708955953919855,0,0,0,0.0,0.0,1.0,0,0,0,0,6,0,0
1826,212.812311927,109.19999999999999,0.65,166.75,412.6,109.19999999999999,0.65,166.75,412.6,nan,nan,nan,nan,,nan,0,nan,nan,nan,INITIALIZING,0.0,0.0,0.0,18.964993088203755,0,0,0,0.0,0.0,1.0,0,0,0,0,6,0,0
1827,212.84798773,109.19999999999999,0.65,166.75,412.6,109.19999999999999,0.65,166.75,412.6,nan,nan,nan,nan,,nan,0,nan,nan,nan,INITIALIZING,0.0,0.0,0.0,28.030202992204423,0,0,0,0.0,0.0,1.0,0,0,0,0,6,0,0
1828,212.89369239400003,109.19999999999999,0.65,166.75,412.6,109.19999999999999,0.65,166.75,412.6,nan,nan,nan,nan,,nan,0,nan,nan,nan,INITIALIZING,0.0,0.0,0.0,21.879605109872507,0,0,0,0.0,0.0,1.0,0,0,0,0,6,0,0
1829,212.92686663300003,109.19999999999999,0.65,166.75,412.6,109.19999999999999,0.65,166.75,412.6,nan,nan,nan,nan,,nan,0,nan,nan,nan,INITIALIZING,0.0,0.0,0.0,30.14387157456316,0,0,0,0.0,0.0,1.0,0,0,0,0,6,0,0
1830,212.962293165,109.19999999999999,0.65,166.75,412.6,109.19999999999999,0.65,166.75,412.6,nan,nan,nan,nan,,nan,0,nan,nan,nan,INITIALIZING,0.0,0.0,0.0,28.227431350060826,0,0,0,0.0,0.0,1.0,0,0,0,0,6,0,0
1831,213.00290376299995,109.19999999999999,0.65,166.75,412.6,109.19999999999999,0.65,166.75,412.6,nan,nan,nan,nan,,nan,0,nan,nan,nan,INITIALIZING,0.0,0.0,0.0,24.624114129060185,0,0,0,0.0,0.0,1.0,0,0,0,0,6,0,0
1832,213.064983697,109.19999999999999,0.65,166.75,412.6,109.19999999999999,0.65,166.75,412.6,nan,nan,nan,nan,,nan,0,nan,nan,nan,INITIALIZING,0.0,0.0,0.0,16.10826454807676,0,0,0,0.0,0.0,1.0,0,0,0,0,6,0,0
1833,213.093207204,109.19999999999999,0.65,166.75,412.6,109.19999999999999,0.65,166.75,412.6,nan,nan,nan,nan,,nan,0,nan,nan,nan,INITIALIZING,0.0,0.0,0.0,35.43145789783505,0,0,0,0.0,0.0,1.0,0,0,0,0,6,0,0
1834,213.220088949,114.37098693847656,0.1999969482421875,166.75,412.6000061035156,114.37098693847656,0.1999969482421875,166.75,412.6000061035156,nan,nan,nan,nan,0.5401666164398193,nan,0,nan,nan,nan,TRACKING,0.08747479400005886,0.0,0.7765846440000814,7.881354406026391,0,0,0,5.190530408146681,0.006488163010183351,1.0000000147928154,0,0,0,0,6,0,0
1835,213.29529446599997,119.37098693847656,0.1999969482421875,166.75,412.6000061035156,119.37098693847656,0.1999969482421875,166.75,412.6000061035156,nan,nan,nan,nan,0.5141792297363281,nan,0,nan,nan,nan,TRACKING,0.04759940700000698,0.0,0.0,13.296896822082488,0,0,0,5.0,0.00625,1.0,0,0,0,0,6,0,0
1836,213.68406615499998,113.87901306152344,0.1999969482421875,166.75,412.6000061035156,113.87901306152344,0.1999969482421875,166.75,412.6000061035156,nan,nan,nan,nan,0.48138049244880676,nan,0,nan,nan,nan,SUSPECTED_LOST,0.0575969689999738,0.2955181840000023,0.0,2.572203759415147,1,0,0,5.491973876953125,0.006864967346191406,1.0,0,0,0,0,6,0,0
1837,214.00424175199998,108.87901306152344,0.1999969482421875,166.75,412.6000061035156,248.0,17.0,108.0,366.0,248.0,17.0,108.0,366.0,0.3235270380973816,0.917579,1,0.10295810351622237,0.1374228854729778,1.7405649417567606,SOFT_REINITIALIZING,0.04962493200002882,0.24429793700005575,0.0,3.123286126019133,1,0,0,5.0,0.00625,1.0,0,0,0,0,7,0,0
1838,214.02575770500005,248.0,17.0,108.0,366.0,248.0,17.0,108.0,366.0,nan,nan,nan,nan,,nan,0,nan,nan,nan,INITIALIZING,0.0,0.0,0.0,46.47714186757713,0,0,0,0.0,0.0,1.0,0,0,0,0,7,0,0
1839,214.052583766,248.0,17.0,108.0,366.0,248.0,17.0,108.0,366.0,nan,nan,nan,nan,,nan,0,nan,nan,nan,INITIALIZING,0.0,0.0,0.0,37.27718355675871,0,0,0,0.0,0.0,1.0,0,0,0,0,7,0,0
1840,214.07809066000004,248.0,17.0,108.0,366.0,248.0,17.0,108.0,366.0,nan,nan,nan,nan,,nan,0,nan,nan,nan,INITIALIZING,0.0,0.0,0.0,39.20508706384294,0,0,0,0.0,0.0,1.0,0,0,0,0,7,0,0
1841,214.11980751299996,248.0,17.0,108.0,366.0,248.0,17.0,108.0,366.0,nan,nan,nan,nan,,nan,0,nan,nan,nan,INITIALIZING,0.0,0.0,0.0,23.971127448230984,0,0,0,0.0,0.0,1.0,0,0,0,0,7,0,0
1842,214.14886737799998,248.0,17.0,108.0,366.0,248.0,17.0,108.0,366.0,nan,nan,nan,nan,,nan,0,nan,nan,nan,INITIALIZING,0.0,0.0,0.0,34.41172214665288,0,0,0,0.0,0.0,1.0,0,0,0,0,7,0,0
1843,214.17852766,248.0,17.0,108.0,366.0,248.0,17.0,108.0,366.0,nan,nan,nan,nan,,nan,0,nan,nan,nan,INITIALIZING,0.0,0.0,0.0,33.71512111717951,0,0,0,0.0,0.0,1.0,0,0,0,0,7,0,0
1844,214.21103049600003,248.0,17.0,108.0,366.0,248.0,17.0,108.0,366.0,nan,nan,nan,nan,,nan,0,nan,nan,nan,INITIALIZING,0.0,0.0,0.0,30.766546033044605,0,0,0,0.0,0.0,1.0,0,0,0,0,7,0,0
1845,214.24358671699997,248.0,17.0,108.0,366.0,248.0,17.0,108.0,366.0,nan,nan,nan,nan,,nan,0,nan,nan,nan,INITIALIZING,0.0,0.0,0.0,30.716095704165447,0,0,0,0.0,0.0,1.0,0,0,0,0,7,0,0
1846,214.276989502,248.0,17.0,108.0,366.0,248.0,17.0,108.0,366.0,nan,nan,nan,nan,,nan,0,nan,nan,nan,INITIALIZING,0.0,0.0,0.0,29.937623464611324,0,0,0,0.0,0.0,1.0,0,0,0,0,7,0,0
1847,214.337310698,248.0,17.0,108.0,366.0,248.0,17.0,108.0,366.0,nan,nan,nan,nan,,nan,0,nan,nan,nan,INITIALIZING,0.0,0.0,0.0,16.577920636714506,0,0,0,0.0,0.0,1.0,0,0,0,0,7,0,0
1848,214.38526485299997,248.0,17.0,108.0,366.0,248.0,17.0,108.0,366.0,nan,nan,nan,nan,,nan,0,nan,nan,nan,INITIALIZING,0.0,0.0,0.0,20.8532503596592,0,0,0,0.0,0.0,1.0,0,0,0,0,7,0,0
1849,214.433928123,248.0,17.0,108.0,366.0,248.0,17.0,108.0,366.0,nan,nan,nan,nan,,nan,0,nan,nan,nan,INITIALIZING,0.0,0.0,0.0,20.54937943955654,0,0,0,0.0,0.0,1.0,0,0,0,0,7,0,0
1850,214.47001101700005,248.0,17.0,108.0,366.0,248.0,17.0,108.0,366.0,nan,nan,nan,nan,,nan,0,nan,nan,nan,INITIALIZING,0.0,0.0,0.0,27.71396329790878,0,0,0,0.0,0.0,1.0,0,0,0,0,7,0,0
1851,214.50023020899994,248.0,17.0,108.0,366.0,248.0,17.0,108.0,366.0,nan,nan,nan,nan,,nan,0,nan,nan,nan,INITIALIZING,0.0,0.0,0.0,33.09155320908732,0,0,0,0.0,0.0,1.0,0,0,0,0,7,0,0
1852,214.53749935500002,248.0,17.0,108.0,366.0,248.0,17.0,108.0,366.0,nan,nan,nan,nan,,nan,0,nan,nan,nan,INITIALIZING,0.0,0.0,0.0,26.83184637495358,0,0,0,0.0,0.0,1.0,0,0,0,0,7,0,0
1853,214.57814730500002,248.0,17.0,108.0,366.0,248.0,17.0,108.0,366.0,nan,nan,nan,nan,,nan,0,nan,nan,nan,INITIALIZING,0.0,0.0,0.0,24.601486667843442,0,0,0,0.0,0.0,1.0,0,0,0,0,7,0,0
1854,214.62136489399995,248.0,17.0,108.0,366.0,248.0,17.0,108.0,366.0,nan,nan,nan,nan,,nan,0,nan,nan,nan,INITIALIZING,0.0,0.0,0.0,23.138727151148004,0,0,0,0.0,0.0,1.0,0,0,0,0,7,0,0
1855,214.67552618900004,248.0,17.0,108.0,366.0,248.0,17.0,108.0,366.0,nan,nan,nan,nan,,nan,0,nan,nan,nan,INITIALIZING,0.0,0.0,0.0,18.463369459656082,0,0,0,0.0,0.0,1.0,0,0,0,0,7,0,0
1856,214.71593169100004,248.0,17.0,108.0,366.0,248.0,17.0,108.0,366.0,nan,nan,nan,nan,,nan,0,nan,nan,nan,INITIALIZING,0.0,0.0,0.0,24.749104713512335,0,0,0,0.0,0.0,1.0,0,0,0,0,7,0,0
1857,214.780360547,248.0,17.0,108.0,366.0,248.0,17.0,108.0,366.0,nan,nan,nan,nan,,nan,0,nan,nan,nan,INITIALIZING,0.0,0.0,0.0,15.52099574763183,0,0,0,0.0,0.0,1.0,0,0,0,0,7,0,0
1858,214.90261236799995,248.5,21.476333618164062,108.0,366.0,248.5,21.476333618164062,108.0,366.0,nan,nan,nan,nan,0.7040131688117981,nan,0,nan,nan,nan,TRACKING,0.07430266599999413,0.0,0.8037773080000079,8.179837255759969,0,0,0,4.504171695340417,0.005630214619175521,1.0,0,0,0,0,7,0,0
1859,214.97539003299994,248.5,21.5,108.0,366.0,248.5,21.5,108.0,366.0,nan,nan,nan,nan,0.6429547667503357,nan,0,nan,nan,nan,TRACKING,0.04523691200006397,0.0,0.0,13.740479307767606,0,0,0,0.0236663818359375,2.9582977294921875e-05,1.0,0,0,0,0,7,0,0
1860,215.34437513900002,248.5,21.5,108.0,366.0,248.5,21.5,108.0,366.0,245.0,0.0,133.0,450.0,0.6180959343910217,0.969319,1,0.6604511278195488,0.027985766471547636,1.5141165755919854,DETECTOR_CONFIRMED,0.07250443600003109,0.26968117000001257,0.0,2.7101364898988036,0,0,0,0.0,0.0,1.0,0,0,0,0,7,0,0
1861,215.65491058600003,256.4526672363281,21.5,108.0,366.0,248.35843353271483,7.5249999999999995,154.15,434.9,244.0,0.0,179.0,472.0,0.45254236459732056,0.992284,1,0.46785342297130955,0.048788919520718003,2.1374215745800447,SOFT_REINITIALIZING,0.06992673199999899,0.20984243699990657,0.0,3.2202442898571215,1,0,0,7.952667236328125,0.009940834045410156,1.0,0,0,0,0,8,0,0
1862,215.68080410000005,248.35843353271483,7.5249999999999995,154.15,434.9,248.35843353271483,7.5249999999999995,154.15,434.9,nan,nan,nan,nan,,nan,0,nan,nan,nan,INITIALIZING,0.0,0.0,0.0,38.61970993969069,0,0,0,0.0,0.0,1.0,0,0,0,0,8,0,0
1863,215.71539689300005,248.35843353271483,7.5249999999999995,154.15,434.9,248.35843353271483,7.5249999999999995,154.15,434.9,nan,nan,nan,nan,,nan,0,nan,nan,nan,INITIALIZING,0.0,0.0,0.0,28.90775543911569,0,0,0,0.0,0.0,1.0,0,0,0,0,8,0,0
1864,215.74382317000004,248.35843353271483,7.5249999999999995,154.15,434.9,248.35843353271483,7.5249999999999995,154.15,434.9,nan,nan,nan,nan,,nan,0,nan,nan,nan,INITIALIZING,0.0,0.0,0.0,35.178718620106565,0,0,0,0.0,0.0,1.0,0,0,0,0,8,0,0
1865,215.77133335199994,248.35843353271483,7.5249999999999995,154.15,434.9,248.35843353271483,7.5249999999999995,154.15,434.9,nan,nan,nan,nan,,nan,0,nan,nan,nan,INITIALIZING,0.0,0.0,0.0,36.35017754530319,0,0,0,0.0,0.0,1.0,0,0,0,0,8,0,0
1866,215.81113854499995,248.35843353271483,7.5249999999999995,154.15,434.9,248.35843353271483,7.5249999999999995,154.15,434.9,nan,nan,nan,nan,,nan,0,nan,nan,nan,INITIALIZING,0.0,0.0,0.0,25.122350242086164,0,0,0,0.0,0.0,1.0,0,0,0,0,8,0,0
1867,215.839684561,248.35843353271483,7.5249999999999995,154.15,434.9,248.35843353271483,7.5249999999999995,154.15,434.9,nan,nan,nan,nan,,nan,0,nan,nan,nan,INITIALIZING,0.0,0.0,0.0,35.031158113193854,0,0,0,0.0,0.0,1.0,0,0,0,0,8,0,0
1868,215.87524568899994,248.35843353271483,7.5249999999999995,154.15,434.9,248.35843353271483,7.5249999999999995,154.15,434.9,nan,nan,nan,nan,,nan,0,nan,nan,nan,INITIALIZING,0.0,0.0,0.0,28.12059280015144,0,0,0,0.0,0.0,1.0,0,0,0,0,8,0,0
1869,215.90688623899996,248.35843353271483,7.5249999999999995,154.15,434.9,248.35843353271483,7.5249999999999995,154.15,434.9,nan,nan,nan,nan,,nan,0,nan,nan,nan,INITIALIZING,0.0,0.0,0.0,31.60501318717169,0,0,0,0.0,0.0,1.0,0,0,0,0,8,0,0
1870,215.93865090400004,248.35843353271483,7.5249999999999995,154.15,434.9,248.35843353271483,7.5249999999999995,154.15,434.9,nan,nan,nan,nan,,nan,0,nan,nan,nan,INITIALIZING,0.0,0.0,0.0,31.481521999284553,0,0,0,0.0,0.0,1.0,0,0,0,0,8,0,0
1871,215.973615052,248.35843353271483,7.5249999999999995,154.15,434.9,248.35843353271483,7.5249999999999995,154.15,434.9,nan,nan,nan,nan,,nan,0,nan,nan,nan,INITIALIZING,0.0,0.0,0.0,28.600725520347464,0,0,0,0.0,0.0,1.0,0,0,0,0,8,0,0
1872,216.00774086499996,248.35843353271483,7.5249999999999995,154.15,434.9,248.35843353271483,7.5249999999999995,154.15,434.9,nan,nan,nan,nan,,nan,0,nan,nan,nan,INITIALIZING,0.0,0.0,0.0,29.3033311763615,0,0,0,0.0,0.0,1.0,0,0,0,0,8,0,0
1873,216.04373454400002,248.35843353271483,7.5249999999999995,154.15,434.9,248.35843353271483,7.5249999999999995,154.15,434.9,nan,nan,nan,nan,,nan,0,nan,nan,nan,INITIALIZING,0.0,0.0,0.0,27.782655949073828,0,0,0,0.0,0.0,1.0,0,0,0,0,8,0,0
1874,216.07816165999998,248.35843353271483,7.5249999999999995,154.15,434.9,248.35843353271483,7.5249999999999995,154.15,434.9,nan,nan,nan,nan,,nan,0,nan,nan,nan,INITIALIZING,0.0,0.0,0.0,29.046871076890106,0,0,0,0.0,0.0,1.0,0,0,0,0,8,0,0
1875,216.12595389199998,248.35843353271483,7.5249999999999995,154.15,434.9,248.35843353271483,7.5249999999999995,154.15,434.9,nan,nan,nan,nan,,nan,0,nan,nan,nan,INITIALIZING,0.0,0.0,0.0,20.923902445064112,0,0,0,0.0,0.0,1.0,0,0,0,0,8,0,0
1876,216.17836373299997,248.35843353271483,7.5249999999999995,154.15,434.9,248.35843353271483,7.5249999999999995,154.15,434.9,nan,nan,nan,nan,,nan,0,nan,nan,nan,INITIALIZING,0.0,0.0,0.0,19.08038606719459,0,0,0,0.0,0.0,1.0,0,0,0,0,8,0,0
1877,216.22577528800002,248.35843353271483,7.5249999999999995,154.15,434.9,248.35843353271483,7.5249999999999995,154.15,434.9,nan,nan,nan,nan,,nan,0,nan,nan,nan,INITIALIZING,0.0,0.0,0.0,21.091904705485298,0,0,0,0.0,0.0,1.0,0,0,0,0,8,0,0
1878,216.287370399,248.35843353271483,7.5249999999999995,154.15,434.9,248.35843353271483,7.5249999999999995,154.15,434.9,nan,nan,nan,nan,,nan,0,nan,nan,nan,INITIALIZING,0.0,0.0,0.0,16.235054759466532,0,0,0,0.0,0.0,1.0,0,0,0,0,8,0,0
1879,216.75026660899994,248.4250030517578,7.0500030517578125,154.14999389648438,434.8999938964844,248.4250030517578,7.0500030517578125,154.14999389648438,434.8999938964844,nan,nan,nan,nan,0.36330556869506836,nan,0,nan,nan,nan,SUSPECTED_LOST,0.0702364790000729,0.33049148899999636,0.6797154870000668,2.1603114875365472,1,0,0,0.4796416313945448,0.000599552039243181,1.000000053628951,0,0,0,0,8,0,0
1880,217.144946915,248.4250030517578,32.94206237792969,154.14999389648438,434.8999938964844,117.0,0.0,319.0,480.0,117.0,0.0,319.0,480.0,0.3470945954322815,0.765351,1,0.4378254402084911,0.06261233525929959,2.2840152904860966,REINITIALIZING,0.08339388900003541,0.2643677229999639,0.0,2.533696221467562,1,0,0,25.892059326171875,0.03236507415771484,1.0,0,0,0,0,8,1,0
1881,217.18906393999998,117.0,0.0,319.0,480.0,117.0,0.0,319.0,480.0,nan,nan,nan,nan,,nan,0,nan,nan,nan,INITIALIZING,0.0,0.0,0.0,22.666986271177525,0,0,0,0.0,0.0,1.0,0,0,0,0,8,1,0
1882,217.23014939899997,117.0,0.0,319.0,480.0,117.0,0.0,319.0,480.0,nan,nan,nan,nan,,nan,0,nan,nan,nan,INITIALIZING,0.0,0.0,0.0,24.33951145587329,0,0,0,0.0,0.0,1.0,0,0,0,0,8,1,0
1883,217.25476864300003,117.0,0.0,319.0,480.0,117.0,0.0,319.0,480.0,nan,nan,nan,nan,,nan,0,nan,nan,nan,INITIALIZING,0.0,0.0,0.0,40.618631506206945,0,0,0,0.0,0.0,1.0,0,0,0,0,8,1,0
1884,217.280327316,117.0,0.0,319.0,480.0,117.0,0.0,319.0,480.0,nan,nan,nan,nan,,nan,0,nan,nan,nan,INITIALIZING,0.0,0.0,0.0,39.125661962218146,0,0,0,0.0,0.0,1.0,0,0,0,0,8,1,0
1885,217.309718964,117.0,0.0,319.0,480.0,117.0,0.0,319.0,480.0,nan,nan,nan,nan,,nan,0,nan,nan,nan,INITIALIZING,0.0,0.0,0.0,34.023270828501204,0,0,0,0.0,0.0,1.0,0,0,0,0,8,1,0
1886,217.34115472899998,117.0,0.0,319.0,480.0,117.0,0.0,319.0,480.0,nan,nan,nan,nan,,nan,0,nan,nan,nan,INITIALIZING,0.0,0.0,0.0,31.810900736819292,0,0,0,0.0,0.0,1.0,0,0,0,0,8,1,0
1887,217.37426934999996,117.0,0.0,319.0,480.0,117.0,0.0,319.0,480.0,nan,nan,nan,nan,,nan,0,nan,nan,nan,INITIALIZING,0.0,0.0,0.0,30.198141177595176,0,0,0,0.0,0.0,1.0,0,0,0,0,8,1,0
1888,217.42315872899997,117.0,0.0,319.0,480.0,117.0,0.0,319.0,480.0,nan,nan,nan,nan,,nan,0,nan,nan,nan,INITIALIZING,0.0,0.0,0.0,20.454340399782104,0,0,0,0.0,0.0,1.0,0,0,0,0,8,1,0
1889,217.47280654500003,117.0,0.0,319.0,480.0,117.0,0.0,319.0,480.0,nan,nan,nan,nan,,nan,0,nan,nan,nan,INITIALIZING,0.0,0.0,0.0,20.141872907335518,0,0,0,0.0,0.0,1.0,0,0,0,0,8,1,0
1890,217.51549180200004,117.0,0.0,319.0,480.0,117.0,0.0,319.0,480.0,nan,nan,nan,nan,,nan,0,nan,nan,nan,INITIALIZING,0.0,0.0,0.0,23.427292472424714,0,0,0,0.0,0.0,1.0,0,0,0,0,8,1,0
1891,217.56115633299999,117.0,0.0,319.0,480.0,117.0,0.0,319.0,480.0,nan,nan,nan,nan,,nan,0,nan,nan,nan,INITIALIZING,0.0,0.0,0.0,21.89883434916362,0,0,0,0.0,0.0,1.0,0,0,0,0,8,1,0
1892,217.613981029,117.0,0.0,319.0,480.0,117.0,0.0,319.0,480.0,nan,nan,nan,nan,,nan,0,nan,nan,nan,INITIALIZING,0.0,0.0,0.0,18.930539609725272,0,0,0,0.0,0.0,1.0,0,0,0,0,8,1,0
1893,217.65987264299997,117.0,0.0,319.0,480.0,117.0,0.0,319.0,480.0,nan,nan,nan,nan,,nan,0,nan,nan,nan,INITIALIZING,0.0,0.0,0.0,21.79047352748699,0,0,0,0.0,0.0,1.0,0,0,0,0,8,1,0
1894,217.694626641,117.0,0.0,319.0,480.0,117.0,0.0,319.0,480.0,nan,nan,nan,nan,,nan,0,nan,nan,nan,INITIALIZING,0.0,0.0,0.0,28.773667996378208,0,0,0,0.0,0.0,1.0,0,0,0,0,8,1,0
1895,217.72322021499997,117.0,0.0,319.0,480.0,117.0,0.0,319.0,480.0,nan,nan,nan,nan,,nan,0,nan,nan,nan,INITIALIZING,0.0,0.0,0.0,34.97289286052674,0,0,0,0.0,0.0,1.0,0,0,0,0,8,1,0
1896,217.906801934,77.86944580078125,0.5,319.0,480.0,77.86944580078125,0.5,319.0,480.0,nan,nan,nan,nan,0.5064951181411743,nan,0,nan,nan,nan,TRACKING,0.0667640350000056,0.0,0.6646014190000642,5.4471654664041305,0,0,0,39.13374850353587,0.04891718562941984,1.0,0,0,0,0,8,1,0
1897,218.29369430299994,101.47833251953125,8.32611083984375,319.0,480.0,101.47833251953125,8.32611083984375,319.0,480.0,nan,nan,nan,nan,0.49865952134132385,nan,0,nan,nan,nan,SUSPECTED_LOST,0.053996675999997024,0.30692769399990993,0.0,2.5846981748045907,1,0,0,24.872224327073965,0.031090280408842458,1.0,0,0,0,0,8,1,0
1898,218.592625817,93.17388916015625,31.97833251953125,319.0,480.0,93.17388916015625,31.97833251953125,319.0,480.0,nan,nan,nan,nan,0.49136218428611755,nan,0,nan,nan,nan,SUSPECTED_LOST,0.06472429799998736,0.20596416000000772,0.0,3.345247834926496,1,0,0,25.067735635556453,0.03133466954444557,1.0,0,0,0,0,8,1,0
1899,218.90966740499994,93.0,94.10888671875,319.0,480.0,93.0,94.10888671875,319.0,480.0,nan,nan,nan,nan,0.41050973534584045,nan,0,nan,nan,nan,SUSPECTED_LOST,0.051370689000009406,0.23656346899997516,0.0,3.15416033053744,1,0,0,62.13079753666517,0.07766349692083147,1.0,0,0,0,0,8,1,0
1900,219.19964302200003,85.17388916015625,125.804443359375,319.0,480.0,85.17388916015625,125.804443359375,319.0,480.0,nan,nan,nan,nan,0.38253939151763916,nan,0,nan,nan,nan,SUSPECTED_LOST,0.0556378810000524,0.2036192090000668,0.0,3.4485658151032417,1,0,0,32.647455056046674,0.040809318820058345,1.0,0,0,0,0,8,1,0
1901,219.55025780200003,85.0,109.8477783203125,319.0,480.0,85.0,109.8477783203125,319.0,480.0,nan,nan,nan,nan,0.3993457555770874,nan,0,nan,nan,nan,SUSPECTED_LOST,0.051268761999949675,0.2703897320000124,0.0,2.8521330447050683,1,0,0,15.957612497139392,0.01994701562142424,1.0,0,0,0,0,8,1,0
1902,219.93541570699995,100.6522216796875,86.02166748046875,319.0,480.0,100.6522216796875,86.02166748046875,319.0,480.0,nan,nan,nan,nan,0.45009464025497437,nan,0,nan,nan,nan,SUSPECTED_LOST,0.044485945000019456,0.2997227919998977,0.0,2.596337728029292,1,0,0,28.507465710978224,0.03563433213872278,1.0,0,0,0,0,8,1,0
1903,220.23717167899997,108.82611083984375,94.32611083984375,319.0,480.0,90.7391387939453,33.014138793945314,347.6,480.0,81.0,0.0,363.0,480.0,0.4294857084751129,0.969534,1,0.6021139967957775,0.11813233279944356,1.1379310344827587,SOFT_REINITIALIZING,0.054376165999997284,0.21905586299999413,0.0,3.3139360701697127,1,0,0,11.652306360184124,0.014565382950230155,1.0,0,0,0,0,9,1,0
1904,220.260606242,90.7391387939453,33.014138793945314,347.6,480.0,90.7391387939453,33.014138793945314,347.6,480.0,nan,nan,nan,nan,,nan,0,nan,nan,nan,INITIALIZING,0.0,0.0,0.0,42.6720139820401,0,0,0,0.0,0.0,1.0,0,0,0,0,9,1,0
1905,220.295136029,90.7391387939453,33.014138793945314,347.6,480.0,90.7391387939453,33.014138793945314,347.6,480.0,nan,nan,nan,nan,,nan,0,nan,nan,nan,INITIALIZING,0.0,0.0,0.0,28.96050299991986,0,0,0,0.0,0.0,1.0,0,0,0,0,9,1,0
1906,220.330082016,90.7391387939453,33.014138793945314,347.6,480.0,90.7391387939453,33.014138793945314,347.6,480.0,nan,nan,nan,nan,,nan,0,nan,nan,nan,INITIALIZING,0.0,0.0,0.0,28.615588965897054,0,0,0,0.0,0.0,1.0,0,0,0,0,9,1,0
1907,220.37808677099997,90.7391387939453,33.014138793945314,347.6,480.0,90.7391387939453,33.014138793945314,347.6,480.0,nan,nan,nan,nan,,nan,0,nan,nan,nan,INITIALIZING,0.0,0.0,0.0,20.83126973569017,0,0,0,0.0,0.0,1.0,0,0,0,0,9,1,0
1908,220.406062175,90.7391387939453,33.014138793945314,347.6,480.0,90.7391387939453,33.014138793945314,347.6,480.0,nan,nan,nan,nan,,nan,0,nan,nan,nan,INITIALIZING,0.0,0.0,0.0,35.74568574592844,0,0,0,0.0,0.0,1.0,0,0,0,0,9,1,0
1909,220.427857883,90.7391387939453,33.014138793945314,347.6,480.0,90.7391387939453,33.014138793945314,347.6,480.0,nan,nan,nan,nan,,nan,0,nan,nan,nan,INITIALIZING,0.0,0.0,0.0,45.880592637751896,0,0,0,0.0,0.0,1.0,0,0,0,0,9,1,0
1910,220.45497286900002,90.7391387939453,33.014138793945314,347.6,480.0,90.7391387939453,33.014138793945314,347.6,480.0,nan,nan,nan,nan,,nan,0,nan,nan,nan,INITIALIZING,0.0,0.0,0.0,36.87997478587837,0,0,0,0.0,0.0,1.0,0,0,0,0,9,1,0
1911,220.48671030900005,90.7391387939453,33.014138793945314,347.6,480.0,90.7391387939453,33.014138793945314,347.6,480.0,nan,nan,nan,nan,,nan,0,nan,nan,nan,INITIALIZING,0.0,0.0,0.0,31.50852746784513,0,0,0,0.0,0.0,1.0,0,0,0,0,9,1,0
1912,220.535681212,90.7391387939453,33.014138793945314,347.6,480.0,90.7391387939453,33.014138793945314,347.6,480.0,nan,nan,nan,nan,,nan,0,nan,nan,nan,INITIALIZING,0.0,0.0,0.0,20.42028916643049,0,0,0,0.0,0.0,1.0,0,0,0,0,9,1,0
1913,220.58958727799995,90.7391387939453,33.014138793945314,347.6,480.0,90.7391387939453,33.014138793945314,347.6,480.0,nan,nan,nan,nan,,nan,0,nan,nan,nan,INITIALIZING,0.0,0.0,0.0,18.550787957715162,0,0,0,0.0,0.0,1.0,0,0,0,0,9,1,0
1914,220.63655275999997,90.7391387939453,33.014138793945314,347.6,480.0,90.7391387939453,33.014138793945314,347.6,480.0,nan,nan,nan,nan,,nan,0,nan,nan,nan,INITIALIZING,0.0,0.0,0.0,21.292233304442647,0,0,0,0.0,0.0,1.0,0,0,0,0,9,1,0
1915,220.67954797699997,90.7391387939453,33.014138793945314,347.6,480.0,90.7391387939453,33.014138793945314,347.6,480.0,nan,nan,nan,nan,,nan,0,nan,nan,nan,INITIALIZING,0.0,0.0,0.0,23.25840104493599,0,0,0,0.0,0.0,1.0,0,0,0,0,9,1,0
1916,220.712379586,90.7391387939453,33.014138793945314,347.6,480.0,90.7391387939453,33.014138793945314,347.6,480.0,nan,nan,nan,nan,,nan,0,nan,nan,nan,INITIALIZING,0.0,0.0,0.0,30.458452401744115,0,0,0,0.0,0.0,1.0,0,0,0,0,9,1,0
1917,220.74601156100005,90.7391387939453,33.014138793945314,347.6,480.0,90.7391387939453,33.014138793945314,347.6,480.0,nan,nan,nan,nan,,nan,0,nan,nan,nan,INITIALIZING,0.0,0.0,0.0,29.7336091620715,0,0,0,0.0,0.0,1.0,0,0,0,0,9,1,0
1918,220.78381281199995,90.7391387939453,33.014138793945314,347.6,480.0,90.7391387939453,33.014138793945314,347.6,480.0,nan,nan,nan,nan,,nan,0,nan,nan,nan,INITIALIZING,0.0,0.0,0.0,26.45415094866849,0,0,0,0.0,0.0,1.0,0,0,0,0,9,1,0
1919,220.82085057300003,90.7391387939453,33.014138793945314,347.6,480.0,90.7391387939453,33.014138793945314,347.6,480.0,nan,nan,nan,nan,,nan,0,nan,nan,nan,INITIALIZING,0.0,0.0,0.0,26.999472241258715,0,0,0,0.0,0.0,1.0,0,0,0,0,9,1,0
1920,220.851723741,90.7391387939453,33.014138793945314,347.6,480.0,90.7391387939453,33.014138793945314,347.6,480.0,nan,nan,nan,nan,,nan,0,nan,nan,nan,INITIALIZING,0.0,0.0,0.0,32.39058589649563,0,0,0,0.0,0.0,1.0,0,0,0,0,9,1,0
1921,220.88597592500003,90.7391387939453,33.014138793945314,347.6,480.0,90.7391387939453,33.014138793945314,347.6,480.0,nan,nan,nan,nan,,nan,0,nan,nan,nan,INITIALIZING,0.0,0.0,0.0,29.19521861727955,0,0,0,0.0,0.0,1.0,0,0,0,0,9,1,0
1922,220.92004201500004,90.7391387939453,33.014138793945314,347.6,480.0,90.7391387939453,33.014138793945314,347.6,480.0,nan,nan,nan,nan,,nan,0,nan,nan,nan,INITIALIZING,0.0,0.0,0.0,29.354704340876772,0,0,0,0.0,0.0,1.0,0,0,0,0,9,1,0
1923,220.96458650399995,90.7391387939453,33.014138793945314,347.6,480.0,90.7391387939453,33.014138793945314,347.6,480.0,nan,nan,nan,nan,,nan,0,nan,nan,nan,INITIALIZING,0.0,0.0,0.0,22.44946619551164,0,0,0,0.0,0.0,1.0,0,0,0,0,9,1,0
1924,221.10909186499998,90.69999694824219,25.330596923828125,347.6000061035156,480.0,90.69999694824219,25.330596923828125,347.6000061035156,480.0,nan,nan,nan,nan,0.5612002015113831,nan,0,nan,nan,nan,TRACKING,0.10821937100001833,0.0,0.7507735039999943,6.920158484637825,0,0,0,7.683641553003092,0.009604551941253864,1.0000000175590207,0,0,0,0,9,1,0
1925,221.18659775499998,90.69999694824219,25.5,347.6000061035156,480.0,90.69999694824219,25.5,347.6000061035156,480.0,nan,nan,nan,nan,0.5576850175857544,nan,0,nan,nan,nan,TRACKING,0.04878376700003173,0.0,0.0,12.902245235814085,0,0,0,0.169403076171875,0.00021175384521484374,1.0,0,0,0,0,9,1,0
1926,221.262174008,90.69999694824219,25.5,347.6000061035156,480.0,90.69999694824219,25.5,347.6000061035156,480.0,nan,nan,nan,nan,0.5260398983955383,nan,0,nan,nan,nan,TRACKING,0.045640324000032706,0.0,0.0,13.23166947691743,0,0,0,0.0,0.0,1.0,0,0,0,0,9,1,0
1927,221.336666983,90.69999694824219,25.5,347.6000061035156,480.0,90.69999694824219,25.5,347.6000061035156,480.0,nan,nan,nan,nan,0.5170906782150269,nan,0,nan,nan,nan,TRACKING,0.04940871999997398,0.0,0.0,13.424084620060118,0,0,0,0.0,0.0,1.0,0,0,0,0,9,1,0
1928,221.39774988700003,90.69999694824219,25.5,347.6000061035156,480.0,90.69999694824219,25.5,347.6000061035156,480.0,nan,nan,nan,nan,0.5117302536964417,nan,0,nan,nan,nan,TRACKING,0.03918870499990135,0.0,0.0,16.371192829981652,0,0,0,0.0,0.0,1.0,0,0,0,0,9,1,0
1929,221.69176225399997,90.69999694824219,25.5,347.6000061035156,480.0,90.69999694824219,25.5,347.6000061035156,480.0,nan,nan,nan,nan,0.4931442141532898,nan,0,nan,nan,nan,SUSPECTED_LOST,0.04168620800010103,0.22937253199995666,0.0,3.4012174732779714,1,0,0,0.0,0.0,1.0,0,0,0,0,9,1,0
1930,221.99914360000002,98.86940002441406,25.5,347.6000061035156,480.0,98.86940002441406,25.5,347.6000061035156,480.0,nan,nan,nan,nan,0.4718717932701111,nan,0,nan,nan,nan,SUSPECTED_LOST,0.058902900000020963,0.21858371299992996,0.0,3.253287855665178,1,0,0,8.169403076171875,0.010211753845214843,1.0,0,0,0,0,9,1,0
1931,222.32505310299996,98.69999694824219,25.5,347.6000061035156,480.0,98.69999694824219,25.5,347.6000061035156,480.0,nan,nan,nan,nan,0.4508509635925293,nan,0,nan,nan,nan,SUSPECTED_LOST,0.04248829300001944,0.2546908030000168,0.0,3.068336427122229,1,0,0,0.169403076171875,0.00021175384521484374,1.0,0,0,0,0,9,1,0
1932,222.77014307699994,98.69999694824219,25.5,347.6000061035156,480.0,221.0,65.0,118.0,415.0,221.0,65.0,118.0,415.0,0.46326538920402527,0.806807,1,0.29350066611607434,0.012823927830426995,3.407147292825965,REINITIALIZING,0.04706585600001745,0.3679338109999435,0.0,2.2467367463101646,1,0,0,0.0,0.0,1.0,0,0,0,0,9,2,0
1933,222.80074474000003,221.0,65.0,118.0,415.0,221.0,65.0,118.0,415.0,nan,nan,nan,nan,,nan,0,nan,nan,nan,INITIALIZING,0.0,0.0,0.0,32.677962632202494,0,0,0,0.0,0.0,1.0,0,0,0,0,9,2,0
1934,222.83017150599994,221.0,65.0,118.0,415.0,221.0,65.0,118.0,415.0,nan,nan,nan,nan,,nan,0,nan,nan,nan,INITIALIZING,0.0,0.0,0.0,33.982667344515136,0,0,0,0.0,0.0,1.0,0,0,0,0,9,2,0
1935,222.86189515,221.0,65.0,118.0,415.0,221.0,65.0,118.0,415.0,nan,nan,nan,nan,,nan,0,nan,nan,nan,INITIALIZING,0.0,0.0,0.0,31.522229917782713,0,0,0,0.0,0.0,1.0,0,0,0,0,9,2,0
1936,222.88989946499998,221.0,65.0,118.0,415.0,221.0,65.0,118.0,415.0,nan,nan,nan,nan,,nan,0,nan,nan,nan,INITIALIZING,0.0,0.0,0.0,35.70878273583453,0,0,0,0.0,0.0,1.0,0,0,0,0,9,2,0
1937,222.92436363399997,221.0,65.0,118.0,415.0,221.0,65.0,118.0,415.0,nan,nan,nan,nan,,nan,0,nan,nan,nan,INITIALIZING,0.0,0.0,0.0,29.01564230375962,0,0,0,0.0,0.0,1.0,0,0,0,0,9,2,0
1938,222.96316181999998,221.0,65.0,118.0,415.0,221.0,65.0,118.0,415.0,nan,nan,nan,nan,,nan,0,nan,nan,nan,INITIALIZING,0.0,0.0,0.0,25.774400895953985,0,0,0,0.0,0.0,1.0,0,0,0,0,9,2,0
1939,222.99440863999996,221.0,65.0,118.0,415.0,221.0,65.0,118.0,415.0,nan,nan,nan,nan,,nan,0,nan,nan,nan,INITIALIZING,0.0,0.0,0.0,32.003256651418894,0,0,0,0.0,0.0,1.0,0,0,0,0,9,2,0
1940,223.02433556300002,221.0,65.0,118.0,415.0,221.0,65.0,118.0,415.0,nan,nan,nan,nan,,nan,0,nan,nan,nan,INITIALIZING,0.0,0.0,0.0,33.41472826985701,0,0,0,0.0,0.0,1.0,0,0,0,0,9,2,0
1941,223.066700942,221.0,65.0,118.0,415.0,221.0,65.0,118.0,415.0,nan,nan,nan,nan,,nan,0,nan,nan,nan,INITIALIZING,0.0,0.0,0.0,23.60417925212616,0,0,0,0.0,0.0,1.0,0,0,0,0,9,2,0
1942,223.11813076299995,221.0,65.0,118.0,415.0,221.0,65.0,118.0,415.0,nan,nan,nan,nan,,nan,0,nan,nan,nan,INITIALIZING,0.0,0.0,0.0,19.443972009957406,0,0,0,0.0,0.0,1.0,0,0,0,0,9,2,0
1943,223.19611151100003,221.0,65.0,118.0,415.0,221.0,65.0,118.0,415.0,nan,nan,nan,nan,,nan,0,nan,nan,nan,INITIALIZING,0.0,0.0,0.0,12.823677967272994,0,0,0,0.0,0.0,1.0,0,0,0,0,9,2,0
1944,223.236791628,221.0,65.0,118.0,415.0,221.0,65.0,118.0,415.0,nan,nan,nan,nan,,nan,0,nan,nan,nan,INITIALIZING,0.0,0.0,0.0,24.582033527603976,0,0,0,0.0,0.0,1.0,0,0,0,0,9,2,0
1945,223.30367876699995,221.0,65.0,118.0,415.0,221.0,65.0,118.0,415.0,nan,nan,nan,nan,,nan,0,nan,nan,nan,INITIALIZING,0.0,0.0,0.0,14.95055723643085,0,0,0,0.0,0.0,1.0,0,0,0,0,9,2,0
1946,223.35318390199996,221.0,65.0,118.0,415.0,221.0,65.0,118.0,415.0,nan,nan,nan,nan,,nan,0,nan,nan,nan,INITIALIZING,0.0,0.0,0.0,20.199924714878964,0,0,0,0.0,0.0,1.0,0,0,0,0,9,2,0
1947,223.38514379899993,221.0,65.0,118.0,415.0,221.0,65.0,118.0,415.0,nan,nan,nan,nan,,nan,0,nan,nan,nan,INITIALIZING,0.0,0.0,0.0,31.289212227456897,0,0,0,0.0,0.0,1.0,0,0,0,0,9,2,0
1948,223.41565129699995,221.0,65.0,118.0,415.0,221.0,65.0,118.0,415.0,nan,nan,nan,nan,,nan,0,nan,nan,nan,INITIALIZING,0.0,0.0,0.0,32.77882702800951,0,0,0,0.0,0.0,1.0,0,0,0,0,9,2,0
1949,223.44881338300002,221.0,65.0,118.0,415.0,221.0,65.0,118.0,415.0,nan,nan,nan,nan,,nan,0,nan,nan,nan,INITIALIZING,0.0,0.0,0.0,30.154918481248565,0,0,0,0.0,0.0,1.0,0,0,0,0,9,2,0
1950,223.48754631199995,221.0,65.0,118.0,415.0,221.0,65.0,118.0,415.0,nan,nan,nan,nan,,nan,0,nan,nan,nan,INITIALIZING,0.0,0.0,0.0,25.81782544773973,0,0,0,0.0,0.0,1.0,0,0,0,0,9,2,0
1951,223.53459097400003,221.0,65.0,118.0,415.0,221.0,65.0,118.0,415.0,nan,nan,nan,nan,,nan,0,nan,nan,nan,INITIALIZING,0.0,0.0,0.0,21.256396740577927,0,0,0,0.0,0.0,1.0,0,0,0,0,9,2,0
1952,223.571675411,221.0,65.0,118.0,415.0,221.0,65.0,118.0,415.0,nan,nan,nan,nan,,nan,0,nan,nan,nan,INITIALIZING,0.0,0.0,0.0,26.96548959340142,0,0,0,0.0,0.0,1.0,0,0,0,0,9,2,0
1953,223.698368954,225.92584228515625,65.0,118.0,415.0,225.92584228515625,65.0,118.0,415.0,nan,nan,nan,nan,0.707156240940094,nan,0,nan,nan,nan,TRACKING,0.08654629000000114,0.0,0.8255672170000707,7.89306207973123,0,0,0,4.92584228515625,0.006157302856445312,1.0,0,0,0,0,9,2,0
1954,223.76476911700001,225.5,65.0,118.0,415.0,225.5,65.0,118.0,415.0,nan,nan,nan,nan,0.7260530591011047,nan,0,nan,nan,nan,TRACKING,0.041136942999969506,0.0,0.0,15.060203993770509,0,0,0,0.42584228515625,0.0005323028564453125,1.0,0,0,0,0,9,2,0
1955,223.84212388100002,225.5,65.0,118.0,415.0,225.5,65.0,118.0,415.0,nan,nan,nan,nan,0.7308928370475769,nan,0,nan,nan,nan,TRACKING,0.05390821399998913,0.0,0.0,12.9274520183388,0,0,0,0.0,0.0,1.0,0,0,0,0,9,2,0
1956,223.96096600500005,225.5,65.0,118.0,415.0,225.5,65.0,118.0,415.0,nan,nan,nan,nan,0.7266064882278442,nan,0,nan,nan,nan,TRACKING,0.07459960300002422,0.0,0.0,8.41452480266835,0,0,0,0.0,0.0,1.0,0,0,0,0,9,2,0
1957,224.048957245,225.5,65.0,118.0,415.0,225.5,65.0,118.0,415.0,nan,nan,nan,nan,0.7205817699432373,nan,0,nan,nan,nan,TRACKING,0.048029715000097895,0.0,0.0,11.364767674606641,0,0,0,0.0,0.0,1.0,0,0,0,0,9,2,0
1958,224.114119124,225.5,65.0,118.0,415.0,225.5,65.0,118.0,415.0,nan,nan,nan,nan,0.7224762439727783,nan,0,nan,nan,nan,TRACKING,0.041157256000019515,0.0,0.0,15.34639601168897,0,0,0,0.0,0.0,1.0,0,0,0,0,9,2,0
1959,224.18256392499995,225.5,65.0,118.0,415.0,225.5,65.0,118.0,415.0,nan,nan,nan,nan,0.7267861366271973,nan,0,nan,nan,nan,TRACKING,0.045181481999975404,0.0,0.0,14.610313499207276,0,0,0,0.0,0.0,1.0,0,0,0,0,9,2,0
1960,224.282597269,225.5,65.0,118.0,415.0,225.5,65.0,118.0,415.0,nan,nan,nan,nan,0.7349905967712402,nan,0,nan,nan,nan,TRACKING,0.05108638800004428,0.0,0.0,9.996666711446423,0,0,0,0.0,0.0,1.0,0,0,0,0,9,2,0
1961,224.42728757299994,225.5,65.0,118.0,415.0,225.5,65.0,118.0,415.0,nan,nan,nan,nan,0.7310975193977356,nan,0,nan,nan,nan,TRACKING,0.10984201400003712,0.0,0.0,6.911313145077334,0,0,0,0.0,0.0,1.0,0,0,0,0,9,2,0
1962,224.52162492499997,225.5,65.0,118.0,415.0,225.5,65.0,118.0,415.0,nan,nan,nan,nan,0.7340276837348938,nan,0,nan,nan,nan,TRACKING,0.06352318299991566,0.0,0.0,10.600255135417992,0,0,0,0.0,0.0,1.0,0,0,0,0,9,2,0
1963,224.60751231400002,225.5,65.0,118.0,415.0,225.5,65.0,118.0,415.0,nan,nan,nan,nan,0.7392626404762268,nan,0,nan,nan,nan,TRACKING,0.056327963000057935,0.0,0.0,11.643152873111827,0,0,0,0.0,0.0,1.0,0,0,0,0,9,2,0
1964,224.70635337099998,225.5,65.0,118.0,415.0,225.5,65.0,118.0,415.0,nan,nan,nan,nan,0.7366448044776917,nan,0,nan,nan,nan,TRACKING,0.06154370100000506,0.0,0.0,10.117253197731564,0,0,0,0.0,0.0,1.0,0,0,0,0,9,2,0
1965,225.202544182,225.5,65.0,118.0,415.0,225.5,65.0,118.0,415.0,229.0,57.0,116.0,423.0,0.737813413143158,0.861957,1,0.9405587830682595,0.005896238207535377,1.0020012252399428,DETECTOR_CONFIRMED,0.07917196099992907,0.3926587040000413,0.0,2.0153537264920462,0,0,0,0.0,0.0,1.0,0,0,0,0,9,2,0
1966,225.273321076,225.5,65.0,118.0,415.0,225.5,65.0,118.0,415.0,nan,nan,nan,nan,0.7303211688995361,nan,0,nan,nan,nan,TRACKING,0.03964558899997428,0.0,0.0,14.128904837218883,0,0,0,0.0,0.0,1.0,0,0,0,0,9,2,0
1967,225.336793587,225.5,65.0,118.0,415.0,225.5,65.0,118.0,415.0,nan,nan,nan,nan,0.7375947833061218,nan,0,nan,nan,nan,TRACKING,0.040076010000007045,0.0,0.0,15.754851734165927,0,0,0,0.0,0.0,1.0,0,0,0,0,9,2,0
1968,225.41703519099997,225.5,65.0,118.0,415.0,225.5,65.0,118.0,415.0,nan,nan,nan,nan,0.7407651543617249,nan,0,nan,nan,nan,TRACKING,0.052880617000027996,0.0,0.0,12.462363040502675,0,0,0,0.0,0.0,1.0,0,0,0,0,9,2,0
1969,225.48858943599998,225.5,65.0,118.0,415.0,225.5,65.0,118.0,415.0,nan,nan,nan,nan,0.7372798919677734,nan,0,nan,nan,nan,TRACKING,0.04396507900003144,0.0,0.0,13.975411242195069,0,0,0,0.0,0.0,1.0,0,0,0,0,9,2,0
1970,225.55563887999995,225.5,65.0,118.0,415.0,225.5,65.0,118.0,415.0,nan,nan,nan,nan,0.7383885979652405,nan,0,nan,nan,nan,TRACKING,0.043102683000029174,0.0,0.0,14.914366776860264,0,0,0,0.0,0.0,1.0,0,0,0,0,9,2,0
1971,225.62695114500002,225.5,65.0,118.0,415.0,225.5,65.0,118.0,415.0,nan,nan,nan,nan,0.7356858253479004,nan,0,nan,nan,nan,TRACKING,0.0447153420000177,0.0,0.0,14.02283323912037,0,0,0,0.0,0.0,1.0,0,0,0,0,9,2,0
1972,225.68893235099995,225.5,65.0,118.0,415.0,225.5,65.0,118.0,415.0,nan,nan,nan,nan,0.7359601259231567,nan,0,nan,nan,nan,TRACKING,0.0407460630000287,0.0,0.0,16.133922918524167,0,0,0,0.0,0.0,1.0,0,0,0,0,9,2,0
1973,225.75495330499996,225.5,65.0,118.0,415.0,225.5,65.0,118.0,415.0,nan,nan,nan,nan,0.733824610710144,nan,0,nan,nan,nan,TRACKING,0.04256940100003703,0.0,0.0,15.146706301757686,0,0,0,0.0,0.0,1.0,0,0,0,0,9,2,0
1974,225.835311263,225.5,65.0,118.0,415.0,225.5,65.0,118.0,415.0,nan,nan,nan,nan,0.7327078580856323,nan,0,nan,nan,nan,TRACKING,0.0578394809999736,0.0,0.0,12.444318209274957,0,0,0,0.0,0.0,1.0,0,0,0,0,9,2,0
1975,225.91035540999997,225.5,65.0,118.0,415.0,225.5,65.0,118.0,415.0,nan,nan,nan,nan,0.7316867113113403,nan,0,nan,nan,nan,TRACKING,0.04984733000003416,0.0,0.0,13.325489594816514,0,0,0,0.0,0.0,1.0,0,0,0,0,9,2,0
1976,225.99396608200004,225.5,65.0,118.0,415.0,225.5,65.0,118.0,415.0,nan,nan,nan,nan,0.7356963157653809,nan,0,nan,nan,nan,TRACKING,0.05793463600002724,0.0,0.0,11.960195703236039,0,0,0,0.0,0.0,1.0,0,0,0,0,9,2,0
1977,226.101211433,225.5,65.0,118.0,415.0,225.5,65.0,118.0,415.0,nan,nan,nan,nan,0.7409877777099609,nan,0,nan,nan,nan,TRACKING,0.08549364499992862,0.0,0.0,9.324413512343007,0,0,0,0.0,0.0,1.0,0,0,0,0,9,2,0
1978,226.18471293899995,225.5,65.0,118.0,415.0,225.5,65.0,118.0,415.0,nan,nan,nan,nan,0.7555627822875977,nan,0,nan,nan,nan,TRACKING,0.060521515999994335,0.0,0.0,11.975831908955337,0,0,0,0.0,0.0,1.0,0,0,0,0,9,2,0
1979,226.25906828300003,225.5,65.0,118.0,415.0,225.5,65.0,118.0,415.0,nan,nan,nan,nan,0.7541617155075073,nan,0,nan,nan,nan,TRACKING,0.04986904899999445,0.0,0.0,13.448932466762473,0,0,0,0.0,0.0,1.0,0,0,0,0,9,2,0
1980,226.63060622299997,225.5,65.0,118.0,415.0,225.5,65.0,118.0,415.0,228.0,57.0,116.0,423.0,0.7563490271568298,0.870048,1,0.9566315075191346,0.005340002340823456,1.0020012252399428,DETECTOR_CONFIRMED,0.04924420800000462,0.29126362400006656,0.0,2.691515165315724,0,0,0,0.0,0.0,1.0,0,0,0,0,9,2,0
1981,226.70009572899994,225.5,65.0,118.0,415.0,225.5,65.0,118.0,415.0,nan,nan,nan,nan,0.7582426071166992,nan,0,nan,nan,nan,TRACKING,0.039943408999988606,0.0,0.0,14.390662095086123,0,0,0,0.0,0.0,1.0,0,0,0,0,9,2,0
1982,226.76558626999997,225.5,65.0,118.0,415.0,225.5,65.0,118.0,415.0,nan,nan,nan,nan,0.7595441341400146,nan,0,nan,nan,nan,TRACKING,0.0447676890000821,0.0,0.0,15.269380657575054,0,0,0,0.0,0.0,1.0,0,0,0,0,9,2,0
1983,226.82713060499998,225.5,65.0,118.0,415.0,225.5,65.0,118.0,415.0,nan,nan,nan,nan,0.7605500817298889,nan,0,nan,nan,nan,TRACKING,0.035186472999953367,0.0,0.0,16.24844918707585,0,0,0,0.0,0.0,1.0,0,0,0,0,9,2,0
1984,226.894009064,225.5,65.0,118.0,415.0,225.5,65.0,118.0,415.0,nan,nan,nan,nan,0.7634404897689819,nan,0,nan,nan,nan,TRACKING,0.04425675099992077,0.0,0.0,14.952497634550319,0,0,0,0.0,0.0,1.0,0,0,0,0,9,2,0
1985,226.97238509800002,225.5,65.0,118.0,415.0,225.5,65.0,118.0,415.0,nan,nan,nan,nan,0.7625904083251953,nan,0,nan,nan,nan,TRACKING,0.05257822499993381,0.0,0.0,12.759002324608801,0,0,0,0.0,0.0,1.0,0,0,0,0,9,2,0
1986,227.05105201699996,225.5,65.0,118.0,415.0,225.5,65.0,118.0,415.0,nan,nan,nan,nan,0.7598751187324524,nan,0,nan,nan,nan,TRACKING,0.0533690590000333,0.0,0.0,12.711823631998673,0,0,0,0.0,0.0,1.0,0,0,0,0,9,2,0
1987,227.11828308199995,225.5,65.0,118.0,415.0,225.5,65.0,118.0,415.0,nan,nan,nan,nan,0.7469561696052551,nan,0,nan,nan,nan,TRACKING,0.04350060299998404,0.0,0.0,14.874076440707732,0,0,0,0.0,0.0,1.0,0,0,0,0,9,2,0
1988,227.184662634,225.5,65.0,118.0,415.0,225.5,65.0,118.0,415.0,nan,nan,nan,nan,0.721391499042511,nan,0,nan,nan,nan,TRACKING,0.04283383100005267,0.0,0.0,15.06488022093207,0,0,0,0.0,0.0,1.0,0,0,0,0,9,2,0
1989,227.24671868899998,225.5,65.0,118.0,415.0,225.5,65.0,118.0,415.0,nan,nan,nan,nan,0.7062771320343018,nan,0,nan,nan,nan,TRACKING,0.039514346000032674,0.0,0.0,16.11446296417761,0,0,0,0.0,0.0,1.0,0,0,0,0,9,2,0
1990,227.314456684,225.5,65.0,118.0,415.0,225.5,65.0,118.0,415.0,nan,nan,nan,nan,0.7033151388168335,nan,0,nan,nan,nan,TRACKING,0.04427925300001334,0.0,0.0,14.762763497794195,0,0,0,0.0,0.0,1.0,0,0,0,0,9,2,0
1991,227.39884768299999,225.5,65.0,118.0,415.0,225.5,65.0,118.0,415.0,nan,nan,nan,nan,0.6742784976959229,nan,0,nan,nan,nan,TRACKING,0.061299911999981305,0.0,0.0,11.849604956093527,0,0,0,0.0,0.0,1.0,0,0,0,0,9,2,0
1992,227.49756959499996,221.07415771484375,65.0,118.0,415.0,221.07415771484375,65.0,118.0,415.0,nan,nan,nan,nan,0.6550451517105103,nan,0,nan,nan,nan,TRACKING,0.0698448240000289,0.0,0.0,10.129463456909823,0,0,0,4.42584228515625,0.0055323028564453125,1.0,0,0,0,0,9,2,0
1993,227.57335354600002,221.5,65.0,118.0,415.0,221.5,65.0,118.0,415.0,nan,nan,nan,nan,0.6631821990013123,nan,0,nan,nan,nan,TRACKING,0.046572278999974515,0.0,0.0,13.195405977172916,0,0,0,0.42584228515625,0.0005323028564453125,1.0,0,0,0,0,9,2,0
1994,227.64423847700004,221.5,65.0,118.0,415.0,221.5,65.0,118.0,415.0,nan,nan,nan,nan,0.6392289996147156,nan,0,nan,nan,nan,TRACKING,0.04784019800001715,0.0,0.0,14.107370718886248,0,0,0,0.0,0.0,1.0,0,0,0,0,9,2,0
1995,228.04189592299997,221.5,65.0,118.0,415.0,221.5,65.0,118.0,415.0,154.0,34.0,256.0,440.0,0.6500005722045898,0.981915,1,0.4257860747432685,0.02320088899158823,2.300183785991423,DETECTOR_CONFIRMED,0.04591238099999373,0.3275500169999077,0.0,2.514727210716399,0,0,0,0.0,0.0,1.0,0,0,0,0,9,2,0
1996,228.122130611,221.5,65.0,118.0,415.0,221.5,65.0,118.0,415.0,nan,nan,nan,nan,0.6465349793434143,nan,0,nan,nan,nan,TRACKING,0.05159687200000462,0.0,0.0,12.463437260449838,0,0,0,0.0,0.0,1.0,0,0,0,0,9,2,0
1997,228.23784229599994,221.5,65.0,118.0,415.0,221.5,65.0,118.0,415.0,nan,nan,nan,nan,0.6407784819602966,nan,0,nan,nan,nan,TRACKING,0.04368289800004277,0.0,0.0,8.642169544073466,0,0,0,0.0,0.0,1.0,0,0,0,0,9,2,0
1998,228.309817908,221.5,65.0,118.0,415.0,221.5,65.0,118.0,415.0,nan,nan,nan,nan,0.640936017036438,nan,0,nan,nan,nan,TRACKING,0.0447720180000033,0.0,0.0,13.893594958233546,0,0,0,0.0,0.0,1.0,0,0,0,0,9,2,0
1999,228.38323472399998,221.5,65.0,118.0,415.0,221.5,65.0,118.0,415.0,nan,nan,nan,nan,0.6503427028656006,nan,0,nan,nan,nan,TRACKING,0.04954650700005914,0.0,0.0,13.620857652019517,0,0,0,0.0,0.0,1.0,0,0,0,0,9,2,0
2000,228.45986592099996,221.5,65.0,118.0,415.0,221.5,65.0,118.0,415.0,nan,nan,nan,nan,0.6497212052345276,nan,0,nan,nan,nan,TRACKING,0.05014473699998234,0.0,0.0,13.049515590892016,0,0,0,0.0,0.0,1.0,0,0,0,0,9,2,0
2001,228.54155926399994,221.5,65.0,118.0,415.0,221.5,65.0,118.0,415.0,nan,nan,nan,nan,0.6446923613548279,nan,0,nan,nan,nan,TRACKING,0.053767557000014676,0.0,0.0,12.240899481861105,0,0,0,0.0,0.0,1.0,0,0,0,0,9,2,0
2002,228.662092217,221.5,65.0,118.0,415.0,221.5,65.0,118.0,415.0,nan,nan,nan,nan,0.6460453271865845,nan,0,nan,nan,nan,TRACKING,0.09625300699997297,0.0,0.0,8.296486355888563,0,0,0,0.0,0.0,1.0,0,0,0,0,9,2,0
2003,228.73016964700003,221.5,65.0,118.0,415.0,221.5,65.0,118.0,415.0,nan,nan,nan,nan,0.6489158272743225,nan,0,nan,nan,nan,TRACKING,0.044750924000027226,0.0,0.0,14.689156156449435,0,0,0,0.0,0.0,1.0,0,0,0,0,9,2,0
2004,228.83123453899998,221.5,65.0,118.0,415.0,221.5,65.0,118.0,415.0,nan,nan,nan,nan,0.6601067781448364,nan,0,nan,nan,nan,TRACKING,0.07571124699995835,0.0,0.0,9.894632846393936,0,0,0,0.0,0.0,1.0,0,0,0,0,9,2,0
2005,228.93777616199998,221.5,65.0,118.0,415.0,221.5,65.0,118.0,415.0,nan,nan,nan,nan,0.6619234085083008,nan,0,nan,nan,nan,TRACKING,0.0799941720000561,0.0,0.0,9.386003064736647,0,0,0,0.0,0.0,1.0,0,0,0,0,9,2,0
2006,229.01624668499994,221.5,65.0,118.0,415.0,221.5,65.0,118.0,415.0,nan,nan,nan,nan,0.6601445078849792,nan,0,nan,nan,nan,TRACKING,0.052806876999966335,0.0,0.0,12.743638780137257,0,0,0,0.0,0.0,1.0,0,0,0,0,9,2,0
2007,229.08220588200004,221.5,65.0,118.0,415.0,221.5,65.0,118.0,415.0,nan,nan,nan,nan,0.6644638180732727,nan,0,nan,nan,nan,TRACKING,0.03930487200000243,0.0,0.0,15.160888025949173,0,0,0,0.0,0.0,1.0,0,0,0,0,9,2,0
2008,229.166456209,221.5,65.0,118.0,415.0,221.5,65.0,118.0,415.0,nan,nan,nan,nan,0.6709317564964294,nan,0,nan,nan,nan,TRACKING,0.0561529789999895,0.0,0.0,11.869390133056656,0,0,0,0.0,0.0,1.0,0,0,0,0,9,2,0
2009,229.24024099400003,221.5,65.0,118.0,415.0,221.5,65.0,118.0,415.0,nan,nan,nan,nan,0.6781775951385498,nan,0,nan,nan,nan,TRACKING,0.0479311910000888,0.0,0.0,13.552929645311167,0,0,0,0.0,0.0,1.0,0,0,0,0,9,2,0
2010,229.58042404799994,221.5,65.0,118.0,415.0,221.5,65.0,118.0,415.0,153.0,28.0,256.0,450.0,0.6843256950378418,0.988524,1,0.42217332547905334,0.02438301150391395,2.3524606902185012,DETECTOR_CONFIRMED,0.044731187000024875,0.26360862499996074,0.0,2.9395938105731445,0,0,0,0.0,0.0,1.0,0,0,0,0,9,2,0
2011,229.66376995199994,221.5,65.0,118.0,415.0,221.5,65.0,118.0,415.0,nan,nan,nan,nan,0.6816610097885132,nan,0,nan,nan,nan,TRACKING,0.050171824000017295,0.0,0.0,11.998190097020537,0,0,0,0.0,0.0,1.0,0,0,0,0,9,2,0
2012,229.726262271,221.5,65.0,118.0,415.0,221.5,65.0,118.0,415.0,nan,nan,nan,nan,0.6944416761398315,nan,0,nan,nan,nan,TRACKING,0.03840659100001176,0.0,0.0,16.001966577669872,0,0,0,0.0,0.0,1.0,0,0,0,0,9,2,0
2013,229.80518873799997,221.5,65.0,118.0,415.0,221.5,65.0,118.0,415.0,nan,nan,nan,nan,0.6922321319580078,nan,0,nan,nan,nan,TRACKING,0.04629707599997346,0.0,0.0,12.670021071642942,0,0,0,0.0,0.0,1.0,0,0,0,0,9,2,0
2014,229.87747977499998,221.5,65.0,118.0,415.0,221.5,65.0,118.0,415.0,nan,nan,nan,nan,0.6917967796325684,nan,0,nan,nan,nan,TRACKING,0.05017323000004126,0.0,0.0,13.832973512329223,0,0,0,0.0,0.0,1.0,0,0,0,0,9,2,0
2015,229.945556324,221.5,65.0,118.0,415.0,221.5,65.0,118.0,415.0,nan,nan,nan,nan,0.6973263621330261,nan,0,nan,nan,nan,TRACKING,0.03924049800002649,0.0,0.0,14.689346253433538,0,0,0,0.0,0.0,1.0,0,0,0,0,9,2,0
2016,230.029147437,221.5,65.0,118.0,415.0,221.5,65.0,118.0,415.0,nan,nan,nan,nan,0.6955257058143616,nan,0,nan,nan,nan,TRACKING,0.05493443800003206,0.0,0.0,11.962994200111496,0,0,0,0.0,0.0,1.0,0,0,0,0,9,2,0
2017,230.10196118299996,221.5,65.0,118.0,415.0,221.5,65.0,118.0,415.0,nan,nan,nan,nan,0.6809684038162231,nan,0,nan,nan,nan,TRACKING,0.04580754400001297,0.0,0.0,13.73367056270755,0,0,0,0.0,0.0,1.0,0,0,0,0,9,2,0
2018,230.18459969000003,221.5,65.0,118.0,415.0,221.5,65.0,118.0,415.0,nan,nan,nan,nan,0.6861512064933777,nan,0,nan,nan,nan,TRACKING,0.05757532899997386,0.0,0.0,12.100896256501303,0,0,0,0.0,0.0,1.0,0,0,0,0,9,2,0
2019,230.254435617,221.5,65.0,118.0,415.0,221.5,65.0,118.0,415.0,nan,nan,nan,nan,0.6717200875282288,nan,0,nan,nan,nan,TRACKING,0.04610947200001192,0.0,0.0,14.319277239639236,0,0,0,0.0,0.0,1.0,0,0,0,0,9,2,0
2020,230.32687301199996,221.5,65.0,118.0,415.0,221.5,65.0,118.0,415.0,nan,nan,nan,nan,0.6656418442726135,nan,0,nan,nan,nan,TRACKING,0.046377600000027996,0.0,0.0,13.805024324807187,0,0,0,0.0,0.0,1.0,0,0,0,0,9,2,0
2021,230.40043660899994,221.5,65.0,118.0,415.0,221.5,65.0,118.0,415.0,nan,nan,nan,nan,0.6669864058494568,nan,0,nan,nan,nan,TRACKING,0.049736462000055326,0.0,0.0,13.593680037156721,0,0,0,0.0,0.0,1.0,0,0,0,0,9,2,0
2022,230.49202664999996,221.5,65.0,118.0,415.0,221.5,65.0,118.0,415.0,nan,nan,nan,nan,0.6697884798049927,nan,0,nan,nan,nan,TRACKING,0.06749743799991847,0.0,0.0,10.918217625864008,0,0,0,0.0,0.0,1.0,0,0,0,0,9,2,0
2023,230.56852197199998,221.5,65.0,118.0,415.0,221.5,65.0,118.0,415.0,nan,nan,nan,nan,0.6629199385643005,nan,0,nan,nan,nan,TRACKING,0.0454017650000651,0.0,0.0,13.072694824392459,0,0,0,0.0,0.0,1.0,0,0,0,0,9,2,0
2024,230.655163721,221.5,65.0,118.0,415.0,221.5,65.0,118.0,415.0,nan,nan,nan,nan,0.6587383151054382,nan,0,nan,nan,nan,TRACKING,0.04114248399991993,0.0,0.0,11.54177993336369,0,0,0,0.0,0.0,1.0,0,0,0,0,9,2,0
2025,231.01649424200002,221.5,65.0,118.0,415.0,221.5,65.0,118.0,415.0,128.0,32.0,278.0,445.0,0.6634872555732727,0.980377,1,0.3918622646376064,0.028125,2.5262405554421075,DETECTOR_CONFIRMED,0.05151068400004988,0.28014529299991864,0.0,2.7675492156942996,0,0,0,0.0,0.0,1.0,0,0,0,0,9,2,0
2026,231.096169153,221.5,65.0,118.0,415.0,221.5,65.0,118.0,415.0,nan,nan,nan,nan,0.6549946665763855,nan,0,nan,nan,nan,TRACKING,0.049133543999914764,0.0,0.0,12.55100241028452,0,0,0,0.0,0.0,1.0,0,0,0,0,9,2,0
2027,231.20896007399995,221.5,65.0,118.0,415.0,221.5,65.0,118.0,415.0,nan,nan,nan,nan,0.6552989482879639,nan,0,nan,nan,nan,TRACKING,0.08885139000005893,0.0,0.0,8.865961826843472,0,0,0,0.0,0.0,1.0,0,0,0,0,9,2,0
2028,231.27922684099997,221.5,65.0,118.0,415.0,221.5,65.0,118.0,415.0,nan,nan,nan,nan,0.6668105721473694,nan,0,nan,nan,nan,TRACKING,0.043495979999988776,0.0,0.0,14.231478730189782,0,0,0,0.0,0.0,1.0,0,0,0,0,9,2,0
2029,231.34910032899995,221.5,65.0,118.0,415.0,221.5,65.0,118.0,415.0,nan,nan,nan,nan,0.676337718963623,nan,0,nan,nan,nan,TRACKING,0.046412604000011015,0.0,0.0,14.311579808356193,0,0,0,0.0,0.0,1.0,0,0,0,0,9,2,0
2030,231.43559500100002,221.5,65.0,118.0,415.0,221.5,65.0,118.0,415.0,nan,nan,nan,nan,0.6694902777671814,nan,0,nan,nan,nan,TRACKING,0.0540364739999859,0.0,0.0,11.56140577074125,0,0,0,0.0,0.0,1.0,0,0,0,0,9,2,0
2031,231.52305337199994,221.5,60.57415771484375,118.0,415.0,221.5,60.57415771484375,118.0,415.0,nan,nan,nan,nan,0.6763139367103577,nan,0,nan,nan,nan,TRACKING,0.057534867000072154,0.0,0.0,11.434011273786611,0,0,0,4.42584228515625,0.0055323028564453125,1.0,0,0,0,0,9,2,0
2032,231.59252790200003,221.5,61.0,118.0,415.0,221.5,61.0,118.0,415.0,nan,nan,nan,nan,0.6738035678863525,nan,0,nan,nan,nan,TRACKING,0.045306611000000885,0.0,0.0,14.393764160745798,0,0,0,0.42584228515625,0.0005323028564453125,1.0,0,0,0,0,9,2,0
2033,231.66782978799995,221.5,61.0,118.0,415.0,221.5,61.0,118.0,415.0,nan,nan,nan,nan,0.666624128818512,nan,0,nan,nan,nan,TRACKING,0.048589221999918664,0.0,0.0,13.279879869158394,0,0,0,0.0,0.0,1.0,0,0,0,0,9,2,0
2034,231.75248211199994,221.5,61.0,118.0,415.0,221.5,61.0,118.0,415.0,nan,nan,nan,nan,0.6792897582054138,nan,0,nan,nan,nan,TRACKING,0.0595429969999941,0.0,0.0,11.813024767047411,0,0,0,0.0,0.0,1.0,0,0,0,0,9,2,0
2035,231.81853611299994,221.5,61.0,118.0,415.0,221.5,61.0,118.0,415.0,nan,nan,nan,nan,0.6814457178115845,nan,0,nan,nan,nan,TRACKING,0.041134883000040645,0.0,0.0,15.139128362565575,0,0,0,0.0,0.0,1.0,0,0,0,0,9,2,0
2036,231.89087924199998,221.5,61.0,118.0,415.0,221.5,61.0,118.0,415.0,nan,nan,nan,nan,0.672175407409668,nan,0,nan,nan,nan,TRACKING,0.047402084000054856,0.0,0.0,13.823012825438623,0,0,0,0.0,0.0,1.0,0,0,0,0,9,2,0
2037,231.96426502999998,221.5,61.0,118.0,415.0,221.5,61.0,118.0,415.0,nan,nan,nan,nan,0.6636378765106201,nan,0,nan,nan,nan,TRACKING,0.044715723999956936,0.0,0.0,13.626616641359156,0,0,0,0.0,0.0,1.0,0,0,0,0,9,2,0
2038,232.04778719499996,221.5,61.0,118.0,415.0,221.5,61.0,118.0,415.0,nan,nan,nan,nan,0.6485583782196045,nan,0,nan,nan,nan,TRACKING,0.056080438000094546,0.0,0.0,11.972869716682744,0,0,0,0.0,0.0,1.0,0,0,0,0,9,2,0
2039,232.14565585000003,225.92584228515625,61.0,118.0,415.0,225.92584228515625,61.0,118.0,415.0,nan,nan,nan,nan,0.651796817779541,nan,0,nan,nan,nan,TRACKING,0.057594242000050144,0.0,0.0,10.21777605914051,0,0,0,4.42584228515625,0.0055323028564453125,1.0,0,0,0,0,9,2,0
2040,232.836480597,225.5,61.0,118.0,415.0,225.5,61.0,118.0,415.0,162.0,25.0,186.0,452.0,0.6543796062469482,0.913506,1,0.5824769245408697,0.04287518221535624,1.716806207882377,DETECTOR_CONFIRMED,0.08195888000000195,0.5745070929999656,0.0,1.447545132600831,0,0,0,0.42584228515625,0.0005323028564453125,1.0,0,0,0,0,9,2,0
2041,232.94267630900003,229.92584228515625,61.0,118.0,415.0,229.92584228515625,61.0,118.0,415.0,nan,nan,nan,nan,0.6278530359268188,nan,0,nan,nan,nan,TRACKING,0.07713048799996614,0.0,0.0,9.416576066645543,0,0,0,4.42584228515625,0.0055323028564453125,1.0,0,0,0,0,9,2,0
2042,233.036972097,229.5,61.0,118.0,415.0,229.5,61.0,118.0,415.0,nan,nan,nan,nan,0.6215367317199707,nan,0,nan,nan,nan,TRACKING,0.05603252399998837,0.0,0.0,10.604927549897436,0,0,0,0.42584228515625,0.0005323028564453125,1.0,0,0,0,0,9,2,0
2043,233.14821490299994,229.5,61.0,118.0,415.0,229.5,61.0,118.0,415.0,nan,nan,nan,nan,0.6213773488998413,nan,0,nan,nan,nan,TRACKING,0.07618970499993338,0.0,0.0,8.989345342479476,0,0,0,0.0,0.0,1.0,0,0,0,0,9,2,0
2044,233.25648004599998,229.5,61.0,118.0,415.0,229.5,61.0,118.0,415.0,nan,nan,nan,nan,0.6263912320137024,nan,0,nan,nan,nan,TRACKING,0.060304252000037195,0.0,0.0,9.23658319095033,0,0,0,0.0,0.0,1.0,0,0,0,0,9,2,0
2045,233.34012289700001,229.5,56.57415771484375,118.0,415.0,229.5,56.57415771484375,118.0,415.0,nan,nan,nan,nan,0.6134772300720215,nan,0,nan,nan,nan,TRACKING,0.055153775000007954,0.0,0.0,11.955594387852344,0,0,0,4.42584228515625,0.0055323028564453125,1.0,0,0,0,0,9,2,0
2046,233.41340098499995,229.5,57.0,118.0,415.0,229.5,57.0,118.0,415.0,nan,nan,nan,nan,0.6075321435928345,nan,0,nan,nan,nan,TRACKING,0.046793807999961246,0.0,0.0,13.646644273808613,0,0,0,0.42584228515625,0.0005323028564453125,1.0,0,0,0,0,9,2,0
2047,233.48166463500002,229.5,57.0,118.0,415.0,229.5,57.0,118.0,415.0,nan,nan,nan,nan,0.602474570274353,nan,0,nan,nan,nan,TRACKING,0.04259827700002461,0.0,0.0,14.649084835034204,0,0,0,0.0,0.0,1.0,0,0,0,0,9,2,0
2048,233.54329936299996,229.5,57.0,118.0,415.0,229.5,57.0,118.0,415.0,nan,nan,nan,nan,0.6035293340682983,nan,0,nan,nan,nan,TRACKING,0.040064417000053254,0.0,0.0,16.224619341240544,0,0,0,0.0,0.0,1.0,0,0,0,0,9,2,0
2049,233.62829393699997,229.5,57.0,118.0,415.0,229.5,57.0,118.0,415.0,nan,nan,nan,nan,0.6079452037811279,nan,0,nan,nan,nan,TRACKING,0.057753468999976576,0.0,0.0,11.765456933755816,0,0,0,0.0,0.0,1.0,0,0,0,0,9,2,0
2050,233.69923123800004,229.5,57.0,118.0,415.0,229.5,57.0,118.0,415.0,nan,nan,nan,nan,0.604196310043335,nan,0,nan,nan,nan,TRACKING,0.045360001999938504,0.0,0.0,14.096955845542926,0,0,0,0.0,0.0,1.0,0,0,0,0,9,2,0
2051,233.78285836099997,229.5,57.0,118.0,415.0,229.5,57.0,118.0,415.0,nan,nan,nan,nan,0.6029813885688782,nan,0,nan,nan,nan,TRACKING,0.05037006500003827,0.0,0.0,11.957842911812913,0,0,0,0.0,0.0,1.0,0,0,0,0,9,2,0
2052,233.905732555,229.5,57.0,118.0,415.0,229.5,57.0,118.0,415.0,nan,nan,nan,nan,0.5982741117477417,nan,0,nan,nan,nan,TRACKING,0.09927736800000275,0.0,0.0,8.138405367687252,0,0,0,0.0,0.0,1.0,0,0,0,0,9,2,0
2053,233.98223554699996,229.5,57.0,118.0,415.0,229.5,57.0,118.0,415.0,nan,nan,nan,nan,0.6332827806472778,nan,0,nan,nan,nan,TRACKING,0.05283856100004414,0.0,0.0,13.071384188481783,0,0,0,0.0,0.0,1.0,0,0,0,0,9,2,0
2054,234.053921027,229.5,57.0,118.0,415.0,229.5,57.0,118.0,415.0,nan,nan,nan,nan,0.6276091933250427,nan,0,nan,nan,nan,TRACKING,0.04410583300000326,0.0,0.0,13.94982638045271,0,0,0,0.0,0.0,1.0,0,0,0,0,9,2,0
2055,234.46360507099996,229.5,57.0,118.0,415.0,229.5,57.0,118.0,415.0,136.0,23.0,234.0,452.0,0.6301180124282837,0.957788,1,0.4629944784812041,0.048420359870616415,2.1598529712068615,DETECTOR_CONFIRMED,0.05720898799995666,0.32831093599997985,0.0,2.4409054114885143,0,0,0,0.0,0.0,1.0,0,0,0,0,9,2,0
2056,234.55016178899996,229.5,57.0,118.0,415.0,229.5,57.0,118.0,415.0,nan,nan,nan,nan,0.6348016262054443,nan,0,nan,nan,nan,TRACKING,0.05858623400001761,0.0,0.0,11.553118268648236,0,0,0,0.0,0.0,1.0,0,0,0,0,9,2,0
2057,234.62170425199997,229.5,57.0,118.0,415.0,229.5,57.0,118.0,415.0,nan,nan,nan,nan,0.6367809176445007,nan,0,nan,nan,nan,TRACKING,0.04657740300001478,0.0,0.0,13.977712788554678,0,0,0,0.0,0.0,1.0,0,0,0,0,9,2,0
2058,234.707288103,229.5,57.0,118.0,415.0,229.5,57.0,118.0,415.0,nan,nan,nan,nan,0.6411840915679932,nan,0,nan,nan,nan,TRACKING,0.057819931000040015,0.0,0.0,11.684447338081572,0,0,0,0.0,0.0,1.0,0,0,0,0,9,2,0
2059,234.77806967899994,229.5,57.0,118.0,415.0,229.5,57.0,118.0,415.0,nan,nan,nan,nan,0.6429327726364136,nan,0,nan,nan,nan,TRACKING,0.04567677600005027,0.0,0.0,14.127970250348472,0,0,0,0.0,0.0,1.0,0,0,0,0,9,2,0
2060,234.84320629399997,229.5,57.0,118.0,415.0,229.5,57.0,118.0,415.0,nan,nan,nan,nan,0.6390746235847473,nan,0,nan,nan,nan,TRACKING,0.04150114100002611,0.0,0.0,15.352348291349832,0,0,0,0.0,0.0,1.0,0,0,0,0,9,2,0
2061,234.92746201700004,229.5,57.0,118.0,415.0,229.5,57.0,118.0,415.0,nan,nan,nan,nan,0.6376228928565979,nan,0,nan,nan,nan,TRACKING,0.05580346699991878,0.0,0.0,11.868629980175674,0,0,0,0.0,0.0,1.0,0,0,0,0,9,2,0
2062,235.00116198599994,229.5,57.0,118.0,415.0,229.5,57.0,118.0,415.0,nan,nan,nan,nan,0.6324611306190491,nan,0,nan,nan,nan,TRACKING,0.04657125799997175,0.0,0.0,13.568526738475356,0,0,0,0.0,0.0,1.0,0,0,0,0,9,2,0
2063,235.07286887600003,229.5,57.0,118.0,415.0,229.5,57.0,118.0,415.0,nan,nan,nan,nan,0.6294206380844116,nan,0,nan,nan,nan,TRACKING,0.04792917700001453,0.0,0.0,13.945661288598483,0,0,0,0.0,0.0,1.0,0,0,0,0,9,2,0
2064,235.15276229699998,229.5,57.0,118.0,415.0,229.5,57.0,118.0,415.0,nan,nan,nan,nan,0.62911456823349,nan,0,nan,nan,nan,TRACKING,0.05188731199996255,0.0,0.0,12.516675184063107,0,0,0,0.0,0.0,1.0,0,0,0,0,9,2,0
2065,235.23866333699993,229.5,57.0,118.0,415.0,229.5,57.0,118.0,415.0,nan,nan,nan,nan,0.626169741153717,nan,0,nan,nan,nan,TRACKING,0.05851394199999049,0.0,0.0,11.641302596575583,0,0,0,0.0,0.0,1.0,0,0,0,0,9,2,0
2066,235.32006572199998,229.5,57.0,118.0,415.0,229.5,57.0,118.0,415.0,nan,nan,nan,nan,0.6217373013496399,nan,0,nan,nan,nan,TRACKING,0.0500055910000583,0.0,0.0,12.284652347709791,0,0,0,0.0,0.0,1.0,0,0,0,0,9,2,0
2067,235.394937937,233.92584228515625,57.0,118.0,415.0,233.92584228515625,57.0,118.0,415.0,nan,nan,nan,nan,0.6210305094718933,nan,0,nan,nan,nan,TRACKING,0.049868924999941555,0.0,0.0,13.356089438513756,0,0,0,4.42584228515625,0.0055323028564453125,1.0,0,0,0,0,9,2,0
2068,235.48373206099996,233.5,52.57415771484375,118.0,415.0,233.5,52.57415771484375,118.0,415.0,nan,nan,nan,nan,0.6241136789321899,nan,0,nan,nan,nan,TRACKING,0.06397770899991428,0.0,0.0,11.26200648142668,0,0,0,4.4462817707500495,0.005557852213437562,1.0,0,0,0,0,9,2,0
2069,235.561153762,233.5,53.0,118.0,415.0,233.5,53.0,118.0,415.0,nan,nan,nan,nan,0.6215106248855591,nan,0,nan,nan,nan,TRACKING,0.05339216300001226,0.0,0.0,12.916275244319092,0,0,0,0.42584228515625,0.0005323028564453125,1.0,0,0,0,0,9,2,0
2070,235.93001883399995,233.5,53.0,118.0,415.0,233.5,53.0,118.0,415.0,240.0,121.0,109.0,357.0,0.6353400945663452,0.808491,2,0.7555533359968039,0.04881406047441659,1.258448333461825,DETECTOR_CONFIRMED,0.05810165299999426,0.27073430999996617,0.0,2.7110184072948473,0,0,0,0.0,0.0,1.0,0,0,0,0,9,2,0
2071,236.01994546100002,237.92584228515625,48.57417297363281,118.0,415.0,237.92584228515625,48.57417297363281,118.0,415.0,nan,nan,nan,nan,0.6517434120178223,nan,0,nan,nan,nan,TRACKING,0.059735355000043455,0.0,0.0,11.120176897096822,0,0,0,6.259075395008381,0.007823844243760475,1.0,0,0,0,0,9,2,0
2072,236.10067623199996,241.92584228515625,44.57417297363281,118.0,415.0,241.92584228515625,44.57417297363281,118.0,415.0,nan,nan,nan,nan,0.6510178446769714,nan,0,nan,nan,nan,TRACKING,0.051894399000048,0.0,0.0,12.386850609921778,0,0,0,5.656854249492381,0.007071067811865475,1.0,0,0,0,0,9,2,0
2073,236.17972824899994,241.5,45.0,118.0,415.0,241.5,45.0,118.0,415.0,nan,nan,nan,nan,0.6466925740242004,nan,0,nan,nan,nan,TRACKING,0.04634521799994218,0.0,0.0,12.649898610433203,0,0,0,0.6022211456033558,0.0007527764320041948,1.0,0,0,0,0,9,2,0
2074,236.259951623,245.92584228515625,31.722503662109375,118.0,415.0,245.92584228515625,31.722503662109375,118.0,415.0,nan,nan,nan,nan,0.6259773373603821,nan,0,nan,nan,nan,TRACKING,0.05446289400003934,0.0,0.0,12.465194994156256,0,0,0,13.995713234264842,0.017494641542831053,1.0,0,0,0,0,9,2,0
2075,236.34246219299996,249.92584228515625,27.574172973632812,118.0,415.0,249.92584228515625,27.574172973632812,118.0,415.0,nan,nan,nan,nan,0.5943890810012817,nan,0,nan,nan,nan,TRACKING,0.057496549999996205,0.0,0.0,12.119659335774285,0,0,0,5.762694465348344,0.007203368081685429,1.0,0,0,0,0,9,2,0
2076,236.72928441299996,253.92584228515625,-7.4066619873046875,118.0,415.0,244.87404479980466,-2.5923316955566404,146.6,443.6,240.0,0.0,162.0,459.0,0.46062350273132324,0.978669,1,0.6393027270647439,0.038118724730270385,1.5184398611394732,SOFT_REINITIALIZING,0.05449044900001354,0.30378492900001675,0.0,2.585166901735899,1,0,0,35.20878888238485,0.04401098610298106,1.0,0,0,0,0,10,2,0
2077,236.77530900800002,244.87404479980466,-2.5923316955566404,146.6,443.6,244.87404479980466,-2.5923316955566404,146.6,443.6,nan,nan,nan,nan,,nan,0,nan,nan,nan,INITIALIZING,0.0,0.0,0.0,21.72751330019611,0,0,0,0.0,0.0,1.0,0,0,0,0,10,2,0
2078,236.81955094199998,244.87404479980466,-2.5923316955566404,146.6,443.6,244.87404479980466,-2.5923316955566404,146.6,443.6,nan,nan,nan,nan,,nan,0,nan,nan,nan,INITIALIZING,0.0,0.0,0.0,22.602990185758927,0,0,0,0.0,0.0,1.0,0,0,0,0,10,2,0
2079,236.85365868400004,244.87404479980466,-2.5923316955566404,146.6,443.6,244.87404479980466,-2.5923316955566404,146.6,443.6,nan,nan,nan,nan,,nan,0,nan,nan,nan,INITIALIZING,0.0,0.0,0.0,29.31885669823103,0,0,0,0.0,0.0,1.0,0,0,0,0,10,2,0
2080,236.88669506899998,244.87404479980466,-2.5923316955566404,146.6,443.6,244.87404479980466,-2.5923316955566404,146.6,443.6,nan,nan,nan,nan,,nan,0,nan,nan,nan,INITIALIZING,0.0,0.0,0.0,30.269655714499077,0,0,0,0.0,0.0,1.0,0,0,0,0,10,2,0
2081,236.92229625200002,244.87404479980466,-2.5923316955566404,146.6,443.6,244.87404479980466,-2.5923316955566404,146.6,443.6,nan,nan,nan,nan,,nan,0,nan,nan,nan,INITIALIZING,0.0,0.0,0.0,28.088954235000635,0,0,0,0.0,0.0,1.0,0,0,0,0,10,2,0
2082,236.96111384899996,244.87404479980466,-2.5923316955566404,146.6,443.6,244.87404479980466,-2.5923316955566404,146.6,443.6,nan,nan,nan,nan,,nan,0,nan,nan,nan,INITIALIZING,0.0,0.0,0.0,25.76151223378678,0,0,0,0.0,0.0,1.0,0,0,0,0,10,2,0
2083,236.99014939100005,244.87404479980466,-2.5923316955566404,146.6,443.6,244.87404479980466,-2.5923316955566404,146.6,443.6,nan,nan,nan,nan,,nan,0,nan,nan,nan,INITIALIZING,0.0,0.0,0.0,34.44054875906827,0,0,0,0.0,0.0,1.0,0,0,0,0,10,2,0
2084,237.03105157699997,244.87404479980466,-2.5923316955566404,146.6,443.6,244.87404479980466,-2.5923316955566404,146.6,443.6,nan,nan,nan,nan,,nan,0,nan,nan,nan,INITIALIZING,0.0,0.0,0.0,24.44857103729901,0,0,0,0.0,0.0,1.0,0,0,0,0,10,2,0
2085,237.06898292200003,244.87404479980466,-2.5923316955566404,146.6,443.6,244.87404479980466,-2.5923316955566404,146.6,443.6,nan,nan,nan,nan,,nan,0,nan,nan,nan,INITIALIZING,0.0,0.0,0.0,26.36342054304677,0,0,0,0.0,0.0,1.0,0,0,0,0,10,2,0
2086,237.10412358300005,244.87404479980466,-2.5923316955566404,146.6,443.6,244.87404479980466,-2.5923316955566404,146.6,443.6,nan,nan,nan,nan,,nan,0,nan,nan,nan,INITIALIZING,0.0,0.0,0.0,28.457062887906446,0,0,0,0.0,0.0,1.0,0,0,0,0,10,2,0
2087,237.14781223399996,244.87404479980466,-2.5923316955566404,146.6,443.6,244.87404479980466,-2.5923316955566404,146.6,443.6,nan,nan,nan,nan,,nan,0,nan,nan,nan,INITIALIZING,0.0,0.0,0.0,22.889239587691346,0,0,0,0.0,0.0,1.0,0,0,0,0,10,2,0
2088,237.85376835700004,286.00213623046875,2.800262451171875,146.60000610351562,443.6000061035156,286.00213623046875,2.800262451171875,146.60000610351562,443.6000061035156,nan,nan,nan,nan,0.13533225655555725,nan,0,nan,nan,nan,SUSPECTED_LOST,0.08091338400004133,0.3977408090000836,0.578277754999931,1.4165186297277703,1,1,0,41.48011885590667,0.051850148569883334,1.0000000553928565,0,0,1,0,10,2,0
2089,238.15822210600004,342.30291748046875,-33.001861572265625,146.60000610351562,443.6000061035156,473.0,0.0,163.0,480.0,473.0,0.0,163.0,480.0,0.16641628742218018,0.769518,1,0.04775203229686878,0.185042347351859,1.2031043857042025,REINITIALIZING,0.05721702100004222,0.2189595710000276,0.0,3.2845711484406364,1,1,0,66.72008733469967,0.08340010916837459,1.0,0,0,0,0,10,3,0
2090,238.19113687699996,473.0,0.0,163.0,480.0,473.0,0.0,163.0,480.0,nan,nan,nan,nan,,nan,0,nan,nan,nan,INITIALIZING,0.0,0.0,0.0,30.38149650205158,0,0,0,0.0,0.0,1.0,0,0,0,0,10,3,0
2091,238.21333755900002,473.0,0.0,163.0,480.0,473.0,0.0,163.0,480.0,nan,nan,nan,nan,,nan,0,nan,nan,nan,INITIALIZING,0.0,0.0,0.0,45.043661271182046,0,0,0,0.0,0.0,1.0,0,0,0,0,10,3,0
2092,238.24890525399996,473.0,0.0,163.0,480.0,473.0,0.0,163.0,480.0,nan,nan,nan,nan,,nan,0,nan,nan,nan,INITIALIZING,0.0,0.0,0.0,28.11540078719382,0,0,0,0.0,0.0,1.0,0,0,0,0,10,3,0
2093,238.285428057,473.0,0.0,163.0,480.0,473.0,0.0,163.0,480.0,nan,nan,nan,nan,,nan,0,nan,nan,nan,INITIALIZING,0.0,0.0,0.0,27.380154803543068,0,0,0,0.0,0.0,1.0,0,0,0,0,10,3,0
2094,238.32428649099995,473.0,0.0,163.0,480.0,473.0,0.0,163.0,480.0,nan,nan,nan,nan,,nan,0,nan,nan,nan,INITIALIZING,0.0,0.0,0.0,25.734439015246107,0,0,0,0.0,0.0,1.0,0,0,0,0,10,3,0
2095,238.357668245,473.0,0.0,163.0,480.0,473.0,0.0,163.0,480.0,nan,nan,nan,nan,,nan,0,nan,nan,nan,INITIALIZING,0.0,0.0,0.0,29.956484611269214,0,0,0,0.0,0.0,1.0,0,0,0,0,10,3,0
2096,238.39380859999994,473.0,0.0,163.0,480.0,473.0,0.0,163.0,480.0,nan,nan,nan,nan,,nan,0,nan,nan,nan,INITIALIZING,0.0,0.0,0.0,27.669899756157633,0,0,0,0.0,0.0,1.0,0,0,0,0,10,3,0
2097,238.42338508299997,473.0,0.0,163.0,480.0,473.0,0.0,163.0,480.0,nan,nan,nan,nan,,nan,0,nan,nan,nan,INITIALIZING,0.0,0.0,0.0,33.810646113638754,0,0,0,0.0,0.0,1.0,0,0,0,0,10,3,0
2098,238.457628246,473.0,0.0,163.0,480.0,473.0,0.0,163.0,480.0,nan,nan,nan,nan,,nan,0,nan,nan,nan,INITIALIZING,0.0,0.0,0.0,29.20290978957684,0,0,0,0.0,0.0,1.0,0,0,0,0,10,3,0
2099,238.50622540400002,473.0,0.0,163.0,480.0,473.0,0.0,163.0,480.0,nan,nan,nan,nan,,nan,0,nan,nan,nan,INITIALIZING,0.0,0.0,0.0,20.57733499559499,0,0,0,0.0,0.0,1.0,0,0,0,0,10,3,0
2100,238.53797793499996,473.0,0.0,163.0,480.0,473.0,0.0,163.0,480.0,nan,nan,nan,nan,,nan,0,nan,nan,nan,INITIALIZING,0.0,0.0,0.0,31.493552435298618,0,0,0,0.0,0.0,1.0,0,0,0,0,10,3,0
2101,238.60067684800003,473.0,0.0,163.0,480.0,473.0,0.0,163.0,480.0,nan,nan,nan,nan,,nan,0,nan,nan,nan,INITIALIZING,0.0,0.0,0.0,15.949239821729904,0,0,0,0.0,0.0,1.0,0,0,0,0,10,3,0
2102,238.64593717499997,473.0,0.0,163.0,480.0,473.0,0.0,163.0,480.0,nan,nan,nan,nan,,nan,0,nan,nan,nan,INITIALIZING,0.0,0.0,0.0,22.09440510673702,0,0,0,0.0,0.0,1.0,0,0,0,0,10,3,0
2103,238.68432586899996,473.0,0.0,163.0,480.0,473.0,0.0,163.0,480.0,nan,nan,nan,nan,,nan,0,nan,nan,nan,INITIALIZING,0.0,0.0,0.0,26.049336296781323,0,0,0,0.0,0.0,1.0,0,0,0,0,10,3,0
2104,238.717275642,473.0,0.0,163.0,480.0,473.0,0.0,163.0,480.0,nan,nan,nan,nan,,nan,0,nan,nan,nan,INITIALIZING,0.0,0.0,0.0,30.34922273967561,0,0,0,0.0,0.0,1.0,0,0,0,0,10,3,0
2105,238.75208526400002,473.0,0.0,163.0,480.0,473.0,0.0,163.0,480.0,nan,nan,nan,nan,,nan,0,nan,nan,nan,INITIALIZING,0.0,0.0,0.0,28.727689142952116,0,0,0,0.0,0.0,1.0,0,0,0,0,10,3,0
2106,238.782486437,473.0,0.0,163.0,480.0,473.0,0.0,163.0,480.0,nan,nan,nan,nan,,nan,0,nan,nan,nan,INITIALIZING,0.0,0.0,0.0,32.8934676303737,0,0,0,0.0,0.0,1.0,0,0,0,0,10,3,0
2107,238.81328266399998,473.0,0.0,163.0,480.0,473.0,0.0,163.0,480.0,nan,nan,nan,nan,,nan,0,nan,nan,nan,INITIALIZING,0.0,0.0,0.0,32.47151022753937,0,0,0,0.0,0.0,1.0,0,0,0,0,10,3,0
2108,238.84500884,473.0,0.0,163.0,480.0,473.0,0.0,163.0,480.0,nan,nan,nan,nan,,nan,0,nan,nan,nan,INITIALIZING,0.0,0.0,0.0,31.5197141943547,0,0,0,0.0,0.0,1.0,0,0,0,0,10,3,0
2109,238.880537162,473.0,0.0,163.0,480.0,473.0,0.0,163.0,480.0,nan,nan,nan,nan,,nan,0,nan,nan,nan,INITIALIZING,0.0,0.0,0.0,28.1465586807018,0,0,0,0.0,0.0,1.0,0,0,0,0,10,3,0
2110,238.91403985399995,473.0,0.0,163.0,480.0,473.0,0.0,163.0,480.0,nan,nan,nan,nan,,nan,0,nan,nan,nan,INITIALIZING,0.0,0.0,0.0,29.848347708933428,0,0,0,0.0,0.0,1.0,0,0,0,0,10,3,0
2111,238.95370698800002,473.0,0.0,163.0,480.0,473.0,0.0,163.0,480.0,nan,nan,nan,nan,,nan,0,nan,nan,nan,INITIALIZING,0.0,0.0,0.0,25.209787024145754,0,0,0,0.0,0.0,1.0,0,0,0,0,10,3,0
2112,238.98182398899996,473.0,0.0,163.0,480.0,473.0,0.0,163.0,480.0,nan,nan,nan,nan,,nan,0,nan,nan,nan,INITIALIZING,0.0,0.0,0.0,35.565670748529826,0,0,0,0.0,0.0,1.0,0,0,0,0,10,3,0
2113,239.00613316700003,473.0,0.0,163.0,480.0,473.0,0.0,163.0,480.0,nan,nan,nan,nan,,nan,0,nan,nan,nan,INITIALIZING,0.0,0.0,0.0,41.13672621909516,0,0,0,0.0,0.0,1.0,0,0,0,0,10,3,0
2114,239.04048914199996,473.0,0.0,163.0,480.0,473.0,0.0,163.0,480.0,nan,nan,nan,nan,,nan,0,nan,nan,nan,INITIALIZING,0.0,0.0,0.0,29.107018502666833,0,0,0,0.0,0.0,1.0,0,0,0,0,10,3,0
2115,239.489214542,495.37713623046875,-16.282852172851562,163.0,480.0,495.37713623046875,-16.282852172851562,163.0,480.0,nan,nan,nan,nan,0.2447606921195984,nan,0,nan,nan,nan,SUSPECTED_LOST,0.05581238500008112,0.36215095599993674,0.9079753319999782,2.2285344221652523,1,1,0,27.674311206602667,0.03459288900825333,1.0,0,0,1,0,10,3,0
2116,239.79448353099997,489.40570068359375,-27.688568115234375,163.0,480.0,489.40570068359375,-27.688568115234375,163.0,480.0,nan,nan,nan,nan,0.20101284980773926,nan,0,nan,nan,nan,SUSPECTED_LOST,0.08578366500000811,0.1937132760000395,0.0,3.2757994949829166,1,1,0,12.874330998106572,0.016092913747633216,1.0,0,0,2,0,10,3,0
2117,240.170276769,455.434326171875,-5.12286376953125,163.0,480.0,455.434326171875,-5.12286376953125,163.0,480.0,nan,nan,nan,nan,0.16234271228313446,nan,0,nan,nan,nan,SUSPECTED_LOST,0.05746718399996098,0.28433617299992875,0.0,2.6610377699236953,1,1,0,40.78314969240531,0.050978937115506634,1.0,0,0,3,0,10,3,0
2118,240.46447818499996,471.7828369140625,-33.47142028808594,163.0,480.0,35.0,9.0,565.0,471.0,35.0,9.0,565.0,471.0,0.1787060648202896,0.715111,1,0.1946138490490744,0.2985260011234832,3.401265337423313,REINITIALIZING,0.06603694600005383,0.20144278400005078,0.0,3.3990319067673047,1,1,0,32.72482941396501,0.040906036767456265,1.0,0,0,0,0,10,4,0
2119,240.503431676,35.0,9.0,565.0,471.0,35.0,9.0,565.0,471.0,nan,nan,nan,nan,,nan,0,nan,nan,nan,INITIALIZING,0.0,0.0,0.0,25.67164005914765,0,0,0,0.0,0.0,1.0,0,0,0,0,10,4,0
2120,240.53158919999998,35.0,9.0,565.0,471.0,35.0,9.0,565.0,471.0,nan,nan,nan,nan,,nan,0,nan,nan,nan,INITIALIZING,0.0,0.0,0.0,35.51448628793566,0,0,0,0.0,0.0,1.0,0,0,0,0,10,4,0
2121,240.56087282099998,35.0,9.0,565.0,471.0,35.0,9.0,565.0,471.0,nan,nan,nan,nan,,nan,0,nan,nan,nan,INITIALIZING,0.0,0.0,0.0,34.14878235175646,0,0,0,0.0,0.0,1.0,0,0,0,0,10,4,0
2122,240.59227113500003,35.0,9.0,565.0,471.0,35.0,9.0,565.0,471.0,nan,nan,nan,nan,,nan,0,nan,nan,nan,INITIALIZING,0.0,0.0,0.0,31.848843858245836,0,0,0,0.0,0.0,1.0,0,0,0,0,10,4,0
2123,240.625919351,35.0,9.0,565.0,471.0,35.0,9.0,565.0,471.0,nan,nan,nan,nan,,nan,0,nan,nan,nan,INITIALIZING,0.0,0.0,0.0,29.719257627244616,0,0,0,0.0,0.0,1.0,0,0,0,0,10,4,0
2124,240.65732907200004,35.0,9.0,565.0,471.0,35.0,9.0,565.0,471.0,nan,nan,nan,nan,,nan,0,nan,nan,nan,INITIALIZING,0.0,0.0,0.0,31.83727738296537,0,0,0,0.0,0.0,1.0,0,0,0,0,10,4,0
2125,240.69692428300004,35.0,9.0,565.0,471.0,35.0,9.0,565.0,471.0,nan,nan,nan,nan,,nan,0,nan,nan,nan,INITIALIZING,0.0,0.0,0.0,25.255579519449114,0,0,0,0.0,0.0,1.0,0,0,0,0,10,4,0
2126,240.73522548100004,35.0,9.0,565.0,471.0,35.0,9.0,565.0,471.0,nan,nan,nan,nan,,nan,0,nan,nan,nan,INITIALIZING,0.0,0.0,0.0,26.108843906136325,0,0,0,0.0,0.0,1.0,0,0,0,0,10,4,0
2127,240.77900783899997,35.0,9.0,565.0,471.0,35.0,9.0,565.0,471.0,nan,nan,nan,nan,,nan,0,nan,nan,nan,INITIALIZING,0.0,0.0,0.0,22.840249947286775,0,0,0,0.0,0.0,1.0,0,0,0,0,10,4,0
2128,240.82130154699996,35.0,9.0,565.0,471.0,35.0,9.0,565.0,471.0,nan,nan,nan,nan,,nan,0,nan,nan,nan,INITIALIZING,0.0,0.0,0.0,23.644178940287667,0,0,0,0.0,0.0,1.0,0,0,0,0,10,4,0
2129,240.87268121700004,35.0,9.0,565.0,471.0,35.0,9.0,565.0,471.0,nan,nan,nan,nan,,nan,0,nan,nan,nan,INITIALIZING,0.0,0.0,0.0,19.462951007637088,0,0,0,0.0,0.0,1.0,0,0,0,0,10,4,0
2130,240.91919358300004,35.0,9.0,565.0,471.0,35.0,9.0,565.0,471.0,nan,nan,nan,nan,,nan,0,nan,nan,nan,INITIALIZING,0.0,0.0,0.0,21.499658821913346,0,0,0,0.0,0.0,1.0,0,0,0,0,10,4,0
2131,240.95441070899994,35.0,9.0,565.0,471.0,35.0,9.0,565.0,471.0,nan,nan,nan,nan,,nan,0,nan,nan,nan,INITIALIZING,0.0,0.0,0.0,28.395275639546703,0,0,0,0.0,0.0,1.0,0,0,0,0,10,4,0
2132,240.99384367999994,35.0,9.0,565.0,471.0,35.0,9.0,565.0,471.0,nan,nan,nan,nan,,nan,0,nan,nan,nan,INITIALIZING,0.0,0.0,0.0,25.359489144251587,0,0,0,0.0,0.0,1.0,0,0,0,0,10,4,0
2133,241.028837317,35.0,9.0,565.0,471.0,35.0,9.0,565.0,471.0,nan,nan,nan,nan,,nan,0,nan,nan,nan,INITIALIZING,0.0,0.0,0.0,28.57662380157812,0,0,0,0.0,0.0,1.0,0,0,0,0,10,4,0
2134,241.05967911899995,35.0,9.0,565.0,471.0,35.0,9.0,565.0,471.0,nan,nan,nan,nan,,nan,0,nan,nan,nan,INITIALIZING,0.0,0.0,0.0,32.42352700409398,0,0,0,0.0,0.0,1.0,0,0,0,0,10,4,0
2135,241.09280978200002,35.0,9.0,565.0,471.0,35.0,9.0,565.0,471.0,nan,nan,nan,nan,,nan,0,nan,nan,nan,INITIALIZING,0.0,0.0,0.0,30.183519116355328,0,0,0,0.0,0.0,1.0,0,0,0,0,10,4,0
2136,241.12211559000002,35.0,9.0,565.0,471.0,35.0,9.0,565.0,471.0,nan,nan,nan,nan,,nan,0,nan,nan,nan,INITIALIZING,0.0,0.0,0.0,34.12292880646299,0,0,0,0.0,0.0,1.0,0,0,0,0,10,4,0
2137,241.229667392,35.0,81.22088623046875,565.0,471.0,35.0,81.22088623046875,565.0,471.0,nan,nan,nan,nan,0.578783392906189,nan,0,nan,nan,nan,TRACKING,0.06218876200000523,0.0,0.6820204389999844,9.297845144427258,0,0,0,72.22088623046875,0.09027610778808594,1.0,0,0,0,0,10,4,0
2138,241.30157586899998,35.0,81.0,565.0,471.0,35.0,81.0,565.0,471.0,nan,nan,nan,nan,0.5912193059921265,nan,0,nan,nan,nan,TRACKING,0.04866679999997814,0.0,0.0,13.90656625922534,0,0,0,0.22088623046875,0.0002761077880859375,1.0,0,0,0,0,10,4,0
2139,241.37374226500003,35.0,81.0,565.0,471.0,35.0,81.0,565.0,471.0,nan,nan,nan,nan,0.5918427109718323,nan,0,nan,nan,nan,TRACKING,0.04806643400002031,0.0,0.0,13.856864904258366,0,0,0,0.0,0.0,1.0,0,0,0,0,10,4,0
2140,241.444673189,35.0,81.0,565.0,471.0,35.0,81.0,565.0,471.0,nan,nan,nan,nan,0.6042416095733643,nan,0,nan,nan,nan,TRACKING,0.04707085800009736,0.0,0.0,14.098223223488052,0,0,0,0.0,0.0,1.0,0,0,0,0,10,4,0
2141,241.52516226499995,35.0,81.0,565.0,471.0,35.0,81.0,565.0,471.0,nan,nan,nan,nan,0.6151795983314514,nan,0,nan,nan,nan,TRACKING,0.05144092299997283,0.0,0.0,12.424046214678924,0,0,0,0.0,0.0,1.0,0,0,0,0,10,4,0
2142,241.61720902900004,35.0,81.0,565.0,471.0,35.0,81.0,565.0,471.0,nan,nan,nan,nan,0.6249909400939941,nan,0,nan,nan,nan,TRACKING,0.05601140400005988,0.0,0.0,10.864042977100691,0,0,0,0.0,0.0,1.0,0,0,0,0,10,4,0
2143,241.686406927,35.0,81.0,565.0,471.0,35.0,81.0,565.0,471.0,nan,nan,nan,nan,0.6173244714736938,nan,0,nan,nan,nan,TRACKING,0.04098073700004079,0.0,0.0,14.451306020891396,0,0,0,0.0,0.0,1.0,0,0,0,0,10,4,0
2144,241.75872332400002,35.0,81.0,565.0,471.0,35.0,81.0,565.0,471.0,nan,nan,nan,nan,0.6207706928253174,nan,0,nan,nan,nan,TRACKING,0.049060916000030375,0.0,0.0,13.828122548747551,0,0,0,0.0,0.0,1.0,0,0,0,0,10,4,0
2145,242.06175712599997,24.6827392578125,81.0,565.0,471.0,24.6827392578125,81.0,565.0,471.0,47.0,3.0,563.0,477.0,0.6189361214637756,0.781711,1,0.6806230481196508,0.09746333930597963,1.0091539372075982,DETECTOR_CONFIRMED,0.04902227100001255,0.23064589499995236,0.0,3.2999618966604105,0,0,0,10.3172607421875,0.012896575927734376,1.0,0,0,0,0,10,4,0
2146,242.14716861099998,4.365478515625,81.0,565.0,471.0,4.365478515625,81.0,565.0,471.0,nan,nan,nan,nan,0.5309082865715027,nan,0,nan,nan,nan,TRACKING,0.05830161799997313,0.0,0.0,11.708027322085524,0,0,0,20.3172607421875,0.025396575927734377,1.0,0,0,0,0,10,4,0
2147,242.49969625799997,-16.634521484375,81.0,565.0,471.0,60.47791748046875,29.65,468.8,475.54999999999995,102.0,2.0,417.0,478.0,0.4768565595149994,0.979342,1,0.5563569608570913,0.1096335551688779,1.3350742000541826,SOFT_REINITIALIZING,0.06938118000005034,0.2566010799999958,0.0,2.8366569501995227,1,0,0,21.0,0.02625,1.0,0,0,0,0,11,4,0
2148,242.52485226600004,60.47791748046875,29.65,468.8,475.54999999999995,60.47791748046875,29.65,468.8,475.54999999999995,nan,nan,nan,nan,,nan,0,nan,nan,nan,INITIALIZING,0.0,0.0,0.0,39.751935203603345,0,0,0,0.0,0.0,1.0,0,0,0,0,11,4,0
2149,242.56064814699994,60.47791748046875,29.65,468.8,475.54999999999995,60.47791748046875,29.65,468.8,475.54999999999995,nan,nan,nan,nan,,nan,0,nan,nan,nan,INITIALIZING,0.0,0.0,0.0,27.93617511475189,0,0,0,0.0,0.0,1.0,0,0,0,0,11,4,0
2150,242.58864520400004,60.47791748046875,29.65,468.8,475.54999999999995,60.47791748046875,29.65,468.8,475.54999999999995,nan,nan,nan,nan,,nan,0,nan,nan,nan,INITIALIZING,0.0,0.0,0.0,35.71803993527539,0,0,0,0.0,0.0,1.0,0,0,0,0,11,4,0
2151,242.614579339,60.47791748046875,29.65,468.8,475.54999999999995,60.47791748046875,29.65,468.8,475.54999999999995,nan,nan,nan,nan,,nan,0,nan,nan,nan,INITIALIZING,0.0,0.0,0.0,38.55921934555338,0,0,0,0.0,0.0,1.0,0,0,0,0,11,4,0
2152,242.87907023499997,60.47791748046875,29.65,468.8,475.54999999999995,60.47791748046875,29.65,468.8,475.54999999999995,nan,nan,nan,nan,,nan,0,nan,nan,nan,INITIALIZING,0.0,0.0,0.0,3.78084847200208,0,0,0,0.0,0.0,1.0,0,0,0,0,11,4,0
2153,242.932126477,60.47791748046875,29.65,468.8,475.54999999999995,60.47791748046875,29.65,468.8,475.54999999999995,nan,nan,nan,nan,,nan,0,nan,nan,nan,INITIALIZING,0.0,0.0,0.0,18.847923680676942,0,0,0,0.0,0.0,1.0,0,0,0,0,11,4,0
2154,243.34835227899998,50.65673828125,29.724990844726562,468.79998779296875,475.5500183105469,143.0,2.0,213.0,478.0,143.0,2.0,213.0,478.0,0.46572837233543396,0.96961,1,0.4191015916623016,0.05543198539594394,2.1896580311050586,SOFT_REINITIALIZING,0.07600490000004356,0.3073745609999605,0.43603611499997896,2.4025420701815,1,0,0,9.82147166928895,0.012276839586611188,1.000000012465046,0,0,0,0,12,4,0
2155,243.378477104,143.0,2.0,213.0,478.0,143.0,2.0,213.0,478.0,nan,nan,nan,nan,,nan,0,nan,nan,nan,INITIALIZING,0.0,0.0,0.0,33.19521358212066,0,0,0,0.0,0.0,1.0,0,0,0,0,12,4,0
2156,243.41179928199995,143.0,2.0,213.0,478.0,143.0,2.0,213.0,478.0,nan,nan,nan,nan,,nan,0,nan,nan,nan,INITIALIZING,0.0,0.0,0.0,30.010043161102935,0,0,0,0.0,0.0,1.0,0,0,0,0,12,4,0
2157,243.43947227699994,143.0,2.0,213.0,478.0,143.0,2.0,213.0,478.0,nan,nan,nan,nan,,nan,0,nan,nan,nan,INITIALIZING,0.0,0.0,0.0,36.13631267596435,0,0,0,0.0,0.0,1.0,0,0,0,0,12,4,0
2158,243.469402102,143.0,2.0,213.0,478.0,143.0,2.0,213.0,478.0,nan,nan,nan,nan,,nan,0,nan,nan,nan,INITIALIZING,0.0,0.0,0.0,33.41148837314437,0,0,0,0.0,0.0,1.0,0,0,0,0,12,4,0
2159,243.50188797500005,143.0,2.0,213.0,478.0,143.0,2.0,213.0,478.0,nan,nan,nan,nan,,nan,0,nan,nan,nan,INITIALIZING,0.0,0.0,0.0,30.78261125993824,0,0,0,0.0,0.0,1.0,0,0,0,0,12,4,0
2160,243.53294431300003,143.0,2.0,213.0,478.0,143.0,2.0,213.0,478.0,nan,nan,nan,nan,,nan,0,nan,nan,nan,INITIALIZING,0.0,0.0,0.0,32.19954651448241,0,0,0,0.0,0.0,1.0,0,0,0,0,12,4,0
2161,243.565889407,143.0,2.0,213.0,478.0,143.0,2.0,213.0,478.0,nan,nan,nan,nan,,nan,0,nan,nan,nan,INITIALIZING,0.0,0.0,0.0,30.35353306326381,0,0,0,0.0,0.0,1.0,0,0,0,0,12,4,0
2162,243.60413597399997,143.0,2.0,213.0,478.0,143.0,2.0,213.0,478.0,nan,nan,nan,nan,,nan,0,nan,nan,nan,INITIALIZING,0.0,0.0,0.0,26.146137508245623,0,0,0,0.0,0.0,1.0,0,0,0,0,12,4,0
2163,243.63660867,143.0,2.0,213.0,478.0,143.0,2.0,213.0,478.0,nan,nan,nan,nan,,nan,0,nan,nan,nan,INITIALIZING,0.0,0.0,0.0,30.79510244543864,0,0,0,0.0,0.0,1.0,0,0,0,0,12,4,0
2164,243.66609167000001,143.0,2.0,213.0,478.0,143.0,2.0,213.0,478.0,nan,nan,nan,nan,,nan,0,nan,nan,nan,INITIALIZING,0.0,0.0,0.0,33.91785096493127,0,0,0,0.0,0.0,1.0,0,0,0,0,12,4,0
2165,243.70300500400003,143.0,2.0,213.0,478.0,143.0,2.0,213.0,478.0,nan,nan,nan,nan,,nan,0,nan,nan,nan,INITIALIZING,0.0,0.0,0.0,27.090481721306634,0,0,0,0.0,0.0,1.0,0,0,0,0,12,4,0
2166,243.73451243800002,143.0,2.0,213.0,478.0,143.0,2.0,213.0,478.0,nan,nan,nan,nan,,nan,0,nan,nan,nan,INITIALIZING,0.0,0.0,0.0,31.738541450258545,0,0,0,0.0,0.0,1.0,0,0,0,0,12,4,0
2167,243.77094613500003,143.0,2.0,213.0,478.0,143.0,2.0,213.0,478.0,nan,nan,nan,nan,,nan,0,nan,nan,nan,INITIALIZING,0.0,0.0,0.0,27.447118528756896,0,0,0,0.0,0.0,1.0,0,0,0,0,12,4,0
2168,243.80593206699996,143.0,2.0,213.0,478.0,143.0,2.0,213.0,478.0,nan,nan,nan,nan,,nan,0,nan,nan,nan,INITIALIZING,0.0,0.0,0.0,28.582917270921676,0,0,0,0.0,0.0,1.0,0,0,0,0,12,4,0
2169,243.84608332699997,143.0,2.0,213.0,478.0,143.0,2.0,213.0,478.0,nan,nan,nan,nan,,nan,0,nan,nan,nan,INITIALIZING,0.0,0.0,0.0,24.905818646777245,0,0,0,0.0,0.0,1.0,0,0,0,0,12,4,0
2170,243.88071816499996,143.0,2.0,213.0,478.0,143.0,2.0,213.0,478.0,nan,nan,nan,nan,,nan,0,nan,nan,nan,INITIALIZING,0.0,0.0,0.0,28.87266283735304,0,0,0,0.0,0.0,1.0,0,0,0,0,12,4,0
2171,243.90688495799998,143.0,2.0,213.0,478.0,143.0,2.0,213.0,478.0,nan,nan,nan,nan,,nan,0,nan,nan,nan,INITIALIZING,0.0,0.0,0.0,38.21637599989409,0,0,0,0.0,0.0,1.0,0,0,0,0,12,4,0
2172,243.94072182499997,143.0,2.0,213.0,478.0,143.0,2.0,213.0,478.0,nan,nan,nan,nan,,nan,0,nan,nan,nan,INITIALIZING,0.0,0.0,0.0,29.55356357313664,0,0,0,0.0,0.0,1.0,0,0,0,0,12,4,0
2173,243.97916781899994,143.0,2.0,213.0,478.0,143.0,2.0,213.0,478.0,nan,nan,nan,nan,,nan,0,nan,nan,nan,INITIALIZING,0.0,0.0,0.0,26.01051230463026,0,0,0,0.0,0.0,1.0,0,0,0,0,12,4,0
2174,244.037066525,143.0,2.0,213.0,478.0,143.0,2.0,213.0,478.0,nan,nan,nan,nan,,nan,0,nan,nan,nan,INITIALIZING,0.0,0.0,0.0,17.27154316711265,0,0,0,0.0,0.0,1.0,0,0,0,0,12,4,0
2175,244.437342876,149.3816680908203,1.5,213.0,478.0,149.3816680908203,1.5,213.0,478.0,206.0,51.0,162.0,427.0,0.570820689201355,0.766175,1,0.6407545556669458,0.04912278272365505,1.471853586607685,DETECTOR_CONFIRMED,0.06093210000005911,0.29706782900007056,0.7076917470000126,2.498273998705445,0,0,0,6.401225478093564,0.008001531847616955,1.0,0,0,0,0,12,4,0
2176,244.544408654,142.6183319091797,7.8816680908203125,213.0,478.0,142.6183319091797,7.8816680908203125,213.0,478.0,nan,nan,nan,nan,0.5368337035179138,nan,0,nan,nan,nan,TRACKING,0.0695592110000689,0.0,0.0,9.34005261700032,0,0,0,9.29883884833388,0.011623548560417349,1.0,0,0,0,0,12,4,0
2177,244.61987923599997,143.0,7.5,213.0,478.0,143.0,7.5,213.0,478.0,nan,nan,nan,nan,0.5244123339653015,nan,0,nan,nan,nan,TRACKING,0.04799753400004647,0.0,0.0,13.25019595052634,0,0,0,0.5397601903631322,0.0006747002379539152,1.0,0,0,0,0,12,4,0
2178,244.70535385699998,143.0,7.5,213.0,478.0,143.0,7.5,213.0,478.0,nan,nan,nan,nan,0.548755943775177,nan,0,nan,nan,nan,TRACKING,0.051347334999945815,0.0,0.0,11.699379164254669,0,0,0,0.0,0.0,1.0,0,0,0,0,12,4,0
2179,244.79038816399998,143.0,7.5,213.0,478.0,143.0,7.5,213.0,478.0,nan,nan,nan,nan,0.5453029274940491,nan,0,nan,nan,nan,TRACKING,0.05462729200007743,0.0,0.0,11.759959424376687,0,0,0,0.0,0.0,1.0,0,0,0,0,12,4,0
2180,244.86227748600004,143.0,7.5,213.0,478.0,143.0,7.5,213.0,478.0,nan,nan,nan,nan,0.5339765548706055,nan,0,nan,nan,nan,TRACKING,0.048484879000056935,0.0,0.0,13.910271681226211,0,0,0,0.0,0.0,1.0,0,0,0,0,12,4,0
2181,244.93543451899995,143.0,7.5,213.0,478.0,143.0,7.5,213.0,478.0,nan,nan,nan,nan,0.5526219606399536,nan,0,nan,nan,nan,TRACKING,0.04986904899999445,0.0,0.0,13.669225759895847,0,0,0,0.0,0.0,1.0,0,0,0,0,12,4,0
2182,245.01822277899998,143.0,7.5,213.0,478.0,143.0,7.5,213.0,478.0,nan,nan,nan,nan,0.5508344173431396,nan,0,nan,nan,nan,TRACKING,0.051035199000011744,0.0,0.0,12.079007337509513,0,0,0,0.0,0.0,1.0,0,0,0,0,12,4,0
2183,245.10216624999998,143.0,7.5,213.0,478.0,143.0,7.5,213.0,478.0,nan,nan,nan,nan,0.5441870093345642,nan,0,nan,nan,nan,TRACKING,0.05683167400002276,0.0,0.0,11.91277877942439,0,0,0,0.0,0.0,1.0,0,0,0,0,12,4,0
2184,245.167541282,143.0,7.5,213.0,478.0,143.0,7.5,213.0,478.0,nan,nan,nan,nan,0.5556601285934448,nan,0,nan,nan,nan,TRACKING,0.04207824599996002,0.0,0.0,15.29635962548661,0,0,0,0.0,0.0,1.0,0,0,0,0,12,4,0
2185,245.23269678199995,143.0,7.5,213.0,478.0,143.0,7.5,213.0,478.0,nan,nan,nan,nan,0.5470815896987915,nan,0,nan,nan,nan,TRACKING,0.041590797000026214,0.0,0.0,15.34789848901207,0,0,0,0.0,0.0,1.0,0,0,0,0,12,4,0
2186,245.309630599,143.0,7.5,213.0,478.0,143.0,7.5,213.0,478.0,nan,nan,nan,nan,0.5434346199035645,nan,0,nan,nan,nan,TRACKING,0.046369977999916046,0.0,0.0,12.998185180377847,0,0,0,0.0,0.0,1.0,0,0,0,0,12,4,0
2187,245.38753415899998,143.0,7.5,213.0,478.0,143.0,7.5,213.0,478.0,nan,nan,nan,nan,0.5376020669937134,nan,0,nan,nan,nan,TRACKING,0.04654826099999809,0.0,0.0,12.836383857172082,0,0,0,0.0,0.0,1.0,0,0,0,0,12,4,0
2188,245.45669946600003,143.0,7.5,213.0,478.0,143.0,7.5,213.0,478.0,nan,nan,nan,nan,0.5503890514373779,nan,0,nan,nan,nan,TRACKING,0.04627997900001901,0.0,0.0,14.458115540487661,0,0,0,0.0,0.0,1.0,0,0,0,0,12,4,0
2189,245.525033623,143.0,7.5,213.0,478.0,143.0,7.5,213.0,478.0,nan,nan,nan,nan,0.5342627167701721,nan,0,nan,nan,nan,TRACKING,0.045136486000046716,0.0,0.0,14.63396994859066,0,0,0,0.0,0.0,1.0,0,0,0,0,12,4,0
2190,245.873958549,143.0,7.5,213.0,478.0,143.0,7.5,213.0,478.0,nan,nan,nan,nan,0.5318640470504761,nan,0,nan,nan,nan,SUSPECTED_LOST,0.05193530799999735,0.27092407200007074,0.0,2.8659460115498137,0,0,0,0.0,0.0,1.0,0,0,0,0,12,4,0
2191,245.96890908599994,149.3816680908203,7.5,213.0,478.0,149.3816680908203,7.5,213.0,478.0,nan,nan,nan,nan,0.5560230016708374,nan,0,nan,nan,nan,TRACKING,0.06269440100004431,0.0,0.0,10.531799309368008,0,0,0,6.3816680908203125,0.00797708511352539,1.0,0,0,0,0,12,4,0
2192,246.04116611999996,149.0,7.5,213.0,478.0,149.0,7.5,213.0,478.0,nan,nan,nan,nan,0.5507490038871765,nan,0,nan,nan,nan,TRACKING,0.04465205800011063,0.0,0.0,13.839483087553221,0,0,0,0.3816680908203125,0.0004770851135253906,1.0,0,0,0,0,12,4,0
2193,246.12632855599998,149.0,7.5,213.0,478.0,149.0,7.5,213.0,478.0,nan,nan,nan,nan,0.5682324767112732,nan,0,nan,nan,nan,TRACKING,0.05251879900004042,0.0,0.0,11.74226627335766,0,0,0,0.0,0.0,1.0,0,0,0,0,12,4,0
2194,246.20837874400002,149.0,7.5,213.0,478.0,149.0,7.5,213.0,478.0,nan,nan,nan,nan,0.5502079129219055,nan,0,nan,nan,nan,TRACKING,0.05648026899996239,0.0,0.0,12.187662507239123,0,0,0,0.0,0.0,1.0,0,0,0,0,12,4,0
2195,246.28626746099997,149.0,7.5,213.0,478.0,149.0,7.5,213.0,478.0,nan,nan,nan,nan,0.566240668296814,nan,0,nan,nan,nan,TRACKING,0.04592294700000821,0.0,0.0,12.838830045186556,0,0,0,0.0,0.0,1.0,0,0,0,0,12,4,0
2196,246.36036158699994,149.0,7.5,213.0,478.0,149.0,7.5,213.0,478.0,nan,nan,nan,nan,0.56451016664505,nan,0,nan,nan,nan,TRACKING,0.04634737699996094,0.0,0.0,13.49634652550335,0,0,0,0.0,0.0,1.0,0,0,0,0,12,4,0
2197,246.43853254700002,149.0,7.5,213.0,478.0,149.0,7.5,213.0,478.0,nan,nan,nan,nan,0.573208212852478,nan,0,nan,nan,nan,TRACKING,0.048721134000061284,0.0,0.0,12.792474340841956,0,0,0,0.0,0.0,1.0,0,0,0,0,12,4,0
2198,246.50490258799994,149.0,7.5,213.0,478.0,149.0,7.5,213.0,478.0,nan,nan,nan,nan,0.5645188689231873,nan,0,nan,nan,nan,TRACKING,0.042932732000053875,0.0,0.0,15.067039057596784,0,0,0,0.0,0.0,1.0,0,0,0,0,12,4,0
2199,246.62745310699995,149.0,7.5,213.0,478.0,149.0,7.5,213.0,478.0,nan,nan,nan,nan,0.5727185010910034,nan,0,nan,nan,nan,TRACKING,0.08949063000000024,0.0,0.0,8.159900163294115,0,0,0,0.0,0.0,1.0,0,0,0,0,12,4,0
2200,246.70157988799997,149.0,7.5,213.0,478.0,149.0,7.5,213.0,478.0,nan,nan,nan,nan,0.6209707260131836,nan,0,nan,nan,nan,TRACKING,0.04911149999998088,0.0,0.0,13.490400992857838,0,0,0,0.0,0.0,1.0,0,0,0,0,12,4,0
2201,246.784928572,142.6183319091797,7.5,213.0,478.0,142.6183319091797,7.5,213.0,478.0,nan,nan,nan,nan,0.5852096676826477,nan,0,nan,nan,nan,TRACKING,0.0517260910000914,0.0,0.0,11.997789911109827,0,0,0,6.3816680908203125,0.00797708511352539,1.0,0,0,0,0,12,4,0
2202,246.86258651100002,143.0,7.5,213.0,478.0,143.0,7.5,213.0,478.0,nan,nan,nan,nan,0.6006881594657898,nan,0,nan,nan,nan,TRACKING,0.051568121000059364,0.0,0.0,12.876983510983125,0,0,0,0.3816680908203125,0.0004770851135253906,1.0,0,0,0,0,12,4,0
2203,246.940973149,143.0,7.5,213.0,478.0,143.0,7.5,213.0,478.0,nan,nan,nan,nan,0.6109214425086975,nan,0,nan,nan,nan,TRACKING,0.054620109999973465,0.0,0.0,12.757276310284025,0,0,0,0.0,0.0,1.0,0,0,0,0,12,4,0
2204,247.01151189899997,143.0,7.5,213.0,478.0,143.0,7.5,213.0,478.0,nan,nan,nan,nan,0.6014845967292786,nan,0,nan,nan,nan,TRACKING,0.043957161999969685,0.0,0.0,14.176605057510127,0,0,0,0.0,0.0,1.0,0,0,0,0,12,4,0
2205,247.31570155099996,149.3816680908203,7.5,213.0,478.0,149.3816680908203,7.5,213.0,478.0,nan,nan,nan,nan,0.5875929594039917,nan,0,nan,nan,nan,SUSPECTED_LOST,0.05322963699995853,0.22214722100000017,0.0,3.2874228081895103,0,0,0,6.3816680908203125,0.00797708511352539,1.0,0,0,0,0,12,4,0
2206,247.39596736399994,149.0,7.5,213.0,478.0,149.0,7.5,213.0,478.0,nan,nan,nan,nan,0.558169960975647,nan,0,nan,nan,nan,TRACKING,0.051761977999944975,0.0,0.0,12.458604262816294,0,0,0,0.3816680908203125,0.0004770851135253906,1.0,0,0,0,0,12,4,0
2207,247.472204885,155.38165283203125,7.5,213.0,478.0,155.38165283203125,7.5,213.0,478.0,nan,nan,nan,nan,0.552553117275238,nan,0,nan,nan,nan,TRACKING,0.05351104600003964,0.0,0.0,13.116900797434218,0,0,0,6.38165283203125,0.007977066040039062,1.0,0,0,0,0,12,4,0
2208,247.54582270899994,148.6183319091797,7.5,213.0,478.0,148.6183319091797,7.5,213.0,478.0,nan,nan,nan,nan,0.5503263473510742,nan,0,nan,nan,nan,TRACKING,0.050493484999947214,0.0,0.0,13.583666911980837,0,0,0,6.7633209228515625,0.008454151153564453,1.0,0,0,0,0,12,4,0
2209,247.626627118,155.38165283203125,7.5,213.0,478.0,155.38165283203125,7.5,213.0,478.0,nan,nan,nan,nan,0.5426421761512756,nan,0,nan,nan,nan,TRACKING,0.05731991100003597,0.0,0.0,12.375562328527824,0,0,0,6.7633209228515625,0.008454151153564453,1.0,0,0,0,0,12,4,0
2210,247.72142917300005,148.6183319091797,7.5,213.0,478.0,148.6183319091797,7.5,213.0,478.0,nan,nan,nan,nan,0.5331003665924072,nan,0,nan,nan,nan,TRACKING,0.06912130099999558,0.0,0.0,10.548294549093638,0,0,0,6.7633209228515625,0.008454151153564453,1.0,0,0,0,0,12,4,0
2211,247.78921489699997,149.0,7.5,213.0,478.0,149.0,7.5,213.0,478.0,nan,nan,nan,nan,0.5377406477928162,nan,0,nan,nan,nan,TRACKING,0.04378471500001524,0.0,0.0,14.752368802628753,0,0,0,0.3816680908203125,0.0004770851135253906,1.0,0,0,0,0,12,4,0
2212,247.872118323,149.0,7.5,213.0,478.0,149.0,7.5,213.0,478.0,nan,nan,nan,nan,0.5353757739067078,nan,0,nan,nan,nan,TRACKING,0.05036634900000081,0.0,0.0,12.062227681635735,0,0,0,0.0,0.0,1.0,0,0,0,0,12,4,0
2213,247.950642829,149.0,7.5,213.0,478.0,149.0,7.5,213.0,478.0,nan,nan,nan,nan,0.5675605535507202,nan,0,nan,nan,nan,TRACKING,0.055575843999918106,0.0,0.0,12.73487795007458,0,0,0,0.0,0.0,1.0,0,0,0,0,12,4,0
2214,248.01666141199996,149.0,7.5,213.0,478.0,149.0,7.5,213.0,478.0,nan,nan,nan,nan,0.578142523765564,nan,0,nan,nan,nan,TRACKING,0.044671749000031014,0.0,0.0,15.147250282554829,0,0,0,0.0,0.0,1.0,0,0,0,0,12,4,0
2215,248.10366151699998,149.0,7.5,213.0,478.0,149.0,7.5,213.0,478.0,nan,nan,nan,nan,0.5455449223518372,nan,0,nan,nan,nan,TRACKING,0.056973036000044885,0.0,0.0,11.49423900120375,0,0,0,0.0,0.0,1.0,0,0,0,0,12,4,0
2216,248.180118204,149.0,7.5,213.0,478.0,149.0,7.5,213.0,478.0,nan,nan,nan,nan,0.5358431339263916,nan,0,nan,nan,nan,TRACKING,0.03772146700009671,0.0,0.0,13.079300702628714,0,0,0,0.0,0.0,1.0,0,0,0,0,12,4,0
2217,248.25637390099996,149.0,7.5,213.0,478.0,149.0,7.5,213.0,478.0,nan,nan,nan,nan,0.5254508256912231,nan,0,nan,nan,nan,TRACKING,0.05287682499999846,0.0,0.0,13.113774305944098,0,0,0,0.0,0.0,1.0,0,0,0,0,12,4,0
2218,248.32699885499994,149.0,7.5,213.0,478.0,149.0,7.5,213.0,478.0,nan,nan,nan,nan,0.5232598781585693,nan,0,nan,nan,nan,TRACKING,0.04191080500004318,0.0,0.0,14.15930125774325,0,0,0,0.0,0.0,1.0,0,0,0,0,12,4,0
2219,248.40412705699998,149.0,7.5,213.0,478.0,149.0,7.5,213.0,478.0,nan,nan,nan,nan,0.5220704078674316,nan,0,nan,nan,nan,TRACKING,0.04857332500000666,0.0,0.0,12.965426057766559,0,0,0,0.0,0.0,1.0,0,0,0,0,12,4,0
2220,248.74662194999996,149.0,7.5,213.0,478.0,215.0,54.0,129.0,407.0,215.0,54.0,129.0,407.0,0.536785364151001,0.784037,1,0.5156756438210855,0.033000946956110215,1.939203474087195,SOFT_REINITIALIZING,0.05342651599994497,0.25355316499997116,0.0,2.9197515654636588,0,0,0,0.0,0.0,1.0,0,0,0,0,13,4,0
2221,248.76964769699998,215.0,54.0,129.0,407.0,215.0,54.0,129.0,407.0,nan,nan,nan,nan,,nan,0,nan,nan,nan,INITIALIZING,0.0,0.0,0.0,43.42964421519722,0,0,0,0.0,0.0,1.0,0,0,0,0,13,4,0
2222,248.794579387,215.0,54.0,129.0,407.0,215.0,54.0,129.0,407.0,nan,nan,nan,nan,,nan,0,nan,nan,nan,INITIALIZING,0.0,0.0,0.0,40.109595458604275,0,0,0,0.0,0.0,1.0,0,0,0,0,13,4,0
2223,248.82484619800005,215.0,54.0,129.0,407.0,215.0,54.0,129.0,407.0,nan,nan,nan,nan,,nan,0,nan,nan,nan,INITIALIZING,0.0,0.0,0.0,33.039490020883065,0,0,0,0.0,0.0,1.0,0,0,0,0,13,4,0
2224,248.87184566400003,215.0,54.0,129.0,407.0,215.0,54.0,129.0,407.0,nan,nan,nan,nan,,nan,0,nan,nan,nan,INITIALIZING,0.0,0.0,0.0,21.27683748577584,0,0,0,0.0,0.0,1.0,0,0,0,0,13,4,0
2225,248.91247136000004,215.0,54.0,129.0,407.0,215.0,54.0,129.0,407.0,nan,nan,nan,nan,,nan,0,nan,nan,nan,INITIALIZING,0.0,0.0,0.0,24.61496290426241,0,0,0,0.0,0.0,1.0,0,0,0,0,13,4,0
2226,248.95458096699997,215.0,54.0,129.0,407.0,215.0,54.0,129.0,407.0,nan,nan,nan,nan,,nan,0,nan,nan,nan,INITIALIZING,0.0,0.0,0.0,23.747550054354033,0,0,0,0.0,0.0,1.0,0,0,0,0,13,4,0
2227,248.98847242399995,215.0,54.0,129.0,407.0,215.0,54.0,129.0,407.0,nan,nan,nan,nan,,nan,0,nan,nan,nan,INITIALIZING,0.0,0.0,0.0,29.505960749947842,0,0,0,0.0,0.0,1.0,0,0,0,0,13,4,0
2228,249.01440276300002,215.0,54.0,129.0,407.0,215.0,54.0,129.0,407.0,nan,nan,nan,nan,,nan,0,nan,nan,nan,INITIALIZING,0.0,0.0,0.0,38.564864115248035,0,0,0,0.0,0.0,1.0,0,0,0,0,13,4,0
2229,249.04677103799997,215.0,54.0,129.0,407.0,215.0,54.0,129.0,407.0,nan,nan,nan,nan,,nan,0,nan,nan,nan,INITIALIZING,0.0,0.0,0.0,30.894448344913,0,0,0,0.0,0.0,1.0,0,0,0,0,13,4,0
2230,249.08960663699997,215.0,54.0,129.0,407.0,215.0,54.0,129.0,407.0,nan,nan,nan,nan,,nan,0,nan,nan,nan,INITIALIZING,0.0,0.0,0.0,23.345068665900992,0,0,0,0.0,0.0,1.0,0,0,0,0,13,4,0
2231,249.12691263499994,215.0,54.0,129.0,407.0,215.0,54.0,129.0,407.0,nan,nan,nan,nan,,nan,0,nan,nan,nan,INITIALIZING,0.0,0.0,0.0,26.805341060730537,0,0,0,0.0,0.0,1.0,0,0,0,0,13,4,0
2232,249.15292484999998,215.0,54.0,129.0,407.0,215.0,54.0,129.0,407.0,nan,nan,nan,nan,,nan,0,nan,nan,nan,INITIALIZING,0.0,0.0,0.0,38.4434774200727,0,0,0,0.0,0.0,1.0,0,0,0,0,13,4,0
2233,249.18203545899996,215.0,54.0,129.0,407.0,215.0,54.0,129.0,407.0,nan,nan,nan,nan,,nan,0,nan,nan,nan,INITIALIZING,0.0,0.0,0.0,34.35173754010058,0,0,0,0.0,0.0,1.0,0,0,0,0,13,4,0
2234,249.21471191199998,215.0,54.0,129.0,407.0,215.0,54.0,129.0,407.0,nan,nan,nan,nan,,nan,0,nan,nan,nan,INITIALIZING,0.0,0.0,0.0,30.60307677823327,0,0,0,0.0,0.0,1.0,0,0,0,0,13,4,0
2235,249.26053819699996,215.0,54.0,129.0,407.0,215.0,54.0,129.0,407.0,nan,nan,nan,nan,,nan,0,nan,nan,nan,INITIALIZING,0.0,0.0,0.0,21.8215375739171,0,0,0,0.0,0.0,1.0,0,0,0,0,13,4,0
2236,249.312560856,215.0,54.0,129.0,407.0,215.0,54.0,129.0,407.0,nan,nan,nan,nan,,nan,0,nan,nan,nan,INITIALIZING,0.0,0.0,0.0,19.222393072971133,0,0,0,0.0,0.0,1.0,0,0,0,0,13,4,0
2237,249.364548828,215.0,54.0,129.0,407.0,215.0,54.0,129.0,407.0,nan,nan,nan,nan,,nan,0,nan,nan,nan,INITIALIZING,0.0,0.0,0.0,19.235218484765657,0,0,0,0.0,0.0,1.0,0,0,0,0,13,4,0
2238,249.40217347500004,215.0,54.0,129.0,407.0,215.0,54.0,129.0,407.0,nan,nan,nan,nan,,nan,0,nan,nan,nan,INITIALIZING,0.0,0.0,0.0,26.578322449090667,0,0,0,0.0,0.0,1.0,0,0,0,0,13,4,0
2239,249.5684731,215.0,53.99998474121094,129.0,407.0000305175781,215.0,53.99998474121094,129.0,407.0000305175781,nan,nan,nan,nan,0.7745437622070312,nan,0,nan,nan,nan,TRACKING,0.10127713400004268,0.0,0.6614462300000241,6.013242663657299,0,0,0,0.0,0.0,1.0000000749817644,0,0,0,0,13,4,0
2240,249.66001384899994,215.0,53.99998474121094,129.0,407.0000305175781,215.0,53.99998474121094,129.0,407.0000305175781,nan,nan,nan,nan,0.7769628167152405,nan,0,nan,nan,nan,TRACKING,0.05277005799996459,0.0,0.0,10.92409676482697,0,0,0,0.0,0.0,1.0,0,0,0,0,13,4,0
2241,249.75367382399997,215.0,53.99998474121094,129.0,407.0000305175781,215.0,53.99998474121094,129.0,407.0000305175781,nan,nan,nan,nan,0.7760220170021057,nan,0,nan,nan,nan,TRACKING,0.0633004549999896,0.0,0.0,10.676919356423129,0,0,0,0.0,0.0,1.0,0,0,0,0,13,4,0
2242,249.82275127599996,215.0,53.99998474121094,129.0,407.0000305175781,215.0,53.99998474121094,129.0,407.0000305175781,nan,nan,nan,nan,0.7769834995269775,nan,0,nan,nan,nan,TRACKING,0.0448789399999896,0.0,0.0,14.476503852518732,0,0,0,0.0,0.0,1.0,0,0,0,0,13,4,0
2243,249.89724660900004,215.0,53.99998474121094,129.0,407.0000305175781,215.0,53.99998474121094,129.0,407.0000305175781,nan,nan,nan,nan,0.777771532535553,nan,0,nan,nan,nan,TRACKING,0.04894546299999547,0.0,0.0,13.423659707635986,0,0,0,0.0,0.0,1.0,0,0,0,0,13,4,0
2244,249.96681437400002,215.0,53.99998474121094,129.0,407.0000305175781,215.0,53.99998474121094,129.0,407.0000305175781,nan,nan,nan,nan,0.7724027633666992,nan,0,nan,nan,nan,TRACKING,0.04625467400001071,0.0,0.0,14.374473579827857,0,0,0,0.0,0.0,1.0,0,0,0,0,13,4,0
2245,250.04107205000003,215.0,53.99998474121094,129.0,407.0000305175781,215.0,53.99998474121094,129.0,407.0000305175781,nan,nan,nan,nan,0.7767608165740967,nan,0,nan,nan,nan,TRACKING,0.04864572200006023,0.0,0.0,13.466621282357034,0,0,0,0.0,0.0,1.0,0,0,0,0,13,4,0
2246,250.11878171599994,215.0,53.99998474121094,129.0,407.0000305175781,215.0,53.99998474121094,129.0,407.0000305175781,nan,nan,nan,nan,0.7795118093490601,nan,0,nan,nan,nan,TRACKING,0.04622795499994936,0.0,0.0,12.868412019697073,0,0,0,0.0,0.0,1.0,0,0,0,0,13,4,0
2247,250.186349996,215.0,53.99998474121094,129.0,407.0000305175781,215.0,53.99998474121094,129.0,407.0000305175781,nan,nan,nan,nan,0.7782291769981384,nan,0,nan,nan,nan,TRACKING,0.0401064249999763,0.0,0.0,14.799843950435335,0,0,0,0.0,0.0,1.0,0,0,0,0,13,4,0
2248,250.26241939600004,215.0,53.99998474121094,129.0,407.0000305175781,215.0,53.99998474121094,129.0,407.0000305175781,nan,nan,nan,nan,0.7627749443054199,nan,0,nan,nan,nan,TRACKING,0.04765004199998657,0.0,0.0,13.145890463173448,0,0,0,0.0,0.0,1.0,0,0,0,0,13,4,0
2249,250.32928340499996,215.0,53.99998474121094,129.0,407.0000305175781,215.0,53.99998474121094,129.0,407.0000305175781,nan,nan,nan,nan,0.7585778832435608,nan,0,nan,nan,nan,TRACKING,0.044091803000014806,0.0,0.0,14.955729023087445,0,0,0,0.0,0.0,1.0,0,0,0,0,13,4,0
2250,250.746504126,215.0,53.99998474121094,129.0,407.0000305175781,215.0,53.99998474121094,129.0,407.0000305175781,217.0,70.0,124.0,410.0,0.7618833780288696,0.793396,1,0.8837929981410156,0.021883926750014496,1.032710541635869,DETECTOR_CONFIRMED,0.05070901099998082,0.33716052500005844,0.0,2.3968128850434436,0,0,0,0.0,0.0,1.0,0,0,0,0,13,4,0
2251,250.818843205,215.0,53.99998474121094,129.0,407.0000305175781,215.0,53.99998474121094,129.0,407.0000305175781,nan,nan,nan,nan,0.777974009513855,nan,0,nan,nan,nan,TRACKING,0.04733196899996983,0.0,0.0,13.82378672528813,0,0,0,0.0,0.0,1.0,0,0,0,0,13,4,0
2252,250.89513255600002,215.0,53.99998474121094,129.0,407.0000305175781,215.0,53.99998474121094,129.0,407.0000305175781,nan,nan,nan,nan,0.7761032581329346,nan,0,nan,nan,nan,TRACKING,0.049345987000037894,0.0,0.0,13.107989344408194,0,0,0,0.0,0.0,1.0,0,0,0,0,13,4,0
2253,250.96508860699998,215.0,53.99998474121094,129.0,407.0000305175781,215.0,53.99998474121094,129.0,407.0000305175781,nan,nan,nan,nan,0.7708755731582642,nan,0,nan,nan,nan,TRACKING,0.04084866799996689,0.0,0.0,14.294689104171008,0,0,0,0.0,0.0,1.0,0,0,0,0,13,4,0
2254,251.04027988099995,215.0,53.99998474121094,129.0,407.0000305175781,215.0,53.99998474121094,129.0,407.0000305175781,nan,nan,nan,nan,0.7729093432426453,nan,0,nan,nan,nan,TRACKING,0.05129177300000265,0.0,0.0,13.299415567829037,0,0,0,0.0,0.0,1.0,0,0,0,0,13,4,0
2255,251.10694810899997,215.0,53.99998474121094,129.0,407.0000305175781,215.0,53.99998474121094,129.0,407.0000305175781,nan,nan,nan,nan,0.7769796252250671,nan,0,nan,nan,nan,TRACKING,0.04541784900004586,0.0,0.0,14.999648708221422,0,0,0,0.0,0.0,1.0,0,0,0,0,13,4,0
2256,251.18518751800002,215.0,53.99998474121094,129.0,407.0000305175781,215.0,53.99998474121094,129.0,407.0000305175781,nan,nan,nan,nan,0.7756356596946716,nan,0,nan,nan,nan,TRACKING,0.04623748800008798,0.0,0.0,12.781282639793286,0,0,0,0.0,0.0,1.0,0,0,0,0,13,4,0
2257,251.25377971,215.0,53.99998474121094,129.0,407.0000305175781,215.0,53.99998474121094,129.0,407.0000305175781,nan,nan,nan,nan,0.780658483505249,nan,0,nan,nan,nan,TRACKING,0.043232790000047316,0.0,0.0,14.578918836713235,0,0,0,0.0,0.0,1.0,0,0,0,0,13,4,0
2258,251.33159672499994,215.0,53.99998474121094,129.0,407.0000305175781,215.0,53.99998474121094,129.0,407.0000305175781,nan,nan,nan,nan,0.7738532423973083,nan,0,nan,nan,nan,TRACKING,0.050234740999940186,0.0,0.0,12.850659974567403,0,0,0,0.0,0.0,1.0,0,0,0,0,13,4,0
2259,251.41111791100002,215.0,53.99998474121094,129.0,407.0000305175781,215.0,53.99998474121094,129.0,407.0000305175781,nan,nan,nan,nan,0.7891378402709961,nan,0,nan,nan,nan,TRACKING,0.05278511299991351,0.0,0.0,12.57526516265748,0,0,0,0.0,0.0,1.0,0,0,0,0,13,4,0
2260,251.479861304,215.0,53.99998474121094,129.0,407.0000305175781,215.0,53.99998474121094,129.0,407.0000305175781,nan,nan,nan,nan,0.7786669135093689,nan,0,nan,nan,nan,TRACKING,0.04548686099997212,0.0,0.0,14.546852524435833,0,0,0,0.0,0.0,1.0,0,0,0,0,13,4,0
2261,251.550779443,215.0,53.99998474121094,129.0,407.0000305175781,215.0,53.99998474121094,129.0,407.0000305175781,nan,nan,nan,nan,0.7752498388290405,nan,0,nan,nan,nan,TRACKING,0.044745765000016036,0.0,0.0,14.100764826891508,0,0,0,0.0,0.0,1.0,0,0,0,0,13,4,0
2262,251.62566118099994,215.0,53.99998474121094,129.0,407.0000305175781,215.0,53.99998474121094,129.0,407.0000305175781,nan,nan,nan,nan,0.7637171149253845,nan,0,nan,nan,nan,TRACKING,0.05275321299995994,0.0,0.0,13.354390893022842,0,0,0,0.0,0.0,1.0,0,0,0,0,13,4,0
2263,251.75208632099998,215.0,53.99998474121094,129.0,407.0000305175781,215.0,53.99998474121094,129.0,407.0000305175781,nan,nan,nan,nan,0.7670886516571045,nan,0,nan,nan,nan,TRACKING,0.09910248000005595,0.0,0.0,7.9098192020962195,0,0,0,0.0,0.0,1.0,0,0,0,0,13,4,0
2264,251.81909811000003,215.0,53.99998474121094,129.0,407.0000305175781,215.0,53.99998474121094,129.0,407.0000305175781,nan,nan,nan,nan,0.7770650386810303,nan,0,nan,nan,nan,TRACKING,0.04305038699999386,0.0,0.0,14.922747398958094,0,0,0,0.0,0.0,1.0,0,0,0,0,13,4,0
2265,252.11706337199996,215.0,53.99998474121094,129.0,407.0000305175781,215.0,53.99998474121094,129.0,407.0000305175781,217.0,69.0,127.0,411.0,0.7530222535133362,0.835951,1,0.9065481849691494,0.021286732957408003,1.0058624813067336,DETECTOR_CONFIRMED,0.043058929000039825,0.23100243299995782,0.0,3.356095919665363,0,0,0,0.0,0.0,1.0,0,0,0,0,13,4,0
2266,252.20070473399994,215.0,53.99998474121094,129.0,407.0000305175781,215.0,53.99998474121094,129.0,407.0000305175781,nan,nan,nan,nan,0.6533172130584717,nan,0,nan,nan,nan,TRACKING,0.05209463799997138,0.0,0.0,11.955807223706325,0,0,0,0.0,0.0,1.0,0,0,0,0,13,4,0
2267,252.28069482299998,219.58270263671875,53.99998474121094,129.0,407.0000305175781,219.58270263671875,53.99998474121094,129.0,407.0000305175781,nan,nan,nan,nan,0.6423131227493286,nan,0,nan,nan,nan,TRACKING,0.052565512000001036,0.0,0.0,12.501548785619793,0,0,0,4.58270263671875,0.005728378295898438,1.0,0,0,0,0,13,4,0
2268,252.35498216199994,224.58270263671875,53.99998474121094,129.0,407.0000305175781,224.58270263671875,53.99998474121094,129.0,407.0000305175781,nan,nan,nan,nan,0.6043717861175537,nan,0,nan,nan,nan,TRACKING,0.050763410000058684,0.0,0.0,13.4612440486051,0,0,0,5.0,0.00625,1.0,0,0,0,0,13,4,0
2269,252.44177229000002,229.58270263671875,53.99998474121094,129.0,407.0000305175781,229.58270263671875,53.99998474121094,129.0,407.0000305175781,nan,nan,nan,nan,0.5747920870780945,nan,0,nan,nan,nan,TRACKING,0.05862688900003832,0.0,0.0,11.522047760998053,0,0,0,5.0,0.00625,1.0,0,0,0,0,13,4,0
2270,252.53273913299995,234.58270263671875,53.99998474121094,129.0,407.0000305175781,234.58270263671875,53.99998474121094,129.0,407.0000305175781,nan,nan,nan,nan,0.5597372651100159,nan,0,nan,nan,nan,TRACKING,0.06239465300006941,0.0,0.0,10.993016433479374,0,0,0,5.0,0.00625,1.0,0,0,0,0,13,4,0
2271,252.60652244899995,239.58270263671875,53.99998474121094,129.0,407.0000305175781,239.58270263671875,53.99998474121094,129.0,407.0000305175781,nan,nan,nan,nan,0.5401577353477478,nan,0,nan,nan,nan,TRACKING,0.050979214999983924,0.0,0.0,13.553199479404674,0,0,0,5.0,0.00625,1.0,0,0,0,0,13,4,0
2272,252.676485653,240.0,53.99998474121094,129.0,407.0000305175781,240.0,53.99998474121094,129.0,407.0000305175781,nan,nan,nan,nan,0.5265749096870422,nan,0,nan,nan,nan,TRACKING,0.04868870000007064,0.0,0.0,14.293227622902128,0,0,0,0.41729736328125,0.0005216217041015625,1.0,0,0,0,0,13,4,0
2273,252.76121492699997,240.0,53.99998474121094,129.0,407.0000305175781,240.0,53.99998474121094,129.0,407.0000305175781,nan,nan,nan,nan,0.5099618434906006,nan,0,nan,nan,nan,TRACKING,0.0585474009999416,0.0,0.0,11.80229633503293,0,0,0,0.0,0.0,1.0,0,0,0,0,13,4,0
2274,252.84333521199994,240.0,53.99998474121094,129.0,407.0000305175781,240.0,53.99998474121094,129.0,407.0000305175781,nan,nan,nan,nan,0.5085216760635376,nan,0,nan,nan,nan,TRACKING,0.05602133899992623,0.0,0.0,12.177259248434435,0,0,0,0.0,0.0,1.0,0,0,0,0,13,4,0
2275,252.914142051,240.0,53.99998474121094,129.0,407.0000305175781,240.0,53.99998474121094,129.0,407.0000305175781,nan,nan,nan,nan,0.512527585029602,nan,0,nan,nan,nan,TRACKING,0.04299259700007951,0.0,0.0,14.122929566156818,0,0,0,0.0,0.0,1.0,0,0,0,0,13,4,0
2276,252.982509348,240.0,53.99998474121094,129.0,407.0000305175781,240.0,53.99998474121094,129.0,407.0000305175781,nan,nan,nan,nan,0.5046098828315735,nan,0,nan,nan,nan,TRACKING,0.04509152900004665,0.0,0.0,14.62687635580898,0,0,0,0.0,0.0,1.0,0,0,0,0,13,4,0
2277,253.05889321400002,240.0,53.99998474121094,129.0,407.0000305175781,240.0,53.99998474121094,129.0,407.0000305175781,nan,nan,nan,nan,0.501024067401886,nan,0,nan,nan,nan,TRACKING,0.05262429399999746,0.0,0.0,13.091769929526844,0,0,0,0.0,0.0,1.0,0,0,0,0,13,4,0
2278,253.372029688,240.0,53.99998474121094,129.0,407.0000305175781,207.5,53.99999465942383,190.10000000000002,416.10001068115236,190.0,54.0,223.0,421.0,0.4988848567008972,0.988774,1,0.5592386360426012,0.009519716382329886,1.7881453052299399,SOFT_REINITIALIZING,0.05436448800003291,0.23324399299997367,0.0,3.1934957535482713,1,0,0,0.0,0.0,1.0,0,0,0,0,14,4,0
2279,253.39523249699994,207.5,53.99999465942383,190.10000000000002,416.10001068115236,207.5,53.99999465942383,190.10000000000002,416.10001068115236,nan,nan,nan,nan,,nan,0,nan,nan,nan,INITIALIZING,0.0,0.0,0.0,43.09823004630915,0,0,0,0.0,0.0,1.0,0,0,0,0,14,4,0
2280,253.45204837100005,207.5,53.99999465942383,190.10000000000002,416.10001068115236,207.5,53.99999465942383,190.10000000000002,416.10001068115236,nan,nan,nan,nan,,nan,0,nan,nan,nan,INITIALIZING,0.0,0.0,0.0,17.60071489876398,0,0,0,0.0,0.0,1.0,0,0,0,0,14,4,0
2281,253.50056098999994,207.5,53.99999465942383,190.10000000000002,416.10001068115236,207.5,53.99999465942383,190.10000000000002,416.10001068115236,nan,nan,nan,nan,,nan,0,nan,nan,nan,INITIALIZING,0.0,0.0,0.0,20.613193445651568,0,0,0,0.0,0.0,1.0,0,0,0,0,14,4,0
2282,253.529800659,207.5,53.99999465942383,190.10000000000002,416.10001068115236,207.5,53.99999465942383,190.10000000000002,416.10001068115236,nan,nan,nan,nan,,nan,0,nan,nan,nan,INITIALIZING,0.0,0.0,0.0,34.200113551160044,0,0,0,0.0,0.0,1.0,0,0,0,0,14,4,0
2283,253.561895069,207.5,53.99999465942383,190.10000000000002,416.10001068115236,207.5,53.99999465942383,190.10000000000002,416.10001068115236,nan,nan,nan,nan,,nan,0,nan,nan,nan,INITIALIZING,0.0,0.0,0.0,31.158073944951298,0,0,0,0.0,0.0,1.0,0,0,0,0,14,4,0
2284,253.59678145199996,207.5,53.99999465942383,190.10000000000002,416.10001068115236,207.5,53.99999465942383,190.10000000000002,416.10001068115236,nan,nan,nan,nan,,nan,0,nan,nan,nan,INITIALIZING,0.0,0.0,0.0,28.664479203855116,0,0,0,0.0,0.0,1.0,0,0,0,0,14,4,0
2285,253.639941712,207.5,53.99999465942383,190.10000000000002,416.10001068115236,207.5,53.99999465942383,190.10000000000002,416.10001068115236,nan,nan,nan,nan,,nan,0,nan,nan,nan,INITIALIZING,0.0,0.0,0.0,23.169461907763417,0,0,0,0.0,0.0,1.0,0,0,0,0,14,4,0
2286,253.68688712699998,207.5,53.99999465942383,190.10000000000002,416.10001068115236,207.5,53.99999465942383,190.10000000000002,416.10001068115236,nan,nan,nan,nan,,nan,0,nan,nan,nan,INITIALIZING,0.0,0.0,0.0,21.301334752294437,0,0,0,0.0,0.0,1.0,0,0,0,0,14,4,0
2287,253.72136039199995,207.5,53.99999465942383,190.10000000000002,416.10001068115236,207.5,53.99999465942383,190.10000000000002,416.10001068115236,nan,nan,nan,nan,,nan,0,nan,nan,nan,INITIALIZING,0.0,0.0,0.0,29.00798633377922,0,0,0,0.0,0.0,1.0,0,0,0,0,14,4,0
2288,253.75330238899994,207.5,53.99999465942383,190.10000000000002,416.10001068115236,207.5,53.99999465942383,190.10000000000002,416.10001068115236,nan,nan,nan,nan,,nan,0,nan,nan,nan,INITIALIZING,0.0,0.0,0.0,31.306746412890725,0,0,0,0.0,0.0,1.0,0,0,0,0,14,4,0
2289,253.780440161,207.5,53.99999465942383,190.10000000000002,416.10001068115236,207.5,53.99999465942383,190.10000000000002,416.10001068115236,nan,nan,nan,nan,,nan,0,nan,nan,nan,INITIALIZING,0.0,0.0,0.0,36.84900882790918,0,0,0,0.0,0.0,1.0,0,0,0,0,14,4,0
2290,253.807843326,207.5,53.99999465942383,190.10000000000002,416.10001068115236,207.5,53.99999465942383,190.10000000000002,416.10001068115236,nan,nan,nan,nan,,nan,0,nan,nan,nan,INITIALIZING,0.0,0.0,0.0,36.49213512379483,0,0,0,0.0,0.0,1.0,0,0,0,0,14,4,0
2291,253.83151785300004,207.5,53.99999465942383,190.10000000000002,416.10001068115236,207.5,53.99999465942383,190.10000000000002,416.10001068115236,nan,nan,nan,nan,,nan,0,nan,nan,nan,INITIALIZING,0.0,0.0,0.0,42.23949226098241,0,0,0,0.0,0.0,1.0,0,0,0,0,14,4,0
2292,253.88001703299994,207.5,53.99999465942383,190.10000000000002,416.10001068115236,207.5,53.99999465942383,190.10000000000002,416.10001068115236,nan,nan,nan,nan,,nan,0,nan,nan,nan,INITIALIZING,0.0,0.0,0.0,20.618905309366017,0,0,0,0.0,0.0,1.0,0,0,0,0,14,4,0
2293,253.91394476899995,207.5,53.99999465942383,190.10000000000002,416.10001068115236,207.5,53.99999465942383,190.10000000000002,416.10001068115236,nan,nan,nan,nan,,nan,0,nan,nan,nan,INITIALIZING,0.0,0.0,0.0,29.474409963568323,0,0,0,0.0,0.0,1.0,0,0,0,0,14,4,0
2294,253.98618947299997,207.5,53.99999465942383,190.10000000000002,416.10001068115236,207.5,53.99999465942383,190.10000000000002,416.10001068115236,nan,nan,nan,nan,,nan,0,nan,nan,nan,INITIALIZING,0.0,0.0,0.0,13.841845071436861,0,0,0,0.0,0.0,1.0,0,0,0,0,14,4,0
2295,254.07281903800003,207.5,53.99999465942383,190.10000000000002,416.10001068115236,207.5,53.99999465942383,190.10000000000002,416.10001068115236,nan,nan,nan,nan,,nan,0,nan,nan,nan,INITIALIZING,0.0,0.0,0.0,11.543403224975577,0,0,0,0.0,0.0,1.0,0,0,0,0,14,4,0
2296,254.120524745,207.5,53.99999465942383,190.10000000000002,416.10001068115236,207.5,53.99999465942383,190.10000000000002,416.10001068115236,nan,nan,nan,nan,,nan,0,nan,nan,nan,INITIALIZING,0.0,0.0,0.0,20.961852635377042,0,0,0,0.0,0.0,1.0,0,0,0,0,14,4,0
2297,254.20455939,207.4499969482422,54.44999694824219,190.10000610351562,416.1000061035156,207.4499969482422,54.44999694824219,190.10000610351562,416.1000061035156,nan,nan,nan,nan,0.7446937561035156,nan,0,nan,nan,nan,TRACKING,0.050491639000028954,0.0,0.7632714179999311,11.899853923346809,0,0,0,0.4527692569068608,0.000565961571133576,1.000000021105578,0,0,0,0,14,4,0
2298,254.27489190400001,207.4499969482422,54.44999694824219,190.10000610351562,416.1000061035156,207.4499969482422,54.44999694824219,190.10000610351562,416.1000061035156,nan,nan,nan,nan,0.736998975276947,nan,0,nan,nan,nan,TRACKING,0.04714371900001879,0.0,0.0,14.218175110299487,0,0,0,0.0,0.0,1.0,0,0,0,0,14,4,0
2299,254.33899957699998,207.4499969482422,54.44999694824219,190.10000610351562,416.1000061035156,207.4499969482422,54.44999694824219,190.10000610351562,416.1000061035156,nan,nan,nan,nan,0.7385848164558411,nan,0,nan,nan,nan,TRACKING,0.03995011000006343,0.0,0.0,15.598756797809806,0,0,0,0.0,0.0,1.0,0,0,0,0,14,4,0
2300,254.405745142,207.4499969482422,54.44999694824219,190.10000610351562,416.1000061035156,207.4499969482422,54.44999694824219,190.10000610351562,416.1000061035156,nan,nan,nan,nan,0.7371816635131836,nan,0,nan,nan,nan,TRACKING,0.04309727300005761,0.0,0.0,14.982268859357342,0,0,0,0.0,0.0,1.0,0,0,0,0,14,4,0
2301,254.47862277800004,207.4499969482422,54.44999694824219,190.10000610351562,416.1000061035156,207.4499969482422,54.44999694824219,190.10000610351562,416.1000061035156,nan,nan,nan,nan,0.7347258925437927,nan,0,nan,nan,nan,TRACKING,0.04589554599999701,0.0,0.0,13.721630597339885,0,0,0,0.0,0.0,1.0,0,0,0,0,14,4,0
2302,254.54894977200001,207.4499969482422,54.44999694824219,190.10000610351562,416.1000061035156,207.4499969482422,54.44999694824219,190.10000610351562,416.1000061035156,nan,nan,nan,nan,0.7323146462440491,nan,0,nan,nan,nan,TRACKING,0.04142334200003006,0.0,0.0,14.219291101798358,0,0,0,0.0,0.0,1.0,0,0,0,0,14,4,0
2303,254.61599557800002,207.4499969482422,54.44999694824219,190.10000610351562,416.1000061035156,207.4499969482422,54.44999694824219,190.10000610351562,416.1000061035156,nan,nan,nan,nan,0.7215676307678223,nan,0,nan,nan,nan,TRACKING,0.0425385669999514,0.0,0.0,14.91517605142743,0,0,0,0.0,0.0,1.0,0,0,0,0,14,4,0
2304,254.69019377300003,207.4499969482422,54.44999694824219,190.10000610351562,416.1000061035156,207.4499969482422,54.44999694824219,190.10000610351562,416.1000061035156,nan,nan,nan,nan,0.7034305930137634,nan,0,nan,nan,nan,TRACKING,0.04648040000006404,0.0,0.0,13.477416802388394,0,0,0,0.0,0.0,1.0,0,0,0,0,14,4,0
2305,254.76446390399997,207.4499969482422,54.44999694824219,190.10000610351562,416.1000061035156,207.4499969482422,54.44999694824219,190.10000610351562,416.1000061035156,nan,nan,nan,nan,0.707241952419281,nan,0,nan,nan,nan,TRACKING,0.04519875100004356,0.0,0.0,13.464362948287768,0,0,0,0.0,0.0,1.0,0,0,0,0,14,4,0
2306,254.83557202400004,207.4499969482422,54.44999694824219,190.10000610351562,416.1000061035156,207.4499969482422,54.44999694824219,190.10000610351562,416.1000061035156,nan,nan,nan,nan,0.7145050168037415,nan,0,nan,nan,nan,TRACKING,0.04785664300004555,0.0,0.0,14.063091528772345,0,0,0,0.0,0.0,1.0,0,0,0,0,14,4,0
2307,254.91636280900002,207.4499969482422,54.44999694824219,190.10000610351562,416.1000061035156,207.4499969482422,54.44999694824219,190.10000610351562,416.1000061035156,nan,nan,nan,nan,0.7152144312858582,nan,0,nan,nan,nan,TRACKING,0.05353798800001641,0.0,0.0,12.377649257898545,0,0,0,0.0,0.0,1.0,0,0,0,0,14,4,0
2308,255.00166658299997,207.4499969482422,54.44999694824219,190.10000610351562,416.1000061035156,207.4499969482422,54.44999694824219,190.10000610351562,416.1000061035156,nan,nan,nan,nan,0.7194272875785828,nan,0,nan,nan,nan,TRACKING,0.06049535600004674,0.0,0.0,11.722810763337904,0,0,0,0.0,0.0,1.0,0,0,0,0,14,4,0
2309,255.07954600999994,207.4499969482422,54.44999694824219,190.10000610351562,416.1000061035156,207.4499969482422,54.44999694824219,190.10000610351562,416.1000061035156,nan,nan,nan,nan,0.7063732743263245,nan,0,nan,nan,nan,TRACKING,0.050847124000029,0.0,0.0,12.840361550173906,0,0,0,0.0,0.0,1.0,0,0,0,0,14,4,0
2310,255.498151925,207.4499969482422,54.44999694824219,190.10000610351562,416.1000061035156,207.4499969482422,54.44999694824219,190.10000610351562,416.1000061035156,228.0,67.0,195.0,405.0,0.7109020948410034,0.997866,1,0.7631798468569421,0.030052038200428267,1.0015905501734879,DETECTOR_CONFIRMED,0.05139421499995933,0.3414880830000584,0.0,2.3888816764566334,0,0,0,0.0,0.0,1.0,0,0,0,0,14,4,0
2311,255.56077565099997,207.4499969482422,54.44999694824219,190.10000610351562,416.1000061035156,207.4499969482422,54.44999694824219,190.10000610351562,416.1000061035156,nan,nan,nan,nan,0.7123732566833496,nan,0,nan,nan,nan,TRACKING,0.03853438000010101,0.0,0.0,15.968388722199034,0,0,0,0.0,0.0,1.0,0,0,0,0,14,4,0
2312,255.63420605299996,207.4499969482422,54.44999694824219,190.10000610351562,416.1000061035156,207.4499969482422,54.44999694824219,190.10000610351562,416.1000061035156,nan,nan,nan,nan,0.7128257751464844,nan,0,nan,nan,nan,TRACKING,0.04999216700002762,0.0,0.0,13.618337538179333,0,0,0,0.0,0.0,1.0,0,0,0,0,14,4,0
2313,255.70507685899997,207.4499969482422,54.44999694824219,190.10000610351562,416.1000061035156,207.4499969482422,54.44999694824219,190.10000610351562,416.1000061035156,nan,nan,nan,nan,0.7122653722763062,nan,0,nan,nan,nan,TRACKING,0.047046124000075906,0.0,0.0,14.110182407122199,0,0,0,0.0,0.0,1.0,0,0,0,0,14,4,0
2314,255.78071879899994,207.4499969482422,54.44999694824219,190.10000610351562,416.1000061035156,207.4499969482422,54.44999694824219,190.10000610351562,416.1000061035156,nan,nan,nan,nan,0.7129570245742798,nan,0,nan,nan,nan,TRACKING,0.04495751399997516,0.0,0.0,13.220179175737892,0,0,0,0.0,0.0,1.0,0,0,0,0,14,4,0
2315,255.858291259,207.4499969482422,54.44999694824219,190.10000610351562,416.1000061035156,207.4499969482422,54.44999694824219,190.10000610351562,416.1000061035156,nan,nan,nan,nan,0.7068345546722412,nan,0,nan,nan,nan,TRACKING,0.05329179099999237,0.0,0.0,12.891172975554477,0,0,0,0.0,0.0,1.0,0,0,0,0,14,4,0
2316,255.93836466300002,207.4499969482422,54.44999694824219,190.10000610351562,416.1000061035156,207.4499969482422,54.44999694824219,190.10000610351562,416.1000061035156,nan,nan,nan,nan,0.702900230884552,nan,0,nan,nan,nan,TRACKING,0.056231531999969775,0.0,0.0,12.488541139075041,0,0,0,0.0,0.0,1.0,0,0,0,0,14,4,0
2317,256.006704625,207.4499969482422,54.44999694824219,190.10000610351562,416.1000061035156,207.4499969482422,54.44999694824219,190.10000610351562,416.1000061035156,nan,nan,nan,nan,0.7046903371810913,nan,0,nan,nan,nan,TRACKING,0.03825731899996754,0.0,0.0,14.63272689557928,0,0,0,0.0,0.0,1.0,0,0,0,0,14,4,0
2318,256.089032957,207.4499969482422,54.44999694824219,190.10000610351562,416.1000061035156,207.4499969482422,54.44999694824219,190.10000610351562,416.1000061035156,nan,nan,nan,nan,0.7069234251976013,nan,0,nan,nan,nan,TRACKING,0.05595978400003787,0.0,0.0,12.146486825462572,0,0,0,0.0,0.0,1.0,0,0,0,0,14,4,0
2319,256.162974091,207.4499969482422,54.44999694824219,190.10000610351562,416.1000061035156,207.4499969482422,54.44999694824219,190.10000610351562,416.1000061035156,nan,nan,nan,nan,0.703022301197052,nan,0,nan,nan,nan,TRACKING,0.05066531199997826,0.0,0.0,13.52427188903139,0,0,0,0.0,0.0,1.0,0,0,0,0,14,4,0
2320,256.241323769,207.4499969482422,54.44999694824219,190.10000610351562,416.1000061035156,207.4499969482422,54.44999694824219,190.10000610351562,416.1000061035156,nan,nan,nan,nan,0.7020435333251953,nan,0,nan,nan,nan,TRACKING,0.04540402099996754,0.0,0.0,12.763294317560097,0,0,0,0.0,0.0,1.0,0,0,0,0,14,4,0
2321,256.36405551099995,207.4499969482422,54.44999694824219,190.10000610351562,416.1000061035156,207.4499969482422,54.44999694824219,190.10000610351562,416.1000061035156,nan,nan,nan,nan,0.7005071640014648,nan,0,nan,nan,nan,TRACKING,0.0989194569999654,0.0,0.0,8.14785143358094,0,0,0,0.0,0.0,1.0,0,0,0,0,14,4,0
2322,256.433020285,207.4499969482422,54.44999694824219,190.10000610351562,416.1000061035156,207.4499969482422,54.44999694824219,190.10000610351562,416.1000061035156,nan,nan,nan,nan,0.7156355381011963,nan,0,nan,nan,nan,TRACKING,0.04270638000002691,0.0,0.0,14.500156268173386,0,0,0,0.0,0.0,1.0,0,0,0,0,14,4,0
2323,256.49897932600004,207.4499969482422,54.44999694824219,190.10000610351562,416.1000061035156,207.4499969482422,54.44999694824219,190.10000610351562,416.1000061035156,nan,nan,nan,nan,0.7210648059844971,nan,0,nan,nan,nan,TRACKING,0.04302584099991691,0.0,0.0,15.160923883040759,0,0,0,0.0,0.0,1.0,0,0,0,0,14,4,0
2324,256.56132241299997,207.4499969482422,54.44999694824219,190.10000610351562,416.1000061035156,207.4499969482422,54.44999694824219,190.10000610351562,416.1000061035156,nan,nan,nan,nan,0.7231453657150269,nan,0,nan,nan,nan,TRACKING,0.04108183400001053,0.0,0.0,16.040270832291405,0,0,0,0.0,0.0,1.0,0,0,0,0,14,4,0
2325,256.89774732800004,207.4499969482422,54.44999694824219,190.10000610351562,416.1000061035156,207.4499969482422,54.44999694824219,190.10000610351562,416.1000061035156,232.0,64.0,186.0,408.0,0.7304366230964661,0.998687,1,0.767576240764034,0.028953087054751175,1.042333619280403,DETECTOR_CONFIRMED,0.04347505500004445,0.26799144599999636,0.0,2.972431456213057,0,0,0,0.0,0.0,1.0,0,0,0,0,14,4,0
2326,256.964698088,207.4499969482422,54.44999694824219,190.10000610351562,416.1000061035156,207.4499969482422,54.44999694824219,190.10000610351562,416.1000061035156,nan,nan,nan,nan,0.7462592124938965,nan,0,nan,nan,nan,TRACKING,0.04148526199992375,0.0,0.0,14.936350237112876,0,0,0,0.0,0.0,1.0,0,0,0,0,14,4,0
2327,257.03192762799995,207.4499969482422,54.44999694824219,190.10000610351562,416.1000061035156,207.4499969482422,54.44999694824219,190.10000610351562,416.1000061035156,nan,nan,nan,nan,0.7551065683364868,nan,0,nan,nan,nan,TRACKING,0.043515215000070384,0.0,0.0,14.874413836543116,0,0,0,0.0,0.0,1.0,0,0,0,0,14,4,0
2328,257.09807861599995,207.4499969482422,54.44999694824219,190.10000610351562,416.1000061035156,207.4499969482422,54.44999694824219,190.10000610351562,416.1000061035156,nan,nan,nan,nan,0.7565317749977112,nan,0,nan,nan,nan,TRACKING,0.042920674000015424,0.0,0.0,15.116932191548523,0,0,0,0.0,0.0,1.0,0,0,0,0,14,4,0
2329,257.16910308699994,207.4499969482422,54.44999694824219,190.10000610351562,416.1000061035156,207.4499969482422,54.44999694824219,190.10000610351562,416.1000061035156,nan,nan,nan,nan,0.7525975704193115,nan,0,nan,nan,nan,TRACKING,0.04542536399992514,0.0,0.0,14.079654320835184,0,0,0,0.0,0.0,1.0,0,0,0,0,14,4,0
2330,257.23669427899995,207.4499969482422,54.44999694824219,190.10000610351562,416.1000061035156,207.4499969482422,54.44999694824219,190.10000610351562,416.1000061035156,nan,nan,nan,nan,0.7704281210899353,nan,0,nan,nan,nan,TRACKING,0.04471841500003393,0.0,0.0,14.794827112974534,0,0,0,0.0,0.0,1.0,0,0,0,0,14,4,0
2331,257.333648068,207.4499969482422,54.44999694824219,190.10000610351562,416.1000061035156,207.4499969482422,54.44999694824219,190.10000610351562,416.1000061035156,nan,nan,nan,nan,0.7698540687561035,nan,0,nan,nan,nan,TRACKING,0.06817241999999624,0.0,0.0,10.314192052870105,0,0,0,0.0,0.0,1.0,0,0,0,0,14,4,0
2332,257.40167374199996,207.4499969482422,54.44999694824219,190.10000610351562,416.1000061035156,207.4499969482422,54.44999694824219,190.10000610351562,416.1000061035156,nan,nan,nan,nan,0.7913100719451904,nan,0,nan,nan,nan,TRACKING,0.042425458000025174,0.0,0.0,14.700332112852893,0,0,0,0.0,0.0,1.0,0,0,0,0,14,4,0
2333,257.472296249,207.4499969482422,54.44999694824219,190.10000610351562,416.1000061035156,207.4499969482422,54.44999694824219,190.10000610351562,416.1000061035156,nan,nan,nan,nan,0.769375205039978,nan,0,nan,nan,nan,TRACKING,0.039515884000024926,0.0,0.0,14.15979186350964,0,0,0,0.0,0.0,1.0,0,0,0,0,14,4,0
2334,257.53534479099994,207.4499969482422,54.44999694824219,190.10000610351562,416.1000061035156,207.4499969482422,54.44999694824219,190.10000610351562,416.1000061035156,nan,nan,nan,nan,0.7335900068283081,nan,0,nan,nan,nan,TRACKING,0.03990326799998911,0.0,0.0,15.860795004602332,0,0,0,0.0,0.0,1.0,0,0,0,0,14,4,0
2335,257.60512674200004,207.4499969482422,54.44999694824219,190.10000610351562,416.1000061035156,207.4499969482422,54.44999694824219,190.10000610351562,416.1000061035156,nan,nan,nan,nan,0.7330971360206604,nan,0,nan,nan,nan,TRACKING,0.04659625600004347,0.0,0.0,14.330353130978416,0,0,0,0.0,0.0,1.0,0,0,0,0,14,4,0
2336,257.686537768,207.4499969482422,54.44999694824219,190.10000610351562,416.1000061035156,207.4499969482422,54.44999694824219,190.10000610351562,416.1000061035156,nan,nan,nan,nan,0.7422423362731934,nan,0,nan,nan,nan,TRACKING,0.057540781000056995,0.0,0.0,12.28334844963814,0,0,0,0.0,0.0,1.0,0,0,0,0,14,4,0
2337,257.78155021,207.4499969482422,54.44999694824219,190.10000610351562,416.1000061035156,207.4499969482422,54.44999694824219,190.10000610351562,416.1000061035156,nan,nan,nan,nan,0.7422647476196289,nan,0,nan,nan,nan,TRACKING,0.07019235800009938,0.0,0.0,10.524937355048408,0,0,0,0.0,0.0,1.0,0,0,0,0,14,4,0
2338,257.86696498599997,201.8250274658203,54.44999694824219,190.10000610351562,416.1000061035156,201.8250274658203,54.44999694824219,190.10000610351562,416.1000061035156,nan,nan,nan,nan,0.7008764147758484,nan,0,nan,nan,nan,TRACKING,0.056410194000022784,0.0,0.0,11.70757621608794,0,0,0,5.624969482421875,0.007031211853027344,1.0,0,0,0,0,14,4,0
2339,257.941810328,201.4499969482422,54.44999694824219,190.10000610351562,416.1000061035156,201.4499969482422,54.44999694824219,190.10000610351562,416.1000061035156,nan,nan,nan,nan,0.6651303768157959,nan,0,nan,nan,nan,TRACKING,0.0513862859999108,0.0,0.0,13.360884903164134,0,0,0,0.375030517578125,0.00046878814697265625,1.0,0,0,0,0,14,4,0
2340,258.316206791,195.8250274658203,48.82502746582031,190.10000610351562,416.1000061035156,195.8250274658203,48.82502746582031,190.10000610351562,416.1000061035156,234.0,53.0,151.0,423.0,0.6302940845489502,0.980406,1,0.7700683542477138,0.02515668548781476,1.2384045480868475,DETECTOR_CONFIRMED,0.06720308900003147,0.2760670630000277,0.0,2.67096540385825,0,0,0,7.9549081299757844,0.009943635162469731,1.0,0,0,0,0,14,4,0
2341,258.39916562400003,184.20005798339844,48.44999694824219,190.10000610351562,416.1000061035156,184.20005798339844,48.44999694824219,190.10000610351562,416.1000061035156,nan,nan,nan,nan,0.545466959476471,nan,0,nan,nan,nan,TRACKING,0.05340043200010314,0.0,0.0,12.05417149491184,0,0,0,11.63101729670947,0.014538771620886837,1.0,0,0,0,0,14,4,0
2342,258.490652729,190.07496643066406,48.44999694824219,190.10000610351562,416.1000061035156,190.07496643066406,48.44999694824219,190.10000610351562,416.1000061035156,nan,nan,nan,nan,0.5751199126243591,nan,0,nan,nan,nan,TRACKING,0.06825648999995337,0.0,0.0,10.930502172963442,0,0,0,5.874908447265625,0.007343635559082031,1.0,0,0,0,0,14,4,0
2343,258.55990900899997,190.4499969482422,48.44999694824219,190.10000610351562,416.1000061035156,190.4499969482422,48.44999694824219,190.10000610351562,416.1000061035156,nan,nan,nan,nan,0.5349492430686951,nan,0,nan,nan,nan,TRACKING,0.046676461000060954,0.0,0.0,14.439123787765341,0,0,0,0.375030517578125,0.00046878814697265625,1.0,0,0,0,0,14,4,0
2344,258.656874594,184.8250274658203,48.44999694824219,190.10000610351562,416.1000061035156,184.8250274658203,48.44999694824219,190.10000610351562,416.1000061035156,nan,nan,nan,nan,0.5229398012161255,nan,0,nan,nan,nan,TRACKING,0.0573027609999599,0.0,0.0,10.312937316881913,0,0,0,5.624969482421875,0.007031211853027344,1.0,0,0,0,0,14,4,0
2345,258.75056578,190.07496643066406,48.44999694824219,190.10000610351562,416.1000061035156,190.07496643066406,48.44999694824219,190.10000610351562,416.1000061035156,nan,nan,nan,nan,0.5335695743560791,nan,0,nan,nan,nan,TRACKING,0.07005516399999578,0.0,0.0,10.673362593574065,0,0,0,5.24993896484375,0.006562423706054687,1.0,0,0,0,0,14,4,0
2346,258.87282839,184.8250274658203,48.44999694824219,190.10000610351562,416.1000061035156,184.8250274658203,48.44999694824219,190.10000610351562,416.1000061035156,nan,nan,nan,nan,0.5100971460342407,nan,0,nan,nan,nan,TRACKING,0.09722951800006285,0.0,0.0,8.179115430301565,0,0,0,5.24993896484375,0.006562423706054687,1.0,0,0,0,0,14,4,0
2347,258.95166325799994,190.07496643066406,48.44999694824219,190.10000610351562,416.1000061035156,190.07496643066406,48.44999694824219,190.10000610351562,416.1000061035156,nan,nan,nan,nan,0.510330080986023,nan,0,nan,nan,nan,TRACKING,0.050961640999958036,0.0,0.0,12.684742492379195,0,0,0,5.24993896484375,0.006562423706054687,1.0,0,0,0,0,14,4,0
2348,259.306971998,190.4499969482422,48.44999694824219,190.10000610351562,416.1000061035156,190.4499969482422,48.44999694824219,190.10000610351562,416.1000061035156,nan,nan,nan,nan,0.4866667091846466,nan,0,nan,nan,nan,SUSPECTED_LOST,0.040504369000018414,0.287584597000091,0.0,2.81445370581046,1,0,0,0.375030517578125,0.00046878814697265625,1.0,0,0,0,0,14,4,0
2349,259.64682707,190.4499969482422,48.44999694824219,190.10000610351562,416.1000061035156,190.4499969482422,48.44999694824219,190.10000610351562,416.1000061035156,nan,nan,nan,nan,0.4807998538017273,nan,0,nan,nan,nan,SUSPECTED_LOST,0.0508458829999654,0.2605441170001086,0.0,2.942430707640185,1,0,0,0.0,0.0,1.0,0,0,0,0,14,4,0
2350,259.96681054500004,190.4499969482422,48.44999694824219,190.10000610351562,416.1000061035156,190.4499969482422,48.44999694824219,190.10000610351562,416.1000061035156,nan,nan,nan,nan,0.485856294631958,nan,0,nan,nan,nan,SUSPECTED_LOST,0.057636310000020785,0.23217363699995985,0.0,3.1251613852864604,1,0,0,0.0,0.0,1.0,0,0,0,0,14,4,0
2351,260.341668968,190.4499969482422,48.44999694824219,190.10000610351562,416.1000061035156,190.4499969482422,48.44999694824219,190.10000610351562,416.1000061035156,nan,nan,nan,nan,0.49047333002090454,nan,0,nan,nan,nan,SUSPECTED_LOST,0.05836878100001286,0.28765146099999583,0.0,2.6676738166826763,1,0,0,0.0,0.0,1.0,0,0,0,0,14,4,0
2352,260.418666306,190.4499969482422,54.07496643066406,190.10000610351562,416.1000061035156,190.4499969482422,54.07496643066406,190.10000610351562,416.1000061035156,nan,nan,nan,nan,0.511413037776947,nan,0,nan,nan,nan,TRACKING,0.05250999200006845,0.0,0.0,12.987461982134722,0,0,0,5.624969482421875,0.007031211853027344,1.0,0,0,0,0,14,4,0
2353,260.50025399799995,184.8250274658203,54.44999694824219,190.10000610351562,416.1000061035156,184.8250274658203,54.44999694824219,190.10000610351562,416.1000061035156,nan,nan,nan,nan,0.5237463712692261,nan,0,nan,nan,nan,TRACKING,0.05802486699997189,0.0,0.0,12.256750687350685,0,0,0,5.637457721996,0.0070468221524950005,1.0,0,0,0,0,14,4,0
2354,260.56828075,184.4499969482422,54.44999694824219,190.10000610351562,416.1000061035156,184.4499969482422,54.44999694824219,190.10000610351562,416.1000061035156,nan,nan,nan,nan,0.5298369526863098,nan,0,nan,nan,nan,TRACKING,0.045772026000008736,0.0,0.0,14.700099160980894,0,0,0,0.375030517578125,0.00046878814697265625,1.0,0,0,0,0,14,4,0
2355,260.93761149499994,190.07496643066406,54.44999694824219,190.10000610351562,416.1000061035156,190.07496643066406,54.44999694824219,190.10000610351562,416.1000061035156,nan,nan,nan,nan,0.5169112682342529,nan,0,nan,nan,nan,SUSPECTED_LOST,0.05586350400005813,0.2894853099999182,0.0,2.7076002026317023,0,0,0,5.624969482421875,0.007031211853027344,1.0,0,0,0,0,14,4,0
2356,261.02410301099997,196.07496643066406,48.82502746582031,190.10000610351562,416.1000061035156,196.07496643066406,48.82502746582031,190.10000610351562,416.1000061035156,nan,nan,nan,nan,0.5904134511947632,nan,0,nan,nan,nan,TRACKING,0.05787474699991435,0.0,0.0,11.561827636362924,0,0,0,8.224371202601292,0.010280464003251616,1.0,0,0,0,0,14,4,0
2357,261.095819507,196.4499969482422,48.44999694824219,190.10000610351562,416.1000061035156,196.4499969482422,48.44999694824219,190.10000610351562,416.1000061035156,nan,nan,nan,nan,0.6338348388671875,nan,0,nan,nan,nan,TRACKING,0.04897010699994553,0.0,0.0,13.9437933498549,0,0,0,0.5303732442627858,0.0006629665553284822,1.0,0,0,0,0,14,4,0
2358,261.167892393,196.4499969482422,48.44999694824219,190.10000610351562,416.1000061035156,196.4499969482422,48.44999694824219,190.10000610351562,416.1000061035156,nan,nan,nan,nan,0.6396995782852173,nan,0,nan,nan,nan,TRACKING,0.04349237099995662,0.0,0.0,13.874843307925651,0,0,0,0.0,0.0,1.0,0,0,0,0,14,4,0
2359,261.239078264,196.4499969482422,48.44999694824219,190.10000610351562,416.1000061035156,196.4499969482422,48.44999694824219,190.10000610351562,416.1000061035156,nan,nan,nan,nan,0.6003701090812683,nan,0,nan,nan,nan,TRACKING,0.04867637999996077,0.0,0.0,14.047731466260185,0,0,0,0.0,0.0,1.0,0,0,0,0,14,4,0
2360,261.32005166499994,196.4499969482422,48.44999694824219,190.10000610351562,416.1000061035156,196.4499969482422,48.44999694824219,190.10000610351562,416.1000061035156,nan,nan,nan,nan,0.6061573624610901,nan,0,nan,nan,nan,TRACKING,0.053514250000034735,0.0,0.0,12.349734451696953,0,0,0,0.0,0.0,1.0,0,0,0,0,14,4,0
2361,261.40459287600004,196.4499969482422,48.44999694824219,190.10000610351562,416.1000061035156,196.4499969482422,48.44999694824219,190.10000610351562,416.1000061035156,nan,nan,nan,nan,0.6533474922180176,nan,0,nan,nan,nan,TRACKING,0.06010848599999008,0.0,0.0,11.828550693445932,0,0,0,0.0,0.0,1.0,0,0,0,0,14,4,0
2362,261.47561967900003,196.4499969482422,48.44999694824219,190.10000610351562,416.1000061035156,196.4499969482422,48.44999694824219,190.10000610351562,416.1000061035156,nan,nan,nan,nan,0.676006555557251,nan,0,nan,nan,nan,TRACKING,0.04375296499995329,0.0,0.0,14.079192048107073,0,0,0,0.0,0.0,1.0,0,0,0,0,14,4,0
2363,261.5499142,196.4499969482422,48.44999694824219,190.10000610351562,416.1000061035156,196.4499969482422,48.44999694824219,190.10000610351562,416.1000061035156,nan,nan,nan,nan,0.67093825340271,nan,0,nan,nan,nan,TRACKING,0.0444880899999589,0.0,0.0,13.459942759447769,0,0,0,0.0,0.0,1.0,0,0,0,0,14,4,0
2364,261.628482685,196.4499969482422,54.07496643066406,190.10000610351562,416.1000061035156,196.4499969482422,54.07496643066406,190.10000610351562,416.1000061035156,nan,nan,nan,nan,0.6717419624328613,nan,0,nan,nan,nan,TRACKING,0.05595265900001323,0.0,0.0,12.727749555052936,0,0,0,5.624969482421875,0.007031211853027344,1.0,0,0,0,0,14,4,0
2365,261.714311158,196.4499969482422,54.44999694824219,190.10000610351562,416.1000061035156,196.4499969482422,54.44999694824219,190.10000610351562,416.1000061035156,nan,nan,nan,nan,0.701599657535553,nan,0,nan,nan,nan,TRACKING,0.06422050700007276,0.0,0.0,11.651145185818343,0,0,0,0.375030517578125,0.00046878814697265625,1.0,0,0,0,0,14,4,0
2366,261.798612552,202.07496643066406,54.44999694824219,190.10000610351562,416.1000061035156,202.07496643066406,54.44999694824219,190.10000610351562,416.1000061035156,nan,nan,nan,nan,0.6829336881637573,nan,0,nan,nan,nan,TRACKING,0.055338848000019425,0.0,0.0,11.862200048551276,0,0,0,5.624969482421875,0.007031211853027344,1.0,0,0,0,0,14,4,0
2367,261.89155938399995,202.4499969482422,54.44999694824219,190.10000610351562,416.1000061035156,202.4499969482422,54.44999694824219,190.10000610351562,416.1000061035156,nan,nan,nan,nan,0.6665482521057129,nan,0,nan,nan,nan,TRACKING,0.0664154100001042,0.0,0.0,10.758838988731316,0,0,0,0.375030517578125,0.00046878814697265625,1.0,0,0,0,0,14,4,0
2368,261.98412737599995,202.4499969482422,54.44999694824219,190.10000610351562,416.1000061035156,202.4499969482422,54.44999694824219,190.10000610351562,416.1000061035156,nan,nan,nan,nan,0.6744886636734009,nan,0,nan,nan,nan,TRACKING,0.06904962900000555,0.0,0.0,10.802870175686724,0,0,0,0.0,0.0,1.0,0,0,0,0,14,4,0
2369,262.061075232,202.4499969482422,54.44999694824219,190.10000610351562,416.1000061035156,202.4499969482422,54.44999694824219,190.10000610351562,416.1000061035156,nan,nan,nan,nan,0.6860718727111816,nan,0,nan,nan,nan,TRACKING,0.052886209999996936,0.0,0.0,12.995813684519176,0,0,0,0.0,0.0,1.0,0,0,0,0,14,4,0
2370,262.410322134,202.4499969482422,54.44999694824219,190.10000610351562,416.1000061035156,202.4499969482422,54.44999694824219,190.10000610351562,416.1000061035156,240.0,44.0,144.0,434.0,0.7095016241073608,0.976943,1,0.7335909884584039,0.018221724671391562,1.2656908234119177,DETECTOR_CONFIRMED,0.05572925100000248,0.2640984459999345,0.0,2.8633038525850325,0,0,0,0.0,0.0,1.0,0,0,0,0,14,4,0
2371,262.53774142199995,202.4499969482422,54.44999694824219,190.10000610351562,416.1000061035156,202.4499969482422,54.44999694824219,190.10000610351562,416.1000061035156,nan,nan,nan,nan,0.6900891661643982,nan,0,nan,nan,nan,TRACKING,0.09644288599997708,0.0,0.0,7.848105382604684,0,0,0,0.0,0.0,1.0,0,0,0,0,14,4,0
2372,262.603139304,202.4499969482422,54.44999694824219,190.10000610351562,416.1000061035156,202.4499969482422,54.44999694824219,190.10000610351562,416.1000061035156,nan,nan,nan,nan,0.7226065993309021,nan,0,nan,nan,nan,TRACKING,0.042634100999976,0.0,0.0,15.29101508209281,0,0,0,0.0,0.0,1.0,0,0,0,0,14,4,0
2373,262.675437754,202.4499969482422,54.44999694824219,190.10000610351562,416.1000061035156,202.4499969482422,54.44999694824219,190.10000610351562,416.1000061035156,nan,nan,nan,nan,0.7339963912963867,nan,0,nan,nan,nan,TRACKING,0.04586118700001407,0.0,0.0,13.83155517166293,0,0,0,0.0,0.0,1.0,0,0,0,0,14,4,0
2374,262.746159904,202.4499969482422,54.44999694824219,190.10000610351562,416.1000061035156,202.4499969482422,54.44999694824219,190.10000610351562,416.1000061035156,nan,nan,nan,nan,0.7389621138572693,nan,0,nan,nan,nan,TRACKING,0.047869246999994175,0.0,0.0,14.139841619623734,0,0,0,0.0,0.0,1.0,0,0,0,0,14,4,0
2375,262.836053453,202.4499969482422,54.44999694824219,190.10000610351562,416.1000061035156,202.4499969482422,54.44999694824219,190.10000610351562,416.1000061035156,nan,nan,nan,nan,0.7330876588821411,nan,0,nan,nan,nan,TRACKING,0.05839537700001074,0.0,0.0,11.12426877261818,0,0,0,0.0,0.0,1.0,0,0,0,0,14,4,0
2376,262.902065666,202.4499969482422,54.44999694824219,190.10000610351562,416.1000061035156,202.4499969482422,54.44999694824219,190.10000610351562,416.1000061035156,nan,nan,nan,nan,0.7494072914123535,nan,0,nan,nan,nan,TRACKING,0.04362888599996495,0.0,0.0,15.148711951221355,0,0,0,0.0,0.0,1.0,0,0,0,0,14,4,0
2377,262.973924646,202.4499969482422,54.44999694824219,190.10000610351562,416.1000061035156,202.4499969482422,54.44999694824219,190.10000610351562,416.1000061035156,nan,nan,nan,nan,0.7414942383766174,nan,0,nan,nan,nan,TRACKING,0.04805910900006438,0.0,0.0,13.916145205511894,0,0,0,0.0,0.0,1.0,0,0,0,0,14,4,0
2378,263.056448154,202.4499969482422,54.44999694824219,190.10000610351562,416.1000061035156,202.4499969482422,54.44999694824219,190.10000610351562,416.1000061035156,nan,nan,nan,nan,0.7285977602005005,nan,0,nan,nan,nan,TRACKING,0.058439235000037115,0.0,0.0,12.117759220801643,0,0,0,0.0,0.0,1.0,0,0,0,0,14,4,0
2379,263.13770310099994,202.4499969482422,54.44999694824219,190.10000610351562,416.1000061035156,202.4499969482422,54.44999694824219,190.10000610351562,416.1000061035156,nan,nan,nan,nan,0.7125356793403625,nan,0,nan,nan,nan,TRACKING,0.05139354900006765,0.0,0.0,12.306942985278333,0,0,0,0.0,0.0,1.0,0,0,0,0,14,4,0
2380,263.212846828,202.4499969482422,54.44999694824219,190.10000610351562,416.1000061035156,202.4499969482422,54.44999694824219,190.10000610351562,416.1000061035156,nan,nan,nan,nan,0.712719738483429,nan,0,nan,nan,nan,TRACKING,0.04824746099995991,0.0,0.0,13.307830738806668,0,0,0,0.0,0.0,1.0,0,0,0,0,14,4,0
2381,263.28441534800004,202.4499969482422,54.44999694824219,190.10000610351562,416.1000061035156,202.4499969482422,54.44999694824219,190.10000610351562,416.1000061035156,nan,nan,nan,nan,0.7112036943435669,nan,0,nan,nan,nan,TRACKING,0.044912434000025314,0.0,0.0,13.972623717796717,0,0,0,0.0,0.0,1.0,0,0,0,0,14,4,0
2382,263.358700615,202.4499969482422,54.44999694824219,190.10000610351562,416.1000061035156,202.4499969482422,54.44999694824219,190.10000610351562,416.1000061035156,nan,nan,nan,nan,0.7141093015670776,nan,0,nan,nan,nan,TRACKING,0.05095073300003605,0.0,0.0,13.461619516032085,0,0,0,0.0,0.0,1.0,0,0,0,0,14,4,0
2383,263.438904837,202.4499969482422,54.44999694824219,190.10000610351562,416.1000061035156,202.4499969482422,54.44999694824219,190.10000610351562,416.1000061035156,nan,nan,nan,nan,0.7179436683654785,nan,0,nan,nan,nan,TRACKING,0.05568363599991244,0.0,0.0,12.468171563334245,0,0,0,0.0,0.0,1.0,0,0,0,0,14,4,0
2384,263.539839022,202.4499969482422,54.44999694824219,190.10000610351562,416.1000061035156,202.4499969482422,54.44999694824219,190.10000610351562,416.1000061035156,nan,nan,nan,nan,0.7214817404747009,nan,0,nan,nan,nan,TRACKING,0.0624660059999087,0.0,0.0,9.907446124419788,0,0,0,0.0,0.0,1.0,0,0,0,0,14,4,0
2385,263.87915821,202.4499969482422,54.44999694824219,190.10000610351562,416.1000061035156,202.4499969482422,54.44999694824219,190.10000610351562,416.1000061035156,241.0,46.0,147.0,431.0,0.7095836400985718,0.98331,1,0.7524420478048723,0.021286732957408003,1.2484905172270027,DETECTOR_CONFIRMED,0.03811340400000063,0.27602638400003343,0.0,2.9470776642316743,0,0,0,0.0,0.0,1.0,0,0,0,0,14,4,0
2386,263.96436484000003,202.4499969482422,54.44999694824219,190.10000610351562,416.1000061035156,202.4499969482422,54.44999694824219,190.10000610351562,416.1000061035156,nan,nan,nan,nan,0.7108476161956787,nan,0,nan,nan,nan,TRACKING,0.05698417700000391,0.0,0.0,11.736175929030543,0,0,0,0.0,0.0,1.0,0,0,0,0,14,4,0
2387,264.034741347,202.4499969482422,54.44999694824219,190.10000610351562,416.1000061035156,202.4499969482422,54.44999694824219,190.10000610351562,416.1000061035156,nan,nan,nan,nan,0.7055899500846863,nan,0,nan,nan,nan,TRACKING,0.04567616300005284,0.0,0.0,14.209287198640267,0,0,0,0.0,0.0,1.0,0,0,0,0,14,4,0
2388,264.11546671300005,202.4499969482422,54.44999694824219,190.10000610351562,416.1000061035156,202.4499969482422,54.44999694824219,190.10000610351562,416.1000061035156,nan,nan,nan,nan,0.6986996531486511,nan,0,nan,nan,nan,TRACKING,0.0575037579999389,0.0,0.0,12.387679976572667,0,0,0,0.0,0.0,1.0,0,0,0,0,14,4,0
2389,264.18991558999994,202.4499969482422,54.44999694824219,190.10000610351562,416.1000061035156,202.4499969482422,54.44999694824219,190.10000610351562,416.1000061035156,nan,nan,nan,nan,0.6921659708023071,nan,0,nan,nan,nan,TRACKING,0.05142708000005314,0.0,0.0,13.432036053430428,0,0,0,0.0,0.0,1.0,0,0,0,0,14,4,0
2390,264.261371263,202.4499969482422,54.44999694824219,190.10000610351562,416.1000061035156,202.4499969482422,54.44999694824219,190.10000610351562,416.1000061035156,nan,nan,nan,nan,0.711574137210846,nan,0,nan,nan,nan,TRACKING,0.0478903859999491,0.0,0.0,13.994690106678686,0,0,0,0.0,0.0,1.0,0,0,0,0,14,4,0
2391,264.335930643,202.4499969482422,54.44999694824219,190.10000610351562,416.1000061035156,202.4499969482422,54.44999694824219,190.10000610351562,416.1000061035156,nan,nan,nan,nan,0.6765899062156677,nan,0,nan,nan,nan,TRACKING,0.051284086000009665,0.0,0.0,13.412128695279332,0,0,0,0.0,0.0,1.0,0,0,0,0,14,4,0
2392,264.40219167099997,202.4499969482422,54.44999694824219,190.10000610351562,416.1000061035156,202.4499969482422,54.44999694824219,190.10000610351562,416.1000061035156,nan,nan,nan,nan,0.672435462474823,nan,0,nan,nan,nan,TRACKING,0.04321759100002964,0.0,0.0,15.091827431355595,0,0,0,0.0,0.0,1.0,0,0,0,0,14,4,0
2393,264.47763617399994,202.4499969482422,54.44999694824219,190.10000610351562,416.1000061035156,202.4499969482422,54.44999694824219,190.10000610351562,416.1000061035156,nan,nan,nan,nan,0.6806607842445374,nan,0,nan,nan,nan,TRACKING,0.051777049000065745,0.0,0.0,13.254776163087422,0,0,0,0.0,0.0,1.0,0,0,0,0,14,4,0
2394,264.58218844,208.07496643066406,54.44999694824219,190.10000610351562,416.1000061035156,208.07496643066406,54.44999694824219,190.10000610351562,416.1000061035156,nan,nan,nan,nan,0.6791285276412964,nan,0,nan,nan,nan,TRACKING,0.07847343599996748,0.0,0.0,9.564594228876903,0,0,0,5.624969482421875,0.007031211853027344,1.0,0,0,0,0,14,4,0
2395,264.64880043899996,208.4499969482422,54.44999694824219,190.10000610351562,416.1000061035156,208.4499969482422,54.44999694824219,190.10000610351562,416.1000061035156,nan,nan,nan,nan,0.7181587815284729,nan,0,nan,nan,nan,TRACKING,0.0429181360000257,0.0,0.0,15.012310319652563,0,0,0,0.375030517578125,0.00046878814697265625,1.0,0,0,0,0,14,4,0
2396,264.77708802999996,208.4499969482422,54.44999694824219,190.10000610351562,416.1000061035156,208.4499969482422,54.44999694824219,190.10000610351562,416.1000061035156,nan,nan,nan,nan,0.7075290083885193,nan,0,nan,nan,nan,TRACKING,0.09392860200000541,0.0,0.0,7.794986188492516,0,0,0,0.0,0.0,1.0,0,0,0,0,14,4,0
2397,264.83467177599994,208.4499969482422,54.44999694824219,190.10000610351562,416.1000061035156,208.4499969482422,54.44999694824219,190.10000610351562,416.1000061035156,nan,nan,nan,nan,0.7080555558204651,nan,0,nan,nan,nan,TRACKING,0.03487768500008315,0.0,0.0,17.36601158251133,0,0,0,0.0,0.0,1.0,0,0,0,0,14,4,0
2398,264.900114549,208.4499969482422,54.44999694824219,190.10000610351562,416.1000061035156,208.4499969482422,54.44999694824219,190.10000610351562,416.1000061035156,nan,nan,nan,nan,0.7282812595367432,nan,0,nan,nan,nan,TRACKING,0.04199690300004022,0.0,0.0,15.280526086489083,0,0,0,0.0,0.0,1.0,0,0,0,0,14,4,0
2399,264.98223291499994,208.4499969482422,54.44999694824219,190.10000610351562,416.1000061035156,208.4499969482422,54.44999694824219,190.10000610351562,416.1000061035156,nan,nan,nan,nan,0.7170020937919617,nan,0,nan,nan,nan,TRACKING,0.047655303999931675,0.0,0.0,12.177543815241044,0,0,0,0.0,0.0,1.0,0,0,0,0,14,4,0
2400,265.34843418799994,202.8250274658203,54.44999694824219,190.10000610351562,416.1000061035156,202.8250274658203,54.44999694824219,190.10000610351562,416.1000061035156,254.0,43.0,129.0,437.0,0.7527120113372803,0.949994,1,0.6562232011047796,0.02581149714004745,1.403164878575758,DETECTOR_CONFIRMED,0.07200172900002144,0.2689713180000126,0.0,2.730738732303631,0,0,0,5.624969482421875,0.007031211853027344,1.0,0,0,0,0,14,4,0
2401,265.41294444999994,202.4499969482422,54.44999694824219,190.10000610351562,416.1000061035156,202.4499969482422,54.44999694824219,190.10000610351562,416.1000061035156,nan,nan,nan,nan,0.7551361322402954,nan,0,nan,nan,nan,TRACKING,0.04112536299999192,0.0,0.0,15.501409682695405,0,0,0,0.375030517578125,0.00046878814697265625,1.0,0,0,0,0,14,4,0
2402,265.48549556800003,202.4499969482422,54.44999694824219,190.10000610351562,416.1000061035156,202.4499969482422,54.44999694824219,190.10000610351562,416.1000061035156,nan,nan,nan,nan,0.7536208629608154,nan,0,nan,nan,nan,TRACKING,0.04381024999997862,0.0,0.0,13.783385116115365,0,0,0,0.0,0.0,1.0,0,0,0,0,14,4,0
2403,265.54686657699995,202.4499969482422,54.44999694824219,190.10000610351562,416.1000061035156,202.4499969482422,54.44999694824219,190.10000610351562,416.1000061035156,nan,nan,nan,nan,0.7512862682342529,nan,0,nan,nan,nan,TRACKING,0.03768404999993891,0.0,0.0,16.294338585852742,0,0,0,0.0,0.0,1.0,0,0,0,0,14,4,0
2404,265.61937842199995,202.4499969482422,54.44999694824219,190.10000610351562,416.1000061035156,202.4499969482422,54.44999694824219,190.10000610351562,416.1000061035156,nan,nan,nan,nan,0.7591874003410339,nan,0,nan,nan,nan,TRACKING,0.04423455999994985,0.0,0.0,13.790850308661808,0,0,0,0.0,0.0,1.0,0,0,0,0,14,4,0
2405,265.69079880899994,202.4499969482422,54.44999694824219,190.10000610351562,416.1000061035156,202.4499969482422,54.44999694824219,190.10000610351562,416.1000061035156,nan,nan,nan,nan,0.7594573497772217,nan,0,nan,nan,nan,TRACKING,0.04779275799990046,0.0,0.0,14.001604331829666,0,0,0,0.0,0.0,1.0,0,0,0,0,14,4,0
2406,265.759368826,202.4499969482422,54.44999694824219,190.10000610351562,416.1000061035156,202.4499969482422,54.44999694824219,190.10000610351562,416.1000061035156,nan,nan,nan,nan,0.7520765662193298,nan,0,nan,nan,nan,TRACKING,0.04476080799997817,0.0,0.0,14.583633543491445,0,0,0,0.0,0.0,1.0,0,0,0,0,14,4,0
2407,265.85115054799996,202.4499969482422,54.44999694824219,190.10000610351562,416.1000061035156,202.4499969482422,54.44999694824219,190.10000610351562,416.1000061035156,nan,nan,nan,nan,0.7579756379127502,nan,0,nan,nan,nan,TRACKING,0.06304481199993006,0.0,0.0,10.895415538188946,0,0,0,0.0,0.0,1.0,0,0,0,0,14,4,0
2408,265.945801966,202.4499969482422,54.44999694824219,190.10000610351562,416.1000061035156,202.4499969482422,54.44999694824219,190.10000610351562,416.1000061035156,nan,nan,nan,nan,0.7516452670097351,nan,0,nan,nan,nan,TRACKING,0.05849261399998795,0.0,0.0,10.565082078325242,0,0,0,0.0,0.0,1.0,0,0,0,0,14,4,0
2409,266.015635226,202.4499969482422,54.44999694824219,190.10000610351562,416.1000061035156,202.4499969482422,54.44999694824219,190.10000610351562,416.1000061035156,nan,nan,nan,nan,0.7425007820129395,nan,0,nan,nan,nan,TRACKING,0.04674302399996577,0.0,0.0,14.319824106737396,0,0,0,0.0,0.0,1.0,0,0,0,0,14,4,0
2410,266.08307446000003,202.4499969482422,54.44999694824219,190.10000610351562,416.1000061035156,202.4499969482422,54.44999694824219,190.10000610351562,416.1000061035156,nan,nan,nan,nan,0.7302340865135193,nan,0,nan,nan,nan,TRACKING,0.03978685200002019,0.0,0.0,14.828163676934365,0,0,0,0.0,0.0,1.0,0,0,0,0,14,4,0
2411,266.15871342,202.4499969482422,54.44999694824219,190.10000610351562,416.1000061035156,202.4499969482422,54.44999694824219,190.10000610351562,416.1000061035156,nan,nan,nan,nan,0.734255850315094,nan,0,nan,nan,nan,TRACKING,0.045478999000010845,0.0,0.0,13.22070002020262,0,0,0,0.0,0.0,1.0,0,0,0,0,14,4,0
2412,266.23083861299995,202.4499969482422,54.44999694824219,190.10000610351562,416.1000061035156,202.4499969482422,54.44999694824219,190.10000610351562,416.1000061035156,nan,nan,nan,nan,0.7338870763778687,nan,0,nan,nan,nan,TRACKING,0.04745866400003251,0.0,0.0,13.864780923374607,0,0,0,0.0,0.0,1.0,0,0,0,0,14,4,0
2413,266.297966952,202.4499969482422,54.44999694824219,190.10000610351562,416.1000061035156,202.4499969482422,54.44999694824219,190.10000610351562,416.1000061035156,nan,nan,nan,nan,0.728773295879364,nan,0,nan,nan,nan,TRACKING,0.0414182230000506,0.0,0.0,14.896838129703116,0,0,0,0.0,0.0,1.0,0,0,0,0,14,4,0
2414,266.366374006,202.4499969482422,54.44999694824219,190.10000610351562,416.1000061035156,202.4499969482422,54.44999694824219,190.10000610351562,416.1000061035156,nan,nan,nan,nan,0.7305604219436646,nan,0,nan,nan,nan,TRACKING,0.04526855999995405,0.0,0.0,14.618375467540849,0,0,0,0.0,0.0,1.0,0,0,0,0,14,4,0
2415,266.79471194199994,202.4499969482422,54.44999694824219,190.10000610351562,416.1000061035156,202.4499969482422,54.44999694824219,190.10000610351562,416.1000061035156,250.0,40.0,130.0,440.0,0.7330097556114197,0.953287,1,0.6580047623446299,0.02209708691207961,1.3828778618872588,DETECTOR_CONFIRMED,0.03942213500010894,0.3651221439999972,0.0,2.334605263635003,0,0,0,0.0,0.0,1.0,0,0,0,0,14,4,0
2416,266.863986889,202.4499969482422,54.44999694824219,190.10000610351562,416.1000061035156,202.4499969482422,54.44999694824219,190.10000610351562,416.1000061035156,nan,nan,nan,nan,0.7164940237998962,nan,0,nan,nan,nan,TRACKING,0.04039883899997676,0.0,0.0,14.435232985443166,0,0,0,0.0,0.0,1.0,0,0,0,0,14,4,0
2417,266.932743663,202.4499969482422,54.44999694824219,190.10000610351562,416.1000061035156,202.4499969482422,54.44999694824219,190.10000610351562,416.1000061035156,nan,nan,nan,nan,0.713952362537384,nan,0,nan,nan,nan,TRACKING,0.04292662500006372,0.0,0.0,14.544021509791722,0,0,0,0.0,0.0,1.0,0,0,0,0,14,4,0
2418,267.002811391,202.4499969482422,54.44999694824219,190.10000610351562,416.1000061035156,202.4499969482422,54.44999694824219,190.10000610351562,416.1000061035156,nan,nan,nan,nan,0.7038619518280029,nan,0,nan,nan,nan,TRACKING,0.04693600600000991,0.0,0.0,14.271905605382605,0,0,0,0.0,0.0,1.0,0,0,0,0,14,4,0
2419,267.075401696,202.4499969482422,54.44999694824219,190.10000610351562,416.1000061035156,202.4499969482422,54.44999694824219,190.10000610351562,416.1000061035156,nan,nan,nan,nan,0.7023205757141113,nan,0,nan,nan,nan,TRACKING,0.04810512500000641,0.0,0.0,13.775944322051071,0,0,0,0.0,0.0,1.0,0,0,0,0,14,4,0
2420,267.14439271000003,202.4499969482422,54.44999694824219,190.10000610351562,416.1000061035156,202.4499969482422,54.44999694824219,190.10000610351562,416.1000061035156,nan,nan,nan,nan,0.7147583365440369,nan,0,nan,nan,nan,TRACKING,0.04656440900009784,0.0,0.0,14.494641287619007,0,0,0,0.0,0.0,1.0,0,0,0,0,14,4,0
2421,267.25938282100003,202.4499969482422,54.44999694824219,190.10000610351562,416.1000061035156,202.4499969482422,54.44999694824219,190.10000610351562,416.1000061035156,nan,nan,nan,nan,0.7190441489219666,nan,0,nan,nan,nan,TRACKING,0.09430809499997395,0.0,0.0,8.696399988691402,0,0,0,0.0,0.0,1.0,0,0,0,0,14,4,0
2422,267.32217992100004,202.4499969482422,54.44999694824219,190.10000610351562,416.1000061035156,202.4499969482422,54.44999694824219,190.10000610351562,416.1000061035156,nan,nan,nan,nan,0.742382287979126,nan,0,nan,nan,nan,TRACKING,0.03970315499998378,0.0,0.0,15.924302236883795,0,0,0,0.0,0.0,1.0,0,0,0,0,14,4,0
2423,267.399803359,202.4499969482422,54.44999694824219,190.10000610351562,416.1000061035156,202.4499969482422,54.44999694824219,190.10000610351562,416.1000061035156,nan,nan,nan,nan,0.749505877494812,nan,0,nan,nan,nan,TRACKING,0.052847062000068945,0.0,0.0,12.882706895833085,0,0,0,0.0,0.0,1.0,0,0,0,0,14,4,0
2424,267.468619431,202.4499969482422,54.44999694824219,190.10000610351562,416.1000061035156,202.4499969482422,54.44999694824219,190.10000610351562,416.1000061035156,nan,nan,nan,nan,0.7415659427642822,nan,0,nan,nan,nan,TRACKING,0.04503457900000285,0.0,0.0,14.531489097487857,0,0,0,0.0,0.0,1.0,0,0,0,0,14,4,0
2425,267.55028532100005,202.4499969482422,54.44999694824219,190.10000610351562,416.1000061035156,202.4499969482422,54.44999694824219,190.10000610351562,416.1000061035156,nan,nan,nan,nan,0.732797384262085,nan,0,nan,nan,nan,TRACKING,0.05545485200002531,0.0,0.0,12.245014411759588,0,0,0,0.0,0.0,1.0,0,0,0,0,14,4,0
2426,267.628816186,202.4499969482422,54.44999694824219,190.10000610351562,416.1000061035156,202.4499969482422,54.44999694824219,190.10000610351562,416.1000061035156,nan,nan,nan,nan,0.7198144197463989,nan,0,nan,nan,nan,TRACKING,0.053721361000043544,0.0,0.0,12.733846749308869,0,0,0,0.0,0.0,1.0,0,0,0,0,14,4,0
2427,267.700056959,202.4499969482422,54.44999694824219,190.10000610351562,416.1000061035156,202.4499969482422,54.44999694824219,190.10000610351562,416.1000061035156,nan,nan,nan,nan,0.7298224568367004,nan,0,nan,nan,nan,TRACKING,0.04815923899991503,0.0,0.0,14.03690552318974,0,0,0,0.0,0.0,1.0,0,0,0,0,14,4,0
2428,267.77379999100003,202.4499969482422,54.44999694824219,190.10000610351562,416.1000061035156,202.4499969482422,54.44999694824219,190.10000610351562,416.1000061035156,nan,nan,nan,nan,0.7417638897895813,nan,0,nan,nan,nan,TRACKING,0.051259677999951236,0.0,0.0,13.560603258074305,0,0,0,0.0,0.0,1.0,0,0,0,0,14,4,0
2429,267.84227634399997,202.4499969482422,54.44999694824219,190.10000610351562,416.1000061035156,202.4499969482422,54.44999694824219,190.10000610351562,416.1000061035156,nan,nan,nan,nan,0.732812762260437,nan,0,nan,nan,nan,TRACKING,0.04598284300004707,0.0,0.0,14.60358147287599,0,0,0,0.0,0.0,1.0,0,0,0,0,14,4,0
2430,268.258936922,202.4499969482422,54.44999694824219,190.10000610351562,416.1000061035156,202.4499969482422,54.44999694824219,190.10000610351562,416.1000061035156,246.0,43.0,133.0,436.0,0.7381113767623901,0.964319,1,0.6769800603411275,0.01884351678960167,1.3640859091527766,DETECTOR_CONFIRMED,0.0490768739999794,0.3404225780000161,0.0,2.4000350712324576,0,0,0,0.0,0.0,1.0,0,0,0,0,14,4,0
2431,268.324806933,202.4499969482422,54.44999694824219,190.10000610351562,416.1000061035156,202.4499969482422,54.44999694824219,190.10000610351562,416.1000061035156,nan,nan,nan,nan,0.7376052737236023,nan,0,nan,nan,nan,TRACKING,0.04278932299996541,0.0,0.0,15.181415409202916,0,0,0,0.0,0.0,1.0,0,0,0,0,14,4,0
2432,268.412727979,202.4499969482422,54.44999694824219,190.10000610351562,416.1000061035156,202.4499969482422,54.44999694824219,190.10000610351562,416.1000061035156,nan,nan,nan,nan,0.7240177392959595,nan,0,nan,nan,nan,TRACKING,0.05988831199999822,0.0,0.0,11.373841025501202,0,0,0,0.0,0.0,1.0,0,0,0,0,14,4,0
2433,268.47888117799994,202.4499969482422,54.44999694824219,190.10000610351562,416.1000061035156,202.4499969482422,54.44999694824219,190.10000610351562,416.1000061035156,nan,nan,nan,nan,0.7365174293518066,nan,0,nan,nan,nan,TRACKING,0.039083469000047444,0.0,0.0,15.116426947109469,0,0,0,0.0,0.0,1.0,0,0,0,0,14,4,0
2434,268.549187876,202.4499969482422,54.44999694824219,190.10000610351562,416.1000061035156,202.4499969482422,54.44999694824219,190.10000610351562,416.1000061035156,nan,nan,nan,nan,0.7497836351394653,nan,0,nan,nan,nan,TRACKING,0.045649163999996745,0.0,0.0,14.223395898906304,0,0,0,0.0,0.0,1.0,0,0,0,0,14,4,0
2435,268.62396820699996,202.4499969482422,54.44999694824219,190.10000610351562,416.1000061035156,202.4499969482422,54.44999694824219,190.10000610351562,416.1000061035156,nan,nan,nan,nan,0.751761257648468,nan,0,nan,nan,nan,TRACKING,0.05241461800005709,0.0,0.0,13.372500316971948,0,0,0,0.0,0.0,1.0,0,0,0,0,14,4,0
2436,268.70134944899996,202.4499969482422,54.44999694824219,190.10000610351562,416.1000061035156,202.4499969482422,54.44999694824219,190.10000610351562,416.1000061035156,nan,nan,nan,nan,0.744365394115448,nan,0,nan,nan,nan,TRACKING,0.049226569999973435,0.0,0.0,12.923028555163063,0,0,0,0.0,0.0,1.0,0,0,0,0,14,4,0
2437,268.76776110899993,202.4499969482422,54.44999694824219,190.10000610351562,416.1000061035156,202.4499969482422,54.44999694824219,190.10000610351562,416.1000061035156,nan,nan,nan,nan,0.7435592412948608,nan,0,nan,nan,nan,TRACKING,0.03888954500007458,0.0,0.0,15.05759681357804,0,0,0,0.0,0.0,1.0,0,0,0,0,14,4,0
2438,268.84138498100003,202.4499969482422,54.44999694824219,190.10000610351562,416.1000061035156,202.4499969482422,54.44999694824219,190.10000610351562,416.1000061035156,nan,nan,nan,nan,0.7452865242958069,nan,0,nan,nan,nan,TRACKING,0.04455219099997976,0.0,0.0,13.582551050814935,0,0,0,0.0,0.0,1.0,0,0,0,0,14,4,0
2439,268.922949777,202.4499969482422,54.44999694824219,190.10000610351562,416.1000061035156,202.4499969482422,54.44999694824219,190.10000610351562,416.1000061035156,nan,nan,nan,nan,0.7514069676399231,nan,0,nan,nan,nan,TRACKING,0.05771618899996156,0.0,0.0,12.260191271741597,0,0,0,0.0,0.0,1.0,0,0,0,0,14,4,0
2440,268.994617223,202.4499969482422,54.44999694824219,190.10000610351562,416.1000061035156,202.4499969482422,54.44999694824219,190.10000610351562,416.1000061035156,nan,nan,nan,nan,0.7450383901596069,nan,0,nan,nan,nan,TRACKING,0.04512453299992103,0.0,0.0,13.953336637671013,0,0,0,0.0,0.0,1.0,0,0,0,0,14,4,0
2441,269.07176537099997,202.4499969482422,54.44999694824219,190.10000610351562,416.1000061035156,202.4499969482422,54.44999694824219,190.10000610351562,416.1000061035156,nan,nan,nan,nan,0.7372722029685974,nan,0,nan,nan,nan,TRACKING,0.054324269000062486,0.0,0.0,12.962073956721596,0,0,0,0.0,0.0,1.0,0,0,0,0,14,4,0
2442,269.14231964399994,202.4499969482422,54.44999694824219,190.10000610351562,416.1000061035156,202.4499969482422,54.44999694824219,190.10000610351562,416.1000061035156,nan,nan,nan,nan,0.7320824265480042,nan,0,nan,nan,nan,TRACKING,0.043890152000017224,0.0,0.0,14.17348599142133,0,0,0,0.0,0.0,1.0,0,0,0,0,14,4,0
2443,269.221730235,202.4499969482422,54.44999694824219,190.10000610351562,416.1000061035156,202.4499969482422,54.44999694824219,190.10000610351562,416.1000061035156,nan,nan,nan,nan,0.7309010624885559,nan,0,nan,nan,nan,TRACKING,0.05133993799995551,0.0,0.0,12.59277871385321,0,0,0,0.0,0.0,1.0,0,0,0,0,14,4,0
2444,269.28537027999994,202.4499969482422,54.44999694824219,190.10000610351562,416.1000061035156,202.4499969482422,54.44999694824219,190.10000610351562,416.1000061035156,nan,nan,nan,nan,0.7505773305892944,nan,0,nan,nan,nan,TRACKING,0.040527233999910095,0.0,0.0,15.713376695458006,0,0,0,0.0,0.0,1.0,0,0,0,0,14,4,0
2445,269.625318793,202.4499969482422,54.44999694824219,190.10000610351562,416.1000061035156,202.4499969482422,54.44999694824219,190.10000610351562,416.1000061035156,248.0,42.0,129.0,433.0,0.7511563301086426,0.94439,1,0.6603891484696136,0.01940521837032503,1.4161271407335019,DETECTOR_CONFIRMED,0.06363503399995807,0.24601271099993482,0.0,2.9416219273174495,0,0,0,0.0,0.0,1.0,0,0,0,0,14,4,0
2446,269.73810778200004,202.4499969482422,54.44999694824219,190.10000610351562,416.1000061035156,202.4499969482422,54.44999694824219,190.10000610351562,416.1000061035156,nan,nan,nan,nan,0.7440195679664612,nan,0,nan,nan,nan,TRACKING,0.0888144090000651,0.0,0.0,8.86611369483765,0,0,0,0.0,0.0,1.0,0,0,0,0,14,4,0
2447,269.81329972899994,202.4499969482422,54.44999694824219,190.10000610351562,416.1000061035156,202.4499969482422,54.44999694824219,190.10000610351562,416.1000061035156,nan,nan,nan,nan,0.7473331689834595,nan,0,nan,nan,nan,TRACKING,0.04423940299989226,0.0,0.0,13.299296532398767,0,0,0,0.0,0.0,1.0,0,0,0,0,14,4,0
2448,269.88870190399996,202.4499969482422,54.44999694824219,190.10000610351562,416.1000061035156,202.4499969482422,54.44999694824219,190.10000610351562,416.1000061035156,nan,nan,nan,nan,0.7523991465568542,nan,0,nan,nan,nan,TRACKING,0.04577714399999877,0.0,0.0,13.262216905542953,0,0,0,0.0,0.0,1.0,0,0,0,0,14,4,0
2449,269.95552268999995,202.4499969482422,54.44999694824219,190.10000610351562,416.1000061035156,202.4499969482422,54.44999694824219,190.10000610351562,416.1000061035156,nan,nan,nan,nan,0.7327747941017151,nan,0,nan,nan,nan,TRACKING,0.04373982699996759,0.0,0.0,14.965403130697862,0,0,0,0.0,0.0,1.0,0,0,0,0,14,4,0
2450,270.02783808000004,202.4499969482422,54.44999694824219,190.10000610351562,416.1000061035156,202.4499969482422,54.44999694824219,190.10000610351562,416.1000061035156,nan,nan,nan,nan,0.7505106329917908,nan,0,nan,nan,nan,TRACKING,0.04883194700005333,0.0,0.0,13.828315106906306,0,0,0,0.0,0.0,1.0,0,0,0,0,14,4,0
2451,270.094893835,202.4499969482422,54.44999694824219,190.10000610351562,416.1000061035156,202.4499969482422,54.44999694824219,190.10000610351562,416.1000061035156,nan,nan,nan,nan,0.7506638765335083,nan,0,nan,nan,nan,TRACKING,0.04387020299998312,0.0,0.0,14.912963100641546,0,0,0,0.0,0.0,1.0,0,0,0,0,14,4,0
2452,270.15767848099995,202.4499969482422,54.44999694824219,190.10000610351562,416.1000061035156,202.4499969482422,54.44999694824219,190.10000610351562,416.1000061035156,nan,nan,nan,nan,0.7668504118919373,nan,0,nan,nan,nan,TRACKING,0.038245223999979316,0.0,0.0,15.927460991031522,0,0,0,0.0,0.0,1.0,0,0,0,0,14,4,0
2453,270.22930490299996,202.4499969482422,54.44999694824219,190.10000610351562,416.1000061035156,202.4499969482422,54.44999694824219,190.10000610351562,416.1000061035156,nan,nan,nan,nan,0.79032301902771,nan,0,nan,nan,nan,TRACKING,0.0457505269999956,0.0,0.0,13.961328404759376,0,0,0,0.0,0.0,1.0,0,0,0,0,14,4,0
2454,270.29578886900003,202.4499969482422,54.44999694824219,190.10000610351562,416.1000061035156,202.4499969482422,54.44999694824219,190.10000610351562,416.1000061035156,nan,nan,nan,nan,0.7843037247657776,nan,0,nan,nan,nan,TRACKING,0.04223774800004776,0.0,0.0,15.041220615491362,0,0,0,0.0,0.0,1.0,0,0,0,0,14,4,0
2455,270.36196405399994,202.4499969482422,54.44999694824219,190.10000610351562,416.1000061035156,202.4499969482422,54.44999694824219,190.10000610351562,416.1000061035156,nan,nan,nan,nan,0.7755063772201538,nan,0,nan,nan,nan,TRACKING,0.04382155500002227,0.0,0.0,15.111404675353983,0,0,0,0.0,0.0,1.0,0,0,0,0,14,4,0
2456,270.42491431999997,202.4499969482422,54.44999694824219,190.10000610351562,416.1000061035156,202.4499969482422,54.44999694824219,190.10000610351562,416.1000061035156,nan,nan,nan,nan,0.7861643433570862,nan,0,nan,nan,nan,TRACKING,0.03988589799996589,0.0,0.0,15.88555638509178,0,0,0,0.0,0.0,1.0,0,0,0,0,14,4,0
2457,270.512482268,196.8250274658203,54.44999694824219,190.10000610351562,416.1000061035156,196.8250274658203,54.44999694824219,190.10000610351562,416.1000061035156,nan,nan,nan,nan,0.7475224733352661,nan,0,nan,nan,nan,TRACKING,0.05765542599999662,0.0,0.0,11.419703474150555,0,0,0,5.624969482421875,0.007031211853027344,1.0,0,0,0,0,14,4,0
2458,270.593844932,196.4499969482422,54.44999694824219,190.10000610351562,416.1000061035156,196.4499969482422,54.44999694824219,190.10000610351562,416.1000061035156,nan,nan,nan,nan,0.7639378905296326,nan,0,nan,nan,nan,TRACKING,0.052180675000045085,0.0,0.0,12.290649676853214,0,0,0,0.375030517578125,0.00046878814697265625,1.0,0,0,0,0,14,4,0
2459,270.670774863,190.8250274658203,54.44999694824219,190.10000610351562,416.1000061035156,190.8250274658203,54.44999694824219,190.10000610351562,416.1000061035156,nan,nan,nan,nan,0.7176048159599304,nan,0,nan,nan,nan,TRACKING,0.0542630969999891,0.0,0.0,12.998841764203108,0,0,0,5.624969482421875,0.007031211853027344,1.0,0,0,0,0,14,4,0
2460,271.03574242599996,190.4499969482422,54.44999694824219,190.10000610351562,416.1000061035156,190.4499969482422,54.44999694824219,190.10000610351562,416.1000061035156,208.0,50.0,170.0,426.0,0.681221067905426,0.949047,1,0.8756355244132604,0.009395810236483067,1.092248186964253,DETECTOR_CONFIRMED,0.05417022399990401,0.28484479899998405,0.0,2.739969524360646,0,0,0,0.375030517578125,0.00046878814697265625,1.0,0,0,0,0,14,4,0
2461,271.118794665,184.8250274658203,48.82502746582031,190.10000610351562,416.1000061035156,184.8250274658203,48.82502746582031,190.10000610351562,416.1000061035156,nan,nan,nan,nan,0.563243567943573,nan,0,nan,nan,nan,TRACKING,0.0602706559999433,0.0,0.0,12.040614582341632,0,0,0,7.9549081299757844,0.009943635162469731,1.0,0,0,0,0,14,4,0
2462,271.202664841,190.07496643066406,48.44999694824219,190.10000610351562,416.1000061035156,190.07496643066406,48.44999694824219,190.10000610351562,416.1000061035156,nan,nan,nan,nan,0.515173077583313,nan,0,nan,nan,nan,TRACKING,0.05433810299996367,0.0,0.0,11.923189477984899,0,0,0,5.263317112211612,0.006579146390264515,1.0,0,0,0,0,14,4,0
2463,271.514457107,190.4499969482422,48.44999694824219,190.10000610351562,416.1000061035156,163.50749893188475,44.90749893188476,177.68500213623048,426.4350021362305,149.0,43.0,171.0,432.0,0.4821065366268158,0.828681,1,0.5441351314573316,0.0638265471806207,1.0707793710736302,SOFT_REINITIALIZING,0.04432977400006166,0.23037830099997336,0.0,3.2072636464947064,1,0,0,0.375030517578125,0.00046878814697265625,1.0,0,0,0,0,15,4,0
2464,271.54716171200005,163.50749893188475,44.90749893188476,177.68500213623048,426.4350021362305,163.50749893188475,44.90749893188476,177.68500213623048,426.4350021362305,nan,nan,nan,nan,,nan,0,nan,nan,nan,INITIALIZING,0.0,0.0,0.0,30.576733765734254,0,0,0,0.0,0.0,1.0,0,0,0,0,15,4,0
2465,271.58862801500004,163.50749893188475,44.90749893188476,177.68500213623048,426.4350021362305,163.50749893188475,44.90749893188476,177.68500213623048,426.4350021362305,nan,nan,nan,nan,,nan,0,nan,nan,nan,INITIALIZING,0.0,0.0,0.0,24.115967126371785,0,0,0,0.0,0.0,1.0,0,0,0,0,15,4,0
2466,271.623144079,163.50749893188475,44.90749893188476,177.68500213623048,426.4350021362305,163.50749893188475,44.90749893188476,177.68500213623048,426.4350021362305,nan,nan,nan,nan,,nan,0,nan,nan,nan,INITIALIZING,0.0,0.0,0.0,28.9720172033983,0,0,0,0.0,0.0,1.0,0,0,0,0,15,4,0
2467,271.65409473,163.50749893188475,44.90749893188476,177.68500213623048,426.4350021362305,163.50749893188475,44.90749893188476,177.68500213623048,426.4350021362305,nan,nan,nan,nan,,nan,0,nan,nan,nan,INITIALIZING,0.0,0.0,0.0,32.309498110382705,0,0,0,0.0,0.0,1.0,0,0,0,0,15,4,0
2468,271.68277752899996,163.50749893188475,44.90749893188476,177.68500213623048,426.4350021362305,163.50749893188475,44.90749893188476,177.68500213623048,426.4350021362305,nan,nan,nan,nan,,nan,0,nan,nan,nan,INITIALIZING,0.0,0.0,0.0,34.86410095476273,0,0,0,0.0,0.0,1.0,0,0,0,0,15,4,0
2469,271.70847163099995,163.50749893188475,44.90749893188476,177.68500213623048,426.4350021362305,163.50749893188475,44.90749893188476,177.68500213623048,426.4350021362305,nan,nan,nan,nan,,nan,0,nan,nan,nan,INITIALIZING,0.0,0.0,0.0,38.91943762037082,0,0,0,0.0,0.0,1.0,0,0,0,0,15,4,0
2470,271.73390675199994,163.50749893188475,44.90749893188476,177.68500213623048,426.4350021362305,163.50749893188475,44.90749893188476,177.68500213623048,426.4350021362305,nan,nan,nan,nan,,nan,0,nan,nan,nan,INITIALIZING,0.0,0.0,0.0,39.315716249217736,0,0,0,0.0,0.0,1.0,0,0,0,0,15,4,0
2471,271.77647872299997,163.50749893188475,44.90749893188476,177.68500213623048,426.4350021362305,163.50749893188475,44.90749893188476,177.68500213623048,426.4350021362305,nan,nan,nan,nan,,nan,0,nan,nan,nan,INITIALIZING,0.0,0.0,0.0,23.489633590122224,0,0,0,0.0,0.0,1.0,0,0,0,0,15,4,0
2472,272.00306987299996,163.50749893188475,44.90749893188476,177.68500213623048,426.4350021362305,163.50749893188475,44.90749893188476,177.68500213623048,426.4350021362305,nan,nan,nan,nan,,nan,0,nan,nan,nan,INITIALIZING,0.0,0.0,0.0,4.4132350270522185,0,0,0,0.0,0.0,1.0,0,0,0,0,15,4,0
2473,272.100479618,158.15219116210938,45.282501220703125,177.68499755859375,426.43499755859375,158.15219116210938,45.282501220703125,177.68499755859375,426.43499755859375,nan,nan,nan,nan,0.7819161415100098,nan,0,nan,nan,nan,TRACKING,0.061489080000001195,0.0,0.5079298059999928,10.26591333340917,0,0,0,5.368423495186956,0.006710529368983695,1.0000000364973167,0,0,0,0,15,4,0
2474,272.169872455,157.65750122070312,45.282501220703125,177.68499755859375,426.43499755859375,157.65750122070312,45.282501220703125,177.68499755859375,426.43499755859375,nan,nan,nan,nan,0.7972989082336426,nan,0,nan,nan,nan,TRACKING,0.042921010999975806,0.0,0.0,14.41070927824819,0,0,0,0.49468994140625,0.0006183624267578125,1.0,0,0,0,0,15,4,0
2475,272.53242162000004,157.65750122070312,45.282501220703125,177.68499755859375,426.43499755859375,157.65750122070312,45.282501220703125,177.68499755859375,426.43499755859375,152.0,42.0,164.0,434.0,0.8048242926597595,0.876384,1,0.8501525027075398,0.015637495003996006,1.0645597041151182,DETECTOR_CONFIRMED,0.0508850880000864,0.28371243699996285,0.0,2.758246595327144,0,0,0,0.0,0.0,1.0,0,0,0,0,15,4,0
2476,272.613041696,163.16281127929688,45.282501220703125,177.68499755859375,426.43499755859375,163.16281127929688,45.282501220703125,177.68499755859375,426.43499755859375,nan,nan,nan,nan,0.7617347836494446,nan,0,nan,nan,nan,TRACKING,0.05267882999999074,0.0,0.0,12.403858314406389,0,0,0,5.50531005859375,0.006881637573242188,1.0,0,0,0,0,15,4,0
2477,272.68863274700004,169.16281127929688,45.282501220703125,177.68499755859375,426.43499755859375,169.16281127929688,45.282501220703125,177.68499755859375,426.43499755859375,nan,nan,nan,nan,0.7733475565910339,nan,0,nan,nan,nan,TRACKING,0.052199258999962694,0.0,0.0,13.229079193504024,0,0,0,6.0,0.0075,1.0,0,0,0,0,15,4,0
2478,272.756131075,169.65750122070312,45.282501220703125,177.68499755859375,426.43499755859375,169.65750122070312,45.282501220703125,177.68499755859375,426.43499755859375,nan,nan,nan,nan,0.7597066760063171,nan,0,nan,nan,nan,TRACKING,0.04273178200003258,0.0,0.0,14.815181792367564,0,0,0,0.49468994140625,0.0006183624267578125,1.0,0,0,0,0,15,4,0
2479,272.836537122,169.65750122070312,45.282501220703125,177.68499755859375,426.43499755859375,169.65750122070312,45.282501220703125,177.68499755859375,426.43499755859375,nan,nan,nan,nan,0.7457841634750366,nan,0,nan,nan,nan,TRACKING,0.05042848200002936,0.0,0.0,12.436875549920273,0,0,0,0.0,0.0,1.0,0,0,0,0,15,4,0
2480,272.914805591,169.65750122070312,45.282501220703125,177.68499755859375,426.43499755859375,169.65750122070312,45.282501220703125,177.68499755859375,426.43499755859375,nan,nan,nan,nan,0.7395581603050232,nan,0,nan,nan,nan,TRACKING,0.05052505200001178,0.0,0.0,12.776537126332624,0,0,0,0.0,0.0,1.0,0,0,0,0,15,4,0
2481,272.998763712,169.65750122070312,45.282501220703125,177.68499755859375,426.43499755859375,169.65750122070312,45.282501220703125,177.68499755859375,426.43499755859375,nan,nan,nan,nan,0.7460548281669617,nan,0,nan,nan,nan,TRACKING,0.04610467400004836,0.0,0.0,11.91070009772756,0,0,0,0.0,0.0,1.0,0,0,0,0,15,4,0
2482,273.08215475400004,169.65750122070312,45.282501220703125,177.68499755859375,426.43499755859375,169.65750122070312,45.282501220703125,177.68499755859375,426.43499755859375,nan,nan,nan,nan,0.7372903823852539,nan,0,nan,nan,nan,TRACKING,0.05583936100003939,0.0,0.0,11.991695702756674,0,0,0,0.0,0.0,1.0,0,0,0,0,15,4,0
2483,273.15766053799996,169.65750122070312,45.282501220703125,177.68499755859375,426.43499755859375,169.65750122070312,45.282501220703125,177.68499755859375,426.43499755859375,nan,nan,nan,nan,0.7343177795410156,nan,0,nan,nan,nan,TRACKING,0.04918269799998143,0.0,0.0,13.244018497988458,0,0,0,0.0,0.0,1.0,0,0,0,0,15,4,0
2484,273.243659043,169.65750122070312,45.282501220703125,177.68499755859375,426.43499755859375,169.65750122070312,45.282501220703125,177.68499755859375,426.43499755859375,nan,nan,nan,nan,0.7282126545906067,nan,0,nan,nan,nan,TRACKING,0.06259290799994233,0.0,0.0,11.628109116545245,0,0,0,0.0,0.0,1.0,0,0,0,0,15,4,0
2485,273.32695627500004,169.65750122070312,45.282501220703125,177.68499755859375,426.43499755859375,169.65750122070312,45.282501220703125,177.68499755859375,426.43499755859375,nan,nan,nan,nan,0.7284141778945923,nan,0,nan,nan,nan,TRACKING,0.05961890499997935,0.0,0.0,12.005200845080147,0,0,0,0.0,0.0,1.0,0,0,0,0,15,4,0
2486,273.39221751799994,169.65750122070312,45.282501220703125,177.68499755859375,426.43499755859375,169.65750122070312,45.282501220703125,177.68499755859375,426.43499755859375,nan,nan,nan,nan,0.7386326789855957,nan,0,nan,nan,nan,TRACKING,0.041701960999944276,0.0,0.0,15.323030240193308,0,0,0,0.0,0.0,1.0,0,0,0,0,15,4,0
2487,273.469968409,169.65750122070312,45.282501220703125,177.68499755859375,426.43499755859375,169.65750122070312,45.282501220703125,177.68499755859375,426.43499755859375,nan,nan,nan,nan,0.749287486076355,nan,0,nan,nan,nan,TRACKING,0.049762901999997666,0.0,0.0,12.86158894306882,0,0,0,0.0,0.0,1.0,0,0,0,0,15,4,0
2488,273.54914978700003,169.65750122070312,45.282501220703125,177.68499755859375,426.43499755859375,169.65750122070312,45.282501220703125,177.68499755859375,426.43499755859375,nan,nan,nan,nan,0.7475029230117798,nan,0,nan,nan,nan,TRACKING,0.05393486900004518,0.0,0.0,12.629232090396885,0,0,0,0.0,0.0,1.0,0,0,0,0,15,4,0
2489,273.62085985499994,169.65750122070312,45.282501220703125,177.68499755859375,426.43499755859375,169.65750122070312,45.282501220703125,177.68499755859375,426.43499755859375,nan,nan,nan,nan,0.7473763227462769,nan,0,nan,nan,nan,TRACKING,0.04736379300004501,0.0,0.0,13.945043253917502,0,0,0,0.0,0.0,1.0,0,0,0,0,15,4,0
2490,273.948467533,169.65750122070312,45.282501220703125,177.68499755859375,426.43499755859375,169.65750122070312,45.282501220703125,177.68499755859375,426.43499755859375,nan,nan,nan,nan,0.746982991695404,nan,0,nan,nan,nan,SUSPECTED_LOST,0.05047968199994557,0.2470782699999745,0.0,3.052431512303717,0,0,0,0.0,0.0,1.0,0,0,0,0,15,4,0
2491,274.020120982,169.65750122070312,45.282501220703125,177.68499755859375,426.43499755859375,169.65750122070312,45.282501220703125,177.68499755859375,426.43499755859375,nan,nan,nan,nan,0.7250401973724365,nan,0,nan,nan,nan,TRACKING,0.04206303299997671,0.0,0.0,13.956062324369876,0,0,0,0.0,0.0,1.0,0,0,0,0,15,4,0
2492,274.089059463,175.16281127929688,45.282501220703125,177.68499755859375,426.43499755859375,175.16281127929688,45.282501220703125,177.68499755859375,426.43499755859375,nan,nan,nan,nan,0.7188204526901245,nan,0,nan,nan,nan,TRACKING,0.04567130600003111,0.0,0.0,14.505686599035105,0,0,0,5.50531005859375,0.006881637573242188,1.0,0,0,0,0,15,4,0
2493,274.152614364,175.65750122070312,45.282501220703125,177.68499755859375,426.43499755859375,175.65750122070312,45.282501220703125,177.68499755859375,426.43499755859375,nan,nan,nan,nan,0.7222613096237183,nan,0,nan,nan,nan,TRACKING,0.0407217210000681,0.0,0.0,15.734427782373446,0,0,0,0.49468994140625,0.0006183624267578125,1.0,0,0,0,0,15,4,0
2494,274.22643721500003,175.65750122070312,45.282501220703125,177.68499755859375,426.43499755859375,175.65750122070312,45.282501220703125,177.68499755859375,426.43499755859375,nan,nan,nan,nan,0.7022398114204407,nan,0,nan,nan,nan,TRACKING,0.05041535300006217,0.0,0.0,13.545941215402062,0,0,0,0.0,0.0,1.0,0,0,0,0,15,4,0
2495,274.30872460399996,175.65750122070312,45.282501220703125,177.68499755859375,426.43499755859375,175.65750122070312,45.282501220703125,177.68499755859375,426.43499755859375,nan,nan,nan,nan,0.7081519365310669,nan,0,nan,nan,nan,TRACKING,0.0507532670000046,0.0,0.0,12.152530444256168,0,0,0,0.0,0.0,1.0,0,0,0,0,15,4,0
2496,274.393291189,175.65750122070312,45.282501220703125,177.68499755859375,426.43499755859375,175.65750122070312,45.282501220703125,177.68499755859375,426.43499755859375,nan,nan,nan,nan,0.7117152214050293,nan,0,nan,nan,nan,TRACKING,0.056862139000031675,0.0,0.0,11.825001565325993,0,0,0,0.0,0.0,1.0,0,0,0,0,15,4,0
2497,274.51653355300004,175.65750122070312,45.282501220703125,177.68499755859375,426.43499755859375,175.65750122070312,45.282501220703125,177.68499755859375,426.43499755859375,nan,nan,nan,nan,0.6813468337059021,nan,0,nan,nan,nan,TRACKING,0.09732405499994456,0.0,0.0,8.114092975365455,0,0,0,0.0,0.0,1.0,0,0,0,0,15,4,0
2498,274.591181342,181.16281127929688,45.282501220703125,177.68499755859375,426.43499755859375,181.16281127929688,45.282501220703125,177.68499755859375,426.43499755859375,nan,nan,nan,nan,0.6603579521179199,nan,0,nan,nan,nan,TRACKING,0.04855701899998621,0.0,0.0,13.396244060225765,0,0,0,5.50531005859375,0.006881637573242188,1.0,0,0,0,0,15,4,0
2499,274.69359217600004,187.16281127929688,45.282501220703125,177.68499755859375,426.43499755859375,187.16281127929688,45.282501220703125,177.68499755859375,426.43499755859375,nan,nan,nan,nan,0.6480416655540466,nan,0,nan,nan,nan,TRACKING,0.0729447829999117,0.0,0.0,9.764591898547481,0,0,0,6.0,0.0075,1.0,0,0,0,0,15,4,0
2500,274.768379352,182.15219116210938,45.282501220703125,177.68499755859375,426.43499755859375,182.15219116210938,45.282501220703125,177.68499755859375,426.43499755859375,nan,nan,nan,nan,0.6024149060249329,nan,0,nan,nan,nan,TRACKING,0.051532527000063055,0.0,0.0,13.371276380329794,0,0,0,5.0106201171875,0.006263275146484375,1.0,0,0,0,0,15,4,0
2501,274.84565610999994,187.16281127929688,45.282501220703125,177.68499755859375,426.43499755859375,187.16281127929688,45.282501220703125,177.68499755859375,426.43499755859375,nan,nan,nan,nan,0.5938452482223511,nan,0,nan,nan,nan,TRACKING,0.05049634799991054,0.0,0.0,12.94050146359615,0,0,0,5.0106201171875,0.006263275146484375,1.0,0,0,0,0,15,4,0
2502,274.92235355,187.65750122070312,45.282501220703125,177.68499755859375,426.43499755859375,187.65750122070312,45.282501220703125,177.68499755859375,426.43499755859375,nan,nan,nan,nan,0.5694092512130737,nan,0,nan,nan,nan,TRACKING,0.05342153899994173,0.0,0.0,13.038244822758609,0,0,0,0.49468994140625,0.0006183624267578125,1.0,0,0,0,0,15,4,0
2503,275.006435615,220.68936157226562,45.282501220703125,177.68499755859375,426.43499755859375,220.68936157226562,45.282501220703125,177.68499755859375,426.43499755859375,nan,nan,nan,nan,0.5339629650115967,nan,0,nan,nan,nan,TRACKING,0.054138318000013896,0.0,0.0,11.893142729076159,0,0,0,33.0318603515625,0.04128982543945312,1.0,0,0,0,0,15,4,0
2504,275.10078447499995,226.16281127929688,45.282501220703125,177.68499755859375,426.43499755859375,226.16281127929688,45.282501220703125,177.68499755859375,426.43499755859375,nan,nan,nan,nan,0.5361779928207397,nan,0,nan,nan,nan,TRACKING,0.06653034099997512,0.0,0.0,10.598962192021576,0,0,0,5.47344970703125,0.006841812133789062,1.0,0,0,0,0,15,4,0
2505,275.40864804,232.16281127929688,45.282501220703125,177.68499755859375,426.43499755859375,232.16281127929688,45.282501220703125,177.68499755859375,426.43499755859375,236.0,38.0,154.0,438.0,0.5397501587867737,0.994036,1,0.846798211362233,0.010180786832176691,1.123333652079963,DETECTOR_CONFIRMED,0.04536003400005484,0.2343015449999939,0.0,3.2481921009387538,0,0,0,6.0,0.0075,1.0,0,0,0,0,15,4,0
2506,275.48154331399996,238.16281127929688,45.282501220703125,177.68499755859375,426.43499755859375,238.16281127929688,45.282501220703125,177.68499755859375,426.43499755859375,nan,nan,nan,nan,0.5642243027687073,nan,0,nan,nan,nan,TRACKING,0.048514829000055215,0.0,0.0,13.71831046276787,0,0,0,6.0,0.0075,1.0,0,0,0,0,15,4,0
2507,275.549928947,238.65750122070312,45.282501220703125,177.68499755859375,426.43499755859375,238.65750122070312,45.282501220703125,177.68499755859375,426.43499755859375,nan,nan,nan,nan,0.5524911880493164,nan,0,nan,nan,nan,TRACKING,0.04532555599996613,0.0,0.0,14.622954502728621,0,0,0,0.49468994140625,0.0006183624267578125,1.0,0,0,0,0,15,4,0
2508,275.630438078,238.65750122070312,45.282501220703125,177.68499755859375,426.43499755859375,238.65750122070312,45.282501220703125,177.68499755859375,426.43499755859375,nan,nan,nan,nan,0.5497696995735168,nan,0,nan,nan,nan,TRACKING,0.052919932000008885,0.0,0.0,12.420951357681195,0,0,0,0.0,0.0,1.0,0,0,0,0,15,4,0
2509,275.714718717,244.16281127929688,45.282501220703125,177.68499755859375,426.43499755859375,244.16281127929688,45.282501220703125,177.68499755859375,426.43499755859375,nan,nan,nan,nan,0.552150309085846,nan,0,nan,nan,nan,TRACKING,0.05733388900000591,0.0,0.0,11.865121240955201,0,0,0,5.50531005859375,0.006881637573242188,1.0,0,0,0,0,15,4,0
2510,275.788423955,244.65750122070312,45.282501220703125,177.68499755859375,426.43499755859375,244.65750122070312,45.282501220703125,177.68499755859375,426.43499755859375,nan,nan,nan,nan,0.5386437177658081,nan,0,nan,nan,nan,TRACKING,0.05048077200001444,0.0,0.0,13.56755675899139,0,0,0,0.49468994140625,0.0006183624267578125,1.0,0,0,0,0,15,4,0
2511,275.864199623,244.65750122070312,45.282501220703125,177.68499755859375,426.43499755859375,244.65750122070312,45.282501220703125,177.68499755859375,426.43499755859375,nan,nan,nan,nan,0.556093692779541,nan,0,nan,nan,nan,TRACKING,0.047612254000000576,0.0,0.0,13.19684836034603,0,0,0,0.0,0.0,1.0,0,0,0,0,15,4,0
2512,275.936741118,250.16281127929688,45.282501220703125,177.68499755859375,426.43499755859375,250.16281127929688,45.282501220703125,177.68499755859375,426.43499755859375,nan,nan,nan,nan,0.5440858602523804,nan,0,nan,nan,nan,TRACKING,0.04850732800002788,0.0,0.0,13.785213552602649,0,0,0,5.50531005859375,0.006881637573242188,1.0,0,0,0,0,15,4,0
2513,276.02288805700005,261.6681213378906,45.282501220703125,177.68499755859375,426.43499755859375,261.6681213378906,45.282501220703125,177.68499755859375,426.43499755859375,nan,nan,nan,nan,0.5383058786392212,nan,0,nan,nan,nan,TRACKING,0.05419941200000267,0.0,0.0,11.608073503334941,0,0,0,11.50531005859375,0.014381637573242187,1.0,0,0,0,0,15,4,0
2514,276.100644566,261.6575012207031,45.282501220703125,177.68499755859375,426.43499755859375,261.6575012207031,45.282501220703125,177.68499755859375,426.43499755859375,nan,nan,nan,nan,0.5076923966407776,nan,0,nan,nan,nan,TRACKING,0.049762693000047875,0.0,0.0,12.860659678024183,0,0,0,0.0106201171875,1.3275146484375e-05,1.0,0,0,0,0,15,4,0
2515,276.18537717000004,272.6681213378906,45.282501220703125,177.68499755859375,426.43499755859375,272.6681213378906,45.282501220703125,177.68499755859375,426.43499755859375,nan,nan,nan,nan,0.5111362338066101,nan,0,nan,nan,nan,TRACKING,0.05518730599999344,0.0,0.0,11.801832503576595,0,0,0,11.0106201171875,0.013763275146484375,1.0,0,0,0,0,15,4,0
2516,276.525823756,289.1734313964844,45.282501220703125,177.68499755859375,426.43499755859375,273.46070098876953,34.698875427246094,199.98974914550783,441.7522491455078,265.0,29.0,212.0,450.0,0.42353731393814087,0.95427,1,0.7942463469611915,0.010418828826294333,1.2590552085332565,SOFT_REINITIALIZING,0.05797946299992418,0.2514461330000586,0.0,2.9373183375087373,1,0,0,16.50531005859375,0.020631637573242188,1.0,0,0,0,0,16,4,0
2517,276.556127627,273.46070098876953,34.698875427246094,199.98974914550783,441.7522491455078,273.46070098876953,34.698875427246094,199.98974914550783,441.7522491455078,nan,nan,nan,nan,,nan,0,nan,nan,nan,INITIALIZING,0.0,0.0,0.0,32.99908450639747,0,0,0,0.0,0.0,1.0,0,0,0,0,16,4,0
2518,276.58261009299997,273.46070098876953,34.698875427246094,199.98974914550783,441.7522491455078,273.46070098876953,34.698875427246094,199.98974914550783,441.7522491455078,nan,nan,nan,nan,,nan,0,nan,nan,nan,INITIALIZING,0.0,0.0,0.0,37.76083390428887,0,0,0,0.0,0.0,1.0,0,0,0,0,16,4,0
2519,276.61826340899995,273.46070098876953,34.698875427246094,199.98974914550783,441.7522491455078,273.46070098876953,34.698875427246094,199.98974914550783,441.7522491455078,nan,nan,nan,nan,,nan,0,nan,nan,nan,INITIALIZING,0.0,0.0,0.0,28.047881997864206,0,0,0,0.0,0.0,1.0,0,0,0,0,16,4,0
2520,276.654241908,273.46070098876953,34.698875427246094,199.98974914550783,441.7522491455078,273.46070098876953,34.698875427246094,199.98974914550783,441.7522491455078,nan,nan,nan,nan,,nan,0,nan,nan,nan,INITIALIZING,0.0,0.0,0.0,27.794377969969215,0,0,0,0.0,0.0,1.0,0,0,0,0,16,4,0
2521,276.690029923,273.46070098876953,34.698875427246094,199.98974914550783,441.7522491455078,273.46070098876953,34.698875427246094,199.98974914550783,441.7522491455078,nan,nan,nan,nan,,nan,0,nan,nan,nan,INITIALIZING,0.0,0.0,0.0,27.9423153254115,0,0,0,0.0,0.0,1.0,0,0,0,0,16,4,0
2522,276.72402383300005,273.46070098876953,34.698875427246094,199.98974914550783,441.7522491455078,273.46070098876953,34.698875427246094,199.98974914550783,441.7522491455078,nan,nan,nan,nan,,nan,0,nan,nan,nan,INITIALIZING,0.0,0.0,0.0,29.41703381572026,0,0,0,0.0,0.0,1.0,0,0,0,0,16,4,0
2523,276.751281727,273.46070098876953,34.698875427246094,199.98974914550783,441.7522491455078,273.46070098876953,34.698875427246094,199.98974914550783,441.7522491455078,nan,nan,nan,nan,,nan,0,nan,nan,nan,INITIALIZING,0.0,0.0,0.0,36.68662003022039,0,0,0,0.0,0.0,1.0,0,0,0,0,16,4,0
2524,276.78290971599995,273.46070098876953,34.698875427246094,199.98974914550783,441.7522491455078,273.46070098876953,34.698875427246094,199.98974914550783,441.7522491455078,nan,nan,nan,nan,,nan,0,nan,nan,nan,INITIALIZING,0.0,0.0,0.0,31.61756506243046,0,0,0,0.0,0.0,1.0,0,0,0,0,16,4,0
2525,276.817121457,273.46070098876953,34.698875427246094,199.98974914550783,441.7522491455078,273.46070098876953,34.698875427246094,199.98974914550783,441.7522491455078,nan,nan,nan,nan,,nan,0,nan,nan,nan,INITIALIZING,0.0,0.0,0.0,29.229731395399053,0,0,0,0.0,0.0,1.0,0,0,0,0,16,4,0
2526,276.852554651,273.46070098876953,34.698875427246094,199.98974914550783,441.7522491455078,273.46070098876953,34.698875427246094,199.98974914550783,441.7522491455078,nan,nan,nan,nan,,nan,0,nan,nan,nan,INITIALIZING,0.0,0.0,0.0,28.2221241471998,0,0,0,0.0,0.0,1.0,0,0,0,0,16,4,0
2527,276.88320651899994,273.46070098876953,34.698875427246094,199.98974914550783,441.7522491455078,273.46070098876953,34.698875427246094,199.98974914550783,441.7522491455078,nan,nan,nan,nan,,nan,0,nan,nan,nan,INITIALIZING,0.0,0.0,0.0,32.62443907176014,0,0,0,0.0,0.0,1.0,0,0,0,0,16,4,0
2528,276.90886381400003,273.46070098876953,34.698875427246094,199.98974914550783,441.7522491455078,273.46070098876953,34.698875427246094,199.98974914550783,441.7522491455078,nan,nan,nan,nan,,nan,0,nan,nan,nan,INITIALIZING,0.0,0.0,0.0,38.9752699961784,0,0,0,0.0,0.0,1.0,0,0,0,0,16,4,0
2529,276.946815077,273.46070098876953,34.698875427246094,199.98974914550783,441.7522491455078,273.46070098876953,34.698875427246094,199.98974914550783,441.7522491455078,nan,nan,nan,nan,,nan,0,nan,nan,nan,INITIALIZING,0.0,0.0,0.0,26.349584202265962,0,0,0,0.0,0.0,1.0,0,0,0,0,16,4,0
2530,276.980125339,273.46070098876953,34.698875427246094,199.98974914550783,441.7522491455078,273.46070098876953,34.698875427246094,199.98974914550783,441.7522491455078,nan,nan,nan,nan,,nan,0,nan,nan,nan,INITIALIZING,0.0,0.0,0.0,30.020778581699854,0,0,0,0.0,0.0,1.0,0,0,0,0,16,4,0
2531,277.01676415199995,273.46070098876953,34.698875427246094,199.98974914550783,441.7522491455078,273.46070098876953,34.698875427246094,199.98974914550783,441.7522491455078,nan,nan,nan,nan,,nan,0,nan,nan,nan,INITIALIZING,0.0,0.0,0.0,27.293460626054685,0,0,0,0.0,0.0,1.0,0,0,0,0,16,4,0
2532,277.047427739,273.46070098876953,34.698875427246094,199.98974914550783,441.7522491455078,273.46070098876953,34.698875427246094,199.98974914550783,441.7522491455078,nan,nan,nan,nan,,nan,0,nan,nan,nan,INITIALIZING,0.0,0.0,0.0,32.6119706738288,0,0,0,0.0,0.0,1.0,0,0,0,0,16,4,0
2533,277.08463175400004,273.46070098876953,34.698875427246094,199.98974914550783,441.7522491455078,273.46070098876953,34.698875427246094,199.98974914550783,441.7522491455078,nan,nan,nan,nan,,nan,0,nan,nan,nan,INITIALIZING,0.0,0.0,0.0,26.87881939620883,0,0,0,0.0,0.0,1.0,0,0,0,0,16,4,0
2534,277.12677539000003,273.46070098876953,34.698875427246094,199.98974914550783,441.7522491455078,273.46070098876953,34.698875427246094,199.98974914550783,441.7522491455078,nan,nan,nan,nan,,nan,0,nan,nan,nan,INITIALIZING,0.0,0.0,0.0,23.7283750267822,0,0,0,0.0,0.0,1.0,0,0,0,0,16,4,0
2535,277.162324948,273.46070098876953,34.698875427246094,199.98974914550783,441.7522491455078,273.46070098876953,34.698875427246094,199.98974914550783,441.7522491455078,nan,nan,nan,nan,,nan,0,nan,nan,nan,INITIALIZING,0.0,0.0,0.0,28.129744960576183,0,0,0,0.0,0.0,1.0,0,0,0,0,16,4,0
2536,277.848113787,356.7296447753906,34.623870849609375,199.98974609375,441.75225830078125,349.1053756713867,17.968354797363283,220.79641113281252,458.1632904052734,345.0,9.0,232.0,467.0,0.48181450366973877,0.982858,1,0.814160979889517,0.017106273878870995,1.2263610767681044,SOFT_REINITIALIZING,0.05784652099998766,0.3997779910000645,0.699380992999977,1.458174795405214,1,0,0,83.26897603683386,0.10408622004604233,1.0000000054653335,0,0,0,0,17,4,0
2537,277.880276943,349.1053756713867,17.968354797363283,220.79641113281252,458.1632904052734,349.1053756713867,17.968354797363283,220.79641113281252,458.1632904052734,nan,nan,nan,nan,,nan,0,nan,nan,nan,INITIALIZING,0.0,0.0,0.0,31.091476222023996,0,0,0,0.0,0.0,1.0,0,0,0,0,17,4,0
2538,277.91806654000004,349.1053756713867,17.968354797363283,220.79641113281252,458.1632904052734,349.1053756713867,17.968354797363283,220.79641113281252,458.1632904052734,nan,nan,nan,nan,,nan,0,nan,nan,nan,INITIALIZING,0.0,0.0,0.0,26.46230919052286,0,0,0,0.0,0.0,1.0,0,0,0,0,17,4,0
2539,277.949949986,349.1053756713867,17.968354797363283,220.79641113281252,458.1632904052734,349.1053756713867,17.968354797363283,220.79641113281252,458.1632904052734,nan,nan,nan,nan,,nan,0,nan,nan,nan,INITIALIZING,0.0,0.0,0.0,31.36423835748323,0,0,0,0.0,0.0,1.0,0,0,0,0,17,4,0
2540,277.981898021,349.1053756713867,17.968354797363283,220.79641113281252,458.1632904052734,349.1053756713867,17.968354797363283,220.79641113281252,458.1632904052734,nan,nan,nan,nan,,nan,0,nan,nan,nan,INITIALIZING,0.0,0.0,0.0,31.300829612811402,0,0,0,0.0,0.0,1.0,0,0,0,0,17,4,0
2541,278.01396971099996,349.1053756713867,17.968354797363283,220.79641113281252,458.1632904052734,349.1053756713867,17.968354797363283,220.79641113281252,458.1632904052734,nan,nan,nan,nan,,nan,0,nan,nan,nan,INITIALIZING,0.0,0.0,0.0,31.18014672758068,0,0,0,0.0,0.0,1.0,0,0,0,0,17,4,0
2542,278.05299727199997,349.1053756713867,17.968354797363283,220.79641113281252,458.1632904052734,349.1053756713867,17.968354797363283,220.79641113281252,458.1632904052734,nan,nan,nan,nan,,nan,0,nan,nan,nan,INITIALIZING,0.0,0.0,0.0,25.62291812188059,0,0,0,0.0,0.0,1.0,0,0,0,0,17,4,0
2543,278.089498381,349.1053756713867,17.968354797363283,220.79641113281252,458.1632904052734,349.1053756713867,17.968354797363283,220.79641113281252,458.1632904052734,nan,nan,nan,nan,,nan,0,nan,nan,nan,INITIALIZING,0.0,0.0,0.0,27.39642787289648,0,0,0,0.0,0.0,1.0,0,0,0,0,17,4,0
2544,278.11790008900005,349.1053756713867,17.968354797363283,220.79641113281252,458.1632904052734,349.1053756713867,17.968354797363283,220.79641113281252,458.1632904052734,nan,nan,nan,nan,,nan,0,nan,nan,nan,INITIALIZING,0.0,0.0,0.0,35.20915009753482,0,0,0,0.0,0.0,1.0,0,0,0,0,17,4,0
2545,278.15981184,349.1053756713867,17.968354797363283,220.79641113281252,458.1632904052734,349.1053756713867,17.968354797363283,220.79641113281252,458.1632904052734,nan,nan,nan,nan,,nan,0,nan,nan,nan,INITIALIZING,0.0,0.0,0.0,23.859656925373496,0,0,0,0.0,0.0,1.0,0,0,0,0,17,4,0
2546,278.20008038599997,349.1053756713867,17.968354797363283,220.79641113281252,458.1632904052734,349.1053756713867,17.968354797363283,220.79641113281252,458.1632904052734,nan,nan,nan,nan,,nan,0,nan,nan,nan,INITIALIZING,0.0,0.0,0.0,24.83327806273846,0,0,0,0.0,0.0,1.0,0,0,0,0,17,4,0
2547,278.23622214299996,349.1053756713867,17.968354797363283,220.79641113281252,458.1632904052734,349.1053756713867,17.968354797363283,220.79641113281252,458.1632904052734,nan,nan,nan,nan,,nan,0,nan,nan,nan,INITIALIZING,0.0,0.0,0.0,27.668826393805837,0,0,0,0.0,0.0,1.0,0,0,0,0,17,4,0
2548,278.27766031399995,349.1053756713867,17.968354797363283,220.79641113281252,458.1632904052734,349.1053756713867,17.968354797363283,220.79641113281252,458.1632904052734,nan,nan,nan,nan,,nan,0,nan,nan,nan,INITIALIZING,0.0,0.0,0.0,24.13233923863204,0,0,0,0.0,0.0,1.0,0,0,0,0,17,4,0
2549,278.319381229,349.1053756713867,17.968354797363283,220.79641113281252,458.1632904052734,349.1053756713867,17.968354797363283,220.79641113281252,458.1632904052734,nan,nan,nan,nan,,nan,0,nan,nan,nan,INITIALIZING,0.0,0.0,0.0,23.968793589474252,0,0,0,0.0,0.0,1.0,0,0,0,0,17,4,0
2550,278.364624973,349.1053756713867,17.968354797363283,220.79641113281252,458.1632904052734,349.1053756713867,17.968354797363283,220.79641113281252,458.1632904052734,nan,nan,nan,nan,,nan,0,nan,nan,nan,INITIALIZING,0.0,0.0,0.0,22.102503276473147,0,0,0,0.0,0.0,1.0,0,0,0,0,17,4,0
2551,278.40430931799995,349.1053756713867,17.968354797363283,220.79641113281252,458.1632904052734,349.1053756713867,17.968354797363283,220.79641113281252,458.1632904052734,nan,nan,nan,nan,,nan,0,nan,nan,nan,INITIALIZING,0.0,0.0,0.0,25.19885360338268,0,0,0,0.0,0.0,1.0,0,0,0,0,17,4,0
2552,278.443648792,349.1053756713867,17.968354797363283,220.79641113281252,458.1632904052734,349.1053756713867,17.968354797363283,220.79641113281252,458.1632904052734,nan,nan,nan,nan,,nan,0,nan,nan,nan,INITIALIZING,0.0,0.0,0.0,25.419760315026796,0,0,0,0.0,0.0,1.0,0,0,0,0,17,4,0
2553,278.49632151000003,349.1053756713867,17.968354797363283,220.79641113281252,458.1632904052734,349.1053756713867,17.968354797363283,220.79641113281252,458.1632904052734,nan,nan,nan,nan,,nan,0,nan,nan,nan,INITIALIZING,0.0,0.0,0.0,18.985160401234374,0,0,0,0.0,0.0,1.0,0,0,0,0,17,4,0
2554,278.52790927599995,349.1053756713867,17.968354797363283,220.79641113281252,458.1632904052734,349.1053756713867,17.968354797363283,220.79641113281252,458.1632904052734,nan,nan,nan,nan,,nan,0,nan,nan,nan,INITIALIZING,0.0,0.0,0.0,31.657826007786056,0,0,0,0.0,0.0,1.0,0,0,0,0,17,4,0
2555,278.598677492,349.101806640625,18.418350219726562,220.79641723632812,458.1632995605469,349.101806640625,18.418350219726562,220.79641723632812,458.1632995605469,nan,nan,nan,nan,0.8514646291732788,nan,0,nan,nan,nan,TRACKING,0.039385571999901,0.0,0.6966368770000599,14.130637403654937,0,0,0,0.4500141288962732,0.0005625176611203414,1.0000000476257391,0,0,0,0,17,4,0
2556,278.678654564,349.101806640625,18.418350219726562,220.79641723632812,458.1632995605469,349.101806640625,18.418350219726562,220.79641723632812,458.1632995605469,nan,nan,nan,nan,0.8451733589172363,nan,0,nan,nan,nan,TRACKING,0.049809627000058754,0.0,0.0,12.50358352703577,0,0,0,0.0,0.0,1.0,0,0,0,0,17,4,0
2557,278.76181230400005,349.101806640625,18.418350219726562,220.79641723632812,458.1632995605469,349.101806640625,18.418350219726562,220.79641723632812,458.1632995605469,nan,nan,nan,nan,0.8494723439216614,nan,0,nan,nan,nan,TRACKING,0.05913760700002513,0.0,0.0,12.02533883195281,0,0,0,0.0,0.0,1.0,0,0,0,0,17,4,0
2558,278.850352347,349.101806640625,18.418350219726562,220.79641723632812,458.1632995605469,349.101806640625,18.418350219726562,220.79641723632812,458.1632995605469,nan,nan,nan,nan,0.8485667705535889,nan,0,nan,nan,nan,TRACKING,0.06034598399992319,0.0,0.0,11.294324761061844,0,0,0,0.0,0.0,1.0,0,0,0,0,17,4,0
2559,278.934001116,349.101806640625,18.418350219726562,220.79641723632812,458.1632995605469,349.101806640625,18.418350219726562,220.79641723632812,458.1632995605469,nan,nan,nan,nan,0.8481842875480652,nan,0,nan,nan,nan,TRACKING,0.05790719699996316,0.0,0.0,11.954748551054669,0,0,0,0.0,0.0,1.0,0,0,0,0,17,4,0
2560,279.00017068600005,349.101806640625,18.418350219726562,220.79641723632812,458.1632995605469,349.101806640625,18.418350219726562,220.79641723632812,458.1632995605469,nan,nan,nan,nan,0.8429788947105408,nan,0,nan,nan,nan,TRACKING,0.04312430499999209,0.0,0.0,15.112686994930563,0,0,0,0.0,0.0,1.0,0,0,0,0,17,4,0
2561,279.07182095099995,349.101806640625,18.418350219726562,220.79641723632812,458.1632995605469,349.101806640625,18.418350219726562,220.79641723632812,458.1632995605469,nan,nan,nan,nan,0.8443601727485657,nan,0,nan,nan,nan,TRACKING,0.04330385100001877,0.0,0.0,13.956682504961499,0,0,0,0.0,0.0,1.0,0,0,0,0,17,4,0
2562,279.15637125,349.101806640625,18.418350219726562,220.79641723632812,458.1632995605469,349.101806640625,18.418350219726562,220.79641723632812,458.1632995605469,nan,nan,nan,nan,0.8397390842437744,nan,0,nan,nan,nan,TRACKING,0.06060360799995124,0.0,0.0,11.827279286136266,0,0,0,0.0,0.0,1.0,0,0,0,0,17,4,0
2563,279.23374618900004,349.101806640625,18.418350219726562,220.79641723632812,458.1632995605469,349.101806640625,18.418350219726562,220.79641723632812,458.1632995605469,nan,nan,nan,nan,0.8407504558563232,nan,0,nan,nan,nan,TRACKING,0.04835998099997596,0.0,0.0,12.924081271321127,0,0,0,0.0,0.0,1.0,0,0,0,0,17,4,0
2564,279.307576078,349.101806640625,18.418350219726562,220.79641723632812,458.1632995605469,349.101806640625,18.418350219726562,220.79641723632812,458.1632995605469,nan,nan,nan,nan,0.8397893309593201,nan,0,nan,nan,nan,TRACKING,0.046281767999971635,0.0,0.0,13.544649918144241,0,0,0,0.0,0.0,1.0,0,0,0,0,17,4,0
2565,279.627072505,349.101806640625,18.418350219726562,220.79641723632812,458.1632995605469,349.101806640625,18.418350219726562,220.79641723632812,458.1632995605469,351.0,9.0,221.0,467.0,0.8378981947898865,0.987165,1,0.9612280330774325,0.006731448925226437,1.0202270508279514,DETECTOR_CONFIRMED,0.05152747299996463,0.23699757099996077,0.0,3.129925456099173,0,0,0,0.0,0.0,1.0,0,0,0,0,17,4,0
2566,279.71756730100003,349.101806640625,18.418350219726562,220.79641723632812,458.1632995605469,349.101806640625,18.418350219726562,220.79641723632812,458.1632995605469,nan,nan,nan,nan,0.8348873257637024,nan,0,nan,nan,nan,TRACKING,0.060232269000039196,0.0,0.0,11.0503591830813,0,0,0,0.0,0.0,1.0,0,0,0,0,17,4,0
2567,279.78313498800003,349.101806640625,18.418350219726562,220.79641723632812,458.1632995605469,349.101806640625,18.418350219726562,220.79641723632812,458.1632995605469,nan,nan,nan,nan,0.8356723785400391,nan,0,nan,nan,nan,TRACKING,0.04210147499998129,0.0,0.0,15.251414923330017,0,0,0,0.0,0.0,1.0,0,0,0,0,17,4,0
2568,279.866183471,349.101806640625,18.418350219726562,220.79641723632812,458.1632995605469,349.101806640625,18.418350219726562,220.79641723632812,458.1632995605469,nan,nan,nan,nan,0.840287446975708,nan,0,nan,nan,nan,TRACKING,0.05871944299997267,0.0,0.0,12.041159138335562,0,0,0,0.0,0.0,1.0,0,0,0,0,17,4,0
2569,279.936692535,349.101806640625,18.418350219726562,220.79641723632812,458.1632995605469,349.101806640625,18.418350219726562,220.79641723632812,458.1632995605469,nan,nan,nan,nan,0.8319244384765625,nan,0,nan,nan,nan,TRACKING,0.0467167319999362,0.0,0.0,14.182573746826442,0,0,0,0.0,0.0,1.0,0,0,0,0,17,4,0
2570,280.006976841,349.101806640625,18.418350219726562,220.79641723632812,458.1632995605469,349.101806640625,18.418350219726562,220.79641723632812,458.1632995605469,nan,nan,nan,nan,0.8301312327384949,nan,0,nan,nan,nan,TRACKING,0.041752852999934476,0.0,0.0,14.22792735551144,0,0,0,0.0,0.0,1.0,0,0,0,0,17,4,0
2571,280.07461974299997,349.101806640625,18.418350219726562,220.79641723632812,458.1632995605469,349.101806640625,18.418350219726562,220.79641723632812,458.1632995605469,nan,nan,nan,nan,0.8246157765388489,nan,0,nan,nan,nan,TRACKING,0.040494889999990846,0.0,0.0,14.783517123499038,0,0,0,0.0,0.0,1.0,0,0,0,0,17,4,0
2572,280.15323241,349.101806640625,18.418350219726562,220.79641723632812,458.1632995605469,349.101806640625,18.418350219726562,220.79641723632812,458.1632995605469,nan,nan,nan,nan,0.8296911716461182,nan,0,nan,nan,nan,TRACKING,0.05094008300000041,0.0,0.0,12.72059628761608,0,0,0,0.0,0.0,1.0,0,0,0,0,17,4,0
2573,280.230431737,349.101806640625,18.418350219726562,220.79641723632812,458.1632995605469,349.101806640625,18.418350219726562,220.79641723632812,458.1632995605469,nan,nan,nan,nan,0.8328599333763123,nan,0,nan,nan,nan,TRACKING,0.05337756599999466,0.0,0.0,12.953480799123865,0,0,0,0.0,0.0,1.0,0,0,0,0,17,4,0
2574,280.30056153099997,349.101806640625,18.418350219726562,220.79641723632812,458.1632995605469,349.101806640625,18.418350219726562,220.79641723632812,458.1632995605469,nan,nan,nan,nan,0.8237754106521606,nan,0,nan,nan,nan,TRACKING,0.046237142999984826,0.0,0.0,14.259274738500745,0,0,0,0.0,0.0,1.0,0,0,0,0,17,4,0
2575,280.376717473,342.74066162109375,18.418350219726562,220.79641723632812,458.1632995605469,342.74066162109375,18.418350219726562,220.79641723632812,458.1632995605469,nan,nan,nan,nan,0.7966200709342957,nan,0,nan,nan,nan,TRACKING,0.05304326899999978,0.0,0.0,13.130951751602215,0,0,0,6.36114501953125,0.007951431274414063,1.0,0,0,0,0,17,4,0
2576,280.45053438,343.101806640625,18.418350219726562,220.79641723632812,458.1632995605469,343.101806640625,18.418350219726562,220.79641723632812,458.1632995605469,nan,nan,nan,nan,0.7564924359321594,nan,0,nan,nan,nan,TRACKING,0.05018804899998486,0.0,0.0,13.547031982788203,0,0,0,0.36114501953125,0.0004514312744140625,1.0,0,0,0,0,17,4,0
2577,280.532767511,336.74066162109375,18.418350219726562,220.79641723632812,458.1632995605469,336.74066162109375,18.418350219726562,220.79641723632812,458.1632995605469,nan,nan,nan,nan,0.7271946668624878,nan,0,nan,nan,nan,TRACKING,0.056263934999947196,0.0,0.0,12.160548769577746,0,0,0,6.36114501953125,0.007951431274414063,1.0,0,0,0,0,17,4,0
2578,280.62082791599994,330.74066162109375,18.418350219726562,220.79641723632812,458.1632995605469,330.74066162109375,18.418350219726562,220.79641723632812,458.1632995605469,nan,nan,nan,nan,0.6641753315925598,nan,0,nan,nan,nan,TRACKING,0.06122916300000725,0.0,0.0,11.355841481769255,0,0,0,6.0,0.0075,1.0,0,0,0,0,17,4,0
2579,280.73496158700004,331.101806640625,12.05718994140625,220.79641723632812,458.1632995605469,331.101806640625,12.05718994140625,220.79641723632812,458.1632995605469,nan,nan,nan,nan,0.5949646830558777,nan,0,nan,nan,nan,TRACKING,0.09076050999999552,0.0,0.0,8.761656321376776,0,0,0,6.371403755187108,0.007964254693983885,1.0,0,0,0,0,17,4,0
2580,281.13820397300003,324.74066162109375,12.418350219726562,220.79641723632812,458.1632995605469,324.74066162109375,12.418350219726562,220.79641723632812,458.1632995605469,nan,nan,nan,nan,0.5444923043251038,nan,0,nan,nan,nan,SUSPECTED_LOST,0.06351350699992508,0.30870189699999173,0.0,2.479898033338265,0,0,0,6.371389385851694,0.007964236732314618,1.0,0,0,0,0,17,4,0
2581,281.43972068100004,331.46295166015625,12.418350219726562,220.79641723632812,458.1632995605469,281.1120330810547,40.746422576904294,186.47874603271484,433.3571548461914,254.0,56.0,168.0,420.0,0.4125381112098694,0.997356,1,0.27972404188510525,0.13338964665571254,1.4336850205802623,SOFT_REINITIALIZING,0.06558663500004513,0.20567330699998365,0.0,3.316565793760167,1,0,0,6.7222900390625,0.008402862548828126,1.0,0,0,0,0,18,4,0
2582,281.462097494,281.1120330810547,40.746422576904294,186.47874603271484,433.3571548461914,281.1120330810547,40.746422576904294,186.47874603271484,433.3571548461914,nan,nan,nan,nan,,nan,0,nan,nan,nan,INITIALIZING,0.0,0.0,0.0,44.68911636356844,0,0,0,0.0,0.0,1.0,0,0,0,0,18,4,0
2583,281.490230216,281.1120330810547,40.746422576904294,186.47874603271484,433.3571548461914,281.1120330810547,40.746422576904294,186.47874603271484,433.3571548461914,nan,nan,nan,nan,,nan,0,nan,nan,nan,INITIALIZING,0.0,0.0,0.0,35.545796101766,0,0,0,0.0,0.0,1.0,0,0,0,0,18,4,0
2584,281.531828498,281.1120330810547,40.746422576904294,186.47874603271484,433.3571548461914,281.1120330810547,40.746422576904294,186.47874603271484,433.3571548461914,nan,nan,nan,nan,,nan,0,nan,nan,nan,INITIALIZING,0.0,0.0,0.0,24.039454321697974,0,0,0,0.0,0.0,1.0,0,0,0,0,18,4,0
2585,281.56597365799996,281.1120330810547,40.746422576904294,186.47874603271484,433.3571548461914,281.1120330810547,40.746422576904294,186.47874603271484,433.3571548461914,nan,nan,nan,nan,,nan,0,nan,nan,nan,INITIALIZING,0.0,0.0,0.0,29.286727606506606,0,0,0,0.0,0.0,1.0,0,0,0,0,18,4,0
2586,281.597880678,281.1120330810547,40.746422576904294,186.47874603271484,433.3571548461914,281.1120330810547,40.746422576904294,186.47874603271484,433.3571548461914,nan,nan,nan,nan,,nan,0,nan,nan,nan,INITIALIZING,0.0,0.0,0.0,31.341065383042483,0,0,0,0.0,0.0,1.0,0,0,0,0,18,4,0
2587,281.628328837,281.1120330810547,40.746422576904294,186.47874603271484,433.3571548461914,281.1120330810547,40.746422576904294,186.47874603271484,433.3571548461914,nan,nan,nan,nan,,nan,0,nan,nan,nan,INITIALIZING,0.0,0.0,0.0,32.842708158477635,0,0,0,0.0,0.0,1.0,0,0,0,0,18,4,0
2588,281.65887773299994,281.1120330810547,40.746422576904294,186.47874603271484,433.3571548461914,281.1120330810547,40.746422576904294,186.47874603271484,433.3571548461914,nan,nan,nan,nan,,nan,0,nan,nan,nan,INITIALIZING,0.0,0.0,0.0,32.73440716164736,0,0,0,0.0,0.0,1.0,0,0,0,0,18,4,0
2589,281.69747557799997,281.1120330810547,40.746422576904294,186.47874603271484,433.3571548461914,281.1120330810547,40.746422576904294,186.47874603271484,433.3571548461914,nan,nan,nan,nan,,nan,0,nan,nan,nan,INITIALIZING,0.0,0.0,0.0,25.908182179583097,0,0,0,0.0,0.0,1.0,0,0,0,0,18,4,0
2590,281.751871347,281.1120330810547,40.746422576904294,186.47874603271484,433.3571548461914,281.1120330810547,40.746422576904294,186.47874603271484,433.3571548461914,nan,nan,nan,nan,,nan,0,nan,nan,nan,INITIALIZING,0.0,0.0,0.0,18.38378275337986,0,0,0,0.0,0.0,1.0,0,0,0,0,18,4,0
2591,281.795342428,281.1120330810547,40.746422576904294,186.47874603271484,433.3571548461914,281.1120330810547,40.746422576904294,186.47874603271484,433.3571548461914,nan,nan,nan,nan,,nan,0,nan,nan,nan,INITIALIZING,0.0,0.0,0.0,23.003798778315172,0,0,0,0.0,0.0,1.0,0,0,0,0,18,4,0
2592,281.827708442,281.1120330810547,40.746422576904294,186.47874603271484,433.3571548461914,281.1120330810547,40.746422576904294,186.47874603271484,433.3571548461914,nan,nan,nan,nan,,nan,0,nan,nan,nan,INITIALIZING,0.0,0.0,0.0,30.896606545381324,0,0,0,0.0,0.0,1.0,0,0,0,0,18,4,0
2593,281.870256692,281.1120330810547,40.746422576904294,186.47874603271484,433.3571548461914,281.1120330810547,40.746422576904294,186.47874603271484,433.3571548461914,nan,nan,nan,nan,,nan,0,nan,nan,nan,INITIALIZING,0.0,0.0,0.0,23.502729254444816,0,0,0,0.0,0.0,1.0,0,0,0,0,18,4,0
2594,281.90933525,281.1120330810547,40.746422576904294,186.47874603271484,433.3571548461914,281.1120330810547,40.746422576904294,186.47874603271484,433.3571548461914,nan,nan,nan,nan,,nan,0,nan,nan,nan,INITIALIZING,0.0,0.0,0.0,25.589480553485995,0,0,0,0.0,0.0,1.0,0,0,0,0,18,4,0
2595,281.941220759,281.1120330810547,40.746422576904294,186.47874603271484,433.3571548461914,281.1120330810547,40.746422576904294,186.47874603271484,433.3571548461914,nan,nan,nan,nan,,nan,0,nan,nan,nan,INITIALIZING,0.0,0.0,0.0,31.362209083806874,0,0,0,0.0,0.0,1.0,0,0,0,0,18,4,0
2596,281.99208177900005,281.1120330810547,40.746422576904294,186.47874603271484,433.3571548461914,281.1120330810547,40.746422576904294,186.47874603271484,433.3571548461914,nan,nan,nan,nan,,nan,0,nan,nan,nan,INITIALIZING,0.0,0.0,0.0,19.661422440969872,0,0,0,0.0,0.0,1.0,0,0,0,0,18,4,0
2597,282.045532008,281.1120330810547,40.746422576904294,186.47874603271484,433.3571548461914,281.1120330810547,40.746422576904294,186.47874603271484,433.3571548461914,nan,nan,nan,nan,,nan,0,nan,nan,nan,INITIALIZING,0.0,0.0,0.0,18.708993744454865,0,0,0,0.0,0.0,1.0,0,0,0,0,18,4,0
2598,282.629428671,275.57513427734375,40.82142639160156,186.47872924804688,433.3571472167969,275.57513427734375,40.82142639160156,186.47872924804688,433.3571472167969,nan,nan,nan,nan,0.4513615071773529,nan,0,nan,nan,nan,SUSPECTED_LOST,0.07368958699998984,0.46315259700008937,0.6514163729999609,1.7126318120437145,1,0,0,5.5374151278023245,0.006921768909752906,1.0000001076138145,0,0,0,0,18,4,0
2599,282.94252968800004,280.94610595703125,40.82142639160156,186.47872924804688,433.3571472167969,168.0,86.0,107.0,386.0,168.0,86.0,107.0,386.0,0.42311644554138184,0.861042,1,0.0,0.192739716516205,1.9566096102742496,REINITIALIZING,0.07007768300002226,0.21660514299992428,0.0,3.1938573997029653,1,0,0,5.3709716796875,0.006713714599609375,1.0,0,0,0,0,18,5,0
2600,283.16376518100003,168.0,86.0,107.0,386.0,168.0,86.0,107.0,386.0,nan,nan,nan,nan,,nan,0,nan,nan,nan,INITIALIZING,0.0,0.0,0.0,4.520070384908918,0,0,0,0.0,0.0,1.0,0,0,0,0,18,5,0
2601,283.201713252,168.0,86.0,107.0,386.0,168.0,86.0,107.0,386.0,nan,nan,nan,nan,,nan,0,nan,nan,nan,INITIALIZING,0.0,0.0,0.0,26.35180059616363,0,0,0,0.0,0.0,1.0,0,0,0,0,18,5,0
2602,283.24275228600004,168.0,86.0,107.0,386.0,168.0,86.0,107.0,386.0,nan,nan,nan,nan,,nan,0,nan,nan,nan,INITIALIZING,0.0,0.0,0.0,24.367045286659827,0,0,0,0.0,0.0,1.0,0,0,0,0,18,5,0
2603,283.27547761899996,168.0,86.0,107.0,386.0,168.0,86.0,107.0,386.0,nan,nan,nan,nan,,nan,0,nan,nan,nan,INITIALIZING,0.0,0.0,0.0,30.557366673779825,0,0,0,0.0,0.0,1.0,0,0,0,0,18,5,0
2604,283.31834883399995,168.0,86.0,107.0,386.0,168.0,86.0,107.0,386.0,nan,nan,nan,nan,,nan,0,nan,nan,nan,INITIALIZING,0.0,0.0,0.0,23.325674348165997,0,0,0,0.0,0.0,1.0,0,0,0,0,18,5,0
2605,283.360037357,168.0,86.0,107.0,386.0,168.0,86.0,107.0,386.0,nan,nan,nan,nan,,nan,0,nan,nan,nan,INITIALIZING,0.0,0.0,0.0,23.987417352217566,0,0,0,0.0,0.0,1.0,0,0,0,0,18,5,0
2606,283.402492447,168.0,86.0,107.0,386.0,168.0,86.0,107.0,386.0,nan,nan,nan,nan,,nan,0,nan,nan,nan,INITIALIZING,0.0,0.0,0.0,23.554301733916226,0,0,0,0.0,0.0,1.0,0,0,0,0,18,5,0
2607,283.43936123599997,168.0,86.0,107.0,386.0,168.0,86.0,107.0,386.0,nan,nan,nan,nan,,nan,0,nan,nan,nan,INITIALIZING,0.0,0.0,0.0,27.123212536231947,0,0,0,0.0,0.0,1.0,0,0,0,0,18,5,0
2608,283.471388102,168.0,86.0,107.0,386.0,168.0,86.0,107.0,386.0,nan,nan,nan,nan,,nan,0,nan,nan,nan,INITIALIZING,0.0,0.0,0.0,31.223785680411467,0,0,0,0.0,0.0,1.0,0,0,0,0,18,5,0
2609,283.502891804,168.0,86.0,107.0,386.0,168.0,86.0,107.0,386.0,nan,nan,nan,nan,,nan,0,nan,nan,nan,INITIALIZING,0.0,0.0,0.0,31.74230126985432,0,0,0,0.0,0.0,1.0,0,0,0,0,18,5,0
2610,283.533113952,168.0,86.0,107.0,386.0,168.0,86.0,107.0,386.0,nan,nan,nan,nan,,nan,0,nan,nan,nan,INITIALIZING,0.0,0.0,0.0,33.08831655512258,0,0,0,0.0,0.0,1.0,0,0,0,0,18,5,0
2611,283.653082422,168.0,85.5,107.0,386.0,168.0,85.5,107.0,386.0,nan,nan,nan,nan,0.611860454082489,nan,0,nan,nan,nan,TRACKING,0.08880177400010325,0.0,0.6208039130000316,8.335523492130653,0,0,0,0.5,0.000625,1.0,0,0,0,0,18,5,0
2612,283.73801896,168.0,85.5,107.0,386.0,168.0,85.5,107.0,386.0,nan,nan,nan,nan,0.6058822274208069,nan,0,nan,nan,nan,TRACKING,0.05885256300007313,0.0,0.0,11.773496113067473,0,0,0,0.0,0.0,1.0,0,0,0,0,18,5,0
2613,283.808478325,168.0,85.5,107.0,386.0,168.0,85.5,107.0,386.0,nan,nan,nan,nan,0.6113725304603577,nan,0,nan,nan,nan,TRACKING,0.04775689199993849,0.0,0.0,14.19257752322245,0,0,0,0.0,0.0,1.0,0,0,0,0,18,5,0
2614,283.898032029,168.0,85.5,107.0,386.0,168.0,85.5,107.0,386.0,nan,nan,nan,nan,0.6041688323020935,nan,0,nan,nan,nan,TRACKING,0.06336154499990698,0.0,0.0,11.166483968104282,0,0,0,0.0,0.0,1.0,0,0,0,0,18,5,0
2615,283.98767152100004,168.0,85.5,107.0,386.0,168.0,85.5,107.0,386.0,nan,nan,nan,nan,0.5986081957817078,nan,0,nan,nan,nan,TRACKING,0.05132778299991969,0.0,0.0,11.155797268455377,0,0,0,0.0,0.0,1.0,0,0,0,0,18,5,0
2616,284.080976963,172.0645751953125,85.5,107.0,386.0,172.0645751953125,85.5,107.0,386.0,nan,nan,nan,nan,0.5919761061668396,nan,0,nan,nan,nan,TRACKING,0.060755412999924374,0.0,0.0,10.71748848261481,0,0,0,4.0645751953125,0.005080718994140625,1.0,0,0,0,0,18,5,0
2617,284.15248729200005,172.0,85.5,107.0,386.0,172.0,85.5,107.0,386.0,nan,nan,nan,nan,0.5737137198448181,nan,0,nan,nan,nan,TRACKING,0.04536061999999674,0.0,0.0,13.983993836743787,0,0,0,0.0645751953125,8.0718994140625e-05,1.0,0,0,0,0,18,5,0
2618,284.22627721799995,172.0,85.5,107.0,386.0,172.0,85.5,107.0,386.0,nan,nan,nan,nan,0.5896149277687073,nan,0,nan,nan,nan,TRACKING,0.05010680699990644,0.0,0.0,13.551985402469455,0,0,0,0.0,0.0,1.0,0,0,0,0,18,5,0
2619,284.314845968,167.9354248046875,85.5,107.0,386.0,167.9354248046875,85.5,107.0,386.0,nan,nan,nan,nan,0.5867883563041687,nan,0,nan,nan,nan,TRACKING,0.06148813900006189,0.0,0.0,11.290664032173824,0,0,0,4.0645751953125,0.005080718994140625,1.0,0,0,0,0,18,5,0
2620,284.390095934,168.0,85.5,107.0,386.0,168.0,85.5,107.0,386.0,nan,nan,nan,nan,0.5725526213645935,nan,0,nan,nan,nan,TRACKING,0.05158197300011125,0.0,0.0,13.289042549201733,0,0,0,0.0645751953125,8.0718994140625e-05,1.0,0,0,0,0,18,5,0
2621,284.479136185,163.9354248046875,85.5,107.0,386.0,163.9354248046875,85.5,107.0,386.0,nan,nan,nan,nan,0.5535228252410889,nan,0,nan,nan,nan,TRACKING,0.060702489000050264,0.0,0.0,11.230875797954337,0,0,0,4.0645751953125,0.005080718994140625,1.0,0,0,0,0,18,5,0
2622,284.556238214,159.9354248046875,85.5,107.0,386.0,159.9354248046875,85.5,107.0,386.0,nan,nan,nan,nan,0.533250093460083,nan,0,nan,nan,nan,TRACKING,0.05066492700007075,0.0,0.0,12.969827292093296,0,0,0,4.0,0.005,1.0,0,0,0,0,18,5,0
2623,284.634617264,155.9354248046875,85.5,107.0,386.0,155.9354248046875,85.5,107.0,386.0,nan,nan,nan,nan,0.5143808126449585,nan,0,nan,nan,nan,TRACKING,0.05432681100000991,0.0,0.0,12.758511362416659,0,0,0,4.0,0.005,1.0,0,0,0,0,18,5,0
2624,284.719852444,156.0,85.5,107.0,386.0,156.0,85.5,107.0,386.0,nan,nan,nan,nan,0.5002812147140503,nan,0,nan,nan,nan,TRACKING,0.05436368899995614,0.0,0.0,11.73224483129529,0,0,0,0.0645751953125,8.0718994140625e-05,1.0,0,0,0,0,18,5,0
2625,285.00926036,151.9354248046875,85.5,107.0,386.0,151.9354248046875,85.5,107.0,386.0,123.0,66.0,140.0,411.0,0.5079524517059326,0.989981,1,0.7177963156065346,0.017837801770092653,1.3931528739528352,DETECTOR_CONFIRMED,0.051855171000056544,0.21368463400006021,0.0,3.4553305031232835,0,0,0,4.0645751953125,0.005080718994140625,1.0,0,0,0,0,18,5,0
2626,285.303852224,156.0645751953125,85.5,107.0,386.0,126.77260131835938,70.225,134.95,403.54999999999995,111.0,62.0,150.0,413.0,0.47832784056663513,0.991078,1,0.6455308098793389,0.03199827153865935,1.4999273642922861,SOFT_REINITIALIZING,0.05963522299998658,0.20720866400006344,0.0,3.394526876682053,1,0,0,4.129150390625,0.00516143798828125,1.0,0,0,0,0,19,5,0
2627,285.327190275,126.77260131835938,70.225,134.95,403.54999999999995,126.77260131835938,70.225,134.95,403.54999999999995,nan,nan,nan,nan,,nan,0,nan,nan,nan,INITIALIZING,0.0,0.0,0.0,42.848479506714924,0,0,0,0.0,0.0,1.0,0,0,0,0,19,5,0
2628,285.360380865,126.77260131835938,70.225,134.95,403.54999999999995,126.77260131835938,70.225,134.95,403.54999999999995,nan,nan,nan,nan,,nan,0,nan,nan,nan,INITIALIZING,0.0,0.0,0.0,30.12902150880372,0,0,0,0.0,0.0,1.0,0,0,0,0,19,5,0
2629,285.385576291,126.77260131835938,70.225,134.95,403.54999999999995,126.77260131835938,70.225,134.95,403.54999999999995,nan,nan,nan,nan,,nan,0,nan,nan,nan,INITIALIZING,0.0,0.0,0.0,39.68974368604496,0,0,0,0.0,0.0,1.0,0,0,0,0,19,5,0
2630,285.41091693500005,126.77260131835938,70.225,134.95,403.54999999999995,126.77260131835938,70.225,134.95,403.54999999999995,nan,nan,nan,nan,,nan,0,nan,nan,nan,INITIALIZING,0.0,0.0,0.0,39.46229622256093,0,0,0,0.0,0.0,1.0,0,0,0,0,19,5,0
2631,285.43848550199993,126.77260131835938,70.225,134.95,403.54999999999995,126.77260131835938,70.225,134.95,403.54999999999995,nan,nan,nan,nan,,nan,0,nan,nan,nan,INITIALIZING,0.0,0.0,0.0,36.27319475850941,0,0,0,0.0,0.0,1.0,0,0,0,0,19,5,0
2632,285.469708189,126.77260131835938,70.225,134.95,403.54999999999995,126.77260131835938,70.225,134.95,403.54999999999995,nan,nan,nan,nan,,nan,0,nan,nan,nan,INITIALIZING,0.0,0.0,0.0,32.02799297822748,0,0,0,0.0,0.0,1.0,0,0,0,0,19,5,0
2633,285.503947918,126.77260131835938,70.225,134.95,403.54999999999995,126.77260131835938,70.225,134.95,403.54999999999995,nan,nan,nan,nan,,nan,0,nan,nan,nan,INITIALIZING,0.0,0.0,0.0,29.205838632678446,0,0,0,0.0,0.0,1.0,0,0,0,0,19,5,0
2634,285.53801857199994,126.77260131835938,70.225,134.95,403.54999999999995,126.77260131835938,70.225,134.95,403.54999999999995,nan,nan,nan,nan,,nan,0,nan,nan,nan,INITIALIZING,0.0,0.0,0.0,29.350772075039863,0,0,0,0.0,0.0,1.0,0,0,0,0,19,5,0
2635,285.58003647,126.77260131835938,70.225,134.95,403.54999999999995,126.77260131835938,70.225,134.95,403.54999999999995,nan,nan,nan,nan,,nan,0,nan,nan,nan,INITIALIZING,0.0,0.0,0.0,23.799381872911543,0,0,0,0.0,0.0,1.0,0,0,0,0,19,5,0
2636,285.62137650700004,126.77260131835938,70.225,134.95,403.54999999999995,126.77260131835938,70.225,134.95,403.54999999999995,nan,nan,nan,nan,,nan,0,nan,nan,nan,INITIALIZING,0.0,0.0,0.0,24.189625181000235,0,0,0,0.0,0.0,1.0,0,0,0,0,19,5,0
2637,285.65123534500003,126.77260131835938,70.225,134.95,403.54999999999995,126.77260131835938,70.225,134.95,403.54999999999995,nan,nan,nan,nan,,nan,0,nan,nan,nan,INITIALIZING,0.0,0.0,0.0,33.49092151543703,0,0,0,0.0,0.0,1.0,0,0,0,0,19,5,0
2638,285.687077273,126.77260131835938,70.225,134.95,403.54999999999995,126.77260131835938,70.225,134.95,403.54999999999995,nan,nan,nan,nan,,nan,0,nan,nan,nan,INITIALIZING,0.0,0.0,0.0,27.900284828452673,0,0,0,0.0,0.0,1.0,0,0,0,0,19,5,0
2639,285.71122845599996,126.77260131835938,70.225,134.95,403.54999999999995,126.77260131835938,70.225,134.95,403.54999999999995,nan,nan,nan,nan,,nan,0,nan,nan,nan,INITIALIZING,0.0,0.0,0.0,41.405839208859234,0,0,0,0.0,0.0,1.0,0,0,0,0,19,5,0
2640,285.751886516,126.77260131835938,70.225,134.95,403.54999999999995,126.77260131835938,70.225,134.95,403.54999999999995,nan,nan,nan,nan,,nan,0,nan,nan,nan,INITIALIZING,0.0,0.0,0.0,24.595369282219604,0,0,0,0.0,0.0,1.0,0,0,0,0,19,5,0
2641,285.776252246,126.77260131835938,70.225,134.95,403.54999999999995,126.77260131835938,70.225,134.95,403.54999999999995,nan,nan,nan,nan,,nan,0,nan,nan,nan,INITIALIZING,0.0,0.0,0.0,41.04124932846335,0,0,0,0.0,0.0,1.0,0,0,0,0,19,5,0
2642,285.808355153,126.77260131835938,70.225,134.95,403.54999999999995,126.77260131835938,70.225,134.95,403.54999999999995,nan,nan,nan,nan,,nan,0,nan,nan,nan,INITIALIZING,0.0,0.0,0.0,31.149827023485297,0,0,0,0.0,0.0,1.0,0,0,0,0,19,5,0
2643,285.865315128,126.77260131835938,70.225,134.95,403.54999999999995,126.77260131835938,70.225,134.95,403.54999999999995,nan,nan,nan,nan,,nan,0,nan,nan,nan,INITIALIZING,0.0,0.0,0.0,17.55618748075795,0,0,0,0.0,0.0,1.0,0,0,0,0,19,5,0
2644,285.907052433,126.77260131835938,70.225,134.95,403.54999999999995,126.77260131835938,70.225,134.95,403.54999999999995,nan,nan,nan,nan,,nan,0,nan,nan,nan,INITIALIZING,0.0,0.0,0.0,23.95938118191214,0,0,0,0.0,0.0,1.0,0,0,0,0,19,5,0
2645,285.965326409,126.77260131835938,70.225,134.95,403.54999999999995,126.77260131835938,70.225,134.95,403.54999999999995,nan,nan,nan,nan,,nan,0,nan,nan,nan,INITIALIZING,0.0,0.0,0.0,17.160318698690425,0,0,0,0.0,0.0,1.0,0,0,0,0,19,5,0
2646,286.07640860000004,178.365234375,70.72502136230469,134.9499969482422,403.5499572753906,178.365234375,70.72502136230469,134.9499969482422,403.5499572753906,nan,nan,nan,nan,0.5307123064994812,nan,0,nan,nan,nan,TRACKING,0.0682001150000815,0.0,0.6715600750000021,9.002343138871547,0,0,0,51.59505430047484,0.06449381787559355,1.000000128485913,0,0,0,0,19,5,0
2647,286.15680012199994,187.35958862304688,70.72502136230469,134.9499969482422,403.5499572753906,187.35958862304688,70.72502136230469,134.9499969482422,403.5499572753906,nan,nan,nan,nan,0.5060116052627563,nan,0,nan,nan,nan,TRACKING,0.049448334000089744,0.0,0.0,12.439122622920932,0,0,0,8.994354248046875,0.011242942810058594,1.0,0,0,0,0,19,5,0
2648,286.23476537299996,191.69229125976562,70.72502136230469,134.9499969482422,403.5499572753906,191.69229125976562,70.72502136230469,134.9499969482422,403.5499572753906,nan,nan,nan,nan,0.5245903730392456,nan,0,nan,nan,nan,TRACKING,0.05211738299999524,0.0,0.0,12.826226904594991,0,0,0,4.33270263671875,0.0054158782958984375,1.0,0,0,0,0,19,5,0
2649,286.314705107,196.69229125976562,70.72502136230469,134.9499969482422,403.5499572753906,196.69229125976562,70.72502136230469,134.9499969482422,403.5499572753906,nan,nan,nan,nan,0.513572633266449,nan,0,nan,nan,nan,TRACKING,0.055070999999998094,0.0,0.0,12.509423661572097,0,0,0,5.0,0.00625,1.0,0,0,0,0,19,5,0
2650,286.390759528,197.02499389648438,70.72502136230469,134.9499969482422,403.5499572753906,197.02499389648438,70.72502136230469,134.9499969482422,403.5499572753906,nan,nan,nan,nan,0.5056464076042175,nan,0,nan,nan,nan,TRACKING,0.0466837700000724,0.0,0.0,13.14847956044861,0,0,0,0.33270263671875,0.0004158782958984375,1.0,0,0,0,0,19,5,0
2651,286.459847458,197.02499389648438,70.72502136230469,134.9499969482422,403.5499572753906,197.02499389648438,70.72502136230469,134.9499969482422,403.5499572753906,nan,nan,nan,nan,0.5022239685058594,nan,0,nan,nan,nan,TRACKING,0.042844639999998435,0.0,0.0,14.474308319842008,0,0,0,0.0,0.0,1.0,0,0,0,0,19,5,0
2652,286.746897084,201.69229125976562,70.72502136230469,134.9499969482422,403.5499572753906,201.69229125976562,70.72502136230469,134.9499969482422,403.5499572753906,nan,nan,nan,nan,0.48824596405029297,nan,0,nan,nan,nan,SUSPECTED_LOST,0.05046758299999965,0.2136161749999701,0.0,3.48371817770634,1,0,0,4.66729736328125,0.005834121704101563,1.0,0,0,0,0,19,5,0
2653,286.83052137100003,202.02499389648438,70.72502136230469,134.9499969482422,403.5499572753906,202.02499389648438,70.72502136230469,134.9499969482422,403.5499572753906,nan,nan,nan,nan,0.5090140700340271,nan,0,nan,nan,nan,TRACKING,0.053500300999985484,0.0,0.0,11.958248445212503,0,0,0,0.33270263671875,0.0004158782958984375,1.0,0,0,0,0,19,5,0
2654,286.894132398,202.02499389648438,70.72502136230469,134.9499969482422,403.5499572753906,202.02499389648438,70.72502136230469,134.9499969482422,403.5499572753906,nan,nan,nan,nan,0.5051956176757812,nan,0,nan,nan,nan,TRACKING,0.04285500499997852,0.0,0.0,15.720544804288886,0,0,0,0.0,0.0,1.0,0,0,0,0,19,5,0
2655,287.369774132,202.02499389648438,70.72502136230469,134.9499969482422,403.5499572753906,202.02499389648438,70.72502136230469,134.9499969482422,403.5499572753906,nan,nan,nan,nan,0.5024847984313965,nan,0,nan,nan,nan,SUSPECTED_LOST,0.042205479000017476,0.4098965959999532,0.0,2.1024227449311144,0,0,0,0.0,0.0,1.0,0,0,0,0,19,5,0
2656,287.672540613,202.02499389648438,70.72502136230469,134.9499969482422,403.5499572753906,202.02499389648438,70.72502136230469,134.9499969482422,403.5499572753906,nan,nan,nan,nan,0.4991781413555145,nan,0,nan,nan,nan,SUSPECTED_LOST,0.053324148000001514,0.2159974080000211,0.0,3.302875525378382,1,0,0,0.0,0.0,1.0,0,0,0,0,19,5,0
2657,287.762107853,202.02499389648438,70.72502136230469,134.9499969482422,403.5499572753906,202.02499389648438,70.72502136230469,134.9499969482422,403.5499572753906,nan,nan,nan,nan,0.5035299062728882,nan,0,nan,nan,nan,TRACKING,0.05655734599997686,0.0,0.0,11.164796414409386,0,0,0,0.0,0.0,1.0,0,0,0,0,19,5,0
2658,288.049093526,202.02499389648438,70.72502136230469,134.9499969482422,403.5499572753906,202.02499389648438,70.72502136230469,134.9499969482422,403.5499572753906,nan,nan,nan,nan,0.49706006050109863,nan,0,nan,nan,nan,SUSPECTED_LOST,0.04373409200002243,0.21957708900004036,0.0,3.484494502971188,1,0,0,0.0,0.0,1.0,0,0,0,0,19,5,0
2659,288.34291431400004,202.02499389648438,70.72502136230469,134.9499969482422,403.5499572753906,202.02499389648438,70.72502136230469,134.9499969482422,403.5499572753906,nan,nan,nan,nan,0.4986150860786438,nan,0,nan,nan,nan,SUSPECTED_LOST,0.05813704100000905,0.20695879300001252,0.0,3.4034351578955997,1,0,0,0.0,0.0,1.0,0,0,0,0,19,5,0
2660,288.73914818000003,197.35769653320312,70.72502136230469,134.9499969482422,403.5499572753906,197.35769653320312,70.72502136230469,134.9499969482422,403.5499572753906,nan,nan,nan,nan,0.486943781375885,nan,0,nan,nan,nan,SUSPECTED_LOST,0.05309278400000039,0.3190237659999866,0.0,2.523762065305212,1,0,0,4.66729736328125,0.005834121704101563,1.0,0,0,0,0,19,5,0
2661,288.83495562400003,169.021240234375,70.72502136230469,134.9499969482422,403.5499572753906,169.021240234375,70.72502136230469,134.9499969482422,403.5499572753906,nan,nan,nan,nan,0.5438684225082397,nan,0,nan,nan,nan,TRACKING,0.06272012499994162,0.0,0.0,10.437602322424766,0,0,0,28.336456298828125,0.03542057037353516,1.0,0,0,0,0,19,5,0
2662,288.900229887,169.02499389648438,70.72502136230469,134.9499969482422,403.5499572753906,169.02499389648438,70.72502136230469,134.9499969482422,403.5499572753906,nan,nan,nan,nan,0.5397997498512268,nan,0,nan,nan,nan,TRACKING,0.04319495400000051,0.0,0.0,15.319973815715416,0,0,0,0.003753662109375,4.69207763671875e-06,1.0,0,0,0,0,19,5,0
2663,288.978773985,164.35769653320312,70.72502136230469,134.9499969482422,403.5499572753906,164.35769653320312,70.72502136230469,134.9499969482422,403.5499572753906,nan,nan,nan,nan,0.5345582962036133,nan,0,nan,nan,nan,TRACKING,0.0550190129999919,0.0,0.0,12.731701368581632,0,0,0,4.66729736328125,0.005834121704101563,1.0,0,0,0,0,19,5,0
2664,289.08132606899994,154.69039916992188,70.72502136230469,134.9499969482422,403.5499572753906,154.69039916992188,70.72502136230469,134.9499969482422,403.5499572753906,nan,nan,nan,nan,0.5565497279167175,nan,0,nan,nan,nan,TRACKING,0.05993534599997474,0.0,0.0,9.751142648649832,0,0,0,9.66729736328125,0.012084121704101563,1.0,0,0,0,0,19,5,0
2665,289.158546065,150.35769653320312,70.72502136230469,134.9499969482422,403.5499572753906,150.35769653320312,70.72502136230469,134.9499969482422,403.5499572753906,nan,nan,nan,nan,0.5659574866294861,nan,0,nan,nan,nan,TRACKING,0.053837993000001916,0.0,0.0,12.950013620815358,0,0,0,4.33270263671875,0.0054158782958984375,1.0,0,0,0,0,19,5,0
2666,289.24834074399996,145.35769653320312,70.72502136230469,134.9499969482422,403.5499572753906,145.35769653320312,70.72502136230469,134.9499969482422,403.5499572753906,nan,nan,nan,nan,0.558795154094696,nan,0,nan,nan,nan,TRACKING,0.05206099300005462,0.0,0.0,11.136517343086544,0,0,0,5.0,0.00625,1.0,0,0,0,0,19,5,0
2667,289.32382682699995,149.69229125976562,70.72502136230469,134.9499969482422,403.5499572753906,149.69229125976562,70.72502136230469,134.9499969482422,403.5499572753906,nan,nan,nan,nan,0.5574569702148438,nan,0,nan,nan,nan,TRACKING,0.05241050799997993,0.0,0.0,13.247475034572552,0,0,0,4.3345947265625,0.005418243408203125,1.0,0,0,0,0,19,5,0
2668,289.40153022799996,150.02499389648438,70.72502136230469,134.9499969482422,403.5499572753906,150.02499389648438,70.72502136230469,134.9499969482422,403.5499572753906,nan,nan,nan,nan,0.5638056993484497,nan,0,nan,nan,nan,TRACKING,0.04821500599996398,0.0,0.0,12.869449562444478,0,0,0,0.33270263671875,0.0004158782958984375,1.0,0,0,0,0,19,5,0
2669,289.48307795799997,145.35769653320312,70.72502136230469,134.9499969482422,403.5499572753906,145.35769653320312,70.72502136230469,134.9499969482422,403.5499572753906,nan,nan,nan,nan,0.5599669814109802,nan,0,nan,nan,nan,TRACKING,0.058235543000023426,0.0,0.0,12.262757038115756,0,0,0,4.66729736328125,0.005834121704101563,1.0,0,0,0,0,19,5,0
2670,289.79144368699997,149.69229125976562,70.72502136230469,134.9499969482422,403.5499572753906,149.69229125976562,70.72502136230469,134.9499969482422,403.5499572753906,139.0,56.0,141.0,417.0,0.5682722330093384,0.960992,1,0.8616455714095982,0.013851180673015108,1.0796549565655245,DETECTOR_CONFIRMED,0.09707776400000512,0.18287505900002543,0.0,3.242902521116391,0,0,0,4.3345947265625,0.005418243408203125,1.0,0,0,0,0,19,5,0
2671,289.850047172,150.02499389648438,70.72502136230469,134.9499969482422,403.5499572753906,150.02499389648438,70.72502136230469,134.9499969482422,403.5499572753906,nan,nan,nan,nan,0.6115236282348633,nan,0,nan,nan,nan,TRACKING,0.03482746399993175,0.0,0.0,17.06383161341289,0,0,0,0.33270263671875,0.0004158782958984375,1.0,0,0,0,0,19,5,0
2672,289.91904497099995,150.02499389648438,70.72502136230469,134.9499969482422,403.5499572753906,150.02499389648438,70.72502136230469,134.9499969482422,403.5499572753906,nan,nan,nan,nan,0.5970867276191711,nan,0,nan,nan,nan,TRACKING,0.042006449999917095,0.0,0.0,14.493215935786665,0,0,0,0.0,0.0,1.0,0,0,0,0,19,5,0
2673,290.00314188799996,150.02499389648438,70.72502136230469,134.9499969482422,403.5499572753906,150.02499389648438,70.72502136230469,134.9499969482422,403.5499572753906,nan,nan,nan,nan,0.6005054712295532,nan,0,nan,nan,nan,TRACKING,0.055962833999956274,0.0,0.0,11.891042331550299,0,0,0,0.0,0.0,1.0,0,0,0,0,19,5,0
2674,290.086566362,150.02499389648438,70.72502136230469,134.9499969482422,403.5499572753906,150.02499389648438,70.72502136230469,134.9499969482422,403.5499572753906,nan,nan,nan,nan,0.5941785573959351,nan,0,nan,nan,nan,TRACKING,0.05547451899997213,0.0,0.0,11.98689008215611,0,0,0,0.0,0.0,1.0,0,0,0,0,19,5,0
2675,290.175030353,150.02499389648438,70.72502136230469,134.9499969482422,403.5499572753906,150.02499389648438,70.72502136230469,134.9499969482422,403.5499572753906,nan,nan,nan,nan,0.5932186245918274,nan,0,nan,nan,nan,TRACKING,0.06025974599992878,0.0,0.0,11.304034429101284,0,0,0,0.0,0.0,1.0,0,0,0,0,19,5,0
2676,290.250930348,150.02499389648438,70.72502136230469,134.9499969482422,403.5499572753906,150.02499389648438,70.72502136230469,134.9499969482422,403.5499572753906,nan,nan,nan,nan,0.5943283438682556,nan,0,nan,nan,nan,TRACKING,0.04915074699999877,0.0,0.0,13.175231434470883,0,0,0,0.0,0.0,1.0,0,0,0,0,19,5,0
2677,290.337559003,150.02499389648438,70.72502136230469,134.9499969482422,403.5499572753906,150.02499389648438,70.72502136230469,134.9499969482422,403.5499572753906,nan,nan,nan,nan,0.5904654860496521,nan,0,nan,nan,nan,TRACKING,0.062382913999954326,0.0,0.0,11.543524483898434,0,0,0,0.0,0.0,1.0,0,0,0,0,19,5,0
2678,290.426007971,150.02499389648438,70.72502136230469,134.9499969482422,403.5499572753906,150.02499389648438,70.72502136230469,134.9499969482422,403.5499572753906,nan,nan,nan,nan,0.594144880771637,nan,0,nan,nan,nan,TRACKING,0.059783672999969895,0.0,0.0,11.305954412044512,0,0,0,0.0,0.0,1.0,0,0,0,0,19,5,0
2679,290.50285130099996,150.02499389648438,70.72502136230469,134.9499969482422,403.5499572753906,150.02499389648438,70.72502136230469,134.9499969482422,403.5499572753906,nan,nan,nan,nan,0.5981452465057373,nan,0,nan,nan,nan,TRACKING,0.04952390899995862,0.0,0.0,13.0134912164834,0,0,0,0.0,0.0,1.0,0,0,0,0,19,5,0
2680,290.569564251,150.02499389648438,70.72502136230469,134.9499969482422,403.5499572753906,150.02499389648438,70.72502136230469,134.9499969482422,403.5499572753906,nan,nan,nan,nan,0.6005600094795227,nan,0,nan,nan,nan,TRACKING,0.043529333000037695,0.0,0.0,14.9895934747279,0,0,0,0.0,0.0,1.0,0,0,0,0,19,5,0
2681,290.65072428300005,150.02499389648438,70.72502136230469,134.9499969482422,403.5499572753906,150.02499389648438,70.72502136230469,134.9499969482422,403.5499572753906,nan,nan,nan,nan,0.6006905436515808,nan,0,nan,nan,nan,TRACKING,0.05791594099991926,0.0,0.0,12.321335703750446,0,0,0,0.0,0.0,1.0,0,0,0,0,19,5,0
2682,290.73100159800003,150.02499389648438,70.72502136230469,134.9499969482422,403.5499572753906,150.02499389648438,70.72502136230469,134.9499969482422,403.5499572753906,nan,nan,nan,nan,0.592768669128418,nan,0,nan,nan,nan,TRACKING,0.05201959999999417,0.0,0.0,12.456819214744945,0,0,0,0.0,0.0,1.0,0,0,0,0,19,5,0
2683,290.80872957199995,150.02499389648438,70.72502136230469,134.9499969482422,403.5499572753906,150.02499389648438,70.72502136230469,134.9499969482422,403.5499572753906,nan,nan,nan,nan,0.5930925607681274,nan,0,nan,nan,nan,TRACKING,0.05042996099996344,0.0,0.0,12.865381001711413,0,0,0,0.0,0.0,1.0,0,0,0,0,19,5,0
2684,290.88670318799996,150.02499389648438,70.72502136230469,134.9499969482422,403.5499572753906,150.02499389648438,70.72502136230469,134.9499969482422,403.5499572753906,nan,nan,nan,nan,0.5997790098190308,nan,0,nan,nan,nan,TRACKING,0.05530982499999482,0.0,0.0,12.824850908541835,0,0,0,0.0,0.0,1.0,0,0,0,0,19,5,0
2685,291.22153791899996,150.02499389648438,70.72502136230469,134.9499969482422,403.5499572753906,150.02499389648438,70.72502136230469,134.9499969482422,403.5499572753906,139.0,55.0,140.0,416.0,0.5989426374435425,0.954821,1,0.845299274410067,0.01593442962092772,1.0694270910144419,DETECTOR_CONFIRMED,0.0559444519999488,0.25045369699989806,0.0,2.9865480113530922,0,0,0,0.0,0.0,1.0,0,0,0,0,19,5,0
2686,291.312101688,145.35769653320312,70.72502136230469,134.9499969482422,403.5499572753906,145.35769653320312,70.72502136230469,134.9499969482422,403.5499572753906,nan,nan,nan,nan,0.6125980615615845,nan,0,nan,nan,nan,TRACKING,0.05995902000006481,0.0,0.0,11.041943274243536,0,0,0,4.66729736328125,0.005834121704101563,1.0,0,0,0,0,19,5,0
2687,291.38941081999997,145.02499389648438,70.72502136230469,134.9499969482422,403.5499572753906,145.02499389648438,70.72502136230469,134.9499969482422,403.5499572753906,nan,nan,nan,nan,0.6061916351318359,nan,0,nan,nan,nan,TRACKING,0.05091719200004263,0.0,0.0,12.935082494526405,0,0,0,0.33270263671875,0.0004158782958984375,1.0,0,0,0,0,19,5,0
2688,291.46115400300005,145.02499389648438,70.72502136230469,134.9499969482422,403.5499572753906,145.02499389648438,70.72502136230469,134.9499969482422,403.5499572753906,nan,nan,nan,nan,0.6148315072059631,nan,0,nan,nan,nan,TRACKING,0.048676519999958145,0.0,0.0,13.938606543270842,0,0,0,0.0,0.0,1.0,0,0,0,0,19,5,0
2689,291.530880175,145.02499389648438,70.72502136230469,134.9499969482422,403.5499572753906,145.02499389648438,70.72502136230469,134.9499969482422,403.5499572753906,nan,nan,nan,nan,0.5981810092926025,nan,0,nan,nan,nan,TRACKING,0.04176000999996177,0.0,0.0,14.341817015291966,0,0,0,0.0,0.0,1.0,0,0,0,0,19,5,0
2690,291.611610111,145.02499389648438,70.72502136230469,134.9499969482422,403.5499572753906,145.02499389648438,70.72502136230469,134.9499969482422,403.5499572753906,nan,nan,nan,nan,0.608227550983429,nan,0,nan,nan,nan,TRACKING,0.05284268699995209,0.0,0.0,12.386978728681973,0,0,0,0.0,0.0,1.0,0,0,0,0,19,5,0
2691,291.692833154,149.69229125976562,70.72502136230469,134.9499969482422,403.5499572753906,149.69229125976562,70.72502136230469,134.9499969482422,403.5499572753906,nan,nan,nan,nan,0.5922586917877197,nan,0,nan,nan,nan,TRACKING,0.057692129000088244,0.0,0.0,12.311777090150644,0,0,0,4.66729736328125,0.005834121704101563,1.0,0,0,0,0,19,5,0
2692,291.77942088199995,154.69229125976562,70.72502136230469,134.9499969482422,403.5499572753906,154.69229125976562,70.72502136230469,134.9499969482422,403.5499572753906,nan,nan,nan,nan,0.5870082974433899,nan,0,nan,nan,nan,TRACKING,0.06258391799997298,0.0,0.0,11.548980705451076,0,0,0,5.0,0.00625,1.0,0,0,0,0,19,5,0
2693,291.859284249,169.02688598632812,70.72502136230469,134.9499969482422,403.5499572753906,169.02688598632812,70.72502136230469,134.9499969482422,403.5499572753906,nan,nan,nan,nan,0.584994375705719,nan,0,nan,nan,nan,TRACKING,0.05475286699993376,0.0,0.0,12.521385430689707,0,0,0,14.3345947265625,0.017918243408203124,1.0,0,0,0,0,19,5,0
2694,291.930985867,178.35958862304688,70.72502136230469,134.9499969482422,403.5499572753906,178.35958862304688,70.72502136230469,134.9499969482422,403.5499572753906,nan,nan,nan,nan,0.5721702575683594,nan,0,nan,nan,nan,TRACKING,0.0483560809999517,0.0,0.0,13.946686670302478,0,0,0,9.33270263671875,0.011665878295898437,1.0,0,0,0,0,19,5,0
2695,292.06457114700004,192.02688598632812,70.72502136230469,134.9499969482422,403.5499572753906,192.02688598632812,70.72502136230469,134.9499969482422,403.5499572753906,nan,nan,nan,nan,0.5249406099319458,nan,0,nan,nan,nan,TRACKING,0.10799506000000747,0.0,0.0,7.485854728902363,0,0,0,13.66729736328125,0.017084121704101562,1.0,0,0,0,0,19,5,0
2696,292.136139266,215.3614501953125,70.72502136230469,134.9499969482422,403.5499572753906,215.3614501953125,70.72502136230469,134.9499969482422,403.5499572753906,nan,nan,nan,nan,0.5011403560638428,nan,0,nan,nan,nan,TRACKING,0.048353321000035976,0.0,0.0,13.972702007170506,0,0,0,23.334564208984375,0.02916820526123047,1.0,0,0,0,0,19,5,0
2697,292.449181276,224.35958862304688,70.72502136230469,134.9499969482422,403.5499572753906,224.35958862304688,70.72502136230469,134.9499969482422,403.5499572753906,nan,nan,nan,nan,0.49574902653694153,nan,0,nan,nan,nan,SUSPECTED_LOST,0.04995889799999986,0.23917576799999551,0.0,3.1944594273464704,1,0,0,8.998138427734375,0.01124767303466797,1.0,0,0,0,0,19,5,0
2698,292.763861721,238.02688598632812,70.72502136230469,134.9499969482422,403.5499572753906,232.15941009521484,68.95375747680664,128.48249893188478,409.04248504638673,229.0,68.0,125.0,412.0,0.4683128893375397,0.939557,1,0.7911161641036121,0.017602501972543264,1.0574575825781987,SOFT_REINITIALIZING,0.04591254600006778,0.24153665300002558,0.0,3.177826953943486,1,0,0,13.66729736328125,0.017084121704101562,1.0,0,0,0,0,20,5,0
2699,292.790234889,232.15941009521484,68.95375747680664,128.48249893188478,409.04248504638673,232.15941009521484,68.95375747680664,128.48249893188478,409.04248504638673,nan,nan,nan,nan,,nan,0,nan,nan,nan,INITIALIZING,0.0,0.0,0.0,37.917325669839,0,0,0,0.0,0.0,1.0,0,0,0,0,20,5,0
2700,292.81852505899997,232.15941009521484,68.95375747680664,128.48249893188478,409.04248504638673,232.15941009521484,68.95375747680664,128.48249893188478,409.04248504638673,nan,nan,nan,nan,,nan,0,nan,nan,nan,INITIALIZING,0.0,0.0,0.0,35.34796715609393,0,0,0,0.0,0.0,1.0,0,0,0,0,20,5,0
2701,292.866776772,232.15941009521484,68.95375747680664,128.48249893188478,409.04248504638673,232.15941009521484,68.95375747680664,128.48249893188478,409.04248504638673,nan,nan,nan,nan,,nan,0,nan,nan,nan,INITIALIZING,0.0,0.0,0.0,20.72465282216456,0,0,0,0.0,0.0,1.0,0,0,0,0,20,5,0
2702,292.900817639,232.15941009521484,68.95375747680664,128.48249893188478,409.04248504638673,232.15941009521484,68.95375747680664,128.48249893188478,409.04248504638673,nan,nan,nan,nan,,nan,0,nan,nan,nan,INITIALIZING,0.0,0.0,0.0,29.37645507086231,0,0,0,0.0,0.0,1.0,0,0,0,0,20,5,0
2703,292.92447515699996,232.15941009521484,68.95375747680664,128.48249893188478,409.04248504638673,232.15941009521484,68.95375747680664,128.48249893188478,409.04248504638673,nan,nan,nan,nan,,nan,0,nan,nan,nan,INITIALIZING,0.0,0.0,0.0,42.269861107267964,0,0,0,0.0,0.0,1.0,0,0,0,0,20,5,0
2704,292.948121893,232.15941009521484,68.95375747680664,128.48249893188478,409.04248504638673,232.15941009521484,68.95375747680664,128.48249893188478,409.04248504638673,nan,nan,nan,nan,,nan,0,nan,nan,nan,INITIALIZING,0.0,0.0,0.0,42.289134534172135,0,0,0,0.0,0.0,1.0,0,0,0,0,20,5,0
2705,292.97838339299994,232.15941009521484,68.95375747680664,128.48249893188478,409.04248504638673,232.15941009521484,68.95375747680664,128.48249893188478,409.04248504638673,nan,nan,nan,nan,,nan,0,nan,nan,nan,INITIALIZING,0.0,0.0,0.0,33.045288568050374,0,0,0,0.0,0.0,1.0,0,0,0,0,20,5,0
2706,293.013284214,232.15941009521484,68.95375747680664,128.48249893188478,409.04248504638673,232.15941009521484,68.95375747680664,128.48249893188478,409.04248504638673,nan,nan,nan,nan,,nan,0,nan,nan,nan,INITIALIZING,0.0,0.0,0.0,28.652621094447742,0,0,0,0.0,0.0,1.0,0,0,0,0,20,5,0
2707,293.046222091,232.15941009521484,68.95375747680664,128.48249893188478,409.04248504638673,232.15941009521484,68.95375747680664,128.48249893188478,409.04248504638673,nan,nan,nan,nan,,nan,0,nan,nan,nan,INITIALIZING,0.0,0.0,0.0,30.360183809058388,0,0,0,0.0,0.0,1.0,0,0,0,0,20,5,0
2708,293.081251566,232.15941009521484,68.95375747680664,128.48249893188478,409.04248504638673,232.15941009521484,68.95375747680664,128.48249893188478,409.04248504638673,nan,nan,nan,nan,,nan,0,nan,nan,nan,INITIALIZING,0.0,0.0,0.0,28.547387592887294,0,0,0,0.0,0.0,1.0,0,0,0,0,20,5,0
2709,293.13027973600003,232.15941009521484,68.95375747680664,128.48249893188478,409.04248504638673,232.15941009521484,68.95375747680664,128.48249893188478,409.04248504638673,nan,nan,nan,nan,,nan,0,nan,nan,nan,INITIALIZING,0.0,0.0,0.0,20.396437395055464,0,0,0,0.0,0.0,1.0,0,0,0,0,20,5,0
2710,293.167654629,232.15941009521484,68.95375747680664,128.48249893188478,409.04248504638673,232.15941009521484,68.95375747680664,128.48249893188478,409.04248504638673,nan,nan,nan,nan,,nan,0,nan,nan,nan,INITIALIZING,0.0,0.0,0.0,26.75592944173017,0,0,0,0.0,0.0,1.0,0,0,0,0,20,5,0
2711,293.19541590999995,232.15941009521484,68.95375747680664,128.48249893188478,409.04248504638673,232.15941009521484,68.95375747680664,128.48249893188478,409.04248504638673,nan,nan,nan,nan,,nan,0,nan,nan,nan,INITIALIZING,0.0,0.0,0.0,36.0213925287772,0,0,0,0.0,0.0,1.0,0,0,0,0,20,5,0
2712,293.222644447,232.15941009521484,68.95375747680664,128.48249893188478,409.04248504638673,232.15941009521484,68.95375747680664,128.48249893188478,409.04248504638673,nan,nan,nan,nan,,nan,0,nan,nan,nan,INITIALIZING,0.0,0.0,0.0,36.726174454340494,0,0,0,0.0,0.0,1.0,0,0,0,0,20,5,0
2713,293.252414821,232.15941009521484,68.95375747680664,128.48249893188478,409.04248504638673,232.15941009521484,68.95375747680664,128.48249893188478,409.04248504638673,nan,nan,nan,nan,,nan,0,nan,nan,nan,INITIALIZING,0.0,0.0,0.0,33.59044128903802,0,0,0,0.0,0.0,1.0,0,0,0,0,20,5,0
2714,293.28105506199995,232.15941009521484,68.95375747680664,128.48249893188478,409.04248504638673,232.15941009521484,68.95375747680664,128.48249893188478,409.04248504638673,nan,nan,nan,nan,,nan,0,nan,nan,nan,INITIALIZING,0.0,0.0,0.0,34.91590730684871,0,0,0,0.0,0.0,1.0,0,0,0,0,20,5,0
2715,293.323829135,232.15941009521484,68.95375747680664,128.48249893188478,409.04248504638673,232.15941009521484,68.95375747680664,128.48249893188478,409.04248504638673,nan,nan,nan,nan,,nan,0,nan,nan,nan,INITIALIZING,0.0,0.0,0.0,23.378648088977734,0,0,0,0.0,0.0,1.0,0,0,0,0,20,5,0
2716,293.36001157500004,232.15941009521484,68.95375747680664,128.48249893188478,409.04248504638673,232.15941009521484,68.95375747680664,128.48249893188478,409.04248504638673,nan,nan,nan,nan,,nan,0,nan,nan,nan,INITIALIZING,0.0,0.0,0.0,27.63771597488456,0,0,0,0.0,0.0,1.0,0,0,0,0,20,5,0
2717,293.412099336,232.15941009521484,68.95375747680664,128.48249893188478,409.04248504638673,232.15941009521484,68.95375747680664,128.48249893188478,409.04248504638673,nan,nan,nan,nan,,nan,0,nan,nan,nan,INITIALIZING,0.0,0.0,0.0,19.198367923727307,0,0,0,0.0,0.0,1.0,0,0,0,0,20,5,0
2718,293.458775125,232.15941009521484,68.95375747680664,128.48249893188478,409.04248504638673,232.15941009521484,68.95375747680664,128.48249893188478,409.04248504638673,nan,nan,nan,nan,,nan,0,nan,nan,nan,INITIALIZING,0.0,0.0,0.0,21.424383420704153,0,0,0,0.0,0.0,1.0,0,0,0,0,20,5,0
2719,293.56550044999994,255.18359375,68.978759765625,128.4824981689453,409.04248046875,255.18359375,68.978759765625,128.4824981689453,409.04248046875,nan,nan,nan,nan,0.5771565437316895,nan,0,nan,nan,nan,TRACKING,0.060288406000040595,0.0,0.7326864179999575,9.369847315999326,0,0,0,23.024196845996997,0.028780246057496246,1.0000000171291845,0,0,0,0,20,5,0
2720,293.65936888499994,255.25875854492188,68.978759765625,128.4824981689453,409.04248046875,255.25875854492188,68.978759765625,128.4824981689453,409.04248046875,nan,nan,nan,nan,0.5764590501785278,nan,0,nan,nan,nan,TRACKING,0.05251815399992665,0.0,0.0,10.653208397477844,0,0,0,0.075164794921875,9.395599365234375e-05,1.0,0,0,0,0,20,5,0
2721,293.766631016,264.4286804199219,68.978759765625,128.4824981689453,409.04248046875,264.4286804199219,68.978759765625,128.4824981689453,409.04248046875,nan,nan,nan,nan,0.5551068782806396,nan,0,nan,nan,nan,TRACKING,0.0710200519999944,0.0,0.0,9.32295480871265,0,0,0,9.169921875,0.01146240234375,1.0,0,0,0,0,20,5,0
2722,293.86414292099994,273.4286804199219,68.978759765625,128.4824981689453,409.04248046875,273.4286804199219,68.978759765625,128.4824981689453,409.04248046875,nan,nan,nan,nan,0.5154816508293152,nan,0,nan,nan,nan,TRACKING,0.05836900899998909,0.0,0.0,10.255158075322464,0,0,0,9.0,0.01125,1.0,0,0,0,0,20,5,0
2723,293.94408976,273.2587585449219,68.978759765625,128.4824981689453,409.04248046875,273.2587585449219,68.978759765625,128.4824981689453,409.04248046875,nan,nan,nan,nan,0.5085979104042053,nan,0,nan,nan,nan,TRACKING,0.05248971399998936,0.0,0.0,12.508311929622003,0,0,0,0.169921875,0.00021240234375,1.0,0,0,0,0,20,5,0
2724,294.26183442900003,273.2587585449219,68.978759765625,128.4824981689453,409.04248046875,258.79056549072266,46.89256591796875,160.66887435913085,430.4648681640625,251.0,35.0,178.0,442.0,0.49121591448783875,0.99804,1,0.6652130846376088,0.022097085563382475,1.4970278714309642,SOFT_REINITIALIZING,0.042575831000021935,0.248819964000063,0.0,3.1471810468042483,1,0,0,0.0,0.0,1.0,0,0,0,0,21,5,0
2725,294.291312455,258.79056549072266,46.89256591796875,160.66887435913085,430.4648681640625,258.79056549072266,46.89256591796875,160.66887435913085,430.4648681640625,nan,nan,nan,nan,,nan,0,nan,nan,nan,INITIALIZING,0.0,0.0,0.0,33.923574122644936,0,0,0,0.0,0.0,1.0,0,0,0,0,21,5,0
2726,294.32651553200003,258.79056549072266,46.89256591796875,160.66887435913085,430.4648681640625,258.79056549072266,46.89256591796875,160.66887435913085,430.4648681640625,nan,nan,nan,nan,,nan,0,nan,nan,nan,INITIALIZING,0.0,0.0,0.0,28.40660775192582,0,0,0,0.0,0.0,1.0,0,0,0,0,21,5,0
2727,294.36115076,258.79056549072266,46.89256591796875,160.66887435913085,430.4648681640625,258.79056549072266,46.89256591796875,160.66887435913085,430.4648681640625,nan,nan,nan,nan,,nan,0,nan,nan,nan,INITIALIZING,0.0,0.0,0.0,28.87233772508319,0,0,0,0.0,0.0,1.0,0,0,0,0,21,5,0
2728,294.53287586600004,258.79056549072266,46.89256591796875,160.66887435913085,430.4648681640625,258.79056549072266,46.89256591796875,160.66887435913085,430.4648681640625,nan,nan,nan,nan,,nan,0,nan,nan,nan,INITIALIZING,0.0,0.0,0.0,5.8232603449357505,0,0,0,0.0,0.0,1.0,0,0,0,0,21,5,0
2729,294.585614826,258.79056549072266,46.89256591796875,160.66887435913085,430.4648681640625,258.79056549072266,46.89256591796875,160.66887435913085,430.4648681640625,nan,nan,nan,nan,,nan,0,nan,nan,nan,INITIALIZING,0.0,0.0,0.0,18.9613143679946,0,0,0,0.0,0.0,1.0,0,0,0,0,21,5,0
2730,294.62795925399996,258.79056549072266,46.89256591796875,160.66887435913085,430.4648681640625,258.79056549072266,46.89256591796875,160.66887435913085,430.4648681640625,nan,nan,nan,nan,,nan,0,nan,nan,nan,INITIALIZING,0.0,0.0,0.0,23.615858029786295,0,0,0,0.0,0.0,1.0,0,0,0,0,21,5,0
2731,294.664012908,258.79056549072266,46.89256591796875,160.66887435913085,430.4648681640625,258.79056549072266,46.89256591796875,160.66887435913085,430.4648681640625,nan,nan,nan,nan,,nan,0,nan,nan,nan,INITIALIZING,0.0,0.0,0.0,27.736439696193575,0,0,0,0.0,0.0,1.0,0,0,0,0,21,5,0
2732,294.70900771799995,258.79056549072266,46.89256591796875,160.66887435913085,430.4648681640625,258.79056549072266,46.89256591796875,160.66887435913085,430.4648681640625,nan,nan,nan,nan,,nan,0,nan,nan,nan,INITIALIZING,0.0,0.0,0.0,22.224785480846617,0,0,0,0.0,0.0,1.0,0,0,0,0,21,5,0
2733,294.752995534,258.79056549072266,46.89256591796875,160.66887435913085,430.4648681640625,258.79056549072266,46.89256591796875,160.66887435913085,430.4648681640625,nan,nan,nan,nan,,nan,0,nan,nan,nan,INITIALIZING,0.0,0.0,0.0,22.733567858868103,0,0,0,0.0,0.0,1.0,0,0,0,0,21,5,0
2734,294.802760811,258.79056549072266,46.89256591796875,160.66887435913085,430.4648681640625,258.79056549072266,46.89256591796875,160.66887435913085,430.4648681640625,nan,nan,nan,nan,,nan,0,nan,nan,nan,INITIALIZING,0.0,0.0,0.0,20.094332037976635,0,0,0,0.0,0.0,1.0,0,0,0,0,21,5,0
2735,294.91080264899995,243.38632202148438,47.26756286621094,160.6688690185547,430.4648742675781,243.38632202148438,47.26756286621094,160.6688690185547,430.4648742675781,nan,nan,nan,nan,0.6608952879905701,nan,0,nan,nan,nan,TRACKING,0.06769665499996336,0.0,0.5498637370000097,9.25567371410642,0,0,0,15.408809951683917,0.019261012439604895,1.000000019060751,0,0,0,0,21,5,0
2736,295.00693923200004,237.90582275390625,47.26756286621094,160.6688690185547,430.4648742675781,237.90582275390625,47.26756286621094,160.6688690185547,430.4648742675781,nan,nan,nan,nan,0.6328526139259338,nan,0,nan,nan,nan,TRACKING,0.0708550379999906,0.0,0.0,10.401867517998616,0,0,0,5.480499267578125,0.006850624084472656,1.0,0,0,0,0,21,5,0
2737,295.112859265,238.16555786132812,47.26756286621094,160.6688690185547,430.4648742675781,238.16555786132812,47.26756286621094,160.6688690185547,430.4648742675781,nan,nan,nan,nan,0.6214067339897156,nan,0,nan,nan,nan,TRACKING,0.07801227499999186,0.0,0.0,9.441084671870959,0,0,0,0.259735107421875,0.00032466888427734375,1.0,0,0,0,0,21,5,0
2738,295.23137584899996,232.90582275390625,42.00782775878906,160.6688690185547,430.4648742675781,232.90582275390625,42.00782775878906,160.6688690185547,430.4648742675781,nan,nan,nan,nan,0.6120424866676331,nan,0,nan,nan,nan,TRACKING,0.09297991900007219,0.0,0.0,8.437637723344396,0,0,0,7.438388723405923,0.009297985904257405,1.0,0,0,0,0,21,5,0
2739,295.32915291200004,238.42529296875,47.52729797363281,160.6688690185547,430.4648742675781,238.42529296875,47.52729797363281,160.6688690185547,430.4648742675781,nan,nan,nan,nan,0.5989127159118652,nan,0,nan,nan,nan,TRACKING,0.06537901399997281,0.0,0.0,10.227347491498868,0,0,0,7.805709634946372,0.009757137043682966,1.0,0,0,0,0,21,5,0
2740,295.420614224,232.90582275390625,42.00782775878906,160.6688690185547,430.4648742675781,232.90582275390625,42.00782775878906,160.6688690185547,430.4648742675781,nan,nan,nan,nan,0.6237581372261047,nan,0,nan,nan,nan,TRACKING,0.0601061130000744,0.0,0.0,10.933584683327467,0,0,0,7.805709634946372,0.009757137043682966,1.0,0,0,0,0,21,5,0
2741,295.524577279,238.42529296875,47.52729797363281,160.6688690185547,430.4648742675781,238.42529296875,47.52729797363281,160.6688690185547,430.4648742675781,nan,nan,nan,nan,0.5974329710006714,nan,0,nan,nan,nan,TRACKING,0.0774784829999362,0.0,0.0,9.618801602164535,0,0,0,7.805709634946372,0.009757137043682966,1.0,0,0,0,0,21,5,0
2742,295.63011220600004,232.90582275390625,42.00782775878906,160.6688690185547,430.4648742675781,232.90582275390625,42.00782775878906,160.6688690185547,430.4648742675781,nan,nan,nan,nan,0.6162424087524414,nan,0,nan,nan,nan,TRACKING,0.07280938000008064,0.0,0.0,9.47553599956463,0,0,0,7.805709634946372,0.009757137043682966,1.0,0,0,0,0,21,5,0
2743,295.73675470399996,238.42529296875,47.52729797363281,160.6688690185547,430.4648742675781,238.42529296875,47.52729797363281,160.6688690185547,430.4648742675781,nan,nan,nan,nan,0.6201654672622681,nan,0,nan,nan,nan,TRACKING,0.06868645800000195,0.0,0.0,9.377124680637847,0,0,0,7.805709634946372,0.009757137043682966,1.0,0,0,0,0,21,5,0
2744,295.81536331200004,238.16555786132812,42.00782775878906,160.6688690185547,430.4648742675781,238.16555786132812,42.00782775878906,160.6688690185547,430.4648742675781,nan,nan,nan,nan,0.6141449213027954,nan,0,nan,nan,nan,TRACKING,0.053145821000043725,0.0,0.0,12.721253122800043,0,0,0,5.525578139758297,0.006906972674697871,1.0,0,0,0,0,21,5,0
2745,296.158341564,238.16555786132812,47.52729797363281,160.6688690185547,430.4648742675781,238.16555786132812,47.52729797363281,160.6688690185547,430.4648742675781,234.0,28.0,156.0,448.0,0.6273689866065979,0.991438,1,0.8792260087762904,0.01571334029176205,1.0104926448656093,DETECTOR_CONFIRMED,0.07044724900003985,0.25006543999995756,0.0,2.915636761715429,0,0,0,5.51947021484375,0.006899337768554687,1.0,0,0,0,0,21,5,0
2746,296.23452564,238.16555786132812,47.26756286621094,160.6688690185547,430.4648742675781,238.16555786132812,47.26756286621094,160.6688690185547,430.4648742675781,nan,nan,nan,nan,0.6327217221260071,nan,0,nan,nan,nan,TRACKING,0.0450817600000164,0.0,0.0,13.126102625435088,0,0,0,0.259735107421875,0.00032466888427734375,1.0,0,0,0,0,21,5,0
2747,296.316811692,238.16555786132812,47.26756286621094,160.6688690185547,430.4648742675781,238.16555786132812,47.26756286621094,160.6688690185547,430.4648742675781,nan,nan,nan,nan,0.6303926706314087,nan,0,nan,nan,nan,TRACKING,0.05529160399999,0.0,0.0,12.152727900961125,0,0,0,0.0,0.0,1.0,0,0,0,0,21,5,0
2748,296.38688006200005,238.16555786132812,47.26756286621094,160.6688690185547,430.4648742675781,238.16555786132812,47.26756286621094,160.6688690185547,430.4648742675781,nan,nan,nan,nan,0.632840096950531,nan,0,nan,nan,nan,TRACKING,0.047178787000007105,0.0,0.0,14.27177483933435,0,0,0,0.0,0.0,1.0,0,0,0,0,21,5,0
2749,296.46557095900005,238.16555786132812,42.00782775878906,160.6688690185547,430.4648742675781,238.16555786132812,42.00782775878906,160.6688690185547,430.4648742675781,nan,nan,nan,nan,0.6385768055915833,nan,0,nan,nan,nan,TRACKING,0.055475772999898254,0.0,0.0,12.707950196577164,0,0,0,5.259735107421875,0.006574668884277344,1.0,0,0,0,0,21,5,0
2750,296.545835186,238.16555786132812,47.52729797363281,160.6688690185547,430.4648742675781,238.16555786132812,47.52729797363281,160.6688690185547,430.4648742675781,nan,nan,nan,nan,0.6381141543388367,nan,0,nan,nan,nan,TRACKING,0.05334449199995106,0.0,0.0,12.458850441565664,0,0,0,5.51947021484375,0.006899337768554687,1.0,0,0,0,0,21,5,0
2751,296.62526368299996,238.16555786132812,42.00782775878906,160.6688690185547,430.4648742675781,238.16555786132812,42.00782775878906,160.6688690185547,430.4648742675781,nan,nan,nan,nan,0.660804808139801,nan,0,nan,nan,nan,TRACKING,0.05563234599992484,0.0,0.0,12.589939854964673,0,0,0,5.51947021484375,0.006899337768554687,1.0,0,0,0,0,21,5,0
2752,296.697893153,243.42529296875,47.52729797363281,160.6688690185547,430.4648742675781,243.42529296875,47.52729797363281,160.6688690185547,430.4648742675781,nan,nan,nan,nan,0.6314938068389893,nan,0,nan,nan,nan,TRACKING,0.04973431299993081,0.0,0.0,13.768515727837144,0,0,0,7.624261593937705,0.009530326992422131,1.0,0,0,0,0,21,5,0
2753,296.77331353,243.16555786132812,42.00782775878906,160.6688690185547,430.4648742675781,243.16555786132812,42.00782775878906,160.6688690185547,430.4648742675781,nan,nan,nan,nan,0.6219918131828308,nan,0,nan,nan,nan,TRACKING,0.052369794000014736,0.0,0.0,13.259016193992176,0,0,0,5.525578139758297,0.006906972674697871,1.0,0,0,0,0,21,5,0
2754,296.853994867,243.16555786132812,47.52729797363281,160.6688690185547,430.4648742675781,243.16555786132812,47.52729797363281,160.6688690185547,430.4648742675781,nan,nan,nan,nan,0.5868644118309021,nan,0,nan,nan,nan,TRACKING,0.055078352000009545,0.0,0.0,12.394440116927637,0,0,0,5.51947021484375,0.006899337768554687,1.0,0,0,0,0,21,5,0
2755,296.929998823,243.16555786132812,47.26756286621094,160.6688690185547,430.4648742675781,243.16555786132812,47.26756286621094,160.6688690185547,430.4648742675781,nan,nan,nan,nan,0.5849006772041321,nan,0,nan,nan,nan,TRACKING,0.04620122400001492,0.0,0.0,13.157209869440305,0,0,0,0.259735107421875,0.00032466888427734375,1.0,0,0,0,0,21,5,0
2756,297.001378421,243.16555786132812,47.26756286621094,160.6688690185547,430.4648742675781,243.16555786132812,47.26756286621094,160.6688690185547,430.4648742675781,nan,nan,nan,nan,0.5625180006027222,nan,0,nan,nan,nan,TRACKING,0.045895059000031324,0.0,0.0,14.00960537771172,0,0,0,0.0,0.0,1.0,0,0,0,0,21,5,0
2757,297.092310463,243.16555786132812,47.26756286621094,160.6688690185547,430.4648742675781,243.16555786132812,47.26756286621094,160.6688690185547,430.4648742675781,nan,nan,nan,nan,0.5893985033035278,nan,0,nan,nan,nan,TRACKING,0.053363346999958594,0.0,0.0,10.997223618935184,0,0,0,0.0,0.0,1.0,0,0,0,0,21,5,0
2758,297.177529068,237.90582275390625,47.26756286621094,160.6688690185547,430.4648742675781,237.90582275390625,47.26756286621094,160.6688690185547,430.4648742675781,nan,nan,nan,nan,0.6170872449874878,nan,0,nan,nan,nan,TRACKING,0.0582160510000449,0.0,0.0,11.734526750346745,0,0,0,5.259735107421875,0.006574668884277344,1.0,0,0,0,0,21,5,0
2759,297.31576388300005,232.90582275390625,52.52729797363281,160.6688690185547,430.4648742675781,232.90582275390625,52.52729797363281,160.6688690185547,430.4648742675781,nan,nan,nan,nan,0.6192325353622437,nan,0,nan,nan,nan,TRACKING,0.10850255700006528,0.0,0.0,7.234067626160346,0,0,0,7.257052666216927,0.00907131583277116,1.0,0,0,0,0,21,5,0
2760,297.67432291399996,243.68505859375,47.00782775878906,160.6688690185547,430.4648742675781,243.68505859375,47.00782775878906,160.6688690185547,430.4648742675781,186.0,53.0,246.0,420.0,0.5521607995033264,0.976867,1,0.642667032574012,0.018798369714275395,1.4938773475777638,DETECTOR_CONFIRMED,0.05365499199990609,0.27850961599995117,0.0,2.7889410488735997,0,0,0,12.110180706476651,0.015137725883095815,1.0,0,0,0,0,21,5,0
2761,297.76006003,238.90582275390625,47.26756286621094,160.6688690185547,430.4648742675781,238.90582275390625,47.26756286621094,160.6688690185547,430.4648742675781,nan,nan,nan,nan,0.6313431859016418,nan,0,nan,nan,nan,TRACKING,0.05691655099997206,0.0,0.0,11.663560038569353,0,0,0,4.786288493067927,0.005982860616334909,1.0,0,0,0,0,21,5,0
2762,297.83376930500003,239.16555786132812,47.26756286621094,160.6688690185547,430.4648742675781,239.16555786132812,47.26756286621094,160.6688690185547,430.4648742675781,nan,nan,nan,nan,0.605866551399231,nan,0,nan,nan,nan,TRACKING,0.05022498499999983,0.0,0.0,13.566813674388266,0,0,0,0.259735107421875,0.00032466888427734375,1.0,0,0,0,0,21,5,0
2763,297.912040691,239.16555786132812,47.26756286621094,160.6688690185547,430.4648742675781,239.16555786132812,47.26756286621094,160.6688690185547,430.4648742675781,nan,nan,nan,nan,0.5901861786842346,nan,0,nan,nan,nan,TRACKING,0.05177690499999699,0.0,0.0,12.77606097329382,0,0,0,0.0,0.0,1.0,0,0,0,0,21,5,0
2764,297.998037875,233.90582275390625,42.00782775878906,160.6688690185547,430.4648742675781,233.90582275390625,42.00782775878906,160.6688690185547,430.4648742675781,nan,nan,nan,nan,0.5795849561691284,nan,0,nan,nan,nan,TRACKING,0.060352548999958344,0.0,0.0,11.62828773556024,0,0,0,7.438388723405923,0.009297985904257405,1.0,0,0,0,0,21,5,0
2765,298.08907027299995,234.16555786132812,42.26756286621094,160.6688690185547,430.4648742675781,234.16555786132812,42.26756286621094,160.6688690185547,430.4648742675781,nan,nan,nan,nan,0.5448665022850037,nan,0,nan,nan,nan,TRACKING,0.062175529000001006,0.0,0.0,10.985100051970795,0,0,0,0.3673209115404484,0.0004591511394255605,1.0,0,0,0,0,21,5,0
2766,298.168712786,223.64605712890625,42.26756286621094,160.6688690185547,430.4648742675781,223.64605712890625,42.26756286621094,160.6688690185547,430.4648742675781,nan,nan,nan,nan,0.5780264139175415,nan,0,nan,nan,nan,TRACKING,0.05557870699999512,0.0,0.0,12.556108067548768,0,0,0,10.519500732421875,0.013149375915527345,1.0,0,0,0,0,21,5,0
2767,298.26079780199996,223.16555786132812,42.26756286621094,160.6688690185547,430.4648742675781,223.16555786132812,42.26756286621094,160.6688690185547,430.4648742675781,nan,nan,nan,nan,0.5752817988395691,nan,0,nan,nan,nan,TRACKING,0.06313303599995379,0.0,0.0,10.85953006730902,0,0,0,0.480499267578125,0.0006006240844726562,1.0,0,0,0,0,21,5,0
2768,298.328094342,223.16555786132812,42.26756286621094,160.6688690185547,430.4648742675781,223.16555786132812,42.26756286621094,160.6688690185547,430.4648742675781,nan,nan,nan,nan,0.5518461465835571,nan,0,nan,nan,nan,TRACKING,0.04385002000003624,0.0,0.0,14.859604966311245,0,0,0,0.0,0.0,1.0,0,0,0,0,21,5,0
2769,298.40728952999996,223.16555786132812,42.26756286621094,160.6688690185547,430.4648742675781,223.16555786132812,42.26756286621094,160.6688690185547,430.4648742675781,nan,nan,nan,nan,0.5501241087913513,nan,0,nan,nan,nan,TRACKING,0.051545342000054006,0.0,0.0,12.627029813987688,0,0,0,0.0,0.0,1.0,0,0,0,0,21,5,0
2770,298.47813258400004,223.16555786132812,42.26756286621094,160.6688690185547,430.4648742675781,223.16555786132812,42.26756286621094,160.6688690185547,430.4648742675781,nan,nan,nan,nan,0.5542635321617126,nan,0,nan,nan,nan,TRACKING,0.043849708000038845,0.0,0.0,14.115709918418874,0,0,0,0.0,0.0,1.0,0,0,0,0,21,5,0
2771,298.546774563,223.16555786132812,42.26756286621094,160.6688690185547,430.4648742675781,223.16555786132812,42.26756286621094,160.6688690185547,430.4648742675781,nan,nan,nan,nan,0.5677273869514465,nan,0,nan,nan,nan,TRACKING,0.04638262600008147,0.0,0.0,14.56834454031027,0,0,0,0.0,0.0,1.0,0,0,0,0,21,5,0
2772,298.629560027,223.16555786132812,42.26756286621094,160.6688690185547,430.4648742675781,223.16555786132812,42.26756286621094,160.6688690185547,430.4648742675781,nan,nan,nan,nan,0.5697445273399353,nan,0,nan,nan,nan,TRACKING,0.058577395000043,0.0,0.0,12.079415294447363,0,0,0,0.0,0.0,1.0,0,0,0,0,21,5,0
2773,298.71021874300004,223.16555786132812,42.26756286621094,160.6688690185547,430.4648742675781,223.16555786132812,42.26756286621094,160.6688690185547,430.4648742675781,nan,nan,nan,nan,0.5578330755233765,nan,0,nan,nan,nan,TRACKING,0.049474587999952746,0.0,0.0,12.39791617808295,0,0,0,0.0,0.0,1.0,0,0,0,0,21,5,0
2774,298.78928324599997,223.16555786132812,42.26756286621094,160.6688690185547,430.4648742675781,223.16555786132812,42.26756286621094,160.6688690185547,430.4648742675781,nan,nan,nan,nan,0.5534101724624634,nan,0,nan,nan,nan,TRACKING,0.05518525699994825,0.0,0.0,12.6479009170642,0,0,0,0.0,0.0,1.0,0,0,0,0,21,5,0
2775,299.090055658,217.90582275390625,42.26756286621094,160.6688690185547,430.4648742675781,217.90582275390625,42.26756286621094,160.6688690185547,430.4648742675781,214.0,32.0,172.0,445.0,0.5657609105110168,0.988376,1,0.903609935991457,0.00434753782685134,1.1066722046419089,DETECTOR_CONFIRMED,0.05384329800006071,0.22351671900003112,0.0,3.3247730180783694,0,0,0,5.259735107421875,0.006574668884277344,1.0,0,0,0,0,21,5,0
2776,299.17486213200004,218.16555786132812,42.26756286621094,160.6688690185547,430.4648742675781,218.16555786132812,42.26756286621094,160.6688690185547,430.4648742675781,nan,nan,nan,nan,0.6042453050613403,nan,0,nan,nan,nan,TRACKING,0.05424733400002424,0.0,0.0,11.79155261188293,0,0,0,0.259735107421875,0.00032466888427734375,1.0,0,0,0,0,21,5,0
2777,299.244568396,218.16555786132812,42.26756286621094,160.6688690185547,430.4648742675781,218.16555786132812,42.26756286621094,160.6688690185547,430.4648742675781,nan,nan,nan,nan,0.5950267314910889,nan,0,nan,nan,nan,TRACKING,0.04740071000003354,0.0,0.0,14.345913015808165,0,0,0,0.0,0.0,1.0,0,0,0,0,21,5,0
2778,299.317472692,218.16555786132812,42.26756286621094,160.6688690185547,430.4648742675781,218.16555786132812,42.26756286621094,160.6688690185547,430.4648742675781,nan,nan,nan,nan,0.6093512177467346,nan,0,nan,nan,nan,TRACKING,0.04977900300002602,0.0,0.0,13.716612804262665,0,0,0,0.0,0.0,1.0,0,0,0,0,21,5,0
2779,299.40230478399997,218.16555786132812,42.26756286621094,160.6688690185547,430.4648742675781,218.16555786132812,42.26756286621094,160.6688690185547,430.4648742675781,nan,nan,nan,nan,0.6168552041053772,nan,0,nan,nan,nan,TRACKING,0.057405196999980035,0.0,0.0,11.787991742566946,0,0,0,0.0,0.0,1.0,0,0,0,0,21,5,0
2780,299.49307770999997,228.68505859375,42.26756286621094,160.6688690185547,430.4648742675781,228.68505859375,42.26756286621094,160.6688690185547,430.4648742675781,nan,nan,nan,nan,0.5774407386779785,nan,0,nan,nan,nan,TRACKING,0.06399450899994008,0.0,0.0,11.01650066893298,0,0,0,10.519500732421875,0.013149375915527345,1.0,0,0,0,0,21,5,0
2781,299.57013307399995,239.68505859375,42.26756286621094,160.6688690185547,430.4648742675781,239.68505859375,42.26756286621094,160.6688690185547,430.4648742675781,nan,nan,nan,nan,0.5356408953666687,nan,0,nan,nan,nan,TRACKING,0.0499005679999982,0.0,0.0,12.977681865212444,0,0,0,11.0,0.01375,1.0,0,0,0,0,21,5,0
2782,299.65734161399996,240.16555786132812,42.26756286621094,160.6688690185547,430.4648742675781,240.16555786132812,42.26756286621094,160.6688690185547,430.4648742675781,nan,nan,nan,nan,0.5335748195648193,nan,0,nan,nan,nan,TRACKING,0.05616340099993522,0.0,0.0,11.46676690149762,0,0,0,0.480499267578125,0.0006006240844726562,1.0,0,0,0,0,21,5,0
2783,299.75058266099995,240.16555786132812,42.26756286621094,160.6688690185547,430.4648742675781,240.16555786132812,42.26756286621094,160.6688690185547,430.4648742675781,nan,nan,nan,nan,0.5219926834106445,nan,0,nan,nan,nan,TRACKING,0.06532938200007266,0.0,0.0,10.724890294293704,0,0,0,0.0,0.0,1.0,0,0,0,0,21,5,0
2784,299.872935237,240.16555786132812,42.26756286621094,160.6688690185547,430.4648742675781,240.16555786132812,42.26756286621094,160.6688690185547,430.4648742675781,nan,nan,nan,nan,0.5260448455810547,nan,0,nan,nan,nan,TRACKING,0.09478223600001456,0.0,0.0,8.173101316639137,0,0,0,0.0,0.0,1.0,0,0,0,0,21,5,0
2785,299.94937608399994,234.90582275390625,42.26756286621094,160.6688690185547,430.4648742675781,234.90582275390625,42.26756286621094,160.6688690185547,430.4648742675781,nan,nan,nan,nan,0.5517022013664246,nan,0,nan,nan,nan,TRACKING,0.0525954739999861,0.0,0.0,13.08201098295718,0,0,0,5.259735107421875,0.006574668884277344,1.0,0,0,0,0,21,5,0
2786,300.02471675899994,235.16555786132812,42.26756286621094,160.6688690185547,430.4648742675781,235.16555786132812,42.26756286621094,160.6688690185547,430.4648742675781,nan,nan,nan,nan,0.5524276494979858,nan,0,nan,nan,nan,TRACKING,0.05109819500000867,0.0,0.0,13.27304274881942,0,0,0,0.259735107421875,0.00032466888427734375,1.0,0,0,0,0,21,5,0
2787,300.09708527199996,235.16555786132812,42.26756286621094,160.6688690185547,430.4648742675781,235.16555786132812,42.26756286621094,160.6688690185547,430.4648742675781,nan,nan,nan,nan,0.5560555458068848,nan,0,nan,nan,nan,TRACKING,0.04954471299993202,0.0,0.0,13.81816426157318,0,0,0,0.0,0.0,1.0,0,0,0,0,21,5,0
2788,300.17283446199997,235.16555786132812,42.26756286621094,160.6688690185547,430.4648742675781,235.16555786132812,42.26756286621094,160.6688690185547,430.4648742675781,nan,nan,nan,nan,0.5501636266708374,nan,0,nan,nan,nan,TRACKING,0.04679933600004915,0.0,0.0,13.20146129615197,0,0,0,0.0,0.0,1.0,0,0,0,0,21,5,0
2789,300.25376808500005,240.42529296875,42.26756286621094,160.6688690185547,430.4648742675781,240.42529296875,42.26756286621094,160.6688690185547,430.4648742675781,nan,nan,nan,nan,0.5356460213661194,nan,0,nan,nan,nan,TRACKING,0.05208992200005014,0.0,0.0,12.355804212533952,0,0,0,5.259735107421875,0.006574668884277344,1.0,0,0,0,0,21,5,0
2790,300.63409751999995,240.16555786132812,42.26756286621094,160.6688690185547,430.4648742675781,240.16555786132812,42.26756286621094,160.6688690185547,430.4648742675781,201.0,29.0,216.0,444.0,0.5145325660705566,0.996752,1,0.7211618337169057,0.0165122977146951,1.386651307995527,DETECTOR_CONFIRMED,0.04386438500000622,0.3076730259999749,0.0,2.629299517667473,0,0,0,0.259735107421875,0.00032466888427734375,1.0,0,0,0,0,21,5,0
2791,300.71652393700003,240.16555786132812,42.26756286621094,160.6688690185547,430.4648742675781,240.16555786132812,42.26756286621094,160.6688690185547,430.4648742675781,nan,nan,nan,nan,0.5540181994438171,nan,0,nan,nan,nan,TRACKING,0.04870962799998324,0.0,0.0,12.132032865131624,0,0,0,0.0,0.0,1.0,0,0,0,0,21,5,0
2792,300.801866885,240.16555786132812,42.26756286621094,160.6688690185547,430.4648742675781,240.16555786132812,42.26756286621094,160.6688690185547,430.4648742675781,nan,nan,nan,nan,0.5625411868095398,nan,0,nan,nan,nan,TRACKING,0.049712084000020695,0.0,0.0,11.717429775224229,0,0,0,0.0,0.0,1.0,0,0,0,0,21,5,0
2793,300.87356540999997,234.90582275390625,42.26756286621094,160.6688690185547,430.4648742675781,234.90582275390625,42.26756286621094,160.6688690185547,430.4648742675781,nan,nan,nan,nan,0.5555170774459839,nan,0,nan,nan,nan,TRACKING,0.048104277999982514,0.0,0.0,13.947288315905631,0,0,0,5.259735107421875,0.006574668884277344,1.0,0,0,0,0,21,5,0
2794,300.94216218400004,235.16555786132812,42.26756286621094,160.6688690185547,430.4648742675781,235.16555786132812,42.26756286621094,160.6688690185547,430.4648742675781,nan,nan,nan,nan,0.5690836310386658,nan,0,nan,nan,nan,TRACKING,0.045257751000008284,0.0,0.0,14.57794502113133,0,0,0,0.259735107421875,0.00032466888427734375,1.0,0,0,0,0,21,5,0
2795,301.013976758,235.16555786132812,42.26756286621094,160.6688690185547,430.4648742675781,235.16555786132812,42.26756286621094,160.6688690185547,430.4648742675781,nan,nan,nan,nan,0.5810718536376953,nan,0,nan,nan,nan,TRACKING,0.04532983799992962,0.0,0.0,13.924750148909608,0,0,0,0.0,0.0,1.0,0,0,0,0,21,5,0
2796,301.09477317999995,229.90582275390625,42.26756286621094,160.6688690185547,430.4648742675781,229.90582275390625,42.26756286621094,160.6688690185547,430.4648742675781,nan,nan,nan,nan,0.5953801274299622,nan,0,nan,nan,nan,TRACKING,0.05149880800001938,0.0,0.0,12.376785694802255,0,0,0,5.259735107421875,0.006574668884277344,1.0,0,0,0,0,21,5,0
2797,301.175461262,230.16555786132812,37.0078125,160.6688690185547,430.4648742675781,230.16555786132812,37.0078125,160.6688690185547,430.4648742675781,nan,nan,nan,nan,0.57987380027771,nan,0,nan,nan,nan,TRACKING,0.05675693900002443,0.0,0.0,12.393404022162303,0,0,0,5.266159534317541,0.006582699417896926,1.0,0,0,0,0,21,5,0
2798,301.255034172,230.16555786132812,37.26756286621094,160.6688690185547,430.4648742675781,230.16555786132812,37.26756286621094,160.6688690185547,430.4648742675781,nan,nan,nan,nan,0.5680348873138428,nan,0,nan,nan,nan,TRACKING,0.05504214799998408,0.0,0.0,12.567090986111895,0,0,0,0.2597503662109375,0.00032468795776367186,1.0,0,0,0,0,21,5,0
2799,301.33169524899995,230.16555786132812,37.26756286621094,160.6688690185547,430.4648742675781,230.16555786132812,37.26756286621094,160.6688690185547,430.4648742675781,nan,nan,nan,nan,0.5550749897956848,nan,0,nan,nan,nan,TRACKING,0.04645607299994481,0.0,0.0,13.044429313208894,0,0,0,0.0,0.0,1.0,0,0,0,0,21,5,0
2800,301.399319417,230.16555786132812,37.26756286621094,160.6688690185547,430.4648742675781,230.16555786132812,37.26756286621094,160.6688690185547,430.4648742675781,nan,nan,nan,nan,0.563255786895752,nan,0,nan,nan,nan,TRACKING,0.045203080000078444,0.0,0.0,14.787612618007033,0,0,0,0.0,0.0,1.0,0,0,0,0,21,5,0
2801,301.470184248,230.16555786132812,37.26756286621094,160.6688690185547,430.4648742675781,230.16555786132812,37.26756286621094,160.6688690185547,430.4648742675781,nan,nan,nan,nan,0.5493263006210327,nan,0,nan,nan,nan,TRACKING,0.04134071400005723,0.0,0.0,14.111372113482904,0,0,0,0.0,0.0,1.0,0,0,0,0,21,5,0
2802,301.55808703,230.16555786132812,42.52729797363281,160.6688690185547,430.4648742675781,230.16555786132812,42.52729797363281,160.6688690185547,430.4648742675781,nan,nan,nan,nan,0.5656079053878784,nan,0,nan,nan,nan,TRACKING,0.0575711679999813,0.0,0.0,11.376204225252314,0,0,0,5.259735107421875,0.006574668884277344,1.0,0,0,0,0,21,5,0
2803,301.639109555,230.16555786132812,42.26756286621094,160.6688690185547,430.4648742675781,230.16555786132812,42.26756286621094,160.6688690185547,430.4648742675781,nan,nan,nan,nan,0.5730275511741638,nan,0,nan,nan,nan,TRACKING,0.055336502000045584,0.0,0.0,12.342246801124046,0,0,0,0.259735107421875,0.00032466888427734375,1.0,0,0,0,0,21,5,0
2804,301.70634521,230.16555786132812,42.26756286621094,160.6688690185547,430.4648742675781,230.16555786132812,42.26756286621094,160.6688690185547,430.4648742675781,nan,nan,nan,nan,0.5870365500450134,nan,0,nan,nan,nan,TRACKING,0.04367382199995973,0.0,0.0,14.873061026923033,0,0,0,0.0,0.0,1.0,0,0,0,0,21,5,0
2805,302.015027248,224.90582275390625,37.0078125,160.6688690185547,430.4648742675781,224.90582275390625,37.0078125,160.6688690185547,430.4648742675781,211.0,25.0,182.0,453.0,0.5809043049812317,0.99456,1,0.8388800487687228,0.004154672943644842,1.1920655419898984,DETECTOR_CONFIRMED,0.05740907500000958,0.2193679729999758,0.0,3.239579492474084,0,0,0,7.438399513006968,0.00929799939125871,1.0,0,0,0,0,21,5,0
2806,302.09398506599996,225.16555786132812,42.52729797363281,160.6688690185547,430.4648742675781,225.16555786132812,42.52729797363281,160.6688690185547,430.4648742675781,nan,nan,nan,nan,0.5951213240623474,nan,0,nan,nan,nan,TRACKING,0.04864875700002358,0.0,0.0,12.664990311672742,0,0,0,5.525593381680476,0.006906991727100595,1.0,0,0,0,0,21,5,0
2807,302.16720008999994,219.90582275390625,42.26756286621094,160.6688690185547,430.4648742675781,219.90582275390625,42.26756286621094,160.6688690185547,430.4648742675781,nan,nan,nan,nan,0.6015947461128235,nan,0,nan,nan,nan,TRACKING,0.049946438999995735,0.0,0.0,13.658398855408379,0,0,0,5.266144294099209,0.006582680367624011,1.0,0,0,0,0,21,5,0
2808,302.22972176400003,220.16555786132812,42.26756286621094,160.6688690185547,430.4648742675781,220.16555786132812,42.26756286621094,160.6688690185547,430.4648742675781,nan,nan,nan,nan,0.603863537311554,nan,0,nan,nan,nan,TRACKING,0.03947679899999912,0.0,0.0,15.994453379454917,0,0,0,0.259735107421875,0.00032466888427734375,1.0,0,0,0,0,21,5,0
2809,302.34209768799997,220.16555786132812,42.26756286621094,160.6688690185547,430.4648742675781,220.16555786132812,42.26756286621094,160.6688690185547,430.4648742675781,nan,nan,nan,nan,0.5729140043258667,nan,0,nan,nan,nan,TRACKING,0.0896867999999813,0.0,0.0,8.898703248932424,0,0,0,0.0,0.0,1.0,0,0,0,0,21,5,0
2810,302.42438377300005,220.16555786132812,47.52729797363281,160.6688690185547,430.4648742675781,220.16555786132812,47.52729797363281,160.6688690185547,430.4648742675781,nan,nan,nan,nan,0.6160639524459839,nan,0,nan,nan,nan,TRACKING,0.05736127200009378,0.0,0.0,12.152723027217212,0,0,0,5.259735107421875,0.006574668884277344,1.0,0,0,0,0,21,5,0
2811,302.52416386699997,225.42529296875,47.26756286621094,160.6688690185547,430.4648742675781,225.42529296875,47.26756286621094,160.6688690185547,430.4648742675781,nan,nan,nan,nan,0.5917149782180786,nan,0,nan,nan,nan,TRACKING,0.07157737600005021,0.0,0.0,10.022039065234296,0,0,0,5.266144294099209,0.006582680367624011,1.0,0,0,0,0,21,5,0
2812,302.593878581,225.16555786132812,47.26756286621094,160.6688690185547,430.4648742675781,225.16555786132812,47.26756286621094,160.6688690185547,430.4648742675781,nan,nan,nan,nan,0.6364655494689941,nan,0,nan,nan,nan,TRACKING,0.04664777099992534,0.0,0.0,14.344174172462225,0,0,0,0.259735107421875,0.00032466888427734375,1.0,0,0,0,0,21,5,0
2813,302.68412290000003,225.16555786132812,47.26756286621094,160.6688690185547,430.4648742675781,225.16555786132812,47.26756286621094,160.6688690185547,430.4648742675781,nan,nan,nan,nan,0.6444724202156067,nan,0,nan,nan,nan,TRACKING,0.06535481999992498,0.0,0.0,11.081029931643279,0,0,0,0.0,0.0,1.0,0,0,0,0,21,5,0
2814,302.76355563899995,225.16555786132812,42.00782775878906,160.6688690185547,430.4648742675781,225.16555786132812,42.00782775878906,160.6688690185547,430.4648742675781,nan,nan,nan,nan,0.6296002268791199,nan,0,nan,nan,nan,TRACKING,0.0519886619999852,0.0,0.0,12.589267505947403,0,0,0,5.259735107421875,0.006574668884277344,1.0,0,0,0,0,21,5,0
2815,302.85203844800003,219.90582275390625,42.26756286621094,160.6688690185547,430.4648742675781,219.90582275390625,42.26756286621094,160.6688690185547,430.4648742675781,nan,nan,nan,nan,0.5983568429946899,nan,0,nan,nan,nan,TRACKING,0.060782464999988406,0.0,0.0,11.301630353971396,0,0,0,5.266144294099209,0.006582680367624011,1.0,0,0,0,0,21,5,0
2816,302.934677106,214.90582275390625,42.26756286621094,160.6688690185547,430.4648742675781,214.90582275390625,42.26756286621094,160.6688690185547,430.4648742675781,nan,nan,nan,nan,0.5782789587974548,nan,0,nan,nan,nan,TRACKING,0.05198772400001417,0.0,0.0,12.1008741453739,0,0,0,5.0,0.00625,1.0,0,0,0,0,21,5,0
2817,303.00809677999996,215.16555786132812,42.26756286621094,160.6688690185547,430.4648742675781,215.16555786132812,42.26756286621094,160.6688690185547,430.4648742675781,nan,nan,nan,nan,0.5624502897262573,nan,0,nan,nan,nan,TRACKING,0.05017141799999081,0.0,0.0,13.620327434309885,0,0,0,0.259735107421875,0.00032466888427734375,1.0,0,0,0,0,21,5,0
2818,303.094130641,209.90582275390625,42.26756286621094,160.6688690185547,430.4648742675781,209.90582275390625,42.26756286621094,160.6688690185547,430.4648742675781,nan,nan,nan,nan,0.5327193140983582,nan,0,nan,nan,nan,TRACKING,0.06222598800002288,0.0,0.0,11.62333049309063,0,0,0,5.259735107421875,0.006574668884277344,1.0,0,0,0,0,21,5,0
2819,303.175354372,194.38632202148438,42.26756286621094,160.6688690185547,430.4648742675781,194.38632202148438,42.26756286621094,160.6688690185547,430.4648742675781,nan,nan,nan,nan,0.5385002493858337,nan,0,nan,nan,nan,TRACKING,0.0558321700000306,0.0,0.0,12.311672804093664,0,0,0,15.519500732421875,0.019399375915527345,1.0,0,0,0,0,21,5,0
2820,303.48632124100004,194.16555786132812,42.26756286621094,160.6688690185547,430.4648742675781,194.16555786132812,42.26756286621094,160.6688690185547,430.4648742675781,182.0,27.0,165.0,453.0,0.5367116928100586,0.802333,1,0.8421916311905183,0.013462903163192992,1.0807187605952375,DETECTOR_CONFIRMED,0.047030919000008,0.23384536200001094,0.0,3.215776662046643,0,0,0,0.22076416015625,0.0002759552001953125,1.0,0,0,0,0,21,5,0
2821,303.812253298,178.38632202148438,47.52729797363281,160.6688690185547,430.4648742675781,172.93521270751953,38.08455429077148,165.43410415649413,441.2127059936523,170.0,33.0,168.0,447.0,0.4966333210468292,0.810556,1,0.9094358611608782,0.009800336875413658,1.08579377945896,SOFT_REINITIALIZING,0.05053275999989637,0.24517106400003286,0.0,3.068124102932929,1,0,0,16.63277178012299,0.020790964725153738,1.0,0,0,0,0,22,5,0
2822,303.84077903499997,172.93521270751953,38.08455429077148,165.43410415649413,441.2127059936523,172.93521270751953,38.08455429077148,165.43410415649413,441.2127059936523,nan,nan,nan,nan,,nan,0,nan,nan,nan,INITIALIZING,0.0,0.0,0.0,35.056061829363486,0,0,0,0.0,0.0,1.0,0,0,0,0,22,5,0
2823,303.883948758,172.93521270751953,38.08455429077148,165.43410415649413,441.2127059936523,172.93521270751953,38.08455429077148,165.43410415649413,441.2127059936523,nan,nan,nan,nan,,nan,0,nan,nan,nan,INITIALIZING,0.0,0.0,0.0,23.164383056149656,0,0,0,0.0,0.0,1.0,0,0,0,0,22,5,0
2824,303.918737415,172.93521270751953,38.08455429077148,165.43410415649413,441.2127059936523,172.93521270751953,38.08455429077148,165.43410415649413,441.2127059936523,nan,nan,nan,nan,,nan,0,nan,nan,nan,INITIALIZING,0.0,0.0,0.0,28.745001567579305,0,0,0,0.0,0.0,1.0,0,0,0,0,22,5,0
2825,303.95056735799994,172.93521270751953,38.08455429077148,165.43410415649413,441.2127059936523,172.93521270751953,38.08455429077148,165.43410415649413,441.2127059936523,nan,nan,nan,nan,,nan,0,nan,nan,nan,INITIALIZING,0.0,0.0,0.0,31.41695855383925,0,0,0,0.0,0.0,1.0,0,0,0,0,22,5,0
2826,303.979724382,172.93521270751953,38.08455429077148,165.43410415649413,441.2127059936523,172.93521270751953,38.08455429077148,165.43410415649413,441.2127059936523,nan,nan,nan,nan,,nan,0,nan,nan,nan,INITIALIZING,0.0,0.0,0.0,34.29705308741488,0,0,0,0.0,0.0,1.0,0,0,0,0,22,5,0
2827,304.01293148900004,172.93521270751953,38.08455429077148,165.43410415649413,441.2127059936523,172.93521270751953,38.08455429077148,165.43410415649413,441.2127059936523,nan,nan,nan,nan,,nan,0,nan,nan,nan,INITIALIZING,0.0,0.0,0.0,30.114035528538974,0,0,0,0.0,0.0,1.0,0,0,0,0,22,5,0
2828,304.058251025,172.93521270751953,38.08455429077148,165.43410415649413,441.2127059936523,172.93521270751953,38.08455429077148,165.43410415649413,441.2127059936523,nan,nan,nan,nan,,nan,0,nan,nan,nan,INITIALIZING,0.0,0.0,0.0,22.065539241195303,0,0,0,0.0,0.0,1.0,0,0,0,0,22,5,0
2829,304.13349533999997,172.93521270751953,38.08455429077148,165.43410415649413,441.2127059936523,172.93521270751953,38.08455429077148,165.43410415649413,441.2127059936523,nan,nan,nan,nan,,nan,0,nan,nan,nan,INITIALIZING,0.0,0.0,0.0,13.290040583138868,0,0,0,0.0,0.0,1.0,0,0,0,0,22,5,0
2830,304.18018224799994,172.93521270751953,38.08455429077148,165.43410415649413,441.2127059936523,172.93521270751953,38.08455429077148,165.43410415649413,441.2127059936523,nan,nan,nan,nan,,nan,0,nan,nan,nan,INITIALIZING,0.0,0.0,0.0,21.419280968460146,0,0,0,0.0,0.0,1.0,0,0,0,0,22,5,0
2831,304.21114568099995,172.93521270751953,38.08455429077148,165.43410415649413,441.2127059936523,172.93521270751953,38.08455429077148,165.43410415649413,441.2127059936523,nan,nan,nan,nan,,nan,0,nan,nan,nan,INITIALIZING,0.0,0.0,0.0,32.29616044188805,0,0,0,0.0,0.0,1.0,0,0,0,0,22,5,0
2832,304.240020554,172.93521270751953,38.08455429077148,165.43410415649413,441.2127059936523,172.93521270751953,38.08455429077148,165.43410415649413,441.2127059936523,nan,nan,nan,nan,,nan,0,nan,nan,nan,INITIALIZING,0.0,0.0,0.0,34.63218695361201,0,0,0,0.0,0.0,1.0,0,0,0,0,22,5,0
2833,304.287400045,172.93521270751953,38.08455429077148,165.43410415649413,441.2127059936523,172.93521270751953,38.08455429077148,165.43410415649413,441.2127059936523,nan,nan,nan,nan,,nan,0,nan,nan,nan,INITIALIZING,0.0,0.0,0.0,21.106178620612035,0,0,0,0.0,0.0,1.0,0,0,0,0,22,5,0
2834,304.333072905,172.93521270751953,38.08455429077148,165.43410415649413,441.2127059936523,172.93521270751953,38.08455429077148,165.43410415649413,441.2127059936523,nan,nan,nan,nan,,nan,0,nan,nan,nan,INITIALIZING,0.0,0.0,0.0,21.894840831091027,0,0,0,0.0,0.0,1.0,0,0,0,0,22,5,0
2835,304.384206498,172.93521270751953,38.08455429077148,165.43410415649413,441.2127059936523,172.93521270751953,38.08455429077148,165.43410415649413,441.2127059936523,nan,nan,nan,nan,,nan,0,nan,nan,nan,INITIALIZING,0.0,0.0,0.0,19.55661515902835,0,0,0,0.0,0.0,1.0,0,0,0,0,22,5,0
2836,304.42268326399994,172.93521270751953,38.08455429077148,165.43410415649413,441.2127059936523,172.93521270751953,38.08455429077148,165.43410415649413,441.2127059936523,nan,nan,nan,nan,,nan,0,nan,nan,nan,INITIALIZING,0.0,0.0,0.0,25.9897102579296,0,0,0,0.0,0.0,1.0,0,0,0,0,22,5,0
2837,304.464778885,172.93521270751953,38.08455429077148,165.43410415649413,441.2127059936523,172.93521270751953,38.08455429077148,165.43410415649413,441.2127059936523,nan,nan,nan,nan,,nan,0,nan,nan,nan,INITIALIZING,0.0,0.0,0.0,23.755440025435274,0,0,0,0.0,0.0,1.0,0,0,0,0,22,5,0
2838,304.49207520899995,172.93521270751953,38.08455429077148,165.43410415649413,441.2127059936523,172.93521270751953,38.08455429077148,165.43410415649413,441.2127059936523,nan,nan,nan,nan,,nan,0,nan,nan,nan,INITIALIZING,0.0,0.0,0.0,36.634969602550484,0,0,0,0.0,0.0,1.0,0,0,0,0,22,5,0
2839,304.521877616,172.93521270751953,38.08455429077148,165.43410415649413,441.2127059936523,172.93521270751953,38.08455429077148,165.43410415649413,441.2127059936523,nan,nan,nan,nan,,nan,0,nan,nan,nan,INITIALIZING,0.0,0.0,0.0,33.554336735246466,0,0,0,0.0,0.0,1.0,0,0,0,0,22,5,0
2840,304.642703277,194.39651489257812,37.893646240234375,165.43409729003906,441.21270751953125,194.39651489257812,37.893646240234375,165.43409729003906,441.21270751953125,nan,nan,nan,nan,0.5259824395179749,nan,0,nan,nan,nan,TRACKING,0.08616172099993946,0.0,0.7351631459999908,8.276387579620051,0,0,0,21.462147835382265,0.02682768479422783,1.000000038047307,0,0,0,0,22,5,0
2841,305.01618199200004,189.37957763671875,37.893646240234375,165.43409729003906,441.21270751953125,219.03285217285156,53.56277618408203,186.6019340515137,422.2244476318359,235.0,62.0,198.0,412.0,0.4935252070426941,0.998628,1,0.46921267423245755,0.07828511270612432,1.1176076557165786,SOFT_REINITIALIZING,0.06569907499999772,0.2747557949999191,0.0,2.6775287582316754,1,0,0,5.016937255859375,0.006271171569824219,1.0,0,0,0,0,23,5,0
2842,305.04158966499995,219.03285217285156,53.56277618408203,186.6019340515137,422.2244476318359,219.03285217285156,53.56277618408203,186.6019340515137,422.2244476318359,nan,nan,nan,nan,,nan,0,nan,nan,nan,INITIALIZING,0.0,0.0,0.0,39.358189158203125,0,0,0,0.0,0.0,1.0,0,0,0,0,23,5,0
2843,305.074404278,219.03285217285156,53.56277618408203,186.6019340515137,422.2244476318359,219.03285217285156,53.56277618408203,186.6019340515137,422.2244476318359,nan,nan,nan,nan,,nan,0,nan,nan,nan,INITIALIZING,0.0,0.0,0.0,30.474228051970456,0,0,0,0.0,0.0,1.0,0,0,0,0,23,5,0
2844,305.10703903800004,219.03285217285156,53.56277618408203,186.6019340515137,422.2244476318359,219.03285217285156,53.56277618408203,186.6019340515137,422.2244476318359,nan,nan,nan,nan,,nan,0,nan,nan,nan,INITIALIZING,0.0,0.0,0.0,30.64217417250882,0,0,0,0.0,0.0,1.0,0,0,0,0,23,5,0
2845,305.153355164,219.03285217285156,53.56277618408203,186.6019340515137,422.2244476318359,219.03285217285156,53.56277618408203,186.6019340515137,422.2244476318359,nan,nan,nan,nan,,nan,0,nan,nan,nan,INITIALIZING,0.0,0.0,0.0,21.590752214482542,0,0,0,0.0,0.0,1.0,0,0,0,0,23,5,0
2846,305.18747323900004,219.03285217285156,53.56277618408203,186.6019340515137,422.2244476318359,219.03285217285156,53.56277618408203,186.6019340515137,422.2244476318359,nan,nan,nan,nan,,nan,0,nan,nan,nan,INITIALIZING,0.0,0.0,0.0,29.309977189477944,0,0,0,0.0,0.0,1.0,0,0,0,0,23,5,0
2847,305.21831216399994,219.03285217285156,53.56277618408203,186.6019340515137,422.2244476318359,219.03285217285156,53.56277618408203,186.6019340515137,422.2244476318359,nan,nan,nan,nan,,nan,0,nan,nan,nan,INITIALIZING,0.0,0.0,0.0,32.42655183354486,0,0,0,0.0,0.0,1.0,0,0,0,0,23,5,0
2848,305.246654539,219.03285217285156,53.56277618408203,186.6019340515137,422.2244476318359,219.03285217285156,53.56277618408203,186.6019340515137,422.2244476318359,nan,nan,nan,nan,,nan,0,nan,nan,nan,INITIALIZING,0.0,0.0,0.0,35.28285826424928,0,0,0,0.0,0.0,1.0,0,0,0,0,23,5,0
2849,305.27588534999995,219.03285217285156,53.56277618408203,186.6019340515137,422.2244476318359,219.03285217285156,53.56277618408203,186.6019340515137,422.2244476318359,nan,nan,nan,nan,,nan,0,nan,nan,nan,INITIALIZING,0.0,0.0,0.0,34.21047743089506,0,0,0,0.0,0.0,1.0,0,0,0,0,23,5,0
2850,305.306381474,219.03285217285156,53.56277618408203,186.6019340515137,422.2244476318359,219.03285217285156,53.56277618408203,186.6019340515137,422.2244476318359,nan,nan,nan,nan,,nan,0,nan,nan,nan,INITIALIZING,0.0,0.0,0.0,32.7910523973216,0,0,0,0.0,0.0,1.0,0,0,0,0,23,5,0
2851,305.349492595,219.03285217285156,53.56277618408203,186.6019340515137,422.2244476318359,219.03285217285156,53.56277618408203,186.6019340515137,422.2244476318359,nan,nan,nan,nan,,nan,0,nan,nan,nan,INITIALIZING,0.0,0.0,0.0,23.195870967936926,0,0,0,0.0,0.0,1.0,0,0,0,0,23,5,0
2852,305.384158751,219.03285217285156,53.56277618408203,186.6019340515137,422.2244476318359,219.03285217285156,53.56277618408203,186.6019340515137,422.2244476318359,nan,nan,nan,nan,,nan,0,nan,nan,nan,INITIALIZING,0.0,0.0,0.0,28.846578778484307,0,0,0,0.0,0.0,1.0,0,0,0,0,23,5,0
2853,305.41406333199996,219.03285217285156,53.56277618408203,186.6019340515137,422.2244476318359,219.03285217285156,53.56277618408203,186.6019340515137,422.2244476318359,nan,nan,nan,nan,,nan,0,nan,nan,nan,INITIALIZING,0.0,0.0,0.0,33.43969273472132,0,0,0,0.0,0.0,1.0,0,0,0,0,23,5,0
2854,305.453424446,219.03285217285156,53.56277618408203,186.6019340515137,422.2244476318359,219.03285217285156,53.56277618408203,186.6019340515137,422.2244476318359,nan,nan,nan,nan,,nan,0,nan,nan,nan,INITIALIZING,0.0,0.0,0.0,25.405785009012465,0,0,0,0.0,0.0,1.0,0,0,0,0,23,5,0
2855,305.497245711,219.03285217285156,53.56277618408203,186.6019340515137,422.2244476318359,219.03285217285156,53.56277618408203,186.6019340515137,422.2244476318359,nan,nan,nan,nan,,nan,0,nan,nan,nan,INITIALIZING,0.0,0.0,0.0,22.819971080240446,0,0,0,0.0,0.0,1.0,0,0,0,0,23,5,0
2856,305.76006819400004,230.42669677734375,53.38777160644531,186.6019287109375,422.2244567871094,230.42669677734375,53.38777160644531,186.6019287109375,422.2244567871094,nan,nan,nan,nan,0.7209773063659668,nan,0,nan,nan,nan,TRACKING,0.06488440199996148,0.0,0.6282986819999223,3.804849526514297,0,0,0,11.395185782672769,0.014243982228340961,1.0000000069367272,0,0,0,0,23,5,0
2857,305.84312791,230.19903564453125,53.38777160644531,186.6019287109375,422.2244567871094,230.19903564453125,53.38777160644531,186.6019287109375,422.2244567871094,nan,nan,nan,nan,0.6773512959480286,nan,0,nan,nan,nan,TRACKING,0.0546107379999512,0.0,0.0,12.039530691391287,0,0,0,0.2276611328125,0.000284576416015625,1.0,0,0,0,0,23,5,0
2858,305.916625931,230.19903564453125,53.38777160644531,186.6019287109375,422.2244567871094,230.19903564453125,53.38777160644531,186.6019287109375,422.2244567871094,nan,nan,nan,nan,0.7027556300163269,nan,0,nan,nan,nan,TRACKING,0.049644515999943906,0.0,0.0,13.60580851558309,0,0,0,0.0,0.0,1.0,0,0,0,0,23,5,0
2859,305.98544264099996,230.19903564453125,53.38777160644531,186.6019287109375,422.2244567871094,230.19903564453125,53.38777160644531,186.6019287109375,422.2244567871094,nan,nan,nan,nan,0.6972290873527527,nan,0,nan,nan,nan,TRACKING,0.041544103999967774,0.0,0.0,14.531354376001332,0,0,0,0.0,0.0,1.0,0,0,0,0,23,5,0
2860,306.062312262,224.585205078125,53.38777160644531,186.6019287109375,422.2244567871094,224.585205078125,53.38777160644531,186.6019287109375,422.2244567871094,nan,nan,nan,nan,0.6887350678443909,nan,0,nan,nan,nan,TRACKING,0.052174557000057575,0.0,0.0,13.009040333369317,0,0,0,5.61383056640625,0.007017288208007812,1.0,0,0,0,0,23,5,0
2861,306.137553196,224.19903564453125,53.38777160644531,186.6019287109375,422.2244567871094,224.19903564453125,53.38777160644531,186.6019287109375,422.2244567871094,nan,nan,nan,nan,0.7379846572875977,nan,0,nan,nan,nan,TRACKING,0.04822938300003443,0.0,0.0,13.290637779692062,0,0,0,0.38616943359375,0.0004827117919921875,1.0,0,0,0,0,23,5,0
2862,306.23899927900004,224.19903564453125,47.77394104003906,186.6019287109375,422.2244567871094,224.19903564453125,47.77394104003906,186.6019287109375,422.2244567871094,nan,nan,nan,nan,0.7294838428497314,nan,0,nan,nan,nan,TRACKING,0.06414258900008463,0.0,0.0,9.857453047246677,0,0,0,5.61383056640625,0.007017288208007812,1.0,0,0,0,0,23,5,0
2863,306.323112304,218.585205078125,47.38777160644531,186.6019287109375,422.2244567871094,218.585205078125,47.38777160644531,186.6019287109375,422.2244567871094,nan,nan,nan,nan,0.7056549191474915,nan,0,nan,nan,nan,TRACKING,0.05898090499999853,0.0,0.0,11.888765146663255,0,0,0,5.627096983326237,0.007033871229157797,1.0,0,0,0,0,23,5,0
2864,306.395083056,218.19903564453125,47.38777160644531,186.6019287109375,422.2244567871094,218.19903564453125,47.38777160644531,186.6019287109375,422.2244567871094,nan,nan,nan,nan,0.7210218906402588,nan,0,nan,nan,nan,TRACKING,0.04336079500001233,0.0,0.0,13.894533157030436,0,0,0,0.38616943359375,0.0004827117919921875,1.0,0,0,0,0,23,5,0
2865,306.763972117,218.19903564453125,47.38777160644531,186.6019287109375,422.2244567871094,218.19903564453125,47.38777160644531,186.6019287109375,422.2244567871094,254.0,33.0,167.0,443.0,0.7121857404708862,0.998482,1,0.7146348892043383,0.03288236609491477,1.0649747635933888,DETECTOR_CONFIRMED,0.04631075299994336,0.2945094759999165,0.0,2.7108421087064656,0,0,0,0.0,0.0,1.0,0,0,0,0,23,5,0
2866,306.84084601200004,218.19903564453125,53.00160217285156,186.6019287109375,422.2244567871094,218.19903564453125,53.00160217285156,186.6019287109375,422.2244567871094,nan,nan,nan,nan,0.6912679076194763,nan,0,nan,nan,nan,TRACKING,0.04864218799991704,0.0,0.0,13.008317062628182,0,0,0,5.61383056640625,0.007017288208007812,1.0,0,0,0,0,23,5,0
2867,306.90927760399995,218.19903564453125,53.38777160644531,186.6019287109375,422.2244567871094,218.19903564453125,53.38777160644531,186.6019287109375,422.2244567871094,nan,nan,nan,nan,0.7089642882347107,nan,0,nan,nan,nan,TRACKING,0.0445327880000832,0.0,0.0,14.613133653259212,0,0,0,0.38616943359375,0.0004827117919921875,1.0,0,0,0,0,23,5,0
2868,306.98175505099994,218.19903564453125,53.38777160644531,186.6019287109375,422.2244567871094,218.19903564453125,53.38777160644531,186.6019287109375,422.2244567871094,nan,nan,nan,nan,0.7364909648895264,nan,0,nan,nan,nan,TRACKING,0.047985274999973626,0.0,0.0,13.797395484973904,0,0,0,0.0,0.0,1.0,0,0,0,0,23,5,0
2869,307.052397498,218.19903564453125,53.38777160644531,186.6019287109375,422.2244567871094,218.19903564453125,53.38777160644531,186.6019287109375,422.2244567871094,nan,nan,nan,nan,0.7467251420021057,nan,0,nan,nan,nan,TRACKING,0.04581994400007261,0.0,0.0,14.155795027868045,0,0,0,0.0,0.0,1.0,0,0,0,0,23,5,0
2870,307.11817164800004,218.19903564453125,53.38777160644531,186.6019287109375,422.2244567871094,218.19903564453125,53.38777160644531,186.6019287109375,422.2244567871094,nan,nan,nan,nan,0.7419521808624268,nan,0,nan,nan,nan,TRACKING,0.04192123400002856,0.0,0.0,15.203541208809485,0,0,0,0.0,0.0,1.0,0,0,0,0,23,5,0
2871,307.18314934599994,218.19903564453125,53.38777160644531,186.6019287109375,422.2244567871094,218.19903564453125,53.38777160644531,186.6019287109375,422.2244567871094,nan,nan,nan,nan,0.7384750843048096,nan,0,nan,nan,nan,TRACKING,0.04196691300001021,0.0,0.0,15.389895776265302,0,0,0,0.0,0.0,1.0,0,0,0,0,23,5,0
2872,307.25505259399995,218.19903564453125,53.38777160644531,186.6019287109375,422.2244567871094,218.19903564453125,53.38777160644531,186.6019287109375,422.2244567871094,nan,nan,nan,nan,0.7415951490402222,nan,0,nan,nan,nan,TRACKING,0.047181791999946654,0.0,0.0,13.9075775825847,0,0,0,0.0,0.0,1.0,0,0,0,0,23,5,0
2873,307.33635498,218.19903564453125,53.38777160644531,186.6019287109375,422.2244567871094,218.19903564453125,53.38777160644531,186.6019287109375,422.2244567871094,nan,nan,nan,nan,0.7304463982582092,nan,0,nan,nan,nan,TRACKING,0.05419647899998381,0.0,0.0,12.299762026654998,0,0,0,0.0,0.0,1.0,0,0,0,0,23,5,0
2874,307.41042845999993,218.19903564453125,53.38777160644531,186.6019287109375,422.2244567871094,218.19903564453125,53.38777160644531,186.6019287109375,422.2244567871094,nan,nan,nan,nan,0.7455958127975464,nan,0,nan,nan,nan,TRACKING,0.04755329400006758,0.0,0.0,13.500108270882087,0,0,0,0.0,0.0,1.0,0,0,0,0,23,5,0
2875,307.48753013099997,218.19903564453125,53.38777160644531,186.6019287109375,422.2244567871094,218.19903564453125,53.38777160644531,186.6019287109375,422.2244567871094,nan,nan,nan,nan,0.7400072813034058,nan,0,nan,nan,nan,TRACKING,0.05359238200003347,0.0,0.0,12.9698875138455,0,0,0,0.0,0.0,1.0,0,0,0,0,23,5,0
2876,307.561982642,218.19903564453125,53.38777160644531,186.6019287109375,422.2244567871094,218.19903564453125,53.38777160644531,186.6019287109375,422.2244567871094,nan,nan,nan,nan,0.7368381023406982,nan,0,nan,nan,nan,TRACKING,0.051934997999978805,0.0,0.0,13.431380440613287,0,0,0,0.0,0.0,1.0,0,0,0,0,23,5,0
2877,307.635092214,218.19903564453125,53.38777160644531,186.6019287109375,422.2244567871094,218.19903564453125,53.38777160644531,186.6019287109375,422.2244567871094,nan,nan,nan,nan,0.7317943572998047,nan,0,nan,nan,nan,TRACKING,0.043238832999918486,0.0,0.0,13.678099497008542,0,0,0,0.0,0.0,1.0,0,0,0,0,23,5,0
2878,307.71462563599994,218.19903564453125,53.38777160644531,186.6019287109375,422.2244567871094,218.19903564453125,53.38777160644531,186.6019287109375,422.2244567871094,nan,nan,nan,nan,0.7298632860183716,nan,0,nan,nan,nan,TRACKING,0.04949746500005858,0.0,0.0,12.573330492440641,0,0,0,0.0,0.0,1.0,0,0,0,0,23,5,0
2879,307.78786875699996,218.19903564453125,53.38777160644531,186.6019287109375,422.2244567871094,218.19903564453125,53.38777160644531,186.6019287109375,422.2244567871094,nan,nan,nan,nan,0.7225323915481567,nan,0,nan,nan,nan,TRACKING,0.05074680600000647,0.0,0.0,13.653159318535126,0,0,0,0.0,0.0,1.0,0,0,0,0,23,5,0
2880,308.181425947,218.19903564453125,53.38777160644531,186.6019287109375,422.2244567871094,218.19903564453125,53.38777160644531,186.6019287109375,422.2244567871094,252.0,29.0,175.0,448.0,0.7318601608276367,0.998535,1,0.6961820933080729,0.037837027169163276,1.0049476783852358,DETECTOR_CONFIRMED,0.11524579100000665,0.25169928200000413,0.0,2.5409267710238983,0,0,0,0.0,0.0,1.0,0,0,0,0,23,5,0
2881,308.26273175999995,218.19903564453125,53.38777160644531,186.6019287109375,422.2244567871094,218.19903564453125,53.38777160644531,186.6019287109375,422.2244567871094,nan,nan,nan,nan,0.7583497762680054,nan,0,nan,nan,nan,TRACKING,0.057804441999905976,0.0,0.0,12.299243597752936,0,0,0,0.0,0.0,1.0,0,0,0,0,23,5,0
2882,308.33703292099995,218.19903564453125,53.38777160644531,186.6019287109375,422.2244567871094,218.19903564453125,53.38777160644531,186.6019287109375,422.2244567871094,nan,nan,nan,nan,0.7646098136901855,nan,0,nan,nan,nan,TRACKING,0.05037201499999355,0.0,0.0,13.458739897753164,0,0,0,0.0,0.0,1.0,0,0,0,0,23,5,0
2883,308.40593533799995,218.19903564453125,53.38777160644531,186.6019287109375,422.2244567871094,218.19903564453125,53.38777160644531,186.6019287109375,422.2244567871094,nan,nan,nan,nan,0.7573090195655823,nan,0,nan,nan,nan,TRACKING,0.04593702900001517,0.0,0.0,14.513278975394197,0,0,0,0.0,0.0,1.0,0,0,0,0,23,5,0
2884,308.476846617,218.19903564453125,53.38777160644531,186.6019287109375,422.2244567871094,218.19903564453125,53.38777160644531,186.6019287109375,422.2244567871094,nan,nan,nan,nan,0.7531222701072693,nan,0,nan,nan,nan,TRACKING,0.04772202300000572,0.0,0.0,14.10212894340251,0,0,0,0.0,0.0,1.0,0,0,0,0,23,5,0
2885,308.542147324,218.19903564453125,53.38777160644531,186.6019287109375,422.2244567871094,218.19903564453125,53.38777160644531,186.6019287109375,422.2244567871094,nan,nan,nan,nan,0.7497768998146057,nan,0,nan,nan,nan,TRACKING,0.04216223500009164,0.0,0.0,15.313769880009284,0,0,0,0.0,0.0,1.0,0,0,0,0,23,5,0
2886,308.618933408,218.19903564453125,53.38777160644531,186.6019287109375,422.2244567871094,218.19903564453125,53.38777160644531,186.6019287109375,422.2244567871094,nan,nan,nan,nan,0.7528729438781738,nan,0,nan,nan,nan,TRACKING,0.052004083999918294,0.0,0.0,13.023193108794485,0,0,0,0.0,0.0,1.0,0,0,0,0,23,5,0
2887,308.68932340799995,218.19903564453125,53.38777160644531,186.6019287109375,422.2244567871094,218.19903564453125,53.38777160644531,186.6019287109375,422.2244567871094,nan,nan,nan,nan,0.7524834275245667,nan,0,nan,nan,nan,TRACKING,0.047284395000019686,0.0,0.0,14.2065634323108,0,0,0,0.0,0.0,1.0,0,0,0,0,23,5,0
2888,308.757508755,218.19903564453125,53.38777160644531,186.6019287109375,422.2244567871094,218.19903564453125,53.38777160644531,186.6019287109375,422.2244567871094,nan,nan,nan,nan,0.7595759630203247,nan,0,nan,nan,nan,TRACKING,0.04224859500004641,0.0,0.0,14.665907617940528,0,0,0,0.0,0.0,1.0,0,0,0,0,23,5,0
2889,308.829706407,218.19903564453125,53.38777160644531,186.6019287109375,422.2244567871094,218.19903564453125,53.38777160644531,186.6019287109375,422.2244567871094,nan,nan,nan,nan,0.7635775804519653,nan,0,nan,nan,nan,TRACKING,0.04722105799999099,0.0,0.0,13.850865953369263,0,0,0,0.0,0.0,1.0,0,0,0,0,23,5,0
2890,308.912756641,218.19903564453125,53.38777160644531,186.6019287109375,422.2244567871094,218.19903564453125,53.38777160644531,186.6019287109375,422.2244567871094,nan,nan,nan,nan,0.7624792456626892,nan,0,nan,nan,nan,TRACKING,0.053405410999971537,0.0,0.0,12.0409052670483,0,0,0,0.0,0.0,1.0,0,0,0,0,23,5,0
2891,308.984046326,218.19903564453125,53.38777160644531,186.6019287109375,422.2244567871094,218.19903564453125,53.38777160644531,186.6019287109375,422.2244567871094,nan,nan,nan,nan,0.7618570923805237,nan,0,nan,nan,nan,TRACKING,0.04766759300002832,0.0,0.0,14.027274773339938,0,0,0,0.0,0.0,1.0,0,0,0,0,23,5,0
2892,309.06408378899994,218.19903564453125,53.38777160644531,186.6019287109375,422.2244567871094,218.19903564453125,53.38777160644531,186.6019287109375,422.2244567871094,nan,nan,nan,nan,0.7646214365959167,nan,0,nan,nan,nan,TRACKING,0.050766516000066986,0.0,0.0,12.494149146141154,0,0,0,0.0,0.0,1.0,0,0,0,0,23,5,0
2893,309.15814150899996,218.19903564453125,53.38777160644531,186.6019287109375,422.2244567871094,218.19903564453125,53.38777160644531,186.6019287109375,422.2244567871094,nan,nan,nan,nan,0.7659723162651062,nan,0,nan,nan,nan,TRACKING,0.06706533599992781,0.0,0.0,10.631769513440798,0,0,0,0.0,0.0,1.0,0,0,0,0,23,5,0
2894,309.22750613899996,218.19903564453125,53.38777160644531,186.6019287109375,422.2244567871094,218.19903564453125,53.38777160644531,186.6019287109375,422.2244567871094,nan,nan,nan,nan,0.7547696828842163,nan,0,nan,nan,nan,TRACKING,0.044095833000028506,0.0,0.0,14.416569366838186,0,0,0,0.0,0.0,1.0,0,0,0,0,23,5,0
2895,309.55899737899995,218.19903564453125,53.38777160644531,186.6019287109375,422.2244567871094,218.19903564453125,53.38777160644531,186.6019287109375,422.2244567871094,252.0,25.0,176.0,452.0,0.7790184020996094,0.999061,1,0.6876341179120127,0.0394196175780537,1.009698215514508,DETECTOR_CONFIRMED,0.058274044999961916,0.24840957000003527,0.0,3.0166709684395476,0,0,0,0.0,0.0,1.0,0,0,0,0,23,5,0
2896,309.651607357,218.19903564453125,53.38777160644531,186.6019287109375,422.2244567871094,218.19903564453125,53.38777160644531,186.6019287109375,422.2244567871094,nan,nan,nan,nan,0.7515767216682434,nan,0,nan,nan,nan,TRACKING,0.06242670699998598,0.0,0.0,10.797972546754666,0,0,0,0.0,0.0,1.0,0,0,0,0,23,5,0
2897,309.731462521,218.19903564453125,53.38777160644531,186.6019287109375,422.2244567871094,218.19903564453125,53.38777160644531,186.6019287109375,422.2244567871094,nan,nan,nan,nan,0.7553142309188843,nan,0,nan,nan,nan,TRACKING,0.056368770000062796,0.0,0.0,12.522671670920843,0,0,0,0.0,0.0,1.0,0,0,0,0,23,5,0
2898,309.79966766999996,218.19903564453125,53.38777160644531,186.6019287109375,422.2244567871094,218.19903564453125,53.38777160644531,186.6019287109375,422.2244567871094,nan,nan,nan,nan,0.7547804713249207,nan,0,nan,nan,nan,TRACKING,0.04218424199996207,0.0,0.0,14.661649665202379,0,0,0,0.0,0.0,1.0,0,0,0,0,23,5,0
2899,309.87751063999997,218.19903564453125,53.38777160644531,186.6019287109375,422.2244567871094,218.19903564453125,53.38777160644531,186.6019287109375,422.2244567871094,nan,nan,nan,nan,0.7504033446311951,nan,0,nan,nan,nan,TRACKING,0.05094602600001963,0.0,0.0,12.84637520896135,0,0,0,0.0,0.0,1.0,0,0,0,0,23,5,0
2900,309.953647996,218.19903564453125,53.38777160644531,186.6019287109375,422.2244567871094,218.19903564453125,53.38777160644531,186.6019287109375,422.2244567871094,nan,nan,nan,nan,0.7553614974021912,nan,0,nan,nan,nan,TRACKING,0.05158777899998768,0.0,0.0,13.134157167211715,0,0,0,0.0,0.0,1.0,0,0,0,0,23,5,0
2901,310.030321318,218.19903564453125,53.38777160644531,186.6019287109375,422.2244567871094,218.19903564453125,53.38777160644531,186.6019287109375,422.2244567871094,nan,nan,nan,nan,0.7559415698051453,nan,0,nan,nan,nan,TRACKING,0.04900643899998158,0.0,0.0,13.042346071813164,0,0,0,0.0,0.0,1.0,0,0,0,0,23,5,0
2902,310.10605505800004,218.19903564453125,53.38777160644531,186.6019287109375,422.2244567871094,218.19903564453125,53.38777160644531,186.6019287109375,422.2244567871094,nan,nan,nan,nan,0.758930504322052,nan,0,nan,nan,nan,TRACKING,0.05092086800004836,0.0,0.0,13.20415444951711,0,0,0,0.0,0.0,1.0,0,0,0,0,23,5,0
2903,310.177111353,218.19903564453125,53.38777160644531,186.6019287109375,422.2244567871094,218.19903564453125,53.38777160644531,186.6019287109375,422.2244567871094,nan,nan,nan,nan,0.7585936784744263,nan,0,nan,nan,nan,TRACKING,0.048455888000034975,0.0,0.0,14.073348462662247,0,0,0,0.0,0.0,1.0,0,0,0,0,23,5,0
2904,310.26123237599995,218.19903564453125,53.38777160644531,186.6019287109375,422.2244567871094,218.19903564453125,53.38777160644531,186.6019287109375,422.2244567871094,nan,nan,nan,nan,0.759553849697113,nan,0,nan,nan,nan,TRACKING,0.06045821399993656,0.0,0.0,11.887634794935906,0,0,0,0.0,0.0,1.0,0,0,0,0,23,5,0
2905,310.39689437999994,218.19903564453125,53.38777160644531,186.6019287109375,422.2244567871094,218.19903564453125,53.38777160644531,186.6019287109375,422.2244567871094,nan,nan,nan,nan,0.7633564472198486,nan,0,nan,nan,nan,TRACKING,0.10380006100001538,0.0,0.0,7.371260710553331,0,0,0,0.0,0.0,1.0,0,0,0,0,23,5,0
2906,310.468482432,218.19903564453125,53.38777160644531,186.6019287109375,422.2244567871094,218.19903564453125,53.38777160644531,186.6019287109375,422.2244567871094,nan,nan,nan,nan,0.7491758465766907,nan,0,nan,nan,nan,TRACKING,0.044945772999994915,0.0,0.0,13.96881144355577,0,0,0,0.0,0.0,1.0,0,0,0,0,23,5,0
2907,310.5402107,218.19903564453125,53.38777160644531,186.6019287109375,422.2244567871094,218.19903564453125,53.38777160644531,186.6019287109375,422.2244567871094,nan,nan,nan,nan,0.7300899624824524,nan,0,nan,nan,nan,TRACKING,0.04487655000002633,0.0,0.0,13.941504902917586,0,0,0,0.0,0.0,1.0,0,0,0,0,23,5,0
2908,310.62495144499997,218.19903564453125,53.38777160644531,186.6019287109375,422.2244567871094,218.19903564453125,53.38777160644531,186.6019287109375,422.2244567871094,nan,nan,nan,nan,0.7338157296180725,nan,0,nan,nan,nan,TRACKING,0.05630534700003409,0.0,0.0,11.80069870757306,0,0,0,0.0,0.0,1.0,0,0,0,0,23,5,0
2909,310.70912632600005,218.19903564453125,53.38777160644531,186.6019287109375,422.2244567871094,218.19903564453125,53.38777160644531,186.6019287109375,422.2244567871094,nan,nan,nan,nan,0.7282995581626892,nan,0,nan,nan,nan,TRACKING,0.053011470999990706,0.0,0.0,11.8800286750514,0,0,0,0.0,0.0,1.0,0,0,0,0,23,5,0
2910,311.00889697,218.19903564453125,53.38777160644531,186.6019287109375,422.2244567871094,218.19903564453125,53.38777160644531,186.6019287109375,422.2244567871094,254.0,27.0,153.0,449.0,0.7344952821731567,0.99103,1,0.7596891031031892,0.028777161083053344,1.1468899367571,DETECTOR_CONFIRMED,0.042847065000046314,0.2263420759999235,0.0,3.3358836831270087,0,0,0,0.0,0.0,1.0,0,0,0,0,23,5,0
2911,311.09983924899996,218.19903564453125,53.38777160644531,186.6019287109375,422.2244567871094,218.19903564453125,53.38777160644531,186.6019287109375,422.2244567871094,nan,nan,nan,nan,0.7320667505264282,nan,0,nan,nan,nan,TRACKING,0.0620227409999643,0.0,0.0,10.99598570650227,0,0,0,0.0,0.0,1.0,0,0,0,0,23,5,0
2912,311.171816593,218.19903564453125,53.38777160644531,186.6019287109375,422.2244567871094,218.19903564453125,53.38777160644531,186.6019287109375,422.2244567871094,nan,nan,nan,nan,0.7303401231765747,nan,0,nan,nan,nan,TRACKING,0.04982754800005296,0.0,0.0,13.893260634890261,0,0,0,0.0,0.0,1.0,0,0,0,0,23,5,0
2913,311.25058654500003,218.19903564453125,53.38777160644531,186.6019287109375,422.2244567871094,218.19903564453125,53.38777160644531,186.6019287109375,422.2244567871094,nan,nan,nan,nan,0.728352427482605,nan,0,nan,nan,nan,TRACKING,0.05181734300003882,0.0,0.0,12.695196259606666,0,0,0,0.0,0.0,1.0,0,0,0,0,23,5,0
2914,311.32116638799994,218.19903564453125,53.38777160644531,186.6019287109375,422.2244567871094,218.19903564453125,53.38777160644531,186.6019287109375,422.2244567871094,nan,nan,nan,nan,0.7273584604263306,nan,0,nan,nan,nan,TRACKING,0.04823144199997387,0.0,0.0,14.168351153761376,0,0,0,0.0,0.0,1.0,0,0,0,0,23,5,0
2915,311.389117691,218.19903564453125,53.38777160644531,186.6019287109375,422.2244567871094,218.19903564453125,53.38777160644531,186.6019287109375,422.2244567871094,nan,nan,nan,nan,0.7270156741142273,nan,0,nan,nan,nan,TRACKING,0.04465823099997124,0.0,0.0,14.716421258305099,0,0,0,0.0,0.0,1.0,0,0,0,0,23,5,0
2916,311.45596586299996,218.19903564453125,53.38777160644531,186.6019287109375,422.2244567871094,218.19903564453125,53.38777160644531,186.6019287109375,422.2244567871094,nan,nan,nan,nan,0.7280914187431335,nan,0,nan,nan,nan,TRACKING,0.04191584399995918,0.0,0.0,14.959272184749535,0,0,0,0.0,0.0,1.0,0,0,0,0,23,5,0
2917,311.51850010500004,218.19903564453125,53.38777160644531,186.6019287109375,422.2244567871094,218.19903564453125,53.38777160644531,186.6019287109375,422.2244567871094,nan,nan,nan,nan,0.7225766181945801,nan,0,nan,nan,nan,TRACKING,0.03857623700002932,0.0,0.0,15.991238847968548,0,0,0,0.0,0.0,1.0,0,0,0,0,23,5,0
2918,311.588021024,218.19903564453125,53.38777160644531,186.6019287109375,422.2244567871094,218.19903564453125,53.38777160644531,186.6019287109375,422.2244567871094,nan,nan,nan,nan,0.7218452095985413,nan,0,nan,nan,nan,TRACKING,0.04607606699994449,0.0,0.0,14.384159680061677,0,0,0,0.0,0.0,1.0,0,0,0,0,23,5,0
2919,311.65157610200004,218.19903564453125,53.38777160644531,186.6019287109375,422.2244567871094,218.19903564453125,53.38777160644531,186.6019287109375,422.2244567871094,nan,nan,nan,nan,0.7192774415016174,nan,0,nan,nan,nan,TRACKING,0.04008741200004806,0.0,0.0,15.734383962197905,0,0,0,0.0,0.0,1.0,0,0,0,0,23,5,0
2920,311.760773942,218.19903564453125,53.38777160644531,186.6019287109375,422.2244567871094,218.19903564453125,53.38777160644531,186.6019287109375,422.2244567871094,nan,nan,nan,nan,0.7151644229888916,nan,0,nan,nan,nan,TRACKING,0.04449118999991697,0.0,0.0,9.157690298637714,0,0,0,0.0,0.0,1.0,0,0,0,0,23,5,0
2921,311.83737935600004,218.19903564453125,53.38777160644531,186.6019287109375,422.2244567871094,218.19903564453125,53.38777160644531,186.6019287109375,422.2244567871094,nan,nan,nan,nan,0.7120040655136108,nan,0,nan,nan,nan,TRACKING,0.04582339699993554,0.0,0.0,13.053907652005332,0,0,0,0.0,0.0,1.0,0,0,0,0,23,5,0
2922,311.91015107500004,218.19903564453125,53.38777160644531,186.6019287109375,422.2244567871094,218.19903564453125,53.38777160644531,186.6019287109375,422.2244567871094,nan,nan,nan,nan,0.7110194563865662,nan,0,nan,nan,nan,TRACKING,0.04481969799996932,0.0,0.0,13.7416020088789,0,0,0,0.0,0.0,1.0,0,0,0,0,23,5,0
2923,311.981697155,218.19903564453125,53.38777160644531,186.6019287109375,422.2244567871094,218.19903564453125,53.38777160644531,186.6019287109375,422.2244567871094,nan,nan,nan,nan,0.7188507318496704,nan,0,nan,nan,nan,TRACKING,0.045380456999964736,0.0,0.0,13.977006147653832,0,0,0,0.0,0.0,1.0,0,0,0,0,23,5,0
2924,312.06954249499995,218.19903564453125,53.38777160644531,186.6019287109375,422.2244567871094,218.19903564453125,53.38777160644531,186.6019287109375,422.2244567871094,nan,nan,nan,nan,0.71244215965271,nan,0,nan,nan,nan,TRACKING,0.06416104899994934,0.0,0.0,11.38364311642067,0,0,0,0.0,0.0,1.0,0,0,0,0,23,5,0
2925,312.44446892400003,218.19903564453125,53.38777160644531,186.6019287109375,422.2244567871094,218.19903564453125,53.38777160644531,186.6019287109375,422.2244567871094,254.0,26.0,152.0,451.0,0.7210856080055237,0.990921,1,0.7610056741183473,0.028263547636487533,1.1493158184356764,DETECTOR_CONFIRMED,0.054694967000045835,0.29012416900002336,0.0,2.6671899408824458,0,0,0,0.0,0.0,1.0,0,0,0,0,23,5,0
2926,312.52346301299997,218.19903564453125,53.38777160644531,186.6019287109375,422.2244567871094,218.19903564453125,53.38777160644531,186.6019287109375,422.2244567871094,nan,nan,nan,nan,0.7228550910949707,nan,0,nan,nan,nan,TRACKING,0.04976868400001422,0.0,0.0,12.659175042841895,0,0,0,0.0,0.0,1.0,0,0,0,0,23,5,0
2927,312.59340953899994,218.19903564453125,53.38777160644531,186.6019287109375,422.2244567871094,218.19903564453125,53.38777160644531,186.6019287109375,422.2244567871094,nan,nan,nan,nan,0.722393810749054,nan,0,nan,nan,nan,TRACKING,0.04866852199995719,0.0,0.0,14.296635689962244,0,0,0,0.0,0.0,1.0,0,0,0,0,23,5,0
2928,312.660796085,218.19903564453125,53.38777160644531,186.6019287109375,422.2244567871094,218.19903564453125,53.38777160644531,186.6019287109375,422.2244567871094,nan,nan,nan,nan,0.7228114604949951,nan,0,nan,nan,nan,TRACKING,0.04439548200002719,0.0,0.0,14.839757479168265,0,0,0,0.0,0.0,1.0,0,0,0,0,23,5,0
2929,312.73857375599994,218.19903564453125,53.38777160644531,186.6019287109375,422.2244567871094,218.19903564453125,53.38777160644531,186.6019287109375,422.2244567871094,nan,nan,nan,nan,0.7221106290817261,nan,0,nan,nan,nan,TRACKING,0.052888068000015664,0.0,0.0,12.857160508200456,0,0,0,0.0,0.0,1.0,0,0,0,0,23,5,0
2930,312.848048943,218.19903564453125,53.38777160644531,186.6019287109375,422.2244567871094,218.19903564453125,53.38777160644531,186.6019287109375,422.2244567871094,nan,nan,nan,nan,0.7223780751228333,nan,0,nan,nan,nan,TRACKING,0.08663782899998296,0.0,0.0,9.134489991778695,0,0,0,0.0,0.0,1.0,0,0,0,0,23,5,0
2931,312.915594351,218.19903564453125,53.38777160644531,186.6019287109375,422.2244567871094,218.19903564453125,53.38777160644531,186.6019287109375,422.2244567871094,nan,nan,nan,nan,0.7456618547439575,nan,0,nan,nan,nan,TRACKING,0.04297832300005666,0.0,0.0,14.804855424072459,0,0,0,0.0,0.0,1.0,0,0,0,0,23,5,0
2932,312.979838543,218.19903564453125,53.38777160644531,186.6019287109375,422.2244567871094,218.19903564453125,53.38777160644531,186.6019287109375,422.2244567871094,nan,nan,nan,nan,0.7451593279838562,nan,0,nan,nan,nan,TRACKING,0.040984883999954036,0.0,0.0,15.565609417257146,0,0,0,0.0,0.0,1.0,0,0,0,0,23,5,0
2933,313.049424165,218.19903564453125,53.38777160644531,186.6019287109375,422.2244567871094,218.19903564453125,53.38777160644531,186.6019287109375,422.2244567871094,nan,nan,nan,nan,0.744384229183197,nan,0,nan,nan,nan,TRACKING,0.043887799000003724,0.0,0.0,14.3707848152932,0,0,0,0.0,0.0,1.0,0,0,0,0,23,5,0
2934,313.12927949799996,218.19903564453125,53.38777160644531,186.6019287109375,422.2244567871094,218.19903564453125,53.38777160644531,186.6019287109375,422.2244567871094,nan,nan,nan,nan,0.7435692548751831,nan,0,nan,nan,nan,TRACKING,0.04983363600001667,0.0,0.0,12.522645168865104,0,0,0,0.0,0.0,1.0,0,0,0,0,23,5,0
2935,313.20897612399995,218.19903564453125,53.38777160644531,186.6019287109375,422.2244567871094,218.19903564453125,53.38777160644531,186.6019287109375,422.2244567871094,nan,nan,nan,nan,0.7432758212089539,nan,0,nan,nan,nan,TRACKING,0.052499350000061895,0.0,0.0,12.547582629158882,0,0,0,0.0,0.0,1.0,0,0,0,0,23,5,0
2936,313.29064206600003,218.19903564453125,53.38777160644531,186.6019287109375,422.2244567871094,218.19903564453125,53.38777160644531,186.6019287109375,422.2244567871094,nan,nan,nan,nan,0.7501941323280334,nan,0,nan,nan,nan,TRACKING,0.042436462999944524,0.0,0.0,12.245006614862124,0,0,0,0.0,0.0,1.0,0,0,0,0,23,5,0
2937,313.38466918999995,218.19903564453125,53.38777160644531,186.6019287109375,422.2244567871094,218.19903564453125,53.38777160644531,186.6019287109375,422.2244567871094,nan,nan,nan,nan,0.7396588921546936,nan,0,nan,nan,nan,TRACKING,0.06427165600007356,0.0,0.0,10.635229043066657,0,0,0,0.0,0.0,1.0,0,0,0,0,23,5,0
2938,313.46268000500004,218.19903564453125,53.38777160644531,186.6019287109375,422.2244567871094,218.19903564453125,53.38777160644531,186.6019287109375,422.2244567871094,nan,nan,nan,nan,0.7383501529693604,nan,0,nan,nan,nan,TRACKING,0.050987208000037754,0.0,0.0,12.81873545352552,0,0,0,0.0,0.0,1.0,0,0,0,0,23,5,0
2939,313.535890464,218.19903564453125,53.38777160644531,186.6019287109375,422.2244567871094,218.19903564453125,53.38777160644531,186.6019287109375,422.2244567871094,nan,nan,nan,nan,0.713750958442688,nan,0,nan,nan,nan,TRACKING,0.04838415500000792,0.0,0.0,13.659250517755204,0,0,0,0.0,0.0,1.0,0,0,0,0,23,5,0
2940,314.02765612999997,218.19903564453125,53.38777160644531,186.6019287109375,422.2244567871094,218.19903564453125,53.38777160644531,186.6019287109375,422.2244567871094,240.0,29.0,169.0,449.0,0.7298119068145752,0.994566,1,0.8177970425314309,0.021286732957408003,1.0383086409694455,DETECTOR_CONFIRMED,0.04007642700003089,0.4191106000000673,0.0,2.033488852798471,0,0,0,0.0,0.0,1.0,0,0,0,0,23,5,0
2941,314.09768288,218.19903564453125,53.38777160644531,186.6019287109375,422.2244567871094,218.19903564453125,53.38777160644531,186.6019287109375,422.2244567871094,nan,nan,nan,nan,0.7399051785469055,nan,0,nan,nan,nan,TRACKING,0.04705283500004498,0.0,0.0,14.280257187429722,0,0,0,0.0,0.0,1.0,0,0,0,0,23,5,0
2942,314.17079187499996,218.19903564453125,53.38777160644531,186.6019287109375,422.2244567871094,218.19903564453125,53.38777160644531,186.6019287109375,422.2244567871094,nan,nan,nan,nan,0.743226170539856,nan,0,nan,nan,nan,TRACKING,0.046891784999957054,0.0,0.0,13.67820744903164,0,0,0,0.0,0.0,1.0,0,0,0,0,23,5,0
2943,314.24724026499996,218.19903564453125,53.38777160644531,186.6019287109375,422.2244567871094,218.19903564453125,53.38777160644531,186.6019287109375,422.2244567871094,nan,nan,nan,nan,0.7381406426429749,nan,0,nan,nan,nan,TRACKING,0.04798293599992576,0.0,0.0,13.080720208758526,0,0,0,0.0,0.0,1.0,0,0,0,0,23,5,0
2944,314.309780456,218.19903564453125,53.38777160644531,186.6019287109375,422.2244567871094,218.19903564453125,53.38777160644531,186.6019287109375,422.2244567871094,nan,nan,nan,nan,0.7307993173599243,nan,0,nan,nan,nan,TRACKING,0.036439706999999544,0.0,0.0,15.989717716074354,0,0,0,0.0,0.0,1.0,0,0,0,0,23,5,0
2945,314.38532979699994,218.19903564453125,53.38777160644531,186.6019287109375,422.2244567871094,218.19903564453125,53.38777160644531,186.6019287109375,422.2244567871094,nan,nan,nan,nan,0.7344995141029358,nan,0,nan,nan,nan,TRACKING,0.052437775000043985,0.0,0.0,13.236382829610276,0,0,0,0.0,0.0,1.0,0,0,0,0,23,5,0
2946,314.461120921,218.19903564453125,53.38777160644531,186.6019287109375,422.2244567871094,218.19903564453125,53.38777160644531,186.6019287109375,422.2244567871094,nan,nan,nan,nan,0.729945182800293,nan,0,nan,nan,nan,TRACKING,0.0508259729999736,0.0,0.0,13.194157141666773,0,0,0,0.0,0.0,1.0,0,0,0,0,23,5,0
2947,314.636446329,218.19903564453125,53.38777160644531,186.6019287109375,422.2244567871094,218.19903564453125,53.38777160644531,186.6019287109375,422.2244567871094,nan,nan,nan,nan,0.7332395911216736,nan,0,nan,nan,nan,TRACKING,0.15330228599998463,0.0,0.0,5.703679868235194,0,0,0,0.0,0.0,1.0,0,0,0,0,23,5,0
2948,314.71026808,218.19903564453125,53.38777160644531,186.6019287109375,422.2244567871094,218.19903564453125,53.38777160644531,186.6019287109375,422.2244567871094,nan,nan,nan,nan,0.7274112701416016,nan,0,nan,nan,nan,TRACKING,0.05064304699999411,0.0,0.0,13.546143060199503,0,0,0,0.0,0.0,1.0,0,0,0,0,23,5,0
2949,314.782132959,218.19903564453125,53.38777160644531,186.6019287109375,422.2244567871094,218.19903564453125,53.38777160644531,186.6019287109375,422.2244567871094,nan,nan,nan,nan,0.730415940284729,nan,0,nan,nan,nan,TRACKING,0.04805431900001622,0.0,0.0,13.915002904263718,0,0,0,0.0,0.0,1.0,0,0,0,0,23,5,0
2950,314.85081069299997,218.19903564453125,53.38777160644531,186.6019287109375,422.2244567871094,218.19903564453125,53.38777160644531,186.6019287109375,422.2244567871094,nan,nan,nan,nan,0.7277646660804749,nan,0,nan,nan,nan,TRACKING,0.04277430499996626,0.0,0.0,14.560759969173658,0,0,0,0.0,0.0,1.0,0,0,0,0,23,5,0
2951,314.91162994499996,218.19903564453125,53.38777160644531,186.6019287109375,422.2244567871094,218.19903564453125,53.38777160644531,186.6019287109375,422.2244567871094,nan,nan,nan,nan,0.7247865200042725,nan,0,nan,nan,nan,TRACKING,0.03785477899998568,0.0,0.0,16.442162096965703,0,0,0,0.0,0.0,1.0,0,0,0,0,23,5,0
2952,314.97994177500004,218.19903564453125,53.38777160644531,186.6019287109375,422.2244567871094,218.19903564453125,53.38777160644531,186.6019287109375,422.2244567871094,nan,nan,nan,nan,0.7246432304382324,nan,0,nan,nan,nan,TRACKING,0.04201353600001312,0.0,0.0,14.638752907055293,0,0,0,0.0,0.0,1.0,0,0,0,0,23,5,0
2953,315.049251208,218.19903564453125,53.38777160644531,186.6019287109375,422.2244567871094,218.19903564453125,53.38777160644531,186.6019287109375,422.2244567871094,nan,nan,nan,nan,0.7207996249198914,nan,0,nan,nan,nan,TRACKING,0.04549251900004947,0.0,0.0,14.428050507941805,0,0,0,0.0,0.0,1.0,0,0,0,0,23,5,0
2954,315.11734630800004,218.19903564453125,53.38777160644531,186.6019287109375,422.2244567871094,218.19903564453125,53.38777160644531,186.6019287109375,422.2244567871094,nan,nan,nan,nan,0.7248804569244385,nan,0,nan,nan,nan,TRACKING,0.04355194999993728,0.0,0.0,14.685344466771598,0,0,0,0.0,0.0,1.0,0,0,0,0,23,5,0
2955,315.57615939699997,218.19903564453125,53.38777160644531,186.6019287109375,422.2244567871094,218.19903564453125,53.38777160644531,186.6019287109375,422.2244567871094,234.0,33.0,186.0,442.0,0.7265345454216003,0.997815,1,0.8092290626493975,0.02340205653356132,1.0434597457496824,DETECTOR_CONFIRMED,0.10187409299999217,0.33254340700000284,0.0,2.179536774287946,0,0,0,0.0,0.0,1.0,0,0,0,0,23,5,0
2956,315.660376432,218.19903564453125,53.38777160644531,186.6019287109375,422.2244567871094,218.19903564453125,53.38777160644531,186.6019287109375,422.2244567871094,nan,nan,nan,nan,0.7505454421043396,nan,0,nan,nan,nan,TRACKING,0.052311228999997184,0.0,0.0,11.874082244754739,0,0,0,0.0,0.0,1.0,0,0,0,0,23,5,0
2957,315.73742497399996,218.19903564453125,53.38777160644531,186.6019287109375,422.2244567871094,218.19903564453125,53.38777160644531,186.6019287109375,422.2244567871094,nan,nan,nan,nan,0.7425745725631714,nan,0,nan,nan,nan,TRACKING,0.054106895000018085,0.0,0.0,12.978830929736967,0,0,0,0.0,0.0,1.0,0,0,0,0,23,5,0
2958,315.810140221,218.19903564453125,53.38777160644531,186.6019287109375,422.2244567871094,218.19903564453125,53.38777160644531,186.6019287109375,422.2244567871094,nan,nan,nan,nan,0.7503337264060974,nan,0,nan,nan,nan,TRACKING,0.04624503200000163,0.0,0.0,13.752273990071657,0,0,0,0.0,0.0,1.0,0,0,0,0,23,5,0
2959,315.888015785,218.19903564453125,53.38777160644531,186.6019287109375,422.2244567871094,218.19903564453125,53.38777160644531,186.6019287109375,422.2244567871094,nan,nan,nan,nan,0.7491452693939209,nan,0,nan,nan,nan,TRACKING,0.05406486100002894,0.0,0.0,12.840998493441052,0,0,0,0.0,0.0,1.0,0,0,0,0,23,5,0
2960,315.95745138300003,218.19903564453125,53.38777160644531,186.6019287109375,422.2244567871094,218.19903564453125,53.38777160644531,186.6019287109375,422.2244567871094,nan,nan,nan,nan,0.7434428930282593,nan,0,nan,nan,nan,TRACKING,0.0440645560000803,0.0,0.0,14.40183463242313,0,0,0,0.0,0.0,1.0,0,0,0,0,23,5,0
2961,316.033830881,218.19903564453125,53.38777160644531,186.6019287109375,422.2244567871094,218.19903564453125,53.38777160644531,186.6019287109375,422.2244567871094,nan,nan,nan,nan,0.7428088784217834,nan,0,nan,nan,nan,TRACKING,0.05099876600002062,0.0,0.0,13.092518623267443,0,0,0,0.0,0.0,1.0,0,0,0,0,23,5,0
2962,316.109075945,218.19903564453125,53.38777160644531,186.6019287109375,422.2244567871094,218.19903564453125,53.38777160644531,186.6019287109375,422.2244567871094,nan,nan,nan,nan,0.7506228089332581,nan,0,nan,nan,nan,TRACKING,0.051197733999970296,0.0,0.0,13.289908292190322,0,0,0,0.0,0.0,1.0,0,0,0,0,23,5,0
2963,316.174056627,218.19903564453125,53.38777160644531,186.6019287109375,422.2244567871094,218.19903564453125,53.38777160644531,186.6019287109375,422.2244567871094,nan,nan,nan,nan,0.7476432919502258,nan,0,nan,nan,nan,TRACKING,0.04097345899992888,0.0,0.0,15.389189051588517,0,0,0,0.0,0.0,1.0,0,0,0,0,23,5,0
2964,316.246974853,218.19903564453125,53.38777160644531,186.6019287109375,422.2244567871094,218.19903564453125,53.38777160644531,186.6019287109375,422.2244567871094,nan,nan,nan,nan,0.748051106929779,nan,0,nan,nan,nan,TRACKING,0.048753598999951464,0.0,0.0,13.713992438606526,0,0,0,0.0,0.0,1.0,0,0,0,0,23,5,0
2965,316.33048296699997,218.19903564453125,53.38777160644531,186.6019287109375,422.2244567871094,218.19903564453125,53.38777160644531,186.6019287109375,422.2244567871094,nan,nan,nan,nan,0.7503810524940491,nan,0,nan,nan,nan,TRACKING,0.05605930899992018,0.0,0.0,11.974884260949834,0,0,0,0.0,0.0,1.0,0,0,0,0,23,5,0
2966,316.422081112,218.19903564453125,53.38777160644531,186.6019287109375,422.2244567871094,218.19903564453125,53.38777160644531,186.6019287109375,422.2244567871094,nan,nan,nan,nan,0.7460107803344727,nan,0,nan,nan,nan,TRACKING,0.05723316900002828,0.0,0.0,10.917251653945868,0,0,0,0.0,0.0,1.0,0,0,0,0,23,5,0
2967,316.49869912099996,218.19903564453125,53.38777160644531,186.6019287109375,422.2244567871094,218.19903564453125,53.38777160644531,186.6019287109375,422.2244567871094,nan,nan,nan,nan,0.7459778785705566,nan,0,nan,nan,nan,TRACKING,0.0538539880000144,0.0,0.0,13.05176176009153,0,0,0,0.0,0.0,1.0,0,0,0,0,23,5,0
2968,316.56701353100004,218.19903564453125,53.38777160644531,186.6019287109375,422.2244567871094,218.19903564453125,53.38777160644531,186.6019287109375,422.2244567871094,nan,nan,nan,nan,0.7426666617393494,nan,0,nan,nan,nan,TRACKING,0.045253862999970806,0.0,0.0,14.638200051771838,0,0,0,0.0,0.0,1.0,0,0,0,0,23,5,0
2969,316.64598186800004,218.19903564453125,53.38777160644531,186.6019287109375,422.2244567871094,218.19903564453125,53.38777160644531,186.6019287109375,422.2244567871094,nan,nan,nan,nan,0.746426522731781,nan,0,nan,nan,nan,TRACKING,0.054938312999979644,0.0,0.0,12.663303267993355,0,0,0,0.0,0.0,1.0,0,0,0,0,23,5,0
2970,317.07642082999996,218.19903564453125,53.38777160644531,186.6019287109375,422.2244567871094,218.19903564453125,53.38777160644531,186.6019287109375,422.2244567871094,235.0,32.0,185.0,443.0,0.7579864859580994,0.997884,1,0.8030057961668617,0.0242706097986845,1.0401978234675622,DETECTOR_CONFIRMED,0.04819843999996465,0.3383883449999985,0.0,2.323209765569904,0,0,0,0.0,0.0,1.0,0,0,0,0,23,5,0
2971,317.146753623,218.19903564453125,53.38777160644531,186.6019287109375,422.2244567871094,218.19903564453125,53.38777160644531,186.6019287109375,422.2244567871094,nan,nan,nan,nan,0.7463988661766052,nan,0,nan,nan,nan,TRACKING,0.04637089899995317,0.0,0.0,14.21811870885768,0,0,0,0.0,0.0,1.0,0,0,0,0,23,5,0
2972,317.22402848800004,218.19903564453125,53.38777160644531,186.6019287109375,422.2244567871094,218.19903564453125,53.38777160644531,186.6019287109375,422.2244567871094,nan,nan,nan,nan,0.741080105304718,nan,0,nan,nan,nan,TRACKING,0.0493714159999854,0.0,0.0,12.9408184666432,0,0,0,0.0,0.0,1.0,0,0,0,0,23,5,0
2973,317.302399905,218.19903564453125,53.38777160644531,186.6019287109375,422.2244567871094,218.19903564453125,53.38777160644531,186.6019287109375,422.2244567871094,nan,nan,nan,nan,0.7471507787704468,nan,0,nan,nan,nan,TRACKING,0.05319649099999424,0.0,0.0,12.759753980208979,0,0,0,0.0,0.0,1.0,0,0,0,0,23,5,0
2974,317.381832337,218.19903564453125,53.38777160644531,186.6019287109375,422.2244567871094,218.19903564453125,53.38777160644531,186.6019287109375,422.2244567871094,nan,nan,nan,nan,0.7432882785797119,nan,0,nan,nan,nan,TRACKING,0.0548539559999881,0.0,0.0,12.5893161624499,0,0,0,0.0,0.0,1.0,0,0,0,0,23,5,0
2975,317.46503475,218.19903564453125,53.38777160644531,186.6019287109375,422.2244567871094,218.19903564453125,53.38777160644531,186.6019287109375,422.2244567871094,nan,nan,nan,nan,0.7470557689666748,nan,0,nan,nan,nan,TRACKING,0.05084443199996258,0.0,0.0,12.018882192758397,0,0,0,0.0,0.0,1.0,0,0,0,0,23,5,0
2976,317.53661334899994,218.19903564453125,53.38777160644531,186.6019287109375,422.2244567871094,218.19903564453125,53.38777160644531,186.6019287109375,422.2244567871094,nan,nan,nan,nan,0.7436296939849854,nan,0,nan,nan,nan,TRACKING,0.04530717399995865,0.0,0.0,13.970656229252482,0,0,0,0.0,0.0,1.0,0,0,0,0,23,5,0
2977,317.604857822,218.19903564453125,53.38777160644531,186.6019287109375,422.2244567871094,218.19903564453125,53.38777160644531,186.6019287109375,422.2244567871094,nan,nan,nan,nan,0.7470523118972778,nan,0,nan,nan,nan,TRACKING,0.04497825099997499,0.0,0.0,14.653201292935044,0,0,0,0.0,0.0,1.0,0,0,0,0,23,5,0
2978,317.69302631799997,218.19903564453125,53.38777160644531,186.6019287109375,422.2244567871094,218.19903564453125,53.38777160644531,186.6019287109375,422.2244567871094,nan,nan,nan,nan,0.7454178929328918,nan,0,nan,nan,nan,TRACKING,0.05993389999991905,0.0,0.0,11.341919680701192,0,0,0,0.0,0.0,1.0,0,0,0,0,23,5,0
2979,317.77281840399996,218.19903564453125,53.38777160644531,186.6019287109375,422.2244567871094,218.19903564453125,53.38777160644531,186.6019287109375,422.2244567871094,nan,nan,nan,nan,0.7521752119064331,nan,0,nan,nan,nan,TRACKING,0.0549816179999425,0.0,0.0,12.532571212639176,0,0,0,0.0,0.0,1.0,0,0,0,0,23,5,0
2980,317.887390623,218.19903564453125,53.38777160644531,186.6019287109375,422.2244567871094,218.19903564453125,53.38777160644531,186.6019287109375,422.2244567871094,nan,nan,nan,nan,0.7428681254386902,nan,0,nan,nan,nan,TRACKING,0.08564758800002892,0.0,0.0,8.728119335803285,0,0,0,0.0,0.0,1.0,0,0,0,0,23,5,0
2981,317.949098101,218.19903564453125,53.38777160644531,186.6019287109375,422.2244567871094,218.19903564453125,53.38777160644531,186.6019287109375,422.2244567871094,nan,nan,nan,nan,0.7616719603538513,nan,0,nan,nan,nan,TRACKING,0.038285102999907394,0.0,0.0,16.205491334449455,0,0,0,0.0,0.0,1.0,0,0,0,0,23,5,0
2982,318.026986966,218.19903564453125,53.38777160644531,186.6019287109375,422.2244567871094,218.19903564453125,53.38777160644531,186.6019287109375,422.2244567871094,nan,nan,nan,nan,0.7573795318603516,nan,0,nan,nan,nan,TRACKING,0.04548572499993497,0.0,0.0,12.838805649566126,0,0,0,0.0,0.0,1.0,0,0,0,0,23,5,0
2983,318.10213579699996,218.19903564453125,53.38777160644531,186.6019287109375,422.2244567871094,218.19903564453125,53.38777160644531,186.6019287109375,422.2244567871094,nan,nan,nan,nan,0.7655375003814697,nan,0,nan,nan,nan,TRACKING,0.04966963300000771,0.0,0.0,13.306926890190544,0,0,0,0.0,0.0,1.0,0,0,0,0,23,5,0
2984,318.19840162699995,212.585205078125,53.38777160644531,186.6019287109375,422.2244567871094,212.585205078125,53.38777160644531,186.6019287109375,422.2244567871094,nan,nan,nan,nan,0.7506271004676819,nan,0,nan,nan,nan,TRACKING,0.05633679100003519,0.0,0.0,10.387901917015338,0,0,0,5.61383056640625,0.007017288208007812,1.0,0,0,0,0,23,5,0
2985,318.51735977600003,206.585205078125,53.38777160644531,186.6019287109375,422.2244567871094,206.585205078125,53.38777160644531,186.6019287109375,422.2244567871094,225.0,34.0,176.0,442.0,0.7447893023490906,0.995018,1,0.8299060910117159,0.020241609068806562,1.0128020617210316,DETECTOR_CONFIRMED,0.05865117600001213,0.236738131999914,0.0,3.1352075597847264,0,0,0,6.0,0.0075,1.0,0,0,0,0,23,5,0
2986,318.59703686499995,183.74368286132812,53.38777160644531,186.6019287109375,422.2244567871094,183.74368286132812,53.38777160644531,186.6019287109375,422.2244567871094,nan,nan,nan,nan,0.55965256690979,nan,0,nan,nan,nan,TRACKING,0.05671146700001373,0.0,0.0,12.550659324427178,0,0,0,22.841522216796875,0.028551902770996094,1.0,0,0,0,0,23,5,0
2987,318.680545186,172.97137451171875,47.77394104003906,186.6019287109375,422.2244567871094,172.97137451171875,47.77394104003906,186.6019287109375,422.2244567871094,nan,nan,nan,nan,0.5234681963920593,nan,0,nan,nan,nan,TRACKING,0.05773078900006112,0.0,0.0,11.974854577655693,0,0,0,12.147333897089558,0.015184167371361947,1.0,0,0,0,0,23,5,0
2988,318.76376312799994,167.585205078125,47.38777160644531,186.6019287109375,422.2244567871094,167.585205078125,47.38777160644531,186.6019287109375,422.2244567871094,nan,nan,nan,nan,0.5221269726753235,nan,0,nan,nan,nan,TRACKING,0.05915476600000602,0.0,0.0,12.016639392511895,0,0,0,5.39999518507394,0.006749993981342425,1.0,0,0,0,0,23,5,0
2989,318.85102845899996,161.585205078125,47.38777160644531,186.6019287109375,422.2244567871094,161.585205078125,47.38777160644531,186.6019287109375,422.2244567871094,nan,nan,nan,nan,0.5297431349754333,nan,0,nan,nan,nan,TRACKING,0.055930074000002605,0.0,0.0,11.459304497449306,0,0,0,6.0,0.0075,1.0,0,0,0,0,23,5,0
2990,318.928705553,155.585205078125,47.38777160644531,186.6019287109375,422.2244567871094,155.585205078125,47.38777160644531,186.6019287109375,422.2244567871094,nan,nan,nan,nan,0.5152944326400757,nan,0,nan,nan,nan,TRACKING,0.052270099999986996,0.0,0.0,12.873808075257035,0,0,0,6.0,0.0075,1.0,0,0,0,0,23,5,0
2991,318.99717062599996,155.19903564453125,47.38777160644531,186.6019287109375,422.2244567871094,155.19903564453125,47.38777160644531,186.6019287109375,422.2244567871094,nan,nan,nan,nan,0.5085527300834656,nan,0,nan,nan,nan,TRACKING,0.0433902309999894,0.0,0.0,14.605987493804818,0,0,0,0.38616943359375,0.0004827117919921875,1.0,0,0,0,0,23,5,0
2992,319.069111496,155.19903564453125,47.38777160644531,186.6019287109375,422.2244567871094,155.19903564453125,47.38777160644531,186.6019287109375,422.2244567871094,nan,nan,nan,nan,0.5019980072975159,nan,0,nan,nan,nan,TRACKING,0.048186095999994905,0.0,0.0,13.900304513961604,0,0,0,0.0,0.0,1.0,0,0,0,0,23,5,0
2993,319.44074328299996,149.585205078125,47.38777160644531,186.6019287109375,422.2244567871094,144.65482177734373,28.93572006225586,190.1106750488281,444.8285598754883,142.0,19.0,192.0,457.0,0.4979049563407898,0.79918,1,0.8781624668287169,0.01504548581249673,1.1136735747951654,SOFT_REINITIALIZING,0.0522760379999454,0.29362962599998355,0.0,2.690835485501996,1,0,0,5.61383056640625,0.007017288208007812,1.0,0,0,0,0,24,5,0
2994,319.46877179800003,144.65482177734373,28.93572006225586,190.1106750488281,444.8285598754883,144.65482177734373,28.93572006225586,190.1106750488281,444.8285598754883,nan,nan,nan,nan,,nan,0,nan,nan,nan,INITIALIZING,0.0,0.0,0.0,35.677951543182814,0,0,0,0.0,0.0,1.0,0,0,0,0,24,5,0
2995,319.504100152,144.65482177734373,28.93572006225586,190.1106750488281,444.8285598754883,144.65482177734373,28.93572006225586,190.1106750488281,444.8285598754883,nan,nan,nan,nan,,nan,0,nan,nan,nan,INITIALIZING,0.0,0.0,0.0,28.305875784690958,0,0,0,0.0,0.0,1.0,0,0,0,0,24,5,0
2996,319.52895897999997,144.65482177734373,28.93572006225586,190.1106750488281,444.8285598754883,144.65482177734373,28.93572006225586,190.1106750488281,444.8285598754883,nan,nan,nan,nan,,nan,0,nan,nan,nan,INITIALIZING,0.0,0.0,0.0,40.22715793360471,0,0,0,0.0,0.0,1.0,0,0,0,0,24,5,0
2997,319.553303355,144.65482177734373,28.93572006225586,190.1106750488281,444.8285598754883,144.65482177734373,28.93572006225586,190.1106750488281,444.8285598754883,nan,nan,nan,nan,,nan,0,nan,nan,nan,INITIALIZING,0.0,0.0,0.0,41.07725090489012,0,0,0,0.0,0.0,1.0,0,0,0,0,24,5,0
2998,319.584733184,144.65482177734373,28.93572006225586,190.1106750488281,444.8285598754883,144.65482177734373,28.93572006225586,190.1106750488281,444.8285598754883,nan,nan,nan,nan,,nan,0,nan,nan,nan,INITIALIZING,0.0,0.0,0.0,31.816908707976996,0,0,0,0.0,0.0,1.0,0,0,0,0,24,5,0
2999,319.612939051,144.65482177734373,28.93572006225586,190.1106750488281,444.8285598754883,144.65482177734373,28.93572006225586,190.1106750488281,444.8285598754883,nan,nan,nan,nan,,nan,0,nan,nan,nan,INITIALIZING,0.0,0.0,0.0,35.453616795403185,0,0,0,0.0,0.0,1.0,0,0,0,0,24,5,0
3000,319.641843547,144.65482177734373,28.93572006225586,190.1106750488281,444.8285598754883,144.65482177734373,28.93572006225586,190.1106750488281,444.8285598754883,nan,nan,nan,nan,,nan,0,nan,nan,nan,INITIALIZING,0.0,0.0,0.0,34.59669388458299,0,0,0,0.0,0.0,1.0,0,0,0,0,24,5,0
3001,319.678706872,144.65482177734373,28.93572006225586,190.1106750488281,444.8285598754883,144.65482177734373,28.93572006225586,190.1106750488281,444.8285598754883,nan,nan,nan,nan,,nan,0,nan,nan,nan,INITIALIZING,0.0,0.0,0.0,27.12723282556979,0,0,0,0.0,0.0,1.0,0,0,0,0,24,5,0
3002,319.714258726,144.65482177734373,28.93572006225586,190.1106750488281,444.8285598754883,144.65482177734373,28.93572006225586,190.1106750488281,444.8285598754883,nan,nan,nan,nan,,nan,0,nan,nan,nan,INITIALIZING,0.0,0.0,0.0,28.127928293131053,0,0,0,0.0,0.0,1.0,0,0,0,0,24,5,0
3003,319.75767695699994,144.65482177734373,28.93572006225586,190.1106750488281,444.8285598754883,144.65482177734373,28.93572006225586,190.1106750488281,444.8285598754883,nan,nan,nan,nan,,nan,0,nan,nan,nan,INITIALIZING,0.0,0.0,0.0,23.03179970648441,0,0,0,0.0,0.0,1.0,0,0,0,0,24,5,0
3004,319.789047095,144.65482177734373,28.93572006225586,190.1106750488281,444.8285598754883,144.65482177734373,28.93572006225586,190.1106750488281,444.8285598754883,nan,nan,nan,nan,,nan,0,nan,nan,nan,INITIALIZING,0.0,0.0,0.0,31.877449821808092,0,0,0,0.0,0.0,1.0,0,0,0,0,24,5,0
3005,319.83738416200003,144.65482177734373,28.93572006225586,190.1106750488281,444.8285598754883,144.65482177734373,28.93572006225586,190.1106750488281,444.8285598754883,nan,nan,nan,nan,,nan,0,nan,nan,nan,INITIALIZING,0.0,0.0,0.0,20.68805705566074,0,0,0,0.0,0.0,1.0,0,0,0,0,24,5,0
3006,319.88777362099995,144.65482177734373,28.93572006225586,190.1106750488281,444.8285598754883,144.65482177734373,28.93572006225586,190.1106750488281,444.8285598754883,nan,nan,nan,nan,,nan,0,nan,nan,nan,INITIALIZING,0.0,0.0,0.0,19.845420447988154,0,0,0,0.0,0.0,1.0,0,0,0,0,24,5,0
3007,319.94966646,144.65482177734373,28.93572006225586,190.1106750488281,444.8285598754883,144.65482177734373,28.93572006225586,190.1106750488281,444.8285598754883,nan,nan,nan,nan,,nan,0,nan,nan,nan,INITIALIZING,0.0,0.0,0.0,16.15695799637113,0,0,0,0.0,0.0,1.0,0,0,0,0,24,5,0
3008,320.003126643,144.65482177734373,28.93572006225586,190.1106750488281,444.8285598754883,144.65482177734373,28.93572006225586,190.1106750488281,444.8285598754883,nan,nan,nan,nan,,nan,0,nan,nan,nan,INITIALIZING,0.0,0.0,0.0,18.70551022993241,0,0,0,0.0,0.0,1.0,0,0,0,0,24,5,0
3009,320.121797537,138.62860107421875,29.085723876953125,190.1106719970703,444.82855224609375,138.62860107421875,29.085723876953125,190.1106719970703,444.82855224609375,nan,nan,nan,nan,0.8210791349411011,nan,0,nan,nan,nan,TRACKING,0.07711499399999866,0.0,0.57716851400005,8.426666103986733,0,0,0,6.0280887811428645,0.007535110976428581,1.000000033203848,0,0,0,0,24,5,0
3010,320.201419373,138.44467163085938,29.085723876953125,190.1106719970703,444.82855224609375,138.44467163085938,29.085723876953125,190.1106719970703,444.82855224609375,nan,nan,nan,nan,0.7853246331214905,nan,0,nan,nan,nan,TRACKING,0.04446718899998814,0.0,0.0,12.559368764116233,0,0,0,0.183929443359375,0.00022991180419921876,1.0,0,0,0,0,24,5,0
3011,320.293387327,138.44467163085938,29.085723876953125,190.1106719970703,444.82855224609375,138.44467163085938,29.085723876953125,190.1106719970703,444.82855224609375,nan,nan,nan,nan,0.7832224369049072,nan,0,nan,nan,nan,TRACKING,0.06250280699998711,0.0,0.0,10.873352689787803,0,0,0,0.0,0.0,1.0,0,0,0,0,24,5,0
3012,320.368691829,138.44467163085938,29.085723876953125,190.1106719970703,444.82855224609375,138.44467163085938,29.085723876953125,190.1106719970703,444.82855224609375,nan,nan,nan,nan,0.7840186953544617,nan,0,nan,nan,nan,TRACKING,0.04308074400000805,0.0,0.0,13.279418539944306,0,0,0,0.0,0.0,1.0,0,0,0,0,24,5,0
3013,320.446125444,138.44467163085938,29.085723876953125,190.1106719970703,444.82855224609375,138.44467163085938,29.085723876953125,190.1106719970703,444.82855224609375,nan,nan,nan,nan,0.7830762267112732,nan,0,nan,nan,nan,TRACKING,0.050387142000090535,0.0,0.0,12.91428793554022,0,0,0,0.0,0.0,1.0,0,0,0,0,24,5,0
3014,320.522827773,138.44467163085938,29.085723876953125,190.1106719970703,444.82855224609375,138.44467163085938,29.085723876953125,190.1106719970703,444.82855224609375,nan,nan,nan,nan,0.7909770607948303,nan,0,nan,nan,nan,TRACKING,0.04775987800007897,0.0,0.0,13.037413766145269,0,0,0,0.0,0.0,1.0,0,0,0,0,24,5,0
3015,320.84636374,138.44467163085938,29.085723876953125,190.1106719970703,444.82855224609375,138.44467163085938,29.085723876953125,190.1106719970703,444.82855224609375,144.0,30.0,181.0,448.0,0.7923107147216797,0.904785,1,0.9418836061261414,0.0033657244626132186,1.0428997507767954,DETECTOR_CONFIRMED,0.04078657000002295,0.252846274000035,0.0,3.0908464653019743,0,0,0,0.0,0.0,1.0,0,0,0,0,24,5,0
3016,320.916265113,138.44467163085938,29.085723876953125,190.1106719970703,444.82855224609375,138.44467163085938,29.085723876953125,190.1106719970703,444.82855224609375,nan,nan,nan,nan,0.7905049920082092,nan,0,nan,nan,nan,TRACKING,0.045797698999990644,0.0,0.0,14.30587064434479,0,0,0,0.0,0.0,1.0,0,0,0,0,24,5,0
3017,320.999697718,138.44467163085938,29.085723876953125,190.1106719970703,444.82855224609375,138.44467163085938,29.085723876953125,190.1106719970703,444.82855224609375,nan,nan,nan,nan,0.796328067779541,nan,0,nan,nan,nan,TRACKING,0.050246302000005016,0.0,0.0,11.985721888944804,0,0,0,0.0,0.0,1.0,0,0,0,0,24,5,0
3018,321.081905056,138.44467163085938,29.085723876953125,190.1106719970703,444.82855224609375,138.44467163085938,29.085723876953125,190.1106719970703,444.82855224609375,nan,nan,nan,nan,0.7925967574119568,nan,0,nan,nan,nan,TRACKING,0.0554030100000773,0.0,0.0,12.164364207975336,0,0,0,0.0,0.0,1.0,0,0,0,0,24,5,0
3019,321.167876118,138.44467163085938,29.085723876953125,190.1106719970703,444.82855224609375,138.44467163085938,29.085723876953125,190.1106719970703,444.82855224609375,nan,nan,nan,nan,0.791782557964325,nan,0,nan,nan,nan,TRACKING,0.057691351000016766,0.0,0.0,11.631820949240048,0,0,0,0.0,0.0,1.0,0,0,0,0,24,5,0
3020,321.24304352900003,138.44467163085938,29.085723876953125,190.1106719970703,444.82855224609375,138.44467163085938,29.085723876953125,190.1106719970703,444.82855224609375,nan,nan,nan,nan,0.7936674952507019,nan,0,nan,nan,nan,TRACKING,0.04660143600005995,0.0,0.0,13.30363766286038,0,0,0,0.0,0.0,1.0,0,0,0,0,24,5,0
3021,321.32564872499995,138.44467163085938,29.085723876953125,190.1106719970703,444.82855224609375,138.44467163085938,29.085723876953125,190.1106719970703,444.82855224609375,nan,nan,nan,nan,0.7949119806289673,nan,0,nan,nan,nan,TRACKING,0.05945875600002637,0.0,0.0,12.105776009550254,0,0,0,0.0,0.0,1.0,0,0,0,0,24,5,0
3022,321.399399935,138.44467163085938,29.085723876953125,190.1106719970703,444.82855224609375,138.44467163085938,29.085723876953125,190.1106719970703,444.82855224609375,nan,nan,nan,nan,0.7905392646789551,nan,0,nan,nan,nan,TRACKING,0.04602315600004658,0.0,0.0,13.559099572726607,0,0,0,0.0,0.0,1.0,0,0,0,0,24,5,0
3023,321.47144085499997,138.44467163085938,29.085723876953125,190.1106719970703,444.82855224609375,138.44467163085938,29.085723876953125,190.1106719970703,444.82855224609375,nan,nan,nan,nan,0.7859988808631897,nan,0,nan,nan,nan,TRACKING,0.04469423700004427,0.0,0.0,13.880999853981624,0,0,0,0.0,0.0,1.0,0,0,0,0,24,5,0
3024,321.546335871,138.44467163085938,29.085723876953125,190.1106719970703,444.82855224609375,138.44467163085938,29.085723876953125,190.1106719970703,444.82855224609375,nan,nan,nan,nan,0.7875232100486755,nan,0,nan,nan,nan,TRACKING,0.0487161499999047,0.0,0.0,13.352023317541322,0,0,0,0.0,0.0,1.0,0,0,0,0,24,5,0
3025,321.619420331,138.44467163085938,29.085723876953125,190.1106719970703,444.82855224609375,138.44467163085938,29.085723876953125,190.1106719970703,444.82855224609375,nan,nan,nan,nan,0.7876606583595276,nan,0,nan,nan,nan,TRACKING,0.049794690999988234,0.0,0.0,13.682799325598774,0,0,0,0.0,0.0,1.0,0,0,0,0,24,5,0
3026,321.696562695,138.44467163085938,29.085723876953125,190.1106719970703,444.82855224609375,138.44467163085938,29.085723876953125,190.1106719970703,444.82855224609375,nan,nan,nan,nan,0.7914602160453796,nan,0,nan,nan,nan,TRACKING,0.048849489000076574,0.0,0.0,12.963045830434282,0,0,0,0.0,0.0,1.0,0,0,0,0,24,5,0
3027,321.774955952,138.44467163085938,29.085723876953125,190.1106719970703,444.82855224609375,138.44467163085938,29.085723876953125,190.1106719970703,444.82855224609375,nan,nan,nan,nan,0.7878299951553345,nan,0,nan,nan,nan,TRACKING,0.051678272000003744,0.0,0.0,12.756199171566436,0,0,0,0.0,0.0,1.0,0,0,0,0,24,5,0
3028,321.845498206,138.44467163085938,29.085723876953125,190.1106719970703,444.82855224609375,138.44467163085938,29.085723876953125,190.1106719970703,444.82855224609375,nan,nan,nan,nan,0.7940860986709595,nan,0,nan,nan,nan,TRACKING,0.04779954399998587,0.0,0.0,14.175900872126395,0,0,0,0.0,0.0,1.0,0,0,0,0,24,5,0
3029,321.91664241699993,138.44467163085938,29.085723876953125,190.1106719970703,444.82855224609375,138.44467163085938,29.085723876953125,190.1106719970703,444.82855224609375,nan,nan,nan,nan,0.7945554256439209,nan,0,nan,nan,nan,TRACKING,0.04658234999999422,0.0,0.0,14.055957413048668,0,0,0,0.0,0.0,1.0,0,0,0,0,24,5,0
3030,322.250993427,144.2607421875,29.085723876953125,190.1106719970703,444.82855224609375,144.2607421875,29.085723876953125,190.1106719970703,444.82855224609375,144.0,26.0,184.0,450.0,0.7961652874946594,0.827035,1,0.9544373684966575,0.0041919518380273595,1.0213364129346472,DETECTOR_CONFIRMED,0.04910580500006745,0.25538095399997474,0.0,2.990868787863769,0,0,0,5.816070556640625,0.007270088195800781,1.0,0,0,0,0,24,5,0
3031,322.33731432699994,150.2607421875,29.085723876953125,190.1106719970703,444.82855224609375,150.2607421875,29.085723876953125,190.1106719970703,444.82855224609375,nan,nan,nan,nan,0.785385012626648,nan,0,nan,nan,nan,TRACKING,0.055834381999943616,0.0,0.0,11.584679955850103,0,0,0,6.0,0.0075,1.0,0,0,0,0,24,5,0
3032,322.412364625,156.2607421875,29.085723876953125,190.1106719970703,444.82855224609375,156.2607421875,29.085723876953125,190.1106719970703,444.82855224609375,nan,nan,nan,nan,0.7708460092544556,nan,0,nan,nan,nan,TRACKING,0.048989315999961036,0.0,0.0,13.324397459409663,0,0,0,6.0,0.0075,1.0,0,0,0,0,24,5,0
3033,322.541976536,156.44467163085938,29.085723876953125,190.1106719970703,444.82855224609375,156.44467163085938,29.085723876953125,190.1106719970703,444.82855224609375,nan,nan,nan,nan,0.7152413725852966,nan,0,nan,nan,nan,TRACKING,0.09718140600000424,0.0,0.0,7.715340297699388,0,0,0,0.183929443359375,0.00022991180419921876,1.0,0,0,0,0,24,5,0
3034,322.61967248099995,168.07681274414062,29.085723876953125,190.1106719970703,444.82855224609375,168.07681274414062,29.085723876953125,190.1106719970703,444.82855224609375,nan,nan,nan,nan,0.6390820741653442,nan,0,nan,nan,nan,TRACKING,0.05082648699999481,0.0,0.0,12.870684564046703,0,0,0,11.63214111328125,0.014540176391601562,1.0,0,0,0,0,24,5,0
3035,322.690759413,180.07681274414062,29.085723876953125,190.1106719970703,444.82855224609375,180.07681274414062,29.085723876953125,190.1106719970703,444.82855224609375,nan,nan,nan,nan,0.5829420685768127,nan,0,nan,nan,nan,TRACKING,0.048548148999998375,0.0,0.0,14.067283140015098,0,0,0,12.0,0.015,1.0,0,0,0,0,24,5,0
3036,322.769117942,203.70895385742188,34.90179443359375,190.1106719970703,444.82855224609375,203.70895385742188,34.90179443359375,190.1106719970703,444.82855224609375,nan,nan,nan,nan,0.5213676691055298,nan,0,nan,nan,nan,TRACKING,0.05411950899997464,0.0,0.0,12.761852637644028,0,0,0,24.337312306782355,0.030421640383477944,1.0,0,0,0,0,24,5,0
3037,323.11923594300004,220.89288330078125,35.085723876953125,190.1106719970703,444.82855224609375,237.21250915527344,29.180003356933597,186.13873519897462,447.5399932861328,246.0,26.0,184.0,449.0,0.44755080342292786,0.99739,1,0.767347523120632,0.02892017656604126,1.023611104277486,SOFT_REINITIALIZING,0.0598046229999909,0.2623155839999072,0.0,2.8561799083270842,1,0,0,17.18491376628023,0.021481142207850287,1.0,0,0,0,0,25,5,0
3038,323.14897533,237.21250915527344,29.180003356933597,186.13873519897462,447.5399932861328,237.21250915527344,29.180003356933597,186.13873519897462,447.5399932861328,nan,nan,nan,nan,,nan,0,nan,nan,nan,INITIALIZING,0.0,0.0,0.0,33.62544090104126,0,0,0,0.0,0.0,1.0,0,0,0,0,25,5,0
3039,323.187854268,237.21250915527344,29.180003356933597,186.13873519897462,447.5399932861328,237.21250915527344,29.180003356933597,186.13873519897462,447.5399932861328,nan,nan,nan,nan,,nan,0,nan,nan,nan,INITIALIZING,0.0,0.0,0.0,25.720867169751354,0,0,0,0.0,0.0,1.0,0,0,0,0,25,5,0
3040,323.22032826400005,237.21250915527344,29.180003356933597,186.13873519897462,447.5399932861328,237.21250915527344,29.180003356933597,186.13873519897462,447.5399932861328,nan,nan,nan,nan,,nan,0,nan,nan,nan,INITIALIZING,0.0,0.0,0.0,30.79386965494904,0,0,0,0.0,0.0,1.0,0,0,0,0,25,5,0
3041,323.25574344300003,237.21250915527344,29.180003356933597,186.13873519897462,447.5399932861328,237.21250915527344,29.180003356933597,186.13873519897462,447.5399932861328,nan,nan,nan,nan,,nan,0,nan,nan,nan,INITIALIZING,0.0,0.0,0.0,28.236480182705638,0,0,0,0.0,0.0,1.0,0,0,0,0,25,5,0
3042,323.290992147,237.21250915527344,29.180003356933597,186.13873519897462,447.5399932861328,237.21250915527344,29.180003356933597,186.13873519897462,447.5399932861328,nan,nan,nan,nan,,nan,0,nan,nan,nan,INITIALIZING,0.0,0.0,0.0,28.36983737049985,0,0,0,0.0,0.0,1.0,0,0,0,0,25,5,0
3043,323.324006779,237.21250915527344,29.180003356933597,186.13873519897462,447.5399932861328,237.21250915527344,29.180003356933597,186.13873519897462,447.5399932861328,nan,nan,nan,nan,,nan,0,nan,nan,nan,INITIALIZING,0.0,0.0,0.0,30.289600077925428,0,0,0,0.0,0.0,1.0,0,0,0,0,25,5,0
3044,323.35744564899994,237.21250915527344,29.180003356933597,186.13873519897462,447.5399932861328,237.21250915527344,29.180003356933597,186.13873519897462,447.5399932861328,nan,nan,nan,nan,,nan,0,nan,nan,nan,INITIALIZING,0.0,0.0,0.0,29.905316776606668,0,0,0,0.0,0.0,1.0,0,0,0,0,25,5,0
3045,323.395492236,237.21250915527344,29.180003356933597,186.13873519897462,447.5399932861328,237.21250915527344,29.180003356933597,186.13873519897462,447.5399932861328,nan,nan,nan,nan,,nan,0,nan,nan,nan,INITIALIZING,0.0,0.0,0.0,26.283566512775362,0,0,0,0.0,0.0,1.0,0,0,0,0,25,5,0
3046,323.43457449699997,237.21250915527344,29.180003356933597,186.13873519897462,447.5399932861328,237.21250915527344,29.180003356933597,186.13873519897462,447.5399932861328,nan,nan,nan,nan,,nan,0,nan,nan,nan,INITIALIZING,0.0,0.0,0.0,25.58705597919773,0,0,0,0.0,0.0,1.0,0,0,0,0,25,5,0
3047,323.470934286,237.21250915527344,29.180003356933597,186.13873519897462,447.5399932861328,237.21250915527344,29.180003356933597,186.13873519897462,447.5399932861328,nan,nan,nan,nan,,nan,0,nan,nan,nan,INITIALIZING,0.0,0.0,0.0,27.50290987660977,0,0,0,0.0,0.0,1.0,0,0,0,0,25,5,0
3048,323.654737649,237.21250915527344,29.180003356933597,186.13873519897462,447.5399932861328,237.21250915527344,29.180003356933597,186.13873519897462,447.5399932861328,nan,nan,nan,nan,,nan,0,nan,nan,nan,INITIALIZING,0.0,0.0,0.0,5.440596862201005,0,0,0,0.0,0.0,1.0,0,0,0,0,25,5,0
3049,323.690762319,237.21250915527344,29.180003356933597,186.13873519897462,447.5399932861328,237.21250915527344,29.180003356933597,186.13873519897462,447.5399932861328,nan,nan,nan,nan,,nan,0,nan,nan,nan,INITIALIZING,0.0,0.0,0.0,27.75875531964877,0,0,0,0.0,0.0,1.0,0,0,0,0,25,5,0
3050,323.755768772,237.21250915527344,29.180003356933597,186.13873519897462,447.5399932861328,237.21250915527344,29.180003356933597,186.13873519897462,447.5399932861328,nan,nan,nan,nan,,nan,0,nan,nan,nan,INITIALIZING,0.0,0.0,0.0,15.383088198945984,0,0,0,0.0,0.0,1.0,0,0,0,0,25,5,0
3051,323.876954909,243.203125,28.730026245117188,186.13873291015625,447.5399475097656,243.203125,28.730026245117188,186.13873291015625,447.5399475097656,nan,nan,nan,nan,0.5137977004051208,nan,0,nan,nan,nan,TRACKING,0.07431106000001364,0.0,0.6601674350000621,8.251768929642836,0,0,0,6.007492362680027,0.007509365453350034,1.000000114580732,0,0,0,0,25,5,0
3052,323.963804685,249.203125,28.730026245117188,186.13873291015625,447.5399475097656,249.203125,28.730026245117188,186.13873291015625,447.5399475097656,nan,nan,nan,nan,0.506281316280365,nan,0,nan,nan,nan,TRACKING,0.06267952099995,0.0,0.0,11.51413447514137,0,0,0,6.0,0.0075,1.0,0,0,0,0,25,5,0
3053,324.049972034,255.203125,28.730026245117188,186.13873291015625,447.5399475097656,255.203125,28.730026245117188,186.13873291015625,447.5399475097656,nan,nan,nan,nan,0.5125471353530884,nan,0,nan,nan,nan,TRACKING,0.05545397100001992,0.0,0.0,11.60532396093654,0,0,0,6.0,0.0075,1.0,0,0,0,0,25,5,0
3054,324.361339917,243.8856201171875,28.730026245117188,186.13873291015625,447.5399475097656,279.7099670410156,18.505509185791016,176.29855651855468,460.188981628418,299.0,13.0,171.0,467.0,0.4934052526950836,0.788267,1,0.561012367138326,0.05990263326123801,1.0431711528876066,SOFT_REINITIALIZING,0.05515140499994686,0.22442555199995695,0.0,3.211635029165778,1,0,0,11.3175048828125,0.014146881103515625,1.0,0,0,0,0,26,5,0
3055,324.39497669699995,279.7099670410156,18.505509185791016,176.29855651855468,460.188981628418,279.7099670410156,18.505509185791016,176.29855651855468,460.188981628418,nan,nan,nan,nan,,nan,0,nan,nan,nan,INITIALIZING,0.0,0.0,0.0,29.72936172849613,0,0,0,0.0,0.0,1.0,0,0,0,0,26,5,0
3056,324.439020785,279.7099670410156,18.505509185791016,176.29855651855468,460.188981628418,279.7099670410156,18.505509185791016,176.29855651855468,460.188981628418,nan,nan,nan,nan,,nan,0,nan,nan,nan,INITIALIZING,0.0,0.0,0.0,22.704522795391565,0,0,0,0.0,0.0,1.0,0,0,0,0,26,5,0
3057,324.472424221,279.7099670410156,18.505509185791016,176.29855651855468,460.188981628418,279.7099670410156,18.505509185791016,176.29855651855468,460.188981628418,nan,nan,nan,nan,,nan,0,nan,nan,nan,INITIALIZING,0.0,0.0,0.0,29.937040009933842,0,0,0,0.0,0.0,1.0,0,0,0,0,26,5,0
3058,324.500504178,279.7099670410156,18.505509185791016,176.29855651855468,460.188981628418,279.7099670410156,18.505509185791016,176.29855651855468,460.188981628418,nan,nan,nan,nan,,nan,0,nan,nan,nan,INITIALIZING,0.0,0.0,0.0,35.61259014742734,0,0,0,0.0,0.0,1.0,0,0,0,0,26,5,0
3059,324.53591979099997,279.7099670410156,18.505509185791016,176.29855651855468,460.188981628418,279.7099670410156,18.505509185791016,176.29855651855468,460.188981628418,nan,nan,nan,nan,,nan,0,nan,nan,nan,INITIALIZING,0.0,0.0,0.0,28.236134159294824,0,0,0,0.0,0.0,1.0,0,0,0,0,26,5,0
3060,324.56977996599994,279.7099670410156,18.505509185791016,176.29855651855468,460.188981628418,279.7099670410156,18.505509185791016,176.29855651855468,460.188981628418,nan,nan,nan,nan,,nan,0,nan,nan,nan,INITIALIZING,0.0,0.0,0.0,29.533220073458324,0,0,0,0.0,0.0,1.0,0,0,0,0,26,5,0
3061,324.641892502,279.7099670410156,18.505509185791016,176.29855651855468,460.188981628418,279.7099670410156,18.505509185791016,176.29855651855468,460.188981628418,nan,nan,nan,nan,,nan,0,nan,nan,nan,INITIALIZING,0.0,0.0,0.0,13.867214432715734,0,0,0,0.0,0.0,1.0,0,0,0,0,26,5,0
3062,324.69534703,279.7099670410156,18.505509185791016,176.29855651855468,460.188981628418,279.7099670410156,18.505509185791016,176.29855651855468,460.188981628418,nan,nan,nan,nan,,nan,0,nan,nan,nan,INITIALIZING,0.0,0.0,0.0,18.707489101773987,0,0,0,0.0,0.0,1.0,0,0,0,0,26,5,0
3063,324.73626727500005,279.7099670410156,18.505509185791016,176.29855651855468,460.188981628418,279.7099670410156,18.505509185791016,176.29855651855468,460.188981628418,nan,nan,nan,nan,,nan,0,nan,nan,nan,INITIALIZING,0.0,0.0,0.0,24.43778134756346,0,0,0,0.0,0.0,1.0,0,0,0,0,26,5,0
3064,324.80292007599996,279.7099670410156,18.505509185791016,176.29855651855468,460.188981628418,279.7099670410156,18.505509185791016,176.29855651855468,460.188981628418,nan,nan,nan,nan,,nan,0,nan,nan,nan,INITIALIZING,0.0,0.0,0.0,15.00312042401977,0,0,0,0.0,0.0,1.0,0,0,0,0,26,5,0
3065,324.84779435999997,279.7099670410156,18.505509185791016,176.29855651855468,460.188981628418,279.7099670410156,18.505509185791016,176.29855651855468,460.188981628418,nan,nan,nan,nan,,nan,0,nan,nan,nan,INITIALIZING,0.0,0.0,0.0,22.284478121142826,0,0,0,0.0,0.0,1.0,0,0,0,0,26,5,0
3066,324.881569583,279.7099670410156,18.505509185791016,176.29855651855468,460.188981628418,279.7099670410156,18.505509185791016,176.29855651855468,460.188981628418,nan,nan,nan,nan,,nan,0,nan,nan,nan,INITIALIZING,0.0,0.0,0.0,29.607502517433897,0,0,0,0.0,0.0,1.0,0,0,0,0,26,5,0
3067,324.93357045000005,279.7099670410156,18.505509185791016,176.29855651855468,460.188981628418,279.7099670410156,18.505509185791016,176.29855651855468,460.188981628418,nan,nan,nan,nan,,nan,0,nan,nan,nan,INITIALIZING,0.0,0.0,0.0,19.230448599998017,0,0,0,0.0,0.0,1.0,0,0,0,0,26,5,0
3068,324.98281264599996,279.7099670410156,18.505509185791016,176.29855651855468,460.188981628418,279.7099670410156,18.505509185791016,176.29855651855468,460.188981628418,nan,nan,nan,nan,,nan,0,nan,nan,nan,INITIALIZING,0.0,0.0,0.0,20.307786435882022,0,0,0,0.0,0.0,1.0,0,0,0,0,26,5,0
3069,325.037968608,279.7099670410156,18.505509185791016,176.29855651855468,460.188981628418,279.7099670410156,18.505509185791016,176.29855651855468,460.188981628418,nan,nan,nan,nan,,nan,0,nan,nan,nan,INITIALIZING,0.0,0.0,0.0,18.13040628316302,0,0,0,0.0,0.0,1.0,0,0,0,0,26,5,0
3070,325.07607471100005,279.7099670410156,18.505509185791016,176.29855651855468,460.188981628418,279.7099670410156,18.505509185791016,176.29855651855468,460.188981628418,nan,nan,nan,nan,,nan,0,nan,nan,nan,INITIALIZING,0.0,0.0,0.0,26.242515536147074,0,0,0,0.0,0.0,1.0,0,0,0,0,26,5,0
3071,325.104394211,279.7099670410156,18.505509185791016,176.29855651855468,460.188981628418,279.7099670410156,18.505509185791016,176.29855651855468,460.188981628418,nan,nan,nan,nan,,nan,0,nan,nan,nan,INITIALIZING,0.0,0.0,0.0,35.31135789832744,0,0,0,0.0,0.0,1.0,0,0,0,0,26,5,0
3072,325.131088114,279.7099670410156,18.505509185791016,176.29855651855468,460.188981628418,279.7099670410156,18.505509185791016,176.29855651855468,460.188981628418,nan,nan,nan,nan,,nan,0,nan,nan,nan,INITIALIZING,0.0,0.0,0.0,37.46173798560429,0,0,0,0.0,0.0,1.0,0,0,0,0,26,5,0
3073,325.209980654,279.3507080078125,18.405487060546875,176.29855346679688,460.18902587890625,279.3507080078125,18.405487060546875,176.29855346679688,460.18902587890625,nan,nan,nan,nan,0.8262421488761902,nan,0,nan,nan,nan,TRACKING,0.04361125599996285,0.0,0.7841549639999812,12.675469695872165,0,0,0,0.372918421792137,0.00046614802724017127,1.000000078847039,0,0,0,0,26,5,0
3074,325.292468352,279.3507080078125,18.405487060546875,176.29855346679688,460.18902587890625,279.3507080078125,18.405487060546875,176.29855346679688,460.18902587890625,nan,nan,nan,nan,0.8331634402275085,nan,0,nan,nan,nan,TRACKING,0.05019999299997835,0.0,0.0,12.123019847150122,0,0,0,0.0,0.0,1.0,0,0,0,0,26,5,0
3075,325.59490171000004,279.3507080078125,18.405487060546875,176.29855346679688,460.18902587890625,279.3507080078125,18.405487060546875,176.29855346679688,460.18902587890625,298.0,13.0,170.0,467.0,0.8289928436279297,0.763097,1,0.8246748457844478,0.01953564342677146,1.0219254261713757,DETECTOR_CONFIRMED,0.042117208000036044,0.23640822200002276,0.0,3.3065135625677247,0,0,0,0.0,0.0,1.0,0,0,0,0,26,5,0
3076,325.68925815599994,279.3507080078125,18.405487060546875,176.29855346679688,460.18902587890625,279.3507080078125,18.405487060546875,176.29855346679688,460.18902587890625,nan,nan,nan,nan,0.8289895057678223,nan,0,nan,nan,nan,TRACKING,0.06064571999991131,0.0,0.0,10.598110064479746,0,0,0,0.0,0.0,1.0,0,0,0,0,26,5,0
3077,325.752996468,279.3507080078125,18.405487060546875,176.29855346679688,460.18902587890625,279.3507080078125,18.405487060546875,176.29855346679688,460.18902587890625,nan,nan,nan,nan,0.8280587196350098,nan,0,nan,nan,nan,TRACKING,0.03674638599989066,0.0,0.0,15.689150977188374,0,0,0,0.0,0.0,1.0,0,0,0,0,26,5,0
3078,325.819200154,279.3507080078125,18.405487060546875,176.29855346679688,460.18902587890625,279.3507080078125,18.405487060546875,176.29855346679688,460.18902587890625,nan,nan,nan,nan,0.8266608715057373,nan,0,nan,nan,nan,TRACKING,0.043472581999935755,0.0,0.0,15.104899144136551,0,0,0,0.0,0.0,1.0,0,0,0,0,26,5,0
3079,325.895227211,279.3507080078125,18.405487060546875,176.29855346679688,460.18902587890625,279.3507080078125,18.405487060546875,176.29855346679688,460.18902587890625,nan,nan,nan,nan,0.8282038569450378,nan,0,nan,nan,nan,TRACKING,0.05107673600002727,0.0,0.0,13.153212020288596,0,0,0,0.0,0.0,1.0,0,0,0,0,26,5,0
3080,325.96471750700005,279.3507080078125,18.405487060546875,176.29855346679688,460.18902587890625,279.3507080078125,18.405487060546875,176.29855346679688,460.18902587890625,nan,nan,nan,nan,0.8296748995780945,nan,0,nan,nan,nan,TRACKING,0.041069971999945665,0.0,0.0,14.390498494921093,0,0,0,0.0,0.0,1.0,0,0,0,0,26,5,0
3081,326.037649473,279.3507080078125,18.405487060546875,176.29855346679688,460.18902587890625,279.3507080078125,18.405487060546875,176.29855346679688,460.18902587890625,nan,nan,nan,nan,0.8371224999427795,nan,0,nan,nan,nan,TRACKING,0.04011737600001197,0.0,0.0,13.711408794338503,0,0,0,0.0,0.0,1.0,0,0,0,0,26,5,0
3082,326.11451042199997,279.3507080078125,18.405487060546875,176.29855346679688,460.18902587890625,279.3507080078125,18.405487060546875,176.29855346679688,460.18902587890625,nan,nan,nan,nan,0.8338618874549866,nan,0,nan,nan,nan,TRACKING,0.04606223400003273,0.0,0.0,13.010508106011983,0,0,0,0.0,0.0,1.0,0,0,0,0,26,5,0
3083,326.185387084,279.3507080078125,18.405487060546875,176.29855346679688,460.18902587890625,279.3507080078125,18.405487060546875,176.29855346679688,460.18902587890625,nan,nan,nan,nan,0.8361608982086182,nan,0,nan,nan,nan,TRACKING,0.04705368600002657,0.0,0.0,14.109016589965117,0,0,0,0.0,0.0,1.0,0,0,0,0,26,5,0
3084,326.25902491600004,279.3507080078125,18.405487060546875,176.29855346679688,460.18902587890625,279.3507080078125,18.405487060546875,176.29855346679688,460.18902587890625,nan,nan,nan,nan,0.8387004137039185,nan,0,nan,nan,nan,TRACKING,0.050490824000007706,0.0,0.0,13.57997611879143,0,0,0,0.0,0.0,1.0,0,0,0,0,26,5,0
3085,326.34120868499997,279.3507080078125,18.405487060546875,176.29855346679688,460.18902587890625,279.3507080078125,18.405487060546875,176.29855346679688,460.18902587890625,nan,nan,nan,nan,0.8357556462287903,nan,0,nan,nan,nan,TRACKING,0.05206279899994115,0.0,0.0,12.167852754488601,0,0,0,0.0,0.0,1.0,0,0,0,0,26,5,0
3086,326.42832037899996,279.3507080078125,18.405487060546875,176.29855346679688,460.18902587890625,279.3507080078125,18.405487060546875,176.29855346679688,460.18902587890625,nan,nan,nan,nan,0.834519624710083,nan,0,nan,nan,nan,TRACKING,0.05825558300000466,0.0,0.0,11.479515023553034,0,0,0,0.0,0.0,1.0,0,0,0,0,26,5,0
3087,326.504461937,279.3507080078125,18.405487060546875,176.29855346679688,460.18902587890625,279.3507080078125,18.405487060546875,176.29855346679688,460.18902587890625,nan,nan,nan,nan,0.8369249105453491,nan,0,nan,nan,nan,TRACKING,0.04777838500001508,0.0,0.0,13.13343233664551,0,0,0,0.0,0.0,1.0,0,0,0,0,26,5,0
3088,326.583611444,279.3507080078125,18.405487060546875,176.29855346679688,460.18902587890625,279.3507080078125,18.405487060546875,176.29855346679688,460.18902587890625,nan,nan,nan,nan,0.8300772309303284,nan,0,nan,nan,nan,TRACKING,0.054085183999973196,0.0,0.0,12.634317482228424,0,0,0,0.0,0.0,1.0,0,0,0,0,26,5,0
3089,326.66698463499995,279.3507080078125,18.405487060546875,176.29855346679688,460.18902587890625,279.3507080078125,18.405487060546875,176.29855346679688,460.18902587890625,nan,nan,nan,nan,0.8295372128486633,nan,0,nan,nan,nan,TRACKING,0.059141404000001785,0.0,0.0,11.994263239851636,0,0,0,0.0,0.0,1.0,0,0,0,0,26,5,0
3090,327.02860654899996,279.3507080078125,18.405487060546875,176.29855346679688,460.18902587890625,279.3507080078125,18.405487060546875,176.29855346679688,460.18902587890625,295.0,12.0,173.0,468.0,0.8251911401748657,0.83351,1,0.8385243218042749,0.01777684709312608,1.0020584405877369,DETECTOR_CONFIRMED,0.04509810600006858,0.28832371600003626,0.0,2.7653191393704337,0,0,0,0.0,0.0,1.0,0,0,0,0,26,5,0
3091,327.094364662,279.3507080078125,18.405487060546875,176.29855346679688,460.18902587890625,279.3507080078125,18.405487060546875,176.29855346679688,460.18902587890625,nan,nan,nan,nan,0.8210012316703796,nan,0,nan,nan,nan,TRACKING,0.04075988599993252,0.0,0.0,15.207249027960502,0,0,0,0.0,0.0,1.0,0,0,0,0,26,5,0
3092,327.16138356199997,279.3507080078125,18.405487060546875,176.29855346679688,460.18902587890625,279.3507080078125,18.405487060546875,176.29855346679688,460.18902587890625,nan,nan,nan,nan,0.8199795484542847,nan,0,nan,nan,nan,TRACKING,0.03878104600005372,0.0,0.0,14.921164029849708,0,0,0,0.0,0.0,1.0,0,0,0,0,26,5,0
3093,327.227929993,279.3507080078125,18.405487060546875,176.29855346679688,460.18902587890625,279.3507080078125,18.405487060546875,176.29855346679688,460.18902587890625,nan,nan,nan,nan,0.8217712044715881,nan,0,nan,nan,nan,TRACKING,0.043523554000103104,0.0,0.0,15.027101904231468,0,0,0,0.0,0.0,1.0,0,0,0,0,26,5,0
3094,327.28722952399994,279.3507080078125,18.405487060546875,176.29855346679688,460.18902587890625,279.3507080078125,18.405487060546875,176.29855346679688,460.18902587890625,nan,nan,nan,nan,0.8234624862670898,nan,0,nan,nan,nan,TRACKING,0.035271088000058626,0.0,0.0,16.863539780788294,0,0,0,0.0,0.0,1.0,0,0,0,0,26,5,0
3095,327.35629796499995,279.3507080078125,18.405487060546875,176.29855346679688,460.18902587890625,279.3507080078125,18.405487060546875,176.29855346679688,460.18902587890625,nan,nan,nan,nan,0.8209598660469055,nan,0,nan,nan,nan,TRACKING,0.04625933499994517,0.0,0.0,14.478392526621683,0,0,0,0.0,0.0,1.0,0,0,0,0,26,5,0
3096,327.43170919399995,279.3507080078125,18.405487060546875,176.29855346679688,460.18902587890625,279.3507080078125,18.405487060546875,176.29855346679688,460.18902587890625,nan,nan,nan,nan,0.8244948983192444,nan,0,nan,nan,nan,TRACKING,0.0463085559999854,0.0,0.0,13.260624621302016,0,0,0,0.0,0.0,1.0,0,0,0,0,26,5,0
3097,327.546407723,279.3507080078125,18.405487060546875,176.29855346679688,460.18902587890625,279.3507080078125,18.405487060546875,176.29855346679688,460.18902587890625,nan,nan,nan,nan,0.8212514519691467,nan,0,nan,nan,nan,TRACKING,0.0847756110000546,0.0,0.0,8.718507627935027,0,0,0,0.0,0.0,1.0,0,0,0,0,26,5,0
3098,327.623025204,279.3507080078125,18.405487060546875,176.29855346679688,460.18902587890625,279.3507080078125,18.405487060546875,176.29855346679688,460.18902587890625,nan,nan,nan,nan,0.8339129090309143,nan,0,nan,nan,nan,TRACKING,0.04726188099994033,0.0,0.0,13.051851704709229,0,0,0,0.0,0.0,1.0,0,0,0,0,26,5,0
3099,327.70486083799995,279.3507080078125,18.405487060546875,176.29855346679688,460.18902587890625,279.3507080078125,18.405487060546875,176.29855346679688,460.18902587890625,nan,nan,nan,nan,0.843912661075592,nan,0,nan,nan,nan,TRACKING,0.05203699300000153,0.0,0.0,12.219615723885159,0,0,0,0.0,0.0,1.0,0,0,0,0,26,5,0
3100,327.78389072000004,279.3507080078125,18.405487060546875,176.29855346679688,460.18902587890625,279.3507080078125,18.405487060546875,176.29855346679688,460.18902587890625,nan,nan,nan,nan,0.8355652093887329,nan,0,nan,nan,nan,TRACKING,0.053360645999987355,0.0,0.0,12.653441643740988,0,0,0,0.0,0.0,1.0,0,0,0,0,26,5,0
3101,327.853926289,279.3507080078125,18.405487060546875,176.29855346679688,460.18902587890625,279.3507080078125,18.405487060546875,176.29855346679688,460.18902587890625,nan,nan,nan,nan,0.8217085599899292,nan,0,nan,nan,nan,TRACKING,0.04676175399993099,0.0,0.0,14.278458992750288,0,0,0,0.0,0.0,1.0,0,0,0,0,26,5,0
3102,327.92851899000004,279.3507080078125,18.405487060546875,176.29855346679688,460.18902587890625,279.3507080078125,18.405487060546875,176.29855346679688,460.18902587890625,nan,nan,nan,nan,0.8233727216720581,nan,0,nan,nan,nan,TRACKING,0.04849615499995252,0.0,0.0,13.4061374181854,0,0,0,0.0,0.0,1.0,0,0,0,0,26,5,0
3103,328.013261319,279.3507080078125,18.405487060546875,176.29855346679688,460.18902587890625,279.3507080078125,18.405487060546875,176.29855346679688,460.18902587890625,nan,nan,nan,nan,0.8094861507415771,nan,0,nan,nan,nan,TRACKING,0.05600524500005122,0.0,0.0,11.800478129421533,0,0,0,0.0,0.0,1.0,0,0,0,0,26,5,0
3104,328.12015288,285.04742431640625,18.405487060546875,176.29855346679688,460.18902587890625,285.04742431640625,18.405487060546875,176.29855346679688,460.18902587890625,nan,nan,nan,nan,0.7958056330680847,nan,0,nan,nan,nan,TRACKING,0.07864465700004075,0.0,0.0,9.355275483347297,0,0,0,5.69671630859375,0.007120895385742188,1.0,0,0,0,0,26,5,0
3105,328.405894878,285.3507080078125,18.405487060546875,176.29855346679688,460.18902587890625,285.3507080078125,18.405487060546875,176.29855346679688,460.18902587890625,nan,nan,nan,nan,0.7946263551712036,nan,0,nan,nan,nan,SUSPECTED_LOST,0.04425872399997388,0.2143742350000366,0.0,3.4996605574229585,0,0,0,0.30328369140625,0.0003791046142578125,1.0,0,0,0,0,26,5,0
3106,328.480849229,291.04742431640625,18.405487060546875,176.29855346679688,460.18902587890625,291.04742431640625,18.405487060546875,176.29855346679688,460.18902587890625,nan,nan,nan,nan,0.7408380508422852,nan,0,nan,nan,nan,TRACKING,0.045318489999999656,0.0,0.0,13.34145365357573,0,0,0,5.69671630859375,0.007120895385742188,1.0,0,0,0,0,26,5,0
3107,328.55142754999997,291.3507080078125,18.405487060546875,176.29855346679688,460.18902587890625,291.3507080078125,18.405487060546875,176.29855346679688,460.18902587890625,nan,nan,nan,nan,0.7269644737243652,nan,0,nan,nan,nan,TRACKING,0.043277044999967984,0.0,0.0,14.168656689926259,0,0,0,0.30328369140625,0.0003791046142578125,1.0,0,0,0,0,26,5,0
3108,328.620105213,291.3507080078125,18.405487060546875,176.29855346679688,460.18902587890625,291.3507080078125,18.405487060546875,176.29855346679688,460.18902587890625,nan,nan,nan,nan,0.7173542380332947,nan,0,nan,nan,nan,TRACKING,0.04563558799998191,0.0,0.0,14.56077502229154,0,0,0,0.0,0.0,1.0,0,0,0,0,26,5,0
3109,328.691055321,291.3507080078125,18.405487060546875,176.29855346679688,460.18902587890625,291.3507080078125,18.405487060546875,176.29855346679688,460.18902587890625,nan,nan,nan,nan,0.7157025337219238,nan,0,nan,nan,nan,TRACKING,0.04716044799999963,0.0,0.0,14.09441124458226,0,0,0,0.0,0.0,1.0,0,0,0,0,26,5,0
3110,328.76811044299996,291.3507080078125,18.405487060546875,176.29855346679688,460.18902587890625,291.3507080078125,18.405487060546875,176.29855346679688,460.18902587890625,nan,nan,nan,nan,0.7178892493247986,nan,0,nan,nan,nan,TRACKING,0.05010026699994796,0.0,0.0,12.97772262304464,0,0,0,0.0,0.0,1.0,0,0,0,0,26,5,0
3111,328.835274757,291.3507080078125,18.405487060546875,176.29855346679688,460.18902587890625,291.3507080078125,18.405487060546875,176.29855346679688,460.18902587890625,nan,nan,nan,nan,0.7199140787124634,nan,0,nan,nan,nan,TRACKING,0.044356571999969674,0.0,0.0,14.888858985437409,0,0,0,0.0,0.0,1.0,0,0,0,0,26,5,0
3112,328.92304541199996,291.3507080078125,18.405487060546875,176.29855346679688,460.18902587890625,291.3507080078125,18.405487060546875,176.29855346679688,460.18902587890625,nan,nan,nan,nan,0.7241724729537964,nan,0,nan,nan,nan,TRACKING,0.04440985600001568,0.0,0.0,11.393329581511757,0,0,0,0.0,0.0,1.0,0,0,0,0,26,5,0
3113,329.010782523,291.3507080078125,18.405487060546875,176.29855346679688,460.18902587890625,291.3507080078125,18.405487060546875,176.29855346679688,460.18902587890625,nan,nan,nan,nan,0.7241256833076477,nan,0,nan,nan,nan,TRACKING,0.06472592299996904,0.0,0.0,11.397685524426787,0,0,0,0.0,0.0,1.0,0,0,0,0,26,5,0
3114,329.07547875800003,291.3507080078125,18.405487060546875,176.29855346679688,460.18902587890625,291.3507080078125,18.405487060546875,176.29855346679688,460.18902587890625,nan,nan,nan,nan,0.7281795740127563,nan,0,nan,nan,nan,TRACKING,0.0415871769999967,0.0,0.0,15.45685000061206,0,0,0,0.0,0.0,1.0,0,0,0,0,26,5,0
3115,329.146978943,291.3507080078125,18.405487060546875,176.29855346679688,460.18902587890625,291.3507080078125,18.405487060546875,176.29855346679688,460.18902587890625,nan,nan,nan,nan,0.7245519757270813,nan,0,nan,nan,nan,TRACKING,0.04835513699993044,0.0,0.0,13.985977798520787,0,0,0,0.0,0.0,1.0,0,0,0,0,26,5,0
3116,329.22396062400003,291.3507080078125,18.405487060546875,176.29855346679688,460.18902587890625,291.3507080078125,18.405487060546875,176.29855346679688,460.18902587890625,nan,nan,nan,nan,0.7243543267250061,nan,0,nan,nan,nan,TRACKING,0.047462440999993305,0.0,0.0,12.990103450714653,0,0,0,0.0,0.0,1.0,0,0,0,0,26,5,0
3117,329.298073156,291.3507080078125,18.405487060546875,176.29855346679688,460.18902587890625,291.3507080078125,18.405487060546875,176.29855346679688,460.18902587890625,nan,nan,nan,nan,0.7206414937973022,nan,0,nan,nan,nan,TRACKING,0.05136343800006671,0.0,0.0,13.492994680043628,0,0,0,0.0,0.0,1.0,0,0,0,0,26,5,0
3118,329.362116988,291.3507080078125,18.405487060546875,176.29855346679688,460.18902587890625,291.3507080078125,18.405487060546875,176.29855346679688,460.18902587890625,nan,nan,nan,nan,0.7182372212409973,nan,0,nan,nan,nan,TRACKING,0.040922024999986206,0.0,0.0,15.614306152064714,0,0,0,0.0,0.0,1.0,0,0,0,0,26,5,0
3119,329.442411647,291.3507080078125,18.405487060546875,176.29855346679688,460.18902587890625,291.3507080078125,18.405487060546875,176.29855346679688,460.18902587890625,nan,nan,nan,nan,0.7207280993461609,nan,0,nan,nan,nan,TRACKING,0.054488251999941895,0.0,0.0,12.454128486935433,0,0,0,0.0,0.0,1.0,0,0,0,0,26,5,0
3120,329.813011953,291.3507080078125,18.405487060546875,176.29855346679688,460.18902587890625,291.3507080078125,18.405487060546875,176.29855346679688,460.18902587890625,nan,nan,nan,nan,0.7185514569282532,nan,0,nan,nan,nan,SUSPECTED_LOST,0.05871500199998536,0.28436632099999315,0.0,2.698324809262093,0,0,0,0.0,0.0,1.0,0,0,0,0,26,5,0
3121,329.872697207,291.3507080078125,18.405487060546875,176.29855346679688,460.18902587890625,291.3507080078125,18.405487060546875,176.29855346679688,460.18902587890625,nan,nan,nan,nan,0.714085042476654,nan,0,nan,nan,nan,TRACKING,0.0381438800000069,0.0,0.0,16.754557164156722,0,0,0,0.0,0.0,1.0,0,0,0,0,26,5,0
3122,329.979008957,291.3507080078125,18.405487060546875,176.29855346679688,460.18902587890625,291.3507080078125,18.405487060546875,176.29855346679688,460.18902587890625,nan,nan,nan,nan,0.7104859352111816,nan,0,nan,nan,nan,TRACKING,0.08330281299993203,0.0,0.0,9.40629798681427,0,0,0,0.0,0.0,1.0,0,0,0,0,26,5,0
3123,330.04428263599993,291.3507080078125,18.405487060546875,176.29855346679688,460.18902587890625,291.3507080078125,18.405487060546875,176.29855346679688,460.18902587890625,nan,nan,nan,nan,0.7276651859283447,nan,0,nan,nan,nan,TRACKING,0.04274325200003659,0.0,0.0,15.320110882692813,0,0,0,0.0,0.0,1.0,0,0,0,0,26,5,0
3124,330.110866009,291.3507080078125,18.405487060546875,176.29855346679688,460.18902587890625,291.3507080078125,18.405487060546875,176.29855346679688,460.18902587890625,nan,nan,nan,nan,0.7306233644485474,nan,0,nan,nan,nan,TRACKING,0.04422008800008825,0.0,0.0,15.018764519468377,0,0,0,0.0,0.0,1.0,0,0,0,0,26,5,0
3125,330.17511636099994,291.3507080078125,18.405487060546875,176.29855346679688,460.18902587890625,291.3507080078125,18.405487060546875,176.29855346679688,460.18902587890625,nan,nan,nan,nan,0.7312169075012207,nan,0,nan,nan,nan,TRACKING,0.03929945300001236,0.0,0.0,15.56411706508745,0,0,0,0.0,0.0,1.0,0,0,0,0,26,5,0
3126,330.24633603300003,291.3507080078125,18.405487060546875,176.29855346679688,460.18902587890625,291.3507080078125,18.405487060546875,176.29855346679688,460.18902587890625,nan,nan,nan,nan,0.7275229692459106,nan,0,nan,nan,nan,TRACKING,0.04753242300000693,0.0,0.0,14.04106438455138,0,0,0,0.0,0.0,1.0,0,0,0,0,26,5,0
3127,330.31797851700003,291.3507080078125,18.405487060546875,176.29855346679688,460.18902587890625,291.3507080078125,18.405487060546875,176.29855346679688,460.18902587890625,nan,nan,nan,nan,0.7293954491615295,nan,0,nan,nan,nan,TRACKING,0.04433403300004102,0.0,0.0,13.958198322661127,0,0,0,0.0,0.0,1.0,0,0,0,0,26,5,0
3128,330.38976297399995,291.3507080078125,18.405487060546875,176.29855346679688,460.18902587890625,291.3507080078125,18.405487060546875,176.29855346679688,460.18902587890625,nan,nan,nan,nan,0.7228167057037354,nan,0,nan,nan,nan,TRACKING,0.04907179199994971,0.0,0.0,13.930592245074628,0,0,0,0.0,0.0,1.0,0,0,0,0,26,5,0
3129,330.461793588,291.3507080078125,18.405487060546875,176.29855346679688,460.18902587890625,291.3507080078125,18.405487060546875,176.29855346679688,460.18902587890625,nan,nan,nan,nan,0.7380604147911072,nan,0,nan,nan,nan,TRACKING,0.04605785800004014,0.0,0.0,13.882985920397928,0,0,0,0.0,0.0,1.0,0,0,0,0,26,5,0
3130,330.54542288799996,291.3507080078125,18.405487060546875,176.29855346679688,460.18902587890625,291.3507080078125,18.405487060546875,176.29855346679688,460.18902587890625,nan,nan,nan,nan,0.7387480735778809,nan,0,nan,nan,nan,TRACKING,0.05998138600000402,0.0,0.0,11.957531630662814,0,0,0,0.0,0.0,1.0,0,0,0,0,26,5,0
3131,330.63633813399997,285.654052734375,18.405487060546875,176.29855346679688,460.18902587890625,285.654052734375,18.405487060546875,176.29855346679688,460.18902587890625,nan,nan,nan,nan,0.7498295307159424,nan,0,nan,nan,nan,TRACKING,0.06248253800004022,0.0,0.0,10.999255284420665,0,0,0,5.6966552734375,0.007120819091796875,1.0,0,0,0,0,26,5,0
3132,330.70528111199997,285.3507080078125,18.405487060546875,176.29855346679688,460.18902587890625,285.3507080078125,18.405487060546875,176.29855346679688,460.18902587890625,nan,nan,nan,nan,0.7847056984901428,nan,0,nan,nan,nan,TRACKING,0.045615754999971614,0.0,0.0,14.50474042476183,0,0,0,0.3033447265625,0.000379180908203125,1.0,0,0,0,0,26,5,0
3133,330.793181486,285.3507080078125,18.405487060546875,176.29855346679688,460.18902587890625,285.3507080078125,18.405487060546875,176.29855346679688,460.18902587890625,nan,nan,nan,nan,0.7914212942123413,nan,0,nan,nan,nan,TRACKING,0.058846805000030145,0.0,0.0,11.376515872387943,0,0,0,0.0,0.0,1.0,0,0,0,0,26,5,0
3134,330.879193495,279.654052734375,18.405487060546875,176.29855346679688,460.18902587890625,279.654052734375,18.405487060546875,176.29855346679688,460.18902587890625,nan,nan,nan,nan,0.778048574924469,nan,0,nan,nan,nan,TRACKING,0.0593342740000935,0.0,0.0,11.626283487925377,0,0,0,5.6966552734375,0.007120819091796875,1.0,0,0,0,0,26,5,0
3135,331.28283029499994,273.654052734375,18.405487060546875,176.29855346679688,460.18902587890625,273.654052734375,18.405487060546875,176.29855346679688,460.18902587890625,247.0,16.0,225.0,460.0,0.7953770160675049,0.951851,1,0.7760221380672041,0.0042491408390979216,1.2757199378265152,DETECTOR_CONFIRMED,0.06496295900001314,0.31076677999999447,0.0,2.4774747991265986,0,0,0,6.0,0.0075,1.0,0,0,0,0,26,5,0
3136,331.365294091,239.1705780029297,12.70880126953125,176.29855346679688,460.18902587890625,239.1705780029297,12.70880126953125,176.29855346679688,460.18902587890625,nan,nan,nan,nan,0.5479529500007629,nan,0,nan,nan,nan,TRACKING,0.05251520100000562,0.0,0.0,12.12653368514773,0,0,0,34.95085490450536,0.043688568630631704,1.0,0,0,0,0,26,5,0
3137,331.44551305100003,233.65403747558594,12.405487060546875,176.29855346679688,460.18902587890625,233.65403747558594,12.405487060546875,176.29855346679688,460.18902587890625,nan,nan,nan,nan,0.5622045993804932,nan,0,nan,nan,nan,TRACKING,0.056791898000028596,0.0,0.0,12.465880884016597,0,0,0,5.524872749593231,0.006906090936991539,1.0,0,0,0,0,26,5,0
3138,331.521982576,233.35072326660156,12.405487060546875,176.29855346679688,460.18902587890625,233.35072326660156,12.405487060546875,176.29855346679688,460.18902587890625,nan,nan,nan,nan,0.530632495880127,nan,0,nan,nan,nan,TRACKING,0.05240946799995072,0.0,0.0,13.0771048989789,0,0,0,0.303314208984375,0.00037914276123046875,1.0,0,0,0,0,26,5,0
3139,331.845230236,256.137451171875,18.1021728515625,176.29855346679688,460.18902587890625,247.59810791015627,6.3357604980468745,191.7044937133789,471.7661590576172,243.0,0.0,200.0,478.0,0.4972069561481476,0.989354,1,0.8476548622966781,0.011607829943679048,1.1783461454706747,SOFT_REINITIALIZING,0.051591776000009304,0.24294223900005818,0.0,3.0936032143280556,1,0,0,23.488022429113236,0.029360028036391546,1.0,0,0,0,0,27,5,0
3140,331.87940937999997,247.59810791015627,6.3357604980468745,191.7044937133789,471.7661590576172,247.59810791015627,6.3357604980468745,191.7044937133789,471.7661590576172,nan,nan,nan,nan,,nan,0,nan,nan,nan,INITIALIZING,0.0,0.0,0.0,29.257608089935534,0,0,0,0.0,0.0,1.0,0,0,0,0,27,5,0
3141,331.9155796,247.59810791015627,6.3357604980468745,191.7044937133789,471.7661590576172,247.59810791015627,6.3357604980468745,191.7044937133789,471.7661590576172,nan,nan,nan,nan,,nan,0,nan,nan,nan,INITIALIZING,0.0,0.0,0.0,27.647053294095137,0,0,0,0.0,0.0,1.0,0,0,0,0,27,5,0
3142,331.944677168,247.59810791015627,6.3357604980468745,191.7044937133789,471.7661590576172,247.59810791015627,6.3357604980468745,191.7044937133789,471.7661590576172,nan,nan,nan,nan,,nan,0,nan,nan,nan,INITIALIZING,0.0,0.0,0.0,34.36713336317623,0,0,0,0.0,0.0,1.0,0,0,0,0,27,5,0
3143,331.97431038499997,247.59810791015627,6.3357604980468745,191.7044937133789,471.7661590576172,247.59810791015627,6.3357604980468745,191.7044937133789,471.7661590576172,nan,nan,nan,nan,,nan,0,nan,nan,nan,INITIALIZING,0.0,0.0,0.0,33.74591425564956,0,0,0,0.0,0.0,1.0,0,0,0,0,27,5,0
3144,332.01263866700003,247.59810791015627,6.3357604980468745,191.7044937133789,471.7661590576172,247.59810791015627,6.3357604980468745,191.7044937133789,471.7661590576172,nan,nan,nan,nan,,nan,0,nan,nan,nan,INITIALIZING,0.0,0.0,0.0,26.09039455507766,0,0,0,0.0,0.0,1.0,0,0,0,0,27,5,0
3145,332.04223703799994,247.59810791015627,6.3357604980468745,191.7044937133789,471.7661590576172,247.59810791015627,6.3357604980468745,191.7044937133789,471.7661590576172,nan,nan,nan,nan,,nan,0,nan,nan,nan,INITIALIZING,0.0,0.0,0.0,33.785643135669986,0,0,0,0.0,0.0,1.0,0,0,0,0,27,5,0
3146,332.083686811,247.59810791015627,6.3357604980468745,191.7044937133789,471.7661590576172,247.59810791015627,6.3357604980468745,191.7044937133789,471.7661590576172,nan,nan,nan,nan,,nan,0,nan,nan,nan,INITIALIZING,0.0,0.0,0.0,24.125584475417263,0,0,0,0.0,0.0,1.0,0,0,0,0,27,5,0
3147,332.116531625,247.59810791015627,6.3357604980468745,191.7044937133789,471.7661590576172,247.59810791015627,6.3357604980468745,191.7044937133789,471.7661590576172,nan,nan,nan,nan,,nan,0,nan,nan,nan,INITIALIZING,0.0,0.0,0.0,30.4462068197559,0,0,0,0.0,0.0,1.0,0,0,0,0,27,5,0
3148,332.16417052099996,247.59810791015627,6.3357604980468745,191.7044937133789,471.7661590576172,247.59810791015627,6.3357604980468745,191.7044937133789,471.7661590576172,nan,nan,nan,nan,,nan,0,nan,nan,nan,INITIALIZING,0.0,0.0,0.0,20.991250510941693,0,0,0,0.0,0.0,1.0,0,0,0,0,27,5,0
3149,332.199409659,247.59810791015627,6.3357604980468745,191.7044937133789,471.7661590576172,247.59810791015627,6.3357604980468745,191.7044937133789,471.7661590576172,nan,nan,nan,nan,,nan,0,nan,nan,nan,INITIALIZING,0.0,0.0,0.0,28.377538633270323,0,0,0,0.0,0.0,1.0,0,0,0,0,27,5,0
3150,332.23190518800004,247.59810791015627,6.3357604980468745,191.7044937133789,471.7661590576172,247.59810791015627,6.3357604980468745,191.7044937133789,471.7661590576172,nan,nan,nan,nan,,nan,0,nan,nan,nan,INITIALIZING,0.0,0.0,0.0,30.77346425102057,0,0,0,0.0,0.0,1.0,0,0,0,0,27,5,0
3151,332.26011266499995,247.59810791015627,6.3357604980468745,191.7044937133789,471.7661590576172,247.59810791015627,6.3357604980468745,191.7044937133789,471.7661590576172,nan,nan,nan,nan,,nan,0,nan,nan,nan,INITIALIZING,0.0,0.0,0.0,35.451593207120034,0,0,0,0.0,0.0,1.0,0,0,0,0,27,5,0
3152,332.29912706100004,247.59810791015627,6.3357604980468745,191.7044937133789,471.7661590576172,247.59810791015627,6.3357604980468745,191.7044937133789,471.7661590576172,nan,nan,nan,nan,,nan,0,nan,nan,nan,INITIALIZING,0.0,0.0,0.0,25.63156430764282,0,0,0,0.0,0.0,1.0,0,0,0,0,27,5,0
3153,332.333720687,247.59810791015627,6.3357604980468745,191.7044937133789,471.7661590576172,247.59810791015627,6.3357604980468745,191.7044937133789,471.7661590576172,nan,nan,nan,nan,,nan,0,nan,nan,nan,INITIALIZING,0.0,0.0,0.0,28.907059352539548,0,0,0,0.0,0.0,1.0,0,0,0,0,27,5,0
3154,332.38111819799997,247.59810791015627,6.3357604980468745,191.7044937133789,471.7661590576172,247.59810791015627,6.3357604980468745,191.7044937133789,471.7661590576172,nan,nan,nan,nan,,nan,0,nan,nan,nan,INITIALIZING,0.0,0.0,0.0,21.098154289163084,0,0,0,0.0,0.0,1.0,0,0,0,0,27,5,0
3155,332.424364019,247.59810791015627,6.3357604980468745,191.7044937133789,471.7661590576172,247.59810791015627,6.3357604980468745,191.7044937133789,471.7661590576172,nan,nan,nan,nan,,nan,0,nan,nan,nan,INITIALIZING,0.0,0.0,0.0,23.123621586450145,0,0,0,0.0,0.0,1.0,0,0,0,0,27,5,0
3156,332.464503561,247.59810791015627,6.3357604980468745,191.7044937133789,471.7661590576172,247.59810791015627,6.3357604980468745,191.7044937133789,471.7661590576172,nan,nan,nan,nan,,nan,0,nan,nan,nan,INITIALIZING,0.0,0.0,0.0,24.91308944181536,0,0,0,0.0,0.0,1.0,0,0,0,0,27,5,0
3157,332.508557751,247.59810791015627,6.3357604980468745,191.7044937133789,471.7661590576172,247.59810791015627,6.3357604980468745,191.7044937133789,471.7661590576172,nan,nan,nan,nan,,nan,0,nan,nan,nan,INITIALIZING,0.0,0.0,0.0,22.699316455485068,0,0,0,0.0,0.0,1.0,0,0,0,0,27,5,0
3158,332.546548971,247.59810791015627,6.3357604980468745,191.7044937133789,471.7661590576172,247.59810791015627,6.3357604980468745,191.7044937133789,471.7661590576172,nan,nan,nan,nan,,nan,0,nan,nan,nan,INITIALIZING,0.0,0.0,0.0,26.321871211308974,0,0,0,0.0,0.0,1.0,0,0,0,0,27,5,0
3159,332.584749054,247.59810791015627,6.3357604980468745,191.7044937133789,471.7661590576172,247.59810791015627,6.3357604980468745,191.7044937133789,471.7661590576172,nan,nan,nan,nan,,nan,0,nan,nan,nan,INITIALIZING,0.0,0.0,0.0,26.177953592409676,0,0,0,0.0,0.0,1.0,0,0,0,0,27,5,0
3160,332.618102731,247.59810791015627,6.3357604980468745,191.7044937133789,471.7661590576172,247.59810791015627,6.3357604980468745,191.7044937133789,471.7661590576172,nan,nan,nan,nan,,nan,0,nan,nan,nan,INITIALIZING,0.0,0.0,0.0,29.98170186750047,0,0,0,0.0,0.0,1.0,0,0,0,0,27,5,0
3161,332.657627351,247.59810791015627,6.3357604980468745,191.7044937133789,471.7661590576172,247.59810791015627,6.3357604980468745,191.7044937133789,471.7661590576172,nan,nan,nan,nan,,nan,0,nan,nan,nan,INITIALIZING,0.0,0.0,0.0,25.300686002831046,0,0,0,0.0,0.0,1.0,0,0,0,0,27,5,0
3162,332.69446273999995,247.59810791015627,6.3357604980468745,191.7044937133789,471.7661590576172,247.59810791015627,6.3357604980468745,191.7044937133789,471.7661590576172,nan,nan,nan,nan,,nan,0,nan,nan,nan,INITIALIZING,0.0,0.0,0.0,27.14780614915376,0,0,0,0.0,0.0,1.0,0,0,0,0,27,5,0
3163,332.740059965,247.59810791015627,6.3357604980468745,191.7044937133789,471.7661590576172,247.59810791015627,6.3357604980468745,191.7044937133789,471.7661590576172,nan,nan,nan,nan,,nan,0,nan,nan,nan,INITIALIZING,0.0,0.0,0.0,21.93115918784254,0,0,0,0.0,0.0,1.0,0,0,0,0,27,5,0
3164,333.143956742,247.6477508544922,12.631546020507812,191.70449829101562,471.76617431640625,197.82671279907225,95.42104110717773,293.2965744018555,386.11816101074214,171.0,140.0,348.0,340.0,0.42156466841697693,0.876869,1,0.45395913776218055,0.07687957642016825,1.3082750488242956,SOFT_REINITIALIZING,0.05704110400006357,0.30987897600005,0.9255482930000198,2.475880118251105,1,0,0,6.295988886594788,0.007869986108243486,1.0000000562225773,0,0,0,0,28,5,0
3165,333.18022705500005,197.82671279907225,95.42104110717773,293.2965744018555,386.11816101074214,197.82671279907225,95.42104110717773,293.2965744018555,386.11816101074214,nan,nan,nan,nan,,nan,0,nan,nan,nan,INITIALIZING,0.0,0.0,0.0,27.570757384937554,0,0,0,0.0,0.0,1.0,0,0,0,0,28,5,0
3166,333.222653466,197.82671279907225,95.42104110717773,293.2965744018555,386.11816101074214,197.82671279907225,95.42104110717773,293.2965744018555,386.11816101074214,nan,nan,nan,nan,,nan,0,nan,nan,nan,INITIALIZING,0.0,0.0,0.0,23.570223745797136,0,0,0,0.0,0.0,1.0,0,0,0,0,28,5,0
3167,333.253244159,197.82671279907225,95.42104110717773,293.2965744018555,386.11816101074214,197.82671279907225,95.42104110717773,293.2965744018555,386.11816101074214,nan,nan,nan,nan,,nan,0,nan,nan,nan,INITIALIZING,0.0,0.0,0.0,32.68968113926949,0,0,0,0.0,0.0,1.0,0,0,0,0,28,5,0
3168,333.280367617,197.82671279907225,95.42104110717773,293.2965744018555,386.11816101074214,197.82671279907225,95.42104110717773,293.2965744018555,386.11816101074214,nan,nan,nan,nan,,nan,0,nan,nan,nan,INITIALIZING,0.0,0.0,0.0,36.86845534222804,0,0,0,0.0,0.0,1.0,0,0,0,0,28,5,0
3169,333.309381668,197.82671279907225,95.42104110717773,293.2965744018555,386.11816101074214,197.82671279907225,95.42104110717773,293.2965744018555,386.11816101074214,nan,nan,nan,nan,,nan,0,nan,nan,nan,INITIALIZING,0.0,0.0,0.0,34.46605922076655,0,0,0,0.0,0.0,1.0,0,0,0,0,28,5,0
3170,333.34057867599995,197.82671279907225,95.42104110717773,293.2965744018555,386.11816101074214,197.82671279907225,95.42104110717773,293.2965744018555,386.11816101074214,nan,nan,nan,nan,,nan,0,nan,nan,nan,INITIALIZING,0.0,0.0,0.0,32.0543559818963,0,0,0,0.0,0.0,1.0,0,0,0,0,28,5,0
3171,333.37363394,197.82671279907225,95.42104110717773,293.2965744018555,386.11816101074214,197.82671279907225,95.42104110717773,293.2965744018555,386.11816101074214,nan,nan,nan,nan,,nan,0,nan,nan,nan,INITIALIZING,0.0,0.0,0.0,30.252367671266313,0,0,0,0.0,0.0,1.0,0,0,0,0,28,5,0
3172,333.41150216999995,197.82671279907225,95.42104110717773,293.2965744018555,386.11816101074214,197.82671279907225,95.42104110717773,293.2965744018555,386.11816101074214,nan,nan,nan,nan,,nan,0,nan,nan,nan,INITIALIZING,0.0,0.0,0.0,26.407360470798444,0,0,0,0.0,0.0,1.0,0,0,0,0,28,5,0
3173,333.481945332,197.82671279907225,95.42104110717773,293.2965744018555,386.11816101074214,197.82671279907225,95.42104110717773,293.2965744018555,386.11816101074214,nan,nan,nan,nan,,nan,0,nan,nan,nan,INITIALIZING,0.0,0.0,0.0,14.19584203217824,0,0,0,0.0,0.0,1.0,0,0,0,0,28,5,0
3174,333.52417411299996,197.82671279907225,95.42104110717773,293.2965744018555,386.11816101074214,197.82671279907225,95.42104110717773,293.2965744018555,386.11816101074214,nan,nan,nan,nan,,nan,0,nan,nan,nan,INITIALIZING,0.0,0.0,0.0,23.680532004966253,0,0,0,0.0,0.0,1.0,0,0,0,0,28,5,0
3175,333.55458499299993,197.82671279907225,95.42104110717773,293.2965744018555,386.11816101074214,197.82671279907225,95.42104110717773,293.2965744018555,386.11816101074214,nan,nan,nan,nan,,nan,0,nan,nan,nan,INITIALIZING,0.0,0.0,0.0,32.88296820087961,0,0,0,0.0,0.0,1.0,0,0,0,0,28,5,0
3176,333.586312337,197.82671279907225,95.42104110717773,293.2965744018555,386.11816101074214,197.82671279907225,95.42104110717773,293.2965744018555,386.11816101074214,nan,nan,nan,nan,,nan,0,nan,nan,nan,INITIALIZING,0.0,0.0,0.0,31.518553837930497,0,0,0,0.0,0.0,1.0,0,0,0,0,28,5,0
3177,334.111171239,197.85171508789062,95.44091796875,293.29656982421875,386.1181640625,197.85171508789062,95.44091796875,293.29656982421875,386.1181640625,nan,nan,nan,nan,0.3599211573600769,nan,0,nan,nan,nan,SUSPECTED_LOST,0.07007799000007253,0.2714422569999897,0.6205175710000503,1.9052739625629702,1,0,0,0.03193979160323014,3.9924739504037676e-05,1.000000007703847,0,0,0,0,28,5,0
3178,334.484021591,191.12127685546875,95.44091796875,293.29656982421875,386.1181640625,191.12127685546875,95.44091796875,293.29656982421875,386.1181640625,nan,nan,nan,nan,0.3302991986274719,nan,0,nan,nan,nan,SUSPECTED_LOST,0.04855514400003358,0.30139172999997754,0.0,2.6820411852527872,1,0,0,6.730438232421875,0.008413047790527343,1.0,0,0,0,0,28,5,0
3179,334.78659781199997,190.85171508789062,95.44091796875,293.29656982421875,386.1181640625,190.85171508789062,95.44091796875,293.29656982421875,386.1181640625,nan,nan,nan,nan,0.31671127676963806,nan,0,nan,nan,nan,SUSPECTED_LOST,0.05927990099996805,0.21876908599995204,0.0,3.3049523742979865,1,0,0,0.269561767578125,0.00033695220947265624,1.0,0,0,0,0,28,5,0
3180,335.151173006,190.85171508789062,95.44091796875,293.29656982421875,386.1181640625,190.85171508789062,95.44091796875,293.29656982421875,386.1181640625,nan,nan,nan,nan,0.3131290674209595,nan,0,nan,nan,nan,SUSPECTED_LOST,0.04546140000002197,0.2884555719999753,0.0,2.7429183785879103,1,0,0,0.0,0.0,1.0,0,0,0,0,28,5,0
3181,335.476532036,190.85171508789062,95.44091796875,293.29656982421875,386.1181640625,190.85171508789062,95.44091796875,293.29656982421875,386.1181640625,nan,nan,nan,nan,0.3109760582447052,nan,0,nan,nan,nan,SUSPECTED_LOST,0.04936010599999463,0.24157877199991162,0.0,3.073527727200708,1,0,0,0.0,0.0,1.0,0,0,0,0,28,5,0
3182,335.84943696100004,190.85171508789062,95.44091796875,293.29656982421875,386.1181640625,190.85171508789062,95.44091796875,293.29656982421875,386.1181640625,nan,nan,nan,nan,0.30644381046295166,nan,0,nan,nan,nan,SUSPECTED_LOST,0.04373151700008293,0.30368645700002617,0.0,2.6816486802898805,1,0,0,0.0,0.0,1.0,0,0,0,0,28,5,0
3183,336.199542911,197.5821533203125,95.44091796875,293.29656982421875,386.1181640625,2.0,243.0,124.0,237.0,2.0,243.0,124.0,237.0,0.304255872964859,0.707065,1,0.0,0.3619782851565806,3.853516165317687,REINITIALIZING,0.05766298499997902,0.2615178170000263,0.0,2.856278220921876,1,0,0,6.730438232421875,0.008413047790527343,1.0,0,0,0,0,28,6,0
3184,336.245293263,2.0,243.0,124.0,237.0,2.0,243.0,124.0,237.0,nan,nan,nan,nan,,nan,0,nan,nan,nan,INITIALIZING,0.0,0.0,0.0,21.857755323924135,0,0,0,0.0,0.0,1.0,0,0,0,0,28,6,0
3185,336.271233359,2.0,243.0,124.0,237.0,2.0,243.0,124.0,237.0,nan,nan,nan,nan,,nan,0,nan,nan,nan,INITIALIZING,0.0,0.0,0.0,38.5503584874946,0,0,0,0.0,0.0,1.0,0,0,0,0,28,6,0
3186,336.293921697,2.0,243.0,124.0,237.0,2.0,243.0,124.0,237.0,nan,nan,nan,nan,,nan,0,nan,nan,nan,INITIALIZING,0.0,0.0,0.0,44.07550698519593,0,0,0,0.0,0.0,1.0,0,0,0,0,28,6,0
3187,336.320731819,2.0,243.0,124.0,237.0,2.0,243.0,124.0,237.0,nan,nan,nan,nan,,nan,0,nan,nan,nan,INITIALIZING,0.0,0.0,0.0,37.29934537406878,0,0,0,0.0,0.0,1.0,0,0,0,0,28,6,0
3188,336.34933930600005,2.0,243.0,124.0,237.0,2.0,243.0,124.0,237.0,nan,nan,nan,nan,,nan,0,nan,nan,nan,INITIALIZING,0.0,0.0,0.0,34.95588410119471,0,0,0,0.0,0.0,1.0,0,0,0,0,28,6,0
3189,336.379045121,2.0,243.0,124.0,237.0,2.0,243.0,124.0,237.0,nan,nan,nan,nan,,nan,0,nan,nan,nan,INITIALIZING,0.0,0.0,0.0,33.663442662721764,0,0,0,0.0,0.0,1.0,0,0,0,0,28,6,0
3190,336.412670056,2.0,243.0,124.0,237.0,2.0,243.0,124.0,237.0,nan,nan,nan,nan,,nan,0,nan,nan,nan,INITIALIZING,0.0,0.0,0.0,29.739834441285236,0,0,0,0.0,0.0,1.0,0,0,0,0,28,6,0
3191,336.45406749999995,2.0,243.0,124.0,237.0,2.0,243.0,124.0,237.0,nan,nan,nan,nan,,nan,0,nan,nan,nan,INITIALIZING,0.0,0.0,0.0,24.156080747443617,0,0,0,0.0,0.0,1.0,0,0,0,0,28,6,0
3192,336.490898401,2.0,243.0,124.0,237.0,2.0,243.0,124.0,237.0,nan,nan,nan,nan,,nan,0,nan,nan,nan,INITIALIZING,0.0,0.0,0.0,27.15111422333051,0,0,0,0.0,0.0,1.0,0,0,0,0,28,6,0
3193,336.550730412,2.0,243.0,124.0,237.0,2.0,243.0,124.0,237.0,nan,nan,nan,nan,,nan,0,nan,nan,nan,INITIALIZING,0.0,0.0,0.0,16.7134612941485,0,0,0,0.0,0.0,1.0,0,0,0,0,28,6,0
3194,336.590092355,2.0,243.0,124.0,237.0,2.0,243.0,124.0,237.0,nan,nan,nan,nan,,nan,0,nan,nan,nan,INITIALIZING,0.0,0.0,0.0,25.40524993899727,0,0,0,0.0,0.0,1.0,0,0,0,0,28,6,0
3195,336.63444237,2.0,243.0,124.0,237.0,2.0,243.0,124.0,237.0,nan,nan,nan,nan,,nan,0,nan,nan,nan,INITIALIZING,0.0,0.0,0.0,22.547906691820074,0,0,0,0.0,0.0,1.0,0,0,0,0,28,6,0
3196,336.670357244,2.0,243.0,124.0,237.0,2.0,243.0,124.0,237.0,nan,nan,nan,nan,,nan,0,nan,nan,nan,INITIALIZING,0.0,0.0,0.0,27.84361710414517,0,0,0,0.0,0.0,1.0,0,0,0,0,28,6,0
3197,336.703945094,2.0,243.0,124.0,237.0,2.0,243.0,124.0,237.0,nan,nan,nan,nan,,nan,0,nan,nan,nan,INITIALIZING,0.0,0.0,0.0,29.77267077231484,0,0,0,0.0,0.0,1.0,0,0,0,0,28,6,0
3198,336.73509346799995,2.0,243.0,124.0,237.0,2.0,243.0,124.0,237.0,nan,nan,nan,nan,,nan,0,nan,nan,nan,INITIALIZING,0.0,0.0,0.0,32.10440455100213,0,0,0,0.0,0.0,1.0,0,0,0,0,28,6,0
3199,336.76009137899996,2.0,243.0,124.0,237.0,2.0,243.0,124.0,237.0,nan,nan,nan,nan,,nan,0,nan,nan,nan,INITIALIZING,0.0,0.0,0.0,40.00334267929183,0,0,0,0.0,0.0,1.0,0,0,0,0,28,6,0
3200,336.795049963,2.0,243.0,124.0,237.0,2.0,243.0,124.0,237.0,nan,nan,nan,nan,,nan,0,nan,nan,nan,INITIALIZING,0.0,0.0,0.0,28.605277605034978,0,0,0,0.0,0.0,1.0,0,0,0,0,28,6,0
3201,336.83986968399995,2.0,243.0,124.0,237.0,2.0,243.0,124.0,237.0,nan,nan,nan,nan,,nan,0,nan,nan,nan,INITIALIZING,0.0,0.0,0.0,22.311606982137135,0,0,0,0.0,0.0,1.0,0,0,0,0,28,6,0
3202,336.879513931,2.0,243.0,124.0,237.0,2.0,243.0,124.0,237.0,nan,nan,nan,nan,,nan,0,nan,nan,nan,INITIALIZING,0.0,0.0,0.0,25.224340873424886,0,0,0,0.0,0.0,1.0,0,0,0,0,28,6,0
3203,337.28970009,-7.785755157470703,249.857177734375,123.99999237060547,236.99998474121094,96.0,105.0,361.0,375.0,96.0,105.0,361.0,375.0,0.2674003839492798,0.797578,1,0.029055882513916942,0.2935910977080003,4.606472609402783,REINITIALIZING,0.0861966449999727,0.26273541400007616,0.737854513000002,2.437917462739292,1,0,0,11.949136391806888,0.014936420489758611,1.0000001259104634,0,0,0,0,28,7,0
3204,337.32348043499996,96.0,105.0,361.0,375.0,96.0,105.0,361.0,375.0,nan,nan,nan,nan,,nan,0,nan,nan,nan,INITIALIZING,0.0,0.0,0.0,29.603013231538597,0,0,0,0.0,0.0,1.0,0,0,0,0,28,7,0
3205,337.38187694600003,96.0,105.0,361.0,375.0,96.0,105.0,361.0,375.0,nan,nan,nan,nan,,nan,0,nan,nan,nan,INITIALIZING,0.0,0.0,0.0,17.12431073148904,0,0,0,0.0,0.0,1.0,0,0,0,0,28,7,0
3206,337.42482068799995,96.0,105.0,361.0,375.0,96.0,105.0,361.0,375.0,nan,nan,nan,nan,,nan,0,nan,nan,nan,INITIALIZING,0.0,0.0,0.0,23.286279989337093,0,0,0,0.0,0.0,1.0,0,0,0,0,28,7,0
3207,337.461905699,96.0,105.0,361.0,375.0,96.0,105.0,361.0,375.0,nan,nan,nan,nan,,nan,0,nan,nan,nan,INITIALIZING,0.0,0.0,0.0,26.965072222812474,0,0,0,0.0,0.0,1.0,0,0,0,0,28,7,0
3208,337.49770430399997,96.0,105.0,361.0,375.0,96.0,105.0,361.0,375.0,nan,nan,nan,nan,,nan,0,nan,nan,nan,INITIALIZING,0.0,0.0,0.0,27.934049385468807,0,0,0,0.0,0.0,1.0,0,0,0,0,28,7,0
3209,337.527223745,96.0,105.0,361.0,375.0,96.0,105.0,361.0,375.0,nan,nan,nan,nan,,nan,0,nan,nan,nan,INITIALIZING,0.0,0.0,0.0,33.87598023954401,0,0,0,0.0,0.0,1.0,0,0,0,0,28,7,0
3210,337.57426322699996,96.0,105.0,361.0,375.0,96.0,105.0,361.0,375.0,nan,nan,nan,nan,,nan,0,nan,nan,nan,INITIALIZING,0.0,0.0,0.0,21.25873750057786,0,0,0,0.0,0.0,1.0,0,0,0,0,28,7,0
3211,337.61823346899996,96.0,105.0,361.0,375.0,96.0,105.0,361.0,375.0,nan,nan,nan,nan,,nan,0,nan,nan,nan,INITIALIZING,0.0,0.0,0.0,22.742653997673987,0,0,0,0.0,0.0,1.0,0,0,0,0,28,7,0
3212,337.65169374899995,96.0,105.0,361.0,375.0,96.0,105.0,361.0,375.0,nan,nan,nan,nan,,nan,0,nan,nan,nan,INITIALIZING,0.0,0.0,0.0,29.886181466515755,0,0,0,0.0,0.0,1.0,0,0,0,0,28,7,0
3213,337.69421268099995,96.0,105.0,361.0,375.0,96.0,105.0,361.0,375.0,nan,nan,nan,nan,,nan,0,nan,nan,nan,INITIALIZING,0.0,0.0,0.0,23.51893504756493,0,0,0,0.0,0.0,1.0,0,0,0,0,28,7,0
3214,337.73027468199996,96.0,105.0,361.0,375.0,96.0,105.0,361.0,375.0,nan,nan,nan,nan,,nan,0,nan,nan,nan,INITIALIZING,0.0,0.0,0.0,27.73001975125749,0,0,0,0.0,0.0,1.0,0,0,0,0,28,7,0
3215,337.76860109899997,96.0,105.0,361.0,375.0,96.0,105.0,361.0,375.0,nan,nan,nan,nan,,nan,0,nan,nan,nan,INITIALIZING,0.0,0.0,0.0,26.09166413859674,0,0,0,0.0,0.0,1.0,0,0,0,0,28,7,0
3216,337.829805694,96.0,105.0,361.0,375.0,96.0,105.0,361.0,375.0,nan,nan,nan,nan,,nan,0,nan,nan,nan,INITIALIZING,0.0,0.0,0.0,16.33864254798508,0,0,0,0.0,0.0,1.0,0,0,0,0,28,7,0
3217,337.87632687400003,96.0,105.0,361.0,375.0,96.0,105.0,361.0,375.0,nan,nan,nan,nan,,nan,0,nan,nan,nan,INITIALIZING,0.0,0.0,0.0,21.49558545160962,0,0,0,0.0,0.0,1.0,0,0,0,0,28,7,0
3218,337.906557229,96.0,105.0,361.0,375.0,96.0,105.0,361.0,375.0,nan,nan,nan,nan,,nan,0,nan,nan,nan,INITIALIZING,0.0,0.0,0.0,33.07933366979628,0,0,0,0.0,0.0,1.0,0,0,0,0,28,7,0
3219,337.94404824699996,96.0,105.0,361.0,375.0,96.0,105.0,361.0,375.0,nan,nan,nan,nan,,nan,0,nan,nan,nan,INITIALIZING,0.0,0.0,0.0,26.673055396917537,0,0,0,0.0,0.0,1.0,0,0,0,0,28,7,0
3220,337.986163413,96.0,105.0,361.0,375.0,96.0,105.0,361.0,375.0,nan,nan,nan,nan,,nan,0,nan,nan,nan,INITIALIZING,0.0,0.0,0.0,23.7444154915423,0,0,0,0.0,0.0,1.0,0,0,0,0,28,7,0
3221,338.026166825,96.0,105.0,361.0,375.0,96.0,105.0,361.0,375.0,nan,nan,nan,nan,,nan,0,nan,nan,nan,INITIALIZING,0.0,0.0,0.0,24.997867681866257,0,0,0,0.0,0.0,1.0,0,0,0,0,28,7,0
3222,338.063911447,96.0,105.0,361.0,375.0,96.0,105.0,361.0,375.0,nan,nan,nan,nan,,nan,0,nan,nan,nan,INITIALIZING,0.0,0.0,0.0,26.493840632454518,0,0,0,0.0,0.0,1.0,0,0,0,0,28,7,0
3223,338.12521719200004,96.0,105.0,361.0,375.0,96.0,105.0,361.0,375.0,nan,nan,nan,nan,,nan,0,nan,nan,nan,INITIALIZING,0.0,0.0,0.0,16.311684981555324,0,0,0,0.0,0.0,1.0,0,0,0,0,28,7,0
3224,338.17436670899997,96.0,105.0,361.0,375.0,96.0,105.0,361.0,375.0,nan,nan,nan,nan,,nan,0,nan,nan,nan,INITIALIZING,0.0,0.0,0.0,20.34607990148454,0,0,0,0.0,0.0,1.0,0,0,0,0,28,7,0
3225,338.21780015900003,96.0,105.0,361.0,375.0,96.0,105.0,361.0,375.0,nan,nan,nan,nan,,nan,0,nan,nan,nan,INITIALIZING,0.0,0.0,0.0,23.02372940667808,0,0,0,0.0,0.0,1.0,0,0,0,0,28,7,0
3226,338.31281821100004,88.64132690429688,112.35867309570312,361.0,375.0,88.64132690429688,112.35867309570312,361.0,375.0,nan,nan,nan,nan,0.7578038573265076,nan,0,nan,nan,nan,TRACKING,0.0698479050000742,0.0,0.9285118560000001,10.524315947879002,0,0,0,10.406735293013368,0.01300841911626671,1.0,0,0,0,0,28,7,0
3227,338.38635932600005,96.35867309570312,112.0,361.0,375.0,96.35867309570312,112.0,361.0,375.0,nan,nan,nan,nan,0.6942978501319885,nan,0,nan,nan,nan,TRACKING,0.05076388700001644,0.0,0.0,13.59783571407422,0,0,0,7.725676580571686,0.009657095725714607,1.0,0,0,0,0,28,7,0
3228,338.45535838,96.0,112.0,361.0,375.0,96.0,112.0,361.0,375.0,nan,nan,nan,nan,0.730241060256958,nan,0,nan,nan,nan,TRACKING,0.045699721999994836,0.0,0.0,14.49295232367362,0,0,0,0.358673095703125,0.00044834136962890625,1.0,0,0,0,0,28,7,0
3229,338.543025017,96.0,112.0,361.0,375.0,96.0,112.0,361.0,375.0,nan,nan,nan,nan,0.7356439232826233,nan,0,nan,nan,nan,TRACKING,0.05669621099991673,0.0,0.0,11.406847966578024,0,0,0,0.0,0.0,1.0,0,0,0,0,28,7,0
3230,338.61284473,96.0,112.0,361.0,375.0,96.0,112.0,361.0,375.0,nan,nan,nan,nan,0.7060382962226868,nan,0,nan,nan,nan,TRACKING,0.04445060900002318,0.0,0.0,14.32260255781602,0,0,0,0.0,0.0,1.0,0,0,0,0,28,7,0
3231,338.693467487,96.0,112.0,361.0,375.0,96.0,112.0,361.0,375.0,nan,nan,nan,nan,0.7023042440414429,nan,0,nan,nan,nan,TRACKING,0.05718565799998032,0.0,0.0,12.403445840977856,0,0,0,0.0,0.0,1.0,0,0,0,0,28,7,0
3232,338.778907418,103.35867309570312,104.64132690429688,361.0,375.0,103.35867309570312,104.64132690429688,361.0,375.0,nan,nan,nan,nan,0.6836332082748413,nan,0,nan,nan,nan,TRACKING,0.05697689999999511,0.0,0.0,11.704129302258494,0,0,0,10.406735293013368,0.01300841911626671,1.0,0,0,0,0,28,7,0
3233,338.85800724800004,103.0,105.0,361.0,375.0,103.0,105.0,361.0,375.0,nan,nan,nan,nan,0.6443028450012207,nan,0,nan,nan,nan,TRACKING,0.05582732200002738,0.0,0.0,12.64225220205617,0,0,0,0.5072403564017025,0.0006340504455021282,1.0,0,0,0,0,28,7,0
3234,338.92346360700003,103.0,105.0,361.0,375.0,103.0,105.0,361.0,375.0,nan,nan,nan,nan,0.6146264672279358,nan,0,nan,nan,nan,TRACKING,0.0423327099999824,0.0,0.0,15.277354488966804,0,0,0,0.0,0.0,1.0,0,0,0,0,28,7,0
3235,339.004899938,103.0,105.0,361.0,375.0,103.0,105.0,361.0,375.0,nan,nan,nan,nan,0.6042896509170532,nan,0,nan,nan,nan,TRACKING,0.05490499199993337,0.0,0.0,12.279531601202025,0,0,0,0.0,0.0,1.0,0,0,0,0,28,7,0
3236,339.10362567000004,103.0,112.35867309570312,361.0,375.0,103.0,112.35867309570312,361.0,375.0,nan,nan,nan,nan,0.5227141976356506,nan,0,nan,nan,nan,TRACKING,0.06804573400006575,0.0,0.0,10.129071517033806,0,0,0,7.358673095703125,0.009198341369628906,1.0,0,0,0,0,28,7,0
3237,339.18868365899993,103.0,112.0,361.0,375.0,103.0,112.0,361.0,375.0,nan,nan,nan,nan,0.5036587715148926,nan,0,nan,nan,nan,TRACKING,0.06022786500000166,0.0,0.0,11.756685195099815,0,0,0,0.358673095703125,0.00044834136962890625,1.0,0,0,0,0,28,7,0
3238,339.49720684499994,95.64132690429688,112.0,361.0,375.0,95.64132690429688,112.0,361.0,375.0,nan,nan,nan,nan,0.48282450437545776,nan,0,nan,nan,nan,SUSPECTED_LOST,0.04875937799999974,0.23612779600000522,0.0,3.241247482774254,1,0,0,7.358673095703125,0.009198341369628906,1.0,0,0,0,0,28,7,0
3239,339.796809534,103.35867309570312,112.0,361.0,375.0,103.35867309570312,112.0,361.0,375.0,nan,nan,nan,nan,0.4461899399757385,nan,0,nan,nan,nan,SUSPECTED_LOST,0.052596389000086674,0.21740536800007249,0.0,3.3377537542724407,1,0,0,7.71734619140625,0.009646682739257813,1.0,0,0,0,0,28,7,0
3240,340.185589199,110.35867309570312,112.0,361.0,375.0,148.0,188.0,306.0,292.0,148.0,188.0,306.0,292.0,0.4769187569618225,0.871259,1,0.6600332409972299,0.0449495639470614,1.515075208165458,SOFT_REINITIALIZING,0.06259720799994284,0.2872414099999787,0.0,2.5721509894298618,1,0,0,7.0,0.00875,1.0,0,0,0,0,29,7,0
3241,340.22933934599996,148.0,188.0,306.0,292.0,148.0,188.0,306.0,292.0,nan,nan,nan,nan,,nan,0,nan,nan,nan,INITIALIZING,0.0,0.0,0.0,22.857066057417196,0,0,0,0.0,0.0,1.0,0,0,0,0,29,7,0
3242,340.26285991500004,148.0,188.0,306.0,292.0,148.0,188.0,306.0,292.0,nan,nan,nan,nan,,nan,0,nan,nan,nan,INITIALIZING,0.0,0.0,0.0,29.832429157087628,0,0,0,0.0,0.0,1.0,0,0,0,0,29,7,0
3243,340.30372113299995,148.0,188.0,306.0,292.0,148.0,188.0,306.0,292.0,nan,nan,nan,nan,,nan,0,nan,nan,nan,INITIALIZING,0.0,0.0,0.0,24.47308349941999,0,0,0,0.0,0.0,1.0,0,0,0,0,29,7,0
3244,340.33264004700004,148.0,188.0,306.0,292.0,148.0,188.0,306.0,292.0,nan,nan,nan,nan,,nan,0,nan,nan,nan,INITIALIZING,0.0,0.0,0.0,34.579445133969614,0,0,0,0.0,0.0,1.0,0,0,0,0,29,7,0
3245,340.364307769,148.0,188.0,306.0,292.0,148.0,188.0,306.0,292.0,nan,nan,nan,nan,,nan,0,nan,nan,nan,INITIALIZING,0.0,0.0,0.0,31.57789499356846,0,0,0,0.0,0.0,1.0,0,0,0,0,29,7,0
3246,340.398876075,148.0,188.0,306.0,292.0,148.0,188.0,306.0,292.0,nan,nan,nan,nan,,nan,0,nan,nan,nan,INITIALIZING,0.0,0.0,0.0,28.9282326996439,0,0,0,0.0,0.0,1.0,0,0,0,0,29,7,0
3247,340.43198192599993,148.0,188.0,306.0,292.0,148.0,188.0,306.0,292.0,nan,nan,nan,nan,,nan,0,nan,nan,nan,INITIALIZING,0.0,0.0,0.0,30.206140902441337,0,0,0,0.0,0.0,1.0,0,0,0,0,29,7,0
3248,340.47105910999994,148.0,188.0,306.0,292.0,148.0,188.0,306.0,292.0,nan,nan,nan,nan,,nan,0,nan,nan,nan,INITIALIZING,0.0,0.0,0.0,25.590380309896943,0,0,0,0.0,0.0,1.0,0,0,0,0,29,7,0
3249,340.530955197,148.0,188.0,306.0,292.0,148.0,188.0,306.0,292.0,nan,nan,nan,nan,,nan,0,nan,nan,nan,INITIALIZING,0.0,0.0,0.0,16.695581465924505,0,0,0,0.0,0.0,1.0,0,0,0,0,29,7,0
3250,340.58005142599995,148.0,188.0,306.0,292.0,148.0,188.0,306.0,292.0,nan,nan,nan,nan,,nan,0,nan,nan,nan,INITIALIZING,0.0,0.0,0.0,20.368163102739512,0,0,0,0.0,0.0,1.0,0,0,0,0,29,7,0
3251,340.624124382,148.0,188.0,306.0,292.0,148.0,188.0,306.0,292.0,nan,nan,nan,nan,,nan,0,nan,nan,nan,INITIALIZING,0.0,0.0,0.0,22.68965122283096,0,0,0,0.0,0.0,1.0,0,0,0,0,29,7,0
3252,340.660244521,148.0,188.0,306.0,292.0,148.0,188.0,306.0,292.0,nan,nan,nan,nan,,nan,0,nan,nan,nan,INITIALIZING,0.0,0.0,0.0,27.685386260563988,0,0,0,0.0,0.0,1.0,0,0,0,0,29,7,0
3253,340.70491224,148.0,188.0,306.0,292.0,148.0,188.0,306.0,292.0,nan,nan,nan,nan,,nan,0,nan,nan,nan,INITIALIZING,0.0,0.0,0.0,22.38753225790671,0,0,0,0.0,0.0,1.0,0,0,0,0,29,7,0
3254,340.75609475,148.0,188.0,306.0,292.0,148.0,188.0,306.0,292.0,nan,nan,nan,nan,,nan,0,nan,nan,nan,INITIALIZING,0.0,0.0,0.0,19.537924185433706,0,0,0,0.0,0.0,1.0,0,0,0,0,29,7,0
3255,340.795875087,148.0,188.0,306.0,292.0,148.0,188.0,306.0,292.0,nan,nan,nan,nan,,nan,0,nan,nan,nan,INITIALIZING,0.0,0.0,0.0,25.138047473036217,0,0,0,0.0,0.0,1.0,0,0,0,0,29,7,0
3256,340.831470361,148.0,188.0,306.0,292.0,148.0,188.0,306.0,292.0,nan,nan,nan,nan,,nan,0,nan,nan,nan,INITIALIZING,0.0,0.0,0.0,28.093617147038735,0,0,0,0.0,0.0,1.0,0,0,0,0,29,7,0
3257,340.86758185300005,148.0,188.0,306.0,292.0,148.0,188.0,306.0,292.0,nan,nan,nan,nan,,nan,0,nan,nan,nan,INITIALIZING,0.0,0.0,0.0,27.692015605423297,0,0,0,0.0,0.0,1.0,0,0,0,0,29,7,0
3258,340.905448051,148.0,188.0,306.0,292.0,148.0,188.0,306.0,292.0,nan,nan,nan,nan,,nan,0,nan,nan,nan,INITIALIZING,0.0,0.0,0.0,26.40877755936945,0,0,0,0.0,0.0,1.0,0,0,0,0,29,7,0
3259,341.030670234,147.5,188.5,306.0,292.0,147.5,188.5,306.0,292.0,nan,nan,nan,nan,0.6546124219894409,nan,0,nan,nan,nan,TRACKING,0.08099421999997958,0.0,0.7589414020000049,7.9858055181800935,0,0,0,0.7071067811865476,0.0008838834764831844,1.0,0,0,0,0,29,7,0
3260,341.113203838,147.5,182.52163696289062,306.0,292.0,147.5,182.52163696289062,306.0,292.0,nan,nan,nan,nan,0.6066948771476746,nan,0,nan,nan,nan,TRACKING,0.051873422999960894,0.0,0.0,12.116276904618243,0,0,0,5.978363037109375,0.007472953796386719,1.0,0,0,0,0,29,7,0
3261,341.21269181699995,147.5,176.52163696289062,306.0,292.0,147.5,176.52163696289062,306.0,292.0,nan,nan,nan,nan,0.5552051067352295,nan,0,nan,nan,nan,TRACKING,0.06462346299997535,0.0,0.0,10.051465614760794,0,0,0,6.0,0.0075,1.0,0,0,0,0,29,7,0
3262,341.28473390700003,147.5,176.5,306.0,292.0,147.5,176.5,306.0,292.0,nan,nan,nan,nan,0.5220537185668945,nan,0,nan,nan,nan,TRACKING,0.04482662899999923,0.0,0.0,13.88077441949373,0,0,0,0.021636962890625,2.704620361328125e-05,1.0,0,0,0,0,29,7,0
3263,341.37805181299996,147.5,182.47836303710938,306.0,292.0,147.5,182.47836303710938,306.0,292.0,nan,nan,nan,nan,0.5203611254692078,nan,0,nan,nan,nan,TRACKING,0.06987458399999014,0.0,0.0,10.716057001973518,0,0,0,5.978363037109375,0.007472953796386719,1.0,0,0,0,0,29,7,0
3264,341.670333831,147.5,182.5,306.0,292.0,174.47500000000002,168.525,270.25,309.54999999999995,189.0,161.0,251.0,319.0,0.4923021197319031,0.97721,1,0.7624338128972526,0.02015564437074637,1.1159375039028838,SOFT_REINITIALIZING,0.041556903000014245,0.22539322899990566,0.0,3.4213531398290566,1,0,0,0.021636962890625,2.704620361328125e-05,1.0,0,0,0,0,30,7,0
3265,341.69446113899994,174.47500000000002,168.525,270.25,309.54999999999995,174.47500000000002,168.525,270.25,309.54999999999995,nan,nan,nan,nan,,nan,0,nan,nan,nan,INITIALIZING,0.0,0.0,0.0,41.44681205222658,0,0,0,0.0,0.0,1.0,0,0,0,0,30,7,0
3266,341.726310991,174.47500000000002,168.525,270.25,309.54999999999995,174.47500000000002,168.525,270.25,309.54999999999995,nan,nan,nan,nan,,nan,0,nan,nan,nan,INITIALIZING,0.0,0.0,0.0,31.39732015076304,0,0,0,0.0,0.0,1.0,0,0,0,0,30,7,0
3267,341.76559301199995,174.47500000000002,168.525,270.25,309.54999999999995,174.47500000000002,168.525,270.25,309.54999999999995,nan,nan,nan,nan,,nan,0,nan,nan,nan,INITIALIZING,0.0,0.0,0.0,25.45693868451803,0,0,0,0.0,0.0,1.0,0,0,0,0,30,7,0
3268,341.800706431,174.47500000000002,168.525,270.25,309.54999999999995,174.47500000000002,168.525,270.25,309.54999999999995,nan,nan,nan,nan,,nan,0,nan,nan,nan,INITIALIZING,0.0,0.0,0.0,28.479140695448706,0,0,0,0.0,0.0,1.0,0,0,0,0,30,7,0
3269,341.83246794599995,174.47500000000002,168.525,270.25,309.54999999999995,174.47500000000002,168.525,270.25,309.54999999999995,nan,nan,nan,nan,,nan,0,nan,nan,nan,INITIALIZING,0.0,0.0,0.0,31.484644230632945,0,0,0,0.0,0.0,1.0,0,0,0,0,30,7,0
3270,341.86896897199995,174.47500000000002,168.525,270.25,309.54999999999995,174.47500000000002,168.525,270.25,309.54999999999995,nan,nan,nan,nan,,nan,0,nan,nan,nan,INITIALIZING,0.0,0.0,0.0,27.396490169895557,0,0,0,0.0,0.0,1.0,0,0,0,0,30,7,0
3271,341.90239529300004,174.47500000000002,168.525,270.25,309.54999999999995,174.47500000000002,168.525,270.25,309.54999999999995,nan,nan,nan,nan,,nan,0,nan,nan,nan,INITIALIZING,0.0,0.0,0.0,29.916543911524908,0,0,0,0.0,0.0,1.0,0,0,0,0,30,7,0
3272,341.938158737,174.47500000000002,168.525,270.25,309.54999999999995,174.47500000000002,168.525,270.25,309.54999999999995,nan,nan,nan,nan,,nan,0,nan,nan,nan,INITIALIZING,0.0,0.0,0.0,27.96151287895187,0,0,0,0.0,0.0,1.0,0,0,0,0,30,7,0
3273,341.98927606999996,174.47500000000002,168.525,270.25,309.54999999999995,174.47500000000002,168.525,270.25,309.54999999999995,nan,nan,nan,nan,,nan,0,nan,nan,nan,INITIALIZING,0.0,0.0,0.0,19.56283595625786,0,0,0,0.0,0.0,1.0,0,0,0,0,30,7,0
3274,342.024211252,174.47500000000002,168.525,270.25,309.54999999999995,174.47500000000002,168.525,270.25,309.54999999999995,nan,nan,nan,nan,,nan,0,nan,nan,nan,INITIALIZING,0.0,0.0,0.0,28.62443939748876,0,0,0,0.0,0.0,1.0,0,0,0,0,30,7,0
3275,342.07326043,174.47500000000002,168.525,270.25,309.54999999999995,174.47500000000002,168.525,270.25,309.54999999999995,nan,nan,nan,nan,,nan,0,nan,nan,nan,INITIALIZING,0.0,0.0,0.0,20.38770150234984,0,0,0,0.0,0.0,1.0,0,0,0,0,30,7,0
3276,342.11025428799996,174.47500000000002,168.525,270.25,309.54999999999995,174.47500000000002,168.525,270.25,309.54999999999995,nan,nan,nan,nan,,nan,0,nan,nan,nan,INITIALIZING,0.0,0.0,0.0,27.031514258423293,0,0,0,0.0,0.0,1.0,0,0,0,0,30,7,0
3277,342.15442874199994,174.47500000000002,168.525,270.25,309.54999999999995,174.47500000000002,168.525,270.25,309.54999999999995,nan,nan,nan,nan,,nan,0,nan,nan,nan,INITIALIZING,0.0,0.0,0.0,22.637518055132926,0,0,0,0.0,0.0,1.0,0,0,0,0,30,7,0
3278,342.19711897,174.47500000000002,168.525,270.25,309.54999999999995,174.47500000000002,168.525,270.25,309.54999999999995,nan,nan,nan,nan,,nan,0,nan,nan,nan,INITIALIZING,0.0,0.0,0.0,23.42456451621791,0,0,0,0.0,0.0,1.0,0,0,0,0,30,7,0
3279,342.251391375,174.47500000000002,168.525,270.25,309.54999999999995,174.47500000000002,168.525,270.25,309.54999999999995,nan,nan,nan,nan,,nan,0,nan,nan,nan,INITIALIZING,0.0,0.0,0.0,18.425570047980887,0,0,0,0.0,0.0,1.0,0,0,0,0,30,7,0
3280,342.29551472699995,174.47500000000002,168.525,270.25,309.54999999999995,174.47500000000002,168.525,270.25,309.54999999999995,nan,nan,nan,nan,,nan,0,nan,nan,nan,INITIALIZING,0.0,0.0,0.0,22.66373597367708,0,0,0,0.0,0.0,1.0,0,0,0,0,30,7,0
3281,342.336898691,174.47500000000002,168.525,270.25,309.54999999999995,174.47500000000002,168.525,270.25,309.54999999999995,nan,nan,nan,nan,,nan,0,nan,nan,nan,INITIALIZING,0.0,0.0,0.0,24.163949108383992,0,0,0,0.0,0.0,1.0,0,0,0,0,30,7,0
3282,342.36722607599995,174.47500000000002,168.525,270.25,309.54999999999995,174.47500000000002,168.525,270.25,309.54999999999995,nan,nan,nan,nan,,nan,0,nan,nan,nan,INITIALIZING,0.0,0.0,0.0,32.97349903399792,0,0,0,0.0,0.0,1.0,0,0,0,0,30,7,0
3283,342.40333957300004,174.47500000000002,168.525,270.25,309.54999999999995,174.47500000000002,168.525,270.25,309.54999999999995,nan,nan,nan,nan,,nan,0,nan,nan,nan,INITIALIZING,0.0,0.0,0.0,27.69047816104806,0,0,0,0.0,0.0,1.0,0,0,0,0,30,7,0
3284,342.44170529400003,174.47500000000002,168.525,270.25,309.54999999999995,174.47500000000002,168.525,270.25,309.54999999999995,nan,nan,nan,nan,,nan,0,nan,nan,nan,INITIALIZING,0.0,0.0,0.0,26.064934372020115,0,0,0,0.0,0.0,1.0,0,0,0,0,30,7,0
3285,342.83101511899997,180.15966796875,168.72500610351562,270.25,309.54998779296875,180.15966796875,168.72500610351562,270.25,309.54998779296875,185.0,145.0,335.0,335.0,0.7392615675926208,0.933709,1,0.7224336756007275,0.048508712783700364,1.341507546920312,DETECTOR_CONFIRMED,0.06116661300006854,0.2871006139999963,0.8108285289999912,2.568648248217602,0,0,0,5.688185116092128,0.00711023139511516,1.0000000394347655,0,0,0,0,30,7,0
3286,342.92319357099996,191.9443359375,168.72500610351562,270.25,309.54998779296875,191.9443359375,168.72500610351562,270.25,309.54998779296875,nan,nan,nan,nan,0.6102144122123718,nan,0,nan,nan,nan,TRACKING,0.05846249700005046,0.0,0.0,10.848522385689083,0,0,0,11.78466796875,0.0147308349609375,1.0,0,0,0,0,30,7,0
3287,343.005664925,198.15966796875,168.72500610351562,270.25,309.54998779296875,198.15966796875,168.72500610351562,270.25,309.54998779296875,nan,nan,nan,nan,0.58217453956604,nan,0,nan,nan,nan,TRACKING,0.053908151999962683,0.0,0.0,12.12542236179651,0,0,0,6.21533203125,0.0077691650390625,1.0,0,0,0,0,30,7,0
3288,343.077792176,198.375,168.72500610351562,270.25,309.54998779296875,198.375,168.72500610351562,270.25,309.54998779296875,nan,nan,nan,nan,0.5841457843780518,nan,0,nan,nan,nan,TRACKING,0.04957339899999624,0.0,0.0,13.864385320885562,0,0,0,0.21533203125,0.0002691650390625,1.0,0,0,0,0,30,7,0
3289,343.159187966,192.59033203125,168.72500610351562,270.25,309.54998779296875,192.59033203125,168.72500610351562,270.25,309.54998779296875,nan,nan,nan,nan,0.6208289861679077,nan,0,nan,nan,nan,TRACKING,0.057745230000023184,0.0,0.0,12.285647697505613,0,0,0,5.78466796875,0.0072308349609375,1.0,0,0,0,0,30,7,0
3290,343.25761780999994,198.15966796875,174.50967407226562,270.25,309.54998779296875,198.15966796875,174.50967407226562,270.25,309.54998779296875,nan,nan,nan,nan,0.6557445526123047,nan,0,nan,nan,nan,TRACKING,0.07300520199999028,0.0,0.0,10.159520317846765,0,0,0,8.02993687978998,0.010037421099737476,1.0,0,0,0,0,30,7,0
3291,343.33416500500005,192.59033203125,174.72500610351562,270.25,309.54998779296875,192.59033203125,174.72500610351562,270.25,309.54998779296875,nan,nan,nan,nan,0.6375961303710938,nan,0,nan,nan,nan,TRACKING,0.050371380999990834,0.0,0.0,13.063835977251108,0,0,0,5.573497166807503,0.006966871458509378,1.0,0,0,0,0,30,7,0
3292,343.413887368,186.59033203125,168.94033813476562,270.25,309.54998779296875,186.59033203125,168.94033813476562,270.25,309.54998779296875,nan,nan,nan,nan,0.6207141876220703,nan,0,nan,nan,nan,TRACKING,0.05320945899995877,0.0,0.0,12.543531856931192,0,0,0,8.334409607685613,0.010418012009607016,1.0,0,0,0,0,30,7,0
3293,343.48836364199997,192.15966796875,168.72500610351562,270.25,309.54998779296875,192.15966796875,168.72500610351562,270.25,309.54998779296875,nan,nan,nan,nan,0.6469084024429321,nan,0,nan,nan,nan,TRACKING,0.05120646500006387,0.0,0.0,13.427094916170063,0,0,0,5.573497166807503,0.006966871458509378,1.0,0,0,0,0,30,7,0
3294,343.56334754,192.375,168.72500610351562,270.25,309.54998779296875,192.375,168.72500610351562,270.25,309.54998779296875,nan,nan,nan,nan,0.6413549780845642,nan,0,nan,nan,nan,TRACKING,0.04484533399988777,0.0,0.0,13.336196525814525,0,0,0,0.21533203125,0.0002691650390625,1.0,0,0,0,0,30,7,0
3295,343.650780411,192.375,174.50967407226562,270.25,309.54998779296875,192.375,174.50967407226562,270.25,309.54998779296875,nan,nan,nan,nan,0.6331481337547302,nan,0,nan,nan,nan,TRACKING,0.05772104099992248,0.0,0.0,11.437346029728634,0,0,0,5.78466796875,0.0072308349609375,1.0,0,0,0,0,30,7,0
3296,343.760595504,198.15966796875,174.72500610351562,270.25,309.54998779296875,198.15966796875,174.72500610351562,270.25,309.54998779296875,nan,nan,nan,nan,0.6340970396995544,nan,0,nan,nan,nan,TRACKING,0.08078839500001322,0.0,0.0,9.106216392317197,0,0,0,5.788674407182054,0.0072358430089775674,1.0,0,0,0,0,30,7,0
3297,343.85154121899996,204.15966796875,174.72500610351562,270.25,309.54998779296875,204.15966796875,174.72500610351562,270.25,309.54998779296875,nan,nan,nan,nan,0.5901716351509094,nan,0,nan,nan,nan,TRACKING,0.06279879000010169,0.0,0.0,10.995570269586333,0,0,0,6.0,0.0075,1.0,0,0,0,0,30,7,0
3298,343.92762724299996,204.375,174.72500610351562,270.25,309.54998779296875,204.375,174.72500610351562,270.25,309.54998779296875,nan,nan,nan,nan,0.5454253554344177,nan,0,nan,nan,nan,TRACKING,0.04841797200003839,0.0,0.0,13.143018223687518,0,0,0,0.21533203125,0.0002691650390625,1.0,0,0,0,0,30,7,0
3299,344.013050452,221.72900390625,174.72500610351562,270.25,309.54998779296875,221.72900390625,174.72500610351562,270.25,309.54998779296875,nan,nan,nan,nan,0.5056214332580566,nan,0,nan,nan,nan,TRACKING,0.057361026999956266,0.0,0.0,11.706420441303667,0,0,0,17.35400390625,0.0216925048828125,1.0,0,0,0,0,30,7,0
3300,344.239102398,227.15966796875,174.72500610351562,270.25,309.54998779296875,227.15966796875,174.72500610351562,270.25,309.54998779296875,236.0,143.0,289.0,336.0,0.5249915719032288,0.736114,1,0.7858214799037903,0.03245305072833779,1.1607551689565603,DETECTOR_CONFIRMED,0.05887457500000437,0.1393247790000487,0.0,4.423761961332862,0,0,0,5.4306640625,0.006788330078125,1.0,0,0,0,0,30,7,0
3301,344.30505562199994,238.9443359375,174.72500610351562,270.25,309.54998779296875,238.9443359375,174.72500610351562,270.25,309.54998779296875,nan,nan,nan,nan,0.5275798439979553,nan,0,nan,nan,nan,TRACKING,0.042368402999954924,0.0,0.0,15.162261059457812,0,0,0,11.78466796875,0.0147308349609375,1.0,0,0,0,0,30,7,0
3302,344.37010478900004,233.59033203125,180.50967407226562,270.25,309.54998779296875,233.59033203125,180.50967407226562,270.25,309.54998779296875,nan,nan,nan,nan,0.5241377353668213,nan,0,nan,nan,nan,TRACKING,0.04328249700006381,0.0,0.0,15.372987020702388,0,0,0,7.88211528314719,0.009852644103933987,1.0,0,0,0,0,30,7,0
3303,344.55642445,210.236328125,174.94033813476562,270.25,309.54998779296875,210.236328125,174.94033813476562,270.25,309.54998779296875,nan,nan,nan,nan,0.540164589881897,nan,0,nan,nan,nan,TRACKING,0.05735501699996348,0.0,0.0,5.367120112998481,0,0,0,24.008894211059978,0.030011117763824972,1.0,0,0,0,0,30,7,0
3304,344.613728735,198.8056640625,174.72500610351562,270.25,309.54998779296875,198.8056640625,174.72500610351562,270.25,309.54998779296875,nan,nan,nan,nan,0.5637322664260864,nan,0,nan,nan,nan,TRACKING,0.03737737400001606,0.0,0.0,17.450701985030182,0,0,0,11.432692106123179,0.014290865132653974,1.0,0,0,0,0,30,7,0
3305,344.673778752,198.375,174.72500610351562,270.25,309.54998779296875,198.375,174.72500610351562,270.25,309.54998779296875,nan,nan,nan,nan,0.5990071296691895,nan,0,nan,nan,nan,TRACKING,0.03806818200007456,0.0,0.0,16.65278462785989,0,0,0,0.4306640625,0.000538330078125,1.0,0,0,0,0,30,7,0
3306,344.745100191,192.59033203125,174.72500610351562,270.25,309.54998779296875,192.59033203125,174.72500610351562,270.25,309.54998779296875,nan,nan,nan,nan,0.6181504726409912,nan,0,nan,nan,nan,TRACKING,0.04698550399996293,0.0,0.0,14.0210294971695,0,0,0,5.78466796875,0.0072308349609375,1.0,0,0,0,0,30,7,0
3307,344.815196322,192.375,174.72500610351562,270.25,309.54998779296875,192.375,174.72500610351562,270.25,309.54998779296875,nan,nan,nan,nan,0.6075793504714966,nan,0,nan,nan,nan,TRACKING,0.04468651000001955,0.0,0.0,14.266122619518072,0,0,0,0.21533203125,0.0002691650390625,1.0,0,0,0,0,30,7,0
3308,344.900244487,192.375,174.72500610351562,270.25,309.54998779296875,192.375,174.72500610351562,270.25,309.54998779296875,nan,nan,nan,nan,0.6189160346984863,nan,0,nan,nan,nan,TRACKING,0.04531861700002082,0.0,0.0,11.758043221745307,0,0,0,0.0,0.0,1.0,0,0,0,0,30,7,0
3309,345.03145661300005,192.375,174.72500610351562,270.25,309.54998779296875,192.375,174.72500610351562,270.25,309.54998779296875,nan,nan,nan,nan,0.6123371124267578,nan,0,nan,nan,nan,TRACKING,0.10821426300003623,0.0,0.0,7.621246835065534,0,0,0,0.0,0.0,1.0,0,0,0,0,30,7,0
3310,345.094556487,192.375,174.72500610351562,270.25,309.54998779296875,192.375,174.72500610351562,270.25,309.54998779296875,nan,nan,nan,nan,0.6049880981445312,nan,0,nan,nan,nan,TRACKING,0.039741840000033335,0.0,0.0,15.847892184397836,0,0,0,0.0,0.0,1.0,0,0,0,0,30,7,0
3311,345.18259028700004,192.375,168.94033813476562,270.25,309.54998779296875,192.375,168.94033813476562,270.25,309.54998779296875,nan,nan,nan,nan,0.5940234065055847,nan,0,nan,nan,nan,TRACKING,0.06523995499992452,0.0,0.0,11.359273369993067,0,0,0,5.78466796875,0.0072308349609375,1.0,0,0,0,0,30,7,0
3312,345.323104942,186.59033203125,168.72500610351562,270.25,309.54998779296875,186.59033203125,168.72500610351562,270.25,309.54998779296875,nan,nan,nan,nan,0.6239140033721924,nan,0,nan,nan,nan,TRACKING,0.05225683600008324,0.0,0.0,7.116695408036804,0,0,0,5.788674407182054,0.0072358430089775674,1.0,0,0,0,0,30,7,0
3313,345.40623821199995,180.59033203125,168.72500610351562,270.25,309.54998779296875,180.59033203125,168.72500610351562,270.25,309.54998779296875,nan,nan,nan,nan,0.6167193651199341,nan,0,nan,nan,nan,TRACKING,0.05702383799996369,0.0,0.0,12.028878450233659,0,0,0,6.0,0.0075,1.0,0,0,0,0,30,7,0
3314,345.47681470199996,180.375,168.72500610351562,270.25,309.54998779296875,180.375,168.72500610351562,270.25,309.54998779296875,nan,nan,nan,nan,0.5994681119918823,nan,0,nan,nan,nan,TRACKING,0.043991623000010804,0.0,0.0,14.16902427422916,0,0,0,0.21533203125,0.0002691650390625,1.0,0,0,0,0,30,7,0
3315,345.78382290499997,180.375,168.72500610351562,270.25,309.54998779296875,180.375,168.72500610351562,270.25,309.54998779296875,nan,nan,nan,nan,0.5391483306884766,nan,0,nan,nan,nan,SUSPECTED_LOST,0.04276454500006821,0.2394792770001004,0.0,3.2572419571472144,0,0,0,0.0,0.0,1.0,0,0,0,0,30,7,0
3316,345.861015167,180.375,168.72500610351562,270.25,309.54998779296875,180.375,168.72500610351562,270.25,309.54998779296875,nan,nan,nan,nan,0.5950410962104797,nan,0,nan,nan,nan,TRACKING,0.05340604399998483,0.0,0.0,12.954666362795368,0,0,0,0.0,0.0,1.0,0,0,0,0,30,7,0
3317,345.934610679,157.236328125,174.50967407226562,270.25,309.54998779296875,157.236328125,174.50967407226562,270.25,309.54998779296875,nan,nan,nan,nan,0.5499466061592102,nan,0,nan,nan,nan,TRACKING,0.05105970499994328,0.0,0.0,13.587785081242982,0,0,0,23.85079704428341,0.029813496305354265,1.0,0,0,0,0,30,7,0
3318,346.01250427,140.02099609375,186.29434204101562,270.25,309.54998779296875,140.02099609375,186.29434204101562,270.25,309.54998779296875,nan,nan,nan,nan,0.5984910726547241,nan,0,nan,nan,nan,TRACKING,0.05423498200002541,0.0,0.0,12.838026686941971,0,0,0,20.862551523719826,0.026078189404649784,1.0,0,0,0,0,30,7,0
3319,346.08904801799997,140.375,192.50967407226562,270.25,309.54998779296875,140.375,192.50967407226562,270.25,309.54998779296875,nan,nan,nan,nan,0.5994296073913574,nan,0,nan,nan,nan,TRACKING,0.051580349999994723,0.0,0.0,13.06442428192391,0,0,0,6.225405289964864,0.00778175661245608,1.0,0,0,0,0,30,7,0
3320,346.15265997200004,140.375,192.72500610351562,270.25,309.54998779296875,140.375,192.72500610351562,270.25,309.54998779296875,nan,nan,nan,nan,0.5958396792411804,nan,0,nan,nan,nan,TRACKING,0.038366513000028135,0.0,0.0,15.720315712970502,0,0,0,0.21533203125,0.0002691650390625,1.0,0,0,0,0,30,7,0
3321,346.232512961,146.15966796875,186.94033813476562,270.25,309.54998779296875,146.15966796875,186.94033813476562,270.25,309.54998779296875,nan,nan,nan,nan,0.6070250272750854,nan,0,nan,nan,nan,TRACKING,0.0531602539999767,0.0,0.0,12.523012757863095,0,0,0,8.180755895231473,0.010225944869039341,1.0,0,0,0,0,30,7,0
3322,346.322437829,152.15966796875,163.58633422851562,270.25,309.54998779296875,152.15966796875,163.58633422851562,270.25,309.54998779296875,nan,nan,nan,nan,0.5841214656829834,nan,0,nan,nan,nan,TRACKING,0.06643642100004854,0.0,0.0,11.12039441636674,0,0,0,24.112434519416333,0.030140543149270414,1.0,0,0,0,0,30,7,0
3323,346.42016406899995,152.375,123.23233032226562,270.25,309.54998779296875,152.375,123.23233032226562,270.25,309.54998779296875,nan,nan,nan,nan,0.5138581991195679,nan,0,nan,nan,nan,TRACKING,0.06985388599991893,0.0,0.0,10.23266627264823,0,0,0,40.354578416201086,0.05044322302025136,1.0,0,0,0,0,30,7,0
3324,346.49129618099994,146.59033203125,89.01701354980469,270.25,309.54998779296875,146.59033203125,89.01701354980469,270.25,309.54998779296875,nan,nan,nan,nan,0.514387845993042,nan,0,nan,nan,nan,TRACKING,0.04774060299996563,0.0,0.0,14.058348218315077,0,0,0,34.70086865409177,0.043376085817614714,1.0,0,0,0,0,30,7,0
3325,346.80672824199996,146.375,71.37100219726562,270.25,309.54998779296875,77.0,43.0,485.0,437.0,77.0,43.0,485.0,437.0,0.4956069886684418,0.729159,1,0.39470562740828896,0.0648785595387059,2.533533678164629,REINITIALIZING,0.05325893700000961,0.2356550920000018,0.0,3.1702547826928846,1,0,0,17.647325138321097,0.02205915642290137,1.0,0,0,0,0,30,8,0
3326,346.83289110399994,77.0,43.0,485.0,437.0,77.0,43.0,485.0,437.0,nan,nan,nan,nan,,nan,0,nan,nan,nan,INITIALIZING,0.0,0.0,0.0,38.22211805424151,0,0,0,0.0,0.0,1.0,0,0,0,0,30,8,0
3327,346.875002485,77.0,43.0,485.0,437.0,77.0,43.0,485.0,437.0,nan,nan,nan,nan,,nan,0,nan,nan,nan,INITIALIZING,0.0,0.0,0.0,23.746549655995253,0,0,0,0.0,0.0,1.0,0,0,0,0,30,8,0
3328,346.91384858699996,77.0,43.0,485.0,437.0,77.0,43.0,485.0,437.0,nan,nan,nan,nan,,nan,0,nan,nan,nan,INITIALIZING,0.0,0.0,0.0,25.742608614901116,0,0,0,0.0,0.0,1.0,0,0,0,0,30,8,0
3329,346.952360196,77.0,43.0,485.0,437.0,77.0,43.0,485.0,437.0,nan,nan,nan,nan,,nan,0,nan,nan,nan,INITIALIZING,0.0,0.0,0.0,25.966196322768884,0,0,0,0.0,0.0,1.0,0,0,0,0,30,8,0
3330,346.98493278,77.0,43.0,485.0,437.0,77.0,43.0,485.0,437.0,nan,nan,nan,nan,,nan,0,nan,nan,nan,INITIALIZING,0.0,0.0,0.0,30.700665320224424,0,0,0,0.0,0.0,1.0,0,0,0,0,30,8,0
3331,347.010656303,77.0,43.0,485.0,437.0,77.0,43.0,485.0,437.0,nan,nan,nan,nan,,nan,0,nan,nan,nan,INITIALIZING,0.0,0.0,0.0,38.874923936335975,0,0,0,0.0,0.0,1.0,0,0,0,0,30,8,0
3332,347.04160861699995,77.0,43.0,485.0,437.0,77.0,43.0,485.0,437.0,nan,nan,nan,nan,,nan,0,nan,nan,nan,INITIALIZING,0.0,0.0,0.0,32.30776219193727,0,0,0,0.0,0.0,1.0,0,0,0,0,30,8,0
3333,347.08211332199994,77.0,43.0,485.0,437.0,77.0,43.0,485.0,437.0,nan,nan,nan,nan,,nan,0,nan,nan,nan,INITIALIZING,0.0,0.0,0.0,24.68848989272388,0,0,0,0.0,0.0,1.0,0,0,0,0,30,8,0
3334,347.13456165599996,77.0,43.0,485.0,437.0,77.0,43.0,485.0,437.0,nan,nan,nan,nan,,nan,0,nan,nan,nan,INITIALIZING,0.0,0.0,0.0,19.066382547053667,0,0,0,0.0,0.0,1.0,0,0,0,0,30,8,0
3335,347.16856096000004,77.0,43.0,485.0,437.0,77.0,43.0,485.0,437.0,nan,nan,nan,nan,,nan,0,nan,nan,nan,INITIALIZING,0.0,0.0,0.0,29.41236679426599,0,0,0,0.0,0.0,1.0,0,0,0,0,30,8,0
3336,347.199196023,77.0,43.0,485.0,437.0,77.0,43.0,485.0,437.0,nan,nan,nan,nan,,nan,0,nan,nan,nan,INITIALIZING,0.0,0.0,0.0,32.64233535281946,0,0,0,0.0,0.0,1.0,0,0,0,0,30,8,0
3337,347.242180822,77.0,43.0,485.0,437.0,77.0,43.0,485.0,437.0,nan,nan,nan,nan,,nan,0,nan,nan,nan,INITIALIZING,0.0,0.0,0.0,23.26403806144984,0,0,0,0.0,0.0,1.0,0,0,0,0,30,8,0
3338,347.284534397,77.0,43.0,485.0,437.0,77.0,43.0,485.0,437.0,nan,nan,nan,nan,,nan,0,nan,nan,nan,INITIALIZING,0.0,0.0,0.0,23.61075776956655,0,0,0,0.0,0.0,1.0,0,0,0,0,30,8,0
3339,347.32273363800005,77.0,43.0,485.0,437.0,77.0,43.0,485.0,437.0,nan,nan,nan,nan,,nan,0,nan,nan,nan,INITIALIZING,0.0,0.0,0.0,26.17853061528713,0,0,0,0.0,0.0,1.0,0,0,0,0,30,8,0
3340,347.369343038,77.0,43.0,485.0,437.0,77.0,43.0,485.0,437.0,nan,nan,nan,nan,,nan,0,nan,nan,nan,INITIALIZING,0.0,0.0,0.0,21.45489965545009,0,0,0,0.0,0.0,1.0,0,0,0,0,30,8,0
3341,347.43062913200004,77.0,43.0,485.0,437.0,77.0,43.0,485.0,437.0,nan,nan,nan,nan,,nan,0,nan,nan,nan,INITIALIZING,0.0,0.0,0.0,16.31691522059798,0,0,0,0.0,0.0,1.0,0,0,0,0,30,8,0
3342,347.46430841200004,77.0,43.0,485.0,437.0,77.0,43.0,485.0,437.0,nan,nan,nan,nan,,nan,0,nan,nan,nan,INITIALIZING,0.0,0.0,0.0,29.691846143978267,0,0,0,0.0,0.0,1.0,0,0,0,0,30,8,0
3343,347.49143604200003,77.0,43.0,485.0,437.0,77.0,43.0,485.0,437.0,nan,nan,nan,nan,,nan,0,nan,nan,nan,INITIALIZING,0.0,0.0,0.0,36.862785285709414,0,0,0,0.0,0.0,1.0,0,0,0,0,30,8,0
3344,347.521364401,77.0,43.0,485.0,437.0,77.0,43.0,485.0,437.0,nan,nan,nan,nan,,nan,0,nan,nan,nan,INITIALIZING,0.0,0.0,0.0,33.41312498958385,0,0,0,0.0,0.0,1.0,0,0,0,0,30,8,0
3345,347.548172591,77.0,43.0,485.0,437.0,77.0,43.0,485.0,437.0,nan,nan,nan,nan,,nan,0,nan,nan,nan,INITIALIZING,0.0,0.0,0.0,37.30203344575339,0,0,0,0.0,0.0,1.0,0,0,0,0,30,8,0
3346,347.59649017899994,77.0,43.0,485.0,437.0,77.0,43.0,485.0,437.0,nan,nan,nan,nan,,nan,0,nan,nan,nan,INITIALIZING,0.0,0.0,0.0,20.69639734503503,0,0,0,0.0,0.0,1.0,0,0,0,0,30,8,0
3347,347.68936214199994,95.41497802734375,-3.0374755859375,485.0,437.0,95.41497802734375,-3.0374755859375,485.0,437.0,nan,nan,nan,nan,0.5318123698234558,nan,0,nan,nan,nan,TRACKING,0.06359076399996866,0.0,0.7985039320000169,10.76751225770982,0,0,0,49.58387413336462,0.061979842666705774,1.0,0,0,0,0,30,8,0
3348,347.763244385,95.0,-3.0,485.0,437.0,95.0,-3.0,485.0,437.0,nan,nan,nan,nan,0.524740993976593,nan,0,nan,nan,nan,TRACKING,0.047211245000085,0.0,0.0,13.535051988054011,0,0,0,0.41666675259668734,0.0005208334407458591,1.0,0,0,0,0,30,8,0
3349,348.11350222499993,104.20748901367188,-3.0,485.0,437.0,72.22262115478514,-1.0499999999999998,536.35,464.95,55.0,0.0,564.0,480.0,0.46472230553627014,0.833944,1,0.7733627261871957,0.032941362272381064,1.2773125103210738,SOFT_REINITIALIZING,0.06581438900002468,0.2517679580000731,0.0,2.855039590263589,1,0,0,9.207489013671875,0.011509361267089844,1.0,0,0,0,0,31,8,0
3350,348.141609787,72.22262115478514,-1.0499999999999998,536.35,464.95,72.22262115478514,-1.0499999999999998,536.35,464.95,nan,nan,nan,nan,,nan,0,nan,nan,nan,INITIALIZING,0.0,0.0,0.0,35.577614308842996,0,0,0,0.0,0.0,1.0,0,0,0,0,31,8,0
3351,348.16575819,72.22262115478514,-1.0499999999999998,536.35,464.95,72.22262115478514,-1.0499999999999998,536.35,464.95,nan,nan,nan,nan,,nan,0,nan,nan,nan,INITIALIZING,0.0,0.0,0.0,41.41060591041577,0,0,0,0.0,0.0,1.0,0,0,0,0,31,8,0
3352,348.192812379,72.22262115478514,-1.0499999999999998,536.35,464.95,72.22262115478514,-1.0499999999999998,536.35,464.95,nan,nan,nan,nan,,nan,0,nan,nan,nan,INITIALIZING,0.0,0.0,0.0,36.9628525919467,0,0,0,0.0,0.0,1.0,0,0,0,0,31,8,0
3353,348.22714861099996,72.22262115478514,-1.0499999999999998,536.35,464.95,72.22262115478514,-1.0499999999999998,536.35,464.95,nan,nan,nan,nan,,nan,0,nan,nan,nan,INITIALIZING,0.0,0.0,0.0,29.123754755629008,0,0,0,0.0,0.0,1.0,0,0,0,0,31,8,0
3354,348.26494429499996,72.22262115478514,-1.0499999999999998,536.35,464.95,72.22262115478514,-1.0499999999999998,536.35,464.95,nan,nan,nan,nan,,nan,0,nan,nan,nan,INITIALIZING,0.0,0.0,0.0,26.45804743208075,0,0,0,0.0,0.0,1.0,0,0,0,0,31,8,0
3355,348.290747131,72.22262115478514,-1.0499999999999998,536.35,464.95,72.22262115478514,-1.0499999999999998,536.35,464.95,nan,nan,nan,nan,,nan,0,nan,nan,nan,INITIALIZING,0.0,0.0,0.0,38.75542982945825,0,0,0,0.0,0.0,1.0,0,0,0,0,31,8,0
3356,348.32606776299997,72.22262115478514,-1.0499999999999998,536.35,464.95,72.22262115478514,-1.0499999999999998,536.35,464.95,nan,nan,nan,nan,,nan,0,nan,nan,nan,INITIALIZING,0.0,0.0,0.0,28.312064178256165,0,0,0,0.0,0.0,1.0,0,0,0,0,31,8,0
3357,348.35679994400004,72.22262115478514,-1.0499999999999998,536.35,464.95,72.22262115478514,-1.0499999999999998,536.35,464.95,nan,nan,nan,nan,,nan,0,nan,nan,nan,INITIALIZING,0.0,0.0,0.0,32.53918099719423,0,0,0,0.0,0.0,1.0,0,0,0,0,31,8,0
3358,348.383787871,72.22262115478514,-1.0499999999999998,536.35,464.95,72.22262115478514,-1.0499999999999998,536.35,464.95,nan,nan,nan,nan,,nan,0,nan,nan,nan,INITIALIZING,0.0,0.0,0.0,37.053605488200496,0,0,0,0.0,0.0,1.0,0,0,0,0,31,8,0
3359,348.430293293,72.22262115478514,-1.0499999999999998,536.35,464.95,72.22262115478514,-1.0499999999999998,536.35,464.95,nan,nan,nan,nan,,nan,0,nan,nan,nan,INITIALIZING,0.0,0.0,0.0,21.50286906331253,0,0,0,0.0,0.0,1.0,0,0,0,0,31,8,0
3360,348.505898387,72.22262115478514,-1.0499999999999998,536.35,464.95,72.22262115478514,-1.0499999999999998,536.35,464.95,nan,nan,nan,nan,,nan,0,nan,nan,nan,INITIALIZING,0.0,0.0,0.0,13.226622005121362,0,0,0,0.0,0.0,1.0,0,0,0,0,31,8,0
3361,348.53081123799996,72.22262115478514,-1.0499999999999998,536.35,464.95,72.22262115478514,-1.0499999999999998,536.35,464.95,nan,nan,nan,nan,,nan,0,nan,nan,nan,INITIALIZING,0.0,0.0,0.0,40.13992617713083,0,0,0,0.0,0.0,1.0,0,0,0,0,31,8,0
3362,348.55727008299993,72.22262115478514,-1.0499999999999998,536.35,464.95,72.22262115478514,-1.0499999999999998,536.35,464.95,nan,nan,nan,nan,,nan,0,nan,nan,nan,INITIALIZING,0.0,0.0,0.0,37.79454469765352,0,0,0,0.0,0.0,1.0,0,0,0,0,31,8,0
3363,348.593618149,72.22262115478514,-1.0499999999999998,536.35,464.95,72.22262115478514,-1.0499999999999998,536.35,464.95,nan,nan,nan,nan,,nan,0,nan,nan,nan,INITIALIZING,0.0,0.0,0.0,27.51178013152021,0,0,0,0.0,0.0,1.0,0,0,0,0,31,8,0
3364,348.62995043399997,72.22262115478514,-1.0499999999999998,536.35,464.95,72.22262115478514,-1.0499999999999998,536.35,464.95,nan,nan,nan,nan,,nan,0,nan,nan,nan,INITIALIZING,0.0,0.0,0.0,27.52372992783595,0,0,0,0.0,0.0,1.0,0,0,0,0,31,8,0
3365,348.66696795199994,72.22262115478514,-1.0499999999999998,536.35,464.95,72.22262115478514,-1.0499999999999998,536.35,464.95,nan,nan,nan,nan,,nan,0,nan,nan,nan,INITIALIZING,0.0,0.0,0.0,27.014236881057112,0,0,0,0.0,0.0,1.0,0,0,0,0,31,8,0
3366,348.70907393999994,72.22262115478514,-1.0499999999999998,536.35,464.95,72.22262115478514,-1.0499999999999998,536.35,464.95,nan,nan,nan,nan,,nan,0,nan,nan,nan,INITIALIZING,0.0,0.0,0.0,23.749591150786657,0,0,0,0.0,0.0,1.0,0,0,0,0,31,8,0
3367,348.748885311,72.22262115478514,-1.0499999999999998,536.35,464.95,72.22262115478514,-1.0499999999999998,536.35,464.95,nan,nan,nan,nan,,nan,0,nan,nan,nan,INITIALIZING,0.0,0.0,0.0,25.118451710667152,0,0,0,0.0,0.0,1.0,0,0,0,0,31,8,0
3368,348.78998995999996,72.22262115478514,-1.0499999999999998,536.35,464.95,72.22262115478514,-1.0499999999999998,536.35,464.95,nan,nan,nan,nan,,nan,0,nan,nan,nan,INITIALIZING,0.0,0.0,0.0,24.32814838050504,0,0,0,0.0,0.0,1.0,0,0,0,0,31,8,0
3369,348.818189287,72.22262115478514,-1.0499999999999998,536.35,464.95,72.22262115478514,-1.0499999999999998,536.35,464.95,nan,nan,nan,nan,,nan,0,nan,nan,nan,INITIALIZING,0.0,0.0,0.0,35.46183921334846,0,0,0,0.0,0.0,1.0,0,0,0,0,31,8,0
3370,348.86708662,72.22262115478514,-1.0499999999999998,536.35,464.95,72.22262115478514,-1.0499999999999998,536.35,464.95,nan,nan,nan,nan,,nan,0,nan,nan,nan,INITIALIZING,0.0,0.0,0.0,20.451013146253256,0,0,0,0.0,0.0,1.0,0,0,0,0,31,8,0
3371,348.96236135000004,82.31253051757812,-0.975006103515625,536.3499755859375,464.95001220703125,82.31253051757812,-0.975006103515625,536.3499755859375,464.95001220703125,nan,nan,nan,nan,0.6462606191635132,nan,0,nan,nan,nan,TRACKING,0.059253445999956966,0.0,0.7718951780000225,10.49596257055468,0,0,0,10.090175896080723,0.012612719870100904,1.0000000192643992,0,0,0,0,31,8,0
3372,349.046123361,92.31253051757812,-0.975006103515625,536.3499755859375,464.95001220703125,92.31253051757812,-0.975006103515625,536.3499755859375,464.95001220703125,nan,nan,nan,nan,0.6207566857337952,nan,0,nan,nan,nan,TRACKING,0.050768340999979955,0.0,0.0,11.938586335997648,0,0,0,10.0,0.0125,1.0,0,0,0,0,31,8,0
3373,349.11874620899994,92.32501220703125,-0.975006103515625,536.3499755859375,464.95001220703125,92.32501220703125,-0.975006103515625,536.3499755859375,464.95001220703125,nan,nan,nan,nan,0.627717137336731,nan,0,nan,nan,nan,TRACKING,0.05247303900000588,0.0,0.0,13.769771188277446,0,0,0,0.012481689453125,1.560211181640625e-05,1.0,0,0,0,0,31,8,0
3374,349.173639859,92.32501220703125,-0.975006103515625,536.3499755859375,464.95001220703125,92.32501220703125,-0.975006103515625,536.3499755859375,464.95001220703125,nan,nan,nan,nan,0.6050254106521606,nan,0,nan,nan,nan,TRACKING,0.03758785100001205,0.0,0.0,18.21704331920036,0,0,0,0.0,0.0,1.0,0,0,0,0,31,8,0
3375,349.45381726999994,92.32501220703125,-0.975006103515625,536.3499755859375,464.95001220703125,179.0,4.0,334.0,476.0,179.0,4.0,334.0,476.0,0.6059629917144775,0.987207,1,0.6031197425653452,0.022378142237460198,1.5685599034866562,SOFT_REINITIALIZING,0.03597242799992273,0.22425414099996033,0.0,3.5691671089078754,0,0,0,0.0,0.0,1.0,0,0,0,0,32,8,0
3376,349.478401298,179.0,4.0,334.0,476.0,179.0,4.0,334.0,476.0,nan,nan,nan,nan,,nan,0,nan,nan,nan,INITIALIZING,0.0,0.0,0.0,40.67681667129542,0,0,0,0.0,0.0,1.0,0,0,0,0,32,8,0
3377,349.515487765,179.0,4.0,334.0,476.0,179.0,4.0,334.0,476.0,nan,nan,nan,nan,,nan,0,nan,nan,nan,INITIALIZING,0.0,0.0,0.0,26.96401358479752,0,0,0,0.0,0.0,1.0,0,0,0,0,32,8,0
3378,349.554194187,179.0,4.0,334.0,476.0,179.0,4.0,334.0,476.0,nan,nan,nan,nan,,nan,0,nan,nan,nan,INITIALIZING,0.0,0.0,0.0,25.83550605632122,0,0,0,0.0,0.0,1.0,0,0,0,0,32,8,0
3379,349.58035374199994,179.0,4.0,334.0,476.0,179.0,4.0,334.0,476.0,nan,nan,nan,nan,,nan,0,nan,nan,nan,INITIALIZING,0.0,0.0,0.0,38.22694996159,0,0,0,0.0,0.0,1.0,0,0,0,0,32,8,0
3380,349.611550773,179.0,4.0,334.0,476.0,179.0,4.0,334.0,476.0,nan,nan,nan,nan,,nan,0,nan,nan,nan,INITIALIZING,0.0,0.0,0.0,32.05433234973325,0,0,0,0.0,0.0,1.0,0,0,0,0,32,8,0
3381,349.643461633,179.0,4.0,334.0,476.0,179.0,4.0,334.0,476.0,nan,nan,nan,nan,,nan,0,nan,nan,nan,INITIALIZING,0.0,0.0,0.0,31.337293949419596,0,0,0,0.0,0.0,1.0,0,0,0,0,32,8,0
3382,349.67620101299997,179.0,4.0,334.0,476.0,179.0,4.0,334.0,476.0,nan,nan,nan,nan,,nan,0,nan,nan,nan,INITIALIZING,0.0,0.0,0.0,30.544255877828018,0,0,0,0.0,0.0,1.0,0,0,0,0,32,8,0
3383,349.711996547,179.0,4.0,334.0,476.0,179.0,4.0,334.0,476.0,nan,nan,nan,nan,,nan,0,nan,nan,nan,INITIALIZING,0.0,0.0,0.0,27.93644592643202,0,0,0,0.0,0.0,1.0,0,0,0,0,32,8,0
3384,349.74427283700004,179.0,4.0,334.0,476.0,179.0,4.0,334.0,476.0,nan,nan,nan,nan,,nan,0,nan,nan,nan,INITIALIZING,0.0,0.0,0.0,30.98249520001094,0,0,0,0.0,0.0,1.0,0,0,0,0,32,8,0
3385,349.775584352,179.0,4.0,334.0,476.0,179.0,4.0,334.0,476.0,nan,nan,nan,nan,,nan,0,nan,nan,nan,INITIALIZING,0.0,0.0,0.0,31.937132393656075,0,0,0,0.0,0.0,1.0,0,0,0,0,32,8,0
3386,349.81323016199997,179.0,4.0,334.0,476.0,179.0,4.0,334.0,476.0,nan,nan,nan,nan,,nan,0,nan,nan,nan,INITIALIZING,0.0,0.0,0.0,26.563381157188854,0,0,0,0.0,0.0,1.0,0,0,0,0,32,8,0
3387,349.84645711199994,179.0,4.0,334.0,476.0,179.0,4.0,334.0,476.0,nan,nan,nan,nan,,nan,0,nan,nan,nan,INITIALIZING,0.0,0.0,0.0,30.096051548543258,0,0,0,0.0,0.0,1.0,0,0,0,0,32,8,0
3388,349.92109704200004,179.5,4.5,334.0,476.0,179.5,4.5,334.0,476.0,nan,nan,nan,nan,0.8797329664230347,nan,0,nan,nan,nan,TRACKING,0.04446580100000119,0.0,0.41787326899998334,13.397654579775455,0,0,0,0.7071067811865476,0.0008838834764831844,1.0,0,0,0,0,32,8,0
3389,349.973681057,179.5,4.5,334.0,476.0,179.5,4.5,334.0,476.0,nan,nan,nan,nan,0.8451189994812012,nan,0,nan,nan,nan,TRACKING,0.03547416799995062,0.0,0.0,19.017186116358573,0,0,0,0.0,0.0,1.0,0,0,0,0,32,8,0
3390,350.29355301199996,179.5,4.5,334.0,476.0,179.5,4.5,334.0,476.0,173.0,4.0,339.0,476.0,0.8426716923713684,0.988089,1,0.9744798351867632,0.005038911092686593,1.0149700598802396,DETECTOR_CONFIRMED,0.05367941999998038,0.2437465540000403,0.0,3.126250940005631,0,0,0,0.0,0.0,1.0,0,0,0,0,32,8,0
3391,350.37601794299997,171.52545166015625,4.5,334.0,476.0,171.52545166015625,4.5,334.0,476.0,nan,nan,nan,nan,0.8349372148513794,nan,0,nan,nan,nan,TRACKING,0.05443542000000434,0.0,0.0,12.126366782504803,0,0,0,7.97454833984375,0.009968185424804687,1.0,0,0,0,0,32,8,0
3392,350.427233923,171.5,4.5,334.0,476.0,171.5,4.5,334.0,476.0,nan,nan,nan,nan,0.8320633172988892,nan,0,nan,nan,nan,TRACKING,0.034109315000023344,0.0,0.0,19.5251560157394,0,0,0,0.02545166015625,3.18145751953125e-05,1.0,0,0,0,0,32,8,0
3393,350.484807478,171.5,12.474563598632812,334.0,476.0,171.5,12.474563598632812,334.0,476.0,nan,nan,nan,nan,0.8372281789779663,nan,0,nan,nan,nan,TRACKING,0.04009500200004368,0.0,0.0,17.369085511575786,0,0,0,7.9745635986328125,0.009968204498291016,1.0,0,0,0,0,32,8,0
3394,350.53764643299996,171.5,12.5,334.0,476.0,171.5,12.5,334.0,476.0,nan,nan,nan,nan,0.8306777477264404,nan,0,nan,nan,nan,TRACKING,0.03591922400005387,0.0,0.0,18.925431057456848,0,0,0,0.0254364013671875,3.179550170898438e-05,1.0,0,0,0,0,32,8,0
3395,350.59226800600004,171.5,12.5,334.0,476.0,171.5,12.5,334.0,476.0,nan,nan,nan,nan,0.8213490843772888,nan,0,nan,nan,nan,TRACKING,0.035050704000013866,0.0,0.0,18.307784728180472,0,0,0,0.0,0.0,1.0,0,0,0,0,32,8,0
3396,350.64407666299996,171.5,12.5,334.0,476.0,171.5,12.5,334.0,476.0,nan,nan,nan,nan,0.8113505244255066,nan,0,nan,nan,nan,TRACKING,0.03477761999999984,0.0,0.0,19.301793520752046,0,0,0,0.0,0.0,1.0,0,0,0,0,32,8,0
3397,350.694775749,171.5,12.5,334.0,476.0,171.5,12.5,334.0,476.0,nan,nan,nan,nan,0.7914680242538452,nan,0,nan,nan,nan,TRACKING,0.03436666800007515,0.0,0.0,19.724221458347948,0,0,0,0.0,0.0,1.0,0,0,0,0,32,8,0
3398,350.745814795,171.5,12.5,334.0,476.0,171.5,12.5,334.0,476.0,nan,nan,nan,nan,0.7935928702354431,nan,0,nan,nan,nan,TRACKING,0.034901635999972314,0.0,0.0,19.592842703201196,0,0,0,0.0,0.0,1.0,0,0,0,0,32,8,0
3399,350.794677408,171.5,12.5,334.0,476.0,171.5,12.5,334.0,476.0,nan,nan,nan,nan,0.7800104022026062,nan,0,nan,nan,nan,TRACKING,0.032501131000003625,0.0,0.0,20.465544894218997,0,0,0,0.0,0.0,1.0,0,0,0,0,32,8,0
3400,350.843849407,171.5,12.5,334.0,476.0,171.5,12.5,334.0,476.0,nan,nan,nan,nan,0.7783545851707458,nan,0,nan,nan,nan,TRACKING,0.03279338199990889,0.0,0.0,20.33677744115736,0,0,0,0.0,0.0,1.0,0,0,0,0,32,8,0
3401,350.89322136199996,171.5,12.5,334.0,476.0,171.5,12.5,334.0,476.0,nan,nan,nan,nan,0.762479841709137,nan,0,nan,nan,nan,TRACKING,0.03315751000002365,0.0,0.0,20.25441366461214,0,0,0,0.0,0.0,1.0,0,0,0,0,32,8,0
3402,350.944736883,171.5,12.5,334.0,476.0,171.5,12.5,334.0,476.0,nan,nan,nan,nan,0.7476392388343811,nan,0,nan,nan,nan,TRACKING,0.03534613099998296,0.0,0.0,19.411625478832253,0,0,0,0.0,0.0,1.0,0,0,0,0,32,8,0
3403,350.99562024700003,171.5,12.5,334.0,476.0,171.5,12.5,334.0,476.0,nan,nan,nan,nan,0.7449966073036194,nan,0,nan,nan,nan,TRACKING,0.03468110699998306,0.0,0.0,19.65278867961067,0,0,0,0.0,0.0,1.0,0,0,0,0,32,8,0
3404,351.05546430100003,171.5,12.5,334.0,476.0,171.5,12.5,334.0,476.0,nan,nan,nan,nan,0.721453070640564,nan,0,nan,nan,nan,TRACKING,0.03425437199996395,0.0,0.0,16.71009788207319,0,0,0,0.0,0.0,1.0,0,0,0,0,32,8,0
3405,351.24860013700004,179.47454833984375,12.5,334.0,476.0,179.47454833984375,12.5,334.0,476.0,171.0,32.0,351.0,448.0,0.7129164934158325,0.989777,1,0.8981512605042017,0.00687507361176554,1.0110398860398861,DETECTOR_CONFIRMED,0.03929450399994039,0.13696269599995503,0.0,5.1777030131267106,0,0,0,7.97454833984375,0.009968185424804687,1.0,0,0,0,0,32,8,0
3406,351.30025315599994,179.5,12.5,334.0,476.0,179.5,12.5,334.0,476.0,nan,nan,nan,nan,0.7253457903862,nan,0,nan,nan,nan,TRACKING,0.03629813699990336,0.0,0.0,19.359952609970982,0,0,0,0.02545166015625,3.18145751953125e-05,1.0,0,0,0,0,32,8,0
3407,351.35005573499996,179.5,12.5,334.0,476.0,179.5,12.5,334.0,476.0,nan,nan,nan,nan,0.7050551176071167,nan,0,nan,nan,nan,TRACKING,0.033548555000038505,0.0,0.0,20.07928143640285,0,0,0,0.0,0.0,1.0,0,0,0,0,32,8,0
3408,351.400618863,179.5,12.5,334.0,476.0,179.5,12.5,334.0,476.0,nan,nan,nan,nan,0.7117838263511658,nan,0,nan,nan,nan,TRACKING,0.03607208400001127,0.0,0.0,19.77725745131062,0,0,0,0.0,0.0,1.0,0,0,0,0,32,8,0
3409,351.44934478799996,179.5,12.5,334.0,476.0,179.5,12.5,334.0,476.0,nan,nan,nan,nan,0.7069346308708191,nan,0,nan,nan,nan,TRACKING,0.03242143099998884,0.0,0.0,20.52295569556256,0,0,0,0.0,0.0,1.0,0,0,0,0,32,8,0
3410,351.498202333,179.5,12.5,334.0,476.0,179.5,12.5,334.0,476.0,nan,nan,nan,nan,0.7070086598396301,nan,0,nan,nan,nan,TRACKING,0.03241700300009143,0.0,0.0,20.46766778804242,0,0,0,0.0,0.0,1.0,0,0,0,0,32,8,0
3411,351.54851378499995,179.5,12.5,334.0,476.0,179.5,12.5,334.0,476.0,nan,nan,nan,nan,0.7019921541213989,nan,0,nan,nan,nan,TRACKING,0.034179722999965634,0.0,0.0,19.876190414874074,0,0,0,0.0,0.0,1.0,0,0,0,0,32,8,0
3412,351.63809436299994,179.5,12.5,334.0,476.0,179.5,12.5,334.0,476.0,nan,nan,nan,nan,0.7163389921188354,nan,0,nan,nan,nan,TRACKING,0.07350150699994629,0.0,0.0,11.163134044526956,0,0,0,0.0,0.0,1.0,0,0,0,0,32,8,0
3413,351.69611286299994,179.5,12.5,334.0,476.0,179.5,12.5,334.0,476.0,nan,nan,nan,nan,0.7230658531188965,nan,0,nan,nan,nan,TRACKING,0.04088855899999544,0.0,0.0,17.235881658435684,0,0,0,0.0,0.0,1.0,0,0,0,0,32,8,0
3414,351.75968719,179.5,12.5,334.0,476.0,179.5,12.5,334.0,476.0,nan,nan,nan,nan,0.7337200045585632,nan,0,nan,nan,nan,TRACKING,0.039553615000045284,0.0,0.0,15.729619914005443,0,0,0,0.0,0.0,1.0,0,0,0,0,32,8,0
3415,351.816606849,179.5,12.5,334.0,476.0,179.5,12.5,334.0,476.0,nan,nan,nan,nan,0.7432841062545776,nan,0,nan,nan,nan,TRACKING,0.03976138300004095,0.0,0.0,17.56862246839386,0,0,0,0.0,0.0,1.0,0,0,0,0,32,8,0
3416,351.86915447499996,179.5,12.5,334.0,476.0,179.5,12.5,334.0,476.0,nan,nan,nan,nan,0.7323518395423889,nan,0,nan,nan,nan,TRACKING,0.03579170900002282,0.0,0.0,19.03035543414318,0,0,0,0.0,0.0,1.0,0,0,0,0,32,8,0
3417,351.919082475,179.5,12.5,334.0,476.0,179.5,12.5,334.0,476.0,nan,nan,nan,nan,0.7329527735710144,nan,0,nan,nan,nan,TRACKING,0.03273779700009527,0.0,0.0,20.028841531796726,0,0,0,0.0,0.0,1.0,0,0,0,0,32,8,0
3418,351.97161708,179.5,12.5,334.0,476.0,179.5,12.5,334.0,476.0,nan,nan,nan,nan,0.7304627299308777,nan,0,nan,nan,nan,TRACKING,0.03571514399993703,0.0,0.0,19.035072215730935,0,0,0,0.0,0.0,1.0,0,0,0,0,32,8,0
3419,352.04957067500004,179.5,12.5,334.0,476.0,179.5,12.5,334.0,476.0,nan,nan,nan,nan,0.7298658490180969,nan,0,nan,nan,nan,TRACKING,0.0429296230000773,0.0,0.0,12.828144744309897,0,0,0,0.0,0.0,1.0,0,0,0,0,32,8,0
3420,352.366081396,179.5,12.5,334.0,476.0,179.5,12.5,334.0,476.0,172.0,28.0,349.0,452.0,0.7347980737686157,0.990046,1,0.9107405709321686,0.004375,1.007835281588356,DETECTOR_CONFIRMED,0.044521294999981365,0.24598770600005082,0.0,3.1594506399043722,0,0,0,0.0,0.0,1.0,0,0,0,0,32,8,0
3421,352.44532043000004,179.5,12.5,334.0,476.0,179.5,12.5,334.0,476.0,nan,nan,nan,nan,0.7396194934844971,nan,0,nan,nan,nan,TRACKING,0.050004342000079305,0.0,0.0,12.620042793553743,0,0,0,0.0,0.0,1.0,0,0,0,0,32,8,0
3422,352.513488963,179.5,12.5,334.0,476.0,179.5,12.5,334.0,476.0,nan,nan,nan,nan,0.7466242909431458,nan,0,nan,nan,nan,TRACKING,0.042522719999965375,0.0,0.0,14.66952501384708,0,0,0,0.0,0.0,1.0,0,0,0,0,32,8,0
3423,352.589044792,179.5,12.5,334.0,476.0,179.5,12.5,334.0,476.0,nan,nan,nan,nan,0.7391469478607178,nan,0,nan,nan,nan,TRACKING,0.05258083999990504,0.0,0.0,13.235246217734723,0,0,0,0.0,0.0,1.0,0,0,0,0,32,8,0
3424,352.658427275,179.5,12.5,334.0,476.0,179.5,12.5,334.0,476.0,nan,nan,nan,nan,0.7504080533981323,nan,0,nan,nan,nan,TRACKING,0.04374713899994731,0.0,0.0,14.412859799203428,0,0,0,0.0,0.0,1.0,0,0,0,0,32,8,0
3425,352.728233991,179.5,12.5,334.0,476.0,179.5,12.5,334.0,476.0,nan,nan,nan,nan,0.7485527992248535,nan,0,nan,nan,nan,TRACKING,0.04692095000007157,0.0,0.0,14.325269219078645,0,0,0,0.0,0.0,1.0,0,0,0,0,32,8,0
3426,352.81127628599995,179.5,12.5,334.0,476.0,179.5,12.5,334.0,476.0,nan,nan,nan,nan,0.7517524361610413,nan,0,nan,nan,nan,TRACKING,0.05106141100009154,0.0,0.0,12.042056400306299,0,0,0,0.0,0.0,1.0,0,0,0,0,32,8,0
3427,352.88752130599994,179.5,12.5,334.0,476.0,179.5,12.5,334.0,476.0,nan,nan,nan,nan,0.7536482214927673,nan,0,nan,nan,nan,TRACKING,0.05036029099994721,0.0,0.0,13.115610698248398,0,0,0,0.0,0.0,1.0,0,0,0,0,32,8,0
3428,352.957136141,179.5,12.5,334.0,476.0,179.5,12.5,334.0,476.0,nan,nan,nan,nan,0.7485976815223694,nan,0,nan,nan,nan,TRACKING,0.047205386999962684,0.0,0.0,14.364754294101923,0,0,0,0.0,0.0,1.0,0,0,0,0,32,8,0
3429,353.03377919699994,179.5,12.5,334.0,476.0,179.5,12.5,334.0,476.0,nan,nan,nan,nan,0.7490371465682983,nan,0,nan,nan,nan,TRACKING,0.05334393999999065,0.0,0.0,13.047496435951622,0,0,0,0.0,0.0,1.0,0,0,0,0,32,8,0
3430,353.112682854,179.5,12.5,334.0,476.0,179.5,12.5,334.0,476.0,nan,nan,nan,nan,0.744960367679596,nan,0,nan,nan,nan,TRACKING,0.05119771799991213,0.0,0.0,12.673683806558243,0,0,0,0.0,0.0,1.0,0,0,0,0,32,8,0
3431,353.18915767399994,179.5,12.5,334.0,476.0,179.5,12.5,334.0,476.0,nan,nan,nan,nan,0.7451988458633423,nan,0,nan,nan,nan,TRACKING,0.047736238999959824,0.0,0.0,13.076199460174093,0,0,0,0.0,0.0,1.0,0,0,0,0,32,8,0
3432,353.263487209,179.5,12.5,334.0,476.0,179.5,12.5,334.0,476.0,nan,nan,nan,nan,0.7438254356384277,nan,0,nan,nan,nan,TRACKING,0.04733356899998853,0.0,0.0,13.453602259171703,0,0,0,0.0,0.0,1.0,0,0,0,0,32,8,0
3433,353.327068166,179.5,12.5,334.0,476.0,179.5,12.5,334.0,476.0,nan,nan,nan,nan,0.7472882270812988,nan,0,nan,nan,nan,TRACKING,0.04039945399995304,0.0,0.0,15.727979684231748,0,0,0,0.0,0.0,1.0,0,0,0,0,32,8,0
3434,353.39890055800004,179.5,12.5,334.0,476.0,179.5,12.5,334.0,476.0,nan,nan,nan,nan,0.7448370456695557,nan,0,nan,nan,nan,TRACKING,0.04905382300000838,0.0,0.0,13.92129611943788,0,0,0,0.0,0.0,1.0,0,0,0,0,32,8,0
3435,353.72390854799994,179.5,12.5,334.0,476.0,179.5,12.5,334.0,476.0,171.0,22.0,350.0,458.0,0.7499211430549622,0.990811,1,0.9197893116552023,0.0008838834764831844,1.0082775625220148,DETECTOR_CONFIRMED,0.056653988999983085,0.2357196649999196,0.0,3.0768474338132314,0,0,0,0.0,0.0,1.0,0,0,0,0,32,8,0
3436,353.80365533500003,179.5,12.5,334.0,476.0,179.5,12.5,334.0,476.0,nan,nan,nan,nan,0.7622128129005432,nan,0,nan,nan,nan,TRACKING,0.04769664000002649,0.0,0.0,12.539690157032538,0,0,0,0.0,0.0,1.0,0,0,0,0,32,8,0
3437,353.92090736,179.5,12.5,334.0,476.0,179.5,12.5,334.0,476.0,nan,nan,nan,nan,0.7654876708984375,nan,0,nan,nan,nan,TRACKING,0.09359774799997922,0.0,0.0,8.52863735189435,0,0,0,0.0,0.0,1.0,0,0,0,0,32,8,0
3438,353.98546715,179.5,12.5,334.0,476.0,179.5,12.5,334.0,476.0,nan,nan,nan,nan,0.7853718996047974,nan,0,nan,nan,nan,TRACKING,0.04187164200004645,0.0,0.0,15.489517546453861,0,0,0,0.0,0.0,1.0,0,0,0,0,32,8,0
3439,354.05314059299997,179.5,12.5,334.0,476.0,179.5,12.5,334.0,476.0,nan,nan,nan,nan,0.7894569635391235,nan,0,nan,nan,nan,TRACKING,0.041823358999977245,0.0,0.0,14.776845327644295,0,0,0,0.0,0.0,1.0,0,0,0,0,32,8,0
3440,354.129794875,179.5,12.5,334.0,476.0,179.5,12.5,334.0,476.0,nan,nan,nan,nan,0.783603847026825,nan,0,nan,nan,nan,TRACKING,0.052600825000013174,0.0,0.0,13.045585633420371,0,0,0,0.0,0.0,1.0,0,0,0,0,32,8,0
3441,354.200402276,179.5,12.5,334.0,476.0,179.5,12.5,334.0,476.0,nan,nan,nan,nan,0.7866332530975342,nan,0,nan,nan,nan,TRACKING,0.04610762599997997,0.0,0.0,14.162821260062397,0,0,0,0.0,0.0,1.0,0,0,0,0,32,8,0
3442,354.278934749,179.5,12.5,334.0,476.0,179.5,12.5,334.0,476.0,nan,nan,nan,nan,0.7872392535209656,nan,0,nan,nan,nan,TRACKING,0.0500634429999991,0.0,0.0,12.733586016068223,0,0,0,0.0,0.0,1.0,0,0,0,0,32,8,0
3443,354.346486291,179.5,12.5,334.0,476.0,179.5,12.5,334.0,476.0,nan,nan,nan,nan,0.7907048463821411,nan,0,nan,nan,nan,TRACKING,0.044847359000073084,0.0,0.0,14.803511073060495,0,0,0,0.0,0.0,1.0,0,0,0,0,32,8,0
3444,354.426241076,179.5,12.5,334.0,476.0,179.5,12.5,334.0,476.0,nan,nan,nan,nan,0.7912115454673767,nan,0,nan,nan,nan,TRACKING,0.05358136400002422,0.0,0.0,12.538432647022796,0,0,0,0.0,0.0,1.0,0,0,0,0,32,8,0
3445,354.499134786,179.5,12.5,334.0,476.0,179.5,12.5,334.0,476.0,nan,nan,nan,nan,0.7906908392906189,nan,0,nan,nan,nan,TRACKING,0.04722436999998081,0.0,0.0,13.718604801426235,0,0,0,0.0,0.0,1.0,0,0,0,0,32,8,0
3446,354.57512959400003,179.5,12.5,334.0,476.0,179.5,12.5,334.0,476.0,nan,nan,nan,nan,0.7943469882011414,nan,0,nan,nan,nan,TRACKING,0.050277340999969056,0.0,0.0,13.15879369021836,0,0,0,0.0,0.0,1.0,0,0,0,0,32,8,0
3447,354.654318786,179.5,12.5,334.0,476.0,179.5,12.5,334.0,476.0,nan,nan,nan,nan,0.7967818379402161,nan,0,nan,nan,nan,TRACKING,0.05185927200000151,0.0,0.0,12.62798589990289,0,0,0,0.0,0.0,1.0,0,0,0,0,32,8,0
3448,354.72049845799995,179.5,12.5,334.0,476.0,179.5,12.5,334.0,476.0,nan,nan,nan,nan,0.7951338291168213,nan,0,nan,nan,nan,TRACKING,0.043519916000036574,0.0,0.0,15.110380117936636,0,0,0,0.0,0.0,1.0,0,0,0,0,32,8,0
3449,354.79114891099994,179.5,12.5,334.0,476.0,179.5,12.5,334.0,476.0,nan,nan,nan,nan,0.7936266660690308,nan,0,nan,nan,nan,TRACKING,0.048096431999965716,0.0,0.0,14.154190915098818,0,0,0,0.0,0.0,1.0,0,0,0,0,32,8,0
3450,355.09673705599994,179.5,12.5,334.0,476.0,179.5,12.5,334.0,476.0,171.0,19.0,346.0,461.0,0.793060839176178,0.990825,1,0.935921126212648,0.0033657280044590648,1.0032833492678508,DETECTOR_CONFIRMED,0.05403283800001191,0.220320509999965,0.0,3.272378252762374,0,0,0,0.0,0.0,1.0,0,0,0,0,32,8,0
3451,355.17818064999994,179.5,12.5,334.0,476.0,179.5,12.5,334.0,476.0,nan,nan,nan,nan,0.7973517775535583,nan,0,nan,nan,nan,TRACKING,0.048032886999976654,0.0,0.0,12.278436533632322,0,0,0,0.0,0.0,1.0,0,0,0,0,32,8,0
3452,355.24835514999995,179.5,12.5,334.0,476.0,179.5,12.5,334.0,476.0,nan,nan,nan,nan,0.7967705130577087,nan,0,nan,nan,nan,TRACKING,0.0479394469999761,0.0,0.0,14.250190596297731,0,0,0,0.0,0.0,1.0,0,0,0,0,32,8,0
3453,355.315895274,179.5,12.5,334.0,476.0,179.5,12.5,334.0,476.0,nan,nan,nan,nan,0.7957226634025574,nan,0,nan,nan,nan,TRACKING,0.04381642499993177,0.0,0.0,14.806013681572397,0,0,0,0.0,0.0,1.0,0,0,0,0,32,8,0
3454,355.384903723,179.5,12.5,334.0,476.0,179.5,12.5,334.0,476.0,nan,nan,nan,nan,0.7998414039611816,nan,0,nan,nan,nan,TRACKING,0.040356512000016664,0.0,0.0,14.49097921329153,0,0,0,0.0,0.0,1.0,0,0,0,0,32,8,0
3455,355.45091821200003,179.5,12.5,334.0,476.0,179.5,12.5,334.0,476.0,nan,nan,nan,nan,0.7991125583648682,nan,0,nan,nan,nan,TRACKING,0.04302051100000881,0.0,0.0,15.148189664835321,0,0,0,0.0,0.0,1.0,0,0,0,0,32,8,0
3456,355.52620771299996,179.5,12.5,334.0,476.0,179.5,12.5,334.0,476.0,nan,nan,nan,nan,0.795720636844635,nan,0,nan,nan,nan,TRACKING,0.051665447999994285,0.0,0.0,13.282064387715089,0,0,0,0.0,0.0,1.0,0,0,0,0,32,8,0
3457,355.59851158899994,179.5,12.5,334.0,476.0,179.5,12.5,334.0,476.0,nan,nan,nan,nan,0.7988700866699219,nan,0,nan,nan,nan,TRACKING,0.0481599610000103,0.0,0.0,13.830517191088106,0,0,0,0.0,0.0,1.0,0,0,0,0,32,8,0
3458,355.66231095,179.5,12.5,334.0,476.0,179.5,12.5,334.0,476.0,nan,nan,nan,nan,0.7974271178245544,nan,0,nan,nan,nan,TRACKING,0.03865301400003318,0.0,0.0,15.674138178264558,0,0,0,0.0,0.0,1.0,0,0,0,0,32,8,0
3459,355.728418984,179.5,12.5,334.0,476.0,179.5,12.5,334.0,476.0,nan,nan,nan,nan,0.7964306473731995,nan,0,nan,nan,nan,TRACKING,0.04287623400000484,0.0,0.0,15.126754487971876,0,0,0,0.0,0.0,1.0,0,0,0,0,32,8,0
3460,355.804662894,179.5,12.5,334.0,476.0,179.5,12.5,334.0,476.0,nan,nan,nan,nan,0.7960307002067566,nan,0,nan,nan,nan,TRACKING,0.04674725600000329,0.0,0.0,13.115801642384072,0,0,0,0.0,0.0,1.0,0,0,0,0,32,8,0
3461,355.870947966,179.5,12.5,334.0,476.0,179.5,12.5,334.0,476.0,nan,nan,nan,nan,0.8007838129997253,nan,0,nan,nan,nan,TRACKING,0.03920834600000944,0.0,0.0,15.086353078104517,0,0,0,0.0,0.0,1.0,0,0,0,0,32,8,0
3462,355.99399564299995,179.5,12.5,334.0,476.0,179.5,12.5,334.0,476.0,nan,nan,nan,nan,0.7924187779426575,nan,0,nan,nan,nan,TRACKING,0.09097562100009782,0.0,0.0,8.12693115694137,0,0,0,0.0,0.0,1.0,0,0,0,0,32,8,0
3463,356.059340734,179.5,12.5,334.0,476.0,179.5,12.5,334.0,476.0,nan,nan,nan,nan,0.8038369417190552,nan,0,nan,nan,nan,TRACKING,0.04220324300001721,0.0,0.0,15.303368389209,0,0,0,0.0,0.0,1.0,0,0,0,0,32,8,0
3464,356.14186189400004,179.5,12.5,334.0,476.0,179.5,12.5,334.0,476.0,nan,nan,nan,nan,0.8045549392700195,nan,0,nan,nan,nan,TRACKING,0.05588345900002878,0.0,0.0,12.118104011132719,0,0,0,0.0,0.0,1.0,0,0,0,0,32,8,0
3465,356.501579008,179.5,12.5,334.0,476.0,179.5,12.5,334.0,476.0,164.0,20.0,359.0,460.0,0.8017529249191284,0.990392,1,0.9011989394899228,0.003801726581436387,1.038720877572586,DETECTOR_CONFIRMED,0.04858435100004499,0.28572312799997235,0.0,2.7799622566750135,0,0,0,0.0,0.0,1.0,0,0,0,0,32,8,0
3466,356.581772719,171.52545166015625,12.5,334.0,476.0,171.52545166015625,12.5,334.0,476.0,nan,nan,nan,nan,0.7008009552955627,nan,0,nan,nan,nan,TRACKING,0.05130385699999351,0.0,0.0,12.469805768186635,0,0,0,7.97454833984375,0.009968185424804687,1.0,0,0,0,0,32,8,0
3467,356.647290453,171.5,12.5,334.0,476.0,171.5,12.5,334.0,476.0,nan,nan,nan,nan,0.7068029046058655,nan,0,nan,nan,nan,TRACKING,0.04297914200003561,0.0,0.0,15.263043132726256,0,0,0,0.02545166015625,3.18145751953125e-05,1.0,0,0,0,0,32,8,0
3468,356.71460215599996,171.5,12.5,334.0,476.0,171.5,12.5,334.0,476.0,nan,nan,nan,nan,0.7060000896453857,nan,0,nan,nan,nan,TRACKING,0.04396339499999158,0.0,0.0,14.85625761095958,0,0,0,0.0,0.0,1.0,0,0,0,0,32,8,0
3469,356.797415593,171.5,12.5,334.0,476.0,171.5,12.5,334.0,476.0,nan,nan,nan,nan,0.686451256275177,nan,0,nan,nan,nan,TRACKING,0.05599860299992088,0.0,0.0,12.0753350691105,0,0,0,0.0,0.0,1.0,0,0,0,0,32,8,0
3470,356.863490534,171.5,12.5,334.0,476.0,171.5,12.5,334.0,476.0,nan,nan,nan,nan,0.6792716979980469,nan,0,nan,nan,nan,TRACKING,0.04106235699998706,0.0,0.0,15.134330577757718,0,0,0,0.0,0.0,1.0,0,0,0,0,32,8,0
3471,356.932986531,171.5,12.5,334.0,476.0,171.5,12.5,334.0,476.0,nan,nan,nan,nan,0.6484495997428894,nan,0,nan,nan,nan,TRACKING,0.04259116000002905,0.0,0.0,14.389317991943393,0,0,0,0.0,0.0,1.0,0,0,0,0,32,8,0
3472,357.003661632,171.5,12.5,334.0,476.0,171.5,12.5,334.0,476.0,nan,nan,nan,nan,0.6508815288543701,nan,0,nan,nan,nan,TRACKING,0.04680078499995943,0.0,0.0,14.149254629291757,0,0,0,0.0,0.0,1.0,0,0,0,0,32,8,0
3473,357.072024413,171.5,12.5,334.0,476.0,171.5,12.5,334.0,476.0,nan,nan,nan,nan,0.6274219155311584,nan,0,nan,nan,nan,TRACKING,0.04453570700002274,0.0,0.0,14.627842597563774,0,0,0,0.0,0.0,1.0,0,0,0,0,32,8,0
3474,357.14033708700003,171.5,12.5,334.0,476.0,171.5,12.5,334.0,476.0,nan,nan,nan,nan,0.605904221534729,nan,0,nan,nan,nan,TRACKING,0.044428306999975575,0.0,0.0,14.638572045937142,0,0,0,0.0,0.0,1.0,0,0,0,0,32,8,0
3475,357.20575461,171.5,12.5,334.0,476.0,171.5,12.5,334.0,476.0,nan,nan,nan,nan,0.5821764469146729,nan,0,nan,nan,nan,TRACKING,0.04270928999994794,0.0,0.0,15.286424097726073,0,0,0,0.0,0.0,1.0,0,0,0,0,32,8,0
3476,357.292388436,171.5,12.5,334.0,476.0,171.5,12.5,334.0,476.0,nan,nan,nan,nan,0.5779250860214233,nan,0,nan,nan,nan,TRACKING,0.05636788399999659,0.0,0.0,11.542835473983498,0,0,0,0.0,0.0,1.0,0,0,0,0,32,8,0
3477,357.366523218,171.5,12.5,334.0,476.0,171.5,12.5,334.0,476.0,nan,nan,nan,nan,0.5645971894264221,nan,0,nan,nan,nan,TRACKING,0.05262597199998709,0.0,0.0,13.488945040671606,0,0,0,0.0,0.0,1.0,0,0,0,0,32,8,0
3478,357.43499811799995,171.5,12.5,334.0,476.0,171.5,12.5,334.0,476.0,nan,nan,nan,nan,0.5675646066665649,nan,0,nan,nan,nan,TRACKING,0.04590391799990812,0.0,0.0,14.60389135289936,0,0,0,0.0,0.0,1.0,0,0,0,0,32,8,0
3479,357.51966466700003,171.5,12.5,334.0,476.0,171.5,12.5,334.0,476.0,nan,nan,nan,nan,0.5672492384910583,nan,0,nan,nan,nan,TRACKING,0.06071479000002,0.0,0.0,11.811040036592287,0,0,0,0.0,0.0,1.0,0,0,0,0,32,8,0
3480,357.94206951699994,171.5,12.5,334.0,476.0,171.5,12.5,334.0,476.0,147.0,74.0,359.0,406.0,0.5592653751373291,0.973824,1,0.8017548216207268,0.03636297051947214,1.0907693785419268,DETECTOR_CONFIRMED,0.047349696999958724,0.33893188300010024,0.0,2.367397059953786,0,0,0,0.0,0.0,1.0,0,0,0,0,32,8,0
3481,358.044050619,171.5,12.5,334.0,476.0,171.5,12.5,334.0,476.0,nan,nan,nan,nan,0.5684801936149597,nan,0,nan,nan,nan,TRACKING,0.056707100000039645,0.0,0.0,9.805738321980478,0,0,0,0.0,0.0,1.0,0,0,0,0,32,8,0
3482,358.120703508,171.5,12.5,334.0,476.0,171.5,12.5,334.0,476.0,nan,nan,nan,nan,0.5734086036682129,nan,0,nan,nan,nan,TRACKING,0.049788477999982206,0.0,0.0,13.045822708651944,0,0,0,0.0,0.0,1.0,0,0,0,0,32,8,0
3483,358.22157201899995,171.5,12.5,334.0,476.0,171.5,12.5,334.0,476.0,nan,nan,nan,nan,0.5696904063224792,nan,0,nan,nan,nan,TRACKING,0.04789617400001589,0.0,0.0,9.913896716495483,0,0,0,0.0,0.0,1.0,0,0,0,0,32,8,0
3484,358.29088397600003,171.5,12.5,334.0,476.0,171.5,12.5,334.0,476.0,nan,nan,nan,nan,0.574501633644104,nan,0,nan,nan,nan,TRACKING,0.04142183400006161,0.0,0.0,14.427525109395203,0,0,0,0.0,0.0,1.0,0,0,0,0,32,8,0
3485,359.08015342199997,171.5,12.5,334.0,476.0,171.5,12.5,334.0,476.0,nan,nan,nan,nan,0.5750784873962402,nan,0,nan,nan,nan,TRACKING,0.7654356150000012,0.0,0.0,1.266994440324607,0,0,0,0.0,0.0,1.0,0,0,0,0,32,8,0
3486,359.26285093800004,171.5,4.5254364013671875,334.0,476.0,171.5,4.5254364013671875,334.0,476.0,nan,nan,nan,nan,0.7570203542709351,nan,0,nan,nan,nan,TRACKING,0.1607549459999973,0.0,0.0,5.473528167726078,0,0,0,7.9745635986328125,0.009968204498291016,1.0,0,0,0,0,32,8,0
3487,359.43545207700004,171.5,12.474563598632812,334.0,476.0,171.5,12.474563598632812,334.0,476.0,nan,nan,nan,nan,0.7464719414710999,nan,0,nan,nan,nan,TRACKING,0.1455674609999278,0.0,0.0,5.793704524742649,0,0,0,7.949127197265625,0.009936408996582031,1.0,0,0,0,0,32,8,0
3488,359.52470592,171.5,12.5,334.0,476.0,171.5,12.5,334.0,476.0,nan,nan,nan,nan,0.8172325491905212,nan,0,nan,nan,nan,TRACKING,0.0665364110000155,0.0,0.0,11.203999361693574,0,0,0,0.0254364013671875,3.179550170898438e-05,1.0,0,0,0,0,32,8,0
3489,359.639576305,171.5,12.5,334.0,476.0,171.5,12.5,334.0,476.0,nan,nan,nan,nan,0.8129597902297974,nan,0,nan,nan,nan,TRACKING,0.07105317700006708,0.0,0.0,8.705463988823995,0,0,0,0.0,0.0,1.0,0,0,0,0,32,8,0
3490,359.728643216,171.5,12.5,334.0,476.0,171.5,12.5,334.0,476.0,nan,nan,nan,nan,0.8033429980278015,nan,0,nan,nan,nan,TRACKING,0.05939330499995776,0.0,0.0,11.22751411014629,0,0,0,0.0,0.0,1.0,0,0,0,0,32,8,0
3491,359.811509969,171.5,12.5,334.0,476.0,171.5,12.5,334.0,476.0,nan,nan,nan,nan,0.7924832701683044,nan,0,nan,nan,nan,TRACKING,0.053694259000053535,0.0,0.0,12.067565866861683,0,0,0,0.0,0.0,1.0,0,0,0,0,32,8,0
3492,359.900482032,163.52545166015625,12.5,334.0,476.0,163.52545166015625,12.5,334.0,476.0,nan,nan,nan,nan,0.7907495498657227,nan,0,nan,nan,nan,TRACKING,0.06297889500001475,0.0,0.0,11.239483117298082,0,0,0,7.97454833984375,0.009968185424804687,1.0,0,0,0,0,32,8,0
3493,359.97164708900004,163.5,12.5,334.0,476.0,163.5,12.5,334.0,476.0,nan,nan,nan,nan,0.7667505145072937,nan,0,nan,nan,nan,TRACKING,0.04785083299998405,0.0,0.0,14.051840076507997,0,0,0,0.02545166015625,3.18145751953125e-05,1.0,0,0,0,0,32,8,0
3494,360.053457817,163.5,12.5,334.0,476.0,163.5,12.5,334.0,476.0,nan,nan,nan,nan,0.7540258169174194,nan,0,nan,nan,nan,TRACKING,0.05242708000002949,0.0,0.0,12.223335795285596,0,0,0,0.0,0.0,1.0,0,0,0,0,32,8,0
3495,360.408796433,163.5,12.5,334.0,476.0,163.5,12.5,334.0,476.0,123.0,24.0,395.0,456.0,0.7422769069671631,0.985552,1,0.8153319057815845,0.012639842760097927,1.1329441956423287,DETECTOR_CONFIRMED,0.0489024309999877,0.27558941600000253,0.0,2.814217073440415,0,0,0,0.0,0.0,1.0,0,0,0,0,32,8,0
3496,360.48736395699996,163.5,12.5,334.0,476.0,163.5,12.5,334.0,476.0,nan,nan,nan,nan,0.7280422449111938,nan,0,nan,nan,nan,TRACKING,0.05513991700001952,0.0,0.0,12.727905234748262,0,0,0,0.0,0.0,1.0,0,0,0,0,32,8,0
3497,360.56142331,163.5,12.5,334.0,476.0,163.5,12.5,334.0,476.0,nan,nan,nan,nan,0.7119299173355103,nan,0,nan,nan,nan,TRACKING,0.04775993099997322,0.0,0.0,13.50268344903435,0,0,0,0.0,0.0,1.0,0,0,0,0,32,8,0
3498,360.63705485,163.5,12.5,334.0,476.0,163.5,12.5,334.0,476.0,nan,nan,nan,nan,0.7038798928260803,nan,0,nan,nan,nan,TRACKING,0.051933561000055306,0.0,0.0,13.221997066300215,0,0,0,0.0,0.0,1.0,0,0,0,0,32,8,0
3499,360.714263006,163.5,12.5,334.0,476.0,163.5,12.5,334.0,476.0,nan,nan,nan,nan,0.7048700451850891,nan,0,nan,nan,nan,TRACKING,0.0496093159999873,0.0,0.0,12.951999527099392,0,0,0,0.0,0.0,1.0,0,0,0,0,32,8,0
3500,360.79998946800004,163.5,12.5,334.0,476.0,163.5,12.5,334.0,476.0,nan,nan,nan,nan,0.703481137752533,nan,0,nan,nan,nan,TRACKING,0.05722498700004053,0.0,0.0,11.665009574286493,0,0,0,0.0,0.0,1.0,0,0,0,0,32,8,0
3501,360.870182389,163.5,12.5,334.0,476.0,163.5,12.5,334.0,476.0,nan,nan,nan,nan,0.7071653008460999,nan,0,nan,nan,nan,TRACKING,0.045950547999950686,0.0,0.0,14.246450863624917,0,0,0,0.0,0.0,1.0,0,0,0,0,32,8,0
3502,360.93878119399994,163.5,12.5,334.0,476.0,163.5,12.5,334.0,476.0,nan,nan,nan,nan,0.7135615348815918,nan,0,nan,nan,nan,TRACKING,0.04620029600005182,0.0,0.0,14.577513412959734,0,0,0,0.0,0.0,1.0,0,0,0,0,32,8,0
3503,361.019236073,163.5,12.5,334.0,476.0,163.5,12.5,334.0,476.0,nan,nan,nan,nan,0.7245405316352844,nan,0,nan,nan,nan,TRACKING,0.05185163000010107,0.0,0.0,12.429327002024053,0,0,0,0.0,0.0,1.0,0,0,0,0,32,8,0
3504,361.094793913,163.5,12.5,334.0,476.0,163.5,12.5,334.0,476.0,nan,nan,nan,nan,0.7333688735961914,nan,0,nan,nan,nan,TRACKING,0.05221731999995427,0.0,0.0,13.234893956737823,0,0,0,0.0,0.0,1.0,0,0,0,0,32,8,0
3505,361.176400393,163.5,12.5,334.0,476.0,163.5,12.5,334.0,476.0,nan,nan,nan,nan,0.745860755443573,nan,0,nan,nan,nan,TRACKING,0.04729986400002417,0.0,0.0,12.253928854668645,0,0,0,0.0,0.0,1.0,0,0,0,0,32,8,0
3506,361.251311441,163.5,12.5,334.0,476.0,163.5,12.5,334.0,476.0,nan,nan,nan,nan,0.7431302666664124,nan,0,nan,nan,nan,TRACKING,0.0487672049999901,0.0,0.0,13.349165799951622,0,0,0,0.0,0.0,1.0,0,0,0,0,32,8,0
3507,361.332981032,163.5,12.5,334.0,476.0,163.5,12.5,334.0,476.0,nan,nan,nan,nan,0.7521979808807373,nan,0,nan,nan,nan,TRACKING,0.055990764000057425,0.0,0.0,12.244459507573097,0,0,0,0.0,0.0,1.0,0,0,0,0,32,8,0
3508,361.40591959799997,163.5,12.5,334.0,476.0,163.5,12.5,334.0,476.0,nan,nan,nan,nan,0.7602460384368896,nan,0,nan,nan,nan,TRACKING,0.04959800000005998,0.0,0.0,13.71016808858997,0,0,0,0.0,0.0,1.0,0,0,0,0,32,8,0
3509,361.476780074,163.5,12.5,334.0,476.0,163.5,12.5,334.0,476.0,nan,nan,nan,nan,0.7573098540306091,nan,0,nan,nan,nan,TRACKING,0.04090958699998737,0.0,0.0,14.112239381512193,0,0,0,0.0,0.0,1.0,0,0,0,0,32,8,0
3510,361.83795148499996,163.5,12.5,334.0,476.0,163.5,12.5,334.0,476.0,121.0,20.0,401.0,460.0,0.7533663511276245,0.987814,1,0.8094666076584266,0.011267347735824966,1.1602425401298244,DETECTOR_CONFIRMED,0.055192508000004636,0.26478545299994494,0.0,2.768768428351703,0,0,0,0.0,0.0,1.0,0,0,0,0,32,8,0
3511,361.91247421799994,163.5,12.5,334.0,476.0,163.5,12.5,334.0,476.0,nan,nan,nan,nan,0.7495565414428711,nan,0,nan,nan,nan,TRACKING,0.046937546999970436,0.0,0.0,13.418724189842301,0,0,0,0.0,0.0,1.0,0,0,0,0,32,8,0
3512,362.02134772700003,163.5,12.5,334.0,476.0,163.5,12.5,334.0,476.0,nan,nan,nan,nan,0.745083749294281,nan,0,nan,nan,nan,TRACKING,0.08540481300008196,0.0,0.0,9.184970790269693,0,0,0,0.0,0.0,1.0,0,0,0,0,32,8,0
3513,362.100370557,163.5,12.5,334.0,476.0,163.5,12.5,334.0,476.0,nan,nan,nan,nan,0.7860726714134216,nan,0,nan,nan,nan,TRACKING,0.05147415600004024,0.0,0.0,12.654570837316072,0,0,0,0.0,0.0,1.0,0,0,0,0,32,8,0
3514,362.16939727399995,163.5,12.5,334.0,476.0,163.5,12.5,334.0,476.0,nan,nan,nan,nan,0.7885413765907288,nan,0,nan,nan,nan,TRACKING,0.04499664899992695,0.0,0.0,14.48714415899327,0,0,0,0.0,0.0,1.0,0,0,0,0,32,8,0
3515,362.248833556,163.5,12.5,334.0,476.0,163.5,12.5,334.0,476.0,nan,nan,nan,nan,0.7897251844406128,nan,0,nan,nan,nan,TRACKING,0.048934123999970325,0.0,0.0,12.588706002114568,0,0,0,0.0,0.0,1.0,0,0,0,0,32,8,0
3516,362.32732114600003,163.5,12.5,334.0,476.0,163.5,12.5,334.0,476.0,nan,nan,nan,nan,0.7901986241340637,nan,0,nan,nan,nan,TRACKING,0.047233585999947536,0.0,0.0,12.740867696407644,0,0,0,0.0,0.0,1.0,0,0,0,0,32,8,0
3517,362.403740537,163.5,12.5,334.0,476.0,163.5,12.5,334.0,476.0,nan,nan,nan,nan,0.7986705303192139,nan,0,nan,nan,nan,TRACKING,0.05092047799996635,0.0,0.0,13.085683972549864,0,0,0,0.0,0.0,1.0,0,0,0,0,32,8,0
3518,362.479040255,163.5,12.5,334.0,476.0,163.5,12.5,334.0,476.0,nan,nan,nan,nan,0.8024358153343201,nan,0,nan,nan,nan,TRACKING,0.05229177399996843,0.0,0.0,13.280262218246893,0,0,0,0.0,0.0,1.0,0,0,0,0,32,8,0
3519,362.563560745,163.5,12.5,334.0,476.0,163.5,12.5,334.0,476.0,nan,nan,nan,nan,0.7971763014793396,nan,0,nan,nan,nan,TRACKING,0.04804199800003062,0.0,0.0,11.831450574877918,0,0,0,0.0,0.0,1.0,0,0,0,0,32,8,0
3520,362.64997728699996,163.5,12.5,334.0,476.0,163.5,12.5,334.0,476.0,nan,nan,nan,nan,0.8019517064094543,nan,0,nan,nan,nan,TRACKING,0.05781164199993327,0.0,0.0,11.571858545331708,0,0,0,0.0,0.0,1.0,0,0,0,0,32,8,0
3521,362.719168575,163.5,12.5,334.0,476.0,163.5,12.5,334.0,476.0,nan,nan,nan,nan,0.7907136082649231,nan,0,nan,nan,nan,TRACKING,0.04621610399999554,0.0,0.0,14.452686586770694,0,0,0,0.0,0.0,1.0,0,0,0,0,32,8,0
3522,362.79771183699995,163.5,4.5254364013671875,334.0,476.0,163.5,4.5254364013671875,334.0,476.0,nan,nan,nan,nan,0.802870512008667,nan,0,nan,nan,nan,TRACKING,0.05541531300002589,0.0,0.0,12.731836882468006,0,0,0,7.9745635986328125,0.009968204498291016,1.0,0,0,0,0,32,8,0
3523,362.885730672,171.47454833984375,4.5,334.0,476.0,171.47454833984375,4.5,334.0,476.0,nan,nan,nan,nan,0.795799732208252,nan,0,nan,nan,nan,TRACKING,0.06181890999994266,0.0,0.0,11.361204678512227,0,0,0,7.97458890696061,0.009968236133700762,1.0,0,0,0,0,32,8,0
3524,362.96026026000004,171.5,4.5,334.0,476.0,171.5,4.5,334.0,476.0,nan,nan,nan,nan,0.8050147294998169,nan,0,nan,nan,nan,TRACKING,0.050865007999959744,0.0,0.0,13.417489977265827,0,0,0,0.02545166015625,3.18145751953125e-05,1.0,0,0,0,0,32,8,0
3525,363.25656542900003,171.5,12.474563598632812,334.0,476.0,171.5,12.474563598632812,334.0,476.0,159.0,12.0,440.0,468.0,0.7887577414512634,0.940031,1,0.7480388913316042,0.05093303997956241,1.2952246766970261,DETECTOR_CONFIRMED,0.06221084999992854,0.20939137200002733,0.0,3.3748989373858134,0,0,0,7.9745635986328125,0.009968204498291016,1.0,0,0,0,0,32,8,0
3526,363.35212584600004,179.47454833984375,12.5,334.0,476.0,179.47454833984375,12.5,334.0,476.0,nan,nan,nan,nan,0.7806222438812256,nan,0,nan,nan,nan,TRACKING,0.06543297000007442,0.0,0.0,10.464583887280277,0,0,0,7.97458890696061,0.009968236133700762,1.0,0,0,0,0,32,8,0
3527,363.42760148699995,187.47454833984375,12.5,334.0,476.0,187.47454833984375,12.5,334.0,476.0,nan,nan,nan,nan,0.7731701731681824,nan,0,nan,nan,nan,TRACKING,0.052927509000028294,0.0,0.0,13.249307813115081,0,0,0,8.0,0.01,1.0,0,0,0,0,32,8,0
3528,363.499159761,187.5,12.5,334.0,476.0,187.5,12.5,334.0,476.0,nan,nan,nan,nan,0.7843444347381592,nan,0,nan,nan,nan,TRACKING,0.04467302099999415,0.0,0.0,13.974624373967446,0,0,0,0.02545166015625,3.18145751953125e-05,1.0,0,0,0,0,32,8,0
3529,363.569395492,187.5,12.5,334.0,476.0,187.5,12.5,334.0,476.0,nan,nan,nan,nan,0.7807101607322693,nan,0,nan,nan,nan,TRACKING,0.04414435799992589,0.0,0.0,14.237767383664602,0,0,0,0.0,0.0,1.0,0,0,0,0,32,8,0
3530,363.657901767,187.5,12.5,334.0,476.0,187.5,12.5,334.0,476.0,nan,nan,nan,nan,0.7615503072738647,nan,0,nan,nan,nan,TRACKING,0.06060583300006783,0.0,0.0,11.298633910422252,0,0,0,0.0,0.0,1.0,0,0,0,0,32,8,0
3531,363.734336138,187.5,12.5,334.0,476.0,187.5,12.5,334.0,476.0,nan,nan,nan,nan,0.7781697511672974,nan,0,nan,nan,nan,TRACKING,0.049605942000084724,0.0,0.0,13.08311937308854,0,0,0,0.0,0.0,1.0,0,0,0,0,32,8,0
3532,363.80887393599994,187.5,12.5,334.0,476.0,187.5,12.5,334.0,476.0,nan,nan,nan,nan,0.7706611156463623,nan,0,nan,nan,nan,TRACKING,0.047956044999978076,0.0,0.0,13.41601210168347,0,0,0,0.0,0.0,1.0,0,0,0,0,32,8,0
3533,363.88444400799995,187.5,12.5,334.0,476.0,187.5,12.5,334.0,476.0,nan,nan,nan,nan,0.7733110189437866,nan,0,nan,nan,nan,TRACKING,0.04713685199999418,0.0,0.0,13.2327517168428,0,0,0,0.0,0.0,1.0,0,0,0,0,32,8,0
3534,363.958258658,187.5,12.5,334.0,476.0,187.5,12.5,334.0,476.0,nan,nan,nan,nan,0.7757729887962341,nan,0,nan,nan,nan,TRACKING,0.050631237000061446,0.0,0.0,13.54744620477883,0,0,0,0.0,0.0,1.0,0,0,0,0,32,8,0
3535,364.038363721,187.5,12.5,334.0,476.0,187.5,12.5,334.0,476.0,nan,nan,nan,nan,0.7802853584289551,nan,0,nan,nan,nan,TRACKING,0.046269063000067945,0.0,0.0,12.483605437021652,0,0,0,0.0,0.0,1.0,0,0,0,0,32,8,0
3536,364.12628898799994,187.5,12.5,334.0,476.0,187.5,12.5,334.0,476.0,nan,nan,nan,nan,0.7728884816169739,nan,0,nan,nan,nan,TRACKING,0.046991950999995424,0.0,0.0,11.373295005184511,0,0,0,0.0,0.0,1.0,0,0,0,0,32,8,0
3537,364.24490963200003,187.5,12.5,334.0,476.0,187.5,12.5,334.0,476.0,nan,nan,nan,nan,0.7579374313354492,nan,0,nan,nan,nan,TRACKING,0.092473487999996,0.0,0.0,8.430235802793751,0,0,0,0.0,0.0,1.0,0,0,0,0,32,8,0
3538,364.31921933800004,179.52545166015625,12.5,334.0,476.0,179.52545166015625,12.5,334.0,476.0,nan,nan,nan,nan,0.8043397665023804,nan,0,nan,nan,nan,TRACKING,0.04982598999993115,0.0,0.0,13.457192254264736,0,0,0,7.97454833984375,0.009968185424804687,1.0,0,0,0,0,32,8,0
3539,364.39163486099994,179.5,12.5,334.0,476.0,179.5,12.5,334.0,476.0,nan,nan,nan,nan,0.8096859455108643,nan,0,nan,nan,nan,TRACKING,0.04935571299995445,0.0,0.0,13.809193921050923,0,0,0,0.02545166015625,3.18145751953125e-05,1.0,0,0,0,0,32,8,0
3540,364.754190094,179.5,12.5,334.0,476.0,179.5,12.5,334.0,476.0,162.0,22.0,447.0,458.0,0.825055718421936,0.898899,1,0.7258871205003369,0.04875400624564098,1.2877144869924018,DETECTOR_CONFIRMED,0.041465040999923986,0.2867838729999903,0.0,2.7582004312147914,0,0,0,0.0,0.0,1.0,0,0,0,0,32,8,0
3541,364.83286378799994,179.5,12.5,334.0,476.0,179.5,12.5,334.0,476.0,nan,nan,nan,nan,0.8287977576255798,nan,0,nan,nan,nan,TRACKING,0.045864194000046155,0.0,0.0,12.710728950912754,0,0,0,0.0,0.0,1.0,0,0,0,0,32,8,0
3542,364.90040982999994,179.5,12.5,334.0,476.0,179.5,12.5,334.0,476.0,nan,nan,nan,nan,0.8302099108695984,nan,0,nan,nan,nan,TRACKING,0.043911006000030284,0.0,0.0,14.804716462882414,0,0,0,0.0,0.0,1.0,0,0,0,0,32,8,0
3543,364.97262326299995,179.5,12.5,334.0,476.0,179.5,12.5,334.0,476.0,nan,nan,nan,nan,0.8484268188476562,nan,0,nan,nan,nan,TRACKING,0.045534704000033344,0.0,0.0,13.847839085561494,0,0,0,0.0,0.0,1.0,0,0,0,0,32,8,0
3544,365.051644937,171.52545166015625,12.5,334.0,476.0,171.52545166015625,12.5,334.0,476.0,nan,nan,nan,nan,0.8430701494216919,nan,0,nan,nan,nan,TRACKING,0.05271373900006893,0.0,0.0,12.65475595973097,0,0,0,7.97454833984375,0.009968185424804687,1.0,0,0,0,0,32,8,0
3545,365.13316710899994,171.5,12.5,334.0,476.0,171.5,12.5,334.0,476.0,nan,nan,nan,nan,0.8434286117553711,nan,0,nan,nan,nan,TRACKING,0.05272899999999936,0.0,0.0,12.266601532655608,0,0,0,0.02545166015625,3.18145751953125e-05,1.0,0,0,0,0,32,8,0
3546,365.200420173,171.5,12.5,334.0,476.0,171.5,12.5,334.0,476.0,nan,nan,nan,nan,0.8458268642425537,nan,0,nan,nan,nan,TRACKING,0.043379737999998724,0.0,0.0,14.86921101467092,0,0,0,0.0,0.0,1.0,0,0,0,0,32,8,0
3547,365.283563437,171.5,12.5,334.0,476.0,171.5,12.5,334.0,476.0,nan,nan,nan,nan,0.8346300721168518,nan,0,nan,nan,nan,TRACKING,0.042669713000009324,0.0,0.0,12.027432553044788,0,0,0,0.0,0.0,1.0,0,0,0,0,32,8,0
3548,365.352584405,171.5,12.5,334.0,476.0,171.5,12.5,334.0,476.0,nan,nan,nan,nan,0.8374840617179871,nan,0,nan,nan,nan,TRACKING,0.046554620999927465,0.0,0.0,14.488350844336741,0,0,0,0.0,0.0,1.0,0,0,0,0,32,8,0
3549,365.41849756399995,171.5,12.5,334.0,476.0,171.5,12.5,334.0,476.0,nan,nan,nan,nan,0.8428437113761902,nan,0,nan,nan,nan,TRACKING,0.04324128500002189,0.0,0.0,15.17147736768331,0,0,0,0.0,0.0,1.0,0,0,0,0,32,8,0
3550,365.50283699399995,171.5,12.5,334.0,476.0,171.5,12.5,334.0,476.0,nan,nan,nan,nan,0.8445345163345337,nan,0,nan,nan,nan,TRACKING,0.06062621900002796,0.0,0.0,11.856850348644757,0,0,0,0.0,0.0,1.0,0,0,0,0,32,8,0
3551,365.591046078,171.5,12.5,334.0,476.0,171.5,12.5,334.0,476.0,nan,nan,nan,nan,0.8376501202583313,nan,0,nan,nan,nan,TRACKING,0.06397934799997529,0.0,0.0,11.336700877652122,0,0,0,0.0,0.0,1.0,0,0,0,0,32,8,0
3552,365.688165553,171.5,12.5,334.0,476.0,171.5,12.5,334.0,476.0,nan,nan,nan,nan,0.8454971313476562,nan,0,nan,nan,nan,TRACKING,0.07258738500001982,0.0,0.0,10.296596022579457,0,0,0,0.0,0.0,1.0,0,0,0,0,32,8,0
3553,365.76339500200004,171.5,12.5,334.0,476.0,171.5,12.5,334.0,476.0,nan,nan,nan,nan,0.8477650880813599,nan,0,nan,nan,nan,TRACKING,0.050201405000052546,0.0,0.0,13.292666811891348,0,0,0,0.0,0.0,1.0,0,0,0,0,32,8,0
3554,365.83594373999995,171.5,12.5,334.0,476.0,171.5,12.5,334.0,476.0,nan,nan,nan,nan,0.8330255746841431,nan,0,nan,nan,nan,TRACKING,0.04907329499997104,0.0,0.0,13.783837287441829,0,0,0,0.0,0.0,1.0,0,0,0,0,32,8,0
3555,366.16080355500003,171.5,12.5,334.0,476.0,171.5,12.5,334.0,476.0,154.0,22.0,438.0,458.0,0.8475466966629028,0.926228,1,0.7403686064970767,0.04312952874771529,1.261787349670407,DETECTOR_CONFIRMED,0.04076959099995747,0.25630120499999975,0.0,3.0782508449059747,0,0,0,0.0,0.0,1.0,0,0,0,0,32,8,0
3556,366.24178803200004,171.5,12.5,334.0,476.0,171.5,12.5,334.0,476.0,nan,nan,nan,nan,0.8419644832611084,nan,0,nan,nan,nan,TRACKING,0.05018598800006657,0.0,0.0,12.34804541615808,0,0,0,0.0,0.0,1.0,0,0,0,0,32,8,0
3557,366.305454758,171.5,12.5,334.0,476.0,171.5,12.5,334.0,476.0,nan,nan,nan,nan,0.8473636507987976,nan,0,nan,nan,nan,TRACKING,0.04009862499992778,0.0,0.0,15.706791644991537,0,0,0,0.0,0.0,1.0,0,0,0,0,32,8,0
3558,366.37755700499997,171.5,12.5,334.0,476.0,171.5,12.5,334.0,476.0,nan,nan,nan,nan,0.842873752117157,nan,0,nan,nan,nan,TRACKING,0.04742104299998573,0.0,0.0,13.869193286033697,0,0,0,0.0,0.0,1.0,0,0,0,0,32,8,0
3559,366.444879099,171.5,12.5,334.0,476.0,171.5,12.5,334.0,476.0,nan,nan,nan,nan,0.840032160282135,nan,0,nan,nan,nan,TRACKING,0.044270265000022846,0.0,0.0,14.8539645840445,0,0,0,0.0,0.0,1.0,0,0,0,0,32,8,0
3560,366.51257443500003,171.5,12.5,334.0,476.0,171.5,12.5,334.0,476.0,nan,nan,nan,nan,0.8372457027435303,nan,0,nan,nan,nan,TRACKING,0.044091822999916985,0.0,0.0,14.772066424182782,0,0,0,0.0,0.0,1.0,0,0,0,0,32,8,0
3561,366.58982387699996,171.5,12.5,334.0,476.0,171.5,12.5,334.0,476.0,nan,nan,nan,nan,0.8434705138206482,nan,0,nan,nan,nan,TRACKING,0.054353608000042186,0.0,0.0,12.94507732497244,0,0,0,0.0,0.0,1.0,0,0,0,0,32,8,0
3562,366.70824020500004,171.5,12.5,334.0,476.0,171.5,12.5,334.0,476.0,nan,nan,nan,nan,0.8389792442321777,nan,0,nan,nan,nan,TRACKING,0.09027053499994508,0.0,0.0,8.444781364942527,0,0,0,0.0,0.0,1.0,0,0,0,0,32,8,0
3563,366.778488539,171.5,12.5,334.0,476.0,171.5,12.5,334.0,476.0,nan,nan,nan,nan,0.8556275367736816,nan,0,nan,nan,nan,TRACKING,0.042693600999996306,0.0,0.0,14.235213037226217,0,0,0,0.0,0.0,1.0,0,0,0,0,32,8,0
3564,366.848652859,171.5,12.5,334.0,476.0,171.5,12.5,334.0,476.0,nan,nan,nan,nan,0.8616969585418701,nan,0,nan,nan,nan,TRACKING,0.04662742499999695,0.0,0.0,14.252258127777054,0,0,0,0.0,0.0,1.0,0,0,0,0,32,8,0
3565,366.933751198,171.5,12.5,334.0,476.0,171.5,12.5,334.0,476.0,nan,nan,nan,nan,0.8639114499092102,nan,0,nan,nan,nan,TRACKING,0.06132054900001549,0.0,0.0,11.751110676796197,0,0,0,0.0,0.0,1.0,0,0,0,0,32,8,0
3566,367.012994714,171.5,12.5,334.0,476.0,171.5,12.5,334.0,476.0,nan,nan,nan,nan,0.8655415177345276,nan,0,nan,nan,nan,TRACKING,0.05627293999998528,0.0,0.0,12.619329006044524,0,0,0,0.0,0.0,1.0,0,0,0,0,32,8,0
3567,367.08783282900004,171.5,12.5,334.0,476.0,171.5,12.5,334.0,476.0,nan,nan,nan,nan,0.8661291003227234,nan,0,nan,nan,nan,TRACKING,0.047576569000057134,0.0,0.0,13.362175142967512,0,0,0,0.0,0.0,1.0,0,0,0,0,32,8,0
3568,367.162045508,171.5,12.5,334.0,476.0,171.5,12.5,334.0,476.0,nan,nan,nan,nan,0.8623884916305542,nan,0,nan,nan,nan,TRACKING,0.0471772340000598,0.0,0.0,13.474786431041004,0,0,0,0.0,0.0,1.0,0,0,0,0,32,8,0
3569,367.251496225,171.5,12.5,334.0,476.0,171.5,12.5,334.0,476.0,nan,nan,nan,nan,0.8647040724754333,nan,0,nan,nan,nan,TRACKING,0.059675287999994,0.0,0.0,11.17934023938855,0,0,0,0.0,0.0,1.0,0,0,0,0,32,8,0
3570,367.59605749599996,171.5,12.5,334.0,476.0,171.5,12.5,334.0,476.0,153.0,20.0,437.0,460.0,0.8652830719947815,0.942517,1,0.7445097013044911,0.041254734576773124,1.2644039651788859,DETECTOR_CONFIRMED,0.05687455999998292,0.25940935300002366,0.0,2.9022414419874614,0,0,0,0.0,0.0,1.0,0,0,0,0,32,8,0
3571,367.67623643900004,171.5,12.5,334.0,476.0,171.5,12.5,334.0,476.0,nan,nan,nan,nan,0.8613551259040833,nan,0,nan,nan,nan,TRACKING,0.053067667999926016,0.0,0.0,12.472102556889853,0,0,0,0.0,0.0,1.0,0,0,0,0,32,8,0
3572,367.73977079299993,171.5,12.5,334.0,476.0,171.5,12.5,334.0,476.0,nan,nan,nan,nan,0.8573662638664246,nan,0,nan,nan,nan,TRACKING,0.041155989999992926,0.0,0.0,15.739516293839987,0,0,0,0.0,0.0,1.0,0,0,0,0,32,8,0
3573,367.815541576,171.5,12.5,334.0,476.0,171.5,12.5,334.0,476.0,nan,nan,nan,nan,0.8554046750068665,nan,0,nan,nan,nan,TRACKING,0.04734618500003762,0.0,0.0,13.197699171187192,0,0,0,0.0,0.0,1.0,0,0,0,0,32,8,0
3574,367.888459247,171.5,12.5,334.0,476.0,171.5,12.5,334.0,476.0,nan,nan,nan,nan,0.8544186949729919,nan,0,nan,nan,nan,TRACKING,0.048011467000037555,0.0,0.0,13.714096820229265,0,0,0,0.0,0.0,1.0,0,0,0,0,32,8,0
3575,367.959862392,171.5,12.5,334.0,476.0,171.5,12.5,334.0,476.0,nan,nan,nan,nan,0.8549886345863342,nan,0,nan,nan,nan,TRACKING,0.048721750000026987,0.0,0.0,14.004985354641285,0,0,0,0.0,0.0,1.0,0,0,0,0,32,8,0
3576,368.028175647,171.5,12.5,334.0,476.0,171.5,12.5,334.0,476.0,nan,nan,nan,nan,0.8640446066856384,nan,0,nan,nan,nan,TRACKING,0.042877137999994375,0.0,0.0,14.638447545790248,0,0,0,0.0,0.0,1.0,0,0,0,0,32,8,0
3577,368.11773144899996,171.5,12.5,334.0,476.0,171.5,12.5,334.0,476.0,nan,nan,nan,nan,0.8668897747993469,nan,0,nan,nan,nan,TRACKING,0.056683043000020916,0.0,0.0,11.16622237385089,0,0,0,0.0,0.0,1.0,0,0,0,0,32,8,0
3578,368.18343759000004,171.5,12.5,334.0,476.0,171.5,12.5,334.0,476.0,nan,nan,nan,nan,0.8658549189567566,nan,0,nan,nan,nan,TRACKING,0.0395901589999994,0.0,0.0,15.219277601446946,0,0,0,0.0,0.0,1.0,0,0,0,0,32,8,0
3579,368.25985912299996,171.5,12.5,334.0,476.0,171.5,12.5,334.0,476.0,nan,nan,nan,nan,0.8733762502670288,nan,0,nan,nan,nan,TRACKING,0.05434479200005171,0.0,0.0,13.08531719719753,0,0,0,0.0,0.0,1.0,0,0,0,0,32,8,0
3580,368.33644877099994,171.5,12.5,334.0,476.0,171.5,12.5,334.0,476.0,nan,nan,nan,nan,0.8619281053543091,nan,0,nan,nan,nan,TRACKING,0.05240180199996303,0.0,0.0,13.056594802475757,0,0,0,0.0,0.0,1.0,0,0,0,0,32,8,0
3581,368.41389682700003,171.5,12.5,334.0,476.0,171.5,12.5,334.0,476.0,nan,nan,nan,nan,0.8723185062408447,nan,0,nan,nan,nan,TRACKING,0.044896149000010155,0.0,0.0,12.911879931483215,0,0,0,0.0,0.0,1.0,0,0,0,0,32,8,0
3582,368.48618894000003,171.5,12.5,334.0,476.0,171.5,12.5,334.0,476.0,nan,nan,nan,nan,0.8724355101585388,nan,0,nan,nan,nan,TRACKING,0.048854242000061276,0.0,0.0,13.832767621551694,0,0,0,0.0,0.0,1.0,0,0,0,0,32,8,0
3583,368.55164635999995,171.5,12.5,334.0,476.0,171.5,12.5,334.0,476.0,nan,nan,nan,nan,0.8729687929153442,nan,0,nan,nan,nan,TRACKING,0.04240805000006276,0.0,0.0,15.277106858187848,0,0,0,0.0,0.0,1.0,0,0,0,0,32,8,0
3584,368.62711742700003,171.5,12.5,334.0,476.0,171.5,12.5,334.0,476.0,nan,nan,nan,nan,0.8674933314323425,nan,0,nan,nan,nan,TRACKING,0.04919472200003838,0.0,0.0,13.25011080072492,0,0,0,0.0,0.0,1.0,0,0,0,0,32,8,0
3585,369.033488414,171.5,12.5,334.0,476.0,171.5,12.5,334.0,476.0,159.0,20.0,437.0,460.0,0.8711069822311401,0.916785,1,0.7445097013044911,0.04875400624564098,1.2644039651788859,DETECTOR_CONFIRMED,0.05025897400003032,0.3311939389999452,0.0,2.4608055988016035,0,0,0,0.0,0.0,1.0,0,0,0,0,32,8,0
3586,369.10682806,171.5,12.5,334.0,476.0,171.5,12.5,334.0,476.0,nan,nan,nan,nan,0.855326771736145,nan,0,nan,nan,nan,TRACKING,0.04098389099999622,0.0,0.0,13.635189894422146,0,0,0,0.0,0.0,1.0,0,0,0,0,32,8,0
3587,369.227956394,171.5,12.5,334.0,476.0,171.5,12.5,334.0,476.0,nan,nan,nan,nan,0.8567453026771545,nan,0,nan,nan,nan,TRACKING,0.09362288700003774,0.0,0.0,8.255706711858805,0,0,0,0.0,0.0,1.0,0,0,0,0,32,8,0
3588,369.292947284,171.5,12.5,334.0,476.0,171.5,12.5,334.0,476.0,nan,nan,nan,nan,0.85856032371521,nan,0,nan,nan,nan,TRACKING,0.041615521000039735,0.0,0.0,15.386771899879404,0,0,0,0.0,0.0,1.0,0,0,0,0,32,8,0
3589,369.37732085000005,171.5,12.5,334.0,476.0,171.5,12.5,334.0,476.0,nan,nan,nan,nan,0.8520180583000183,nan,0,nan,nan,nan,TRACKING,0.05449055200006114,0.0,0.0,11.852053284072404,0,0,0,0.0,0.0,1.0,0,0,0,0,32,8,0
3590,369.45963732099995,171.5,12.5,334.0,476.0,171.5,12.5,334.0,476.0,nan,nan,nan,nan,0.8586912751197815,nan,0,nan,nan,nan,TRACKING,0.054293669999992744,0.0,0.0,12.148237015666346,0,0,0,0.0,0.0,1.0,0,0,0,0,32,8,0
3591,369.527979919,171.5,12.5,334.0,476.0,171.5,12.5,334.0,476.0,nan,nan,nan,nan,0.8543834090232849,nan,0,nan,nan,nan,TRACKING,0.044372891999955755,0.0,0.0,14.632162505717826,0,0,0,0.0,0.0,1.0,0,0,0,0,32,8,0
3592,369.60034587199993,171.5,12.5,334.0,476.0,171.5,12.5,334.0,476.0,nan,nan,nan,nan,0.8541389107704163,nan,0,nan,nan,nan,TRACKING,0.048736936000068454,0.0,0.0,13.818653089542677,0,0,0,0.0,0.0,1.0,0,0,0,0,32,8,0
3593,369.679109315,171.5,12.5,334.0,476.0,171.5,12.5,334.0,476.0,nan,nan,nan,nan,0.8558772802352905,nan,0,nan,nan,nan,TRACKING,0.05061558799991417,0.0,0.0,12.6962453888551,0,0,0,0.0,0.0,1.0,0,0,0,0,32,8,0
3594,369.753388817,171.5,12.5,334.0,476.0,171.5,12.5,334.0,476.0,nan,nan,nan,nan,0.8496524691581726,nan,0,nan,nan,nan,TRACKING,0.04689635699992323,0.0,0.0,13.462664302736393,0,0,0,0.0,0.0,1.0,0,0,0,0,32,8,0
3595,369.83534954799995,171.5,12.5,334.0,476.0,171.5,12.5,334.0,476.0,nan,nan,nan,nan,0.8481917381286621,nan,0,nan,nan,nan,TRACKING,0.05324566899992078,0.0,0.0,12.200964874266818,0,0,0,0.0,0.0,1.0,0,0,0,0,32,8,0
3596,369.91042610499994,171.5,12.5,334.0,476.0,171.5,12.5,334.0,476.0,nan,nan,nan,nan,0.8511272668838501,nan,0,nan,nan,nan,TRACKING,0.04851583399999981,0.0,0.0,13.31973707851511,0,0,0,0.0,0.0,1.0,0,0,0,0,32,8,0
3597,369.98998941699995,171.5,12.5,334.0,476.0,171.5,12.5,334.0,476.0,nan,nan,nan,nan,0.8463550209999084,nan,0,nan,nan,nan,TRACKING,0.05326223299994126,0.0,0.0,12.568606998159403,0,0,0,0.0,0.0,1.0,0,0,0,0,32,8,0
3598,370.067728871,171.5,12.5,334.0,476.0,171.5,12.5,334.0,476.0,nan,nan,nan,nan,0.8402994871139526,nan,0,nan,nan,nan,TRACKING,0.051887501999999586,0.0,0.0,12.863481135325474,0,0,0,0.0,0.0,1.0,0,0,0,0,32,8,0
3599,370.143323465,171.5,12.5,334.0,476.0,171.5,12.5,334.0,476.0,nan,nan,nan,nan,0.8460365533828735,nan,0,nan,nan,nan,TRACKING,0.04451992799999971,0.0,0.0,13.228459167332392,0,0,0,0.0,0.0,1.0,0,0,0,0,32,8,0
3600,370.59490094800003,171.5,12.5,334.0,476.0,171.5,12.5,334.0,476.0,151.0,18.0,465.0,462.0,0.8469024300575256,0.848352,1,0.7029785062822884,0.056281241324263626,1.351268052131032,DETECTOR_CONFIRMED,0.049722539000072175,0.36982582200005254,0.0,2.214459395443079,0,0,0,0.0,0.0,1.0,0,0,0,0,32,8,0
3601,370.68367270399995,171.5,12.5,334.0,476.0,171.5,12.5,334.0,476.0,nan,nan,nan,nan,0.8742750883102417,nan,0,nan,nan,nan,TRACKING,0.055267178000008244,0.0,0.0,11.26484419212077,0,0,0,0.0,0.0,1.0,0,0,0,0,32,8,0
3602,370.75657006200004,171.5,12.5,334.0,476.0,171.5,12.5,334.0,476.0,nan,nan,nan,nan,0.8766852021217346,nan,0,nan,nan,nan,TRACKING,0.04639882999993006,0.0,0.0,13.71791828174006,0,0,0,0.0,0.0,1.0,0,0,0,0,32,8,0
3603,370.841696027,171.5,12.5,334.0,476.0,171.5,12.5,334.0,476.0,nan,nan,nan,nan,0.8721500635147095,nan,0,nan,nan,nan,TRACKING,0.058319250999943506,0.0,0.0,11.747297079102681,0,0,0,0.0,0.0,1.0,0,0,0,0,32,8,0
3604,370.911827935,171.5,12.5,334.0,476.0,171.5,12.5,334.0,476.0,nan,nan,nan,nan,0.871852457523346,nan,0,nan,nan,nan,TRACKING,0.04690743999992719,0.0,0.0,14.258844918348608,0,0,0,0.0,0.0,1.0,0,0,0,0,32,8,0
3605,370.97790690499994,171.5,12.5,334.0,476.0,171.5,12.5,334.0,476.0,nan,nan,nan,nan,0.8675035834312439,nan,0,nan,nan,nan,TRACKING,0.043369257999984256,0.0,0.0,15.133407799806658,0,0,0,0.0,0.0,1.0,0,0,0,0,32,8,0
3606,371.04487757000004,171.5,12.5,334.0,476.0,171.5,12.5,334.0,476.0,nan,nan,nan,nan,0.872283399105072,nan,0,nan,nan,nan,TRACKING,0.04357692099995347,0.0,0.0,14.931910859755122,0,0,0,0.0,0.0,1.0,0,0,0,0,32,8,0
3607,371.13476362999995,171.5,12.5,334.0,476.0,171.5,12.5,334.0,476.0,nan,nan,nan,nan,0.8833247423171997,nan,0,nan,nan,nan,TRACKING,0.054883571999994274,0.0,0.0,11.12519560876262,0,0,0,0.0,0.0,1.0,0,0,0,0,32,8,0
3608,371.222259096,171.5,12.5,334.0,476.0,171.5,12.5,334.0,476.0,nan,nan,nan,nan,0.8748627305030823,nan,0,nan,nan,nan,TRACKING,0.06356378800001039,0.0,0.0,11.42916365516893,0,0,0,0.0,0.0,1.0,0,0,0,0,32,8,0
3609,371.312070458,171.5,12.5,334.0,476.0,171.5,12.5,334.0,476.0,nan,nan,nan,nan,0.8708691000938416,nan,0,nan,nan,nan,TRACKING,0.056126206000044476,0.0,0.0,11.134448668090002,0,0,0,0.0,0.0,1.0,0,0,0,0,32,8,0
3610,371.37105862199996,171.5,12.5,334.0,476.0,171.5,12.5,334.0,476.0,nan,nan,nan,nan,0.8556192517280579,nan,0,nan,nan,nan,TRACKING,0.038249297999982446,0.0,0.0,16.952553396991696,0,0,0,0.0,0.0,1.0,0,0,0,0,32,8,0
3611,371.443105885,171.5,12.5,334.0,476.0,171.5,12.5,334.0,476.0,nan,nan,nan,nan,0.8601949214935303,nan,0,nan,nan,nan,TRACKING,0.04857847000005222,0.0,0.0,13.879777778639374,0,0,0,0.0,0.0,1.0,0,0,0,0,32,8,0
3612,371.57437298599996,171.5,12.5,334.0,476.0,171.5,12.5,334.0,476.0,nan,nan,nan,nan,0.8569644093513489,nan,0,nan,nan,nan,TRACKING,0.09127743599992755,0.0,0.0,7.618055037267077,0,0,0,0.0,0.0,1.0,0,0,0,0,32,8,0
3613,371.65143842399993,171.5,12.5,334.0,476.0,171.5,12.5,334.0,476.0,nan,nan,nan,nan,0.8652442693710327,nan,0,nan,nan,nan,TRACKING,0.04927536600007443,0.0,0.0,12.975985421639981,0,0,0,0.0,0.0,1.0,0,0,0,0,32,8,0
3614,371.717987602,171.5,12.5,334.0,476.0,171.5,12.5,334.0,476.0,nan,nan,nan,nan,0.8687394857406616,nan,0,nan,nan,nan,TRACKING,0.043707904000029885,0.0,0.0,15.026481619338837,0,0,0,0.0,0.0,1.0,0,0,0,0,32,8,0
3615,372.24327846100005,171.5,12.5,334.0,476.0,171.5,12.5,334.0,476.0,147.0,13.0,444.0,467.0,0.8724508881568909,0.923844,1,0.7415024197305494,0.03845147103818006,1.3042067126251697,DETECTOR_CONFIRMED,0.04136741499996788,0.45963863700001184,0.0,1.9037072183277832,0,0,0,0.0,0.0,1.0,0,0,0,0,32,8,0
3616,372.31882665499995,171.5,12.5,334.0,476.0,171.5,12.5,334.0,476.0,nan,nan,nan,nan,0.8805414438247681,nan,0,nan,nan,nan,TRACKING,0.044475312999907146,0.0,0.0,13.236583789166799,0,0,0,0.0,0.0,1.0,0,0,0,0,32,8,0
3617,372.38993908099997,171.5,12.5,334.0,476.0,171.5,12.5,334.0,476.0,nan,nan,nan,nan,0.8834508657455444,nan,0,nan,nan,nan,TRACKING,0.04413873999999396,0.0,0.0,14.062239980391226,0,0,0,0.0,0.0,1.0,0,0,0,0,32,8,0
3618,372.466432036,171.5,12.5,334.0,476.0,171.5,12.5,334.0,476.0,nan,nan,nan,nan,0.8837479948997498,nan,0,nan,nan,nan,TRACKING,0.043050374000017655,0.0,0.0,13.07309934619942,0,0,0,0.0,0.0,1.0,0,0,0,0,32,8,0
3619,372.541321713,171.5,12.5,334.0,476.0,171.5,12.5,334.0,476.0,nan,nan,nan,nan,0.8838046193122864,nan,0,nan,nan,nan,TRACKING,0.04167413300001499,0.0,0.0,13.352975203781002,0,0,0,0.0,0.0,1.0,0,0,0,0,32,8,0
3620,372.605186002,171.5,12.5,334.0,476.0,171.5,12.5,334.0,476.0,nan,nan,nan,nan,0.8908972144126892,nan,0,nan,nan,nan,TRACKING,0.04100202999995872,0.0,0.0,15.658202974753415,0,0,0,0.0,0.0,1.0,0,0,0,0,32,8,0
3621,372.68708807999997,171.5,12.5,334.0,476.0,171.5,12.5,334.0,476.0,nan,nan,nan,nan,0.8867023587226868,nan,0,nan,nan,nan,TRACKING,0.05281608799998594,0.0,0.0,12.209702420495216,0,0,0,0.0,0.0,1.0,0,0,0,0,32,8,0
3622,372.763078728,171.5,4.5254364013671875,334.0,476.0,171.5,4.5254364013671875,334.0,476.0,nan,nan,nan,nan,0.8762586116790771,nan,0,nan,nan,nan,TRACKING,0.05245993099993029,0.0,0.0,13.159514049673547,0,0,0,7.9745635986328125,0.009968204498291016,1.0,0,0,0,0,32,8,0
3623,372.834971439,171.5,4.5,334.0,476.0,171.5,4.5,334.0,476.0,nan,nan,nan,nan,0.847115159034729,nan,0,nan,nan,nan,TRACKING,0.046097915000018475,0.0,0.0,13.909615955358136,0,0,0,0.0254364013671875,3.179550170898438e-05,1.0,0,0,0,0,32,8,0
3624,372.905062272,171.5,4.5,334.0,476.0,171.5,4.5,334.0,476.0,nan,nan,nan,nan,0.857004702091217,nan,0,nan,nan,nan,TRACKING,0.0446610999999848,0.0,0.0,14.26720096193,0,0,0,0.0,0.0,1.0,0,0,0,0,32,8,0
3625,372.975088467,171.5,4.5,334.0,476.0,171.5,4.5,334.0,476.0,nan,nan,nan,nan,0.8478272557258606,nan,0,nan,nan,nan,TRACKING,0.043134387000009156,0.0,0.0,14.280370367124036,0,0,0,0.0,0.0,1.0,0,0,0,0,32,8,0
3626,373.05495949399995,171.5,4.5,334.0,476.0,171.5,4.5,334.0,476.0,nan,nan,nan,nan,0.8223547339439392,nan,0,nan,nan,nan,TRACKING,0.055780658000003314,0.0,0.0,12.520184572065265,0,0,0,0.0,0.0,1.0,0,0,0,0,32,8,0
3627,373.12249925899994,171.5,4.5,334.0,476.0,171.5,4.5,334.0,476.0,nan,nan,nan,nan,0.8157021999359131,nan,0,nan,nan,nan,TRACKING,0.043541430000004766,0.0,0.0,14.806092381282562,0,0,0,0.0,0.0,1.0,0,0,0,0,32,8,0
3628,373.194984019,179.47454833984375,4.5,334.0,476.0,179.47454833984375,4.5,334.0,476.0,nan,nan,nan,nan,0.826063871383667,nan,0,nan,nan,nan,TRACKING,0.049742295999976704,0.0,0.0,13.796003463336193,0,0,0,7.97454833984375,0.009968185424804687,1.0,0,0,0,0,32,8,0
3629,373.28279971300003,179.5,4.5,334.0,476.0,179.5,4.5,334.0,476.0,nan,nan,nan,nan,0.8432603478431702,nan,0,nan,nan,nan,TRACKING,0.057004547000019556,0.0,0.0,11.387486159360993,0,0,0,0.02545166015625,3.18145751953125e-05,1.0,0,0,0,0,32,8,0
3630,373.814146715,179.5,4.5,334.0,476.0,179.5,4.5,334.0,476.0,202.0,1.0,299.0,479.0,0.8417750000953674,0.979388,1,0.8884212696954643,0.0067314560089181295,1.1100606754596043,DETECTOR_CONFIRMED,0.048736474000065755,0.4516456860000062,0.0,1.8820093013342585,0,0,0,0.0,0.0,1.0,0,0,0,0,32,8,0
3631,373.909121409,179.5,4.5,334.0,476.0,179.5,4.5,334.0,476.0,nan,nan,nan,nan,0.8692368268966675,nan,0,nan,nan,nan,TRACKING,0.055014318999951684,0.0,0.0,10.52912052551271,0,0,0,0.0,0.0,1.0,0,0,0,0,32,8,0
3632,374.00780017399995,179.5,4.5,334.0,476.0,179.5,4.5,334.0,476.0,nan,nan,nan,nan,0.8666789531707764,nan,0,nan,nan,nan,TRACKING,0.06298601900004996,0.0,0.0,10.133892535042314,0,0,0,0.0,0.0,1.0,0,0,0,0,32,8,0
3633,374.08579065699996,179.5,4.5,334.0,476.0,179.5,4.5,334.0,476.0,nan,nan,nan,nan,0.8428265452384949,nan,0,nan,nan,nan,TRACKING,0.04360741200002849,0.0,0.0,12.822077278325105,0,0,0,0.0,0.0,1.0,0,0,0,0,32,8,0
3634,374.150264429,179.5,4.5,334.0,476.0,179.5,4.5,334.0,476.0,nan,nan,nan,nan,0.8628553748130798,nan,0,nan,nan,nan,TRACKING,0.04122546600001442,0.0,0.0,15.510182962450944,0,0,0,0.0,0.0,1.0,0,0,0,0,32,8,0
3635,374.22700893699994,179.5,4.5,334.0,476.0,179.5,4.5,334.0,476.0,nan,nan,nan,nan,0.8630142211914062,nan,0,nan,nan,nan,TRACKING,0.05076637900003789,0.0,0.0,13.030248366448165,0,0,0,0.0,0.0,1.0,0,0,0,0,32,8,0
3636,374.296967141,179.5,4.5,334.0,476.0,179.5,4.5,334.0,476.0,nan,nan,nan,nan,0.8786597847938538,nan,0,nan,nan,nan,TRACKING,0.048134835999917414,0.0,0.0,14.294249177685524,0,0,0,0.0,0.0,1.0,0,0,0,0,32,8,0
3637,374.425754652,179.5,4.5,334.0,476.0,179.5,4.5,334.0,476.0,nan,nan,nan,nan,0.8783575296401978,nan,0,nan,nan,nan,TRACKING,0.1046874649999836,0.0,0.0,7.764728056586781,0,0,0,0.0,0.0,1.0,0,0,0,0,32,8,0
3638,374.491732622,179.5,4.5,334.0,476.0,179.5,4.5,334.0,476.0,nan,nan,nan,nan,0.8684436082839966,nan,0,nan,nan,nan,TRACKING,0.043266663000053995,0.0,0.0,15.156574232289554,0,0,0,0.0,0.0,1.0,0,0,0,0,32,8,0
3639,374.58312948,179.5,4.5,334.0,476.0,179.5,4.5,334.0,476.0,nan,nan,nan,nan,0.8648415207862854,nan,0,nan,nan,nan,TRACKING,0.06341971599999852,0.0,0.0,10.941295159177377,0,0,0,0.0,0.0,1.0,0,0,0,0,32,8,0
3640,374.668456624,179.5,12.474563598632812,334.0,476.0,179.5,12.474563598632812,334.0,476.0,nan,nan,nan,nan,0.8884610533714294,nan,0,nan,nan,nan,TRACKING,0.05695676100003766,0.0,0.0,11.719600037245467,0,0,0,7.9745635986328125,0.009968204498291016,1.0,0,0,0,0,32,8,0
3641,374.73902197099994,179.5,12.5,334.0,476.0,179.5,12.5,334.0,476.0,nan,nan,nan,nan,0.8747420907020569,nan,0,nan,nan,nan,TRACKING,0.046240659000091,0.0,0.0,14.171261710094365,0,0,0,0.0254364013671875,3.179550170898438e-05,1.0,0,0,0,0,32,8,0
3642,374.80790429900003,179.5,12.5,334.0,476.0,179.5,12.5,334.0,476.0,nan,nan,nan,nan,0.8947550654411316,nan,0,nan,nan,nan,TRACKING,0.04473925999991479,0.0,0.0,14.517511661318272,0,0,0,0.0,0.0,1.0,0,0,0,0,32,8,0
3643,374.877850565,179.5,12.5,334.0,476.0,179.5,12.5,334.0,476.0,nan,nan,nan,nan,0.9042139053344727,nan,0,nan,nan,nan,TRACKING,0.046215033000066796,0.0,0.0,14.296688832541399,0,0,0,0.0,0.0,1.0,0,0,0,0,32,8,0
3644,374.948690555,179.5,12.5,334.0,476.0,179.5,12.5,334.0,476.0,nan,nan,nan,nan,0.8986388444900513,nan,0,nan,nan,nan,TRACKING,0.04126514400002179,0.0,0.0,14.116320456855748,0,0,0,0.0,0.0,1.0,0,0,0,0,32,8,0
3645,375.38377958,179.5,12.5,334.0,476.0,179.5,12.5,334.0,476.0,172.0,17.0,429.0,463.0,0.9052495360374451,0.882863,1,0.761899600431593,0.05006246098625197,1.2493521360640065,DETECTOR_CONFIRMED,0.04522036700006993,0.3630718629999592,0.0,2.2983801993165494,0,0,0,0.0,0.0,1.0,0,0,0,0,32,8,0
3646,375.46390363399996,179.5,12.5,334.0,476.0,179.5,12.5,334.0,476.0,nan,nan,nan,nan,0.9143954515457153,nan,0,nan,nan,nan,TRACKING,0.050665675999994164,0.0,0.0,12.480646573382217,0,0,0,0.0,0.0,1.0,0,0,0,0,32,8,0
3647,375.53964188,179.5,12.5,334.0,476.0,179.5,12.5,334.0,476.0,nan,nan,nan,nan,0.8955607414245605,nan,0,nan,nan,nan,TRACKING,0.053200230000015836,0.0,0.0,13.203368876535764,0,0,0,0.0,0.0,1.0,0,0,0,0,32,8,0
3648,375.60420864699995,179.5,12.5,334.0,476.0,179.5,12.5,334.0,476.0,nan,nan,nan,nan,0.9045160412788391,nan,0,nan,nan,nan,TRACKING,0.04185754900004213,0.0,0.0,15.48784376954176,0,0,0,0.0,0.0,1.0,0,0,0,0,32,8,0
3649,375.669390173,179.5,12.5,334.0,476.0,179.5,12.5,334.0,476.0,nan,nan,nan,nan,0.9112517833709717,nan,0,nan,nan,nan,TRACKING,0.04200218899995889,0.0,0.0,15.34177030465771,0,0,0,0.0,0.0,1.0,0,0,0,0,32,8,0
3650,375.74567640399994,179.5,12.5,334.0,476.0,179.5,12.5,334.0,476.0,nan,nan,nan,nan,0.9121930003166199,nan,0,nan,nan,nan,TRACKING,0.05309371699991061,0.0,0.0,13.108525442828144,0,0,0,0.0,0.0,1.0,0,0,0,0,32,8,0
3651,375.826866062,179.5,12.5,334.0,476.0,179.5,12.5,334.0,476.0,nan,nan,nan,nan,0.9015018939971924,nan,0,nan,nan,nan,TRACKING,0.05646412999999484,0.0,0.0,12.316839664467553,0,0,0,0.0,0.0,1.0,0,0,0,0,32,8,0
3652,375.909394875,179.5,12.5,334.0,476.0,179.5,12.5,334.0,476.0,nan,nan,nan,nan,0.8953385949134827,nan,0,nan,nan,nan,TRACKING,0.053794884000012644,0.0,0.0,12.116980284213748,0,0,0,0.0,0.0,1.0,0,0,0,0,32,8,0
3653,375.97160001,179.5,12.5,334.0,476.0,179.5,12.5,334.0,476.0,nan,nan,nan,nan,0.8870207667350769,nan,0,nan,nan,nan,TRACKING,0.03968852600007722,0.0,0.0,16.075843256348726,0,0,0,0.0,0.0,1.0,0,0,0,0,32,8,0
3654,376.03731035299995,179.5,12.5,334.0,476.0,179.5,12.5,334.0,476.0,nan,nan,nan,nan,0.8838023543357849,nan,0,nan,nan,nan,TRACKING,0.042325219999952424,0.0,0.0,15.218304369531843,0,0,0,0.0,0.0,1.0,0,0,0,0,32,8,0
3655,376.108114755,179.5,12.5,334.0,476.0,179.5,12.5,334.0,476.0,nan,nan,nan,nan,0.8850692510604858,nan,0,nan,nan,nan,TRACKING,0.047393756000019494,0.0,0.0,14.123415659942939,0,0,0,0.0,0.0,1.0,0,0,0,0,32,8,0
3656,376.189338529,179.5,12.5,334.0,476.0,179.5,12.5,334.0,476.0,nan,nan,nan,nan,0.8891940712928772,nan,0,nan,nan,nan,TRACKING,0.0561204739999539,0.0,0.0,12.311666286273763,0,0,0,0.0,0.0,1.0,0,0,0,0,32,8,0
3657,376.27241761899995,179.5,12.5,334.0,476.0,179.5,12.5,334.0,476.0,nan,nan,nan,nan,0.8920841813087463,nan,0,nan,nan,nan,TRACKING,0.058016988999952446,0.0,0.0,12.036723079183153,0,0,0,0.0,0.0,1.0,0,0,0,0,32,8,0
3658,376.33615450499997,179.5,12.5,334.0,476.0,179.5,12.5,334.0,476.0,nan,nan,nan,nan,0.8845028281211853,nan,0,nan,nan,nan,TRACKING,0.04085881299999983,0.0,0.0,15.689501994179043,0,0,0,0.0,0.0,1.0,0,0,0,0,32,8,0
3659,376.402024526,179.5,12.5,334.0,476.0,179.5,12.5,334.0,476.0,nan,nan,nan,nan,0.8820818066596985,nan,0,nan,nan,nan,TRACKING,0.04252094599996781,0.0,0.0,15.1814131044477,0,0,0,0.0,0.0,1.0,0,0,0,0,32,8,0
3660,376.820463258,179.5,12.5,334.0,476.0,179.5,12.5,334.0,476.0,177.0,15.0,418.0,465.0,0.8913057446479797,0.927459,1,0.7842196683565268,0.04951720029444315,1.2225758566899814,DETECTOR_CONFIRMED,0.05649870299998838,0.31789877799997157,0.0,2.389836130179115,0,0,0,0.0,0.0,1.0,0,0,0,0,32,8,0
3661,376.90347545299994,179.5,12.5,334.0,476.0,179.5,12.5,334.0,476.0,nan,nan,nan,nan,0.8872694969177246,nan,0,nan,nan,nan,TRACKING,0.05414441400000669,0.0,0.0,12.046422817766924,0,0,0,0.0,0.0,1.0,0,0,0,0,32,8,0
3662,377.01871224699994,179.5,12.5,334.0,476.0,179.5,12.5,334.0,476.0,nan,nan,nan,nan,0.9067405462265015,nan,0,nan,nan,nan,TRACKING,0.09165317999998024,0.0,0.0,8.677783937654674,0,0,0,0.0,0.0,1.0,0,0,0,0,32,8,0
3663,377.08542218900004,179.5,12.5,334.0,476.0,179.5,12.5,334.0,476.0,nan,nan,nan,nan,0.8873592615127563,nan,0,nan,nan,nan,TRACKING,0.04382567100003598,0.0,0.0,14.990269366423178,0,0,0,0.0,0.0,1.0,0,0,0,0,32,8,0
3664,377.156501479,179.5,12.5,334.0,476.0,179.5,12.5,334.0,476.0,nan,nan,nan,nan,0.8901061415672302,nan,0,nan,nan,nan,TRACKING,0.044250163000015164,0.0,0.0,14.068795566202166,0,0,0,0.0,0.0,1.0,0,0,0,0,32,8,0
3665,377.23810165299994,179.5,12.5,334.0,476.0,179.5,12.5,334.0,476.0,nan,nan,nan,nan,0.911834180355072,nan,0,nan,nan,nan,TRACKING,0.05699371699995481,0.0,0.0,12.25487582906992,0,0,0,0.0,0.0,1.0,0,0,0,0,32,8,0
3666,377.31264848599994,179.5,12.5,334.0,476.0,179.5,12.5,334.0,476.0,nan,nan,nan,nan,0.9038621783256531,nan,0,nan,nan,nan,TRACKING,0.05023225899992667,0.0,0.0,13.414386094711867,0,0,0,0.0,0.0,1.0,0,0,0,0,32,8,0
3667,377.395606443,179.5,12.5,334.0,476.0,179.5,12.5,334.0,476.0,nan,nan,nan,nan,0.8939453363418579,nan,0,nan,nan,nan,TRACKING,0.05202736100000038,0.0,0.0,12.054298781720043,0,0,0,0.0,0.0,1.0,0,0,0,0,32,8,0
3668,377.473723113,179.5,12.5,334.0,476.0,179.5,12.5,334.0,476.0,nan,nan,nan,nan,0.9068009257316589,nan,0,nan,nan,nan,TRACKING,0.04505694800002402,0.0,0.0,12.801364932736917,0,0,0,0.0,0.0,1.0,0,0,0,0,32,8,0
3669,377.548903914,179.5,12.5,334.0,476.0,179.5,12.5,334.0,476.0,nan,nan,nan,nan,0.9165115356445312,nan,0,nan,nan,nan,TRACKING,0.051709694999999556,0.0,0.0,13.301268232033916,0,0,0,0.0,0.0,1.0,0,0,0,0,32,8,0
3670,377.635784018,179.5,12.5,334.0,476.0,179.5,12.5,334.0,476.0,nan,nan,nan,nan,0.912321925163269,nan,0,nan,nan,nan,TRACKING,0.05396747099996446,0.0,0.0,11.510115135222879,0,0,0,0.0,0.0,1.0,0,0,0,0,32,8,0
3671,377.738611309,179.5,12.5,334.0,476.0,179.5,12.5,334.0,476.0,nan,nan,nan,nan,0.9228690266609192,nan,0,nan,nan,nan,TRACKING,0.07376737499998853,0.0,0.0,9.725044686819714,0,0,0,0.0,0.0,1.0,0,0,0,0,32,8,0
3672,377.82279024,179.5,12.5,334.0,476.0,179.5,12.5,334.0,476.0,nan,nan,nan,nan,0.9075751900672913,nan,0,nan,nan,nan,TRACKING,0.0541446630001019,0.0,0.0,11.879457105484493,0,0,0,0.0,0.0,1.0,0,0,0,0,32,8,0
3673,377.902645033,179.5,12.5,334.0,476.0,179.5,12.5,334.0,476.0,nan,nan,nan,nan,0.9104716181755066,nan,0,nan,nan,nan,TRACKING,0.04129777600007856,0.0,0.0,12.522729850420298,0,0,0,0.0,0.0,1.0,0,0,0,0,32,8,0
3674,378.000553898,179.5,12.5,334.0,476.0,179.5,12.5,334.0,476.0,nan,nan,nan,nan,0.9061842560768127,nan,0,nan,nan,nan,TRACKING,0.06932589099994857,0.0,0.0,10.213579740708603,0,0,0,0.0,0.0,1.0,0,0,0,0,32,8,0
3675,378.547426622,179.5,12.5,334.0,476.0,179.5,12.5,334.0,476.0,173.0,12.0,416.0,468.0,0.9202619194984436,0.923332,1,0.7904995266469901,0.04349030064278701,1.2245760579680973,DETECTOR_CONFIRMED,0.05192053500002203,0.45336586300004456,0.0,1.8285790388040244,0,0,0,0.0,0.0,1.0,0,0,0,0,32,8,0
3676,378.622470477,179.5,12.5,334.0,476.0,179.5,12.5,334.0,476.0,nan,nan,nan,nan,0.9135134220123291,nan,0,nan,nan,nan,TRACKING,0.03881587099999706,0.0,0.0,13.325541445067485,0,0,0,0.0,0.0,1.0,0,0,0,0,32,8,0
3677,378.698811245,179.5,12.5,334.0,476.0,179.5,12.5,334.0,476.0,nan,nan,nan,nan,0.8956165909767151,nan,0,nan,nan,nan,TRACKING,0.05344213099999706,0.0,0.0,13.099160857272249,0,0,0,0.0,0.0,1.0,0,0,0,0,32,8,0
3678,378.77906806399994,179.5,12.5,334.0,476.0,179.5,12.5,334.0,476.0,nan,nan,nan,nan,0.9011463522911072,nan,0,nan,nan,nan,TRACKING,0.050692988000037076,0.0,0.0,12.460000439348624,0,0,0,0.0,0.0,1.0,0,0,0,0,32,8,0
3679,378.85594530599997,179.5,12.5,334.0,476.0,179.5,12.5,334.0,476.0,nan,nan,nan,nan,0.8976888656616211,nan,0,nan,nan,nan,TRACKING,0.05287023899995802,0.0,0.0,13.007750720293764,0,0,0,0.0,0.0,1.0,0,0,0,0,32,8,0
3680,378.92533566299994,179.5,12.5,334.0,476.0,179.5,12.5,334.0,476.0,nan,nan,nan,nan,0.8950641751289368,nan,0,nan,nan,nan,TRACKING,0.045515130000012505,0.0,0.0,14.411224314645965,0,0,0,0.0,0.0,1.0,0,0,0,0,32,8,0
3681,378.99818664199995,179.5,12.5,334.0,476.0,179.5,12.5,334.0,476.0,nan,nan,nan,nan,0.9129186272621155,nan,0,nan,nan,nan,TRACKING,0.04543392900006893,0.0,0.0,13.72665149770846,0,0,0,0.0,0.0,1.0,0,0,0,0,32,8,0
3682,379.06408726099994,179.5,12.5,334.0,476.0,179.5,12.5,334.0,476.0,nan,nan,nan,nan,0.9144774079322815,nan,0,nan,nan,nan,TRACKING,0.04214133300001777,0.0,0.0,15.174364295427205,0,0,0,0.0,0.0,1.0,0,0,0,0,32,8,0
3683,379.14629288799995,179.5,12.5,334.0,476.0,179.5,12.5,334.0,476.0,nan,nan,nan,nan,0.8904315233230591,nan,0,nan,nan,nan,TRACKING,0.05893895799999882,0.0,0.0,12.164617392917739,0,0,0,0.0,0.0,1.0,0,0,0,0,32,8,0
3684,379.215599076,179.5,12.5,334.0,476.0,179.5,12.5,334.0,476.0,nan,nan,nan,nan,0.89133220911026,nan,0,nan,nan,nan,TRACKING,0.04143975000010869,0.0,0.0,14.428726046791127,0,0,0,0.0,0.0,1.0,0,0,0,0,32,8,0
3685,379.29952558,179.5,12.5,334.0,476.0,179.5,12.5,334.0,476.0,nan,nan,nan,nan,0.8866243362426758,nan,0,nan,nan,nan,TRACKING,0.05388896199997362,0.0,0.0,11.915187126102733,0,0,0,0.0,0.0,1.0,0,0,0,0,32,8,0
3686,379.37345011699995,179.5,12.5,334.0,476.0,179.5,12.5,334.0,476.0,nan,nan,nan,nan,0.8899889588356018,nan,0,nan,nan,nan,TRACKING,0.0469189099999312,0.0,0.0,13.527308260327834,0,0,0,0.0,0.0,1.0,0,0,0,0,32,8,0
3687,379.49063601,179.5,12.5,334.0,476.0,179.5,12.5,334.0,476.0,nan,nan,nan,nan,0.8823408484458923,nan,0,nan,nan,nan,TRACKING,0.09392396999999164,0.0,0.0,8.533450353102893,0,0,0,0.0,0.0,1.0,0,0,0,0,32,8,0
3688,379.57683777700004,179.5,12.5,334.0,476.0,179.5,12.5,334.0,476.0,nan,nan,nan,nan,0.88288813829422,nan,0,nan,nan,nan,TRACKING,0.05740421400003015,0.0,0.0,11.600690273548617,0,0,0,0.0,0.0,1.0,0,0,0,0,32,8,0
3689,379.642168211,179.5,12.5,334.0,476.0,179.5,12.5,334.0,476.0,nan,nan,nan,nan,0.8705796003341675,nan,0,nan,nan,nan,TRACKING,0.042289245000006304,0.0,0.0,15.306801727360074,0,0,0,0.0,0.0,1.0,0,0,0,0,32,8,0
3690,380.030981709,179.5,12.5,334.0,476.0,179.5,12.5,334.0,476.0,165.0,21.0,437.0,458.0,0.8693626523017883,0.917433,1,0.7420134071925416,0.04625422278019597,1.2589065566346298,DETECTOR_CONFIRMED,0.046252016000039475,0.31332693799993194,0.0,2.5719271711087166,0,0,0,0.0,0.0,1.0,0,0,0,0,32,8,0
3691,380.119294006,179.5,12.5,334.0,476.0,179.5,12.5,334.0,476.0,nan,nan,nan,nan,0.8629258871078491,nan,0,nan,nan,nan,TRACKING,0.05392067599996153,0.0,0.0,11.32345136487414,0,0,0,0.0,0.0,1.0,0,0,0,0,32,8,0
3692,380.18966354400004,179.5,12.5,334.0,476.0,179.5,12.5,334.0,476.0,nan,nan,nan,nan,0.8543484807014465,nan,0,nan,nan,nan,TRACKING,0.04212991700001112,0.0,0.0,14.210694405861782,0,0,0,0.0,0.0,1.0,0,0,0,0,32,8,0
3693,380.27082526899994,179.5,12.5,334.0,476.0,179.5,12.5,334.0,476.0,nan,nan,nan,nan,0.8689053058624268,nan,0,nan,nan,nan,TRACKING,0.04877370400004111,0.0,0.0,12.321078685811706,0,0,0,0.0,0.0,1.0,0,0,0,0,32,8,0
3694,380.355060817,179.5,12.5,334.0,476.0,179.5,12.5,334.0,476.0,nan,nan,nan,nan,0.8617468476295471,nan,0,nan,nan,nan,TRACKING,0.057427848999964226,0.0,0.0,11.871472599662445,0,0,0,0.0,0.0,1.0,0,0,0,0,32,8,0
3695,380.41722651099997,179.5,12.5,334.0,476.0,179.5,12.5,334.0,476.0,nan,nan,nan,nan,0.8731960654258728,nan,0,nan,nan,nan,TRACKING,0.039587649000054626,0.0,0.0,16.08604256875529,0,0,0,0.0,0.0,1.0,0,0,0,0,32,8,0
3696,380.486065521,179.5,12.5,334.0,476.0,179.5,12.5,334.0,476.0,nan,nan,nan,nan,0.8796146512031555,nan,0,nan,nan,nan,TRACKING,0.042296059999898716,0.0,0.0,14.526647027601292,0,0,0,0.0,0.0,1.0,0,0,0,0,32,8,0
3697,380.563028151,179.5,12.5,334.0,476.0,179.5,12.5,334.0,476.0,nan,nan,nan,nan,0.8778142929077148,nan,0,nan,nan,nan,TRACKING,0.050721876000011434,0.0,0.0,12.993318965316924,0,0,0,0.0,0.0,1.0,0,0,0,0,32,8,0
3698,380.63754638800003,179.5,12.5,334.0,476.0,179.5,12.5,334.0,476.0,nan,nan,nan,nan,0.8729618787765503,nan,0,nan,nan,nan,TRACKING,0.04836644299996351,0.0,0.0,13.419533798148116,0,0,0,0.0,0.0,1.0,0,0,0,0,32,8,0
3699,380.714068901,179.5,12.5,334.0,476.0,179.5,12.5,334.0,476.0,nan,nan,nan,nan,0.8827692866325378,nan,0,nan,nan,nan,TRACKING,0.0502543100000139,0.0,0.0,13.06804966010695,0,0,0,0.0,0.0,1.0,0,0,0,0,32,8,0
3700,380.78580606799994,179.5,12.5,334.0,476.0,179.5,12.5,334.0,476.0,nan,nan,nan,nan,0.8835974335670471,nan,0,nan,nan,nan,TRACKING,0.04838024499997573,0.0,0.0,13.939775458390514,0,0,0,0.0,0.0,1.0,0,0,0,0,32,8,0
3701,380.85894014999997,179.5,12.5,334.0,476.0,179.5,12.5,334.0,476.0,nan,nan,nan,nan,0.877498984336853,nan,0,nan,nan,nan,TRACKING,0.04353854299995419,0.0,0.0,13.673515447964055,0,0,0,0.0,0.0,1.0,0,0,0,0,32,8,0
3702,380.93037991200003,179.5,12.5,334.0,476.0,179.5,12.5,334.0,476.0,nan,nan,nan,nan,0.8756552338600159,nan,0,nan,nan,nan,TRACKING,0.04687796200005323,0.0,0.0,13.997806991560884,0,0,0,0.0,0.0,1.0,0,0,0,0,32,8,0
3703,381.003981404,179.5,12.5,334.0,476.0,179.5,12.5,334.0,476.0,nan,nan,nan,nan,0.8704487085342407,nan,0,nan,nan,nan,TRACKING,0.05005883499995889,0.0,0.0,13.586681096090555,0,0,0,0.0,0.0,1.0,0,0,0,0,32,8,0
3704,381.068800559,179.5,12.5,334.0,476.0,179.5,12.5,334.0,476.0,nan,nan,nan,nan,0.8846260905265808,nan,0,nan,nan,nan,TRACKING,0.042112773999974706,0.0,0.0,15.427538356522197,0,0,0,0.0,0.0,1.0,0,0,0,0,32,8,0
3705,381.42611085600004,179.5,12.5,334.0,476.0,179.5,12.5,334.0,476.0,167.0,20.0,431.0,459.0,0.8983794450759888,0.91996,1,0.7533205246011194,0.04501735776342277,1.2443327630453378,DETECTOR_CONFIRMED,0.045342657999981384,0.2885484240000551,0.0,2.7986878866799807,0,0,0,0.0,0.0,1.0,0,0,0,0,32,8,0
3706,381.50295159200004,179.5,12.5,334.0,476.0,179.5,12.5,334.0,476.0,nan,nan,nan,nan,0.8895224928855896,nan,0,nan,nan,nan,TRACKING,0.0539897190000147,0.0,0.0,13.013930527681204,0,0,0,0.0,0.0,1.0,0,0,0,0,32,8,0
3707,381.577064542,179.5,12.5,334.0,476.0,179.5,12.5,334.0,476.0,nan,nan,nan,nan,0.9033227562904358,nan,0,nan,nan,nan,TRACKING,0.04756797300001381,0.0,0.0,13.492918579011956,0,0,0,0.0,0.0,1.0,0,0,0,0,32,8,0
3708,381.668406525,179.5,12.5,334.0,476.0,179.5,12.5,334.0,476.0,nan,nan,nan,nan,0.8765428066253662,nan,0,nan,nan,nan,TRACKING,0.062335008999980346,0.0,0.0,10.94786829841353,0,0,0,0.0,0.0,1.0,0,0,0,0,32,8,0
3709,381.74253171500004,179.5,12.5,334.0,476.0,179.5,12.5,334.0,476.0,nan,nan,nan,nan,0.8797832727432251,nan,0,nan,nan,nan,TRACKING,0.045664221000038197,0.0,0.0,13.490690546624677,0,0,0,0.0,0.0,1.0,0,0,0,0,32,8,0
3710,381.81811871799994,179.5,12.5,334.0,476.0,179.5,12.5,334.0,476.0,nan,nan,nan,nan,0.8839374780654907,nan,0,nan,nan,nan,TRACKING,0.046027512999899045,0.0,0.0,13.229787666027406,0,0,0,0.0,0.0,1.0,0,0,0,0,32,8,0
3711,381.88937028399994,179.5,12.5,334.0,476.0,179.5,12.5,334.0,476.0,nan,nan,nan,nan,0.8730820417404175,nan,0,nan,nan,nan,TRACKING,0.04807949799999278,0.0,0.0,14.034779249623629,0,0,0,0.0,0.0,1.0,0,0,0,0,32,8,0
3712,381.998013647,179.5,12.5,334.0,476.0,179.5,12.5,334.0,476.0,nan,nan,nan,nan,0.8827118277549744,nan,0,nan,nan,nan,TRACKING,0.08629861000008532,0.0,0.0,9.204427885755784,0,0,0,0.0,0.0,1.0,0,0,0,0,32,8,0
3713,382.08457705599994,179.5,12.5,334.0,476.0,179.5,12.5,334.0,476.0,nan,nan,nan,nan,0.8948095440864563,nan,0,nan,nan,nan,TRACKING,0.05901382100000774,0.0,0.0,11.552225259527084,0,0,0,0.0,0.0,1.0,0,0,0,0,32,8,0
3714,382.159819674,179.5,12.5,334.0,476.0,179.5,12.5,334.0,476.0,nan,nan,nan,nan,0.8913302421569824,nan,0,nan,nan,nan,TRACKING,0.05122578499992869,0.0,0.0,13.29034032280997,0,0,0,0.0,0.0,1.0,0,0,0,0,32,8,0
3715,382.237416942,179.5,12.5,334.0,476.0,179.5,12.5,334.0,476.0,nan,nan,nan,nan,0.8988244533538818,nan,0,nan,nan,nan,TRACKING,0.05000908400006665,0.0,0.0,12.887051642079706,0,0,0,0.0,0.0,1.0,0,0,0,0,32,8,0
3716,382.30705939300003,179.5,12.5,334.0,476.0,179.5,12.5,334.0,476.0,nan,nan,nan,nan,0.8843300342559814,nan,0,nan,nan,nan,TRACKING,0.04262391899999329,0.0,0.0,14.359058098045486,0,0,0,0.0,0.0,1.0,0,0,0,0,32,8,0
3717,382.38994794199994,171.52545166015625,12.5,334.0,476.0,171.52545166015625,12.5,334.0,476.0,nan,nan,nan,nan,0.8827478289604187,nan,0,nan,nan,nan,TRACKING,0.05988393799998448,0.0,0.0,12.064392634031513,0,0,0,7.97454833984375,0.009968185424804687,1.0,0,0,0,0,32,8,0
3718,382.469772133,171.5,12.5,334.0,476.0,171.5,12.5,334.0,476.0,nan,nan,nan,nan,0.8685684204101562,nan,0,nan,nan,nan,TRACKING,0.05628029499996501,0.0,0.0,12.527530657959138,0,0,0,0.02545166015625,3.18145751953125e-05,1.0,0,0,0,0,32,8,0
3719,382.54526906599995,171.5,12.5,334.0,476.0,171.5,12.5,334.0,476.0,nan,nan,nan,nan,0.868362545967102,nan,0,nan,nan,nan,TRACKING,0.04734373899998445,0.0,0.0,13.245571181025456,0,0,0,0.0,0.0,1.0,0,0,0,0,32,8,0
3720,382.90531583999996,171.5,12.5,334.0,476.0,171.5,12.5,334.0,476.0,162.0,14.0,430.0,466.0,0.8610069751739502,0.921133,1,0.7640094247005694,0.048323454450194266,1.2603784028581493,DETECTOR_CONFIRMED,0.05128989199999978,0.27828742400004103,0.0,2.7774169141700704,0,0,0,0.0,0.0,1.0,0,0,0,0,32,8,0
3721,382.98220411399996,171.5,12.5,334.0,476.0,171.5,12.5,334.0,476.0,nan,nan,nan,nan,0.8642382621765137,nan,0,nan,nan,nan,TRACKING,0.04595369900005153,0.0,0.0,13.005884356306721,0,0,0,0.0,0.0,1.0,0,0,0,0,32,8,0
3722,383.06145474699997,171.5,12.5,334.0,476.0,171.5,12.5,334.0,476.0,nan,nan,nan,nan,0.8808521628379822,nan,0,nan,nan,nan,TRACKING,0.05404043900000488,0.0,0.0,12.618195743620234,0,0,0,0.0,0.0,1.0,0,0,0,0,32,8,0
3723,383.139648059,171.5,12.5,334.0,476.0,171.5,12.5,334.0,476.0,nan,nan,nan,nan,0.8656949400901794,nan,0,nan,nan,nan,TRACKING,0.04900774400005048,0.0,0.0,12.788817539782956,0,0,0,0.0,0.0,1.0,0,0,0,0,32,8,0
3724,383.22032144,171.5,12.5,334.0,476.0,171.5,12.5,334.0,476.0,nan,nan,nan,nan,0.8740418553352356,nan,0,nan,nan,nan,TRACKING,0.051931317000025956,0.0,0.0,12.395662455253223,0,0,0,0.0,0.0,1.0,0,0,0,0,32,8,0
3725,383.29248957699997,171.5,12.5,334.0,476.0,171.5,12.5,334.0,476.0,nan,nan,nan,nan,0.8592252731323242,nan,0,nan,nan,nan,TRACKING,0.04630828899996686,0.0,0.0,13.856530618224362,0,0,0,0.0,0.0,1.0,0,0,0,0,32,8,0
3726,383.36570914000004,171.5,12.5,334.0,476.0,171.5,12.5,334.0,476.0,nan,nan,nan,nan,0.8656567931175232,nan,0,nan,nan,nan,TRACKING,0.04942415300001812,0.0,0.0,13.657552148994634,0,0,0,0.0,0.0,1.0,0,0,0,0,32,8,0
3727,383.438291133,171.5,12.5,334.0,476.0,171.5,12.5,334.0,476.0,nan,nan,nan,nan,0.8697475790977478,nan,0,nan,nan,nan,TRACKING,0.049928438000051756,0.0,0.0,13.77752192613933,0,0,0,0.0,0.0,1.0,0,0,0,0,32,8,0
3728,383.50540385700003,171.5,12.5,334.0,476.0,171.5,12.5,334.0,476.0,nan,nan,nan,nan,0.8661772608757019,nan,0,nan,nan,nan,TRACKING,0.044548807000069246,0.0,0.0,14.90030415096268,0,0,0,0.0,0.0,1.0,0,0,0,0,32,8,0
3729,383.58273280599997,171.5,12.5,334.0,476.0,171.5,12.5,334.0,476.0,nan,nan,nan,nan,0.8805697560310364,nan,0,nan,nan,nan,TRACKING,0.050858777000030386,0.0,0.0,12.931767635958044,0,0,0,0.0,0.0,1.0,0,0,0,0,32,8,0
3730,383.65223663899997,171.5,12.5,334.0,476.0,171.5,12.5,334.0,476.0,nan,nan,nan,nan,0.8768414258956909,nan,0,nan,nan,nan,TRACKING,0.043211687000052734,0.0,0.0,14.387695711688542,0,0,0,0.0,0.0,1.0,0,0,0,0,32,8,0
3731,383.72247491999997,171.5,12.5,334.0,476.0,171.5,12.5,334.0,476.0,nan,nan,nan,nan,0.8730653524398804,nan,0,nan,nan,nan,TRACKING,0.04544060300008823,0.0,0.0,14.237250481684985,0,0,0,0.0,0.0,1.0,0,0,0,0,32,8,0
3732,383.78970280299995,171.5,12.5,334.0,476.0,171.5,12.5,334.0,476.0,nan,nan,nan,nan,0.8638105988502502,nan,0,nan,nan,nan,TRACKING,0.04390920499997719,0.0,0.0,14.874780453821458,0,0,0,0.0,0.0,1.0,0,0,0,0,32,8,0
3733,383.86163102700004,171.5,12.5,334.0,476.0,171.5,12.5,334.0,476.0,nan,nan,nan,nan,0.8706230521202087,nan,0,nan,nan,nan,TRACKING,0.04217394799991325,0.0,0.0,13.902748384260923,0,0,0,0.0,0.0,1.0,0,0,0,0,32,8,0
3734,383.933061112,171.5,12.5,334.0,476.0,171.5,12.5,334.0,476.0,nan,nan,nan,nan,0.8862159848213196,nan,0,nan,nan,nan,TRACKING,0.04826964099993347,0.0,0.0,13.99970334629109,0,0,0,0.0,0.0,1.0,0,0,0,0,32,8,0
3735,384.37818035099997,171.5,12.5,334.0,476.0,171.5,12.5,334.0,476.0,163.0,14.0,426.0,466.0,0.881441056728363,0.930834,1,0.7710645212428662,0.0470787239631662,1.2486539525990037,DETECTOR_CONFIRMED,0.04813432499997816,0.3693336140000838,0.0,2.246589031394599,0,0,0,0.0,0.0,1.0,0,0,0,0,32,8,0
3736,384.471619371,179.47454833984375,12.5,334.0,476.0,179.47454833984375,12.5,334.0,476.0,nan,nan,nan,nan,0.8502517342567444,nan,0,nan,nan,nan,TRACKING,0.06480405299998893,0.0,0.0,10.702167038994455,0,0,0,7.97454833984375,0.009968185424804687,1.0,0,0,0,0,32,8,0
3737,384.59639036199997,179.5,12.5,334.0,476.0,179.5,12.5,334.0,476.0,nan,nan,nan,nan,0.8783594369888306,nan,0,nan,nan,nan,TRACKING,0.09758590799992817,0.0,0.0,8.014683477187981,0,0,0,0.02545166015625,3.18145751953125e-05,1.0,0,0,0,0,32,8,0
3738,384.661753129,179.5,12.5,334.0,476.0,179.5,12.5,334.0,476.0,nan,nan,nan,nan,0.929577648639679,nan,0,nan,nan,nan,TRACKING,0.04172622000010051,0.0,0.0,15.299229911730004,0,0,0,0.0,0.0,1.0,0,0,0,0,32,8,0
3739,384.72917444200004,179.5,12.5,334.0,476.0,179.5,12.5,334.0,476.0,nan,nan,nan,nan,0.9166412949562073,nan,0,nan,nan,nan,TRACKING,0.04398024100009934,0.0,0.0,14.832105094111574,0,0,0,0.0,0.0,1.0,0,0,0,0,32,8,0
3740,384.802286332,179.5,12.5,334.0,476.0,179.5,12.5,334.0,476.0,nan,nan,nan,nan,0.9034679532051086,nan,0,nan,nan,nan,TRACKING,0.04579341700002715,0.0,0.0,13.677665835210695,0,0,0,0.0,0.0,1.0,0,0,0,0,32,8,0
3741,384.885070263,179.5,12.5,334.0,476.0,179.5,12.5,334.0,476.0,nan,nan,nan,nan,0.9108531475067139,nan,0,nan,nan,nan,TRACKING,0.04116443300006267,0.0,0.0,12.079638982111959,0,0,0,0.0,0.0,1.0,0,0,0,0,32,8,0
3742,384.94745877900004,179.5,4.5254364013671875,334.0,476.0,179.5,4.5254364013671875,334.0,476.0,nan,nan,nan,nan,0.8809919953346252,nan,0,nan,nan,nan,TRACKING,0.0398358019999705,0.0,0.0,16.028590902837166,0,0,0,7.9745635986328125,0.009968204498291016,1.0,0,0,0,0,32,8,0
3743,385.14198666999994,179.5,4.5,334.0,476.0,179.5,4.5,334.0,476.0,nan,nan,nan,nan,0.900794267654419,nan,0,nan,nan,nan,TRACKING,0.04262166199998774,0.0,0.0,5.140651013383723,0,0,0,0.0254364013671875,3.179550170898438e-05,1.0,0,0,0,0,32,8,0
3744,385.226209339,171.52545166015625,4.5,334.0,476.0,171.52545166015625,4.5,334.0,476.0,nan,nan,nan,nan,0.8863826394081116,nan,0,nan,nan,nan,TRACKING,0.04232097600004181,0.0,0.0,11.873287938660624,0,0,0,7.97454833984375,0.009968185424804687,1.0,0,0,0,0,32,8,0
3745,385.27733816499995,171.5,4.5,334.0,476.0,171.5,4.5,334.0,476.0,nan,nan,nan,nan,0.8897433280944824,nan,0,nan,nan,nan,TRACKING,0.03593491100002666,0.0,0.0,19.558438521561946,0,0,0,0.02545166015625,3.18145751953125e-05,1.0,0,0,0,0,32,8,0
3746,385.328884025,171.5,4.5,334.0,476.0,171.5,4.5,334.0,476.0,nan,nan,nan,nan,0.8957327008247375,nan,0,nan,nan,nan,TRACKING,0.03442746799998986,0.0,0.0,19.400200132452177,0,0,0,0.0,0.0,1.0,0,0,0,0,32,8,0
3747,385.38189456099997,171.5,4.5,334.0,476.0,171.5,4.5,334.0,476.0,nan,nan,nan,nan,0.8908613324165344,nan,0,nan,nan,nan,TRACKING,0.03562927199993737,0.0,0.0,18.86417447279211,0,0,0,0.0,0.0,1.0,0,0,0,0,32,8,0
3748,385.433553341,171.5,4.5,334.0,476.0,171.5,4.5,334.0,476.0,nan,nan,nan,nan,0.8873481154441833,nan,0,nan,nan,nan,TRACKING,0.033421814000007544,0.0,0.0,19.357793583191704,0,0,0,0.0,0.0,1.0,0,0,0,0,32,8,0
3749,385.48467038599995,171.5,4.5,334.0,476.0,171.5,4.5,334.0,476.0,nan,nan,nan,nan,0.8796893954277039,nan,0,nan,nan,nan,TRACKING,0.03532046099996933,0.0,0.0,19.562946175798555,0,0,0,0.0,0.0,1.0,0,0,0,0,32,8,0
3750,385.84349911000004,171.5,4.5,334.0,476.0,171.5,4.5,334.0,476.0,162.0,7.0,392.0,473.0,0.8787598609924316,0.975803,1,0.8474610820843481,0.024407030237208294,1.1662557238464248,DETECTOR_CONFIRMED,0.038294553000014275,0.29683877200000097,0.0,2.7868449015239554,0,0,0,0.0,0.0,1.0,0,0,0,0,32,8,0
3751,385.909393494,171.5,12.474563598632812,334.0,476.0,171.5,12.474563598632812,334.0,476.0,nan,nan,nan,nan,0.8577813506126404,nan,0,nan,nan,nan,TRACKING,0.03994829800001298,0.0,0.0,15.17580011067655,0,0,0,7.9745635986328125,0.009968204498291016,1.0,0,0,0,0,32,8,0
3752,385.963380671,171.5,12.5,334.0,476.0,171.5,12.5,334.0,476.0,nan,nan,nan,nan,0.8712322115898132,nan,0,nan,nan,nan,TRACKING,0.03434053800003767,0.0,0.0,18.52291702529398,0,0,0,0.0254364013671875,3.179550170898438e-05,1.0,0,0,0,0,32,8,0
3753,386.01409109099995,171.5,12.5,334.0,476.0,171.5,12.5,334.0,476.0,nan,nan,nan,nan,0.861144483089447,nan,0,nan,nan,nan,TRACKING,0.03330061300005127,0.0,0.0,19.719813008855603,0,0,0,0.0,0.0,1.0,0,0,0,0,32,8,0
3754,386.20058039,171.5,12.5,334.0,476.0,171.5,12.5,334.0,476.0,nan,nan,nan,nan,0.8595183491706848,nan,0,nan,nan,nan,TRACKING,0.04159568699992633,0.0,0.0,5.362237969480548,0,0,0,0.0,0.0,1.0,0,0,0,0,32,8,0
