frame_index,timestamp_s,tracker_x,tracker_y,tracker_w,tracker_h,final_x,final_y,final_w,final_h,control_x,control_y,control_w,control_h,control_source,det_x,det_y,det_w,det_h,tracker_score,det_conf,det_count,best_detector_iou,best_center_distance_ratio,best_area_ratio,state,track_time_s,detect_time_s,init_time_s,fps,is_low_score,is_very_low_score,is_out_of_frame,center_delta_px,center_delta_ratio,area_ratio,is_large_jump,is_large_area_change,consecutive_suspicious,ambiguous_detection,soft_reinitializations,hard_reinitializations,background_lock_events,identity_state,identity_score,identity_face_found,identity_candidate_index,identity_target_ready,recognition_time_s,identity_reinit_blocks,eco_ready_warmed,eco_standby_warmed,eco_first_live_handoff_mode
0,0.9402257869951427,nan,nan,nan,nan,126.0,4.0,387.0,476.0,126.0,4.0,387.0,476.0,detector,126.0,4.0,387.0,476.0,,0.987947,1,nan,nan,nan,DETECTOR_CONFIRMED,0.0,0.4727995790017303,0.0,1.06357431781986,0,0,0,0.0,0.0,1.0,0,0,0,0,0,0,0,VERIFIED,1.0,1,0,1,0.45691275400167797,0,1,0,adopt_standby
1,1.066986101999646,161.5,32.5,370.0,416.0,161.5,32.5,370.0,416.0,138.425,13.975,381.05,455.0,tracker,nan,nan,nan,nan,0.7703892588615417,nan,0,nan,nan,nan,TRACKING,0.09912479600461666,0.0,0.0,7.8889043464784185,0,0,0,0.0,0.0,1.0,0,0,0,0,0,0,0,VERIFIED,1.0,1,0,1,0.0,0,1,0,adopt_standby
2,1.1394841559958877,161.5,32.5,370.0,416.0,161.5,32.5,370.0,416.0,146.50125,20.458750000000002,377.1825,441.35,tracker,nan,nan,nan,nan,0.7662504315376282,nan,0,nan,nan,nan,TRACKING,0.05964870500611141,0.0,0.0,13.793473684850088,0,0,0,0.0,0.0,1.0,0,0,0,0,0,0,0,VERIFIED,1.0,1,0,1,0.0,0,1,0,adopt_standby
3,1.2112115130003076,161.5,32.5,370.0,416.0,161.5,32.5,370.0,416.0,151.7508125,24.6731875,374.668625,432.47749999999996,tracker,nan,nan,nan,nan,0.768304705619812,nan,0,nan,nan,nan,TRACKING,0.057214162006857805,0.0,0.0,13.94168197133458,0,0,0,0.0,0.0,1.0,0,0,0,0,0,0,0,VERIFIED,1.0,1,0,1,0.0,0,1,0,adopt_standby
4,1.2801642650010763,161.5,32.5,370.0,416.0,161.5,32.5,370.0,416.0,155.163028125,27.412571875,373.03460625,426.710375,tracker,nan,nan,nan,nan,0.7684780359268188,nan,0,nan,nan,nan,TRACKING,0.055925431006471626,0.0,0.0,14.50268438870797,0,0,0,0.0,0.0,1.0,0,0,0,0,0,0,0,VERIFIED,1.0,1,0,1,0.0,0,1,0,adopt_standby
5,1.344007612002315,161.5,32.5,370.0,416.0,161.5,32.5,370.0,416.0,157.38096828125,29.19317171875,371.9724940625,422.96174375,tracker,nan,nan,nan,nan,0.7612134218215942,nan,0,nan,nan,nan,TRACKING,0.0509498299943516,0.0,0.0,15.663339204014436,0,0,0,0.0,0.0,1.0,0,0,0,0,0,0,0,VERIFIED,1.0,1,0,1,0.0,0,1,0,adopt_standby
6,1.4073238090059021,161.5,32.5,370.0,416.0,161.5,32.5,370.0,416.0,158.8226293828125,30.350561617187502,371.282121140625,420.5251334375,tracker,nan,nan,nan,nan,0.7664976119995117,nan,0,nan,nan,nan,TRACKING,0.05065227099112235,0.0,0.0,15.793747055644316,0,0,0,0.0,0.0,1.0,0,0,0,0,0,0,0,VERIFIED,1.0,1,0,1,0.0,0,1,0,adopt_standby
7,1.4693138260045089,161.5,32.5,370.0,416.0,161.5,32.5,370.0,416.0,159.75970909882813,31.102865051171875,370.83337874140625,418.941336734375,tracker,nan,nan,nan,nan,0.766852855682373,nan,0,nan,nan,nan,TRACKING,0.049389790001441725,0.0,0.0,16.131629710998073,0,0,0,0.0,0.0,1.0,0,0,0,0,0,0,0,VERIFIED,1.0,1,0,1,0.0,0,1,0,adopt_standby
8,1.524606478997157,161.5,32.5,370.0,416.0,161.5,32.5,370.0,416.0,160.36881091423828,31.59186228326172,370.54169618191406,417.91186887734375,tracker,nan,nan,nan,nan,0.7608014941215515,nan,0,nan,nan,nan,TRACKING,0.042874931008554995,0.0,0.0,18.085585441757768,0,0,0,0.0,0.0,1.0,0,0,0,0,0,0,0,VERIFIED,1.0,1,0,1,0.0,0,1,0,adopt_standby
9,1.5817939219996333,161.5,32.5,370.0,416.0,161.5,32.5,370.0,416.0,160.76472709425488,31.90971048412012,370.3521025182441,417.24271477027344,tracker,nan,nan,nan,nan,0.7567508220672607,nan,0,nan,nan,nan,TRACKING,0.04455414200492669,0.0,0.0,17.486356226080918,0,0,0,0.0,0.0,1.0,0,0,0,0,0,0,0,VERIFIED,1.0,1,0,1,0.0,0,1,0,adopt_standby
10,1.8231622530001914,161.5,32.5,370.0,416.0,161.5,32.5,370.0,416.0,131.0,3.0,380.0,477.0,detector,131.0,3.0,380.0,477.0,0.7667369246482849,0.987252,1,0.7660758319809472,0.03189950038793712,1.1776247401247402,DETECTOR_CONFIRMED,0.0444239810021827,0.1827171519980766,0.0,4.143045592827535,0,0,0,0.0,0.0,1.0,0,0,0,0,0,0,0,VERIFIED,1.0,1,0,1,0.0,0,1,0,adopt_standby
11,1.8876446270005545,161.5,32.5,370.0,416.0,161.5,32.5,370.0,416.0,141.675,13.325,376.5,455.65,tracker,nan,nan,nan,nan,0.7696480751037598,nan,0,nan,nan,nan,TRACKING,0.0502198629983468,0.0,0.0,15.508113891625172,0,0,0,0.0,0.0,1.0,0,0,0,0,0,0,0,VERIFIED,1.0,1,0,1,0.0,0,1,0,adopt_standby
12,1.9544017480075127,161.5,32.5,370.0,416.0,161.5,32.5,370.0,416.0,148.61375,20.03625,374.225,441.77250000000004,tracker,nan,nan,nan,nan,0.7700279355049133,nan,0,nan,nan,nan,TRACKING,0.05353192999609746,0.0,0.0,14.979675350226213,0,0,0,0.0,0.0,1.0,0,0,0,0,0,0,0,VERIFIED,1.0,1,0,1,0.0,0,1,0,adopt_standby
13,2.016725627996493,161.5,32.5,370.0,416.0,161.5,32.5,370.0,416.0,153.1239375,24.3985625,372.74625000000003,432.752125,tracker,nan,nan,nan,nan,0.7679781913757324,nan,0,nan,nan,nan,TRACKING,0.04896910199022386,0.0,0.0,16.04521413263761,0,0,0,0.0,0.0,1.0,0,0,0,0,0,0,0,VERIFIED,1.0,1,0,1,0.0,0,1,0,adopt_standby
14,2.077821507002227,161.5,32.5,370.0,416.0,161.5,32.5,370.0,416.0,156.055559375,27.234065625,371.78506250000004,426.88888124999994,tracker,nan,nan,nan,nan,0.761979877948761,nan,0,nan,nan,nan,TRACKING,0.04770573400310241,0.0,0.0,16.3677160599678,0,0,0,0.0,0.0,1.0,0,0,0,0,0,0,0,VERIFIED,1.0,1,0,1,0.0,0,1,0,adopt_standby
15,2.1426633689989103,161.5,32.5,370.0,416.0,161.5,32.5,370.0,416.0,157.96111359375,29.07714265625,371.160290625,423.0777728124999,tracker,nan,nan,nan,nan,0.7628109455108643,nan,0,nan,nan,nan,TRACKING,0.05111134599428624,0.0,0.0,15.422135780911885,0,0,0,0.0,0.0,1.0,0,0,0,0,0,0,0,VERIFIED,1.0,1,0,1,0.0,0,1,0,adopt_standby
16,2.206122175004566,161.5,32.5,370.0,416.0,161.5,32.5,370.0,416.0,159.1997238359375,30.2751427265625,370.75418890625,420.600552328125,tracker,nan,nan,nan,nan,0.7634181380271912,nan,0,nan,nan,nan,TRACKING,0.051034104006248526,0.0,0.0,15.758254258847458,0,0,0,0.0,0.0,1.0,0,0,0,0,0,0,0,VERIFIED,1.0,1,0,1,0.0,0,1,0,adopt_standby
17,2.275010290002683,161.5,32.5,370.0,416.0,161.5,32.5,370.0,416.0,160.00482049335938,31.053842772265625,370.4902227890625,418.99035901328125,tracker,nan,nan,nan,nan,0.7636090517044067,nan,0,nan,nan,nan,TRACKING,0.05560802599939052,0.0,0.0,14.51629210680729,0,0,0,0.0,0.0,1.0,0,0,0,0,0,0,0,VERIFIED,1.0,1,0,1,0.0,0,1,0,adopt_standby
18,2.332093563003582,161.5,32.5,370.0,416.0,161.5,32.5,370.0,416.0,160.5281333206836,31.559997801972656,370.3186448128906,417.9437333586328,tracker,nan,nan,nan,nan,0.7645090222358704,nan,0,nan,nan,nan,TRACKING,0.04468711400113534,0.0,0.0,17.518266690563717,0,0,0,0.0,0.0,1.0,0,0,0,0,0,0,0,VERIFIED,1.0,1,0,1,0.0,0,1,0,adopt_standby
19,2.389568512997357,161.5,32.5,370.0,416.0,161.5,32.5,370.0,416.0,160.86828665844433,31.888998571282226,370.2071191283789,417.26342668311133,tracker,nan,nan,nan,nan,0.7625567317008972,nan,0,nan,nan,nan,TRACKING,0.04475534400262404,0.0,0.0,17.398884211440013,0,0,0,0.0,0.0,1.0,0,0,0,0,0,0,0,VERIFIED,1.0,1,0,1,0.0,0,1,0,adopt_standby
20,2.63588030700339,161.5,32.5,370.0,416.0,161.5,32.5,370.0,416.0,131.0,3.0,383.0,477.0,detector,131.0,3.0,383.0,477.0,0.7644284963607788,0.985565,1,0.771907291112854,0.030026030373660785,1.1869217775467775,DETECTOR_CONFIRMED,0.08741750899935141,0.1449499080044916,0.0,4.059894915042141,0,0,0,0.0,0.0,1.0,0,0,0,0,0,0,0,VERIFIED,1.0,1,0,1,0.0,0,1,0,adopt_standby
21,2.686829772996134,161.5,32.5,370.0,416.0,161.5,32.5,370.0,416.0,141.675,13.325,378.45000000000005,455.65,tracker,nan,nan,nan,nan,0.7884742021560669,nan,0,nan,nan,nan,TRACKING,0.03729181499511469,0.0,0.0,19.627291091577174,0,0,0,0.0,0.0,1.0,0,0,0,0,0,0,0,VERIFIED,1.0,1,0,1,0.0,0,1,0,adopt_standby
22,2.7408588510006666,161.5,32.5,370.0,416.0,161.5,32.5,370.0,416.0,148.61375,20.03625,375.49250000000006,441.77250000000004,tracker,nan,nan,nan,nan,0.7868734002113342,nan,0,nan,nan,nan,TRACKING,0.041220667990273796,0.0,0.0,18.508552004461563,0,0,0,0.0,0.0,1.0,0,0,0,0,0,0,0,VERIFIED,1.0,1,0,1,0.0,0,1,0,adopt_standby
23,2.7990131940023275,161.5,32.5,370.0,416.0,161.5,32.5,370.0,416.0,153.1239375,24.3985625,373.5701250000001,432.752125,tracker,nan,nan,nan,nan,0.7839268445968628,nan,0,nan,nan,nan,TRACKING,0.04537405900191516,0.0,0.0,17.195620281901213,0,0,0,0.0,0.0,1.0,0,0,0,0,0,0,0,VERIFIED,1.0,1,0,1,0.0,0,1,0,adopt_standby
24,2.861224206004408,161.5,32.5,370.0,416.0,161.5,32.5,370.0,416.0,156.055559375,27.234065625,372.32058125000003,426.88888124999994,tracker,nan,nan,nan,nan,0.7922813296318054,nan,0,nan,nan,nan,TRACKING,0.04922025400446728,0.0,0.0,16.07432459009917,0,0,0,0.0,0.0,1.0,0,0,0,0,0,0,0,VERIFIED,1.0,1,0,1,0.0,0,1,0,adopt_standby
25,2.931401834008284,161.5,32.5,370.0,416.0,161.5,32.5,370.0,416.0,157.96111359375,29.07714265625,371.50837781250004,423.0777728124999,tracker,nan,nan,nan,nan,0.7862040996551514,nan,0,nan,nan,nan,TRACKING,0.05421413500152994,0.0,0.0,14.249555427333233,0,0,0,0.0,0.0,1.0,0,0,0,0,0,0,0,VERIFIED,1.0,1,0,1,0.0,0,1,0,adopt_standby
26,2.9971729920071084,161.5,32.5,370.0,416.0,161.5,32.5,370.0,416.0,159.1997238359375,30.2751427265625,370.980445578125,420.600552328125,tracker,nan,nan,nan,nan,0.7832708954811096,nan,0,nan,nan,nan,TRACKING,0.05277425299573224,0.0,0.0,15.20423283436598,0,0,0,0.0,0.0,1.0,0,0,0,0,0,0,0,VERIFIED,1.0,1,0,1,0.0,0,1,0,adopt_standby
27,3.0591286330018193,161.5,32.5,370.0,416.0,161.5,32.5,370.0,416.0,160.00482049335938,31.053842772265625,370.63728962578125,418.99035901328125,tracker,nan,nan,nan,nan,0.7835994958877563,nan,0,nan,nan,nan,TRACKING,0.04935536200355273,0.0,0.0,16.14058032399939,0,0,0,0.0,0.0,1.0,0,0,0,0,0,0,0,VERIFIED,1.0,1,0,1,0.0,0,1,0,adopt_standby
28,3.135751743000583,161.5,32.5,370.0,416.0,161.5,32.5,370.0,416.0,160.5281333206836,31.559997801972656,370.4142382567578,417.9437333586328,tracker,nan,nan,nan,nan,0.7869319319725037,nan,0,nan,nan,nan,TRACKING,0.06400783000572119,0.0,0.0,13.050892870520878,0,0,0,0.0,0.0,1.0,0,0,0,0,0,0,0,VERIFIED,1.0,1,0,1,0.0,0,1,0,adopt_standby
29,3.1888217850064393,161.5,32.5,370.0,416.0,161.5,32.5,370.0,416.0,160.86828665844433,31.888998571282226,370.2692548668926,417.26342668311133,tracker,nan,nan,nan,nan,0.788399338722229,nan,0,nan,nan,nan,TRACKING,0.040454242000123486,0.0,0.0,18.8430225830544,0,0,0,0.0,0.0,1.0,0,0,0,0,0,0,0,VERIFIED,1.0,1,0,1,0.0,0,1,0,adopt_standby
30,3.631057068996597,161.5,32.5,370.0,416.0,161.5,32.5,370.0,416.0,131.0,2.0,383.0,478.0,detector,131.0,2.0,383.0,478.0,0.7849608659744263,0.986272,1,0.7703541822078863,0.030006509710394508,1.1894100831600831,DETECTOR_CONFIRMED,0.04786365499603562,0.23289149299671408,0.0,2.2612397431912186,0,0,0,0.0,0.0,1.0,0,0,0,0,0,0,0,VERIFIED,0.836145,1,0,1,0.10726969799725339,0,1,0,adopt_standby
31,3.6893375610088697,161.5,32.5,370.0,416.0,161.5,32.5,370.0,416.0,141.675,12.675,378.45000000000005,456.29999999999995,tracker,nan,nan,nan,nan,0.7870044112205505,nan,0,nan,nan,nan,TRACKING,0.045065092999720946,0.0,0.0,17.158400100490265,0,0,0,0.0,0.0,1.0,0,0,0,0,0,0,0,VERIFIED,0.836145,1,0,1,0.0,0,1,0,adopt_standby
32,3.7453344509995077,161.5,32.5,370.0,416.0,161.5,32.5,370.0,416.0,148.61375,19.613750000000003,375.49250000000006,442.19499999999994,tracker,nan,nan,nan,nan,0.7865130305290222,nan,0,nan,nan,nan,TRACKING,0.04356213599385228,0.0,0.0,17.858134624390527,0,0,0,0.0,0.0,1.0,0,0,0,0,0,0,0,VERIFIED,0.836145,1,0,1,0.0,0,1,0,adopt_standby
33,3.798553091008216,161.5,32.5,370.0,416.0,161.5,32.5,370.0,416.0,153.1239375,24.123937500000004,373.5701250000001,433.02675,tracker,nan,nan,nan,nan,0.780988872051239,nan,0,nan,nan,nan,TRACKING,0.04063580800720956,0.0,0.0,18.790408770993857,0,0,0,0.0,0.0,1.0,0,0,0,0,0,0,0,VERIFIED,0.836145,1,0,1,0.0,0,1,0,adopt_standby
34,3.8521004369977163,161.5,32.5,370.0,416.0,161.5,32.5,370.0,416.0,156.055559375,27.055559375,372.32058125000003,427.0673875,tracker,nan,nan,nan,nan,0.7840026617050171,nan,0,nan,nan,nan,TRACKING,0.0406599759880919,0.0,0.0,18.67506188254568,0,0,0,0.0,0.0,1.0,0,0,0,0,0,0,0,VERIFIED,0.836145,1,0,1,0.0,0,1,0,adopt_standby
35,3.9046830190054607,161.5,32.5,370.0,416.0,161.5,32.5,370.0,416.0,157.96111359375,28.961113593750003,371.50837781250004,423.19380187499996,tracker,nan,nan,nan,nan,0.7806926965713501,nan,0,nan,nan,nan,TRACKING,0.03934582701185718,0.0,0.0,19.017704376949773,0,0,0,0.0,0.0,1.0,0,0,0,0,0,0,0,VERIFIED,0.836145,1,0,1,0.0,0,1,0,adopt_standby
36,3.957916971994564,161.5,32.5,370.0,416.0,161.5,32.5,370.0,416.0,159.1997238359375,30.1997238359375,370.980445578125,420.67597121874996,tracker,nan,nan,nan,nan,0.7805721759796143,nan,0,nan,nan,nan,TRACKING,0.04037679100292735,0.0,0.0,18.785003627378472,0,0,0,0.0,0.0,1.0,0,0,0,0,0,0,0,VERIFIED,0.836145,1,0,1,0.0,0,1,0,adopt_standby
37,4.009653802000685,161.5,32.5,370.0,416.0,161.5,32.5,370.0,416.0,160.00482049335938,31.004820493359375,370.63728962578125,419.0393812921875,tracker,nan,nan,nan,nan,0.7806574702262878,nan,0,nan,nan,nan,TRACKING,0.039150092998170294,0.0,0.0,19.32859048151375,0,0,0,0.0,0.0,1.0,0,0,0,0,0,0,0,VERIFIED,0.836145,1,0,1,0.0,0,1,0,adopt_standby
38,4.058388366000145,161.5,32.5,370.0,416.0,161.5,32.5,370.0,416.0,160.5281333206836,31.528133320683594,370.4142382567578,417.9755978399219,tracker,nan,nan,nan,nan,0.788047730922699,nan,0,nan,nan,nan,TRACKING,0.03635257099813316,0.0,0.0,20.519317665611595,0,0,0,0.0,0.0,1.0,0,0,0,0,0,0,0,VERIFIED,0.836145,1,0,1,0.0,0,1,0,adopt_standby
39,4.109591587999603,161.5,32.5,370.0,416.0,161.5,32.5,370.0,416.0,160.86828665844433,31.868286658444337,370.2692548668926,417.28413859594923,tracker,nan,nan,nan,nan,0.7857003808021545,nan,0,nan,nan,nan,TRACKING,0.038048344998969696,0.0,0.0,19.530020982089457,0,0,0,0.0,0.0,1.0,0,0,0,0,0,0,0,VERIFIED,0.836145,1,0,1,0.0,0,1,0,adopt_standby
40,4.389499318000162,161.5,32.5,370.0,416.0,161.5,32.5,370.0,416.0,127.0,3.0,385.0,477.0,detector,127.0,3.0,385.0,477.0,0.7847126126289368,0.985819,1,0.7603790213655824,0.03377314021526574,1.1931198024948024,DETECTOR_CONFIRMED,0.04672237500199117,0.21887247799895704,0.0,3.572605872649541,0,0,0,0.0,0.0,1.0,0,0,0,0,0,0,0,VERIFIED,0.836145,1,0,1,0.0,0,1,0,adopt_standby
41,4.458600876008859,161.5,32.5,370.0,416.0,161.5,32.5,370.0,416.0,139.075,13.325,379.75,455.65,tracker,nan,nan,nan,nan,0.7746543884277344,nan,0,nan,nan,nan,TRACKING,0.054129288997501135,0.0,0.0,14.471453738773059,0,0,0,0.0,0.0,1.0,0,0,0,0,0,0,0,VERIFIED,0.836145,1,0,1,0.0,0,1,0,adopt_standby
42,4.515623469997081,161.5,32.5,370.0,416.0,161.5,32.5,370.0,416.0,146.92374999999998,20.03625,376.3375,441.77250000000004,tracker,nan,nan,nan,nan,0.7856284379959106,nan,0,nan,nan,nan,TRACKING,0.044528151003760286,0.0,0.0,17.5369082684409,0,0,0,0.0,0.0,1.0,0,0,0,0,0,0,0,VERIFIED,0.836145,1,0,1,0.0,0,1,0,adopt_standby
43,4.5690080000058515,161.5,32.5,370.0,416.0,161.5,32.5,370.0,416.0,152.02543749999998,24.3985625,374.119375,432.752125,tracker,nan,nan,nan,nan,0.7835864424705505,nan,0,nan,nan,nan,TRACKING,0.0407599790050881,0.0,0.0,18.73201842997794,0,0,0,0.0,0.0,1.0,0,0,0,0,0,0,0,VERIFIED,0.836145,1,0,1,0.0,0,1,0,adopt_standby
44,4.625492350998684,161.5,32.5,370.0,416.0,161.5,32.5,370.0,416.0,155.34153437499998,27.234065625,372.67759375,426.88888124999994,tracker,nan,nan,nan,nan,0.7821515202522278,nan,0,nan,nan,nan,TRACKING,0.04377781900984701,0.0,0.0,17.704018589624877,0,0,0,0.0,0.0,1.0,0,0,0,0,0,0,0,VERIFIED,0.836145,1,0,1,0.0,0,1,0,adopt_standby
45,4.71457479899982,161.5,32.5,370.0,416.0,161.5,32.5,370.0,416.0,157.49699734375,29.07714265625,371.7404359375,423.0777728124999,tracker,nan,nan,nan,nan,0.7820373177528381,nan,0,nan,nan,nan,TRACKING,0.07679728099901695,0.0,0.0,11.225555902855824,0,0,0,0.0,0.0,1.0,0,0,0,0,0,0,0,VERIFIED,0.836145,1,0,1,0.0,0,1,0,adopt_standby
46,4.769399626995437,161.5,32.5,370.0,416.0,161.5,32.5,370.0,416.0,158.8980482734375,30.2751427265625,371.13128335937506,420.600552328125,tracker,nan,nan,nan,nan,0.7973060011863708,nan,0,nan,nan,nan,TRACKING,0.04229741499875672,0.0,0.0,18.23991130587672,0,0,0,0.0,0.0,1.0,0,0,0,0,0,0,0,VERIFIED,0.836145,1,0,1,0.0,0,1,0,adopt_standby
47,4.820476388005773,161.5,32.5,370.0,416.0,161.5,32.5,370.0,416.0,159.80873137773438,31.053842772265625,370.7353341835938,418.99035901328125,tracker,nan,nan,nan,nan,0.7990337610244751,nan,0,nan,nan,nan,TRACKING,0.03852049300621729,0.0,0.0,19.578375375009443,0,0,0,0.0,0.0,1.0,0,0,0,0,0,0,0,VERIFIED,0.836145,1,0,1,0.0,0,1,0,adopt_standby
48,4.867894094000803,161.5,32.5,370.0,416.0,161.5,32.5,370.0,416.0,160.40067539552734,31.559997801972656,370.477967219336,417.9437333586328,tracker,nan,nan,nan,nan,0.7977424263954163,nan,0,nan,nan,nan,TRACKING,0.035024255004827864,0.0,0.0,21.08916867688197,0,0,0,0.0,0.0,1.0,0,0,0,0,0,0,0,VERIFIED,0.836145,1,0,1,0.0,0,1,0,adopt_standby
49,4.918842778002727,161.5,32.5,370.0,416.0,161.5,32.5,370.0,416.0,160.78543900709278,31.888998571282226,370.31067869256844,417.26342668311133,tracker,nan,nan,nan,nan,0.7993584275245667,nan,0,nan,nan,nan,TRACKING,0.037841359997401014,0.0,0.0,19.627592342959154,0,0,0,0.0,0.0,1.0,0,0,0,0,0,0,0,VERIFIED,0.836145,1,0,1,0.0,0,1,0,adopt_standby
50,5.193797095998889,161.5,32.5,370.0,416.0,161.5,32.5,370.0,416.0,130.0,3.0,382.0,477.0,detector,130.0,3.0,382.0,477.0,0.7945621609687805,0.987294,1,0.7660960667486313,0.03189950038793712,1.183822765072765,DETECTOR_CONFIRMED,0.035166082001524046,0.2256005719973473,0.0,3.636967796279376,0,0,0,0.0,0.0,1.0,0,0,0,0,0,0,0,VERIFIED,0.836145,1,0,1,0.0,0,1,0,adopt_standby
51,5.268021705996944,161.5,32.5,370.0,416.0,161.5,32.5,370.0,416.0,141.025,13.325,377.8,455.65,tracker,nan,nan,nan,nan,0.7939358949661255,nan,0,nan,nan,nan,TRACKING,0.05615267499524634,0.0,0.0,13.472620469493972,0,0,0,0.0,0.0,1.0,0,0,0,0,0,0,0,VERIFIED,0.836145,1,0,1,0.0,0,1,0,adopt_standby
52,5.33557410800131,161.5,32.5,370.0,416.0,161.5,32.5,370.0,416.0,148.19125,20.03625,375.07000000000005,441.77250000000004,tracker,nan,nan,nan,nan,0.8063356876373291,nan,0,nan,nan,nan,TRACKING,0.05182193699874915,0.0,0.0,14.803322610724601,0,0,0,0.0,0.0,1.0,0,0,0,0,0,0,0,VERIFIED,0.836145,1,0,1,0.0,0,1,0,adopt_standby
53,5.3964595639990875,161.5,32.5,370.0,416.0,161.5,32.5,370.0,416.0,152.8493125,24.3985625,373.29550000000006,432.752125,tracker,nan,nan,nan,nan,0.7973977327346802,nan,0,nan,nan,nan,TRACKING,0.048156475997529924,0.0,0.0,16.42428365875273,0,0,0,0.0,0.0,1.0,0,0,0,0,0,0,0,VERIFIED,0.836145,1,0,1,0.0,0,1,0,adopt_standby
54,5.4506145829946036,161.5,32.5,370.0,416.0,161.5,32.5,370.0,416.0,155.877053125,27.234065625,372.14207500000003,426.88888124999994,tracker,nan,nan,nan,nan,0.7926540970802307,nan,0,nan,nan,nan,TRACKING,0.0414232779876329,0.0,0.0,18.46550917252562,0,0,0,0.0,0.0,1.0,0,0,0,0,0,0,0,VERIFIED,0.836145,1,0,1,0.0,0,1,0,adopt_standby
55,5.503733585006557,161.5,32.5,370.0,416.0,161.5,32.5,370.0,416.0,157.84508453125,29.07714265625,371.39234875,423.0777728124999,tracker,nan,nan,nan,nan,0.7940545082092285,nan,0,nan,nan,nan,TRACKING,0.040575077990069985,0.0,0.0,18.82565489040929,0,0,0,0.0,0.0,1.0,0,0,0,0,0,0,0,VERIFIED,0.836145,1,0,1,0.0,0,1,0,adopt_standby
56,5.55515316700621,161.5,32.5,370.0,416.0,161.5,32.5,370.0,416.0,159.1243049453125,30.2751427265625,370.9050266875,420.600552328125,tracker,nan,nan,nan,nan,0.8028524518013,nan,0,nan,nan,nan,TRACKING,0.03851544098870363,0.0,0.0,19.44784381963175,0,0,0,0.0,0.0,1.0,0,0,0,0,0,0,0,VERIFIED,0.836145,1,0,1,0.0,0,1,0,adopt_standby
57,5.603703403001418,161.5,32.5,370.0,416.0,161.5,32.5,370.0,416.0,159.95579821445313,31.053842772265625,370.588267346875,418.99035901328125,tracker,nan,nan,nan,nan,0.7987554669380188,nan,0,nan,nan,nan,TRACKING,0.035786671011010185,0.0,0.0,20.597222227688114,0,0,0,0.0,0.0,1.0,0,0,0,0,0,0,0,VERIFIED,0.836145,1,0,1,0.0,0,1,0,adopt_standby
58,5.657285490000504,161.5,32.5,370.0,416.0,161.5,32.5,370.0,416.0,160.49626883939453,31.559997801972656,370.38237377546875,417.9437333586328,tracker,nan,nan,nan,nan,0.7995732426643372,nan,0,nan,nan,nan,TRACKING,0.040824928000802174,0.0,0.0,18.662953535517623,0,0,0,0.0,0.0,1.0,0,0,0,0,0,0,0,VERIFIED,0.836145,1,0,1,0.0,0,1,0,adopt_standby
59,5.709260190997156,161.5,32.5,370.0,416.0,161.5,32.5,370.0,416.0,160.84757474560644,31.888998571282226,370.2485429540547,417.26342668311133,tracker,nan,nan,nan,nan,0.8001920580863953,nan,0,nan,nan,nan,TRACKING,0.03331129300931934,0.0,0.0,19.240129925219026,0,0,0,0.0,0.0,1.0,0,0,0,0,0,0,0,VERIFIED,0.836145,1,0,1,0.0,0,1,0,adopt_standby
60,6.072634178999579,161.5,32.5,370.0,416.0,161.5,32.5,370.0,416.0,132.0,3.0,381.0,477.0,detector,132.0,3.0,381.0,477.0,0.8026515245437622,0.986912,1,0.7719035226174954,0.030026030373660785,1.1807237525987526,DETECTOR_CONFIRMED,0.03878664599324111,0.21068304299842566,0.0,2.7519856484425462,0,0,0,0.0,0.0,1.0,0,0,0,0,0,0,0,VERIFIED,0.895047,1,0,1,0.09707323199836537,0,1,0,adopt_standby
61,6.132800866005709,161.5,32.5,370.0,416.0,161.5,32.5,370.0,416.0,142.325,13.325,377.15,455.65,tracker,nan,nan,nan,nan,0.8040934801101685,nan,0,nan,nan,nan,TRACKING,0.04703571699792519,0.0,0.0,16.620492996366956,0,0,0,0.0,0.0,1.0,0,0,0,0,0,0,0,VERIFIED,0.895047,1,0,1,0.0,0,1,0,adopt_standby
62,6.186371703006444,161.5,32.5,370.0,416.0,161.5,32.5,370.0,416.0,149.03625,20.03625,374.6475,441.77250000000004,tracker,nan,nan,nan,nan,0.8113346099853516,nan,0,nan,nan,nan,TRACKING,0.040795396009343676,0.0,0.0,18.66687279846487,0,0,0,0.0,0.0,1.0,0,0,0,0,0,0,0,VERIFIED,0.895047,1,0,1,0.0,0,1,0,adopt_standby
63,6.238535366996075,161.5,32.5,370.0,416.0,161.5,32.5,370.0,416.0,153.3985625,24.3985625,373.020875,432.752125,tracker,nan,nan,nan,nan,0.8091940879821777,nan,0,nan,nan,nan,TRACKING,0.039435985003365204,0.0,0.0,19.170432510238726,0,0,0,0.0,0.0,1.0,0,0,0,0,0,0,0,VERIFIED,0.895047,1,0,1,0.0,0,1,0,adopt_standby
64,6.291763278000872,161.5,32.5,370.0,416.0,161.5,32.5,370.0,416.0,156.234065625,27.234065625,371.96356875000004,426.88888124999994,tracker,nan,nan,nan,nan,0.8086961507797241,nan,0,nan,nan,nan,TRACKING,0.04036168700258713,0.0,0.0,18.787135942830542,0,0,0,0.0,0.0,1.0,0,0,0,0,0,0,0,VERIFIED,0.895047,1,0,1,0.0,0,1,0,adopt_standby
65,6.343000459004543,161.5,32.5,370.0,416.0,161.5,32.5,370.0,416.0,158.07714265625,29.07714265625,371.27631968750006,423.0777728124999,tracker,nan,nan,nan,nan,0.8101999759674072,nan,0,nan,nan,nan,TRACKING,0.03855038998881355,0.0,0.0,19.517076865106027,0,0,0,0.0,0.0,1.0,0,0,0,0,0,0,0,VERIFIED,0.895047,1,0,1,0.0,0,1,0,adopt_standby
66,6.397226886008866,161.5,32.5,370.0,416.0,161.5,32.5,370.0,416.0,159.2751427265625,30.2751427265625,370.82960779687505,420.600552328125,tracker,nan,nan,nan,nan,0.8113704323768616,nan,0,nan,nan,nan,TRACKING,0.04141801600053441,0.0,0.0,18.441192887745903,0,0,0,0.0,0.0,1.0,0,0,0,0,0,0,0,VERIFIED,0.895047,1,0,1,0.0,0,1,0,adopt_standby
67,6.449687120999442,161.5,32.5,370.0,416.0,161.5,32.5,370.0,416.0,160.05384277226563,31.053842772265625,370.53924506796875,418.99035901328125,tracker,nan,nan,nan,nan,0.8074731230735779,nan,0,nan,nan,nan,TRACKING,0.040014855010667816,0.0,0.0,19.062057197792488,0,0,0,0.0,0.0,1.0,0,0,0,0,0,0,0,VERIFIED,0.895047,1,0,1,0.0,0,1,0,adopt_standby
68,6.505081807001261,161.5,32.5,370.0,416.0,161.5,32.5,370.0,416.0,160.55999780197266,31.559997801972656,370.3505092941797,417.9437333586328,tracker,nan,nan,nan,nan,0.8055288791656494,nan,0,nan,nan,nan,TRACKING,0.0426351850037463,0.0,0.0,18.05227310011595,0,0,0,0.0,0.0,1.0,0,0,0,0,0,0,0,VERIFIED,0.895047,1,0,1,0.0,0,1,0,adopt_standby
69,6.566103257006034,161.5,32.5,370.0,416.0,161.5,32.5,370.0,416.0,160.88899857128223,31.888998571282226,370.2278310412168,417.26342668311133,tracker,nan,nan,nan,nan,0.8058058023452759,nan,0,nan,nan,nan,TRACKING,0.04787797899916768,0.0,0.0,16.38768006859519,0,0,0,0.0,0.0,1.0,0,0,0,0,0,0,0,VERIFIED,0.895047,1,0,1,0.0,0,1,0,adopt_standby
70,6.972412123999675,161.5,32.5,370.0,416.0,161.5,32.5,370.0,416.0,130.0,2.0,384.0,478.0,detector,130.0,2.0,384.0,478.0,0.8080748319625854,0.986167,1,0.7684245828791817,0.030631376887107112,1.1925155925155926,DETECTOR_CONFIRMED,0.08509953098837286,0.3057731500011869,0.0,2.4611818279999578,0,0,0,0.0,0.0,1.0,0,0,0,0,0,0,0,VERIFIED,0.895047,1,0,1,0.0,0,1,0,adopt_standby
71,7.036263283007429,161.5,32.5,370.0,416.0,161.5,32.5,370.0,416.0,141.025,12.675,379.1,456.29999999999995,tracker,nan,nan,nan,nan,0.8205649852752686,nan,0,nan,nan,nan,TRACKING,0.04895811100141145,0.0,0.0,15.661422839302864,0,0,0,0.0,0.0,1.0,0,0,0,0,0,0,0,VERIFIED,0.895047,1,0,1,0.0,0,1,0,adopt_standby
72,7.087826514994958,161.5,32.5,370.0,416.0,161.5,32.5,370.0,416.0,148.19125,19.613750000000003,375.915,442.19499999999994,tracker,nan,nan,nan,nan,0.8180141448974609,nan,0,nan,nan,nan,TRACKING,0.03862018301151693,0.0,0.0,19.39366407912231,0,0,0,0.0,0.0,1.0,0,0,0,0,0,0,0,VERIFIED,0.895047,1,0,1,0.0,0,1,0,adopt_standby
73,7.137135208002292,161.5,32.5,370.0,416.0,161.5,32.5,370.0,416.0,152.8493125,24.123937500000004,373.84475000000003,433.02675,tracker,nan,nan,nan,nan,0.8210572600364685,nan,0,nan,nan,nan,TRACKING,0.03564171899051871,0.0,0.0,20.280399641728074,0,0,0,0.0,0.0,1.0,0,0,0,0,0,0,0,VERIFIED,0.895047,1,0,1,0.0,0,1,0,adopt_standby
74,7.193156526001985,161.5,32.5,370.0,416.0,161.5,32.5,370.0,416.0,155.877053125,27.055559375,372.49908750000003,427.0673875,tracker,nan,nan,nan,nan,0.8227540254592896,nan,0,nan,nan,nan,TRACKING,0.04342713199730497,0.0,0.0,17.850347612411937,0,0,0,0.0,0.0,1.0,0,0,0,0,0,0,0,VERIFIED,0.895047,1,0,1,0.0,0,1,0,adopt_standby
75,7.256366991001414,161.5,32.5,370.0,416.0,161.5,32.5,370.0,416.0,157.84508453125,28.961113593750003,371.62440687500003,423.19380187499996,tracker,nan,nan,nan,nan,0.826974093914032,nan,0,nan,nan,nan,TRACKING,0.04909613500058185,0.0,0.0,15.82016522120244,0,0,0,0.0,0.0,1.0,0,0,0,0,0,0,0,VERIFIED,0.895047,1,0,1,0.0,0,1,0,adopt_standby
76,7.316749413002981,161.5,32.5,370.0,416.0,161.5,32.5,370.0,416.0,159.1243049453125,30.1997238359375,371.05586446875003,420.67597121874996,tracker,nan,nan,nan,nan,0.8171694874763489,nan,0,nan,nan,nan,TRACKING,0.04487029499432538,0.0,0.0,16.561111112337514,0,0,0,0.0,0.0,1.0,0,0,0,0,0,0,0,VERIFIED,0.895047,1,0,1,0.0,0,1,0,adopt_standby
77,7.383912691002479,161.5,32.5,370.0,416.0,161.5,32.5,370.0,416.0,159.95579821445313,31.004820493359375,370.6863119046875,419.0393812921875,tracker,nan,nan,nan,nan,0.8268312215805054,nan,0,nan,nan,nan,TRACKING,0.05226236399903428,0.0,0.0,14.889088647630853,0,0,0,0.0,0.0,1.0,0,0,0,0,0,0,0,VERIFIED,0.895047,1,0,1,0.0,0,1,0,adopt_standby
78,7.440934034995735,161.5,32.5,370.0,416.0,161.5,32.5,370.0,416.0,160.49626883939453,31.528133320683594,370.4461027380469,417.9755978399219,tracker,nan,nan,nan,nan,0.8240101337432861,nan,0,nan,nan,nan,TRACKING,0.042658414007746615,0.0,0.0,17.537292704259546,0,0,0,0.0,0.0,1.0,0,0,0,0,0,0,0,VERIFIED,0.895047,1,0,1,0.0,0,1,0,adopt_standby
79,7.496357055002591,161.5,32.5,370.0,416.0,161.5,32.5,370.0,416.0,160.84757474560644,31.868286658444337,370.28996677973043,417.28413859594923,tracker,nan,nan,nan,nan,0.8242208361625671,nan,0,nan,nan,nan,TRACKING,0.042126681000809185,0.0,0.0,18.04304420575237,0,0,0,0.0,0.0,1.0,0,0,0,0,0,0,0,VERIFIED,0.895047,1,0,1,0.0,0,1,0,adopt_standby
80,7.782467760000145,161.5,32.5,370.0,416.0,161.5,32.5,370.0,416.0,130.0,2.0,385.0,478.0,detector,130.0,2.0,385.0,478.0,0.828668475151062,0.985534,1,0.77035422800088,0.030006509710394508,1.1956211018711018,DETECTOR_CONFIRMED,0.03683367698977236,0.2333606710017193,0.0,3.4951505921756674,0,0,0,0.0,0.0,1.0,0,0,0,0,0,0,0,VERIFIED,0.895047,1,0,1,0.0,0,1,0,adopt_standby
81,7.832137088000309,161.5,32.5,370.0,416.0,161.5,32.5,370.0,416.0,141.025,12.675,379.75,456.29999999999995,tracker,nan,nan,nan,nan,0.834588885307312,nan,0,nan,nan,nan,TRACKING,0.0330927979957778,0.0,0.0,20.13314937533894,0,0,0,0.0,0.0,1.0,0,0,0,0,0,0,0,VERIFIED,0.895047,1,0,1,0.0,0,1,0,adopt_standby
82,7.879132022004342,161.5,32.5,370.0,416.0,161.5,32.5,370.0,416.0,148.19125,19.613750000000003,376.3375,442.19499999999994,tracker,nan,nan,nan,nan,0.8308546543121338,nan,0,nan,nan,nan,TRACKING,0.034334080992266536,0.0,0.0,21.278889335479917,0,0,0,0.0,0.0,1.0,0,0,0,0,0,0,0,VERIFIED,0.895047,1,0,1,0.0,0,1,0,adopt_standby
83,7.923412406002171,161.5,32.5,370.0,416.0,161.5,32.5,370.0,416.0,152.8493125,24.123937500000004,374.119375,433.02675,tracker,nan,nan,nan,nan,0.8275672197341919,nan,0,nan,nan,nan,TRACKING,0.03152692300500348,0.0,0.0,22.583363325146735,0,0,0,0.0,0.0,1.0,0,0,0,0,0,0,0,VERIFIED,0.895047,1,0,1,0.0,0,1,0,adopt_standby
84,7.973452056001406,161.5,32.5,370.0,416.0,161.5,32.5,370.0,416.0,155.877053125,27.055559375,372.67759375,427.0673875,tracker,nan,nan,nan,nan,0.8266327381134033,nan,0,nan,nan,nan,TRACKING,0.03699013999721501,0.0,0.0,19.984152567319942,0,0,0,0.0,0.0,1.0,0,0,0,0,0,0,0,VERIFIED,0.895047,1,0,1,0.0,0,1,0,adopt_standby
85,8.02719612600049,161.5,32.5,370.0,416.0,161.5,32.5,370.0,416.0,157.84508453125,28.961113593750003,371.7404359375,423.19380187499996,tracker,nan,nan,nan,nan,0.8269145488739014,nan,0,nan,nan,nan,TRACKING,0.040450283006066456,0.0,0.0,18.60670395853991,0,0,0,0.0,0.0,1.0,0,0,0,0,0,0,0,VERIFIED,0.895047,1,0,1,0.0,0,1,0,adopt_standby
86,8.078468567997334,161.5,32.5,370.0,416.0,161.5,32.5,370.0,416.0,159.1243049453125,30.1997238359375,371.13128335937506,420.67597121874996,tracker,nan,nan,nan,nan,0.8303163647651672,nan,0,nan,nan,nan,TRACKING,0.0383763749996433,0.0,0.0,19.503654615505972,0,0,0,0.0,0.0,1.0,0,0,0,0,0,0,0,VERIFIED,0.895047,1,0,1,0.0,0,1,0,adopt_standby
87,8.130892864006455,161.5,32.5,370.0,416.0,161.5,32.5,370.0,416.0,159.95579821445313,31.004820493359375,370.7353341835938,419.0393812921875,tracker,nan,nan,nan,nan,0.8275773525238037,nan,0,nan,nan,nan,TRACKING,0.03945192300307099,0.0,0.0,19.075125011235382,0,0,0,0.0,0.0,1.0,0,0,0,0,0,0,0,VERIFIED,0.895047,1,0,1,0.0,0,1,0,adopt_standby
88,8.180842147005023,161.5,32.5,370.0,416.0,161.5,32.5,370.0,416.0,160.49626883939453,31.528133320683594,370.477967219336,417.9755978399219,tracker,nan,nan,nan,nan,0.8302332162857056,nan,0,nan,nan,nan,TRACKING,0.0366195050009992,0.0,0.0,20.020307399180513,0,0,0,0.0,0.0,1.0,0,0,0,0,0,0,0,VERIFIED,0.895047,1,0,1,0.0,0,1,0,adopt_standby
89,8.228456003998872,161.5,32.5,370.0,416.0,161.5,32.5,370.0,416.0,160.84757474560644,31.868286658444337,370.31067869256844,417.28413859594923,tracker,nan,nan,nan,nan,0.829916775226593,nan,0,nan,nan,nan,TRACKING,0.034760030001052655,0.0,0.0,21.002289315255357,0,0,0,0.0,0.0,1.0,0,0,0,0,0,0,0,VERIFIED,0.895047,1,0,1,0.0,0,1,0,adopt_standby
90,8.633555256004911,161.5,32.5,370.0,416.0,161.5,32.5,370.0,416.0,130.0,3.0,382.0,477.0,detector,130.0,3.0,382.0,477.0,0.8269038796424866,0.987394,1,0.7660960667486313,0.03189950038793712,1.183822765072765,DETECTOR_CONFIRMED,0.04235350999806542,0.18757384100172203,0.0,2.4685308478058916,0,0,0,0.0,0.0,1.0,0,0,0,0,0,0,0,VERIFIED,0.882243,1,0,1,0.09924182901158929,0,1,0,adopt_standby
91,8.694303052005125,161.5,32.5,370.0,416.0,161.5,32.5,370.0,416.0,141.025,13.325,377.8,455.65,tracker,nan,nan,nan,nan,0.8352835178375244,nan,0,nan,nan,nan,TRACKING,0.0456980260059936,0.0,0.0,16.46150257033971,0,0,0,0.0,0.0,1.0,0,0,0,0,0,0,0,VERIFIED,0.882243,1,0,1,0.0,0,1,0,adopt_standby
92,8.743518201008555,161.5,32.5,370.0,416.0,161.5,32.5,370.0,416.0,148.19125,20.03625,375.07000000000005,441.77250000000004,tracker,nan,nan,nan,nan,0.8327891826629639,nan,0,nan,nan,nan,TRACKING,0.03601537400390953,0.0,0.0,20.318946914705073,0,0,0,0.0,0.0,1.0,0,0,0,0,0,0,0,VERIFIED,0.882243,1,0,1,0.0,0,1,0,adopt_standby
93,8.79322367500572,161.5,32.5,370.0,416.0,161.5,32.5,370.0,416.0,152.8493125,24.3985625,373.29550000000006,432.752125,tracker,nan,nan,nan,nan,0.8305932879447937,nan,0,nan,nan,nan,TRACKING,0.0368875849962933,0.0,0.0,20.11850847769897,0,0,0,0.0,0.0,1.0,0,0,0,0,0,0,0,VERIFIED,0.882243,1,0,1,0.0,0,1,0,adopt_standby
94,8.839565518996096,161.5,32.5,370.0,416.0,161.5,32.5,370.0,416.0,155.877053125,27.234065625,372.14207500000003,426.88888124999994,tracker,nan,nan,nan,nan,0.8401461243629456,nan,0,nan,nan,nan,TRACKING,0.03358656000636984,0.0,0.0,21.578770154413135,0,0,0,0.0,0.0,1.0,0,0,0,0,0,0,0,VERIFIED,0.882243,1,0,1,0.0,0,1,0,adopt_standby
95,8.926944588994957,161.5,32.5,370.0,416.0,161.5,32.5,370.0,416.0,157.84508453125,29.07714265625,371.39234875,423.0777728124999,tracker,nan,nan,nan,nan,0.8328156471252441,nan,0,nan,nan,nan,TRACKING,0.07444367799325846,0.0,0.0,11.444388227215539,0,0,0,0.0,0.0,1.0,0,0,0,0,0,0,0,VERIFIED,0.882243,1,0,1,0.0,0,1,0,adopt_standby
96,8.972365003006416,161.5,32.5,370.0,416.0,161.5,32.5,370.0,416.0,159.1243049453125,30.2751427265625,370.9050266875,420.600552328125,tracker,nan,nan,nan,nan,0.8466880917549133,nan,0,nan,nan,nan,TRACKING,0.03274101798888296,0.0,0.0,22.016532032220027,0,0,0,0.0,0.0,1.0,0,0,0,0,0,0,0,VERIFIED,0.882243,1,0,1,0.0,0,1,0,adopt_standby
97,9.018627209006809,161.5,32.5,370.0,416.0,161.5,32.5,370.0,416.0,159.95579821445313,31.053842772265625,370.588267346875,418.99035901328125,tracker,nan,nan,nan,nan,0.850814938545227,nan,0,nan,nan,nan,TRACKING,0.03367635401082225,0.0,0.0,21.615916888864305,0,0,0,0.0,0.0,1.0,0,0,0,0,0,0,0,VERIFIED,0.882243,1,0,1,0.0,0,1,0,adopt_standby
98,9.064591023008688,161.5,32.5,370.0,416.0,161.5,32.5,370.0,416.0,160.49626883939453,31.559997801972656,370.38237377546875,417.9437333586328,tracker,nan,nan,nan,nan,0.8542395830154419,nan,0,nan,nan,nan,TRACKING,0.03309118300967384,0.0,0.0,21.756245031343695,0,0,0,0.0,0.0,1.0,0,0,0,0,0,0,0,VERIFIED,0.882243,1,0,1,0.0,0,1,0,adopt_standby
99,9.110608848000993,161.5,32.5,370.0,416.0,161.5,32.5,370.0,416.0,160.84757474560644,31.888998571282226,370.2485429540547,417.26342668311133,tracker,nan,nan,nan,nan,0.851601243019104,nan,0,nan,nan,nan,TRACKING,0.0333271790004801,0.0,0.0,21.73070978837494,0,0,0,0.0,0.0,1.0,0,0,0,0,0,0,0,VERIFIED,0.882243,1,0,1,0.0,0,1,0,adopt_standby
100,9.301577621998149,161.5,32.5,370.0,416.0,161.5,32.5,370.0,416.0,129.0,3.0,385.0,477.0,detector,129.0,3.0,385.0,477.0,0.8542845249176025,0.985602,1,0.7680502815241587,0.03127499000799201,1.1931198024948024,DETECTOR_CONFIRMED,0.033392233002814464,0.1430932439980097,0.0,5.236458186692306,0,0,0,0.0,0.0,1.0,0,0,0,0,0,0,0,VERIFIED,0.882243,1,0,1,0.0,0,1,0,adopt_standby
101,9.353130905001308,161.5,32.5,370.0,416.0,161.5,32.5,370.0,416.0,140.375,13.325,379.75,455.65,tracker,nan,nan,nan,nan,0.8464553952217102,nan,0,nan,nan,nan,TRACKING,0.0386408600024879,0.0,0.0,19.397406755622647,0,0,0,0.0,0.0,1.0,0,0,0,0,0,0,0,VERIFIED,0.882243,1,0,1,0.0,0,1,0,adopt_standby
102,9.399430143996142,161.5,32.5,370.0,416.0,161.5,32.5,370.0,416.0,147.76875,20.03625,376.3375,441.77250000000004,tracker,nan,nan,nan,nan,0.8492475748062134,nan,0,nan,nan,nan,TRACKING,0.03381552500650287,0.0,0.0,21.59862714183225,0,0,0,0.0,0.0,1.0,0,0,0,0,0,0,0,VERIFIED,0.882243,1,0,1,0.0,0,1,0,adopt_standby
103,9.445280882006045,161.5,32.5,370.0,416.0,161.5,32.5,370.0,416.0,152.5746875,24.3985625,374.119375,432.752125,tracker,nan,nan,nan,nan,0.8519225120544434,nan,0,nan,nan,nan,TRACKING,0.03310727700591087,0.0,0.0,21.809899761788,0,0,0,0.0,0.0,1.0,0,0,0,0,0,0,0,VERIFIED,0.882243,1,0,1,0.0,0,1,0,adopt_standby
104,9.492742703005206,161.5,32.5,370.0,416.0,161.5,32.5,370.0,416.0,155.698546875,27.234065625,372.67759375,426.88888124999994,tracker,nan,nan,nan,nan,0.8485252261161804,nan,0,nan,nan,nan,TRACKING,0.034922115999506786,0.0,0.0,21.069566631623548,0,0,0,0.0,0.0,1.0,0,0,0,0,0,0,0,VERIFIED,0.882243,1,0,1,0.0,0,1,0,adopt_standby
105,9.542811467996216,161.5,32.5,370.0,416.0,161.5,32.5,370.0,416.0,157.72905546875,29.07714265625,371.7404359375,423.0777728124999,tracker,nan,nan,nan,nan,0.8539411425590515,nan,0,nan,nan,nan,TRACKING,0.036921752005582675,0.0,0.0,19.97253178063294,0,0,0,0.0,0.0,1.0,0,0,0,0,0,0,0,VERIFIED,0.882243,1,0,1,0.0,0,1,0,adopt_standby
106,9.591513166000368,161.5,32.5,370.0,416.0,161.5,32.5,370.0,416.0,159.0488860546875,30.2751427265625,371.13128335937506,420.600552328125,tracker,nan,nan,nan,nan,0.8548625707626343,nan,0,nan,nan,nan,TRACKING,0.03594256100768689,0.0,0.0,20.533164981532114,0,0,0,0.0,0.0,1.0,0,0,0,0,0,0,0,VERIFIED,0.882243,1,0,1,0.0,0,1,0,adopt_standby
107,9.641407186994911,161.5,32.5,370.0,416.0,161.5,32.5,370.0,416.0,159.90677593554688,31.053842772265625,370.7353341835938,418.99035901328125,tracker,nan,nan,nan,nan,0.8535494804382324,nan,0,nan,nan,nan,TRACKING,0.036843156995018944,0.0,0.0,20.042481645433426,0,0,0,0.0,0.0,1.0,0,0,0,0,0,0,0,VERIFIED,0.882243,1,0,1,0.0,0,1,0,adopt_standby
108,9.690634836995741,161.5,32.5,370.0,416.0,161.5,32.5,370.0,416.0,160.46440435810547,31.559997801972656,370.477967219336,417.9437333586328,tracker,nan,nan,nan,nan,0.8510110974311829,nan,0,nan,nan,nan,TRACKING,0.03598672800580971,0.0,0.0,20.313787068509992,0,0,0,0.0,0.0,1.0,0,0,0,0,0,0,0,VERIFIED,0.882243,1,0,1,0.0,0,1,0,adopt_standby
109,9.739392421004595,161.5,32.5,370.0,416.0,161.5,32.5,370.0,416.0,160.82686283276857,31.888998571282226,370.31067869256844,417.26342668311133,tracker,nan,nan,nan,nan,0.8497657775878906,nan,0,nan,nan,nan,TRACKING,0.03596714399463963,0.0,0.0,20.50962984175775,0,0,0,0.0,0.0,1.0,0,0,0,0,0,0,0,VERIFIED,0.882243,1,0,1,0.0,0,1,0,adopt_standby
110,9.921040429006098,161.5,32.5,370.0,416.0,161.5,32.5,370.0,416.0,130.0,3.0,384.0,477.0,detector,130.0,3.0,384.0,477.0,0.8506281971931458,0.985698,1,0.7699739561455096,0.03065049958809807,1.19002079002079,DETECTOR_CONFIRMED,0.03733525300049223,0.12915605399757624,0.0,5.505152580543179,0,0,0,0.0,0.0,1.0,0,0,0,0,0,0,0,VERIFIED,0.882243,1,0,1,0.0,0,1,0,adopt_standby
111,9.974196515002404,161.5,32.5,370.0,416.0,161.5,32.5,370.0,416.0,141.025,13.325,379.1,455.65,tracker,nan,nan,nan,nan,0.8534753918647766,nan,0,nan,nan,nan,TRACKING,0.038308977003907785,0.0,0.0,18.812521299432845,0,0,0,0.0,0.0,1.0,0,0,0,0,0,0,0,VERIFIED,0.882243,1,0,1,0.0,0,1,0,adopt_standby
112,10.02171630700468,161.5,32.5,370.0,416.0,161.5,32.5,370.0,416.0,148.19125,20.03625,375.915,441.77250000000004,tracker,nan,nan,nan,nan,0.8560020327568054,nan,0,nan,nan,nan,TRACKING,0.03556890400068369,0.0,0.0,21.04386315394843,0,0,0,0.0,0.0,1.0,0,0,0,0,0,0,0,VERIFIED,0.882243,1,0,1,0.0,0,1,0,adopt_standby
113,10.06824159300595,161.5,32.5,370.0,416.0,161.5,32.5,370.0,416.0,152.8493125,24.3985625,373.84475000000003,432.752125,tracker,nan,nan,nan,nan,0.8560786247253418,nan,0,nan,nan,nan,TRACKING,0.034057615004712716,0.0,0.0,21.493688399308482,0,0,0,0.0,0.0,1.0,0,0,0,0,0,0,0,VERIFIED,0.882243,1,0,1,0.0,0,1,0,adopt_standby
114,10.11377268700744,161.5,32.5,370.0,416.0,161.5,32.5,370.0,416.0,155.877053125,27.234065625,372.49908750000003,426.88888124999994,tracker,nan,nan,nan,nan,0.8521596789360046,nan,0,nan,nan,nan,TRACKING,0.03289992798818275,0.0,0.0,21.963012792253178,0,0,0,0.0,0.0,1.0,0,0,0,0,0,0,0,VERIFIED,0.882243,1,0,1,0.0,0,1,0,adopt_standby
115,10.16016114699596,161.5,32.5,370.0,416.0,161.5,32.5,370.0,416.0,157.84508453125,29.07714265625,371.62440687500003,423.0777728124999,tracker,nan,nan,nan,nan,0.8539249300956726,nan,0,nan,nan,nan,TRACKING,0.03397125798801426,0.0,0.0,21.55708553910746,0,0,0,0.0,0.0,1.0,0,0,0,0,0,0,0,VERIFIED,0.882243,1,0,1,0.0,0,1,0,adopt_standby
116,10.205304625997087,161.5,32.5,370.0,416.0,161.5,32.5,370.0,416.0,159.1243049453125,30.2751427265625,371.05586446875003,420.600552328125,tracker,nan,nan,nan,nan,0.86098313331604,nan,0,nan,nan,nan,TRACKING,0.032717840003897436,0.0,0.0,22.151593588412887,0,0,0,0.0,0.0,1.0,0,0,0,0,0,0,0,VERIFIED,0.882243,1,0,1,0.0,0,1,0,adopt_standby
117,10.250896971003385,161.5,32.5,370.0,416.0,161.5,32.5,370.0,416.0,159.95579821445313,31.053842772265625,370.6863119046875,418.99035901328125,tracker,nan,nan,nan,nan,0.8567623496055603,nan,0,nan,nan,nan,TRACKING,0.03265075499075465,0.0,0.0,21.933506597694343,0,0,0,0.0,0.0,1.0,0,0,0,0,0,0,0,VERIFIED,0.882243,1,0,1,0.0,0,1,0,adopt_standby
118,10.295912790999864,161.5,32.5,370.0,416.0,161.5,32.5,370.0,416.0,160.49626883939453,31.559997801972656,370.4461027380469,417.9437333586328,tracker,nan,nan,nan,nan,0.8561581969261169,nan,0,nan,nan,nan,TRACKING,0.03214964699873235,0.0,0.0,22.214412623789094,0,0,0,0.0,0.0,1.0,0,0,0,0,0,0,0,VERIFIED,0.882243,1,0,1,0.0,0,1,0,adopt_standby
119,10.342636832996504,161.5,32.5,370.0,416.0,161.5,32.5,370.0,416.0,160.84757474560644,31.888998571282226,370.28996677973043,417.26342668311133,tracker,nan,nan,nan,nan,0.8527219295501709,nan,0,nan,nan,nan,TRACKING,0.032687475002603605,0.0,0.0,21.402257965436903,0,0,0,0.0,0.0,1.0,0,0,0,0,0,0,0,VERIFIED,0.882243,1,0,1,0.0,0,1,0,adopt_standby
120,11.71774811099749,161.5,32.5,370.0,416.0,161.5,32.5,370.0,416.0,132.0,3.0,379.0,477.0,detector,132.0,3.0,379.0,477.0,0.8569445013999939,0.986987,1,0.7680060852248417,0.03127499000799201,1.1745257276507277,DETECTOR_CONFIRMED,0.14017436500580516,0.20068304000596981,0.0,0.7272138742500247,0,0,0,0.0,0.0,1.0,0,0,0,0,0,0,0,VERIFIED,0.842562,1,0,1,0.10191861899511423,0,1,0,adopt_standby
121,11.808675555002992,161.5,32.5,370.0,416.0,161.5,32.5,370.0,416.0,142.325,13.325,375.85,455.65,tracker,nan,nan,nan,nan,0.8769351840019226,nan,0,nan,nan,nan,TRACKING,0.07710583099105861,0.0,0.0,10.997779723572744,0,0,0,0.0,0.0,1.0,0,0,0,0,0,0,0,VERIFIED,0.842562,1,0,1,0.0,0,1,0,adopt_standby
122,11.868021490998217,161.5,32.5,370.0,416.0,161.5,32.5,370.0,416.0,149.03625,20.03625,373.8025,441.77250000000004,tracker,nan,nan,nan,nan,0.8827506303787231,nan,0,nan,nan,nan,TRACKING,0.04683123200084083,0.0,0.0,16.850353494811554,0,0,0,0.0,0.0,1.0,0,0,0,0,0,0,0,VERIFIED,0.842562,1,0,1,0.0,0,1,0,adopt_standby
123,11.921483833997627,161.5,32.5,370.0,416.0,161.5,32.5,370.0,416.0,153.3985625,24.3985625,372.471625,432.752125,tracker,nan,nan,nan,nan,0.8758357167243958,nan,0,nan,nan,nan,TRACKING,0.04083805299887899,0.0,0.0,18.704754485059475,0,0,0,0.0,0.0,1.0,0,0,0,0,0,0,0,VERIFIED,0.842562,1,0,1,0.0,0,1,0,adopt_standby
124,11.976320433008368,161.5,32.5,370.0,416.0,161.5,32.5,370.0,416.0,156.234065625,27.234065625,371.60655625000004,426.88888124999994,tracker,nan,nan,nan,nan,0.8763182163238525,nan,0,nan,nan,nan,TRACKING,0.04228257099748589,0.0,0.0,18.235995996106926,0,0,0,0.0,0.0,1.0,0,0,0,0,0,0,0,VERIFIED,0.842562,1,0,1,0.0,0,1,0,adopt_standby
125,12.03279832500266,161.5,32.5,370.0,416.0,161.5,32.5,370.0,416.0,158.07714265625,29.07714265625,371.0442615625,423.0777728124999,tracker,nan,nan,nan,nan,0.8798083662986755,nan,0,nan,nan,nan,TRACKING,0.04397672999766655,0.0,0.0,17.70604327975067,0,0,0,0.0,0.0,1.0,0,0,0,0,0,0,0,VERIFIED,0.842562,1,0,1,0.0,0,1,0,adopt_standby
126,12.085895607000566,161.5,32.5,370.0,416.0,161.5,32.5,370.0,416.0,159.2751427265625,30.2751427265625,370.678770015625,420.600552328125,tracker,nan,nan,nan,nan,0.875238299369812,nan,0,nan,nan,nan,TRACKING,0.03963145900343079,0.0,0.0,18.83335572693568,0,0,0,0.0,0.0,1.0,0,0,0,0,0,0,0,VERIFIED,0.842562,1,0,1,0.0,0,1,0,adopt_standby
127,12.143893956003012,161.5,32.5,370.0,416.0,161.5,32.5,370.0,416.0,160.05384277226563,31.053842772265625,370.44120051015625,418.99035901328125,tracker,nan,nan,nan,nan,0.8763384222984314,nan,0,nan,nan,nan,TRACKING,0.04516186499677133,0.0,0.0,17.241870108368527,0,0,0,0.0,0.0,1.0,0,0,0,0,0,0,0,VERIFIED,0.842562,1,0,1,0.0,0,1,0,adopt_standby
128,12.202761702006683,161.5,32.5,370.0,416.0,161.5,32.5,370.0,416.0,160.55999780197266,31.559997801972656,370.28678033160156,417.9437333586328,tracker,nan,nan,nan,nan,0.8762491941452026,nan,0,nan,nan,nan,TRACKING,0.04597412599832751,0.0,0.0,16.987231003165068,0,0,0,0.0,0.0,1.0,0,0,0,0,0,0,0,VERIFIED,0.842562,1,0,1,0.0,0,1,0,adopt_standby
129,12.266607965008006,161.5,32.5,370.0,416.0,161.5,32.5,370.0,416.0,160.88899857128223,31.888998571282226,370.186407215541,417.26342668311133,tracker,nan,nan,nan,nan,0.8800769448280334,nan,0,nan,nan,nan,TRACKING,0.04975964299228508,0.0,0.0,15.662623824659365,0,0,0,0.0,0.0,1.0,0,0,0,0,0,0,0,VERIFIED,0.842562,1,0,1,0.0,0,1,0,adopt_standby
130,12.554590436004219,161.5,32.5,370.0,416.0,161.5,32.5,370.0,416.0,132.0,4.0,381.0,476.0,detector,132.0,4.0,381.0,476.0,0.8721319437026978,0.986979,1,0.7734591540951696,0.030058536641027624,1.1782484407484408,DETECTOR_CONFIRMED,0.04452492200653069,0.22721113299485296,0.0,3.4724335704903124,0,0,0,0.0,0.0,1.0,0,0,0,0,0,0,0,VERIFIED,0.842562,1,0,1,0.0,0,1,0,adopt_standby
131,12.606743994998396,161.5,32.5,370.0,416.0,161.5,32.5,370.0,416.0,142.325,13.975,377.15,455.0,tracker,nan,nan,nan,nan,0.8728647828102112,nan,0,nan,nan,nan,TRACKING,0.03851981500338297,0.0,0.0,19.174146871005238,0,0,0,0.0,0.0,1.0,0,0,0,0,0,0,0,VERIFIED,0.842562,1,0,1,0.0,0,1,0,adopt_standby
132,12.667138970005908,161.5,32.5,370.0,416.0,161.5,32.5,370.0,416.0,149.03625,20.458750000000002,374.6475,441.35,tracker,nan,nan,nan,nan,0.8738604187965393,nan,0,nan,nan,nan,TRACKING,0.04794761599623598,0.0,0.0,16.557668909965177,0,0,0,0.0,0.0,1.0,0,0,0,0,0,0,0,VERIFIED,0.842562,1,0,1,0.0,0,1,0,adopt_standby
133,12.716307815004257,161.5,32.5,370.0,416.0,161.5,32.5,370.0,416.0,153.3985625,24.6731875,373.020875,432.47749999999996,tracker,nan,nan,nan,nan,0.874111533164978,nan,0,nan,nan,nan,TRACKING,0.03661247399577405,0.0,0.0,20.338081971085312,0,0,0,0.0,0.0,1.0,0,0,0,0,0,0,0,VERIFIED,0.842562,1,0,1,0.0,0,1,0,adopt_standby
134,12.76993735099677,161.5,32.5,370.0,416.0,161.5,32.5,370.0,416.0,156.234065625,27.412571875,371.96356875000004,426.710375,tracker,nan,nan,nan,nan,0.8720061779022217,nan,0,nan,nan,nan,TRACKING,0.04109696600062307,0.0,0.0,18.646441396390195,0,0,0,0.0,0.0,1.0,0,0,0,0,0,0,0,VERIFIED,0.842562,1,0,1,0.0,0,1,0,adopt_standby
135,12.837750124002923,161.5,32.5,370.0,416.0,161.5,32.5,370.0,416.0,158.07714265625,29.19317171875,371.27631968750006,422.96174375,tracker,nan,nan,nan,nan,0.8769135475158691,nan,0,nan,nan,nan,TRACKING,0.05491733000962995,0.0,0.0,14.74648441097167,0,0,0,0.0,0.0,1.0,0,0,0,0,0,0,0,VERIFIED,0.842562,1,0,1,0.0,0,1,0,adopt_standby
136,12.892344164007227,161.5,32.5,370.0,416.0,161.5,32.5,370.0,416.0,159.2751427265625,30.350561617187502,370.82960779687505,420.5251334375,tracker,nan,nan,nan,nan,0.8750367760658264,nan,0,nan,nan,nan,TRACKING,0.04214058800425846,0.0,0.0,18.31701775360771,0,0,0,0.0,0.0,1.0,0,0,0,0,0,0,0,VERIFIED,0.842562,1,0,1,0.0,0,1,0,adopt_standby
137,12.965805262996582,161.5,32.5,370.0,416.0,161.5,32.5,370.0,416.0,160.05384277226563,31.102865051171875,370.53924506796875,418.941336734375,tracker,nan,nan,nan,nan,0.8734661340713501,nan,0,nan,nan,nan,TRACKING,0.059725009006797336,0.0,0.0,13.612646880560574,0,0,0,0.0,0.0,1.0,0,0,0,0,0,0,0,VERIFIED,0.842562,1,0,1,0.0,0,1,0,adopt_standby
138,13.031527461003861,161.5,32.5,370.0,416.0,161.5,32.5,370.0,416.0,160.55999780197266,31.59186228326172,370.3505092941797,417.91186887734375,tracker,nan,nan,nan,nan,0.8756633400917053,nan,0,nan,nan,nan,TRACKING,0.05315072099620011,0.0,0.0,15.215559283170121,0,0,0,0.0,0.0,1.0,0,0,0,0,0,0,0,VERIFIED,0.842562,1,0,1,0.0,0,1,0,adopt_standby
139,13.093288304007729,161.5,32.5,370.0,416.0,161.5,32.5,370.0,416.0,160.88899857128223,31.90971048412012,370.2278310412168,417.24271477027344,tracker,nan,nan,nan,nan,0.8784573674201965,nan,0,nan,nan,nan,TRACKING,0.04900134100171272,0.0,0.0,16.19148883601515,0,0,0,0.0,0.0,1.0,0,0,0,0,0,0,0,VERIFIED,0.842562,1,0,1,0.0,0,1,0,adopt_standby
140,13.324156771996059,161.5,32.5,370.0,416.0,161.5,32.5,370.0,416.0,130.0,3.0,384.0,477.0,detector,130.0,3.0,384.0,477.0,0.8767375349998474,0.986332,1,0.7699739561455096,0.03065049958809807,1.19002079002079,DETECTOR_CONFIRMED,0.04236731199489441,0.1741289030032931,0.0,4.33147067987885,0,0,0,0.0,0.0,1.0,0,0,0,0,0,0,0,VERIFIED,0.842562,1,0,1,0.0,0,1,0,adopt_standby
141,13.377710525004659,161.5,32.5,370.0,416.0,161.5,32.5,370.0,416.0,141.025,13.325,379.1,455.65,tracker,nan,nan,nan,nan,0.8773335814476013,nan,0,nan,nan,nan,TRACKING,0.0392346250009723,0.0,0.0,18.672827651115462,0,0,0,0.0,0.0,1.0,0,0,0,0,0,0,0,VERIFIED,0.842562,1,0,1,0.0,0,1,0,adopt_standby
142,13.429906115998165,161.5,32.5,370.0,416.0,161.5,32.5,370.0,416.0,148.19125,20.03625,375.915,441.77250000000004,tracker,nan,nan,nan,nan,0.8789668679237366,nan,0,nan,nan,nan,TRACKING,0.039850109998951666,0.0,0.0,19.1587063383269,0,0,0,0.0,0.0,1.0,0,0,0,0,0,0,0,VERIFIED,0.842562,1,0,1,0.0,0,1,0,adopt_standby
143,13.49176118100877,161.5,32.5,370.0,416.0,161.5,32.5,370.0,416.0,152.8493125,24.3985625,373.84475000000003,432.752125,tracker,nan,nan,nan,nan,0.8783462047576904,nan,0,nan,nan,nan,TRACKING,0.04905483199399896,0.0,0.0,16.16682481585881,0,0,0,0.0,0.0,1.0,0,0,0,0,0,0,0,VERIFIED,0.842562,1,0,1,0.0,0,1,0,adopt_standby
144,13.564301578997402,161.5,32.5,370.0,416.0,161.5,32.5,370.0,416.0,155.877053125,27.234065625,372.49908750000003,426.88888124999994,tracker,nan,nan,nan,nan,0.8772213459014893,nan,0,nan,nan,nan,TRACKING,0.059758133997092955,0.0,0.0,13.785422023142308,0,0,0,0.0,0.0,1.0,0,0,0,0,0,0,0,VERIFIED,0.842562,1,0,1,0.0,0,1,0,adopt_standby
145,13.672708753001643,161.5,32.5,370.0,416.0,161.5,32.5,370.0,416.0,157.84508453125,29.07714265625,371.62440687500003,423.0777728124999,tracker,nan,nan,nan,nan,0.8692907691001892,nan,0,nan,nan,nan,TRACKING,0.09578179000527598,0.0,0.0,9.224481766869703,0,0,0,0.0,0.0,1.0,0,0,0,0,0,0,0,VERIFIED,0.842562,1,0,1,0.0,0,1,0,adopt_standby
146,13.726093178003794,161.5,32.5,370.0,416.0,161.5,32.5,370.0,416.0,159.1243049453125,30.2751427265625,371.05586446875003,420.600552328125,tracker,nan,nan,nan,nan,0.8829337954521179,nan,0,nan,nan,nan,TRACKING,0.04075461300089955,0.0,0.0,18.732055275667417,0,0,0,0.0,0.0,1.0,0,0,0,0,0,0,0,VERIFIED,0.842562,1,0,1,0.0,0,1,0,adopt_standby
147,13.780769824996241,161.5,32.5,370.0,416.0,161.5,32.5,370.0,416.0,159.95579821445313,31.053842772265625,370.6863119046875,418.99035901328125,tracker,nan,nan,nan,nan,0.8776800036430359,nan,0,nan,nan,nan,TRACKING,0.04167005499766674,0.0,0.0,18.28934389737039,0,0,0,0.0,0.0,1.0,0,0,0,0,0,0,0,VERIFIED,0.842562,1,0,1,0.0,0,1,0,adopt_standby
148,13.848275505995844,161.5,32.5,370.0,416.0,161.5,32.5,370.0,416.0,160.49626883939453,31.559997801972656,370.4461027380469,417.9437333586328,tracker,nan,nan,nan,nan,0.8811672329902649,nan,0,nan,nan,nan,TRACKING,0.054421484004706144,0.0,0.0,14.81356806112204,0,0,0,0.0,0.0,1.0,0,0,0,0,0,0,0,VERIFIED,0.842562,1,0,1,0.0,0,1,0,adopt_standby
149,13.90312392800115,161.5,32.5,370.0,416.0,161.5,32.5,370.0,416.0,160.84757474560644,31.888998571282226,370.28996677973043,417.26342668311133,tracker,nan,nan,nan,nan,0.8882089257240295,nan,0,nan,nan,nan,TRACKING,0.0422918409894919,0.0,0.0,18.232065088458583,0,0,0,0.0,0.0,1.0,0,0,0,0,0,0,0,VERIFIED,0.842562,1,0,1,0.0,0,1,0,adopt_standby
150,14.37916400100221,161.5,32.5,370.0,416.0,161.5,32.5,370.0,416.0,130.0,4.0,382.0,476.0,detector,130.0,4.0,382.0,476.0,0.9089060425758362,0.986901,1,0.7676367771553722,0.031930099436112004,1.1813409563409563,DETECTOR_CONFIRMED,0.04159833399171475,0.2925391530006891,0.0,2.1006634876257064,0,0,0,0.0,0.0,1.0,0,0,0,0,0,0,0,VERIFIED,0.812038,1,0,1,0.12502474599750713,0,1,0,adopt_standby
151,14.457494499001768,161.5,48.19305419921875,370.0,416.0,161.5,48.19305419921875,370.0,416.0,141.025,19.467568969726564,377.8,455.0,tracker,nan,nan,nan,nan,0.8849542737007141,nan,0,nan,nan,nan,TRACKING,0.06428830600634683,0.0,0.0,12.766419536942404,0,0,0,15.69305419921875,0.019616317749023438,1.0,0,0,0,0,0,0,0,VERIFIED,0.812038,1,0,1,0.0,0,1,0,adopt_standby
152,14.520658713008743,161.5,56.346527099609375,370.0,416.0,161.5,56.346527099609375,370.0,416.0,148.19125,32.37520431518554,375.07000000000005,441.35,tracker,nan,nan,nan,nan,0.7944747805595398,nan,0,nan,nan,nan,TRACKING,0.05061654000019189,0.0,0.0,15.831749285910274,0,0,0,8.153472900390625,0.010191841125488281,1.0,0,0,0,0,0,0,0,VERIFIED,0.812038,1,0,1,0.0,0,1,0,adopt_standby
153,14.575750108997454,161.5,56.5,370.0,416.0,161.5,56.5,370.0,416.0,152.8493125,40.8188828048706,373.29550000000006,432.47749999999996,tracker,nan,nan,nan,nan,0.7294346690177917,nan,0,nan,nan,nan,TRACKING,0.042348821996711195,0.0,0.0,18.151654755760976,0,0,0,0.153472900390625,0.00019184112548828125,1.0,0,0,0,0,0,0,0,VERIFIED,0.812038,1,0,1,0.0,0,1,0,adopt_standby
154,14.637432253002771,161.5,64.34652709960938,370.0,416.0,161.5,64.34652709960938,370.0,416.0,155.877053125,49.05355830802917,372.14207500000003,426.710375,tracker,nan,nan,nan,nan,0.627561092376709,nan,0,nan,nan,nan,TRACKING,0.04881493000721093,0.0,0.0,16.21214722876358,0,0,0,7.846527099609375,0.009808158874511719,1.0,0,0,0,0,0,0,0,VERIFIED,0.812038,1,0,1,0.0,0,1,0,adopt_standby
155,14.697450549996574,169.34652709960938,56.653472900390625,370.0,416.0,169.34652709960938,56.653472900390625,370.0,416.0,160.59136901611328,51.71352841535568,371.39234875,422.96174375,tracker,nan,nan,nan,nan,0.5022374391555786,nan,0,nan,nan,nan,TRACKING,0.047419840993825346,0.0,0.0,16.661585717822817,0,0,0,10.988679194380985,0.013735848992976231,1.0,0,0,0,0,0,0,0,VERIFIED,0.812038,1,0,1,0.0,0,1,0,adopt_standby
156,15.091785869997693,161.65347290039062,150.6583251953125,370.0,416.0,161.65347290039062,150.6583251953125,370.0,416.0,128.0,125.0,411.0,353.0,detector,128.0,125.0,411.0,353.0,0.43614816665649414,0.904957,1,0.6808631626866714,0.07331532910647855,1.060909961883887,LOW_CONFIDENCE,0.04613741100183688,0.229790679004509,0.0,2.535912836814016,1,0,0,94.31911438251632,0.1178988929781454,1.0,0,0,0,0,0,0,0,PROBATION,0.0909045,1,0,1,0.10302359500201419,0,1,0,adopt_standby
157,15.364278505003313,169.34652709960938,48.49513244628906,370.0,416.0,169.34652709960938,48.49513244628906,370.0,416.0,128.0,125.0,411.0,353.0,held,nan,nan,nan,nan,0.3217931389808655,nan,0,nan,nan,nan,SUSPECTED_LOST,0.06564349700056482,0.19139180499769282,0.0,3.6698239568176874,1,0,0,102.4524330388802,0.12806554129860026,1.0,0,0,0,0,0,0,0,PROBATION,0.0909045,1,0,1,0.0,0,1,0,adopt_standby
158,15.690264839999145,169.5,48.5,370.0,416.0,169.5,48.5,370.0,416.0,132.0,154.0,441.0,325.0,detector,132.0,154.0,441.0,325.0,0.37987497448921204,0.707374,1,0.6299901294143453,0.07504165509901817,1.073922902494331,LOW_CONFIDENCE,0.03971989901037887,0.260353670004406,0.0,3.0676132483062055,1,0,0,0.15355007076989435,0.00019193758846236793,1.0,0,0,0,0,0,0,0,PROBATION,0.0909045,1,0,1,0.0,0,1,0,adopt_standby
159,15.767379576005624,169.5,56.346527099609375,370.0,416.0,169.5,56.346527099609375,370.0,416.0,145.125,119.82128448486328,416.15000000000003,356.85,tracker,nan,nan,nan,nan,0.6980927586555481,nan,0,nan,nan,nan,TRACKING,0.06249945700983517,0.0,0.0,12.96769011717793,0,0,0,7.846527099609375,0.009808158874511719,1.0,0,0,0,0,0,0,0,PROBATION,0.0909045,1,0,1,0.0,0,1,0,adopt_standby
160,16.03051227799733,169.5,56.5,370.0,416.0,169.5,56.5,370.0,416.0,132.0,46.0,391.0,434.0,detector,132.0,46.0,391.0,434.0,0.8084583878517151,0.97366,1,0.8329047678383308,0.0338020432074749,1.1024818087318087,DETECTOR_CONFIRMED,0.0465211190021364,0.2016851480002515,0.0,3.8003638180689245,0,0,0,0.153472900390625,0.00019184112548828125,1.0,0,0,0,0,0,0,0,PROBATION,0.0909045,1,0,1,0.0,0,1,0,adopt_standby
161,16.093214499996975,161.65347290039062,40.80694580078125,370.0,416.0,161.65347290039062,40.80694580078125,370.0,416.0,142.37871551513672,44.182431030273435,383.65,427.70000000000005,tracker,nan,nan,nan,nan,0.8647586703300476,nan,0,nan,nan,nan,TRACKING,0.04727249300049152,0.0,0.0,15.94839812862912,0,0,0,17.545367982020824,0.02193170997752603,1.0,0,0,0,0,0,0,0,PROBATION,0.0909045,1,0,1,0.0,0,1,0,adopt_standby
162,16.154404807006358,161.5,32.653472900390625,370.0,416.0,161.5,32.653472900390625,370.0,416.0,149.07116508483887,40.14729568481445,378.8725,423.605,tracker,nan,nan,nan,nan,0.893291711807251,nan,0,nan,nan,nan,TRACKING,0.048081576998811215,0.0,0.0,16.342457635433288,0,0,0,8.154917183427347,0.010193646479284184,1.0,0,0,0,0,0,0,0,PROBATION,0.0909045,1,0,1,0.0,0,1,0,adopt_standby
163,16.20881660300074,161.5,32.5,370.0,416.0,161.5,32.5,370.0,416.0,153.42125730514528,37.47074219512939,375.767125,420.94325000000003,tracker,nan,nan,nan,nan,0.8712788820266724,nan,0,nan,nan,nan,TRACKING,0.041538488992955536,0.0,0.0,18.378367810230454,0,0,0,0.153472900390625,0.00019184112548828125,1.0,0,0,0,0,0,0,0,PROBATION,0.0909045,1,0,1,0.0,0,1,0,adopt_standby
164,16.270558799005812,161.5,32.5,370.0,416.0,161.5,32.5,370.0,416.0,156.24881724834444,35.7309824268341,373.74863125,419.2131125000001,tracker,nan,nan,nan,nan,0.8676682710647583,nan,0,nan,nan,nan,TRACKING,0.04870560400013346,0.0,0.0,16.19637889001996,0,0,0,0.0,0.0,1.0,0,0,0,0,0,0,0,PROBATION,0.0909045,1,0,1,0.0,0,1,0,adopt_standby
165,16.348076515001594,161.5,32.5,370.0,416.0,161.5,32.5,370.0,416.0,158.08673121142388,34.600138577442166,372.4366103125,418.08852312500005,tracker,nan,nan,nan,nan,0.8571528792381287,nan,0,nan,nan,nan,TRACKING,0.05527499600430019,0.0,0.0,12.900276887084917,0,0,0,0.0,0.0,1.0,0,0,0,0,0,0,0,PROBATION,0.0909045,1,0,1,0.0,0,1,0,adopt_standby
166,16.420633788002306,161.5,32.5,370.0,416.0,161.5,32.5,370.0,416.0,159.28137528742553,33.865090075337406,371.583796703125,417.35754003125,tracker,nan,nan,nan,nan,0.8522483110427856,nan,0,nan,nan,nan,TRACKING,0.059126712003489956,0.0,0.0,13.782215877796192,0,0,0,0.0,0.0,1.0,0,0,0,0,0,0,0,PROBATION,0.0909045,1,0,1,0.0,0,1,0,adopt_standby
167,16.49631921600667,161.5,32.5,370.0,416.0,161.5,32.5,370.0,416.0,160.0578939368266,33.387308548969315,371.02946785703125,416.8824010203125,tracker,nan,nan,nan,nan,0.8530046343803406,nan,0,nan,nan,nan,TRACKING,0.062222573993494734,0.0,0.0,13.212583007951789,0,0,0,0.0,0.0,1.0,0,0,0,0,0,0,0,PROBATION,0.0909045,1,0,1,0.0,0,1,0,adopt_standby
168,16.5676555710088,161.5,32.5,370.0,416.0,161.5,32.5,370.0,416.0,160.56263105893728,33.076750556830056,370.6691541070703,416.5735606632031,tracker,nan,nan,nan,nan,0.8589949607849121,nan,0,nan,nan,nan,TRACKING,0.05791480399784632,0.0,0.0,14.01809778436427,0,0,0,0.0,0.0,1.0,0,0,0,0,0,0,0,PROBATION,0.0909045,1,0,1,0.0,0,1,0,adopt_standby
169,16.625908404996153,161.5,32.5,370.0,416.0,161.5,32.5,370.0,416.0,160.89071018830924,32.87488786193954,370.4349501695957,416.372814431082,tracker,nan,nan,nan,nan,0.849126398563385,nan,0,nan,nan,nan,TRACKING,0.04498831799719483,0.0,0.0,17.166546784952967,0,0,0,0.0,0.0,1.0,0,0,0,0,0,0,0,PROBATION,0.0909045,1,0,1,0.0,0,1,0,adopt_standby
170,16.904286143006175,161.5,32.5,370.0,416.0,161.5,32.5,370.0,416.0,124.0,3.0,385.0,477.0,detector,124.0,3.0,385.0,477.0,0.8392776250839233,0.987442,1,0.7489961399963732,0.037520827549509084,1.1931198024948024,DETECTOR_CONFIRMED,0.0845232129940996,0.178756836001412,0.0,3.5922412731293876,0,0,0,0.0,0.0,1.0,0,0,0,0,0,0,0,PROBATION,0.0909045,1,0,1,0.0,0,1,0,adopt_standby
171,16.9615125440032,161.5,32.5,370.0,416.0,161.5,32.5,370.0,416.0,137.125,13.325,379.75,455.65,tracker,nan,nan,nan,nan,0.8731862902641296,nan,0,nan,nan,nan,TRACKING,0.04044585500378162,0.0,0.0,17.474452046215582,0,0,0,0.0,0.0,1.0,0,0,0,0,0,0,0,PROBATION,0.0909045,1,0,1,0.0,0,1,0,adopt_standby
172,17.024167629002477,161.5,32.5,370.0,416.0,161.5,32.5,370.0,416.0,145.65625,20.03625,376.3375,441.77250000000004,tracker,nan,nan,nan,nan,0.8683896660804749,nan,0,nan,nan,nan,TRACKING,0.049905479012522846,0.0,0.0,15.960396510698539,0,0,0,0.0,0.0,1.0,0,0,0,0,0,0,0,PROBATION,0.0909045,1,0,1,0.0,0,1,0,adopt_standby
173,17.085817949002376,161.5,32.5,370.0,416.0,161.5,32.5,370.0,416.0,151.2015625,24.3985625,374.119375,432.752125,tracker,nan,nan,nan,nan,0.8691573739051819,nan,0,nan,nan,nan,TRACKING,0.04830595800012816,0.0,0.0,16.22051596815137,0,0,0,0.0,0.0,1.0,0,0,0,0,0,0,0,PROBATION,0.0909045,1,0,1,0.0,0,1,0,adopt_standby
174,17.144042761006858,161.5,32.5,370.0,416.0,161.5,32.5,370.0,416.0,154.806015625,27.234065625,372.67759375,426.88888124999994,tracker,nan,nan,nan,nan,0.8764050602912903,nan,0,nan,nan,nan,TRACKING,0.044861961010610685,0.0,0.0,17.174808566544037,0,0,0,0.0,0.0,1.0,0,0,0,0,0,0,0,PROBATION,0.0909045,1,0,1,0.0,0,1,0,adopt_standby
175,17.202585655002622,161.5,32.5,370.0,416.0,161.5,32.5,370.0,416.0,157.14891015625,29.07714265625,371.7404359375,423.0777728124999,tracker,nan,nan,nan,nan,0.8676528334617615,nan,0,nan,nan,nan,TRACKING,0.04485748200386297,0.0,0.0,17.08149241942774,0,0,0,0.0,0.0,1.0,0,0,0,0,0,0,0,PROBATION,0.0909045,1,0,1,0.0,0,1,0,adopt_standby
176,17.2600913339993,161.5,32.5,370.0,416.0,161.5,32.5,370.0,416.0,158.6717916015625,30.2751427265625,371.13128335937506,420.600552328125,tracker,nan,nan,nan,nan,0.8687655329704285,nan,0,nan,nan,nan,TRACKING,0.042822062998311594,0.0,0.0,17.389586862504363,0,0,0,0.0,0.0,1.0,0,0,0,0,0,0,0,PROBATION,0.0909045,1,0,1,0.0,0,1,0,adopt_standby
177,17.320689907006454,161.5,32.5,370.0,416.0,161.5,32.5,370.0,416.0,159.66166454101563,31.053842772265625,370.7353341835938,418.99035901328125,tracker,nan,nan,nan,nan,0.8700034618377686,nan,0,nan,nan,nan,TRACKING,0.04749291499319952,0.0,0.0,16.502038750680224,0,0,0,0.0,0.0,1.0,0,0,0,0,0,0,0,PROBATION,0.0909045,1,0,1,0.0,0,1,0,adopt_standby
178,17.374198553996393,161.5,32.5,370.0,416.0,161.5,32.5,370.0,416.0,160.30508195166016,31.559997801972656,370.477967219336,417.9437333586328,tracker,nan,nan,nan,nan,0.8792123794555664,nan,0,nan,nan,nan,TRACKING,0.04025824699783698,0.0,0.0,18.68856822688886,0,0,0,0.0,0.0,1.0,0,0,0,0,0,0,0,PROBATION,0.0909045,1,0,1,0.0,0,1,0,adopt_standby
179,17.428065283005708,161.5,32.5,370.0,416.0,161.5,32.5,370.0,416.0,160.72330326857912,31.888998571282226,370.31067869256844,417.26342668311133,tracker,nan,nan,nan,nan,0.8903678059577942,nan,0,nan,nan,nan,TRACKING,0.0407237269973848,0.0,0.0,18.56433495018945,0,0,0,0.0,0.0,1.0,0,0,0,0,0,0,0,PROBATION,0.0909045,1,0,1,0.0,0,1,0,adopt_standby
180,17.727487323994865,161.5,32.5,370.0,416.0,161.5,32.5,370.0,416.0,126.0,4.0,382.0,476.0,detector,126.0,4.0,382.0,476.0,0.8802875876426697,0.987084,1,0.7522859170807065,0.036922638719354826,1.1813409563409563,DETECTOR_CONFIRMED,0.042520283997873776,0.23409923000144772,0.0,3.33976749572759,0,0,0,0.0,0.0,1.0,0,0,0,0,0,0,0,PROBATION,0.0909045,1,0,1,0.0,0,1,0,adopt_standby
181,17.789164101995993,161.5,32.5,370.0,416.0,161.5,32.5,370.0,416.0,138.425,13.975,377.8,455.0,tracker,nan,nan,nan,nan,0.8704649806022644,nan,0,nan,nan,nan,TRACKING,0.047427445999346673,0.0,0.0,16.21355771829877,0,0,0,0.0,0.0,1.0,0,0,0,0,0,0,0,PROBATION,0.0909045,1,0,1,0.0,0,1,0,adopt_standby
182,17.847094323005877,161.5,32.5,370.0,416.0,161.5,32.5,370.0,416.0,146.50125,20.458750000000002,375.07000000000005,441.35,tracker,nan,nan,nan,nan,0.8688763380050659,nan,0,nan,nan,nan,TRACKING,0.044812533000367694,0.0,0.0,17.262147158551258,0,0,0,0.0,0.0,1.0,0,0,0,0,0,0,0,PROBATION,0.0909045,1,0,1,0.0,0,1,0,adopt_standby
183,17.91210139800387,161.5,32.5,370.0,416.0,161.5,32.5,370.0,416.0,151.7508125,24.6731875,373.29550000000006,432.47749999999996,tracker,nan,nan,nan,nan,0.8649742007255554,nan,0,nan,nan,nan,TRACKING,0.042922066000755876,0.0,0.0,15.382941011126414,0,0,0,0.0,0.0,1.0,0,0,0,0,0,0,0,PROBATION,0.0909045,1,0,1,0.0,0,1,0,adopt_standby
184,17.967372487008106,161.5,32.5,370.0,416.0,161.5,32.5,370.0,416.0,155.163028125,27.412571875,372.14207500000003,426.710375,tracker,nan,nan,nan,nan,0.8677482008934021,nan,0,nan,nan,nan,TRACKING,0.041504164997604676,0.0,0.0,18.092641524095075,0,0,0,0.0,0.0,1.0,0,0,0,0,0,0,0,PROBATION,0.0909045,1,0,1,0.0,0,1,0,adopt_standby
185,18.02421122099622,161.5,32.5,370.0,416.0,161.5,32.5,370.0,416.0,157.38096828125,29.19317171875,371.39234875,422.96174375,tracker,nan,nan,nan,nan,0.8687120079994202,nan,0,nan,nan,nan,TRACKING,0.04379672498907894,0.0,0.0,17.59363606179354,0,0,0,0.0,0.0,1.0,0,0,0,0,0,0,0,PROBATION,0.0909045,1,0,1,0.0,0,1,0,adopt_standby
186,18.195014930999605,161.5,32.5,370.0,416.0,161.5,32.5,370.0,416.0,158.8226293828125,30.350561617187502,370.9050266875,420.5251334375,tracker,nan,nan,nan,nan,0.8611388206481934,nan,0,nan,nan,nan,TRACKING,0.04070377899915911,0.0,0.0,5.854673765459726,0,0,0,0.0,0.0,1.0,0,0,0,0,0,0,0,VERIFIED,0.883973,1,0,1,0.11707177599600982,0,1,0,adopt_standby
187,18.263459908004734,161.5,32.5,370.0,416.0,161.5,32.5,370.0,416.0,159.75970909882813,31.102865051171875,370.588267346875,418.941336734375,tracker,nan,nan,nan,nan,0.8871043920516968,nan,0,nan,nan,nan,TRACKING,0.05044226400787011,0.0,0.0,14.61027592901474,0,0,0,0.0,0.0,1.0,0,0,0,0,0,0,0,VERIFIED,0.883973,1,0,1,0.0,0,1,0,adopt_standby
188,18.331969834995107,161.5,32.5,370.0,416.0,161.5,32.5,370.0,416.0,160.36881091423828,31.59186228326172,370.38237377546875,417.91186887734375,tracker,nan,nan,nan,nan,0.8911256790161133,nan,0,nan,nan,nan,TRACKING,0.05580818699672818,0.0,0.0,14.59642483841092,0,0,0,0.0,0.0,1.0,0,0,0,0,0,0,0,VERIFIED,0.883973,1,0,1,0.0,0,1,0,adopt_standby
189,18.393489160996978,161.5,32.5,370.0,416.0,161.5,32.5,370.0,416.0,160.76472709425488,31.90971048412012,370.2485429540547,417.24271477027344,tracker,nan,nan,nan,nan,0.8844868540763855,nan,0,nan,nan,nan,TRACKING,0.048367677998612635,0.0,0.0,16.255054549355446,0,0,0,0.0,0.0,1.0,0,0,0,0,0,0,0,VERIFIED,0.883973,1,0,1,0.0,0,1,0,adopt_standby
190,18.701620649997494,161.5,32.5,370.0,416.0,161.5,32.5,370.0,416.0,130.0,4.0,379.0,476.0,detector,130.0,4.0,379.0,476.0,0.8830955624580383,0.98712,1,0.7617883265529816,0.0338020432074749,1.1720634095634095,DETECTOR_CONFIRMED,0.04669627999828663,0.24674362399673555,0.0,3.2453677592111507,0,0,0,0.0,0.0,1.0,0,0,0,0,0,0,0,VERIFIED,0.883973,1,0,1,0.0,0,1,0,adopt_standby
191,18.756711264999467,161.5,32.5,370.0,416.0,161.5,32.5,370.0,416.0,141.025,13.975,375.85,455.0,tracker,nan,nan,nan,nan,0.893753170967102,nan,0,nan,nan,nan,TRACKING,0.035929745994508266,0.0,0.0,18.151912080926863,0,0,0,0.0,0.0,1.0,0,0,0,0,0,0,0,VERIFIED,0.883973,1,0,1,0.0,0,1,0,adopt_standby
192,18.811933082004543,161.5,32.5,370.0,416.0,161.5,32.5,370.0,416.0,148.19125,20.458750000000002,373.8025,441.35,tracker,nan,nan,nan,nan,0.8929027318954468,nan,0,nan,nan,nan,TRACKING,0.042570076999254525,0.0,0.0,18.10878479257703,0,0,0,0.0,0.0,1.0,0,0,0,0,0,0,0,VERIFIED,0.883973,1,0,1,0.0,0,1,0,adopt_standby
193,18.865323705002083,161.5,32.5,370.0,416.0,161.5,32.5,370.0,416.0,152.8493125,24.6731875,372.471625,432.47749999999996,tracker,nan,nan,nan,nan,0.8893224596977234,nan,0,nan,nan,nan,TRACKING,0.04077008299645968,0.0,0.0,18.729880714185985,0,0,0,0.0,0.0,1.0,0,0,0,0,0,0,0,VERIFIED,0.883973,1,0,1,0.0,0,1,0,adopt_standby
194,18.917786491001607,161.5,32.5,370.0,416.0,161.5,32.5,370.0,416.0,155.877053125,27.412571875,371.60655625000004,426.710375,tracker,nan,nan,nan,nan,0.8887425661087036,nan,0,nan,nan,nan,TRACKING,0.03952786199806724,0.0,0.0,19.061130303089186,0,0,0,0.0,0.0,1.0,0,0,0,0,0,0,0,VERIFIED,0.883973,1,0,1,0.0,0,1,0,adopt_standby
195,19.01582901700749,161.5,32.5,370.0,416.0,161.5,32.5,370.0,416.0,157.84508453125,29.19317171875,371.0442615625,422.96174375,tracker,nan,nan,nan,nan,0.8961198925971985,nan,0,nan,nan,nan,TRACKING,0.0852980240015313,0.0,0.0,10.199655605976414,0,0,0,0.0,0.0,1.0,0,0,0,0,0,0,0,VERIFIED,0.883973,1,0,1,0.0,0,1,0,adopt_standby
196,19.06932761099597,161.5,32.5,370.0,416.0,161.5,32.5,370.0,416.0,159.1243049453125,30.350561617187502,370.678770015625,420.5251334375,tracker,nan,nan,nan,nan,0.919189453125,nan,0,nan,nan,nan,TRACKING,0.04029069500393234,0.0,0.0,18.69208002392267,0,0,0,0.0,0.0,1.0,0,0,0,0,0,0,0,VERIFIED,0.883973,1,0,1,0.0,0,1,0,adopt_standby
197,19.128402654008823,161.5,32.5,370.0,416.0,161.5,32.5,370.0,416.0,159.95579821445313,31.102865051171875,370.44120051015625,418.941336734375,tracker,nan,nan,nan,nan,0.9203561544418335,nan,0,nan,nan,nan,TRACKING,0.04564718900655862,0.0,0.0,16.927622037996947,0,0,0,0.0,0.0,1.0,0,0,0,0,0,0,0,VERIFIED,0.883973,1,0,1,0.0,0,1,0,adopt_standby
198,19.1910175820085,161.5,32.5,370.0,416.0,161.5,32.5,370.0,416.0,160.49626883939453,31.59186228326172,370.28678033160156,417.91186887734375,tracker,nan,nan,nan,nan,0.9237315058708191,nan,0,nan,nan,nan,TRACKING,0.0490006629988784,0.0,0.0,15.970632434571929,0,0,0,0.0,0.0,1.0,0,0,0,0,0,0,0,VERIFIED,0.883973,1,0,1,0.0,0,1,0,adopt_standby
199,19.254694672999904,161.5,32.5,370.0,416.0,161.5,32.5,370.0,416.0,160.84757474560644,31.90971048412012,370.186407215541,417.24271477027344,tracker,nan,nan,nan,nan,0.9188886880874634,nan,0,nan,nan,nan,TRACKING,0.05045262900239322,0.0,0.0,15.70423498358272,0,0,0,0.0,0.0,1.0,0,0,0,0,0,0,0,VERIFIED,0.883973,1,0,1,0.0,0,1,0,adopt_standby
200,19.506499420007458,161.5,32.5,370.0,416.0,161.5,32.5,370.0,416.0,129.0,4.0,383.0,476.0,detector,129.0,4.0,383.0,476.0,0.9208213090896606,0.986891,1,0.7657178867765991,0.03255404160776355,1.184433471933472,DETECTOR_CONFIRMED,0.039196291007101536,0.19787134899524972,0.0,3.971331008982126,0,0,0,0.0,0.0,1.0,0,0,0,0,0,0,0,VERIFIED,0.883973,1,0,1,0.0,0,1,0,adopt_standby
201,19.5594679479982,161.5,32.5,370.0,416.0,161.5,32.5,370.0,416.0,140.375,13.975,378.45000000000005,455.0,tracker,nan,nan,nan,nan,0.9208435416221619,nan,0,nan,nan,nan,TRACKING,0.037535518989898264,0.0,0.0,18.879135175792914,0,0,0,0.0,0.0,1.0,0,0,0,0,0,0,0,VERIFIED,0.883973,1,0,1,0.0,0,1,0,adopt_standby
202,19.613099566995515,161.5,32.5,370.0,416.0,161.5,32.5,370.0,416.0,147.76875,20.458750000000002,375.49250000000006,441.35,tracker,nan,nan,nan,nan,0.9243608713150024,nan,0,nan,nan,nan,TRACKING,0.0408594080072362,0.0,0.0,18.645717185044607,0,0,0,0.0,0.0,1.0,0,0,0,0,0,0,0,VERIFIED,0.883973,1,0,1,0.0,0,1,0,adopt_standby
203,19.67055029599578,161.5,32.5,370.0,416.0,161.5,32.5,370.0,416.0,152.5746875,24.6731875,373.5701250000001,432.47749999999996,tracker,nan,nan,nan,nan,0.9197996258735657,nan,0,nan,nan,nan,TRACKING,0.043881154007976875,0.0,0.0,17.406219510206302,0,0,0,0.0,0.0,1.0,0,0,0,0,0,0,0,VERIFIED,0.883973,1,0,1,0.0,0,1,0,adopt_standby
204,19.727251265998348,161.5,32.5,370.0,416.0,161.5,32.5,370.0,416.0,155.698546875,27.412571875,372.32058125000003,426.710375,tracker,nan,nan,nan,nan,0.9239081144332886,nan,0,nan,nan,nan,TRACKING,0.04382755899860058,0.0,0.0,17.6363825866601,0,0,0,0.0,0.0,1.0,0,0,0,0,0,0,0,VERIFIED,0.883973,1,0,1,0.0,0,1,0,adopt_standby
205,19.787454828998307,161.5,32.5,370.0,416.0,161.5,32.5,370.0,416.0,157.72905546875,29.19317171875,371.50837781250004,422.96174375,tracker,nan,nan,nan,nan,0.9301964044570923,nan,0,nan,nan,nan,TRACKING,0.04729202500311658,0.0,0.0,16.610312582341336,0,0,0,0.0,0.0,1.0,0,0,0,0,0,0,0,VERIFIED,0.883973,1,0,1,0.0,0,1,0,adopt_standby
206,19.842627425008686,161.5,32.5,370.0,416.0,161.5,32.5,370.0,416.0,159.0488860546875,30.350561617187502,370.980445578125,420.5251334375,tracker,nan,nan,nan,nan,0.9303992986679077,nan,0,nan,nan,nan,TRACKING,0.042408719993545674,0.0,0.0,18.124940138975376,0,0,0,0.0,0.0,1.0,0,0,0,0,0,0,0,VERIFIED,0.883973,1,0,1,0.0,0,1,0,adopt_standby
207,19.902158782002516,161.5,32.5,370.0,416.0,161.5,32.5,370.0,416.0,159.90677593554688,31.102865051171875,370.63728962578125,418.941336734375,tracker,nan,nan,nan,nan,0.9320172071456909,nan,0,nan,nan,nan,TRACKING,0.046255175009719096,0.0,0.0,16.79787007213099,0,0,0,0.0,0.0,1.0,0,0,0,0,0,0,0,VERIFIED,0.883973,1,0,1,0.0,0,1,0,adopt_standby
208,19.95682131400099,161.5,32.5,370.0,416.0,161.5,32.5,370.0,416.0,160.46440435810547,31.59186228326172,370.4142382567578,417.91186887734375,tracker,nan,nan,nan,nan,0.9247331023216248,nan,0,nan,nan,nan,TRACKING,0.041621718992246315,0.0,0.0,18.294066583449045,0,0,0,0.0,0.0,1.0,0,0,0,0,0,0,0,VERIFIED,0.883973,1,0,1,0.0,0,1,0,adopt_standby
209,20.014100893007708,161.5,32.5,370.0,416.0,161.5,32.5,370.0,416.0,160.82686283276857,31.90971048412012,370.2692548668926,417.24271477027344,tracker,nan,nan,nan,nan,0.9224236607551575,nan,0,nan,nan,nan,TRACKING,0.04444132499338593,0.0,0.0,17.458228872155704,0,0,0,0.0,0.0,1.0,0,0,0,0,0,0,0,VERIFIED,0.883973,1,0,1,0.0,0,1,0,adopt_standby
210,20.303138180999667,161.5,32.5,370.0,416.0,161.5,32.5,370.0,416.0,129.0,3.0,386.0,477.0,detector,129.0,3.0,386.0,477.0,0.923261284828186,0.986959,1,0.7699831401254542,0.03065049958809807,1.1962188149688149,DETECTOR_CONFIRMED,0.04608272199402563,0.22659752098843455,0.0,3.4597612195552356,0,0,0,0.0,0.0,1.0,0,0,0,0,0,0,0,VERIFIED,0.883973,1,0,1,0.0,0,1,0,adopt_standby
211,20.361523048995878,161.5,32.5,370.0,416.0,161.5,32.5,370.0,416.0,140.375,13.325,380.4,455.65,tracker,nan,nan,nan,nan,0.9264770746231079,nan,0,nan,nan,nan,TRACKING,0.04442153300624341,0.0,0.0,17.127725630293625,0,0,0,0.0,0.0,1.0,0,0,0,0,0,0,0,VERIFIED,0.883973,1,0,1,0.0,0,1,0,adopt_standby
212,20.435180351007148,161.5,32.5,370.0,416.0,161.5,32.5,370.0,416.0,147.76875,20.03625,376.76,441.77250000000004,tracker,nan,nan,nan,nan,0.930243968963623,nan,0,nan,nan,nan,TRACKING,0.06099217700830195,0.0,0.0,13.576386491145074,0,0,0,0.0,0.0,1.0,0,0,0,0,0,0,0,VERIFIED,0.883973,1,0,1,0.0,0,1,0,adopt_standby
213,20.49846066100872,161.5,32.5,370.0,416.0,161.5,32.5,370.0,416.0,152.5746875,24.3985625,374.394,432.752125,tracker,nan,nan,nan,nan,0.9357313513755798,nan,0,nan,nan,nan,TRACKING,0.050148923008237034,0.0,0.0,15.80270387384534,0,0,0,0.0,0.0,1.0,0,0,0,0,0,0,0,VERIFIED,0.883973,1,0,1,0.0,0,1,0,adopt_standby
214,20.55959081000765,161.5,32.5,370.0,416.0,161.5,32.5,370.0,416.0,155.698546875,27.234065625,372.85609999999997,426.88888124999994,tracker,nan,nan,nan,nan,0.9349527955055237,nan,0,nan,nan,nan,TRACKING,0.047896311996737495,0.0,0.0,16.358540202765536,0,0,0,0.0,0.0,1.0,0,0,0,0,0,0,0,VERIFIED,0.883973,1,0,1,0.0,0,1,0,adopt_standby
215,20.616785386999254,161.5,32.5,370.0,416.0,161.5,32.5,370.0,416.0,157.72905546875,29.07714265625,371.85646499999996,423.0777728124999,tracker,nan,nan,nan,nan,0.9362612366676331,nan,0,nan,nan,nan,TRACKING,0.04426918500394095,0.0,0.0,17.484175119378357,0,0,0,0.0,0.0,1.0,0,0,0,0,0,0,0,VERIFIED,0.883973,1,0,1,0.0,0,1,0,adopt_standby
216,20.768323590004,161.5,32.5,370.0,416.0,161.5,32.5,370.0,416.0,159.0488860546875,30.2751427265625,371.20670225,420.600552328125,tracker,nan,nan,nan,nan,0.9446509480476379,nan,0,nan,nan,nan,TRACKING,0.0400589180062525,0.0,0.0,6.598996029857042,0,0,0,0.0,0.0,1.0,0,0,0,0,0,0,0,VERIFIED,0.845104,1,0,1,0.09861071800696664,0,1,0,adopt_standby
217,20.824215685002855,161.5,32.5,370.0,416.0,161.5,32.5,370.0,416.0,159.90677593554688,31.053842772265625,370.7843564625,418.99035901328125,tracker,nan,nan,nan,nan,0.9445489048957825,nan,0,nan,nan,nan,TRACKING,0.03692612699524034,0.0,0.0,17.8916177684969,0,0,0,0.0,0.0,1.0,0,0,0,0,0,0,0,VERIFIED,0.845104,1,0,1,0.0,0,1,0,adopt_standby
218,20.873775997999473,161.5,32.5,370.0,416.0,161.5,32.5,370.0,416.0,160.46440435810547,31.559997801972656,370.509831700625,417.9437333586328,tracker,nan,nan,nan,nan,0.9537538886070251,nan,0,nan,nan,nan,TRACKING,0.03673565399367362,0.0,0.0,20.177435119673902,0,0,0,0.0,0.0,1.0,0,0,0,0,0,0,0,VERIFIED,0.845104,1,0,1,0.0,0,1,0,adopt_standby
219,20.92747277500166,161.5,32.5,370.0,416.0,161.5,32.5,370.0,416.0,160.82686283276857,31.888998571282226,370.3313906054062,417.26342668311133,tracker,nan,nan,nan,nan,0.9458414912223816,nan,0,nan,nan,nan,TRACKING,0.04111352900508791,0.0,0.0,18.623091660776268,0,0,0,0.0,0.0,1.0,0,0,0,0,0,0,0,VERIFIED,0.845104,1,0,1,0.0,0,1,0,adopt_standby
220,21.234462409003754,161.5,32.5,370.0,416.0,161.5,32.5,370.0,416.0,131.0,4.0,383.0,476.0,detector,131.0,4.0,383.0,476.0,0.9468706846237183,0.986639,1,0.7734666751060194,0.030058536641027624,1.184433471933472,DETECTOR_CONFIRMED,0.10054254000715446,0.19137904299714137,0.0,3.2574389791714644,0,0,0,0.0,0.0,1.0,0,0,0,0,0,0,0,VERIFIED,0.845104,1,0,1,0.0,0,1,0,adopt_standby
221,21.298069445998408,161.5,32.5,370.0,416.0,161.5,32.5,370.0,416.0,141.675,13.975,378.45000000000005,455.0,tracker,nan,nan,nan,nan,0.9618867039680481,nan,0,nan,nan,nan,TRACKING,0.04943812300916761,0.0,0.0,15.721530938220738,0,0,0,0.0,0.0,1.0,0,0,0,0,0,0,0,VERIFIED,0.845104,1,0,1,0.0,0,1,0,adopt_standby
222,21.356108004009002,161.5,32.5,370.0,416.0,161.5,32.5,370.0,416.0,148.61375,20.458750000000002,375.49250000000006,441.35,tracker,nan,nan,nan,nan,0.9580720663070679,nan,0,nan,nan,nan,TRACKING,0.04530702400370501,0.0,0.0,17.229924971903444,0,0,0,0.0,0.0,1.0,0,0,0,0,0,0,0,VERIFIED,0.845104,1,0,1,0.0,0,1,0,adopt_standby
223,21.413433470006566,161.5,32.5,370.0,416.0,161.5,32.5,370.0,416.0,153.1239375,24.6731875,373.5701250000001,432.47749999999996,tracker,nan,nan,nan,nan,0.9566457271575928,nan,0,nan,nan,nan,TRACKING,0.04462872599833645,0.0,0.0,17.444254182643427,0,0,0,0.0,0.0,1.0,0,0,0,0,0,0,0,VERIFIED,0.845104,1,0,1,0.0,0,1,0,adopt_standby
224,21.464728047008975,161.5,32.5,370.0,416.0,161.5,32.5,370.0,416.0,156.055559375,27.412571875,372.32058125000003,426.710375,tracker,nan,nan,nan,nan,0.9547147750854492,nan,0,nan,nan,nan,TRACKING,0.03888149200065527,0.0,0.0,19.495238257896887,0,0,0,0.0,0.0,1.0,0,0,0,0,0,0,0,VERIFIED,0.845104,1,0,1,0.0,0,1,0,adopt_standby
225,21.516363415998057,161.5,32.5,370.0,416.0,161.5,32.5,370.0,416.0,157.96111359375,29.19317171875,371.50837781250004,422.96174375,tracker,nan,nan,nan,nan,0.9551105499267578,nan,0,nan,nan,nan,TRACKING,0.03905540201230906,0.0,0.0,19.366570232342934,0,0,0,0.0,0.0,1.0,0,0,0,0,0,0,0,VERIFIED,0.845104,1,0,1,0.0,0,1,0,adopt_standby
226,21.568312802002765,161.5,32.5,370.0,416.0,161.5,32.5,370.0,416.0,159.1997238359375,30.350561617187502,370.980445578125,420.5251334375,tracker,nan,nan,nan,nan,0.9557960629463196,nan,0,nan,nan,nan,TRACKING,0.03930618999584112,0.0,0.0,19.249505661325383,0,0,0,0.0,0.0,1.0,0,0,0,0,0,0,0,VERIFIED,0.845104,1,0,1,0.0,0,1,0,adopt_standby
227,21.62222135500633,161.5,32.5,370.0,416.0,161.5,32.5,370.0,416.0,160.00482049335938,31.102865051171875,370.63728962578125,418.941336734375,tracker,nan,nan,nan,nan,0.9571881294250488,nan,0,nan,nan,nan,TRACKING,0.04125004299567081,0.0,0.0,18.54993214033856,0,0,0,0.0,0.0,1.0,0,0,0,0,0,0,0,VERIFIED,0.845104,1,0,1,0.0,0,1,0,adopt_standby
228,21.67837892600801,161.5,32.5,370.0,416.0,161.5,32.5,370.0,416.0,160.5281333206836,31.59186228326172,370.4142382567578,417.91186887734375,tracker,nan,nan,nan,nan,0.9504456520080566,nan,0,nan,nan,nan,TRACKING,0.0433054620079929,0.0,0.0,17.807037985495143,0,0,0,0.0,0.0,1.0,0,0,0,0,0,0,0,VERIFIED,0.845104,1,0,1,0.0,0,1,0,adopt_standby
229,21.73474556399742,161.5,32.5,370.0,416.0,161.5,32.5,370.0,416.0,160.86828665844433,31.90971048412012,370.2692548668926,417.24271477027344,tracker,nan,nan,nan,nan,0.9534140229225159,nan,0,nan,nan,nan,TRACKING,0.04345765299513005,0.0,0.0,17.74099069360539,0,0,0,0.0,0.0,1.0,0,0,0,0,0,0,0,VERIFIED,0.845104,1,0,1,0.0,0,1,0,adopt_standby
230,21.969952582003316,161.5,32.5,370.0,416.0,161.5,32.5,370.0,416.0,129.0,4.0,384.0,476.0,detector,129.0,4.0,384.0,476.0,0.9480375647544861,0.986931,1,0.7676606467870642,0.031930099436112004,1.1875259875259876,DETECTOR_CONFIRMED,0.05062513399752788,0.17026754999824334,0.0,4.251573819854896,0,0,0,0.0,0.0,1.0,0,0,0,0,0,0,0,VERIFIED,0.845104,1,0,1,0.0,0,1,0,adopt_standby
231,22.030179009001586,161.5,32.5,370.0,416.0,161.5,32.5,370.0,416.0,140.375,13.975,379.1,455.0,tracker,nan,nan,nan,nan,0.9536368250846863,nan,0,nan,nan,nan,TRACKING,0.03717811300884932,0.0,0.0,16.604006743231327,0,0,0,0.0,0.0,1.0,0,0,0,0,0,0,0,VERIFIED,0.845104,1,0,1,0.0,0,1,0,adopt_standby
232,22.08500716900744,161.5,32.5,370.0,416.0,161.5,32.5,370.0,416.0,147.76875,20.458750000000002,375.915,441.35,tracker,nan,nan,nan,nan,0.9475874900817871,nan,0,nan,nan,nan,TRACKING,0.042135899013374,0.0,0.0,18.238802832216546,0,0,0,0.0,0.0,1.0,0,0,0,0,0,0,0,VERIFIED,0.845104,1,0,1,0.0,0,1,0,adopt_standby
233,22.139150208007777,161.5,32.5,370.0,416.0,161.5,32.5,370.0,416.0,152.5746875,24.6731875,373.84475000000003,432.47749999999996,tracker,nan,nan,nan,nan,0.9486044049263,nan,0,nan,nan,nan,TRACKING,0.04121775001112837,0.0,0.0,18.469594955572692,0,0,0,0.0,0.0,1.0,0,0,0,0,0,0,0,VERIFIED,0.845104,1,0,1,0.0,0,1,0,adopt_standby
234,22.192645728995558,161.5,32.5,370.0,416.0,161.5,32.5,370.0,416.0,155.698546875,27.412571875,372.49908750000003,426.710375,tracker,nan,nan,nan,nan,0.9476278424263,nan,0,nan,nan,nan,TRACKING,0.04081414599204436,0.0,0.0,18.69315377316198,0,0,0,0.0,0.0,1.0,0,0,0,0,0,0,0,VERIFIED,0.845104,1,0,1,0.0,0,1,0,adopt_standby
235,22.243536181005766,161.5,32.5,370.0,416.0,161.5,32.5,370.0,416.0,157.72905546875,29.19317171875,371.62440687500003,422.96174375,tracker,nan,nan,nan,nan,0.9500237107276917,nan,0,nan,nan,nan,TRACKING,0.03823272399313282,0.0,0.0,19.650051443823216,0,0,0,0.0,0.0,1.0,0,0,0,0,0,0,0,VERIFIED,0.845104,1,0,1,0.0,0,1,0,adopt_standby
236,22.295558590994915,161.5,32.5,370.0,416.0,161.5,32.5,370.0,416.0,159.0488860546875,30.350561617187502,371.05586446875003,420.5251334375,tracker,nan,nan,nan,nan,0.9469325542449951,nan,0,nan,nan,nan,TRACKING,0.039228740002727136,0.0,0.0,19.22248508303589,0,0,0,0.0,0.0,1.0,0,0,0,0,0,0,0,VERIFIED,0.845104,1,0,1,0.0,0,1,0,adopt_standby
237,22.34680587600451,161.5,32.5,370.0,416.0,161.5,32.5,370.0,416.0,159.90677593554688,31.102865051171875,370.6863119046875,418.941336734375,tracker,nan,nan,nan,nan,0.9485918879508972,nan,0,nan,nan,nan,TRACKING,0.03860533799161203,0.0,0.0,19.513228843494396,0,0,0,0.0,0.0,1.0,0,0,0,0,0,0,0,VERIFIED,0.845104,1,0,1,0.0,0,1,0,adopt_standby
238,22.40955940099957,161.5,32.5,370.0,416.0,161.5,32.5,370.0,416.0,160.46440435810547,31.59186228326172,370.4461027380469,417.91186887734375,tracker,nan,nan,nan,nan,0.9499335885047913,nan,0,nan,nan,nan,TRACKING,0.04977693399996497,0.0,0.0,15.935359807735507,0,0,0,0.0,0.0,1.0,0,0,0,0,0,0,0,VERIFIED,0.845104,1,0,1,0.0,0,1,0,adopt_standby
239,22.465545925006154,161.5,32.5,370.0,416.0,161.5,32.5,370.0,416.0,160.82686283276857,31.90971048412012,370.28996677973043,417.24271477027344,tracker,nan,nan,nan,nan,0.950221836566925,nan,0,nan,nan,nan,TRACKING,0.04306743400229607,0.0,0.0,17.861441083257617,0,0,0,0.0,0.0,1.0,0,0,0,0,0,0,0,VERIFIED,0.845104,1,0,1,0.0,0,1,0,adopt_standby
240,22.80322850200173,161.5,32.5,370.0,416.0,161.5,32.5,370.0,416.0,129.0,4.0,384.0,476.0,detector,129.0,4.0,384.0,476.0,0.9428260326385498,0.986856,1,0.7676606467870642,0.031930099436112004,1.1875259875259876,DETECTOR_CONFIRMED,0.059512711013667285,0.26192714800708927,0.0,2.9613609588542724,0,0,0,0.0,0.0,1.0,0,0,0,0,0,0,0,VERIFIED,0.845104,1,0,1,0.0,0,1,0,adopt_standby
241,22.8604353700066,161.5,32.5,370.0,416.0,161.5,32.5,370.0,416.0,140.375,13.975,379.1,455.0,tracker,nan,nan,nan,nan,0.9501723647117615,nan,0,nan,nan,nan,TRACKING,0.0385689300019294,0.0,0.0,17.480418608389684,0,0,0,0.0,0.0,1.0,0,0,0,0,0,0,0,VERIFIED,0.845104,1,0,1,0.0,0,1,0,adopt_standby
242,22.912044591997983,161.5,32.5,370.0,416.0,161.5,32.5,370.0,416.0,147.76875,20.458750000000002,375.915,441.35,tracker,nan,nan,nan,nan,0.9471398591995239,nan,0,nan,nan,nan,TRACKING,0.03871138300746679,0.0,0.0,19.37638199946008,0,0,0,0.0,0.0,1.0,0,0,0,0,0,0,0,VERIFIED,0.845104,1,0,1,0.0,0,1,0,adopt_standby
243,22.968179297007737,161.5,32.5,370.0,416.0,161.5,32.5,370.0,416.0,152.5746875,24.6731875,373.84475000000003,432.47749999999996,tracker,nan,nan,nan,nan,0.9495962858200073,nan,0,nan,nan,nan,TRACKING,0.04270414399798028,0.0,0.0,17.814291530101436,0,0,0,0.0,0.0,1.0,0,0,0,0,0,0,0,VERIFIED,0.845104,1,0,1,0.0,0,1,0,adopt_standby
244,23.020742502005305,161.5,32.5,370.0,416.0,161.5,32.5,370.0,416.0,155.698546875,27.412571875,372.49908750000003,426.710375,tracker,nan,nan,nan,nan,0.951478898525238,nan,0,nan,nan,nan,TRACKING,0.04011511700809933,0.0,0.0,19.024715103393348,0,0,0,0.0,0.0,1.0,0,0,0,0,0,0,0,VERIFIED,0.845104,1,0,1,0.0,0,1,0,adopt_standby
245,23.1163049099996,161.5,32.5,370.0,416.0,161.5,32.5,370.0,416.0,157.72905546875,29.19317171875,371.62440687500003,422.96174375,tracker,nan,nan,nan,nan,0.9456756711006165,nan,0,nan,nan,nan,TRACKING,0.08290978400327731,0.0,0.0,10.46436586298363,0,0,0,0.0,0.0,1.0,0,0,0,0,0,0,0,VERIFIED,0.845104,1,0,1,0.0,0,1,0,adopt_standby
246,23.30753717799962,161.5,32.5,370.0,416.0,161.5,32.5,370.0,416.0,159.0488860546875,30.350561617187502,371.05586446875003,420.5251334375,tracker,nan,nan,nan,nan,0.9441009163856506,nan,0,nan,nan,nan,TRACKING,0.05153828200127464,0.0,0.0,5.229243006205873,0,0,0,0.0,0.0,1.0,0,0,0,0,0,0,0,VERIFIED,0.811642,1,0,1,0.1267528640019009,0,1,0,adopt_standby
247,23.36919385100191,161.5,32.5,370.0,416.0,161.5,32.5,370.0,416.0,159.90677593554688,31.102865051171875,370.6863119046875,418.941336734375,tracker,nan,nan,nan,nan,0.9408419728279114,nan,0,nan,nan,nan,TRACKING,0.04749317601090297,0.0,0.0,16.21884463280828,0,0,0,0.0,0.0,1.0,0,0,0,0,0,0,0,VERIFIED,0.811642,1,0,1,0.0,0,1,0,adopt_standby
248,23.429882582000573,161.5,32.5,370.0,416.0,161.5,32.5,370.0,416.0,160.46440435810547,31.59186228326172,370.4461027380469,417.91186887734375,tracker,nan,nan,nan,nan,0.9454843401908875,nan,0,nan,nan,nan,TRACKING,0.0477749019919429,0.0,0.0,16.477523644744306,0,0,0,0.0,0.0,1.0,0,0,0,0,0,0,0,VERIFIED,0.811642,1,0,1,0.0,0,1,0,adopt_standby
249,23.482096299005207,161.5,32.5,370.0,416.0,161.5,32.5,370.0,416.0,160.82686283276857,31.90971048412012,370.28996677973043,417.24271477027344,tracker,nan,nan,nan,nan,0.9474437236785889,nan,0,nan,nan,nan,TRACKING,0.039545832012663595,0.0,0.0,19.152055386351037,0,0,0,0.0,0.0,1.0,0,0,0,0,0,0,0,VERIFIED,0.811642,1,0,1,0.0,0,1,0,adopt_standby
250,23.71880851199967,161.5,32.5,370.0,416.0,161.5,32.5,370.0,416.0,131.0,4.0,381.0,476.0,detector,131.0,4.0,381.0,476.0,0.9509086012840271,0.987407,1,0.7695653091814977,0.03130619946592048,1.1782484407484408,DETECTOR_CONFIRMED,0.03928019999875687,0.1819891600025585,0.0,4.22453910319953,0,0,0,0.0,0.0,1.0,0,0,0,0,0,0,0,VERIFIED,0.811642,1,0,1,0.0,0,1,0,adopt_standby
251,23.789188851995277,161.5,32.5,370.0,416.0,161.5,32.5,370.0,416.0,141.675,13.975,377.15,455.0,tracker,nan,nan,nan,nan,0.9547624588012695,nan,0,nan,nan,nan,TRACKING,0.05003167899849359,0.0,0.0,14.208513344243496,0,0,0,0.0,0.0,1.0,0,0,0,0,0,0,0,VERIFIED,0.811642,1,0,1,0.0,0,1,0,adopt_standby
252,23.842969849007204,161.5,32.5,370.0,416.0,161.5,32.5,370.0,416.0,148.61375,20.458750000000002,374.6475,441.35,tracker,nan,nan,nan,nan,0.953952431678772,nan,0,nan,nan,nan,TRACKING,0.04052153399970848,0.0,0.0,18.59392825644774,0,0,0,0.0,0.0,1.0,0,0,0,0,0,0,0,VERIFIED,0.811642,1,0,1,0.0,0,1,0,adopt_standby
253,23.908143698005006,161.5,32.5,370.0,416.0,161.5,32.5,370.0,416.0,153.1239375,24.6731875,373.020875,432.47749999999996,tracker,nan,nan,nan,nan,0.9520023465156555,nan,0,nan,nan,nan,TRACKING,0.05230965699593071,0.0,0.0,15.343577452878872,0,0,0,0.0,0.0,1.0,0,0,0,0,0,0,0,VERIFIED,0.811642,1,0,1,0.0,0,1,0,adopt_standby
254,23.976826805999735,161.5,32.5,370.0,416.0,161.5,32.5,370.0,416.0,156.055559375,27.412571875,371.96356875000004,426.710375,tracker,nan,nan,nan,nan,0.953402042388916,nan,0,nan,nan,nan,TRACKING,0.051615054995636456,0.0,0.0,14.559620686890497,0,0,0,0.0,0.0,1.0,0,0,0,0,0,0,0,VERIFIED,0.811642,1,0,1,0.0,0,1,0,adopt_standby
255,24.038540146997548,161.5,32.5,370.0,416.0,161.5,32.5,370.0,416.0,157.96111359375,29.19317171875,371.27631968750006,422.96174375,tracker,nan,nan,nan,nan,0.9500450491905212,nan,0,nan,nan,nan,TRACKING,0.0452169180061901,0.0,0.0,16.203951752271017,0,0,0,0.0,0.0,1.0,0,0,0,0,0,0,0,VERIFIED,0.811642,1,0,1,0.0,0,1,0,adopt_standby
256,24.093539613997564,161.5,32.5,370.0,416.0,161.5,32.5,370.0,416.0,159.1997238359375,30.350561617187502,370.82960779687505,420.5251334375,tracker,nan,nan,nan,nan,0.9458023905754089,nan,0,nan,nan,nan,TRACKING,0.0419089140050346,0.0,0.0,18.181994381867536,0,0,0,0.0,0.0,1.0,0,0,0,0,0,0,0,VERIFIED,0.811642,1,0,1,0.0,0,1,0,adopt_standby
257,24.146818983004778,161.5,32.5,370.0,416.0,161.5,32.5,370.0,416.0,160.00482049335938,31.102865051171875,370.53924506796875,418.941336734375,tracker,nan,nan,nan,nan,0.9464264512062073,nan,0,nan,nan,nan,TRACKING,0.0405070029955823,0.0,0.0,18.768991049135757,0,0,0,0.0,0.0,1.0,0,0,0,0,0,0,0,VERIFIED,0.811642,1,0,1,0.0,0,1,0,adopt_standby
258,24.20585183800722,161.5,32.5,370.0,416.0,161.5,32.5,370.0,416.0,160.5281333206836,31.59186228326172,370.3505092941797,417.91186887734375,tracker,nan,nan,nan,nan,0.9502896666526794,nan,0,nan,nan,nan,TRACKING,0.045943135002744384,0.0,0.0,16.939719414868666,0,0,0,0.0,0.0,1.0,0,0,0,0,0,0,0,VERIFIED,0.811642,1,0,1,0.0,0,1,0,adopt_standby
259,24.25893578500836,161.5,32.5,370.0,416.0,161.5,32.5,370.0,416.0,160.86828665844433,31.90971048412012,370.2278310412168,417.24271477027344,tracker,nan,nan,nan,nan,0.9542602896690369,nan,0,nan,nan,nan,TRACKING,0.04044522999902256,0.0,0.0,18.838086775621573,0,0,0,0.0,0.0,1.0,0,0,0,0,0,0,0,VERIFIED,0.811642,1,0,1,0.0,0,1,0,adopt_standby
260,24.582278244997724,161.5,32.5,370.0,416.0,161.5,32.5,370.0,416.0,131.0,4.0,381.0,476.0,detector,131.0,4.0,381.0,476.0,0.9484916925430298,0.987709,1,0.7695653091814977,0.03130619946592048,1.1782484407484408,DETECTOR_CONFIRMED,0.03797938401112333,0.2709885829972336,0.0,3.0926962083263017,0,0,0,0.0,0.0,1.0,0,0,0,0,0,0,0,VERIFIED,0.811642,1,0,1,0.0,0,1,0,adopt_standby
261,24.667036879007355,161.5,32.5,370.0,416.0,161.5,32.5,370.0,416.0,141.675,13.975,377.15,455.0,tracker,nan,nan,nan,nan,0.9463230967521667,nan,0,nan,nan,nan,TRACKING,0.0698809000023175,0.0,0.0,11.79820807265921,0,0,0,0.0,0.0,1.0,0,0,0,0,0,0,0,VERIFIED,0.811642,1,0,1,0.0,0,1,0,adopt_standby
262,24.74068277400511,161.5,32.5,370.0,416.0,161.5,32.5,370.0,416.0,148.61375,20.458750000000002,374.6475,441.35,tracker,nan,nan,nan,nan,0.948708176612854,nan,0,nan,nan,nan,TRACKING,0.0601017890003277,0.0,0.0,13.578489337803664,0,0,0,0.0,0.0,1.0,0,0,0,0,0,0,0,VERIFIED,0.811642,1,0,1,0.0,0,1,0,adopt_standby
263,24.79712821599969,161.5,32.5,370.0,416.0,161.5,32.5,370.0,416.0,153.1239375,24.6731875,373.020875,432.47749999999996,tracker,nan,nan,nan,nan,0.9478400349617004,nan,0,nan,nan,nan,TRACKING,0.04372927499935031,0.0,0.0,17.716222331928318,0,0,0,0.0,0.0,1.0,0,0,0,0,0,0,0,VERIFIED,0.811642,1,0,1,0.0,0,1,0,adopt_standby
264,24.849280316004297,161.5,32.5,370.0,416.0,161.5,32.5,370.0,416.0,156.055559375,27.412571875,371.96356875000004,426.710375,tracker,nan,nan,nan,nan,0.9536841511726379,nan,0,nan,nan,nan,TRACKING,0.03935103399271611,0.0,0.0,19.174683280475765,0,0,0,0.0,0.0,1.0,0,0,0,0,0,0,0,VERIFIED,0.811642,1,0,1,0.0,0,1,0,adopt_standby
265,24.90617832299904,161.5,32.5,370.0,416.0,161.5,32.5,370.0,416.0,157.96111359375,29.19317171875,371.27631968750006,422.96174375,tracker,nan,nan,nan,nan,0.9524806141853333,nan,0,nan,nan,nan,TRACKING,0.04407933600305114,0.0,0.0,17.575308043608544,0,0,0,0.0,0.0,1.0,0,0,0,0,0,0,0,VERIFIED,0.811642,1,0,1,0.0,0,1,0,adopt_standby
266,24.960015675998875,161.5,32.5,370.0,416.0,161.5,32.5,370.0,416.0,159.1997238359375,30.350561617187502,370.82960779687505,420.5251334375,tracker,nan,nan,nan,nan,0.9481279253959656,nan,0,nan,nan,nan,TRACKING,0.04125749100057874,0.0,0.0,18.57446446156184,0,0,0,0.0,0.0,1.0,0,0,0,0,0,0,0,VERIFIED,0.811642,1,0,1,0.0,0,1,0,adopt_standby
267,25.010626902003423,161.5,32.5,370.0,416.0,161.5,32.5,370.0,416.0,160.00482049335938,31.102865051171875,370.53924506796875,418.941336734375,tracker,nan,nan,nan,nan,0.9517724514007568,nan,0,nan,nan,nan,TRACKING,0.037959175009746104,0.0,0.0,19.758462280880753,0,0,0,0.0,0.0,1.0,0,0,0,0,0,0,0,VERIFIED,0.811642,1,0,1,0.0,0,1,0,adopt_standby
268,25.06572272500489,161.5,32.5,370.0,416.0,161.5,32.5,370.0,416.0,160.5281333206836,31.59186228326172,370.3505092941797,417.91186887734375,tracker,nan,nan,nan,nan,0.9471627473831177,nan,0,nan,nan,nan,TRACKING,0.042397782002808526,0.0,0.0,18.150196249421597,0,0,0,0.0,0.0,1.0,0,0,0,0,0,0,0,VERIFIED,0.811642,1,0,1,0.0,0,1,0,adopt_standby
269,25.115421271999367,161.5,32.5,370.0,416.0,161.5,32.5,370.0,416.0,160.86828665844433,31.90971048412012,370.2278310412168,417.24271477027344,tracker,nan,nan,nan,nan,0.9493552446365356,nan,0,nan,nan,nan,TRACKING,0.037185352004598826,0.0,0.0,20.121312603185757,0,0,0,0.0,0.0,1.0,0,0,0,0,0,0,0,VERIFIED,0.811642,1,0,1,0.0,0,1,0,adopt_standby
270,25.456590970003163,161.5,32.5,370.0,416.0,161.5,32.5,370.0,416.0,131.0,4.0,380.0,476.0,detector,131.0,4.0,380.0,476.0,0.9462448954582214,0.987517,1,0.7676127724277749,0.031930099436112004,1.1751559251559252,DETECTOR_CONFIRMED,0.09068811299221125,0.23459908401127905,0.0,2.931092666936891,0,0,0,0.0,0.0,1.0,0,0,0,0,0,0,0,VERIFIED,0.811642,1,0,1,0.0,0,1,0,adopt_standby
271,25.529754821007373,161.5,32.5,370.0,416.0,161.5,32.5,370.0,416.0,141.675,13.975,376.5,455.0,tracker,nan,nan,nan,nan,0.9401872754096985,nan,0,nan,nan,nan,TRACKING,0.05516717900172807,0.0,0.0,13.667951949965753,0,0,0,0.0,0.0,1.0,0,0,0,0,0,0,0,VERIFIED,0.811642,1,0,1,0.0,0,1,0,adopt_standby
272,25.583583892002935,161.5,32.5,370.0,416.0,161.5,32.5,370.0,416.0,148.61375,20.458750000000002,374.225,441.35,tracker,nan,nan,nan,nan,0.9339736104011536,nan,0,nan,nan,nan,TRACKING,0.04129712701251265,0.0,0.0,18.57732228153167,0,0,0,0.0,0.0,1.0,0,0,0,0,0,0,0,VERIFIED,0.811642,1,0,1,0.0,0,1,0,adopt_standby
273,25.638795343998936,161.5,32.5,370.0,416.0,161.5,32.5,370.0,416.0,153.1239375,24.6731875,372.74625000000003,432.47749999999996,tracker,nan,nan,nan,nan,0.9401792287826538,nan,0,nan,nan,nan,TRACKING,0.0424828879913548,0.0,0.0,18.112184408271368,0,0,0,0.0,0.0,1.0,0,0,0,0,0,0,0,VERIFIED,0.811642,1,0,1,0.0,0,1,0,adopt_standby
274,25.690489098007674,161.5,32.5,370.0,416.0,161.5,32.5,370.0,416.0,156.055559375,27.412571875,371.78506250000004,426.710375,tracker,nan,nan,nan,nan,0.9441313147544861,nan,0,nan,nan,nan,TRACKING,0.039205875000334345,0.0,0.0,19.34469684347087,0,0,0,0.0,0.0,1.0,0,0,0,0,0,0,0,VERIFIED,0.811642,1,0,1,0.0,0,1,0,adopt_standby
275,25.742844017004245,161.5,32.5,370.0,416.0,161.5,32.5,370.0,416.0,157.96111359375,29.19317171875,371.160290625,422.96174375,tracker,nan,nan,nan,nan,0.9431515336036682,nan,0,nan,nan,nan,TRACKING,0.039898028000607155,0.0,0.0,19.100402009322224,0,0,0,0.0,0.0,1.0,0,0,0,0,0,0,0,VERIFIED,0.811642,1,0,1,0.0,0,1,0,adopt_standby
276,26.00540149200242,161.5,32.5,370.0,416.0,161.5,32.5,370.0,416.0,159.1997238359375,30.350561617187502,370.75418890625,420.5251334375,tracker,nan,nan,nan,nan,0.9388050436973572,nan,0,nan,nan,nan,TRACKING,0.040586639996035956,0.0,0.0,3.808689887831037,0,0,0,0.0,0.0,1.0,0,0,0,0,0,0,0,VERIFIED,0.775086,1,0,1,0.20923414699791465,0,1,0,adopt_standby
277,26.063637346000178,161.5,32.5,370.0,416.0,161.5,32.5,370.0,416.0,160.00482049335938,31.102865051171875,370.4902227890625,418.941336734375,tracker,nan,nan,nan,nan,0.9400172233581543,nan,0,nan,nan,nan,TRACKING,0.04123483398871031,0.0,0.0,17.171552082648336,0,0,0,0.0,0.0,1.0,0,0,0,0,0,0,0,VERIFIED,0.775086,1,0,1,0.0,0,1,0,adopt_standby
278,26.126432902994566,161.5,32.5,370.0,416.0,161.5,32.5,370.0,416.0,160.5281333206836,31.59186228326172,370.3186448128906,417.91186887734375,tracker,nan,nan,nan,nan,0.9365724921226501,nan,0,nan,nan,nan,TRACKING,0.04081753198988736,0.0,0.0,15.924693527113252,0,0,0,0.0,0.0,1.0,0,0,0,0,0,0,0,VERIFIED,0.775086,1,0,1,0.0,0,1,0,adopt_standby
279,26.185603990001255,161.5,32.5,370.0,416.0,161.5,32.5,370.0,416.0,160.86828665844433,31.90971048412012,370.2071191283789,417.24271477027344,tracker,nan,nan,nan,nan,0.9372197389602661,nan,0,nan,nan,nan,TRACKING,0.046331321995239705,0.0,0.0,16.90014584127809,0,0,0,0.0,0.0,1.0,0,0,0,0,0,0,0,VERIFIED,0.775086,1,0,1,0.0,0,1,0,adopt_standby
280,26.47479242499685,161.5,32.5,370.0,416.0,161.5,32.5,370.0,416.0,131.0,4.0,380.0,476.0,detector,131.0,4.0,380.0,476.0,0.9367756843566895,0.988337,1,0.7676127724277749,0.031930099436112004,1.1751559251559252,DETECTOR_CONFIRMED,0.046873264000169,0.22606380700017326,0.0,3.4579529434336966,0,0,0,0.0,0.0,1.0,0,0,0,0,0,0,0,VERIFIED,0.775086,1,0,1,0.0,0,1,0,adopt_standby
281,26.5347634810023,161.5,32.5,370.0,416.0,161.5,32.5,370.0,416.0,141.675,13.975,376.5,455.0,tracker,nan,nan,nan,nan,0.9262461066246033,nan,0,nan,nan,nan,TRACKING,0.04595928199705668,0.0,0.0,16.674710545518696,0,0,0,0.0,0.0,1.0,0,0,0,0,0,0,0,VERIFIED,0.775086,1,0,1,0.0,0,1,0,adopt_standby
282,26.587951285997406,161.5,32.5,370.0,416.0,161.5,32.5,370.0,416.0,148.61375,20.458750000000002,374.225,441.35,tracker,nan,nan,nan,nan,0.9382009506225586,nan,0,nan,nan,nan,TRACKING,0.04036715500114951,0.0,0.0,18.801302292734935,0,0,0,0.0,0.0,1.0,0,0,0,0,0,0,0,VERIFIED,0.775086,1,0,1,0.0,0,1,0,adopt_standby
283,26.64848693899694,161.5,32.5,370.0,416.0,161.5,32.5,370.0,416.0,153.1239375,24.6731875,372.74625000000003,432.47749999999996,tracker,nan,nan,nan,nan,0.9330587983131409,nan,0,nan,nan,nan,TRACKING,0.04752244699920993,0.0,0.0,16.519190765278584,0,0,0,0.0,0.0,1.0,0,0,0,0,0,0,0,VERIFIED,0.775086,1,0,1,0.0,0,1,0,adopt_standby
284,26.706401846997323,161.5,32.5,370.0,416.0,161.5,32.5,370.0,416.0,156.055559375,27.412571875,371.78506250000004,426.710375,tracker,nan,nan,nan,nan,0.9307410717010498,nan,0,nan,nan,nan,TRACKING,0.04431382099573966,0.0,0.0,17.266711362009964,0,0,0,0.0,0.0,1.0,0,0,0,0,0,0,0,VERIFIED,0.775086,1,0,1,0.0,0,1,0,adopt_standby
285,26.769181830997695,161.5,32.5,370.0,416.0,161.5,32.5,370.0,416.0,157.96111359375,29.19317171875,371.160290625,422.96174375,tracker,nan,nan,nan,nan,0.9370304346084595,nan,0,nan,nan,nan,TRACKING,0.04978172499977518,0.0,0.0,15.928643753621827,0,0,0,0.0,0.0,1.0,0,0,0,0,0,0,0,VERIFIED,0.775086,1,0,1,0.0,0,1,0,adopt_standby
286,26.83108814600564,161.5,32.5,370.0,416.0,161.5,32.5,370.0,416.0,159.1997238359375,30.350561617187502,370.75418890625,420.5251334375,tracker,nan,nan,nan,nan,0.9321088790893555,nan,0,nan,nan,nan,TRACKING,0.049002277010004036,0.0,0.0,16.153440886792445,0,0,0,0.0,0.0,1.0,0,0,0,0,0,0,0,VERIFIED,0.775086,1,0,1,0.0,0,1,0,adopt_standby
287,26.894371059999685,161.5,32.5,370.0,416.0,161.5,32.5,370.0,416.0,160.00482049335938,31.102865051171875,370.4902227890625,418.941336734375,tracker,nan,nan,nan,nan,0.9351702332496643,nan,0,nan,nan,nan,TRACKING,0.048780031997011974,0.0,0.0,15.802053617412687,0,0,0,0.0,0.0,1.0,0,0,0,0,0,0,0,VERIFIED,0.775086,1,0,1,0.0,0,1,0,adopt_standby
288,26.949638136997237,161.5,32.5,370.0,416.0,161.5,32.5,370.0,416.0,160.5281333206836,31.59186228326172,370.3186448128906,417.91186887734375,tracker,nan,nan,nan,nan,0.9311425089836121,nan,0,nan,nan,nan,TRACKING,0.042239287999109365,0.0,0.0,18.093954924453357,0,0,0,0.0,0.0,1.0,0,0,0,0,0,0,0,VERIFIED,0.775086,1,0,1,0.0,0,1,0,adopt_standby
289,27.006173269008286,161.5,32.5,370.0,416.0,161.5,32.5,370.0,416.0,160.86828665844433,31.90971048412012,370.2071191283789,417.24271477027344,tracker,nan,nan,nan,nan,0.9363440871238708,nan,0,nan,nan,nan,TRACKING,0.043626147002214566,0.0,0.0,17.688116476044602,0,0,0,0.0,0.0,1.0,0,0,0,0,0,0,0,VERIFIED,0.775086,1,0,1,0.0,0,1,0,adopt_standby
290,27.223233455006266,161.5,32.5,370.0,416.0,161.5,32.5,370.0,416.0,131.0,4.0,379.0,476.0,detector,131.0,4.0,379.0,476.0,0.9358421564102173,0.988222,1,0.7656589982466147,0.03255404160776355,1.1720634095634095,DETECTOR_CONFIRMED,0.03724639599386137,0.1655263830034528,0.0,4.607017152419226,0,0,0,0.0,0.0,1.0,0,0,0,0,0,0,0,VERIFIED,0.775086,1,0,1,0.0,0,1,0,adopt_standby
291,27.284151358006056,161.5,32.5,370.0,416.0,161.5,32.5,370.0,416.0,141.675,13.975,375.85,455.0,tracker,nan,nan,nan,nan,0.9379436373710632,nan,0,nan,nan,nan,TRACKING,0.047012433991767466,0.0,0.0,16.415535511841913,0,0,0,0.0,0.0,1.0,0,0,0,0,0,0,0,VERIFIED,0.775086,1,0,1,0.0,0,1,0,adopt_standby
292,27.34166255699529,161.5,32.5,370.0,416.0,161.5,32.5,370.0,416.0,148.61375,20.458750000000002,373.8025,441.35,tracker,nan,nan,nan,nan,0.9455795884132385,nan,0,nan,nan,nan,TRACKING,0.044622682995395735,0.0,0.0,17.38791778949404,0,0,0,0.0,0.0,1.0,0,0,0,0,0,0,0,VERIFIED,0.775086,1,0,1,0.0,0,1,0,adopt_standby
293,27.40187867199711,161.5,32.5,370.0,416.0,161.5,32.5,370.0,416.0,153.1239375,24.6731875,372.471625,432.47749999999996,tracker,nan,nan,nan,nan,0.9433997273445129,nan,0,nan,nan,nan,TRACKING,0.046682059997692704,0.0,0.0,16.60685017573359,0,0,0,0.0,0.0,1.0,0,0,0,0,0,0,0,VERIFIED,0.775086,1,0,1,0.0,0,1,0,adopt_standby
294,27.463845769001637,161.5,32.5,370.0,416.0,161.5,32.5,370.0,416.0,156.055559375,27.412571875,371.60655625000004,426.710375,tracker,nan,nan,nan,nan,0.9420703649520874,nan,0,nan,nan,nan,TRACKING,0.04882071100291796,0.0,0.0,16.13759637516917,0,0,0,0.0,0.0,1.0,0,0,0,0,0,0,0,VERIFIED,0.775086,1,0,1,0.0,0,1,0,adopt_standby
295,27.567175256001065,161.5,32.5,370.0,416.0,161.5,32.5,370.0,416.0,157.96111359375,29.19317171875,371.0442615625,422.96174375,tracker,nan,nan,nan,nan,0.9389184713363647,nan,0,nan,nan,nan,TRACKING,0.0905581099941628,0.0,0.0,9.677779586823426,0,0,0,0.0,0.0,1.0,0,0,0,0,0,0,0,VERIFIED,0.775086,1,0,1,0.0,0,1,0,adopt_standby
296,27.619517622006242,161.5,32.5,370.0,416.0,161.5,32.5,370.0,416.0,159.1997238359375,30.350561617187502,370.678770015625,420.5251334375,tracker,nan,nan,nan,nan,0.9325740337371826,nan,0,nan,nan,nan,TRACKING,0.03933785700064618,0.0,0.0,19.10498275720058,0,0,0,0.0,0.0,1.0,0,0,0,0,0,0,0,VERIFIED,0.775086,1,0,1,0.0,0,1,0,adopt_standby
297,27.67611312000372,161.5,32.5,370.0,416.0,161.5,32.5,370.0,416.0,160.00482049335938,31.102865051171875,370.44120051015625,418.941336734375,tracker,nan,nan,nan,nan,0.9353625178337097,nan,0,nan,nan,nan,TRACKING,0.043829536996781826,0.0,0.0,17.669249947134805,0,0,0,0.0,0.0,1.0,0,0,0,0,0,0,0,VERIFIED,0.775086,1,0,1,0.0,0,1,0,adopt_standby
298,27.732851070002653,161.5,32.5,370.0,416.0,161.5,32.5,370.0,416.0,160.5281333206836,31.59186228326172,370.28678033160156,417.91186887734375,tracker,nan,nan,nan,nan,0.9382225275039673,nan,0,nan,nan,nan,TRACKING,0.04412673298793379,0.0,0.0,17.624887751827615,0,0,0,0.0,0.0,1.0,0,0,0,0,0,0,0,VERIFIED,0.775086,1,0,1,0.0,0,1,0,adopt_standby
299,27.782737902001827,161.5,32.5,370.0,416.0,161.5,32.5,370.0,416.0,160.86828665844433,31.90971048412012,370.186407215541,417.24271477027344,tracker,nan,nan,nan,nan,0.9315782189369202,nan,0,nan,nan,nan,TRACKING,0.03708852699492127,0.0,0.0,20.04536988872236,0,0,0,0.0,0.0,1.0,0,0,0,0,0,0,0,VERIFIED,0.775086,1,0,1,0.0,0,1,0,adopt_standby
