frame_index,timestamp_s,x,y,w,h,center_x,center_y,area,score,state,track_time_s,init_time_s,fps,is_low_score,is_very_low_score,is_out_of_frame,center_delta_px,center_delta_ratio,area_ratio,is_large_jump,is_large_area_change,consecutive_suspicious,manual_reinitializations,init_trigger,startup_det_x,startup_det_y,startup_det_w,startup_det_h,startup_det_conf,startup_detector_calls,startup_detector_hits
0,3.2930478929993114,nan,nan,nan,nan,nan,nan,nan,,READY,0.0,0.0,0.3036486726022854,0,0,0,0.0,0.0,1.0,0,0,0,0,none,280.0,76.0,206.0,469.0,0.773871,1,1
1,5.122787209998933,nan,nan,nan,nan,nan,nan,nan,,READY,0.0,0.0,0.5465259399026222,0,0,0,0.0,0.0,1.0,0,0,0,0,none,nan,nan,nan,nan,nan,2,1
2,6.331336092000129,nan,nan,nan,nan,nan,nan,nan,,DETECTED_INITIALIZING,0.0,0.0,0.8274386041747299,0,0,0,0.0,0.0,1.0,0,0,0,0,startup_detector,274.0,73.0,219.0,473.0,0.785978,3,2
3,20.45971546600049,nan,nan,nan,nan,nan,nan,nan,,INITIALIZING,0.0,0.0,0.07077952633691605,0,0,0,0.0,0.0,1.0,0,0,0,0,none,nan,nan,nan,nan,nan,3,2
4,33.194677864004916,nan,nan,nan,nan,nan,nan,nan,,INITIALIZING,0.0,0.0,0.07852398528924595,0,0,0,0.0,0.0,1.0,0,0,0,0,none,nan,nan,nan,nan,nan,3,2
5,33.28074834400468,nan,nan,nan,nan,nan,nan,nan,,INITIALIZING,0.0,0.0,11.618385304726601,0,0,0,0.0,0.0,1.0,0,0,0,0,none,nan,nan,nan,nan,nan,3,2
6,33.44602531300188,nan,nan,nan,nan,nan,nan,nan,,INITIALIZING,0.0,0.0,6.050449775715048,0,0,0,0.0,0.0,1.0,0,0,0,0,none,nan,nan,nan,nan,nan,3,2
7,33.833864731001086,nan,nan,nan,nan,nan,nan,nan,,INITIALIZING,0.0,0.0,2.5783867074647255,0,0,0,0.0,0.0,1.0,0,0,0,0,none,nan,nan,nan,nan,nan,3,2
8,34.848940319003304,nan,nan,nan,nan,nan,nan,nan,,INITIALIZING,0.0,0.0,0.9851483099579911,0,0,0,0.0,0.0,1.0,0,0,0,0,none,nan,nan,nan,nan,nan,3,2
9,35.58992654699978,nan,nan,nan,nan,nan,nan,nan,,INITIALIZING,0.0,0.0,1.3495527476993274,0,0,0,0.0,0.0,1.0,0,0,0,0,none,nan,nan,nan,nan,nan,3,2
10,36.348259643003985,nan,nan,nan,nan,nan,nan,nan,,INITIALIZING,0.0,0.0,1.318681731377911,0,0,0,0.0,0.0,1.0,0,0,0,0,none,nan,nan,nan,nan,nan,3,2
11,37.15871078100463,nan,nan,nan,nan,nan,nan,nan,,INITIALIZING,0.0,0.0,1.2338806784415979,0,0,0,0.0,0.0,1.0,0,0,0,0,none,nan,nan,nan,nan,nan,3,2
12,37.23607588300365,nan,nan,nan,nan,nan,nan,nan,,INITIALIZING,0.0,0.0,12.925724572981919,0,0,0,0.0,0.0,1.0,0,0,0,0,none,nan,nan,nan,nan,nan,3,2
13,37.29348615500203,nan,nan,nan,nan,nan,nan,nan,,INITIALIZING,0.0,0.0,17.418485668004585,0,0,0,0.0,0.0,1.0,0,0,0,0,none,nan,nan,nan,nan,nan,3,2
14,37.3666759129992,nan,nan,nan,nan,nan,nan,nan,,INITIALIZING,0.0,0.0,13.663113902339523,0,0,0,0.0,0.0,1.0,0,0,0,0,none,nan,nan,nan,nan,nan,3,2
15,37.441470390003815,nan,nan,nan,nan,nan,nan,nan,,INITIALIZING,0.0,0.0,13.369971153595786,0,0,0,0.0,0.0,1.0,0,0,0,0,none,nan,nan,nan,nan,nan,3,2
16,37.52008640499844,nan,nan,nan,nan,nan,nan,nan,,INITIALIZING,0.0,0.0,12.720054559728064,0,0,0,0.0,0.0,1.0,0,0,0,0,none,nan,nan,nan,nan,nan,3,2
17,37.59457150199887,nan,nan,nan,nan,nan,nan,nan,,INITIALIZING,0.0,0.0,13.425504433379187,0,0,0,0.0,0.0,1.0,0,0,0,0,none,nan,nan,nan,nan,nan,3,2
18,37.668332730005204,nan,nan,nan,nan,nan,nan,nan,,INITIALIZING,0.0,0.0,13.557258020624879,0,0,0,0.0,0.0,1.0,0,0,0,0,none,nan,nan,nan,nan,nan,3,2
19,37.74171134700009,nan,nan,nan,nan,nan,nan,nan,,INITIALIZING,0.0,0.0,13.62794831728265,0,0,0,0.0,0.0,1.0,0,0,0,0,none,nan,nan,nan,nan,nan,3,2
20,37.81402353600424,nan,nan,nan,nan,nan,nan,nan,,INITIALIZING,0.0,0.0,13.828927235802446,0,0,0,0.0,0.0,1.0,0,0,0,0,none,nan,nan,nan,nan,nan,3,2
21,37.88768153300043,nan,nan,nan,nan,nan,nan,nan,,INITIALIZING,0.0,0.0,13.576258393935593,0,0,0,0.0,0.0,1.0,0,0,0,0,none,nan,nan,nan,nan,nan,3,2
22,37.96168860000034,nan,nan,nan,nan,nan,nan,nan,,INITIALIZING,0.0,0.0,13.512223096224014,0,0,0,0.0,0.0,1.0,0,0,0,0,none,nan,nan,nan,nan,nan,3,2
23,38.03444277700328,nan,nan,nan,nan,nan,nan,nan,,INITIALIZING,0.0,0.0,13.74491529138818,0,0,0,0.0,0.0,1.0,0,0,0,0,none,nan,nan,nan,nan,nan,3,2
24,38.10947424000187,nan,nan,nan,nan,nan,nan,nan,,INITIALIZING,0.0,0.0,13.327742256854625,0,0,0,0.0,0.0,1.0,0,0,0,0,none,nan,nan,nan,nan,nan,3,2
25,38.18142553600046,nan,nan,nan,nan,nan,nan,nan,,INITIALIZING,0.0,0.0,13.898290310429266,0,0,0,0.0,0.0,1.0,0,0,0,0,none,nan,nan,nan,nan,nan,3,2
26,46.49077466400195,nan,nan,nan,nan,nan,nan,nan,,INITIALIZING,0.0,0.0,0.12034636944428329,0,0,0,0.0,0.0,1.0,0,0,0,0,none,nan,nan,nan,nan,nan,3,2
27,49.39812847199937,nan,nan,nan,nan,nan,nan,nan,,INITIALIZING,0.0,0.0,0.34395538556375316,0,0,0,0.0,0.0,1.0,0,0,0,0,none,nan,nan,nan,nan,nan,3,2
28,49.49524086400197,nan,nan,nan,nan,nan,nan,nan,,INITIALIZING,0.0,0.0,10.297347015952655,0,0,0,0.0,0.0,1.0,0,0,0,0,none,nan,nan,nan,nan,nan,3,2
29,49.588342809001915,nan,nan,nan,nan,nan,nan,nan,,INITIALIZING,0.0,0.0,10.740914166729835,0,0,0,0.0,0.0,1.0,0,0,0,0,none,nan,nan,nan,nan,nan,3,2
30,49.86850027800392,nan,nan,nan,nan,nan,nan,nan,,INITIALIZING,0.0,0.0,3.5694211671823726,0,0,0,0.0,0.0,1.0,0,0,0,0,none,nan,nan,nan,nan,nan,3,2
31,49.95876018600393,nan,nan,nan,nan,nan,nan,nan,,INITIALIZING,0.0,0.0,11.079116101025933,0,0,0,0.0,0.0,1.0,0,0,0,0,none,nan,nan,nan,nan,nan,3,2
32,50.04319622600451,nan,nan,nan,nan,nan,nan,nan,,INITIALIZING,0.0,0.0,11.843283981497715,0,0,0,0.0,0.0,1.0,0,0,0,0,none,nan,nan,nan,nan,nan,3,2
33,50.124023183001555,nan,nan,nan,nan,nan,nan,nan,,INITIALIZING,0.0,0.0,12.37210996371642,0,0,0,0.0,0.0,1.0,0,0,0,0,none,nan,nan,nan,nan,nan,3,2
34,50.20099636300438,nan,nan,nan,nan,nan,nan,nan,,INITIALIZING,0.0,0.0,12.991538091102806,0,0,0,0.0,0.0,1.0,0,0,0,0,none,nan,nan,nan,nan,nan,3,2
35,50.275713143004396,nan,nan,nan,nan,nan,nan,nan,,INITIALIZING,0.0,0.0,13.383874412143726,0,0,0,0.0,0.0,1.0,0,0,0,0,none,nan,nan,nan,nan,nan,3,2
36,50.35295971400046,nan,nan,nan,nan,nan,nan,nan,,INITIALIZING,0.0,0.0,12.945558451402517,0,0,0,0.0,0.0,1.0,0,0,0,0,none,nan,nan,nan,nan,nan,3,2
37,50.410655418003444,nan,nan,nan,nan,nan,nan,nan,,INITIALIZING,0.0,0.0,17.33231299072685,0,0,0,0.0,0.0,1.0,0,0,0,0,none,nan,nan,nan,nan,nan,3,2
38,50.48366482100391,nan,nan,nan,nan,nan,nan,nan,,INITIALIZING,0.0,0.0,13.696865867997467,0,0,0,0.0,0.0,1.0,0,0,0,0,none,nan,nan,nan,nan,nan,3,2
39,50.55757908500527,nan,nan,nan,nan,nan,nan,nan,,INITIALIZING,0.0,0.0,13.529188357765484,0,0,0,0.0,0.0,1.0,0,0,0,0,none,nan,nan,nan,nan,nan,3,2
40,50.766375261002395,nan,nan,nan,nan,nan,nan,nan,,INITIALIZING,0.0,0.0,4.789359743895802,0,0,0,0.0,0.0,1.0,0,0,0,0,none,nan,nan,nan,nan,nan,3,2
41,50.84059020800487,nan,nan,nan,nan,nan,nan,nan,,INITIALIZING,0.0,0.0,13.474374642707236,0,0,0,0.0,0.0,1.0,0,0,0,0,none,nan,nan,nan,nan,nan,3,2
42,50.9151818820028,nan,nan,nan,nan,nan,nan,nan,,INITIALIZING,0.0,0.0,13.406321998186556,0,0,0,0.0,0.0,1.0,0,0,0,0,none,nan,nan,nan,nan,nan,3,2
43,51.239893541998754,nan,nan,nan,nan,nan,nan,nan,,INITIALIZING,0.0,0.0,3.0796553471854256,0,0,0,0.0,0.0,1.0,0,0,0,0,none,nan,nan,nan,nan,nan,3,2
44,51.312677574998816,nan,nan,nan,nan,nan,nan,nan,,INITIALIZING,0.0,0.0,13.739277129630224,0,0,0,0.0,0.0,1.0,0,0,0,0,none,nan,nan,nan,nan,nan,3,2
45,51.388023482999415,nan,nan,nan,nan,nan,nan,nan,,INITIALIZING,0.0,0.0,13.272120895962155,0,0,0,0.0,0.0,1.0,0,0,0,0,none,nan,nan,nan,nan,nan,3,2
46,51.46398638300161,nan,nan,nan,nan,nan,nan,nan,,INITIALIZING,0.0,0.0,13.164321003688531,0,0,0,0.0,0.0,1.0,0,0,0,0,none,nan,nan,nan,nan,nan,3,2
47,51.5366351019984,nan,nan,nan,nan,nan,nan,nan,,INITIALIZING,0.0,0.0,13.764867623394814,0,0,0,0.0,0.0,1.0,0,0,0,0,none,nan,nan,nan,nan,nan,3,2
48,51.61075859000266,nan,nan,nan,nan,nan,nan,nan,,INITIALIZING,0.0,0.0,13.491000314805918,0,0,0,0.0,0.0,1.0,0,0,0,0,none,nan,nan,nan,nan,nan,3,2
49,51.66826543799834,nan,nan,nan,nan,nan,nan,nan,,INITIALIZING,0.0,0.0,17.389233367043104,0,0,0,0.0,0.0,1.0,0,0,0,0,none,nan,nan,nan,nan,nan,3,2
50,51.740241747000255,nan,nan,nan,nan,nan,nan,nan,,INITIALIZING,0.0,0.0,13.893460415891061,0,0,0,0.0,0.0,1.0,0,0,0,0,none,nan,nan,nan,nan,nan,3,2
51,51.822034297001665,nan,nan,nan,nan,nan,nan,nan,,INITIALIZING,0.0,0.0,12.226052372529812,0,0,0,0.0,0.0,1.0,0,0,0,0,none,nan,nan,nan,nan,nan,3,2
52,51.894834269005514,nan,nan,nan,nan,nan,nan,nan,,INITIALIZING,0.0,0.0,13.73626901871775,0,0,0,0.0,0.0,1.0,0,0,0,0,none,nan,nan,nan,nan,nan,3,2
53,51.96675115000107,nan,nan,nan,nan,nan,nan,nan,,INITIALIZING,0.0,0.0,13.90494117871646,0,0,0,0.0,0.0,1.0,0,0,0,0,none,nan,nan,nan,nan,nan,3,2
54,52.03932210600033,nan,nan,nan,nan,nan,nan,nan,,INITIALIZING,0.0,0.0,13.779617289460575,0,0,0,0.0,0.0,1.0,0,0,0,0,none,nan,nan,nan,nan,nan,3,2
55,52.11726775600255,nan,nan,nan,nan,nan,nan,nan,,INITIALIZING,0.0,0.0,12.829452316729803,0,0,0,0.0,0.0,1.0,0,0,0,0,none,nan,nan,nan,nan,nan,3,2
56,52.19102180900518,nan,nan,nan,nan,nan,nan,nan,,INITIALIZING,0.0,0.0,13.558576909181244,0,0,0,0.0,0.0,1.0,0,0,0,0,none,nan,nan,nan,nan,nan,3,2
57,52.27003649100516,nan,nan,nan,nan,nan,nan,nan,,INITIALIZING,0.0,0.0,12.65587577762149,0,0,0,0.0,0.0,1.0,0,0,0,0,none,nan,nan,nan,nan,nan,3,2
58,52.35329724800249,nan,nan,nan,nan,nan,nan,nan,,INITIALIZING,0.0,0.0,12.010460102254743,0,0,0,0.0,0.0,1.0,0,0,0,0,none,nan,nan,nan,nan,nan,3,2
59,52.457301449001534,nan,nan,nan,nan,nan,nan,nan,,INITIALIZING,0.0,0.0,9.614996225096734,0,0,0,0.0,0.0,1.0,0,0,0,0,none,nan,nan,nan,nan,nan,3,2
60,52.553140745003475,nan,nan,nan,nan,nan,nan,nan,,INITIALIZING,0.0,0.0,10.434133405776976,0,0,0,0.0,0.0,1.0,0,0,0,0,none,nan,nan,nan,nan,nan,3,2
61,52.61801461800496,nan,nan,nan,nan,nan,nan,nan,,INITIALIZING,0.0,0.0,15.414525967596495,0,0,0,0.0,0.0,1.0,0,0,0,0,none,nan,nan,nan,nan,nan,3,2
62,52.940189253000426,nan,nan,nan,nan,nan,nan,nan,,INITIALIZING,0.0,0.0,3.103906674757567,0,0,0,0.0,0.0,1.0,0,0,0,0,none,nan,nan,nan,nan,nan,3,2
63,53.02049791999889,nan,nan,nan,nan,nan,nan,nan,,INITIALIZING,0.0,0.0,12.451956150874071,0,0,0,0.0,0.0,1.0,0,0,0,0,none,nan,nan,nan,nan,nan,3,2
64,53.09619586800545,nan,nan,nan,nan,nan,nan,nan,,INITIALIZING,0.0,0.0,13.210397723241973,0,0,0,0.0,0.0,1.0,0,0,0,0,none,nan,nan,nan,nan,nan,3,2
65,53.170490349999454,nan,nan,nan,nan,nan,nan,nan,,INITIALIZING,0.0,0.0,13.459949826162473,0,0,0,0.0,0.0,1.0,0,0,0,0,none,nan,nan,nan,nan,nan,3,2
66,53.24665638100123,nan,nan,nan,nan,nan,nan,nan,,INITIALIZING,0.0,0.0,13.129212417234694,0,0,0,0.0,0.0,1.0,0,0,0,0,none,nan,nan,nan,nan,nan,3,2
67,53.33121029000176,nan,nan,nan,nan,nan,nan,nan,,INITIALIZING,0.0,0.0,11.826774324457245,0,0,0,0.0,0.0,1.0,0,0,0,0,none,nan,nan,nan,nan,nan,3,2
68,53.41987959600374,nan,nan,nan,nan,nan,nan,nan,,INITIALIZING,0.0,0.0,11.277859781351214,0,0,0,0.0,0.0,1.0,0,0,0,0,none,nan,nan,nan,nan,nan,3,2
69,53.49510284799908,nan,nan,nan,nan,nan,nan,nan,,INITIALIZING,0.0,0.0,13.293761881790955,0,0,0,0.0,0.0,1.0,0,0,0,0,none,nan,nan,nan,nan,nan,3,2
70,53.56983931799914,nan,nan,nan,nan,nan,nan,nan,,INITIALIZING,0.0,0.0,13.380348309187935,0,0,0,0.0,0.0,1.0,0,0,0,0,none,nan,nan,nan,nan,nan,3,2
71,53.75936495100177,nan,nan,nan,nan,nan,nan,nan,,INITIALIZING,0.0,0.0,5.276331144010035,0,0,0,0.0,0.0,1.0,0,0,0,0,none,nan,nan,nan,nan,nan,3,2
72,53.83415621500171,nan,nan,nan,nan,nan,nan,nan,,INITIALIZING,0.0,0.0,13.370545522546388,0,0,0,0.0,0.0,1.0,0,0,0,0,none,nan,nan,nan,nan,nan,3,2
73,53.893037934998574,nan,nan,nan,nan,nan,nan,nan,,INITIALIZING,0.0,0.0,16.98319954059255,0,0,0,0.0,0.0,1.0,0,0,0,0,none,nan,nan,nan,nan,nan,3,2
74,53.97012435000215,nan,nan,nan,nan,nan,nan,nan,,INITIALIZING,0.0,0.0,12.972454354682187,0,0,0,0.0,0.0,1.0,0,0,0,0,none,nan,nan,nan,nan,nan,3,2
75,54.04807906300266,nan,nan,nan,nan,nan,nan,nan,,INITIALIZING,0.0,0.0,12.82796076734292,0,0,0,0.0,0.0,1.0,0,0,0,0,none,nan,nan,nan,nan,nan,3,2
76,54.15890283200133,nan,nan,nan,nan,nan,nan,nan,,INITIALIZING,0.0,0.0,9.023335057409872,0,0,0,0.0,0.0,1.0,0,0,0,0,none,nan,nan,nan,nan,nan,3,2
77,54.23897019300057,nan,nan,nan,nan,nan,nan,nan,,INITIALIZING,0.0,0.0,12.4894836987262,0,0,0,0.0,0.0,1.0,0,0,0,0,none,nan,nan,nan,nan,nan,3,2
78,54.316630004002945,nan,nan,nan,nan,nan,nan,nan,,INITIALIZING,0.0,0.0,12.876673109201782,0,0,0,0.0,0.0,1.0,0,0,0,0,none,nan,nan,nan,nan,nan,3,2
79,54.49441977300012,nan,nan,nan,nan,nan,nan,nan,,INITIALIZING,0.0,0.0,5.624620615913531,0,0,0,0.0,0.0,1.0,0,0,0,0,none,nan,nan,nan,nan,nan,3,2
80,54.572031095005514,nan,nan,nan,nan,nan,nan,nan,,INITIALIZING,0.0,0.0,12.88471803032136,0,0,0,0.0,0.0,1.0,0,0,0,0,none,nan,nan,nan,nan,nan,3,2
81,54.64859552100097,nan,nan,nan,nan,nan,nan,nan,,INITIALIZING,0.0,0.0,13.060895931739054,0,0,0,0.0,0.0,1.0,0,0,0,0,none,nan,nan,nan,nan,nan,3,2
82,54.72292474400456,nan,nan,nan,nan,nan,nan,nan,,INITIALIZING,0.0,0.0,13.453658730587463,0,0,0,0.0,0.0,1.0,0,0,0,0,none,nan,nan,nan,nan,nan,3,2
83,54.80322601700027,nan,nan,nan,nan,nan,nan,nan,,INITIALIZING,0.0,0.0,12.453102705525001,0,0,0,0.0,0.0,1.0,0,0,0,0,none,nan,nan,nan,nan,nan,3,2
84,54.87811697000143,nan,nan,nan,nan,nan,nan,nan,,INITIALIZING,0.0,0.0,13.352747694164435,0,0,0,0.0,0.0,1.0,0,0,0,0,none,nan,nan,nan,nan,nan,3,2
85,54.9373576049984,nan,nan,nan,nan,nan,nan,nan,,INITIALIZING,0.0,0.0,16.880305217038668,0,0,0,0.0,0.0,1.0,0,0,0,0,none,nan,nan,nan,nan,nan,3,2
86,55.01257590900059,nan,nan,nan,nan,nan,nan,nan,,INITIALIZING,0.0,0.0,13.2946363689729,0,0,0,0.0,0.0,1.0,0,0,0,0,none,nan,nan,nan,nan,nan,3,2
87,55.11396146599873,nan,nan,nan,nan,nan,nan,nan,,INITIALIZING,0.0,0.0,9.863337832412933,0,0,0,0.0,0.0,1.0,0,0,0,0,none,nan,nan,nan,nan,nan,3,2
88,55.22825306600134,nan,nan,nan,nan,nan,nan,nan,,INITIALIZING,0.0,0.0,8.749549398005712,0,0,0,0.0,0.0,1.0,0,0,0,0,none,nan,nan,nan,nan,nan,3,2
89,55.30457404900517,nan,nan,nan,nan,nan,nan,nan,,INITIALIZING,0.0,0.0,13.102556605565253,0,0,0,0.0,0.0,1.0,0,0,0,0,none,nan,nan,nan,nan,nan,3,2
90,55.455483896999795,nan,nan,nan,nan,nan,nan,nan,,INITIALIZING,0.0,0.0,6.626472780196627,0,0,0,0.0,0.0,1.0,0,0,0,0,none,nan,nan,nan,nan,nan,3,2
91,55.54130658500071,nan,nan,nan,nan,nan,nan,nan,,INITIALIZING,0.0,0.0,11.651930547657928,0,0,0,0.0,0.0,1.0,0,0,0,0,none,nan,nan,nan,nan,nan,3,2
92,55.61976401800348,nan,nan,nan,nan,nan,nan,nan,,INITIALIZING,0.0,0.0,12.745764954669351,0,0,0,0.0,0.0,1.0,0,0,0,0,none,nan,nan,nan,nan,nan,3,2
93,55.69592989500234,nan,nan,nan,nan,nan,nan,nan,,INITIALIZING,0.0,0.0,13.129238963729192,0,0,0,0.0,0.0,1.0,0,0,0,0,none,nan,nan,nan,nan,nan,3,2
94,55.771440652999445,nan,nan,nan,nan,nan,nan,nan,,INITIALIZING,0.0,0.0,13.243146096325733,0,0,0,0.0,0.0,1.0,0,0,0,0,none,nan,nan,nan,nan,nan,3,2
95,55.84686140999838,nan,nan,nan,nan,nan,nan,nan,,INITIALIZING,0.0,0.0,13.25894938994164,0,0,0,0.0,0.0,1.0,0,0,0,0,none,nan,nan,nan,nan,nan,3,2
96,55.92418559100042,nan,nan,nan,nan,nan,nan,nan,,INITIALIZING,0.0,0.0,12.932565040341085,0,0,0,0.0,0.0,1.0,0,0,0,0,none,nan,nan,nan,nan,nan,3,2
97,55.9849816230053,nan,nan,nan,nan,nan,nan,nan,,INITIALIZING,0.0,0.0,16.448441896994893,0,0,0,0.0,0.0,1.0,0,0,0,0,none,nan,nan,nan,nan,nan,3,2
98,56.06145089100028,nan,nan,nan,nan,nan,nan,nan,,INITIALIZING,0.0,0.0,13.077148849726703,0,0,0,0.0,0.0,1.0,0,0,0,0,none,nan,nan,nan,nan,nan,3,2
99,56.1372021749994,nan,nan,nan,nan,nan,nan,nan,,INITIALIZING,0.0,0.0,13.20109636704707,0,0,0,0.0,0.0,1.0,0,0,0,0,none,nan,nan,nan,nan,nan,3,2
100,56.214309424998646,nan,nan,nan,nan,nan,nan,nan,,INITIALIZING,0.0,0.0,12.968949093759687,0,0,0,0.0,0.0,1.0,0,0,0,0,none,nan,nan,nan,nan,nan,3,2
101,56.28994263400091,nan,nan,nan,nan,nan,nan,nan,,INITIALIZING,0.0,0.0,13.221705295752908,0,0,0,0.0,0.0,1.0,0,0,0,0,none,nan,nan,nan,nan,nan,3,2
102,56.365786785005184,nan,nan,nan,nan,nan,nan,nan,,INITIALIZING,0.0,0.0,13.184932348225827,0,0,0,0.0,0.0,1.0,0,0,0,0,none,nan,nan,nan,nan,nan,3,2
103,56.44361394600128,nan,nan,nan,nan,nan,nan,nan,,INITIALIZING,0.0,0.0,12.848984688651173,0,0,0,0.0,0.0,1.0,0,0,0,0,none,nan,nan,nan,nan,nan,3,2
104,56.52153886900487,nan,nan,nan,nan,nan,nan,nan,,INITIALIZING,0.0,0.0,12.832864781321524,0,0,0,0.0,0.0,1.0,0,0,0,0,none,nan,nan,nan,nan,nan,3,2
105,56.59934394599986,nan,nan,nan,nan,nan,nan,nan,,INITIALIZING,0.0,0.0,12.852631712765657,0,0,0,0.0,0.0,1.0,0,0,0,0,none,nan,nan,nan,nan,nan,3,2
106,56.67995605900069,nan,nan,nan,nan,nan,nan,nan,,INITIALIZING,0.0,0.0,12.40508358824145,0,0,0,0.0,0.0,1.0,0,0,0,0,none,nan,nan,nan,nan,nan,3,2
107,56.75854182900366,nan,nan,nan,nan,nan,nan,nan,,INITIALIZING,0.0,0.0,12.724950076358091,0,0,0,0.0,0.0,1.0,0,0,0,0,none,nan,nan,nan,nan,nan,3,2
108,56.83334642900445,nan,nan,nan,nan,nan,nan,nan,,INITIALIZING,0.0,0.0,13.368161850868177,0,0,0,0.0,0.0,1.0,0,0,0,0,none,nan,nan,nan,nan,nan,3,2
109,56.89250445899961,nan,nan,nan,nan,nan,nan,nan,,INITIALIZING,0.0,0.0,16.903875941808945,0,0,0,0.0,0.0,1.0,0,0,0,0,none,nan,nan,nan,nan,nan,3,2
110,56.970372973999474,nan,nan,nan,nan,nan,nan,nan,,INITIALIZING,0.0,0.0,12.84216091705037,0,0,0,0.0,0.0,1.0,0,0,0,0,none,nan,nan,nan,nan,nan,3,2
111,57.04775580300338,nan,nan,nan,nan,nan,nan,nan,,INITIALIZING,0.0,0.0,12.922763523539352,0,0,0,0.0,0.0,1.0,0,0,0,0,none,nan,nan,nan,nan,nan,3,2
112,57.124494399999094,nan,nan,nan,nan,nan,nan,nan,,INITIALIZING,0.0,0.0,13.031252057630125,0,0,0,0.0,0.0,1.0,0,0,0,0,none,nan,nan,nan,nan,nan,3,2
113,57.19998599200335,nan,nan,nan,nan,nan,nan,nan,,INITIALIZING,0.0,0.0,13.246508299144587,0,0,0,0.0,0.0,1.0,0,0,0,0,none,nan,nan,nan,nan,nan,3,2
114,57.27542425000138,nan,nan,nan,nan,nan,nan,nan,,INITIALIZING,0.0,0.0,13.255873432630322,0,0,0,0.0,0.0,1.0,0,0,0,0,none,nan,nan,nan,nan,nan,3,2
115,57.36024035599985,nan,nan,nan,nan,nan,nan,nan,,INITIALIZING,0.0,0.0,11.790213524044994,0,0,0,0.0,0.0,1.0,0,0,0,0,none,nan,nan,nan,nan,nan,3,2
116,57.43412332200387,nan,nan,nan,nan,nan,nan,nan,,INITIALIZING,0.0,0.0,13.53491953673836,0,0,0,0.0,0.0,1.0,0,0,0,0,none,nan,nan,nan,nan,nan,3,2
117,57.50797623499966,nan,nan,nan,nan,nan,nan,nan,,INITIALIZING,0.0,0.0,13.54042730930613,0,0,0,0.0,0.0,1.0,0,0,0,0,none,nan,nan,nan,nan,nan,3,2
118,57.583338190001086,nan,nan,nan,nan,nan,nan,nan,,INITIALIZING,0.0,0.0,13.269294831603993,0,0,0,0.0,0.0,1.0,0,0,0,0,none,nan,nan,nan,nan,nan,3,2
119,57.65826253200066,nan,nan,nan,nan,nan,nan,nan,,INITIALIZING,0.0,0.0,13.346797226536248,0,0,0,0.0,0.0,1.0,0,0,0,0,none,nan,nan,nan,nan,nan,3,2
120,57.734298563002085,nan,nan,nan,nan,nan,nan,nan,,INITIALIZING,0.0,0.0,13.151659638590251,0,0,0,0.0,0.0,1.0,0,0,0,0,none,nan,nan,nan,nan,nan,3,2
121,57.794166348001454,nan,nan,nan,nan,nan,nan,nan,,INITIALIZING,0.0,0.0,16.7034741641191,0,0,0,0.0,0.0,1.0,0,0,0,0,none,nan,nan,nan,nan,nan,3,2
122,57.86899120800081,nan,nan,nan,nan,nan,nan,nan,,INITIALIZING,0.0,0.0,13.364542212423064,0,0,0,0.0,0.0,1.0,0,0,0,0,none,nan,nan,nan,nan,nan,3,2
123,57.94369533700228,nan,nan,nan,nan,nan,nan,nan,,INITIALIZING,0.0,0.0,13.386140945171267,0,0,0,0.0,0.0,1.0,0,0,0,0,none,nan,nan,nan,nan,nan,3,2
124,58.02037221500359,nan,nan,nan,nan,nan,nan,nan,,INITIALIZING,0.0,0.0,13.041741214123775,0,0,0,0.0,0.0,1.0,0,0,0,0,none,nan,nan,nan,nan,nan,3,2
125,58.09588162,nan,nan,nan,nan,nan,nan,nan,,INITIALIZING,0.0,0.0,13.243383391082787,0,0,0,0.0,0.0,1.0,0,0,0,0,none,nan,nan,nan,nan,nan,3,2
126,58.172084582001844,nan,nan,nan,nan,nan,nan,nan,,INITIALIZING,0.0,0.0,13.122849476320928,0,0,0,0.0,0.0,1.0,0,0,0,0,none,nan,nan,nan,nan,nan,3,2
127,58.24928912700125,nan,nan,nan,nan,nan,nan,nan,,INITIALIZING,0.0,0.0,12.952605316276669,0,0,0,0.0,0.0,1.0,0,0,0,0,none,nan,nan,nan,nan,nan,3,2
128,58.32610975699936,nan,nan,nan,nan,nan,nan,nan,,INITIALIZING,0.0,0.0,13.017336619402883,0,0,0,0.0,0.0,1.0,0,0,0,0,none,nan,nan,nan,nan,nan,3,2
129,58.40180098899873,nan,nan,nan,nan,nan,nan,nan,,INITIALIZING,0.0,0.0,13.211569868598536,0,0,0,0.0,0.0,1.0,0,0,0,0,none,nan,nan,nan,nan,nan,3,2
130,58.4795276280056,nan,nan,nan,nan,nan,nan,nan,,INITIALIZING,0.0,0.0,12.865601970923084,0,0,0,0.0,0.0,1.0,0,0,0,0,none,nan,nan,nan,nan,nan,3,2
131,58.55493937700521,nan,nan,nan,nan,nan,nan,nan,,INITIALIZING,0.0,0.0,13.260533183033951,0,0,0,0.0,0.0,1.0,0,0,0,0,none,nan,nan,nan,nan,nan,3,2
132,58.62958532800258,nan,nan,nan,nan,nan,nan,nan,,INITIALIZING,0.0,0.0,13.39657391511167,0,0,0,0.0,0.0,1.0,0,0,0,0,none,nan,nan,nan,nan,nan,3,2
133,58.68720025400398,nan,nan,nan,nan,nan,nan,nan,,INITIALIZING,0.0,0.0,17.356613457693097,0,0,0,0.0,0.0,1.0,0,0,0,0,none,nan,nan,nan,nan,nan,3,2
134,58.76279132900527,nan,nan,nan,nan,nan,nan,nan,,INITIALIZING,0.0,0.0,13.229074993086254,0,0,0,0.0,0.0,1.0,0,0,0,0,none,nan,nan,nan,nan,nan,3,2
135,58.8396837850014,nan,nan,nan,nan,nan,nan,nan,,INITIALIZING,0.0,0.0,13.005176997471928,0,0,0,0.0,0.0,1.0,0,0,0,0,none,nan,nan,nan,nan,nan,3,2
136,58.92017188599857,nan,nan,nan,nan,nan,nan,nan,,INITIALIZING,0.0,0.0,12.424196714929726,0,0,0,0.0,0.0,1.0,0,0,0,0,none,nan,nan,nan,nan,nan,3,2
137,58.99861103999865,nan,nan,nan,nan,nan,nan,nan,,INITIALIZING,0.0,0.0,12.748735153351904,0,0,0,0.0,0.0,1.0,0,0,0,0,none,nan,nan,nan,nan,nan,3,2
138,59.07426149100502,nan,nan,nan,nan,nan,nan,nan,,INITIALIZING,0.0,0.0,13.218691847796466,0,0,0,0.0,0.0,1.0,0,0,0,0,none,nan,nan,nan,nan,nan,3,2
139,59.1507144060015,nan,nan,nan,nan,nan,nan,nan,,INITIALIZING,0.0,0.0,13.079946003969111,0,0,0,0.0,0.0,1.0,0,0,0,0,none,nan,nan,nan,nan,nan,3,2
140,59.225637914998515,nan,nan,nan,nan,nan,nan,nan,,INITIALIZING,0.0,0.0,13.346945616759797,0,0,0,0.0,0.0,1.0,0,0,0,0,none,nan,nan,nan,nan,nan,3,2
141,59.30127596999955,nan,nan,nan,nan,nan,nan,nan,,INITIALIZING,0.0,0.0,13.220858204065397,0,0,0,0.0,0.0,1.0,0,0,0,0,none,nan,nan,nan,nan,nan,3,2
142,59.37889995099977,nan,nan,nan,nan,nan,nan,nan,,INITIALIZING,0.0,0.0,12.882616777890155,0,0,0,0.0,0.0,1.0,0,0,0,0,none,nan,nan,nan,nan,nan,3,2
143,59.456215072001214,nan,nan,nan,nan,nan,nan,nan,,INITIALIZING,0.0,0.0,12.934080514227965,0,0,0,0.0,0.0,1.0,0,0,0,0,none,nan,nan,nan,nan,nan,3,2
144,59.53330341700348,nan,nan,nan,nan,nan,nan,nan,,INITIALIZING,0.0,0.0,12.972129573810381,0,0,0,0.0,0.0,1.0,0,0,0,0,none,nan,nan,nan,nan,nan,3,2
145,59.71989811400272,nan,nan,nan,nan,nan,nan,nan,,INITIALIZING,0.0,0.0,5.359209109807081,0,0,0,0.0,0.0,1.0,0,0,0,0,none,nan,nan,nan,nan,nan,3,2
146,59.79827508000017,nan,nan,nan,nan,nan,nan,nan,,INITIALIZING,0.0,0.0,12.758850604558237,0,0,0,0.0,0.0,1.0,0,0,0,0,none,nan,nan,nan,nan,nan,3,2
147,59.880641085001116,nan,nan,nan,nan,nan,nan,nan,,INITIALIZING,0.0,0.0,12.14093120078452,0,0,0,0.0,0.0,1.0,0,0,0,0,none,nan,nan,nan,nan,nan,3,2
148,59.96549865200359,nan,nan,nan,nan,nan,nan,nan,,INITIALIZING,0.0,0.0,11.784452881743096,0,0,0,0.0,0.0,1.0,0,0,0,0,none,nan,nan,nan,nan,nan,3,2
149,60.0469049500025,nan,nan,nan,nan,nan,nan,nan,,INITIALIZING,0.0,0.0,12.284061854936407,0,0,0,0.0,0.0,1.0,0,0,0,0,none,nan,nan,nan,nan,nan,3,2
150,60.1921219270007,nan,nan,nan,nan,nan,nan,nan,,INITIALIZING,0.0,0.0,6.886247191417574,0,0,0,0.0,0.0,1.0,0,0,0,0,none,nan,nan,nan,nan,nan,3,2
151,60.2806280060031,nan,nan,nan,nan,nan,nan,nan,,INITIALIZING,0.0,0.0,11.298658931358647,0,0,0,0.0,0.0,1.0,0,0,0,0,none,nan,nan,nan,nan,nan,3,2
152,60.363624493002135,nan,nan,nan,nan,nan,nan,nan,,INITIALIZING,0.0,0.0,12.048702736196672,0,0,0,0.0,0.0,1.0,0,0,0,0,none,nan,nan,nan,nan,nan,3,2
153,60.446505769003124,nan,nan,nan,nan,nan,nan,nan,,INITIALIZING,0.0,0.0,12.065451308786077,0,0,0,0.0,0.0,1.0,0,0,0,0,none,nan,nan,nan,nan,nan,3,2
154,60.53038295200531,nan,nan,nan,nan,nan,nan,nan,,INITIALIZING,0.0,0.0,11.922193428622023,0,0,0,0.0,0.0,1.0,0,0,0,0,none,nan,nan,nan,nan,nan,3,2
155,60.61164721700334,nan,nan,nan,nan,nan,nan,nan,,INITIALIZING,0.0,0.0,12.305531835232728,0,0,0,0.0,0.0,1.0,0,0,0,0,none,nan,nan,nan,nan,nan,3,2
156,60.6896139140008,nan,nan,nan,nan,nan,nan,nan,,INITIALIZING,0.0,0.0,12.82598902493618,0,0,0,0.0,0.0,1.0,0,0,0,0,none,nan,nan,nan,nan,nan,3,2
157,60.748023806001584,nan,nan,nan,nan,nan,nan,nan,,INITIALIZING,0.0,0.0,17.120387758748375,0,0,0,0.0,0.0,1.0,0,0,0,0,none,nan,nan,nan,nan,nan,3,2
158,60.82291080499999,nan,nan,nan,nan,nan,nan,nan,,INITIALIZING,0.0,0.0,13.353452713751418,0,0,0,0.0,0.0,1.0,0,0,0,0,none,nan,nan,nan,nan,nan,3,2
159,60.906225475999236,nan,nan,nan,nan,nan,nan,nan,,INITIALIZING,0.0,0.0,12.00268797807629,0,0,0,0.0,0.0,1.0,0,0,0,0,none,nan,nan,nan,nan,nan,3,2
160,60.98873320400162,nan,nan,nan,nan,nan,nan,nan,,INITIALIZING,0.0,0.0,12.120076800213349,0,0,0,0.0,0.0,1.0,0,0,0,0,none,nan,nan,nan,nan,nan,3,2
161,61.069820538003114,nan,nan,nan,nan,nan,nan,nan,,INITIALIZING,0.0,0.0,12.332382268007018,0,0,0,0.0,0.0,1.0,0,0,0,0,none,nan,nan,nan,nan,nan,3,2
162,61.157750095000665,nan,nan,nan,nan,nan,nan,nan,,INITIALIZING,0.0,0.0,11.372740113177763,0,0,0,0.0,0.0,1.0,0,0,0,0,none,nan,nan,nan,nan,nan,3,2
163,61.23438936900493,nan,nan,nan,nan,nan,nan,nan,,INITIALIZING,0.0,0.0,13.04814030394329,0,0,0,0.0,0.0,1.0,0,0,0,0,none,nan,nan,nan,nan,nan,3,2
164,61.30978116999904,nan,nan,nan,nan,nan,nan,nan,,INITIALIZING,0.0,0.0,13.264041803141204,0,0,0,0.0,0.0,1.0,0,0,0,0,none,nan,nan,nan,nan,nan,3,2
165,61.39244239099935,nan,nan,nan,nan,nan,nan,nan,,INITIALIZING,0.0,0.0,12.097571121000954,0,0,0,0.0,0.0,1.0,0,0,0,0,none,nan,nan,nan,nan,nan,3,2
166,61.48263637000491,nan,nan,nan,nan,nan,nan,nan,,INITIALIZING,0.0,0.0,11.08721459043659,0,0,0,0.0,0.0,1.0,0,0,0,0,none,nan,nan,nan,nan,nan,3,2
167,61.565525147998414,nan,nan,nan,nan,nan,nan,nan,,INITIALIZING,0.0,0.0,12.064359304203784,0,0,0,0.0,0.0,1.0,0,0,0,0,none,nan,nan,nan,nan,nan,3,2
168,61.648131002999435,nan,nan,nan,nan,nan,nan,nan,,INITIALIZING,0.0,0.0,12.105679433832496,0,0,0,0.0,0.0,1.0,0,0,0,0,none,nan,nan,nan,nan,nan,3,2
169,61.71146224500262,nan,nan,nan,nan,nan,nan,nan,,INITIALIZING,0.0,0.0,15.789995085674716,0,0,0,0.0,0.0,1.0,0,0,0,0,none,nan,nan,nan,nan,nan,3,2
170,61.79239515000518,nan,nan,nan,nan,nan,nan,nan,,INITIALIZING,0.0,0.0,12.35591382724278,0,0,0,0.0,0.0,1.0,0,0,0,0,none,nan,nan,nan,nan,nan,3,2
171,61.8746211530015,nan,nan,nan,nan,nan,nan,nan,,INITIALIZING,0.0,0.0,12.161602942620636,0,0,0,0.0,0.0,1.0,0,0,0,0,none,nan,nan,nan,nan,nan,3,2
172,61.956332251000276,nan,nan,nan,nan,nan,nan,nan,,INITIALIZING,0.0,0.0,12.238239657665137,0,0,0,0.0,0.0,1.0,0,0,0,0,none,nan,nan,nan,nan,nan,3,2
173,62.031506965002336,nan,nan,nan,nan,nan,nan,nan,,INITIALIZING,0.0,0.0,13.302345253652714,0,0,0,0.0,0.0,1.0,0,0,0,0,none,nan,nan,nan,nan,nan,3,2
174,62.10788988000422,nan,nan,nan,nan,nan,nan,nan,,INITIALIZING,0.0,0.0,13.091932927347731,0,0,0,0.0,0.0,1.0,0,0,0,0,none,nan,nan,nan,nan,nan,3,2
175,62.1829904260012,nan,nan,nan,nan,nan,nan,nan,,INITIALIZING,0.0,0.0,13.315482420597627,0,0,0,0.0,0.0,1.0,0,0,0,0,none,nan,nan,nan,nan,nan,3,2
176,62.25863405500422,nan,nan,nan,nan,nan,nan,nan,,INITIALIZING,0.0,0.0,13.21988398996574,0,0,0,0.0,0.0,1.0,0,0,0,0,none,nan,nan,nan,nan,nan,3,2
177,62.33545562600193,nan,nan,nan,nan,nan,nan,nan,,INITIALIZING,0.0,0.0,13.017177167983576,0,0,0,0.0,0.0,1.0,0,0,0,0,none,nan,nan,nan,nan,nan,3,2
178,62.41411483800039,nan,nan,nan,nan,nan,nan,nan,,INITIALIZING,0.0,0.0,12.71306913193622,0,0,0,0.0,0.0,1.0,0,0,0,0,none,nan,nan,nan,nan,nan,3,2
179,62.48941231500066,nan,nan,nan,nan,nan,nan,nan,,INITIALIZING,0.0,0.0,13.280657464742506,0,0,0,0.0,0.0,1.0,0,0,0,0,none,nan,nan,nan,nan,nan,3,2
180,62.5678757420028,nan,nan,nan,nan,nan,nan,nan,,INITIALIZING,0.0,0.0,12.744791276740935,0,0,0,0.0,0.0,1.0,0,0,0,0,none,nan,nan,nan,nan,nan,3,2
181,62.62893907399848,nan,nan,nan,nan,nan,nan,nan,,INITIALIZING,0.0,0.0,16.376440120737154,0,0,0,0.0,0.0,1.0,0,0,0,0,none,nan,nan,nan,nan,nan,3,2
182,62.70390227399912,nan,nan,nan,nan,nan,nan,nan,,INITIALIZING,0.0,0.0,13.339878767068122,0,0,0,0.0,0.0,1.0,0,0,0,0,none,nan,nan,nan,nan,nan,3,2
183,62.77942767300556,nan,nan,nan,nan,nan,nan,nan,,INITIALIZING,0.0,0.0,13.240578840434377,0,0,0,0.0,0.0,1.0,0,0,0,0,none,nan,nan,nan,nan,nan,3,2
184,62.85417670100287,nan,nan,nan,nan,nan,nan,nan,,INITIALIZING,0.0,0.0,13.378100381933258,0,0,0,0.0,0.0,1.0,0,0,0,0,none,nan,nan,nan,nan,nan,3,2
185,62.92792508400453,nan,nan,nan,nan,nan,nan,nan,,INITIALIZING,0.0,0.0,13.559619333993112,0,0,0,0.0,0.0,1.0,0,0,0,0,none,nan,nan,nan,nan,nan,3,2
186,63.00580178100063,nan,nan,nan,nan,nan,nan,nan,,INITIALIZING,0.0,0.0,12.840811675026252,0,0,0,0.0,0.0,1.0,0,0,0,0,none,nan,nan,nan,nan,nan,3,2
187,63.08401025499916,nan,nan,nan,nan,nan,nan,nan,,INITIALIZING,0.0,0.0,12.786338217247454,0,0,0,0.0,0.0,1.0,0,0,0,0,none,nan,nan,nan,nan,nan,3,2
188,63.15942700600135,nan,nan,nan,nan,nan,nan,nan,,INITIALIZING,0.0,0.0,13.259653680531843,0,0,0,0.0,0.0,1.0,0,0,0,0,none,nan,nan,nan,nan,nan,3,2
189,63.23631034899881,nan,nan,nan,nan,nan,nan,nan,,INITIALIZING,0.0,0.0,13.006718503811816,0,0,0,0.0,0.0,1.0,0,0,0,0,none,nan,nan,nan,nan,nan,3,2
190,63.31293082200136,nan,nan,nan,nan,nan,nan,nan,,INITIALIZING,0.0,0.0,13.05134203448116,0,0,0,0.0,0.0,1.0,0,0,0,0,none,nan,nan,nan,nan,nan,3,2
191,63.38901539800281,nan,nan,nan,nan,nan,nan,nan,,INITIALIZING,0.0,0.0,13.143268354166226,0,0,0,0.0,0.0,1.0,0,0,0,0,none,nan,nan,nan,nan,nan,3,2
192,63.46606671400514,nan,nan,nan,nan,nan,nan,nan,,INITIALIZING,0.0,0.0,12.978363665713603,0,0,0,0.0,0.0,1.0,0,0,0,0,none,nan,nan,nan,nan,nan,3,2
193,63.5242593619987,nan,nan,nan,nan,nan,nan,nan,,INITIALIZING,0.0,0.0,17.184301359006515,0,0,0,0.0,0.0,1.0,0,0,0,0,none,nan,nan,nan,nan,nan,3,2
194,63.600193937003496,nan,nan,nan,nan,nan,nan,nan,,INITIALIZING,0.0,0.0,13.169231538292859,0,0,0,0.0,0.0,1.0,0,0,0,0,none,nan,nan,nan,nan,nan,3,2
195,63.67806672699953,nan,nan,nan,nan,nan,nan,nan,,INITIALIZING,0.0,0.0,12.841455918696445,0,0,0,0.0,0.0,1.0,0,0,0,0,none,nan,nan,nan,nan,nan,3,2
196,63.75638291300129,nan,nan,nan,nan,nan,nan,nan,,INITIALIZING,0.0,0.0,12.768752553623631,0,0,0,0.0,0.0,1.0,0,0,0,0,none,nan,nan,nan,nan,nan,3,2
197,63.83252660600556,nan,nan,nan,nan,nan,nan,nan,,INITIALIZING,0.0,0.0,13.133064086396924,0,0,0,0.0,0.0,1.0,0,0,0,0,none,nan,nan,nan,nan,nan,3,2
198,63.91054565000377,nan,nan,nan,nan,nan,nan,nan,,INITIALIZING,0.0,0.0,12.817383407350317,0,0,0,0.0,0.0,1.0,0,0,0,0,none,nan,nan,nan,nan,nan,3,2
199,63.9888911060043,nan,nan,nan,nan,nan,nan,nan,,INITIALIZING,0.0,0.0,12.763982125436675,0,0,0,0.0,0.0,1.0,0,0,0,0,none,nan,nan,nan,nan,nan,3,2
200,64.0645459350053,nan,nan,nan,nan,nan,nan,nan,,INITIALIZING,0.0,0.0,13.217926908364772,0,0,0,0.0,0.0,1.0,0,0,0,0,none,nan,nan,nan,nan,nan,3,2
201,64.14173105599912,nan,nan,nan,nan,nan,nan,nan,,INITIALIZING,0.0,0.0,12.955864901476247,0,0,0,0.0,0.0,1.0,0,0,0,0,none,nan,nan,nan,nan,nan,3,2
202,64.22456629200315,nan,nan,nan,nan,nan,nan,nan,,INITIALIZING,0.0,0.0,12.072157311791214,0,0,0,0.0,0.0,1.0,0,0,0,0,none,nan,nan,nan,nan,nan,3,2
203,64.30095795899979,nan,nan,nan,nan,nan,nan,nan,,INITIALIZING,0.0,0.0,13.090433018616514,0,0,0,0.0,0.0,1.0,0,0,0,0,none,nan,nan,nan,nan,nan,3,2
204,64.3784579810017,nan,nan,nan,nan,nan,nan,nan,,INITIALIZING,0.0,0.0,12.90322214328283,0,0,0,0.0,0.0,1.0,0,0,0,0,none,nan,nan,nan,nan,nan,3,2
205,64.43960095100192,nan,nan,nan,nan,nan,nan,nan,,INITIALIZING,0.0,0.0,16.355109998686967,0,0,0,0.0,0.0,1.0,0,0,0,0,none,nan,nan,nan,nan,nan,3,2
206,64.51592678399902,nan,nan,nan,nan,nan,nan,nan,,INITIALIZING,0.0,0.0,13.101724026228467,0,0,0,0.0,0.0,1.0,0,0,0,0,none,nan,nan,nan,nan,nan,3,2
207,64.59295096400456,nan,nan,nan,nan,nan,nan,nan,,INITIALIZING,0.0,0.0,12.982936006954036,0,0,0,0.0,0.0,1.0,0,0,0,0,none,nan,nan,nan,nan,nan,3,2
208,64.66735243400035,nan,nan,nan,nan,nan,nan,nan,,INITIALIZING,0.0,0.0,13.440594655677689,0,0,0,0.0,0.0,1.0,0,0,0,0,none,nan,nan,nan,nan,nan,3,2
209,64.74150056600047,nan,nan,nan,nan,nan,nan,nan,,INITIALIZING,0.0,0.0,13.486516423615392,0,0,0,0.0,0.0,1.0,0,0,0,0,none,nan,nan,nan,nan,nan,3,2
210,64.8198095120024,nan,nan,nan,nan,nan,nan,nan,,INITIALIZING,0.0,0.0,12.769933079873294,0,0,0,0.0,0.0,1.0,0,0,0,0,none,nan,nan,nan,nan,nan,3,2
211,64.90048079800181,nan,nan,nan,nan,nan,nan,nan,,INITIALIZING,0.0,0.0,12.395984365580238,0,0,0,0.0,0.0,1.0,0,0,0,0,none,nan,nan,nan,nan,nan,3,2
212,64.97673157700046,nan,nan,nan,nan,nan,nan,nan,,INITIALIZING,0.0,0.0,13.114620114472922,0,0,0,0.0,0.0,1.0,0,0,0,0,none,nan,nan,nan,nan,nan,3,2
213,65.05288417699921,nan,nan,nan,nan,nan,nan,nan,,INITIALIZING,0.0,0.0,13.131528011077982,0,0,0,0.0,0.0,1.0,0,0,0,0,none,nan,nan,nan,nan,nan,3,2
214,65.12829150100151,nan,nan,nan,nan,nan,nan,nan,,INITIALIZING,0.0,0.0,13.26131132792237,0,0,0,0.0,0.0,1.0,0,0,0,0,none,nan,nan,nan,nan,nan,3,2
215,65.2038931010029,nan,nan,nan,nan,nan,nan,nan,,INITIALIZING,0.0,0.0,13.227233285824566,0,0,0,0.0,0.0,1.0,0,0,0,0,none,nan,nan,nan,nan,nan,3,2
216,65.27999616799934,nan,nan,nan,nan,nan,nan,nan,,INITIALIZING,0.0,0.0,13.140074894048611,0,0,0,0.0,0.0,1.0,0,0,0,0,none,nan,nan,nan,nan,nan,3,2
217,65.33917040000233,nan,nan,nan,nan,nan,nan,nan,,INITIALIZING,0.0,0.0,16.8992476311227,0,0,0,0.0,0.0,1.0,0,0,0,0,none,nan,nan,nan,nan,nan,3,2
218,65.41193001400097,nan,nan,nan,nan,nan,nan,nan,,INITIALIZING,0.0,0.0,13.743888196254971,0,0,0,0.0,0.0,1.0,0,0,0,0,none,nan,nan,nan,nan,nan,3,2
219,65.48698394600069,nan,nan,nan,nan,nan,nan,nan,,INITIALIZING,0.0,0.0,13.323752311920806,0,0,0,0.0,0.0,1.0,0,0,0,0,none,nan,nan,nan,nan,nan,3,2
220,65.56207808700128,nan,nan,nan,nan,nan,nan,nan,,INITIALIZING,0.0,0.0,13.316618136588488,0,0,0,0.0,0.0,1.0,0,0,0,0,none,nan,nan,nan,nan,nan,3,2
221,65.63639424300345,nan,nan,nan,nan,nan,nan,nan,,INITIALIZING,0.0,0.0,13.456024285901087,0,0,0,0.0,0.0,1.0,0,0,0,0,none,nan,nan,nan,nan,nan,3,2
222,65.710844361005,nan,nan,nan,nan,nan,nan,nan,,INITIALIZING,0.0,0.0,13.431812156149636,0,0,0,0.0,0.0,1.0,0,0,0,0,none,nan,nan,nan,nan,nan,3,2
223,65.78471248799906,nan,nan,nan,nan,nan,nan,nan,,INITIALIZING,0.0,0.0,13.537638501115007,0,0,0,0.0,0.0,1.0,0,0,0,0,none,nan,nan,nan,nan,nan,3,2
224,65.85700396700122,nan,nan,nan,nan,nan,nan,nan,,INITIALIZING,0.0,0.0,13.8328889352245,0,0,0,0.0,0.0,1.0,0,0,0,0,none,nan,nan,nan,nan,nan,3,2
225,65.93594797900005,nan,nan,nan,nan,nan,nan,nan,,INITIALIZING,0.0,0.0,12.667205208861688,0,0,0,0.0,0.0,1.0,0,0,0,0,none,nan,nan,nan,nan,nan,3,2
226,66.0149464710048,nan,nan,nan,nan,nan,nan,nan,,INITIALIZING,0.0,0.0,12.658469479895643,0,0,0,0.0,0.0,1.0,0,0,0,0,none,nan,nan,nan,nan,nan,3,2
227,66.09209695600293,nan,nan,nan,nan,nan,nan,nan,,INITIALIZING,0.0,0.0,12.96168131702943,0,0,0,0.0,0.0,1.0,0,0,0,0,none,nan,nan,nan,nan,nan,3,2
228,66.16827226500027,nan,nan,nan,nan,nan,nan,nan,,INITIALIZING,0.0,0.0,13.127613306235228,0,0,0,0.0,0.0,1.0,0,0,0,0,none,nan,nan,nan,nan,nan,3,2
229,66.22881642100401,nan,nan,nan,nan,nan,nan,nan,,INITIALIZING,0.0,0.0,16.516870760212935,0,0,0,0.0,0.0,1.0,0,0,0,0,none,nan,nan,nan,nan,nan,3,2
230,66.30217292300222,nan,nan,nan,nan,nan,nan,nan,,INITIALIZING,0.0,0.0,13.632056774251133,0,0,0,0.0,0.0,1.0,0,0,0,0,none,nan,nan,nan,nan,nan,3,2
231,66.63935461700021,nan,nan,nan,nan,nan,nan,nan,,INITIALIZING,0.0,0.0,2.965760056967858,0,0,0,0.0,0.0,1.0,0,0,0,0,none,nan,nan,nan,nan,nan,3,2
232,66.71169328600081,nan,nan,nan,nan,nan,nan,nan,,INITIALIZING,0.0,0.0,13.823865075423116,0,0,0,0.0,0.0,1.0,0,0,0,0,none,nan,nan,nan,nan,nan,3,2
233,66.78893148199859,nan,nan,nan,nan,nan,nan,nan,,INITIALIZING,0.0,0.0,12.946962148478349,0,0,0,0.0,0.0,1.0,0,0,0,0,none,nan,nan,nan,nan,nan,3,2
234,66.86799721499847,nan,nan,nan,nan,nan,nan,nan,,INITIALIZING,0.0,0.0,12.6477041577737,0,0,0,0.0,0.0,1.0,0,0,0,0,none,nan,nan,nan,nan,nan,3,2
235,66.94067000500218,nan,nan,nan,nan,nan,nan,nan,,INITIALIZING,0.0,0.0,13.760308362304267,0,0,0,0.0,0.0,1.0,0,0,0,0,none,nan,nan,nan,nan,nan,3,2
236,67.01211750999937,nan,nan,nan,nan,nan,nan,nan,,INITIALIZING,0.0,0.0,13.996290003958244,0,0,0,0.0,0.0,1.0,0,0,0,0,none,nan,nan,nan,nan,nan,3,2
237,67.0918913830028,nan,nan,nan,nan,nan,nan,nan,,INITIALIZING,0.0,0.0,12.535432496263178,0,0,0,0.0,0.0,1.0,0,0,0,0,none,nan,nan,nan,nan,nan,3,2
238,67.17109915100446,nan,nan,nan,nan,nan,nan,nan,,INITIALIZING,0.0,0.0,12.625024353408687,0,0,0,0.0,0.0,1.0,0,0,0,0,none,nan,nan,nan,nan,nan,3,2
239,67.25023019799846,nan,nan,nan,nan,nan,nan,nan,,INITIALIZING,0.0,0.0,12.637264866162237,0,0,0,0.0,0.0,1.0,0,0,0,0,none,nan,nan,nan,nan,nan,3,2
240,89.54518932299834,nan,nan,nan,nan,nan,nan,nan,,INITIALIZING,0.0,0.0,0.04485318831011786,0,0,0,0.0,0.0,1.0,0,0,0,0,none,nan,nan,nan,nan,nan,3,2
241,91.9712542940033,nan,nan,nan,nan,nan,nan,nan,,INITIALIZING,0.0,0.0,0.41219011524896,0,0,0,0.0,0.0,1.0,0,0,0,0,none,nan,nan,nan,nan,nan,3,2
242,92.15340783400461,nan,nan,nan,nan,nan,nan,nan,,INITIALIZING,0.0,0.0,5.489874091894199,0,0,0,0.0,0.0,1.0,0,0,0,0,none,nan,nan,nan,nan,nan,3,2
243,92.29320706499857,nan,nan,nan,nan,nan,nan,nan,,INITIALIZING,0.0,0.0,7.153115170162973,0,0,0,0.0,0.0,1.0,0,0,0,0,none,nan,nan,nan,nan,nan,3,2
244,92.36728911100363,nan,nan,nan,nan,nan,nan,nan,,INITIALIZING,0.0,0.0,13.49854727192197,0,0,0,0.0,0.0,1.0,0,0,0,0,none,nan,nan,nan,nan,nan,3,2
245,92.44500159499876,nan,nan,nan,nan,nan,nan,nan,,INITIALIZING,0.0,0.0,12.867945387805223,0,0,0,0.0,0.0,1.0,0,0,0,0,none,nan,nan,nan,nan,nan,3,2
246,92.52533158200094,nan,nan,nan,nan,nan,nan,nan,,INITIALIZING,0.0,0.0,12.448651335805266,0,0,0,0.0,0.0,1.0,0,0,0,0,none,nan,nan,nan,nan,nan,3,2
247,92.60487832299987,nan,nan,nan,nan,nan,nan,nan,,INITIALIZING,0.0,0.0,12.571225262560521,0,0,0,0.0,0.0,1.0,0,0,0,0,none,nan,nan,nan,nan,nan,3,2
248,92.67673131300398,nan,nan,nan,nan,nan,nan,nan,,INITIALIZING,0.0,0.0,13.917305319412513,0,0,0,0.0,0.0,1.0,0,0,0,0,none,nan,nan,nan,nan,nan,3,2
249,92.78523026400217,nan,nan,nan,nan,nan,nan,nan,,INITIALIZING,0.0,0.0,9.216678970626658,0,0,0,0.0,0.0,1.0,0,0,0,0,none,nan,nan,nan,nan,nan,3,2
250,92.86491065400332,nan,nan,nan,nan,nan,nan,nan,,INITIALIZING,0.0,0.0,12.550139375390406,0,0,0,0.0,0.0,1.0,0,0,0,0,none,nan,nan,nan,nan,nan,3,2
251,92.93827237300138,nan,nan,nan,nan,nan,nan,nan,,INITIALIZING,0.0,0.0,13.631087352607901,0,0,0,0.0,0.0,1.0,0,0,0,0,none,nan,nan,nan,nan,nan,3,2
252,93.01257207900198,nan,nan,nan,nan,nan,nan,nan,,INITIALIZING,0.0,0.0,13.459003458128077,0,0,0,0.0,0.0,1.0,0,0,0,0,none,nan,nan,nan,nan,nan,3,2
253,93.07333999600087,nan,nan,nan,nan,nan,nan,nan,,INITIALIZING,0.0,0.0,16.456051966012954,0,0,0,0.0,0.0,1.0,0,0,0,0,none,nan,nan,nan,nan,nan,3,2
254,93.14517251600046,nan,nan,nan,nan,nan,nan,nan,,INITIALIZING,0.0,0.0,13.92127131285,0,0,0,0.0,0.0,1.0,0,0,0,0,none,nan,nan,nan,nan,nan,3,2
255,93.21957399500388,nan,nan,nan,nan,nan,nan,nan,,INITIALIZING,0.0,0.0,13.44059302845227,0,0,0,0.0,0.0,1.0,0,0,0,0,none,nan,nan,nan,nan,nan,3,2
256,93.29420933400252,nan,nan,nan,nan,nan,nan,nan,,INITIALIZING,0.0,0.0,13.398478702137634,0,0,0,0.0,0.0,1.0,0,0,0,0,none,nan,nan,nan,nan,nan,3,2
257,93.3645207810041,nan,nan,nan,nan,nan,nan,nan,,INITIALIZING,0.0,0.0,14.222435217091185,0,0,0,0.0,0.0,1.0,0,0,0,0,none,nan,nan,nan,nan,nan,3,2
258,93.44395288400119,nan,nan,nan,nan,nan,nan,nan,,INITIALIZING,0.0,0.0,12.589368306623458,0,0,0,0.0,0.0,1.0,0,0,0,0,none,nan,nan,nan,nan,nan,3,2
259,93.52327009000146,nan,nan,nan,nan,nan,nan,nan,,INITIALIZING,0.0,0.0,12.607604962744269,0,0,0,0.0,0.0,1.0,0,0,0,0,none,nan,nan,nan,nan,nan,3,2
260,93.59982369700447,nan,nan,nan,nan,nan,nan,nan,,INITIALIZING,0.0,0.0,13.062741772059484,0,0,0,0.0,0.0,1.0,0,0,0,0,none,nan,nan,nan,nan,nan,3,2
261,93.67903715099965,nan,nan,nan,nan,nan,nan,nan,,INITIALIZING,0.0,0.0,12.624118120904615,0,0,0,0.0,0.0,1.0,0,0,0,0,none,nan,nan,nan,nan,nan,3,2
262,93.75710516400432,nan,nan,nan,nan,nan,nan,nan,,INITIALIZING,0.0,0.0,12.80934356482483,0,0,0,0.0,0.0,1.0,0,0,0,0,none,nan,nan,nan,nan,nan,3,2
263,93.82905987399863,nan,nan,nan,nan,nan,nan,nan,,INITIALIZING,0.0,0.0,13.897630885858607,0,0,0,0.0,0.0,1.0,0,0,0,0,none,nan,nan,nan,nan,nan,3,2
264,94.02994645700528,nan,nan,nan,nan,nan,nan,nan,,INITIALIZING,0.0,0.0,4.977933244884244,0,0,0,0.0,0.0,1.0,0,0,0,0,none,nan,nan,nan,nan,nan,3,2
265,94.0892059580001,nan,nan,nan,nan,nan,nan,nan,,INITIALIZING,0.0,0.0,16.87493116230485,0,0,0,0.0,0.0,1.0,0,0,0,0,none,nan,nan,nan,nan,nan,3,2
266,94.16190282000025,nan,nan,nan,nan,nan,nan,nan,,INITIALIZING,0.0,0.0,13.75575193325179,0,0,0,0.0,0.0,1.0,0,0,0,0,none,nan,nan,nan,nan,nan,3,2
267,94.23630403900461,nan,nan,nan,nan,nan,nan,nan,,INITIALIZING,0.0,0.0,13.440639997328939,0,0,0,0.0,0.0,1.0,0,0,0,0,none,nan,nan,nan,nan,nan,3,2
268,94.3088025620018,nan,nan,nan,nan,nan,nan,nan,,INITIALIZING,0.0,0.0,13.7933844533455,0,0,0,0.0,0.0,1.0,0,0,0,0,none,nan,nan,nan,nan,nan,3,2
269,94.38224636600353,nan,nan,nan,nan,nan,nan,nan,,INITIALIZING,0.0,0.0,13.615852468323807,0,0,0,0.0,0.0,1.0,0,0,0,0,none,nan,nan,nan,nan,nan,3,2
270,94.68568558100378,nan,nan,nan,nan,nan,nan,nan,,INITIALIZING,0.0,0.0,3.295552949539385,0,0,0,0.0,0.0,1.0,0,0,0,0,none,nan,nan,nan,nan,nan,3,2
271,94.7671607480006,nan,nan,nan,nan,nan,nan,nan,,INITIALIZING,0.0,0.0,12.273678433073655,0,0,0,0.0,0.0,1.0,0,0,0,0,none,nan,nan,nan,nan,nan,3,2
272,94.84151092500542,nan,nan,nan,nan,nan,nan,nan,,INITIALIZING,0.0,0.0,13.449867105699195,0,0,0,0.0,0.0,1.0,0,0,0,0,none,nan,nan,nan,nan,nan,3,2
273,94.91767921100109,nan,nan,nan,nan,nan,nan,nan,,INITIALIZING,0.0,0.0,13.128823721423004,0,0,0,0.0,0.0,1.0,0,0,0,0,none,nan,nan,nan,nan,nan,3,2
274,94.99277539300238,nan,nan,nan,nan,nan,nan,nan,,INITIALIZING,0.0,0.0,13.316256211039272,0,0,0,0.0,0.0,1.0,0,0,0,0,none,nan,nan,nan,nan,nan,3,2
275,95.0649271910006,nan,nan,nan,nan,nan,nan,nan,,INITIALIZING,0.0,0.0,13.859668473189249,0,0,0,0.0,0.0,1.0,0,0,0,0,none,nan,nan,nan,nan,nan,3,2
276,95.14017884400528,nan,nan,nan,nan,nan,nan,nan,,INITIALIZING,0.0,0.0,13.288744633130314,0,0,0,0.0,0.0,1.0,0,0,0,0,none,nan,nan,nan,nan,nan,3,2
277,95.20152120100101,nan,nan,nan,nan,nan,nan,nan,,INITIALIZING,0.0,0.0,16.301949402913955,0,0,0,0.0,0.0,1.0,0,0,0,0,none,nan,nan,nan,nan,nan,3,2
278,95.27769813399937,nan,nan,nan,nan,nan,nan,nan,,INITIALIZING,0.0,0.0,13.127333441235411,0,0,0,0.0,0.0,1.0,0,0,0,0,none,nan,nan,nan,nan,nan,3,2
279,95.35295541200321,nan,nan,nan,nan,nan,nan,nan,,INITIALIZING,0.0,0.0,13.287751384642046,0,0,0,0.0,0.0,1.0,0,0,0,0,none,nan,nan,nan,nan,nan,3,2
280,95.44630431300175,nan,nan,nan,nan,nan,nan,nan,,INITIALIZING,0.0,0.0,10.712498907894938,0,0,0,0.0,0.0,1.0,0,0,0,0,none,nan,nan,nan,nan,nan,3,2
281,95.51986551500158,nan,nan,nan,nan,nan,nan,nan,,INITIALIZING,0.0,0.0,13.594122619179265,0,0,0,0.0,0.0,1.0,0,0,0,0,none,nan,nan,nan,nan,nan,3,2
282,95.59756263600138,nan,nan,nan,nan,nan,nan,nan,,INITIALIZING,0.0,0.0,12.87048975730467,0,0,0,0.0,0.0,1.0,0,0,0,0,none,nan,nan,nan,nan,nan,3,2
283,95.67390248900483,nan,nan,nan,nan,nan,nan,nan,,INITIALIZING,0.0,0.0,13.09931786160046,0,0,0,0.0,0.0,1.0,0,0,0,0,none,nan,nan,nan,nan,nan,3,2
284,95.74767218500347,nan,nan,nan,nan,nan,nan,nan,,INITIALIZING,0.0,0.0,13.555701788692495,0,0,0,0.0,0.0,1.0,0,0,0,0,none,nan,nan,nan,nan,nan,3,2
285,95.82661073700001,nan,nan,nan,nan,nan,nan,nan,,INITIALIZING,0.0,0.0,12.66808137098571,0,0,0,0.0,0.0,1.0,0,0,0,0,none,nan,nan,nan,nan,nan,3,2
286,95.90468422000413,nan,nan,nan,nan,nan,nan,nan,,INITIALIZING,0.0,0.0,12.808446114121113,0,0,0,0.0,0.0,1.0,0,0,0,0,none,nan,nan,nan,nan,nan,3,2
287,95.97856204300479,nan,nan,nan,nan,nan,nan,nan,,INITIALIZING,0.0,0.0,13.535861769926571,0,0,0,0.0,0.0,1.0,0,0,0,0,none,nan,nan,nan,nan,nan,3,2
288,96.05605587800528,nan,nan,nan,nan,nan,nan,nan,,INITIALIZING,0.0,0.0,12.904252318827696,0,0,0,0.0,0.0,1.0,0,0,0,0,none,nan,nan,nan,nan,nan,3,2
289,96.11734740000247,nan,nan,nan,nan,nan,nan,nan,,INITIALIZING,0.0,0.0,16.315470189267447,0,0,0,0.0,0.0,1.0,0,0,0,0,none,nan,nan,nan,nan,nan,3,2
290,96.19148522899923,nan,nan,nan,nan,nan,nan,nan,,INITIALIZING,0.0,0.0,13.488390657403523,0,0,0,0.0,0.0,1.0,0,0,0,0,none,nan,nan,nan,nan,nan,3,2
291,96.26758122300089,nan,nan,nan,nan,nan,nan,nan,,INITIALIZING,0.0,0.0,13.14129624193043,0,0,0,0.0,0.0,1.0,0,0,0,0,none,nan,nan,nan,nan,nan,3,2
292,96.34232547000283,nan,nan,nan,nan,nan,nan,nan,,INITIALIZING,0.0,0.0,13.378956108474508,0,0,0,0.0,0.0,1.0,0,0,0,0,none,nan,nan,nan,nan,nan,3,2
293,96.41555562400026,nan,nan,nan,nan,nan,nan,nan,,INITIALIZING,0.0,0.0,13.655576909412376,0,0,0,0.0,0.0,1.0,0,0,0,0,none,nan,nan,nan,nan,nan,3,2
294,96.49515653400158,nan,nan,nan,nan,nan,nan,nan,,INITIALIZING,0.0,0.0,12.562670451675022,0,0,0,0.0,0.0,1.0,0,0,0,0,none,nan,nan,nan,nan,nan,3,2
295,96.57116080700507,nan,nan,nan,nan,nan,nan,nan,,INITIALIZING,0.0,0.0,13.157154992510316,0,0,0,0.0,0.0,1.0,0,0,0,0,none,nan,nan,nan,nan,nan,3,2
296,96.64934335400176,nan,nan,nan,nan,nan,nan,nan,,INITIALIZING,0.0,0.0,12.790578439998715,0,0,0,0.0,0.0,1.0,0,0,0,0,none,nan,nan,nan,nan,nan,3,2
297,96.74419082800159,nan,nan,nan,nan,nan,nan,nan,,INITIALIZING,0.0,0.0,10.543243355133988,0,0,0,0.0,0.0,1.0,0,0,0,0,none,nan,nan,nan,nan,nan,3,2
298,96.82124085200485,nan,nan,nan,nan,nan,nan,nan,,INITIALIZING,0.0,0.0,12.978581291003106,0,0,0,0.0,0.0,1.0,0,0,0,0,none,nan,nan,nan,nan,nan,3,2
299,96.89401823600201,nan,nan,nan,nan,nan,nan,nan,,INITIALIZING,0.0,0.0,13.74053236152289,0,0,0,0.0,0.0,1.0,0,0,0,0,none,nan,nan,nan,nan,nan,3,2
300,97.08217716299987,nan,nan,nan,nan,nan,nan,nan,,INITIALIZING,0.0,0.0,5.314656157724507,0,0,0,0.0,0.0,1.0,0,0,0,0,none,nan,nan,nan,nan,nan,3,2
301,97.14582748400426,nan,nan,nan,nan,nan,nan,nan,,INITIALIZING,0.0,0.0,15.710839854696959,0,0,0,0.0,0.0,1.0,0,0,0,0,none,nan,nan,nan,nan,nan,3,2
302,97.22367544100416,nan,nan,nan,nan,nan,nan,nan,,INITIALIZING,0.0,0.0,12.84555226030195,0,0,0,0.0,0.0,1.0,0,0,0,0,none,nan,nan,nan,nan,nan,3,2
303,97.30009425400203,nan,nan,nan,nan,nan,nan,nan,,INITIALIZING,0.0,0.0,13.085782947555682,0,0,0,0.0,0.0,1.0,0,0,0,0,none,nan,nan,nan,nan,nan,3,2
304,97.37322164600482,nan,nan,nan,nan,nan,nan,nan,,INITIALIZING,0.0,0.0,13.674766357890396,0,0,0,0.0,0.0,1.0,0,0,0,0,none,nan,nan,nan,nan,nan,3,2
305,97.44427097299922,nan,nan,nan,nan,nan,nan,nan,,INITIALIZING,0.0,0.0,14.074728675175834,0,0,0,0.0,0.0,1.0,0,0,0,0,none,nan,nan,nan,nan,nan,3,2
306,97.5194743969987,nan,nan,nan,nan,nan,nan,nan,,INITIALIZING,0.0,0.0,13.297266890492617,0,0,0,0.0,0.0,1.0,0,0,0,0,none,nan,nan,nan,nan,nan,3,2
307,97.59635858500405,nan,nan,nan,nan,nan,nan,nan,,INITIALIZING,0.0,0.0,13.00657555140461,0,0,0,0.0,0.0,1.0,0,0,0,0,none,nan,nan,nan,nan,nan,3,2
308,97.6766127890005,nan,nan,nan,nan,nan,nan,nan,,INITIALIZING,0.0,0.0,12.46040643608251,0,0,0,0.0,0.0,1.0,0,0,0,0,none,nan,nan,nan,nan,nan,3,2
309,97.75754138300545,nan,nan,nan,nan,nan,nan,nan,,INITIALIZING,0.0,0.0,12.356572016299925,0,0,0,0.0,0.0,1.0,0,0,0,0,none,nan,nan,nan,nan,nan,3,2
310,97.83505230200535,nan,nan,nan,nan,nan,nan,nan,,INITIALIZING,0.0,0.0,12.901408122915129,0,0,0,0.0,0.0,1.0,0,0,0,0,none,nan,nan,nan,nan,nan,3,2
311,97.90793432400096,nan,nan,nan,nan,nan,nan,nan,,INITIALIZING,0.0,0.0,13.720804837991826,0,0,0,0.0,0.0,1.0,0,0,0,0,none,nan,nan,nan,nan,nan,3,2
312,97.98270185300498,nan,nan,nan,nan,nan,nan,nan,,INITIALIZING,0.0,0.0,13.374790010062057,0,0,0,0.0,0.0,1.0,0,0,0,0,none,nan,nan,nan,nan,nan,3,2
313,98.04103451300034,nan,nan,nan,nan,nan,nan,nan,,INITIALIZING,0.0,0.0,17.14305502405648,0,0,0,0.0,0.0,1.0,0,0,0,0,none,nan,nan,nan,nan,nan,3,2
314,98.11542802400072,nan,nan,nan,nan,nan,nan,nan,,INITIALIZING,0.0,0.0,13.442032598715322,0,0,0,0.0,0.0,1.0,0,0,0,0,none,nan,nan,nan,nan,nan,3,2
315,98.19395667299978,nan,nan,nan,nan,nan,nan,nan,,INITIALIZING,0.0,0.0,12.734206085883978,0,0,0,0.0,0.0,1.0,0,0,0,0,none,nan,nan,nan,nan,nan,3,2
316,98.27170035699965,nan,nan,nan,nan,nan,nan,nan,,INITIALIZING,0.0,0.0,12.86278123894505,0,0,0,0.0,0.0,1.0,0,0,0,0,none,nan,nan,nan,nan,nan,3,2
317,98.34556802400039,nan,nan,nan,nan,nan,nan,nan,,INITIALIZING,0.0,0.0,13.537722803536921,0,0,0,0.0,0.0,1.0,0,0,0,0,none,nan,nan,nan,nan,nan,3,2
318,98.4225299220052,nan,nan,nan,nan,nan,nan,nan,,INITIALIZING,0.0,0.0,12.993442546563642,0,0,0,0.0,0.0,1.0,0,0,0,0,none,nan,nan,nan,nan,nan,3,2
319,98.49977469000441,nan,nan,nan,nan,nan,nan,nan,,INITIALIZING,0.0,0.0,12.945860618160179,0,0,0,0.0,0.0,1.0,0,0,0,0,none,nan,nan,nan,nan,nan,3,2
320,98.57320510800491,nan,nan,nan,nan,nan,nan,nan,,INITIALIZING,0.0,0.0,13.618334570738977,0,0,0,0.0,0.0,1.0,0,0,0,0,none,nan,nan,nan,nan,nan,3,2
321,98.65312019200064,nan,nan,nan,nan,nan,nan,nan,,INITIALIZING,0.0,0.0,12.513282224084774,0,0,0,0.0,0.0,1.0,0,0,0,0,none,nan,nan,nan,nan,nan,3,2
322,98.73053110900219,nan,nan,nan,nan,nan,nan,nan,,INITIALIZING,0.0,0.0,12.918074591211212,0,0,0,0.0,0.0,1.0,0,0,0,0,none,nan,nan,nan,nan,nan,3,2
323,98.80650283000432,nan,nan,nan,nan,nan,nan,nan,,INITIALIZING,0.0,0.0,13.162792507647897,0,0,0,0.0,0.0,1.0,0,0,0,0,none,nan,nan,nan,nan,nan,3,2
324,98.90053164200071,nan,nan,nan,nan,nan,nan,nan,,INITIALIZING,0.0,0.0,10.63503812042565,0,0,0,0.0,0.0,1.0,0,0,0,0,none,nan,nan,nan,nan,nan,3,2
325,98.96350684500067,nan,nan,nan,nan,nan,nan,nan,,INITIALIZING,0.0,0.0,15.879266002537229,0,0,0,0.0,0.0,1.0,0,0,0,0,none,nan,nan,nan,nan,nan,3,2
326,99.03743826400023,nan,nan,nan,nan,nan,nan,nan,,INITIALIZING,0.0,0.0,13.52604905373044,0,0,0,0.0,0.0,1.0,0,0,0,0,none,nan,nan,nan,nan,nan,3,2
327,99.1146162590012,nan,nan,nan,nan,nan,nan,nan,,INITIALIZING,0.0,0.0,12.9570611414236,0,0,0,0.0,0.0,1.0,0,0,0,0,none,nan,nan,nan,nan,nan,3,2
328,99.19160591800028,nan,nan,nan,nan,nan,nan,nan,,INITIALIZING,0.0,0.0,12.9887573604128,0,0,0,0.0,0.0,1.0,0,0,0,0,none,nan,nan,nan,nan,nan,3,2
329,99.26548592900508,nan,nan,nan,nan,nan,nan,nan,,INITIALIZING,0.0,0.0,13.535460896655605,0,0,0,0.0,0.0,1.0,0,0,0,0,none,nan,nan,nan,nan,nan,3,2
330,99.3426113720052,nan,nan,nan,nan,nan,nan,nan,,INITIALIZING,0.0,0.0,12.965889868516246,0,0,0,0.0,0.0,1.0,0,0,0,0,none,nan,nan,nan,nan,nan,3,2
331,99.4242679500021,nan,nan,nan,nan,nan,nan,nan,,INITIALIZING,0.0,0.0,12.246410816258381,0,0,0,0.0,0.0,1.0,0,0,0,0,none,nan,nan,nan,nan,nan,3,2
332,99.50025055600418,nan,nan,nan,nan,nan,nan,nan,,INITIALIZING,0.0,0.0,13.160906852454342,0,0,0,0.0,0.0,1.0,0,0,0,0,none,nan,nan,nan,nan,nan,3,2
333,99.57723651700508,nan,nan,nan,nan,nan,nan,nan,,INITIALIZING,0.0,0.0,12.989381271584053,0,0,0,0.0,0.0,1.0,0,0,0,0,none,nan,nan,nan,nan,nan,3,2
334,99.65224243700504,nan,nan,nan,nan,nan,nan,nan,,INITIALIZING,0.0,0.0,13.33228097196117,0,0,0,0.0,0.0,1.0,0,0,0,0,none,nan,nan,nan,nan,nan,3,2
335,99.72521914900426,nan,nan,nan,nan,nan,nan,nan,,INITIALIZING,0.0,0.0,13.703001582350304,0,0,0,0.0,0.0,1.0,0,0,0,0,none,nan,nan,nan,nan,nan,3,2
336,99.79903811700206,nan,nan,nan,nan,nan,nan,nan,,INITIALIZING,0.0,0.0,13.5466537547622,0,0,0,0.0,0.0,1.0,0,0,0,0,none,nan,nan,nan,nan,nan,3,2
337,99.85936331799894,nan,nan,nan,nan,nan,nan,nan,,INITIALIZING,0.0,0.0,16.57682002670207,0,0,0,0.0,0.0,1.0,0,0,0,0,none,nan,nan,nan,nan,nan,3,2
338,99.934633046003,nan,nan,nan,nan,nan,nan,nan,,INITIALIZING,0.0,0.0,13.285553522208424,0,0,0,0.0,0.0,1.0,0,0,0,0,none,nan,nan,nan,nan,nan,3,2
339,100.01092472099845,nan,nan,nan,nan,nan,nan,nan,,INITIALIZING,0.0,0.0,13.107590049106886,0,0,0,0.0,0.0,1.0,0,0,0,0,none,nan,nan,nan,nan,nan,3,2
340,100.08763640600228,nan,nan,nan,nan,nan,nan,nan,,INITIALIZING,0.0,0.0,13.035823681230355,0,0,0,0.0,0.0,1.0,0,0,0,0,none,nan,nan,nan,nan,nan,3,2
341,100.16134495499864,nan,nan,nan,nan,nan,nan,nan,,INITIALIZING,0.0,0.0,13.566947302806353,0,0,0,0.0,0.0,1.0,0,0,0,0,none,nan,nan,nan,nan,nan,3,2
342,100.2382370080013,nan,nan,nan,nan,nan,nan,nan,,INITIALIZING,0.0,0.0,13.005245157979138,0,0,0,0.0,0.0,1.0,0,0,0,0,none,nan,nan,nan,nan,nan,3,2
343,100.31632616800198,nan,nan,nan,nan,nan,nan,nan,,INITIALIZING,0.0,0.0,12.805874720529548,0,0,0,0.0,0.0,1.0,0,0,0,0,none,nan,nan,nan,nan,nan,3,2
344,100.39074369100126,nan,nan,nan,nan,nan,nan,nan,,INITIALIZING,0.0,0.0,13.43769531283149,0,0,0,0.0,0.0,1.0,0,0,0,0,none,nan,nan,nan,nan,nan,3,2
345,100.472264172,nan,nan,nan,nan,nan,nan,nan,,INITIALIZING,0.0,0.0,12.266855982063396,0,0,0,0.0,0.0,1.0,0,0,0,0,none,nan,nan,nan,nan,nan,3,2
346,100.5568627380053,nan,nan,nan,nan,nan,nan,nan,,INITIALIZING,0.0,0.0,11.820531330724696,0,0,0,0.0,0.0,1.0,0,0,0,0,none,nan,nan,nan,nan,nan,3,2
347,100.63275143699866,nan,nan,nan,nan,nan,nan,nan,,INITIALIZING,0.0,0.0,13.177192563116709,0,0,0,0.0,0.0,1.0,0,0,0,0,none,nan,nan,nan,nan,nan,3,2
348,100.71637972200551,nan,nan,nan,nan,nan,nan,nan,,INITIALIZING,0.0,0.0,11.957676758743244,0,0,0,0.0,0.0,1.0,0,0,0,0,none,nan,nan,nan,nan,nan,3,2
349,100.7765427320046,nan,nan,nan,nan,nan,nan,nan,,INITIALIZING,0.0,0.0,16.6215087977675,0,0,0,0.0,0.0,1.0,0,0,0,0,none,nan,nan,nan,nan,nan,3,2
350,100.85312358100055,nan,nan,nan,nan,nan,nan,nan,,INITIALIZING,0.0,0.0,13.058094982114199,0,0,0,0.0,0.0,1.0,0,0,0,0,none,nan,nan,nan,nan,nan,3,2
351,100.93220010599907,nan,nan,nan,nan,nan,nan,nan,,INITIALIZING,0.0,0.0,12.645978057566733,0,0,0,0.0,0.0,1.0,0,0,0,0,none,nan,nan,nan,nan,nan,3,2
352,101.00873017200502,nan,nan,nan,nan,nan,nan,nan,,INITIALIZING,0.0,0.0,13.06675993095751,0,0,0,0.0,0.0,1.0,0,0,0,0,none,nan,nan,nan,nan,nan,3,2
353,101.08384515700163,nan,nan,nan,nan,nan,nan,nan,,INITIALIZING,0.0,0.0,13.312922848151267,0,0,0,0.0,0.0,1.0,0,0,0,0,none,nan,nan,nan,nan,nan,3,2
354,101.16161097800068,nan,nan,nan,nan,nan,nan,nan,,INITIALIZING,0.0,0.0,12.859119689770207,0,0,0,0.0,0.0,1.0,0,0,0,0,none,nan,nan,nan,nan,nan,3,2
355,101.23764051300532,nan,nan,nan,nan,nan,nan,nan,,INITIALIZING,0.0,0.0,13.152783322152636,0,0,0,0.0,0.0,1.0,0,0,0,0,none,nan,nan,nan,nan,nan,3,2
356,101.31305404500017,nan,nan,nan,nan,nan,nan,nan,,INITIALIZING,0.0,0.0,13.260219665460433,0,0,0,0.0,0.0,1.0,0,0,0,0,none,nan,nan,nan,nan,nan,3,2
357,101.39072501999908,nan,nan,nan,nan,nan,nan,nan,,INITIALIZING,0.0,0.0,12.874822287399377,0,0,0,0.0,0.0,1.0,0,0,0,0,none,nan,nan,nan,nan,nan,3,2
358,101.46646132000023,nan,nan,nan,nan,nan,nan,nan,,INITIALIZING,0.0,0.0,13.20370812918992,0,0,0,0.0,0.0,1.0,0,0,0,0,none,nan,nan,nan,nan,nan,3,2
359,101.54115134900348,nan,nan,nan,nan,nan,nan,nan,,INITIALIZING,0.0,0.0,13.388667983466542,0,0,0,0.0,0.0,1.0,0,0,0,0,none,nan,nan,nan,nan,nan,3,2
360,101.62072840500332,nan,nan,nan,nan,nan,nan,nan,,INITIALIZING,0.0,0.0,12.566436235113787,0,0,0,0.0,0.0,1.0,0,0,0,0,none,nan,nan,nan,nan,nan,3,2
361,101.67966998400516,nan,nan,nan,nan,nan,nan,nan,,INITIALIZING,0.0,0.0,16.965951997465066,0,0,0,0.0,0.0,1.0,0,0,0,0,none,nan,nan,nan,nan,nan,3,2
362,101.75439048200496,nan,nan,nan,nan,nan,nan,nan,,INITIALIZING,0.0,0.0,13.38320844706625,0,0,0,0.0,0.0,1.0,0,0,0,0,none,nan,nan,nan,nan,nan,3,2
363,101.83051512300153,nan,nan,nan,nan,nan,nan,nan,,INITIALIZING,0.0,0.0,13.136350949032195,0,0,0,0.0,0.0,1.0,0,0,0,0,none,nan,nan,nan,nan,nan,3,2
364,101.90673528700427,nan,nan,nan,nan,nan,nan,nan,,INITIALIZING,0.0,0.0,13.119887802447225,0,0,0,0.0,0.0,1.0,0,0,0,0,none,nan,nan,nan,nan,nan,3,2
365,101.98103358899971,nan,nan,nan,nan,nan,nan,nan,,INITIALIZING,0.0,0.0,13.459257791131792,0,0,0,0.0,0.0,1.0,0,0,0,0,none,nan,nan,nan,nan,nan,3,2
366,102.05833606699889,nan,nan,nan,nan,nan,nan,nan,,INITIALIZING,0.0,0.0,12.93619591354588,0,0,0,0.0,0.0,1.0,0,0,0,0,none,nan,nan,nan,nan,nan,3,2
367,102.13514645100076,nan,nan,nan,nan,nan,nan,nan,,INITIALIZING,0.0,0.0,13.019073045847598,0,0,0,0.0,0.0,1.0,0,0,0,0,none,nan,nan,nan,nan,nan,3,2
368,102.21222533100081,nan,nan,nan,nan,nan,nan,nan,,INITIALIZING,0.0,0.0,12.973722503485021,0,0,0,0.0,0.0,1.0,0,0,0,0,none,nan,nan,nan,nan,nan,3,2
369,102.2907604389984,nan,nan,nan,nan,nan,nan,nan,,INITIALIZING,0.0,0.0,12.73315878079163,0,0,0,0.0,0.0,1.0,0,0,0,0,none,nan,nan,nan,nan,nan,3,2
370,102.3706425010023,nan,nan,nan,nan,nan,nan,nan,,INITIALIZING,0.0,0.0,12.518455018741358,0,0,0,0.0,0.0,1.0,0,0,0,0,none,nan,nan,nan,nan,nan,3,2
371,102.4536844730028,nan,nan,nan,nan,nan,nan,nan,,INITIALIZING,0.0,0.0,12.04210323899781,0,0,0,0.0,0.0,1.0,0,0,0,0,none,nan,nan,nan,nan,nan,3,2
372,102.53451322099863,nan,nan,nan,nan,nan,nan,nan,,INITIALIZING,0.0,0.0,12.371835823208482,0,0,0,0.0,0.0,1.0,0,0,0,0,none,nan,nan,nan,nan,nan,3,2
373,102.59413601200504,nan,nan,nan,nan,nan,nan,nan,,INITIALIZING,0.0,0.0,16.772109844582484,0,0,0,0.0,0.0,1.0,0,0,0,0,none,nan,nan,nan,nan,nan,3,2
374,102.66992106399994,nan,nan,nan,nan,nan,nan,nan,,INITIALIZING,0.0,0.0,13.195214276125471,0,0,0,0.0,0.0,1.0,0,0,0,0,none,nan,nan,nan,nan,nan,3,2
375,102.7478161580002,nan,nan,nan,nan,nan,nan,nan,,INITIALIZING,0.0,0.0,12.837778974842115,0,0,0,0.0,0.0,1.0,0,0,0,0,none,nan,nan,nan,nan,nan,3,2
376,102.82645090300502,nan,nan,nan,nan,nan,nan,nan,,INITIALIZING,0.0,0.0,12.717024769886487,0,0,0,0.0,0.0,1.0,0,0,0,0,none,nan,nan,nan,nan,nan,3,2
377,102.9024415840031,nan,nan,nan,nan,nan,nan,nan,,INITIALIZING,0.0,0.0,13.159508335309358,0,0,0,0.0,0.0,1.0,0,0,0,0,none,nan,nan,nan,nan,nan,3,2
378,102.98561199500546,nan,nan,nan,nan,nan,nan,nan,,INITIALIZING,0.0,0.0,12.023506772999665,0,0,0,0.0,0.0,1.0,0,0,0,0,none,nan,nan,nan,nan,nan,3,2
379,103.06762644500122,nan,nan,nan,nan,nan,nan,nan,,INITIALIZING,0.0,0.0,12.192973312039564,0,0,0,0.0,0.0,1.0,0,0,0,0,none,nan,nan,nan,nan,nan,3,2
380,103.1501502290048,nan,nan,nan,nan,nan,nan,nan,,INITIALIZING,0.0,0.0,12.11771869254981,0,0,0,0.0,0.0,1.0,0,0,0,0,none,nan,nan,nan,nan,nan,3,2
381,103.22897930099862,nan,nan,nan,nan,nan,nan,nan,,INITIALIZING,0.0,0.0,12.68567515393759,0,0,0,0.0,0.0,1.0,0,0,0,0,none,nan,nan,nan,nan,nan,3,2
382,103.30556900400552,nan,nan,nan,nan,nan,nan,nan,,INITIALIZING,0.0,0.0,13.056585425195788,0,0,0,0.0,0.0,1.0,0,0,0,0,none,nan,nan,nan,nan,nan,3,2
383,103.38615509200463,nan,nan,nan,nan,nan,nan,nan,,INITIALIZING,0.0,0.0,12.409089767591896,0,0,0,0.0,0.0,1.0,0,0,0,0,none,nan,nan,nan,nan,nan,3,2
384,103.46892612000374,nan,nan,nan,nan,nan,nan,nan,,INITIALIZING,0.0,0.0,12.081522051540666,0,0,0,0.0,0.0,1.0,0,0,0,0,none,nan,nan,nan,nan,nan,3,2
385,103.52740242900472,nan,nan,nan,nan,nan,nan,nan,,INITIALIZING,0.0,0.0,17.10094253697235,0,0,0,0.0,0.0,1.0,0,0,0,0,none,nan,nan,nan,nan,nan,3,2
386,103.60287112000515,nan,nan,nan,nan,nan,nan,nan,,INITIALIZING,0.0,0.0,13.250527957274144,0,0,0,0.0,0.0,1.0,0,0,0,0,none,nan,nan,nan,nan,nan,3,2
387,103.68259682500502,nan,nan,nan,nan,nan,nan,nan,,INITIALIZING,0.0,0.0,12.543006048069287,0,0,0,0.0,0.0,1.0,0,0,0,0,none,nan,nan,nan,nan,nan,3,2
388,103.758969858005,nan,nan,nan,nan,nan,nan,nan,,INITIALIZING,0.0,0.0,13.093626908862452,0,0,0,0.0,0.0,1.0,0,0,0,0,none,nan,nan,nan,nan,nan,3,2
389,103.83611040500546,nan,nan,nan,nan,nan,nan,nan,,INITIALIZING,0.0,0.0,12.96335116724175,0,0,0,0.0,0.0,1.0,0,0,0,0,none,nan,nan,nan,nan,nan,3,2
390,103.91670071200497,nan,nan,nan,nan,nan,nan,nan,,INITIALIZING,0.0,0.0,12.408440136678802,0,0,0,0.0,0.0,1.0,0,0,0,0,none,nan,nan,nan,nan,nan,3,2
391,104.0019201239993,nan,nan,nan,nan,nan,nan,nan,,INITIALIZING,0.0,0.0,11.734415628994569,0,0,0,0.0,0.0,1.0,0,0,0,0,none,nan,nan,nan,nan,nan,3,2
392,104.08668713200314,nan,nan,nan,nan,nan,nan,nan,,INITIALIZING,0.0,0.0,11.797042546962789,0,0,0,0.0,0.0,1.0,0,0,0,0,none,nan,nan,nan,nan,nan,3,2
393,104.17147481600114,nan,nan,nan,nan,nan,nan,nan,,INITIALIZING,0.0,0.0,11.794165766145563,0,0,0,0.0,0.0,1.0,0,0,0,0,none,nan,nan,nan,nan,nan,3,2
394,104.25027696100005,nan,nan,nan,nan,nan,nan,nan,,INITIALIZING,0.0,0.0,12.690009897747565,0,0,0,0.0,0.0,1.0,0,0,0,0,none,nan,nan,nan,nan,nan,3,2
395,104.32643894699868,nan,nan,nan,nan,nan,nan,nan,,INITIALIZING,0.0,0.0,13.12990971661462,0,0,0,0.0,0.0,1.0,0,0,0,0,none,nan,nan,nan,nan,nan,3,2
396,104.40466545500385,nan,nan,nan,nan,nan,nan,nan,,INITIALIZING,0.0,0.0,12.783390509184843,0,0,0,0.0,0.0,1.0,0,0,0,0,none,nan,nan,nan,nan,nan,3,2
397,104.46444184300344,nan,nan,nan,nan,nan,nan,nan,,INITIALIZING,0.0,0.0,16.729013469446212,0,0,0,0.0,0.0,1.0,0,0,0,0,none,nan,nan,nan,nan,nan,3,2
398,104.54358295300335,nan,nan,nan,nan,nan,nan,nan,,INITIALIZING,0.0,0.0,12.63565800380034,0,0,0,0.0,0.0,1.0,0,0,0,0,none,nan,nan,nan,nan,nan,3,2
399,104.62502088100155,nan,nan,nan,nan,nan,nan,nan,,INITIALIZING,0.0,0.0,12.279290799517455,0,0,0,0.0,0.0,1.0,0,0,0,0,none,nan,nan,nan,nan,nan,3,2
400,104.70544186200277,nan,nan,nan,nan,nan,nan,nan,,INITIALIZING,0.0,0.0,12.434566049185149,0,0,0,0.0,0.0,1.0,0,0,0,0,none,nan,nan,nan,nan,nan,3,2
401,104.78383863400086,nan,nan,nan,nan,nan,nan,nan,,INITIALIZING,0.0,0.0,12.755627234555119,0,0,0,0.0,0.0,1.0,0,0,0,0,none,nan,nan,nan,nan,nan,3,2
402,104.86356319300103,nan,nan,nan,nan,nan,nan,nan,,INITIALIZING,0.0,0.0,12.54318634735722,0,0,0,0.0,0.0,1.0,0,0,0,0,none,nan,nan,nan,nan,nan,3,2
403,104.94218064700544,nan,nan,nan,nan,nan,nan,nan,,INITIALIZING,0.0,0.0,12.719821732510342,0,0,0,0.0,0.0,1.0,0,0,0,0,none,nan,nan,nan,nan,nan,3,2
404,105.02114711800095,nan,nan,nan,nan,nan,nan,nan,,INITIALIZING,0.0,0.0,12.663602506142812,0,0,0,0.0,0.0,1.0,0,0,0,0,none,nan,nan,nan,nan,nan,3,2
405,105.10253973300132,nan,nan,nan,nan,nan,nan,nan,,INITIALIZING,0.0,0.0,12.286126941559472,0,0,0,0.0,0.0,1.0,0,0,0,0,none,nan,nan,nan,nan,nan,3,2
406,105.18391536800482,nan,nan,nan,nan,nan,nan,nan,,INITIALIZING,0.0,0.0,12.288690588491672,0,0,0,0.0,0.0,1.0,0,0,0,0,none,nan,nan,nan,nan,nan,3,2
407,105.26210593800351,nan,nan,nan,nan,nan,nan,nan,,INITIALIZING,0.0,0.0,12.789266020399538,0,0,0,0.0,0.0,1.0,0,0,0,0,none,nan,nan,nan,nan,nan,3,2
408,105.34203081400483,nan,nan,nan,nan,nan,nan,nan,,INITIALIZING,0.0,0.0,12.511749157841125,0,0,0,0.0,0.0,1.0,0,0,0,0,none,nan,nan,nan,nan,nan,3,2
409,105.40056051000283,nan,nan,nan,nan,nan,nan,nan,,INITIALIZING,0.0,0.0,17.085344165021795,0,0,0,0.0,0.0,1.0,0,0,0,0,none,nan,nan,nan,nan,nan,3,2
410,105.47734948900325,nan,nan,nan,nan,nan,nan,nan,,INITIALIZING,0.0,0.0,13.0227021249317,0,0,0,0.0,0.0,1.0,0,0,0,0,none,nan,nan,nan,nan,nan,3,2
411,105.55738415900123,nan,nan,nan,nan,nan,nan,nan,,INITIALIZING,0.0,0.0,12.494585159471148,0,0,0,0.0,0.0,1.0,0,0,0,0,none,nan,nan,nan,nan,nan,3,2
412,105.64788300300279,nan,nan,nan,nan,nan,nan,nan,,INITIALIZING,0.0,0.0,11.049864901951429,0,0,0,0.0,0.0,1.0,0,0,0,0,none,nan,nan,nan,nan,nan,3,2
413,105.73012657299842,nan,nan,nan,nan,nan,nan,nan,,INITIALIZING,0.0,0.0,12.15900525783578,0,0,0,0.0,0.0,1.0,0,0,0,0,none,nan,nan,nan,nan,nan,3,2
414,105.81489321600384,nan,nan,nan,nan,nan,nan,nan,,INITIALIZING,0.0,0.0,11.797093344088445,0,0,0,0.0,0.0,1.0,0,0,0,0,none,nan,nan,nan,nan,nan,3,2
415,105.90129853899998,nan,nan,nan,nan,nan,nan,nan,,INITIALIZING,0.0,0.0,11.573361053747128,0,0,0,0.0,0.0,1.0,0,0,0,0,none,nan,nan,nan,nan,nan,3,2
416,105.97728562600241,nan,nan,nan,nan,nan,nan,nan,,INITIALIZING,0.0,0.0,13.16013074653067,0,0,0,0.0,0.0,1.0,0,0,0,0,none,nan,nan,nan,nan,nan,3,2
417,106.05410335500346,nan,nan,nan,nan,nan,nan,nan,,INITIALIZING,0.0,0.0,13.01782821497278,0,0,0,0.0,0.0,1.0,0,0,0,0,none,nan,nan,nan,nan,nan,3,2
418,106.13454079400253,nan,nan,nan,nan,nan,nan,nan,,INITIALIZING,0.0,0.0,12.43202186001426,0,0,0,0.0,0.0,1.0,0,0,0,0,none,nan,nan,nan,nan,nan,3,2
419,106.2194543670048,nan,nan,nan,nan,nan,nan,nan,,INITIALIZING,0.0,0.0,11.77668027199008,0,0,0,0.0,0.0,1.0,0,0,0,0,none,nan,nan,nan,nan,nan,3,2
420,106.31064108999999,nan,nan,nan,nan,nan,nan,nan,,INITIALIZING,0.0,0.0,10.966508798136704,0,0,0,0.0,0.0,1.0,0,0,0,0,none,nan,nan,nan,nan,nan,3,2
421,106.37549648900313,nan,nan,nan,nan,nan,nan,nan,,INITIALIZING,0.0,0.0,15.418916780569752,0,0,0,0.0,0.0,1.0,0,0,0,0,none,nan,nan,nan,nan,nan,3,2
422,106.45339168800274,nan,nan,nan,nan,nan,nan,nan,,INITIALIZING,0.0,0.0,12.837761670073755,0,0,0,0.0,0.0,1.0,0,0,0,0,none,nan,nan,nan,nan,nan,3,2
423,106.53228534600203,nan,nan,nan,nan,nan,nan,nan,,INITIALIZING,0.0,0.0,12.675290072226426,0,0,0,0.0,0.0,1.0,0,0,0,0,none,nan,nan,nan,nan,nan,3,2
424,106.610472114,nan,nan,nan,nan,nan,nan,nan,,INITIALIZING,0.0,0.0,12.789887926124223,0,0,0,0.0,0.0,1.0,0,0,0,0,none,nan,nan,nan,nan,nan,3,2
425,106.68652972300333,nan,nan,nan,nan,nan,nan,nan,,INITIALIZING,0.0,0.0,13.14792843351466,0,0,0,0.0,0.0,1.0,0,0,0,0,none,nan,nan,nan,nan,nan,3,2
426,106.76649126700067,nan,nan,nan,nan,nan,nan,nan,,INITIALIZING,0.0,0.0,12.506011640210925,0,0,0,0.0,0.0,1.0,0,0,0,0,none,nan,nan,nan,nan,nan,3,2
427,106.88776001700171,nan,nan,nan,nan,nan,nan,nan,,INITIALIZING,0.0,0.0,8.246147502893006,0,0,0,0.0,0.0,1.0,0,0,0,0,none,nan,nan,nan,nan,nan,3,2
428,106.96787494900491,nan,nan,nan,nan,nan,nan,nan,,INITIALIZING,0.0,0.0,12.48206763703026,0,0,0,0.0,0.0,1.0,0,0,0,0,none,nan,nan,nan,nan,nan,3,2
429,107.04891865100217,nan,nan,nan,nan,nan,nan,nan,,INITIALIZING,0.0,0.0,12.33902172970595,0,0,0,0.0,0.0,1.0,0,0,0,0,none,nan,nan,nan,nan,nan,3,2
430,107.12791225800174,nan,nan,nan,nan,nan,nan,nan,,INITIALIZING,0.0,0.0,12.659252286142397,0,0,0,0.0,0.0,1.0,0,0,0,0,none,nan,nan,nan,nan,nan,3,2
431,107.2042505510035,nan,nan,nan,nan,nan,nan,nan,,INITIALIZING,0.0,0.0,13.099585551081429,0,0,0,0.0,0.0,1.0,0,0,0,0,none,nan,nan,nan,nan,nan,3,2
432,107.28475642899866,nan,nan,nan,nan,nan,nan,nan,,INITIALIZING,0.0,0.0,12.421453251650233,0,0,0,0.0,0.0,1.0,0,0,0,0,none,nan,nan,nan,nan,nan,3,2
433,107.34415770500345,nan,nan,nan,nan,nan,nan,nan,,INITIALIZING,0.0,0.0,16.83465520032487,0,0,0,0.0,0.0,1.0,0,0,0,0,none,nan,nan,nan,nan,nan,3,2
434,107.42145377799898,nan,nan,nan,nan,nan,nan,nan,,INITIALIZING,0.0,0.0,12.937267848755011,0,0,0,0.0,0.0,1.0,0,0,0,0,none,nan,nan,nan,nan,nan,3,2
435,107.50131047600007,nan,nan,nan,nan,nan,nan,nan,,INITIALIZING,0.0,0.0,12.522431117628889,0,0,0,0.0,0.0,1.0,0,0,0,0,none,nan,nan,nan,nan,nan,3,2
436,107.58319096600462,nan,nan,nan,nan,nan,nan,nan,,INITIALIZING,0.0,0.0,12.212921538994491,0,0,0,0.0,0.0,1.0,0,0,0,0,none,nan,nan,nan,nan,nan,3,2
437,107.66090517200064,nan,nan,nan,nan,nan,nan,nan,,INITIALIZING,0.0,0.0,12.867660258296304,0,0,0,0.0,0.0,1.0,0,0,0,0,none,nan,nan,nan,nan,nan,3,2
438,107.74063332600053,nan,nan,nan,nan,nan,nan,nan,,INITIALIZING,0.0,0.0,12.542620766076169,0,0,0,0.0,0.0,1.0,0,0,0,0,none,nan,nan,nan,nan,nan,3,2
439,107.81941312699928,nan,nan,nan,nan,nan,nan,nan,,INITIALIZING,0.0,0.0,12.693609114548593,0,0,0,0.0,0.0,1.0,0,0,0,0,none,nan,nan,nan,nan,nan,3,2
440,107.90189446200384,nan,nan,nan,nan,nan,nan,nan,,INITIALIZING,0.0,0.0,12.123955073529418,0,0,0,0.0,0.0,1.0,0,0,0,0,none,nan,nan,nan,nan,nan,3,2
441,107.98508576099994,nan,nan,nan,nan,nan,nan,nan,,INITIALIZING,0.0,0.0,12.020487864324608,0,0,0,0.0,0.0,1.0,0,0,0,0,none,nan,nan,nan,nan,nan,3,2
442,108.06670124499942,nan,nan,nan,nan,nan,nan,nan,,INITIALIZING,0.0,0.0,12.252576974319092,0,0,0,0.0,0.0,1.0,0,0,0,0,none,nan,nan,nan,nan,nan,3,2
443,108.14462259100401,nan,nan,nan,nan,nan,nan,nan,,INITIALIZING,0.0,0.0,12.833453877210196,0,0,0,0.0,0.0,1.0,0,0,0,0,none,nan,nan,nan,nan,nan,3,2
444,108.23595723399922,nan,nan,nan,nan,nan,nan,nan,,INITIALIZING,0.0,0.0,10.94874811140912,0,0,0,0.0,0.0,1.0,0,0,0,0,none,nan,nan,nan,nan,nan,3,2
445,108.2961240470031,nan,nan,nan,nan,nan,nan,nan,,INITIALIZING,0.0,0.0,16.62045819071996,0,0,0,0.0,0.0,1.0,0,0,0,0,none,nan,nan,nan,nan,nan,3,2
446,108.37232348300313,nan,nan,nan,nan,nan,nan,nan,,INITIALIZING,0.0,0.0,13.123456714294832,0,0,0,0.0,0.0,1.0,0,0,0,0,none,nan,nan,nan,nan,nan,3,2
447,108.49466157700226,nan,nan,nan,nan,nan,nan,nan,,INITIALIZING,0.0,0.0,8.174068822807449,0,0,0,0.0,0.0,1.0,0,0,0,0,none,nan,nan,nan,nan,nan,3,2
448,108.5766522260019,nan,nan,nan,nan,nan,nan,nan,,INITIALIZING,0.0,0.0,12.19651279994679,0,0,0,0.0,0.0,1.0,0,0,0,0,none,nan,nan,nan,nan,nan,3,2
449,108.65603818600357,nan,nan,nan,nan,nan,nan,nan,,INITIALIZING,0.0,0.0,12.596685862070883,0,0,0,0.0,0.0,1.0,0,0,0,0,none,nan,nan,nan,nan,nan,3,2
450,112.11030638400553,nan,nan,nan,nan,nan,nan,nan,,INITIALIZING,0.0,0.0,0.28949691879120093,0,0,0,0.0,0.0,1.0,0,0,0,0,none,nan,nan,nan,nan,nan,3,2
451,112.93396066000423,nan,nan,nan,nan,nan,nan,nan,,INITIALIZING,0.0,0.0,1.2141016311576474,0,0,0,0.0,0.0,1.0,0,0,0,0,none,nan,nan,nan,nan,nan,3,2
452,113.0154941120054,nan,nan,nan,nan,nan,nan,nan,,INITIALIZING,0.0,0.0,12.264904471181733,0,0,0,0.0,0.0,1.0,0,0,0,0,none,nan,nan,nan,nan,nan,3,2
453,113.33540534400527,nan,nan,nan,nan,nan,nan,nan,,INITIALIZING,0.0,0.0,3.125867115539144,0,0,0,0.0,0.0,1.0,0,0,0,0,none,nan,nan,nan,nan,nan,3,2
454,113.43446754300385,nan,nan,nan,nan,nan,nan,nan,,INITIALIZING,0.0,0.0,10.09466789662445,0,0,0,0.0,0.0,1.0,0,0,0,0,none,nan,nan,nan,nan,nan,3,2
455,113.58105718099978,nan,nan,nan,nan,nan,nan,nan,,INITIALIZING,0.0,0.0,6.821764578119511,0,0,0,0.0,0.0,1.0,0,0,0,0,none,nan,nan,nan,nan,nan,3,2
456,114.12408509899979,nan,nan,nan,nan,nan,nan,nan,,INITIALIZING,0.0,0.0,1.8415259452645436,0,0,0,0.0,0.0,1.0,0,0,0,0,none,nan,nan,nan,nan,nan,3,2
457,114.1845200950047,nan,nan,nan,nan,nan,nan,nan,,INITIALIZING,0.0,0.0,16.546704163241365,0,0,0,0.0,0.0,1.0,0,0,0,0,none,nan,nan,nan,nan,nan,3,2
458,114.27389985500486,nan,nan,nan,nan,nan,nan,nan,,INITIALIZING,0.0,0.0,11.188215318526835,0,0,0,0.0,0.0,1.0,0,0,0,0,none,nan,nan,nan,nan,nan,3,2
459,114.36764579800365,nan,nan,nan,nan,nan,nan,nan,,INITIALIZING,0.0,0.0,10.667128283224645,0,0,0,0.0,0.0,1.0,0,0,0,0,none,nan,nan,nan,nan,nan,3,2
460,114.45341834900319,nan,nan,nan,nan,nan,nan,nan,,INITIALIZING,0.0,0.0,11.65874150117568,0,0,0,0.0,0.0,1.0,0,0,0,0,none,nan,nan,nan,nan,nan,3,2
461,114.76225711400184,nan,nan,nan,nan,nan,nan,nan,,INITIALIZING,0.0,0.0,3.2379354968744196,0,0,0,0.0,0.0,1.0,0,0,0,0,none,nan,nan,nan,nan,nan,3,2
462,114.84445943400351,nan,nan,nan,nan,nan,nan,nan,,INITIALIZING,0.0,0.0,12.165106775328024,0,0,0,0.0,0.0,1.0,0,0,0,0,none,nan,nan,nan,nan,nan,3,2
463,114.93985259900364,nan,nan,nan,nan,nan,nan,nan,,INITIALIZING,0.0,0.0,10.482931350465343,0,0,0,0.0,0.0,1.0,0,0,0,0,none,nan,nan,nan,nan,nan,3,2
464,115.03404714600038,nan,nan,nan,nan,nan,nan,nan,,INITIALIZING,0.0,0.0,10.616325805300509,0,0,0,0.0,0.0,1.0,0,0,0,0,none,nan,nan,nan,nan,nan,3,2
465,115.13168270200549,nan,nan,nan,nan,nan,nan,nan,,INITIALIZING,0.0,0.0,10.242170382556127,0,0,0,0.0,0.0,1.0,0,0,0,0,none,nan,nan,nan,nan,nan,3,2
466,115.22026077800547,nan,nan,nan,nan,nan,nan,nan,,INITIALIZING,0.0,0.0,11.289475287319059,0,0,0,0.0,0.0,1.0,0,0,0,0,none,nan,nan,nan,nan,nan,3,2
467,115.31443084499915,nan,nan,nan,nan,nan,nan,nan,,INITIALIZING,0.0,0.0,10.619085574900087,0,0,0,0.0,0.0,1.0,0,0,0,0,none,nan,nan,nan,nan,nan,3,2
468,115.40529928199976,nan,nan,nan,nan,nan,nan,nan,,INITIALIZING,0.0,0.0,11.004921323707848,0,0,0,0.0,0.0,1.0,0,0,0,0,none,nan,nan,nan,nan,nan,3,2
469,115.4623984800055,nan,nan,nan,nan,nan,nan,nan,,INITIALIZING,0.0,0.0,17.51338083416511,0,0,0,0.0,0.0,1.0,0,0,0,0,none,nan,nan,nan,nan,nan,3,2
470,115.53875349300506,nan,nan,nan,nan,nan,nan,nan,,INITIALIZING,0.0,0.0,13.096717042086137,0,0,0,0.0,0.0,1.0,0,0,0,0,none,nan,nan,nan,nan,nan,3,2
471,115.6166115570013,nan,nan,nan,nan,nan,nan,nan,,INITIALIZING,0.0,0.0,12.843884739392195,0,0,0,0.0,0.0,1.0,0,0,0,0,none,nan,nan,nan,nan,nan,3,2
472,115.69367856300232,nan,nan,nan,nan,nan,nan,nan,,INITIALIZING,0.0,0.0,12.975721412958679,0,0,0,0.0,0.0,1.0,0,0,0,0,none,nan,nan,nan,nan,nan,3,2
473,115.77005654499953,nan,nan,nan,nan,nan,nan,nan,,INITIALIZING,0.0,0.0,13.092778492583237,0,0,0,0.0,0.0,1.0,0,0,0,0,none,nan,nan,nan,nan,nan,3,2
474,115.84817956200277,nan,nan,nan,nan,nan,nan,nan,,INITIALIZING,0.0,0.0,12.800324902436625,0,0,0,0.0,0.0,1.0,0,0,0,0,none,nan,nan,nan,nan,nan,3,2
475,116.03915042800509,nan,nan,nan,nan,nan,nan,nan,,INITIALIZING,0.0,0.0,5.236400823505021,0,0,0,0.0,0.0,1.0,0,0,0,0,none,nan,nan,nan,nan,nan,3,2
476,116.11634394700377,nan,nan,nan,nan,nan,nan,nan,,INITIALIZING,0.0,0.0,12.9544554124687,0,0,0,0.0,0.0,1.0,0,0,0,0,none,nan,nan,nan,nan,nan,3,2
477,116.19464842700108,nan,nan,nan,nan,nan,nan,nan,,INITIALIZING,0.0,0.0,12.770661398100101,0,0,0,0.0,0.0,1.0,0,0,0,0,none,nan,nan,nan,nan,nan,3,2
478,116.27196059400012,nan,nan,nan,nan,nan,nan,nan,,INITIALIZING,0.0,0.0,12.934574709469327,0,0,0,0.0,0.0,1.0,0,0,0,0,none,nan,nan,nan,nan,nan,3,2
479,116.34914604000369,nan,nan,nan,nan,nan,nan,nan,,INITIALIZING,0.0,0.0,12.955810347377781,0,0,0,0.0,0.0,1.0,0,0,0,0,none,nan,nan,nan,nan,nan,3,2
480,148.50215740600106,nan,nan,nan,nan,nan,nan,nan,,INITIALIZING,0.0,0.0,0.0311012859298624,0,0,0,0.0,0.0,1.0,0,0,0,0,none,nan,nan,nan,nan,nan,3,2
481,150.58995583600336,nan,nan,nan,nan,nan,nan,nan,,INITIALIZING,0.0,0.0,0.47897344189443664,0,0,0,0.0,0.0,1.0,0,0,0,0,none,nan,nan,nan,nan,nan,3,2
482,150.68939137900452,nan,nan,nan,nan,nan,nan,nan,,INITIALIZING,0.0,0.0,10.056766120222187,0,0,0,0.0,0.0,1.0,0,0,0,0,none,nan,nan,nan,nan,nan,3,2
483,150.85004943600507,nan,nan,nan,nan,nan,nan,nan,,INITIALIZING,0.0,0.0,6.224399937792102,0,0,0,0.0,0.0,1.0,0,0,0,0,none,nan,nan,nan,nan,nan,3,2
484,150.92697425400547,nan,nan,nan,nan,nan,nan,nan,,INITIALIZING,0.0,0.0,12.99970576459095,0,0,0,0.0,0.0,1.0,0,0,0,0,none,nan,nan,nan,nan,nan,3,2
485,151.0013764680043,nan,nan,nan,nan,nan,nan,nan,,INITIALIZING,0.0,0.0,13.440460253180449,0,0,0,0.0,0.0,1.0,0,0,0,0,none,nan,nan,nan,nan,nan,3,2
486,151.07842191300006,nan,nan,nan,nan,nan,nan,nan,,INITIALIZING,0.0,0.0,12.979352641226251,0,0,0,0.0,0.0,1.0,0,0,0,0,none,nan,nan,nan,nan,nan,3,2
487,151.15531756400014,nan,nan,nan,nan,nan,nan,nan,,INITIALIZING,0.0,0.0,13.004636634117043,0,0,0,0.0,0.0,1.0,0,0,0,0,none,nan,nan,nan,nan,nan,3,2
488,151.2296590469996,nan,nan,nan,nan,nan,nan,nan,,INITIALIZING,0.0,0.0,13.451440025853199,0,0,0,0.0,0.0,1.0,0,0,0,0,none,nan,nan,nan,nan,nan,3,2
489,151.31322676200216,nan,nan,nan,nan,nan,nan,nan,,INITIALIZING,0.0,0.0,11.966343700664897,0,0,0,0.0,0.0,1.0,0,0,0,0,none,nan,nan,nan,nan,nan,3,2
490,151.39427010300278,nan,nan,nan,nan,nan,nan,nan,,INITIALIZING,0.0,0.0,12.33907669221482,0,0,0,0.0,0.0,1.0,0,0,0,0,none,nan,nan,nan,nan,nan,3,2
491,151.47527979699953,nan,nan,nan,nan,nan,nan,nan,,INITIALIZING,0.0,0.0,12.344201670977105,0,0,0,0.0,0.0,1.0,0,0,0,0,none,nan,nan,nan,nan,nan,3,2
492,151.55817630000092,nan,nan,nan,nan,nan,nan,nan,,INITIALIZING,0.0,0.0,12.063235043620507,0,0,0,0.0,0.0,1.0,0,0,0,0,none,nan,nan,nan,nan,nan,3,2
493,151.6227582069987,nan,nan,nan,nan,nan,nan,nan,,INITIALIZING,0.0,0.0,15.484212939616016,0,0,0,0.0,0.0,1.0,0,0,0,0,none,nan,nan,nan,nan,nan,3,2
494,151.69726224600163,nan,nan,nan,nan,nan,nan,nan,,INITIALIZING,0.0,0.0,13.422091115901123,0,0,0,0.0,0.0,1.0,0,0,0,0,none,nan,nan,nan,nan,nan,3,2
495,151.77399237200007,nan,nan,nan,nan,nan,nan,nan,,INITIALIZING,0.0,0.0,13.032690706390326,0,0,0,0.0,0.0,1.0,0,0,0,0,none,nan,nan,nan,nan,nan,3,2
496,151.85540816800494,nan,nan,nan,nan,nan,nan,nan,,INITIALIZING,0.0,0.0,12.282628790365319,0,0,0,0.0,0.0,1.0,0,0,0,0,none,nan,nan,nan,nan,nan,3,2
497,151.93125062000036,nan,nan,nan,nan,nan,nan,nan,,INITIALIZING,0.0,0.0,13.185227714690408,0,0,0,0.0,0.0,1.0,0,0,0,0,none,nan,nan,nan,nan,nan,3,2
498,152.01157571600197,nan,nan,nan,nan,nan,nan,nan,,INITIALIZING,0.0,0.0,12.449409335033785,0,0,0,0.0,0.0,1.0,0,0,0,0,none,nan,nan,nan,nan,nan,3,2
499,152.0921799850039,nan,nan,nan,nan,nan,nan,nan,,INITIALIZING,0.0,0.0,12.406290788098714,0,0,0,0.0,0.0,1.0,0,0,0,0,none,nan,nan,nan,nan,nan,3,2
500,152.1698534640018,nan,nan,nan,nan,nan,nan,nan,,INITIALIZING,0.0,0.0,12.874407235281765,0,0,0,0.0,0.0,1.0,0,0,0,0,none,nan,nan,nan,nan,nan,3,2
501,152.4256851540049,nan,nan,nan,nan,nan,nan,nan,,INITIALIZING,0.0,0.0,3.908819896346147,0,0,0,0.0,0.0,1.0,0,0,0,0,none,nan,nan,nan,nan,nan,3,2
502,152.49762648400065,nan,nan,nan,nan,nan,nan,nan,,INITIALIZING,0.0,0.0,13.900215634865852,0,0,0,0.0,0.0,1.0,0,0,0,0,none,nan,nan,nan,nan,nan,3,2
503,152.56760657500126,nan,nan,nan,nan,nan,nan,nan,,INITIALIZING,0.0,0.0,14.28977850273439,0,0,0,0.0,0.0,1.0,0,0,0,0,none,nan,nan,nan,nan,nan,3,2
504,152.6414855480034,nan,nan,nan,nan,nan,nan,nan,,INITIALIZING,0.0,0.0,13.535651070448147,0,0,0,0.0,0.0,1.0,0,0,0,0,none,nan,nan,nan,nan,nan,3,2
505,152.7005102050025,nan,nan,nan,nan,nan,nan,nan,,INITIALIZING,0.0,0.0,16.942072192223932,0,0,0,0.0,0.0,1.0,0,0,0,0,none,nan,nan,nan,nan,nan,3,2
506,152.77026794799895,nan,nan,nan,nan,nan,nan,nan,,INITIALIZING,0.0,0.0,14.335326188104688,0,0,0,0.0,0.0,1.0,0,0,0,0,none,nan,nan,nan,nan,nan,3,2
507,152.84082263400342,nan,nan,nan,nan,nan,nan,nan,,INITIALIZING,0.0,0.0,14.173403024380788,0,0,0,0.0,0.0,1.0,0,0,0,0,none,nan,nan,nan,nan,nan,3,2
508,152.9081861090017,nan,nan,nan,nan,nan,nan,nan,,INITIALIZING,0.0,0.0,14.844839878370644,0,0,0,0.0,0.0,1.0,0,0,0,0,none,nan,nan,nan,nan,nan,3,2
509,152.9778720270042,nan,nan,nan,nan,nan,nan,nan,,INITIALIZING,0.0,0.0,14.350101550847643,0,0,0,0.0,0.0,1.0,0,0,0,0,none,nan,nan,nan,nan,nan,3,2
510,153.8378301010016,nan,nan,nan,nan,nan,nan,nan,,INITIALIZING,0.0,0.0,1.1628473878402334,0,0,0,0.0,0.0,1.0,0,0,0,0,none,nan,nan,nan,nan,nan,3,2
511,153.91912698800297,nan,nan,nan,nan,nan,nan,nan,,INITIALIZING,0.0,0.0,12.300593994246352,0,0,0,0.0,0.0,1.0,0,0,0,0,none,nan,nan,nan,nan,nan,3,2
512,153.9925382959991,nan,nan,nan,nan,nan,nan,nan,,INITIALIZING,0.0,0.0,13.621879616320077,0,0,0,0.0,0.0,1.0,0,0,0,0,none,nan,nan,nan,nan,nan,3,2
513,154.06564829600393,nan,nan,nan,nan,nan,nan,nan,,INITIALIZING,0.0,0.0,13.678019421886326,0,0,0,0.0,0.0,1.0,0,0,0,0,none,nan,nan,nan,nan,nan,3,2
514,154.13580307800294,nan,nan,nan,nan,nan,nan,nan,,INITIALIZING,0.0,0.0,14.254195815391977,0,0,0,0.0,0.0,1.0,0,0,0,0,none,nan,nan,nan,nan,nan,3,2
515,154.2047764300005,nan,nan,nan,nan,nan,nan,nan,,INITIALIZING,0.0,0.0,14.49835292962754,0,0,0,0.0,0.0,1.0,0,0,0,0,none,nan,nan,nan,nan,nan,3,2
516,154.27864712200244,nan,nan,nan,nan,nan,nan,nan,,INITIALIZING,0.0,0.0,13.537168434453635,0,0,0,0.0,0.0,1.0,0,0,0,0,none,nan,nan,nan,nan,nan,3,2
517,154.33787412699894,nan,nan,nan,nan,nan,nan,nan,,INITIALIZING,0.0,0.0,16.884189907274212,0,0,0,0.0,0.0,1.0,0,0,0,0,none,nan,nan,nan,nan,nan,3,2
518,154.40850537700317,nan,nan,nan,nan,nan,nan,nan,,INITIALIZING,0.0,0.0,14.158039110735968,0,0,0,0.0,0.0,1.0,0,0,0,0,none,nan,nan,nan,nan,nan,3,2
519,154.4801025850029,nan,nan,nan,nan,nan,nan,nan,,INITIALIZING,0.0,0.0,13.967025082930201,0,0,0,0.0,0.0,1.0,0,0,0,0,none,nan,nan,nan,nan,nan,3,2
520,154.54660395799874,nan,nan,nan,nan,nan,nan,nan,,INITIALIZING,0.0,0.0,15.037283516875453,0,0,0,0.0,0.0,1.0,0,0,0,0,none,nan,nan,nan,nan,nan,3,2
521,154.66326287799893,nan,nan,nan,nan,nan,nan,nan,,INITIALIZING,0.0,0.0,8.571997752065286,0,0,0,0.0,0.0,1.0,0,0,0,0,none,nan,nan,nan,nan,nan,3,2
522,154.7426271209988,nan,nan,nan,nan,nan,nan,nan,,INITIALIZING,0.0,0.0,12.600132782739507,0,0,0,0.0,0.0,1.0,0,0,0,0,none,nan,nan,nan,nan,nan,3,2
523,154.8172888199988,nan,nan,nan,nan,nan,nan,nan,,INITIALIZING,0.0,0.0,13.39374824567203,0,0,0,0.0,0.0,1.0,0,0,0,0,none,nan,nan,nan,nan,nan,3,2
524,154.89363873000548,nan,nan,nan,nan,nan,nan,nan,,INITIALIZING,0.0,0.0,13.09759238632316,0,0,0,0.0,0.0,1.0,0,0,0,0,none,nan,nan,nan,nan,nan,3,2
525,154.97249994199956,nan,nan,nan,nan,nan,nan,nan,,INITIALIZING,0.0,0.0,12.680505088801556,0,0,0,0.0,0.0,1.0,0,0,0,0,none,nan,nan,nan,nan,nan,3,2
526,155.04582577900146,nan,nan,nan,nan,nan,nan,nan,,INITIALIZING,0.0,0.0,13.637757724798254,0,0,0,0.0,0.0,1.0,0,0,0,0,none,nan,nan,nan,nan,nan,3,2
527,155.1150458550037,nan,nan,nan,nan,nan,nan,nan,,INITIALIZING,0.0,0.0,14.446675845424629,0,0,0,0.0,0.0,1.0,0,0,0,0,none,nan,nan,nan,nan,nan,3,2
528,155.18570455400186,nan,nan,nan,nan,nan,nan,nan,,INITIALIZING,0.0,0.0,14.15253909537816,0,0,0,0.0,0.0,1.0,0,0,0,0,none,nan,nan,nan,nan,nan,3,2
529,155.24608022800385,nan,nan,nan,nan,nan,nan,nan,,INITIALIZING,0.0,0.0,16.562962095745,0,0,0,0.0,0.0,1.0,0,0,0,0,none,nan,nan,nan,nan,nan,3,2
530,155.31964679900557,nan,nan,nan,nan,nan,nan,nan,,INITIALIZING,0.0,0.0,13.59313049913143,0,0,0,0.0,0.0,1.0,0,0,0,0,none,nan,nan,nan,nan,nan,3,2
531,155.40090561300167,nan,nan,nan,nan,nan,nan,nan,,INITIALIZING,0.0,0.0,12.3063573146414,0,0,0,0.0,0.0,1.0,0,0,0,0,none,nan,nan,nan,nan,nan,3,2
532,155.4811686250032,nan,nan,nan,nan,nan,nan,nan,,INITIALIZING,0.0,0.0,12.459039040062633,0,0,0,0.0,0.0,1.0,0,0,0,0,none,nan,nan,nan,nan,nan,3,2
533,155.5528218239997,nan,nan,nan,nan,nan,nan,nan,,INITIALIZING,0.0,0.0,13.956111018139445,0,0,0,0.0,0.0,1.0,0,0,0,0,none,nan,nan,nan,nan,nan,3,2
534,155.624963991002,nan,nan,nan,nan,nan,nan,nan,,INITIALIZING,0.0,0.0,13.861518742124193,0,0,0,0.0,0.0,1.0,0,0,0,0,none,nan,nan,nan,nan,nan,3,2
535,155.6956062310055,nan,nan,nan,nan,nan,nan,nan,,INITIALIZING,0.0,0.0,14.15583650731263,0,0,0,0.0,0.0,1.0,0,0,0,0,none,nan,nan,nan,nan,nan,3,2
536,155.76485302600486,nan,nan,nan,nan,nan,nan,nan,,INITIALIZING,0.0,0.0,14.441101570252737,0,0,0,0.0,0.0,1.0,0,0,0,0,none,nan,nan,nan,nan,nan,3,2
537,155.8367086770013,nan,nan,nan,nan,nan,nan,nan,,INITIALIZING,0.0,0.0,13.916789927204785,0,0,0,0.0,0.0,1.0,0,0,0,0,none,nan,nan,nan,nan,nan,3,2
538,155.90766342400457,nan,nan,nan,nan,nan,nan,nan,,INITIALIZING,0.0,0.0,14.093489755574915,0,0,0,0.0,0.0,1.0,0,0,0,0,none,nan,nan,nan,nan,nan,3,2
539,155.97845816700283,nan,nan,nan,nan,nan,nan,nan,,INITIALIZING,0.0,0.0,14.125342612297972,0,0,0,0.0,0.0,1.0,0,0,0,0,none,nan,nan,nan,nan,nan,3,2
540,156.0893349360049,nan,nan,nan,nan,nan,nan,nan,,INITIALIZING,0.0,0.0,9.019021829373552,0,0,0,0.0,0.0,1.0,0,0,0,0,none,nan,nan,nan,nan,nan,3,2
541,156.1502828100056,nan,nan,nan,nan,nan,nan,nan,,INITIALIZING,0.0,0.0,16.407463203531236,0,0,0,0.0,0.0,1.0,0,0,0,0,none,nan,nan,nan,nan,nan,3,2
542,156.22276253600285,nan,nan,nan,nan,nan,nan,nan,,INITIALIZING,0.0,0.0,13.796961650184446,0,0,0,0.0,0.0,1.0,0,0,0,0,none,nan,nan,nan,nan,nan,3,2
543,156.29625999199925,nan,nan,nan,nan,nan,nan,nan,,INITIALIZING,0.0,0.0,13.605913108733183,0,0,0,0.0,0.0,1.0,0,0,0,0,none,nan,nan,nan,nan,nan,3,2
544,156.37442212700262,nan,nan,nan,nan,nan,nan,nan,,INITIALIZING,0.0,0.0,12.79391869166467,0,0,0,0.0,0.0,1.0,0,0,0,0,none,nan,nan,nan,nan,nan,3,2
545,156.44630647599843,nan,nan,nan,nan,nan,nan,nan,,INITIALIZING,0.0,0.0,13.911234002526784,0,0,0,0.0,0.0,1.0,0,0,0,0,none,nan,nan,nan,nan,nan,3,2
546,156.5197703369995,nan,nan,nan,nan,nan,nan,nan,,INITIALIZING,0.0,0.0,13.612135087555348,0,0,0,0.0,0.0,1.0,0,0,0,0,none,nan,nan,nan,nan,nan,3,2
547,156.5947452190012,nan,nan,nan,nan,nan,nan,nan,,INITIALIZING,0.0,0.0,13.337800251254258,0,0,0,0.0,0.0,1.0,0,0,0,0,none,nan,nan,nan,nan,nan,3,2
548,156.66670785099996,nan,nan,nan,nan,nan,nan,nan,,INITIALIZING,0.0,0.0,13.89610096552965,0,0,0,0.0,0.0,1.0,0,0,0,0,none,nan,nan,nan,nan,nan,3,2
549,156.74188560200128,nan,nan,nan,nan,nan,nan,nan,,INITIALIZING,0.0,0.0,13.301807871087334,0,0,0,0.0,0.0,1.0,0,0,0,0,none,nan,nan,nan,nan,nan,3,2
550,156.81524242999876,nan,nan,nan,nan,nan,nan,nan,,INITIALIZING,0.0,0.0,13.63199619310515,0,0,0,0.0,0.0,1.0,0,0,0,0,none,nan,nan,nan,nan,nan,3,2
551,156.88598133900086,nan,nan,nan,nan,nan,nan,nan,,INITIALIZING,0.0,0.0,14.136491700349504,0,0,0,0.0,0.0,1.0,0,0,0,0,none,nan,nan,nan,nan,nan,3,2
552,156.96062147400517,nan,nan,nan,nan,nan,nan,nan,,INITIALIZING,0.0,0.0,13.397617782207513,0,0,0,0.0,0.0,1.0,0,0,0,0,none,nan,nan,nan,nan,nan,3,2
553,157.01990473000478,nan,nan,nan,nan,nan,nan,nan,,INITIALIZING,0.0,0.0,16.86816931928408,0,0,0,0.0,0.0,1.0,0,0,0,0,none,nan,nan,nan,nan,nan,3,2
554,157.0934736449999,nan,nan,nan,nan,nan,nan,nan,,INITIALIZING,0.0,0.0,13.59269740577681,0,0,0,0.0,0.0,1.0,0,0,0,0,none,nan,nan,nan,nan,nan,3,2
555,157.16932156600524,nan,nan,nan,nan,nan,nan,nan,,INITIALIZING,0.0,0.0,13.184276994615027,0,0,0,0.0,0.0,1.0,0,0,0,0,none,nan,nan,nan,nan,nan,3,2
556,157.24561204800557,nan,nan,nan,nan,nan,nan,nan,,INITIALIZING,0.0,0.0,13.10779501951051,0,0,0,0.0,0.0,1.0,0,0,0,0,none,nan,nan,nan,nan,nan,3,2
557,157.31711659800203,nan,nan,nan,nan,nan,nan,nan,,INITIALIZING,0.0,0.0,13.985124024268153,0,0,0,0.0,0.0,1.0,0,0,0,0,none,nan,nan,nan,nan,nan,3,2
558,157.39130760900298,nan,nan,nan,nan,nan,nan,nan,,INITIALIZING,0.0,0.0,13.478721835819377,0,0,0,0.0,0.0,1.0,0,0,0,0,none,nan,nan,nan,nan,nan,3,2
559,157.46402859099908,nan,nan,nan,nan,nan,nan,nan,,INITIALIZING,0.0,0.0,13.75118944424655,0,0,0,0.0,0.0,1.0,0,0,0,0,none,nan,nan,nan,nan,nan,3,2
560,157.54093158500473,nan,nan,nan,nan,nan,nan,nan,,INITIALIZING,0.0,0.0,13.003394899378472,0,0,0,0.0,0.0,1.0,0,0,0,0,none,nan,nan,nan,nan,nan,3,2
561,157.62163752299966,nan,nan,nan,nan,nan,nan,nan,,INITIALIZING,0.0,0.0,12.390662011297826,0,0,0,0.0,0.0,1.0,0,0,0,0,none,nan,nan,nan,nan,nan,3,2
562,157.70031706499867,nan,nan,nan,nan,nan,nan,nan,,INITIALIZING,0.0,0.0,12.709784203021945,0,0,0,0.0,0.0,1.0,0,0,0,0,none,nan,nan,nan,nan,nan,3,2
563,157.77672004900523,nan,nan,nan,nan,nan,nan,nan,,INITIALIZING,0.0,0.0,13.088494029422955,0,0,0,0.0,0.0,1.0,0,0,0,0,none,nan,nan,nan,nan,nan,3,2
564,157.90637819599942,nan,nan,nan,nan,nan,nan,nan,,INITIALIZING,0.0,0.0,7.712589013360049,0,0,0,0.0,0.0,1.0,0,0,0,0,none,nan,nan,nan,nan,nan,3,2
565,157.96484169500036,nan,nan,nan,nan,nan,nan,nan,,INITIALIZING,0.0,0.0,17.104689542854512,0,0,0,0.0,0.0,1.0,0,0,0,0,none,nan,nan,nan,nan,nan,3,2
566,158.0361717620035,nan,nan,nan,nan,nan,nan,nan,,INITIALIZING,0.0,0.0,14.019333529518454,0,0,0,0.0,0.0,1.0,0,0,0,0,none,nan,nan,nan,nan,nan,3,2
567,158.11563090300479,nan,nan,nan,nan,nan,nan,nan,,INITIALIZING,0.0,0.0,12.585084452195273,0,0,0,0.0,0.0,1.0,0,0,0,0,none,nan,nan,nan,nan,nan,3,2
568,158.19400351199874,nan,nan,nan,nan,nan,nan,nan,,INITIALIZING,0.0,0.0,12.759559913044091,0,0,0,0.0,0.0,1.0,0,0,0,0,none,nan,nan,nan,nan,nan,3,2
569,158.27243804799946,nan,nan,nan,nan,nan,nan,nan,,INITIALIZING,0.0,0.0,12.749485762125254,0,0,0,0.0,0.0,1.0,0,0,0,0,none,nan,nan,nan,nan,nan,3,2
570,158.3545896930009,nan,nan,nan,nan,nan,nan,nan,,INITIALIZING,0.0,0.0,12.172610785609654,0,0,0,0.0,0.0,1.0,0,0,0,0,none,nan,nan,nan,nan,nan,3,2
571,158.44229811900004,nan,nan,nan,nan,nan,nan,nan,,INITIALIZING,0.0,0.0,11.40141313229874,0,0,0,0.0,0.0,1.0,0,0,0,0,none,nan,nan,nan,nan,nan,3,2
572,158.51806171600037,nan,nan,nan,nan,nan,nan,nan,,INITIALIZING,0.0,0.0,13.198950942041689,0,0,0,0.0,0.0,1.0,0,0,0,0,none,nan,nan,nan,nan,nan,3,2
573,158.59835524899972,nan,nan,nan,nan,nan,nan,nan,,INITIALIZING,0.0,0.0,12.454303138063558,0,0,0,0.0,0.0,1.0,0,0,0,0,none,nan,nan,nan,nan,nan,3,2
574,158.68381347299874,nan,nan,nan,nan,nan,nan,nan,,INITIALIZING,0.0,0.0,11.701623942144622,0,0,0,0.0,0.0,1.0,0,0,0,0,none,nan,nan,nan,nan,nan,3,2
575,158.75948639000126,nan,nan,nan,nan,nan,nan,nan,,INITIALIZING,0.0,0.0,13.214767444033983,0,0,0,0.0,0.0,1.0,0,0,0,0,none,nan,nan,nan,nan,nan,3,2
576,158.83675298600429,nan,nan,nan,nan,nan,nan,nan,,INITIALIZING,0.0,0.0,12.942203380627895,0,0,0,0.0,0.0,1.0,0,0,0,0,none,nan,nan,nan,nan,nan,3,2
577,158.89593222900294,nan,nan,nan,nan,nan,nan,nan,,INITIALIZING,0.0,0.0,16.89781668925315,0,0,0,0.0,0.0,1.0,0,0,0,0,none,nan,nan,nan,nan,nan,3,2
578,158.97191187100543,nan,nan,nan,nan,nan,nan,nan,,INITIALIZING,0.0,0.0,13.16142026527546,0,0,0,0.0,0.0,1.0,0,0,0,0,none,nan,nan,nan,nan,nan,3,2
579,159.04808860100457,nan,nan,nan,nan,nan,nan,nan,,INITIALIZING,0.0,0.0,13.127368423551081,0,0,0,0.0,0.0,1.0,0,0,0,0,none,nan,nan,nan,nan,nan,3,2
580,159.12423944500188,nan,nan,nan,nan,nan,nan,nan,,INITIALIZING,0.0,0.0,13.131830817729444,0,0,0,0.0,0.0,1.0,0,0,0,0,none,nan,nan,nan,nan,nan,3,2
581,159.2013677050054,nan,nan,nan,nan,nan,nan,nan,,INITIALIZING,0.0,0.0,12.965416307257179,0,0,0,0.0,0.0,1.0,0,0,0,0,none,nan,nan,nan,nan,nan,3,2
582,159.2820619760023,nan,nan,nan,nan,nan,nan,nan,,INITIALIZING,0.0,0.0,12.3924534870438,0,0,0,0.0,0.0,1.0,0,0,0,0,none,nan,nan,nan,nan,nan,3,2
583,159.3610023040019,nan,nan,nan,nan,nan,nan,nan,,INITIALIZING,0.0,0.0,12.667796363921875,0,0,0,0.0,0.0,1.0,0,0,0,0,none,nan,nan,nan,nan,nan,3,2
584,159.43840369499958,nan,nan,nan,nan,nan,nan,nan,,INITIALIZING,0.0,0.0,12.919664454477394,0,0,0,0.0,0.0,1.0,0,0,0,0,none,nan,nan,nan,nan,nan,3,2
585,159.5878970949998,nan,nan,nan,nan,nan,nan,nan,,INITIALIZING,0.0,0.0,6.689258522440406,0,0,0,0.0,0.0,1.0,0,0,0,0,none,nan,nan,nan,nan,nan,3,2
586,159.67328953600372,nan,nan,nan,nan,nan,nan,nan,,INITIALIZING,0.0,0.0,11.710638415336394,0,0,0,0.0,0.0,1.0,0,0,0,0,none,nan,nan,nan,nan,nan,3,2
587,159.74782128399966,nan,nan,nan,nan,nan,nan,nan,,INITIALIZING,0.0,0.0,13.41710112655018,0,0,0,0.0,0.0,1.0,0,0,0,0,none,nan,nan,nan,nan,nan,3,2
588,159.82554966000316,nan,nan,nan,nan,nan,nan,nan,,INITIALIZING,0.0,0.0,12.865314463213442,0,0,0,0.0,0.0,1.0,0,0,0,0,none,nan,nan,nan,nan,nan,3,2
589,159.88425868500053,nan,nan,nan,nan,nan,nan,nan,,INITIALIZING,0.0,0.0,17.033156317019397,0,0,0,0.0,0.0,1.0,0,0,0,0,none,nan,nan,nan,nan,nan,3,2
590,159.95922872400115,nan,nan,nan,nan,nan,nan,nan,,INITIALIZING,0.0,0.0,13.338661861863953,0,0,0,0.0,0.0,1.0,0,0,0,0,none,nan,nan,nan,nan,nan,3,2
591,160.03620260499883,nan,nan,nan,nan,nan,nan,nan,,INITIALIZING,0.0,0.0,12.991419778224305,0,0,0,0.0,0.0,1.0,0,0,0,0,none,nan,nan,nan,nan,nan,3,2
592,160.11330018700392,nan,nan,nan,nan,nan,nan,nan,,INITIALIZING,0.0,0.0,12.970575392806737,0,0,0,0.0,0.0,1.0,0,0,0,0,none,nan,nan,nan,nan,nan,3,2
593,160.1898326540031,nan,nan,nan,nan,nan,nan,nan,,INITIALIZING,0.0,0.0,13.066349997713957,0,0,0,0.0,0.0,1.0,0,0,0,0,none,nan,nan,nan,nan,nan,3,2
594,160.26556588500534,nan,nan,nan,nan,nan,nan,nan,,INITIALIZING,0.0,0.0,13.20424319372466,0,0,0,0.0,0.0,1.0,0,0,0,0,none,nan,nan,nan,nan,nan,3,2
595,160.34160292400338,nan,nan,nan,nan,nan,nan,nan,,INITIALIZING,0.0,0.0,13.151485291606406,0,0,0,0.0,0.0,1.0,0,0,0,0,none,nan,nan,nan,nan,nan,3,2
596,160.41791621900484,nan,nan,nan,nan,nan,nan,nan,,INITIALIZING,0.0,0.0,13.103876591633638,0,0,0,0.0,0.0,1.0,0,0,0,0,none,nan,nan,nan,nan,nan,3,2
597,160.49477416100126,nan,nan,nan,nan,nan,nan,nan,,INITIALIZING,0.0,0.0,13.011017131405179,0,0,0,0.0,0.0,1.0,0,0,0,0,none,nan,nan,nan,nan,nan,3,2
598,160.57219367699872,nan,nan,nan,nan,nan,nan,nan,,INITIALIZING,0.0,0.0,12.91663977895156,0,0,0,0.0,0.0,1.0,0,0,0,0,none,nan,nan,nan,nan,nan,3,2
599,160.64873494500353,nan,nan,nan,nan,nan,nan,nan,,INITIALIZING,0.0,0.0,13.064847579181073,0,0,0,0.0,0.0,1.0,0,0,0,0,none,nan,nan,nan,nan,nan,3,2
600,160.73805845700554,nan,nan,nan,nan,nan,nan,nan,,INITIALIZING,0.0,0.0,11.195260660793188,0,0,0,0.0,0.0,1.0,0,0,0,0,none,nan,nan,nan,nan,nan,3,2
601,160.79863533300522,nan,nan,nan,nan,nan,nan,nan,,INITIALIZING,0.0,0.0,16.507949337056907,0,0,0,0.0,0.0,1.0,0,0,0,0,none,nan,nan,nan,nan,nan,3,2
602,160.87229216700507,nan,nan,nan,nan,nan,nan,nan,,INITIALIZING,0.0,0.0,13.576472754748831,0,0,0,0.0,0.0,1.0,0,0,0,0,none,nan,nan,nan,nan,nan,3,2
603,160.97234298400144,nan,nan,nan,nan,nan,nan,nan,,INITIALIZING,0.0,0.0,9.994920881418276,0,0,0,0.0,0.0,1.0,0,0,0,0,none,nan,nan,nan,nan,nan,3,2
604,161.0546727050023,nan,nan,nan,nan,nan,nan,nan,,INITIALIZING,0.0,0.0,12.146281899698758,0,0,0,0.0,0.0,1.0,0,0,0,0,none,nan,nan,nan,nan,nan,3,2
605,161.136116366004,nan,nan,nan,nan,nan,nan,nan,,INITIALIZING,0.0,0.0,12.278426432467276,0,0,0,0.0,0.0,1.0,0,0,0,0,none,nan,nan,nan,nan,nan,3,2
606,161.21822030199837,nan,nan,nan,nan,nan,nan,nan,,INITIALIZING,0.0,0.0,12.179684053982742,0,0,0,0.0,0.0,1.0,0,0,0,0,none,nan,nan,nan,nan,nan,3,2
607,161.29800361700472,nan,nan,nan,nan,nan,nan,nan,,INITIALIZING,0.0,0.0,12.53394898319753,0,0,0,0.0,0.0,1.0,0,0,0,0,none,nan,nan,nan,nan,nan,3,2
608,161.3813997660036,nan,nan,nan,nan,nan,nan,nan,,INITIALIZING,0.0,0.0,11.990961357382597,0,0,0,0.0,0.0,1.0,0,0,0,0,none,nan,nan,nan,nan,nan,3,2
609,161.46642845000315,nan,nan,nan,nan,nan,nan,nan,,INITIALIZING,0.0,0.0,11.760737117903098,0,0,0,0.0,0.0,1.0,0,0,0,0,none,nan,nan,nan,nan,nan,3,2
610,161.54892583100445,nan,nan,nan,nan,nan,nan,nan,,INITIALIZING,0.0,0.0,12.121596926624862,0,0,0,0.0,0.0,1.0,0,0,0,0,none,nan,nan,nan,nan,nan,3,2
611,161.62585627400404,nan,nan,nan,nan,nan,nan,nan,,INITIALIZING,0.0,0.0,12.998755252266308,0,0,0,0.0,0.0,1.0,0,0,0,0,none,nan,nan,nan,nan,nan,3,2
612,161.70585881200532,nan,nan,nan,nan,nan,nan,nan,,INITIALIZING,0.0,0.0,12.49960344988037,0,0,0,0.0,0.0,1.0,0,0,0,0,none,nan,nan,nan,nan,nan,3,2
613,161.76629052900535,nan,nan,nan,nan,nan,nan,nan,,INITIALIZING,0.0,0.0,16.5476019819117,0,0,0,0.0,0.0,1.0,0,0,0,0,none,nan,nan,nan,nan,nan,3,2
614,161.8471174590013,nan,nan,nan,nan,nan,nan,nan,,INITIALIZING,0.0,0.0,12.372114096748753,0,0,0,0.0,0.0,1.0,0,0,0,0,none,nan,nan,nan,nan,nan,3,2
615,161.9257111140032,nan,nan,nan,nan,nan,nan,nan,,INITIALIZING,0.0,0.0,12.72367343109156,0,0,0,0.0,0.0,1.0,0,0,0,0,none,nan,nan,nan,nan,nan,3,2
616,162.00585865500034,nan,nan,nan,nan,nan,nan,nan,,INITIALIZING,0.0,0.0,12.476989157231753,0,0,0,0.0,0.0,1.0,0,0,0,0,none,nan,nan,nan,nan,nan,3,2
617,162.0850626340034,nan,nan,nan,nan,nan,nan,nan,,INITIALIZING,0.0,0.0,12.625628315482205,0,0,0,0.0,0.0,1.0,0,0,0,0,none,nan,nan,nan,nan,nan,3,2
618,162.1688803549987,nan,nan,nan,nan,nan,nan,nan,,INITIALIZING,0.0,0.0,11.93065127667045,0,0,0,0.0,0.0,1.0,0,0,0,0,none,nan,nan,nan,nan,nan,3,2
619,162.24866153400217,nan,nan,nan,nan,nan,nan,nan,,INITIALIZING,0.0,0.0,12.53428455797118,0,0,0,0.0,0.0,1.0,0,0,0,0,none,nan,nan,nan,nan,nan,3,2
620,162.32807718500408,nan,nan,nan,nan,nan,nan,nan,,INITIALIZING,0.0,0.0,12.591976359621587,0,0,0,0.0,0.0,1.0,0,0,0,0,none,nan,nan,nan,nan,nan,3,2
621,162.40834988500137,nan,nan,nan,nan,nan,nan,nan,,INITIALIZING,0.0,0.0,12.457535376705922,0,0,0,0.0,0.0,1.0,0,0,0,0,none,nan,nan,nan,nan,nan,3,2
622,162.48785605900048,nan,nan,nan,nan,nan,nan,nan,,INITIALIZING,0.0,0.0,12.577639568107404,0,0,0,0.0,0.0,1.0,0,0,0,0,none,nan,nan,nan,nan,nan,3,2
623,162.56519671899878,nan,nan,nan,nan,nan,nan,nan,,INITIALIZING,0.0,0.0,12.929809495057224,0,0,0,0.0,0.0,1.0,0,0,0,0,none,nan,nan,nan,nan,nan,3,2
624,162.6450344620025,nan,nan,nan,nan,nan,nan,nan,,INITIALIZING,0.0,0.0,12.525404180741958,0,0,0,0.0,0.0,1.0,0,0,0,0,none,nan,nan,nan,nan,nan,3,2
625,162.7054983670023,nan,nan,nan,nan,nan,nan,nan,,INITIALIZING,0.0,0.0,16.5387928550705,0,0,0,0.0,0.0,1.0,0,0,0,0,none,nan,nan,nan,nan,nan,3,2
626,162.7816418670045,nan,nan,nan,nan,nan,nan,nan,,INITIALIZING,0.0,0.0,13.133097374968022,0,0,0,0.0,0.0,1.0,0,0,0,0,none,nan,nan,nan,nan,nan,3,2
627,162.86007900800178,nan,nan,nan,nan,nan,nan,nan,,INITIALIZING,0.0,0.0,12.749062335594957,0,0,0,0.0,0.0,1.0,0,0,0,0,none,nan,nan,nan,nan,nan,3,2
628,162.93832317600027,nan,nan,nan,nan,nan,nan,nan,,INITIALIZING,0.0,0.0,12.780505251449306,0,0,0,0.0,0.0,1.0,0,0,0,0,none,nan,nan,nan,nan,nan,3,2
629,163.0155127399994,nan,nan,nan,nan,nan,nan,nan,,INITIALIZING,0.0,0.0,12.955119166255534,0,0,0,0.0,0.0,1.0,0,0,0,0,none,nan,nan,nan,nan,nan,3,2
630,163.09755344500445,nan,nan,nan,nan,nan,nan,nan,,INITIALIZING,0.0,0.0,12.189071265762152,0,0,0,0.0,0.0,1.0,0,0,0,0,none,nan,nan,nan,nan,nan,3,2
631,163.18649648000428,nan,nan,nan,nan,nan,nan,nan,,INITIALIZING,0.0,0.0,11.24315130467405,0,0,0,0.0,0.0,1.0,0,0,0,0,none,nan,nan,nan,nan,nan,3,2
632,163.2671810630054,nan,nan,nan,nan,nan,nan,nan,,INITIALIZING,0.0,0.0,12.39394147932818,0,0,0,0.0,0.0,1.0,0,0,0,0,none,nan,nan,nan,nan,nan,3,2
633,163.34751673300343,nan,nan,nan,nan,nan,nan,nan,,INITIALIZING,0.0,0.0,12.447770710378466,0,0,0,0.0,0.0,1.0,0,0,0,0,none,nan,nan,nan,nan,nan,3,2
634,163.42815214900475,nan,nan,nan,nan,nan,nan,nan,,INITIALIZING,0.0,0.0,12.401498616733132,0,0,0,0.0,0.0,1.0,0,0,0,0,none,nan,nan,nan,nan,nan,3,2
635,163.51207851800427,nan,nan,nan,nan,nan,nan,nan,,INITIALIZING,0.0,0.0,11.915206292382633,0,0,0,0.0,0.0,1.0,0,0,0,0,none,nan,nan,nan,nan,nan,3,2
636,163.59221210000396,nan,nan,nan,nan,nan,nan,nan,,INITIALIZING,0.0,0.0,12.479162606307513,0,0,0,0.0,0.0,1.0,0,0,0,0,none,nan,nan,nan,nan,nan,3,2
637,163.65125597600127,nan,nan,nan,nan,nan,nan,nan,,INITIALIZING,0.0,0.0,16.936557485583453,0,0,0,0.0,0.0,1.0,0,0,0,0,none,nan,nan,nan,nan,nan,3,2
638,163.72742895600095,nan,nan,nan,nan,nan,nan,nan,,INITIALIZING,0.0,0.0,13.128014684526763,0,0,0,0.0,0.0,1.0,0,0,0,0,none,nan,nan,nan,nan,nan,3,2
639,163.81133881400456,nan,nan,nan,nan,nan,nan,nan,,INITIALIZING,0.0,0.0,11.917550855073573,0,0,0,0.0,0.0,1.0,0,0,0,0,none,nan,nan,nan,nan,nan,3,2
640,163.89877640199848,nan,nan,nan,nan,nan,nan,nan,,INITIALIZING,0.0,0.0,11.436729019441367,0,0,0,0.0,0.0,1.0,0,0,0,0,none,nan,nan,nan,nan,nan,3,2
641,163.98446197400335,nan,nan,nan,nan,nan,nan,nan,,INITIALIZING,0.0,0.0,11.670576231236248,0,0,0,0.0,0.0,1.0,0,0,0,0,none,nan,nan,nan,nan,nan,3,2
642,164.06863584800158,nan,nan,nan,nan,nan,nan,nan,,INITIALIZING,0.0,0.0,11.880170800040526,0,0,0,0.0,0.0,1.0,0,0,0,0,none,nan,nan,nan,nan,nan,3,2
643,164.15439522400266,nan,nan,nan,nan,nan,nan,nan,,INITIALIZING,0.0,0.0,11.660532604474904,0,0,0,0.0,0.0,1.0,0,0,0,0,none,nan,nan,nan,nan,nan,3,2
644,164.2327593950031,nan,nan,nan,nan,nan,nan,nan,,INITIALIZING,0.0,0.0,12.760933820055445,0,0,0,0.0,0.0,1.0,0,0,0,0,none,nan,nan,nan,nan,nan,3,2
645,164.3139199770012,nan,nan,nan,nan,nan,nan,nan,,INITIALIZING,0.0,0.0,12.321252206190056,0,0,0,0.0,0.0,1.0,0,0,0,0,none,nan,nan,nan,nan,nan,3,2
646,164.40211862200522,nan,nan,nan,nan,nan,nan,nan,,INITIALIZING,0.0,0.0,11.33804266442528,0,0,0,0.0,0.0,1.0,0,0,0,0,none,nan,nan,nan,nan,nan,3,2
647,164.4899071539985,nan,nan,nan,nan,nan,nan,nan,,INITIALIZING,0.0,0.0,11.391009478054762,0,0,0,0.0,0.0,1.0,0,0,0,0,none,nan,nan,nan,nan,nan,3,2
648,164.8815730580027,nan,nan,nan,nan,nan,nan,nan,,INITIALIZING,0.0,0.0,2.5531964610054874,0,0,0,0.0,0.0,1.0,0,0,0,0,none,nan,nan,nan,nan,nan,3,2
649,164.94076797800517,nan,nan,nan,nan,nan,nan,nan,,INITIALIZING,0.0,0.0,16.893341522516742,0,0,0,0.0,0.0,1.0,0,0,0,0,none,nan,nan,nan,nan,nan,3,2
650,165.02536467400205,nan,nan,nan,nan,nan,nan,nan,,INITIALIZING,0.0,0.0,11.820792623353649,0,0,0,0.0,0.0,1.0,0,0,0,0,none,nan,nan,nan,nan,nan,3,2
651,165.10783502300183,nan,nan,nan,nan,nan,nan,nan,,INITIALIZING,0.0,0.0,12.125570124635944,0,0,0,0.0,0.0,1.0,0,0,0,0,none,nan,nan,nan,nan,nan,3,2
652,165.2076771380016,nan,nan,nan,nan,nan,nan,nan,,INITIALIZING,0.0,0.0,10.0158134671152,0,0,0,0.0,0.0,1.0,0,0,0,0,none,nan,nan,nan,nan,nan,3,2
653,165.30739445800282,nan,nan,nan,nan,nan,nan,nan,,INITIALIZING,0.0,0.0,10.028348134384085,0,0,0,0.0,0.0,1.0,0,0,0,0,none,nan,nan,nan,nan,nan,3,2
654,165.39609191500494,nan,nan,nan,nan,nan,nan,nan,,INITIALIZING,0.0,0.0,11.274280388625167,0,0,0,0.0,0.0,1.0,0,0,0,0,none,nan,nan,nan,nan,nan,3,2
655,165.49019250499987,nan,nan,nan,nan,nan,nan,nan,,INITIALIZING,0.0,0.0,10.626925931643475,0,0,0,0.0,0.0,1.0,0,0,0,0,none,nan,nan,nan,nan,nan,3,2
656,165.5832177600023,nan,nan,nan,nan,nan,nan,nan,,INITIALIZING,0.0,0.0,10.749768973746658,0,0,0,0.0,0.0,1.0,0,0,0,0,none,nan,nan,nan,nan,nan,3,2
657,165.66482444500434,nan,nan,nan,nan,nan,nan,nan,,INITIALIZING,0.0,0.0,12.253898071891545,0,0,0,0.0,0.0,1.0,0,0,0,0,none,nan,nan,nan,nan,nan,3,2
658,165.75028975299938,nan,nan,nan,nan,nan,nan,nan,,INITIALIZING,0.0,0.0,11.700654025117112,0,0,0,0.0,0.0,1.0,0,0,0,0,none,nan,nan,nan,nan,nan,3,2
659,165.83324016400002,nan,nan,nan,nan,nan,nan,nan,,INITIALIZING,0.0,0.0,12.055395361359999,0,0,0,0.0,0.0,1.0,0,0,0,0,none,nan,nan,nan,nan,nan,3,2
660,165.92450439299864,nan,nan,nan,nan,nan,nan,nan,,INITIALIZING,0.0,0.0,10.95719550772805,0,0,0,0.0,0.0,1.0,0,0,0,0,none,nan,nan,nan,nan,nan,3,2
661,165.99359910099884,nan,nan,nan,nan,nan,nan,nan,,INITIALIZING,0.0,0.0,14.472888430141447,0,0,0,0.0,0.0,1.0,0,0,0,0,none,nan,nan,nan,nan,nan,3,2
662,166.07744442699914,nan,nan,nan,nan,nan,nan,nan,,INITIALIZING,0.0,0.0,11.926723261788183,0,0,0,0.0,0.0,1.0,0,0,0,0,none,nan,nan,nan,nan,nan,3,2
663,166.27049471699866,nan,nan,nan,nan,nan,nan,nan,,INITIALIZING,0.0,0.0,5.179997398618212,0,0,0,0.0,0.0,1.0,0,0,0,0,none,nan,nan,nan,nan,nan,3,2
664,166.80735518200527,nan,nan,nan,nan,nan,nan,nan,,INITIALIZING,0.0,0.0,1.8626813952256371,0,0,0,0.0,0.0,1.0,0,0,0,0,none,nan,nan,nan,nan,nan,3,2
665,166.88911223600007,nan,nan,nan,nan,nan,nan,nan,,INITIALIZING,0.0,0.0,12.231360489867011,0,0,0,0.0,0.0,1.0,0,0,0,0,none,nan,nan,nan,nan,nan,3,2
666,166.96898737599986,nan,nan,nan,nan,nan,nan,nan,,INITIALIZING,0.0,0.0,12.519539871888623,0,0,0,0.0,0.0,1.0,0,0,0,0,none,nan,nan,nan,nan,nan,3,2
667,167.04854584200075,nan,nan,nan,nan,nan,nan,nan,,INITIALIZING,0.0,0.0,12.569372566695977,0,0,0,0.0,0.0,1.0,0,0,0,0,none,nan,nan,nan,nan,nan,3,2
668,167.15254736600036,nan,nan,nan,nan,nan,nan,nan,,INITIALIZING,0.0,0.0,9.615243715118197,0,0,0,0.0,0.0,1.0,0,0,0,0,none,nan,nan,nan,nan,nan,3,2
669,167.2321209360016,nan,nan,nan,nan,nan,nan,nan,,INITIALIZING,0.0,0.0,12.566986751813966,0,0,0,0.0,0.0,1.0,0,0,0,0,none,nan,nan,nan,nan,nan,3,2
670,167.31186398999853,nan,nan,nan,nan,nan,nan,nan,,INITIALIZING,0.0,0.0,12.540277176221892,0,0,0,0.0,0.0,1.0,0,0,0,0,none,nan,nan,nan,nan,nan,3,2
671,167.38906433500233,nan,nan,nan,nan,nan,nan,nan,,INITIALIZING,0.0,0.0,12.95330998780823,0,0,0,0.0,0.0,1.0,0,0,0,0,none,nan,nan,nan,nan,nan,3,2
672,167.46889436900528,nan,nan,nan,nan,nan,nan,nan,,INITIALIZING,0.0,0.0,12.52661372990286,0,0,0,0.0,0.0,1.0,0,0,0,0,none,nan,nan,nan,nan,nan,3,2
673,167.5296298950052,nan,nan,nan,nan,nan,nan,nan,,INITIALIZING,0.0,0.0,16.464828179826274,0,0,0,0.0,0.0,1.0,0,0,0,0,none,nan,nan,nan,nan,nan,3,2
674,167.60600241000066,nan,nan,nan,nan,nan,nan,nan,,INITIALIZING,0.0,0.0,13.093715717748818,0,0,0,0.0,0.0,1.0,0,0,0,0,none,nan,nan,nan,nan,nan,3,2
675,167.68483320499945,nan,nan,nan,nan,nan,nan,nan,,INITIALIZING,0.0,0.0,12.685397883089982,0,0,0,0.0,0.0,1.0,0,0,0,0,none,nan,nan,nan,nan,nan,3,2
676,167.7652181470039,nan,nan,nan,nan,nan,nan,nan,,INITIALIZING,0.0,0.0,12.440140840613568,0,0,0,0.0,0.0,1.0,0,0,0,0,none,nan,nan,nan,nan,nan,3,2
677,167.84163076700497,nan,nan,nan,nan,nan,nan,nan,,INITIALIZING,0.0,0.0,13.086843508128126,0,0,0,0.0,0.0,1.0,0,0,0,0,none,nan,nan,nan,nan,nan,3,2
678,167.9195809189987,nan,nan,nan,nan,nan,nan,nan,,INITIALIZING,0.0,0.0,12.828711354925696,0,0,0,0.0,0.0,1.0,0,0,0,0,none,nan,nan,nan,nan,nan,3,2
679,167.99735856800544,nan,nan,nan,nan,nan,nan,nan,,INITIALIZING,0.0,0.0,12.857164143817698,0,0,0,0.0,0.0,1.0,0,0,0,0,none,nan,nan,nan,nan,nan,3,2
680,168.07483006400435,nan,nan,nan,nan,nan,nan,nan,,INITIALIZING,0.0,0.0,12.907973275927311,0,0,0,0.0,0.0,1.0,0,0,0,0,none,nan,nan,nan,nan,nan,3,2
681,168.18668477000028,nan,nan,nan,nan,nan,nan,nan,,INITIALIZING,0.0,0.0,8.94016922306615,0,0,0,0.0,0.0,1.0,0,0,0,0,none,nan,nan,nan,nan,nan,3,2
682,168.2664243340041,nan,nan,nan,nan,nan,nan,nan,,INITIALIZING,0.0,0.0,12.54082603150382,0,0,0,0.0,0.0,1.0,0,0,0,0,none,nan,nan,nan,nan,nan,3,2
683,168.36607555999944,nan,nan,nan,nan,nan,nan,nan,,INITIALIZING,0.0,0.0,10.034999469518391,0,0,0,0.0,0.0,1.0,0,0,0,0,none,nan,nan,nan,nan,nan,3,2
684,168.44686051000463,nan,nan,nan,nan,nan,nan,nan,,INITIALIZING,0.0,0.0,12.378543279854222,0,0,0,0.0,0.0,1.0,0,0,0,0,none,nan,nan,nan,nan,nan,3,2
685,168.50640950000525,nan,nan,nan,nan,nan,nan,nan,,INITIALIZING,0.0,0.0,16.792896067415494,0,0,0,0.0,0.0,1.0,0,0,0,0,none,nan,nan,nan,nan,nan,3,2
686,168.58412100200076,nan,nan,nan,nan,nan,nan,nan,,INITIALIZING,0.0,0.0,12.868107993303106,0,0,0,0.0,0.0,1.0,0,0,0,0,none,nan,nan,nan,nan,nan,3,2
687,168.66292867100128,nan,nan,nan,nan,nan,nan,nan,,INITIALIZING,0.0,0.0,12.689120395038355,0,0,0,0.0,0.0,1.0,0,0,0,0,none,nan,nan,nan,nan,nan,3,2
688,168.82901382099953,nan,nan,nan,nan,nan,nan,nan,,INITIALIZING,0.0,0.0,6.021007898722554,0,0,0,0.0,0.0,1.0,0,0,0,0,none,nan,nan,nan,nan,nan,3,2
689,168.90780263600027,nan,nan,nan,nan,nan,nan,nan,,INITIALIZING,0.0,0.0,12.69215687519446,0,0,0,0.0,0.0,1.0,0,0,0,0,none,nan,nan,nan,nan,nan,3,2
690,169.05065303500305,nan,nan,nan,nan,nan,nan,nan,,INITIALIZING,0.0,0.0,7.000330464463908,0,0,0,0.0,0.0,1.0,0,0,0,0,none,nan,nan,nan,nan,nan,3,2
691,169.13523931400414,nan,nan,nan,nan,nan,nan,nan,,INITIALIZING,0.0,0.0,11.822248381290656,0,0,0,0.0,0.0,1.0,0,0,0,0,none,nan,nan,nan,nan,nan,3,2
692,169.21536018800543,nan,nan,nan,nan,nan,nan,nan,,INITIALIZING,0.0,0.0,12.481141930426684,0,0,0,0.0,0.0,1.0,0,0,0,0,none,nan,nan,nan,nan,nan,3,2
693,169.29607852199842,nan,nan,nan,nan,nan,nan,nan,,INITIALIZING,0.0,0.0,12.388759164514433,0,0,0,0.0,0.0,1.0,0,0,0,0,none,nan,nan,nan,nan,nan,3,2
694,169.38113022700418,nan,nan,nan,nan,nan,nan,nan,,INITIALIZING,0.0,0.0,11.75755383072397,0,0,0,0.0,0.0,1.0,0,0,0,0,none,nan,nan,nan,nan,nan,3,2
695,169.46055462799995,nan,nan,nan,nan,nan,nan,nan,,INITIALIZING,0.0,0.0,12.590589132087707,0,0,0,0.0,0.0,1.0,0,0,0,0,none,nan,nan,nan,nan,nan,3,2
696,169.5429765910012,nan,nan,nan,nan,nan,nan,nan,,INITIALIZING,0.0,0.0,12.132688467815406,0,0,0,0.0,0.0,1.0,0,0,0,0,none,nan,nan,nan,nan,nan,3,2
697,169.60341018300096,nan,nan,nan,nan,nan,nan,nan,,INITIALIZING,0.0,0.0,16.54708857954485,0,0,0,0.0,0.0,1.0,0,0,0,0,none,nan,nan,nan,nan,nan,3,2
698,169.68157049600268,nan,nan,nan,nan,nan,nan,nan,,INITIALIZING,0.0,0.0,12.794216931782588,0,0,0,0.0,0.0,1.0,0,0,0,0,none,nan,nan,nan,nan,nan,3,2
699,169.76209497200034,nan,nan,nan,nan,nan,nan,nan,,INITIALIZING,0.0,0.0,12.418584382083045,0,0,0,0.0,0.0,1.0,0,0,0,0,none,nan,nan,nan,nan,nan,3,2
700,169.84163244799856,nan,nan,nan,nan,nan,nan,nan,,INITIALIZING,0.0,0.0,12.572689634033015,0,0,0,0.0,0.0,1.0,0,0,0,0,none,nan,nan,nan,nan,nan,3,2
701,169.91887602300267,nan,nan,nan,nan,nan,nan,nan,,INITIALIZING,0.0,0.0,12.946060561630771,0,0,0,0.0,0.0,1.0,0,0,0,0,none,nan,nan,nan,nan,nan,3,2
702,170.02382006600237,nan,nan,nan,nan,nan,nan,nan,,INITIALIZING,0.0,0.0,9.528887694967237,0,0,0,0.0,0.0,1.0,0,0,0,0,none,nan,nan,nan,nan,nan,3,2
703,170.4523642310014,nan,nan,nan,nan,nan,nan,nan,,INITIALIZING,0.0,0.0,2.3334817777818597,0,0,0,0.0,0.0,1.0,0,0,0,0,none,nan,nan,nan,nan,nan,3,2
704,170.53462619100173,nan,nan,nan,nan,nan,nan,nan,,INITIALIZING,0.0,0.0,12.156287061432359,0,0,0,0.0,0.0,1.0,0,0,0,0,none,nan,nan,nan,nan,nan,3,2
705,170.61557322800218,nan,nan,nan,nan,nan,nan,nan,,INITIALIZING,0.0,0.0,12.353756691483847,0,0,0,0.0,0.0,1.0,0,0,0,0,none,nan,nan,nan,nan,nan,3,2
706,170.69736137600557,nan,nan,nan,nan,nan,nan,nan,,INITIALIZING,0.0,0.0,12.226710402569081,0,0,0,0.0,0.0,1.0,0,0,0,0,none,nan,nan,nan,nan,nan,3,2
707,170.77494626000407,nan,nan,nan,nan,nan,nan,nan,,INITIALIZING,0.0,0.0,12.889108657033853,0,0,0,0.0,0.0,1.0,0,0,0,0,none,nan,nan,nan,nan,nan,3,2
708,170.85490832800133,nan,nan,nan,nan,nan,nan,nan,,INITIALIZING,0.0,0.0,12.505929686989775,0,0,0,0.0,0.0,1.0,0,0,0,0,none,nan,nan,nan,nan,nan,3,2
709,170.91547457900015,nan,nan,nan,nan,nan,nan,nan,,INITIALIZING,0.0,0.0,16.510845289392574,0,0,0,0.0,0.0,1.0,0,0,0,0,none,nan,nan,nan,nan,nan,3,2
710,171.43769687800523,nan,nan,nan,nan,nan,nan,nan,,INITIALIZING,0.0,0.0,1.914893335472588,0,0,0,0.0,0.0,1.0,0,0,0,0,none,nan,nan,nan,nan,nan,3,2
711,171.51700242300285,nan,nan,nan,nan,nan,nan,nan,,INITIALIZING,0.0,0.0,12.609458771514204,0,0,0,0.0,0.0,1.0,0,0,0,0,none,nan,nan,nan,nan,nan,3,2
712,171.59600832599972,nan,nan,nan,nan,nan,nan,nan,,INITIALIZING,0.0,0.0,12.657282077259875,0,0,0,0.0,0.0,1.0,0,0,0,0,none,nan,nan,nan,nan,nan,3,2
713,171.6728839760035,nan,nan,nan,nan,nan,nan,nan,,INITIALIZING,0.0,0.0,13.008020094148943,0,0,0,0.0,0.0,1.0,0,0,0,0,none,nan,nan,nan,nan,nan,3,2
714,172.89629341800173,nan,nan,nan,nan,nan,nan,nan,,INITIALIZING,0.0,0.0,0.8173878389941739,0,0,0,0.0,0.0,1.0,0,0,0,0,none,nan,nan,nan,nan,nan,3,2
715,172.9839981460027,nan,nan,nan,nan,nan,nan,nan,,INITIALIZING,0.0,0.0,11.401893863565917,0,0,0,0.0,0.0,1.0,0,0,0,0,none,nan,nan,nan,nan,nan,3,2
716,173.06269701199926,nan,nan,nan,nan,nan,nan,nan,,INITIALIZING,0.0,0.0,12.70666339771332,0,0,0,0.0,0.0,1.0,0,0,0,0,none,nan,nan,nan,nan,nan,3,2
717,173.14274892600224,nan,nan,nan,nan,nan,nan,nan,,INITIALIZING,0.0,0.0,12.49189369741721,0,0,0,0.0,0.0,1.0,0,0,0,0,none,nan,nan,nan,nan,nan,3,2
718,173.22393909300445,nan,nan,nan,nan,nan,nan,nan,,INITIALIZING,0.0,0.0,12.316762447019455,0,0,0,0.0,0.0,1.0,0,0,0,0,none,nan,nan,nan,nan,nan,3,2
719,173.30446367300465,nan,nan,nan,nan,nan,nan,nan,,INITIALIZING,0.0,0.0,12.418568342703567,0,0,0,0.0,0.0,1.0,0,0,0,0,none,nan,nan,nan,nan,nan,3,2
720,173.57670335999865,nan,nan,nan,nan,nan,nan,nan,,INITIALIZING,0.0,0.0,3.6732337266536934,0,0,0,0.0,0.0,1.0,0,0,0,0,none,nan,nan,nan,nan,nan,3,2
721,173.6346203380017,nan,nan,nan,nan,nan,nan,nan,,INITIALIZING,0.0,0.0,17.266094234877777,0,0,0,0.0,0.0,1.0,0,0,0,0,none,nan,nan,nan,nan,nan,3,2
722,173.71272778500133,nan,nan,nan,nan,nan,nan,nan,,INITIALIZING,0.0,0.0,12.802876529873396,0,0,0,0.0,0.0,1.0,0,0,0,0,none,nan,nan,nan,nan,nan,3,2
723,173.79242297300516,nan,nan,nan,nan,nan,nan,nan,,INITIALIZING,0.0,0.0,12.547809033990914,0,0,0,0.0,0.0,1.0,0,0,0,0,none,nan,nan,nan,nan,nan,3,2
724,173.87386736400367,nan,nan,nan,nan,nan,nan,nan,,INITIALIZING,0.0,0.0,12.278316379310372,0,0,0,0.0,0.0,1.0,0,0,0,0,none,nan,nan,nan,nan,nan,3,2
725,173.9522830979986,nan,nan,nan,nan,nan,nan,nan,,INITIALIZING,0.0,0.0,12.752542749454246,0,0,0,0.0,0.0,1.0,0,0,0,0,none,nan,nan,nan,nan,nan,3,2
726,174.039832511,nan,nan,nan,nan,nan,nan,nan,,INITIALIZING,0.0,0.0,11.422121128145498,0,0,0,0.0,0.0,1.0,0,0,0,0,none,nan,nan,nan,nan,nan,3,2
727,174.121994000001,nan,nan,nan,nan,nan,nan,nan,,INITIALIZING,0.0,0.0,12.171152350801625,0,0,0,0.0,0.0,1.0,0,0,0,0,none,nan,nan,nan,nan,nan,3,2
728,174.20416074999957,nan,nan,nan,nan,nan,nan,nan,,INITIALIZING,0.0,0.0,12.17037305257063,0,0,0,0.0,0.0,1.0,0,0,0,0,none,nan,nan,nan,nan,nan,3,2
729,174.28624942500028,nan,nan,nan,nan,nan,nan,nan,,INITIALIZING,0.0,0.0,12.181948362443588,0,0,0,0.0,0.0,1.0,0,0,0,0,none,nan,nan,nan,nan,nan,3,2
730,174.36697531100072,nan,nan,nan,nan,nan,nan,nan,,INITIALIZING,0.0,0.0,12.387600180623474,0,0,0,0.0,0.0,1.0,0,0,0,0,none,nan,nan,nan,nan,nan,3,2
731,174.44604970500222,nan,nan,nan,nan,nan,nan,nan,,INITIALIZING,0.0,0.0,12.646318857415663,0,0,0,0.0,0.0,1.0,0,0,0,0,none,nan,nan,nan,nan,nan,3,2
732,174.58103410900367,nan,nan,nan,nan,nan,nan,nan,,INITIALIZING,0.0,0.0,7.40826325380011,0,0,0,0.0,0.0,1.0,0,0,0,0,none,nan,nan,nan,nan,nan,3,2
733,174.64061028700235,nan,nan,nan,nan,nan,nan,nan,,INITIALIZING,0.0,0.0,16.785232513945044,0,0,0,0.0,0.0,1.0,0,0,0,0,none,nan,nan,nan,nan,nan,3,2
734,174.71901346999948,nan,nan,nan,nan,nan,nan,nan,,INITIALIZING,0.0,0.0,12.754584211670796,0,0,0,0.0,0.0,1.0,0,0,0,0,none,nan,nan,nan,nan,nan,3,2
735,174.8009656830036,nan,nan,nan,nan,nan,nan,nan,,INITIALIZING,0.0,0.0,12.202233025114127,0,0,0,0.0,0.0,1.0,0,0,0,0,none,nan,nan,nan,nan,nan,3,2
736,174.96227625600295,nan,nan,nan,nan,nan,nan,nan,,INITIALIZING,0.0,0.0,6.199221671625945,0,0,0,0.0,0.0,1.0,0,0,0,0,none,nan,nan,nan,nan,nan,3,2
737,175.04192050499842,nan,nan,nan,nan,nan,nan,nan,,INITIALIZING,0.0,0.0,12.555834383684747,0,0,0,0.0,0.0,1.0,0,0,0,0,none,nan,nan,nan,nan,nan,3,2
738,175.12463122400368,nan,nan,nan,nan,nan,nan,nan,,INITIALIZING,0.0,0.0,12.09033136244855,0,0,0,0.0,0.0,1.0,0,0,0,0,none,nan,nan,nan,nan,nan,3,2
739,175.20625364000443,nan,nan,nan,nan,nan,nan,nan,,INITIALIZING,0.0,0.0,12.25153639155633,0,0,0,0.0,0.0,1.0,0,0,0,0,none,nan,nan,nan,nan,nan,3,2
740,175.3928379630015,nan,nan,nan,nan,nan,nan,nan,,INITIALIZING,0.0,0.0,5.359507079357687,0,0,0,0.0,0.0,1.0,0,0,0,0,none,nan,nan,nan,nan,nan,3,2
741,175.4786828100041,nan,nan,nan,nan,nan,nan,nan,,INITIALIZING,0.0,0.0,11.648922852292147,0,0,0,0.0,0.0,1.0,0,0,0,0,none,nan,nan,nan,nan,nan,3,2
742,175.56172311900445,nan,nan,nan,nan,nan,nan,nan,,INITIALIZING,0.0,0.0,12.042344399221236,0,0,0,0.0,0.0,1.0,0,0,0,0,none,nan,nan,nan,nan,nan,3,2
743,175.6424599430029,nan,nan,nan,nan,nan,nan,nan,,INITIALIZING,0.0,0.0,12.385921943365028,0,0,0,0.0,0.0,1.0,0,0,0,0,none,nan,nan,nan,nan,nan,3,2
744,175.72507003500505,nan,nan,nan,nan,nan,nan,nan,,INITIALIZING,0.0,0.0,12.105058543865002,0,0,0,0.0,0.0,1.0,0,0,0,0,none,nan,nan,nan,nan,nan,3,2
745,175.78263169300044,nan,nan,nan,nan,nan,nan,nan,,INITIALIZING,0.0,0.0,17.372675402783486,0,0,0,0.0,0.0,1.0,0,0,0,0,none,nan,nan,nan,nan,nan,3,2
746,175.8621930760055,nan,nan,nan,nan,nan,nan,nan,,INITIALIZING,0.0,0.0,12.568911728651562,0,0,0,0.0,0.0,1.0,0,0,0,0,none,nan,nan,nan,nan,nan,3,2
747,176.18252307900548,nan,nan,nan,nan,nan,nan,nan,,INITIALIZING,0.0,0.0,3.1217806344542116,0,0,0,0.0,0.0,1.0,0,0,0,0,none,nan,nan,nan,nan,nan,3,2
748,176.2642991440007,nan,nan,nan,nan,nan,nan,nan,,INITIALIZING,0.0,0.0,12.22851698792999,0,0,0,0.0,0.0,1.0,0,0,0,0,none,nan,nan,nan,nan,nan,3,2
749,176.3457229609994,nan,nan,nan,nan,nan,nan,nan,,INITIALIZING,0.0,0.0,12.281418838614448,0,0,0,0.0,0.0,1.0,0,0,0,0,none,nan,nan,nan,nan,nan,3,2
750,196.90045165699848,267.5630187988281,124.49591064453125,219.0,473.0,377.0630187988281,360.99591064453125,103587.0,0.3271087408065796,LOW_CONFIDENCE,11.00888683899393,170.90324423100537,0.048650605648453416,1,0,0,51.89666212863585,0.035337391538857066,1.0,0,0,0,0,none,nan,nan,nan,nan,nan,3,2
751,198.54326476799906,274.4369812011719,136.87396240234375,219.0,473.0,383.9369812011719,373.37396240234375,103587.0,0.3334519863128662,LOW_CONFIDENCE,0.9226582830015104,0.0,0.608711966871835,1,0,0,14.158655459750427,0.009640888857260476,1.0,0,0,0,0,none,nan,nan,nan,nan,nan,3,2
752,198.7385473969989,286.87396240234375,137.0,219.0,473.0,396.37396240234375,373.5,103587.0,0.37196481227874756,LOW_CONFIDENCE,0.08896261899644742,0.0,5.120783170124038,1,0,0,12.437619823516297,0.008469004045493873,1.0,0,0,0,0,none,nan,nan,nan,nan,nan,3,2
753,198.88444249500026,299.87396240234375,143.43698120117188,219.0,473.0,409.37396240234375,379.9369812011719,103587.0,0.3593108057975769,LOW_CONFIDENCE,0.061948832000780385,0.0,6.854239886735384,1,0,0,14.506368497464832,0.009877653058519181,1.0,0,0,0,0,none,nan,nan,nan,nan,nan,3,2
754,199.04177579800307,312.87396240234375,143.0,219.0,473.0,422.37396240234375,379.5,103587.0,0.3549327254295349,LOW_CONFIDENCE,0.06954211400443455,0.0,6.3559334286785205,1,0,0,13.007342256209668,0.008856938526186553,1.0,0,0,0,0,none,nan,nan,nan,nan,nan,3,2
755,199.1835193520019,332.31097412109375,143.0,219.0,473.0,441.81097412109375,379.5,103587.0,0.3520065248012543,LOW_CONFIDENCE,0.058781059000466485,0.0,7.054994543232009,1,0,0,19.43701171875,0.01323501869442632,1.0,0,0,0,0,none,nan,nan,nan,nan,nan,3,2
756,199.33033728100418,351.31097412109375,143.0,219.0,473.0,460.81097412109375,379.5,103587.0,0.37603726983070374,LOW_CONFIDENCE,0.06052093800099101,0.0,6.8111572394163025,1,0,0,19.0,0.012937449379192528,1.0,0,0,0,0,none,nan,nan,nan,nan,nan,3,2
757,199.45458505699935,363.87396240234375,143.0,219.0,473.0,473.37396240234375,379.5,103587.0,0.37220174074172974,LOW_CONFIDENCE,0.06336459099838976,0.0,8.048433800850113,1,0,0,12.56298828125,0.008554369733687412,1.0,0,0,0,0,none,nan,nan,nan,nan,nan,3,2
758,199.6008761530029,383.31097412109375,143.0,219.0,473.0,492.81097412109375,379.5,103587.0,0.3746250569820404,LOW_CONFIDENCE,0.06313948199385777,0.0,6.835686021353775,1,0,0,19.43701171875,0.01323501869442632,1.0,0,0,0,0,none,nan,nan,nan,nan,nan,3,2
759,199.75212458999886,389.4369812011719,143.0,219.0,473.0,498.9369812011719,379.5,103587.0,0.3745967745780945,LOW_CONFIDENCE,0.06159366900101304,0.0,6.611638572018656,1,0,0,6.126007080078125,0.004171310868162409,1.0,0,0,0,0,none,nan,nan,nan,nan,nan,3,2
760,199.89461982600187,395.4369812011719,136.56301879882812,219.0,473.0,504.9369812011719,373.0630187988281,103587.0,0.371307909488678,LOW_CONFIDENCE,0.05668377499387134,0.0,7.017778474915774,1,0,0,8.799700391731534,0.0059918778089519675,1.0,0,0,0,0,none,nan,nan,nan,nan,nan,3,2
761,200.03928953400464,401.4369812011719,130.56301879882812,219.0,473.0,510.9369812011719,367.0630187988281,103587.0,0.36305782198905945,LOW_CONFIDENCE,0.06070495200401638,0.0,6.912297078673026,1,0,0,8.48528137423857,0.005777784118285089,1.0,0,0,0,0,none,nan,nan,nan,nan,nan,3,2
762,200.1936891830046,407.43701171875,124.56301879882812,219.0,473.0,516.93701171875,361.0630187988281,103587.0,0.3574953079223633,LOW_CONFIDENCE,0.06691940300515853,0.0,6.476698661408192,1,0,0,8.485302953452447,0.005777798811968625,1.0,0,0,0,0,none,nan,nan,nan,nan,nan,3,2
763,200.34194313199987,419.87396240234375,131.43698120117188,219.0,473.0,529.3739624023438,367.9369812011719,103587.0,0.3584473431110382,LOW_CONFIDENCE,0.060857403004774824,0.0,6.745182889070715,1,0,0,14.210175981140363,0.009675970127653736,1.0,0,0,0,0,none,nan,nan,nan,nan,nan,3,2
764,200.48482941800467,439.31097412109375,143.87396240234375,219.0,473.0,548.8109741210938,380.37396240234375,103587.0,0.35213708877563477,LOW_CONFIDENCE,0.058180993000860326,0.0,6.998572277023402,1,0,0,23.07543988644913,0.015712491338607144,1.0,0,0,0,0,none,nan,nan,nan,nan,nan,3,2
765,200.63307831400016,458.31097412109375,144.0,219.0,473.0,567.8109741210938,380.5,103587.0,0.3346319794654846,LOW_CONFIDENCE,0.061117876997741405,0.0,6.74541279572428,1,0,0,19.000418034243957,0.01293773402639621,1.0,0,0,0,0,none,nan,nan,nan,nan,nan,3,2
766,200.77618965700094,477.31097412109375,144.0,219.0,473.0,586.8109741210938,380.5,103587.0,0.3130272328853607,LOW_CONFIDENCE,0.055243798000446986,0.0,6.987566317468848,1,0,0,19.0,0.012937449379192528,1.0,0,0,0,0,none,nan,nan,nan,nan,nan,3,2
767,200.9178564899994,483.43701171875,144.0,219.0,473.0,592.93701171875,380.5,103587.0,0.3352855145931244,LOW_CONFIDENCE,0.05899226099427324,0.0,7.058815241609296,1,0,0,6.12603759765625,0.004171331648142523,1.0,0,0,0,0,none,nan,nan,nan,nan,nan,3,2
768,201.05726051600504,495.87396240234375,144.0,219.0,473.0,605.3739624023438,380.5,103587.0,0.3243770897388458,LOW_CONFIDENCE,0.05424033899907954,0.0,7.173393973280734,1,0,0,12.43695068359375,0.008468548415816212,1.0,0,0,0,0,none,nan,nan,nan,nan,nan,3,2
769,201.16872578800394,502.43701171875,137.56301879882812,219.0,473.0,611.93701171875,374.0630187988281,103587.0,0.3266986608505249,LOW_CONFIDENCE,0.051793726001051255,0.0,8.971404115982514,1,0,0,9.19284196066813,0.00625957513247689,1.0,0,0,0,0,none,nan,nan,nan,nan,nan,3,2
770,201.30633816300542,514.8739624023438,144.43698120117188,219.0,473.0,624.3739624023438,380.9369812011719,103587.0,0.30893880128860474,LOW_CONFIDENCE,0.053575586003717035,0.0,7.266788324736318,1,0,0,14.210175981140363,0.009675970127653736,1.0,0,0,0,0,none,nan,nan,nan,nan,nan,3,2
771,201.45694507699955,540.7479248046875,137.56301879882812,219.0,473.0,650.2479248046875,374.0630187988281,103587.0,0.3222530782222748,LOW_CONFIDENCE,0.06665611700009322,0.0,6.6398014107042345,1,0,0,26.771501442891346,0.01822920761696771,1.0,0,0,0,0,none,nan,nan,nan,nan,nan,3,2
772,201.60033475800446,560.3109741210938,131.56301879882812,219.0,473.0,669.8109741210938,368.0630187988281,103587.0,0.3300708532333374,LOW_CONFIDENCE,0.05769306699949084,0.0,6.974002543221323,1,0,0,20.46247537704427,0.013933275755972831,1.0,0,0,0,0,none,nan,nan,nan,nan,nan,3,2
773,201.74466763700184,592.1849365234375,106.25204467773438,219.0,473.0,701.6849365234375,342.7520446777344,103587.0,0.3405526876449585,LOW_CONFIDENCE,0.0623271209988161,0.0,6.92842827598685,1,0,0,40.70128855680985,0.027714255809033448,1.0,0,0,0,0,none,nan,nan,nan,nan,nan,3,2
774,203.56366053400416,604.8739624023438,99.56301879882812,219.0,473.0,714.3739624023438,336.0630187988281,103587.0,0.3384416699409485,LOW_CONFIDENCE,1.7332506050006486,0.0,0.5497547580575989,1,0,0,14.344143228657126,0.00976719088992836,1.0,0,0,0,0,none,nan,nan,nan,nan,nan,3,2
775,203.71054648599966,598.56298828125,100.0,219.0,473.0,708.06298828125,336.5,103587.0,0.3694215714931488,LOW_CONFIDENCE,0.058772829004738014,0.0,6.808002987451336,1,0,0,6.326084644335124,0.004307547360766991,1.0,0,0,0,0,none,nan,nan,nan,nan,nan,3,2
776,203.85105631600163,599.0,112.87396240234375,219.0,473.0,708.5,349.37396240234375,103587.0,0.3508465588092804,LOW_CONFIDENCE,0.056886072001361754,0.0,7.116939789806505,1,0,0,12.881377534226893,0.008771166830701489,1.0,0,0,0,0,none,nan,nan,nan,nan,nan,3,2
777,204.00120999199862,586.1260375976562,125.87396240234375,219.0,473.0,695.6260375976562,362.37396240234375,103587.0,0.3511326014995575,LOW_CONFIDENCE,0.06328068300354062,0.0,6.659843612620244,1,0,0,18.295871335822202,0.012457995223969438,1.0,0,0,0,0,none,nan,nan,nan,nan,nan,3,2
778,204.15665966200322,586.0,100.25204467773438,219.0,473.0,695.5,336.7520446777344,103587.0,0.36609962582588196,LOW_CONFIDENCE,0.06984087100136094,0.0,6.432950291695101,1,0,0,25.62222772052959,0.01744664600613132,1.0,0,0,0,0,none,nan,nan,nan,nan,nan,3,2
779,204.34746886500216,592.43701171875,100.0,219.0,473.0,701.93701171875,336.5,103587.0,0.37856054306030273,LOW_CONFIDENCE,0.05650830300146481,0.0,5.240837361526963,1,0,0,6.441944301753862,0.0043864383319746495,1.0,0,0,0,0,none,nan,nan,nan,nan,nan,3,2
780,204.6747734410019,611.3109741210938,106.43698120117188,219.0,473.0,720.8109741210938,342.9369812011719,103587.0,0.38860079646110535,LOW_CONFIDENCE,0.06630657899950165,0.0,3.0552582314058925,1,0,0,19.94144387323359,0.01357849582410361,1.0,0,0,0,0,none,nan,nan,nan,nan,nan,3,2
781,204.79197325800487,623.8739624023438,106.0,219.0,473.0,733.3739624023438,342.5,103587.0,0.3707287907600403,LOW_CONFIDENCE,0.058283236001443584,0.0,8.532436530805686,1,0,0,12.570585790845326,0.008559543017676752,1.0,0,0,0,0,none,nan,nan,nan,nan,nan,3,2
782,204.92671224000514,630.43701171875,112.43698120117188,219.0,473.0,739.93701171875,348.9369812011719,103587.0,0.36926165223121643,LOW_CONFIDENCE,0.05255061700154329,0.0,7.421757127406401,1,0,0,9.19284196066813,0.00625957513247689,1.0,0,0,0,0,none,nan,nan,nan,nan,nan,3,2
783,205.0698209780021,642.8739624023438,112.0,219.0,473.0,752.3739624023438,348.5,103587.0,0.3443025052547455,LOW_CONFIDENCE,0.06013973199878819,0.0,6.9876935119173815,1,0,0,12.44462514004824,0.008473774094336885,1.0,0,0,0,0,none,nan,nan,nan,nan,nan,3,2
784,205.23080065900285,662.3109741210938,112.0,219.0,473.0,771.8109741210938,348.5,103587.0,0.3440145254135132,LOW_CONFIDENCE,0.07538535999628948,0.0,6.211964104931464,1,0,0,19.43701171875,0.01323501869442632,1.0,0,0,0,0,none,nan,nan,nan,nan,nan,3,2
785,205.3604332850009,668.43701171875,112.0,219.0,473.0,777.93701171875,348.5,103587.0,0.36471983790397644,LOW_CONFIDENCE,0.04829761300061364,0.0,7.714107403910772,1,0,0,6.12603759765625,0.004171331648142523,1.0,0,0,0,0,none,nan,nan,nan,nan,nan,3,2
786,205.55816638200486,674.43701171875,99.12603759765625,219.0,473.0,783.93701171875,335.62603759765625,103587.0,0.35062065720558167,LOW_CONFIDENCE,0.04957842000294477,0.0,5.057322295316278,1,0,0,14.203482246863283,0.009671412240897551,1.0,0,0,0,0,none,nan,nan,nan,nan,nan,3,2
787,205.69125361100305,680.43701171875,79.68902587890625,219.0,473.0,789.93701171875,316.18902587890625,103587.0,0.3391716182231903,LOW_CONFIDENCE,0.050689329000306316,0.0,7.513868967950191,1,0,0,20.34201132029045,0.013851249564590476,1.0,0,0,0,0,none,nan,nan,nan,nan,nan,3,2
788,205.82974334800383,692.8739624023438,80.0,219.0,473.0,802.3739624023438,316.5,103587.0,0.3512268662452698,LOW_CONFIDENCE,0.056384915005764924,0.0,7.220751671976625,1,0,0,12.44083788215782,0.008471195280797768,1.0,0,0,0,0,none,nan,nan,nan,nan,nan,3,2
789,205.96790536900517,693.0,80.0,219.0,473.0,802.5,316.5,103587.0,0.30199000239372253,LOW_CONFIDENCE,0.052613066000049,0.0,7.237879069461033,1,0,0,0.12603759765625,8.582131787119837e-05,1.0,0,0,0,0,none,nan,nan,nan,nan,nan,3,2
790,206.12653661600052,699.43701171875,80.0,219.0,473.0,808.93701171875,316.5,103587.0,0.3020680844783783,LOW_CONFIDENCE,0.0560123030008981,0.0,6.303928254622362,1,0,0,6.43701171875,0.004383079645505116,1.0,0,0,0,0,none,nan,nan,nan,nan,nan,3,2
791,206.26565079300053,705.43701171875,80.0,219.0,473.0,814.93701171875,316.5,103587.0,0.301128625869751,LOW_CONFIDENCE,0.0560939189963392,0.0,7.188339977743069,1,0,0,6.0,0.004085510330271325,1.0,0,0,0,0,none,nan,nan,nan,nan,nan,3,2
792,206.41647870100132,705.0,67.12603759765625,219.0,473.0,814.5,303.62603759765625,103587.0,0.26438403129577637,LOW_CONFIDENCE,0.06514848199731205,0.0,6.630072731597832,1,0,0,12.881377534226893,0.008771166830701489,1.0,0,0,0,0,none,nan,nan,nan,nan,nan,3,2
793,206.52509203900263,711.43701171875,47.68902587890625,219.0,473.0,820.93701171875,284.18902587890625,103587.0,0.27187642455101013,LOW_CONFIDENCE,0.05165044200111879,0.0,9.206972351664422,1,0,0,20.475168971760638,0.01394191905802983,1.0,0,0,0,0,none,nan,nan,nan,nan,nan,3,2
794,206.6647504460052,717.43701171875,41.563018798828125,219.0,473.0,826.93701171875,278.0630187988281,103587.0,0.28642600774765015,LOW_CONFIDENCE,0.057248996003181674,0.0,7.160327984992629,1,0,0,8.574844765076936,0.005838769478032468,1.0,0,0,0,0,none,nan,nan,nan,nan,nan,3,2
795,206.8202708470053,729.8739624023438,42.0,219.0,473.0,839.3739624023438,278.5,103587.0,0.26135480403900146,LOW_CONFIDENCE,0.07002754100540187,0.0,6.430024572784729,1,0,0,12.44462514004824,0.008473774094336885,1.0,0,0,0,0,none,nan,nan,nan,nan,nan,3,2
796,206.95902553699852,730.0,54.87396240234375,219.0,473.0,839.5,291.37396240234375,103587.0,0.23086465895175934,LOW_CONFIDENCE,0.05157268000039039,0.0,7.206963599204181,1,1,0,12.874579348972278,0.008766537821354017,1.0,0,0,1,0,none,nan,nan,nan,nan,nan,3,2
797,207.1111480030013,826.5548095703125,48.563018798828125,219.0,473.0,936.0548095703125,285.0630187988281,103587.0,0.2155228853225708,LOW_CONFIDENCE,0.06982946400239598,0.0,6.573650994993863,1,1,0,96.76083536393257,0.06588623207417157,1.0,0,0,2,0,none,nan,nan,nan,nan,nan,3,2
798,207.25534291000076,852.7479248046875,29.68902587890625,219.0,473.0,962.2479248046875,266.18902587890625,103587.0,0.21314916014671326,LOW_CONFIDENCE,0.05697706299542915,0.0,6.9350576993933055,1,1,0,32.28477806060479,0.021983299046186316,1.0,0,0,3,0,none,nan,nan,nan,nan,nan,3,2
799,207.44143696399988,865.8739624023438,23.563018798828125,219.0,473.0,975.3739624023438,260.0630187988281,103587.0,0.2330777645111084,LOW_CONFIDENCE,0.10119052899972303,0.0,5.373626822084086,1,1,0,14.485193328369931,0.009863234496505438,1.0,0,0,4,0,none,nan,nan,nan,nan,nan,3,2
800,207.57185861700418,878.8739624023438,24.0,219.0,473.0,988.3739624023438,260.5,103587.0,0.2506811320781708,LOW_CONFIDENCE,0.04756999300298048,0.0,7.6674384733261425,1,0,0,13.007342256209668,0.008856938526186553,1.0,0,0,0,0,none,nan,nan,nan,nan,nan,3,2
801,207.71839852000267,885.43701171875,17.563018798828125,219.0,473.0,994.93701171875,254.06301879882812,103587.0,0.27022668719291687,LOW_CONFIDENCE,0.05752936600038083,0.0,6.824079854961737,1,0,0,9.19284196066813,0.00625957513247689,1.0,0,0,0,0,none,nan,nan,nan,nan,nan,3,2
802,207.86624980500346,897.8739624023438,18.0,219.0,473.0,1007.3739624023438,254.5,103587.0,0.23608586192131042,LOW_CONFIDENCE,0.06201899000006961,0.0,6.763552984978163,1,1,0,12.44462514004824,0.008473774094336885,1.0,0,0,1,0,none,nan,nan,nan,nan,nan,3,2
803,208.003221854,904.43701171875,5.1260223388671875,219.0,473.0,1013.93701171875,241.6260223388672,103587.0,0.2520715296268463,LOW_CONFIDENCE,0.054064242001913954,0.0,7.300759588003672,1,0,0,14.450360450484522,0.009839516149433118,1.0,0,0,0,0,none,nan,nan,nan,nan,nan,3,2
804,208.14445826200244,923.3109130859375,82.24383544921875,219.0,473.0,1032.8109130859375,318.74383544921875,103587.0,0.24897854030132294,LOW_CONFIDENCE,0.054653421000693925,0.0,7.08032733303945,1,1,0,79.39383635863324,0.054060723100511195,1.0,0,0,1,0,none,nan,nan,nan,nan,nan,3,2
805,208.24876932299958,929.43701171875,88.43698120117188,219.0,473.0,1038.93701171875,324.9369812011719,103587.0,0.2670454978942871,LOW_CONFIDENCE,0.04680643599567702,0.0,9.586711039469527,1,0,0,8.711150254925133,0.005931582392507052,1.0,0,0,0,0,none,nan,nan,nan,nan,nan,3,2
806,208.4062267440022,941.8740234375,81.56301879882812,219.0,473.0,1051.3740234375,318.0630187988281,103587.0,0.26890045404434204,LOW_CONFIDENCE,0.07216956499905791,0.0,6.350923275844649,1,0,0,14.210229400018857,0.009676006501550387,1.0,0,0,0,0,none,nan,nan,nan,nan,nan,3,2
807,208.5513827120012,961.3109130859375,62.68902587890625,219.0,473.0,1070.8109130859375,299.18902587890625,103587.0,0.28602147102355957,LOW_CONFIDENCE,0.059381331004260574,0.0,6.889141478542397,1,0,0,27.092808786591284,0.018447991695614067,1.0,0,0,0,0,none,nan,nan,nan,nan,nan,3,2
808,208.68721046700375,967.43701171875,50.12603759765625,219.0,473.0,1076.93701171875,286.62603759765625,103587.0,0.2618762254714966,LOW_CONFIDENCE,0.05107673199381679,0.0,7.362265539773638,1,0,0,13.977044001281959,0.009517226275649049,1.0,0,0,0,0,none,nan,nan,nan,nan,nan,3,2
809,208.8198729479991,979.8740234375,56.436981201171875,219.0,473.0,1089.3740234375,292.9369812011719,103587.0,0.2789188325405121,LOW_CONFIDENCE,0.05032546699658269,0.0,7.5379262659429,1,0,0,13.946586308451241,0.009496487072533028,1.0,0,0,0,0,none,nan,nan,nan,nan,nan,3,2
810,208.95875795300526,986.43701171875,68.87396240234375,219.0,473.0,1095.93701171875,305.37396240234375,103587.0,0.26918524503707886,LOW_CONFIDENCE,0.05114267199678579,0.0,7.200201346111141,1,0,0,14.062407922476416,0.009575352139294451,1.0,0,0,0,0,none,nan,nan,nan,nan,nan,3,2
811,209.10983216800378,1005.3109130859375,69.0,219.0,473.0,1114.8109130859375,305.5,103587.0,0.23720085620880127,LOW_CONFIDENCE,0.05672216200036928,0.0,6.619263254221253,1,1,0,18.87432219430264,0.012851873050282127,1.0,0,0,1,0,none,nan,nan,nan,nan,nan,3,2
812,209.24245673200494,1037.1849365234375,75.43698120117188,219.0,473.0,1146.6849365234375,311.9369812011719,103587.0,0.23336972296237946,LOW_CONFIDENCE,0.04903835699951742,0.0,7.540081338108964,1,1,0,32.51750447187698,0.0221417667390829,1.0,0,0,2,0,none,nan,nan,nan,nan,nan,3,2
813,209.37688820800395,1024.1259765625,81.43698120117188,219.0,473.0,1133.6259765625,317.9369812011719,103587.0,0.23810262978076935,LOW_CONFIDENCE,0.04876376900210744,0.0,7.438734065579822,1,1,0,14.3713755521651,0.009785733879763213,1.0,0,0,3,0,none,nan,nan,nan,nan,nan,3,2
814,209.51466511699982,1030.43701171875,87.43698120117188,219.0,473.0,1139.93701171875,323.9369812011719,103587.0,0.24551182985305786,LOW_CONFIDENCE,0.05284520699933637,0.0,7.258110283414341,1,1,0,8.707994300837791,0.005929433445336103,1.0,0,0,4,0,none,nan,nan,nan,nan,nan,3,2
815,209.64689165099844,1042.8740234375,87.0,219.0,473.0,1152.3740234375,323.5,103587.0,0.20359709858894348,LOW_CONFIDENCE,0.04934211300133029,0.0,7.562778587317773,1,1,0,12.444686137564998,0.008473815628667692,1.0,0,0,5,0,none,nan,nan,nan,nan,nan,3,2
816,209.77950460000284,1049.43701171875,80.56301879882812,219.0,473.0,1158.93701171875,317.0630187988281,103587.0,0.20730620622634888,LOW_CONFIDENCE,0.04870517300150823,0.0,7.540741741342656,1,1,0,9.192798385914104,0.006259545461625605,1.0,0,0,6,0,none,nan,nan,nan,nan,nan,3,2
817,209.89085684900056,1074.7479248046875,87.43698120117188,219.0,473.0,1184.2479248046875,323.9369812011719,103587.0,0.1822682023048401,LOW_CONFIDENCE,0.0528045809987816,0.0,8.980510128901738,1,1,0,26.227727319627174,0.01785894181731271,1.0,0,0,7,0,none,nan,nan,nan,nan,nan,3,2
818,210.04215513200324,1087.8740234375,87.0,219.0,473.0,1197.3740234375,323.5,103587.0,0.1677214801311493,LOW_CONFIDENCE,0.0659713630011538,0.0,6.609460333282368,1,1,0,13.133370393333914,0.008942753402207546,1.0,0,0,8,0,none,nan,nan,nan,nan,nan,3,2
819,210.17648540699884,1055.8150634765625,80.56301879882812,219.0,473.0,1165.3150634765625,317.0630187988281,103587.0,0.19948475062847137,LOW_CONFIDENCE,0.05232306100515416,0.0,7.4443382181181565,1,1,0,32.6988018245506,0.022265215440282718,1.0,0,0,9,0,none,nan,nan,nan,nan,nan,3,2
820,210.3121188350051,1062.43701171875,68.12603759765625,219.0,473.0,1171.93701171875,304.62603759765625,103587.0,0.1784639060497284,SUSPECTED_LOST,0.05262426399713149,0.0,7.372813728145679,1,1,0,14.090021288859457,0.0095941545882297,1.0,0,0,10,0,none,nan,nan,nan,nan,nan,3,2
821,210.4552827830048,1126.369873046875,68.0,219.0,473.0,1235.869873046875,304.5,103587.0,0.16735386848449707,SUSPECTED_LOST,0.05381543499970576,0.0,6.984998765206057,1,1,0,63.93298556361406,0.04353314549420545,1.0,0,0,11,0,none,nan,nan,nan,nan,nan,3,2
822,210.59104574500088,1145.3109130859375,68.0,219.0,473.0,1254.8109130859375,304.5,103587.0,0.15334618091583252,SUSPECTED_LOST,0.0521233680046862,0.0,7.365779188206585,1,1,0,18.9410400390625,0.012897302457612102,1.0,0,0,12,0,none,nan,nan,nan,nan,nan,3,2
823,210.73609014799877,1157.8740234375,61.563018798828125,219.0,473.0,1267.3740234375,298.0630187988281,103587.0,0.15305231511592865,SUSPECTED_LOST,0.05162106599891558,0.0,6.894440456379406,1,1,0,14.11617755236087,0.009611964869019086,1.0,0,0,13,0,none,nan,nan,nan,nan,nan,3,2
824,210.91216493200045,1158.0,62.0,219.0,473.0,1267.5,298.5,103587.0,0.14603114128112793,SUSPECTED_LOST,0.09087625299434876,0.0,5.679404950969195,1,1,0,0.4547775989172412,0.0003096664297253963,1.0,0,0,14,0,none,nan,nan,nan,nan,nan,3,2
825,211.05815326100128,1170.8740234375,62.0,219.0,473.0,1280.3740234375,298.5,103587.0,0.15123626589775085,SUSPECTED_LOST,0.06280676699680043,0.0,6.849862635213255,1,1,0,12.8740234375,0.008766159291010232,1.0,0,0,15,0,none,nan,nan,nan,nan,nan,3,2
826,211.19485384700238,1190.3109130859375,68.43698120117188,219.0,473.0,1299.8109130859375,304.9369812011719,103587.0,0.11672627925872803,SUSPECTED_LOST,0.051133608001691755,0.0,7.315257595106213,1,1,0,20.475043496651647,0.013941833619720834,1.0,0,0,16,0,none,nan,nan,nan,nan,nan,3,2
827,211.33061196400377,1177.1259765625,113.05889892578125,219.0,473.0,1286.6259765625,349.55889892578125,103587.0,0.12101718038320541,SUSPECTED_LOST,0.04884199799562339,0.0,7.366042061336054,1,1,0,46.52911016287421,0.03168252670479251,1.0,0,0,17,0,none,nan,nan,nan,nan,nan,3,2
828,211.46434076900186,1183.43701171875,119.43698120117188,219.0,473.0,1292.93701171875,355.9369812011719,103587.0,0.11212239414453506,SUSPECTED_LOST,0.04976087200338952,0.0,7.47782050407322,1,1,0,8.972686234070347,0.006109667049929618,1.0,0,0,18,0,none,nan,nan,nan,nan,nan,3,2
829,211.58066374600457,1189.43701171875,125.43698120117188,219.0,473.0,1298.93701171875,361.9369812011719,103587.0,0.1068449467420578,SUSPECTED_LOST,0.0580887000032817,0.0,8.59675384663429,1,1,0,8.48528137423857,0.005777784118285089,1.0,0,0,19,0,none,nan,nan,nan,nan,nan,3,2
830,211.72221661900403,989.453369140625,137.87396240234375,219.0,473.0,1098.953369140625,374.37396240234375,103587.0,0.14724335074424744,LOST,0.058696472995507065,0.0,7.064498083368829,1,1,0,200.369997255611,0.13643561561070594,1.0,0,0,20,0,none,nan,nan,nan,nan,nan,3,2
831,211.85812911500398,963.2520751953125,105.8150634765625,219.0,473.0,1072.7520751953125,342.3150634765625,103587.0,0.19195151329040527,LOST,0.05412492100003874,0.0,7.357675191252432,1,1,0,41.40387427212733,0.02819265934200522,1.0,0,0,21,0,none,nan,nan,nan,nan,nan,3,2
832,211.98929161699925,988.7479248046875,99.56301879882812,219.0,473.0,1098.2479248046875,336.0630187988281,103587.0,0.16655181348323822,LOST,0.0509687089943327,0.0,7.624130256649174,1,1,0,26.25121730427475,0.017874936579801975,1.0,0,0,22,0,none,nan,nan,nan,nan,nan,3,2
833,212.12839157399867,911.7561645507812,87.12603759765625,219.0,473.0,1021.2561645507812,323.62603759765625,103587.0,0.15984664857387543,LOST,0.05762514899834059,0.0,7.189074832023097,1,1,0,77.98980477211929,0.05310469217538953,1.0,0,0,23,0,none,nan,nan,nan,nan,nan,3,2
834,212.26494559400453,667.39453125,61.252044677734375,219.0,473.0,776.89453125,297.7520446777344,103587.0,0.19800965487957,LOST,0.05499124099878827,0.0,7.323109198521464,1,1,0,245.72763649831015,0.1673204662245005,1.0,0,0,24,0,none,nan,nan,nan,nan,nan,3,2
835,212.3975240630025,654.1260375976562,61.0,219.0,473.0,763.6260375976562,297.5,103587.0,0.3261644244194031,LOW_CONFIDENCE,0.05183653999847593,0.0,7.542702880475759,1,0,0,13.270887322325535,0.00903639120787129,1.0,0,0,0,0,none,nan,nan,nan,nan,nan,3,2
836,212.52986971400242,647.56298828125,54.563018798828125,219.0,473.0,757.06298828125,291.0630187988281,103587.0,0.39559200406074524,LOW_CONFIDENCE,0.04972884000017075,0.0,7.555971748558478,1,0,0,9.19284196066813,0.00625957513247689,1.0,0,0,0,0,none,nan,nan,nan,nan,nan,3,2
837,212.65982010800508,654.43701171875,55.0,219.0,473.0,763.93701171875,291.5,103587.0,0.4199371635913849,LOW_CONFIDENCE,0.05114522299845703,0.0,7.695244078902226,1,0,0,6.887898866089493,0.004690096995212128,1.0,0,0,0,0,none,nan,nan,nan,nan,nan,3,2
838,212.78975784499926,647.56298828125,55.0,219.0,473.0,757.06298828125,291.5,103587.0,0.45319294929504395,LOW_CONFIDENCE,0.050471198999730404,0.0,7.695993659215375,1,0,0,6.8740234375,0.0046806489607389085,1.0,0,0,0,0,none,nan,nan,nan,nan,nan,3,2
839,212.91910786199878,654.43701171875,55.0,219.0,473.0,763.93701171875,291.5,103587.0,0.4446652829647064,LOW_CONFIDENCE,0.049523367000801954,0.0,7.730961488808148,1,0,0,6.8740234375,0.0046806489607389085,1.0,0,0,0,0,none,nan,nan,nan,nan,nan,3,2
840,213.05009322400292,654.0,55.0,219.0,473.0,763.5,291.5,103587.0,0.4657699167728424,LOW_CONFIDENCE,0.050906208001833875,0.0,7.6344408619369055,1,0,0,0.43701171875,0.00029756931523379195,1.0,0,0,0,0,none,nan,nan,nan,nan,nan,3,2
841,213.1612772410008,647.56298828125,48.563018798828125,219.0,473.0,757.06298828125,285.0630187988281,103587.0,0.46049070358276367,LOW_CONFIDENCE,0.05263713000022108,0.0,8.994098495462508,1,0,0,9.103287694649936,0.006198595985987357,1.0,0,0,0,0,none,nan,nan,nan,nan,nan,3,2
842,213.28842976400483,648.0,49.0,219.0,473.0,757.5,285.5,103587.0,0.4919578433036804,LOW_CONFIDENCE,0.04736519700236386,0.0,7.864570646138165,1,0,0,0.6180063207625338,0.0004208118679413843,1.0,0,0,0,0,none,nan,nan,nan,nan,nan,3,2
843,213.42093239800306,648.0,42.563018798828125,219.0,473.0,757.5,279.0630187988281,103587.0,0.48555564880371094,LOW_CONFIDENCE,0.05464170200139051,0.0,7.547019782364236,1,0,0,6.436981201171875,0.004383058865525003,1.0,0,0,0,0,none,nan,nan,nan,nan,nan,3,2
844,213.54033132300538,648.0,43.0,219.0,473.0,757.5,279.5,103587.0,0.4612996578216553,LOW_CONFIDENCE,0.04262338099943008,0.0,8.375284785693092,1,0,0,0.436981201171875,0.0002975485352536779,1.0,0,0,0,0,none,nan,nan,nan,nan,nan,3,2
845,213.66336626200064,648.0,43.0,219.0,473.0,757.5,279.5,103587.0,0.45515263080596924,LOW_CONFIDENCE,0.044189401996845845,0.0,8.127772551165483,1,0,0,0.0,0.0,1.0,0,0,0,0,none,nan,nan,nan,nan,nan,3,2
846,213.79635020700516,648.0,43.0,219.0,473.0,757.5,279.5,103587.0,0.45979565382003784,LOW_CONFIDENCE,0.053570064999803435,0.0,7.519704728010354,1,0,0,0.0,0.0,1.0,0,0,0,0,none,nan,nan,nan,nan,nan,3,2
847,213.91572064300271,648.0,43.0,219.0,473.0,757.5,279.5,103587.0,0.4593776762485504,LOW_CONFIDENCE,0.04254765000223415,0.0,8.37728363512471,1,0,0,0.0,0.0,1.0,0,0,0,0,none,nan,nan,nan,nan,nan,3,2
848,214.03713481800514,648.0,43.0,219.0,473.0,757.5,279.5,103587.0,0.45644786953926086,LOW_CONFIDENCE,0.04358189000049606,0.0,8.236270600034967,1,0,0,0.0,0.0,1.0,0,0,0,0,none,nan,nan,nan,nan,nan,3,2
849,214.2073492730051,641.56298828125,36.563018798828125,219.0,473.0,751.06298828125,273.0630187988281,103587.0,0.44814494252204895,LOW_CONFIDENCE,0.09513847700145561,0.0,5.874941702220839,1,0,0,9.103287694649936,0.006198595985987357,1.0,0,0,0,0,none,nan,nan,nan,nan,nan,3,2
850,214.3320721630007,648.43701171875,49.87396240234375,219.0,473.0,757.93701171875,286.37396240234375,103587.0,0.4982436001300812,LOW_CONFIDENCE,0.05060219200095162,0.0,8.01777444409121,1,0,0,14.981102023391765,0.010200907845902616,1.0,0,0,0,0,none,nan,nan,nan,nan,nan,3,2
851,214.46027705199958,648.0,50.0,219.0,473.0,757.5,286.5,103587.0,0.5556646585464478,TRACKING,0.05052239799988456,0.0,7.800014553335291,0,0,0,0.4548238322117563,0.000309697910825787,1.0,0,0,0,0,none,nan,nan,nan,nan,nan,3,2
852,214.58756707800057,648.0,43.563018798828125,219.0,473.0,757.5,280.0630187988281,103587.0,0.5304484367370605,TRACKING,0.052654630002507474,0.0,7.856075070581,0,0,0,6.436981201171875,0.004383058865525003,1.0,0,0,0,0,none,nan,nan,nan,nan,nan,3,2
853,214.69869499900233,641.56298828125,44.0,219.0,473.0,751.06298828125,280.5,103587.0,0.5561237335205078,TRACKING,0.05236696800420759,0.0,8.998638604822156,0,0,0,6.451827061964885,0.004393167685130272,1.0,0,0,0,0,none,nan,nan,nan,nan,nan,3,2
854,214.8269523370036,648.43701171875,44.0,219.0,473.0,757.93701171875,280.5,103587.0,0.5752782225608826,TRACKING,0.05409476400382118,0.0,7.7968248490394245,0,0,0,6.8740234375,0.0046806489607389085,1.0,0,0,0,0,none,nan,nan,nan,nan,nan,3,2
855,214.94860396500007,641.56298828125,44.0,219.0,473.0,751.06298828125,280.5,103587.0,0.563550591468811,TRACKING,0.050445729997591116,0.0,8.220194143468518,0,0,0,6.8740234375,0.0046806489607389085,1.0,0,0,0,0,none,nan,nan,nan,nan,nan,3,2
856,215.079195049002,642.0,44.0,219.0,473.0,751.5,280.5,103587.0,0.5740793347358704,TRACKING,0.05346547899534926,0.0,7.657490613870562,0,0,0,0.43701171875,0.00029756931523379195,1.0,0,0,0,0,none,nan,nan,nan,nan,nan,3,2
857,215.19687748100114,642.0,44.0,219.0,473.0,751.5,280.5,103587.0,0.5722041130065918,TRACKING,0.04563172400230542,0.0,8.497445056263004,0,0,0,0.0,0.0,1.0,0,0,0,0,none,nan,nan,nan,nan,nan,3,2
858,215.3047503350026,642.0,44.0,219.0,473.0,751.5,280.5,103587.0,0.5640472173690796,TRACKING,0.03989504299534019,0.0,9.2701728275991,0,0,0,0.0,0.0,1.0,0,0,0,0,none,nan,nan,nan,nan,nan,3,2
859,215.41840034000052,642.0,44.0,219.0,473.0,751.5,280.5,103587.0,0.5492196083068848,TRACKING,0.04212326599372318,0.0,8.798943739759714,0,0,0,0.0,0.0,1.0,0,0,0,0,none,nan,nan,nan,nan,nan,3,2
860,215.53555567700096,642.0,44.0,219.0,473.0,751.5,280.5,103587.0,0.5522343516349792,TRACKING,0.04708300499623874,0.0,8.535676014454564,0,0,0,0.0,0.0,1.0,0,0,0,0,none,nan,nan,nan,nan,nan,3,2
861,215.65322586899856,642.0,44.0,219.0,473.0,751.5,280.5,103587.0,0.5274968147277832,TRACKING,0.04471727799682412,0.0,8.498328956753655,0,0,0,0.0,0.0,1.0,0,0,0,0,none,nan,nan,nan,nan,nan,3,2
862,215.7759923640042,642.0,44.0,219.0,473.0,751.5,280.5,103587.0,0.5380226969718933,TRACKING,0.04736660399794346,0.0,8.145544922123086,0,0,0,0.0,0.0,1.0,0,0,0,0,none,nan,nan,nan,nan,nan,3,2
863,215.8918065800026,642.0,44.0,219.0,473.0,751.5,280.5,103587.0,0.5415987372398376,TRACKING,0.04569901699869661,0.0,8.634518581154419,0,0,0,0.0,0.0,1.0,0,0,0,0,none,nan,nan,nan,nan,nan,3,2
864,216.00574773699918,642.0,44.0,219.0,473.0,751.5,280.5,103587.0,0.5598054528236389,TRACKING,0.041830135000054725,0.0,8.776459940896855,0,0,0,0.0,0.0,1.0,0,0,0,0,none,nan,nan,nan,nan,nan,3,2
865,216.11402481800178,642.0,44.0,219.0,473.0,751.5,280.5,103587.0,0.5656514167785645,TRACKING,0.04653163900366053,0.0,9.235564818892826,0,0,0,0.0,0.0,1.0,0,0,0,0,none,nan,nan,nan,nan,nan,3,2
866,216.22823754300043,642.0,44.0,219.0,473.0,751.5,280.5,103587.0,0.5706155896186829,TRACKING,0.045224841000162996,0.0,8.755591813537473,0,0,0,0.0,0.0,1.0,0,0,0,0,none,nan,nan,nan,nan,nan,3,2
867,216.3457021580034,635.56298828125,44.0,219.0,473.0,745.06298828125,280.5,103587.0,0.5877572298049927,TRACKING,0.04962951500056079,0.0,8.513202039394503,0,0,0,6.43701171875,0.004383079645505116,1.0,0,0,0,0,none,nan,nan,nan,nan,nan,3,2
868,216.46986863000348,642.43701171875,44.0,219.0,473.0,751.93701171875,280.5,103587.0,0.5789012312889099,TRACKING,0.053041044004203286,0.0,8.053703901641313,0,0,0,6.8740234375,0.0046806489607389085,1.0,0,0,0,0,none,nan,nan,nan,nan,nan,3,2
869,216.59570331300347,635.56298828125,44.0,219.0,473.0,745.06298828125,280.5,103587.0,0.5827483534812927,TRACKING,0.05785572699824115,0.0,7.946934630097572,0,0,0,6.8740234375,0.0046806489607389085,1.0,0,0,0,0,none,nan,nan,nan,nan,nan,3,2
870,216.72691097200004,642.43701171875,50.436981201171875,219.0,473.0,751.93701171875,286.9369812011719,103587.0,0.5893639326095581,TRACKING,0.05756988799839746,0.0,7.621506302662721,0,0,0,9.417373583093083,0.006412462842958511,1.0,0,0,0,0,none,nan,nan,nan,nan,nan,3,2
871,216.8601529439984,642.0,50.0,219.0,473.0,751.5,286.5,103587.0,0.5725246071815491,TRACKING,0.048970231000566855,0.0,7.505142598852525,0,0,0,0.6180063207625338,0.0004208118679413843,1.0,0,0,0,0,none,nan,nan,nan,nan,nan,3,2
872,216.98253979600122,642.0,50.0,219.0,473.0,751.5,286.5,103587.0,0.5690197348594666,TRACKING,0.050070826000592206,0.0,8.170812335110686,0,0,0,0.0,0.0,1.0,0,0,0,0,none,nan,nan,nan,nan,nan,3,2
873,217.0973383140008,642.0,50.0,219.0,473.0,751.5,286.5,103587.0,0.5528977513313293,TRACKING,0.041190433999872766,0.0,8.71091384649743,0,0,0,0.0,0.0,1.0,0,0,0,0,none,nan,nan,nan,nan,nan,3,2
874,217.2699549540048,635.56298828125,50.0,219.0,473.0,745.06298828125,286.5,103587.0,0.5610817670822144,TRACKING,0.09755930800019996,0.0,5.793184249079013,0,0,0,6.43701171875,0.004383079645505116,1.0,0,0,0,0,none,nan,nan,nan,nan,nan,3,2
875,217.39877688699926,642.43701171875,50.0,219.0,473.0,751.93701171875,286.5,103587.0,0.6530700325965881,TRACKING,0.052080243003729265,0.0,7.762653274601392,0,0,0,6.8740234375,0.0046806489607389085,1.0,0,0,0,0,none,nan,nan,nan,nan,nan,3,2
876,217.52003798600344,642.0,50.0,219.0,473.0,751.5,286.5,103587.0,0.6322425007820129,TRACKING,0.046958938997704536,0.0,8.246667795460716,0,0,0,0.43701171875,0.00029756931523379195,1.0,0,0,0,0,none,nan,nan,nan,nan,nan,3,2
877,217.6207984540015,635.56298828125,50.0,219.0,473.0,745.06298828125,286.5,103587.0,0.6368788480758667,TRACKING,0.04354954599693883,0.0,9.924527147089279,0,0,0,6.43701171875,0.004383079645505116,1.0,0,0,0,0,none,nan,nan,nan,nan,nan,3,2
878,217.73778884000058,636.0,50.0,219.0,473.0,745.5,286.5,103587.0,0.6373653411865234,TRACKING,0.04493113699572859,0.0,8.547710920517812,0,0,0,0.43701171875,0.00029756931523379195,1.0,0,0,0,0,none,nan,nan,nan,nan,nan,3,2
879,217.8604377810043,636.0,50.0,219.0,473.0,745.5,286.5,103587.0,0.6194640398025513,TRACKING,0.05100271999981487,0.0,8.153352094329865,0,0,0,0.0,0.0,1.0,0,0,0,0,none,nan,nan,nan,nan,nan,3,2
880,217.9849125920009,629.56298828125,56.436981201171875,219.0,473.0,739.06298828125,292.9369812011719,103587.0,0.6201962828636169,TRACKING,0.051542158995289356,0.0,8.033753913690862,0,0,0,9.103287694649936,0.006198595985987357,1.0,0,0,0,0,none,nan,nan,nan,nan,nan,3,2
881,218.09834353000042,630.0,56.0,219.0,473.0,739.5,292.5,103587.0,0.6215898990631104,TRACKING,0.041167673996824306,0.0,8.815936971307757,0,0,0,0.6180063207625338,0.0004208118679413843,1.0,0,0,0,0,none,nan,nan,nan,nan,nan,3,2
882,218.2079583990053,630.0,56.0,219.0,473.0,739.5,292.5,103587.0,0.583311915397644,TRACKING,0.03909252599987667,0.0,9.122849929744039,0,0,0,0.0,0.0,1.0,0,0,0,0,none,nan,nan,nan,nan,nan,3,2
883,218.3310456820036,623.56298828125,56.0,219.0,473.0,733.06298828125,292.5,103587.0,0.602920413017273,TRACKING,0.048884967996855266,0.0,8.124316140877916,0,0,0,6.43701171875,0.004383079645505116,1.0,0,0,0,0,none,nan,nan,nan,nan,nan,3,2
884,218.46047158600413,624.0,49.563018798828125,219.0,473.0,733.5,286.0630187988281,103587.0,0.5996420979499817,TRACKING,0.05951800099865068,0.0,7.726428551705742,0,0,0,6.451798681496885,0.004393148360347739,1.0,0,0,0,0,none,nan,nan,nan,nan,nan,3,2
885,218.57571474900033,617.56298828125,56.436981201171875,219.0,473.0,727.06298828125,292.9369812011719,103587.0,0.5892624855041504,TRACKING,0.0450299929943867,0.0,8.677304353691047,0,0,0,9.417349891352677,0.0064124467108168165,1.0,0,0,0,0,none,nan,nan,nan,nan,nan,3,2
886,218.70435537500452,618.0,49.563018798828125,219.0,473.0,727.5,286.0630187988281,103587.0,0.579705536365509,TRACKING,0.051960397002403624,0.0,7.773594011952041,0,0,0,6.8878398900642495,0.004690056837352066,1.0,0,0,0,0,none,nan,nan,nan,nan,nan,3,2
887,218.8210696620008,611.56298828125,56.436981201171875,219.0,473.0,721.06298828125,292.9369812011719,103587.0,0.5911979079246521,TRACKING,0.04335198999615386,0.0,8.567931362437523,0,0,0,9.417349891352677,0.0064124467108168165,1.0,0,0,0,0,none,nan,nan,nan,nan,nan,3,2
888,218.93444648400327,612.0,56.0,219.0,473.0,721.5,292.5,103587.0,0.5705524682998657,TRACKING,0.04250473199499538,0.0,8.820144914436383,0,0,0,0.6180063207625338,0.0004208118679413843,1.0,0,0,0,0,none,nan,nan,nan,nan,nan,3,2
889,219.04055122900172,605.56298828125,56.0,219.0,473.0,715.06298828125,292.5,103587.0,0.5462801456451416,TRACKING,0.04744431399740279,0.0,9.424649199379681,0,0,0,6.43701171875,0.004383079645505116,1.0,0,0,0,0,none,nan,nan,nan,nan,nan,3,2
890,219.1648811940031,606.0,49.563018798828125,219.0,473.0,715.5,286.0630187988281,103587.0,0.5619754791259766,TRACKING,0.05381330000091111,0.0,8.043113339482591,0,0,0,6.451798681496885,0.004393148360347739,1.0,0,0,0,0,none,nan,nan,nan,nan,nan,3,2
891,219.28255300000455,593.1260375976562,56.436981201171875,219.0,473.0,702.6260375976562,292.9369812011719,103587.0,0.5974648594856262,TRACKING,0.044884989998536184,0.0,8.498212392420037,0,0,0,14.594186070000475,0.009937449658481468,1.0,0,0,0,0,none,nan,nan,nan,nan,nan,3,2
892,219.40497006100486,593.0,49.563018798828125,219.0,473.0,702.5,286.0630187988281,103587.0,0.574600338935852,TRACKING,0.05033343600371154,0.0,8.168796014450166,0,0,0,6.875117786980701,0.004681394123423631,1.0,0,0,0,0,none,nan,nan,nan,nan,nan,3,2
893,219.52428278700245,586.56298828125,50.0,219.0,473.0,696.06298828125,286.5,103587.0,0.5824813842773438,TRACKING,0.05125309000140987,0.0,8.38133561729379,0,0,0,6.451827061964885,0.004393167685130272,1.0,0,0,0,0,none,nan,nan,nan,nan,nan,3,2
894,219.6320075650001,587.0,50.0,219.0,473.0,696.5,286.5,103587.0,0.6015341877937317,TRACKING,0.04047797199746128,0.0,9.282915394096722,0,0,0,0.43701171875,0.00029756931523379195,1.0,0,0,0,0,none,nan,nan,nan,nan,nan,3,2
895,219.7424427119986,587.0,50.0,219.0,473.0,696.5,286.5,103587.0,0.5961519479751587,TRACKING,0.03896460699616,0.0,9.055088232133235,0,0,0,0.0,0.0,1.0,0,0,0,0,none,nan,nan,nan,nan,nan,3,2
896,219.8496885220011,587.0,50.0,219.0,473.0,696.5,286.5,103587.0,0.5982869863510132,TRACKING,0.040032493001490366,0.0,9.324373604681865,0,0,0,0.0,0.0,1.0,0,0,0,0,none,nan,nan,nan,nan,nan,3,2
897,219.97327763800422,580.56298828125,50.0,219.0,473.0,690.06298828125,286.5,103587.0,0.6013969779014587,TRACKING,0.052484314001048915,0.0,8.091327394676583,0,0,0,6.43701171875,0.004383079645505116,1.0,0,0,0,0,none,nan,nan,nan,nan,nan,3,2
898,220.0864250279992,581.0,50.0,219.0,473.0,690.5,286.5,103587.0,0.6073237657546997,TRACKING,0.041776645004574675,0.0,8.838029759628192,0,0,0,0.43701171875,0.00029756931523379195,1.0,0,0,0,0,none,nan,nan,nan,nan,nan,3,2
899,220.24366291300248,574.56298828125,50.0,219.0,473.0,684.06298828125,286.5,103587.0,0.6126956343650818,TRACKING,0.09017160299845273,0.0,6.359790453676025,0,0,0,6.43701171875,0.004383079645505116,1.0,0,0,0,0,none,nan,nan,nan,nan,nan,3,2
900,220.36530990499887,581.43701171875,50.0,219.0,473.0,690.93701171875,286.5,103587.0,0.6270333528518677,TRACKING,0.054478104000736494,0.0,8.220507417312152,0,0,0,6.8740234375,0.0046806489607389085,1.0,0,0,0,0,none,nan,nan,nan,nan,nan,3,2
901,220.47880157300096,581.0,50.0,219.0,473.0,690.5,286.5,103587.0,0.6050393581390381,TRACKING,0.05589605100249173,0.0,8.81121951596936,0,0,0,0.43701171875,0.00029756931523379195,1.0,0,0,0,0,none,nan,nan,nan,nan,nan,3,2
902,220.60597519099974,581.0,50.0,219.0,473.0,690.5,286.5,103587.0,0.6043870449066162,TRACKING,0.05379152800014708,0.0,7.863266106100765,0,0,0,0.0,0.0,1.0,0,0,0,0,none,nan,nan,nan,nan,nan,3,2
903,220.7331964660043,581.0,50.0,219.0,473.0,690.5,286.5,103587.0,0.586270809173584,TRACKING,0.05590115600352874,0.0,7.860320531799187,0,0,0,0.0,0.0,1.0,0,0,0,0,none,nan,nan,nan,nan,nan,3,2
904,220.8565224519989,574.56298828125,50.0,219.0,473.0,684.06298828125,286.5,103587.0,0.598487138748169,TRACKING,0.05377496499568224,0.0,8.108591161345405,0,0,0,6.43701171875,0.004383079645505116,1.0,0,0,0,0,none,nan,nan,nan,nan,nan,3,2
905,220.96323929200298,575.0,50.0,219.0,473.0,684.5,286.5,103587.0,0.6282705664634705,TRACKING,0.0383547509991331,0.0,9.370592307284792,0,0,0,0.43701171875,0.00029756931523379195,1.0,0,0,0,0,none,nan,nan,nan,nan,nan,3,2
906,221.07857959200192,575.0,50.0,219.0,473.0,684.5,286.5,103587.0,0.6435324549674988,TRACKING,0.04150486800062936,0.0,8.66999652341153,0,0,0,0.0,0.0,1.0,0,0,0,0,none,nan,nan,nan,nan,nan,3,2
907,221.19169739800418,575.0,50.0,219.0,473.0,684.5,286.5,103587.0,0.6322750449180603,TRACKING,0.042085505003342405,0.0,8.840341192437714,0,0,0,0.0,0.0,1.0,0,0,0,0,none,nan,nan,nan,nan,nan,3,2
908,221.3015458660011,575.0,50.0,219.0,473.0,684.5,286.5,103587.0,0.6395109295845032,TRACKING,0.04123022699786816,0.0,9.103449672397648,0,0,0,0.0,0.0,1.0,0,0,0,0,none,nan,nan,nan,nan,nan,3,2
909,221.41018201700354,575.0,50.0,219.0,473.0,684.5,286.5,103587.0,0.6620696783065796,TRACKING,0.03980540599877713,0.0,9.20503893752312,0,0,0,0.0,0.0,1.0,0,0,0,0,none,nan,nan,nan,nan,nan,3,2
910,221.52062945600483,575.0,50.0,219.0,473.0,684.5,286.5,103587.0,0.6407935619354248,TRACKING,0.039365917997201905,0.0,9.054080466169166,0,0,0,0.0,0.0,1.0,0,0,0,0,none,nan,nan,nan,nan,nan,3,2
911,221.63411789500242,575.0,56.436981201171875,219.0,473.0,684.5,292.9369812011719,103587.0,0.6759486198425293,TRACKING,0.04460081800061744,0.0,8.81147021522796,0,0,0,6.436981201171875,0.004383058865525003,1.0,0,0,0,0,none,nan,nan,nan,nan,nan,3,2
912,221.74421428400092,575.0,56.0,219.0,473.0,684.5,292.5,103587.0,0.669294536113739,TRACKING,0.03820802900008857,0.0,9.08295003220885,0,0,0,0.436981201171875,0.0002975485352536779,1.0,0,0,0,0,none,nan,nan,nan,nan,nan,3,2
913,221.8429430430042,575.0,56.0,219.0,473.0,684.5,292.5,103587.0,0.6424047946929932,TRACKING,0.039477065998653416,0.0,10.128760961806327,0,0,0,0.0,0.0,1.0,0,0,0,0,none,nan,nan,nan,nan,nan,3,2
914,221.95589001200278,575.0,56.0,219.0,473.0,684.5,292.5,103587.0,0.6504793167114258,TRACKING,0.04031130200019106,0.0,8.853712577382442,0,0,0,0.0,0.0,1.0,0,0,0,0,none,nan,nan,nan,nan,nan,3,2
915,222.0738603150021,568.56298828125,56.0,219.0,473.0,678.06298828125,292.5,103587.0,0.613272488117218,TRACKING,0.045936625996546354,0.0,8.47670960043091,0,0,0,6.43701171875,0.004383079645505116,1.0,0,0,0,0,none,nan,nan,nan,nan,nan,3,2
916,222.19184098199912,569.0,56.0,219.0,473.0,678.5,292.5,103587.0,0.6192662715911865,TRACKING,0.042624630994396284,0.0,8.47596496488017,0,0,0,0.43701171875,0.00029756931523379195,1.0,0,0,0,0,none,nan,nan,nan,nan,nan,3,2
917,222.30914710400248,569.0,56.0,219.0,473.0,678.5,292.5,103587.0,0.6057820916175842,TRACKING,0.044818790003773756,0.0,8.524704277338493,0,0,0,0.0,0.0,1.0,0,0,0,0,none,nan,nan,nan,nan,nan,3,2
918,222.41692506000254,569.0,56.0,219.0,473.0,678.5,292.5,103587.0,0.5883117914199829,TRACKING,0.038992680005321745,0.0,9.278335172726882,0,0,0,0.0,0.0,1.0,0,0,0,0,none,nan,nan,nan,nan,nan,3,2
919,222.5422532750017,562.56298828125,56.0,219.0,473.0,672.06298828125,292.5,103587.0,0.5828211307525635,TRACKING,0.05106511699705152,0.0,7.979049250853907,0,0,0,6.43701171875,0.004383079645505116,1.0,0,0,0,0,none,nan,nan,nan,nan,nan,3,2
920,222.6519667399989,563.0,56.0,219.0,473.0,672.5,292.5,103587.0,0.5894978642463684,TRACKING,0.040233382998849265,0.0,9.114651515433028,0,0,0,0.43701171875,0.00029756931523379195,1.0,0,0,0,0,none,nan,nan,nan,nan,nan,3,2
921,222.76922145400022,556.56298828125,49.563018798828125,219.0,473.0,666.06298828125,286.0630187988281,103587.0,0.5589274168014526,TRACKING,0.044618317995627876,0.0,8.52844176472724,0,0,0,9.103287694649936,0.006198595985987357,1.0,0,0,0,0,none,nan,nan,nan,nan,nan,3,2
922,222.8830294310028,557.0,50.0,219.0,473.0,666.5,286.5,103587.0,0.6136569380760193,TRACKING,0.03733691699744668,0.0,8.78673030078843,0,0,0,0.6180063207625338,0.0004208118679413843,1.0,0,0,0,0,none,nan,nan,nan,nan,nan,3,2
923,223.00598311800422,550.56298828125,50.0,219.0,473.0,660.06298828125,286.5,103587.0,0.5741643309593201,TRACKING,0.051363613005378284,0.0,8.133143660737824,0,0,0,6.43701171875,0.004383079645505116,1.0,0,0,0,0,none,nan,nan,nan,nan,nan,3,2
924,223.1666616980001,544.56298828125,43.563018798828125,219.0,473.0,654.06298828125,280.0630187988281,103587.0,0.6318246722221375,TRACKING,0.089926075997937,0.0,6.223604913770564,0,0,0,8.799700391731534,0.0059918778089519675,1.0,0,0,0,0,none,nan,nan,nan,nan,nan,3,2
925,223.2696496080025,551.43701171875,50.436981201171875,219.0,473.0,660.93701171875,286.9369812011719,103587.0,0.6055431962013245,TRACKING,0.04498270000476623,0.0,9.709877596084644,0,0,0,9.72129401510595,0.006619407853720027,1.0,0,0,0,0,none,nan,nan,nan,nan,nan,3,2
926,223.3913895709993,551.0,50.0,219.0,473.0,660.5,286.5,103587.0,0.619420051574707,TRACKING,0.050288434002141,0.0,8.214229537972649,0,0,0,0.6180063207625338,0.0004208118679413843,1.0,0,0,0,0,none,nan,nan,nan,nan,nan,3,2
927,223.50861720200191,544.56298828125,50.0,219.0,473.0,654.06298828125,286.5,103587.0,0.6318712830543518,TRACKING,0.04622835099871736,0.0,8.530412083289193,0,0,0,6.43701171875,0.004383079645505116,1.0,0,0,0,0,none,nan,nan,nan,nan,nan,3,2
928,223.62346733500453,545.0,50.0,219.0,473.0,654.5,286.5,103587.0,0.6365439295768738,TRACKING,0.041652474996226374,0.0,8.706999059175613,0,0,0,0.43701171875,0.00029756931523379195,1.0,0,0,0,0,none,nan,nan,nan,nan,nan,3,2
929,223.74451567000506,538.56298828125,50.0,219.0,473.0,648.06298828125,286.5,103587.0,0.6275840401649475,TRACKING,0.04270421500405064,0.0,8.261162782583307,0,0,0,6.43701171875,0.004383079645505116,1.0,0,0,0,0,none,nan,nan,nan,nan,nan,3,2
930,223.8637641239984,539.0,50.0,219.0,473.0,648.5,286.5,103587.0,0.6250508427619934,TRACKING,0.038011983000615146,0.0,8.385852952489964,0,0,0,0.43701171875,0.00029756931523379195,1.0,0,0,0,0,none,nan,nan,nan,nan,nan,3,2
931,223.99717656800203,539.0,50.0,219.0,473.0,648.5,286.5,103587.0,0.6107655763626099,TRACKING,0.04493056399951456,0.0,7.495552663534369,0,0,0,0.0,0.0,1.0,0,0,0,0,none,nan,nan,nan,nan,nan,3,2
932,224.12017395300063,532.56298828125,50.0,219.0,473.0,642.06298828125,286.5,103587.0,0.6219459176063538,TRACKING,0.049893791001522914,0.0,8.130254151430924,0,0,0,6.43701171875,0.004383079645505116,1.0,0,0,0,0,none,nan,nan,nan,nan,nan,3,2
933,224.23731413399946,526.56298828125,56.436981201171875,219.0,473.0,636.06298828125,292.9369812011719,103587.0,0.622908890247345,TRACKING,0.04633267600002,0.0,8.53678038972792,0,0,0,8.799700391731534,0.0059918778089519675,1.0,0,0,0,0,none,nan,nan,nan,nan,nan,3,2
934,224.35501010800363,527.0,56.0,219.0,473.0,636.5,292.5,103587.0,0.6303465962409973,TRACKING,0.04341917800047668,0.0,8.496467347002216,0,0,0,0.6180063207625338,0.0004208118679413843,1.0,0,0,0,0,none,nan,nan,nan,nan,nan,3,2
935,224.46320218800247,527.0,56.0,219.0,473.0,636.5,292.5,103587.0,0.6129974722862244,TRACKING,0.037329365994082764,0.0,9.242820731523844,0,0,0,0.0,0.0,1.0,0,0,0,0,none,nan,nan,nan,nan,nan,3,2
936,224.5766694280028,520.56298828125,62.436981201171875,219.0,473.0,630.06298828125,298.9369812011719,103587.0,0.6067714095115662,TRACKING,0.04371012200135738,0.0,8.813116455438548,0,0,0,9.103287694649936,0.006198595985987357,1.0,0,0,0,0,none,nan,nan,nan,nan,nan,3,2
937,224.68650977100333,521.0,68.43698120117188,219.0,473.0,630.5,304.9369812011719,103587.0,0.5908991098403931,TRACKING,0.05164653600513702,0.0,9.104123063372684,0,0,0,6.015893885560551,0.004096332769212288,1.0,0,0,0,0,none,nan,nan,nan,nan,nan,3,2
938,224.79624156900536,521.0,68.0,219.0,473.0,630.5,304.5,103587.0,0.5689979195594788,TRACKING,0.03914330800034804,0.0,9.113128721188858,0,0,0,0.436981201171875,0.0002975485352536779,1.0,0,0,0,0,none,nan,nan,nan,nan,nan,3,2
939,224.91670895500283,521.0,74.43698120117188,219.0,473.0,630.5,310.9369812011719,103587.0,0.5651480555534363,TRACKING,0.04770197499601636,0.0,8.301001899559655,0,0,0,6.436981201171875,0.004383058865525003,1.0,0,0,0,0,none,nan,nan,nan,nan,nan,3,2
940,225.03095136699994,521.0,74.0,219.0,473.0,630.5,310.5,103587.0,0.5725640654563904,TRACKING,0.044203152996487916,0.0,8.753316588109922,0,0,0,0.436981201171875,0.0002975485352536779,1.0,0,0,0,0,none,nan,nan,nan,nan,nan,3,2
941,225.15998747100093,514.56298828125,74.0,219.0,473.0,624.06298828125,310.5,103587.0,0.554190993309021,TRACKING,0.04933638399961637,0.0,7.7497690103255135,0,0,0,6.43701171875,0.004383079645505116,1.0,0,0,0,0,none,nan,nan,nan,nan,nan,3,2
942,225.27470661300322,515.0,74.0,219.0,473.0,624.5,310.5,103587.0,0.5786604285240173,TRACKING,0.04237436499533942,0.0,8.71694106620907,0,0,0,0.43701171875,0.00029756931523379195,1.0,0,0,0,0,none,nan,nan,nan,nan,nan,3,2
943,225.3941948110005,515.0,74.0,219.0,473.0,624.5,310.5,103587.0,0.5532629489898682,TRACKING,0.04144538700347766,0.0,8.36902737476083,0,0,0,0.0,0.0,1.0,0,0,0,0,none,nan,nan,nan,nan,nan,3,2
944,225.50871972900495,515.0,74.0,219.0,473.0,624.5,310.5,103587.0,0.5516721606254578,TRACKING,0.04195894000440603,0.0,8.731724217091609,0,0,0,0.0,0.0,1.0,0,0,0,0,none,nan,nan,nan,nan,nan,3,2
945,225.61771552300343,515.0,74.0,219.0,473.0,624.5,310.5,103587.0,0.546971321105957,TRACKING,0.03885064700443763,0.0,9.174665950999891,0,0,0,0.0,0.0,1.0,0,0,0,0,none,nan,nan,nan,nan,nan,3,2
946,225.74818785500247,515.0,80.43698120117188,219.0,473.0,624.5,316.9369812011719,103587.0,0.5280152559280396,TRACKING,0.054458312995848246,0.0,7.664460232130473,0,0,0,6.436981201171875,0.004383058865525003,1.0,0,0,0,0,none,nan,nan,nan,nan,nan,3,2
947,225.87522313600493,515.0,73.56301879882812,219.0,473.0,624.5,310.0630187988281,103587.0,0.5028296709060669,TRACKING,0.05552182399696903,0.0,7.8718289290091725,0,0,0,6.87396240234375,0.00468060740077868,1.0,0,0,0,0,none,nan,nan,nan,nan,nan,3,2
948,225.99394345399924,521.43701171875,80.43698120117188,219.0,473.0,630.93701171875,316.9369812011719,103587.0,0.5090650916099548,TRACKING,0.04797557499841787,0.0,8.423158031365702,0,0,0,9.417349891352677,0.0064124467108168165,1.0,0,0,0,0,none,nan,nan,nan,nan,nan,3,2
949,226.13555351499963,521.0,86.43698120117188,219.0,473.0,630.5,322.9369812011719,103587.0,0.46919187903404236,LOW_CONFIDENCE,0.08365808200323954,0.0,7.061645146789603,1,0,0,6.015893885560551,0.004096332769212288,1.0,0,0,0,0,none,nan,nan,nan,nan,nan,3,2
950,226.25305344300432,521.0,86.0,219.0,473.0,630.5,322.5,103587.0,0.5242826342582703,TRACKING,0.04412799500278197,0.0,8.510643512565228,0,0,0,0.436981201171875,0.0002975485352536779,1.0,0,0,0,0,none,nan,nan,nan,nan,nan,3,2
951,226.3707206149993,521.0,86.0,219.0,473.0,630.5,322.5,103587.0,0.5307236313819885,TRACKING,0.0449057720034034,0.0,8.498547071758086,0,0,0,0.0,0.0,1.0,0,0,0,0,none,nan,nan,nan,nan,nan,3,2
952,226.48941655700037,521.0,86.0,219.0,473.0,630.5,322.5,103587.0,0.5089289546012878,TRACKING,0.04520525700354483,0.0,8.424887853293265,0,0,0,0.0,0.0,1.0,0,0,0,0,none,nan,nan,nan,nan,nan,3,2
953,226.6054068700032,521.0,86.0,219.0,473.0,630.5,322.5,103587.0,0.5028614401817322,TRACKING,0.0456000039994251,0.0,8.621409616986876,0,0,0,0.0,0.0,1.0,0,0,0,0,none,nan,nan,nan,nan,nan,3,2
954,226.71646984299878,521.0,86.0,219.0,473.0,630.5,322.5,103587.0,0.5313843488693237,TRACKING,0.04029484400234651,0.0,9.003900877386888,0,0,0,0.0,0.0,1.0,0,0,0,0,none,nan,nan,nan,nan,nan,3,2
955,226.84330626600422,521.0,86.0,219.0,473.0,630.5,322.5,103587.0,0.529279351234436,TRACKING,0.05281327899865573,0.0,7.88417062153421,0,0,0,0.0,0.0,1.0,0,0,0,0,none,nan,nan,nan,nan,nan,3,2
956,226.9611305760045,521.0,86.0,219.0,473.0,630.5,322.5,103587.0,0.5355478525161743,TRACKING,0.049620295998465735,0.0,8.48721286801986,0,0,0,0.0,0.0,1.0,0,0,0,0,none,nan,nan,nan,nan,nan,3,2
957,227.08203677200072,521.0,86.0,219.0,473.0,630.5,322.5,103587.0,0.5520622730255127,TRACKING,0.04946149100578623,0.0,8.270874720360267,0,0,0,0.0,0.0,1.0,0,0,0,0,none,nan,nan,nan,nan,nan,3,2
958,227.1985686590051,521.0,86.0,219.0,473.0,630.5,322.5,103587.0,0.5390778183937073,TRACKING,0.04647429299802752,0.0,8.581342203463786,0,0,0,0.0,0.0,1.0,0,0,0,0,none,nan,nan,nan,nan,nan,3,2
959,227.32374499599973,521.0,79.56301879882812,219.0,473.0,630.5,316.0630187988281,103587.0,0.531194806098938,TRACKING,0.05322677699587075,0.0,7.988730330421152,0,0,0,6.436981201171875,0.004383058865525003,1.0,0,0,0,0,none,nan,nan,nan,nan,nan,3,2
960,227.45150175099843,527.43701171875,80.0,219.0,473.0,636.93701171875,316.5,103587.0,0.5432915091514587,TRACKING,0.056230223999591544,0.0,7.8273747639424425,0,0,0,6.451827061964885,0.004393167685130272,1.0,0,0,0,0,none,nan,nan,nan,nan,nan,3,2
961,227.57151990800048,520.56298828125,86.43698120117188,219.0,473.0,630.06298828125,322.9369812011719,103587.0,0.540768563747406,TRACKING,0.060917820999748074,0.0,8.332072621169443,0,0,0,9.417373583093083,0.006412462842958511,1.0,0,0,0,0,none,nan,nan,nan,nan,nan,3,2
962,227.70070992199908,527.43701171875,79.56301879882812,219.0,473.0,636.93701171875,316.0630187988281,103587.0,0.5310275554656982,TRACKING,0.05277739300072426,0.0,7.7405363545426304,0,0,0,9.72129401510595,0.006619407853720027,1.0,0,0,0,0,none,nan,nan,nan,nan,nan,3,2
963,227.82814666999911,520.56298828125,86.43698120117188,219.0,473.0,630.06298828125,322.9369812011719,103587.0,0.5022959113121033,TRACKING,0.05630954899970675,0.0,7.8470301203834385,0,0,0,9.72129401510595,0.006619407853720027,1.0,0,0,0,0,none,nan,nan,nan,nan,nan,3,2
964,227.95086811199872,527.43701171875,79.56301879882812,219.0,473.0,636.93701171875,316.0630187988281,103587.0,0.5257126092910767,TRACKING,0.05066927699954249,0.0,8.14853528206787,0,0,0,9.72129401510595,0.006619407853720027,1.0,0,0,0,0,none,nan,nan,nan,nan,nan,3,2
965,228.07741635200364,527.0,86.43698120117188,219.0,473.0,636.5,322.9369812011719,103587.0,0.5082867741584778,TRACKING,0.05230873799882829,0.0,7.902124912690241,0,0,0,6.8878398900642495,0.004690056837352066,1.0,0,0,0,0,none,nan,nan,nan,nan,nan,3,2
966,228.204008187,520.56298828125,86.0,219.0,473.0,630.06298828125,322.5,103587.0,0.5290069580078125,TRACKING,0.055957614997169,0.0,7.899403622901459,0,0,0,6.451827061964885,0.004393167685130272,1.0,0,0,0,0,none,nan,nan,nan,nan,nan,3,2
967,228.3256668469985,521.0,86.0,219.0,473.0,630.5,322.5,103587.0,0.510561466217041,TRACKING,0.04758718099765247,0.0,8.219719007362995,0,0,0,0.43701171875,0.00029756931523379195,1.0,0,0,0,0,none,nan,nan,nan,nan,nan,3,2
968,228.43479332000425,521.0,86.0,219.0,473.0,630.5,322.5,103587.0,0.534537136554718,TRACKING,0.0399826490029227,0.0,9.163679283828388,0,0,0,0.0,0.0,1.0,0,0,0,0,none,nan,nan,nan,nan,nan,3,2
969,228.55861218100472,521.0,86.0,219.0,473.0,630.5,322.5,103587.0,0.5229848027229309,TRACKING,0.049804258000222035,0.0,8.076313995459726,0,0,0,0.0,0.0,1.0,0,0,0,0,none,nan,nan,nan,nan,nan,3,2
970,228.6729376170042,521.0,86.0,219.0,473.0,630.5,322.5,103587.0,0.5285135507583618,TRACKING,0.0421488399952068,0.0,8.746959862934284,0,0,0,0.0,0.0,1.0,0,0,0,0,none,nan,nan,nan,nan,nan,3,2
971,228.78835927299951,521.0,86.0,219.0,473.0,630.5,322.5,103587.0,0.5430270433425903,TRACKING,0.043774186000518966,0.0,8.663885398080508,0,0,0,0.0,0.0,1.0,0,0,0,0,none,nan,nan,nan,nan,nan,3,2
972,228.91055226699973,521.0,86.0,219.0,473.0,630.5,322.5,103587.0,0.5458407998085022,TRACKING,0.04837386399594834,0.0,8.183775249816991,0,0,0,0.0,0.0,1.0,0,0,0,0,none,nan,nan,nan,nan,nan,3,2
973,229.0140965419996,514.56298828125,86.0,219.0,473.0,624.06298828125,322.5,103587.0,0.5536699295043945,TRACKING,0.04414080800052034,0.0,9.657704397478206,0,0,0,6.43701171875,0.004383079645505116,1.0,0,0,0,0,none,nan,nan,nan,nan,nan,3,2
974,229.18390953000198,515.0,79.56301879882812,219.0,473.0,624.5,316.0630187988281,103587.0,0.57012939453125,TRACKING,0.09798035799758509,0.0,5.888831070954371,0,0,0,6.451798681496885,0.004393148360347739,1.0,0,0,0,0,none,nan,nan,nan,nan,nan,3,2
975,229.31731765199947,515.0,80.0,219.0,473.0,624.5,316.5,103587.0,0.6746103763580322,TRACKING,0.05861287800507853,0.0,7.495795496010434,0,0,0,0.436981201171875,0.0002975485352536779,1.0,0,0,0,0,none,nan,nan,nan,nan,nan,3,2
976,229.43208387699997,515.0,80.0,219.0,473.0,624.5,316.5,103587.0,0.6841967105865479,TRACKING,0.04106428600061918,0.0,8.713364929409277,0,0,0,0.0,0.0,1.0,0,0,0,0,none,nan,nan,nan,nan,nan,3,2
977,229.55331002800085,515.0,80.0,219.0,473.0,624.5,316.5,103587.0,0.6995636820793152,TRACKING,0.04861423300462775,0.0,8.249045208015524,0,0,0,0.0,0.0,1.0,0,0,0,0,none,nan,nan,nan,nan,nan,3,2
978,229.68056104300194,508.56298828125,80.0,219.0,473.0,618.06298828125,316.5,103587.0,0.6726222634315491,TRACKING,0.05380012200475903,0.0,7.8584834862921165,0,0,0,6.43701171875,0.004383079645505116,1.0,0,0,0,0,none,nan,nan,nan,nan,nan,3,2
979,229.79593931300042,509.0,80.0,219.0,473.0,618.5,316.5,103587.0,0.7006085515022278,TRACKING,0.041959303998737596,0.0,8.667143301882007,0,0,0,0.43701171875,0.00029756931523379195,1.0,0,0,0,0,none,nan,nan,nan,nan,nan,3,2
980,229.91997463699954,509.0,73.56301879882812,219.0,473.0,618.5,310.0630187988281,103587.0,0.7069739699363708,TRACKING,0.05205659700004617,0.0,8.062219436836116,0,0,0,6.436981201171875,0.004383058865525003,1.0,0,0,0,0,none,nan,nan,nan,nan,nan,3,2
981,230.03846791900287,509.0,74.0,219.0,473.0,618.5,310.5,103587.0,0.7099939584732056,TRACKING,0.043674182998074684,0.0,8.439297005647225,0,0,0,0.436981201171875,0.0002975485352536779,1.0,0,0,0,0,none,nan,nan,nan,nan,nan,3,2
982,230.16567591200146,509.0,74.0,219.0,473.0,618.5,310.5,103587.0,0.7240612506866455,TRACKING,0.053763506999530364,0.0,7.861141241423939,0,0,0,0.0,0.0,1.0,0,0,0,0,none,nan,nan,nan,nan,nan,3,2
983,230.28717587100255,502.56298828125,74.0,219.0,473.0,612.06298828125,310.5,103587.0,0.7486361265182495,TRACKING,0.04917013099475298,0.0,8.230455452178973,0,0,0,6.43701171875,0.004383079645505116,1.0,0,0,0,0,none,nan,nan,nan,nan,nan,3,2
984,230.4142419339987,503.0,67.56301879882812,219.0,473.0,612.5,304.0630187988281,103587.0,0.7628844976425171,TRACKING,0.05157715999666834,0.0,7.869921963586684,0,0,0,6.451798681496885,0.004393148360347739,1.0,0,0,0,0,none,nan,nan,nan,nan,nan,3,2
985,230.52380149000237,503.0,68.0,219.0,473.0,612.5,304.5,103587.0,0.7506401538848877,TRACKING,0.05062021299818298,0.0,9.127455755357332,0,0,0,0.436981201171875,0.0002975485352536779,1.0,0,0,0,0,none,nan,nan,nan,nan,nan,3,2
986,230.64179726099974,503.0,68.0,219.0,473.0,612.5,304.5,103587.0,0.7271422147750854,TRACKING,0.044794153996917885,0.0,8.474880002456255,0,0,0,0.0,0.0,1.0,0,0,0,0,none,nan,nan,nan,nan,nan,3,2
987,230.761409368999,496.56298828125,68.0,219.0,473.0,606.06298828125,304.5,103587.0,0.7222399115562439,TRACKING,0.04630408199591329,0.0,8.360357632072441,0,0,0,6.43701171875,0.004383079645505116,1.0,0,0,0,0,none,nan,nan,nan,nan,nan,3,2
988,230.8955818809991,497.0,68.0,219.0,473.0,606.5,304.5,103587.0,0.7125789523124695,TRACKING,0.061076210004102904,0.0,7.453091434998423,0,0,0,0.43701171875,0.00029756931523379195,1.0,0,0,0,0,none,nan,nan,nan,nan,nan,3,2
989,231.01337822100322,497.0,68.0,219.0,473.0,606.5,304.5,103587.0,0.6777287721633911,TRACKING,0.04547088799881749,0.0,8.489228103054048,0,0,0,0.0,0.0,1.0,0,0,0,0,none,nan,nan,nan,nan,nan,3,2
990,231.14323335300287,497.0,68.0,219.0,473.0,606.5,304.5,103587.0,0.6768360733985901,TRACKING,0.052062377995753195,0.0,7.700889326443509,0,0,0,0.0,0.0,1.0,0,0,0,0,none,nan,nan,nan,nan,nan,3,2
991,231.2722559670001,497.0,68.0,219.0,473.0,606.5,304.5,103587.0,0.6881650686264038,TRACKING,0.05029973700584378,0.0,7.750579290088881,0,0,0,0.0,0.0,1.0,0,0,0,0,none,nan,nan,nan,nan,nan,3,2
992,231.39162650700018,497.0,68.0,219.0,473.0,606.5,304.5,103587.0,0.696639358997345,TRACKING,0.047475981002207845,0.0,8.377276336349311,0,0,0,0.0,0.0,1.0,0,0,0,0,none,nan,nan,nan,nan,nan,3,2
993,231.52056989999983,490.56298828125,68.0,219.0,473.0,600.06298828125,304.5,103587.0,0.7006410360336304,TRACKING,0.05278030900080921,0.0,7.755341136422199,0,0,0,6.43701171875,0.004383079645505116,1.0,0,0,0,0,none,nan,nan,nan,nan,nan,3,2
994,231.65562065999984,491.0,61.563018798828125,219.0,473.0,600.5,298.0630187988281,103587.0,0.7138732671737671,TRACKING,0.060367602003680076,0.0,7.404623269057539,0,0,0,6.451798681496885,0.004393148360347739,1.0,0,0,0,0,none,nan,nan,nan,nan,nan,3,2
995,231.78079491300014,491.0,68.43698120117188,219.0,473.0,600.5,304.9369812011719,103587.0,0.667033851146698,TRACKING,0.051776331005385146,0.0,7.988863332762509,0,0,0,6.87396240234375,0.00468060740077868,1.0,0,0,0,0,none,nan,nan,nan,nan,nan,3,2
996,231.9032927570006,491.0,68.0,219.0,473.0,600.5,304.5,103587.0,0.6575539708137512,TRACKING,0.04571474600379588,0.0,8.163408982089654,0,0,0,0.436981201171875,0.0002975485352536779,1.0,0,0,0,0,none,nan,nan,nan,nan,nan,3,2
997,232.02541689500504,491.0,68.0,219.0,473.0,600.5,304.5,103587.0,0.7138671875,TRACKING,0.06160856500355294,0.0,8.188389423585233,0,0,0,0.0,0.0,1.0,0,0,0,0,none,nan,nan,nan,nan,nan,3,2
998,232.14325448700401,491.0,68.0,219.0,473.0,600.5,304.5,103587.0,0.7147791981697083,TRACKING,0.04472253900166834,0.0,8.486256236538477,0,0,0,0.0,0.0,1.0,0,0,0,0,none,nan,nan,nan,nan,nan,3,2
999,232.31430755300244,491.0,68.0,219.0,473.0,600.5,304.5,103587.0,0.7143887281417847,TRACKING,0.09483045000524726,0.0,5.84613899881355,0,0,0,0.0,0.0,1.0,0,0,0,0,none,nan,nan,nan,nan,nan,3,2
1000,232.4302184900007,491.0,68.0,219.0,473.0,600.5,304.5,103587.0,0.7915651798248291,TRACKING,0.04230030200415058,0.0,8.627313572790786,0,0,0,0.0,0.0,1.0,0,0,0,0,none,nan,nan,nan,nan,nan,3,2
1001,232.54390464100288,491.0,68.0,219.0,473.0,600.5,304.5,103587.0,0.7816040515899658,TRACKING,0.037903283002378885,0.0,8.79614615487145,0,0,0,0.0,0.0,1.0,0,0,0,0,none,nan,nan,nan,nan,nan,3,2
1002,232.66387191200192,491.0,68.0,219.0,473.0,600.5,304.5,103587.0,0.7524433135986328,TRACKING,0.04259140099748038,0.0,8.335606800691453,0,0,0,0.0,0.0,1.0,0,0,0,0,none,nan,nan,nan,nan,nan,3,2
1003,232.77725519300293,491.0,68.0,219.0,473.0,600.5,304.5,103587.0,0.75901198387146,TRACKING,0.03966894499899354,0.0,8.819642465551206,0,0,0,0.0,0.0,1.0,0,0,0,0,none,nan,nan,nan,nan,nan,3,2
1004,232.89408005500445,491.0,68.0,219.0,473.0,600.5,304.5,103587.0,0.7472767233848572,TRACKING,0.04098636799608357,0.0,8.559821795355274,0,0,0,0.0,0.0,1.0,0,0,0,0,none,nan,nan,nan,nan,nan,3,2
1005,233.0192181090024,491.0,61.563018798828125,219.0,473.0,600.5,298.0630187988281,103587.0,0.7908955216407776,TRACKING,0.04724285200063605,0.0,7.991174291526322,0,0,0,6.436981201171875,0.004383058865525003,1.0,0,0,0,0,none,nan,nan,nan,nan,nan,3,2
1006,233.13867599500372,491.0,62.0,219.0,473.0,600.5,298.5,103587.0,0.7548991441726685,TRACKING,0.04134642699500546,0.0,8.371150984447214,0,0,0,0.436981201171875,0.0002975485352536779,1.0,0,0,0,0,none,nan,nan,nan,nan,nan,3,2
1007,233.26252891900367,484.56298828125,62.0,219.0,473.0,594.06298828125,298.5,103587.0,0.6680057048797607,TRACKING,0.04606741000316106,0.0,8.074092784441813,0,0,0,6.43701171875,0.004383079645505116,1.0,0,0,0,0,none,nan,nan,nan,nan,nan,3,2
1008,233.38593631300319,485.0,55.563018798828125,219.0,473.0,594.5,292.0630187988281,103587.0,0.6217029094696045,TRACKING,0.0451816630011308,0.0,8.103242176914755,0,0,0,6.451798681496885,0.004393148360347739,1.0,0,0,0,0,none,nan,nan,nan,nan,nan,3,2
1009,233.4875178910006,478.56298828125,56.0,219.0,473.0,588.06298828125,292.5,103587.0,0.6333615183830261,TRACKING,0.045123692994820885,0.0,9.84430464375519,0,0,0,6.451827061964885,0.004393167685130272,1.0,0,0,0,0,none,nan,nan,nan,nan,nan,3,2
1010,233.604031132003,479.0,49.563018798828125,219.0,473.0,588.5,286.0630187988281,103587.0,0.6546900868415833,TRACKING,0.04209706699475646,0.0,8.582715504235694,0,0,0,6.451798681496885,0.004393148360347739,1.0,0,0,0,0,none,nan,nan,nan,nan,nan,3,2
1011,233.72769186500227,472.56298828125,56.436981201171875,219.0,473.0,582.06298828125,292.9369812011719,103587.0,0.6282610893249512,TRACKING,0.0480389610020211,0.0,8.086641375527899,0,0,0,9.417349891352677,0.0064124467108168165,1.0,0,0,0,0,none,nan,nan,nan,nan,nan,3,2
1012,233.8586154030054,473.0,49.563018798828125,219.0,473.0,582.5,286.0630187988281,103587.0,0.6764380931854248,TRACKING,0.056182307002018206,0.0,7.638045956077,0,0,0,6.8878398900642495,0.004690056837352066,1.0,0,0,0,0,none,nan,nan,nan,nan,nan,3,2
1013,233.99633444700157,466.56298828125,50.0,219.0,473.0,576.06298828125,286.5,103587.0,0.6619359254837036,TRACKING,0.057362487001228146,0.0,7.261159901950095,0,0,0,6.451827061964885,0.004393167685130272,1.0,0,0,0,0,none,nan,nan,nan,nan,nan,3,2
1014,234.15237043199886,467.0,50.0,219.0,473.0,576.5,286.5,103587.0,0.6464643478393555,TRACKING,0.062180086999433115,0.0,6.408778077809286,0,0,0,0.43701171875,0.00029756931523379195,1.0,0,0,0,0,none,nan,nan,nan,nan,nan,3,2
1015,234.2787034590001,467.0,50.0,219.0,473.0,576.5,286.5,103587.0,0.6563164591789246,TRACKING,0.051568774004408624,0.0,7.915586475975158,0,0,0,0.0,0.0,1.0,0,0,0,0,none,nan,nan,nan,nan,nan,3,2
1016,234.4083749410056,467.0,50.0,219.0,473.0,576.5,286.5,103587.0,0.6320615410804749,TRACKING,0.056614972003444564,0.0,7.711795874728572,0,0,0,0.0,0.0,1.0,0,0,0,0,none,nan,nan,nan,nan,nan,3,2
1017,234.53913769499923,467.0,50.0,219.0,473.0,576.5,286.5,103587.0,0.6064701676368713,TRACKING,0.04667664199951105,0.0,7.6474375879906535,0,0,0,0.0,0.0,1.0,0,0,0,0,none,nan,nan,nan,nan,nan,3,2
1018,234.6895136680032,467.0,50.0,219.0,473.0,576.5,286.5,103587.0,0.5986207723617554,TRACKING,0.05713789899891708,0.0,6.649998533832054,0,0,0,0.0,0.0,1.0,0,0,0,0,none,nan,nan,nan,nan,nan,3,2
1019,234.8163154549984,467.0,43.563018798828125,219.0,473.0,576.5,280.0630187988281,103587.0,0.5658313035964966,TRACKING,0.050432552001439035,0.0,7.886324189089227,0,0,0,6.436981201171875,0.004383058865525003,1.0,0,0,0,0,none,nan,nan,nan,nan,nan,3,2
1020,234.95255233200442,467.0,44.0,219.0,473.0,576.5,280.5,103587.0,0.5208907723426819,TRACKING,0.05558896099682897,0.0,7.34015651251213,0,0,0,0.436981201171875,0.0002975485352536779,1.0,0,0,0,0,none,nan,nan,nan,nan,nan,3,2
1021,235.0593914150013,467.0,44.0,219.0,473.0,576.5,280.5,103587.0,0.4948885142803192,LOW_CONFIDENCE,0.04728993600292597,0.0,9.359870676062968,1,0,0,0.0,0.0,1.0,0,0,0,0,none,nan,nan,nan,nan,nan,3,2
1022,235.1873645290034,473.43701171875,44.0,219.0,473.0,582.93701171875,280.5,103587.0,0.5059486031532288,TRACKING,0.04941133400279796,0.0,7.8141413358409,0,0,0,6.43701171875,0.004383079645505116,1.0,0,0,0,0,none,nan,nan,nan,nan,nan,3,2
1023,235.33177579400217,479.43701171875,50.436981201171875,219.0,473.0,588.93701171875,286.9369812011719,103587.0,0.4658896028995514,LOW_CONFIDENCE,0.06308015800459543,0.0,6.924667545904036,1,0,0,8.799700391731534,0.0059918778089519675,1.0,0,0,0,0,none,nan,nan,nan,nan,nan,3,2
1024,235.50099220799893,479.0,50.0,219.0,473.0,588.5,286.5,103587.0,0.4424816071987152,LOW_CONFIDENCE,0.08718164599849842,0.0,5.909592198420661,1,0,0,0.6180063207625338,0.0004208118679413843,1.0,0,0,0,0,none,nan,nan,nan,nan,nan,3,2
1025,235.63901203899877,485.43701171875,56.436981201171875,219.0,473.0,594.93701171875,292.9369812011719,103587.0,0.507206916809082,TRACKING,0.058723661000840366,0.0,7.245335635870875,0,0,0,9.103287694649936,0.006198595985987357,1.0,0,0,0,0,none,nan,nan,nan,nan,nan,3,2
1026,235.7703918890038,491.43701171875,56.0,219.0,473.0,600.93701171875,292.5,103587.0,0.42861586809158325,LOW_CONFIDENCE,0.04832026900112396,0.0,7.61151729098256,1,0,0,6.015891668753487,0.004096331259747595,1.0,0,0,0,0,none,nan,nan,nan,nan,nan,3,2
1027,235.92846260400256,497.43701171875,56.0,219.0,473.0,606.93701171875,292.5,103587.0,0.41138505935668945,LOW_CONFIDENCE,0.07414335499925073,0.0,6.326282512278512,1,0,0,6.0,0.004085510330271325,1.0,0,0,0,0,none,nan,nan,nan,nan,nan,3,2
1028,236.06815554300556,503.43701171875,56.0,219.0,473.0,612.93701171875,292.5,103587.0,0.386592835187912,LOW_CONFIDENCE,0.05660981599794468,0.0,7.158557956737795,1,0,0,6.0,0.004085510330271325,1.0,0,0,0,0,none,nan,nan,nan,nan,nan,3,2
1029,236.20666694700049,509.43701171875,62.436981201171875,219.0,473.0,618.93701171875,298.9369812011719,103587.0,0.39249756932258606,LOW_CONFIDENCE,0.0542877369953203,0.0,7.219622147766504,1,0,0,8.799700391731534,0.0059918778089519675,1.0,0,0,0,0,none,nan,nan,nan,nan,nan,3,2
1030,236.34268970500125,515.43701171875,68.43698120117188,219.0,473.0,624.93701171875,304.9369812011719,103587.0,0.4119075834751129,LOW_CONFIDENCE,0.05296984500455437,0.0,7.351710954091885,1,0,0,8.48528137423857,0.005777784118285089,1.0,0,0,0,0,none,nan,nan,nan,nan,nan,3,2
1031,236.49138413200126,527.8739624023438,68.0,219.0,473.0,637.3739624023438,304.5,103587.0,0.37159034609794617,LOW_CONFIDENCE,0.06769520100351656,0.0,6.725201610951676,1,0,0,12.44462514004824,0.008473774094336885,1.0,0,0,0,0,none,nan,nan,nan,nan,nan,3,2
1032,236.6279020580041,540.8739624023438,74.43698120117188,219.0,473.0,650.3739624023438,310.9369812011719,103587.0,0.37789857387542725,LOW_CONFIDENCE,0.05228399699990405,0.0,7.325045356894043,1,0,0,14.506368497464832,0.009877653058519181,1.0,0,0,0,0,none,nan,nan,nan,nan,nan,3,2
1033,236.7415528440033,611.806884765625,112.62191772460938,219.0,473.0,721.306884765625,349.1219177246094,103587.0,0.3718702495098114,LOW_CONFIDENCE,0.054627430996333715,0.0,8.798883273953397,1,0,0,80.55786027628984,0.054853328390556025,1.0,0,0,0,0,none,nan,nan,nan,nan,nan,3,2
1034,236.86969236699952,747.1767578125,113.0,219.0,473.0,856.6767578125,349.5,103587.0,0.3995954096317291,LOW_CONFIDENCE,0.045160412999393884,0.0,7.803993464448894,1,0,0,135.37040102967126,0.09217619530328232,1.0,0,0,0,0,none,nan,nan,nan,nan,nan,3,2
1035,237.0181547050015,759.8739624023438,119.43698120117188,219.0,473.0,869.3739624023438,355.9369812011719,103587.0,0.5120134949684143,TRACKING,0.06355475100281183,0.0,6.735715020105558,0,0,0,14.235650016089512,0.009693315866476808,1.0,0,0,0,0,none,nan,nan,nan,nan,nan,3,2
1036,237.15971242199885,779.3109741210938,125.43698120117188,219.0,473.0,888.8109741210938,361.9369812011719,103587.0,0.47444266080856323,LOW_CONFIDENCE,0.054220963997067884,0.0,7.064256341593787,1,0,0,20.34201132029045,0.013851249564590476,1.0,0,0,0,0,none,nan,nan,nan,nan,nan,3,2
1037,237.29999120700086,817.6219482421875,79.94110107421875,219.0,473.0,927.1219482421875,316.44110107421875,103587.0,0.46595707535743713,LOW_CONFIDENCE,0.0549464479991002,0.0,7.128661685982442,1,0,0,59.47777607336376,0.04049951142821538,1.0,0,0,0,0,none,nan,nan,nan,nan,nan,3,2
1038,237.43645236000157,830.8739624023438,67.12603759765625,219.0,473.0,940.3739624023438,303.62603759765625,103587.0,0.4707522392272949,LOW_CONFIDENCE,0.04689404200325953,0.0,7.328092852878064,1,0,0,18.434796749877876,0.01255259209301305,1.0,0,0,0,0,none,nan,nan,nan,nan,nan,3,2
1039,237.59313054600352,843.8739624023438,73.43698120117188,219.0,473.0,953.3739624023438,309.9369812011719,103587.0,0.4473770558834076,LOW_CONFIDENCE,0.06533661099820165,0.0,6.382509432343854,1,0,0,14.450882643172866,0.009839871720036888,1.0,0,0,0,0,none,nan,nan,nan,nan,nan,3,2
1040,237.73527796200506,856.8739624023438,85.87396240234375,219.0,473.0,966.3739624023438,322.37396240234375,103587.0,0.4608718454837799,LOW_CONFIDENCE,0.0561852229948272,0.0,7.034950251851227,1,0,0,17.99106726679389,0.012250448528515454,1.0,0,0,0,0,none,nan,nan,nan,nan,nan,3,2
1041,237.87558705999982,869.8739624023438,105.31097412109375,219.0,473.0,979.3739624023438,341.81097412109375,103587.0,0.4421451985836029,LOW_CONFIDENCE,0.054067836004833225,0.0,7.12712157865452,1,0,0,23.38369997572721,0.01592239130179981,1.0,0,0,0,0,none,nan,nan,nan,nan,nan,3,2
1042,238.00918107000325,882.8739624023438,111.43698120117188,219.0,473.0,992.3739624023438,347.9369812011719,103587.0,0.45935001969337463,LOW_CONFIDENCE,0.04675549700186821,0.0,7.485365548756924,1,0,0,14.371080778604208,0.009785533163025193,1.0,0,0,0,0,none,nan,nan,nan,nan,nan,3,2
1043,238.15276388100028,889.43701171875,104.56301879882812,219.0,473.0,998.93701171875,341.0630187988281,103587.0,0.4680279791355133,LOW_CONFIDENCE,0.058371986997372005,0.0,6.964621970109455,1,0,0,9.503945256493012,0.006471411087289225,1.0,0,0,0,0,none,nan,nan,nan,nan,nan,3,2
1044,238.29364648000046,901.8739624023438,124.31097412109375,219.0,473.0,1011.3739624023438,360.81097412109375,103587.0,0.4962632358074188,LOW_CONFIDENCE,0.05366605699964566,0.0,7.098108688346467,1,0,0,23.337940819968292,0.01589123305120688,1.0,0,0,0,0,none,nan,nan,nan,nan,nan,3,2
1045,238.4060887520027,914.8739624023438,143.31097412109375,219.0,473.0,1024.3739624023438,379.81097412109375,103587.0,0.47316494584083557,LOW_CONFIDENCE,0.05368855699634878,0.0,8.893452455142468,1,0,0,23.021728866442675,0.015675918517426182,1.0,0,0,0,0,none,nan,nan,nan,nan,nan,3,2
1046,238.54183155699866,927.8740234375,155.87396240234375,219.0,473.0,1037.3740234375,392.37396240234375,103587.0,0.4803997576236725,LOW_CONFIDENCE,0.05241222800395917,0.0,7.366872962656714,1,0,0,18.078447429815775,0.01230994728829657,1.0,0,0,0,0,none,nan,nan,nan,nan,nan,3,2
1047,238.69134646900056,934.43701171875,175.31097412109375,219.0,473.0,1043.93701171875,411.81097412109375,103587.0,0.45928362011909485,LOW_CONFIDENCE,0.06853547900391277,0.0,6.688296081044134,1,0,0,20.51512222080701,0.013969123959980973,1.0,0,0,0,0,none,nan,nan,nan,nan,nan,3,2
1048,238.83178952800517,934.0,207.1849365234375,219.0,473.0,1043.5,443.6849365234375,103587.0,0.4579695165157318,LOW_CONFIDENCE,0.055623180996917654,0.0,7.1203234042856645,1,0,0,31.876958111908166,0.021705606943971185,1.0,0,0,0,0,none,nan,nan,nan,nan,nan,3,2
1049,239.00823484099965,940.43701171875,226.31097412109375,219.0,473.0,1049.93701171875,462.81097412109375,103587.0,0.4325409233570099,LOW_CONFIDENCE,0.09385563799878582,0.0,5.6674783989944695,1,0,0,20.18019905883699,0.013741068620301698,1.0,0,0,0,0,none,nan,nan,nan,nan,nan,3,2
1050,239.1482733599987,946.43701171875,219.56301879882812,219.0,473.0,1055.93701171875,456.0630187988281,103587.0,0.4292650520801544,LOW_CONFIDENCE,0.057376288998057134,0.0,7.140892428366023,1,0,0,9.029667825080443,0.006148466863047459,1.0,0,0,0,0,none,nan,nan,nan,nan,nan,3,2
1051,239.29412903000048,946.0,220.0,219.0,473.0,1055.5,456.5,103587.0,0.43804553151130676,LOW_CONFIDENCE,0.05125246500392677,0.0,6.856092738718332,1,0,0,0.6180063207625338,0.0004208118679413843,1.0,0,0,0,0,none,nan,nan,nan,nan,nan,3,2
1052,239.4302555930044,946.0,213.56301879882812,219.0,473.0,1055.5,450.0630187988281,103587.0,0.443512886762619,LOW_CONFIDENCE,0.05342115600069519,0.0,7.346104815495502,1,0,0,6.436981201171875,0.004383058865525003,1.0,0,0,0,0,none,nan,nan,nan,nan,nan,3,2
1053,239.56706164900243,952.43701171875,220.43698120117188,219.0,473.0,1061.93701171875,456.9369812011719,103587.0,0.41511785984039307,LOW_CONFIDENCE,0.052341915004944894,0.0,7.3096179310545795,1,0,0,9.417349891352677,0.0064124467108168165,1.0,0,0,0,0,none,nan,nan,nan,nan,nan,3,2
1054,239.69084681100503,952.0,220.0,219.0,473.0,1061.5,456.5,103587.0,0.434305876493454,LOW_CONFIDENCE,0.04255483700399054,0.0,8.078512673263344,1,0,0,0.6180063207625338,0.0004208118679413843,1.0,0,0,0,0,none,nan,nan,nan,nan,nan,3,2
1055,239.82335241400142,952.0,226.43698120117188,219.0,473.0,1061.5,462.9369812011719,103587.0,0.4193246066570282,LOW_CONFIDENCE,0.050422760999936145,0.0,7.546850679418079,1,0,0,6.436981201171875,0.004383058865525003,1.0,0,0,0,0,none,nan,nan,nan,nan,nan,3,2
1056,239.9621499700006,952.0,219.56301879882812,219.0,473.0,1061.5,456.0630187988281,103587.0,0.43187159299850464,LOW_CONFIDENCE,0.05439940500218654,0.0,7.2047378125724,1,0,0,6.87396240234375,0.00468060740077868,1.0,0,0,0,0,none,nan,nan,nan,nan,nan,3,2
1057,240.07509371000197,952.0,232.87396240234375,219.0,473.0,1061.5,469.37396240234375,103587.0,0.4050409495830536,LOW_CONFIDENCE,0.054401541005063336,0.0,8.853965699984755,1,0,0,13.310943603515625,0.009063666266303682,1.0,0,0,0,0,none,nan,nan,nan,nan,nan,3,2
1058,240.20282843300083,945.56298828125,233.0,219.0,473.0,1055.06298828125,469.5,103587.0,0.4210118353366852,LOW_CONFIDENCE,0.048206307998043485,0.0,7.828724848832803,1,0,0,6.438245517479726,0.004383919761747745,1.0,0,0,0,0,none,nan,nan,nan,nan,nan,3,2
1059,240.338893224005,946.0,233.0,219.0,473.0,1055.5,469.5,103587.0,0.42013227939605713,LOW_CONFIDENCE,0.05446779199701268,0.0,7.34943987066667,1,0,0,0.43701171875,0.00029756931523379195,1.0,0,0,0,0,none,nan,nan,nan,nan,nan,3,2
1060,240.47663544600073,946.0,239.43698120117188,219.0,473.0,1055.5,475.9369812011719,103587.0,0.39470604062080383,LOW_CONFIDENCE,0.05563333699683426,0.0,7.259938060466705,1,0,0,6.436981201171875,0.004383058865525003,1.0,0,0,0,0,none,nan,nan,nan,nan,nan,3,2
1061,240.61104978599906,939.56298828125,232.56301879882812,219.0,473.0,1049.06298828125,469.0630187988281,103587.0,0.4788585901260376,LOW_CONFIDENCE,0.05431273699650774,0.0,7.43968240302655,1,0,0,9.417349891352677,0.0064124467108168165,1.0,0,0,0,0,none,nan,nan,nan,nan,nan,3,2
1062,240.74407420100033,933.56298828125,233.0,219.0,473.0,1043.06298828125,469.5,103587.0,0.42524629831314087,LOW_CONFIDENCE,0.046632110002974514,0.0,7.5174170094296535,1,0,0,6.015891668753487,0.004096331259747595,1.0,0,0,0,0,none,nan,nan,nan,nan,nan,3,2
1063,240.88536014200508,927.56298828125,233.0,219.0,473.0,1037.06298828125,469.5,103587.0,0.4401208162307739,LOW_CONFIDENCE,0.060668596997857094,0.0,7.077845062916474,1,0,0,6.0,0.004085510330271325,1.0,0,0,0,0,none,nan,nan,nan,nan,nan,3,2
1064,241.02756287200464,928.0,239.43698120117188,219.0,473.0,1037.5,475.9369812011719,103587.0,0.43485769629478455,LOW_CONFIDENCE,0.06046937399514718,0.0,7.032213797886584,1,0,0,6.451798681496885,0.004393148360347739,1.0,0,0,0,0,none,nan,nan,nan,nan,nan,3,2
1065,241.16442262700002,928.0,264.7479553222656,219.0,473.0,1037.5,501.2479553222656,103587.0,0.40851059556007385,LOW_CONFIDENCE,0.05508337799983565,0.0,7.306749891768567,1,0,0,25.31097412109375,0.017234707706826446,1.0,0,0,0,0,none,nan,nan,nan,nan,nan,3,2
1066,241.29778121699928,928.0,258.5630187988281,219.0,473.0,1037.5,495.0630187988281,103587.0,0.45563480257987976,LOW_CONFIDENCE,0.046826644997054245,0.0,7.4985795816042975,1,0,0,6.1849365234375,0.0042114370097627194,1.0,0,0,0,0,none,nan,nan,nan,nan,nan,3,2
1067,241.44386038100492,921.56298828125,252.56301879882812,219.0,473.0,1031.06298828125,489.0630187988281,103587.0,0.4605783522129059,LOW_CONFIDENCE,0.06571526499465108,0.0,6.845603250860482,1,0,0,8.7997227153658,0.005991893009525034,1.0,0,0,0,0,none,nan,nan,nan,nan,nan,3,2
1068,241.58481746100006,922.0,246.56301879882812,219.0,473.0,1031.5,483.0630187988281,103587.0,0.4800664782524109,LOW_CONFIDENCE,0.0566658070019912,0.0,7.094358084280206,1,0,0,6.015893885560551,0.004096332769212288,1.0,0,0,0,0,none,nan,nan,nan,nan,nan,3,2
1069,241.69937779700558,915.56298828125,234.12603759765625,219.0,473.0,1025.06298828125,470.62603759765625,103587.0,0.48628950119018555,LOW_CONFIDENCE,0.05550593900261447,0.0,8.729024677020627,1,0,0,14.004057314422397,0.0095356201372974,1.0,0,0,0,0,none,nan,nan,nan,nan,nan,3,2
1070,241.82860119600082,909.56298828125,221.12603759765625,219.0,473.0,1019.06298828125,457.62603759765625,103587.0,0.5040071606636047,TRACKING,0.04901684699871112,0.0,7.738536579097897,0,0,0,14.317821063276353,0.009749267643498651,1.0,0,0,0,0,none,nan,nan,nan,nan,nan,3,2
1071,241.96395498300262,903.56298828125,208.12603759765625,219.0,473.0,1013.06298828125,444.62603759765625,103587.0,0.5225403308868408,TRACKING,0.05125767400022596,0.0,7.388045965693363,0,0,0,14.317821063276353,0.009749267643498651,1.0,0,0,0,0,none,nan,nan,nan,nan,nan,3,2
1072,242.10474325700488,891.1260375976562,188.68902587890625,219.0,473.0,1000.6260375976562,425.18902587890625,103587.0,0.5055532455444336,TRACKING,0.05575985000177752,0.0,7.102864262573012,0,0,0,23.075423438389336,0.01571248013882078,1.0,0,0,0,0,none,nan,nan,nan,nan,nan,3,2
1073,242.24840377800138,878.1260375976562,176.12603759765625,219.0,473.0,987.6260375976562,412.62603759765625,103587.0,0.4948003590106964,LOW_CONFIDENCE,0.05933883100078674,0.0,6.960854611020281,1,0,0,18.078403539992816,0.012309917402909055,1.0,0,0,0,0,none,nan,nan,nan,nan,nan,3,2
1074,242.4420022580016,871.56298828125,156.68902587890625,219.0,473.0,981.06298828125,393.18902587890625,103587.0,0.5071340203285217,TRACKING,0.10106948500470025,0.0,5.165329810434821,0,0,0,20.515141746632057,0.013969137255474296,1.0,0,0,0,0,none,nan,nan,nan,nan,nan,3,2
1075,242.57973807300004,865.56298828125,131.25204467773438,219.0,473.0,975.06298828125,367.7520446777344,103587.0,0.5225886702537537,TRACKING,0.04825839299883228,0.0,7.260275767862207,0,0,0,26.13503419987759,0.017795825367599043,1.0,0,0,0,0,none,nan,nan,nan,nan,nan,3,2
1076,242.7283645819989,853.1260375976562,111.68902587890625,219.0,473.0,962.6260375976562,348.18902587890625,103587.0,0.4545648992061615,LOW_CONFIDENCE,0.061654971999814734,0.0,6.728274832908008,1,0,0,23.181661865134814,0.015784819837144182,1.0,0,0,0,0,none,nan,nan,nan,nan,nan,3,2
1077,242.8706236670041,833.6890258789062,92.68902587890625,219.0,473.0,943.1890258789062,329.18902587890625,103587.0,0.47123801708221436,LOW_CONFIDENCE,0.05269702600344317,0.0,7.029428032405765,1,0,0,27.18082825365748,0.018507925769274722,1.0,0,0,0,0,none,nan,nan,nan,nan,nan,3,2
1078,243.0102897300021,814.6890258789062,73.68902587890625,219.0,473.0,924.1890258789062,310.18902587890625,103587.0,0.5032360553741455,TRACKING,0.05105095099861501,0.0,7.159935481350942,0,0,0,26.870057685088806,0.018296316374569452,1.0,0,0,0,0,none,nan,nan,nan,nan,nan,3,2
1079,243.14531804199942,795.6890258789062,54.68902587890625,219.0,473.0,905.1890258789062,291.18902587890625,103587.0,0.4886881411075592,LOW_CONFIDENCE,0.04592131300159963,0.0,7.405854262771018,1,0,0,26.870057685088806,0.018296316374569452,1.0,0,0,0,0,none,nan,nan,nan,nan,nan,3,2
1080,243.30196706000424,783.1260375976562,42.12603759765625,219.0,473.0,892.6260375976562,278.62603759765625,103587.0,0.5122295022010803,TRACKING,0.06517025299399393,0.0,6.383697853561914,0,0,0,17.76674841127801,0.012097705694934659,1.0,0,0,0,0,none,nan,nan,nan,nan,nan,3,2
1081,243.42241340300097,776.56298828125,22.68902587890625,219.0,473.0,886.06298828125,259.18902587890625,103587.0,0.4864068031311035,LOW_CONFIDENCE,0.061671585994190536,0.0,8.302452155207042,1,0,0,20.515141746632057,0.013969137255474296,1.0,0,0,0,0,none,nan,nan,nan,nan,nan,3,2
1082,243.55656315500528,764.1260375976562,3.6890411376953125,219.0,473.0,873.6260375976562,240.1890411376953,103587.0,0.5047734379768372,TRACKING,0.05185956099739997,0.0,7.454355934760951,0,0,0,22.70852620652409,0.015462653066998545,1.0,0,0,0,0,none,nan,nan,nan,nan,nan,3,2
1083,243.69049555800302,757.56298828125,-2.436981201171875,219.0,473.0,867.06298828125,234.06301879882812,103587.0,0.50423663854599,TRACKING,0.05216389000270283,0.0,7.466453058539159,0,0,0,8.977848630149673,0.006113182220348124,1.0,0,0,0,0,none,nan,nan,nan,nan,nan,3,2
1084,243.8490560220016,745.1260375976562,-14.873977661132812,219.0,473.0,854.6260375976562,221.6260223388672,103587.0,0.4772658944129944,LOW_CONFIDENCE,0.0789388190023601,0.0,6.306742392031192,1,0,0,17.588536700113057,0.011976358063778034,1.0,0,0,0,0,none,nan,nan,nan,nan,nan,3,2
1085,243.98543436099862,738.56298828125,-27.873977661132812,219.0,473.0,848.06298828125,208.6260223388672,103587.0,0.5234082937240601,TRACKING,0.050508492000517435,0.0,7.332542743623348,0,0,0,14.562747554276307,0.009916042595021553,1.0,0,0,0,0,none,nan,nan,nan,nan,nan,3,2
1086,244.1160549769993,732.56298828125,-34.436981201171875,219.0,473.0,842.06298828125,202.06301879882812,103587.0,0.4971187114715576,LOW_CONFIDENCE,0.05026275799900759,0.0,7.6557593327754185,1,0,0,8.892300909582698,0.006054931204330202,1.0,0,0,0,0,none,nan,nan,nan,nan,nan,3,2
1087,244.25023379100458,726.56298828125,-34.0,219.0,473.0,836.06298828125,202.5,103587.0,0.5014352202415466,TRACKING,0.0527644759931718,0.0,7.452741384050688,0,0,0,6.015891668753487,0.004096331259747595,1.0,0,0,0,0,none,nan,nan,nan,nan,nan,3,2
1088,244.38918317299976,720.56298828125,-34.0,219.0,473.0,830.06298828125,202.5,103587.0,0.4763011038303375,LOW_CONFIDENCE,0.06089829000120517,0.0,7.196865402644401,1,0,0,6.0,0.004085510330271325,1.0,0,0,0,0,none,nan,nan,nan,nan,nan,3,2
1089,244.53802984300273,714.56298828125,-40.436981201171875,219.0,473.0,824.06298828125,196.06301879882812,103587.0,0.5077466368675232,TRACKING,0.0652348899966455,0.0,6.718322955965779,0,0,0,8.799700391731534,0.0059918778089519675,1.0,0,0,0,0,none,nan,nan,nan,nan,nan,3,2
1090,244.68020657000307,708.56298828125,-33.563018798828125,219.0,473.0,818.06298828125,202.93698120117188,103587.0,0.5260083079338074,TRACKING,0.060683894000248984,0.0,7.033499934188656,0,0,0,9.124218273848749,0.006212848002243243,1.0,0,0,0,0,none,nan,nan,nan,nan,nan,3,2
1091,244.80799748300342,702.56298828125,-34.0,219.0,473.0,812.06298828125,202.5,103587.0,0.540144681930542,TRACKING,0.050116338999941945,0.0,7.825282537868971,0,0,0,6.015891668753487,0.004096331259747595,1.0,0,0,0,0,none,nan,nan,nan,nan,nan,3,2
1092,244.94743131200084,703.0,-27.563018798828125,219.0,473.0,812.5,208.93698120117188,103587.0,0.5437172055244446,TRACKING,0.06062688000383787,0.0,7.171860711208485,0,0,0,6.451798681496885,0.004393148360347739,1.0,0,0,0,0,none,nan,nan,nan,nan,nan,3,2
1093,245.3880358430033,696.56298828125,-34.436981201171875,219.0,473.0,806.06298828125,202.06301879882812,103587.0,0.5344462394714355,TRACKING,0.049087665996921714,0.0,2.269608979564507,0,0,0,9.417349891352677,0.0064124467108168165,1.0,0,0,0,0,none,nan,nan,nan,nan,nan,3,2
1094,245.52699870100332,697.0,-27.563018798828125,219.0,473.0,806.5,208.93698120117188,103587.0,0.5400059819221497,TRACKING,0.05996106599923223,0.0,7.19616748239233,0,0,0,6.8878398900642495,0.004690056837352066,1.0,0,0,0,0,none,nan,nan,nan,nan,nan,3,2
1095,245.6587434920002,690.56298828125,-28.0,219.0,473.0,800.06298828125,208.5,103587.0,0.5466317534446716,TRACKING,0.05197562299872516,0.0,7.5904329304647975,0,0,0,6.451827061964885,0.004393167685130272,1.0,0,0,0,0,none,nan,nan,nan,nan,nan,3,2
1096,245.7894745090016,691.0,-21.563018798828125,219.0,473.0,800.5,214.93698120117188,103587.0,0.5643829107284546,TRACKING,0.0495958090032218,0.0,7.6492941226751014,0,0,0,6.451798681496885,0.004393148360347739,1.0,0,0,0,0,none,nan,nan,nan,nan,nan,3,2
1097,245.91416569799912,691.0,-28.436981201171875,219.0,473.0,800.5,208.06301879882812,103587.0,0.5921262502670288,TRACKING,0.048056891006126534,0.0,8.019812851570467,0,0,0,6.87396240234375,0.00468060740077868,1.0,0,0,0,0,none,nan,nan,nan,nan,nan,3,2
1098,246.04810346600425,684.56298828125,-21.563018798828125,219.0,473.0,794.06298828125,214.93698120117188,103587.0,0.6166383028030396,TRACKING,0.053799822002474684,0.0,7.466153982510226,0,0,0,9.417349891352677,0.0064124467108168165,1.0,0,0,0,0,none,nan,nan,nan,nan,nan,3,2
1099,246.22730031100218,678.56298828125,-22.0,219.0,473.0,788.06298828125,214.5,103587.0,0.6321876049041748,TRACKING,0.09962977500254055,0.0,5.580455392568654,0,0,0,6.015891668753487,0.004096331259747595,1.0,0,0,0,0,none,nan,nan,nan,nan,nan,3,2
1100,246.35398972200346,679.0,-22.0,219.0,473.0,788.5,214.5,103587.0,0.7180017828941345,TRACKING,0.04942136899626348,0.0,7.893319513419294,0,0,0,0.43701171875,0.00029756931523379195,1.0,0,0,0,0,none,nan,nan,nan,nan,nan,3,2
1101,246.48372827700223,672.56298828125,-22.0,219.0,473.0,782.06298828125,214.5,103587.0,0.7199783325195312,TRACKING,0.051007699003093876,0.0,7.707808985613464,0,0,0,6.43701171875,0.004383079645505116,1.0,0,0,0,0,none,nan,nan,nan,nan,nan,3,2
1102,246.60802580000018,673.0,-22.0,219.0,473.0,782.5,214.5,103587.0,0.7132060527801514,TRACKING,0.044637640996370465,0.0,8.045212614707523,0,0,0,0.43701171875,0.00029756931523379195,1.0,0,0,0,0,none,nan,nan,nan,nan,nan,3,2
1103,246.74173647100542,666.56298828125,-22.0,219.0,473.0,776.06298828125,214.5,103587.0,0.7305888533592224,TRACKING,0.056080836002365686,0.0,7.478834654571144,0,0,0,6.43701171875,0.004383079645505116,1.0,0,0,0,0,none,nan,nan,nan,nan,nan,3,2
1104,246.87542625499918,660.56298828125,-15.563018798828125,219.0,473.0,770.06298828125,220.93698120117188,103587.0,0.7260518074035645,TRACKING,0.05392229100107215,0.0,7.480003109636868,0,0,0,8.799700391731534,0.0059918778089519675,1.0,0,0,0,0,none,nan,nan,nan,nan,nan,3,2
1105,246.97587377599848,661.0,-16.0,219.0,473.0,770.5,220.5,103587.0,0.6839510798454285,TRACKING,0.04411781099770451,0.0,9.955447282835458,0,0,0,0.6180063207625338,0.0004208118679413843,1.0,0,0,0,0,none,nan,nan,nan,nan,nan,3,2
1106,247.1118275300032,654.56298828125,-9.563018798828125,219.0,473.0,764.06298828125,226.93698120117188,103587.0,0.6777889132499695,TRACKING,0.05786779199843295,0.0,7.3554423511188896,0,0,0,9.103287694649936,0.006198595985987357,1.0,0,0,0,0,none,nan,nan,nan,nan,nan,3,2
1107,247.24428847300442,648.56298828125,-10.0,219.0,473.0,758.06298828125,226.5,103587.0,0.6615443229675293,TRACKING,0.053234895996865816,0.0,7.549395145034527,0,0,0,6.015891668753487,0.004096331259747595,1.0,0,0,0,0,none,nan,nan,nan,nan,nan,3,2
1108,247.3766917030007,642.56298828125,-10.0,219.0,473.0,752.06298828125,226.5,103587.0,0.6757642030715942,TRACKING,0.05349569700047141,0.0,7.552685837257627,0,0,0,6.0,0.004085510330271325,1.0,0,0,0,0,none,nan,nan,nan,nan,nan,3,2
1109,247.49841455300339,643.0,-10.0,219.0,473.0,752.5,226.5,103587.0,0.6809797883033752,TRACKING,0.04396474699751707,0.0,8.215384375060538,0,0,0,0.43701171875,0.00029756931523379195,1.0,0,0,0,0,none,nan,nan,nan,nan,nan,3,2
1110,247.65398105599888,636.56298828125,-3.563018798828125,219.0,473.0,746.06298828125,232.93698120117188,103587.0,0.6207171082496643,TRACKING,0.07199602900072932,0.0,6.42811904069695,0,0,0,9.103287694649936,0.006198595985987357,1.0,0,0,0,0,none,nan,nan,nan,nan,nan,3,2
1111,247.81083906000276,630.56298828125,-4.0,219.0,473.0,740.06298828125,232.5,103587.0,0.6004869937896729,TRACKING,0.061277218999748584,0.0,6.375192686853689,0,0,0,6.015891668753487,0.004096331259747595,1.0,0,0,0,0,none,nan,nan,nan,nan,nan,3,2
1112,247.9553084959989,624.56298828125,-4.0,219.0,473.0,734.06298828125,232.5,103587.0,0.6379655599594116,TRACKING,0.06432442200457444,0.0,6.921879310352514,0,0,0,6.0,0.004085510330271325,1.0,0,0,0,0,none,nan,nan,nan,nan,nan,3,2
1113,248.08348756700434,618.56298828125,-4.0,219.0,473.0,728.06298828125,232.5,103587.0,0.6117785573005676,TRACKING,0.04824922799889464,0.0,7.801585642305113,0,0,0,6.0,0.004085510330271325,1.0,0,0,0,0,none,nan,nan,nan,nan,nan,3,2
1114,248.23722232100408,612.56298828125,-4.0,219.0,473.0,722.06298828125,232.5,103587.0,0.59593266248703,TRACKING,0.07539216400618898,0.0,6.504710054056312,0,0,0,6.0,0.004085510330271325,1.0,0,0,0,0,none,nan,nan,nan,nan,nan,3,2
1115,248.36982301899843,606.56298828125,-4.0,219.0,473.0,716.06298828125,232.5,103587.0,0.608921468257904,TRACKING,0.05465084600291448,0.0,7.541438432266923,0,0,0,6.0,0.004085510330271325,1.0,0,0,0,0,none,nan,nan,nan,nan,nan,3,2
1116,248.5026794600053,600.56298828125,2.436981201171875,219.0,473.0,710.06298828125,238.93698120117188,103587.0,0.6244254112243652,TRACKING,0.05197321400191868,0.0,7.5269214832288025,0,0,0,8.799700391731534,0.0059918778089519675,1.0,0,0,0,0,none,nan,nan,nan,nan,nan,3,2
1117,248.60957391700504,594.56298828125,2.0,219.0,473.0,704.06298828125,238.5,103587.0,0.6387200951576233,TRACKING,0.04991874199913582,0.0,9.355022028902457,0,0,0,6.015891668753487,0.004096331259747595,1.0,0,0,0,0,none,nan,nan,nan,nan,nan,3,2
1118,248.73617486200237,588.56298828125,2.0,219.0,473.0,698.06298828125,238.5,103587.0,0.6182690858840942,TRACKING,0.04987035300291609,0.0,7.898835194484906,0,0,0,6.0,0.004085510330271325,1.0,0,0,0,0,none,nan,nan,nan,nan,nan,3,2
1119,248.8656930510042,582.56298828125,2.0,219.0,473.0,692.06298828125,238.5,103587.0,0.5694589614868164,TRACKING,0.05039106799813453,0.0,7.720923274999489,0,0,0,6.0,0.004085510330271325,1.0,0,0,0,0,none,nan,nan,nan,nan,nan,3,2
1120,248.98663274999853,583.0,2.0,219.0,473.0,692.5,238.5,103587.0,0.5946168303489685,TRACKING,0.04217270799563266,0.0,8.268583503311408,0,0,0,0.43701171875,0.00029756931523379195,1.0,0,0,0,0,none,nan,nan,nan,nan,nan,3,2
